gene	cat_CKD12	cat_CKD34	cat_med_CKD12	cat_med_CKD34	mouse_5D	mouse_2W	mouse_3W	IRI_2h	IRI_4h	IRI_24h	IRI_48h	IRI_72h	IRI_7d	IRI_14d	IRI_28d	IRI_12mo
AADAT	-1.075931681	-1.654916025	-2.296489396	-1.906838674	-1.005895373	-3.424193351	-2.40344895	-0.8338323865	-0.5212089868	-3.443947915	-2.783505444	-2.138676705	-2.047996744	-2.206279143	-1.682174162	-0.8928203803
AAK1	-0.4713087864	-0.2979501933	-0.4591910124	-1.377149349	0.1521071141	0.6836657557	0.2733525389	0.08807756204	0.2125301685	0.4479032037	-0.75257225	-0.3801855845	-0.9928352726	0.1722685794	0.4678299451	-0.2664517868
AASS	-0.8849719556	-1.812749571	-1.174530664	-2.200679292	-0.4858147696	-1.859177659	-1.342055503	-0.6529427668	-0.4385086788	-0.5383226671	-0.2735438486	-0.2954435595	-1.155520712	-0.9838359886	-0.5956246654	-0.2938170102
ABAT	-0.8995653978	-1.845549648	-1.543907436	-1.793787346	-0.5328945067	-2.309877316	-1.784299619	-0.04902485288	-0.3049286665	-1.884445704	-1.404096312	-0.932753712	-1.367305386	-0.6535345377	-0.5985293751	-0.4335303895
ABCB7	-0.5874179419	-0.7205962324	-0.6860719433	-0.9567071722	0.1453421203	-0.003694951933	-0.1391245706	-0.7872998661	-0.2578482902	0.1983953242	0.120600951	-0.004167062682	-0.2953985626	-1.128480053	0.02713648686	-0.201293622
ABCD3	-0.71144586	-0.8257863267	-0.9579909922	-0.4403636591	-0.05463203611	-0.5946035185	-0.3278869565	-0.6472499498	-0.217463755	-0.188257871	0.2152256815	-0.1842375583	-0.459843944	-0.6245695174	-0.3537824776	-0.2428567898
ABCE1	-0.05817839307	0.07678374359	-0.2996275452	-0.3078705889	0.3949510972	0.4974751799	0.2219349576	-0.972620398	-0.02552578126	0.6924053785	0.153120702	-0.05069623298	-0.1155811392	-1.598248358	-0.04669363293	-0.06221678452
ABHD11	-0.3530680266	-0.3876706869	-0.4292733143	0.1206132446	0.03132659951	0.1602508069	0.1958350011	-0.07802395695	-0.04134557963	0.2758791961	0.2696735162	-0.01029625533	0.03428776998	-0.2145731712	-0.3056094911	0.06685627376
ABHD14B	-0.4654768504	-1.014722247	-0.70462099	-0.3557278087	-0.8029805412	-1.228649063	-0.7385263533	-0.03803046024	-0.1523746068	-1.355970523	-1.372430793	-1.145328011	-0.7449915457	-0.4113637959	-0.5375198587	-0.3127079379
ABHD5	-0.4073435234	-0.2074436707	-1.041689574	0.1270747614	0.1200692012	0.0654304174	-0.0003626113457	-0.3513662572	0.01318969902	0.1358834399	-0.1010633628	-0.1150921414	-0.2957739088	-0.2779441945	-0.03465301588	0.1063860533
ABI1	-0.06994197984	0.07370805375	0.01392636841	-0.108577781	0.2251202219	1.058178221	0.6537113539	-0.1673542258	-0.01421274558	0.5264898099	0.530872301	0.6079140691	0.2851579767	0.2741135502	0.4295561773	0.04632556756
ABLIM1	-0.1990127315	-0.1546293678	-0.1714315146	-0.4254482537	-0.04716143301	0.5756218398	0.253022823	-0.1080880677	-0.04954540707	0.09594443113	-0.09512364495	-0.01750400768	-0.279135248	0.06382348478	-0.04075756728	-0.05217552517
ABRACL	-0.3103489483	-0.4327323451	-1.031207979	0.1910457798	0.7410949277	1.253903618	1.122683926	-0.1853092513	0.1256133222	1.01223685	1.030577884	0.7799621082	0.7584992813	0.04783252119	0.3944383307	0.2813450513
ACACA	-0.2475992306	-0.239442237	-1.109317631	-0.6026196774	-0.1934779413	0.5888014367	-0.1031873593	-0.1533892069	-0.377441013	0.6855418092	-0.3192644476	-0.3672989208	-0.2880340058	0.1579694214	0.2240660405	-0.02390457871
ACACB	0.2269311933	-0.3195950107	-1.357484065	-0.9869444909	-0.3110505923	0.228201238	-0.2504390949	0.1160613014	-0.2425280118	-0.4271624343	-0.6476300949	-0.8415444911	-0.9746988523	-0.2104717318	-0.6489303375	-0.1753353581
ACAD8	-0.5389471881	-0.8774392583	-0.7592441402	-0.6172967059	-0.1975474505	-0.8301702583	-0.515306887	-0.4169401878	-0.2927829602	-0.9574599612	-0.6515465961	-0.5738052273	-0.6802067917	-0.4854831734	-0.3239582036	-0.08866604148
ACAD9	-0.5535743118	-1.040687529	-1.428900761	-0.8588048709	-0.2071243722	-0.852807212	-0.8190017003	-0.3218030271	-0.1547498567	-0.6928918247	-0.8289656499	-1.18526519	-0.7632944306	-0.5782305851	-0.3398012508	-0.3267455036
ACADM	-0.9403534199	-1.603856088	-2.373552155	-1.810789297	0.06591110545	-1.861575948	-1.158860152	-1.367620245	-0.2882673084	-2.00268628	-1.41623767	-1.501612031	-1.913842532	-2.258517007	-1.389196415	-0.3530505518
ACADS	-0.328938404	-0.6681629613	-0.8828108522	-0.4461189554	-0.2904803677	-0.6296652472	-0.3962711506	0.02847930637	-0.1757889057	-0.7850257071	-0.7299211899	-0.8517238969	-0.7527355173	-0.4996948624	-0.4652870683	-0.005771201041
ACADSB	-0.781921087	-1.688989729	-1.63678683	-1.973083091	-0.09998614347	-0.664283879	-0.4933719335	-0.6823747691	-0.2552974184	-0.9782445903	-0.7555328232	-0.6420058024	-0.8730423848	-0.9145394738	-0.3510310696	-0.1834913496
ACADVL	-0.4990618832	-0.9939022293	-1.226085096	-0.910281183	0.2028448365	-0.5829610288	-0.2707303456	-0.4965491495	-0.3268004533	-0.2709522322	-0.2824757477	-0.5746664102	-0.9058092713	-0.5804701454	-0.5460617294	-0.04742303412
ACAT1	-0.5712545582	-1.190464563	-1.587177551	-1.099194501	-0.2817976672	-2.405254631	-1.617896331	-0.874856351	-0.3527111325	-1.985048452	-1.258432659	-1.591292391	-1.83529071	-1.528797194	-0.9701774983	-0.5010316094
ACAT2	-0.3304550629	-0.2055784462	-1.516080522	-0.3638572799	-0.06479635403	0.4185859728	0.06583631914	-0.03571068303	-0.2245994231	-0.3527038259	0.2861853812	-0.1509508607	-0.2650481665	0.01360344423	-0.005826108577	0.1095703695
ACBD3	0.0005145605118	0.02024661754	0.1087063568	-0.0151086522	0.2069182758	0.9088137045	0.547443907	-0.3560204717	0.3325075072	0.5613687142	0.2919281713	0.2119495505	0.3222425227	-0.03583269759	0.3526210525	-0.008575389704
ACE	-1.589329272	-2.05174465	-1.538869372	-0.6778458186	-0.645917489	-2.018061106	-2.016464193	0.1967064612	-0.1494006273	-1.850987839	-1.997861936	-2.320297503	-1.740071734	-0.6423328399	-0.9070298056	-0.2624658809
ACE2	-0.6012195147	-0.5905197177	-2.725620828	-1.122840532	0.004767645705	0.05594887673	-0.6186862304	-1.068910632	-0.20689393	-0.6471808554	-0.394478634	-0.1659944606	-0.1865441382	-1.343008676	-0.4149611238	-0.5533790764
ACIN1	0.08100959437	0.0489080971	0.1743472449	0.01503394171	0.1868197877	0.9584453295	0.5923827476	0.1254658781	-0.02716583707	0.4752085398	0.0584574022	0.2112708128	0.4208456011	0.6036493951	0.2230922026	0.06695805272
ACLY	0.1074776097	0.3900427037	0.1457707438	0.1458165957	0.3265484281	0.726351242	0.2012582431	-0.03897842831	-0.2874516192	0.16708541	-0.04638301254	-0.1708155061	-0.05980769079	0.4280703864	0.2751197915	0.03313586518
ACMSD	-0.8606062644	-1.679769008	-3.89783323	-2.745948016	0.6433713803	-1.718283266	-0.9566113401	0.1835235596	0.2238561242	-1.32275138	-0.9073778947	-0.922607181	-0.4862057801	-0.7127588263	-0.5433004904	0.275068833
ACO1	-0.6441017389	-1.142379889	-0.7057771754	-1.043260188	-0.04541519411	-0.2849682638	-0.445226237	0.0164167834	-0.2471739858	-0.3611289521	-0.02103049298	-0.3076158088	-0.5063207013	-0.05180715517	-0.4050813341	-0.2645720265
ACO2	-0.2414441555	-0.3460190369	-0.6972629733	-0.467094642	-0.1911914016	-0.9155831104	-0.758523282	0.02855408514	-0.1395167824	-0.8371510368	-0.3114457659	-0.458523256	-0.8914822254	-0.264162164	-0.4549754722	-0.02244378943
ACOT13	-0.3946229889	-0.7117629475	-1.45216565	-0.4994965406	-0.1538253037	-0.5699346278	-0.1701220076	-0.4898713548	-0.1807737894	-0.8301207447	-0.2563557642	-0.38497024	-0.1302971987	-0.7922455429	-0.3571903383	0.05510996165
ACOT9	-0.09224190318	-0.008132640863	0.24648209	0.4341680904	0.5922462308	0.9814103776	0.8915977173	-0.748658375	0.2590196666	0.5252927892	0.5154381865	0.410717689	0.2695427043	-0.9672755089	0.07366364315	0.03504830786
ACOX1	-0.18403464	-0.4380485271	-0.3111611733	-0.5613263405	-0.1897637368	-1.125141346	-0.8785399354	-0.3433304485	-0.5257712627	-0.8112952414	-0.3531165378	-0.1949049593	-1.209922736	-0.6590773048	-0.7060575922	-0.1953943281
ACOX2	-0.5471391268	0.04173482547	-3.221676302	-1.1041352	-0.5007872168	-2.514563122	-1.458091915	-0.2683550908	-0.2782550969	-1.336271782	-1.177953146	-1.519179934	-1.59331996	-0.9984871185	-1.242548999	-0.2882966402
ACOX3	-0.7977423357	-1.37322439	-2.009675523	-1.439686266	-0.6087837515	-1.505147428	-1.317849096	0.1105943769	-0.3806066063	-1.657227886	-1.026685178	-0.9886818844	-0.9397608918	-0.2873248671	-0.2816787392	-0.2699263124
ACP1	-0.4521353155	-0.8014601756	-0.4576304696	-0.375714432	0.2368793858	0.2336726156	0.2685018942	-0.6194290265	-0.1962951174	0.3445312393	0.2494349967	0.03977784164	-0.1454660129	-0.7359181822	-0.114825824	-0.01881512122
ACSF2	-0.2879216611	-0.2379926621	-0.3475399785	0.3794937328	0.4146178489	0.3714663207	0.5153420529	0.02567232194	-0.2149832129	0.8612165949	1.330097058	0.8273961034	0.5698748679	0.748030785	0.313701954	0.6384843759
ACSF3	-0.2375300503	-0.5280337503	-0.8944021479	-0.2319666612	-0.183610606	-0.8505484956	-0.6801905586	0.2088767946	-0.038051518	-0.5114105763	-0.6258933765	-0.6528663683	-0.4294244488	-0.1827441965	-0.3438194682	0.0102857578
ACSL1	-0.7539236881	-1.498370379	-2.06202851	-1.611827524	1.088899645	0.2024106011	0.324093654	-0.5241559492	-0.08069995568	-0.881422863	-0.04292600041	0.4813692513	-0.6516388505	-0.8282669004	-0.7788632903	-0.3612158955
ACSL3	-0.163920316	-0.4436119284	-0.2217504241	-0.6600389578	-0.1011563188	-0.2206441637	-0.2365683569	-0.8139578701	-0.1974166256	0.1463507165	-0.03234661459	-0.3395482659	-0.3107978407	-0.619497022	-0.07134560785	0.1558120254
ACSL4	-0.5736800398	-0.2089489969	-1.191161194	0.04028440093	0.5587572408	1.9193099	1.319200271	-0.9312788692	0.123821848	1.844400871	1.758841822	1.524595632	0.7567933645	-0.4465993672	0.4500758805	0.0323682262
ACSL5	-0.6638290219	-1.064814291	-2.497295484	-1.834976636	0.6527541485	1.467015372	1.057658662	-0.3141978964	-0.06303327961	1.145983892	1.053691481	0.7116486997	0.6829506777	0.2194490193	0.2858205656	0.5435254622
ACSM5	-1.22100685	-2.630444756	-2.999018233	-2.897563793	-0.6791417204	-2.191615974	-1.586733355	-0.4865504176	-0.4320697726	-2.02579558	-1.680025038	-1.392252835	-1.537679681	-0.7008514877	-0.5129264446	-0.209489876
ACSS1	-0.06745147071	0.1615604681	0.1843020387	0.4841337091	0.006174030734	-1.133684948	-0.5528985191	0.0730006164	-0.1807617283	-0.9868543904	-0.2554115577	-0.03366915384	-0.5232579764	-0.1035102301	-0.2417227509	-0.1509444832
ACSS2	-0.1504647714	-0.4871994243	-0.7319384546	-0.4247289281	-0.7671046746	-1.751588114	-1.536452288	-0.0001132650157	-0.3249647419	-1.794650993	-1.589287763	-1.64751369	-1.126734279	-0.4999089129	-0.6418701406	-0.5356345525
ACSS3	-0.4223243492	-0.3880775552	-0.5332877477	-0.01639679647	0.07736061745	-0.3088849475	-0.305037495	-0.874410301	-0.5446645484	-0.5983793221	-1.232817957	-0.7527610809	-0.78917859	-0.769167014	0.01112610604	-0.2860651874
ACTG1	0.4444314509	0.7203201576	0.611016071	1.014459089	0.5125655479	1.670861182	1.112144799	1.036138904	1.087474993	1.394618311	1.206745089	0.7075086968	0.9361708409	0.6471986201	0.3283124162	0.3714958774
ACTN1	0.7687844001	1.274453804	0.8525902377	0.8078567726	1.395465776	2.987839164	1.667463904	0.1474286624	0.4244692911	2.810408076	1.97505109	1.988705587	2.468028052	2.18715422	1.73315077	0.712326945
ACTN4	-0.03682871597	-0.07643639438	0.1350940202	-0.1154714612	0.3447136521	0.9286776946	0.5225146787	0.3845002329	0.5446720933	0.8106039377	0.4183528668	0.3803259392	0.2873965258	0.4903589397	0.2697484411	0.1251991661
ACTR10	-0.1683998357	-0.1668879439	-0.2686426746	0.03381676057	0.03535420044	0.2205384514	0.3161053946	-0.01529713878	-0.1689344659	-0.08185175567	-0.01343768041	-0.1160644775	-0.01850349245	0.04584127268	0.06798956129	-0.01540364233
ACTR1A	0.2159481765	0.253109414	0.05115037022	0.4669824585	0.2605363268	0.9918445024	0.6154080196	0.163306998	-0.1620028496	0.5849649172	0.697704694	0.4753311929	0.4442072924	0.6143623754	0.286810884	0.1533646395
ACTR2	0.03963179967	0.1680971882	-0.01322774317	-0.0006999556852	0.3178927105	0.9495253819	0.551018652	-0.9566024733	-0.3087197537	0.3651650024	0.4832447859	0.3749159443	0.3240078062	-0.8762013527	0.3764692265	0.03761114857
ACTR3	0.1135486155	0.1725286485	0.1063239962	0.1556015238	0.2992890882	1.146068616	0.6285839615	-0.006807793032	0.2233019839	0.6092648997	0.6552348588	0.4905872875	0.628777202	0.5950493949	0.5396853384	0.2598550203
ADA	-0.6090311169	-1.158924616	-0.1238729671	-0.5223150359	0.4381919114	0.6284852198	0.471601866	0.389942817	0.4014053506	0.8063724377	0.8551865716	0.7556770498	0.5058082571	0.3986077335	0.1179901159	0.4424706482
ADAM10	-0.2309710663	-0.04460671147	-0.173161294	-0.3284013696	0.4410572419	1.637658783	0.918608352	-0.6894901498	-0.3870626894	0.6506085039	0.6357235942	0.60017005	0.5437360449	0.01052918242	0.6509433819	0.06642664981
ADD1	-0.04325540025	0.05780994402	0.0705661355	-0.04856986563	0.1263875079	1.112722129	0.4621664088	0.2095119109	-0.1167416441	0.3788309649	0.2017956889	0.136852288	0.5424021973	0.8340935752	0.4854645516	0.002324548587
ADD3	-0.4551953829	-0.5469737075	-0.5378634556	-0.8493867464	0.03095148514	-0.402163475	-0.3576940635	0.2926447807	0.02561351445	-0.2476732393	-0.3391253208	-0.2551456563	0.005072663329	0.4307060399	0.2733874452	-0.1681492524
ADH5	-0.3239868733	-0.5374524057	-0.6740863037	-0.2881231294	-0.1827704709	-0.3386402637	-0.1177133304	-0.3213233327	-0.3819137979	-0.9052929372	-0.274442754	-0.3678314608	-0.4622341943	-0.5613200636	-0.2295888458	-0.1380652294
ADK	-0.5975388423	-1.029496889	-1.674184466	-1.222169424	-0.06650373258	-0.7583454317	-0.4638439825	-0.2684093583	-0.4175999328	-0.6351595181	-0.4822583626	-0.4071628547	-0.7781320714	-0.6387552831	-0.378487932	-0.3365634972
ADSL	-0.1141212358	-0.2030655015	0.002051650264	-0.0565451198	0.2316658445	0.2426811037	0.03857831907	-0.02312866381	-0.03597753359	0.5710066579	-0.1539011561	-0.2080971086	0.2455595396	0.1493123885	0.08088237046	0.007398032823
AEBP1	0.7232100608	1.225649275	0.951693951	0.4680575156	0.1654306117	1.929217937	1.01534243	0.6151044066	0.4051867199	1.537545477	1.249304171	1.232797533	1.794296309	2.082579781	1.595814807	1.065007756
AFAP1L2	-0.1038248098	-0.02872274435	0.1666417606	-0.1823414427	0.2450209513	1.938646902	0.8573830179	-0.3705434894	-0.1249520309	0.9985297044	0.9697672366	0.9409378297	1.448790499	1.478335463	1.050096921	0.451683183
AFG3L2	-0.3785297468	-0.6113814398	-0.7401250942	-0.4876055827	-0.06572297976	-0.2489641425	-0.2108295652	-0.3404662407	-0.1657710672	-0.06210038782	-0.1570604971	-0.3797787182	-0.3518349658	-0.2865909651	-0.2065626039	-0.01712791711
AFMID	-0.4447305277	-1.104455271	-2.430640296	-1.066311482	-0.3061193403	-0.5889926427	-0.7517387889	0.144213416	-0.03467716169	-1.064954994	-0.6325038567	-0.6346716502	-0.8613518626	-0.4509436554	-0.4352376535	-0.3409409664
AGK	0.06857462766	0.07268160505	-0.05886684672	0.1175955632	0.07376105288	0.1004850354	-0.05815679905	-0.09629525614	-0.3296183825	0.1896685536	0.1590731781	-0.2428147611	0.07049049261	0.2362045785	0.06309517183	-0.08982917354
AGL	-0.5668343283	-0.8548162166	-0.6816330859	-1.305343841	0.005465228491	-0.07438339999	-0.2137684976	-0.3846017411	-0.4415068791	0.3647382247	-0.05571854985	-0.1716975954	-0.2918244731	-0.2441723444	-0.03994618513	-0.1120668376
AGPAT2	-0.08158556526	-0.2863238431	-1.732715088	-0.3364825963	0.03358017679	0.9981071727	0.5329802167	-0.1213315039	-0.2176394405	0.5404563528	-0.008144592885	-0.04377909547	0.4662273408	0.3160354908	0.1712454375	0.1188463377
AGPAT5	-0.7476871662	-1.074715311	-0.9294261702	-1.117729845	0.1643324584	0.1805594527	0.2006328654	-0.1507863505	-0.08495302299	0.5724447594	0.1767215399	0.09545287869	0.09689653379	-0.1121667315	-0.03148383917	0.06796858946
AGPS	-0.8986324788	-1.377396868	-1.362306128	-1.359163941	-0.6541692037	-1.58297238	-1.593717454	-0.6323896978	-0.3191064503	-1.668103891	-2.094955855	-2.005340458	-1.840910283	-1.237190741	-0.3248919678	-0.4682054668
AGRN	0.1023281033	0.3695012414	0.1333934375	0.5398087538	0.4520959236	2.605606866	1.468185634	0.4977650279	0.01256566019	1.575488453	0.9041714901	0.9934797172	1.586081653	1.752660263	1.180069317	0.04056168655
AGT	2.060770289	3.759550992	0.8301562558	3.807193781	0.8192747934	1.056950497	0.6539789697	-0.1944786241	-0.4677387127	-1.338308861	-0.5868338321	-0.102645013	0.2405760566	0.05965827394	-0.4606418404	-0.2637219321
AGXT2	-0.6146253726	-1.159307448	-3.378911833	-2.60298588	-0.1048378358	-2.226444555	-1.755860886	-0.5571583325	-0.003300845301	-1.607877966	-1.238296977	-1.414399434	-0.8367163787	-1.025964796	-0.5390525343	-0.07470897954
AHCY	-0.4907810132	-1.07277765	-1.078809278	-0.6160595169	-0.2537104384	-1.674009607	-1.17423631	0.145225886	-0.2026059028	-1.236354528	-0.6108590263	-0.4371044566	-1.432121214	-0.706239296	-0.5714088466	-0.2971332951
AHCYL1	-0.1095889693	-0.00527293636	0.02422333648	-0.09785307174	0.007166822315	0.009514739121	-0.08227807148	-0.3756349717	-0.3134449984	-0.1398669809	-0.1549865427	-0.3892649264	-0.4484344243	-0.2642610873	-0.1736462307	-0.1684216156
AHCYL2	-0.6731132618	-0.5324038016	-2.102031833	-1.225901282	-0.02186790732	-0.3686436444	-0.4795508271	-0.00661866747	-0.1974768796	-0.7767667862	-0.6656961086	-0.929664781	-0.8611255912	-0.3144668254	-0.1343975153	-0.08903892772
AHSA1	-0.09004551374	-0.2078255051	-0.2828763248	0.06504963326	0.2152241394	0.3122081853	0.1088880075	-0.01637478668	0.308757098	0.2698865216	0.1380040012	0.02971412348	0.3733280676	-0.004819011888	0.07740470422	0.0807846063
AIF1L	-0.467359694	-1.054636941	0.3705926833	-0.3842425012	-0.005084303897	0.8949008948	0.8561309242	0.4339632111	-0.008728027848	0.531902185	0.8330692357	0.4993858171	0.1686822637	0.3197188773	0.1576901677	0.3125665925
AIFM1	-0.727072215	-1.459854394	-1.711572453	-1.254331197	-0.05700181491	-0.8377909375	-0.5869827859	-0.9982140926	-0.345261454	-0.705241651	-0.3153377157	-0.4636783921	-0.5798469252	-1.208806456	-0.4053848768	-0.1747950136
AIMP1	-0.0766564825	-0.01419080639	-0.244701158	0.03284735405	0.2849727111	0.6078887508	0.6176797852	-0.6526176478	-0.2283825015	0.3754128938	0.4377307883	0.5995399226	0.6023387432	-0.188522615	0.2709330435	0.1570134463
AIMP2	0.06587900347	0.1426163406	-0.1056158946	0.4212439854	0.4892351367	0.9154802032	0.6984329564	0.01565537026	0.07445827649	1.090649527	0.5603728386	0.462498714	0.7261499672	0.3575082833	0.08665223166	0.1957820546
AIP	0.09690774547	-0.2703041648	0.2146005247	0.0359228285	0.1257081166	0.5618115179	0.3016365807	0.1414230748	-0.09312092337	0.3265658915	0.3610405637	0.07785416389	0.4239984449	0.3118142307	0.2614443582	0.2650505494
AK1	0.1363443273	0.5301860381	-0.05547914885	0.1346079448	-0.6708866675	0.4337687376	0.3008108257	0.5884394042	-0.4601410863	0.1237660727	0.4431604992	-0.1374368391	0.7502513915	1.141611616	0.5624015959	0.2715273571
AK2	-0.4032579414	-0.6201728087	-0.8535427031	-0.4984036674	0.09168612795	-0.0422807142	-0.002691785997	-0.3146286809	-0.1988593537	-0.05726936807	-0.1943307315	-0.3117836953	-0.2462025589	-0.3107119653	-0.3560046351	-0.03417443695
AK3	-0.1110577887	0.1843082907	-0.3885569344	0.07486627228	-0.2527674122	-0.4337833337	-0.3842964528	-0.07028771939	-0.3373381276	-0.7090428769	-0.4989214801	-0.5071415628	-0.5206340053	-0.1125703003	-0.1238315677	-0.1829671982
AK4	-0.6125595492	-1.577485982	-0.9370593438	-1.23634805	-1.441569292	-2.781278285	-1.792791787	-0.2627213234	-0.4336673745	-1.636505202	-1.723149297	-2.371318113	-1.095045912	-0.07117331962	-0.02094642191	-0.2326441326
AKAP12	0.2640542684	0.4734147792	0.7554700659	-0.2719039198	1.829560386	2.931519936	2.212656688	1.459558116	3.342989859	2.783326109	3.032054044	3.595480534	3.104550029	1.976625304	2.301463082	0.310676485
AKR1A1	-0.3828612763	-1.067181506	-0.936638428	-0.4935118747	-0.1204507327	-0.9614720346	-0.4463528748	0.009647016847	-0.0756709432	-1.157683011	-0.4169914235	-0.4176104048	-0.2240006306	-0.2360025108	-0.2384609414	0.1601954555
ALAD	-0.3408110408	-0.4494066714	-0.7266581963	-0.3959606127	-0.1184822447	-0.1843242683	-0.1666910635	0.1583431708	-0.02026620865	-0.06075845642	-0.136894374	-0.596015589	-0.04023723412	0.08821904774	-0.1013043569	-0.004991344368
ALDH16A1	-0.266666286	-0.8923531188	-0.5451878297	-0.586061212	0.00547127947	-0.2997953883	-0.1882747838	0.4135919145	-0.1164844027	-0.6474030432	-0.4440463605	-0.5235005642	-0.1758541528	0.04984008227	-0.1434687051	-0.1062436087
ALDH18A1	-0.3814233129	-0.7085860374	-0.6177299672	-0.4527620737	0.7726398118	1.797282969	0.9372449337	0.1809954146	0.1784177032	1.881395183	1.271630094	0.9937951627	1.78898208	1.684358545	1.163143685	0.8728644821
ALDH1A1	-0.4720993277	-0.8299696208	0.02215016605	0.06341517967	0.3710916999	1.672449352	2.134316684	-1.991197219	-1.419927997	0.7274791423	1.762942359	1.319033532	0.04369642259	-0.04717733771	0.4080312896	1.1725866
ALDH1A2	-0.2844420982	-0.3840988708	0.3961912602	-1.266192545	1.949017352	3.828887616	2.708740964	0.3896191313	0.5813079947	4.527022167	4.194280653	3.371204471	4.615687529	4.063739584	3.493512251	2.261550505
ALDH1B1	-0.5797460784	-0.4494057661	-0.7096805353	-0.3604908806	0.08297623884	0.5375970837	0.2458817236	-0.2135700863	-0.402524595	-0.4822224191	0.05886852812	0.007813558048	0.0183554929	0.3912670503	-0.01888042806	0.1234725106
ALDH1L1	-0.3691123232	-0.8656892101	-1.632729001	-1.24847458	-0.7304381492	-1.449722482	-0.7809602899	0.1299314542	-0.4017678301	-1.267236052	-0.4256513821	-0.3133252311	-0.9835678817	-0.3314464682	-0.6745213666	-0.06354693238
ALDH2	-0.652465819	-1.340290761	-0.9558679091	-0.5834509231	-0.1808464714	-0.8257307289	-0.6123020537	0.01880492381	-0.07586263018	-0.4124475464	-0.3358438426	-0.1659595558	-0.2466251661	-0.1180153488	-0.3442259995	-0.0644606958
ALDH3A2	-0.364307449	-0.7123858871	-0.5801991293	-0.6336990015	-0.18952232	-0.5709348724	-0.460682225	-0.4568505031	-0.2839788056	-0.4870428603	-0.7008146644	-0.7663275216	-0.7732396955	-0.4432899957	-0.2631726632	-0.1906538449
ALDH4A1	-0.5538990742	-1.714264305	-2.377023128	-1.686622039	-0.241749145	-1.443451679	-1.039707338	0.4510173509	-0.05641747448	-1.602368957	-0.722461625	-0.8794172028	-0.8633546897	-0.1003561021	-0.5115476964	-0.1540087285
ALDH5A1	-0.5676796393	-1.119333205	-1.344895684	-1.0273053	-0.3765928957	-1.421254742	-0.942149622	-0.3543249585	-0.5279229694	-0.9139747006	-0.6802900991	-0.8022316287	-1.096129253	-0.4368872059	-0.5453901462	-0.2606756989
ALDH6A1	-0.7765252763	-1.478435224	-1.681894014	-1.887391994	-0.4050505478	-1.785924433	-1.264121782	-0.5302872179	-0.4417397687	-1.677414958	-1.302389787	-0.9185373892	-1.361750555	-0.9816054816	-0.4837517608	-0.3093762378
ALDH7A1	-0.5717933314	-1.205395835	-1.285771253	-0.8164940433	-0.1086156842	-1.258311707	-0.9576431156	-0.04527182752	-0.08260520513	-0.8943473527	-0.5970679853	-0.3704372974	-0.2851502569	-0.3494182833	-0.4879424813	-0.01309750497
ALDH8A1	-0.9469205133	-1.461089422	-3.877686409	-2.74594827	0.01228184394	-1.89430646	-1.159910595	-0.2869279513	-0.4660755882	-1.14137955	-0.9519702578	-0.8217314179	-1.144991089	-0.9201120993	-0.622972865	-0.3302673681
ALDH9A1	-0.5139584502	-1.145657865	-0.6010953688	-0.6633857542	-0.07300822423	-1.268000262	-0.7792344945	-0.1646763349	-0.1292811274	-1.129132995	-0.5217664793	-0.5557206578	-0.8370296445	-0.365929251	-0.4751834226	-0.1374338177
ALDOA	-0.09271227171	-0.04403826622	-0.07331697377	0.1723974349	0.0003927307787	0.4119139636	0.451008469	0.1351327762	-0.08373800465	0.296198796	0.1329225867	0.05208378201	0.1904593786	0.1323210227	-0.2390397022	0.1917898282
ALDOB	-0.8068702035	-1.479846374	-4.032419994	-2.393734145	-0.1378222024	-1.064837549	-0.4987947526	-0.4448699287	-0.3421411738	-1.689685422	-0.2525032485	-0.2569573375	-0.7689733814	-0.7803531788	-0.5064830873	-0.1520618081
ALDOC	0.1990160723	0.1926423387	0.0123256518	-0.09547175183	-0.2713455718	-0.4733035241	0.01535167539	0.4687111083	-0.005254323139	-1.56619657	-0.6103197383	-0.8102336192	-0.6866741718	0.1620217611	-0.01743031178	0.09318965834
ALG2	-0.1187517579	-0.03006494178	-0.3402921991	-0.5395604298	0.1540945321	0.3578201656	0.2001632618	0.2489005933	-0.009293660235	0.4094261619	-0.05921651851	-0.05082632232	0.4197014611	0.5510317952	0.2185039972	0.06039954658
ALPL	-0.848321852	-1.92653355	-2.113193298	-2.706507049	-0.1103283577	-0.3164696799	-0.1902419245	0.5884050534	0.3048891771	0.7061541523	1.117456902	0.8595511049	0.795618244	0.3750833482	-0.03737672558	-0.192679687
ALYREF	0.3605656193	0.3513092617	0.2489663235	0.6427647874	0.3059288924	0.7875645814	0.6098731905	0.07918449528	0.3131496058	0.7258159076	0.8008369674	0.5099695965	0.7674526198	0.4869119662	0.3688800443	0.2312108203
AMACR	-0.8719888076	-1.995002157	-1.948942974	-1.53547185	-0.9844413102	-3.012569868	-2.213412942	0.1768305026	0.05838665577	-2.492502679	-2.330897868	-2.380887689	-1.727397166	-0.5926412536	-0.5336474899	-0.1781324936
AMDHD2	-0.5854176084	-1.136110537	-0.8660008713	-0.5660305244	0.1479079627	-0.184615324	-0.2219425422	0.09346981073	0.01594309586	-0.8134453769	-1.402065152	-1.066503339	0.07995742336	0.1794030532	-0.002175284452	0.06846988427
AMN	-0.7748865234	-1.341011644	-2.946284203	-1.55489117	0.2541584916	-0.4542378464	-0.4671911736	0.3821763794	0.3320396944	-0.7476490405	-0.285370295	0.05866206544	0.3282858264	-0.1452041657	-0.3001058072	0.003440064301
AMT	-0.8676592647	-1.720702505	-1.436617893	-1.270599194	-0.02031615278	-0.3119816861	-0.2093868595	0.07581869526	-0.2969772352	-0.7265230772	-0.4662350517	-0.7603772388	-0.5101317878	-0.3118680948	-0.5375778912	0.07234747474
ANK3	-0.7611374314	-1.047729053	-1.179234558	-1.613777839	0.02088785737	0.04023044282	0.04613722181	0.1007512303	0.02352782672	0.1944492632	-0.4326184749	-0.4883025169	-0.4165695053	0.03619068857	0.008237651311	-0.03060286737
ANKFY1	0.01955404986	0.06062474086	0.06179627076	-0.06699221812	0.2318620796	0.8848919197	0.2683758691	-0.2712049975	-0.3967000602	0.3653095671	-0.03997729341	0.004413698342	0.2442251121	0.4616322664	0.4892175274	-0.03171648924
ANKS1A	-0.3666565221	-0.4743241599	-0.4853644094	-0.4397588023	-0.106801225	0.3255510561	0.1539545829	0.3413522092	-0.146338006	0.103097186	-0.3467463561	-0.1724588157	-0.09662436972	0.3912832656	0.2309057194	0.03506527016
ANO10	-0.3025042519	-0.3457820859	-0.6708259421	0.2547319287	0.3155402718	0.9463220143	0.5460078623	-0.005040890499	-0.316086627	0.7374425211	0.5557357099	0.5977090065	0.6423929002	0.5147110364	0.2643417268	0.1943140596
ANO6	-0.1891969597	-0.1278949808	0.06256441501	-0.2203747987	0.3647682934	1.04354863	0.6295147371	0.138950477	0.1448224917	1.014700395	0.5713066518	0.446414216	0.4908573865	0.6775889825	0.4160070726	0.1085394867
ANP32A	-0.07870410988	-0.2818477149	-0.04853935933	0.1246142136	0.3677725244	0.5316669363	0.3462984814	-0.3458080189	-0.2559466385	0.05981853664	0.1273622826	0.1601346209	0.343729065	-0.3096477506	0.1413508406	0.1064137505
ANP32B	0.2192502574	0.1841392494	0.09010940038	0.5225428557	0.4682094162	1.194087918	0.7760352597	-0.01447720331	0.05347217784	0.9775240789	1.050717375	0.8621690749	1.012133418	0.5958728944	0.2172475825	0.2553353163
ANP32E	0.04218557806	0.1141856775	0.3910107334	-0.09065940311	0.2307291085	0.2756263354	0.158760621	-0.4468957908	-0.1892167283	0.1016473361	0.3591672992	-0.06041804397	0.08981086077	-0.4021665976	0.1303190849	-0.01313350271
ANPEP	-0.8724508074	-1.623031637	-2.96521962	-1.932593399	-0.3015968216	-1.161865241	-0.9455950322	0.5584734975	0.361341326	-0.5151970905	0.01034059664	-0.542601092	-0.2180009409	0.1261448396	-0.4152874973	-0.06879091733
ANXA1	0.7385619317	1.4055188	1.090599908	1.18997794	0.5581429152	2.948845329	2.300847822	-0.2066154092	1.196587198	1.793997693	2.639490016	2.367391323	2.341293855	1.463149592	2.250641001	1.582987144
ANXA11	0.08902617427	0.1776778741	0.3840987504	0.6669110126	-0.07480284095	0.4934146071	0.470328406	0.1238832173	0.2054908537	0.2082258621	0.02179639016	0.1037666788	0.008507294635	0.1862459867	-0.0626425298	-0.09083947611
ANXA13	0.1921729429	-0.3611276383	-2.793496773	-2.470284032	-0.766845912	-1.139553181	-1.014417484	-0.5211180522	-0.09732055539	-2.123670702	-1.337580202	-1.072806107	-0.2722747381	-1.095131233	-0.06585457478	-0.08643984156
ANXA2	0.79037101	1.382608231	0.8656777106	1.353922736	1.302103278	3.472345594	2.289017264	0.3289500551	0.9438124914	3.444982134	3.201416335	2.949803664	2.844049941	2.045332149	1.816986165	0.7543931221
ANXA3	0.1933361758	1.346916743	0.2518332546	1.087076119	1.024799208	3.277595782	2.249978817	-0.3788868778	0.4011183725	3.750771359	3.35506997	3.254165229	2.848745995	1.513026255	1.560729793	0.7452342808
ANXA4	-0.0008054463819	0.2640120125	0.1773874961	0.5152087742	0.2905952051	1.571957111	1.048801742	-0.2526646948	-0.2794662217	1.362701805	1.243649495	0.9494433134	0.9523000381	0.6304412004	0.615135564	0.2543578704
ANXA5	0.7700313593	1.359164464	0.8467706322	0.9356018865	0.6491982351	1.730195224	1.109895847	0.07124709495	0.1093489978	1.365674269	1.447081079	1.371012038	1.828853194	1.339759557	1.007867626	0.5703006534
ANXA6	0.5310958475	0.4315827135	0.1348384861	-0.05807843715	0.6979589958	1.960927087	1.339676842	0.4220112135	0.2862690736	1.160590605	1.096955188	0.9492452378	1.504005223	1.635113837	1.042431379	0.5222489732
AOC1	-0.8120350774	-1.879245666	-5.019078406	-2.70071598	2.118705657	5.229080822	2.938929169	0.2047702753	-0.2316169885	1.458559009	1.039053493	1.83416225	5.155701119	5.107414854	4.381847302	1.28046288
AP1B1	0.0870475927	0.3756200646	0.06272402436	0.6402690387	0.06725222858	0.1417005556	0.02658519943	0.4174216624	0.03502703094	0.1657656235	-0.05792012272	-0.06706728279	0.3266894076	0.3869228837	0.05274695351	-0.01082699783
AP1G1	-0.2570038891	-0.3308753776	-0.3126034765	-0.5572979755	0.346325208	0.1769870378	-0.03329944675	-0.1146327315	-0.07576545591	0.03605902305	-0.4323105007	-0.2471989022	-0.1970741954	-0.1089590197	0.08383473536	-0.2680343267
AP1M1	0.0220493243	0.07283136853	-0.1139684244	0.194287189	0.3195758994	0.8575522789	0.4493601084	0.1000452504	-0.03392646913	0.722281353	0.3663306338	0.309190681	0.5474461022	0.403357943	0.2403045423	0.1093795432
AP1S1	-0.1323849484	-0.1511486296	-0.2912267598	0.2238143186	0.226589086	0.8231349908	0.6035951878	0.09896799956	-0.1658723104	0.8999212889	1.009030439	0.6348137288	0.651191567	0.4928164348	0.248668742	0.2092381716
AP2A1	0.2078956536	0.3828306655	0.2483357635	0.353058002	0.2722923178	0.6764446726	0.3128723097	0.2770357669	0.06355247508	0.7317272758	0.2886518416	0.2880181168	0.3870450091	0.4839849762	0.2240213573	0.1301547824
AP2A2	-0.3433959935	-0.7352769083	-0.4941825418	-0.3273551712	0.4506194061	0.6257337565	0.1878212061	0.3543132918	0.01934194677	0.3701673444	0.1043831929	0.1056432174	0.2878493923	0.3967024612	0.08469347416	-0.01942473655
AP2B1	-0.3854278754	-0.3991522657	-0.4009879684	-0.2538745695	0.4835321759	1.438301028	0.8364267277	0.1905681808	0.001987223359	1.011148766	0.7860017257	0.6677678462	0.9286170895	1.044659022	0.6141472317	0.08545368872
AP2M1	-0.1367830501	-0.3366013371	-0.155637515	0.1531039726	0.2429975619	0.8657620514	0.5214224485	-0.01743395743	0.04344208597	0.8719949031	0.7907494498	0.4548475373	0.5470464232	0.3721713596	0.2062756648	0.1206770354
AP2S1	0.05939210451	-0.1164245307	-0.005459597494	0.3792315328	0.1921134493	0.8200501599	0.573528909	0.1432494405	-0.06163817124	0.390273633	0.6983176849	0.5979454209	0.7847046296	0.4027294496	0.1652623266	0.2596383988
AP3B1	-0.15931554	-0.1602801098	-0.0969910567	-0.3256107942	0.1890504186	0.6878012634	0.1213195404	-0.2989945191	-0.07641759446	-0.1161153336	-0.1471935351	0.2594558517	0.1235497233	0.1839458229	0.1799324521	-0.1900795367
AP3D1	-0.1640586126	-0.3378303636	-0.3779769924	-0.1917379334	0.2780169952	0.8195668597	0.3721321793	0.4917452723	0.06344560704	0.2971733814	-0.06124863036	0.1210396071	0.4144367421	0.6148048238	0.3181958052	0.02543150074
AP3M1	-0.1105157026	-0.1497763049	-0.1886147216	-0.3668034332	0.162648959	0.4197096664	0.1007143884	-0.9392574724	-0.7111584125	0.2748155041	0.1107195066	0.047796712	-0.1193060392	-0.8509075751	0.06914459222	-0.06228385537
APBB1	0.09889216602	0.2493449839	0.4355012392	0.3660440744	-0.07262694594	0.550300523	0.4945901027	0.4682822595	-0.3474275209	0.1451169804	0.2855205981	0.3406339045	0.6130679236	0.9675521278	0.6103394352	0.112772343
APEH	-0.03106939066	-0.1435972255	-0.211281155	0.131934098	-0.6760228026	-1.194016101	-1.034106631	0.4129105231	-0.1911381057	-1.322565848	-1.273299654	-1.265842586	-0.4030867661	0.0271893114	-0.1866173667	-0.1415553772
APEX1	-0.2079665059	-0.2399704567	-0.03357980613	0.1248692377	0.8378928949	1.425108619	0.8926042475	0.3284568755	0.2472397938	1.003795578	0.8225485579	0.8774412493	0.9875523396	0.8529352901	0.3453000677	0.3720263756
API5	-0.1594257086	-0.1325147893	-0.2154002554	-0.2762420699	0.3103952823	0.7625146569	0.4631721874	-0.6077563574	-0.01557833956	0.4279627271	0.2566895757	0.279566726	0.03221635797	-0.2859204443	0.2309821415	-0.06805582257
APIP	-0.1737899469	-0.6543169888	-0.1393354394	-0.3781715793	0.1847905932	0.7030277229	0.4386895661	-0.3137183651	-0.2109255427	0.03958584779	-0.06316651975	-0.119597399	0.5608584261	-0.03164191844	0.1918986837	0.1190894826
APMAP	-0.2016107928	-0.3035518768	-0.5787105088	-0.4164527168	0.2741155333	-0.1737766515	-0.1133244732	-0.1616350245	0.01041561143	-0.06815871037	0.6207034009	0.4460037722	0.1017438323	-0.303313772	-0.172589472	0.1436225195
APOA4	0.1583572305	0.7052493938	-0.7438347459	0.7901781213	1.538729297	-1.23497463	-0.9817664386	-0.02867044934	-0.138539686	-1.306616385	-1.625677748	-1.48294268	-1.699912203	-1.188073927	-1.270361442	-0.4635895924
APOB	-0.7161923469	-0.3900590113	-4.096916767	-2.990644571	0.4380648649	-0.9177929386	-0.7389422122	-1.118864402	-0.8550380233	-0.4755535947	-1.255283144	-0.7667778637	-1.750323278	-2.44248758	-0.6715079615	-0.3632940777
APOC3	-0.4983051644	-0.6435197389	-3.746199151	-1.478468278	1.32403962	-0.7172868444	-0.6181299956	-0.4255322102	-0.5446406754	-1.19181715	-0.6641115634	-0.3826892845	-1.289279833	-1.507371073	-1.616097667	-0.1543575675
APOH	-1.14462831	-1.585893176	-3.34021908	-1.952948169	0.1108352144	-1.411674229	-1.105727391	-1.466008587	-1.084865796	-2.370640245	-2.745478749	-2.122031166	-3.094256796	-2.523503846	-1.478226975	0.09234068802
APOO	-0.460568408	-0.8528721706	-0.7579255555	-0.7373962477	-0.1354192291	-0.9536075681	-0.4581359888	-0.5000786822	-0.2524590202	-0.8862436819	-0.396034745	-0.610621867	-0.7147930257	-1.084231703	-0.53219501	-0.08017137909
APPL1	0.01716474716	0.2787192648	0.1178543393	-0.2287368014	0.3876256239	0.979496886	0.5614571043	-0.7587356724	0.09068023159	0.5579721727	0.3011086329	0.2396894263	0.2543038654	-0.7045902502	0.3053721642	-0.02337669544
APRT	0.04062924705	-0.2662405327	-0.03060552612	0.2957105669	-0.06938618633	0.7297744394	0.6875008219	0.02619762343	0.08589430022	0.7352733654	0.5818468123	0.6504612565	0.6218175231	0.3095168417	0.05261084264	0.2444915416
AQP1	0.1659191088	0.3055848777	-0.7108709081	-0.6817591589	-0.4823720607	-1.52315076	-0.8353166459	-0.03353854582	-0.3502205808	-2.090240849	-1.273944983	-1.140478287	-1.02483263	-0.446895808	-0.6433274386	-0.4248800703
ARCN1	-0.1206042229	-0.1736799172	-0.154800264	-0.1607436202	0.2308174951	0.4840169613	0.2501638088	-0.640665192	-0.06233813444	0.2374240134	-0.05480475543	-0.05278095256	-0.1634193932	-0.4619567838	0.07994565732	-0.1137362785
ARF1	0.02388143154	-0.07317619401	0.1016429534	0.157267223	0.200762848	0.5458295129	0.3592635778	0.05836221813	0.06210471106	0.4370883806	0.5645169598	0.2034316601	0.09278766729	0.2315784025	0.03210747542	0.03926783024
ARFGAP3	-0.2073937482	-0.5114763096	-0.5755942686	-0.4861032845	0.03365950815	0.6516305105	0.3613619973	-0.05363104032	0.1546738425	-0.004277536975	-0.1104435654	-0.005659536844	0.08702896795	0.4261077812	0.2225658237	0.1261362775
ARFGEF1	-0.6162954581	-0.5204190511	-0.1308918098	-0.8792289312	0.1967110074	0.6317128091	0.2263431641	-1.01980007	-0.2462972306	0.4208636994	-0.07527450895	0.03852964238	-0.2877686745	-1.454776691	0.1040108892	-0.2227178101
ARFGEF2	-0.3950266705	-0.4544047394	-0.4781066269	-1.029025469	0.1667423335	0.1549068493	0.04003415178	-0.09584570094	-0.1628669782	0.4950483961	0.05256326386	0.01286594939	-0.3619821377	0.1499006849	0.05761455434	-0.1689637914
ARFIP1	-0.05641021424	0.04958385524	0.05990404327	-0.09790921948	0.2247324645	0.7991119022	0.5559197092	0.09133387783	0.02673552188	0.4033371671	0.2756564039	0.1952141922	0.2207135667	0.29822727	0.2982811969	0.03493070489
ARG2	0.5364155269	0.9207227971	-0.3156193074	0.4120537447	2.212045675	2.703287569	2.62221707	-0.7847472141	-0.0143994675	2.917869917	2.869152261	2.247918824	1.550579843	0.7733814393	0.7468240214	0.5084872771
ARHGAP1	-0.02161122605	0.05469161992	0.03192766964	0.269259577	0.05512250898	1.076741062	0.3848274499	0.149943354	-4.8956477e-05	0.9414011022	0.8183989218	0.6496211831	0.8234748816	0.7617900128	0.4210530614	0.05010967634
ARHGAP17	-0.1973504752	-0.3601802793	-0.1468465934	-0.3078080747	0.1228905071	0.8620632622	0.3592249744	0.3330234447	0.3470216451	0.6241804992	0.3151495511	0.3138639856	0.6026980048	0.7598718785	0.4951007236	0.09961143529
ARHGDIA	0.3008061775	0.4075783039	0.35575656	0.5476895601	0.4648245781	1.269895296	0.7909697049	0.2441074188	0.2956524209	1.056225372	0.9128202421	0.6654676298	0.8330340828	0.6489045945	0.2882441496	0.2940907133
ARHGDIB	0.5089012185	0.9294286979	0.3380967132	0.9104131386	0.382361055	2.202438029	1.615927089	0.04730391055	0.2010712573	1.198919904	1.617449776	1.54507191	1.865301422	1.65937365	1.4757971	1.394162177
ARHGEF16	-0.4294738978	-0.8021500849	-0.6459557229	-0.4837796136	-0.03347368542	0.4008774474	0.1905248944	0.2648617186	0.1873387576	0.1807715548	-0.05658300417	-0.03610319032	0.1804757193	0.146457876	-0.06252183467	-0.04422098777
ARL3	0.001100782279	-0.1801125902	0.1301589405	0.1214603811	-0.07591313338	0.1097894535	0.1393282234	-0.195230245	-0.07781745218	-0.3832220494	-0.1812546316	-0.1677987623	0.2407397614	-0.1828703563	-0.009577406467	0.1158867696
ARL6IP5	0.2240288021	0.4825720793	0.201805164	0.57287902	0.4460862812	1.649532114	0.8928021115	-0.030621321	0.4622392381	0.9777912894	0.8606687829	0.855551048	1.141034898	0.791189431	0.6609898039	0.3127506927
ARL8B	-0.05208503801	0.002673212395	-0.06852929738	-0.08012452113	0.1747802912	0.3817960545	0.15517446	-0.2137696194	-0.0006020518463	0.2422145865	0.04224292115	0.01222864635	0.01748100397	-0.06275734723	0.07914534583	-0.08198736125
ARMC10	-0.4638773295	-0.5756577837	-0.3220455784	-0.4632359652	0.2495464346	1.290567229	0.8284913293	-0.612031725	-0.3236190078	0.5538168485	0.5567945043	0.6574012034	0.8590413923	0.1060561757	0.4941098485	0.08531668891
ARPC1A	-0.01906205185	-0.2825390219	-0.06007884225	0.003501915787	0.1126341277	0.7057582506	0.5116466728	0.0330324599	-0.02573995622	0.4010021857	0.4702945358	0.2732802119	0.4816206143	0.4266280608	0.2318676723	0.1061148496
ARPC2	0.1606640171	0.1670421235	0.232735239	0.3964528299	0.29470686	1.136379601	0.836808164	-0.3591441792	0.1011830399	0.7161824966	0.7639382322	0.5658919525	0.5663777172	0.03662993027	0.2332992793	0.2133815477
ARPC3	0.1095054717	0.07442341924	0.09948746798	0.459170144	0.3777654871	1.0462418	0.7558796136	-0.131015388	0.04361581622	0.4489306726	0.6427720712	0.5884041572	0.6406442529	0.2978146254	0.2128049862	0.2638239797
ARPC4	0.3063951872	0.2418244185	0.449114222	0.7669198483	0.2789874154	1.08475644	0.735955958	0.3901106985	0.2584421663	0.699170235	0.7952338205	0.6170507933	0.8640403365	0.7317057639	0.3368603327	0.2678227833
ARPC5	0.4095692103	0.6391946385	0.3771167053	0.6773023567	0.454642291	1.284466977	0.8463654591	-0.4229326148	-0.08281583547	0.7173232422	0.949358932	0.838597278	0.7092741112	0.2716042535	0.3834551298	0.1891505282
ARPC5L	0.4894516479	0.6539613693	0.4532491076	0.728245293	0.1038116007	0.2973544447	0.327232682	-0.2743187166	-0.1254340981	0.2544969896	0.2052015601	-0.02218727413	0.06205509316	-0.3590034835	-0.1697586395	0.1535400415
ARRB1	0.1562290225	0.1096036868	0.5289417959	-0.2577520131	-0.1734123885	0.8299015055	0.1963026183	0.426529117	-0.4198370695	0.7304419355	0.3071891401	0.07154671548	0.2514149543	0.9531015204	0.627399084	-0.05393976466
ART4	-0.3178382068	0.1036954513	0.1892800411	0.0828648632	0.1133510554	2.192775323	1.17233698	0.004626806031	-0.2495872605	-0.05191141215	1.041354261	1.615272869	1.976064345	2.324061636	2.444313636	1.154872603
ASAH1	-0.5103060436	-0.8146447441	-0.6642169338	-0.3446921334	0.1676153239	1.10225043	0.7093541321	-0.3457331869	-0.2741383517	0.0898519851	0.2819870193	0.4086661823	0.5968574306	0.1665100356	0.4906384415	0.03998095203
ASL	-0.5065992032	-1.146715675	-1.310950724	-0.6520375077	-0.2083149181	-0.7113988535	-0.3229155184	0.1277512412	-0.06238492791	-1.665500051	-0.9480193348	-0.1645467838	-0.007554861975	0.06705787925	-0.06275160247	0.0349644395
ASPA	-0.6367177386	-1.002763802	-1.119806663	-0.754630621	-0.638759689	-2.267141136	-1.321776773	-0.4969068735	-0.1206893404	-1.68511304	-0.8747982938	-1.15133636	-1.395980717	-1.212043634	-0.5706795954	-0.2036854024
ASPDH	-0.5472151193	-1.592910739	-3.506383239	-2.563168529	-0.5830122128	-3.553391337	-2.653172962	0.129224759	0.1568476885	-3.167583756	-3.52647587	-2.794767894	-1.299379742	-1.089235617	-1.057153056	-0.3859373878
ASPH	-0.4890272827	-0.4871743254	-0.447843557	-0.3956193583	0.1080409036	0.3000780441	0.1382425157	-0.5145380318	-0.1976108084	-0.06259128394	-0.07046369404	-0.1752789968	-0.264919424	-0.4565728675	0.004463951845	-0.1430066136
ASPN	0.4731269374	0.9040489076	0.6730972898	-0.03741053305	0.3087991272	0.1890810843	0.3772178834	-0.1639494152	-0.2482422152	-0.5962228346	-0.2720910709	-0.1484875157	-0.01565642993	-0.2736319299	0.1212907745	-0.1908348245
ASPSCR1	0.04997824397	-0.3487220211	-0.1777244016	0.2354498297	-0.04829721916	-0.1131489942	0.06674409475	0.1168388607	-0.1404038887	-0.04650481663	-0.008255193635	-0.1733293193	-0.2744928525	-0.1214690439	-0.3318300039	-0.03000900071
ASS1	-0.2164933963	-0.7196976128	-0.9207561318	-0.00250937106	-0.5172781128	-2.706386995	-1.637058334	0.3945801031	0.4536737571	-2.499833695	-1.268293373	-0.3814699792	-0.4396769823	-0.1223959858	-0.3297023181	-0.2234177214
ATAD1	0.06106616227	0.1454107693	-0.02724225639	-0.08343819494	0.2392878045	0.639134686	0.382488357	-0.6354674641	-0.4149836826	0.2945195833	0.1638307042	0.1893168346	0.005091178144	-0.7307774624	0.165161996	-0.08281925959
ATG3	0.01093357164	-0.09538116654	0.1671356496	0.1470141763	0.1817060348	0.5458521236	0.263279997	-0.4412030719	-0.0135552741	-0.1611249811	-0.2658528544	-0.2070162133	-0.07162941455	-0.5047016832	0.004740962193	-0.01312091162
ATG7	0.07615885983	0.08522909203	0.1967223823	0.4465409513	0.1322763093	0.7301682519	0.4662703912	0.2630243424	-0.124959334	0.7184900416	0.6248088006	0.6431891569	0.5506038657	0.6268188916	0.2166556383	0.1772933582
ATIC	-0.1017155699	-0.07870825859	-0.1066419958	0.3100777622	0.2558652036	0.9686719258	0.3350332402	0.03535249787	-0.1923869844	1.19698175	0.5786512288	0.4790402147	0.9415055486	0.923167976	0.3904527167	0.2423636734
ATL3	-0.05422302751	0.1287020066	-0.04697394225	-0.1164652313	0.1741161302	0.9928397955	0.5265505815	-0.4920101341	-0.6888742763	0.4055178127	0.1458516786	0.1895210345	-0.1007412483	0.1786133282	0.4748769105	-0.1329640234
ATOX1	0.0003221023558	0.1103805367	0.160673616	1.174097796	0.2404236621	0.9176758387	0.7743290601	-0.05405965335	0.03716087259	0.587145428	0.7216376809	0.4679344219	0.5673279257	0.1088845159	-0.03525513066	0.4069386601
ATP1A1	-0.2243601038	-0.189894529	-0.7145503424	-0.4979359405	-0.04360885272	-0.0133023047	0.1132227626	0.3171804214	-0.1526175147	-0.3946081103	-0.04016910735	-0.1941504051	-0.5435128994	0.036934348	-0.321560814	-0.08950312322
ATP1B1	-0.2160359175	-0.3864966404	-0.3574993465	-0.4333460255	-0.2345599835	-0.1488773835	0.1506932898	-0.2299856764	-0.1493933951	-0.2774833034	-0.06046581874	-0.3214481656	-0.3816223594	-0.1301928635	-0.1926171646	-0.08123805895
ATP1B3	0.5736923755	0.6665658359	0.7302104959	0.1315906617	0.2472233312	0.6209011203	0.4198757017	-0.1547872345	0.1525904316	0.6056394153	0.5140132657	0.2782880316	0.4017014682	0.1025382486	0.1570905693	0.18453912
ATP2A2	-0.006837265434	0.2575248643	-0.2996907367	-0.2840280586	0.3710918146	0.3282368175	0.181205952	0.569713929	0.5032472584	0.1470973027	-0.06695020534	0.1840605548	-0.2042473555	0.1601446976	-0.06248402483	-0.173877375
ATP2B1	-0.2771028963	-0.2444791835	-0.4236058904	-0.7310212745	0.5061211559	1.242063381	0.7061175451	-0.6955036247	0.1989404286	0.777167528	0.1846474752	0.3006184975	0.3703898453	-0.6782548495	0.4683089518	0.03509167867
ATP2B4	0.4492232509	0.7198912183	0.5876904059	0.4513405429	0.07585900345	0.6522682235	0.2957149992	0.1933193718	-0.1928548359	0.3585231744	-0.0956843783	-0.1150590616	-0.05133709056	0.4483264513	0.158995722	0.2181688078
ATP6V0A1	-0.3763809419	-0.8529050179	-0.7360196317	-0.5140562715	0.2523902739	0.8735890904	0.4804909196	0.542186472	0.3729388798	0.7831811143	0.6014327985	0.5404335136	0.733155221	0.5385317661	0.1335413206	0.2821731107
ATP6V0A4	-0.5986003273	-1.109305471	0.06813520924	-0.6551255079	0.3651146819	-0.4293083963	-0.1175530251	-0.1404940684	-0.4705656402	-0.4049697015	0.3943214965	0.4439975908	-0.6122420047	-0.3515661862	-0.3394379282	-0.1700357501
ATP6V0D1	-0.122323854	-0.3059634151	-0.04374125527	0.1789556468	0.3015403221	0.4194459759	0.3267491135	0.1625650375	0.1283280571	-0.02880800805	0.01546807998	0.1195128098	0.233312476	0.05357431161	-0.0732605039	0.09648660361
ATP6V1A	-0.6382172038	-0.7323619311	-0.8681270871	-0.7218215174	-0.09197553209	-0.5033143416	-0.3034099086	-0.5875005171	-0.4373606432	-0.5659627128	-0.1775499163	-0.5005795862	-0.6723933383	-0.6810321754	-0.2683411061	-0.2278076616
ATP6V1B1	-0.6058868694	-1.143987754	-1.032805309	-0.9164342363	-0.320035031	0.1516377967	0.335930023	-0.0388109268	-0.3005870959	-0.8763305212	-0.6442916316	-0.7419242842	-0.3588930574	-0.03376550735	0.05785350405	0.04959058416
ATP6V1B2	-0.1691082658	-0.1922707537	-0.5979509138	-0.4453255793	0.1233065989	-0.1973316003	-0.3005896034	0.05447999977	0.01064575067	0.03632687466	-0.07282327539	-0.05793641121	-0.03247370458	-0.005747593601	-0.1512960739	-0.09055030605
ATP6V1C1	-0.1651342091	-0.4344764995	-0.1807540159	-0.4608210671	0.3817144508	0.6412922183	0.3112353071	-0.3409837201	0.1086130262	0.2542106157	0.03466703325	-0.02294205675	0.3910740134	-0.1465467901	0.1144977995	0.002320568454
ATP6V1D	-0.4239213891	-0.7087832174	-0.3618398928	-0.2589402022	0.01247124718	-0.1048757251	0.02364922658	-0.4650618816	-0.2093882058	-0.3597702842	-0.1048055736	-0.2362678368	-0.09281928146	-0.593791736	-0.129489284	-0.07135206342
ATP6V1E1	-0.2656541964	-0.5719554574	-0.2529382456	-0.09190439287	-0.06665717482	-0.1763513807	0.01625090543	-0.2182686982	-0.1542251091	-0.6099885366	-0.1681149731	-0.2628030901	-0.1498054585	-0.3249287986	-0.1885199237	0.01314383531
ATP6V1F	-0.06321407823	-0.306991432	0.181926679	0.6130074209	-0.004139553464	0.3140925423	0.345033954	0.02450200853	-0.00132182127	-0.07149439799	0.2725363916	0.1649373708	0.2365759592	-0.01064466604	-0.09925568444	0.2487183204
ATP6V1H	-0.1767829366	-0.1694884666	0.08348530321	0.4115427289	0.2047877619	0.06411994653	0.2090620239	-0.230739538	-0.06140032628	-0.08770241635	0.1477499646	-0.1273335677	-0.1626278327	-0.3908627141	-0.1747710332	-0.01839640665
ATPAF1	-0.1659770747	-0.1210423386	-0.3249251091	-0.3204061951	-0.02072590501	0.08808284035	0.07194068049	-0.6338152454	-0.5101345273	-0.202806954	-0.1769041763	-0.361992292	-0.4174045881	-0.4607816701	-0.1831569149	-0.09782042138
ATXN2L	0.05089448115	0.1699671083	0.04126341736	-0.08732919738	0.1401182022	0.9348796813	0.3434159588	0.6542171273	0.5589232196	1.064383777	0.4323055405	0.481702913	0.7970001286	0.5495328648	0.1367950939	0.1951924738
AUH	-0.5203036884	-1.006005484	-1.072949559	-1.076368616	-0.2277484024	-0.7490264851	-0.4062364073	-0.278099197	-0.0792197522	-1.122548447	-0.6431793752	-0.4818835207	-0.5242847272	-0.4991555101	-0.2816677609	-0.1179548373
AUP1	0.1616831391	0.03551719437	0.02442195957	0.265963375	-0.1161294648	0.003798927005	-0.008670312486	0.1500556342	0.02075632662	0.09400877547	0.04593620479	-0.0009440844651	0.1303952683	-0.05073437298	-0.253967068	0.1189475838
BAIAP2	0.1052993488	-0.0245575937	-0.1595083276	0.5923721825	-0.114083581	0.3935743287	0.3178703424	0.387258703	0.9209804209	-0.07110584466	0.06197065326	0.250681559	0.4539944167	0.2972882311	0.2168500415	-0.09122917243
BANF1	0.001895837627	-0.1837738676	-0.06396318841	0.2987502728	0.5545217378	1.01704386	0.7093117591	-0.05085351103	0.05008128031	1.35722908	1.142593444	0.6960352047	0.7422702843	0.2732104395	0.1040056217	0.2334598795
BCAM	-0.003658594665	-0.09400753882	0.6891313887	0.5931491286	0.2811060198	2.114295799	1.854557301	0.5529513401	0.06219957232	1.173705342	1.659436546	1.504486131	2.047820117	1.797437401	1.212454633	0.5170759445
BCAP31	-0.02026784768	-0.1660811953	0.09337827919	0.456999861	0.04282731168	0.2202132072	0.105242305	-0.08356490354	0.05573102078	-0.1722179571	-0.05223791095	-0.04384983466	0.2814765689	-0.1571791701	-0.1066253372	0.03589926549
BCAT1	0.1323899089	-0.06236857699	-0.5380695099	-0.3172118352	-0.8446812036	-0.9640551445	-1.041073198	-0.1352371652	-0.8943960438	-1.327734475	-1.614409804	-1.376970284	-0.896045285	-1.011459604	-1.050066591	-0.8217703327
BCAT2	-0.08149577796	-0.8942004236	-0.3919181037	-0.7543339285	-0.5182193775	-0.02447729924	-0.1607824824	0.2422650365	-0.08011676895	-0.5049722835	-0.4998104056	-0.5709657671	-0.3764891749	-0.03972350063	-0.4297507757	-0.09634168027
BCKDHA	-0.4292226865	-0.9436669017	-1.150918182	-0.5636983855	-0.3464516499	-1.189202387	-0.768218129	0.02091539381	-0.09669883057	-1.521970824	-0.9584087818	-0.5275024676	-0.7071608623	-0.4955931234	-0.4866838924	0.02064214446
BCKDHB	-0.5687053211	-1.333950794	-1.515980261	-1.387462492	-0.5710207394	-0.8437901971	-0.4386293935	-0.002186982957	-0.01335828933	-0.7324822695	-0.2292457115	-0.5514642611	-0.8718842424	-0.6265767119	-0.5590371544	-0.1501157497
BCKDK	-0.2265217456	-0.5102321854	-0.3852160607	-0.2680461635	-0.1349245464	-0.1992047115	-0.1414475689	0.08257349928	-0.1773020633	-0.3427987574	-0.3148033481	-0.5067582776	3.988433182e-05	0.1047248131	-0.09621896987	-0.06760785529
BCL2L13	-0.6528088993	-0.742748439	-1.336732673	-0.7819096222	0.2366385109	0.3739890349	0.1140150761	-0.003628668045	0.07566819005	0.05496388806	-0.1022252681	-0.04475324768	-0.3879011134	0.01173080834	-0.01252646754	-0.05530526566
BCS1L	-0.1248269828	-0.441835203	-0.5649734669	-0.3943263998	0.00861966498	0.03052589621	-0.03921642859	0.1667650706	-0.008751765878	0.3772118174	-0.1544964668	-0.4050297628	0.2091543301	0.1462784334	-0.02130619955	0.02455779287
BDH1	0.08930820349	-0.6898782399	-1.635671547	-2.175285292	-0.4656146419	-1.876445374	-1.594266737	-0.3247820782	-0.4934911588	-2.526810764	-2.158899893	-2.318460484	-2.164785657	-0.9717536444	-1.022736397	-0.5357090633
BDH2	-0.7399069256	-1.496485063	-1.368259591	-1.696946255	-0.2857647978	-0.9675328484	-0.615394561	0.786184929	-0.0335734178	-1.226957386	-0.4959665088	-0.2110957012	-0.1016479765	0.4800408384	-0.2364633412	-0.03320527922
BIN1	-0.3494538967	-0.4262677973	-0.6001545926	0.3223796508	0.2708050583	1.114287864	0.5175139731	0.1352241332	0.09434454703	1.0213695	0.5607926348	0.6247724621	1.007180127	0.8616541105	0.5436530478	0.2934188203
BLMH	-0.3072936342	-0.2592251219	-0.6846575927	-0.1290956446	0.2095190517	-0.02472886594	-0.1437003184	-0.2449107133	-0.03885157897	-0.2657746527	-0.1319238454	-0.1708451349	-0.02491430245	-0.1977204345	-0.04417140783	-0.09164543525
BLVRA	-0.1110427264	-0.5945753446	-0.3757073608	0.1125693764	0.02604084054	-0.05049703739	-0.04649539507	-0.3864752842	-0.1175121306	0.5355516662	-0.05385425883	0.3086772457	-0.02122255799	-0.3589631084	-0.05060960741	-0.07755067766
BLVRB	-0.03320106857	-0.4294049054	-0.1602226822	0.3817359984	-0.06453863093	0.5557624437	0.4971140792	-0.2704882211	-0.4228825071	1.372369312	1.286482896	0.4281193136	0.07357932226	0.1279806675	0.08041764733	0.1576734519
BPHL	-0.4765171653	-1.125987271	-1.313296654	-0.9297211818	-0.3030418805	-1.884942781	-1.386276119	-0.164697309	-0.06555726647	-2.037902914	-1.563554033	-1.260419247	-0.9146568194	-0.6267773977	-0.6047681027	-0.2116396579
BPNT1	-0.3077263324	-0.4336369189	-0.2478617219	-0.1331337889	-0.2097596563	-0.8488988805	-0.5793260529	0.242757894	-0.06375128838	-0.8326056673	-0.6252124124	-0.5843148873	-0.4841018514	-0.02193322689	-0.2496798164	-0.1240418562
BSG	-0.233585348	-0.3472288476	-0.4789786525	0.1101819711	0.07586429723	-0.2086004984	-0.06851380504	0.3035471349	-0.06829965657	-0.3463185397	-0.1703380542	-0.1230048143	-0.01206631555	0.1766434524	-0.0976848113	0.1608918191
BSND	-0.3096894662	-1.063590908	0.9789712482	-0.4557229237	-0.8221590461	-0.4235286364	-0.05416487746	0.1761553036	-1.269165267	-1.06312835	-1.21728468	-1.549147789	-0.64250522	0.2718962376	-0.1636891538	0.3367308851
BST1	-0.4975117894	-0.2596726811	-1.817042125	0.0964083616	0.3568983711	1.604435265	1.403601297	0.1463409917	-0.0687797194	1.297781772	2.304698359	2.397903536	2.137422095	1.397640775	0.8356760113	0.1558208321
BTD	0.01335203094	-0.4773516529	-0.3172502063	-0.05302071766	0.4454121009	0.4974548051	0.3796741042	0.257402819	-0.0281745417	-0.1522953382	0.2947573787	0.5000640806	0.3716330009	0.2153830874	-0.1288046623	0.04969528034
BTF3	0.02488956853	-0.06239972335	-0.2414260716	0.1659810236	0.1856671848	0.7853885567	0.6284453527	-0.234972852	0.09269051443	0.5443277676	0.5760099869	0.5879692594	0.6262435205	-0.005018870045	0.04996870952	0.1458599436
BTF3L4	-0.1755665723	-0.1175586748	-0.1258171996	0.0496377115	0.1480716529	0.5075754879	0.3574595758	-0.4478658892	-0.08421260503	0.04443431312	0.1016152791	0.1731863511	0.1485235651	-0.3572067675	0.1022462613	0.01489907977
BUB3	0.07063003235	0.1935461541	0.2043594275	0.343479255	0.2671883188	0.607571899	0.4169705969	0.02212398914	-0.2332173539	0.5312531899	0.7741788502	0.4966139728	0.6638818761	0.5094788091	0.3445058601	0.04782818163
BZW1	0.05815887601	0.1555519181	-0.008963132957	0.1922576953	0.4474643461	0.9895399696	0.585542149	-0.8742312696	0.1401518944	0.6374147217	0.6475668823	0.5040202281	0.3738379834	-0.8187247784	0.2530530583	-0.06501721843
C1QBP	-0.188054444	-0.3986022536	-0.6385255458	-0.06074692842	0.1162611616	-0.03261225744	0.02530172415	-0.1667299752	0.04461896899	0.5510625325	0.2809686097	0.05590482403	0.1266106267	-0.1120139035	-0.2406532028	0.01134089811
C1QC	1.553569331	2.213586617	2.161722198	2.467073536	0.5458738951	3.295212864	2.138920933	0.009925637313	0.2917855392	0.7084148944	1.294256041	2.168245941	3.627601522	3.483909785	3.31634744	1.686896572
C7	0.9960335285	1.785607542	0.8962462377	0.9029605976	0.8937546745	1.781870803	1.678139309	-0.09226806931	0.3661892565	0.8808949003	1.437242517	1.664383602	1.634764327	1.629729485	2.153593304	1.942913813
CA12	-0.3817154828	0.03678655593	-1.786751185	-0.6872771187	-0.3797345458	-0.6908995874	-0.3027642597	0.4881865736	0.240210206	-0.4882704854	-0.3123950925	-0.8527485272	-0.01068477844	0.4316066669	0.1639566193	-0.1431154554
CA2	-0.7866079912	-1.148190997	-1.963995855	-1.409347182	0.1139192044	0.2630204066	0.3951554395	0.2156995071	0.1570668288	0.488759669	0.9466723618	0.1315167915	0.1768454643	0.1502203549	0.06924435833	0.1107712418
CA3	0.6684979788	-0.838619822	-0.2001615533	-0.8821987096	-1.217475982	0.9244632119	-1.363071758	0.4428753759	0.5196765917	0.7357459185	0.2045808445	-1.429602534	-0.0251035359	-0.0309084494	-0.05719158219	-0.03751354616
CA4	-0.3918190856	-0.4802242976	-2.852296264	-2.321423761	-0.2299353657	-2.648952392	-1.950098049	0.3006210161	0.32016544	-2.29488123	-1.984888156	-1.977462644	-0.4142955359	-0.2738297069	-0.2673063804	-0.2033028847
CA5B	-0.08103848847	-0.07021819572	-0.6736080827	-0.371663967	0.551154059	0.7809129574	0.6472846122	-0.06279764702	-0.2938495572	0.4402104762	0.3801594898	0.3387978585	-0.1589111676	0.09969467462	-0.1282142199	-0.0439844451
CA8	-0.6539620521	-1.328960358	-1.164490489	-2.115958915	-0.1765316385	0.1210054295	0.3222369583	0.00160591008	-0.07962603609	0.7515060972	0.5148889516	0.06306513422	-0.1327879734	0.01702188892	0.002851323016	-0.009029097747
CAB39	-0.02041141496	-0.03447410353	0.1646161758	-0.2027358899	0.1253931248	0.52039699	0.3865499245	-0.4598501583	-0.02503801749	0.1377668615	0.1382242586	0.1586758253	-0.09304889454	-0.3457526176	0.05876341675	-0.1222197456
CACYBP	-0.1967388749	-0.4160002124	-0.2587707228	-0.2748712708	0.2163610929	0.3507373328	0.3405112549	0.08954447967	0.3391166206	0.6372243639	0.1989373441	-0.02623913148	0.1650645299	-0.4064687256	0.08429425797	0.09245482123
CADM1	0.05108530336	0.1399576284	0.201773171	0.3205497068	-0.07570832945	0.5945553862	0.207165022	-0.07748869989	-0.09814914505	0.9016127906	0.1462288823	0.149105866	0.311531043	0.5236599651	0.7077086088	-0.1063735268
CALB1	-1.101053737	-1.969053466	-4.660570662	-1.898639758	-0.6904307582	-0.8247620482	0.04938941934	-0.430578766	-0.3314181083	-1.710537249	-1.190094898	-1.173059233	-1.027229487	-0.5891738259	-0.4782067698	0.3279195802
CALD1	0.2722999194	0.4908224861	0.4977747662	-0.162368855	0.6357391814	1.778198452	1.091985758	0.199812979	0.3927411184	2.01268038	1.770400679	1.216994116	1.528077864	1.498784697	1.537771372	0.7075456261
CALR	0.03616553102	-0.1221939113	-0.1998859848	0.1015587913	0.519059728	0.8622209347	0.2729215394	0.4303282159	0.3102731066	0.4616645537	-0.09161769043	0.1332315065	0.4196200671	0.2344981501	-0.2951775521	0.2039157206
CALU	0.3350102768	0.564629758	0.3393664283	0.2008691077	0.6269630775	1.324747565	0.7935355853	-0.2566461552	0.2949717689	1.103714563	1.346521132	0.9155751936	0.9610450415	0.4472812743	0.7551550712	0.3207996506
CAND1	-0.2117467817	-0.1765383484	-0.2648014724	-0.3797304559	0.318177742	0.765882727	0.3314329195	-0.02656404786	0.0006131104722	0.3126265243	0.04403933275	0.1238784742	0.187436996	0.2757568462	0.1621124341	-0.1380406875
CANX	-0.2510304776	-0.3076051588	-0.5252109079	-0.3780493846	0.345359736	0.4544081144	0.1293580363	-0.4059825903	-0.1315387606	0.1258197824	-0.06647248709	-0.0519509108	0.1395860583	-0.3580211345	-0.01073377336	0.05532877964
CAP1	0.02047997663	0.1076339345	0.008876534432	0.3477442153	0.5004015842	1.488655547	0.811997953	-0.127149201	-0.1074741048	0.8670882791	0.5914731726	0.5221514086	0.7997972526	0.7330428874	0.5844796394	0.2795608056
CAPG	1.039239602	1.354169976	1.441087037	1.710258863	1.089013581	3.434575009	2.815352429	-0.1142488766	-0.2155084724	2.912939612	3.062764792	2.79777875	2.722380988	2.516679615	2.04005272	1.410161228
CAPN1	0.3430095978	0.5149024801	0.8082204136	0.7350895571	0.1605813829	1.714292689	1.148072045	0.420344302	-0.1709711894	0.9086200831	0.9993421694	0.8207956026	1.267108045	1.373205775	0.953610779	0.4248555883
CAPN2	-0.06086106051	-0.1039313842	0.2303530833	0.219033977	0.6173557	1.603917531	1.056599097	-0.1479592069	0.1982786972	1.371791022	1.364714643	1.131934403	0.8275177379	0.5440453354	0.4039265144	0.1787510634
CAPNS1	0.1183184391	0.2706737624	0.3405668164	0.8101550105	0.2673680739	1.291631223	0.8102592819	0.2222849648	0.05460580761	0.9683927197	1.169872972	0.8783123638	0.8814636008	0.6613348881	0.3214163362	0.3038570002
CAPRIN1	-0.3459440904	-0.2863665356	-0.2768861033	-0.5555049094	0.179687413	0.6601238064	0.1483860237	-0.2156436202	-0.2419368749	0.4352291735	0.02154527149	-0.05501961184	0.184289412	-0.04501507134	0.3480045575	-0.139215104
CAPZA1	0.109184024	0.2799115896	0.09392048222	0.007360479421	0.4637542671	1.135865963	0.482966268	-0.6356469953	0.07611250684	0.6690533619	0.5169047712	0.4012866737	0.2293657603	-0.1235832219	0.3803248076	0.1618031145
CAPZA2	-0.2669655013	-0.3000820895	-0.3225813153	-0.4191644476	0.2313404277	0.6969881693	0.4117375983	-0.8003577019	-0.2340552699	0.07032418438	0.3180270083	0.2856654412	0.1279837037	-0.5794686237	0.2070716986	0.01322675493
CAPZB	0.2275939149	0.2465091004	0.3460435336	0.53887194	0.3675081412	1.192212317	0.7174669236	0.2123418698	0.2497597352	0.9039396631	0.8142495193	0.7463587176	0.9254353568	0.8074567013	0.4203456739	0.3192543818
CARHSP1	-0.001907325324	0.0392047561	0.2006618292	0.5116457018	0.9009258022	2.187262731	1.178558989	0.1752767697	0.342740414	0.9201157549	0.8704843214	0.9315365414	1.172382445	0.9881856689	0.7228930615	0.1667604506
CARS2	-0.1784812545	-0.6958409714	-0.5507871133	-0.4260047194	0.0649557638	-0.06070223976	-0.1068779305	0.2895947133	-0.01178662978	-0.1093937395	-0.2300466481	-0.3635928681	-0.03383216786	-0.03332647703	-0.1907229293	0.08971709266
CASK	-0.396554136	-0.4350897725	-0.1234141883	-0.3756330493	0.3488259476	1.028779919	0.7013345684	-0.2538558684	-0.09899577514	0.5064595638	0.290816201	0.4051834107	0.4066257237	0.2489701316	0.5257269856	0.05103792794
CASP4	1.327849778	1.468969708	1.587819993	1.463561302	0.4582382015	1.952149491	1.313040321	-0.4833226024	0.5787235217	0.4059461689	0.6060451945	0.9727143485	1.860859852	0.726586898	1.606070565	1.004610753
CAST	0.1739234206	0.4057480399	0.4990089465	0.3499021334	0.3346426103	1.340976442	0.8811981626	-0.7302750673	0.1915944487	0.6776633372	0.5683846662	0.6924110269	0.2677797027	0.02471376668	0.429929436	0.07980800522
CAT	-0.3692638255	-0.4702773457	-0.2982811281	-0.2286755388	-0.3300432207	-1.332200574	-0.9267627792	-0.2940928418	-0.3752091897	-0.7206768421	-0.5174005027	-0.5501001251	-0.7199856326	-0.4383891084	-0.522643153	-0.1945208599
CAV1	0.4088197319	0.9622337448	0.09044480507	0.3057842424	0.2073797638	0.9168045775	0.5405817524	-0.4166108846	-0.6185939274	0.506851006	0.03848971038	0.1843659389	0.5456452026	0.1469677626	0.4224787802	0.2323745632
CBR3	0.4182545962	0.5770073467	0.6076804784	0.9163849013	0.3593970315	2.237664268	2.785908657	-0.3011803128	-0.3642790093	3.911491914	4.703229906	3.382774961	1.837035316	2.020411037	1.534081694	0.9307555793
CBR4	-0.753111279	-1.264044287	-1.412417255	-1.509205258	-0.1020591994	-0.2403018934	-0.1126883513	-0.7026390964	-0.5260188818	-0.8634543965	-0.5742716285	-0.5424413174	-0.6191865005	-1.14103172	-0.3267437872	-0.06622958288
CBS	-0.03678207135	-0.2298731599	-0.8121666605	-0.2101301764	-0.5843377356	-2.715018112	-1.762707706	0.4294373936	-0.1156202495	-2.629556408	-2.186952213	-1.930461764	-1.413811466	-0.7535013238	-0.9610134921	-0.3882691938
CBX3	-0.09174723057	0.03889118686	-0.04508395759	-0.0483299249	0.2942960684	0.8913457913	0.6543969617	-0.5960960181	-0.188707526	0.3737718736	0.5291855736	0.5325439536	0.3360074087	-0.134161071	0.3832405849	0.004581793587
CBX5	-0.02287266934	-0.08176293229	0.04086956988	-0.1774789052	0.3884109453	0.6469708781	0.3481662266	-0.4373031837	-0.6068201428	0.7604536821	0.7177759524	0.2751793897	0.3144088925	-0.04364485719	0.4146416097	-0.06028209255
CCAR2	0.08248379429	0.08253903615	0.01198618405	0.3029097008	0.1104455636	0.600958744	0.359884825	-0.001254741201	-0.1721716167	0.307544891	0.1364436899	0.2234534284	0.4415183799	0.5891742629	0.2534298861	-0.02043276988
CCDC47	-0.3200820856	-0.591722259	-0.3179104964	-0.5606906191	0.06169953386	0.03566789624	-0.03895344283	-0.9341870881	-0.3860946207	-0.01584961566	-0.1497602586	-0.2941330345	-0.1867044274	-1.395540129	-0.04578027638	-0.1319917809
CCDC51	-0.05335879286	-0.4676700624	-0.4476015833	-0.2084836119	-0.008140405577	-0.1370533127	-0.1900092594	-0.02450402149	-0.3805132653	-0.01823101347	-0.4503404678	-0.5099146101	-0.1521696258	0.00486118461	-0.03987819931	-0.01228856628
CCDC90B	-0.08362811774	0.1011596714	0.1517321452	0.3150138263	-0.04273460009	0.1789786434	0.05751803949	-0.4477874864	-0.3599008739	-0.0257410759	-0.3671918389	-0.5559540455	-0.1056281958	-0.4098201586	0.03074655822	-0.07101202623
CCDC93	-0.3777887062	-0.4666507701	-0.6058521944	-0.4973197711	0.2256303826	0.5878092727	0.1673058435	-0.4795173099	-0.5448818791	0.3742521287	-0.1774064225	-0.1611752534	-0.01091998619	-0.1506510948	0.2775731775	-0.1040725034
CCT2	-0.1112248149	-0.1113523369	-0.3191512476	0.02840550959	0.2993322625	0.5104654081	0.3764817583	-0.1158340273	0.2176393721	0.5611402549	0.3992439603	0.4581462898	0.4787870087	0.1533103695	0.05706761813	0.0009282022058
CCT3	-0.1017057964	-0.4357313525	-0.3693556092	0.006895771975	0.4879752804	0.6915216647	0.4276358316	-0.114240519	0.2436155043	0.851056765	0.4651430197	0.3203235724	0.5042058124	0.2051254854	0.05608008888	0.1044421078
CCT4	-0.1989799132	-0.3893181497	-0.4263164093	-0.1909508253	0.2374774151	0.7066975538	0.4536901215	-0.4633916222	0.03399479721	0.4247350504	0.2922589338	0.4004012529	0.4907643349	-0.2147875283	0.1874216702	-0.0005762256398
CCT5	-0.05385339014	-0.1515599666	-0.2378872196	0.04394386785	0.4911896531	0.8592522129	0.5590386371	-0.3666904787	-0.006820776192	0.699466765	0.4028028739	0.3859440419	0.5164657369	-0.1955076043	0.1386467409	0.0826148397
CCT6A	-0.2532139139	-0.304542249	-0.2856778863	-0.1536707862	0.22060982	0.2317514549	0.1589847673	-0.3917499506	0.04231092831	0.3191309266	0.05673401547	0.07947716075	0.04257986969	-0.3049083013	-0.05607967568	-0.1312216429
CCT7	-0.1033815835	-0.2352133844	-0.3504808562	0.04598906309	0.2928134503	0.6159969335	0.4846198371	0.04539279222	0.0429664643	0.553126553	0.4353487497	0.3454562047	0.3399148483	0.270689675	0.1188687194	0.0347813675
CCT8	-0.09743636807	-0.2484944412	-0.2576579027	-0.05687847879	0.3482922993	0.4745409144	0.2337644779	-0.8838333648	-0.009925930182	0.4296045168	0.2451288361	0.1165264374	0.1601944655	-1.089326314	0.02148596821	-0.02830003429
CD151	0.2116201988	0.3898446408	0.5611706345	0.7267557429	0.3030877451	1.333301516	0.9216690685	0.2643740377	-0.1010638783	1.198580514	0.7973856308	0.587419762	0.62562619	0.7455658544	0.4973959799	0.292195658
CD2AP	-0.3876033768	-0.2984603931	-0.1566620829	-0.1152287044	0.7819180915	1.619234695	1.03993218	-0.9705415246	-0.02669983728	1.46165684	0.7773894751	0.8055397029	0.7734732973	-0.6491671146	0.6470731814	-0.02249900274
CD34	0.1354501658	-0.1159942362	0.6420471013	-0.08132941444	0.2284448899	0.9198136196	0.6046212504	0.3688722084	0.1099970422	0.7239879698	0.9695596754	0.6734558916	1.338184538	1.362870331	0.9438024379	0.367884292
CD38	-0.161310435	0.4951464692	-0.4458960552	0.2511550908	0.16494033	0.719625391	0.3879189545	0.255233881	0.1087384441	0.6144843571	0.826835336	1.122108793	1.387339322	1.430694074	0.8590844884	0.3177819457
CD63	0.1110188239	0.2816316738	0.333869099	0.7726749403	0.4698818908	0.7175396601	0.5586173016	-0.1479920326	-0.1401871358	0.255385485	0.5721971291	0.3466833013	0.4196756859	-0.009690166778	0.01912799828	0.1717897683
CD81	0.44676524	0.6189055106	0.4541126723	0.7080777263	-0.07009048654	0.5993641139	0.4193097581	0.4091503784	-0.04977993309	-0.08297817975	0.250480006	0.1715031202	0.5417216346	0.6704899863	0.2753121204	0.2134967155
CD9	0.1742658025	0.3764696115	0.9459691863	0.8730292937	0.7039567158	2.321422452	1.776596626	-0.2414651789	0.2852515091	1.32274735	1.424790603	1.385252488	1.557947338	1.096395777	1.025288837	0.6924256397
CD93	0.01932269657	-0.03470864298	0.4770728611	0.02882837136	0.9738494052	1.340223793	0.9251637479	1.159639853	1.941345762	1.25927116	1.065186347	0.7678272879	1.073324709	1.120125878	0.7673552292	0.2503398716
CDC37	-0.05787705361	-0.2185685292	0.08085486589	0.2006047001	0.2028313278	0.6532895851	0.3691369085	0.1518116558	-0.06453568065	0.3584990627	0.2802968848	0.2426487844	0.5638169552	0.4839902878	0.2041216911	0.1648224151
CDC42	0.1139331338	0.2063460067	0.1985164096	0.3598634308	0.4292904656	0.9940373589	0.5711812267	-0.1781023013	-0.009522529243	0.6575346229	0.7391789206	0.5482518815	0.6271566243	0.3284426389	0.3475791861	0.1753409664
CDC42BPB	0.01167571844	0.1240789801	0.3338510338	0.1102008556	0.2821255019	0.9664249922	0.4358000878	0.3603169271	0.481356219	0.6438363386	0.05168630793	0.1759647423	0.1151157349	0.5579228364	0.3243834243	-0.06122792923
CDH1	-0.109058264	0.4115273462	0.1489457067	0.8210954843	0.2058779908	1.127144453	0.794622159	0.4834742216	0.6351421563	0.6370309499	0.7118375475	0.8020985706	0.4794696424	0.7652353187	0.3368838766	0.09716238366
CDH16	-0.5384610743	-0.9279738376	-0.2462117406	-0.5652204936	-0.02969885145	0.5318113574	0.3222603903	0.5519585391	0.05352959728	-0.312878046	-0.264169385	-0.109743284	0.2971957013	0.5388481993	0.1316886913	-0.06309746615
CDHR2	-0.6429185582	-0.7052589998	-4.110258704	-1.629117551	0.0876238095	-0.7316044365	-0.3686458746	0.4852031989	-0.2690723607	-0.3049515576	0.5484082392	0.03889739536	-0.1355170228	0.05215113259	-0.3065658326	0.02665929322
CDK5RAP3	0.2804589464	0.4471974383	0.3502401137	1.028717853	-0.1272941861	0.3388531668	0.2763165927	-0.06569087707	-0.254390696	-0.2018466876	-0.02573553336	-0.1149613226	0.08945590269	0.1585077924	0.0352428665	0.08926836583
CDV3	-0.0478417534	-0.06624378625	-0.2586724812	-0.3516604572	0.3386991277	0.8444337391	0.5502609224	-0.5663189609	0.252593533	0.4000582604	0.3431154745	0.3838175483	0.07366021368	-0.3428482805	0.1201597149	0.09009504596
CENPV	-0.179280212	-0.3079402527	0.3610166886	0.709853194	0.2927606136	0.1564097136	0.2593091883	-0.05641063242	-0.1968640841	0.1720938763	0.2694367857	0.07268439312	-0.04132815431	-0.3040596703	-0.2410140339	0.08275999015
CETN2	0.005320024523	0.1308074465	-0.008356769368	0.456996689	0.02718057156	0.009273973371	-0.005780025175	-0.3938599738	-0.2678794577	-0.2615394578	-0.1287243204	-0.3420732837	0.03475770681	-0.6843098841	-0.01796274462	-0.03786290021
CFD	2.618680354	2.357338147	0.8263569082	1.883272189	-1.269363653	2.558324584	-0.7076784858	-0.9986458473	-0.8971853005	2.777905794	-0.3390961915	0.4619431815	0.6189008514	0.5108936082	-1.621688068	0.3045265002
CFDP1	0.0921611219	5.663984831e-05	0.1592967044	0.370975742	0.3993093961	0.9045000615	0.6597095958	-0.6328204547	-0.2026307699	0.6023794337	0.3341364742	0.1947312217	0.6246429943	-0.7744190281	0.2106853712	0.1822352081
CFI	-0.3987289466	-0.06369962767	-0.1823822211	0.5482273415	1.241738881	2.830079879	1.818256178	0.132898354	0.5159986535	1.17463347	1.258527374	1.9570484	3.475358504	2.521351141	2.702060058	0.4626059392
CFL1	0.05112381865	0.01955819851	0.1314711341	0.478664091	0.5399530967	1.458656903	0.9961953836	0.2450470593	0.1784196337	1.243722038	1.156848902	0.8990641549	1.136565018	0.8323950968	0.4072523235	0.4639774854
CFL2	-0.08646421652	0.4020534094	0.05169733075	0.3024119346	0.2802183938	0.4346525496	0.3114911696	-0.02726867401	0.042506821	0.6418731143	0.2813248613	0.189716693	0.1853011934	-0.05260706984	-0.03927759072	-0.08285127503
CGNL1	-0.6093270964	-0.951052677	-0.18533652	-1.267039778	0.1836151984	0.2057208572	0.008140402052	0.1709876684	0.1372191624	0.4284731652	0.0039984424	0.01494126177	-0.1275677198	0.04817330776	0.1891721215	0.003033065227
CHCHD10	-0.38420252	-0.8024480367	-0.7625022027	-0.7957636062	-0.2596947444	-0.8894658724	-0.2667625121	0.01205344882	0.2364134931	-0.5573557078	-0.3582120871	-0.3672883709	-0.1712622718	-0.4895915565	-0.6446635349	0.05880398471
CHCHD3	-0.3865696654	-0.7302154445	-0.6379794151	-0.7556637969	0.06958917164	-0.3170476966	-0.2085020225	-0.1641036991	-0.1570705921	-0.365721967	-0.001711727699	-0.1775852847	-0.3733492323	-0.3855772999	-0.2928002355	-0.04429811187
CHDH	-0.4634357298	-0.9248006341	-1.355834514	-1.136109802	0.04711025587	-0.4316919348	-0.4813123867	-0.2925750585	-0.5177197489	-0.159967876	-0.8713964806	-1.111955158	-1.038065361	-0.09956329398	-0.07212246789	-0.3526055866
CHID1	0.05448540121	-0.06090111594	-0.02709938887	0.3900200487	0.1415201873	0.2701551672	-0.06077012804	0.2360306969	-0.1326020029	-0.1458179071	-0.2633296111	-0.3982238051	0.09213460686	0.2800030123	0.07726647078	0.1539269229
CIAPIN1	0.1070615796	0.01765481016	0.02299446438	0.1064226126	0.05017469996	0.3020088656	0.3496588602	0.2031886227	0.1697238156	0.4651463584	0.5746904351	-0.07714129121	0.07497636458	0.1701530564	-0.1275155166	0.1278367859
CIRBP	0.06147503531	0.09130881236	0.2028333255	0.6793756553	-0.02428357438	0.4348263732	0.8299174258	0.006557349486	0.6255182676	-0.6743639528	0.06992850759	0.20476194	0.116685863	0.1788516026	-0.06968809919	-0.05897676317
CISD1	-0.6462620666	-1.02673007	-1.056339485	-1.272643485	-0.2142642208	-1.114132083	-0.5427469529	-0.08838262909	-0.1054428494	-1.087197612	-0.4605411197	-0.335774061	-0.4825673156	-0.6100200753	-0.6409402904	-0.0124739258
CISD2	-0.04707804808	-0.1348781599	-0.05652146313	-0.1692669478	0.07020098343	0.0834751444	0.1564866325	-0.1155391456	-0.05781552589	0.1216892048	0.05819262349	-0.05650232551	0.07838946402	-0.07931180714	-0.0006312932279	-0.09352453626
CISD3	0.1528272562	0.2098091707	0.2418959167	0.04784099684	-0.2930394956	-0.4087996064	-0.147677306	0.103589413	0.03395242765	-0.1218962696	0.6123941373	0.06067685474	-0.05904067156	-0.2256472283	-0.3872812866	0.05206579785
CKAP4	0.7242350049	1.271642774	0.8096032319	0.6179177543	0.6083828836	1.952962486	1.438436512	0.7258596011	0.8617458859	2.207117461	2.418452797	1.530112898	2.212487065	2.171692774	1.371525741	1.07752654
CLCC1	-0.2189757122	-0.1312132778	-0.262739296	-0.1940408488	0.1129273709	-0.02837264084	-0.03021190097	-0.4597122985	-0.3254481048	-0.2270140502	-0.2254744179	-0.101565142	-0.4414618719	-0.542132708	-0.1369571292	-0.1166418041
CLIC1	0.4240897752	0.911974233	0.7834108249	1.427932607	0.883987584	2.317436911	1.489980445	-0.04181418349	0.2367115621	1.524254319	1.527798706	1.327227404	1.554799457	1.025048409	0.8756786904	0.3860622039
CLIC4	-0.4851947869	-0.3997256038	-0.9495064394	-0.7217348061	0.3512074028	1.124258967	0.3926668371	0.3325017627	0.48403889	0.6383004893	-0.34308932	-0.2719222487	-0.1992893843	0.489252431	0.4486872093	-0.08783602026
CLIC5	-0.6757215054	-1.066015071	-2.612470813	-1.703658304	-0.29917119	0.2942897322	-0.07573948457	-0.0304259235	0.0101173346	0.1762338326	-0.5390211217	-0.408436278	-0.3645503528	-0.2116991682	0.2540834729	-0.1457212423
CLINT1	-0.4375964595	-0.4427372392	-0.4601205044	-0.5181588716	0.1325239751	0.5865430258	0.3581577822	-0.1590705781	-0.001204948519	0.2004698434	0.01258175123	0.1415679732	0.1820310027	0.5072667758	0.3500729884	-0.09078251471
CLPB	-0.243514138	-0.6281123731	-0.6930187374	-0.3317195381	0.07575384062	-0.3596349746	-0.2915590198	-0.008603583016	-0.2349906303	-0.1866806915	-0.4536142906	-0.5596562182	-0.5998085375	-0.2890121614	-0.3340138734	0.0392790514
CLPP	-0.2001925764	-0.5152101916	-0.5023691019	-0.119070116	0.0503161919	-0.1576263093	0.02949143047	0.04328370483	-0.1839136811	-0.1204800449	-0.1783295326	-0.2192764505	-0.1427459781	-0.1349778589	-0.2939216224	0.02315017634
CLPTM1	-0.2576575023	-0.565600327	-0.3152364256	-0.1529945153	-0.0648574967	-0.07198585357	-0.2105289708	0.3871094475	-0.08633956079	-0.359011655	-0.4326811571	-0.3748106185	-0.1506015732	0.02892590622	-0.1329293469	-0.05293023252
CLPX	-0.3848983633	-0.4653649136	-1.028321617	-0.8835918687	0.9138290487	-0.3562659822	-0.1641588907	-0.6866595769	-0.2630865637	-0.7617334115	-0.3634551398	-0.01898798074	-0.906764002	-1.293063426	-0.7029586667	-0.3483078855
CLTA	-0.1292087506	-0.2985821986	-0.05557492508	0.08564854576	0.2022935746	0.5076395647	0.3061662085	0.04767599835	0.02749174783	0.0708403977	0.1259021265	0.3006651468	0.4719065617	0.2894291485	0.1277254743	0.1237299509
CLTC	-0.4375098949	-0.3886424388	-0.3910655718	-0.5235015986	0.6043426363	0.9474039269	0.3987892793	-0.6349348845	0.1507132339	0.5614397429	0.2952114691	0.3468229969	0.3790730245	-0.5817380668	0.2833676928	-0.08863264064
CLU	1.4098558	3.395489914	1.583468481	4.055730355	1.026423594	3.598850615	3.243032158	0.5147304664	0.7495449462	3.24005303	3.120226011	3.017468169	3.15838158	2.36363174	1.610490902	1.156641989
CLUH	-0.4069923216	-0.4670123333	-1.070837913	-0.525318473	0.5045591633	-0.2328758348	-0.2320166835	0.5692615164	-0.02938292827	0.04463639106	-0.2493252503	-0.2412277216	-0.2647371942	0.02108746637	-0.3362609054	-0.263332339
CLYBL	-0.4370356102	-0.5994880538	-0.5433401417	-0.867305242	-0.1923990162	-1.160887771	-0.677308361	-0.1394654566	-0.1320868031	-1.019341276	-0.5867405652	-0.7088420783	-0.592617756	-0.5451518242	-0.5010494551	-0.08795137162
CMAS	-0.1039985593	0.03758438326	0.1535213743	0.156896264	0.08447780122	-0.09117649056	-0.02416831537	-0.5188909506	0.002680369826	0.2017018765	0.08244946205	-0.08836562216	-0.1872887546	-0.5452898498	-0.2678589606	0.06311696924
CMBL	-0.4423475634	-1.2209217	-1.138555224	-1.161950381	-0.6409319074	-2.072275149	-1.283842915	-0.06554833134	-0.08224209264	-2.066912462	-0.8568182619	-1.016799274	-1.006128705	-0.6164402071	-0.3624011651	-0.04990261895
CMPK1	-0.1229814248	-0.218882192	-0.6356961694	-0.4871262214	0.189450394	0.205000264	0.2250703004	-0.1332150098	-0.1807149757	0.5761141787	0.5149200505	0.1917530728	-0.2148600924	-0.2493881047	-0.1977192525	-0.05436232616
CNBP	0.0782038616	-0.05233061629	0.08827505279	0.01143501307	0.1965755576	0.3677874168	0.4334658858	-0.4604145901	0.0946830509	0.1875274757	0.20413689	0.1404230482	-0.05361864474	-0.4004288726	0.03842989512	-0.007824486897
CNDP1	-0.8668605372	-1.825964305	-1.239559639	-1.517679713	-1.13311891	-1.722461908	-1.451518042	-0.04319274669	-0.0820266627	-2.670533	-1.859494689	-1.667128025	-1.192451407	-0.1255831337	0.05616133813	-0.6023891501
CNDP2	-0.3738093366	-0.8091445149	-1.319634096	-0.2469194396	0.1389857299	-1.424675655	-1.323741682	0.6622866727	0.2459591692	-1.546292251	-1.79733243	-1.419660132	-0.431861013	-0.01611110508	-0.07004442554	-0.1796534859
CNN1	1.101611577	0.8510676266	0.09261382134	0.298001771	0.002061236895	1.045722074	0.5203935692	0.2817501888	0.09056398869	0.515484254	-0.09535676168	-0.02681222861	0.2878740395	0.4879930126	-0.02381728707	0.8877741691
CNN2	0.9808087058	1.364656735	0.9627589096	1.187092536	0.3975488334	2.13950133	1.348541108	0.5924561497	0.0826409374	1.935578966	2.141125437	1.370743004	2.133737	2.373647528	1.812092108	1.113370951
CNN3	-0.1212888909	0.2329540653	-0.01634274079	0.1104313239	0.2494384677	0.9941435114	0.6388429418	-0.2809779584	0.4001594357	0.6475471267	0.5810061561	0.7219234587	0.6319760977	0.1351675235	0.1555458499	-0.04711240053
CNP	0.6936421897	0.8730035459	0.7658190908	1.025427166	0.2889589658	1.837506094	1.258754847	0.2685414226	-0.2531688017	0.7637043281	0.8777717707	0.7967883235	1.418023709	1.725947639	1.406093269	0.9513409562
CNPY2	0.03278495755	-0.1018689474	0.02085410802	0.2190881442	0.2310913901	0.3884006773	0.2423736641	-0.01282653861	-0.2397396393	-0.2480502688	-0.1089427561	0.002600661331	0.3560766699	0.2694335502	0.1358827922	0.1804920868
CNPY3	0.2083277908	-0.1090389754	0.4624883586	0.1084545449	0.04742322329	0.4665313678	0.2127844598	0.1976137161	-0.1419831654	0.3532565475	0.1894948923	0.07712631783	0.4324740203	0.4976752889	0.2129331699	0.2269408558
CNPY4	0.1373620974	0.04688688555	0.3959981191	-0.1121390408	0.4009330972	1.240842901	0.8017565623	-0.2930519675	-0.02069324519	1.058692763	0.985442244	0.6974226078	1.316228709	0.4153051699	0.8706622085	0.4355791608
COA3	-0.1775094709	-0.4580678602	0.02895378749	0.08299507651	0.2702372214	0.3845463073	0.1409104569	0.01839213113	-0.1129907841	0.3658049747	0.3198746827	-0.05084541026	0.1969025334	-0.05216390908	-0.1415888459	0.1706886537
COASY	0.02578482469	0.04781402475	-0.1957306572	0.4509646021	-0.375210605	-1.470677775	-1.108530115	-0.05198113303	-0.1682172647	-1.079626944	-1.141010623	-1.415911832	-1.27311552	-0.6783815353	-0.749578918	-0.03560654102
COBLL1	-0.6282521277	-0.7554162655	-0.06106311901	-0.9358344585	0.06003140376	-0.3026632264	-0.1299436327	0.048626558	0.1631370996	0.3010821309	-0.4789372861	-0.2418236915	-0.7130574875	-0.1853030423	-0.2559394496	-0.3119138333
COL12A1	1.015579021	2.215995599	0.990162783	-0.000103948954	0.3682612494	2.2830911	1.422772786	0.07676773147	0.2412596787	1.476508381	2.257043801	2.192497285	2.822352952	4.175425784	2.969896142	1.062586931
COL14A1	0.9202332767	1.229342067	0.6577660777	0.103812639	0.1730844405	1.834512442	0.6369437842	0.806133898	0.6544285208	0.4186471362	0.680386446	0.9656920359	1.236679116	1.403138717	1.332611732	0.7422938806
COL18A1	0.2524761666	0.6199073153	0.1987498654	0.6711841015	1.019255153	2.561768803	1.700267512	0.7188551032	0.5150512843	2.088691487	1.980191249	1.910235684	2.295040728	2.442571802	1.880963563	1.01986495
COL1A1	1.693204735	3.110470054	0.8720827219	1.907263326	1.453315014	3.954803405	2.6133483	0.835854795	0.9007910042	3.70279382	4.630025092	4.128054035	4.967498406	4.665179519	3.364608192	3.230232039
COL4A2	0.06890614262	0.644501793	-0.1505556778	0.3192576808	1.395940964	2.512440106	1.403009424	0.7642494554	0.7907752864	1.975691739	1.995522071	1.932937037	1.982062619	2.052991435	1.099038339	0.74377911
COL4A5	-0.3205496095	-0.05111565049	-0.06933401938	-0.4491475457	0.259768976	0.6770987759	0.3551690328	0.5655160121	0.1201767176	0.7043190231	0.4759052638	0.385546836	0.3345115613	0.9933091465	0.4839728308	0.05762308701
COL6A1	1.486697712	2.066773647	0.9607928971	1.129447488	0.6576233126	2.982335412	1.746784716	0.8344653492	0.4435239623	1.563581482	3.031582916	3.021447281	2.910586321	2.783967827	2.111718386	1.560086667
COL6A2	1.42429307	2.081759776	0.9684642476	1.200731203	0.550399463	2.51020867	1.312110205	0.844726481	0.6222377357	1.799185938	3.319778319	3.345834587	3.141521955	2.69186366	2.004266872	1.469067307
COL6A3	1.317634766	2.071894224	1.079882744	0.8242944929	0.5005427053	1.657695039	0.7349355191	1.011280415	0.6196358464	2.379235587	2.4060592	1.78742123	2.802751962	2.917963832	1.901377748	0.5299665298
COMMD3	-0.04606490962	-0.1817284045	-0.1244689783	-0.07108149646	0.1422642324	0.0180696988	0.1391449461	-0.4529332045	-0.2804697029	0.110749065	0.1893083941	0.01339528984	0.02878675192	-0.6444370862	-0.07012279719	0.1132599537
COMMD9	0.07347227215	0.3630547547	0.3410621844	0.4098005915	0.190549669	0.1559846985	0.4011439655	0.04863819539	-0.2066420062	0.04445858545	0.1279983323	0.07336201503	0.2339750104	0.05391049918	-0.0639948585	0.06468553769
COMT	-0.5212782036	-0.8755601835	-0.4261859003	-0.4219069847	0.9638445087	0.6127314802	0.5549249588	0.03777036181	0.236599029	0.8856865741	-0.270222571	-0.09367557428	0.1544472851	-0.1552392097	-0.1195917539	0.3489558192
COPA	-0.2894624743	-0.3826095123	-0.3642862442	-0.243682917	0.1664577375	0.5833893808	0.1414449594	0.071142448	-0.1593340672	0.06967256397	-0.2964865488	-0.09841482575	0.03567045011	0.3413246008	-0.008032498588	-0.1191621328
COPB1	-0.3375717111	-0.4091324657	-0.3811229554	-0.4396587889	0.2624794782	0.5090303249	0.2888357394	-0.6494168289	-0.004249951349	0.2138692957	-0.007986348797	0.06980715696	-0.05831269161	-0.3888863108	0.1140648132	-0.1335362827
COPB2	-0.02530484313	-0.03617186534	-0.2105221537	0.1020554441	0.1872055452	0.3933580356	0.1250387248	-0.2231598202	-0.09014956545	0.1761114858	0.03385143699	-0.01748824419	0.06092282962	0.02991596719	0.1091833301	-0.0459886262
COPG1	-0.08188837699	-0.176822711	-0.1603468091	-0.1373796538	0.1531627529	0.4885286818	0.1696889708	0.0273621631	-0.009547645313	0.3332560471	-0.002466369754	-0.06986554291	0.1796493147	0.3550570559	0.06126126542	-0.03059092871
COPG2	0.08127768366	-0.002151733849	-0.0678245781	0.2885122364	-0.1026884495	0.2084937603	0.0154816559	-0.3219448163	-0.345612754	0.1094454956	-0.1128302159	-0.1190647074	-0.1198166824	0.1213566612	0.1860311375	-0.03248112969
COPS2	-0.3402204815	-0.4073477916	-0.5749337091	-0.5575661353	0.2819619387	0.2321663219	0.06094372599	-0.7435740485	-0.1222347166	-0.06410730336	-0.1573406061	0.0441664446	-0.1502423398	-1.518826208	-0.1452361352	-0.04106839936
COPS3	-0.103890441	-0.1470789811	-0.2181054614	-0.01039799907	0.2523487135	0.2602973872	0.1891087911	-0.4641817047	0.05918655513	0.4513982734	0.1078244514	-0.1095849263	-0.164732381	-0.4164902614	-0.1074157997	-0.08264053239
COPS4	-0.1502006965	-0.1812540324	-0.1125509075	0.02096918953	0.1913879367	0.3370258405	0.2153487329	-0.2376856283	-0.02292498453	0.2356297077	0.02891551717	-0.04082373963	0.1172078405	-0.1333304243	-0.02037853202	0.04607116243
COPS5	-0.1333457505	-0.1619988331	-0.2309002749	-0.01508494266	0.2280862493	0.3903275877	0.3886915691	-0.4865028875	-0.1335465463	0.1602549118	0.1155293504	0.03154764952	-0.07780131616	-0.5361676574	-0.1108113184	0.006957456952
COPS6	-0.2636341044	-0.6465135734	-0.4897763903	-0.1817242393	0.1716043737	0.2184946661	0.2859973008	-0.1591513751	-0.1669365037	0.06137657447	0.147330964	-0.02865740032	0.06325012989	-0.09828261049	-0.03172913915	0.06206581671
COPS7A	-0.01962696386	-0.07646892541	0.1049701642	-0.08660507018	0.03454095124	0.3393873129	0.1396004222	0.07443802357	-0.1756693409	0.4596080129	0.2061393298	-0.02343057847	0.3715376296	0.2899256174	0.03725372931	0.07237385009
COPZ1	-0.07863635197	-0.133365585	-0.3124070636	-0.1864037583	-0.009651706927	0.3211493888	0.1858151488	0.1611353013	-0.01001877336	0.04826528671	0.07851298464	-0.01198402418	0.3637727082	0.2626826777	-0.04793065431	0.0406571709
COQ3	-0.3628796595	-0.5447565855	-0.647493766	-0.6015808312	0.01015258671	-0.471727986	-0.2227467565	-0.6396186436	-1.141545104	-0.3643194138	-0.005513276599	-0.4558020014	-0.7155548032	-0.6343093183	-0.4373529832	-0.09477520059
COQ4	-0.3330378407	-0.5609531283	-1.181854171	-0.4479040375	-0.01292824306	-0.2131565634	-0.2132447432	0.169827604	0.04472958803	0.1161295745	-0.1909772115	-0.2788089631	0.2215148551	0.03713637986	-0.1484860843	-0.0285676046
COQ5	-0.2365953186	-0.455719047	-0.4974087905	-0.263889664	-0.06644105593	-0.100544537	-0.02095335892	-0.06560774351	-0.2343665956	0.2455303897	0.02871668829	-0.2072693845	-0.1043285078	0.09972402549	-0.09324482603	-0.04077491565
COQ6	-0.5877590058	-1.028951932	-0.8413819753	-0.7291273945	-0.007703500516	0.03344446154	-0.003722488326	-0.03380986634	-0.04388678905	-0.05102117668	-0.2549009495	-0.2709865915	0.07768797866	-0.02597820134	-0.1785529523	-0.001505647882
COQ7	-0.3300798215	-0.5674296456	-0.4607288882	-0.4815317428	-0.004876449967	-0.1008671611	0.1375336062	-0.1939702879	0.1081845359	0.06773048315	0.5382244997	-0.07232082989	-0.03268217726	-0.5600117237	-0.2648887475	0.06480889511
COQ9	-0.4725987355	-0.8235120329	-0.8277496983	-0.832702764	-0.2540358831	-1.091457075	-0.7020128479	0.09554082541	-0.3309726928	-0.9832002708	-1.004773752	-0.9341131859	-0.9637690989	-0.3189404027	-0.3937694437	-0.0827761655
CORO1A	2.410091704	2.41530333	1.301297984	1.990714961	0.600261995	2.701332093	1.636801013	-0.1410776682	0.007417301529	0.6522852279	1.334877197	1.535680399	2.180964385	2.388915881	2.277793161	1.798542033
CORO1B	0.06401568099	0.02870027937	0.1246882131	0.4006618028	0.2463522829	1.228191574	0.5629985652	0.1284865885	-0.2239750621	0.4325217033	0.1676506656	0.1394971003	0.6043594055	0.7606791681	0.671953328	0.3128627206
CORO1C	0.3261986888	0.4740014744	0.3376173379	0.1200228017	0.3898406299	1.238524069	0.652307637	0.3063531563	0.761743948	1.439311575	0.7682405598	0.5863826853	0.8141422136	0.8315604828	0.5326458311	0.1292629918
COTL1	1.566094958	1.833956903	1.383388699	1.78356954	0.6044110183	1.369422516	0.8676567837	0.3055905217	0.1716827158	0.2987209296	0.8895750628	0.9307052959	0.9928826042	0.668711149	0.2158364559	0.5098126055
COX15	-0.443921437	-0.7848007948	-0.4857311626	-0.5805569432	-0.1248174279	-0.6616863656	-0.6988055128	-0.1242788045	-0.3269405703	-0.368147829	-0.5081531379	-0.4720916042	-0.4433582297	-0.1426498673	-0.2020815634	-0.2302491142
COX17	-0.1155858626	-0.314214764	-0.3561109871	-0.2750047567	0.01982689441	0.1528900147	0.3036512823	-0.6827408931	-0.3959036334	0.2552600974	-0.186207932	-0.2355612129	0.2046431121	-0.03385174963	-0.1632333295	-0.07577841716
COX5B	-0.2214787676	-0.421325243	-0.5213128307	-0.2686048868	-0.0351810916	-0.3322272181	0.07893228719	0.1140948578	-0.01204132018	-0.53510693	0.09008272593	0.01739018005	-0.1508600119	-0.1562017636	-0.3044284778	0.1605381931
COX7A1	-0.4015143875	-0.9658636677	-0.4601741794	-0.9196977426	-0.2957123303	-0.8371111339	-0.4170632137	0.6392108688	0.01103400455	-1.335578181	-1.165874852	-0.6759728307	-0.1427193991	0.2889878154	-0.217028187	0.1916438418
COX7A2	-0.1803279811	-0.4505848179	-0.4126723626	-0.4273520833	0.05367680973	-0.5201363944	0.03485919473	-0.1186981723	-0.2522473967	-0.7751028317	-0.2194005688	-0.3046595871	-0.5113782134	-0.5083832591	-0.3181988766	0.1089600509
CPD	-0.4455262653	0.01729356967	-0.744483785	-0.6799371817	0.2339940456	1.025228808	0.5315493024	-0.1809272379	-0.2593323311	0.6438039497	0.3434764518	0.5265731676	0.3274247267	0.338196398	0.543208513	-0.1814095823
CPN1	-0.3085239559	-0.2844545623	-0.4757508736	-0.7939094035	0.7332102423	1.289034495	0.9774880201	0.5435922577	0.4698428943	1.01317045	1.21364224	1.07128438	1.858626664	1.311905735	0.9830003051	0.7267156319
CPNE3	-0.4247764939	-0.3186538987	-0.4370226109	-0.5049346945	0.1226982453	0.7659586236	0.3626449309	-0.398317036	-0.5504300847	0.4051253451	0.05048556309	0.1597465134	-0.007002521102	0.3076426942	0.3879259532	-0.1316970383
CPOX	-0.09019222033	-0.2607546803	-1.059195562	-0.2842524926	0.04569588167	-0.5098767271	-0.3437884563	-0.1010231743	-0.1859495806	-0.2326922211	-0.4152169552	-0.5122665849	-0.6507183346	-0.1223239365	-0.1869696915	-0.2143798129
CPPED1	-0.5535836975	-0.963219815	-0.998470506	-0.8756710864	-0.1102284456	0.2778451881	0.1086056996	-0.04463004106	-0.2663457255	0.1850851047	0.09474631241	-0.03263834165	-0.03601737317	0.1484823828	0.02695443602	-0.06212377301
CPT1A	-0.2314319719	-0.1716833203	0.1130310583	-0.08271616112	0.1239227619	-0.3564692941	-0.1847677052	-0.2820248782	-0.2373456855	-0.4767852729	-0.2205096748	0.2608856266	-0.5334647261	-0.002657251877	-0.1433547	-0.197408309
CRAT	-0.1722176408	-0.4141557295	-1.269191499	-0.3213754929	-0.09598099988	-0.4556590536	-0.3364855211	-0.13182068	-0.342341987	-0.3381721272	-0.4317329913	-0.7208232527	-0.5850299655	-0.1455144599	-0.2756722768	-0.05874024014
CRIP1	0.418245781	0.4204947443	0.4907406953	1.236379327	0.4073805966	2.572703903	1.765926516	-0.05916335769	-0.08162203199	0.6592021829	1.847632553	1.585486409	1.709505791	1.739641225	1.659007293	1.281810487
CRIP2	0.3937879074	0.7997990742	0.6307812367	0.7899840668	-0.09564902838	1.143541252	0.8824208791	0.2149208261	0.08114342958	0.5424740769	0.745484204	0.5215655144	0.8658831623	0.7404867083	0.3813319037	0.1694670174
CRK	-0.2594218357	-0.1248333908	-0.23320306	-0.3779089243	0.2675904751	0.7112891744	0.5076942191	-0.6203268864	-0.4526709997	0.3344692878	0.1933481514	0.05681190782	-0.04048354089	-0.33398424	0.2928587438	-0.11708977
CRKL	-0.2428567306	-0.3494809433	-0.2495987037	-0.5892783005	0.03361109842	0.6220789952	0.2768215137	0.01943135942	0.07856000026	0.09388210922	-0.2986141146	-0.1450134568	-0.2690863787	0.324927567	0.2035564635	-0.1056378394
CRYAB	0.1537085651	1.174685113	0.2735154891	0.6905180142	0.2094211483	0.8623061499	0.7791803089	0.9147670659	1.371699467	1.584975435	1.249717109	1.162789412	0.8479305094	0.4003715946	-0.3220498181	-0.1759240124
CRYL1	-0.8247837525	-1.21807226	-1.976993636	-1.12853463	-0.1864341606	-1.142673803	-0.6214425336	0.008573215395	-0.08916913831	-1.065053611	0.2599451547	0.1238904827	-0.3697007712	-0.219301367	-0.2911171471	0.07710694052
CRYM	-0.4605217755	-0.8482309258	-2.795402382	-1.062938184	0.2036669278	0.6795848427	0.6549329017	0.213878819	0.2379668239	0.3488325916	0.529955329	0.3795875121	0.403475433	0.4374052709	0.2701980348	0.04352331593
CRYZ	-0.5510199059	-1.027161591	-1.353147904	-1.343118947	-0.221227481	-0.8771051984	-0.6611540971	-0.6920379041	-0.2450082877	-1.002481852	-0.5814529599	-0.4419029772	-0.799205468	-0.6295423713	-0.4814649338	-0.2049438586
CS	-0.3635570727	-0.5860969833	-0.88276521	-0.8609452784	0.01465405346	0.03618997033	-0.1222322898	0.1464957497	0.002302295297	0.2410205144	0.3671712978	-0.03266790257	-0.04897812826	0.1691086419	-0.1728688929	-0.02953395305
CSAD	-0.2933984625	-0.2217099109	-1.246190199	-0.01354033999	-0.1618294976	-2.018111898	-1.434160591	-0.1417615318	-0.2995936146	-2.579096789	-2.596611972	-2.85019337	-1.985738102	-0.9147556717	-1.027347292	-0.2299313657
CSDE1	-0.2903644954	-0.5451694067	-0.4049089989	-0.5119350784	0.1434468047	0.4887481679	0.2819277942	-0.9098400492	-0.1084516029	0.112955508	0.3685471507	0.2258625545	0.2252055874	-1.084597278	0.1105351984	-0.03423074717
CSE1L	0.05656192199	0.003859333387	-0.1126880443	-0.2434707563	0.3543420514	0.4790546678	0.216772179	-0.7063981572	-0.1681140113	0.4104514996	0.1846734634	-0.05570188392	0.06589019178	-0.6710177769	0.1823715807	-0.1200379869
CSK	0.9196563249	0.8825277134	0.4318227541	0.6977655146	0.1294473946	1.521233164	0.7975820382	0.424104276	0.04382106049	1.151554052	0.5543611995	0.5697769595	1.244423404	1.139481103	0.8136830297	0.4362491274
CSNK2A1	-0.009787164065	0.03063818617	-0.005816762375	-0.012084649	0.08470861516	0.4683834764	0.3105563919	-0.2749506139	-0.2723224369	0.2145438626	0.1650710396	-0.001203051466	0.2004138178	0.03325030462	0.1407957249	-0.05070287822
CSNK2B	-0.01882859132	-0.127555312	-0.06532317021	0.1808301771	-0.001279147428	0.1682351095	-0.003154170897	0.143090936	0.1554292592	0.1089485915	0.2530961681	0.25634224	0.4455619783	0.0889843893	-0.2002158921	0.1422865635
CSRP1	0.8491288836	1.182656854	1.168991993	1.139443603	0.7161904152	1.846143628	1.515114312	1.239835895	1.202040635	0.9712746515	1.714610576	1.149649959	1.216593871	1.483703354	0.8964216125	0.9829574134
CSRP2	-0.4290750918	-0.5053500708	-1.281605147	-1.19862898	-0.246144949	-0.2444198059	0.08249931178	-0.1214044522	-0.04441223684	-0.9680763677	0.06585764797	-0.05968659232	-0.2844573405	-0.2055154561	-0.1049044314	0.09531049124
CST3	0.4137692128	0.282516996	0.2930513607	0.5912334721	0.2244835906	1.449995615	1.017100437	0.114764568	0.09193515876	8.064676691e-05	0.3666860337	0.658779461	0.898251743	0.8430881906	0.930299582	0.7585327104
CSTB	0.8081122558	1.131863821	1.257033435	1.537533838	1.221485928	2.625273314	1.765199391	-0.1616000739	0.1488728763	1.86795504	1.572931439	1.334963173	1.508011263	0.9619628854	0.7942568245	0.5267505309
CTBP1	-0.03050569621	-0.147783347	-0.2372879179	-0.0395504335	0.1627215348	0.5124429223	0.3553191007	0.1645685625	-0.07622706063	0.2101029896	0.0980357059	-0.008802892561	0.04504057351	0.2627246209	0.07752390321	0.08184850926
CTC1	-0.1073632536	-0.04466954901	-0.2500218988	0.2313941311	0.1998868504	0.5242895841	0.2375490907	0.3418929531	-0.05278764861	0.6515097636	0.6631149439	0.3901794431	0.9019512316	0.7716598705	0.3623564891	0.07317514902
CTH	-0.9467801851	-1.742639385	-2.539412886	-1.904983893	-0.7411868193	-1.808195903	-0.9416523235	-0.4510098381	-0.3478465965	-1.117536471	-0.5066534674	-0.6752121755	-1.184614442	-0.990401631	-0.7015029676	-0.3247070601
CTNNA1	-0.3624420531	-0.1481712818	-0.2536369166	-0.09591710118	0.1686576596	1.235646775	0.763596867	-0.1097081968	0.1145546482	0.712365	0.5094046727	0.4702598895	0.4851446971	0.407709759	0.3217875185	-0.01766752668
CTNNB1	-0.02619998883	0.09043828557	0.01767293078	-0.09209432242	0.451858105	0.89318436	0.4414347325	-0.3065810872	-0.1262568612	0.3795614275	0.0438656862	0.03065782967	0.3680429219	0.02078615467	0.4121275628	0.01882956552
CTNND1	-0.2466040615	0.02582262483	0.005747474521	0.04212369878	0.09437294047	0.4389572431	0.145421075	0.4840551643	0.06294620725	0.2451089979	0.6111637102	0.5926356243	0.8774417569	0.9507628952	0.3269810399	-0.001789150453
CTPS2	-0.1662722298	-0.2461668555	-0.4376716244	0.2600626535	0.2087009016	0.7438327653	0.5076680142	-0.3583065467	-0.2386302812	0.1259200874	-0.1090546168	0.08899291359	0.295831211	0.06769548418	0.2365201842	0.07454017608
CTSB	-0.1297356133	0.1685811056	0.1506664501	0.65311073	0.6296283195	0.9266160659	0.5194767552	0.1638770357	0.08082811211	0.8540237421	0.4331437814	0.5462739464	0.9065499364	0.7023583048	0.4149022553	0.3608741329
CTSC	0.2352174686	-0.04737309566	0.1358644467	0.2889221432	1.063159729	2.484045145	1.651823243	-0.05374367848	0.5529930359	1.082857041	1.549225155	1.876609126	2.298336723	1.613674517	1.712670064	1.096534354
CTSD	0.01975067648	-0.3239794455	0.08879271376	0.3797454706	0.349403024	2.015113881	1.828419932	0.1977933528	-0.024933868	1.352254777	1.476893545	1.678853784	1.408760432	0.9768024436	0.5839515115	0.5555558277
CTSH	0.5177479406	0.6566475889	0.6259973358	1.410604465	0.03196554403	0.3482111935	-0.0249463729	0.06585269298	-0.09797788271	-0.6583114762	-0.29010225	-0.1722460265	-0.1708778134	0.07019615103	0.07198806109	0.02193760563
CTSZ	-0.1193655851	-0.5031238173	-0.9428896065	-0.1127200872	0.3486476427	0.81103157	0.3245266982	0.1146000438	0.04772116532	0.2595759777	0.4650414856	0.6262741073	1.044468415	0.7561196175	0.5564552823	0.2439984752
CTTN	0.03510944128	0.3508036315	0.2094599432	0.5523131622	0.4202249837	1.380274822	0.8042708207	-0.2767285737	0.03174639352	1.004603847	0.8689959621	0.5415930917	0.6506064729	0.3856697447	0.3618914847	0.1167571363
CUBN	-0.974339237	-1.35383851	-2.303661378	-1.367157912	-0.1292834063	-1.100947473	-1.203217352	-0.1183780177	-0.2147644844	-0.4809561613	-1.073577559	-0.7487281053	-0.6125682639	-0.1804274823	-0.3178060069	-0.3286772139
CUL3	-0.235139834	-0.3181073083	-0.3869931336	-0.4379331898	0.001965274317	0.02737207215	-0.03882606066	-0.6557550252	0.180274899	-0.09635472588	-0.1877414884	-0.05818362037	-0.2737916039	-0.957539905	-0.08369598097	-0.1188965077
CUL5	-0.2682868238	-0.187219967	-0.3366441037	-0.5194545505	0.09757767906	0.2004224762	0.1414021247	-0.633103338	-0.05745062655	0.2424045784	0.009418651067	-0.1667765124	-0.08144633937	-0.9138898854	0.06717498271	-0.1760174686
CUTA	0.006495858872	-0.1678318069	-0.1637938012	0.1307716684	-0.04535509369	0.3279418493	0.2968322796	0.2276232725	0.02076492366	0.07487039066	0.1497372829	-0.05059704099	0.6135622494	0.2619680228	0.05639598256	0.1440887548
CYB5A	-0.2991427663	-0.6823340615	-0.6793359492	-0.2363532079	-0.4761575845	-1.385695283	-0.9036741097	-0.0008670093234	-0.2578052028	-0.9112679073	-0.2899940647	-0.7505404052	-0.7935101796	-0.6341473873	-0.3641686397	-0.1402728102
CYB5R3	-0.1729775391	-0.2644048754	-0.4078629705	0.1263231786	0.02758575279	0.992007018	0.5597627008	0.04224310098	-0.07684051498	0.7505037813	0.9693805276	0.6357843908	0.6677693952	0.5490444828	0.3692395267	0.2689315979
CYC1	-0.2144999923	-0.4413306156	-0.6273783654	-0.3889358899	-0.02731770603	-0.57840783	-0.2260855824	0.07299914425	-0.07366758787	-0.365008547	-0.09710965387	-0.4075347869	-0.5301521801	-0.2742247116	-0.3884480543	0.02587596562
CYFIP1	-0.06709834572	0.08056601408	-0.01074084937	-0.08358885912	0.3039372398	1.092149489	0.5562758732	-0.3526369455	-0.33352131	0.7931263528	0.4682600862	0.3949731385	0.6188321432	0.5993705689	0.5073900693	0.1184554609
CYGB	0.5645175644	0.6000265242	0.3777121238	-0.0928364764	0.4282297008	2.729784969	1.72835632	0.2230972992	0.1085285715	0.8960453319	1.877947413	1.969745413	2.987477652	3.055331585	2.678981555	1.652443917
CYP20A1	-0.3475521388	-0.2748923208	-0.5763781631	-0.4842834809	0.3685653216	1.185654359	0.7491140351	0.02818289207	-0.125651168	0.735687729	0.67328202	0.6676278158	0.6562625926	0.6043377457	0.4004542322	0.09990804782
CYP27A1	0.1388439436	-0.4027984761	-0.7114881023	-0.3029935737	-0.2216520725	-0.2946823848	-0.4527007991	-0.1494875441	-0.1679467688	-1.43460213	-0.9589811962	-0.2443577891	-0.5105283863	-0.439995904	-0.3500997919	0.06917059828
CYP39A1	-0.447911955	-1.105923038	-1.278085288	-1.855017987	0.1859473736	0.4546321847	0.4768828999	-0.6491734569	-0.4228519769	-0.4611656466	0.2522023494	0.4501156964	0.184672347	-0.4648505455	0.3360636077	-0.1386517221
D2HGDH	-0.224346003	-0.8657432847	-0.9142823232	-0.5702335983	-0.32955421	-0.7283493717	-0.7127206605	0.206024392	-0.2282273187	-0.8811218774	-1.044196301	-0.9781825549	-0.5966241211	-0.02075823588	-0.1611643198	-0.2566751557
DAB2	-0.7643886711	-1.043819134	-1.431446438	-1.070723966	0.3355487531	-0.2603134907	-0.3755166845	-0.04128593346	0.009220407238	0.2818475286	-0.4685114885	0.0448646876	0.1634131962	0.01193713414	-0.04754319446	-0.1981173358
DAD1	0.03255475031	-0.2298288805	-0.1811591737	-0.01379715546	-0.02221660802	0.3074224549	0.2624904255	0.07845870475	0.06249080828	0.1093331538	0.3032101656	0.1786025256	0.3644526718	0.01659638065	-0.158229123	0.1406459426
DAG1	-0.09690621492	0.3409467239	-0.06297785517	0.4667675325	0.08577554992	1.200796701	0.8047463708	0.4639107596	-0.1437475068	0.5755626507	0.4118737639	0.5513618614	1.005152181	1.402888191	0.829429459	0.1706452742
DAO	-0.02050756249	0.1862650055	-2.992161707	-1.11993977	-0.06916961137	-0.7873680502	-0.5352410956	0.358305709	-0.01640362138	-1.521843888	-0.9793641393	-0.5625978847	-0.1887846362	-0.156941186	-0.416268727	-0.106857746
DAP3	0.01825738693	-0.1142557187	-0.2083918777	0.1104883056	-0.02054738648	-0.03900723766	0.05964144666	-0.09776618381	-0.09855905049	-0.1462606367	0.07500201789	0.03320350239	-0.02109737863	0.006228996235	-0.1002756101	-0.02879376108
DAZAP1	0.120463652	0.1149840722	0.2017624968	0.260752547	0.2889407442	0.6663130363	0.4213231211	0.2083324091	0.2410255314	0.6469281138	0.4317154747	0.2379276595	0.3986075387	0.3078239392	0.08055418547	0.02951917224
DBI	-0.5155540882	-0.4785420751	-1.151143893	-0.2300332371	0.4740615001	0.6300399068	0.6307010258	-0.7125936251	-0.2031227809	0.2538816805	0.8602328483	0.3824776499	0.1874282599	-0.7992456663	-0.222776477	0.256645084
DBN1	0.1097858287	0.4177346264	0.3897815638	0.4400932241	-0.04304131786	1.255096116	0.8037950829	0.501487043	0.7364324909	1.143475073	1.456446525	1.089489505	1.473738662	1.567259209	0.8875334951	0.5444484229
DBNL	-0.03823584882	-0.1494400985	0.1085885442	0.2639882456	0.4070384549	1.143162728	0.6256874149	0.1814135874	-0.07298132953	0.6048097333	0.09410500092	-0.04272743472	0.6662555272	0.7577884813	0.469617552	0.3340004746
DBT	-0.5239591771	-0.7597029656	-1.109266094	-1.129101269	-0.2854006311	-1.047305356	-0.8969445902	-1.027650304	-0.3225200102	-0.545151799	-0.5015661072	-0.4442532536	-0.7728810203	-1.330164792	-0.4916714745	-0.4214196634
DCN	0.8036319765	1.588010197	1.277454476	0.007404408385	0.3716221108	2.117567868	1.414444641	-0.1553275493	0.2615095473	0.01634394825	0.4912889087	1.381891499	1.363082622	0.8437990068	1.473061686	2.282262561
DCTN1	0.0539337282	-0.005479960904	0.02520538527	0.07857215379	0.2088186992	0.6825848749	0.2942131152	0.4243871154	0.07981615233	0.3856583163	0.2105705207	0.3851420535	0.5079555728	0.6182489373	0.2826895452	0.09811882286
DCTN2	0.03970163911	0.1283764028	0.09778487388	0.4143022233	0.1746498281	0.7910566797	0.6467442844	-0.02761523417	0.02173404159	0.3315145526	0.2967489709	0.3283976748	0.4016801355	0.2506449204	0.1419940786	0.1299118861
DCTN3	-0.2039097495	-0.4035256948	-0.3226083613	-0.01378538983	0.05312277664	0.3337195215	0.3817835517	0.05677643971	0.179346886	-0.01404853872	0.08853694056	0.1249506484	0.08964860103	-0.01601177543	-0.104994847	0.1205281851
DCTN4	-0.1460437679	0.1068567107	0.1232541915	-0.09814915901	0.3099954448	0.950044602	0.5213659476	-0.3664242589	-0.08238046995	0.3844394726	0.3665880003	0.4274599501	0.4048515988	0.201388978	0.3405272486	0.007832640307
DCXR	-0.3202589642	-0.8486383638	-0.8731190721	-0.4680997879	-0.6021269958	-1.827438013	-0.8678894152	0.3275170372	0.04480842735	-1.487900773	-0.3379244681	-0.5418397752	-0.6528198082	-0.2619378791	-0.2854548005	0.02930458943
DDAH1	-1.125037044	-1.786490672	-2.441427175	-2.004170153	-0.06835292386	-0.4318751586	-0.4909402446	-0.1255973011	-0.2241658523	-0.05893937418	-0.3812910006	-0.3974278447	-0.6726471292	-0.4183055158	-0.4163024147	-0.2983803106
DDAH2	0.4182898429	0.5861620052	0.582088985	0.8181927077	0.7924205388	2.319650429	1.582336742	-0.003795409081	-0.1358037255	0.6651218163	1.448596415	1.170968774	1.860235779	1.573567133	1.395556375	0.5923183352
DDB1	0.0831417226	0.097599741	-0.08350380669	0.2736849078	0.3383653932	0.8989826901	0.3823762181	0.07242471817	-0.1909975899	0.3020866497	0.1785706491	0.4394595917	0.3698168434	0.5587408622	0.09477415126	-0.01828177377
DDO	-0.6418316742	-1.092596422	-1.243176037	-1.558450286	-0.2625968552	-0.2110912756	-0.4926825835	-0.3549083156	-0.1296905037	-0.1041491296	-1.597483488	-1.423816939	-0.003623490778	-0.2486462362	0.002256730498	-0.1537243929
DDOST	0.08663280481	-0.08409789717	-0.1146755307	0.3251171453	0.3025783644	0.8585346856	0.4771113851	0.3138291384	0.09578954998	0.5684721562	0.6371602989	0.4807996329	0.7206219344	0.564145094	0.2745672525	0.2265431203
DDX1	-0.1909082861	-0.3273323175	-0.3480390247	-0.2060574042	0.3146363409	0.19774738	0.1001065701	-1.042421794	-0.1404332664	0.173962449	0.05283068589	0.04747309934	0.01830254882	-1.198710684	-0.2032811304	-0.120553071
DDX17	-0.07124736738	-0.1245214222	-0.01109730977	-0.4200951641	0.3056642505	1.481426721	0.7676399083	0.3331452152	-0.009786201457	0.9975214291	-0.00308174947	-0.1085864318	0.9091266417	0.7480460194	0.4331617513	-0.09752226977
DDX19B	-0.1120862023	-0.1206702013	-0.108671827	0.08212423307	0.275834769	0.5851410406	0.2936189096	-0.3735630505	0.06300806403	0.2845886733	0.2382373898	0.2619417695	0.08007638155	-0.1720344438	0.02383654893	-0.005021460887
DDX39B	0.2032368791	0.125602154	0.212698035	0.2110615594	0.3897477936	1.039932843	0.6936416952	0.1158736558	0.3267358054	0.815647573	0.8493101811	0.6780353516	1.075969211	0.6628315227	0.3249013823	0.1569006599
DDX3X	-0.1319896925	0.1696473146	-0.06245965895	-0.3317409569	0.4540338994	0.330572839	0.2999007393	-0.9241173447	0.5359196669	0.05115960747	0.02087063143	-0.03861568995	-0.3595204108	-1.794512708	0.087349035	-0.117080791
DDX42	-0.006428122324	0.03717786958	0.1415889278	0.01548385945	0.259669283	0.80323085	0.4662801968	-0.4847812936	0.1914405361	0.1392432786	-0.07288273358	-0.01995202033	0.3034002825	-0.1119823915	0.2634373751	-0.01382091644
DDX46	-0.2152252492	-0.08467190208	-0.2803487789	-0.4284268232	0.3092780334	0.6956519683	0.5423875499	-0.8219875616	-0.1585625306	0.6189504516	0.1774488006	0.1685247431	0.1556577261	-0.9567601108	0.1631398646	-0.1413628776
DDX5	0.005090496331	-0.01268958965	-0.1338493478	-0.1229219048	0.1956111707	0.753889003	0.4833294318	-0.1265203414	0.7700984893	0.1983507857	-0.1533822006	-0.140702519	0.05999800206	-0.4222229317	-0.08834726231	-0.108358038
DDX6	0.04697989215	0.1250690675	0.02890475506	-0.1706225486	0.1076456299	0.7867382636	0.470147139	-0.2472310393	-0.2402341049	-0.009211975047	-0.1145322926	0.03158847659	-0.03049114741	0.4567410286	0.5637743016	-0.1160961633
DECR1	-0.6984843994	-1.235060238	-1.139601237	-0.9053489197	0.1891667525	-0.386787185	-0.1397810724	-0.7756392113	-0.552373931	-0.4079070758	-0.06999117535	-0.6648100961	-0.9050106941	-0.8007224265	-0.4953616867	-0.06571188599
DECR2	0.07490598703	-0.03719495622	-0.07554954637	0.1500722179	-0.3869377489	-0.1488315819	-0.09232469924	-0.421192048	-0.6057400154	-0.3190143026	0.3787193046	0.03565633026	-0.3857029361	0.06574108709	-0.04910736335	-0.06809544887
DEK	-0.04563074342	0.1035024006	0.01920947811	-0.1716827841	0.5844794241	0.6492560881	0.5615324741	-1.023845245	-0.3645248234	0.4920457178	0.6397975024	0.399501194	0.1023403346	-1.443244629	0.01935523435	-0.06661787152
DENND6A	-0.1422254427	0.09120793696	-0.01739860444	-0.2781794868	0.1588121439	0.4855469253	0.2079427178	-0.2591809388	-0.4801333833	-0.05656409412	-0.0212556124	0.05370907219	-0.0442120257	0.1093634643	0.1650957566	-0.09596383816
DENR	-0.1542420081	-0.1045490796	-0.1531170051	-0.01653641137	0.1902127217	0.5444309149	0.4919466518	-0.5714554782	0.05200898971	0.6451196395	0.4157819327	0.1770475473	0.3152850671	-0.4248203869	-0.007050690087	0.1163429362
DERA	-0.2318425604	-0.4547137475	-0.3867991359	-0.1100784107	0.1763600506	-0.5063003061	-0.1920348881	-0.01192252767	-0.04493575304	-0.1670882249	0.08361062666	-0.05115649565	-0.3940937387	-0.3112178538	-0.2941853817	0.02249511933
DES	0.1065031938	0.1294784852	0.5570674137	0.3681667405	0.1840879417	1.697334409	0.8948186961	0.5093663264	-0.08577931608	1.637799834	1.665814157	0.7173787724	1.150686101	1.077534557	1.02117223	0.7816916144
DHDH	-1.084535609	-2.783072649	-2.993380163	-2.78594483	-0.4592456382	-0.3961030126	-0.6785589859	-0.3696729492	-0.6208023731	-0.7973969677	-1.478276821	-1.408287343	-0.8664968073	-0.5521341079	-0.2582905938	-0.688607494
DHODH	-0.2234106691	-0.4133887922	-0.5944016292	-0.2708628217	-0.1036268206	0.1727431128	0.1536437343	0.03695883927	-0.2091853237	0.1882634583	0.1761214878	-0.1088651436	0.02607356308	0.1649547372	0.0006186035984	-0.07681880566
DHRS1	-0.1193081571	-0.1495854561	-0.1500785674	0.1278449838	-0.3576473254	-0.1295395044	-0.2460186493	-0.0160451409	-0.1429412566	0.09681664018	0.02167667279	-0.4317970902	-0.01865768994	-0.05354125828	-0.2274924759	-0.02631432226
DHRS7	-0.3436674368	-0.3837933785	-0.8361509566	0.008451037863	0.2799965711	1.243341791	0.7910562061	-0.2116847398	-0.09327061371	0.9795118978	0.554007638	0.7500337516	1.109711645	0.8007143968	0.8100310103	0.1926875157
DHTKD1	-0.6121545087	-0.876152074	-1.227619344	-1.011442711	-0.9212915476	-1.801099646	-1.237361962	-0.1500489563	-0.5364096444	-1.521273509	-1.28699288	-0.7590971067	-1.332357854	-0.4873105599	-0.4648651607	-0.5303180589
DHX15	-0.05769478801	0.07374160866	-0.1131256064	-0.1529251179	0.3381150349	0.5188235567	0.3185849816	-0.5355733379	0.02567608445	0.400016022	0.2246792328	0.231965861	0.02713072068	-0.4140400768	0.09973031053	-0.1153828651
DHX9	-0.1948955187	-0.1046622132	-0.3400301646	-0.2876387103	0.5980277298	0.6308856065	0.3655197131	-0.9846832341	-0.03371505707	0.6068323622	0.350704685	0.2790207076	0.2114299081	-0.943503736	0.3106707237	-0.1594826976
DIABLO	-0.07903863242	-0.1449706112	-0.06727980053	0.1987672294	0.1205762181	0.4283184795	0.2983295879	0.1057544595	-0.08977839088	0.1189070521	0.05482404187	-0.1002044101	0.2095405654	0.266714827	0.1261100582	0.05699766111
DLAT	-0.4445997363	-0.698439602	-0.5101979094	-0.9674181328	-0.06255146361	-0.5248428579	-0.3072839018	-0.348934282	-0.3846004014	-0.3228409656	-0.09722393713	-0.4818523167	-0.6339831684	-0.4244200662	-0.3135552479	-0.1783540022
DLD	-0.5487857536	-0.7848031175	-1.115322622	-0.8766987058	0.008650664751	-0.8527196029	-0.5311140668	-1.053122349	-0.3489876398	-0.7055287354	-0.3578502811	-0.5843548028	-0.8376646528	-1.786867435	-0.4747529834	-0.1953498178
DLG1	-0.3539482956	-0.3822207989	-0.09290286416	-0.5792607513	0.1408915435	0.6848517011	0.3653329855	-0.4207368926	-0.1246603845	0.2758897396	0.03818990554	-0.0911520863	-0.00318752825	-0.210072076	0.1769275716	-0.08913486208
DLST	-0.3222318098	-0.8064563965	-0.9069942474	-0.871857954	-0.155796409	-0.6210594467	-0.5135388925	0.0882152243	-0.1227350499	-0.4153208291	0.02876975826	-0.3148149175	-0.461061629	-0.01261362682	-0.2532574941	-0.0306766257
DMGDH	-0.9213179354	-1.747120075	-2.375175355	-1.699588806	-0.3485833164	-3.343314268	-2.362872775	-0.444630478	-0.3534398677	-1.978411368	-2.060101968	-2.149340129	-2.22979082	-1.359753985	-1.235833229	-0.3110860633
DMTN	-0.4875157552	-0.9040786436	-0.7664994838	-0.7913702526	-0.1566895177	-0.3567082269	-0.2452585635	0.7778145984	0.1321859737	0.05646978053	-0.04433076179	-0.6162522931	0.1212395861	0.295089896	0.02881876668	0.001068418616
DNAJA1	-0.2413176354	-0.494125289	0.05231375841	-0.3606460091	-0.2788115625	-0.2261339825	-0.2779884468	0.9257790485	2.01390706	-0.4644216627	-0.6564619843	-0.7358207953	-0.09119278601	-0.9112019062	0.1339926754	0.08158413656
DNAJA2	-0.1844946254	-0.2757427818	-0.2272100236	-0.1215808924	0.03376620043	0.3672480617	0.2370705135	-0.3082891748	0.2011019122	0.3888171208	0.2852375582	0.1882303405	0.1909658897	-0.1689255967	0.1386949093	-0.04081091643
DNAJA3	-0.2692675112	-0.4807798367	-0.6777422371	-0.4311682554	0.04155223271	-0.3174790876	-0.2989016474	-0.1094160816	-0.4095728852	-0.001982669297	-0.2779485768	-0.4750930229	-0.4095063211	-0.1270454743	-0.2525071768	-0.1157148146
DNAJA4	0.222459019	0.8125643839	-0.2228949475	0.7861718747	-0.5952313416	-0.3554194073	-0.2622823263	0.8936647662	1.129129849	-0.4895786383	-0.5954235604	-0.7364895239	-0.7996719235	-0.1120654803	-0.1181861604	-0.0944378726
DNAJC11	-0.09805775755	-0.1427622571	-0.3169556193	-0.1174677635	0.1726157398	0.1958877637	0.1920403295	0.0556788004	-0.2922929408	0.570289583	0.3950675783	-0.1213119457	0.1352771067	0.110891101	-0.1314844781	0.07229602558
DNAJC13	-0.2970376604	-0.3116685378	-0.4087880521	-0.644363197	0.290843412	-0.1601012105	-0.485849908	-0.8532922998	-0.4626879014	-0.4107887565	-0.8863158177	-0.4722662974	-0.5094373809	-1.110606875	0.07176509769	-0.3205482803
DNAJC3	0.1118167918	0.2345893212	-0.4335321348	-0.1438839353	0.2453946027	0.1912104528	0.01422146289	-0.6945113493	-0.09931045166	-0.1883260034	-0.2671003035	-0.25712322	-0.4422020588	-1.027592332	-0.08917583439	-0.08245200816
DNAJC8	0.07305048297	-0.05911630537	0.1944561147	0.2002985701	0.2103250973	0.8316128385	0.6135204923	-0.377509017	-0.1471806962	0.7174799039	0.5372274822	0.2319650164	0.4795200542	0.2231661326	0.2784357449	0.09204904251
DNASE2	0.1332767424	0.1868721779	0.1564668109	0.7664372023	0.2316797202	0.9631286987	0.7637947884	-0.04239627685	-0.2016951726	-0.09773158439	-0.1701528937	-0.03210252707	0.7883785105	0.7457275865	0.5583182056	0.2529676516
DNM2	-0.0902155048	-0.07233568531	-0.06638406917	-0.0006600311603	0.1510315382	0.7058464059	0.3480633872	0.2647765907	0.08949986293	0.5919479873	0.4897943521	0.3599313168	0.4617599025	0.4492942721	0.2036643645	0.1215137197
DNPEP	0.4306243129	0.2294766108	0.1150831217	0.4930507763	0.08686422973	0.6517700269	0.4107889052	-0.007850640791	-0.253730551	0.2064340471	0.2501378066	0.1966406797	0.3882528386	0.3496802546	0.2664311667	0.105022454
DPEP1	-0.5439149137	-0.8442448783	-0.2856800367	-0.574193296	-0.1538204445	-0.6597681806	-0.6081922554	0.5082952613	0.2184595527	-1.55378039	-0.4090484429	-0.01943762265	-0.2388850267	-0.01995112993	-0.03810308669	0.1466228956
DPM1	-0.215991004	-0.2867105686	-0.2893565519	-0.1584218492	0.1265818873	0.6013907985	0.3085289421	0.1412903498	0.7625742101	0.08953949068	-0.1379227879	0.02755258338	0.08573039012	-0.2413172031	-0.125782604	-0.05425738122
DPP3	-0.1401274503	0.09785427917	-0.1053153147	0.602713743	0.239622915	0.8441243323	0.4481264611	0.2967004911	-0.136169976	0.5318330369	0.5019718948	0.3673132348	0.5237308332	0.5887852698	0.1915596898	0.1076056702
DPP4	-0.7768581137	-1.237281984	-2.796188083	-1.414921338	0.1435358236	0.4670174747	0.1038402044	-0.4615370337	-0.06390902865	-0.3911027903	-0.1637970843	-0.05507931764	-0.02666774939	-0.5882488202	0.2603094143	-0.06699817462
DPP7	0.09075360287	-0.04412352728	0.3320884356	0.3024747302	0.7786035636	0.195203242	-0.09310721473	0.225904303	0.04785685101	-1.01953911	-1.679148849	-0.5001012787	0.5262985246	0.2722003561	-0.04950296298	0.2510232363
DPY30	-0.15157688	-0.1669983656	-0.1642921142	0.05410631374	0.1511684736	0.4704005203	0.3456998318	-0.1103413856	-0.2255316858	0.3210674877	0.3932523608	0.1979612129	0.2968535449	-0.1077086411	-0.01028260853	0.1519492519
DPYD	-0.3119406251	-0.2067692201	-0.6893219499	-1.240561047	-0.2469047542	-0.1415230203	-0.2031440464	-0.8926240525	-0.3147879986	-0.9084483575	-0.7155585121	-0.3242264926	-0.9030402477	-1.139862769	-0.2892872185	-0.4259407742
DPYS	-0.8064111295	-1.749804436	-3.825313589	-2.267380046	-0.3437355217	-2.522520045	-1.572476994	-0.7498251367	-0.7097463887	-2.925466997	-2.528707214	-2.544578465	-1.971679031	-1.416645211	-1.341821838	-0.2306578169
DPYSL3	0.4511294114	0.5423990593	0.3598483535	-0.4210302211	1.044469394	3.631399576	2.207249765	-0.1493049765	0.0941047579	1.439928826	1.775348027	2.073282854	3.053536732	2.979286493	2.877804063	1.353035468
DRG1	-0.1226395326	-0.1894246278	-0.1416759261	0.1590135915	0.3975959191	0.7825613507	0.5455017248	-0.1671065908	-0.2453938591	0.4624091329	0.2065460636	0.2282923291	0.4660604268	0.2455191063	0.1873664783	0.02957579143
DRG2	-0.05348961287	-0.4102434369	-0.2605962702	-0.1190305775	0.0776181398	0.3196841774	0.1515140037	0.09744916785	-0.03850734805	0.2265381421	-0.03960515459	-0.02456993506	0.1996015154	0.1246693759	-0.1489600968	-0.03206393296
DSTN	-0.2019017297	-0.288989643	-0.005343269975	0.159952996	0.3345656646	0.8748064851	0.6793315569	-0.3675984182	0.1150517333	0.5325023134	0.599111672	0.4943099502	0.2176718983	-0.1927592774	0.07458689988	0.08667142566
DYNC1H1	-0.003171389382	-0.0162324963	-0.01836142046	-0.1262787619	0.5439545631	1.320238088	0.6047314023	0.4237851717	-0.1462610483	0.6166038501	-0.1220507922	0.182097638	0.3023442269	0.9028953963	0.4788702932	-0.02121180252
DYNC1I2	-0.2419306643	-0.2087848066	-0.244381333	-0.07838856343	0.5438862383	1.260925546	0.9160947986	-0.4415488385	-0.295795111	0.4149692657	0.6636565853	0.7596660976	0.5523064324	0.2280834781	0.3157009727	-0.006092713214
DYNC1LI1	-0.05373355195	0.1090095821	-0.08296272449	-0.03877795341	0.2767518039	0.1592401396	0.03087749308	-0.1572297532	0.1639745108	0.2968290326	0.1107423978	0.1333939218	0.1340816054	0.06115280896	0.07900063103	0.02825405691
DYNC1LI2	-0.07244054238	0.04624629917	0.05151513413	-0.1544616354	0.3672015105	1.273985324	0.7338442651	-0.6435435985	-0.05411046964	0.6077679448	0.5228351054	0.320137662	0.4462679985	-0.01023909803	0.341732886	0.01253755565
DYNLL2	-0.170272641	-0.5182974672	-0.3259702171	-0.3635122437	-0.4417504843	-0.2300888086	-0.2681233349	-0.000982383775	-0.08074081158	-0.3630764406	-0.5018270991	-0.7815903562	-0.2753575957	-0.02286916052	0.03137116429	-0.1197109511
DYNLRB1	-0.05263295347	-0.2088477196	0.04493868396	-0.06134233195	0.06952922529	0.5357438658	0.4040643613	-0.2815434532	-0.2145371697	0.1169815836	0.3162655898	0.1153414757	0.3508875062	-0.173933045	0.01626966938	0.2135142601
DYNLT3	-0.04354798536	0.07041208095	0.2453444704	0.08015557777	0.09926910205	0.1189699369	0.08463585288	-0.569077572	-0.3012018596	-0.1324556588	0.07499435117	-0.03021499601	-0.2640828994	-1.11986723	-0.0826354772	0.09441394079
DYSF	-0.1486081852	-0.5417254175	0.3306062871	-0.4767931962	0.4519230233	1.309101281	0.9451213323	0.5951741332	0.3338162744	2.145722919	1.304747681	0.880163458	1.144043916	1.138966419	0.6454533801	0.07060718012
ECH1	-0.005518404246	-0.1006845747	-0.5163415235	0.1258395425	0.12927799	-0.7838083332	-0.2322824381	-0.4330994821	-0.3471748056	-0.898001122	-0.5374541674	-0.6215127359	-1.156490557	-0.7339199039	-0.5424724423	-0.1222788863
ECHDC1	0.2401292455	0.001783217967	-0.9177600555	-0.6273808159	-0.04324495725	-0.1849772096	-0.2591053508	-0.8050120478	-0.2610740807	-0.07346945809	-0.5574992962	-0.5439596159	-0.5743055843	-1.034477641	-0.08429138633	-0.05501514785
ECHDC2	-0.5558503399	-0.7932597091	-0.7548813778	-0.2026656016	-0.1214812044	-0.1017897177	-0.137787884	-0.246211694	-0.229057317	-0.9362733493	-0.6314422038	-0.7453117564	-0.4330687483	-0.436961303	-0.4132588267	-0.1401028611
ECHDC3	-0.6706126076	-1.070493205	-0.9913478534	-1.233476175	-0.2842121053	-1.050599821	-0.7997115494	0.04807259819	-0.2691995021	-1.111325139	-0.7905643786	-0.578582213	-0.5485124647	-0.3982667509	-0.4700418558	-0.0002471249072
ECHS1	-0.4438872552	-1.183933238	-1.527125005	-0.9883886401	-0.2526144288	-0.8170070623	-0.4988175925	-0.1107492541	-0.2169600634	-0.7740241582	-0.2325034591	-0.1934010316	-0.5173487849	-0.3104989249	-0.3351018381	-0.09288231708
ECI1	-0.4769844971	-0.9417557845	-1.396004234	-0.5077190681	0.2353511625	0.1711288304	0.2953160768	-0.8162277406	-0.7051242469	-0.4142061198	0.4028577798	0.03888665036	-0.6285969575	-0.5879936521	-0.4130740324	0.1887163362
ECI2	-0.5343122291	-1.250801088	-0.9545955492	-0.8713997709	0.1524694872	-0.1371198991	0.195247426	-0.8859632415	-0.4174143427	-0.5559307623	0.02299944459	-0.139458147	-0.5953519981	-0.6364559955	-0.4051365523	-0.1198272641
ECM1	0.4424355228	1.317978367	0.5618430596	0.9046773448	-0.02091802433	0.2595995047	-0.01684799601	0.8387857035	0.8174626949	0.478590757	0.8448818487	0.3324061068	0.07814474393	-0.04054415153	-0.1593111222	0.3744788673
EDF1	0.03224460857	-0.1151050807	-0.04424088971	0.3602389701	0.243671324	0.3286553412	0.29783565	0.1268276763	0.06723988721	0.2174819263	0.2338533831	0.1157772156	0.3753734699	0.06871893875	-0.1417144565	0.252027612
EEA1	-0.6493080092	-0.7548033177	-1.047450531	-1.493539484	0.1862255589	0.326029012	0.1386840795	-1.126924002	-0.09585152698	0.3240625254	-0.2584830508	-0.1957082873	-0.5203857353	-1.890030832	0.04598758172	-0.2001937204
EEF1A1	-0.05809075395	-0.1309683568	-0.1625723725	0.1704038389	0.1602264192	0.78354203	0.5491582213	-0.4090067225	-0.06098969894	0.4000301452	0.2913302163	0.4966152827	0.4203312983	-0.09727732576	0.1485547342	0.03189423257
EEF1D	0.09229655611	-0.1928832076	-0.270196585	0.1693481976	0.1197559368	0.4765120006	0.4094279287	0.1125978251	0.005242131237	0.6172652098	0.471922112	0.3944472053	0.6119820681	0.4514873193	0.1793283289	0.1778783842
EEF1G	0.0903629571	-0.03411242883	-0.1786317754	0.1849536708	0.312786087	0.6653685588	0.4967719832	0.187757479	0.1565346292	1.117493252	0.7964871761	0.4749841823	0.8530808818	0.5196442242	0.2203326772	0.1929182636
EEF2	0.0053551131	-0.09131488976	-0.2977992666	0.09159553086	0.09114048545	0.4913998896	0.2277621692	0.3540011717	0.01795159994	-0.07771874466	0.03440750807	0.3621607008	0.2180942261	0.4532864659	0.174404488	0.01648113366
EFEMP1	-0.3091207783	-0.6217453253	-1.990033405	-2.284422275	0.3399225515	1.681549357	1.620392333	0.1681087146	-0.04893970107	1.513830266	1.503482417	1.192593898	1.720134736	1.577480841	1.087313846	0.7300359325
EFEMP2	0.9880188461	1.647618138	0.9127501999	1.065171556	0.4007477146	1.976762025	1.225056766	0.3518854814	0.2340033748	1.999702503	2.348826096	2.018945435	3.018411405	2.793379582	2.229771198	1.14041069
EFHD1	-0.4466198413	-0.7408958413	-0.2643434885	-0.8821143238	-0.169363027	0.3908462492	0.7978992451	0.4113609411	-0.0800792729	-0.5678343612	-0.1764028949	-0.2709324359	-0.2933949409	0.1267874599	-0.1337164627	0.03146885961
EFHD2	0.7449163532	1.003926481	1.093584612	1.199617249	1.671972708	3.026645603	1.795860649	0.4148276629	1.211422615	1.127394466	1.317205573	1.510958791	1.93993716	1.741165061	1.61445356	0.7782454037
EFTUD2	0.02496801208	-0.01094166043	-0.004570397796	0.133539846	0.4856024028	0.867938276	0.5395430605	0.2813947379	-0.05151791427	0.7422211309	0.4562884702	0.4769187966	0.6661026109	0.7583865946	0.3185361152	0.09143389328
EHD1	-0.01622083251	-0.3718545616	-0.374921001	-0.0138096022	0.2607113576	0.5304775152	-0.02676064398	0.5576986436	0.4364701752	0.7470060292	0.2472252386	-0.1005899355	0.279526843	0.3651374019	-0.02020441699	-0.02681907549
EHD2	0.5912474516	1.027009307	0.728597139	0.7578189929	0.3526768351	1.665095101	0.8974162759	0.5401070227	-0.001398204962	1.986523616	1.849945715	1.07330571	1.527777588	1.636389116	1.216151334	0.6140852857
EHD3	-0.6105458704	-0.8296719435	-0.3268931775	-0.5612954593	-0.2454393334	0.08375119103	-0.2363578968	0.6759607368	-0.3289421238	0.04588007974	0.6209186722	0.5170074282	-0.112039062	0.3274358372	0.526101651	-0.3835859933
EHD4	0.07104449952	-0.04699217496	0.6627901897	0.1476713374	0.05788489948	1.308741027	0.8770239301	0.3905296299	0.497784333	1.416105043	1.406872469	1.072931344	1.18273149	1.184135909	0.8850234991	0.4175762705
EHHADH	-0.3373812169	-0.7624060913	-2.096143551	-1.04514364	0.5091951707	-1.495691136	-0.4236869173	-0.9749560646	-0.7972692519	-1.416069651	-0.9869402306	-0.6673887303	-1.799267644	-1.240822298	-1.234361437	-0.1984819501
EIF2A	-0.1677125694	-0.2302522908	-0.3058904057	-0.1045154499	0.1586023237	0.3477412373	0.214973526	-0.9444171362	-0.09884639059	0.1419519123	0.1414317263	0.2788405431	0.06153613209	-0.8421616818	0.07630101877	-0.03934777701
EIF2AK2	0.5249227937	0.9118809092	0.7953685348	0.04620357123	0.2634850199	1.253578922	0.758002042	-0.9681198823	-0.4486551365	0.8205694904	0.3478694815	0.0770220866	0.1923985175	-0.5679835917	0.4791723591	0.2020464072
EIF2S1	0.1362694675	0.2237214152	0.06401292112	0.2458661989	0.4732361855	0.6378557709	0.2783203391	-0.6722652639	-0.09927190343	0.6671552996	0.3569519393	0.1534132706	0.1643528836	-0.6693599403	0.0403502477	0.04891090322
EIF2S2	0.06550825074	0.1673861677	-0.03921454706	0.2980453022	0.429858621	0.7112702504	0.7429355342	-0.7798275199	0.1969232834	0.5641603677	0.5748178083	0.4369317584	0.1851809819	-0.9901057418	-0.1536261758	0.002607778995
EIF3A	-0.08925297453	-0.06060236872	-0.2717378922	-0.2226167904	0.4993459441	0.9537914776	0.5272664729	-0.9466153214	0.2172653585	0.6343775111	0.3452641664	0.4695978376	0.2960250789	-1.188751124	0.2758982693	-0.0191539099
EIF3B	0.09439539688	0.1222687553	-0.03088233121	0.2862310402	0.4150957515	0.7260852952	0.4746868199	0.3258990331	0.02323380371	0.7834967531	0.3698423415	0.3135175632	0.4072044906	0.445891744	0.07412187538	0.1045100808
EIF3D	0.201913197	0.1132835219	0.08373963951	0.4006550442	0.3753401276	0.9172496721	0.6278574177	0.2712567121	0.2145061426	0.6448222202	0.5821833858	0.5664435207	0.6395229701	0.6188493525	0.2205794371	0.2015313169
EIF3E	-0.06653949781	-0.1577862411	-0.3360203919	0.06852604456	0.1678958028	0.614907094	0.4882384757	-0.4040339217	-0.1681700119	0.103992074	0.1247173959	0.3426188792	0.255936755	-0.1403177701	0.2696759588	0.06662261274
EIF3F	0.09858549962	0.03024360317	-0.08648433715	0.4536286361	0.1780866604	1.19768042	1.065507849	0.1672183443	0.3253405897	0.7810751241	0.8600200318	0.9054849414	1.091623089	0.7092441764	0.3582029464	0.2720323577
EIF3G	0.1377893586	-0.04083500958	-0.01259262956	0.3268917659	0.340352979	0.7718026657	0.6513225542	0.05085527844	0.08271138785	0.50361058	0.2297199504	0.2850653218	0.5125515045	0.3427502195	0.1157414043	0.1922707066
EIF3H	0.01070317097	-0.09313117592	-0.1316899834	0.103128084	0.198548936	0.5815739982	0.5121884494	-0.09328920475	-0.01193385688	0.03855956487	0.2304704656	0.3980005263	0.2884266176	0.1813702523	0.1630756021	0.08998378891
EIF3I	0.1626202587	0.1307738438	0.0638660493	0.4965792526	0.2522863213	0.4489803909	0.5229945496	0.0441844804	-0.06457585013	0.4109583876	0.4872360583	0.3488965529	0.3421155239	0.1654610789	0.0301206035	0.1023290189
EIF3K	0.08469745776	-0.07289966355	-0.06148268505	0.2604395403	0.1052381893	0.5803420758	0.5041171013	0.1744099419	0.02095625466	0.1448142983	0.2889247592	0.3732966887	0.4720577241	0.3489677956	0.1269185332	0.2118563236
EIF3L	-0.1480578334	-0.3076816838	-0.4433888742	-0.06922245865	0.09033237364	0.5667281775	0.3765369563	-0.06966510975	-0.1103211162	0.3218787225	0.2096451244	0.2360834979	0.3193405265	0.1274463227	0.02404482791	0.09350078127
EIF3M	-0.09595790264	-0.1026298536	-0.3290861769	0.3271732356	0.3671311148	0.6395239749	0.6743590528	-0.5057032529	-0.2645199484	-0.08626404885	0.177360927	0.4585774028	0.07455900983	-0.3874432491	0.05745179073	0.09802632399
EIF4A1	0.4641706333	0.8425892669	0.376384412	1.006427324	0.6670462302	1.311098243	0.8691326318	-0.3304035721	0.4084209448	0.925153406	0.7115836846	0.5457732545	0.7009631644	0.1271892392	0.3569656464	0.1694969837
EIF4A2	-0.2737508312	-0.4831277338	-0.2312766637	-0.3299927627	-0.1582321781	-0.1078534233	-0.2801984062	-0.7658347016	-0.01507973418	-0.2058046422	-0.5530922852	-0.2847796833	-0.2501077532	-1.12392692	-0.2573176677	-0.07203219433
EIF4A3	0.2024680761	0.2196890104	0.2280337179	0.4564900841	0.3348608624	0.5654257384	0.4601542725	0.2127462082	0.4632983774	0.5443558043	0.5459691808	0.3700499662	0.704719123	0.3813110665	0.08895066305	0.08586870508
EIF4B	-0.01762555094	-0.130564824	-0.2797051213	-0.01151894527	0.03688533188	0.5684782555	0.2627289999	-0.08951349601	-0.1808438173	-0.1242938761	0.1894031709	0.574836604	0.3714485083	0.4207628652	0.320717175	-0.06520005652
EIF4E	-0.1606769089	-0.1074108152	-0.1484269921	-0.2263046238	0.2701188869	0.2767802575	0.2212214399	-0.1924668439	0.3711352125	0.4206235496	0.3073457549	-0.0434217861	-0.05408473491	-0.3004019135	-0.04469868495	-0.02893747768
EIF4G1	-0.1557796087	-0.1411071812	-0.3794484772	-0.04980946754	0.4059161489	0.4695265062	0.08025733644	0.1734042961	-0.002931664252	0.4407923223	0.06794377115	-0.008561385968	0.1192203079	0.3606765604	0.01678451858	-0.09996138678
EIF4G2	-0.1627068991	-0.07554753456	-0.1238888805	-0.3277987619	0.1924164158	0.2431085942	0.06409425622	-0.4025826809	-0.06018137197	0.001674257916	-0.1728001202	-0.2415672899	-0.3553008254	-0.3456647565	-0.06136679231	-0.1204459712
EIF4H	-0.08511332466	-0.2002643127	-0.1371907308	-0.09611452865	0.2498398346	0.7201892298	0.4792002138	0.1311922599	0.01663097277	0.2989727316	0.355909897	0.2972163925	0.381340155	0.4902434797	0.193139852	0.07570101775
EIF5	-0.2429394725	-0.07061434172	-0.343260804	-0.4738254515	0.4375319941	0.08296662277	0.2025865007	-0.7323300782	0.5921575023	0.1561425961	-0.005033115362	-0.1214688479	-0.3707204929	-1.235744637	-0.3165905838	-0.08735545853
EIF5A	0.012507511	-0.01414615927	-0.1638611673	0.2863027217	0.2133252821	0.4375748373	0.2439841713	0.1451246424	-0.01184571184	0.6395489156	0.4835466372	0.2574617683	0.1424312683	0.1229680712	-0.04673505745	0.1410292329
EIF5B	-0.01453937068	-0.09939153543	-0.1395174317	-0.01525036285	0.4151248954	1.017044894	0.780159912	-0.8924257177	-0.08128052912	0.5952156088	0.4273857975	0.4830840809	0.5914976577	-0.8001553877	0.08713104099	0.06260424589
EIF6	-0.0218293781	0.08418548912	-0.191690587	0.508655866	0.8579429156	2.046588791	1.374610131	0.1044376179	0.5790212941	1.40778493	1.034700276	0.9632525552	1.00963555	0.7190982267	0.4595301785	0.2634779761
ELAVL1	-0.1163910417	-0.1828133954	-0.07667182886	-0.1216302431	0.08205693464	0.622717399	0.3628053189	0.4084248347	0.4878307563	0.628071914	0.319803663	0.1800196624	0.6048710895	0.5971304633	0.1564101162	0.02980963335
EMC1	-0.1002445796	-0.2244587616	-0.2100066652	-0.2542467457	0.004360575271	0.4549117275	0.3876189659	0.1722794374	-0.1004709767	0.2785875377	0.0813175975	-0.02974732589	0.09708657665	0.3985096089	-0.07421451807	-0.06575061364
EMD	0.2565985176	0.3891491243	0.65030623	0.776372859	0.237965947	1.576646149	1.054845788	0.6491585865	0.8570579123	0.7173517227	0.7079170696	0.5476564754	0.6368826646	0.6201093975	0.3765733151	0.2555791826
EMILIN1	0.6949649661	1.291295642	0.7286791444	0.7058070961	0.9648804168	2.03083608	1.070575024	0.5524533457	0.389776905	1.837063633	2.57459052	1.962024382	2.368349785	2.326487503	1.877766659	1.026847812
EML2	0.1655474274	0.28326434	0.2123267356	0.5205573908	0.071849946	1.051677237	0.6350407695	0.1465263741	0.001264930849	0.9269194662	0.5972141944	0.5954694792	1.161669868	1.037525166	0.6246325615	0.162718534
EML4	0.3191061071	0.5705892584	0.4997673382	0.1831333706	0.3818093716	1.259071357	0.6617775299	-0.4523741982	0.1754983694	0.6754385161	0.370858848	0.4230474187	0.5056321101	0.1704186643	0.6202250375	0.2341089697
ENAH	-0.2137176033	-0.1797560711	-0.1202782065	-0.2096767962	0.1377682279	0.4969342524	0.3248932678	-0.05071097121	0.05724670487	0.4083868144	0.1502641097	0.1779593244	0.2792744051	0.1643724677	0.1771911376	-0.07966573872
ENDOD1	0.7342044124	1.218296045	0.823189407	0.4637039328	0.7208465708	1.750530543	1.104328558	0.2758772334	0.09782698884	0.9531062532	0.9116989015	0.5925560876	1.067900965	1.237147813	1.07338334	0.6998667136
ENDOG	-0.3256360523	-0.660253294	-1.352780231	-0.8148241245	-0.1150057381	-0.733225475	-0.1487989695	-0.139971554	-0.03699691703	-0.7046580794	-0.4790456445	-0.06560656877	-0.4491632221	-0.5399757254	-0.2898334416	-0.04134919926
ENG	0.1888729436	0.2506725271	0.6222120138	-0.0009627594657	-0.006995948744	1.045995486	0.4502369383	0.5661801337	0.1935942217	1.32542156	1.185234645	0.794056731	0.9003115443	0.9173090187	0.5703315143	0.2906908723
ENO1	0.02200102346	-0.003038903258	0.3188863631	0.256415268	0.08338099125	0.1696564415	0.1530537367	0.1506485584	-0.248553076	0.1643454256	0.2533931796	-0.01679633728	-0.08469205494	0.02516724882	-0.2919758403	0.1314636276
ENO2	0.8480344197	0.8610656435	1.136012627	0.5686529213	0.07738737781	0.8516303538	0.6064564027	0.2600833974	0.5824780463	0.9257996531	0.6031088294	0.4953383977	1.131891697	1.076210276	0.7798540748	0.549118655
ENO3	0.2180269822	-0.1895851272	0.1136127409	0.0713454193	0.02217469742	0.6062308479	0.4981654626	-0.1520672243	-0.167300386	-0.06346149932	-0.2657954545	-0.22585506	0.07387704362	-0.1501101002	-0.05944670649	-0.06651533698
ENOPH1	-0.1233443185	0.02795518763	-0.2809881913	0.1308994454	0.2136193065	1.032540954	0.7069436609	0.232062305	0.4412445818	1.079961876	0.7153608097	0.5013731136	0.7803470324	0.711264715	0.4402464012	0.07152231483
ENPEP	-1.025632562	-0.7171319606	-3.224530516	-1.585036996	-0.1013502894	-0.253946143	-0.4742656491	-0.2481558896	0.07679986682	0.05867592855	-0.066713853	-0.1328481375	0.0873399644	-0.01432657786	0.2289714247	-0.09017426873
ENPP3	-0.1245171203	0.6952276251	-1.537860873	0.07306531016	-0.1293124654	-0.095396983	-0.6899466662	-0.3812015149	-0.1664871541	-0.5398650349	-0.4033745063	-0.6112781857	-0.3238923657	-0.1979545419	-0.1018192494	-0.4225987219
ENPP6	-1.24289625	-1.783051204	-4.673191299	-3.347504402	0.2284380639	-0.5788788185	-0.6236596734	-0.4773643005	-0.1925446666	-0.7136365014	-0.4895948283	-0.2301821224	-0.7208220441	-0.839362954	-0.08561405361	0.01366886733
ENSA	-0.03688294828	-0.2219601242	-0.04990013834	-0.0098999007	0.2272889979	0.7254067069	0.5371637243	0.1747845611	0.006604965783	0.3660478255	0.381683799	0.1725473052	0.4688746812	0.5190974823	0.3889874045	0.2198713617
ENTPD1	0.4305219587	0.690831769	0.2800832917	0.2623524565	0.9085265588	1.280951291	0.9069084806	-0.5504666838	0.4325555468	1.145964897	1.040144926	1.272243388	0.5368589155	0.4935316332	0.7858047889	0.6176560161
EPCAM	-0.1713219787	0.2983657316	0.295412773	0.3472970757	0.08754505677	1.143251612	1.253480939	0.07939621522	0.3282545236	0.4132450944	0.9665320633	0.6660724526	0.788315376	0.7878098673	0.5683359886	0.1835654981
EPHX1	0.4645719193	0.5333992644	0.7367160477	0.6388637427	-0.586279448	0.8959797436	0.6751321143	0.06532520567	-0.1599347941	0.5606221397	1.204515587	1.220261679	0.9645388874	1.006006697	0.7072458783	0.6642986414
EPHX2	-0.7606172284	-1.164501886	-1.158007612	-0.7770868671	-0.460963066	-1.454396383	-0.8035860892	-0.0775282844	-0.3106664218	-1.170974904	-0.6490794823	-1.242210167	-1.156740423	-0.5539131579	-0.5147932573	-0.1279377074
EPN1	-0.08946155936	-0.3929490754	-0.4754233083	-0.3585899133	-0.2673121116	-0.03491348914	0.006997153061	0.3219128541	0.2412311836	-0.01604722857	0.004863539436	-0.01879054999	0.2380912886	0.06639491127	-0.09660173622	0.1084747562
EPS15	-0.2019600245	-0.1752071537	-0.168111885	-0.5256939309	0.3004666935	0.729978123	0.404713794	-0.338722393	-0.2201446162	0.3435349994	0.09872709183	0.3110641421	0.3095723894	-0.002881154916	0.291102067	-0.05000865087
EPS8L2	-0.3244643021	-0.7618621134	-0.4401702867	-0.5805772179	-0.05577525492	0.342297512	0.3810556268	0.3914608239	0.4202235531	0.1275005044	-0.1305111021	0.159817216	-0.1618885606	0.01630792775	-0.3127367019	0.07243112123
ERAP1	0.04892295684	0.1287244048	0.1518797074	-0.009390398456	0.6537438143	1.289854333	0.5816142422	-0.9759068311	-0.5815032796	0.5328424281	0.03352799979	0.08661584372	0.3443258492	-0.3402066694	0.4466315731	0.1578479702
ERGIC1	-0.07620998238	0.03830962641	-0.05787966163	0.1376695421	-0.02302142541	0.4381901167	0.08965350632	0.308287891	0.02548845481	0.4134436469	0.2678854113	0.337212996	0.2744541517	0.3518798916	0.1050257386	-0.09066259159
ERH	0.0257962307	-0.02788689521	0.07577366721	0.2173706988	0.4597759867	1.021364615	0.8785911892	-0.2693330509	0.01665468249	0.7984911079	0.8575206077	0.6824166413	0.8685735558	0.2681913726	0.4214932771	0.2477526538
ERLIN2	-0.6465083625	-1.17407538	-0.8346558036	-1.015522875	0.1358847869	0.001667271064	-0.1537192359	0.006502942541	-0.3471659883	0.1660266615	-0.1155010413	-0.2208291534	-0.09298278771	0.2290294326	0.1115353942	-0.1908377975
ERP29	-0.2317165898	-0.6816854415	-0.813096477	-0.09652903151	0.4604298883	0.5995699329	0.4214968977	0.2912959403	-0.0146442833	0.5316735382	0.6403846362	0.3614498346	0.4301586998	0.4212689631	0.03661696484	0.2270944411
ERP44	-0.1182463846	-0.06253842882	-0.4245098818	0.0067729915	0.1153612179	0.1369549871	-0.1230022429	0.03281324861	0.2972855115	0.1998532518	0.02854503127	-0.07726072738	0.1778592283	-0.03020016964	-0.004262099774	0.03049056848
ESD	-0.3401624608	-0.5937316973	-0.6628327332	-0.6262402896	0.1849811156	-0.2493706556	0.01291088818	-0.3030495569	-0.09916859382	1.114993784	0.496137642	0.06711911575	-0.2395140183	-0.6530192094	-0.379103705	0.02035145791
ESYT1	0.3318752422	0.6995662769	0.3748618731	0.8326720706	0.4034899606	2.114407696	1.169894027	0.4038267006	0.2884497711	1.891415169	1.798082416	1.459797065	2.022219233	2.040177433	1.598938478	0.8924768921
ESYT2	0.1571681282	0.3091727732	-0.06200504471	-0.01253744478	0.4239042811	1.232121998	0.6145913558	-0.1601666813	-0.101498684	0.7739588921	0.4530854954	0.4672108603	0.2280489908	0.4208508972	0.5422669449	0.03708495788
ETF1	-0.01776469523	0.003933138581	0.1017316105	-0.1840260223	0.5415378914	0.7257646304	0.431062286	-0.4306296827	0.6186133136	0.3856604143	0.2425670755	0.2545315209	0.1088481341	-0.4931301409	0.04886395303	0.01359226132
ETFA	-0.5476270355	-0.7720653593	-1.049810664	-0.6879589431	-0.04319402121	-1.070187941	-0.5975569347	-0.7449996018	-0.2353088236	-1.058922723	-0.4365075921	-0.5471732986	-1.039376213	-1.256553221	-0.6019937963	-0.1784218699
ETFB	-0.3564749425	-0.7855016001	-0.9129628001	-0.5451040893	0.01645573653	-0.6512286547	-0.1537533369	-0.1405284235	-0.3092448636	-0.9384363875	-0.05722778508	-0.4038324447	-0.4935547256	-0.4006681053	-0.3986294175	0.08975027114
ETFDH	-0.7113258957	-0.8927165554	-0.9657968324	-1.140181102	0.207112618	-0.5466592481	-0.313475815	-0.9462624452	-0.3986995974	-0.6093105509	-0.1218991231	-0.2403275277	-0.7375139764	-0.9663709974	-0.4955566567	-0.117283888
ETHE1	0.2935445444	0.06766791801	-0.1290563807	0.205537583	0.3994142641	-0.3168535338	0.473509096	0.6722874441	0.2973293975	-0.3302394586	0.3740867506	0.0002828700955	-0.112089051	-0.3139120811	-0.4206449102	0.5409385847
EWSR1	0.07088051391	0.1026243713	0.1244305904	0.3186263665	0.1941056387	0.5077047796	0.4031017617	-0.3104631149	0.06868209515	0.312355147	0.3300747919	0.1782143825	0.3528839433	0.06594010652	-0.1405164674	0.0274724122
EXOC3	0.1112362912	0.07277110013	0.1355316986	0.3421407059	0.1623099197	0.527323156	0.2323234076	0.0008603687473	-0.05344695035	0.2073589633	-0.08197633149	-0.2065112713	0.2078129534	0.1342893747	0.2905941571	0.01906885459
EXOC4	-0.2500883944	-0.2992096811	-0.220112011	-0.1557702327	0.1489681252	0.3581872192	0.07766708752	-0.3486869828	-0.2463822586	0.4046403822	-4.562609736e-05	-0.02990412613	0.02930111222	0.1079218073	0.3548872093	0.03643550312
EXOC5	-0.3046241066	-0.1561483137	-0.3696924264	-0.6176457188	0.3479860444	0.794917483	0.5764331621	-0.8246469067	0.07683528321	0.4854105363	0.2869720946	0.2525167226	-0.07430577392	-1.187115374	0.06767886965	-0.06222179351
EXOC7	0.02892222401	0.01087190992	0.08083062363	0.2304944955	0.09831495704	0.4940771767	0.1974457959	0.2116108715	-0.08550337877	0.3317159763	-0.01404216576	-0.03846920797	0.4536067631	0.5429197521	0.2388961517	0.07437878839
EXOC8	-0.1537761291	-0.1316657693	-0.2779402167	-0.372542888	0.2228288873	0.776502908	0.4267052466	-0.4371319162	-0.6468152525	0.1745236454	-0.05582728358	-0.1336244444	0.2258884674	0.4804663519	0.2593372932	0.02395538985
EXOSC7	0.1206601122	0.007020583234	0.07701251594	0.2501854047	0.1063916649	0.1124910188	0.05943801646	-0.6596503046	-0.2179308839	0.4681881321	0.5229844744	0.1214178603	0.1960941823	-0.4919860916	-0.211560586	0.1094195196
EZR	-0.03886132807	-0.09782334169	-0.1355593698	0.3149622108	0.4459044818	1.485220699	0.930040324	0.4845364514	1.070897176	0.6171012396	0.7092228172	0.6736363474	0.4102961101	0.4187867832	0.1328959287	-0.04390087004
FAAH	-0.9111688807	-1.812628379	-2.743911945	-1.694441867	0.1262503216	-0.08761978131	-0.02850230951	0.7844831811	0.4407465584	-0.2967776766	-0.04684394388	0.1409354124	0.1326852302	0.1870303991	-0.1615342702	0.03264831028
FABP1	-1.058497649	-2.336685698	-4.515601861	-2.369942047	0.4933695932	2.031941411	2.695017996	-1.465990132	-1.303774297	-1.05590584	0.2737456699	-0.3034197564	-0.2626305913	-1.036712524	-0.508546144	0.6190007859
FABP3	-0.583609481	-1.784701104	-0.9708380581	-2.549147485	-0.6581273452	-1.147042853	-0.3332839208	-0.3843037091	0.08363343153	-1.617981023	-0.8275897053	-1.377855677	-0.9906459911	-1.060382725	-0.8027495386	-0.004749774364
FABP4	2.229443346	1.443601287	2.780477398	0.4204822733	0.5016663981	1.134525095	0.3393754125	-0.7657818112	0.2276388313	1.202417288	0.5142891965	0.1788977132	0.1569573934	-0.8235686565	-0.4043233126	0.0650290348
FABP5	1.537788355	0.8708516511	1.740259851	-0.3099896243	0.05211704353	0.3320703544	0.1527550649	0.0003403771146	0.1774002708	0.02589847382	0.125802146	-0.04384672192	0.9227519405	0.8428208597	0.6727215196	0.7112091569
FAF2	0.01962870506	0.02697432929	-0.03825300678	-0.1314871207	0.1451576015	0.5674060907	0.1916691387	0.06502995991	0.009558054601	0.2045687505	0.03266397918	0.05008163632	0.3052103041	0.504243946	0.1872256728	0.02543153011
FAHD1	-0.4928917481	-0.7909666097	-1.10001271	-0.6435870145	-0.3247839355	-1.10412173	-0.6436646066	-0.56818105	-0.2276930566	-0.7053163769	-0.743921807	-0.9247357993	-0.4874635074	-0.7835058308	-0.3286991985	-0.1296556897
FAHD2A	-0.2192131826	-0.4677977441	-0.462396706	-0.1920654904	-0.2142472284	-0.7177283423	-0.477557429	0.1043198849	-0.01936110663	-0.6118075974	-0.01973319804	-0.3685875107	-0.4928008077	-0.2948951152	-0.3293175937	0.1159190878
FAM107B	-0.2039587499	0.03214578651	0.0178207056	0.04522089112	-0.1022655169	0.2920457948	0.1610696364	0.4207466806	1.11160689	0.05922864466	-0.3263797215	-0.2295942157	0.09680535308	-0.01766779004	0.3276649006	-0.1035767959
FAM114A2	-0.1162999184	-0.2044481986	-0.4521597174	-0.2040854796	0.08680494748	0.4986160725	0.3578080172	-0.08749814275	-0.1694558776	0.1127748718	-0.07603449714	0.04793404646	0.1902291035	0.1029799494	0.1367743364	0.01734747615
FAM120A	-0.3134089498	-0.3761727281	-0.411470405	-0.582078474	0.1437386564	0.6053570384	0.2189414324	-0.08378503748	-0.3838545666	0.4559597299	0.1569250472	0.1459745894	-0.06184627777	0.3333078385	0.1399656662	-0.1276657614
FAM136A	-0.3321091338	-0.4298505599	-0.3772753591	-0.3972438215	0.3486900165	0.5846073827	0.3290764088	-0.3114175259	-0.2882881581	0.6615636077	0.3034888903	0.07969811918	0.436007483	-0.08297705776	0.2223337983	0.05267903569
FAM151A	-0.3139443706	-0.5854966169	-4.3432445	-1.422498475	-0.4568028537	-2.629944818	-1.519368768	0.9117474262	0.1433134569	-2.672086735	-2.76742896	-2.387323715	-0.6316980893	0.2438198475	-0.01505687933	-0.05796842871
FAM162A	-0.3547469008	-0.5809426651	-0.5827803497	-0.1259078681	0.1247169314	0.256115698	0.3559106335	-0.2244635054	-0.2467651685	0.09310854694	0.06870262198	-0.2341325332	0.02311502306	-0.3411968461	-0.2072194396	0.1216990304
FAM3C	0.2018922718	0.4945643869	0.4274464799	0.04073729823	0.1969123184	1.371187219	1.133042484	-0.3177932983	0.008135514241	0.791295274	1.006754126	0.7172381353	1.050873052	0.534856943	0.7944433165	0.5341044945
FAM98B	-0.2576030401	-0.4365420015	-0.4947838222	-0.5650052228	0.1872021407	0.7349094189	0.4836602383	-0.2082698516	-0.074311804	0.669622564	0.4565889179	0.2493193361	0.3839112409	0.3363088975	0.26611395	0.0884030131
FARP1	-0.5317887856	-0.5332246612	-1.01231696	-0.3568147941	0.2586531069	1.324280055	0.6886824858	0.3015176562	0.07085076405	0.6128284858	0.3206834371	0.3531790505	0.6996664154	1.066413362	0.7101597755	0.09906259608
FARSA	0.2589664281	0.07953565142	-0.03557753303	0.2706938175	0.2328120707	0.5950606676	0.4642520529	0.2417114965	0.115075873	0.606982313	0.205378238	0.13815051	0.5296507575	0.4319852141	0.1521819391	0.08506573963
FARSB	0.0135017803	-0.1041858598	-0.1218272972	0.2038954032	-0.01878066985	-0.5235260024	-0.5303582238	-0.574980103	-0.125625511	0.837254464	0.5299960688	-0.1221405193	-0.03806550767	-0.6063023695	-0.240273325	0.08733624977
FASN	-0.4007151317	-1.180289624	-2.788032788	-1.855424122	-0.6678418013	0.5350923543	-0.4116546156	0.6095355708	-0.2134333156	0.5210781459	-0.5305478553	-0.691114527	-0.0302365552	0.610868227	0.04215738737	0.1838446767
FBL	0.2107292762	0.3107697266	0.1547273023	0.7196947288	0.3590084399	0.8424471373	0.4937626958	-0.04043054308	0.1527298355	1.069987499	0.7220515133	0.545614933	0.754849979	0.4468845029	0.2382630832	0.3086778874
FBLIM1	0.770020601	1.355227462	1.121583865	1.051288359	0.8731670885	2.536544457	1.439677696	0.1488818051	0.3625923355	2.235788112	2.278068574	1.923271793	2.699407476	2.581702441	2.20009777	1.08605382
FBLN1	1.404254415	2.221901728	0.8537208417	0.9068371236	0.7072981132	1.173629009	0.6198108774	0.6071384127	0.3036561329	0.8949006116	1.524409382	1.685309989	2.423750135	2.544957199	2.061830905	1.832442689
FBLN5	0.2636229781	0.406430698	0.1644288522	-0.334441508	-0.4833690616	1.359017514	0.3955415775	0.9962298567	0.6438852663	0.2523285268	1.233477878	1.225999928	0.8160383537	1.168289745	1.211421373	0.4490365923
FBP1	-0.9276992269	-1.595318391	-2.532944176	-1.218776663	0.1145727289	-2.03919002	-1.135193818	0.156571965	0.01556066501	-2.070544204	-0.5400265063	-0.552773731	-0.6331967346	-0.2641338236	-0.4481333787	0.07093482951
FBP2	-0.6941933151	-1.361754648	-1.65360482	-0.7528409773	0.4020883776	1.321625219	1.349684669	-0.5758927503	-0.3032621324	1.370516782	1.247270582	1.078266949	0.8820800194	-0.05115588435	0.0004918159765	0.1124029961
FBXO22	-0.3010896619	-0.4216434147	-0.4665286545	-0.3769947765	0.08690721901	0.08998998057	-0.04457412608	-0.1870369074	-0.1196216164	0.1046880271	-0.06349435067	-0.09189098043	0.04583454129	-0.1153196823	-0.03472167212	-0.0497293549
FBXO4	0.05033979088	0.07871327518	-0.05488118674	-0.4146159997	0.1355819776	0.9743514302	0.7916486252	-0.2585049146	0.1530665892	0.6301137882	0.4746610425	0.3646097261	0.08241779501	0.006413478678	0.01960533911	0.01691786838
FBXO6	0.1181833844	-0.2390850268	0.177320662	0.1936210796	0.4832043933	1.260156876	0.8434897441	-0.297257788	-0.2319686479	0.6289870437	0.1869226456	0.4114550102	0.3972846882	0.203245358	0.1630864406	0.172402534
FCGRT	-0.130455867	-0.4596029825	-0.1313861199	0.02818814215	0.2101286835	-0.2558496079	-0.3099674	0.06554403776	-0.2396332912	-0.7482633344	-0.6001608461	-0.3226215983	-0.01859821305	0.06714968539	-0.1304817063	-0.03643944336
FCHO2	-0.6601460575	-0.6174433469	-0.4202275569	-1.105758948	0.02511186548	0.4225803727	0.2670553685	-0.6024498359	-0.20509531	-0.01291001466	-0.2872121278	0.1863994908	-0.3705453168	-0.6411701935	-0.04780691759	-0.3697489038
FDPS	0.1527824862	0.22264704	0.08517129452	0.2839905715	-0.1756598104	0.8367853385	0.8874787612	0.4422270312	-0.04847442228	0.7199183574	1.038880218	0.4921887985	1.107600509	0.7197106442	0.3009136767	0.5375312684
FDXR	-0.03411253209	-0.2354911272	-0.3481292697	0.1851307635	-0.6272845766	-0.7953430042	-0.4064041844	0.1324131813	-0.01293277197	0.1295111432	-0.2398838071	-0.3903134043	0.1251271999	0.1007231868	-0.1088303587	0.08011372472
FERMT2	-0.2891135562	-0.2517150641	-0.1350294927	-0.5505107424	0.3215273066	0.6583081228	0.540265025	-0.239417782	0.5723501551	0.6953524995	0.4328991136	0.3065038121	0.108402627	-0.150497895	0.06474601541	-0.09039662957
FERMT3	2.211565059	2.090926349	1.462382556	1.680153032	0.1452368262	1.484825499	0.8288418516	0.05339551397	0.1601946258	0.613314844	0.9734383629	1.303479737	2.178584381	2.022206336	1.82046738	1.249926334
FGD4	-0.2265442673	-0.07241663266	-0.418271157	-1.05892697	-0.1166854169	0.1209172093	0.002547128901	-0.3866993395	-0.1717674735	0.04802276866	-0.3487864601	-0.2268633581	-0.1745255309	-0.5971588524	0.3612374864	-0.3014065075
FGG	0.6417477551	2.52798382	0.1675191229	2.800418427	5.328762666	3.458549135	3.526038601	-0.7374724532	-0.5898940874	5.551355183	3.871575541	4.455226691	3.199738626	1.693826316	1.808587596	1.972982293
FGL2	0.9491133593	1.388977102	0.7369441594	0.4102211799	0.5359591766	2.027236577	1.110962258	0.06170797233	0.9638494156	0.415518658	0.4192173003	0.8087564729	1.191056927	1.369502485	2.135791188	1.393216858
FH	-0.5737088597	-1.076447498	-1.361310653	-1.027565938	0.05189271616	-0.5623679591	-0.2588770974	-0.4823198839	-0.1066009935	-0.3684372848	0.1670921025	0.3598833947	-0.6511398979	-0.7910128604	-0.4035250309	0.002214977243
FHL1	1.176224376	1.64580325	1.243191839	0.7766770186	-0.2008625576	-0.8850818888	-0.7362502037	-0.2818417347	0.03391986016	-0.896562837	-0.4973314784	-0.1843767105	-0.7502245452	-0.4928376662	-0.242915211	-0.2919895545
FHL2	0.3828373711	0.6693017054	0.7601383199	0.2845426188	0.1846002987	1.944083871	1.046790415	0.7177989004	1.162414863	1.440205493	1.854256917	1.766288445	1.927542671	1.706033942	1.879642021	0.8088902556
FIS1	-0.0868312717	-0.4226885166	-0.238706618	0.1237340176	-0.07059069055	-0.04330370991	0.2245235424	0.07571463615	-0.1317246281	-0.4154121502	-0.004660922064	-0.05745877747	0.04689924901	0.08699692035	-0.01118417854	0.1375154625
FKBP11	0.7018120953	0.7073599929	-0.1955260908	1.092162374	-0.0484015469	0.2525226559	0.2276067235	-0.2270860341	-0.172241577	1.199312514	0.5909381252	0.5579779174	0.8072935709	0.5099578063	0.1078578978	0.2627426832
FKBP1A	0.01531244858	-0.008996280435	0.3039169971	0.251237873	0.631356707	1.2264465	0.7444783967	0.3100964675	0.1450339523	1.340071125	1.032463287	0.8082210917	1.017021777	0.7630951329	0.2798439832	0.2101429664
FKBP2	0.1714211541	-0.08916957717	0.01651899931	0.2997373639	0.1589052874	0.1282180372	0.1997642206	0.004747162567	0.06964686253	-0.2516090457	0.02684062031	-0.0240169547	0.2248798328	-0.3838846478	-0.3095378157	0.2202863079
FKBP3	-0.2408276581	-0.2088302136	0.008588551648	0.09000739653	0.1284221026	0.3100135904	0.3026618519	-0.6985048012	-0.3855476484	0.05291853684	0.09348878087	-0.1831330153	-0.07018228335	-0.8861932756	-0.1417825489	0.04889708779
FKBP4	-0.3731732098	-0.8034749993	-0.5375916036	-0.5742212484	0.09781407089	0.1532926927	-0.03570494292	0.4863427675	0.2282907523	0.08049501698	-0.2841485906	-0.5108335719	0.2105453916	0.2634285028	0.02418201576	-0.01341346834
FKBP5	1.132616886	2.030912096	1.359140316	2.446087921	1.568591778	0.6844385733	0.7904406166	-0.6615430415	-0.3240608337	-0.4915125783	1.042542564	1.283456623	-0.3716313957	-0.7995792225	0.2189496251	-0.3744381108
FKBP9	-0.1193114827	0.03283822697	0.4382817791	0.1250557075	0.01921277738	0.6933642297	0.3161020862	0.1927002361	-0.2375647151	0.2598427466	0.5181282301	0.3427348492	0.4555913837	0.769254166	0.5935715578	0.08102130923
FLAD1	-0.1911642834	-0.3655940248	-0.4738258636	-0.041449754	-0.2686470689	-0.02455965448	-0.1431565281	0.06326944124	-0.1797911702	0.1288442925	-0.4545604149	-0.5605438987	-0.02320488608	-0.03574105546	-0.1375978251	0.05097082503
FLII	0.2440328162	0.4250620912	0.2917126773	0.5951675483	0.2684707809	1.074500447	0.4810132135	0.2738244386	0.1729272836	0.8813645195	0.3619890139	0.4032773346	0.6936923738	0.6439225136	0.2519069778	0.1311884378
FLNA	0.8098430413	1.022335838	0.7301193547	0.6224018643	1.073270024	3.199456383	1.899569783	0.7554802461	0.5875335675	2.649524672	2.216500419	1.823224385	2.173141828	2.501541054	1.972254153	0.9756373975
FLNB	-0.2366467402	-0.119031703	-0.06560678893	-0.002001501502	0.5020934875	1.354703502	0.5998538731	0.2434068678	0.202348567	0.9672917661	0.1906712938	0.2908019321	0.4008392353	0.964659277	0.5886639609	0.02077131086
FLOT1	0.2536457011	0.3852280578	0.4669593099	0.4023915014	0.6993983382	1.744033223	1.288305436	-0.0549390161	0.04018105047	1.566587709	1.007515112	1.041691255	1.421179725	1.047702817	0.8224821973	0.3229813688
FLOT2	0.05208285101	0.1109532413	0.3848905813	0.3246732081	0.2935341083	1.072009865	0.865637477	0.1617976563	-0.05443665659	0.9257598678	0.8796745869	0.7048142728	0.8244770874	0.7261322959	0.4974248178	0.1844138304
FMO1	-1.362513213	-4.030619479	-3.865635679	-4.138739405	-0.2872696172	-0.9028703518	-1.176321838	-0.3336790966	-0.3082387253	-0.8132821363	-0.2273818791	-0.3559393187	-0.3360337435	-0.440398317	-0.433509085	-0.3651487064
FMOD	0.6437917143	1.505916536	-0.04386654679	0.1418740654	-0.3264986003	0.6006421081	-0.006290722052	0.3321488709	0.09243028672	-1.080667239	-0.9854764079	-0.8594559947	-0.5675543782	-0.01357808506	-0.3888391511	0.6186929542
FMR1	-0.01995875785	0.1639553681	0.09251384357	-0.2764918159	0.3249324452	0.4849225379	0.2739014558	-0.753858719	-0.2447653959	0.2643801585	-0.001777045632	0.08190334698	-0.3393695266	-0.8617313932	0.04199133203	-0.2068979366
FN1	1.434425245	2.666432159	0.6064714431	0.7609297413	1.115894031	3.787430067	2.094905282	1.324085046	1.050642435	1.773621746	2.446488577	2.922652934	3.877452384	4.407479863	3.285522317	1.647059367
FN3KRP	0.2092010323	0.03688477877	0.2197625517	0.2038633315	-0.2562445315	0.01963571766	-0.08033103854	-0.2679870676	-0.8301863064	0.1277808989	-0.156398989	-0.3672687093	-0.2671634006	0.1047881758	-0.1278864844	-0.06391479932
FNTA	-0.2704288449	-0.1412971573	-0.08491757762	-0.1047698881	0.1679472032	0.6600485404	0.5676579481	-0.2078549927	-0.08014798013	0.283202638	0.2036347904	0.2189221961	0.3725600604	0.192220233	0.1901867891	0.05777551742
FOXRED1	-0.4912592117	-1.076985454	-0.8083100449	-0.6835368093	-0.1601306798	-0.3927203744	-0.1470110956	-0.0975835466	-0.2529969209	-0.2714583671	-0.05484563157	-0.277867187	-0.2556705593	-0.06558623883	-0.1270174394	-0.09858130233
FSCN1	0.4378094473	0.443268235	0.5665320356	0.2273144121	0.1967204398	1.000813489	0.3177250365	0.6731394738	0.4344261092	1.650938242	1.39069092	0.7011717903	2.027123816	1.864884637	0.9921529737	0.923748889
FUBP1	-0.1499869558	-0.01515328909	0.106236535	-0.2162287022	0.2195325492	1.074372206	0.6071841205	-0.2537505896	0.1101559944	1.374729916	0.3428614243	-0.00556898518	0.5302579117	0.1700774766	0.2188117214	-0.02130318097
FUBP3	-0.231705542	-0.2723651745	-0.1135463311	-0.3729590332	0.2517797141	0.6945594353	0.4479947145	-0.2742712427	-0.24303526	0.2583068978	0.3296622829	0.4348784683	0.3602556603	0.3667485606	0.3047786061	-0.1086379227
FUCA1	-0.4238981438	-0.2053054242	-0.6285612305	0.1958218	-0.1211630488	-0.3530779092	0.03866217449	0.007011877909	-0.2517448818	-0.8713129574	-0.4579358528	-0.4598104816	-0.5517168154	-0.3016073275	-0.3265276128	0.07207059608
FUNDC2	-0.1682816531	-0.3958149666	-0.3181144831	-0.1469947537	-0.06538786704	0.1408787522	0.107637574	-0.08737581539	-0.3757759574	-0.09303437338	0.1901092759	0.1312614783	0.1001110512	0.1025631939	0.164465429	-0.01280767985
FUOM	-0.1834108864	-0.3916454224	-0.6758037563	0.242512709	0.6932840984	0.4069027652	0.386840224	-0.1306848118	-0.2741514678	-0.1700684654	-0.06080170375	-0.1254176233	0.3760701383	0.1022916266	-0.01627498966	0.1622215351
FUS	0.01772064009	0.03796213816	0.2492864133	0.2484048655	0.2949956298	0.2020626471	0.3428910254	-0.5122686326	0.3424591615	0.3998663199	0.4560222464	-0.01415949447	0.391465087	-0.1037009795	0.00425137773	0.0970249423
FXN	-0.04693079024	-0.4129562062	-0.5384689894	-0.2598000925	0.3287841593	-0.1842453783	0.02667400445	0.2390499812	0.09808428867	-0.1078504767	-0.08937457618	-0.2667142301	-0.1265602124	-0.1666636426	-0.2892760993	-0.0399486616
G3BP1	0.01935344854	0.1020005261	0.03951203336	-0.1660864996	0.4279083074	0.8147471674	0.4065000487	0.2517892127	0.06888649361	0.75554901	0.3920140995	0.08055027429	0.4477746753	0.4897244086	0.2331370911	0.04995225687
GAA	-0.06068536973	-0.114190828	0.03848274042	0.004342971623	0.1388175625	0.3136908537	0.06845626032	0.5037191057	0.3537992561	-0.2595778456	-0.3508905274	-0.01069265202	0.6445611782	0.6542770061	0.2306803176	0.1234438999
GADD45GIP1	-0.006244174029	-0.2107561142	-0.2665319829	0.124788275	0.05066153635	0.1176164504	0.1786431253	0.08407697479	0.0764787974	0.4295164229	-0.07678267671	-0.06069331808	0.2015985665	-0.06545525821	-0.2123093763	0.1978908663
GALE	-0.2950049374	-0.1639942078	-0.5051293586	0.1964098631	0.4386516247	0.9715995727	0.7082607632	0.2349449572	0.2242375599	1.816211795	1.48487258	0.5009547841	0.5708310851	0.1935440922	0.02136460583	0.3034121898
GALK1	-0.152662423	-0.5220380519	-0.1732765212	0.1255898342	0.01473975376	0.1002227657	0.2907664011	0.169225302	-0.1863844938	-0.2140496597	0.07750548854	-0.1232708714	0.1541564843	0.1818516479	0.002757620238	6.817602601e-05
GALK2	-0.2262202241	-0.3604676758	-0.4133600257	-0.251092981	0.1525244491	0.1513883303	0.1045884888	-0.3988392916	-0.2103528728	-0.2496908609	0.1433588961	0.1391215041	0.2217764019	-0.2446186563	0.07430273044	0.07560015257
GALM	-0.5477691387	-1.426018363	0.3216803439	-1.031014922	0.02522941241	-0.6166482517	-0.4462749217	-0.2435463686	-0.2637263511	-1.041869587	-0.6603531774	-0.7276890589	-0.3138825697	-0.5361549158	-0.4106539941	-0.1339839165
GANAB	0.07941045295	-0.0124889527	-0.1219448668	-0.0006560321849	0.1211463154	0.2707774857	-0.08588532616	0.2842083627	-0.2187765811	0.1869799591	-0.126922781	-0.1879032252	0.01062393354	0.3491620209	0.07129641814	-0.05134276805
GAPDH	-0.09717602869	-0.2609761669	-0.1929472524	0.1980767538	-0.006266916763	0.08256495006	0.04498150969	0.02751215455	0.0374451778	0.05852604404	0.4726582481	0.2456044159	-0.03057213114	-0.3099979545	-0.3860085433	0.09126608768
GAPVD1	-0.255126969	-0.2405701026	-0.2634533458	-0.3628553086	0.2161159752	0.6567388706	0.4139040701	-0.1628470513	-0.1259699836	0.3070548397	0.005981382842	0.06932821095	0.1799515852	0.2664680999	0.3101238334	-0.1342539923
GART	-0.09040316652	-0.05749530315	-0.210780081	-0.1222707812	0.3428762031	0.635669631	0.1879043795	0.1368382379	-0.0994471316	0.824531097	0.1686306619	0.09526097034	0.1845548935	0.384858009	0.1059946694	-0.04464926438
GATM	-1.751730598	-3.974924366	-4.773235448	-4.189619651	-0.1384771455	-2.397380506	-1.24276055	0.4395221208	-0.1176095126	-1.869086162	-2.275646318	-1.601165801	-0.3515614745	-0.05448343568	-0.2024655203	-0.1962986168
GBE1	-0.319747214	-0.1483393159	-0.6297638173	-0.2721782009	-0.005277121179	-0.2887410461	-0.1735303153	-0.5813346648	-0.3602398522	0.9353232803	0.3546537645	-0.06228996183	-0.5886736606	-0.6982453669	-0.3532024122	-0.07254146021
GCAT	-0.6765014115	-1.724820124	-1.817061943	-2.052099238	-0.04432977061	-1.012896899	-0.6742575895	0.3862830449	-0.0002055534143	-0.8279809683	-0.4758975612	-0.4345770894	-0.1424501285	-0.1141145535	-0.2224366258	-0.1100593707
GCDH	-0.4661206886	-1.287028925	-1.451761316	-1.017917782	-0.3235074485	-1.770135402	-1.049942071	-0.1564738747	-0.2349574436	-1.51372538	-0.6901315128	-0.7255044129	-1.043182065	-0.6733332031	-0.5910214737	-0.09238231569
GCLC	-0.4540143121	-0.5271302636	-0.6196208026	-0.7119064686	0.3047760153	-0.9243677889	-0.2956881008	0.03486603656	0.4623966972	0.4515145881	0.2062622415	0.2059440012	-0.5408806528	-0.3392367651	-0.5448300787	-0.1653621111
GCLM	-0.1340948216	-0.2215662254	-0.9057560046	-0.06518805726	-0.1117145781	-0.3860566741	-0.5334853647	-0.3848548958	-0.3354268773	0.4201667892	-0.0510194362	-0.5148895858	-0.5046314537	-0.5692757447	-0.5243099242	-0.2904884684
GCSH	-0.6362611552	-1.080668727	-1.201932052	-0.5902890108	0.1169449644	-1.013749492	-0.4279166352	0.0006180991705	0.04862696768	-0.2991600951	-0.2587091297	-0.6353188922	-0.6847995576	-0.5270911305	-0.6244925155	-0.1196518035
GDI1	-0.02264210603	-0.1933152832	-0.04795153725	-0.08926061684	-0.01554798074	0.5296036848	0.2430568348	-0.1574240096	-0.1315228039	0.2923617146	0.02544206505	-0.2138163779	0.2100437515	0.09518111189	-0.03168025098	0.04255906138
GDI2	-0.1667688265	-0.3258638797	-0.4238988774	-0.1430264998	0.1103709748	0.2782419789	0.1523691313	-0.4288966539	-0.1884496217	-0.1920111342	0.03751762025	0.0862333849	-0.1231138804	-0.3411051701	-0.006666760621	-0.02789751182
GFM1	-0.460370206	-0.7535599796	-0.9208856949	-0.9782596685	-0.0131010631	-1.009918991	-0.7615236855	-0.3158121061	-0.1499662579	-0.3725449973	-0.2847567805	-0.5301515411	-0.6223141771	-0.3839057218	-0.4385722272	-0.1445655022
GFPT1	-0.5420183894	-0.6503839409	-0.634595421	-1.190414446	0.2344075592	0.8313821917	0.3379300713	-0.354283652	-0.2537035151	0.3711719357	-0.160352845	-0.09357312156	0.1274239345	-0.07402332777	0.3621961598	-0.06489337514
GGACT	-0.1079439721	-0.1183179084	-0.4619708508	0.1685417868	-0.06990666954	-0.4764867429	-0.2148481029	-0.2018362907	-0.1342596007	-0.7339661628	-0.8797544618	-0.5510258713	-0.4013618874	-0.5031080783	-0.478588373	-0.1990065048
GGH	0.04410094212	0.2131270132	0.09793990283	0.4812181578	0.189524597	0.938866993	0.9060317316	-0.2602785546	-0.14341318	0.07742235517	0.5199403144	0.536873538	0.6725020242	0.2136415688	0.6421649841	0.09177546886
GGT1	0.3144311555	0.09362011015	-0.9118422454	0.1615345596	-0.1701843064	-2.28019199	-1.537306185	0.3039793648	-0.0282057587	-1.320074595	-1.284164347	-1.144372461	-0.9172151376	-0.5380058068	-0.7435403657	-0.06051663924
GIPC2	-0.6856607542	-0.5780591926	-0.7907445332	-0.4047351643	0.3292735039	0.4153896368	0.249662875	-0.06165706181	-0.05704921424	-0.3167078754	0.09796080057	0.004773877533	0.1795114543	-0.001662382767	-0.01789291427	-0.08221164974
GLA	-0.005719038107	-0.182891619	-0.4235983075	0.02325945201	0.4112456498	0.7446290167	0.6398082526	0.3832084044	0.7358515675	0.5186140013	0.6024941404	0.5721367118	0.7601753252	0.5905220229	0.5218434714	0.2452707661
GLB1	0.3892572183	0.6150841946	-0.07923970106	0.6840925296	-0.2231296522	-0.3064773067	-0.4092169424	0.1668008113	-0.08788813572	-0.8264235633	-0.2800077969	-0.3431809846	-0.1903829775	0.04492904276	-0.2791571637	-0.008914541942
GLDC	0.1443058546	0.5680296507	-1.121968518	0.5050032315	0.9087780347	0.3588995973	0.6955367266	-0.3982548167	-0.1261827175	0.2880949145	1.97404627	2.159124383	0.06425911043	-0.4875206056	-0.5484306009	0.09020820358
GLG1	0.1388298373	0.2457976631	0.1197704703	0.1122328705	-0.06308737357	0.5361301103	0.3580330929	-0.08120180809	-0.3177384433	0.1772321024	-0.2509716144	-0.04908560535	-0.2436760516	0.3668871577	0.2285551082	-0.213345793
GLMP	-0.01401710342	-0.1281335008	0.1704439778	0.4808098183	0.1804502578	0.3801585775	0.1778994629	0.2327350856	0.03012303225	-0.1313569036	-0.2245518774	0.02142452353	0.4904598011	0.2733874573	-0.02393165745	0.2324593692
GLO1	-0.1476509232	-0.3298849426	-0.3165595322	-0.1555368592	0.02380791618	0.089813906	0.09559944578	-0.34558975	-0.3375560911	-0.04076810465	-0.07390941001	-0.2081114057	-0.1294948206	-0.4068773122	-0.1300598221	-0.01350267259
GLOD4	-0.1524397649	-0.2488649491	-0.2820455891	0.08098444722	0.1360210213	0.3787646352	0.2032991432	-0.35194056	-0.2381017509	0.1216634858	0.1561951202	-0.02056666563	0.1365229263	-0.1966903379	0.1420857739	-0.001479874484
GLRX	-0.2502990043	-0.8187073055	0.2602001505	-0.4990368841	-0.001384162379	-0.2543595277	0.152832041	-0.499987872	-0.279221447	-0.4696091574	0.2625598012	0.502710847	-0.6370261243	-0.2580282929	-0.1444491512	0.3371430518
GLRX3	-0.2842957265	-0.4145733692	-0.6051687418	-0.01715748899	0.2923984136	0.4826703635	0.3974026936	-0.1481835462	-0.216595809	0.3043437257	0.2442984384	0.2450031652	0.2020022677	0.04604964127	0.02692111924	0.1557709317
GLRX5	-0.2255560138	-0.4665547699	-0.2789103875	-0.2785836176	-0.05590252133	-0.2390572174	-0.03655394316	0.1010828863	0.3678526867	0.135829482	0.520008602	0.0472478133	-0.03347179808	-0.24189076	-0.377966571	0.1390946009
GLS	-0.7102424074	-1.238234178	-0.9762346695	-1.296827724	0.2479871237	1.085427256	0.4608562809	-0.274719757	-0.1651988748	1.289428701	1.438733652	0.7534355902	0.1315198287	-0.01788300169	0.1619240928	-0.08210690558
GLTP	-0.7557359652	-0.9255006924	-0.3580320167	-0.4122158871	0.1491388254	0.6847935785	0.2478002937	0.05804959679	-0.1083387912	0.4846393156	0.4420940191	0.1668492831	0.2898354169	0.2956814824	-0.03815807599	0.1200061316
GLUD1	-0.2997647785	0.006707802751	-0.7380373776	0.6551993206	0.3996278855	0.009530573533	0.06267015683	-0.5315297836	-0.1105299408	0.3720311622	1.134571984	0.8311139067	-0.6837034232	-0.6095690688	-0.463714516	-0.04558609288
GLYAT	-1.116464775	-2.568462554	-4.196427839	-3.35843954	-0.1794115901	-1.149501628	-0.6685158463	-0.8478479631	-0.2146328572	-0.9806172883	-1.167630654	-1.384750262	-0.7364407477	-1.62073691	-0.3728534918	-0.1649091277
GLYCTK	-0.3686425701	-1.090487788	-1.59619119	-1.01751986	-0.6666183685	-1.405512279	-0.9420067357	0.6770256495	-0.09476082959	-0.626286091	-1.241507037	-1.283157798	-0.3581359387	0.2745149638	0.1395492321	-0.215444309
GM2A	1.057559986	0.8941780491	1.05462664	1.120033831	0.09821176483	-0.2879523858	-0.244533629	0.1203111154	-0.188277594	-0.6514964348	-0.004559709938	-0.06989911525	-0.14220094	-0.006770633031	-0.3243921352	0.101961366
GMDS	-0.1162739997	-0.1570715499	0.04816601541	0.2824646349	0.484918984	1.112178878	0.7895847404	-0.1057160631	0.01817316135	0.9868459365	0.9573054598	0.7263729996	1.288130172	0.7305648407	0.4569561333	0.1978817906
GMFB	-0.1425132785	0.01693919698	-0.2307434465	-0.3000332073	0.1627464253	0.1673463838	0.08449057266	-1.167292782	-0.3143701243	0.1973424932	-0.1313601061	-0.2233415411	-0.2439081686	-1.401541455	0.003549376782	-0.09845339573
GMPPA	0.2423085982	0.104521664	-0.05834563255	0.09683158105	0.02547223987	0.5824075727	0.3454170987	0.08047438199	-0.0521770423	0.3514910893	0.08400065092	0.04649703782	0.5045957895	0.3628552607	0.09042406771	0.1442142218
GMPPB	0.356249391	0.3891825287	-0.1517600318	0.5060333077	0.1602173963	0.4121243387	0.2751540109	0.4093398761	0.2620990031	0.3457745763	-0.03950675496	-0.3759695875	0.1251440259	0.4498167266	0.2594091338	0.2630244897
GMPR	-0.1235848116	0.3239557275	0.3608263556	0.8516547227	0.2013259197	-0.2892856376	0.02114240215	0.331886427	0.06575415615	0.6694510753	0.5636184845	0.3037764991	0.3830692699	0.03631998377	-0.1538031385	0.09938703792
GMPR2	0.1859592626	0.3317808579	0.2937363454	0.3226337932	0.1925987751	0.603075955	0.3887787545	-0.5700398805	-0.1286354411	0.5299322431	0.4457032734	0.2578645214	0.4731255911	-0.3468625199	0.1996322717	0.156769732
GMPS	0.004792633502	0.04664158578	-0.1736892139	0.1123988521	0.09144904241	0.2014541162	0.1991330985	-0.6023324593	0.002906548752	0.1520335257	0.2326692218	0.1808880778	0.104683663	-0.724673778	-0.09118296264	-0.09600856154
GNA11	0.01952984143	-0.00788854741	-0.02864299435	0.02840023514	-0.06054486355	0.4996127639	0.3924321313	0.2262902414	-0.4281151597	0.3927929699	0.2423957164	0.1244862667	0.1311449264	0.3944651903	0.2051285063	0.02968030107
GNA13	0.003329523826	-0.01335963473	-0.06760179139	-0.2466014163	0.3978827415	1.170411604	0.6086152143	-0.3098627313	0.345882304	0.2010195692	0.2751195042	0.406549502	0.1817233511	0.1021798456	0.2816476431	-0.01825508379
GNAI2	0.6234966803	0.7738749398	0.8046495098	0.7396794168	0.408840089	1.721708073	0.947974013	0.2731775933	-0.03244957654	1.035687866	1.095147157	0.9481421868	1.396280168	1.249755802	0.8528071488	0.4638613011
GNAI3	-0.1294566707	0.04543050185	0.0005625789186	-0.02100772276	0.4137069866	1.109815185	0.664645103	-0.8433579927	0.07875508469	0.5274944714	0.5739853675	0.3864110198	0.3527340386	-1.047509197	0.4118692558	-0.03900910856
GNAQ	-0.05367349543	0.171767256	0.1439341545	-0.1296136998	0.1758997455	0.8505509652	0.6059318728	-0.1957889305	-0.139685115	0.337033077	-0.06702022409	0.03342487909	-0.008125828625	0.167278077	0.3243727979	-0.07534242913
GNB1	-0.05299830379	-0.1022473589	-0.1358117877	0.08543126165	0.4848321404	1.411612589	0.9014180721	-0.03499825572	0.06430977979	0.9826463068	0.9882238081	0.7715335414	0.8501087074	0.7727853005	0.5624063456	0.2282115863
GNB2	0.3767226603	0.4723348372	0.5437555232	0.6206094209	0.3365525875	1.221794708	0.964380854	0.3085401204	0.1198385488	0.6233108922	0.8209884925	0.6336076634	0.9774865931	0.7372986517	0.3993620834	0.1925987585
GNG12	-0.4818552962	-0.6430187794	-0.4289426459	-0.8261033219	0.2494395446	0.6036340281	0.2349213304	-0.2481963034	-0.151336212	0.1358779906	0.09154814561	0.01799758356	-0.07695242436	0.06782969347	0.1838202028	-0.1368589782
GNL1	0.08713267225	-0.04959636728	0.2820380771	0.1772152149	0.06814020796	0.8094855456	0.53519012	0.2274489778	0.4062850458	0.3323244374	0.2048050562	0.02669317044	0.6159022814	0.5129248926	0.1747325365	0.2022323092
GNMT	-0.2709567594	-1.329113549	-0.9818307572	-0.6730982287	-0.8202013006	-2.541329204	-1.366914034	-0.03774903256	-0.2234134845	-2.287110503	-1.380053531	-0.8150916699	-1.346057728	-1.11247439	-0.9403386795	-0.3100811558
GNPAT	-0.2542899834	-0.3429817594	-0.4557975446	-0.124074491	0.003533379027	-0.05319505052	-0.2348817118	0.08115232092	-0.1841881022	0.06250172763	-0.1220556974	-0.370638795	-0.2266836108	0.05834414449	-0.1336009466	-0.06497695746
GNPDA1	-0.2976393823	-0.6498217255	-0.5222584421	-0.4505992969	0.0451703775	-0.316481423	-0.5423590539	-0.007095349541	-0.6925688258	-0.2189965678	-0.3693761313	-0.5028336633	0.1311918256	0.2155579993	0.06913496887	-0.07221630106
GNPDA2	0.2517582813	0.6111797656	0.4639910363	0.3619591061	0.01008674426	0.612000347	0.5109582069	-0.4856469975	-0.3240063459	0.2417590895	0.1838311908	0.09166779239	-0.02233578373	-0.2948848764	0.1436422049	-0.0790699086
GNS	-0.421029255	-0.3705491859	-0.3321690776	-0.2651047836	0.1732133238	0.4008265065	0.1555680023	0.1011063214	-0.07298122202	-0.1491364333	0.02868479642	0.3042724738	0.07121193208	0.2748961974	-0.001397699429	0.06999446906
GOLGB1	-0.07902546213	-0.0965456548	-0.1201068891	-0.3067900002	0.1319638007	0.6763691282	0.2609014212	-0.9318949596	-0.2310831808	0.2630379293	-0.2326178584	-0.01345815862	-0.004631790808	-1.199107346	0.2503379	-0.1330166931
GORASP2	-0.03328847093	-0.03822424017	-0.08878491782	-0.1983417382	0.1750926668	0.5706378654	0.4716672729	0.2165047775	0.4038097991	0.5880118243	0.3843110797	0.2651134816	0.3040116758	0.2709217881	0.04423973379	0.1666395365
GOSR1	-0.3284110934	-0.4603197789	-0.3715923963	-0.6061303753	-0.01792686312	0.3654202639	0.1408988734	-0.1288433656	-0.2960467167	0.1421959326	0.1873047085	0.1633596534	0.086305055	0.3117382199	0.1252824212	-0.1061887892
GOSR2	-0.153078733	-0.2038508447	-0.101800057	-0.0002585950556	0.1740733687	0.6789589661	0.3728515296	-0.03382772277	0.09404901008	0.2774727645	0.3484143043	0.1911078539	0.09929966274	0.3893599612	0.2668143336	0.1358486676
GOT1	-0.4361283862	-0.9019699472	-0.9371839823	-1.303623313	0.01486498988	-0.01508890075	0.1476172982	0.1982543531	0.5416951592	0.003076438246	0.2280927267	0.09747460437	-0.3026358127	-0.2335763447	-0.4823969604	-0.02312498912
GOT2	-0.36360018	-0.6169362447	-0.7349249018	-0.7053630301	-0.04603368201	-0.2123762497	-0.05810649114	0.1939958194	-0.0783738333	0.1931639463	0.2644166479	0.1404093969	-0.2278160574	-0.05750166227	-0.3399967073	-0.1205267015
GPD1	-1.044045539	-2.231826193	-2.344886157	-2.050581828	-0.4668149649	-1.116905271	-0.781924284	0.2064562916	-0.2809810027	-0.3130468873	-0.5112086642	-1.251710399	-0.8683497813	-0.09153223672	-0.3675344529	-0.07443910504
GPD1L	-0.2368800296	-0.3166042968	-0.1562859941	-0.9250826312	-0.1221962324	0.5848308731	0.4808058797	0.1083626437	-0.4262178804	0.1132647618	0.3258735609	0.4114378992	0.02070389001	0.3927610568	0.2138268457	-0.07068169643
GPD2	0.06355464952	0.2714509138	0.1096205828	0.1346209031	-0.09224375507	-0.4231575244	-0.3900697587	-0.4508498138	-0.4048571053	-0.4319240382	-0.6509232587	-0.8572742986	-1.035052152	-0.7120983199	-0.6768607877	-0.42199729
GPHN	-0.6675086538	-0.7299186813	-1.088415875	-0.8712992387	-0.1414508548	-0.3809405994	-0.6344208722	-0.1243688652	-0.02180050585	-0.3400940441	-0.5704245859	-0.7148912933	-0.420455189	-0.3556062294	-0.1684135313	-0.2348560565
GPI	-0.1931649813	-0.5283117095	-0.2604651121	-0.2779048389	-0.05531847296	0.4020793052	0.3722223017	0.2907623958	0.01185585216	0.05786590005	0.2545993712	0.1952636194	0.2868971658	0.3337119196	-0.1386188299	0.1941013409
GPR108	-0.2329296456	-0.4982625893	-0.1936370246	-0.09029248607	-0.1290712419	0.6877118546	0.5894499788	0.3198085246	-0.1495484391	0.4352545301	0.2737343056	0.1480614877	0.1684876839	0.417518624	0.1709210798	0.1226934706
GPRC5C	-0.007194073718	0.0532635561	0.2316441507	0.4920799843	0.2610707786	1.051913935	0.6278554118	0.5217541765	0.06796364562	0.7476416104	0.6264140172	0.3866234943	0.3373844792	0.4815669532	-0.008048578219	-0.1064755809
GPS1	-0.07826431539	-0.2893789452	-0.09561370931	0.06452376475	0.1561743978	0.2914634071	0.2401833696	0.1194036752	-0.1032213537	0.1858999043	-0.155252981	-0.2916467803	-0.06598228636	0.09026642754	-0.0430839207	0.006393787538
GPT	-0.3646011464	-1.107101211	-1.398765049	-0.6536341454	-0.7132636778	-0.6293084888	-0.6238318538	-0.1105520114	-0.3081299087	-1.436684489	0.1728797952	-0.2777805975	-1.105489996	-0.6128595842	-0.5518834125	-0.01787427478
GPT2	-1.030979031	-2.394531726	-2.752280625	-2.15179482	-0.0003906919066	0.2666239844	0.04326175264	-0.05250543957	0.09180473664	1.801319413	0.312359315	0.05027171602	0.308142004	0.2221365876	0.1043573591	0.05202933691
GPX1	-0.1896033886	-0.5326012937	-0.4055653701	0.2481612333	0.2940716083	-0.1246401886	-0.11065536	0.03750898557	0.1471195634	-1.159153988	-0.6521112907	-0.002430769267	0.1112351038	-0.1866207716	-0.0878147044	0.1784525973
GPX3	-0.4370817421	-0.9520173895	-2.813327322	-1.474146433	0.2278833588	-1.182384918	-0.5434795007	0.3186181191	0.0581277845	-0.1821207417	0.2064422013	0.4421741416	0.09384651324	-0.242033031	-0.2522152823	0.1566556478
GPX4	-0.006624277262	-0.4056667285	-0.8058686487	0.04512414188	-0.06457311033	-0.2049637981	0.06637832462	-0.06676604113	-0.2409174594	-0.4057943162	-0.04864749138	-0.1923654944	-0.1826668447	-0.3751797811	-0.3027013816	0.1563749358
GRB2	0.1870894879	0.1139454843	0.2151495952	0.1431343351	0.2307025408	1.079934419	0.6594690092	0.06219631079	0.1495963465	0.5906744012	0.5842004206	0.4880089193	0.6772891784	0.7448939116	0.5008492532	0.2200875589
GRHPR	-0.2666832872	-0.6108117651	-0.6501873611	-0.1903057679	-0.1625110792	-1.432417861	-0.6729539829	0.1343492434	0.1159294944	-0.7923250239	-0.3816496321	-0.6097769222	-0.4708736325	-0.4109984046	-0.5904705366	0.1101027179
GRN	-0.2485027525	-0.5387697102	-0.2459175045	0.2122753119	0.5535417115	1.721353441	1.003502336	0.1661434447	0.03639454728	0.6616098511	1.13703218	1.106048729	1.459602584	0.9940175214	0.4697018661	0.4117984622
GRPEL1	-0.2337444246	-0.4757952118	-0.4309978413	-0.5077959129	0.01677871529	-0.2102589563	-0.04076133695	-0.3097121791	0.06302250554	-0.03127328639	0.1882512624	-0.09111199067	-0.4765580735	-0.5113746896	-0.4582251897	0.05604168884
GSN	0.5618765603	0.8585029286	0.381946771	0.4638512374	-0.1879425834	1.355251567	0.8419273753	0.4969605029	0.1040689068	0.1374919273	0.6366839159	0.7603995819	0.6697750791	1.245891816	0.875864952	0.7162617803
GSPT1	-0.2034359117	-0.0267554976	-0.3667179018	-0.2998661764	0.2835415097	0.320552453	-0.07822346417	-0.4592013652	-0.06870911998	0.4870754387	0.1010123417	-0.1476531133	-0.1433302933	-0.3347625728	-0.06037003983	-0.1615062839
GSR	-0.4602339584	-0.6674105149	-0.8861218389	-0.406579601	0.5847604426	-0.06433197324	0.2527393853	-0.2854849056	-0.1365699541	0.854053112	0.9620633346	0.4119406506	-0.1354212161	-0.1725217341	-0.3234527536	0.01580618994
GSS	-0.3892206266	-0.9565587109	-1.166281381	-0.5211127482	-0.2707493338	-0.5985225362	-0.5567896784	-0.09663004391	-0.1270426038	-0.5396844252	-0.3978098305	-0.7627827027	-0.7118114384	-0.3781330423	-0.5522579051	-0.1095072058
GSTA4	-0.3190210308	-0.3245973977	-0.07835314708	-0.3376960051	0.3780201315	0.5545769958	1.638571095	-0.2700152297	0.007616089715	1.244183122	1.353067949	1.330741807	0.8457043391	0.08508687286	-0.2333951595	0.4052047797
GSTK1	-0.5693576319	-1.290741431	-0.9838106265	-1.155336659	-0.5368813639	-1.395426218	-0.7533797631	-0.0710920156	-0.1911455967	-1.300839754	-0.1470147055	-0.2384744962	-0.3851408128	-0.6503114651	-0.4070383672	-0.04787288938
GSTO1	-0.4425153613	-0.7090524748	-0.744856874	-0.6800399503	0.3795328654	1.861630137	1.780983379	0.1140603249	0.5129177988	1.00384662	1.532049178	1.571644718	1.166151835	0.6801728505	0.5393808846	0.2508891087
GSTP1	0.2003290171	0.2802720316	0.3197668462	0.6771227824	-0.1284683714	-0.2086221022	0.1775356759	0.1735759839	-0.1445651955	1.027674133	1.052505536	0.3745804273	0.329297348	0.3107130184	-0.0871591559	0.5194199842
GSTZ1	-0.562892477	-1.426706519	-1.85139867	-0.9841908173	-0.579943668	-1.507674192	-1.114438243	-0.2046780079	-0.3473570476	-1.005468847	-0.3349916203	-0.4805304559	-0.8996465764	-0.7287021826	-0.5599671999	-0.1029636675
GTF2I	-0.1528139664	-0.2585670567	-0.01811555105	-0.3520130223	-0.03922788715	0.4623793045	0.08776339036	0.3907779588	-0.07554166237	0.1355632982	-0.4067253985	-0.3442912748	0.2683489444	0.6391575722	0.3776042895	-0.08959391106
GUK1	-0.1876275613	-0.636484032	-0.1514376396	-0.00385792724	0.09228932315	0.2255021929	0.4406329911	-0.07679313526	-0.05283105986	0.2034705706	0.3033449445	-0.02206912048	-0.03349954341	-0.1078906213	-0.1527911927	0.1002814307
GUSB	0.3974556031	0.2356330257	0.3996513733	0.6322613475	0.06629043899	0.8483174403	0.3464976645	-0.1153123826	-0.02820795748	-0.07691405353	-0.03279548817	-0.08385497524	0.2259521847	0.2228794942	0.1571740719	0.2292573012
H1-0	-0.1750340083	-0.2693609145	1.084232821	-0.3187987177	-0.1393085316	0.6351120205	0.2701003588	0.3463724051	-0.07503987986	-0.4977480678	-0.2153181649	-0.2366013794	-0.04859307093	0.4405920158	0.1773639497	-0.1729086974
H6PD	0.08353208779	0.6797185921	-0.07029980231	0.4946603498	0.9641076867	1.450960448	0.804560334	-0.1494364205	-0.4870256482	0.7999101061	-0.1394421191	0.3676353933	-0.3738508994	0.107491201	0.2521437601	0.213861534
HAAO	-0.8328494251	-1.930094644	-3.545732159	-2.45026627	-0.4809317384	-2.794007806	-1.845057021	0.4288377942	-0.06303830386	-1.900558666	-0.9486437808	-1.207547893	-1.275933296	-0.6072120208	-0.6020217436	-0.07971218577
HACL1	-0.3572214271	-1.025058527	-1.000144387	-0.5562270615	0.7311169325	0.3447841287	0.6701221779	-0.6718732599	-0.4111718817	-0.5465316408	0.4554606639	0.3841970731	0.09131859793	-0.3502109399	-0.2128186855	-0.02442822982
HACL2	-0.1248409929	-0.2768257604	-0.30670832	0.1080283203	0.0136209376	0.4700402141	0.5163621574	0.193642384	0.05474695102	0.2853674734	0.2436962344	0.1980333981	0.3151697279	0.3265760422	0.1142305185	0.05843025457
HADH	-0.6314569911	-1.2498422	-1.905947011	-1.315959965	-0.1180971826	-1.134500899	-0.7260237614	-0.2398685327	-0.2422660162	-1.119070741	-0.470157234	-0.6444741127	-0.7544734149	-0.4987871805	-0.5538514793	-0.1362194157
HADHA	-0.3965218375	-0.8994603239	-1.025509142	-0.6508335712	0.4103181641	0.0267303203	-0.0566095207	-0.3211350299	-0.3269406776	-0.258163776	-0.2801993381	-0.3349527792	-0.3916648178	-0.2073246077	-0.4704979615	-0.04127369251
HADHB	-0.5066259631	-0.9457104205	-1.112754559	-0.9240790728	0.1155496635	-0.2885154667	-0.1749926982	-0.5128501721	-0.4153156509	-0.5801069831	-0.4753709786	-0.4812199211	-0.6769569863	-0.5233996858	-0.5013011079	-0.1748750683
HAGH	-0.3048571432	-0.4738431385	-0.6071484255	-0.1766494434	0.154045629	-0.6750082209	-0.404652543	-0.04934573498	0.08232575774	-0.09053504848	0.06443575145	-0.3372059039	-0.4991938647	-0.3443669498	-0.334888963	0.04912266597
HAO2	-0.8869007508	-2.370578298	-3.769422746	-3.59764818	-0.6485771901	-1.728668335	-0.86552878	-0.03439932866	-0.2700036748	-2.476796156	-1.118684226	-1.160816292	-0.08025926621	-0.3212125191	-0.1135173157	-0.1698263348
HCLS1	1.706718896	1.830950897	1.317220871	1.770177043	0.5298083973	2.244902936	1.225093259	0.0003756995312	0.3041233605	0.5404116748	0.978805546	1.108411604	1.886378202	2.081098736	1.848156635	1.291502196
HDAC2	-0.118353182	-0.05963349098	-0.1179345048	0.01179505597	0.1946997342	0.6878410813	0.353938627	-0.6698557103	-0.205839091	0.2511705769	0.09883152059	-0.1206638984	0.2974196845	-0.4050479983	0.2611868387	-0.01978425292
HDGF	-0.1621743205	-0.4400060722	-0.5336815207	-0.1385909522	0.0918661405	0.2077296002	0.1561992396	0.2488752983	-0.02525040431	0.4332385426	0.4555198098	0.335681832	0.3411947886	0.2754794765	-0.07152192996	0.01143246682
HDHD2	-0.2009161007	-0.4080797352	-0.5957716571	-0.2222097659	-0.1613152559	-0.5404913028	-0.4978131499	-0.1288631313	-0.2755795939	-0.1865114308	-0.4238278271	-0.7606954638	-0.3741585974	-0.1339000918	-0.1756242966	-0.1046254986
HDLBP	-0.07007036216	-0.287589115	-0.3573140106	-0.3804667043	0.2148351371	0.4478154774	0.01576506718	-0.1387629666	0.231192581	0.0364832098	-0.1886292456	-0.09547780462	-0.1049562386	-0.01945937195	-0.01668970748	-0.06200186425
HEBP1	-0.1606061715	-0.8161528904	0.02559040711	-0.1017172839	-0.03522412928	-0.5742822716	-0.3831115641	-0.1864922856	-0.4712025286	-0.7031178232	0.03166123772	-0.3143176368	-0.6347400889	-0.2308228577	-0.2185791319	-0.05847476036
HEXA	-0.2318839882	-0.3488580452	-0.1732197382	-0.1164764002	0.5054095978	1.733711285	1.071165067	0.328522069	0.1110208143	-0.0336108138	0.4252129679	0.9614531544	1.517625251	1.608910315	1.260288504	0.7597058569
HEXB	-0.03840683403	-0.2638581903	0.009745695066	0.2928686534	-0.1990547803	-0.5079596243	-0.4506165496	-0.1781566762	-0.1422675842	-0.9906852388	-1.092408734	-0.9862212509	-0.5292054263	-0.2218990934	-0.07564502247	-0.19592611
HGD	-0.6717057452	-0.9593250252	-3.083399691	-1.68007543	-0.08571274303	-1.892511965	-1.315145284	-0.2052395202	-0.2407433915	-1.337255887	-0.5437388788	-0.6739426529	-0.9256998741	-0.7004480942	-0.6994735577	-0.06758679024
HGH1	0.03651700877	-0.02785733848	-0.190592872	0.2852551037	0.1844858687	0.7380615094	0.6871249689	-0.1568814295	-0.1367500566	0.766091489	0.2947815405	0.1704809924	0.5255833991	0.3540131227	0.2591740431	0.1412376214
HGS	0.03181095778	0.08239401641	0.03591289823	0.3137560863	0.07916575119	-0.1556425688	-0.02435437664	0.4358315934	0.2821243309	0.6889652703	0.3592990803	0.4536458755	0.5860567014	0.5334907578	0.2226995766	0.1209759475
HIBADH	-0.669004456	-1.128244483	-1.68330996	-1.284136676	-0.2781316477	-1.493118275	-1.066631947	-0.2274317033	-0.2631960317	-1.151747141	-0.9474605203	-0.8576316401	-1.145712132	-0.7047113822	-0.5996684711	-0.2512918297
HIBCH	-0.4883552049	-0.6006525826	-0.7873465108	-1.059909849	-0.3563682817	-0.8182659898	-0.6448738816	-1.274254828	-0.5623468286	-0.673230563	-0.3618748743	-0.6787529116	-1.042822834	-1.748150436	-0.5870617548	-0.1205783793
HINT1	-0.1090662065	-0.1434233607	-0.3037130307	0.08827556744	0.1385222466	-0.002165256994	0.3498370026	0.0005372856223	-0.09661047173	-0.09002773342	0.05024281405	0.1079288567	-0.09978092694	-0.1604648066	-0.1834520474	0.03512616379
HINT2	-0.3217099333	-0.7690965291	-0.8299427121	-0.5282449666	-0.2261876073	-0.8551245296	-0.1734180604	0.1644649416	-0.2109249326	-1.192894577	-0.8318136229	-0.5874706832	-0.4048619266	-0.3557203656	-0.3942379292	-0.1298337637
HINT3	-0.5596936368	-0.7910597321	-0.9286501921	-0.8327154881	0.05596317553	0.2075822855	0.2197663843	-0.1962484557	-0.3886959831	0.05005495015	0.1678099083	-0.05783452693	-0.4688904191	-0.3133535305	-0.03008796232	0.03357029295
HIP1	-0.1159515518	-0.006620853981	0.5611857781	-0.1064340559	0.254761422	1.201724094	0.5948912215	0.332110638	-0.1932146414	0.9800967132	0.8672279251	0.9962404089	1.026022878	1.517033845	1.320796282	0.3613042588
HK1	0.2900718396	0.285451485	0.4159081701	-0.407263133	-0.2048805306	0.5715500685	0.4887816438	0.5520585354	-0.009531386254	0.2145457447	0.5064886761	0.1054943719	0.2483031873	0.618667752	0.08798732731	0.03752311683
HM13	0.4363059194	0.4229687175	0.3675793238	0.6560977027	0.1479239252	0.687253982	0.4226955022	0.2648994486	0.1098205126	0.3861794268	-0.07321779454	0.08689889477	0.5218326474	0.430759691	0.1342739907	0.199724012
HMBS	0.04871392038	-0.05048121278	-0.3036002393	-0.0986369356	0.1453165236	-0.03375142588	0.04914433538	-0.2405454861	-0.2091273684	0.3798562844	0.4544596788	0.07001760188	-0.1067137618	-0.2581992255	-0.2746826068	0.1037093145
HMGB1	0.07682479314	0.1683723983	0.1016240746	0.3526861171	0.1808815071	0.6821270717	0.5673797014	-0.6165729269	-0.2277312795	0.1884532424	0.4977979874	0.2980378183	0.2784141973	-0.4481635819	0.1454365708	0.02604247037
HMGB2	0.5765198859	0.9924945978	0.8600050067	1.28850047	0.636154823	0.7147771691	0.3799210948	-0.1343538214	0.1941816128	0.4076714566	1.491600063	1.183229587	0.8259533811	-0.04515732269	0.252766038	0.3632831024
HMGB3	-0.3379352776	-0.5932641236	-0.4632517654	-0.1660317796	0.4249539725	1.089589765	0.5502741271	-0.5019398447	-0.08083581381	0.6238886197	0.6382562368	0.379391734	0.5598303632	0.05559679754	0.1215255342	0.07212705287
HNMT	-0.6034184281	-1.285566367	-1.133456775	-1.110365487	-0.3983244401	-0.5503344047	-0.2717848492	-0.5505109824	-0.5375363688	-1.199673068	-0.7390496107	-0.8874648204	-0.6043442388	-1.103431767	-0.0936345264	-0.2846746432
HNRNPA1	0.08390539784	0.2437571166	0.1662124125	0.4210848014	0.7495216534	1.222871549	0.855745733	-0.7151603133	0.4538230368	1.045073781	1.01678842	0.8607732376	0.858802548	-0.2008786105	0.4476053452	0.2003389947
HNRNPA2B1	-0.1307295295	-0.2237816026	0.06273274467	-0.2487932107	0.2970120062	0.4457568256	0.2224224492	-0.4179573526	0.1016414778	0.37871206	0.4796319134	0.1588742476	0.3049765298	-0.3763018438	-0.123824272	-0.01812414788
HNRNPA3	-0.03358338557	0.06557529522	-0.01525021695	-0.1193526943	0.4507093267	0.8989167457	0.7366533426	-0.7357912264	0.29389023	0.8578827253	0.8085791187	0.432357593	0.533827865	-0.8645826655	0.06649584808	0.1185355486
HNRNPAB	0.1389882459	0.2330753918	0.141000888	0.2630532608	0.6139080094	0.9121300376	0.6355037112	-0.2459620139	0.2044951711	0.8595147445	0.5665691258	0.2556307902	0.3952283549	-0.07151970422	0.1830038205	0.1316976642
HNRNPC	0.01849832741	-0.08005492808	0.02824098242	0.1091980721	0.4131896103	1.004275636	0.5045106287	0.1341714551	0.3926219247	0.4396743721	0.4909722049	0.373147789	0.5480284864	0.2612318292	0.245111001	0.1013368779
HNRNPD	-0.0655774752	-0.1810940025	0.06522663349	-0.02375762919	0.2744924266	0.4262184452	0.3457101222	0.1070419262	0.5243767422	0.7882362803	0.5133042773	0.3769188675	0.7262219036	0.3048058129	0.1236768091	0.01772690423
HNRNPDL	-0.03548770248	0.1975256172	0.1420403879	0.1760158023	0.2473196484	0.6059068767	0.7033134434	-0.3898520344	0.611442527	0.7606075264	0.5037267774	0.2237363009	0.4017434521	-0.4487652089	-0.1302666166	0.1861191689
HNRNPF	-0.0008659973488	0.04625575974	-0.06363198832	0.1107418049	0.3710845099	1.100442479	0.6314462721	-0.4342631818	0.07019598852	0.6780765096	0.5784520142	0.4222804747	0.5601480112	-0.006859562052	0.2785685193	0.0162631124
HNRNPH1	0.03454129988	-0.03498417292	0.1180080337	-0.2394523227	0.2895714205	0.8869911469	0.5855665796	-0.5005641141	0.6340774896	0.4396851377	0.1188943668	-0.04741262027	0.5615077143	-0.8378756981	0.05488888288	0.01409821183
HNRNPH2	-0.1985864019	-0.1306912357	-0.1316989985	-0.06849969596	0.3969579441	0.5907538624	0.3836967961	-0.7653508011	0.1134727853	0.1507030778	0.2690721966	0.1706248181	0.284543389	-0.8675910882	0.09016015236	0.01554922351
HNRNPH3	0.09063021443	-0.04581684026	0.2032613703	-0.1716914591	-0.1010977703	0.5715047603	0.3180384606	0.03736355364	0.3073017393	0.5598292162	0.1577808407	-0.1941557079	0.3792463398	-0.1272500299	0.02160129108	0.09372915289
HNRNPK	-0.0323646454	0.05734863249	0.01399906383	0.04845190016	0.3577655046	0.8408997438	0.5404184071	-0.1978916557	0.1912421595	0.4370698154	0.4215493829	0.3784447477	0.4852505212	0.1720972493	0.286791294	-0.07335099618
HNRNPL	-0.08654416632	0.02806730404	0.08361073205	0.1578568507	0.4026022609	0.7705490424	0.4540995532	0.3052280557	0.4529352426	0.6658198509	0.427847535	0.2626503456	0.5049564885	0.4594371492	0.01036789923	0.005467907194
HNRNPLL	-0.0528155862	0.1362373889	0.3831552968	0.1596831727	0.2675748808	0.5557779275	0.3419371632	-0.1904251709	0.1498128932	0.5665002823	0.2632762165	0.1737519593	0.1587955055	0.09206605534	0.110491881	-0.1249423728
HNRNPM	0.03294686238	-0.02233576236	0.1887025005	0.2475302619	0.2927882699	0.6114437536	0.3638877143	-0.5000572067	0.1446776817	0.7180945676	0.6649398013	0.6016669984	0.7900121489	-0.4682984203	0.3337140728	0.05893007951
HNRNPR	-0.07371808969	0.09414434854	-0.04678310011	-0.07137486448	0.01509067563	0.465260229	0.2900562632	-0.3805423505	-0.148156132	0.1288965244	-0.09753066354	-0.122902869	0.03722019599	-0.2203522196	0.2622718429	-0.01632722871
HNRNPU	0.05986839881	0.02441767563	0.1667366348	-0.1007237692	0.3398244497	1.081497534	0.6293205431	-0.4210293719	0.1650453272	0.5903179224	0.1995614667	0.0862790397	0.6528656077	-0.381233811	0.07139343592	-0.01470564237
HNRNPUL1	-0.006654847658	-0.12952012	0.02935164996	-0.3651189797	0.2426790437	0.7393946788	0.3424332666	0.097667845	-0.1191480611	0.2193998671	-0.01030005354	0.164444545	0.2222644777	0.6113683567	0.4172314654	0.04224191223
HNRNPUL2	0.06826918736	-0.04912009174	0.06461982681	0.04362300275	0.1472432967	0.8225300605	0.3249960568	-0.2189944674	-0.2774931355	0.255253429	0.09135052909	0.06159845964	0.3439464126	0.2366477	0.3802269248	-0.03823013877
HOGA1	-0.8025898908	-2.390043818	-1.587336281	-1.875598607	-0.1613750686	-0.9716105322	-0.4763272865	0.1251253674	0.2231527173	-0.3967875657	0.01264283214	-0.1114815564	-0.59139124	-0.0999521913	-0.06831780135	-0.1399039751
HP	0.3423497274	1.389173479	-0.4080409049	1.081531092	0.3411503888	3.555450862	2.09887716	-0.4715535756	0.1368473232	3.895350217	2.257721488	2.398342266	1.827968856	0.9231972638	0.8761119521	0.7178240177
HP1BP3	-0.1160848609	-0.2034815654	0.00217707956	-0.2995709258	0.02261451395	0.4991835082	0.3023386412	0.001657562539	-0.2556150184	0.01517714086	0.2418506251	0.3222753613	0.2501983803	0.458636311	0.2300781563	-0.07428744248
HPCAL1	0.002521426056	0.1158546346	0.305676452	0.3828066555	0.1139943285	0.9723860963	0.7459782257	0.1755589511	0.09403732405	0.3263938088	0.5695132876	0.5705724828	0.6716960933	0.3744324474	0.006978574598	0.05136386808
HPD	-0.5224814572	-1.216881852	-3.149051118	-2.100447143	-0.9263118294	-3.689990425	-2.355586593	-0.7128058517	-0.6703935355	-4.46599954	-3.141203032	-2.757544943	-3.715096617	-2.91254355	-2.216096023	-0.9955490495
HPGD	-0.2738218209	-0.8610091092	-0.9928608486	-1.394574329	-0.3565159648	1.014032352	0.4237039864	-0.3979349644	-0.5294043034	-0.3042955051	0.2280963082	-0.02718767568	0.722947585	0.5942874567	0.8630621699	0.2717184573
HRG	-0.7535577493	-2.668180992	-0.743308354	-1.980777527	-0.9166420089	-1.193679384	-0.9970915553	-0.2953276369	-0.5107912005	-1.719061401	-1.925046113	-1.86579699	-1.78186154	-1.382029505	-1.299192292	-0.721608442
HS1BP3	-0.28215825	-0.5516126305	-0.2697512581	-0.2871945258	0.2679719497	1.013985339	0.4410177885	0.211076789	-0.4356364995	0.5253794848	0.08384310578	0.2794719002	0.9198810639	0.9052267043	0.5818985178	0.2069501523
HSBP1	-0.03625325379	-0.1683875375	0.003404638996	0.3825240419	0.1724023249	0.4955596716	0.3633755183	-0.1562230704	-0.0668216456	0.2020805287	0.4709300343	0.276570988	0.426811084	-0.03635044815	0.05242615547	0.1831393491
HSCB	-0.2296206839	-0.5974847483	-0.5713306516	-0.3166869899	0.06182936057	0.06951479879	0.2178362414	-0.1769362555	-0.1800324396	-0.345859146	-0.19709694	0.07862364987	0.1251406465	0.02694771736	0.05762315873	0.1019325092
HSD11B1	-1.016155503	-1.592032616	-3.211820223	-2.633322011	-0.3697307494	-0.4691338993	-0.8105726193	-0.9224768858	-0.5865142564	-1.397195044	-1.003886699	-1.349395673	-2.026598853	-1.997208977	-1.561257685	-0.6808154465
HSD11B2	-0.3636867444	-1.151487262	-0.003623499202	-0.1049957192	-0.3194958161	1.402672457	1.283400503	0.4718733153	0.1129555865	0.005133039776	-0.000447844936	-0.1833300587	0.7550566999	0.8767664729	0.550325609	0.1514341772
HSD17B10	0.1263483034	-0.06732286372	-0.1947506614	0.2338699454	-0.1050180401	-0.1474271489	-0.02465019312	0.05836370211	-0.04414580286	-0.1539839842	0.1711048254	0.04290216367	-0.01083022865	-0.09123863607	-0.1741284629	0.05258369193
HSD17B11	0.1959802684	0.271296936	0.4832198358	-0.151883682	-0.5235962524	-0.9032316016	-0.7036982353	-0.1913914004	-0.1938833175	-1.745340197	-1.708439468	-1.737378251	-1.748768588	-0.991128884	-0.5916713569	-0.5646302601
HSD17B12	-0.4674938439	-0.3847442392	-0.6248681811	-0.2339515582	0.2476598548	0.1758711089	-0.1168062875	-0.3675805741	-0.2035863704	0.4510318495	0.03423640178	-0.1556863278	-0.2150606678	-0.4552338153	-0.03243424164	-0.0132059431
HSD17B4	-0.07474513135	-0.5437599214	-1.309360604	-0.9286215442	0.03670911127	-0.09512160022	-0.003772441045	-0.5991729688	-0.4183107248	-0.08130890253	0.2752630071	0.08853207448	-0.3627501895	-0.4112678043	-0.3079397781	-0.1176784772
HSDL2	-0.4174469615	-0.5354422456	-0.4451438187	-0.2481086937	0.4206140465	-0.0607826433	0.2464253353	-0.952057994	-0.6395861394	0.149861839	-0.1244373125	-0.2344375378	-0.7820236698	-0.8662071443	-0.443348439	-0.08674840662
HSP90AA1	-0.4295771742	-0.662308423	-0.4511179339	-0.3676309332	0.6781261036	0.6220006262	0.5077324126	0.3921193039	2.413674849	0.5101123747	0.06684540837	0.04101074302	-0.05631016622	-2.527343765	-0.1911142829	-0.09285787023
HSP90AB1	-0.2311042783	-0.3383690394	-0.3011663761	0.04952703445	0.1591746313	0.7496503865	0.4046488528	0.9569913492	1.469884438	0.5274351242	0.2268993185	0.3583338862	0.4750382384	0.3962439667	0.01251518448	0.05542521992
HSP90B1	0.05373401231	-0.09587723818	-0.3761161252	-0.1108583114	0.6515798983	0.9142938386	0.2641169652	-0.6129475271	0.3992060232	0.2779702889	-0.06769424319	0.143050081	0.1617377345	-1.284683827	-0.05025536862	0.203701959
HSPA12A	0.1183195469	-0.06345603651	-0.34903407	-1.069890137	-0.05578615253	0.1789128445	-0.3255177209	0.1732063686	0.1090921099	0.2893954387	0.2925899239	-0.05693642568	0.2689340351	0.2395147358	0.4677476379	-0.2786879337
HSPA12B	0.3204086382	0.02715660537	0.387712921	0.0435816398	0.2380675751	0.4535909173	0.309210831	-0.1122620253	-0.8659522836	0.6861421229	0.0612340939	-0.1176765204	0.2308871324	0.4038854127	0.2002637785	0.1035289234
HSPA2	-0.2013382332	-0.5664084603	0.7348934179	-0.5916619713	0.01707793455	0.8370847647	0.6772859588	0.5986789782	0.4105716912	0.1319357125	0.288636296	0.1751002343	0.9137713556	1.056453036	0.6117123471	0.1021825483
HSPA4	-0.1369901549	-0.2520151183	-0.2446075578	-0.283970231	0.3273611574	0.405900121	0.1659261526	-0.1435616205	0.2046258296	0.4531093831	-0.01409981242	-0.1468400244	0.1520588124	-0.1035338177	0.05830199266	-0.02359994802
HSPA5	0.0992859972	0.05821246922	-0.306343519	0.03146258662	0.6444838928	1.149814794	0.4847740598	0.7052446233	1.622926836	0.366662727	-0.26873911	0.02104663421	0.3540627888	-0.2700118951	0.05133961649	0.3279114416
HSPA8	-0.1905020248	-0.5255778629	-0.5000331615	-0.3535810093	-0.008380237208	0.2545550045	-0.08934570026	1.168006051	1.875453708	0.443766304	0.02631299987	0.2936590399	0.6079297713	0.4876109479	0.5112700262	0.1072714891
HSPA9	-0.5219264064	-0.9098622474	-0.9891732108	-0.8588973071	0.1635342949	-0.5804173361	-0.3827304435	-0.9548648232	-0.1552867184	-0.2278671842	-0.3394437935	-0.473855712	-0.6486606573	-1.26325109	-0.4731805696	-0.188868756
HSPB1	-0.5291019087	-0.9297598652	-0.642514072	-0.5494331462	1.152309164	4.343303805	2.952623128	4.092379912	4.87963164	3.046473682	2.903115197	3.258817774	3.483191623	2.51283168	2.325301132	0.6542926406
HSPB6	0.4045506853	0.7044524798	0.3567273731	0.4593932305	0.3262315897	0.3468173953	0.2411854686	-0.2653765311	-0.03686363758	0.7136336767	0.6551302136	0.3962541681	0.1615970638	-0.0927998395	-0.2728183716	-0.04513544484
HSPD1	-0.68187377	-1.358908198	-1.443758698	-1.011136259	0.06177628939	-1.004597123	-0.9131825459	-0.2893247068	0.8817511395	-0.2051713074	-0.2832679368	-0.5645923777	-0.757800576	-1.350168717	-0.5597023821	-0.1837028064
HSPG2	0.4179809003	0.9376387227	0.7771027677	0.5284865378	0.222120448	1.264245963	0.6298827868	1.264631844	0.5893069398	1.634580136	0.9204082541	0.7417370043	1.417772379	2.060220523	1.384029965	0.2486903614
HSPH1	-0.354753627	-0.2759395011	-0.4118713441	-0.697529176	-0.1772587756	-0.220295608	-0.3919040603	1.812731625	3.045500033	0.4851513383	-0.6009815422	-0.784168874	-0.003860770301	-0.166861356	0.09636403541	-0.005952443233
HTATIP2	0.09250431194	-0.2076315694	0.09737566662	0.7903484433	-0.1963673694	-0.7053165976	-0.2803632345	-0.4973071086	-0.4137381508	-0.7513854462	-0.2022965484	-0.5047274176	-0.8929118571	-0.7377487443	-0.4542125152	0.2909458594
HTRA2	-0.2312444826	-0.3993410894	-0.1892571371	0.06112874531	0.07705717861	0.7223012467	0.3850561571	0.0841881935	-0.008214391457	0.542997901	0.003939785798	0.1192018183	0.7147002287	0.6321679732	0.3683053944	0.04918787487
HUWE1	-0.1072195052	-0.1233539722	-0.146692386	-0.5868461392	0.3069668734	0.8305124847	0.07507569434	-0.01631824473	0.03448901936	0.746840703	-0.3510275527	-0.1347593767	-0.01078576519	0.3138691801	0.38614636	-0.1367977797
HYKK	-1.007446291	-1.664671564	-1.490014103	-1.359859716	-0.6857892316	-1.669219919	-1.569848207	0.014688218	-0.7097024069	-1.403660929	-1.631713579	-1.599857875	-1.108466685	-0.3226164072	-0.2804338925	-0.5819912536
HYOU1	0.3507627919	0.3324472371	-0.1580950245	0.1216404472	0.3675633594	0.8322517237	0.3353733976	0.8933912002	0.6873625077	0.8248880466	0.1182992169	0.02242606486	0.5094104933	0.7429030089	0.2471725128	0.2678357052
IAH1	0.1207285955	-0.1513867383	0.03898364612	0.2373556293	-0.1584672999	-0.7537420292	-0.4916213758	-0.05972876027	-0.05178314511	-1.24542423	-0.7564503757	-0.5925921724	-0.3553214665	-0.4324101617	-0.3255671117	-0.09721793751
IARS2	-0.4104034593	-0.4558837301	-0.7409404079	-0.4384597525	0.05541815971	-0.0130278125	-0.1066421396	-0.5575679383	-0.287053991	-0.0989817134	-0.3254616512	-0.1907123715	-0.4242493935	-0.3047373392	-0.09409102482	-0.1155145154
IBA57	-0.2203908103	-0.7261901841	-0.4177624597	-0.04903563181	0.2992399972	-0.04174905923	-0.0552084064	0.02300594032	-0.1070155235	-0.01702497322	-0.2385038976	-0.3171685653	-0.2380932643	0.003793777195	-0.06150726202	0.02355337985
ICAM1	1.34338624	1.985928021	1.531553348	1.621797613	1.440057264	2.955151958	1.53666674	0.2652457898	1.186616807	1.440511921	0.898969556	1.185207008	1.83248122	1.912538245	1.369890007	0.8678981707
IDE	-0.4434291353	-0.3824201239	-0.8626039381	-0.6607679872	0.1532927631	0.7368213948	0.4618989355	-0.2985102015	-0.2456327325	0.3530944088	-0.1823953149	-0.2532286125	-0.1681181492	-0.3098081757	-0.1441058661	-0.08328052364
IDH1	-0.6347484373	-1.058694055	-1.542211998	-0.865085431	-0.06173952438	0.1677944	0.3400081165	-0.5663973692	-0.3987790802	1.027198337	0.7138720119	0.1264970286	0.3294593655	-0.0364858589	0.5952954154	0.4164809981
IDH2	-0.1166714553	-0.2475350207	-0.6632267891	-0.8105690765	-0.149547418	-0.9672394932	-0.5422394152	0.04589434883	-0.09568599421	-1.270472201	-0.5500947699	-0.3093850223	-0.5336378321	-0.1851935361	-0.3624641835	-0.1450764996
IDH3A	-0.1849280585	-0.2664561633	-0.1439647578	-0.3256287677	0.1236026721	-0.05408537286	-0.005737295177	-0.3632109423	-0.2122078558	0.1970038808	0.1568666013	-0.2529231529	-0.1755713597	-0.425486936	-0.2395661825	-0.09647101231
IDH3B	-0.1955052419	-0.4450949586	-0.3831201891	-0.3065234373	-0.08981412636	-0.7783119458	-0.5294056825	-0.5375901382	-0.09389682923	-0.6315485357	-0.5568352614	-0.5315370334	-0.6430163641	-0.786195266	-0.4896271481	-0.05962171139
IDH3G	-0.2954791658	-0.554564134	-0.5973203995	-0.4056455686	-0.01581426794	-0.8003354261	-0.5627911298	-0.2114641869	-0.1317462031	-0.8045119368	-0.6532301151	-0.5190103943	-0.6602603588	-0.4601896631	-0.430100437	-0.02983858567
IFI30	-0.2417233366	-0.6877374136	-1.011110661	-0.4198870797	0.5229993157	1.519282479	0.9101521501	-0.05907392469	0.0659071344	0.4749959845	0.4966676619	0.6584734595	1.063024743	0.6636413202	0.2178197307	0.616726498
IGF2R	-0.1904372078	-0.04450954383	-0.1871939147	-0.3825808754	0.2045101328	0.165683705	-0.1206337068	0.07338586602	-0.2594220796	-0.0182666853	-0.1754592837	-0.1009813963	-0.49993365	0.2571297216	-0.1255380037	-0.0817682168
IGFBP2	-0.4189608223	-1.209044295	-0.6040926664	0.005451637969	0.3870105833	1.357500124	1.320729569	0.7747386916	0.3648643159	0.3809596196	0.5301045339	-0.08377230337	1.374820526	3.564191959	1.810060499	3.858444754
IGFBP7	-0.2303095572	0.1539357528	0.5939673249	0.5045917365	0.1029579054	0.8566314379	0.4562602382	-0.01987664546	0.2623086594	0.0507774887	0.1750390636	0.4675821041	0.9171490076	0.5424637947	0.534652807	0.1957603034
IK	0.03478454888	-0.05290828009	0.1589278115	0.198477639	0.180140526	0.58403546	0.3861175898	-0.6584167583	0.04005967102	0.1137249785	0.2960027554	0.2715683314	0.3628553162	-0.4253450814	0.05504585671	0.1103127137
IL1RAP	0.2384228774	0.8432219395	0.4143053284	0.2988929741	0.01540488209	0.467775343	0.3187250127	-0.3043385644	-0.04115262015	0.2510051024	0.1669748598	0.2088789501	0.1482622402	0.1094222337	0.4757604125	-0.02401980412
ILF2	-0.06070526049	-0.1604087076	-0.07004983895	0.1159409873	0.2671116124	0.5500812495	0.5427797601	-0.4231178218	-0.154864654	0.3572543168	0.4644403415	0.2401603848	0.4985085105	0.09992313912	0.1346879444	0.04504926824
ILF3	-0.05074202301	-0.1239559649	0.003899333843	-0.1640641355	0.2971817624	0.8370333012	0.3910646465	0.08537780065	0.1584267953	0.5491882425	0.1808132327	0.1774309489	0.5969559297	0.6639025153	0.4964186386	0.02397369029
IMMT	-0.3668421842	-0.647719735	-0.6994255036	-0.656743114	-0.00669405924	-0.5393747815	-0.357817756	-0.4289243469	-0.2458068683	-0.4942705826	-0.4349253951	-0.502332644	-0.6497016692	-0.5065186112	-0.3645403164	-0.09854577736
IMPA1	-0.2471325869	-0.2944601624	-0.2909362434	-0.4251518829	-0.335813231	-0.1428721442	-0.1832468567	-0.4226325103	-0.3641308993	0.007706708976	0.3262226433	-0.1462592967	0.0365804273	-0.4329409347	0.06229282739	-0.03098237371
IMPDH2	0.1488644983	0.1388973426	-0.3607125778	0.3544051138	0.543141154	1.238063114	0.8136915749	0.2198592996	0.3305520859	1.339763358	1.191271002	0.8966960255	1.068120236	0.7045017846	0.4780528665	0.1888197865
IPO5	0.01710648973	0.2002018702	-0.3206074554	0.049899662	0.4864460055	1.028150773	0.5137735617	-0.4436700444	0.1152068336	0.9427642762	0.6844844152	0.6031108709	0.4206279891	0.2163169208	0.2157243506	0.05025980506
IPO7	-0.2304376533	-0.03086212685	-0.395544835	-0.3580306605	0.4922143922	0.7348938786	0.2840964723	-1.254533414	0.1252312521	0.8331415824	0.3377993026	0.5167653945	-0.2172199749	-1.658208943	0.138976973	-0.196332247
IQGAP1	0.3759149763	0.5842718434	0.4066382435	0.1030443157	0.4520438033	1.69018525	1.097261827	-0.03900289369	0.2543195993	1.042782644	0.6672081558	0.6902363089	0.6866715549	1.015424009	0.780234758	0.3621976011
IQGAP2	-0.1989000143	-0.5397174247	-0.09625240587	0.06994773542	0.4077338076	0.1930206381	0.03360959875	-0.93190031	-0.2019116281	0.4077285233	0.2965099711	0.2245810384	-0.3323112822	-1.245538222	0.09863065367	0.08289207322
ISCA2	-0.2640439337	-0.1883244638	-0.2397594193	-0.1799428648	-0.109349712	0.07604769417	0.03120006598	0.03003598012	-0.1646382063	0.05708276571	0.292734326	-0.04399324981	0.09238436273	-0.005432277596	-0.1091835226	0.0196933198
ISCU	-0.1296102537	-0.2964464005	-0.3399122578	-0.2319254931	-0.1453617924	-0.5838662943	-0.3213727058	-0.2691064902	-0.1798869907	-0.7269706938	-0.369932588	-0.2991222937	-0.468526313	-0.5317262401	-0.3699935834	0.04465159133
ISG15	1.812196218	2.262824859	1.903814465	1.593001741	0.6134507832	1.918471596	0.9511073379	0.2448268432	0.1504582049	0.7138149406	0.1450751945	-0.1087735919	1.327132637	1.455910974	1.075078548	1.131151142
ISOC1	-0.1102281504	-0.003011536308	-0.384272532	-0.02813734832	-0.09007863162	-0.1009508368	-0.06322673357	-0.3598427138	-0.2699424195	-0.03552883651	-0.08751444013	-0.249444164	-0.1020588491	-0.1862081123	0.2344488294	0.03018896764
IST1	-0.0558943239	-0.01667987969	0.03283452835	0.01062230101	0.03302303412	0.6390568822	0.4418605838	0.05307941757	0.2574951127	0.3101593963	0.3122969974	0.2556007242	0.3039648551	0.2902647244	0.08579409876	-0.009947819888
ITGA1	-0.3020021249	0.06230909627	-0.2564479949	-0.6827929089	0.2124947606	1.566385016	0.5690703801	-0.626977024	-0.2245465207	0.5953326359	0.4777893641	0.6892388179	0.6702227132	-0.1436409006	0.8762079824	0.07762753717
ITGA3	-0.04942679194	0.2849161084	0.4089079903	0.8263549522	0.351829448	1.691262765	0.9500455241	0.5500635623	0.6668729604	2.039350351	1.759644713	1.615218347	1.782049191	1.549385321	1.035957001	0.340052078
ITGA6	-0.1062545808	0.2189304967	-0.1807142921	-0.6222190639	1.49298096	2.015216051	1.366237939	0.1515566393	1.076337035	1.890838343	1.663584956	1.210903081	0.8748410994	0.5643124252	0.5180630369	-0.2056195479
ITGAV	-0.1613117048	0.2363105876	-0.003799686028	-0.2741172405	0.7971035423	2.12288078	0.9598181567	-0.1981596664	0.5793543356	0.918417086	0.647109824	0.8674374199	0.8941518602	0.8082065783	0.8103558191	-0.1855323042
ITGB1	0.1271159274	0.5342382466	0.1013056826	0.2365022243	0.6411003819	1.523839684	0.8425486232	-0.657352643	0.05138430258	1.162248775	1.109256242	0.9641606283	0.7530738672	-0.1207010688	0.6851719209	0.2937068229
ITGB5	0.07440055903	0.1458989553	0.2648045932	0.1810738223	-0.02851041809	1.259862138	0.6570383298	0.3591813313	-0.1396276991	-0.1504795969	0.1757181898	0.3881881242	0.8391363626	1.117979921	0.9499373874	0.4238349498
IVD	-0.9394588361	-2.43579305	-2.335971691	-2.259464497	-0.5460398984	-1.978146548	-1.530693455	0.01989586305	-0.2062316542	-1.476327696	-1.072608188	-0.9367221864	-1.212992378	-0.5658832759	-0.7074311164	-0.2767600238
JUP	-0.1156927639	-0.0481195908	0.1099064742	0.1467840451	0.185649521	1.193611332	0.5569097339	0.5340986766	0.723647874	1.005567027	1.009773617	0.7747072653	0.8875303437	0.7646024125	0.3041033623	0.07203202925
KANK2	0.1897962598	0.4329385153	0.4016618228	-0.1169489882	0.02654752372	1.66508492	0.8555765648	0.2632515559	-0.3730375976	1.45564277	1.244525955	1.036337943	1.457229704	1.834064731	1.493077303	0.5432440723
KCTD12	0.6862379182	1.006987314	0.894369889	0.2013830189	0.555709949	1.623121992	0.880764187	0.2548401751	0.04110068097	0.3561570189	0.2924471715	0.1916416924	0.5494707136	0.584881707	0.5530414909	0.163774315
KHDRBS1	-0.01063434378	0.1087961468	0.2344742226	0.1905868976	0.2220355134	0.9158949035	0.634447134	-0.01339827947	0.09497101101	0.735704672	0.40194521	0.306432309	0.6802549571	0.6078123675	0.4812285535	0.07523799927
KHK	-0.8832982638	-1.893162666	-1.773643958	-1.359034	-0.4954325526	-1.094450747	-0.7353965554	0.1392731513	-0.2455071978	-2.418570417	-1.271716221	-1.51710197	-1.104535885	-0.639627511	-0.6761197771	-0.2002524554
KHSRP	0.05171050097	0.1227822451	0.1264571984	-0.1181178469	0.1250416467	0.9874743514	0.5593653323	0.2727555652	0.1803017742	0.8849863357	0.404780099	0.4501774844	0.8691445888	0.7437667041	0.2292705561	0.1218103503
KIF12	-0.07147705297	0.3293200988	-0.3552052923	0.425779853	0.08568206827	0.3787935891	0.09056738553	0.3250855955	0.2597919503	0.7348771569	-0.8261195335	-1.210703369	0.5189441131	0.3066608524	-0.008987278575	0.1800532828
KIF13B	-0.3301494326	-0.3094736385	-0.410021256	-0.5572360229	0.09246888322	0.8445254043	0.5424688861	0.1273438786	-0.1108664348	0.2895015554	-0.3026295022	0.03087555416	-0.3127992333	0.7190333559	0.5923767079	-0.121675672
KIF5B	-0.1589239092	-0.00227487382	-0.03500644267	-0.403984087	0.2483040014	0.7064500513	0.6058951653	-1.105319308	0.04819345129	0.6384300233	0.2156350073	0.1436374189	-0.1718246287	-1.713529897	0.1446807817	-0.1468299054
KLC4	-0.2530239985	-0.4534237093	-0.4132259898	-0.248061079	-0.2350496778	3.890744339e-05	-0.1085796745	0.4103161032	-0.0141445358	-0.4281980137	-0.2235801453	-0.05787076503	0.09990475063	0.2449689535	0.1178197835	0.02967168659
KMO	-1.062314032	-3.120580501	-4.016072725	-4.515991431	-0.3870436224	-1.882707585	-1.245498774	-0.5399110752	-0.5405467316	-1.681272034	-1.202676911	-0.5985667359	-0.9343048597	-1.394607218	-0.4898780877	-0.3236620927
KPNA3	-0.1652012321	0.02430013287	-0.2416306387	-0.4087793369	0.5187202297	1.22324144	0.5843060907	-0.8582466133	-0.2062973	0.6209097268	0.4122549715	0.4658999119	0.4001519302	-0.8447173243	0.3506104323	0.02466234779
KPNB1	-0.04652818229	-0.0268990061	-0.04899971278	-0.03202987775	0.641002605	1.262715968	0.7168167638	-0.1499094664	-0.1066390914	1.191631082	1.018291418	0.7632728492	0.7334849815	0.556299105	0.5375856542	0.1156316278
KRT10	-0.1101985042	-0.3321235347	-0.1793356224	0.04467633544	-0.3288912859	-0.2822190587	-0.1219600614	0.1487026331	0.03368267456	-0.04092252407	-0.04720289999	-0.2949275025	0.03564339704	0.04404231933	-0.04737201622	0.001488907894
KRT15	0.7173063963	1.549791812	1.297404004	3.085624643	0.1506541019	1.202639998	1.544738654	0.2077690594	0.3547763966	0.9867579217	2.571362172	1.433149637	1.785985403	1.185973656	1.104445863	2.02788514
KRT18	0.2843150226	0.878314628	0.3946359306	1.197610999	1.079510332	3.111507081	2.814998666	1.139773443	2.007015913	2.494642083	2.945374177	3.016078791	2.736134914	2.039301782	1.462153987	1.395013181
KRT7	2.047529287	3.590224965	2.41104902	5.160067078	0.2088989174	1.762662606	1.606031111	0.2190859494	0.4397883388	1.01675707	1.48350105	1.252508235	1.194948732	0.7837066139	0.4501130859	0.4931616536
KTN1	-0.2476705693	-0.2604304336	-0.1499533545	-0.3275430595	0.2653459207	0.9142685795	0.6975823986	-1.145072894	0.08451982895	0.6880944862	0.5450762786	0.5530258635	0.4910074874	-0.9676425252	0.285357674	0.01391580674
KYNU	-1.132487166	-1.456082518	-3.479394899	-2.314209511	0.4770561489	0.5703593822	0.5140367541	-0.325635863	-0.2823811789	0.04428421001	0.7886237973	1.068008081	1.242063336	0.3785645685	0.5585505086	0.3597560429
L2HGDH	-0.7486820865	-0.928524576	-1.020165753	-1.012869029	-0.4435951185	-0.957371095	-0.8038338614	-0.7617912599	-0.4795792193	-0.6801595551	-0.6823178475	-0.8548348492	-0.8504196353	-0.9883009614	-0.3388555206	-0.3626108904
L3HYPDH	-0.2505574461	-0.5824495899	-0.5643489824	-0.4964324901	0.2926928701	-0.2458419285	-0.1296087817	0.158146995	-0.2296191362	-0.4496267244	-0.3940607846	-0.5010296959	-0.3041977819	-0.1037178519	-0.2857613551	-0.2324620778
LACTB2	-0.3990484614	-1.11557672	-2.494468629	-1.927036219	-0.2854298077	-2.20473016	-1.515068253	0.06390855462	-0.3066085598	-1.533557295	-1.871574417	-1.919097234	-1.104384312	-0.4428839415	-0.291094086	-0.3395486573
LAD1	-0.03528284897	-0.1278106395	-0.1874520706	0.4626807504	0.08168678491	0.7520621388	0.530986715	0.3870627065	0.3057716232	1.309305294	1.707435974	1.528289402	1.663697387	1.030324667	0.6563865877	0.367153223
LAMB1	0.04568876738	0.5454679731	-0.04752516035	0.1217390963	0.264027536	1.564243914	1.00313016	0.3657017776	0.3339700589	0.9478046598	0.8093887994	0.8446053542	1.090268956	1.338290532	0.845415904	-0.07213957867
LAMB2	0.2477968239	0.3429376546	0.3197948819	0.1163536875	0.007542069181	1.134322519	0.7610763688	0.5652277251	0.1626590357	0.5822535231	0.6383318478	0.6941193317	0.6281016034	0.8841831482	0.5123115746	0.2282655674
LAMC1	-0.07777048547	0.4170753106	0.2481812345	0.06805547415	0.554666928	1.479915177	0.7406642778	0.6042573764	0.7823756892	1.444342038	1.157930585	1.132924436	1.081598334	1.499407686	0.8897686217	0.1631772829
LAMP1	-0.2492524977	-0.4836041788	-0.3645654473	-0.1080503345	0.2279589055	0.275315151	0.1285437827	0.03407236248	-0.09841641184	-0.2661480107	0.02568302061	0.2077654361	0.2141046785	0.1643768559	0.02520000757	0.1846466382
LAMP2	-0.5680937889	-0.8115443645	-0.6059523252	-0.5922316847	0.2577157719	0.1488332603	0.02723960872	-0.3390683092	-0.2389788896	-0.6273189304	-0.3326952169	-0.09473493263	-0.2475435724	-0.4919509622	-0.002630190218	-0.06122827277
LAMTOR1	-0.06591555223	-0.2025020248	0.005803430171	0.1794044514	0.2704357778	0.4102282634	0.2701701102	0.1911002207	-0.07907898302	0.2119328052	0.2740905739	0.1667683531	0.3638937098	0.2769156342	0.08580891764	0.2343385837
LAMTOR5	-0.2353579611	-0.3211955341	-0.1994793674	0.106569002	-0.077011322	-0.09618490412	0.06278327702	-0.03777040903	-0.1108050373	-0.3554584988	0.1930585478	-0.3667149542	-0.2243690425	-0.1355082897	-0.1576206481	0.05639719381
LAP3	-0.4367145088	-0.4488756865	-0.4402225773	0.2417308656	0.02815965846	-0.9087227655	-0.8447053048	-0.1003790776	-0.2829448997	-0.969918881	-0.9570575895	-0.8253066284	-0.875959171	-0.5312007657	-0.4769517147	-0.170626041
LARP1	-0.2354974198	-0.3504449047	-0.4304879192	-0.6134562091	0.2929993349	0.7487418781	0.4643232943	0.1706414695	0.09851659269	0.4790916238	-0.02882973094	0.03630596401	0.1157986504	0.4338315993	0.092883618	-0.05320614404
LASP1	0.2884987343	0.4803509164	0.2364446266	0.3324775794	0.2761272137	1.499494471	0.7279018546	0.5383728899	0.1944776876	1.23748909	0.9059997763	0.8045605371	1.239866677	1.134494321	0.570710081	0.2194663221
LCP1	2.085353169	2.114996492	1.272738324	1.54200706	0.34487036	1.587711877	0.5574982444	-0.2701885488	0.03048263538	0.8143657985	0.7470115317	0.6559178069	1.582782443	1.583333228	1.551547175	1.185471663
LDHA	-0.2167455265	0.06221853991	0.08220663522	0.3883598079	0.3526908747	0.3144003209	0.2688361102	0.3237131198	-0.07831657658	0.03346015762	0.273785569	-0.02507766574	-0.005639093341	0.1000923756	-0.1084757795	-0.08972800794
LDHB	-0.2343147432	-0.6986930092	-0.4728474987	-0.6957436896	-0.09766354318	0.9919551595	0.2795556357	-0.09607117278	-0.0001624990199	-0.6579885809	-0.1890904386	0.02289108192	0.5180668859	0.1382266533	0.06839464961	0.08843723859
LDHD	-0.754932116	-1.660231991	-1.638039808	-1.817383077	-0.3429314134	-2.186691105	-1.873210381	-0.5507828474	-0.3271964518	-1.20186022	-1.372660533	-1.578742004	-1.911846849	-0.857970321	-0.6896766737	-0.5137149277
LEMD2	0.07143299207	0.0655360137	0.05926604433	0.2259977835	-0.01117164806	0.7780905916	0.5152913686	0.2591993225	0.107080298	0.3476231021	0.2655019862	0.3878224437	0.5286362821	0.451426495	0.2500006964	0.1504184736
LETM1	-0.07737937337	-0.1302782959	-0.3848732442	0.0306254479	-0.07749834158	-0.6416345949	-0.4097936157	0.1041891068	-0.06361773857	-0.4899595281	-0.5840291025	-0.6474604327	-0.6290025199	-0.2521651076	-0.3227870817	0.007717521757
LGALS1	1.595509397	1.720891667	1.326244054	1.281643058	0.8653120766	2.632281943	1.645361988	0.2669868423	-0.1018949502	1.992916042	2.512265577	2.077185479	2.128549279	1.640512433	1.384161834	0.8235207562
LGALS3	0.2481329834	0.8481101745	0.7882054367	1.732934241	1.632610102	3.234475029	2.842482642	0.5977488352	1.881796823	2.923998828	2.326699357	2.376877721	2.328618055	1.812171968	1.484711822	1.488088091
LGALS9	1.13712653	1.340293326	1.420346603	1.251792006	0.369721765	1.633616446	0.925577142	0.5115012099	0.559137569	1.146824773	1.476863556	1.176390832	1.902995607	1.794569013	1.542623706	0.8049093223
LGMN	-0.1551229032	-0.0411856596	-0.2485051967	0.4822101476	1.070255765	0.6846159201	0.4356392418	-0.01821113423	0.1475758485	0.6163461688	0.4954471872	0.9227665144	0.6899032132	0.2856519883	-0.03657252407	0.2832326894
LHPP	-0.303498211	-0.3184237456	-0.4383843601	0.1944978908	0.2382509918	1.074436511	0.6779336606	0.3347314902	0.03206075674	1.487703574	0.9864444093	0.622688962	1.20563125	1.189501114	0.8254334104	0.5199535585
LIMA1	-0.1162015861	-0.03062568779	0.1327755243	-0.1639049004	0.1066599812	0.8985966538	0.3432808649	-0.09271462252	0.1344248545	0.3628215196	0.2768402833	0.1063540266	0.5267073576	0.7364975694	0.5171344163	0.1552585786
LIMS1	-0.402647384	-0.298668401	-0.4626002031	-0.2871791352	0.4094363656	1.012135259	0.4815876125	-0.3797838694	-0.000755847319	0.8451587104	0.5743032253	0.513675258	0.3720705225	0.1959518979	0.4967925565	-0.01333873162
LIN7C	-0.2145826705	-0.2086220487	-0.3401743132	-0.6935943566	0.1210277894	0.4457883472	0.3927182802	-0.7839343721	0.1488707169	0.2656061793	0.3453821417	0.1903275756	-0.05491235627	-1.101042	0.09948055485	-0.2035652675
LMAN1	-0.05512947332	-0.2894797453	-0.2980719947	-0.7272590663	0.0722346899	0.03416501569	-0.1331940014	-0.1965030468	-0.2395813822	0.3000830307	-0.01021060205	-0.1628497994	-0.2238907228	0.01209071901	0.01823679668	0.0004994122537
LMAN2	-0.06067881796	0.1381580058	-0.2086970278	0.2060630623	0.1891279312	0.2727132135	0.02668896586	0.3271587678	-0.1598317189	0.01287113758	-0.3254301937	-0.2675009559	0.0251915925	0.3008901205	0.1037997907	0.03601662609
LMCD1	1.088316815	1.251891325	0.9163136991	0.7448043278	0.07999333212	0.8543915071	0.5276884498	0.9246060308	1.144971148	0.4502388122	0.5746419807	0.5738228954	0.1538539854	0.2672753131	0.1004136624	0.3438844202
LMF2	0.1649778357	0.09114511113	0.2136224592	0.5182730248	0.3172930429	0.8559278072	0.4177528751	0.609032093	0.1848915636	0.7025870697	0.668941554	0.4409589716	0.933159739	0.7783032837	0.3311553705	0.07146891708
LMNA	0.6036339271	0.771118542	0.5348136772	0.8408930379	0.7395485676	1.725188567	1.164963986	0.8473334032	1.54375581	1.417228205	1.309081688	1.076722326	1.305376611	1.048115332	0.6802285836	0.392404383
LMNB1	0.3516271494	0.4395582535	0.0675494546	0.1161925425	1.29838024	1.36387569	0.6814839378	-0.01603331888	0.438433018	1.418612201	2.106608519	1.687064342	1.565308568	1.248329767	0.7161860815	0.6740039868
LMNB2	0.1248917435	0.2883757711	0.04432888973	0.1528504117	0.2797882285	0.7088448887	0.5926349929	-0.03917213914	-0.3078324893	1.024042937	0.7072147835	0.2130792809	0.591935054	0.4677714676	0.1555460478	0.04745586543
LMO7	-0.348281153	-0.09106106303	-0.004545066195	-0.5347061294	-0.3067904496	-0.2074522218	-0.1992626197	-0.3060203746	0.8048861835	-0.1119418362	-0.479705767	-0.378132022	-0.4379723055	-0.4030034471	-0.03560239969	-0.2395621802
LMOD1	1.273299415	1.024613148	0.4254389879	0.8198978528	-0.09201894255	0.6344558976	0.3502309051	0.1505065208	-0.07012020312	0.6223527374	0.8846455117	0.2748578442	0.1518732022	0.3756877004	0.1873991845	0.1865723608
LONP1	-0.2110580505	-0.5073632012	-0.4476198896	-0.3070967939	0.1592688309	-0.4625734723	-0.3357510278	0.05184291882	-0.06181321215	-0.1831520382	-0.2663248722	-0.273647339	-0.2883559644	-0.06767861583	-0.2676707914	-0.03967216229
LONP2	0.04544034999	0.1863608748	-1.117882647	0.1856124798	-0.1084093849	-0.3601472093	-0.4544088641	-0.539948949	-0.2193015788	-0.4780207708	-0.3047545645	-0.4819026424	-0.3680872835	-0.4408696424	-0.1682896261	-0.1272260182
LPCAT1	-0.4242907216	-0.8530719414	-0.9479941163	-1.010768714	0.03053268041	1.085653759	0.4878973721	0.09314191031	-0.6055053651	0.6885060005	0.7416607655	0.6805305328	1.102350552	1.406104585	1.122614521	0.4293186312
LPGAT1	-0.3015462249	-0.4050096294	-1.465877437	-0.9474139161	-0.2228870499	-0.009077771814	-0.3793001697	-0.5142305485	-0.2962495207	-0.1978858892	-0.5338104643	-0.5082196752	-0.6067510052	-0.5915259126	-0.08921113892	-0.3784410419
LRBA	-0.5514762388	-0.7477414731	-0.5742737331	-0.8942174588	0.01447799829	-0.04977386383	-0.2336715036	-0.4145990529	-0.4046936198	-0.01680791425	-0.3522877797	-0.4011176437	-0.5009001551	-0.6628286635	0.003158493501	-0.3626372904
LRG1	1.345976063	2.503407195	0.3340778168	1.093938357	1.583527833	2.305675603	2.058990504	-0.9577468716	-0.1891966722	3.029784289	2.17071861	1.819970402	1.029728588	0.3770667478	0.4300827769	1.152445544
LRP1	0.8350830021	1.560967252	0.6742210592	0.3251728366	0.319806595	1.989390016	0.9902656345	0.9809095894	0.6202856171	2.215080115	1.780300575	1.688094665	1.862033338	2.468067486	1.930328162	0.6367420171
LRP2	-0.9658770597	-1.590552936	-3.489168742	-2.210591239	-0.03514658072	-1.53989761	-1.394714373	-0.2247682081	-0.7268893139	-0.8485300698	-1.681142914	-1.364171406	-0.9600110501	-0.1989313908	-0.3879730692	-0.3343375691
LRPAP1	-0.3582571298	-0.7811988529	-0.869245469	-0.2202812533	-0.1937939315	-1.559399924	-1.149432019	-0.04082989357	-0.06851742952	-1.093355701	-0.7509129676	-0.8733123104	-0.6477634737	-0.5437093817	-0.5095425659	-0.1648555771
LRPPRC	-0.506684263	-0.6119706782	-0.7903643344	-0.7948746603	0.09939796878	-0.3494046084	-0.4291784614	-0.9183407337	-0.4079706477	0.08253749823	-0.264415233	-0.3971929848	-0.3528472918	-1.101449001	-0.2363447727	-0.2875264791
LRRC47	0.08288765794	0.01042692596	-0.03774532861	0.1692641883	0.1250682841	0.5740242109	0.3785557739	0.2942474975	0.2441197093	0.349504158	0.1988802958	0.2862642002	0.2216726134	0.3970485056	0.1488067163	0.02389503092
LRRC57	-0.2444943646	-0.4641920306	-0.2455026316	-0.453287457	0.06996280494	0.402228029	0.2908990147	-0.1224598354	-0.198465865	0.2750041738	0.2985617976	0.07573813974	0.1241226909	0.09167430531	0.07801128027	-0.05461008276
LRRC59	-0.1351325547	-0.03773667353	-0.1293959434	0.3662818433	0.687523163	1.108794901	0.695384841	0.222880626	0.524682264	1.337592681	0.7455723754	0.5770956994	0.4233794946	0.5319514512	0.2763203433	0.2032079972
LRRFIP1	0.3894380191	0.6432045608	0.4295855429	0.1982621708	0.2543742745	1.162979262	0.8255778582	-0.5059723018	0.4164766727	0.9960043625	1.038140696	0.7326569045	0.645733239	-0.02691294518	0.6118924117	0.4311917703
LRRK2	-1.080254465	-1.409820353	-1.425923411	-1.520184062	-0.3420469181	-0.7898525628	-0.8260615071	-0.8333009639	-0.7132653397	-0.6532978559	-1.424861935	-1.23713772	-1.058919409	-1.566730479	-0.3216505645	-0.50278479
LSM6	0.1161653986	0.08601856221	0.2280965702	0.2957376139	0.2649923423	0.6241004297	0.5758765452	-0.05565702807	-0.05160459707	0.8176487476	0.8037852617	0.2791956409	0.4796754487	0.05576375737	0.1730663109	0.2430799617
LSM7	0.08514009908	0.06655360677	-0.4072202953	0.4197086482	0.1999276538	0.9408298801	0.8530818228	-0.0389007469	-0.2340263483	0.8196688577	0.5771995976	0.4512098297	0.6687535447	0.3195891908	0.2401388109	0.3743377377
LSP1	1.500866999	1.94244212	1.351628645	1.575964595	0.1490409609	2.302447511	1.000709764	0.2584177967	0.09670496732	0.6315861213	0.8641775995	0.7827726316	1.811069542	2.176360739	1.888369654	1.672294805
LTA4H	-0.02928520343	-0.1321577362	-0.2091934339	-0.1723587139	0.2134761144	0.718355195	0.4589179045	0.05896962486	-0.02846101435	0.4895642213	0.3721564832	0.3978365895	0.7623913273	0.4568926651	0.2402594615	0.0989411445
LXN	0.4341379069	1.288675797	0.4532506987	1.467018297	0.537664441	2.528960766	1.710197989	0.01113129765	-0.09912292753	1.514233398	1.702467652	1.740063913	2.246581941	1.89572951	1.447793657	0.6023684791
LYPLA1	-0.4122043694	-0.5189498987	-0.5963432002	-0.8780794926	-0.3042099287	-0.8818555674	-0.6883319698	0.1503941394	-0.4211120418	-1.145169957	-0.671918524	-1.00969529	-1.142726009	-0.1980098052	-0.4068878717	-0.428530605
LYPLA2	0.03789755472	0.01353506279	0.05119462166	0.2985646255	0.1806823757	1.036472744	0.7353581594	0.1566699879	0.02635262661	0.7098576418	0.4589641217	0.3321186314	0.8893418951	0.3571034007	0.1366012307	0.2410556652
LYPLAL1	-0.4258134937	-0.5968309564	-0.4682040011	-0.2052893592	0.1179629312	-0.5112425301	-0.2982996694	0.05304697814	-0.03623037619	-1.066816908	-0.5107102495	0.0145999958	0.3127788931	0.09698724124	-0.1022038537	0.006791296097
LYRM4	-0.1535175625	-0.3446672751	-0.1448036299	0.03828948073	0.07680000237	-0.3628933926	-0.1353106444	0.1321602387	-0.0503521969	-0.2525642804	-0.2658026994	-0.4434614335	-0.1187083513	-0.1940924052	-0.2357809221	-0.08998874644
LZIC	-0.2478432235	-0.4278633839	-0.1403130815	-0.1611737719	0.06825202981	0.6845021758	0.3877079133	-0.06525594394	-0.2879425078	0.8245276907	0.3125430779	0.1757968453	0.5463605694	0.5037204821	0.4088067101	0.1408835697
M6PR	-0.01546002016	-0.1605752179	0.140346988	0.2344643375	0.1146143765	0.1263345829	-0.004817548705	-0.043812909	0.001137686342	0.1268725994	0.09733570995	-0.05901360303	0.07601864768	0.07401018569	-0.008907697526	-0.03162560946
MACF1	-0.1883223046	-0.1219555703	0.004576107533	-0.6741923878	0.2420614893	0.8003452216	0.3089194017	-0.2880846558	0.2477799304	0.6677503764	-0.2041490154	-0.03957602365	-0.1508579786	-0.6134783872	0.5483301836	-0.01390148285
MACROD1	-0.3199059416	-0.9884639118	-1.37543741	-1.273267458	-0.3756633141	-1.010626036	-0.5821989053	-0.0543462871	0.007117183477	-0.7861151592	-0.7138367148	-0.7626909101	-0.6620117418	-0.6378601741	-0.6506903093	-0.07154692681
MAN2B1	0.5111750411	0.2179370237	0.4497515348	0.7129697531	0.03220840926	0.2897709231	0.04084386202	0.3123632548	0.07048217009	-0.536913874	-0.2793138135	0.214270881	0.3501796084	0.3403955914	-0.04106897024	0.1407146181
MAN2C1	0.01764913033	0.02531535423	-0.01764091198	0.3153480225	-0.05076253426	0.4316414899	0.2940495157	0.1908446268	-0.1700740259	0.09636369835	-0.2577172779	-0.2508607211	0.1043386755	0.2826862907	-0.005980323512	-0.004902315859
MAOA	0.1513857682	0.2831672148	-0.9936373483	-0.422534069	0.7893109701	1.095589545	0.9588765184	-0.1776257128	-0.05656558025	1.85973898	1.466645596	1.204717754	1.01301441	0.4384530804	0.6849539224	0.2137622727
MAOB	-0.5310657091	-0.6888246786	-2.485022356	-1.225422021	-0.1902953813	0.2467342465	-0.08671614202	-0.4782929925	-0.4698739019	0.2094349599	0.08891867772	0.05663192472	-0.3180179099	-0.1114200321	-0.07492522968	-0.06344622998
MAP2K1	-0.02477187836	0.01524749906	-0.01997779581	0.0007959485901	0.1982093987	0.7508040154	0.5460321713	0.03697416856	-0.102177844	0.5323287221	0.510591646	0.2026520755	0.4144011169	0.4349063681	0.2979212296	0.1047069938
MAP2K4	-0.08814530295	0.05607575273	-0.01894457894	0.0769672917	0.1852653517	0.3686910942	0.2101628525	-0.4567280823	-0.1751867842	0.07974097532	0.1287410708	0.1032339216	0.008824150206	-0.1234600729	0.0427974234	-0.06556397764
MAP4	0.06262591376	0.343311742	0.1112512427	0.3650927476	0.5199757673	1.816339068	0.9610867245	0.3933280956	0.3627729028	1.23569265	1.555002943	1.220905771	1.630325018	1.279270768	0.7418188096	0.3689311431
MAPK14	-0.02637443669	0.1044354151	0.1200401934	0.01262379065	-0.1854169361	0.1892080034	0.01355167568	0.03461696093	0.2079777556	-0.3210158019	-0.737899525	-0.2913970446	-0.6475503292	0.03259205313	0.164680454	-0.2848666876
MAPK3	0.3834246227	0.5407024005	0.3163582746	0.5049697841	0.0618376298	1.159237029	0.7189220378	0.2629922725	-0.1933191641	0.6404052434	0.7295877139	0.5616467037	1.010154552	0.8982168375	0.5933568805	0.1427891465
MAPRE1	0.1046013507	0.3448037875	0.4494305678	0.4960998445	0.5030751208	1.077108873	0.6997664094	-0.08120722423	0.3411565342	0.8416055351	0.8374627708	0.5223342952	0.6645009749	0.3673670068	0.4406300279	0.1120846164
MAPRE2	0.1485827169	0.2618228052	0.2435536895	0.1087503451	-0.1101993892	0.257312709	-0.05628778215	0.05646793318	0.2018961561	0.02335417883	-0.03387275227	-0.04599231194	0.01170146157	0.3642623435	0.182043878	-0.007440193401
MAPT	-0.5664891488	-0.9078269939	-3.027480855	-1.387653036	-0.2062448116	-0.2796731745	-0.2150126448	0.4549282178	0.02116091752	-0.4558933218	-0.5307150887	-0.9144452163	-0.2219564111	0.06969668422	-0.1638215524	-0.09483539291
MAT2A	0.02808708854	0.07095112366	-0.078042542	-0.1720031553	-0.06061269128	-0.3413044888	-0.2016635367	-0.3437731835	-0.1673368864	-0.09165145582	-1.074008324	-1.606669886	-0.9353644401	-0.4282944772	-0.3149268774	-0.2260806538
MAT2B	-0.04368789458	-0.1540644734	0.03327299675	-0.1534065761	-0.09553590392	0.1865951135	0.1399888005	-0.3794440529	-0.3437955853	-0.4770391098	-0.1071462942	0.07092807885	-0.1191539364	-0.1691103979	0.02758294376	-0.1190400757
MATR3	-0.0901330702	-0.05662258729	-0.02089968973	-0.2406933339	0.2534042362	0.7996609189	0.5874488758	-0.8167960111	-0.03735351915	0.09766613615	0.2376473006	0.2618616107	0.224065377	-1.186386672	0.209153444	-0.0995617635
MAVS	-0.09446175485	-0.06830497295	-0.115101204	0.1216874552	-0.2652548313	0.4288207337	0.272089853	0.09825529493	-0.7871296805	0.6907423754	0.550397129	0.09786876992	0.2141031962	0.415291366	0.05251207507	0.1346876533
MCAM	0.1994123961	-0.0111537341	0.1177574589	-0.4293953285	0.7418678276	1.537044209	1.071086321	0.3660911855	0.7628341212	1.640761111	1.47479552	1.076509773	1.51111488	1.335984821	0.8013912196	0.5370083451
MCAT	-0.2554414737	-0.6608358664	-0.7906918225	-0.2045297233	-0.1939342049	-0.2352326328	-0.09755453493	0.08539612568	-0.4447681623	-0.3547801563	-0.2973087233	-0.4349756836	-0.4028615107	-0.1143958455	-0.1440371228	-0.03836872841
MCCC1	-0.5067410551	-0.7115713672	-1.03927684	-0.8015650652	-0.3057368506	-1.386724487	-1.144635025	-0.7781819771	-0.2361822689	-1.486439725	-1.687062652	-1.48403947	-1.333139089	-1.347611273	-0.8581511006	-0.2758693575
MCCC2	-0.3670537355	-0.8547326993	-1.157909642	-1.071615132	-0.3859031864	-1.39114655	-0.9585724825	-0.1366787049	-0.3232935856	-1.516332451	-1.146583963	-1.011148989	-1.036163668	-0.6694925981	-0.7380585444	-0.4172627287
MCEE	-0.4540083727	-0.81638207	-1.097635302	-0.7156551688	-0.1884804671	-0.40204482	-0.04074356978	0.01796412865	-0.1166154929	-0.8483130376	-0.3924795046	-0.3970045749	-0.187442114	-0.129471848	-0.1637901573	0.03182782204
MCFD2	-0.1621869312	-0.2385843395	-0.4476091648	-0.1954295941	0.05999526388	0.04010015113	-0.04865147965	-0.01505887669	0.04842497255	0.04585067221	0.08906124479	-0.08031242461	-0.190902731	0.03132137954	-0.0861766687	-0.0100229283
MCU	-0.3690764779	-0.5005791217	-0.08342791545	-0.2559995063	0.2057611218	0.4685060631	0.2277682591	-0.1220192237	-0.2377997915	0.6265245099	0.487565737	0.2162743836	0.1860436018	0.2898495192	0.06592946166	0.072594847
MDH1	-0.4606305798	-0.8704896199	-0.7532258212	-1.052253375	-0.2075458658	-1.178603538	-0.7358863146	-0.09498307843	-0.247773195	-1.621629781	-0.6348781443	-0.7100517432	-0.8709136409	-0.6364805042	-0.4681620019	-0.1148718372
MDH2	-0.274090627	-0.5599777677	-0.8072904246	-0.5271863521	0.09136523564	-0.3216076786	-0.1180056621	0.1385658727	0.1221671302	-0.04924109835	0.2443649818	-0.03008824411	-0.1075590837	-0.1013704146	-0.3662774433	0.08911670232
ME1	-0.6964439836	-0.1176548563	-0.3836765448	-0.6909107105	-0.2110811952	-1.549807993	-1.411614128	-0.06457680613	-0.1219632734	-0.8108704822	-0.8456875911	-1.171132924	-0.9584160452	-0.3366430985	-0.469782745	-0.1533374767
ME2	-0.07654736154	-0.1400800258	-0.2191946731	-0.419557556	0.2603096148	0.7367657755	0.5530754454	0.006148636772	0.09067222284	0.7753164535	0.7437925562	0.6733338364	0.6465454173	0.6113542523	0.5067641863	0.4834977389
ME3	-0.2023302941	-0.5625767654	-0.3877248828	-0.609046516	0.009147319835	-0.04737423247	0.1455208247	0.3211811051	-0.1120197837	-0.479803769	-0.2115622817	-0.4043040531	-0.2319724265	0.1598511396	-0.1869513668	-0.09952597802
MECP2	0.0364327186	-0.07959228928	0.2952262125	-0.3023645489	0.05907895631	0.4695782743	0.3396255257	-0.06811810741	0.04220942384	-0.006425524951	-0.1397662838	0.09308840509	0.009177505137	0.4990398124	0.4735404069	-0.1497628067
MECR	-0.7440099915	-1.230681048	-1.194082569	-1.12405355	0.1750064432	-0.3531278557	-0.2339877007	0.1681262459	-0.06666835352	-0.3342933702	-0.09697390581	-0.09722492946	-0.1803679639	-0.1486840801	-0.3428466636	0.08729785623
METAP1	-0.4128128725	-0.5316942139	-0.676605446	-0.5596722278	0.2486626267	0.4365567907	0.2722418714	-0.237177311	0.2048425039	0.3235259821	0.3111364846	0.1520810756	-0.002359736598	-0.07719993101	-0.08314448611	-0.006217191357
MFF	-0.3822280969	-0.7976655411	-0.6975093005	-0.7171030396	0.3556579464	-0.5524618783	-0.3976197654	-0.3359633952	-0.2121809724	-0.07726573969	-0.1315903674	-0.0834752021	0.02287480375	-0.3109388554	0.06826408863	-0.002945407135
MFGE8	0.4081144441	0.2852211141	0.7319493638	0.4316950931	0.1814344545	1.877988551	1.23448102	0.6750234025	0.5001115528	1.506542632	1.895254579	1.648363853	1.435535942	1.200373279	0.7111427086	0.3344037503
MFN2	-0.2805108291	-0.4217171407	-0.4157008173	-0.6056602787	-0.0976991984	-0.2633932182	-0.2755774985	0.1501489147	-0.1708102135	-0.1178320028	-0.2303500395	-0.383836407	-0.4074191573	0.01171739938	-0.2185381925	-0.03413637803
MGAM	-0.7188325289	-1.168299013	-2.992525255	-1.673272414	-0.1652233605	-1.1932216	-1.120415721	-0.7963180052	-0.9377674981	-1.374543378	-1.337969912	-1.424360186	-1.201987093	-0.893789229	-0.1730619238	-0.362453198
MGST3	-0.4898706921	-0.8129315361	-0.9127594038	-0.5835559058	-0.03925344825	0.4696100195	0.7618050958	-0.0343847582	-0.1089631732	-0.1195850784	0.5971538382	0.3700674708	0.08411952904	-0.04233917415	-0.1359348274	0.1205735615
MIF	-0.04588919443	-0.08790530424	0.1091623558	0.453440443	0.2581632634	-0.2549966624	0.0477961448	-0.1472013289	0.06486067448	-0.04562850433	-0.05856903557	-0.0336122561	0.02236069074	-0.2796305515	-0.4647880125	0.2050518667
MIOX	-1.224892698	-3.287697859	-3.800284727	-3.158765657	-0.5703049461	-2.789930486	-1.464087556	0.7094838985	0.1908111269	-2.738529385	-1.664436123	-1.234978296	0.02326819984	0.01611865539	-0.1709381899	-0.06408974028
MLEC	0.07007164296	0.0608980476	-0.05142004013	0.1871636344	-0.09662885149	-0.4021674223	-0.7690995798	0.2232272872	-0.2217510827	-0.1534566442	-0.2881548347	-0.8384692441	-0.5715352747	0.009831421603	0.06696829448	-0.0172642355
MLYCD	-0.1985188646	-0.5189837116	-0.7892237116	-0.2993699735	-0.1940008538	-0.7901298014	-0.4434754126	-0.2219704952	-0.2885048872	-0.5902018181	-0.7061544187	-0.7462446715	-0.8165429872	-0.5046874059	-0.4600605043	-0.06206345741
MMAA	-0.2841956332	-0.4725047549	-0.3597272692	-0.3548371847	-0.1630150628	-0.2232113377	-0.2555187685	-0.0924340808	-0.06577552416	-0.3006022357	-0.7232729745	-0.8771584939	-0.3246808012	-0.3229141151	-0.2319856757	-0.04712084772
MMAB	-0.07917236601	-0.3528895813	-0.3656249782	0.01671123781	-0.4842095476	-0.4219353683	-0.2591621461	0.0540300427	-0.4244195804	-0.3995691598	-0.4854886815	-0.7645984801	-0.2371712175	0.2431157095	-0.008778180118	-0.1200321633
MME	-1.316864903	-2.198230939	-3.027650713	-2.059067509	-0.2541099945	-0.308482274	-0.393418183	-1.171528328	-0.6054785506	-1.224617788	-1.452280619	-0.9325836434	-0.4257118858	-1.701227299	-0.06701326715	-0.6040208565
MOGS	0.2809047601	0.0773612718	-0.4542373826	0.06435622038	0.1100506751	0.7740617801	0.330503062	0.3913393335	-0.003052380818	0.7641544395	-0.137308355	-0.2160827068	0.5624755107	0.5612234342	0.1826379555	0.1496315211
MPDU1	-0.1934594754	-0.3875666266	-0.3580383788	0.03508525909	0.154761209	0.3632141754	0.2131326599	0.1588223132	0.04574729855	0.1199963206	0.4742679844	0.3871803188	0.3615094889	0.2189837016	0.008545140313	0.03626402886
MPP1	-0.1206657458	-0.7346018025	-0.6059442372	-0.4525613786	0.5855791248	0.5617483007	0.3035292727	-0.2797577814	-0.01488386158	0.9469396571	0.1140472811	0.4151737043	0.03185187762	-0.2413254097	-0.1380894669	-0.04357466384
MPRIP	0.03958060084	0.06615875169	0.1898158231	-0.3862537124	0.2178726272	0.9226873404	0.6175476824	0.1672640963	0.08749779061	0.4437504365	0.04433899948	0.01486365242	0.1982816765	0.3772611895	0.1948084059	0.08200875609
MPST	0.1126723937	-0.1160259632	-0.310732869	0.254401337	0.03328363584	-0.714261226	-0.3871197187	-0.0176830421	0.02771801082	-0.9115763441	-0.2034589489	-0.5345218826	-0.303433696	-0.3249101483	-0.4787999109	-0.1325852148
MRC1	0.64281224	1.306479299	0.8699318195	0.938776918	0.2890172268	2.57445608	1.251332142	-0.3318168912	0.01309482971	0.4314837042	0.9878324905	2.223085639	3.107424471	1.7349649	2.740419229	1.203273782
MRC2	0.589919996	1.054348904	0.7186379279	0.7223610261	0.5016829376	2.405618949	1.324289863	0.9397047057	0.2903234427	1.591251065	2.455829225	2.109093474	2.678470406	2.960909152	2.440883551	1.107774122
MRPL1	-0.2666677348	-0.430738798	-0.2756411986	-0.1960473459	0.03950120162	-0.204574514	-0.1171319233	-0.7248562799	-0.3426163899	-0.1159054608	-0.3551113989	-0.3976955614	-0.25581467	-0.8911925011	-0.1666891381	-0.1451732716
MRPL20	-0.03273271981	-0.07831411069	-0.2088277968	0.2672207295	0.07175535084	-0.1222755824	0.1819575532	0.1387350718	-0.1487067558	-0.1686856584	0.113871431	-0.1160522664	-0.1548958174	-0.03977851703	-0.1959110706	0.1366844105
MRPL28	-0.2172082986	-0.5365112784	-0.3950594174	0.06103135555	0.04351208731	-0.2031565004	0.0494658705	0.1283950889	0.08511649007	-0.2090688827	0.2861129953	0.01395114839	0.1468198943	-0.09533764869	-0.2281880308	0.07868229332
MRPL38	-0.1277835663	-0.2401617193	-0.4847211663	-0.126249029	0.1465819593	0.05189694909	-0.006305798573	0.02714465571	0.01489313972	0.3186395679	-0.1608896921	-0.3201268948	-0.0809940145	-0.2024210237	-0.3164896017	0.00324407687
MRPL44	-0.2952616676	-0.5244766591	-0.6989735914	-0.3019928421	0.01478213223	-0.2137503178	-0.1505660286	0.05862009411	-0.09934965736	-0.1319727728	-0.194510716	-0.1415033349	0.0225060931	0.05943280007	-0.1192747282	-0.02436083337
MRPL45	-0.1248423665	-0.3769920166	-0.338651222	-0.1115752647	0.2890563021	0.3912229921	0.2888124077	-0.09352379001	-0.1582160507	0.3991019459	0.3022057112	0.05776429514	0.1009010011	-0.0009171963746	-0.09942031958	0.06825536108
MRPL48	0.0586153491	-0.1682662824	0.05098031472	-0.03851531201	0.0916553769	-0.003699996918	0.09310754195	-0.1478630784	-0.0611511399	-0.04998350291	0.09746920438	-0.1051675802	0.01447823231	-0.1381584363	-0.05108635766	0.02444257138
MRPS17	-0.1902404581	-0.2653072972	-0.4786428122	-0.3969972515	0.09683571991	0.2887927247	0.2343509294	-0.2111443651	-0.1637187681	0.2645432608	0.2987272462	0.07605832773	0.1403621244	-0.09539928696	-0.119935357	0.06454209908
MRPS34	-0.05298104002	-0.1528915803	-0.1969540004	0.2801923523	-0.0944487768	-0.08562730039	0.136231846	-0.0178631318	0.1773694815	-0.05017457678	-0.05698045311	-0.2028934438	-0.07645128626	-0.2498381598	-0.2354588591	0.1642396725
MSI2	-0.3342440456	-0.2651726708	-0.1327306204	-0.5702280787	0.3051727576	0.7475701145	0.4206215166	-0.1005051818	-0.2655664508	0.1162784161	0.05645961433	0.04405712992	0.05155664275	0.2569048189	0.2154912287	-0.07125692136
MSN	0.09388366024	0.3903578865	0.2239918782	0.1575790738	0.6444176999	1.909735425	0.9737354224	0.1474118638	0.2491558168	2.199912824	1.416726093	1.302932288	1.502804336	1.269266824	0.978476993	0.1860124549
MSRA	-0.6117141226	-0.4034775487	-0.6927548028	0.06794588827	-0.05052527385	-0.9468339371	-0.6583303144	0.06470082908	-0.04184820899	-0.400656445	0.1696326063	0.03243474567	-0.129986247	-0.1461325619	-0.1920790409	0.06353922564
MTAP	-0.09659355289	0.1822487985	-0.1653831823	0.1753689292	0.1139066179	0.7107914434	0.3062390663	-0.1763930386	-0.3204530697	1.13313969	0.4287350422	0.5068367963	0.7090342133	0.438240266	0.2183037855	0.0351037155
MTCH2	-0.3606520033	-0.589028166	-0.5815551992	-0.4611688808	0.1469299833	0.02270520984	-0.006618050822	-0.3395688222	-0.2034207994	-0.1371749255	0.02483384229	-0.08931794885	-0.1663473339	-0.3212412807	-0.1400845001	-0.03518981522
MTDH	-0.04634675051	0.05917826542	-0.2655171058	-0.2988365938	0.2526844786	0.7488409207	0.5954691406	-0.4736567073	-0.1850168409	0.5152483283	0.2440592378	0.3108260155	-0.1116573901	-0.1294896433	0.1738564964	0.01078497831
MTHFD1	-0.4384988767	-0.5713448173	-0.3736376957	0.04695520285	-0.2537167089	-1.219159804	-0.8565973309	0.05386352155	-0.2775225483	-0.7377183507	-0.6245119691	-0.7075863118	-0.769646793	-0.2604263706	-0.4563686954	-0.2053698551
MTMR12	-0.09190956728	0.1951557013	0.1588859683	-0.09141702119	-0.07326580988	0.1389001967	-0.03658587735	0.1385055219	0.4868857997	-0.02424096273	-0.199268479	-0.1849987689	-0.2734514907	0.1274245524	0.09474507945	-0.1872062891
MTOR	-0.2269317211	-0.1657213501	-0.4643779078	-0.3331030847	-0.4818614637	-1.005035689	-1.014753712	-0.198131535	-0.6529360202	-0.8029006014	-1.11718711	-1.271442842	-1.5115106	-0.4684232104	-0.4888328525	-0.5881946701
MTPN	-0.1919496799	-0.1636733115	-0.2974428899	-0.5059013557	0.253012285	0.8994173395	0.3815481731	-0.1632865904	-0.1282114855	0.7596701806	0.4744173292	0.4371512896	0.3224503319	0.3263827176	0.3556797251	-0.01826934385
MTX1	-0.1760085469	-0.4661569669	-0.5498275572	-0.0908325829	-0.02923371029	-0.09454329503	0.05412443324	-0.004342758767	0.01006141571	0.1750144457	0.1625405742	-0.0431345814	0.1732794391	-0.04478581941	-0.2488410661	0.0587355991
MTX2	-0.406115093	-0.4898458702	-0.4022457605	-0.3694600258	0.1563696458	0.1695380392	0.2511133267	-0.358404733	-0.1786492954	0.1555897458	0.2529671387	-0.08250833036	-0.03043022891	-0.4114476616	-0.1110621128	0.03695889947
MVP	-0.06639085678	0.1555710572	0.1261564279	0.4930081097	0.9457376125	2.478177638	1.544126077	0.1735636723	0.06893317038	2.098992887	1.272886315	1.298047258	1.828015013	1.506621432	1.013364693	0.5439130615
MYBBP1A	-0.005937695868	-0.001085329848	-0.07784717364	0.2480591364	0.5839951927	0.9674590206	0.4410894188	0.165499743	0.1738369869	1.199373857	0.3614368833	0.5958998136	0.6061656679	0.6488157394	0.1664384686	0.04793558367
MYH10	0.1784323355	0.3099027831	0.4303565799	-0.1810271111	0.290677538	0.9640880668	0.4759656463	-0.1989240961	0.009987982368	0.3899407841	0.1950386522	0.09725176319	0.3161178212	0.4492645417	0.591531827	0.05872708051
MYH11	0.5210120358	-0.07684234987	-0.4372250165	-1.039257847	-0.1420008156	0.9800954479	0.4642587492	-0.00649130965	-0.1934680572	0.4437552928	-0.1268170266	-0.1499940001	-0.4225183422	-0.00926931393	-0.0676686747	0.5981784592
MYH14	-0.5236889586	-0.442464921	-0.79373627	0.2399629866	-0.3915245109	-0.3869887851	-0.5157020232	0.07395198448	0.464198771	-1.382831471	-0.7741368364	-0.7966458834	-0.8995027982	-0.1074192697	-0.4495424369	-0.02508968749
MYH9	0.3841442023	0.6470717262	0.3846938031	0.3253482363	0.8510384729	2.281467574	1.037217753	0.5903821329	1.274641932	1.767541903	1.022292534	0.9844146735	1.343705162	1.738729374	1.186721352	0.4569155573
MYL6	0.2966227113	0.4014776039	0.5719411138	0.8090172326	0.3331446761	0.9451722665	0.7595762893	0.05041836615	0.1218026919	0.499753729	0.5715129649	0.3652862363	0.5975046761	0.2944552171	0.2737399192	0.3380168828
MYL9	0.04746567121	-0.2859318052	0.1341021594	0.05965425552	0.09846787846	1.40404504	0.9858606931	0.5252645036	-0.05078305335	0.902941782	1.883504564	0.9978187392	0.9444541191	1.28153289	0.840652503	0.8464888842
MYLK	0.2278539996	0.2357986584	0.06293525358	-0.1891750807	0.00975038251	1.056741809	0.4260279036	0.3919751665	0.1067150365	1.075776141	0.6829008083	0.500252525	0.6428034448	1.081448048	0.9680637872	0.2174911768
MYO18A	0.05215029823	-0.003672660848	0.04701853813	-0.2080862914	0.1872480104	0.7891496651	0.2327127325	0.4793229762	-0.1365698715	0.5020393935	-0.2391451558	-0.1104882139	0.1405367819	0.602770709	0.24875071	-0.02418444529
MYO1B	-0.112566137	0.297606454	0.8993186944	0.3429668327	0.6310957447	1.319291634	0.9113121843	-0.3026941665	0.3587217841	0.906050435	1.109427531	1.095063693	0.9243553645	0.3082237077	1.104851875	0.3536579914
MYO1C	0.2430219878	0.5057702179	0.5478004802	0.4434072307	0.2588053322	1.080304095	0.5090665475	0.2204691288	-0.06370330715	1.12082806	0.5679673076	0.4505351583	0.4090330418	0.7111147888	0.4148133345	0.09469315898
MYO1D	0.1620115539	0.5258090741	0.622420486	1.070782822	0.3428157932	1.010782461	0.6704560691	0.398108402	0.1712352599	0.957663653	0.7625164559	0.7936023278	0.6855390313	0.8633193962	0.5995430948	0.09351293703
MYO6	-0.5892683584	-0.5159054262	-0.8016973191	-0.7755245822	-0.09938167102	0.107027324	-0.09529934025	-0.3924244213	-0.08699129724	-0.2119176339	-0.5448323625	-0.4127251313	-0.2400072864	-0.4105006949	0.09746384373	-0.340139803
MYOF	0.1909798767	0.7081639455	0.6176540895	0.5216131358	1.271075401	3.006544284	1.813744472	-0.2052898265	0.3876655549	2.996524326	2.32796101	2.516189721	2.66926258	2.261785271	2.088180659	0.9809187133
NAA15	-0.1821473301	-0.01893065065	-0.2926126724	-0.520661722	0.3565416554	0.6519754538	0.4795004964	-0.7826468694	0.1715748849	0.7549992627	0.4031629305	0.2696683862	0.216865427	-1.083579623	0.1369430965	-0.06996825026
NAAA	-0.8889105823	-1.191612795	-3.275315493	-1.398326213	0.01069374116	1.658039631	0.7035649691	-0.1701280719	-0.3614087068	-0.003774194277	0.07557004949	0.1586133375	1.04140091	1.410218348	1.427859584	0.8757831471
NADK2	-0.3684246141	-0.5657484915	-0.06173801986	-0.5260168671	-0.2783634583	-1.133323529	-0.6654157091	-0.8748196374	-0.4704816715	-0.9079727574	-1.051763403	-0.8283284375	-1.336455283	-1.454023269	-0.5741366243	-0.3566977805
NAE1	-0.1249468782	0.05404254565	-0.131314594	-0.1480948488	0.2717533022	0.6303989551	0.5129191748	-0.87743733	-0.1428944897	0.2020374868	0.1345973386	0.117345635	0.1581989334	-0.9346674496	-0.001451961785	-0.04054622946
NAGA	-0.3735974144	-0.6929491016	-0.5308536511	-0.2697292169	0.08350025418	0.5332291866	0.445685458	0.2571731599	-0.0007841080019	-0.03658404014	0.2329364546	0.2178185559	0.466744275	0.4310326875	0.1328855503	0.1859756929
NAGK	0.1163746996	0.04122444211	0.3447789503	0.483156804	0.2156167151	0.7277043837	0.430361936	-0.07078036416	-0.07060518265	0.1986092293	-0.03615274426	-0.08132784965	0.684644697	0.2939094714	0.2714346688	0.1559778213
NAGLU	0.07556692214	0.2901652173	0.1655365886	0.4203690781	-0.08612492919	0.3409536845	-0.006508847131	0.2831624875	-0.1495179616	-0.18548958	-0.4065896663	-0.2654115831	0.2823577136	0.3401923135	-0.01327537095	-0.01743801158
NAMPT	0.1843964304	1.085112203	0.3706379226	0.6138152886	-0.3770330405	-0.2458853497	0.04382658925	-1.141718199	-0.4617979771	-0.09599487923	-0.1552702954	-0.2715661501	-0.8030850203	-1.462088655	-0.2962739859	-0.432252863
NANS	0.2019775084	0.1383606134	-0.1134534952	0.1360954052	0.3945194745	1.061872768	0.7040461843	-0.1766630173	-0.3994081572	0.3861620407	0.5793882396	0.3864332334	0.481939691	0.4671740369	0.1357428173	0.3459542575
NAP1L1	0.1769222486	0.2435029566	0.2968774302	0.5828649833	0.2879650775	0.4989660358	0.150717744	-0.5125560967	0.1088668895	1.182662925	0.8921265021	0.6717932206	0.6285427716	-0.2211111463	0.133217022	0.04494688068
NAP1L4	0.1078626843	0.2304933419	0.1003593627	0.2401532641	0.09176048619	0.5909904587	0.3785946387	-0.1116579798	-0.06294837062	0.3943296534	0.1833422958	0.1128959511	0.2886591095	0.2605673206	0.2634305763	0.04873335137
NAPA	0.01693513948	-0.04637434197	0.1451031011	0.2814721327	0.2300090193	0.6088569735	0.4356089278	0.1811474732	0.4361552325	0.1226813988	0.03643733425	0.05583861519	0.4817035726	0.2134177484	-0.03257031838	0.1050301975
NAPG	-0.002843498002	-0.06002469179	-0.04189840908	-0.1814993572	0.1875548886	0.3343621165	0.2222359869	-0.2854531721	-0.1221829494	0.3369464879	0.2298005445	0.1600645903	-0.02814148959	0.02455208891	0.08624376154	-0.1204164127
NAPRT	-0.1307257899	-0.4053345663	-0.4927368748	0.2514082389	-0.1621123061	-0.2199127506	-0.1304297568	0.1674777652	-0.01279566526	-0.4197340033	-0.7381921049	-0.495506792	-0.01267208926	0.09429659296	-0.06793610177	-0.08175535294
NAPSA	-0.7975575077	-0.2521417672	-3.958027365	-1.023558895	-0.5052012642	-1.635825147	-0.8972847635	-0.08410667348	-0.3582759194	-2.50901513	-2.201483923	-2.090309145	-1.58209861	-1.152066623	-1.509151372	-0.6037947184
NASP	-0.06205324974	0.05019726885	-0.1000629898	0.4260815231	0.5597968257	0.7982634079	0.6029785744	-0.660073775	-0.2752922896	1.063396722	0.9090297651	0.5731390554	0.5892227064	-0.3039315229	0.1825889737	0.06543372787
NCALD	-0.2106629335	-0.2425620089	-1.164454053	-0.5132250764	0.2143251112	0.5755539664	0.436813225	0.2422440094	0.3543665891	0.7545707825	0.5595866969	0.2908552422	0.7026493108	0.8424868014	0.5882495955	0.1462673624
NCEH1	-0.2166311478	-0.3972983435	-0.1664916986	-1.285449044	-0.09937841169	-0.05452440928	-0.3353134491	-0.3333462997	-0.2443735417	-0.4864135808	-0.9601672796	-0.7344203655	-0.6620122657	-0.6662047778	-0.4571055846	-0.4971391925
NCKAP1	-0.4798008268	-0.4830292539	-0.5833910449	-0.7639524935	0.3548790785	0.5791827904	0.1485779534	-0.8833151453	-0.2131611078	0.4572854276	-0.006616430831	-0.05722730606	-0.2033398986	-0.9470601963	-0.04036718133	-0.1960187924
NCL	-0.009482279979	0.02655559358	-0.04762297302	0.2163999075	0.5213252968	0.9893944976	0.6567898009	-1.063560444	0.0877450734	0.7967507435	0.5264527954	0.5787822055	0.4719682111	-0.8952114581	0.250479118	0.117446597
NCLN	0.1154846331	0.04983284652	-0.1777102776	0.2747788291	0.2723731495	0.7078905878	0.3716219628	0.3412565863	-0.05972947854	0.5186763725	0.2141073169	0.1356737088	0.4386722252	0.384881098	0.1471386345	0.08585632862
NDRG1	-0.3499180805	-0.8579123458	-1.168744294	-0.8796854345	1.879905074	1.191315564	0.9573189159	0.8415783915	-0.07534458606	-0.4245695314	0.8957893744	1.532648059	0.5920010116	0.05060532638	-0.2794098659	-0.5485863496
NDRG2	0.06033571468	-0.2940927836	0.01306316413	-0.6083064375	-0.8748900339	-0.9168500809	-0.5790216102	-0.02009985688	-0.1900833109	-1.074073365	-0.4601519846	-0.3162971216	-0.6719355691	-0.3037096278	-0.2821695445	-0.2827754941
NDRG3	-0.01777579018	-0.3133655959	0.3324784071	-0.5327112782	-0.0991351394	-0.2396154463	-0.1522019107	0.1842632139	-0.1379192078	-0.3076023231	-0.3180164514	-0.3938397049	-0.1275275379	-0.03747231414	-0.117401596	-0.09544089332
NDUFA10	-0.2277037744	-0.6033426584	-0.6829541559	-0.2172108271	-0.09532466379	-0.753030868	-0.3941357948	0.1032533127	0.1077910501	-0.4119223922	-0.1326534771	-0.2896055388	-0.3993635871	-0.4048194366	-0.6078755992	0.03269980478
NDUFA11	-0.1177588115	-0.4796761606	-0.2976322887	-0.1811385768	-0.1112535508	-0.2250618028	0.1103029097	-0.001855127504	-0.07913244832	-0.4354588025	-0.04356057441	-0.3774045349	-0.1136111808	-0.2658254654	-0.2789400114	0.122768708
NDUFA12	-0.2837863099	-0.6160053518	-0.5176609158	-0.3972926375	-0.01770342141	-0.4625809804	-0.1615456562	0.2770003503	-0.08771107031	-0.2844960126	0.03548303278	-0.1719688177	-0.214828782	-0.09340991793	-0.3673530925	0.1555560297
NDUFA13	-0.1991144592	-0.5577789585	-0.4449307774	-0.2223055081	-0.06019898181	-0.433699231	-0.01873456428	0.1412666448	-0.1395585773	-0.6582980204	-0.04332398762	-0.168718373	-0.2586586406	-0.2597424445	-0.3383102752	0.2381084567
NDUFA2	-0.0615543474	-0.1454959655	-0.1136491869	0.2101040846	0.02808242407	0.1332197085	0.4938550483	-0.007544941331	-0.09642207184	-0.4540920797	0.02985270708	-0.1081263657	-0.1075570514	-0.3617846522	-0.1854797652	0.2187872617
NDUFA5	-0.3684911252	-0.4851885492	-0.4784742813	-0.5268326161	-0.1226681017	-0.5580353987	0.02263597468	-0.3628138883	-0.28773221	-0.6320551199	0.07794660789	-0.3405247493	-0.4507929753	-0.8336805923	-0.426821152	0.1510742986
NDUFA6	-0.1444343067	-0.5053493064	-0.3206713244	-0.2413470311	-0.1415494894	-0.3798848705	0.04000977108	-0.05142665279	-0.2335072822	-0.7452896317	-0.3137477042	-0.315808858	-0.2566465022	-0.3130286324	-0.2035183204	0.09786920342
NDUFA7	0.1208471612	-0.06447680813	-0.1469891064	0.3012904011	0.02590140494	0.1779565635	0.4324108433	0.05529760321	-0.02544362844	-0.2018386296	0.176516563	0.1070531943	0.008211146547	-0.02742436266	-0.1097790575	0.137213681
NDUFA8	-0.2748432916	-0.6457384667	-0.433160133	-0.4006689225	-0.01956909704	-0.4508749529	0.009723542927	0.1247182289	0.03956538945	-0.2478164382	0.1887104021	-0.1439713379	-0.08375075221	-0.08571691771	-0.3634619898	0.1029308176
NDUFA9	-0.439287893	-0.8072269493	-0.9308007828	-0.5621733804	-0.05103500112	-0.6288842904	-0.2786028094	-0.196895733	-0.08095776575	-0.623631049	-0.2348234568	-0.2990539856	-0.4107371593	-0.5244214762	-0.3342502748	0.005826346135
NDUFAB1	-0.3818229325	-0.7205119971	-0.7612944365	-0.5718480756	-0.1202706092	-0.5745356144	-0.223755902	-0.04144410825	-0.05575298922	-0.3649091878	-0.04696325376	-0.3833534187	-0.2670308514	-0.3778700445	-0.3809340431	0.003884959346
NDUFB10	-0.1109438489	-0.4085556068	-0.4172733329	-0.2760049301	-0.1177381401	-0.5665025114	-0.1177993184	0.02967603743	0.02913603619	-0.4910968299	0.1960492808	-0.1755978906	-0.1748804323	-0.2897621243	-0.4397573702	0.05683061914
NDUFB4	-0.2904606718	-0.3779812216	-0.5004916539	-0.07928524301	-0.05013764572	-0.5018831992	-0.1159845196	0.1776420057	-0.2133311485	-0.7385113546	-0.1842335009	-0.3921615739	-0.5036685849	-0.1888449231	-0.3522787013	-0.02537668847
NDUFB5	-0.3337544713	-0.6623245822	-0.7505677378	-0.8358095543	-0.04353160317	-0.5588159088	-0.1056795443	0.1350956351	-0.1164366633	-0.6424376888	-0.1747178113	-0.2572915506	-0.2393782053	-0.2500674787	-0.2850623113	0.05652485529
NDUFB6	-0.3298306017	-0.4137432736	-0.4968299864	-0.3212870629	0.1007101889	-0.06689089841	0.2202917241	0.1882272298	0.1344072955	-0.09332399088	0.7513509776	0.397559704	-0.04431128204	-0.02573881933	-0.1201416492	0.2652274816
NDUFB7	-0.03768415659	-0.2948336807	-0.2104617563	0.07430788089	0.02299897374	-0.1991319465	0.1410860519	0.07817125591	0.03922220883	-0.2103326352	0.1868165117	-0.1197505241	-0.01994569018	-0.2316988667	-0.3526670448	0.1478160621
NDUFB8	-0.140029828	-0.5077113781	-0.3719751978	-0.2618278146	-0.03056937029	-0.3537539561	0.07840825375	0.1025877245	-0.1741074625	-0.4462536698	0.239192274	-0.03194698369	-0.1984421727	-0.2249909396	-0.2723358992	0.1064191277
NDUFB9	-0.1648584711	-0.4385302177	-0.4379625593	-0.2898847131	-0.04955453619	-0.4977444004	-0.0246182859	0.1627642022	-0.02839909736	-0.6116621483	-0.1312229209	-0.2429985799	-0.3560216249	-0.2323819894	-0.3224173287	0.0881910956
NDUFS1	-0.5692311065	-0.8711364214	-0.9769300162	-1.242090618	-0.1081939909	-1.109136431	-0.8151870363	-0.9338100421	-0.3034037294	-0.9093650384	-0.4112137617	-0.6303329302	-0.7591371342	-1.15615827	-0.3471649308	-0.1748383532
NDUFS2	-0.2439043772	-0.5062983126	-0.4865536042	-0.2659664492	-0.06305141821	-0.7593161811	-0.3965547615	0.04118380435	-0.1049911783	-0.708522872	-0.08702572571	-0.2086188382	-0.443476763	-0.1976604221	-0.3063028647	0.01148657691
NDUFS3	-0.3066187446	-0.7498536074	-0.6538879074	-0.6804516706	-0.03803687583	-0.4985263666	-0.0348427781	-0.3139444349	-0.06379305289	-0.5490036692	-0.08413739963	-0.3023795084	-0.3597585878	-0.5948592378	-0.4295460267	0.0009343918017
NDUFS4	-0.2606607354	-0.4470973986	-0.3691381258	-0.158796706	0.1315422736	-0.06214275707	0.216760897	-0.3902394761	-0.2448136881	-0.4743967287	0.0371879292	-0.1746827559	-0.2859312552	-0.8653974326	-0.2770020453	0.0786153681
NDUFS5	-0.1914806547	-0.5312492594	-0.4333843154	-0.1355281102	0.001755368835	-0.348016271	0.05554619605	-0.06168483444	0.02954435745	-0.3304984423	0.08064891583	-0.1398110975	-0.06328517868	-0.3193573808	-0.3125544761	0.147215851
NDUFS6	-0.173178825	-0.4733118997	-0.4741538038	-0.2990211009	0.04829937929	-0.3308195821	0.07688738451	0.05023541438	-0.1098412389	-0.4669170407	0.1336691474	-0.08092325633	-0.1831291699	-0.3664613093	-0.3197236056	0.1885100713
NDUFS7	-0.1383878935	-0.4439083451	-0.6941801326	-0.3303213376	-0.2239454301	-0.4089086196	-0.1293455825	-0.01670820782	-0.1360710424	-0.3651138113	0.01818566784	-0.3328026653	-0.22425445	-0.3221011764	-0.4056903413	0.03721565067
NDUFS8	-0.177699881	-0.5475067604	-0.6136329077	-0.4691985289	-0.08611846517	-0.52406345	-0.1736253169	0.2089394179	-0.1011296544	-0.6049957214	-0.2364829895	-0.3371760647	-0.2593050607	-0.1017582911	-0.186415244	0.06388201696
NDUFV1	-0.3142319854	-0.7380913182	-0.7162153819	-0.4598459701	-0.06373291645	-0.574517473	-0.251850147	-0.01209350336	-0.1315504052	-0.769549102	-0.2281137582	-0.4352974609	-0.5321162274	-0.3438752242	-0.4308347862	0.004674268746
NDUFV2	-0.252503058	-0.4204441166	-0.5424926496	-0.3037969704	-0.06620046931	-0.4280525147	-0.02852904766	-0.1313883174	-0.2605525073	-0.5099790545	0.03367547565	-0.2598894754	-0.332120999	-0.3952183462	-0.2690792843	0.01788778087
NDUFV3	-0.309037394	-0.654686802	-0.5506958138	-0.4601785638	-0.04316244562	-0.7209654414	-0.2255585706	0.2587613128	-0.056488088	-0.8829818679	-0.4072839387	-0.4140729831	-0.3254908775	-0.2167364407	-0.4447008314	0.1350881565
NECAP1	-0.1795117206	-0.2810077045	-0.3170330152	-0.2602985112	0.02787556996	0.0386951467	-0.07085330486	-0.1268770658	0.04891821588	-0.217394734	-0.1533595771	-0.2747065243	-0.3056785596	-0.1831723057	-0.2616165144	-0.1473489769
NENF	-0.2180180349	-0.4982969207	-0.2621939744	0.1930456797	-0.02244916903	0.6136562152	0.7158053331	0.06246295552	-0.04071555043	-0.1780543665	0.3136144419	0.1141481396	0.3976821869	0.2736587347	0.2726661887	0.2330618872
NES	0.1171841924	0.04649427318	0.4040289538	0.4137049012	0.009998015123	2.203993164	0.8765429053	0.6942911181	1.322749037	1.552921053	1.050906772	0.6660750397	1.78113918	1.447375103	1.631852192	0.6430883228
NEXN	0.9084056004	1.361117125	1.500752532	0.784453572	0.1968205129	1.012645552	0.8155809709	-0.2957479767	-0.07050347626	1.159150903	1.360390681	0.6277740326	1.07168036	0.06260841246	0.9462118515	0.6561381086
NFKB1	0.2304206475	0.4095535287	0.3933401108	0.242222997	0.5710672348	1.910964296	0.8711498637	-0.07649495237	0.3183180844	0.8821808427	0.7204846101	0.9465343367	1.49898724	1.388346159	1.179019732	0.5021189605
NFS1	-0.4190883757	-0.9255016347	-1.003846445	-0.8100886956	-0.07443131707	-0.9926065064	-0.6626955322	0.01386228529	-0.2297597556	-0.933191601	-0.7309395594	-0.6849473105	-0.6128861195	-0.2972098373	-0.3834438676	-0.1060990775
NFU1	-0.2747020625	-0.765446936	-0.4908619739	-0.4316442806	0.1077901515	0.54646991	0.2810776349	-0.1404975863	-0.09703461633	0.5397501107	0.225271305	0.2004813923	0.4886591966	0.1072457266	0.08816170116	0.1602986732
NHLRC2	-0.1489769665	-0.008055674888	-0.04446358684	-0.6740513118	0.1299078143	0.6202831486	0.3510834014	-0.009196879407	0.2788863714	0.2924583887	-0.1321917364	0.0441412349	-0.2939165627	0.155707927	0.1028813232	-0.1246048634
NID1	-0.1381034165	0.5057857005	0.07725057785	0.3028459231	0.5611902212	2.182522429	0.7865282299	0.6592562335	0.6818770033	2.129556372	1.987438362	2.106279902	1.845996992	2.206456327	1.899272315	0.5741075231
NIF3L1	-0.2864656894	-0.3739105135	-0.180876572	-0.1398698243	0.09968959866	0.4794812419	0.2375500649	-0.04058779012	-0.1271490225	0.1305312084	-0.145787361	-0.2210670313	0.0535296602	0.03821288879	0.01007395039	-0.03298853641
NIPSNAP1	-0.3398351206	-0.5522860837	-1.299032548	-0.3759454672	-0.2392853834	-0.827431293	-0.4509713505	-0.08725599936	-0.06992893236	-0.7623860298	-0.5124420747	-0.6539755905	-0.3786476573	-0.2775706291	-0.3138233632	-0.0849024373
NIT1	-0.2523167399	-0.6496743773	-0.7220857629	-0.2740571912	-0.1246242813	-0.6899104202	-0.683579229	-0.06153891348	-0.01570264617	-0.7309031007	-0.7699138303	-0.5120459827	-0.3904160456	-0.4324764793	-0.5421788229	-0.1351646461
NIT2	-0.6086699018	-0.9293536722	-1.709189374	-0.94304462	-0.3587944167	-0.939119425	-0.7329600533	-0.1703746689	-0.2292942963	-1.315203225	-0.7193363077	-0.6394987887	-0.4105933025	-0.3103689973	-0.1500344401	-0.1348849421
NLRX1	-0.1588829415	-0.1576070396	-0.1771783337	0.2240981526	-0.1120668489	-0.1035467411	-0.268518815	0.2843148524	-0.09972181884	-0.5563941064	-0.4276511376	-0.3016005157	-0.2141240128	0.1776675282	-0.1108019682	-0.08182327038
NME1	0.484523561	0.9308611776	0.4539675624	1.255917975	0.2842228018	-0.09427310148	0.09999977573	0.1560960186	-0.1113407776	0.1377927854	0.3712742507	0.06484915833	0.1313730732	0.02024670825	-0.1310272217	0.1795993278
NMNAT3	-0.5915176251	-0.7586012583	-0.5845785996	-0.6349927846	0.1805826019	1.423853102	0.7473562614	0.0836484005	0.04631092238	0.9816455689	0.6098019362	0.2434726216	0.30394394	0.1829776644	0.1231302822	0.007016170261
NMT1	-0.06770357759	-0.1451328232	-0.1951519073	-0.1548052141	0.09420051397	0.3886118643	0.2764156484	-0.3035307544	-0.1518849579	0.1069163921	-0.2270632317	-0.1704703994	-0.06605393863	0.01266444494	-0.07800936268	0.04846089312
NNT	-0.3301154531	-0.1306287226	-0.1628717192	-0.8763338218	-0.1580383082	-0.8819054745	-0.8009518812	-0.1186396949	-0.1815738948	-1.06605565	-0.7000009898	-0.474980886	-0.6867905272	-0.3068435175	-0.3873181825	-0.255678677
NONO	-0.07489665054	-0.09179906652	-0.1287816891	0.07609369326	0.2914317525	1.07432693	0.5369012894	-0.216690919	-0.1625115093	0.4218364053	0.3870078734	0.4806362124	0.6752351978	0.5583067587	0.4600440859	0.06980395466
NOP56	0.3296975399	0.4184512927	0.1748091108	0.543744779	0.8480508495	1.069649058	0.8549974027	-0.3574383454	0.2600973637	1.378698776	0.4073227876	0.2350307967	0.6685691071	0.1847237117	0.1999731922	0.2590635722
NPC2	0.5613403641	0.5689602982	0.7698228556	0.871583846	0.1381575443	1.240827449	0.7244646336	0.1143017733	0.106875253	0.2171688786	0.7207063349	0.7592914836	1.009709197	0.8475937104	0.6524247515	0.4685087793
NPEPL1	-0.2078508937	-0.3187383757	-0.3040124057	0.1910372238	-0.0278201715	0.03024793637	-0.07528199498	0.1769779643	-0.09289138321	0.03920149477	-0.267683887	-0.2362587335	-0.02692122345	-0.06978976382	-0.1458640099	0.00778019898
NPEPPS	-0.465544849	-0.6940547466	-0.4421696606	-0.653198028	0.2603065125	0.8259801451	0.5813842329	-0.05430787567	0.06000609008	0.8175527982	0.4525314021	0.3510382092	0.6297861418	0.3457406132	0.08712329295	0.002349605048
NPHP3	-0.5754723049	-1.024838126	-0.6800632246	-0.8655886753	-0.2339179209	-0.1457819491	-0.1342991396	-0.1053323834	-0.1249574853	0.08608837063	-0.3227669818	-0.3577821381	-0.348268968	-0.0993894347	-0.1150731327	-0.2332207928
NPL	-0.3137144654	-0.5991774434	-0.1944311642	-0.09590012768	1.592130197	0.6943766151	0.6158705985	-0.3022089125	-0.4003984894	0.6291787361	0.6052159573	0.6323945506	0.4818125383	0.04587369674	-0.01871701532	0.1743859193
NPLOC4	0.0066183951	-0.121484284	-0.1998750473	-0.01211905813	0.1144863685	0.2422899324	0.1068322353	0.1702427542	0.05735964027	0.1011251813	-0.1206232569	-0.06430814365	-0.09663519859	0.1434758808	-0.07442426885	-0.05593359528
NPM1	0.04998805459	0.05868514998	-0.1019567371	0.286546612	0.7273579223	1.253573089	0.842105094	-0.8003332378	-0.1259172227	0.9732403191	0.7315729786	1.033947702	0.961773364	-0.5515434163	0.4028692073	0.1574322326
NPTN	-0.2274858321	-0.2248735261	-0.05438675714	-0.4229650049	0.1489779357	0.714088286	0.4601512111	-0.1995081744	-0.1649768224	0.1506796044	0.3966406619	0.2607310601	0.2812647973	0.1890913455	0.3152028982	0.004548584488
NQO1	0.2211602074	-0.357015299	0.302685069	-0.1740913608	-0.2354143364	-0.481491728	0.5139130276	-0.7173408318	-1.056202875	1.185617319	1.579030284	0.3772438477	-0.8437934229	-0.6257067849	-0.694775171	0.2015505003
NQO2	-0.6593557134	-1.195719343	-1.765734661	-1.215335262	-0.1338586264	0.224706203	-0.07218472219	-0.4808879436	-0.260386955	0.1904149929	0.1841354712	-0.03768413177	-0.0546998787	-0.5745320125	0.04202403657	0.008278952807
NSF	-0.1702343521	-0.04686889198	-0.1712508472	-0.02669744544	0.1041348504	0.183064857	-0.03171939572	0.1392848824	-0.08415378813	0.241721292	0.1053026679	0.05947948139	0.07345610974	0.2605105856	0.04996910098	-0.04113146867
NSFL1C	0.01983134075	-0.1091902148	0.04962897765	0.2505934551	0.3137991677	0.6052410892	0.1976537159	-0.2627662748	0.1170021445	0.2595654284	-0.2402760991	-0.2814298769	0.2527169933	0.005181508592	0.01002174534	0.120805844
NT5C2	-0.04396264575	0.1284501127	-0.5278389367	0.213459623	-0.1457627209	0.541713947	0.3271612011	-0.3072441923	0.3986179071	0.1358167609	0.2121218763	0.1878415693	0.3062644077	0.01013123231	0.1934435783	-0.1503336867
NT5C3A	-0.1847477088	-0.1034417551	0.1357956199	0.04670618594	0.06383753339	0.1497107708	0.03149916878	-0.3273804336	-0.02973428167	-0.01146914044	-0.4916828809	-0.5005634025	-0.1769542277	-0.5357294665	-0.01396674541	-0.04949990275
NT5C3B	0.02078429092	0.0763669953	-0.1379226573	0.2593256004	0.06426405729	0.8036968812	0.820311831	0.09901786521	-0.2484741611	0.5040665712	0.4908553822	0.2922247615	0.9749695453	0.8935975395	0.6468746312	0.3486767641
NUCB1	-0.09125870369	-0.2282052368	0.02926628984	0.3310272441	0.02495852702	0.7138197004	0.3188081539	0.273487755	0.03183308695	0.00161821993	0.09173821259	0.25456953	0.4736125082	0.4831537765	0.07651669644	0.1328194071
NUCB2	0.4165984487	0.6265999176	0.5375151672	0.71640677	0.3102185176	1.370620045	0.7862483026	-0.7160836914	0.09780126917	0.8405888136	0.6897009365	0.5825473835	0.7582456447	-0.4454792735	0.4363543978	0.1552276969
NUCKS1	-0.1590901128	-0.3409001248	-0.3669043529	-0.3608593282	0.4547810222	0.6199596459	0.5731509733	-0.3844520874	-0.1166446215	0.2071291767	0.8469417484	0.3847185465	0.4056030438	-0.0836467045	0.02003712415	-0.0317492507
NUDC	0.01295561005	-0.1055414891	-0.05881083747	0.2084717358	0.3193986446	0.5145870238	0.405886301	0.01238355578	0.6176227816	0.2863377838	0.3398636543	0.2096362534	0.3627577963	-0.04179160499	-0.05567017793	0.1696959926
NUDT13	-0.6702800337	-1.234859452	-1.317343852	-1.063960233	-0.1238942217	0.1632954106	0.1142179758	-0.07175452501	-0.1248595593	0.01379819907	-0.003587990222	-0.1250258042	0.1033097771	0.03333587021	0.02406830026	-0.009835491349
NUDT16	-0.1864509604	-0.5146059809	-0.4355136369	-0.3403743929	-0.3798919437	0.12400873	-0.01307693834	-0.2115269334	-0.1024777953	-0.2682073756	-0.1184308107	-0.04090560423	0.2063050133	0.2460971944	0.1676205018	0.09965670672
NUDT19	-0.8429591243	-1.07871193	-1.473908105	-1.288331838	-0.7045757917	-2.284073203	-1.651816202	-0.2708102207	-0.1880772694	-2.016726838	-0.7629779505	-1.592335198	-1.421010163	-0.8012407018	-0.3952764029	-0.463227998
NUDT21	-0.05369343157	-0.01704083768	-0.1440167684	0.1211796723	0.3311147858	0.8796297462	0.598055363	-0.1878381928	-0.2150744646	0.3870838339	0.500247859	0.5273835685	0.4910746698	0.4549704784	0.4350442651	0.004011348469
NUDT5	-0.1363998104	-0.6332314464	-0.1524048396	-0.4012512736	0.2651779614	0.2871280733	0.1740783087	-0.2202618146	-0.3567703362	0.4037273173	0.3359871111	0.0390372755	0.1550405431	-0.01592515042	-0.01491471666	0.08275681233
NUDT7	-0.7552680066	-1.29226302	-2.081034304	-1.401512394	-0.107318702	-0.03282000191	0.04736295303	-0.6828367365	-0.5322714706	0.02166678403	-0.139646803	-0.4165443863	-0.339986807	-0.4187142337	-0.07251581308	0.1516687844
NUDT9	-0.3463551262	-0.3668725852	-0.3473116719	-0.3766852497	0.1784270954	0.2437971098	0.2053647374	-0.006106595241	-0.1722940545	0.03659905897	-0.01372954875	-0.08650379606	0.03769402818	-0.02344982908	-0.103873556	0.1034534928
NUMA1	0.1216759806	0.0214899212	0.05866836782	-0.126004257	0.2273615991	0.8358707282	0.2446094955	0.2093125594	-0.4194862074	0.2481419135	-0.1632922499	0.1902459389	0.351726419	0.7056251835	0.3880532745	-0.1061444046
NUMB	-0.3707604688	-0.4998409464	-0.2608396575	-0.4063141571	0.04026106036	0.4083241221	0.2697257665	0.04806110807	-0.03318156257	0.1709228643	0.07439269029	0.09846894498	0.1613385287	0.225568559	0.1447566442	-0.1049548445
NUP155	-0.1684708676	0.003076217969	-0.01160839607	-0.1418059417	0.3832219228	0.679445278	0.4410593738	-0.3542039376	-0.2563469827	0.8019166598	0.4012214418	0.3559469661	0.352983295	0.2322726228	0.3186743823	-0.09612444121
NUP210	0.5440249554	0.7918330691	-0.2183183905	0.3955267489	0.3925985553	0.8509156624	0.4745566165	0.0248889297	-0.3167159638	0.4481029143	0.3802363542	0.2806977964	0.3693093267	0.6560554401	0.1693636909	0.3744794528
NUTF2	-0.03831515616	-0.06922728879	0.02680589942	0.2348188807	0.3497197579	0.8826150416	0.5466774631	-0.1727845464	-0.08722086402	0.8528403244	0.4467768872	0.2944813835	0.6324400823	0.2545078102	0.16114452	0.1440245243
NXN	0.5261438065	0.9489891398	0.6955805219	0.8693094508	0.055634953	0.6028583212	0.3980925303	0.1755069867	-0.1157128993	0.5050513272	0.4966261105	0.2180809794	1.108405866	1.022455358	0.5639968706	0.1619404242
OAT	-0.316274266	-0.4735855876	-1.08661009	-0.6634868268	0.4263122494	0.3721808893	0.5429628094	0.1511565084	-0.02275889216	0.4868019416	0.5367227397	0.3729442315	0.4364381152	0.3763852315	0.09212751371	-0.07712464839
OCIAD1	-0.3868578241	-0.478141994	-0.3428000621	-0.4905297082	0.1702133851	0.4050787648	0.19803857	-0.08426791341	-0.007108533744	0.1440776305	0.07127372886	0.05673993222	0.1356783698	0.05712751572	-0.00727935948	0.08571488703
OGDH	-0.3659750097	-0.8898650032	-0.6820719136	-0.7231821941	-0.0658130021	-0.4104074246	-0.4946420621	0.4392579339	-0.01121056241	-0.4520469609	-0.1686850146	-0.4460726848	-0.214198708	0.1669693498	-0.2851957979	-0.1375528389
OGDHL	-0.9461274042	-1.18183622	-3.523206461	-1.787791925	0.3384703192	0.1184998189	-0.1122955057	0.213232706	-0.01948378439	-0.5821725335	-0.597922994	-0.0364977723	0.7609032797	0.8126511197	0.4242900252	0.05647578805
OGN	0.4072177049	0.6406944829	0.3354659967	-0.1197087237	-0.107887333	1.23860688	0.451239892	-0.1441015488	-0.0344186234	-0.4553413161	0.1660614902	0.6809538891	0.3773761635	-0.6061627146	0.7611504846	0.505887414
OLA1	-0.2015590199	-0.3592869409	-0.7278573404	-0.4213898684	0.1466240615	0.4383772637	0.2960339253	-0.9421048306	-0.2210640041	0.6890371528	0.5828540847	0.2662277061	0.2274382337	-0.8829137503	0.008512783636	0.09894464487
OLFML1	0.4021581115	0.748047529	0.6516042641	0.4262939263	0.2210891193	0.9560177733	0.5808054777	0.2633610696	-0.1625268821	0.03442491524	0.6510167334	1.085123836	1.295105081	1.638586419	1.607697073	0.5289734538
OLFML3	0.8280019993	0.8427678112	1.736317295	0.6084195284	0.1529639829	1.218855186	0.6652492209	0.2658429622	0.1095877659	0.4640888188	1.351352102	0.983513721	1.620051075	1.673883669	1.526534859	0.898775697
OPA1	-0.4261353283	-0.5043832009	-0.6484959559	-0.5536622365	-0.007849257364	-0.3308207291	-0.3213176479	-0.614472902	-0.3217755742	-0.1225669734	-0.3242264375	-0.4181629383	-0.612837649	-0.6330573735	-0.141776666	-0.2212210955
OPLAH	-0.4610176381	-0.668179095	-0.4744567186	-0.2956023776	-0.05113655834	0.2868851251	0.3267840533	-0.1777428087	-0.1901616183	0.1706509385	0.1436119427	0.04195061605	-0.1576086934	0.09463777165	-0.1729785946	-0.0006049771114
OPTN	-0.4126357604	-0.5512275849	-0.9955039126	-0.3506089098	0.1669933346	0.6361511934	0.373445697	-0.4059467268	0.1316048655	0.2522787756	0.4124144444	0.2712970872	0.1386649938	-0.02423343158	0.02071864666	0.1681345711
OSBP	-0.1775614425	-0.1247541428	-0.4486255491	-0.6545136678	0.06926480306	0.294501677	0.2054696797	-0.05824488448	-0.1189874259	0.122678915	0.02023235383	-0.02977663151	-0.07041964805	0.2371447312	0.008534129708	-0.07027536321
OSBPL1A	-0.3557654014	-0.3775465742	-0.7721742934	-0.6104319175	-0.2239550124	-0.5525906448	-0.2438014406	-0.4795138316	-0.2582611178	-0.9023252325	-0.5109496066	-0.7073151572	-0.8902566951	-0.6237186567	-0.5113048816	-0.2663519453
OSBPL8	-0.5774638657	-0.8950103021	-1.200283709	-1.425691447	-0.02921533054	-0.134633775	-0.3599436897	-0.5988570143	0.04085225968	-0.8979769049	-1.133119007	-1.007857073	-1.079972513	-1.322486262	-0.4141769433	-0.5219388574
OSGEP	0.2307338523	0.137545058	0.2799674411	0.4391070713	0.2452472593	0.6542463203	0.4993672463	0.136974863	-0.1269087202	0.2079786413	0.1952540445	0.05849456735	0.5630352198	0.4720588171	0.2887661539	0.1944066723
OSTF1	0.2591517616	0.3945300393	0.401118741	0.6211524574	0.1842467812	1.005312891	0.8426687731	-0.08569190732	0.1557753174	0.5837553128	0.6947015182	0.5079768539	0.4398528881	0.2088148791	0.158410977	0.1586002292
OTUB1	0.1289141878	0.1935330869	0.1073654254	0.421510537	-0.1220015255	0.4487373761	0.4043102562	0.1205464521	0.2063724026	0.3899960066	0.2658731771	0.1436270057	0.523970079	0.3335021938	0.04878658884	0.1296281386
OXCT1	-0.5858449731	-1.243088653	-2.10419851	-2.382816767	-0.09280939267	-2.143078833	-1.57442595	-0.867676957	-0.2364678028	-1.803859955	-1.900363944	-1.583112496	-1.492380109	-1.604847861	-0.7353683419	-0.2506478209
OXSM	-0.1396807211	-0.4788135424	-0.854607957	-0.7439231945	-0.03021186186	-0.4973582915	-0.4558185385	-0.6450803403	-0.5412979944	-0.3930884207	-0.4587084997	-0.5440661789	-0.6444216966	-0.4946670631	-0.1544927284	-0.2498242783
OXSR1	-0.3582357077	-0.3814712366	-0.5178989614	-0.4434527222	0.1935523097	0.6933920672	0.4440868898	-0.07262161907	-0.04049931972	0.5972337737	0.3516078078	0.2657658546	0.3848189709	0.376567666	0.3672748441	0.02225638203
P4HA1	-0.3731761772	-0.389643435	-0.4932953183	-0.4208825396	0.4651760499	0.2662635632	-0.052006039	0.3480334919	0.7283571076	1.032761018	-0.00526246642	-0.2015711233	0.3561497856	0.07668039721	0.05837909796	0.09736315701
P4HB	0.01285667238	-0.1608016063	-0.3703937918	0.07116178535	0.1712846581	0.1527340843	0.0381441975	0.2321176238	0.05288054461	-0.06144233443	0.02535194467	-0.1102536945	-0.08505101474	0.1165369016	-0.1418062604	-0.01365537547
PA2G4	0.1429826351	0.1868542061	0.102973239	0.2940975331	0.5811334136	0.93149177	0.5850241311	-0.1980693029	-0.1287175687	1.00507919	0.5414530582	0.5030385432	0.6017329614	0.3079790919	0.1528562553	0.1308843429
PABPC1	0.08439248037	0.1717576338	-0.0945437489	0.211267383	0.4235187433	1.236654048	0.7065137095	-0.04292028188	0.2564143845	1.134260904	0.6938426147	0.8039825717	0.8456522814	0.576606852	0.3590549963	0.1678630928
PABPC4	0.03772509615	0.02698091828	-0.357013529	-0.02600819924	0.2969406447	0.8715197746	0.4758219061	0.1216309957	0.6119844345	0.8108113759	0.5331221639	0.7887165443	0.7042563758	0.3978863181	0.1168592387	0.08741933138
PABPN1	-0.0819461933	-0.145262049	-0.09588904995	-0.02100110384	-0.04757992609	0.7144876027	0.6192356051	-0.3574092835	0.09242744045	0.7628397419	0.2061443324	-0.03961921249	0.6902038364	0.0791617546	-0.3625509629	0.1049068983
PACSIN2	-0.2549730487	-0.5073217327	-0.184386545	-0.5875640335	-0.146388913	0.04944235945	0.1100685206	-0.1809595878	0.04501310763	0.02524456082	-0.01238150403	0.004120322988	-0.1353429344	-0.05559608619	-0.06383778742	-0.1493424632
PACSIN3	-0.09702540502	-0.2706945983	-0.1185209508	-0.6350049915	0.1449949638	0.6487410937	0.5704144818	0.05514276976	-0.1157725435	0.3494520393	0.624572657	0.4766950479	0.4130333728	0.407097469	0.1294932499	0.05098707086
PAFAH1B1	-0.09214747049	-0.01467317456	-0.1428205421	-0.1001843113	0.2493753268	0.5646417684	0.3488380177	-0.4730095891	0.1646017137	0.1066381891	-0.001269793658	-0.04120231511	-0.07586677156	-0.7273119213	0.09721589983	-0.07934421893
PAFAH1B2	-0.09459417401	0.08650175641	0.05915385897	0.05222783363	0.2742508816	0.8348664856	0.5555236386	-0.2253748462	0.03807362714	0.4847762427	0.3221766671	0.2927403142	0.2579224003	0.2288040473	0.3153575179	-0.02866428417
PAH	-1.824661259	-1.629809939	-5.047576582	-3.095881361	-0.6568202595	-2.063065286	-1.770833391	0.003475019977	0.1435963874	-2.762621875	-2.108184114	-1.367113656	-0.7277000284	-0.4778381496	-0.2980866616	-0.2068439393
PAK2	-0.2743675338	-0.1724232454	-0.3483112172	-0.6476137357	0.3256839615	1.041540375	0.5268709558	-0.1002225878	0.09601696886	0.7404864785	0.5364357669	0.4606774264	0.5329221272	0.4216614161	0.4082335564	-0.01082693817
PALLD	0.3113738713	0.5377794015	0.7662443732	0.1388031165	-0.2333843187	1.00945892	0.4685961894	1.456413874	2.288791878	1.650313417	1.021592003	0.6389674608	1.302863631	1.665474797	1.418585283	0.3648557398
PALM	-0.1296004349	-0.2134682844	-0.3153730143	-0.0345590588	0.03215710479	0.9924075724	0.6164781631	0.4258456357	0.06858507166	0.9268880354	0.4708913627	0.1778515399	0.6080474874	0.6514802022	0.3424665127	0.004068991812
PALM3	-0.4874997059	-0.9125219923	0.09309176529	-0.2441147009	0.5347310613	0.1963882612	0.4181298416	0.9623842003	0.7830876482	1.560308066	0.5562522119	0.5098380483	0.7691875518	0.2174674934	-0.03040421477	0.04121047096
PAOX	-0.31389378	-1.20017611	-1.033310158	-0.5259272297	-0.08420132694	0.517473506	0.3474231698	-0.2421481928	-0.4612286297	-0.02238368166	0.3883248738	0.4629335301	0.6189719341	0.5279611384	0.4208638941	0.0649382754
PAPSS1	0.01218557274	-0.1421011043	0.07973414631	-0.2595189604	-0.3650486659	-0.3396840302	-0.2339959895	-0.01234023349	-0.01900829752	-0.7199263966	-0.4965005127	-0.808325175	-0.5420093264	0.06192587464	-0.08639323334	-0.09410595171
PAPSS2	-0.5376636367	-0.7994282287	-1.206913752	-0.7002418421	-0.4710530052	-1.276772479	-0.9261773103	-0.3312688776	-0.2398669379	-1.206044024	-0.5498558305	-0.3357365553	-0.6177489278	-0.4298590704	-0.4516569078	-0.3261456598
PARK7	-0.4623328493	-1.050945581	-0.8292961685	-0.4763724235	0.1639596282	-0.3493047108	-0.1303894905	0.129927611	-0.002625497464	-0.2104833667	-0.1127513279	-0.1860704559	-0.1130710442	-0.2341764947	-0.2899142179	0.03902721726
PARP1	0.1272856498	-0.05758880148	-0.1423985029	-0.05290910333	0.2476542557	0.6465469194	0.1285885508	0.08675142418	-0.2222724363	0.6186953103	0.1537077278	0.02735280213	0.5225149652	0.6302903582	0.3678485362	0.08128411617
PARVA	-0.05014932141	0.1197506752	0.0232007675	-0.1154875076	0.2147048891	0.7950252904	0.3865934642	0.1720011502	-0.05271954543	0.7752047095	0.7594521911	0.5121854973	0.5134239537	0.6459221123	0.4047806192	0.1183191438
PAWR	-0.3500402233	-0.2805765419	-0.2877727044	-0.621105387	0.5606809113	0.6730056196	0.3431247203	-0.1114159701	0.03624384317	-0.1663597487	-0.0451753679	0.3179064451	0.06218626865	0.02256543527	0.2480710054	-0.2925121958
PC	-0.3205687367	-0.4778513447	-1.4359846	-0.4365607744	-0.07526694558	-1.823388004	-1.20484675	-0.06415735279	-0.2788519011	-1.442877816	-1.38413915	-0.9144215924	-1.123732331	-0.5206928392	-0.6395703762	-0.3528964904
PCBD1	-0.556838644	-1.153772088	-1.053826633	-0.7237049738	-0.2476364899	-1.258244182	-0.7209981343	-0.008175407955	0.03471353063	-1.14010314	-0.699407992	-0.7840937851	-0.4989188899	-0.5205216706	-0.5195164387	0.002036379859
PCBP1	-0.1236110494	-0.234744679	-0.07793856057	-0.06807761836	0.3110759319	0.640445367	0.2539110298	0.4685661502	0.4017256161	0.5380355983	0.06280993839	-0.02095510566	0.4459039316	0.3417528038	0.06307120285	0.04624423342
PCBP2	-0.2043992268	-0.421248569	-0.4436669154	-0.4290112704	0.1057004395	0.5125424472	0.3432018091	0.2590212379	0.1594303309	0.04436622431	-0.05929483602	0.2833052392	0.319357423	0.3870857167	0.07765354399	-0.001846129001
PCCA	-0.6826620905	-1.274788351	-1.76607618	-1.409360162	-0.2688810428	-1.399581052	-1.16928831	-0.8359599768	-0.073435127	-1.214896438	-0.7612931005	-0.7025994648	-0.6989185483	-1.250447619	-0.4991023464	-0.2330058459
PCCB	-0.4584681037	-0.5841244393	-1.021239183	-0.4189438346	-0.1397237335	-0.9049764328	-0.5574286853	-0.1248432283	-0.1548199431	-0.9287404055	-0.7390493399	-0.6564757853	-0.7155278784	-0.2988069735	-0.4125367979	-0.2300759619
PCK1	0.2709735488	0.7589400746	-2.928107936	-0.2746430258	0.2319010023	-1.57596336	-1.193518872	-0.3897782368	0.2138984103	-0.289358843	1.269627344	1.103367304	-1.024940533	-0.9570395059	-0.5302501069	-0.105747682
PCK2	-0.977365313	-2.128742368	-2.876032063	-1.934578712	0.2415598924	0.9960403665	0.6896169382	-0.01683322167	-0.158401429	0.6237051249	0.83475157	0.9807089696	1.280713344	1.106472327	0.8841298536	0.2462731126
PCMT1	-0.01779867743	-0.1392681883	-0.008628782038	-0.1881209995	-0.01467983406	0.1802367022	0.3027364355	-0.2501468772	-0.1134582956	-0.1788389028	0.052910303	-0.08277555251	-0.1241969125	-0.2301642808	0.04448521348	-0.07015341623
PCNA	0.05601029535	0.175806248	0.0873425937	0.2572107749	1.216791507	0.9774991708	0.7665635233	0.03017949977	0.248543734	1.126171148	1.786464679	1.044466965	0.7357578621	0.2883972731	0.2770644496	0.2338960062
PCNP	-0.1407394427	-0.1600331521	-0.09860956283	-0.2034183635	0.2379487544	0.5504012546	0.3112402519	-0.5267889455	-0.08902512947	0.1947367677	-0.01727836061	-0.0656974317	-0.06017437767	-0.5886894514	-0.01832675716	-0.0493331525
PCOLCE	0.6218681735	1.118108189	0.9146797168	0.6658363508	0.1356782285	0.5803658218	0.5527625666	0.292751822	0.2292642565	0.5110511958	1.021943922	0.5613188334	1.030995273	1.006589005	0.4572566455	0.64897204
PCYT2	-0.3121536341	-0.8172773371	-1.391249447	-0.9143552467	-0.3194798647	-0.7362122569	-0.509101455	0.1649504908	-0.01996514867	-0.6834352506	-0.8927125693	-0.7914167101	-0.2229892732	-0.4177232708	-0.4834967613	-0.005634714028
PDAP1	0.1340443218	0.05697108812	0.1011364354	0.3815286002	0.2638175258	0.5393552899	0.4682452461	-0.1255676423	-0.01965384424	0.7012967271	0.4736079545	0.2887845633	0.3153580818	0.1298234521	0.08540556107	0.1517480251
PDCD10	-0.05473508	0.1310166076	-0.02789681164	0.1632972751	0.3016579857	0.6248935024	0.6143567527	-0.3067184978	-0.02409477123	-0.02613165749	0.3924774429	0.2883005226	0.1687869704	-0.08214782906	0.1417558077	-0.01945811706
PDCD4	-0.04855256098	-0.1037095983	-0.004951437684	-0.3719472651	0.2257217807	0.878190639	0.9600205134	-0.7093678836	0.152617084	-0.4214165835	0.02798262897	0.1978009386	0.2265295517	-0.4380921947	0.2846101268	0.4461113725
PDCD5	-0.01553143128	0.05448985112	-0.03034870416	0.3256801285	0.3835564529	0.7825510757	0.9069388571	-0.2418058546	-0.168245641	0.3838684533	0.4962084778	0.3224759918	0.2683532213	-0.02797516345	0.07101394339	0.2698157315
PDCD6	-0.1489122685	-0.2233481895	-0.344725458	-0.2612489745	0.1103761685	0.4818000365	0.5446097088	-0.2026784656	0.3094649016	0.3711701079	0.513046604	0.3877457009	0.2545177254	0.04052172145	-0.01418363177	0.007421744824
PDCD6IP	-0.2362339671	-0.1301485147	-0.04661929632	-0.3157421338	0.4540103259	1.09466555	0.5636313819	0.05800594903	0.1544702251	1.122175025	0.4937157285	0.5217947202	0.4753053003	0.457120225	0.186866049	-0.05276496826
PDCL3	-0.1203414488	-0.09652034338	-0.01337407412	-0.2467776662	0.3136333744	0.7655458982	0.5767916028	-0.2193329019	-0.02123087799	0.2999691362	0.4805009442	0.3276986089	0.5483457574	-0.03366615824	0.1862533476	0.01700909733
PDGFRB	0.6179427877	1.319057938	0.4398103381	0.4285394732	0.5259491938	2.016349142	1.042754894	0.5498930239	-0.01419272272	2.063623013	2.155707826	1.830958462	1.995654023	2.341645594	1.686991741	0.7664267953
PDHA1	-0.3652764752	-0.4846342278	-0.67419481	-0.8019258666	-0.07159368397	-0.578283084	-0.4866893649	-0.6472083183	-0.2226789377	-0.5303481414	-0.246029117	-0.2310593462	-0.8101238885	-0.7161321793	-0.2995035514	-0.09385095016
PDHB	-0.4016785532	-0.7709195067	-0.8094010024	-0.8302544561	-0.1549531668	-0.5342504956	-0.2276058195	-0.1363142264	-0.03182276368	-0.6239776931	-0.3239088393	-0.5839397997	-0.4366817384	-0.274610538	-0.2646159825	-0.06818601782
PDHX	-0.3351951886	-0.5670349443	-0.6911544639	-0.8307180848	0.05090913984	-0.3948062937	-0.1733992094	-0.5437641966	-0.3957081351	-0.09742402887	-0.1388215313	-0.4880785315	-0.6536216728	-0.516714298	-0.3119332269	-0.09923895843
PDIA3	0.02081094793	0.009010770799	-0.1509437143	0.2099510663	0.4432479088	0.6727874847	0.225098666	-0.3754349056	0.2877498154	0.1990125415	-0.06615952703	0.2090541544	0.3082084869	-0.4290095683	-0.05506713469	0.08906418424
PDIA4	0.3974192173	0.5745745158	-0.1064867974	0.3596440032	0.3805672091	1.01368277	0.3140101477	0.2890668289	0.1645276052	0.6150691642	-0.05119072066	0.1429086255	0.5228028983	0.5721321951	0.1368952539	0.3076025401
PDIA5	0.4051505232	0.5666260371	0.5577695902	0.4946615963	0.2008101478	0.8858911626	0.4268977135	0.4051203711	0.05062762185	1.08458035	0.5556434086	0.2473607695	0.9216976543	0.7849098273	0.4985902577	-0.08144763715
PDIA6	0.1793468895	0.1502977706	-0.02869371833	0.1560537599	0.6769406095	1.129367237	0.5522217457	-0.1000883824	0.2733386701	0.4613825	0.2263286943	0.2899037506	0.5331458803	-0.0204891732	0.09520755948	0.2281562517
PDK3	-0.2991354719	-0.6357328121	-0.888219322	-0.5779734437	-0.1371391527	-0.8516929346	-0.7619163016	-0.2974102183	-0.1007372027	-0.9076578	-0.9194969698	-1.125939776	-0.8021522946	-0.6876037423	-0.5462044662	-0.3076221025
PDLIM1	-0.002690778064	0.5205216898	0.3711084586	0.9546236638	0.03162566664	0.8284816555	0.4502777504	0.2088444829	0.2733682194	1.908819317	2.146765483	1.500540123	1.608822937	1.284497916	1.071715706	0.8368706806
PDLIM2	-0.1028089942	-0.7015257248	-1.219864296	-0.33189301	-0.1163064694	0.4760022752	0.06765697328	-0.2256414902	0.07291238597	0.1460019769	0.5745654773	0.1453454104	0.06138014565	0.4468048869	0.2685974156	0.4350168656
PDLIM5	0.002673529425	0.05191889837	0.1335382944	-0.391911572	0.2424474197	1.121217324	0.5797858384	-0.08043967107	0.3649333538	0.5741374586	0.7016694597	0.6055041635	0.5830753438	0.4956642199	0.6388246598	-0.07225137898
PDLIM7	0.7395059487	1.163054001	0.83485466	1.315354454	0.9313415948	2.480523947	1.762729605	0.6689410291	1.890355754	2.544314855	2.496394523	2.051761444	2.420481006	1.832143083	1.31018595	0.8163603534
PDPR	-0.2490149257	-0.2957229583	-0.2949904907	-0.6334154936	-0.1972325313	-0.3123712852	-0.3519678278	-0.3651821711	-0.7016636913	-0.7918216636	-1.709994502	-1.182140924	-1.777582341	-0.2970170234	0.07297040343	-0.4302472692
PDXDC1	-0.2641587513	-0.3538823657	-0.2001605532	-0.2959741145	0.07931480392	0.2263514301	0.07061449183	-0.265688292	-0.27111289	-0.1133435671	-0.4238624779	-0.3200691029	-0.3145497185	-0.08016475768	0.03612570731	-0.07328222859
PDXK	0.2257685883	0.4621190324	-0.04552584633	0.2295624612	-0.2112064121	1.503773853	0.6521908852	0.2103388773	0.825458675	0.6683600592	0.5075324574	0.4895590616	0.4415058829	0.6205846895	0.3142611279	0.08293524224
PDZK1	-0.2998721782	-0.5892313642	-2.148029206	-0.5269290038	-0.4965325523	-1.238832132	-1.189768848	0.09321200372	-0.1210299595	-0.978986845	-0.8662776576	-1.08789464	-0.7876289614	-0.1195917094	-0.1579028034	-0.192981962
PEA15	0.6597917451	0.8926180186	1.06037173	0.7978077747	0.8242360056	2.743382531	1.856580455	0.4928746057	0.186524309	2.426031971	2.337939124	1.901996571	2.259797373	2.090233469	1.624099747	0.7726711971
PEBP1	-0.4204301855	-1.139077462	-0.6541496547	-0.9473947305	0.1545356383	-0.06312272122	0.09623990956	0.05860980047	-0.09351223094	-0.24726733	0.06178100569	-0.1509002938	-0.1458779606	0.006310597895	-0.1694896995	0.1298835006
PECAM1	0.6636041154	1.912255185	0.6480042394	1.528084473	0.3028694567	0.3146763117	0.2012266429	0.3333338792	0.328764346	0.9928645238	0.9294358444	0.7368345074	0.5230422034	0.5541479343	0.2731805628	0.2109794934
PEPD	-0.7067153051	-1.431606235	-1.75450844	-1.386355014	-0.196703957	-0.9445791989	-0.711445391	0.02555642304	-0.02232956516	-0.8844489682	-0.2276381027	-0.4682965256	-0.4697189054	-0.4682228906	-0.4900379445	-0.1278377119
PEX11G	-0.2275301928	-0.5414228061	-0.3173350263	0.1095145575	-0.1200039915	-0.2916211468	-0.2763138242	-0.04046809883	-0.1501337419	-0.6566580306	-0.857725422	-0.8894113351	-0.3921157727	-0.1357306408	-0.2727550007	0.1070157274
PEX14	-0.04856820511	-0.03235008173	-0.008856111705	0.14045876	0.02857780258	-0.1032278654	0.02193493034	0.1756631776	0.01831971876	0.03927805078	0.06842920758	-0.1247508981	-0.02456865211	0.1197270728	-0.1954380987	0.09677588631
PEX19	0.08519240794	0.2290037704	-0.2551908898	0.3355102649	-0.2529698576	-0.1497030184	-0.08126952698	0.05185812973	-0.3336249681	-0.3567749862	-0.09859663346	-0.2392384601	-0.1529638081	0.2691736456	0.02970115066	-0.08239818836
PEX5	-0.3305194012	-0.671894882	-0.8921428009	-0.4052606279	-0.01680827532	-0.1046292162	-0.06393391088	0.2442634072	0.299991191	-0.1369243233	-0.3214805529	-0.3237919242	-0.1817967323	0.1328458692	-0.09537485925	-0.1182681146
PFAS	-0.2032652369	-0.4120843049	-0.4550609369	-0.2760969758	-0.1765527184	-0.0005297767912	-0.02948792382	0.2293941346	-0.5837104362	0.3998311653	-0.1600161736	-0.2926430927	0.01107759613	0.4244876154	0.03758918876	-0.2205227099
PFDN1	-0.2229114074	-0.2341281914	-0.2251243118	0.2205297964	0.1415115088	0.1789254479	0.2987708717	-0.2030494441	-0.02090025952	-0.009479342341	0.3112823913	0.1254163546	0.1491808637	-0.2485879594	-0.09662143323	0.2299350833
PFDN2	0.1232148347	0.08938576793	0.2610443176	0.422217262	0.05738373208	-0.09366063516	-0.07378332379	-0.2277205071	0.04694203819	-0.05446668356	0.01291359774	-0.1537211754	-0.195888721	-0.2506007644	-0.3288486542	0.1190665093
PFDN5	0.06406546924	-0.1546584049	0.02427924402	0.3390591162	-0.0575944235	0.4673291245	0.4945762324	0.01441961882	-0.0274039614	-0.1511619626	0.1354127952	0.05077365347	0.393085425	0.06791783195	0.1266393367	0.1669542036
PFKL	-0.1117522911	-0.283847045	0.07167543736	0.227909883	0.03204099691	0.2147634098	0.3216495728	0.4326614577	-0.1142035512	0.1662216568	0.06407404755	-0.1726772939	0.4399034872	0.6492151275	0.1824791167	0.09973298499
PFKM	-0.3393051516	-0.6438923237	-0.254667451	-0.5797194708	-0.5027617604	-0.5826883091	-0.3738083153	0.2784555396	-0.2096949782	-0.6411232066	-0.6845963091	-0.7837250506	-0.2809501119	0.1744223469	-0.1454357567	-0.02031329025
PFN1	0.5911048978	0.8245384593	0.761432708	1.150561368	0.5215185299	1.663167331	1.003631595	0.153469437	0.2510517888	1.43841974	1.180752458	0.8624124367	1.374534741	0.8278082037	0.4936351691	0.4353987785
PFN2	-0.1418365539	0.3600658417	0.4438916857	0.3773242981	-0.1325844113	0.598891054	0.6627715717	-0.2603901245	0.09124693224	0.9152058864	0.6859838354	-0.08045794027	0.4770921229	0.4550432968	0.357980773	0.1383750083
PGAM1	-0.03800548962	0.006705336786	-0.1129407227	0.01612655245	0.4141652919	0.02408774124	0.1142009807	-0.03281185279	-0.04179041579	0.487031248	0.4798101844	0.003122525202	-0.1273917961	-0.1533298464	-0.2944629965	0.1482937158
PGAM5	0.0619008298	-0.03144215963	-0.0936444433	0.03586987009	0.276206757	0.4934464865	0.2442247364	-0.02670411861	-0.03776547157	0.274174432	-0.004507847806	-0.06332903959	-0.05828901051	0.1109070297	-0.04438445917	0.0276007404
PGD	0.253371119	0.3096235273	0.2216850226	0.671405898	0.3069268166	1.045919273	0.939132662	-0.03098590053	-0.2987802097	1.735930176	1.18409869	0.8650347974	0.6448155624	0.6014236793	0.2114729201	0.3857889727
PGK1	-0.3297089623	-0.8048129844	-0.4752383196	-0.8305185628	0.2018692883	-0.3005765039	-0.09437810848	-0.3723921937	-0.03613062516	-0.1659954695	0.4498848136	0.05282024031	-0.4024603021	-0.6477708024	-0.3625800477	0.06419495418
PGLS	0.1440696957	0.03013553925	-0.1258788582	0.3821481026	-0.07022490734	0.4652611154	0.5086059776	-0.04937921207	-0.1705655886	0.5195750332	0.4847549207	0.1899805836	0.3167962744	-0.05824674956	-0.1240535246	0.1351941452
PGM2	0.1631463722	0.3775805547	0.5142252134	0.008427948189	0.5448416742	1.399962633	0.9108944239	-0.01449706297	-0.2491867745	-0.1264664136	0.02144746307	-0.3025655626	-0.4260411675	-0.196997955	-0.3721652338	-0.09122974091
PGM3	-0.4185606592	-0.5258292268	-0.6567883853	-0.6048064044	0.1585087322	-0.2337709882	-0.2695444676	-0.4174705797	0.05609184563	-0.01954878953	-0.1146286026	-0.2379061015	-0.4348375106	-0.551551586	-0.2482229741	-0.1494237523
PGM5	0.6875591982	0.2430413421	0.5080835904	-0.07752729185	0.2347672082	0.6127768893	0.4523181841	0.3986261887	-0.08056027089	0.6472855943	0.7227135415	0.4476935349	0.7832670571	1.09150853	0.6654415472	0.1217833912
PGP	-0.07658843323	-0.09352826845	-0.3067970875	-0.01946055963	0.2918822809	0.6619481243	0.7837890146	0.07599058355	0.02075904973	0.4863092302	0.3947999398	0.1042659444	0.02225121675	-0.1324183622	-0.1265897655	0.1647461261
PGRMC1	-0.1074205349	-0.3162829896	0.1249254843	0.01384617402	0.01042785552	0.08548917781	0.2955815491	-0.2851559294	-0.1680087023	-0.2466918961	0.1253290426	0.15857872	-0.2047639538	-0.2150664932	-0.01495631152	0.0774853354
PGRMC2	-0.2707074452	-0.4655464713	-0.3082922896	-0.4202763095	0.1176202707	0.3622287893	0.2566233583	0.067117121	-0.1005276631	0.1760304087	-0.1125478125	-0.06637026115	0.3059431754	0.3364780026	0.1474843256	0.06989387554
PHB2	-0.1363130524	-0.4204847233	-0.3972752028	-0.06723352909	0.1208409772	0.1873952579	0.2053228427	0.143900701	0.007622087323	0.2715914298	0.2104447021	0.05983846103	0.08911135977	0.1939363806	-0.1459344285	0.1029337628
PHF5A	-0.02738885879	0.03371703299	-0.03261755635	0.4798403505	0.2829671944	0.5430572522	0.5568261651	0.07070955689	0.2364714562	0.6021496201	0.6732617846	0.3034708182	0.5798868762	-0.01680060196	0.03556751449	0.1109696833
PHKB	-0.3964226856	-0.591035457	-0.600706662	-0.5647608274	-0.09038784632	-0.6079486467	-0.7122135247	-0.7924077868	-0.4134832596	-0.729974586	-1.277742689	-1.388663812	-1.077173114	-1.111866109	-0.4882652015	-0.3563664229
PHLDB1	0.01825826978	0.05274737297	0.2296644381	-0.06815068723	0.2478553006	1.66543554	0.8086666742	0.3853000861	0.5884169838	1.376512353	0.5719219637	0.7159342842	1.199237601	1.278484035	0.7923795399	0.1578254835
PHYH	0.1945206198	0.1810741902	-0.3048642582	0.5791689897	-0.2330620103	-1.323329177	-0.7844498434	-0.3522304287	-0.1274751447	-0.8330090731	-0.5866308337	-0.7693135201	-1.147439337	-0.8154250701	-0.6652247877	0.1085640669
PHYHD1	-0.6742879894	-1.267772314	-2.078082326	-0.9839482068	0.1271021308	0.169680136	-0.05259134935	-0.3188047444	-0.1736316739	-0.1130318999	-0.1696124619	-0.05207115882	0.2209700263	-0.2798129911	-0.2002254984	-0.1313065331
PHYHIPL	-1.389895173	-2.301017469	-0.9021693645	-2.165565221	-0.6851716055	-0.7305626146	-0.3429999685	-0.04820570596	0.1397079792	0.2416951871	-0.6910642632	-0.6543219144	-0.2485128227	-0.4442689088	-0.3163151728	-0.1563715141
PHYKPL	-0.4020361248	-0.9420738114	-0.8575103307	-0.7058407481	-0.05391335933	-0.01854111481	0.04048335557	-0.08258704061	0.3455768986	0.2049598795	-0.2947459961	-0.4181242107	-0.1081095392	-0.1966350219	-0.1492414256	-0.1760851334
PICALM	-0.396757949	-0.3305103995	-0.3401705439	-0.3799188856	0.1800972427	1.035605904	0.5099823274	-0.6296553686	0.02857499257	0.2288499963	0.1622367321	0.1793235091	0.2581935921	-0.2467111124	0.3049573203	-0.1634917065
PIGR	-0.2842211241	-0.4733037176	-0.3623900595	-0.1664732288	-0.2633651281	-0.194737401	0.01289133038	-1.067165623	-1.06241975	-1.752708806	-2.36070114	-2.528070485	-1.938725608	-1.102365348	-0.5199928887	0.1905506057
PIGT	0.121574785	0.2173765073	0.2100514133	0.5680753759	0.01131588813	0.7330719772	0.5728406767	0.4921334947	0.283443468	0.6209498404	0.6711581548	0.5932452227	0.9907066953	0.8113759709	0.2391747665	0.2770726596
PIN1	0.07325062886	-0.01317607519	0.1287341541	0.4438460986	0.1926975187	0.2551937069	0.3237616387	0.2111941938	0.01452427222	0.1872894177	0.2215215163	0.09599189835	0.158590475	0.1914873246	0.07332557256	0.1738996185
PIP4K2A	0.3387438022	0.3005270864	0.001308243144	0.1674378093	0.2215961206	1.740297005	0.7803169679	0.06706372594	-0.07265229957	0.6615127537	0.7093121992	0.7009111071	1.257843799	1.310759668	1.453539287	0.669666496
PIPOX	-0.4295290164	-0.8774818317	-2.968194931	-1.201420889	-0.3822607971	-0.6805722167	-0.6033587611	-0.3618532682	-0.2802610095	-1.681090105	-0.7881919831	-0.5586920638	-0.3421234061	-0.5218511729	-0.3281617115	-0.1955755649
PITPNA	0.1813610979	0.2437372803	0.3966524215	0.3286767729	0.3215148417	1.052710886	0.6930188849	0.0531837772	0.109596242	0.7505343331	0.7492104723	0.5509972338	0.7485946851	0.557426427	0.3760595405	0.2151827071
PITPNB	-0.003654650127	0.1428647731	-0.004343855119	0.153584506	0.110141653	0.5202512084	0.3421122862	-0.1597649834	-0.1341753044	0.418410073	0.2555297021	0.1650731169	0.2366863578	0.186065785	0.1457159255	-0.04687524097
PITRM1	-0.1900807011	-0.3364258556	-0.4774504816	-0.1362642403	0.3457406705	0.04545216422	-0.0610086236	-0.2750594007	-0.1741204615	0.1331483824	-0.2622329694	-0.04706495383	-0.2564137651	-0.03886371547	-0.02168785063	-0.1306430166
PKM	0.5109813746	0.5576177629	0.7320316015	0.3600235664	-0.1318167424	0.7460776218	0.9171331456	0.5160865189	0.1156632118	0.7271071114	0.8505172569	0.5579663803	0.4474713321	0.7426515551	0.08471980235	0.3551723641
PKN2	-0.4981260809	-0.3733082114	-0.4306526529	-0.9470556841	0.4317578406	0.8968963092	0.3911861062	-0.8124495801	0.07711663917	0.279177809	-0.1033449957	0.1705054524	-0.2124247657	-0.8102862209	0.1850356079	-0.2218602423
PLAA	-0.1057278016	-0.01056534574	-0.2139238115	-0.1508908503	0.2522694251	0.4254081923	0.2387905368	-1.001137252	-0.2187893174	0.5362826469	0.2393163052	0.1013272597	-0.110402952	-1.281540795	-0.08824998757	-0.09184383921
PLBD2	-0.09515605602	-0.1193897328	-0.06228271747	0.206437122	0.06664041312	0.3754013755	0.08336679832	0.4110253664	0.1168896924	0.09787820447	-0.1106696211	0.08581856368	0.360739747	0.49688492	0.1140378613	0.1072909709
PLCD1	0.5400804403	0.8970270486	0.5849979097	0.993013012	0.1899482988	1.301989596	0.8989616307	-0.04151078332	0.6293892257	0.7704191359	1.009378767	0.7201486569	0.8935757915	0.7413006719	0.437600763	0.2955539659
PLEC	0.3029548132	0.6036631968	0.3920802527	0.5890989873	0.3788284852	1.729496556	1.031965037	0.4452640621	0.6482207867	1.75062213	0.9529146255	0.705505868	1.202013013	1.532459389	1.221897861	0.4622471502
PLEK	2.295057547	1.955641805	1.824150459	1.588306141	0.4081020752	2.02841985	0.9983237269	0.3071515522	0.6773149153	0.8231559423	0.8847022386	0.8150054541	1.904596083	1.035646039	1.853409142	1.211416282
PLEKHA5	-0.5178501538	-0.5534559089	-0.3266424958	-0.4834651037	0.1607729027	0.8078425384	0.4265706531	-0.3033917309	-0.21844618	0.2232855645	-0.1500191627	0.06750582733	0.02208696909	0.3255641931	0.263634194	-0.1330895647
PLEKHA7	-0.2485684308	-0.179945615	-0.4307517534	-0.2610690748	-0.2037637079	-0.2758568846	-0.2097355445	0.05529852659	-0.05230488064	-0.2234605744	-0.2903670356	-0.1438717234	-0.5458334106	-0.002478523661	-0.252668721	-0.3036676209
PLEKHF2	0.3709297688	0.5512168634	-0.007751347238	0.1063822953	0.2632304464	0.7100709319	0.5385299958	0.02670496047	0.1824107079	0.1338899425	0.01017312692	0.09942896875	-0.0986448967	-0.01464894119	0.01851595686	-0.1052480949
PLIN2	-0.3636083074	0.1937134321	0.4067286522	1.068805927	1.451315897	1.559369221	0.9914473956	-0.6511027784	0.5264508277	2.010597078	0.9590306694	1.140686806	0.1558866126	-0.3009692495	-0.4198393653	0.2788793551
PLIN3	-0.04403231701	-0.2465492527	-0.02833512596	-0.07930702311	0.426858043	1.325204064	0.8680560415	0.5026427156	-0.03508388971	0.8205955796	0.6097047027	0.7499360767	1.178086832	1.163093393	0.7665954926	0.2840428692
PLS1	-0.7134740732	-0.413339668	-1.7759922	-0.8419256736	-0.09650418716	0.04176984806	-0.1579454802	-0.4191753712	-0.2301394291	0.144626614	0.2361363988	-0.09974356974	0.04754569197	-0.2318066561	0.1244723466	-0.09429900771
PLS3	0.2239019935	0.5216966942	0.5844422408	0.03104038596	0.4550705541	1.240813873	0.8892954889	-0.9108913298	0.02337239397	0.8711718872	0.8540889886	0.608536715	0.6235275027	-0.6428246839	0.7203333282	0.2682569279
PLVAP	0.05749561908	-0.1122966786	0.8922284374	0.09411791406	0.2609946403	0.2233268489	0.1102283358	0.5307741814	0.3509307724	0.7861680672	1.062258898	0.7909526142	0.459790501	0.407804956	0.09969243834	0.1280305471
PLXNA1	0.1936264731	0.4230764096	0.3194411842	0.1594709084	0.2926768891	1.587654792	0.7770328094	0.2906954068	-0.2097334148	1.402714192	0.579387188	0.6387578947	0.9862863364	1.443525209	1.033934526	0.2228226298
PLXNB2	-0.3159114417	-0.3652957971	-0.5123740094	-0.1602566423	0.0965400914	0.8189769329	0.2540961097	0.4304404857	-0.1401161101	0.6526340943	0.1480995864	0.2044662288	0.3765364808	0.7855093273	0.3770507314	0.04220414218
PM20D1	-0.6245454205	-0.8179466532	-1.756564045	-1.313614684	-0.7244024686	-1.96487724	-1.414479609	-0.01089273865	-0.2010591042	-2.260469796	-1.666174654	-1.730840025	-1.528200609	-0.7999591111	-0.9087761239	-0.2241687784
PM20D2	-0.6994311748	-0.8971484865	-2.985388716	-2.32072852	0.04471959291	0.4748844224	0.1998206329	-0.47053728	-0.2500610337	0.4968400744	-0.1358068257	-0.3384609227	-0.3734965647	-0.2986038241	-0.08195328248	-0.1052020049
PMM2	-0.2100191894	-0.3970612534	-0.5312840552	0.08532712102	0.101921275	0.3606578796	0.3172029801	-0.02026438505	-0.2236705784	0.2904803959	-0.0189672471	-0.02023416309	0.3036997797	0.2199698354	0.01382908817	0.07480502618
PMPCA	-0.1456181835	-0.2357095075	-0.4238520527	-0.00416428797	0.05543558106	-0.2261062829	-0.2883842424	-0.1493533579	-0.09635410258	-0.2330228337	-0.4551976982	-0.4092649516	-0.3886073209	-0.0856022993	-0.1420168817	-0.07841456233
PMPCB	-0.6856447203	-0.9629479282	-0.8070325467	-0.7767306144	-0.06559209957	-1.336518263	-0.9417451922	-0.2578460766	-0.01676454712	-0.8673021991	-0.8449405414	-0.8258476872	-0.8064970984	-0.6092577445	-0.4746818009	-0.0701900119
PNP	-0.4132361566	-0.5408357958	0.02546311366	-0.1377735428	0.6196982129	0.7477086931	0.4916912018	0.05933294075	-0.05740131197	-0.1573091225	0.3664653252	0.3968645404	0.09828028162	-0.2586543979	-0.2627702138	0.05106772213
PNPO	-0.3985391035	-0.5948875079	-0.8252548786	-0.4655100696	-0.4049344489	-0.6159563527	-0.3889914988	0.2733670716	-0.01873488266	-0.6115930264	-0.7116406859	-0.9513256535	-0.4810844777	-0.05038490513	-0.2899177469	-0.1630081633
PNPT1	-0.1507384445	-0.245556214	-0.3613770328	-0.5743932046	0.3082960415	0.2656205429	0.1029556269	-0.8766274474	-0.2690480766	0.4524773395	-0.02818124689	-0.1972315063	-0.0370768567	-0.8921994241	-0.0514347987	-0.1439714186
PODXL	-0.4217869244	-0.6298070294	-0.03936926746	-0.4743348354	-1.14708132	-0.6781869336	-0.6865778508	0.5645333308	0.08526803434	0.8921664396	0.3916510471	0.3359021444	-0.118333481	0.4618870148	0.4310080091	-0.009577642284
POFUT1	-0.01414337036	0.1299308216	0.2109799481	0.1960150745	0.0411906921	0.6356945035	0.3743652045	0.3073584698	-0.2953185659	0.5478490985	0.2653654972	-0.003956737226	0.4380761402	0.8621101005	0.5576866783	0.1192591849
POR	0.06908843202	-0.0434540155	0.096285725	0.3451159535	-0.6933007235	-0.7253638751	-0.70245338	0.03959037088	0.1691630107	-0.2290100212	-0.316567453	-0.4119042163	-0.5226172011	-0.2654778101	-0.4449857743	-0.1582648086
PPA1	-0.1433526926	-0.2634720142	-1.216572974	0.1392314952	0.4236674793	0.4453848006	0.2058315178	-0.1483748694	-0.05758610302	1.415754014	0.8119905472	0.1998204324	0.08609514132	-0.3263974994	-0.4374265429	0.07386700026
PPA2	-0.2424956136	-0.389405759	-0.5630256132	-0.03759471129	-0.1061301498	-0.7166343745	-0.3331712611	-0.01229426388	0.08491105042	-0.6506293365	-0.1914264238	-0.251305372	-0.05666452251	-0.2557306915	-0.2584618623	0.002180654118
PPCS	-0.3964770062	-0.7230266614	-0.6152441128	-0.3633075415	0.1227006103	-0.09087553424	0.2170424974	-0.8272817259	-0.4127659579	-0.03847207258	0.1410971655	-0.475986278	-0.6654579149	-0.7539186234	-0.6978942932	0.05603251019
PPIA	0.02744045385	0.07331054974	0.01447583377	0.2297009466	0.3252604904	0.4944365756	0.7022065413	-0.2488049464	-0.1355540208	0.1919894642	0.2484416771	0.1265346937	0.2732609249	-0.250661861	0.02020236481	0.1609771455
PPIB	0.2067619189	0.0919293475	-0.139925729	0.364940372	0.268004847	0.741882564	0.5915179933	0.05068016354	-0.02605459884	0.2431290351	0.4105640296	0.3027088292	0.3012481924	0.3057658955	0.1376203533	0.3071150111
PPID	-0.08723389151	-0.2159490404	-0.07446675039	0.1198582586	0.2232846145	0.2751599763	0.1348278524	-0.5280962188	0.1495901656	0.6522936553	-0.02279718981	-0.1624160638	0.3110357268	-0.6126875221	-0.02987844797	-0.01173687871
PPIF	-0.1326574521	-0.3596708437	-0.5664641847	-0.2963121009	-0.1069675393	-0.4567284475	-0.2901226565	0.01873531593	-0.1420465504	0.1556974826	-0.1453457157	-0.4272239562	-0.1037325482	-0.07967748314	-0.3471968604	-0.005396904333
PPIH	0.1207894405	-0.01932874243	0.1168709151	0.4479155492	0.6770607317	0.3365835582	0.6481668612	-0.1365278792	-0.3569345841	0.645128952	1.213525187	0.7730599893	0.5325906512	-0.02226983074	0.1456516504	0.1146692757
PPIL3	-0.1386269626	-0.07608391915	0.1204210805	-0.1780575114	0.1680472941	0.6569140262	0.4258909609	-0.1329119247	-0.4017611799	0.4445630082	0.2999761215	0.08103435297	0.5985529246	0.2694065843	0.2534216428	0.08564354759
PPL	0.3028550091	0.3480211697	0.9755641743	0.4830716065	0.5542223397	2.044208944	1.655755456	0.04783874058	0.8320242439	1.852985264	2.208546711	2.652691176	1.624304904	1.326453726	1.574121475	0.409411073
PPM1A	-0.1234499036	-0.1549990137	-0.02292580566	-0.2726325695	0.1594936537	0.4479917102	0.296727227	-0.2351802698	-0.01056524713	-0.1353977345	0.1263919086	0.3468585226	-0.1502538066	-0.09663795033	-0.04681483823	-0.1424471648
PPM1B	-0.3543508265	-0.461118307	-0.7124644262	-0.6264696328	0.07992723433	0.2564973392	0.08978053794	-0.192518233	-0.08832410156	-0.2022480586	-0.06224325212	-0.03732127355	-0.2683678608	-0.3998749489	-0.1433069498	-0.2283277018
PPM1F	0.1877785526	0.37938356	0.54876457	0.3059144274	0.1013965709	0.4168683075	0.1825393548	0.1899400377	-0.5278098172	0.5287008728	0.1009328087	-0.03382042024	0.2234600547	0.5734397999	0.3486896269	0.03858079844
PPM1G	0.1801171393	0.2079291516	0.09439467736	0.232310613	0.3702062854	0.7176095961	0.5119492437	0.04132646651	0.09031150417	0.7285521248	0.4105884115	0.2678224767	0.569571626	0.3876932104	0.2021114068	0.1611511545
PPM1J	0.044242268	-0.2545460306	0.5393950824	0.4009821938	0.3720112937	1.21168865	0.7810550842	-0.03004174422	0.7729058837	2.365143339	1.267598804	0.5639784982	1.299001378	0.7153078966	0.4646932787	0.3937991039
PPM1K	-0.8677808873	-1.521597271	-1.026369269	-1.719591123	-0.1146265615	0.1732753131	0.1536755089	-0.5484563037	-0.7546952359	-0.4184378784	-0.3002213378	-0.1251728071	-0.3482801265	-0.4459173564	-0.2316178193	-0.2875865032
PPME1	0.07713511476	0.2158906794	0.2859752943	0.313259182	0.2211341392	0.5550724303	0.337328114	0.08860027151	0.0636406246	0.3412833796	0.03552700783	0.05848628942	0.217170679	0.2203601385	0.03673638974	0.04939938822
PPP1CB	-0.08101991938	0.1074673038	0.03144676679	-0.1351347393	0.2973316402	0.647350505	0.4669785561	-0.1820498426	-0.07778619634	0.1446354891	0.1307550686	0.09331329884	-0.1024991492	-0.1701157707	0.1079793622	-0.15447702
PPP1R12A	-0.01375345761	0.1135167595	-0.01475398329	-0.3340972229	0.3189396644	1.215983428	0.7342390275	-0.5271560546	0.3695214303	0.5946959221	-0.03065410468	0.1937508934	-0.132417921	-0.3265464689	0.3802056361	0.06513911967
PPP1R14B	0.05963318754	0.102431579	-0.1678370247	0.2085853733	0.7288468405	1.996636497	1.544867462	-0.1187056015	0.1307075657	2.132543006	1.647359154	1.345611973	1.569198588	0.9712663008	0.8225750073	0.4570652003
PPP1R1A	-0.06453809167	-2.735803629	-1.362158268	-3.695109576	-0.6479455026	-1.307139434	-0.4255842648	0.6527189727	0.1980368104	-1.707045729	-1.319825457	-1.371870327	-1.314923742	-0.2683238121	-0.4335614511	-0.02188765133
PPP1R7	-0.04826078346	-0.2497929689	-0.2357525714	0.04202886769	0.144515386	0.4188009847	0.2669356523	-0.3163632997	-0.2430150033	0.3664028241	0.2848939455	0.1808237606	0.3086254038	0.01002512716	0.2166440414	0.005272761471
PPP1R8	-0.0406155046	0.02437925343	0.01764933257	0.01265751779	0.2142784841	0.605922099	0.4301233398	-0.02830010308	-0.2994546318	0.4462821269	0.3495886803	0.2114890086	0.4931989219	0.4834178537	0.3040788367	0.08773902547
PPP2CA	-0.1141713842	-0.1256949466	-0.255479325	-0.2063205791	0.1997584116	0.4958997872	0.3317081105	-0.113872352	0.3577903836	0.1518104431	0.1266147204	-0.03619988773	0.02790786752	-0.03849457036	0.09837104062	0.01351469851
PPP2R1A	-0.01953132369	-0.07914994144	-0.01928081756	0.3380960116	0.1794162593	0.7608783837	0.4842043306	0.3069929646	0.2520576541	0.5546331208	0.527704193	0.3783084373	0.5344160852	0.5461875466	0.2042893003	0.1219637121
PPP2R2A	0.001381954054	0.1402758015	0.161979846	0.2663406104	0.4434213612	0.9362248472	0.6076399444	0.1681273706	0.8841275159	0.7895743274	0.6244857912	0.4997303969	0.5813432774	0.2989960993	0.1529310595	0.1016657888
PPP2R5A	-0.05593922378	-0.01783654136	0.3437913484	-0.1414049716	-0.09053908978	0.2670679001	0.1067054253	-0.2710653194	-0.2150826341	-0.2575000128	-0.4165823091	-0.2317748391	-0.3351473745	-0.125283768	-0.1994952224	-0.1689335555
PPP3CA	-0.4631190943	-0.6153742065	-0.2292750229	-0.717397414	-0.07712421689	0.7811945707	0.6182990228	-0.4147147254	0.107929923	0.1547231199	0.1473962516	0.2787282197	0.1792039754	-0.02856405479	0.1823012765	0.02587129765
PPP3CB	-0.1806748499	-0.08102597598	-0.1684514178	0.1071757112	0.1720164313	0.4359405796	0.2207320561	-0.06886029961	-0.2999419533	0.3494750206	0.130591107	0.01088006405	0.1794771861	0.350670761	0.1809930724	-0.06999856229
PPP5C	0.1082227213	0.3655050861	-0.1997087557	0.1214248411	0.2416992871	0.2577242988	0.1674696229	0.08085571807	-0.03537302223	0.1586633605	0.06429695024	-0.05009101942	0.1461635128	0.09103417755	-0.05448080876	-0.01414601129
PPP6C	-0.1090523218	-0.1989301309	-0.1682290044	-0.3975945459	0.1077779794	0.2204416777	0.2367864763	-0.2152108007	-0.04077523686	0.04051843733	0.02566945211	-0.1051158283	-0.0326757377	-0.3119253979	-0.006006220139	-0.09997509297
PPT1	-0.3634422429	-0.138412043	-0.6235024213	0.1395796777	0.06350829951	0.2202679157	-0.07195925399	-0.1716021813	-0.1532101515	-0.370437558	-0.3085361071	-0.07094477777	0.2579499763	0.1662930797	0.2737734631	0.1453172632
PRDX1	-0.1488847821	-0.2934386033	-0.2859114837	0.3319768189	0.1625567676	-0.1041083413	0.0002878646162	-0.2419352591	-0.2312496965	0.2505657513	0.3595250424	0.0496075964	-0.07486181823	-0.3586252989	-0.162630823	0.1375398327
PRDX2	-0.2737902593	-0.3436832925	-0.5352208182	-0.1926543253	0.007559350628	0.4987976641	0.4840469166	0.007954885375	-0.05204879825	-0.06590396978	0.3828581445	0.2726484065	0.5266162193	0.317053105	0.1223216944	0.155464084
PRDX3	-0.3808904543	-0.6870218427	-0.9322066942	-0.7641808075	-0.01320069113	-0.5180847519	-0.2863607749	-0.3766815083	-0.280614087	-0.3707616824	-0.07028735177	-0.2252846967	-0.4784740034	-0.5480754751	-0.2881857543	0.03867691885
PRDX4	0.7272346281	0.8364402968	0.475481255	0.7900038509	0.7415769862	0.3783777306	0.4854187769	0.3484720211	0.1284381452	0.2664738038	1.123003052	1.063729609	0.9873785736	0.7731071744	0.9155242982	0.2422018206
PRDX5	-0.3471894637	-0.8156368205	-0.3347837461	-0.2110994197	-0.03023931511	-0.9889161645	-0.4030987914	0.105531552	-0.06864004895	-0.4999778587	0.1448539085	-0.2472529992	-0.6528885069	-0.4778255207	-0.6057419616	-0.05148493268
PRDX6	-0.3073367936	-0.8230115565	-1.144289521	-0.9931450846	0.06735801909	0.01184061094	0.01519506164	-0.03966810889	0.09618502633	0.8131249211	0.9588281179	0.7902085417	-0.04031342952	-0.1724181192	-0.3941209874	0.02091739145
PRELP	0.3721912045	0.4198882156	0.5951773069	-0.6563023132	-0.4421980415	1.105914557	0.1159799237	0.8614129683	0.0770328158	0.1477070006	0.05257528077	0.3888157508	1.134668336	1.787379177	1.706689983	1.032391958
PREP	-0.1227092949	0.008015443906	0.05599258417	0.2168717298	0.385549893	0.7687088601	0.3508297337	0.08331001359	-0.0750762435	0.8086084536	0.5364402022	0.5630604329	0.5654011909	0.5637266746	0.2835836077	0.09796115955
PRKAA1	-0.2748534703	-0.1493694736	-0.1022548773	-0.4245046787	0.4263745749	0.9510788966	0.6933808962	-0.4792851157	-0.2923575872	0.5981101066	0.3975643719	0.3365718135	0.3023657815	0.2372407043	0.3414326046	-0.06273761868
PRKACA	0.13956877	0.1536789319	0.08805897284	0.163109994	-0.09117639939	0.6649097367	0.2808845132	0.390477824	-0.09778149899	0.4867437185	0.5032816561	0.1402277948	0.5586139657	0.6260299047	0.2122958031	0.02881638867
PRKAG1	-0.02457587975	-0.1851609716	-0.2132437481	0.01649795893	0.09214904988	0.4866262732	0.4092026136	0.1959527628	-0.02369129841	0.09461973508	0.4601122771	0.401998581	0.5488188453	0.4330217253	0.1527024235	0.1327586819
PRKAR1A	0.1084537214	0.2443016679	0.4392141767	0.3221571121	0.2640727156	0.757380201	0.577515515	0.2612180439	0.2218510693	0.4725656262	0.4212571787	0.3338211461	0.4374141017	0.5309324974	0.2493529042	0.1141163781
PRKAR2A	-0.3681370604	-0.09329039037	-0.6359187867	-0.4975311683	0.2475136039	0.5571827963	0.4198206644	-0.1732325013	-0.1936067107	0.7817088118	0.5433952765	0.3809946177	-0.1437919429	-0.02675101221	0.1111775792	-0.1915752547
PRKAR2B	0.3479818096	0.5501937183	0.8846534559	-0.06772133208	-0.2087553512	0.800894303	0.009362707572	-0.3547862277	-0.5563514725	1.023033851	0.3484683454	-0.05874271352	0.08780776445	0.1908151015	0.06616289293	0.06032240228
PRKCA	-0.120750701	0.110516223	0.136750985	-0.1966568484	0.01358099673	0.1287030783	-0.1784847587	-0.3051146611	-0.2855696625	0.4738177924	-0.01570982346	-0.05423623451	-0.09799328037	0.01424980287	0.06212600541	-0.07292982141
PRKCSH	0.09671741209	-0.005055496789	0.02159583513	0.3720177881	0.2539240554	0.5914858598	0.2031875424	0.4356008422	0.276696677	0.3416450131	0.2937247022	0.4509913727	0.6354437427	0.4201473094	-0.07948796768	0.1504303562
PRMT1	0.3006841148	0.3331634984	0.3654816753	0.3615045612	0.4916402152	1.32078259	1.095596085	-0.01496599464	0.006685702627	1.000695683	0.749252003	0.5652058014	0.9796795642	0.7416432054	0.5710949953	0.2769912572
PRMT5	0.1439657118	0.1232644558	-0.05070950594	0.1967212113	0.2898448432	0.600386191	0.398242168	0.1182614238	-0.2567734614	0.6855360374	-0.02057626239	0.06621109201	0.3112771889	0.3317636744	0.09331732027	-0.006512796748
PROC	-0.8484858308	-1.665109353	-3.138529214	-2.496882029	-0.3466024195	-1.896413309	-1.470655284	-0.08235956309	-0.216506027	-1.527240016	-1.708279861	-1.629736546	-1.298761318	-0.8457106573	-0.7115068386	-0.1128652399
PRODH2	-0.3789144758	-1.765639551	-3.183512077	-2.152648328	-0.1874596403	-1.516693648	-0.8443829963	0.5825743724	0.3502751193	-1.099372601	-0.8886785872	-0.1702398917	0.8882226707	0.2238324005	0.1816647578	-0.03030785833
PROM2	-0.2311014021	-0.2370608392	0.723088052	0.2138585189	-0.4360915548	-0.5164444805	-0.3832200868	0.56820903	-0.1116190846	-0.06482259751	-0.04004424813	-0.7451078401	-0.6345836977	0.09096577867	-0.2704225067	0.1142500368
PROS1	-0.2866629509	0.2065162409	-0.3587160772	0.04088049111	0.7749608228	2.081002282	1.516946775	-0.5782668968	0.1618721673	1.627350704	1.684077475	1.568556145	1.818294397	1.259683466	1.695020842	0.742041449
PRPF19	0.1838370464	0.1113689044	0.131586619	0.1191753568	0.2970649069	0.8364516713	0.6047051479	0.1069282171	-0.08186474519	0.4972094633	0.1446395577	0.2601893434	0.495624075	0.5281285674	0.2516281381	0.03766584623
PRPF31	0.2346357429	0.2485992499	0.2896423246	0.547222674	0.4053360294	0.7262446576	0.4192233745	0.08913590608	-0.08978063056	0.8260379211	0.5944616723	0.385522414	0.7627188974	0.5766615623	0.281318147	0.1801206103
PRPF8	-0.03302366378	-0.113683308	-0.04841079385	-0.4140442747	0.1777661274	0.3970261117	-0.06056415066	0.1679463623	-0.02335701976	0.2631316993	-0.4874946866	-0.2867325612	-0.1944922467	0.508287255	0.1738515215	-0.1926736472
PRPS2	0.1038031457	0.02465002275	-0.1080939512	-0.5077348942	-0.2064163339	-0.3714010857	-0.1743273354	-0.3848850449	-0.4219840106	-0.2581215195	-0.5148142252	-0.5714239938	-0.4262869605	-0.5638444208	-0.003464006963	-0.07971727592
PRPSAP1	-0.1709433837	-0.379873298	-0.203319212	-0.4277904666	0.0210460112	0.6658410914	0.5067629575	0.3528090238	-0.08318937976	0.4419385197	0.262743612	0.3105900354	0.6362345183	0.5277562094	0.1911862429	0.04465300394
PRPSAP2	0.2758060656	0.5990536017	0.1124074232	0.4239542759	0.1236871088	0.5027195562	0.1777530149	-0.05177547426	-0.1549199717	-0.05627200838	-0.5096494387	-0.3510198768	0.05677261159	0.05350523016	0.1106257962	-0.04041275516
PRRC1	0.03986891753	0.2172544529	-0.08218308306	-0.2444206874	0.08969628359	0.555390974	0.3299000982	0.05149726666	0.2458952343	0.5714129695	0.3684479733	0.2869880142	0.4496918405	0.4968574605	0.1588383998	0.06774483027
PSAP	-0.09009729393	0.03407275295	-0.3470631244	0.1700638525	0.2462925892	0.507223071	0.3556299998	-0.03038692039	-0.1687484294	-0.3804138528	-0.1864178723	0.09437717667	0.1930884803	0.1637690716	-0.2497374917	0.3099346259
PSMA1	-0.08862535945	-0.04014559378	-0.09786910844	0.3109848228	0.298883764	0.4437940887	0.3855944771	-0.6717074977	-0.2594257976	0.2856975108	0.1661446446	-0.1323021928	0.07296184003	-0.7145592015	-0.1278820065	0.06990896367
PSMA2	-0.07176084672	-0.1499952025	-0.1654880266	0.1579398612	0.1555492286	0.3938099143	0.444360262	-0.2709665875	-0.1191393751	0.2632127411	0.192720964	0.02257391121	0.1226967872	-0.2165306051	-0.03348721067	0.09584064853
PSMA3	-0.1989688972	-0.2682844508	-0.3280256488	0.06768373412	0.2053938853	0.385636437	0.4105795377	-0.3719473766	-0.1155084036	0.3398821345	0.1963216919	-0.1140648194	-0.1536339627	-0.3699194785	-0.1421994479	0.1199821096
PSMA4	-0.07305555068	-0.127947161	-0.3099791158	0.1068111812	-0.3502639858	-0.759753082	-0.6733766372	-0.4677611813	-0.3103096706	0.1774498887	0.07024723953	-0.1768046926	0.02960120876	-0.4352874761	-0.05020861601	0.05131932878
PSMA5	0.01852534602	0.01898239643	0.01893487864	0.3891859958	0.3063718663	0.6216153224	0.5774367961	-0.5470705775	-0.1780659434	0.4521941484	0.3469504655	0.1297453177	0.2418651277	-0.1666862584	0.01128164466	0.1367621578
PSMA6	-0.119837848	-0.07413257847	-0.117020986	0.314221336	0.2565053758	0.4712719586	0.491586742	-0.5056196496	-0.1271260576	0.2160423743	0.198526897	0.08683648812	-0.0425719494	-0.4921524736	-0.09955855338	0.07173384984
PSMA7	0.06168955455	-0.09238499289	-0.1198272693	0.2719315294	0.206524665	0.8151807982	0.8335818879	-0.1812449974	-0.1262504338	0.4171103082	0.2845941773	0.09170612604	0.1673545607	0.08544183163	-0.06169367844	0.1419993156
PSMB1	-0.1147549585	-0.1854659982	-0.2990825526	0.1960114386	0.1118997277	0.3165319296	0.3582612886	-0.3332454601	-0.2023154251	-0.01285238842	0.008908305745	-0.09797044134	-0.02184188056	-0.3021862734	-0.07590328865	0.09634458801
PSMB2	0.1170737128	0.1207136868	0.1299541109	0.5447383736	0.1125648366	0.5947475813	0.4402552033	-0.1971154702	0.01077827767	0.4611814865	0.2734952633	0.1111171804	0.2594661941	0.01126626959	-0.1001898633	0.1267398263
PSMB3	0.1348134097	0.1391476764	0.1081295042	0.5954658863	0.09420290304	0.3033237498	0.4180017151	0.004227877363	-0.1154313069	0.2835148798	0.2058539471	-0.08324967886	0.02300792783	0.03112032536	-0.1112378182	0.13122426
PSMB4	-0.03151714478	-0.1090869825	-0.1502755849	0.2426243204	0.1412731495	0.4073424609	0.5040002883	-0.0685807834	-0.04428761727	0.3503583765	0.2398994632	0.008360260727	0.05627411757	-0.0844241543	-0.1322017015	0.07069276644
PSMB5	-0.2903777762	-0.3108049717	-0.5016030937	0.005259468862	0.2019022927	0.3012276237	0.4390254994	0.08881007755	-0.1159160353	0.3952656205	0.466943701	0.1064034813	0.04063064201	0.04587488612	-0.2669514471	0.272925341
PSMB6	0.05555411692	-0.03794862256	-0.1681733204	0.2038432717	0.1907758954	0.3119662702	0.393211968	-0.1643500445	-0.02136129432	0.2164806043	0.1131949082	-0.05970687442	0.003517342373	-0.1072388521	-0.09839622652	0.1446060675
PSMC1	-0.0007462036629	-0.1044682915	0.01661159998	0.3248532486	0.06197673351	0.2561980479	0.2397016213	-0.431476719	-0.08088167893	0.1973738136	0.1394177189	0.1017266095	0.007765068632	-0.2845560588	-0.1520189942	0.07207256957
PSMC2	-0.1197878458	-0.135015003	-0.1201911497	0.2029458441	0.193249768	0.3395046593	0.3255701979	-0.4510065128	0.1002442346	0.1992323052	-0.1452527615	-0.2225614162	-0.02210742755	-0.4520548087	-0.2314178543	0.03402229597
PSMC4	0.09997088724	0.107554835	0.02554129301	0.4077356323	0.2104956399	0.4047520042	0.2805785581	0.1114104086	0.107373695	0.4938767131	0.2009135023	0.02910488533	0.2161178974	0.1047763667	-0.161261663	0.1545837423
PSMC5	0.03376694481	-0.1679100236	-0.00753460414	0.09421410509	0.3038361372	0.438686761	0.4235935927	-0.2411543703	0.02805499502	0.3540862474	0.4382637837	0.2094861866	0.3012592134	-0.1507523241	-0.146825387	0.08826043082
PSMC6	-0.1285988814	-0.05545301691	-0.1542988557	-0.02627231412	0.246551647	0.1679239541	0.2151036099	-0.7507479407	-0.2292230217	0.07558091053	-0.1305790796	-0.2253782624	-0.295043264	-1.224500505	-0.2347842597	-0.1149253904
PSMD1	-0.1197379114	-0.118922269	-0.1810019416	0.1801403077	0.2318296444	0.4296956445	0.3586617845	-0.6163479191	-0.04801505777	0.5759135675	0.166425088	-0.05366475864	-0.1419918806	-0.4817933786	-0.1598238562	-0.04772491315
PSMD11	-0.2257280838	-0.3745431728	-0.3239350327	-0.1954413313	0.6086656467	0.5716397802	0.4467099654	-0.1621573904	0.3838021268	0.6927072392	0.5012840922	0.2576991472	0.074233742	-0.261583101	-0.374352043	-0.05073728062
PSMD12	-0.2724608944	-0.232523698	-0.2677217678	-0.3671523109	0.3088176313	0.2376392798	0.2911789627	-0.7902179789	0.04683752305	0.2584436824	0.07725899211	-0.1135708883	-0.1213704483	-0.8746082327	-0.279710011	-0.01142993473
PSMD13	0.003570106506	-0.03831113262	-0.07297379434	0.3903846956	0.2654080526	0.3773411676	0.3891643184	0.06456282794	-0.1579680846	0.2762058979	0.5404408025	0.1208216213	0.1763269931	0.1083739358	-0.06678783721	0.09460542171
PSMD14	-0.1594451171	-0.05131758696	-0.2893914472	0.2007447981	0.3278910873	0.4649683156	0.3530713076	-0.7051938832	-0.1642671108	0.5742514974	0.3045933936	-0.0422709203	-0.0599265069	-0.6012213498	-0.2378205004	0.02750393581
PSMD2	-0.0612419109	-0.125170314	-0.2567384618	0.1880436431	0.3133971493	0.4189739156	0.19433803	-0.1494458725	-0.08751327215	0.5141578324	0.2660767471	0.05025551325	0.2067682936	0.1134570774	-0.09478142198	0.06844572259
PSMD3	0.04343744928	0.08355615572	-0.141999784	0.2969249744	-0.03460790933	0.07725845165	0.08778079579	0.1499185975	0.2572327803	0.4126807694	0.1479978916	-0.01955734879	0.2599733063	0.1119950883	-0.1504953841	-0.007584378949
PSMD5	-0.2963135846	-0.2386149652	-0.01255306246	-0.09882790391	0.138513928	0.2350568797	0.1476529674	-0.1708515455	-0.20031644	0.3887884497	0.09862932183	-0.1212685425	-0.05133679512	0.02020966091	0.08079220334	-0.06836619906
PSMD6	-0.07882345475	-0.09696686756	-0.1180443705	-0.03245262451	0.2948008421	0.3580772176	0.3730005839	-0.4401173863	0.01706412914	0.1111823324	0.002462402615	-0.1355588873	-0.04485998964	-0.6347645192	-0.1579902806	0.02639929989
PSMD7	-0.04996367011	-0.1040106469	-0.2163005522	0.2802097137	0.3848494714	0.6071180394	0.5901920503	-0.2728099399	-0.04461101854	0.4045880195	0.2486362967	0.02931047283	0.2147361366	-0.04618363195	-0.07767514618	0.06611817893
PSMD8	-0.015698094	-0.07808595885	-0.1385357548	0.2843569911	0.3667568641	1.04055818	0.6301005299	0.0531843354	0.1618161034	0.3439249211	0.3670585421	0.4121568816	0.4980199669	0.2635096096	0.07999094788	0.1651222964
PSMD9	0.118267882	0.1649652241	0.1061560901	0.1306805267	0.08459427775	0.1276942505	0.2602584018	-0.1340403344	-0.3309307864	-0.2517122205	0.163176344	0.3206418685	0.05246815703	0.002108518794	-0.1698792321	0.004052925515
PSME1	0.3291981421	0.3300887948	0.4967639266	0.7863712791	0.2124579858	1.603638221	1.178618067	-0.0343200008	-0.1704408879	0.4288872813	0.633431146	0.4573500002	1.184545255	0.8940963826	0.5712078677	0.4726192546
PSME2	0.5305431222	0.7744828534	0.6467402055	1.149641326	0.4813740825	1.547718353	1.07921759	-0.1376864989	-0.2881468511	0.5592860565	0.5655331815	0.2800844562	0.9475209189	0.6199233028	0.4624390783	0.4227294306
PSME3	-0.0527572471	0.0468276676	-0.1940975937	-0.00765152323	0.2777718074	0.4999045506	0.2281356996	0.1812433434	0.007106131001	0.6328632534	0.2532460796	0.02751977244	0.2786223305	0.256997364	0.009403504269	0.02127114392
PSPC1	0.2358731652	0.3597891672	0.332517052	0.2933994593	0.3668092241	0.5231159584	0.5591297237	-0.02912219417	0.3427463715	0.438648238	0.1356833226	-0.08514732507	0.3379753193	0.2981883105	0.4820744532	0.2116028601
PSPH	-1.393622755	-1.859982357	-2.341869609	-1.598800276	-0.00916725885	0.142652547	0.266621494	0.1178335615	0.08513275411	0.5959001372	0.4958127333	0.232827333	0.2764722812	0.1059138565	0.1256861735	0.1829351686
PTBP1	-0.01493357982	0.1384233478	0.06860701695	-0.07184541599	0.3382526687	0.9860652303	0.5929441397	0.7693167705	0.7046099955	0.8868826713	0.5331908074	0.4559615911	0.847416872	0.9044102203	0.4766564235	-0.01614316614
PTER	-0.7680054858	-1.736714863	-3.392149445	-2.576382668	-0.001014849178	-0.5035483036	-0.6459176668	-0.3502886495	-0.229286103	-0.7638886725	-1.180827377	-1.267785907	-0.1531005997	-0.6702405883	-0.3709020297	-0.244828084
PTGES2	-0.2055940907	-0.4546072922	-0.4973925292	-0.07964185938	0.0112129005	-0.08910009689	0.04067812132	0.161591717	-0.1373325098	0.02837965832	0.07062364423	-0.3038759444	-0.1189674152	-0.04452530332	-0.2063222042	0.08903133232
PTGES3	-0.1342917153	-0.1736468122	-0.257197926	-0.2656676733	0.4131879884	0.8496955454	0.6869354496	0.1180736946	0.5851520747	0.6339160228	0.3918711216	0.211922431	0.4104828251	0.01581811247	0.1079835174	0.04568341786
PTGIS	0.1791699343	0.5394201423	0.2363939626	-0.3757475436	-0.1426899607	0.9073489022	0.6866201801	0.4527722469	-0.02216799199	0.4699267484	0.5853823268	0.6602706973	1.061384391	1.371788144	1.563423107	0.5839450928
PTGR1	0.2136941163	-0.3535532817	0.2772521374	0.3281369741	-0.1785818665	-0.09014734651	-0.1585086995	-0.2653911713	-0.19085313	-0.2869775314	0.8631831407	0.6133227845	-0.02064333863	-0.2384747333	0.20196359	-0.03135868879
PTGR2	-0.8200939302	-0.8096335849	-0.5884169849	-0.7894371654	-0.2751555168	-0.5685121341	-0.6104353088	-0.7694745438	-0.3993429628	-0.7298303805	-0.5294826144	-0.7422347001	-0.6298068869	-0.732824054	-0.2057328281	-0.2426459528
PTGS1	0.7791722222	1.323180706	1.138354825	1.20455604	-0.1056146117	0.9392002811	0.9847637212	0.2484863693	0.2282971547	0.370999686	0.502938599	0.6821268597	1.007404478	0.9282112335	0.4349025986	0.276896294
PTK2	-0.1332174448	-0.08098930626	-0.121925237	-0.1591145186	0.234388905	0.612670348	0.4052751083	-0.1266658969	-0.1396643706	0.5322447181	0.3557170703	0.2261470877	0.219610332	0.06571898694	0.128096441	-0.03805323891
PTK7	0.6375719678	1.372201792	0.7459444904	1.01655835	0.1590338916	1.387290652	1.102861566	0.5013952736	0.03640637182	1.304771529	1.753384928	1.32633561	2.143792335	2.443391627	1.719101931	0.5028354738
PTPN11	-0.1946582265	0.06808220261	0.08502928321	-0.2955279404	0.3572103331	0.7390029777	0.3822279386	-0.09149509165	0.116867774	0.3415341983	0.1530469327	0.1344701839	0.1120475197	0.364220673	0.2788510529	-0.0351179712
PTPN23	0.1873867109	0.1748715181	0.2177787746	0.1420442836	0.7705856347	1.581016298	0.7508290399	0.8326121065	1.603288594	1.739744841	0.7909423201	0.8952921151	1.169825713	0.8957001444	0.4092471762	0.2017678658
PTPN6	1.074578598	1.109521153	0.6595530887	1.027639013	0.07989803067	0.9404151884	0.3306193863	0.1500704669	-0.16949381	0.01255673833	0.1256946021	0.1207157423	0.801380069	0.9267420863	0.6953846337	0.5246843744
PTRHD1	0.1204478441	-0.077781913	-0.02869869336	0.1653579206	0.152931948	0.339104212	0.2582294154	-0.0112713246	-0.06834496314	0.05591754359	0.1438995327	-0.02108781418	-0.03017636207	0.147864024	0.006334357479	0.0008100029015
PUF60	0.06570665167	-0.07334619778	0.007592077975	0.1832853292	0.3408743208	0.7435692086	0.3940701115	0.1105446007	0.1438754873	0.4419940823	0.201022298	0.08737846623	0.5932041014	0.4075842969	0.1715637372	0.1104786361
PURB	-0.09543412163	0.009836800879	-0.07387727705	-0.2549377625	0.247125516	0.7353920197	0.530653669	-0.1982527476	0.2613107114	0.5361438078	0.2489817075	0.1259845283	0.1972486687	-0.1209448389	0.3204662836	-0.05344272548
PXN	-0.2550668743	-0.2361618485	-0.2508576731	-0.2839158009	0.3277267019	0.9259357466	0.4011078778	0.3744489136	0.3448302797	0.1802848106	0.1212676691	0.5520445904	0.4575623867	0.4372336569	0.2517889173	-0.05997255943
PYCARD	0.7495337119	0.4197462372	1.189198322	1.347630817	0.189831994	1.907839122	1.529304096	0.1516525865	-0.216484257	1.328154851	1.700113246	1.081404684	1.743839174	1.645548336	1.484528085	0.8631218176
PYGB	-0.05624645802	-0.4104755016	-0.2402483633	-0.6141422448	0.1004274803	1.490350681	1.168619563	0.3354162409	-0.4009463045	0.7388324981	0.8807002527	0.6987172985	0.978987367	1.460458321	0.9711732494	0.5141988735
PYROXD2	-0.5723180252	-0.989285834	-1.228106282	-0.6504835048	-0.2105482153	-1.175864729	-0.8511175368	-0.2023406439	-0.1301409369	-1.69282161	-1.445978881	-1.000574855	-0.7552261587	-0.5258797625	-0.5083818631	-0.08690499892
QDPR	-0.6240638311	-1.093967903	-0.8519729704	-0.4827158786	-0.1989764993	-0.9525332555	-0.4382649746	0.1491967257	-0.02004336967	-0.9931439582	-0.09559140121	-0.3773800919	-0.2589579555	-0.1579979864	-0.2089245447	0.1070165564
QPRT	-0.18469255	-0.1668098932	-1.273610377	0.1782368869	0.202455174	-0.3881192544	-0.4068639032	0.3099659908	-0.05612492403	-0.7600525438	-0.8009783943	-0.6370694874	0.1872737173	0.09532927764	-0.1031144021	-0.03462675872
RAB10	-0.1580242615	-0.09168123348	-0.2061663611	-0.1946154713	0.1405703658	0.7655638031	0.3454183443	-0.05711303473	0.08886907	0.5720975942	0.3566909271	0.2414384054	0.256136059	0.2399919479	0.2102662842	-0.07314475949
RAB11B	-0.006105252403	0.04519234369	0.3296364323	0.3422663712	0.4338847691	0.8913518733	0.6285949217	0.2008345851	0.4179473286	0.2949584547	0.3996940422	0.4673830412	0.4527353882	0.432276257	0.1260808766	0.07265881832
RAB11FIP5	-0.4741975747	-0.7597534698	-0.6838121626	-1.292617896	0.04860029309	0.8506212319	0.4991375668	0.7071729389	0.3426115474	0.2479000644	-0.04335727141	0.2650339806	0.3127855155	0.6656469875	0.2097365993	0.02365489819
RAB14	-0.1134153193	-0.1799487589	-0.06500565117	-0.2835930333	0.08141759843	0.3986625446	0.2765223439	-0.1896376095	-0.06646318126	0.1454786681	0.1050494385	0.03387550152	0.184140175	0.03084893854	0.03198959117	-0.1416665354
RAB18	-0.1728297542	-0.01261288163	-0.01260247969	-0.2734382774	0.07842062419	0.1111466438	0.03731219863	-0.3666417317	-0.2060041326	-0.01698274515	0.1827266584	-0.02813759155	-0.01379383162	-0.3166067703	0.06182131715	-0.09611509267
RAB1B	0.04316344813	-0.07992774037	-0.2106513542	0.07577223626	0.01640582028	0.08409453283	-0.04732639954	0.105644918	-0.2239509905	-0.09250630087	0.0262822957	-0.2411826539	-0.199958087	-0.02686498471	-0.1227330405	0.07385032485
RAB2A	-0.2024184473	-0.2011696891	-0.3223184859	-0.1934696126	0.1252271495	0.3092459997	0.2378096572	-0.4720020446	-0.2029145686	-0.2205776193	-0.08027324825	-0.1224941905	-0.1289416385	-0.437708689	-0.03974475702	-0.07653397341
RAB3GAP1	-0.167561135	-0.1585507077	-0.0453903452	-0.3654970444	0.3861456943	0.2203741113	0.07809698254	-0.3516052714	-0.1824761069	-0.003063504466	0.09552922061	0.3902545042	0.01075986754	-0.1610056958	0.01417203262	-0.09840767086
RAB3GAP2	-0.06913266503	-0.05153549228	0.08146404281	-0.1732106796	0.4229913922	0.9345702359	0.4796760629	-0.05169339409	0.706972786	0.7521252777	0.2705052076	0.4646592478	0.4813926976	0.4995256273	0.4010566909	0.02037589143
RAB5A	-0.07942983809	0.07444738506	-0.04218391128	-0.1988838727	0.1319889152	0.4410114566	0.3749932071	-0.540526391	0.2271550995	-0.1410774656	-0.0663135091	0.007115080384	-0.1860021332	-0.4790103642	0.01030333546	-0.1864851397
RAB5B	-0.14436961	-0.1409009811	-0.08033027708	-0.277377434	-0.09487800046	0.3103697673	0.07228311428	0.0226224973	-0.5327191325	-0.1799167108	-0.2159338983	-0.1380625277	-0.05283141085	0.2879479839	0.1836237797	-0.06989585905
RAB5C	-0.08696113876	-0.112483519	-0.1115591711	0.06389635424	0.09871613794	-0.004334188114	0.02573156928	0.1222665897	-0.1837774328	-0.3241925244	0.1974398479	0.05022344318	-0.03572359541	0.08085722243	-0.04522241777	0.004033537542
RAB6A	-0.2514874109	-0.1769241142	-0.2651140215	-0.4142782761	0.2120933699	0.8169991819	0.473304639	0.1043357092	0.1267969027	0.4626255241	0.3210079701	0.2199765789	0.2259661696	0.3332389124	0.2870212492	-0.03889511759
RAB8B	0.4410597106	0.5011366915	0.5962087327	0.7952607337	0.2756110421	1.612889359	0.7781385358	-0.3677965142	0.3305720057	0.7232432645	0.7529318164	0.8611108407	0.9689257721	0.7032043025	1.178028391	0.6280043822
RABGAP1	-0.09725250617	-0.1393964255	-0.01144472591	-0.4345508979	0.2555944508	0.8057999669	0.470265803	-0.6849692934	-0.6549845886	0.087502092	0.0520067279	0.2060871028	0.196608912	-0.1634525805	0.3723895354	-0.06970727602
RABGGTA	0.166523913	0.3126219863	0.3623140603	0.5607532864	-0.4181339949	-0.1988284689	-0.2113425201	0.0473943699	0.2678310302	0.3558685815	-0.07969439542	-0.3283519381	-0.1060793132	-0.1099168506	-0.2360600463	-0.09158406856
RAC1	0.06135440043	0.1809659214	0.1964401209	0.3855489548	0.2748541797	0.8528295833	0.5406907262	-0.05312311405	0.1667300085	0.4925285464	0.4597664125	0.455597104	0.3823461336	0.2721996347	0.1583909785	0.08769001105
RAD23A	0.001589479954	-0.2026458509	-0.07155049586	-0.02429183575	0.04318921288	0.08723077703	-0.1666581871	0.1703087823	0.03653459503	0.1522621232	-0.4125504885	-0.7571112959	-0.1267688378	0.04020345865	-0.2256135418	0.01545133887
RAD23B	-0.04678744683	-0.04942815271	-0.09636850025	-0.26254442	0.2331382583	0.5816295698	0.3433686855	-0.03726063688	0.03124267976	0.3856677597	-0.03927562326	-0.03060256154	-0.1041119178	0.1701714809	0.01968896392	-0.0172259652
RAI14	0.2297834456	0.4587634571	0.1630117811	-0.01383816043	0.2528416288	0.786898763	0.2840797022	-0.08257649607	0.2694016921	0.5863695277	0.1621073001	0.288778955	0.4259113686	0.3260390505	0.4350372422	-0.02400258588
RALA	0.02385139549	6.974005467e-05	0.1860262602	0.1213146908	0.2706762774	0.9886896203	0.6155249577	-0.5351902482	-0.1628901141	0.5205355337	0.300033488	0.06497686724	0.1686093776	-0.3420143245	0.1949019139	0.04981126041
RALB	-0.06935906287	-0.1184236758	0.07091473388	-0.07317862957	0.575762628	1.752938831	0.8389122365	0.1796066247	0.3417877026	1.189680825	0.9911817928	0.719421852	1.169110919	0.9461834156	0.7414194748	0.2011404192
RALY	0.1704213831	0.1689337343	0.02120600693	0.4865658822	0.2980952274	0.8716881727	0.2649109464	0.2147268556	0.1695756899	0.172537897	0.2863631635	0.213224565	0.5471939697	0.4820078354	0.2914447136	0.1684848858
RAN	-0.001397231198	0.008316571132	-0.1523121865	0.2750099484	0.7699550992	0.7696179338	0.51937035	-0.118768934	0.1925243412	1.244550153	1.036040339	0.5867792976	0.5783682829	0.06240432965	0.02938460315	0.1536294592
RANBP1	0.190081174	0.1746914284	0.378872627	0.5484665955	0.8101375537	1.265791641	0.8995058225	-0.2947646678	-0.0212393483	1.372332859	1.031017126	0.6976736624	0.916284699	0.2735968078	0.3429910865	0.1861044768
RANBP2	-0.4357217099	-0.6100860622	-0.5053623383	-0.8930070471	0.2963284785	0.4202932356	0.1493021679	-1.212953839	0.1698627439	0.1352997029	-0.2840758977	-0.1296547842	-0.439326656	-2.309537613	0.1395197538	-0.2032866388
RAP1A	0.03363610563	-0.09274639423	-0.157921136	-0.1751243171	0.2822119616	0.5483475497	0.3272743403	-0.3459632199	-0.1898602116	0.162316297	0.2005533072	0.09324681851	-0.07469787097	-0.4334864406	0.0158555796	0.05000748859
RAP1B	0.142384011	0.3164959452	0.2102191796	0.09812405734	0.3826951725	1.135197111	0.7249641233	-0.05766987389	0.666881294	0.5241243821	0.7997010291	0.7160518696	0.4658899124	0.2511069515	0.3155394967	0.1413207411
RAP1GDS1	0.1125987382	0.3974642933	0.2165319131	0.4198343836	0.2220656027	0.673986215	0.2106027428	0.04999511133	-0.1468641599	0.6612497523	0.3819469719	0.1707717506	0.3685067074	0.364111009	0.2235574698	0.02944720614
RAVER1	0.1023961409	-0.04007402323	0.04606069757	0.06235593438	0.1349742442	0.6975556754	0.3041459407	0.3320875579	0.177121657	0.9112864526	0.2884514564	0.3104121772	0.7769641898	0.6212363557	0.2217416692	0.09824650219
RBBP4	-0.003409403831	-0.008676537068	0.1356820233	-0.02983213407	0.08618795363	0.461151788	0.2975147673	0.1013012859	-0.1135289953	-0.08969720589	-0.161477396	-0.1473429799	0.1616212419	0.2606643886	0.2236146951	-0.09013975381
RBBP7	-0.07900253631	0.02838736417	-0.07657486339	0.1614754071	0.4894128281	0.8811268156	0.7005377219	-0.6079513075	-0.04796840977	0.5365504689	0.8497412213	0.5362848038	0.508247877	-0.2223834446	0.1513268755	0.05998877098
RBBP9	-0.2356262236	-0.4145845992	-0.2325159351	-0.05283292188	-0.1670820317	0.2508730101	0.1785389199	-0.4981995626	-0.653635774	0.08751848692	0.214890589	-0.008167782369	0.3960364044	-0.08815694244	0.4303765657	-0.03929645748
RBM14	-0.07254614094	-0.2163065953	0.05762108795	-0.2913604553	0.04986948275	0.7786518045	0.5235922557	0.4828507778	0.1679166694	0.7422494485	0.3442008548	0.2497490394	0.4490462578	0.4484589152	0.2165397364	0.001935866608
RBM25	-0.06115816354	0.05497192235	0.08528534508	-0.1830655568	0.2221178646	0.8649377371	0.8993970666	-0.6941255184	0.06818303498	0.6189438799	0.3825017595	0.2828544564	0.2712328425	-0.4657752199	0.04200273549	-0.03324896074
RBM39	-0.05397761123	-0.1515076387	0.00369727453	-0.3285829232	0.1696471411	0.7470970595	0.5744686009	-0.5781346281	0.5050456805	0.0988951412	0.05086997631	0.1566907905	0.001081357226	-1.270020432	-0.132355091	-0.07067829366
RBM47	-0.6574072299	-0.6662819314	-0.8271264017	-0.7462429436	-0.1621990083	-0.2057333362	-0.1958410156	0.4042145931	0.3662938265	0.03386559493	0.03607493212	-0.1138770378	-0.2412659118	0.1486510332	-0.3076716443	-0.2811119834
RBM8A	0.2328509255	0.2798004176	0.2475130569	0.4077175469	0.2330094672	0.6430708639	0.4894344918	-0.1574707039	0.4540181297	0.4201754632	0.4618793811	0.3582232448	0.4646860788	-0.1661874456	0.07403544244	0.1757307784
RBMX	-0.001246213918	0.06593603546	0.1659032877	-0.001929477285	0.1076303017	0.3711513182	0.3673060972	-0.6834387211	-0.4179619343	0.4779155764	0.4316990814	-0.1338618689	0.2058342872	-0.2866528967	-0.2162757122	-0.153865387
RBP1	-0.5588027504	-0.7454470527	-0.8046742749	-0.2822585752	0.4155042857	2.307023395	1.293411006	0.4116611201	0.210649304	1.193248805	1.737260332	1.687489693	2.505028811	2.226443866	2.067807937	1.07130598
RBP4	0.6153353955	1.009545775	-1.636608471	-0.5272738513	-0.3464401288	0.5637891611	-0.01582868	-0.06888387002	-0.04208502403	0.5274798693	0.04960528913	0.7677788338	0.4471350218	0.1154708645	-0.1069703242	1.102832947
RBPMS	-0.1697209876	-0.04647535327	0.1594746403	0.2899434107	0.6191608943	1.650300542	1.205496384	0.09498688616	0.5544583032	1.685370996	1.253860986	1.318893548	1.263713175	0.6708565428	0.4315001488	0.1985419203
RCC1	0.3450495391	0.2366364008	0.2443920948	0.1898298139	0.2898508914	0.8894801385	0.6895992987	0.2322203787	0.1235094473	0.949335848	1.05143814	0.7664036378	0.8942305594	0.6690162419	0.3302414086	0.01380390286
RCC2	0.5377318428	0.6454468129	0.4274530453	0.6557021024	0.5502840999	1.617628351	0.8840343774	0.02464164154	-0.2618624012	1.203721802	0.62842948	0.7212936311	1.036449827	1.078398784	0.7262330395	0.3576311238
RCN1	0.4313154216	0.861049064	0.3366848664	0.5775372867	0.9335526509	2.708557631	1.674709462	-0.2021397152	-0.1313468896	1.701802909	1.81951173	1.333193887	2.105108409	1.75455822	1.778470049	1.068877309
RCN2	0.002509460856	0.2091464348	0.1514149628	0.1553496958	0.1610992767	0.6884880881	0.4961165761	0.05673422007	0.1407705328	0.4244848694	0.7019327404	0.5175017033	0.6270411505	0.6651674683	0.5526912335	0.0335620985
RDH14	-0.2221704346	-0.2933316825	-0.5438780649	-0.2734242162	0.04650077675	-0.2286006973	0.2084844378	-0.2853353902	-0.3862945466	-0.4249267521	-0.3443026427	-0.3189553919	-0.3861650676	-0.4086031335	-0.1423185885	-0.02240468257
RDH16	-0.1996462222	-0.3447118796	-1.963909924	0.3698878014	0.03721401993	-1.080557778	-0.3167104076	-0.2627492237	-0.3588679061	-1.878740354	-0.2015211278	-0.2006553068	-0.8843843771	-0.5426375318	-0.3983450255	0.03067415496
RDX	-0.3787894257	-0.4068142549	-0.5282880745	-0.8437826182	0.1037095236	0.1962870906	0.07003457923	-0.5407671077	-0.2667051875	0.1551842684	-0.08153032769	-0.01556804085	-0.2550284218	-0.6197308267	0.08866644112	-0.2249185351
REEP5	0.03115176227	0.005427222344	-0.0570901539	-0.1347227859	-0.09098977922	0.01877303877	0.02302568574	0.009014292252	-0.0127516802	-0.1540986204	-0.03564019965	-0.3576500009	-0.1416352508	-0.09041928789	-0.08017771563	0.07639734133
RENBP	-0.5170103944	-1.425770794	-1.266355517	-0.9361233941	0.525450365	0.4762757391	0.3484138211	0.05916894257	0.04275131	0.02668096543	-0.1035995615	0.07006032602	0.5917150301	0.1058111582	-0.0881303022	0.2146342872
RETSAT	-0.6000401647	-0.9402459614	-1.710172091	-0.9673421457	-0.5413151139	-1.687629996	-0.5078668554	-0.3977995178	-0.5704842041	-1.706535647	-1.259304214	-1.492242557	-1.667293935	-0.9006445156	-1.021840906	-0.1345284093
REXO2	0.003444558226	-0.08495627933	-0.05378054631	0.006706656694	0.2448500084	0.5470983089	0.2408698595	0.01201412597	-0.1282615751	0.7321712814	0.1695614136	0.05154428323	0.3247468873	0.1199640244	-0.06983835953	0.2317616408
RFTN1	0.713397744	0.9785410651	0.6462214572	0.6462968764	0.3093860219	1.510645257	0.9289031808	0.451971418	0.505887118	0.8478902661	1.023945815	0.9710178484	1.540523952	1.702137199	1.400982348	0.8753791577
RGN	-0.8358196543	-1.613952879	-1.996005196	-1.781541178	-0.2096023047	0.2868947466	0.3923276509	-0.4793917226	-0.3387302602	-0.07214863578	0.8459953532	0.09687493007	-0.2934015144	-0.59110379	0.07821789915	-0.1876651671
RHBG	-1.08442094	-2.902238459	-3.88225907	-2.786383058	-0.235069807	-0.2998369989	0.2944411467	0.6310949282	-0.06815507526	-0.5687713387	-0.2711244891	-0.4509904392	-0.5223493434	0.3300947078	-0.3560549318	0.09656963959
RHCG	-0.6031022767	-1.269056759	-0.2055739474	-0.3806649213	-0.2347540099	0.04495750085	0.2433029071	0.1595017552	-0.3935603086	-1.00081177	-0.8718981105	-1.171144179	-0.4193483368	0.01978470301	-0.1733860169	-0.1674724424
RHEB	-0.1267867139	-0.08879481933	0.06801463962	0.02518695355	0.2115367069	0.5303794892	0.4386404025	-0.3837295786	0.09518843673	0.1843988924	0.4141560824	0.2001793803	0.03556701405	-0.4465864248	-0.05119418104	-0.06537269944
RHOA	0.1056953147	0.2427929553	0.04021647111	0.4806854268	0.373303645	1.308979832	0.7178630753	0.1024141607	0.1104462082	0.5779439635	0.5856059178	0.5105943966	0.4609412307	0.3443439883	0.2421949798	0.05895977955
RHOG	0.4648779283	0.423668696	0.5809746654	0.6412413054	0.4151029275	1.947399464	1.143736732	0.2872148685	0.3066042116	0.8952317532	1.117500636	1.2364259	1.670324177	1.408933279	0.9444942086	0.6877007372
RHOT1	-0.2027000756	-0.2543900256	-0.197305083	-0.7282824345	0.1040494689	0.07871443617	0.07977570949	-0.6212619805	-0.2744954514	-0.003871477509	-0.1501935438	-0.2496136116	-0.3049987079	-0.4545982219	-0.100568869	-0.1618617136
RMDN1	-0.1720184608	-0.3330982425	-0.09077338643	-0.1768483649	-0.08541014432	-0.09196723253	0.151173403	-0.6144320639	-0.3831941205	-0.5946425772	-0.7785294383	-0.8051764562	-0.3741781478	-0.7894463358	-0.1767418122	-0.1829542174
RMDN2	-0.6691070687	-1.085669508	-1.205119529	-1.096009187	0.3581328228	0.3467892283	0.2145368505	-0.4125353925	-0.01776442085	0.743217125	0.4258480327	0.4141326339	0.3494397718	-0.399350241	0.3060306361	-0.01993069266
RMDN3	-0.4832382886	-0.6180139856	-0.9195430293	-0.2567266209	0.06719594951	-0.2462114023	-0.2729132531	0.02064611697	-0.1870587912	-0.2817309697	-0.331283011	-0.5492510918	-0.5508874078	-0.211296761	-0.333451861	-0.09715119544
RMND1	-0.223755327	-0.5193551676	-0.3152331275	-0.5253456469	-0.122416754	-0.477005209	-0.4312494226	-0.3269153546	-0.2808310072	-0.3288423421	-0.7717731354	-0.9050775848	-0.3185350659	-0.5496850223	-0.4747633022	-0.02398351449
RNASE4	0.5422071997	0.5809435721	0.6254505305	0.3096832186	0.4040317287	2.373044766	2.10528889	-0.5024908307	-0.08935143184	0.5725551499	1.495324937	2.013535244	2.393720877	1.352421997	1.83977573	1.170720747
RNF114	-0.1559060838	-0.3252460175	-0.1041264483	-0.0989996428	-0.1782679613	0.6349389985	0.3385523242	0.2231671246	-0.01164847288	0.02678934543	0.05596736344	0.2718573868	0.3820221353	0.6080937023	0.3146066354	0.1019827769
RNH1	0.0520889671	0.0102659951	0.08180322991	0.680622483	0.3856145522	1.251876506	0.8073916521	0.07013419415	0.1664101044	0.9947754676	0.7295776208	0.6311674275	0.6300725973	0.4344301764	0.2344077142	0.1504334387
RNMT	-0.06843337355	0.1013154947	-0.09137909851	-0.1567831237	0.2502805131	0.4330109933	0.3214327712	-0.6106111324	0.09655898586	0.11063038	0.1436766032	0.2526508913	0.2086440114	-0.3797742039	-0.004511068705	0.008989203903
RNPEP	0.5072148378	0.6541408925	0.5173118836	0.575881179	0.08968773975	0.7878041241	0.1941868446	0.4291734473	0.0696414454	0.5618524282	0.03779532831	-0.09278603913	0.7419548062	0.6883773019	0.2364849259	0.1437759342
ROCK2	-0.3882607629	-0.04022385826	-0.4188427936	-1.072264346	0.4307905845	1.363754153	0.8519508351	-0.8576049312	0.6777985213	1.350079686	1.097309655	0.9791295848	0.5391386763	-1.098662132	0.5041140252	0.0926499979
RPA1	-0.2216713542	-0.4467101148	-0.3241786447	-0.2473828271	0.3097313751	0.1809018511	0.1028602975	0.002109497887	-0.2818659266	0.4045094283	0.4111302828	0.07307487718	0.05421092228	0.2190380895	0.0273656801	-0.00274758658
RPA2	-0.02358001474	-0.1257028311	0.09642237072	0.3767507696	0.624273574	0.7143135439	0.5223486918	-0.3493251791	-0.271436955	1.129589799	1.389228874	0.9257695469	0.7224148206	0.351836775	0.04259801158	0.1640699448
RPA3	-0.1328698562	-0.3608498271	-0.1730212333	-0.1479016268	0.03662475767	0.5156721543	0.3805733839	-0.4453068107	-0.7807469141	0.3085314754	0.5241689997	0.189379343	0.4560903637	0.3124323899	0.3429952463	0.05968878766
RPL10	0.2042803405	0.1454434082	-0.0890789372	0.4996096729	0.2939750098	0.9187283176	0.7876868735	-0.04011559278	0.08210588586	0.4887453433	0.431592176	0.590466048	0.6740290541	0.26007573	0.2177806277	0.2254214202
RPL10A	0.220501667	0.1792298717	0.1630623787	0.5921857263	0.3702062331	1.115259423	1.002365853	-0.1432143657	-0.003739383084	0.6075403278	0.8019842038	0.895390759	0.7337016027	0.3455717146	0.3509038447	0.318598455
RPL12	0.1476288836	0.00729055623	-0.02614651589	0.3931163048	0.6251217402	1.53991484	1.348896161	0.126128755	0.04398855264	1.350989526	1.325791858	1.164020984	1.133356827	0.9357750924	0.6947632668	0.4775620973
RPL13	0.3438522373	0.2873447648	0.1264182728	0.6173361093	0.3489464379	0.9136614716	0.9460860364	0.09700098554	0.1014145117	0.842843561	0.8616973519	0.7373460249	0.6823756667	0.4809633714	0.3373914593	0.3398366365
RPL13A	0.3339091733	0.3742623136	0.1466540576	0.6765134224	0.3397167422	1.182683672	1.164892498	0.165237774	-0.04969939146	0.6859509142	0.9054599937	0.7440527629	0.7081403808	0.5838151587	0.4203476174	0.3733917486
RPL14	0.1582879511	0.08082427887	-0.03419621396	0.4480893472	0.3168972829	0.8830281212	0.9391101226	-0.02067268658	0.2082853484	0.9909393427	1.036250143	0.8662143967	0.8907006234	0.309486856	0.1435480045	0.2530344825
RPL15	0.01365558788	0.04163218129	-0.1885279499	0.2526530395	0.3821090934	0.9383954106	0.7537541011	-0.06092862319	-0.0668481363	0.6999304009	0.6789053898	0.6842989124	0.6969391584	0.3668549127	0.3945876551	0.2197759249
RPL17	0.1247060317	0.1146760493	0.008628730146	0.4984730804	0.6676888819	1.445022662	1.048278797	-0.3011620691	0.09413134069	0.5234280829	0.6546253953	0.6729017876	0.61941491	0.05009443717	0.2133811345	0.3199034725
RPL18	0.287310346	0.3321325167	0.07121884336	0.6758067612	0.3702967582	0.997163482	0.9066389655	0.1229852026	0.06304865319	0.8247526527	0.9293111721	0.8485561403	0.7909364041	0.5021904748	0.2953599167	0.3272842616
RPL18A	0.3079307642	0.2769027303	0.03784022763	0.6189391082	0.1874113556	1.013556183	0.9857173269	0.06557043857	-0.08600567048	0.3664158533	0.6263206615	0.7012549099	0.7176752229	0.4466609528	0.3253382335	0.3383694016
RPL19	0.1696514018	0.08929779702	-0.03161643852	0.4857611279	0.3230552246	0.869588765	0.8525200926	0.1239968596	-0.01234695931	0.4420973974	0.6059947002	0.5770759502	0.5987759576	0.4893419403	0.2465136515	0.3192526308
RPL21	0.08129217569	-0.01067273566	-0.1396628975	0.361569644	0.2182950477	0.8625007317	0.989754391	-0.178325525	0.008143641641	0.5713964104	0.6518746874	0.5586853985	0.6953377763	0.0212220137	0.1621189877	0.2695091558
RPL22	0.1217340848	0.08322832362	-0.09855260372	0.446810308	0.1173694101	0.8965005738	0.8102787383	-0.03090350051	-0.1761709554	0.4149065145	0.592761248	0.5563238839	0.6365772169	0.4602418455	0.4140002386	0.1971493725
RPL23	0.04857202764	0.03083235489	-0.03863660577	0.5437232436	0.3077694708	1.168558204	0.9636782527	-0.4319868737	-0.1506896511	0.6222565508	0.8164898474	0.7823066443	0.7733272213	-0.09569827347	0.2595926413	0.3309763642
RPL23A	0.1304183081	-0.04784475572	-0.0892243104	0.2543035965	0.3291079146	1.060183034	0.889986545	0.3356644333	0.06961391188	0.7790406333	0.809966947	0.734387976	0.8472876787	0.8050295199	0.2737053078	0.4767954405
RPL26	0.004460723307	-0.09266882321	-0.197053601	0.27671063	0.3706092458	0.8037117788	0.7861910363	-0.07798364682	-0.1293377663	0.3893922219	0.4818626674	0.4175595164	0.4521728079	0.1643576666	0.2290728799	0.2521587931
RPL27	0.1470176665	0.06647538	-0.102611543	0.4423022337	0.371545758	0.8132072312	0.788330826	0.126527842	0.02282397424	0.5932316335	0.8221414652	0.6467276352	0.5837077283	0.3719022215	0.1816410768	0.3033227409
RPL27A	0.2244828605	0.2759935333	0.1168432687	0.6469446185	0.2407085885	0.986117057	0.854970042	-0.0737215117	0.140978282	0.9409835555	0.7352648775	0.649217143	0.6884290516	0.2414336746	0.2606982909	0.332541894
RPL28	0.3331217886	0.3949300011	0.08753670167	0.7196017385	0.2020564741	0.6679431708	0.6365334067	0.1488722772	0.230279987	0.4920013569	0.5508981739	0.5737527841	0.6681568392	0.325517523	-0.04968406899	0.2931485464
RPL3	0.2211376777	0.08982437959	0.03909895205	0.4691130356	0.3362516708	0.9985984303	0.8589943896	-0.08467384243	-0.006873250172	0.6718041784	0.9245066244	0.7568009879	0.7992713747	0.6151222418	0.5283373704	0.2528037919
RPL30	0.09716957309	0.02410807762	-0.06131085297	0.4024761852	0.5671645278	1.104574554	1.115509766	-0.1179761872	-0.1175204957	0.4048233187	0.7713661973	0.6144086392	0.4517091744	0.2404503507	0.3217363907	0.3206803391
RPL31	0.1758912136	0.09716458182	0.07952754015	0.53755059	0.3735563104	1.094649305	1.018380527	0.2139190439	-0.2128952379	0.5704241291	0.7626928261	0.6921297797	0.5541494575	0.5698662268	0.4367381339	0.3888196242
RPL32	0.1179034333	0.08505240157	-0.1793842109	0.4116011304	0.325263223	0.9943286342	0.974950148	0.2815950748	0.1073695981	0.7609095417	0.8849895594	0.7897849592	0.732563847	0.6526540513	0.2470204531	0.3167474102
RPL34	0.1719118971	0.1889530691	0.128876081	0.6341248054	0.4218947276	1.088064539	1.000079974	0.04505738369	-0.04795189729	0.5356531932	0.605240299	0.6168230919	0.6792131479	0.5251048218	0.3782842049	0.3391521614
RPL35A	0.07431298649	-0.1569340008	-0.1308447987	0.261740733	0.1829929109	0.623265559	0.7179024894	-0.04807629903	-0.03199125285	0.08441667824	0.3926522676	0.3131855573	0.436813908	0.1213477131	0.06976463181	0.1840898982
RPL36	0.3300983016	0.288566395	-0.1028683971	0.4549058878	0.1416636319	0.8730671387	0.9570587498	-0.006187414369	0.17233227	0.5791038437	0.6213843605	0.5758445283	0.6271400848	0.2367889207	0.1225393387	0.337261866
RPL4	0.04837166195	-0.008958362059	-0.2283238127	0.3175391246	0.2747296396	0.825065579	0.6154543536	-0.6024491092	-0.06770139423	0.5632080199	0.6612970061	0.6802095633	0.5050501738	-0.1945873498	0.1783079265	0.2073756547
RPL5	0.07567044717	0.03697537167	-0.1619794032	0.2907319664	0.2116090174	1.068607158	0.938214475	-0.4208034246	-0.1758352008	0.4817141934	0.6285060937	0.6600998062	0.6323866824	-0.1341718785	0.219636587	0.2403795719
RPL6	0.1628006501	0.09191677609	-0.03432391511	0.5039126782	0.2987118674	0.8621085331	0.7981265482	-0.3602710755	-0.02918142501	0.7154789464	0.5822112611	0.6258856281	0.6325567991	0.07943243394	0.2226566622	0.1904702994
RPL7	-0.07479891658	-0.2072379371	-0.1826572072	0.1837073512	0.3779518575	1.191152432	1.015988077	-0.4576199091	-0.1230934455	0.5557866628	0.6978250256	0.7159981402	0.7722215277	-0.2367651456	0.2972237294	0.187539051
RPL7A	0.2594970606	0.3187347951	0.06656677936	0.6288943522	0.2306989384	0.5384165686	0.06537421819	0.05236737386	0.08320876173	0.5434101259	0.613487307	0.5846187658	0.5505725147	0.3204612689	0.1547029549	0.2170612997
RPL8	0.213300798	0.1621194232	-0.05921130893	0.3956650423	0.2511614279	0.8133564954	0.8046347376	0.06269742282	0.1140256803	0.7329297261	0.7933395798	0.6475651867	0.6722163156	0.3417241612	0.1700113795	0.2286588345
RPL9	-0.01035160618	-0.1518295177	-0.1650018147	0.2186326023	0.2839633285	0.8157876332	0.840923299	-0.1631308441	0.06902163271	0.5570124777	0.6666740591	0.5837535552	0.5382475025	0.1028209529	0.188370288	0.2627093533
RPLP0	0.03148139166	-0.03188592651	-0.1806032454	0.3045586729	0.349037478	0.9206079478	0.8066739186	0.06660759653	0.09493798242	0.9464439948	1.054671549	1.006680373	0.8803196065	0.4213727665	0.3724676885	0.2263534443
RPLP1	0.1568125534	0.2059454514	0.07563702115	0.6662420443	0.3354244417	1.303289561	1.203293245	0.2318581775	0.02138335533	0.8309665806	1.09811297	0.9684889932	0.9214981719	0.6602942349	0.4441743666	0.4150924168
RPLP2	0.3952068895	0.3494769842	0.23551113	0.6535836052	0.310230399	1.239551531	1.187992132	0.1918279048	0.3760032793	1.006847694	1.032042203	0.826331019	1.145857996	0.5716187227	0.2340694786	0.3627719566
RPN1	-0.09926682551	-0.2053573534	-0.3538742682	0.03482181951	0.2600428838	0.3976077156	0.2202447482	0.2492601321	-0.05973617938	0.09261265947	-0.2569215989	-0.2294122651	0.1432463894	0.2064789573	0.0553811896	0.07959841549
RPN2	0.08486055214	0.0236760074	-0.1107021666	0.269547639	0.2740828448	0.5376024609	0.2999661133	0.2544526052	0.1142388436	0.3937018917	0.5080939981	0.394519324	0.4578181109	0.3125624958	-0.04597108255	0.1349422911
RPS10	0.2240707063	0.2200607208	0.02389509748	0.6761078597	0.2733944104	0.9495296985	0.9061582117	0.07219226761	0.1343552432	0.6417755994	0.788068839	0.7494062528	0.8220107596	0.4559188291	0.3099285392	0.3093399731
RPS11	0.2722409572	0.1556387578	0.01521388624	0.4010745707	0.4808977269	1.078998036	0.8951945147	0.2047419366	0.2304129426	0.9127825457	0.8913641575	0.786333633	0.994881551	0.6929624437	0.371976238	0.4077219422
RPS12	0.2053612859	0.2507476562	-0.03967151144	0.5621749293	0.444342024	1.295655073	0.9836346101	-0.108119123	0.09214967025	1.108495166	1.208808612	1.030321852	1.04189394	0.4062007224	0.4373984064	0.396087122
RPS13	0.154161767	0.1353909227	-0.02862404654	0.4969578031	0.2623671417	1.010419996	1.010097182	-0.04521132442	0.1806096172	0.7861333191	0.7952909971	0.7060742347	0.7964850761	0.2994034713	0.200537251	0.3199845059
RPS15	0.3271885384	0.3390602276	-0.01708579863	0.6497652476	0.2585898556	0.8901007294	0.8299077177	-0.05147607623	0.008332802368	0.5681966298	0.6307703523	0.5702155715	0.7676712667	0.2580337629	0.2125422951	0.3318050842
RPS15A	0.2709629387	0.2916030949	0.04481861319	0.5641405897	0.4328451771	1.056942732	1.012593347	0.006632738784	-0.155339337	0.618009634	0.7113851845	0.6566430921	0.6482121865	0.5477464951	0.4068575808	0.3249007536
RPS16	0.3529740631	0.4674352753	0.3695837003	0.8319087779	0.3519483831	1.401262964	1.2133509	0.1505426097	0.1930717824	1.021953987	1.178360487	1.037837989	1.196561009	0.7440987449	0.4844693504	0.3825698629
RPS17	0.06217115299	-0.06169707863	-0.227224955	0.3573654629	0.2854289326	0.7054137424	0.8073202757	-0.120627139	-0.1034489433	0.2884183604	0.4072625072	0.449405465	0.4111945912	0.09506295607	0.1614224535	0.1859712899
RPS18	0.1692109147	0.1426260984	-0.09069705795	0.5204929341	0.3635846522	1.041491913	1.036407803	-0.1542495043	-0.06426938986	0.7165028791	0.6675580769	0.6435680833	0.6966950334	0.3765016349	0.4062772717	0.2478104109
RPS2	0.09698931256	-0.08273638327	-0.3690451184	0.2782325757	0.3832995797	0.7662490097	0.7175037893	0.1030064026	0.07243469889	0.7909470916	0.8496617854	0.6431066923	0.5036680338	0.1726590564	0.1554602671	0.2344029937
RPS20	0.3784345326	0.4535004553	0.1306991634	0.829806513	0.4171543939	1.317124778	1.128754721	-0.01460650111	-0.09055649416	0.6828430735	1.001739324	0.9506314002	0.8081865821	0.474703008	0.4741007798	0.3818974607
RPS21	0.2588210158	0.1976361296	0.1027206486	0.5698494827	0.2823447342	0.9501303571	1.124012815	0.1437883474	-0.05187201068	0.3178526259	0.6998920858	0.656237661	0.6427149687	0.5223281444	0.4159102553	0.4085512284
RPS23	0.3078686898	0.322290914	0.184713004	0.7050239386	0.2665214294	1.022820459	0.9732699427	-0.1955643573	-0.02309809202	0.6067977941	0.8380234681	0.6764341101	0.6285196536	0.1589578647	0.2413534508	0.3269655629
RPS24	0.2636400918	0.1757898752	0.3652095044	0.5863901005	0.375766406	1.314745748	1.109082728	-0.1666099529	0.01501648248	0.877835961	0.9696656817	0.8525295134	0.8931771282	0.2077640589	0.4107659343	0.435206191
RPS25	0.1839854174	0.2741860678	0.2020835199	0.6284545486	0.2537620464	0.645202223	0.7248686586	0.04968671265	-0.04142539658	0.4688240146	0.4842560128	0.3792503084	0.3388067972	0.2587601709	0.1761790762	0.2264649295
RPS26	0.1700125204	0.1190236664	0.001503495556	0.5446649762	0.4331647901	0.8062493975	0.7318527029	-0.07141430684	0.01132992064	0.9949865247	0.882782057	0.7414208959	0.9219471038	0.3375561194	0.2565907261	0.359923923
RPS27A	-0.07384304244	-0.3453113594	-0.2934432676	0.2226780288	0.6061520013	1.527043325	1.58161418	-0.1098071639	-0.173517318	0.5184629922	0.7307394469	0.6562124756	0.6214430871	0.3138794467	0.3531225327	0.289770187
RPS28	0.1442531732	0.03491179432	0.06436375347	0.595251298	0.426806603	1.238940495	1.236595669	0.2198978278	0.1763452509	0.6611939801	0.9470644128	0.8665666449	1.016745622	0.647921533	0.2904091189	0.4162986638
RPS3	0.2258113948	0.1668774756	0.0825527299	0.4832107504	0.3611949813	0.961216721	0.9065836541	0.1144281447	0.009552596155	0.579795598	0.8716891289	0.820960442	0.6755482982	0.5975473285	0.4374866852	0.2816656594
RPS3A	0.03392526586	0.001271677713	-0.1748504644	0.3061663547	0.3052282643	0.9661755825	0.8698970539	-0.2192921782	-0.09089594552	0.5154484735	0.81451802	0.7468275382	0.6835928207	0.1339122891	0.3583634323	0.2486705905
RPS5	0.1092424449	0.1148884616	-0.04971473113	0.4930137396	0.3637889544	1.035454177	0.9541958738	0.203969308	-0.0004461695152	0.8244952189	0.9302339982	0.9113249915	0.8612048137	0.6681736756	0.503595699	0.3152590863
RPS6	0.1029432439	-0.02439762152	-0.1387953869	0.3699807885	0.3333498037	0.9211573476	0.8360635654	-0.2631764576	0.04903774339	0.6976958495	0.6738066139	0.6740479801	0.5724742543	0.1113635408	0.1444232847	0.3039359021
RPS6KA1	0.1978264537	0.3357898947	0.01581652563	0.5225992338	0.07868155037	1.317575432	0.8715133449	0.2034330303	-0.1229753744	0.8250146408	0.7136042553	0.5783695034	1.171292641	1.306580912	0.9647840417	0.5238582178
RPS6KA3	-0.2337955284	0.1231739935	-0.4284358762	-0.01206814274	0.442991611	1.011768433	0.4572965003	-0.5488630774	0.1556916325	0.7223445787	0.4408960425	0.429132449	0.3753955033	-0.4513499105	0.5401887902	-0.1165380771
RPS7	0.2190091325	0.2597139207	0.05373400413	0.5574406468	0.382316996	0.9320674855	0.842980524	-0.0547621978	-0.09514687028	0.5145495171	0.6811755878	0.7455170812	0.5760000645	0.4551470014	0.4206411996	0.3099439576
RPS8	0.2004027956	0.2786531786	0.02959825062	0.637338659	0.3458013562	1.296194666	1.171407907	-0.192046315	0.006245907792	0.944694984	0.9956010905	0.8165660879	0.8414654803	0.328292528	0.2689210517	0.3181899946
RPS9	0.2151954123	0.2812346057	0.01459388295	0.6541853751	0.3720737291	1.158730929	0.9831802657	0.02567431961	0.115428347	0.746879528	0.920479282	0.9199581702	1.07782285	0.6310384259	0.5010681116	0.3213319145
RPSA	0.2154662441	0.3513717581	0.2129276027	0.6103114219	0.3620009433	1.057777528	0.8897590986	0.1535313393	-0.04807140124	0.9379286404	1.022258617	0.8025983039	0.7138668029	0.4853357466	0.4216797716	0.2800931451
RRAS	0.1108763466	0.2560765934	0.006088324382	1.013499436	0.7274454894	2.77215829	1.744384503	-0.2180557288	0.2078767336	1.859416328	1.781266163	1.66583126	1.998442764	1.354257433	1.222934535	0.5858130965
RRAS2	-0.4502998726	-0.647775935	-0.8229894108	-0.2866832981	0.5975744451	1.394619386	1.02415716	-0.2196281789	0.4793491057	1.61824055	1.349077973	1.29282527	0.8593775711	0.2575436728	0.3342363145	0.00696551025
RRBP1	0.2199561265	0.2050191467	0.0789717595	0.4056638756	0.4709209246	1.412601763	0.7501807596	-0.2197189598	0.1877895703	0.7507500434	0.2756807724	0.2827905561	0.6285261448	0.4698851113	0.4961782599	0.2270811362
RSU1	0.06708157746	0.1583717137	0.1700513661	0.1282410366	0.1841823552	1.070780058	0.5023638823	0.01759449575	-0.02832114219	0.8772220175	0.7693373356	0.7305618239	1.017875166	0.8304611051	0.635991081	0.1926152223
RTCA	-0.08754390073	-0.268160535	-0.2751568751	-0.2205301741	0.05466620276	0.1745092651	0.3261357265	-0.4930895829	-0.1524669074	0.0596967523	0.2153194134	0.09382953615	-0.2314532387	-0.3838666929	-0.1135587085	0.04756258918
RTCB	0.07349510275	0.2680277306	-0.08648773627	0.4229246564	0.2208683474	0.5326780316	0.3417133995	-0.1178170884	-0.2489388291	-0.01912028368	0.04476717853	0.09371146469	0.18218867	0.1740092389	0.08920947004	0.07030905853
RTN3	-0.1583162733	-0.3260451805	-0.2728686588	-0.1576960391	-0.0244397358	0.1058033664	0.02507023854	0.0003143646776	-0.178583137	-0.2611107133	0.1089151903	0.06483031524	-0.009213021144	-0.04680218824	-0.1522173669	-0.07127824907
RTN4	-0.2738493219	-0.3477305671	-0.04202000224	-0.5596315254	0.6160000649	2.04327615	1.3803195	-0.2660484574	0.2926985136	1.708820672	1.518850556	1.454373502	1.377420229	0.961804945	0.908651316	0.3300014222
RUVBL1	0.09374444123	0.07573515749	0.03550512833	0.4099244905	0.3841658332	0.7211230939	0.3971004667	-0.1565636342	-0.04897862578	0.6871031406	0.3539399322	0.304427821	0.6233475984	0.3166048368	0.1635588535	0.1157536732
RUVBL2	0.2480019837	0.2163081038	0.2294328698	0.4961720583	0.3361421504	0.8587015253	0.5500713491	-0.00129024511	-0.09126163018	0.9333920521	0.5225952085	0.2797473399	0.7283746747	0.5301233874	0.3132759401	0.1583622855
S100A10	0.4031077638	0.4380232622	0.1254876715	0.5502099239	1.611721554	2.643572089	1.887706215	0.006504604664	1.129124626	1.743457871	1.75375035	1.581305451	1.01031761	0.3264013979	0.4299762134	0.5372855063
S100A13	-0.07311740908	-0.1184233865	0.2680854054	0.4812327505	0.4258813108	1.792188227	1.49926849	0.03065033195	-0.09584140436	0.674497554	1.039182207	0.8607085168	1.111180307	0.8095439149	0.6586860612	0.4754065042
S100A4	2.213141367	1.834373069	1.813418172	1.366412716	0.8123909881	3.163350187	2.280829368	-0.2341697592	-0.03556161983	0.8041240502	1.818870032	2.126089922	1.324099573	2.100140793	1.808849803	1.522733379
S100A8	1.548775962	2.074094206	1.021716463	1.4136775	0.5921826045	1.48883099	1.182677024	1.001766164	1.904557612	2.241080678	3.296283139	2.365677658	2.123013384	1.275683555	0.7778243905	0.079342175
SACM1L	-0.02882399345	-0.1714031921	-0.1548934206	-0.2563267156	0.1518853127	0.2911841999	0.1066671275	-1.019317889	-0.4388737013	-0.1450728993	-0.280659869	-0.2432937878	-0.4019249208	-1.474464006	-0.02303705728	-0.1974720509
SAE1	0.3926618955	0.6531758234	0.5145864402	0.7805795866	0.6896207572	1.044596795	0.6304022126	0.04651710036	-0.1110082316	0.9679568486	1.27976084	0.8285478477	0.9589725076	0.5572018447	0.4144170173	0.2591761302
SAFB	0.2096230716	0.0820068215	0.1307500881	0.207081483	-0.001632104473	0.6623180093	0.4957943533	-0.05028894901	0.12356927	0.4601422523	0.4072361047	0.3614550727	0.5083761253	0.2453369989	0.0800938154	0.1196170609
SAMHD1	1.585750427	1.43590574	1.241497721	0.9952818447	0.1299330918	1.4196446	0.6026882228	-0.248845082	-0.3248834994	0.4356080004	0.2679627445	0.3676812604	0.9868090924	1.023480712	0.9391604231	0.7388142983
SAP18	-0.1086074182	-0.2718418507	0.05889901606	0.1636665927	0.09793180042	0.2124182418	0.1944944026	0.1352303447	0.1416488023	0.09054896405	0.1936860798	0.07968309333	0.2071904272	0.2132459826	-0.009615380123	0.08172740333
SAR1A	0.04404455092	0.05814814703	-0.009806114363	-0.04707226801	0.2162821157	0.6206622268	0.366952357	-0.1540155481	0.06740504832	0.1597850945	0.167944793	0.01466052416	0.2160341721	0.1147782643	0.2002390153	0.05096110358
SAR1B	-0.401669209	-0.6676745243	-0.6965040004	-0.5130748461	0.02218370285	-0.4197613398	-0.1461063818	-0.2237453193	-0.246942993	-0.5062587141	-0.2664508944	-0.2168942335	-0.6119417889	-0.5108798255	-0.254176688	-0.03824596418
SARDH	-0.4882438293	-1.372591384	-1.456638522	-1.145813528	-0.4057437527	-1.845275815	-1.467895378	0.4087103806	-0.1174761957	-0.9839222822	-0.7438233191	-0.8024819225	-0.8079125252	-0.2153405333	-0.38945057	-0.03140973076
SART3	0.1051123205	0.04340480509	0.1265983248	-0.02328671424	0.277819708	0.8555456529	0.4833598031	0.1525547544	0.03723698257	0.5872582287	0.1525539238	0.1742141103	0.5050408787	0.5831495353	0.2613192513	0.08186022288
SBDS	-0.1569164829	-0.2114371744	0.0244277995	0.07029399833	0.08383880808	0.5222310407	0.3053386411	-0.3431430914	0.459216885	-0.2231771241	-0.2678257976	-0.03754679743	0.006879488163	-0.4116291161	-0.1606717976	-0.03602880067
SCAMP1	-0.3302848485	-0.1488442172	-0.1281010397	-0.7337188318	0.07235525181	0.3627673193	0.2915399517	-0.09621591865	-0.1429721177	0.08934996278	0.1258339022	0.08590894704	0.02581627878	0.1129613803	0.1631680253	-0.02900714222
SCAMP2	-0.03854592609	-0.1279542927	-0.0573530771	-0.04017383701	-0.1478763106	0.5203081949	0.2541110527	0.3063593036	0.1563116623	0.1583049142	0.1372003713	0.02170017404	0.4268260401	0.4081580613	0.08188214562	-0.009060532342
SCAMP3	-0.00818574418	-0.04080618627	-0.02183021577	0.1733326067	0.06953677526	0.4203537756	0.1412704611	0.3655470534	0.07827632034	0.6317043179	0.4148712935	0.3116371511	0.6222037384	0.5037329562	0.04853119237	0.1891550676
SCARB2	0.4390214472	0.6961721299	0.7027253508	0.4983533736	0.337009254	1.324991549	0.8581656333	-0.578035101	0.1027442048	0.7643135359	0.7827104981	0.7233545899	0.199231918	0.3936068806	0.682782508	0.4453538997
SCFD1	-0.1691567285	-0.2225750949	-0.1001426342	-0.2326543331	0.1744348599	0.07705590583	0.01533229456	-1.072815908	-0.297014436	-0.05666410714	-0.3892279768	-0.3997124318	-0.2695309245	-1.518920407	-0.07834456518	-0.01009108156
SCIN	0.3963293236	0.3925356789	0.9366443592	-0.3513479944	0.4804441124	2.838307651	1.777499421	0.1601683143	-0.5429744218	1.575625097	1.640656051	1.444020645	2.053065186	1.761235842	1.518231632	0.2311289977
SCLY	-0.218877643	-0.5222093364	-0.1615000375	-0.124871914	0.287970122	-0.4364157232	-0.5752474465	0.2292344409	-0.05827020536	-0.1076619131	-0.3823076041	-0.5289120305	0.0206576937	-0.07429452947	-0.3478146966	0.08058521627
SCP2	-0.7009076958	-1.201964699	-1.836137388	-1.145379849	-0.1207716427	-1.014471292	-0.629342918	-0.4958577985	-0.291583335	-1.136621762	-0.7051962992	-0.8483517219	-0.8937087358	-1.054325927	-0.4218346425	-0.1331182514
SCPEP1	0.4111800063	0.3175848034	0.5401691349	0.6409317881	0.4441445119	0.1211954183	0.06673457267	0.2217338198	0.2349194017	0.02484904611	0.3572010674	0.1966596407	0.2776145988	0.300535171	-0.07145974659	0.1189308674
SCRIB	-0.07266813536	-0.1420007323	-0.1324962623	-0.05496302317	0.3867913373	0.8834967506	0.6437465229	0.3884803567	0.09727102343	0.6964882695	0.3284986994	0.232280762	0.5200605272	0.5497018527	0.2408304592	0.07487261837
SCRN2	-0.1809364269	-0.3557256575	-0.1463553514	0.4642732341	-0.3149205886	-0.6664614843	-0.5314738034	0.4962271917	0.05205255712	-0.06135890476	-0.3673089147	-0.7941050357	-0.08700949909	0.07674266137	-0.09541874935	-0.02567086368
SDC4	-0.1910787221	0.02149236496	-0.3256807206	0.4291289982	0.1065902823	0.6229265475	0.5562796443	1.035680792	0.9201567259	0.4540294828	0.3045593427	0.5149383771	0.5765314294	0.5675561202	0.05568778858	0.1404144709
SDCBP	-0.08037581351	0.09201577456	0.379926385	0.1996302904	0.5007545633	1.31389502	0.9463335933	-0.2655730942	0.2364080675	0.5521003261	0.6670373027	0.6634544374	0.6363099546	0.1935013828	0.5449515795	0.1489132416
SDF4	0.0177853523	-0.02272344933	0.002979213354	0.5189695059	0.0844638432	0.4456004983	0.4044747796	0.1585862556	-0.04666728425	-0.175849272	-0.0413423584	0.09292203379	0.1515074092	0.3396810558	0.2351339523	0.1779012841
SDHA	-0.446017457	-0.8257690779	-0.9451626422	-0.7690171644	-0.07334317509	-0.8896116293	-0.6853391572	-0.5904574302	-0.2247590627	-0.9191790767	-0.6965675711	-0.6733177739	-0.805559109	-0.9507626531	-0.391991454	-0.1028170141
SDHB	-0.3404632467	-0.9198257273	-0.8815813845	-0.8731786434	-0.2537885799	-0.9364526316	-0.4869888097	0.0949948867	-0.1229934317	-0.8995136864	-0.1874054736	-0.3797120531	-0.5367539752	-0.330326001	-0.4010636763	-0.03707939567
SDHC	-0.2813343512	-0.6228825519	-0.6026353047	-0.3825941132	-0.06443695802	-0.4303410377	-0.1362322121	0.1640777893	-0.1086837327	-0.6336944639	0.005099815581	-0.1075218013	-0.2113749238	-0.08285605641	-0.3110230737	0.0001939625025
SDR39U1	-0.2842171543	-0.6998539435	-0.2761308774	-0.3813068177	-0.2876330157	-0.660931092	-0.54682663	0.04368908066	-0.1874924671	-0.3766504334	-0.2871484006	-0.4464032676	-0.1846243117	-0.1971990143	-0.2613949652	-0.08067860588
SDSL	-0.3523073237	-0.2193747515	-0.7180320361	0.7020444494	-0.06453547681	0.2867723432	0.08512625474	-0.0292288513	0.04088096673	-0.2238427692	-0.1527327635	-0.2927006178	-0.106483564	-0.1538536991	-0.4912360901	0.1022172761
SEC11A	-0.01116241646	-0.0817864819	-0.06837079087	0.1661220671	0.01539641655	0.4509299765	0.2993492328	-0.1104059015	-0.03409204989	-0.3408152798	-0.03106160986	0.157253391	0.05651746244	-0.261403506	0.07749527565	-0.08232050708
SEC13	-0.4428060432	-0.9478397228	-0.4318464488	-0.3605225466	0.09771619339	0.1140050568	0.09419911906	0.001014459487	0.007836865836	0.2201530651	0.04906240361	-0.1507371411	0.056160696	0.07763369212	0.02778259659	0.04113255227
SEC14L2	-0.2757415329	-0.3265184288	-0.9902082668	0.2471189138	0.3435670729	1.335407471	0.7574847429	-0.03863538054	-0.1655835146	0.9158064427	0.4128699063	0.5250157678	1.180527965	1.14181717	0.9194040329	0.1040107032
SEC22B	2.101322911e-05	-0.0588548161	0.08260833763	-0.1250717488	0.2395271548	0.4637380439	0.3350921965	-0.326310462	0.518899881	0.4002767887	0.4772513705	0.2517169557	0.3098055371	-0.2558695433	0.08302221813	0.09350200713
SEC23A	-0.08827748534	0.2300099768	-0.06491759447	-0.28347533	0.1220534215	0.4127680648	0.117187903	-0.3705278362	-0.07192636126	-0.0138022612	-0.0276347166	-0.004185481563	-0.2015042684	-0.09493347343	-0.02829693257	-0.1607796447
SEC23B	-0.2549364774	-0.1856201285	0.0142346299	-0.008081710746	-0.1000201709	0.03221214374	0.05916870923	0.2225502491	0.1330695261	0.05558197767	-0.1112181108	-0.3400594371	-0.03464076817	0.2689902539	0.07467238251	-0.07703812311
SEC23IP	0.02009008143	0.07085880168	-0.004561966121	-0.06206276379	0.2673187065	0.4368685884	0.2549462782	-0.2852811836	-0.1048499881	0.2648961635	0.1826528274	0.2160334758	0.1529473606	0.02643948043	-0.00781491525	0.01863826821
SEC24B	-0.2442243485	-0.112108513	-0.1041352572	-0.3312200706	0.3507735133	1.010262383	0.557805042	0.17385413	0.2002734445	0.6347204222	0.1602036397	0.4452227916	0.5234119972	0.6505617713	0.3379377666	-0.02951379645
SEC24C	-0.06777104424	-0.09354325967	-0.1092640058	-0.02391685453	0.06247961799	0.5641730145	0.2870787685	0.1361165137	0.1253264548	0.3530451883	0.01178573718	-0.07159595225	0.2022704631	0.4751902613	0.1491160371	-0.04981237609
SEC31A	-0.2433922846	-0.31463388	-0.2700947454	-0.4832686435	0.007600378992	0.5245707872	0.1266341441	0.4000097384	0.2234419632	0.5826753697	-0.06161105074	-0.02326385335	0.3414577351	0.5358572118	0.1964693975	-0.09320209781
SEC61A1	0.2331703684	0.1971305794	-0.07088629619	0.3733110363	0.4126058106	1.025943744	0.6960163051	0.3074533517	0.2886302713	0.6367633379	0.325799479	0.3482378103	0.6780154719	0.6709519101	0.3356457655	0.2050739787
SEH1L	-0.06098726091	-0.06911959847	-0.2422448738	-0.2122725174	0.2583524612	0.4912781085	0.2713551592	-0.3710269225	-0.1445217369	0.2418112344	-0.05241380898	-0.1577688644	-0.0863402772	-0.06096333415	-0.00761087482	-0.1308596248
SELENBP1	-0.4982725602	-1.174920943	-1.441032058	-0.9066822057	-0.6881651591	-1.8180822	-0.9453771341	0.05872738019	-0.1953312263	0.6578772849	-0.07833925935	-0.2920570974	-0.9218339079	-0.4548538512	-0.4596345135	-0.1222231362
SERBP1	-0.1440477856	-0.2754108437	-0.03883665254	0.01294699479	0.3328679271	0.7509170656	0.5582374909	-0.3220657383	-0.1164546062	0.677032121	0.5236763228	0.468421311	0.2937586896	-0.01434716807	0.2386911358	0.05019131728
SERPINB9	0.2847457909	0.4524354603	1.136879598	0.5338537385	0.481647833	2.276892765	1.572079478	-0.2207038729	-0.3154794739	0.909497059	0.9834878771	1.176935635	1.420107378	0.9508520822	1.381482476	0.6966708214
SERPINF1	0.4757308369	1.474962678	-0.5221425141	-0.7154053431	0.09646500298	1.244529375	0.4956802289	0.2141192415	0.003701756959	0.5933640144	0.3618194618	0.8107383793	1.989696821	2.791200646	1.871816929	1.564012798
SERPINF2	-0.5938629936	-0.7255688047	-3.381735782	-1.09373629	-0.1924053858	-3.209217252	-2.694249595	0.7838023295	0.02377728197	-1.55016678	-1.789249343	-1.266559409	-0.7891119688	-0.2147479015	-0.4712958388	-0.3435524208
SERPING1	1.007976885	1.737233184	1.034666386	1.174372366	0.6676626168	2.604791565	1.865258896	0.3257849066	0.4218824	0.2385699381	1.159067307	1.677166319	2.351938508	2.650943709	2.424800028	1.946501579
SERPINH1	0.1368008403	0.4198402737	0.07745529824	0.3284001985	0.7078107028	2.179469994	0.9855939408	1.819533586	1.694839898	2.28771239	1.8268207	1.34499495	2.331506674	2.298789893	1.573903845	0.6969972467
SF1	0.09538290093	-0.01282335774	0.2558766062	-0.07541565124	0.1955338567	0.6579973597	0.3650601279	0.6761760369	0.975610747	0.4311929647	0.2474923151	0.4231438051	0.6366362333	0.508879062	0.1181884087	0.06278809674
SF3A1	-0.1145696565	-0.2241691535	-0.09415241608	-0.1051436261	0.02879194245	0.6335500472	0.2698597133	0.604752635	0.3705860562	0.791648576	0.5376907449	0.4389851723	0.7688361055	0.781432707	0.3808992564	0.0988619251
SF3A3	0.04670788151	0.02200077664	0.07623771271	0.1700123647	0.3578587496	0.8048933847	0.5531340253	-0.6150508158	-0.05753229971	0.5828177359	0.3079818875	0.2999471461	0.6718191913	-0.1223462043	0.2775448536	0.1172276062
SF3B1	-0.167995211	-0.1914769534	-0.1214195247	-0.5550574142	0.2984600922	0.6056445963	0.3433818307	-0.5104247124	0.6704873158	0.09368183088	0.02879246914	0.1458161001	0.1329414933	-0.5221755215	0.08219161697	-0.06673233461
SF3B2	0.03283779116	-0.02741609156	0.1262344217	0.155131268	0.1214027083	0.5623154075	0.2972547327	0.1216916897	0.005319968669	0.3780562476	0.2314803534	0.2697495796	0.4293033716	0.5290392404	0.2451998972	0.09571968303
SF3B3	-0.0990132311	-0.2242458413	-0.2945835704	-0.208042297	0.7058943927	1.810601601	0.9742918179	0.07190394117	0.4515780646	1.146868603	0.6869820432	0.5978248667	0.7826396127	0.8087645167	0.3847909848	0.1043518398
SF3B6	-0.1682438498	-0.3109209965	-0.1541321205	-0.01349963287	0.01058865939	0.2157672927	0.2726950065	-0.07366530904	-0.03134188466	0.002185560265	0.03953204694	-0.09573180165	0.2407622013	0.1048396665	0.1706125811	0.02705584203
SFPQ	0.09676415374	0.2128405201	0.2371905808	-0.03768007191	0.141050832	1.024167832	0.8169378615	0.3544363901	0.5471531044	1.123066889	0.8875919428	0.8288713398	0.9417762543	0.4751473688	0.591762875	0.01541667621
SFXN1	-0.4174441387	-0.7244004941	-1.045685327	-0.5845512119	0.1146931149	-0.4838836347	-0.438460791	-0.2600278091	-0.2447444194	-0.09955907496	0.1082441014	0.03197268351	-0.3493448254	-0.4180632213	-0.2333634323	-0.1268436578
SFXN3	-0.01071708748	-0.3840298041	-0.5429442655	-0.8508911027	0.1510365639	1.353696447	1.055484054	0.3400606182	0.08277886667	0.6343707287	0.6306639697	0.4949488972	0.806129242	0.9932141408	0.5393056783	0.2138355793
SFXN5	-0.6102551516	-0.9322307709	-2.006835118	-0.8536981407	-0.2890044815	-0.5980365116	-0.3756976758	0.134141689	-0.2801092369	-0.3081966462	-0.3742153855	-0.7502810645	-0.1756891406	0.0862325046	-0.1444291116	-0.09874470164
SGPL1	0.1107770902	0.2236790527	0.5603996767	0.5493992892	0.2261115999	1.238182058	0.6867932583	0.06649254274	-0.1013901666	0.402233535	-0.03219867089	0.2157305916	0.404199532	0.6763760966	0.4542861702	0.1365291147
SGTA	0.004155382491	-0.03066337319	0.01652831985	0.07974288029	0.1942158633	0.4187195901	0.3249514812	0.184938008	-0.007968023	0.2777030071	0.2008593209	0.1209602421	0.4274920236	0.2138251377	0.003660696531	0.08533760996
SH3BGRL	-0.1181639765	-0.09258771799	0.198976873	-0.0849809097	0.4452604725	1.27062165	0.8652189614	-0.4054482085	-0.2585606357	0.4966438301	0.8756601343	0.883312957	0.7486206485	-0.1254294903	0.7881344808	0.3589312911
SH3BGRL3	0.5094560815	0.4118891272	0.6272399466	0.886978454	0.6914602209	3.111352818	2.513886615	0.5798571867	0.6196082696	2.577539439	2.766452633	2.53180561	2.535034288	1.942165811	1.486689591	0.9601309176
SH3GL1	0.05317121798	0.0850868497	0.08371790281	0.3177961751	0.389269775	1.364734005	0.8269498797	0.3183206371	0.4501034956	1.026600797	0.7368662825	0.612877619	1.111239808	0.9606644911	0.5644706995	0.3037012309
SH3GLB1	-0.1597654218	0.03946940777	0.09588881268	0.1377400645	0.1543391496	0.8585430903	0.4786144374	-0.4200255254	0.04200547054	0.6211642624	0.5530456547	0.5824099497	0.2613456581	-0.07310888806	0.1963282367	0.05219660236
SH3GLB2	-0.165112404	-0.01246379964	-0.003442594447	0.6351335688	-0.07981262691	0.4366795072	0.4149335573	0.08492977246	-0.1639402524	0.3332410034	-0.3390175202	-0.3731261815	0.2662964963	0.1888414293	-0.03694938595	0.1946583628
SHMT1	-0.4068173547	-0.3785266345	-0.5771223814	-0.3410469345	0.536030461	0.102936395	0.2246764446	0.01253040054	-0.03257628982	-0.1984708517	0.06807163998	0.09066736066	0.008759005804	-0.0894736479	-0.2426359699	-0.0468876224
SHMT2	-0.4990821983	-1.463624309	-1.604344326	-1.10532938	-0.5918450507	-1.716532603	-1.215823034	0.3552706536	0.01455095166	-0.7743628519	-0.3801096878	-1.048110497	-0.8766110944	-0.3757482278	-0.6638530742	-0.140707751
SHPK	-0.5915472768	-0.8080487218	-0.86344029	-0.7052528978	-0.3398281413	-0.5412908935	-0.3156768835	-0.1793824516	-0.457617874	-0.5294863139	-0.4637992428	-0.4995378266	-0.7135050114	-0.2226527578	-0.1996277459	-0.08943305077
SIDT2	0.4596867482	0.4803664928	0.1876521438	0.3864659871	0.1759925307	0.9171568918	0.3798379052	0.2162050627	0.1086742962	0.3049213871	0.125698586	0.3806586512	0.3031492169	0.5302191833	0.1869978349	0.1061877478
SIRT2	-0.1605284741	-0.1769350413	-0.1381687083	0.1319051212	0.1460182754	0.46251163	0.2396373211	0.1786073531	-0.01486942024	-0.01719682391	-0.09804287168	0.09499157954	0.2949846345	0.2502227946	0.03094363865	0.1368659147
SIRT5	-0.4668432282	-0.8326309273	-0.6300700445	-0.5475454223	-0.3230811817	-0.04881613648	0.04616954284	0.01376940562	-0.3260539676	-0.01693190952	-0.2117474752	-0.5841116116	0.007760652668	0.01439088073	-0.1535671425	-0.01268821883
SLC12A1	0.09935472741	-0.5101309124	-2.236198164	-3.67813729	-0.5762760761	-1.145790602	-0.2349060612	0.0964305111	-0.07732684605	-2.975771692	-1.331597695	-1.141059782	-1.602990723	-0.7533445516	-0.3118544335	-0.2045344923
SLC12A2	-0.7613734603	-0.2243854035	-0.4258912597	-0.09761183174	0.5677919902	0.6397846201	0.5143250579	-0.2152210617	0.08546043965	0.3623323258	0.2365556648	0.4114027132	-0.08212994751	-0.4513149774	0.063855674	0.0011343416
SLC22A12	-0.2716441905	-0.2796308225	-3.473787792	-1.326819031	0.06641221271	-2.525234537	-1.45045995	0.2635914041	-0.067379451	-1.185594333	-1.162702114	-1.289144038	-0.8776716573	-0.3829985159	-0.6517777131	-0.04769645545
SLC22A13	-1.157621809	-0.9841187558	-4.317472447	-2.537346558	-0.2159307466	-2.882025397	-2.326674654	0.1625424872	-0.4017398069	-3.232877447	-4.138260775	-3.574737715	-2.405783698	-1.67466861	-2.312666131	-0.963880289
SLC22A2	-0.455583253	0.1209345191	-2.491558934	-0.7136593519	-0.2793224008	-2.226627587	-1.877749504	0.1485483826	-0.02341583602	-1.419890993	-1.064256664	-1.408341011	-0.7817542772	-0.5224081483	-0.8009955727	-0.08092261411
SLC23A1	-0.8009812572	-1.718800054	-2.720288754	-1.170289849	-0.275596079	-1.201908711	-1.175922383	-0.3215078269	-0.4410790576	-1.107649454	-0.6895547144	-1.041127102	-0.9772072556	-0.6286119108	-0.6590239575	-0.4497989925
SLC25A1	-0.3895535098	-0.9287084	-1.334168385	-0.4708641136	-0.3131723457	-0.03687330916	-0.01710317845	0.1710471625	0.05741572003	0.163298107	-0.1258694312	-0.2436846332	0.1033801649	0.08349992098	-0.0831239136	0.151049755
SLC25A10	-0.2180930686	-0.5422763141	-0.7284291791	-0.5960292946	-0.2958905569	-1.056391731	-0.5954793434	-0.0200054918	-0.1516536529	-0.5055744525	0.1876762427	-0.3511036281	-0.3978457525	-0.1425863923	-0.2939420895	0.01345027577
SLC25A11	-0.144629647	-0.3656281242	-0.3994181314	-0.1104708783	-0.358946948	-0.5761472316	-0.2980752012	0.09286654576	-0.1936531278	-0.641731014	-0.5274864681	-0.7154650082	-0.3228205675	-0.002848169247	-0.09234522431	-0.05644848917
SLC25A12	-0.2156952097	-0.09434715878	-0.05888646196	-0.2251139289	-0.1693970547	-0.3266441973	-0.1821275775	-0.3328403162	-0.2736423833	-0.2617624551	-0.1049050705	-0.2265883655	-0.4407630407	-0.3263564769	-0.2875508082	-0.03512001596
SLC25A13	-0.529097785	-0.596865006	-0.9529426386	-0.5469635045	-0.2620646698	-0.6355655742	-0.5458743568	-0.6565200908	-0.4897072738	-0.6083514422	-0.4575888548	-0.6987262502	-0.6734732839	-0.5292609047	-0.2204448152	-0.2614319313
SLC25A20	-0.2816296992	-0.305512884	-0.5006884106	0.06488906578	0.4230816235	0.3901823988	0.4138349296	-0.598074841	-0.3070747039	0.1190111503	0.3974956988	0.06105890219	-0.1119983526	-0.07545299184	-0.1975495891	-0.0421206365
SLC25A22	0.2168505787	0.03272024733	-0.1582396937	-0.03303996564	0.7879992784	0.1589516103	0.1701084863	-0.7854782004	-0.645014548	-0.1391489535	0.3325803619	0.4535721308	-0.6944903234	-0.7234393768	-0.9599392785	0.11843648
SLC25A24	0.1670260845	0.5285046006	0.6527992535	0.03341703202	1.209328325	3.684160921	2.686256915	-0.2934294634	0.5825749821	2.702558824	2.326932683	2.21532022	1.912690419	1.49539596	1.759236918	0.6425117804
SLC25A3	-0.2680797043	-0.5430133605	-0.591011254	-0.4529431548	0.01937458225	-0.299423611	-0.06493449726	0.1266669518	0.2311777468	-0.1570119915	0.195403969	-0.04092117817	-0.009932410618	-0.1458053834	-0.3992678811	-0.01765906779
SLC25A4	-0.2905622672	-0.354915987	-0.6671310529	-0.3738096434	0.05856884244	0.1452613717	0.3613626807	-0.5770266261	-0.09274874073	-0.03814046064	0.8154220728	0.361034388	0.0727186459	-0.5472028728	-0.03856875319	0.1113533015
SLC37A4	-0.5377721552	-0.7984651885	-1.809348387	-0.5828974819	0.008455104698	-1.567318985	-0.8703718118	-0.07651730917	-0.4378868837	-2.086566773	-0.6023913758	-0.05221988437	-0.8755011397	-0.5458076783	-0.4661689533	-0.1847801178
SLC3A1	-0.6142265988	-0.8553136633	-3.875295483	-1.907170405	-0.1631819096	-1.013937145	-0.997278341	-0.1323248171	-0.348388259	-1.351030944	-1.401886117	-1.154200341	-1.008203869	-0.5674803379	-0.5830973042	-0.4141198044
SLC3A2	0.1455490934	0.1803312327	-0.4164889328	0.5710913972	0.5220383562	0.1071325141	0.1911989394	0.7009025625	0.6995417509	-0.005463908985	0.2995543803	0.3890112753	0.5047867658	0.2021369707	-0.2652098269	0.3267650062
SLC44A2	0.3662804418	0.3877764936	0.5326378343	0.2921835095	-0.02014792472	1.158471494	0.9288938406	0.2804324086	-0.0705147052	1.085020608	1.26564464	1.070336019	1.080697374	1.339454059	0.8779771537	0.4318986389
SLC4A1	-1.424387372	-3.289326808	-1.520137724	-3.454204342	-0.9323353711	-1.179223579	-0.3874430162	0.7894458727	-0.1918008759	-2.02798772	-1.778679288	-2.061332066	-1.691758715	0.0235829995	-0.2437824885	0.03789905802
SLC4A4	-0.868621496	-1.203544118	-3.182169575	-2.873767184	0.2594377954	-0.268890854	-0.5241645629	-0.1710172663	-0.2305503889	-0.5090968356	0.08941148739	0.3723160884	-0.6994494001	-0.3212306763	0.04744680062	-0.2991624047
SLC5A12	-0.521063594	-1.184286777	-4.185828915	-2.2197972	-0.04029703398	-1.220509883	-0.7476827394	-0.2614425112	-0.1219301845	-0.9585815663	-0.3907966081	0.2909221488	-0.5639592711	-1.356483441	0.1480645884	-0.6031650011
SLC5A2	-1.20559653	-2.278938375	-4.154128943	-2.475045216	-0.2271220077	-2.001988299	-1.44473029	0.8653746401	0.3509940838	-1.070238872	-0.8445394511	-0.4910127919	-0.05826334553	-0.09061719073	-0.3805492381	-0.08784663772
SLC5A8	-0.5042319516	-1.059099843	-3.859164504	-3.598340318	-0.5471601899	-2.346278159	-1.4226473	-0.2637186489	-0.4941408234	-2.89860576	-2.459962275	-2.402658454	-2.089279908	-0.8806578942	-0.7400134571	-0.7190323101
SLC6A18	-0.7999362725	-2.216688691	-2.931020827	-3.581956521	-0.2418583192	-0.7135346517	-0.5800554483	0.005406909402	-0.6231189312	0.9356275708	-0.004409011357	-0.1453014052	-0.6814621293	-0.6827985997	-0.8137660514	-0.2474532956
SLCO4C1	-1.155210631	-1.759874011	-2.130752177	-2.150527785	-0.1789238887	-1.640610746	-1.222196186	-0.9448127532	-1.050488876	-2.652518518	-2.652104923	-2.166610227	-2.157425657	-2.099468304	-1.678201114	-1.07153239
SLK	-0.2415084389	-0.1773178428	-0.1408008568	-0.4050365452	0.2582509139	0.716978047	0.3507803104	-0.750174953	0.2582744677	0.4497271253	0.05427749795	0.1707489126	-0.177960105	-0.7190700042	0.1260768009	-0.1195830351
SMARCC2	-0.09394606439	-0.1706471024	0.1595235493	-0.2192494513	0.01624505515	0.7449122469	0.2545536477	0.251199026	-0.224342249	0.3728157692	-0.3493019992	-0.181202235	0.3216865115	0.6239429864	0.3027950358	-0.01202711083
SMC1A	0.08074632639	0.3324273559	0.1553216486	0.1061925015	0.3937836302	0.6935696694	0.2074981273	-0.9910884682	-0.1151299416	0.5425913393	0.433500273	0.2249100295	0.2931574991	-1.134531587	0.177040511	0.004909969741
SMC3	-0.05087483909	0.0007870976575	0.07909436198	-0.2804724963	0.3596288475	0.6908193745	0.4728052739	-1.300477568	-0.1841185774	0.4256431372	0.1658034421	0.3180136817	0.229946286	-1.5308308	0.2543877006	-0.02768800797
SMS	-0.5843590512	-0.8216308616	-0.4853446095	-0.2664894819	0.03465843045	-0.6172911481	-0.3236994403	-0.05332726022	0.09522511232	-0.03462394197	-0.07854878332	-0.2260910134	-0.07184539027	-0.1471878766	0.05971437369	0.06113733563
SND1	0.1746125329	0.1193218512	0.02557099779	0.3633729297	0.2046310439	0.7206990578	0.2637907354	0.3926008643	0.03084079139	0.6051260947	0.3268561616	0.2946620663	0.4799357828	0.6947361662	0.1985609982	0.08322230101
SNF8	0.06337466306	-0.07786769147	-0.1287812052	0.385192644	0.174420847	0.3867145439	0.4249776345	0.156778348	0.1118550007	0.1761596048	0.4502377638	0.1441699143	0.3345873367	0.2064055222	-0.07860747741	0.1833461811
SNRNP200	-0.1106229862	-0.06388228301	0.0686424635	-0.1108075596	0.05382357035	0.3543124962	0.04844836351	0.08089251091	-0.1559351133	0.001477787028	-0.6418123465	-0.3057204807	-0.2700097197	0.3271856008	0.2519393109	-0.1721817797
SNRNP70	0.2002128769	0.2634172584	0.1421677175	0.3932719312	0.1279202465	1.071120778	0.8417649543	0.2940531747	0.307041563	0.8739365467	0.9165360297	0.5930907111	1.060529212	0.5654665756	0.1161594907	0.2167374826
SNRPA	0.1199424868	0.139490789	0.2019309259	0.4169643461	0.09271134809	0.6896307639	0.21007017	0.4669919763	0.6002857534	1.035964261	0.579847511	0.3679517086	0.9279667154	0.4796732791	0.01915528615	0.1013243709
SNRPA1	0.2146741778	0.3502263667	-0.03835058875	0.4792458711	0.4873683312	0.5732713238	0.4270176339	-0.1265604823	0.2904198909	0.9093043035	0.7765058252	0.6133708278	0.5763081848	0.09407761036	-0.03196554652	0.05729388475
SNRPB	0.2033145379	0.2821876986	0.0479897076	0.5154617318	0.352237232	0.8027133185	0.5995559066	0.1620423214	0.1558428897	0.6080869309	0.6830336912	0.5440127844	0.659411739	0.3643133864	0.1674586768	0.1933833024
SNRPC	0.1036446729	-0.02135252428	0.1879773056	0.2796825287	0.29925569	0.7463911722	0.4627830827	-0.02510107884	0.1591082338	0.5576445926	0.4807795252	0.4573676093	0.6433423468	0.294748371	0.1341992546	0.1987551646
SNRPD1	0.158997959	0.1395126843	-0.008573454475	0.5407823679	0.4964113578	0.8871837203	0.6780886348	-0.2935519971	0.3290660146	1.039753122	0.8568039783	0.4567530539	0.5570254765	-0.1956920563	0.1218157341	0.2336761681
SNRPD2	0.09076755764	0.02931492366	0.007803685687	0.4532183948	0.2956782536	0.7670540729	0.9304028725	0.1209081329	-0.06555367725	0.5334383681	0.5898772662	0.4195905271	0.543294781	0.4444977005	0.224792731	0.2384156824
SNRPD3	-0.03244188313	-0.3353294706	0.02889223911	0.1178939705	-0.007862479097	0.07155326921	0.01865532844	-0.4277713201	-0.2118266055	0.1451108839	0.1672168376	-0.1629587704	0.05613836655	-0.4420798177	-0.1343403192	0.06528340379
SNRPE	0.06088740005	0.1392619603	0.1030365602	0.4532606236	0.3244524782	0.7028392804	0.6703220593	-0.0960718985	-0.1315232474	0.4391277692	0.6584892762	0.4924799896	0.5711607231	0.2242024071	0.1808060499	0.2522084736
SNTB2	-0.2292936509	0.1226515673	0.2091021865	-0.1483068112	0.2719217529	0.9487191969	0.4669218002	0.5280318328	0.579773267	0.7277542548	0.1481771989	0.3374276181	-0.1165671116	0.6586543273	0.6951819211	-0.139494635
SNX1	-0.1023052917	-0.2095533107	0.04204792626	-0.005260490208	0.3216959438	0.4804667992	0.1400813983	-0.1404501006	-0.04042230454	0.06612089506	0.05406280769	0.0481360778	0.2977223899	0.1410223122	0.0973131961	-0.05271459458
SNX12	-0.2373687564	-0.6084814051	-0.3109450491	-0.2849467366	0.3603523534	1.121433226	0.6010557529	0.2075867016	-0.1898647979	0.652205808	0.4922679174	0.5309375586	0.8112323637	0.6225530942	0.4342216532	0.1240361793
SNX2	-0.3200545754	-0.4704294364	-0.4212803578	-0.1919161478	0.2411243509	0.8994077797	0.5585212507	-0.7635223386	-0.193974817	0.09757055902	0.03114210602	0.2112473458	0.2544540347	-0.3633164304	0.1455081177	0.009641048576
SNX27	-0.1722985057	-0.2750971391	-0.06229802429	-0.4299175831	-0.104192095	-0.1259472363	-0.3996119813	-0.06219321514	-0.2641910438	0.0671249942	-0.2500071021	-0.293425992	-0.08314260876	0.1546006943	0.1454436893	-0.2576615663
SNX3	-0.2989085392	-0.5243308203	-0.1162084654	-0.4539716455	0.1901880731	0.4338072886	0.1091715813	0.3483271246	0.1629376954	0.3344352157	0.2941628076	0.08751770584	0.420328511	0.241609119	-0.06605507993	0.05762750897
SNX5	-0.1868781709	-0.5190731909	-0.4733418438	-0.2748218435	0.421505121	0.9875193292	0.6118606722	-0.6183548201	-0.1013494105	0.01905213881	0.3474742466	0.5937726744	0.4433139565	-0.4631330878	0.3005596399	0.1166233256
SNX6	-0.07169653746	0.1308801581	0.01103297333	-0.003132544823	0.08723719704	0.09929456574	-0.03029808692	-0.4956742763	-0.009795333344	-0.300504788	-0.401791656	-0.3941246746	0.06082794244	-0.8815309964	0.02836930617	-0.1726522914
SNX9	-0.151373994	-0.04250987535	0.26396142	-0.08544232894	0.1320609769	0.1985868957	0.04444468171	-0.1948660391	-0.1268469082	0.2206784758	-0.05227671958	-0.04073500627	-0.2660328925	-0.007391767022	-0.1015923796	-0.141773183
SOD1	-0.3978391328	-1.088826485	-0.93036468	-0.4252056357	-0.1632402085	-0.92986313	-0.4307896036	0.03030743476	0.03567416561	-0.7888049294	-0.6335179529	-0.749195326	-0.567403542	-0.4640263614	-0.5235651899	0.0007550829998
SOD2	-0.25812328	0.2152172504	-0.501805536	-0.5921063575	-0.2218165916	-0.9965292027	-0.5673557682	-0.1194851178	-0.1403675773	-0.8626820179	-0.7016009441	-0.7494207725	-0.6362136145	-0.358766496	-0.3294533426	-0.1759210229
SORBS1	0.1229200974	-0.2042556126	-0.6954596163	-1.269381864	0.2064766032	0.414930421	0.07673811685	0.1321758154	-0.04693347023	1.003624974	-0.4652577176	-0.4063300361	-0.560486562	0.3172458293	0.3046024661	-0.2718021037
SORBS2	-0.1718916339	-0.02781988901	-0.1695465445	-0.5051467477	0.1167938553	0.7217055366	0.6108363763	-0.1739540132	-0.3138043827	0.6938198597	0.7215897312	1.02274773	0.8108070322	0.93018136	0.9699884351	0.4765188983
SORBS3	0.4479624456	0.5133280409	0.5640261989	0.4147751131	-0.05198026702	0.2118938945	0.2088538221	0.1828143031	0.09520614417	0.1020517044	0.4148151091	0.2374890185	0.2805389135	0.3369921059	0.0813919547	0.07445890972
SORD	-0.8192580082	-1.792239578	-2.001321626	-1.725721112	-0.451751734	-1.828650373	-1.025852114	-0.03073601184	-0.1315551376	-1.799844343	-1.053512547	-0.5872319371	-0.6830981529	-0.3112777887	-0.2827744015	-0.1973471149
SPAG9	-0.182986111	-0.1192876779	-0.1942364738	-0.6975545358	0.03399410671	0.01782884219	-0.2036854992	-0.7401114388	0.1878761051	-0.2981695901	-0.403677957	-0.2926478476	-0.5281838482	-0.887064719	-0.01537903976	-0.2307157077
SPCS2	0.09664714011	-0.06997291826	-0.116088558	-0.1679223529	0.1708919781	0.6626980664	0.4024435908	-0.01239050283	-0.09197036652	0.4252793383	0.1660433842	0.1586881507	0.481388456	0.3069166917	0.2822804361	0.2253943389
SPECC1L	0.2335298992	0.370238126	0.4417864772	0.04172906497	0.1673348534	0.8109884732	0.4313989049	-0.1158067774	-0.1135498083	0.2807400909	0.1848421433	0.2537687927	0.3114443849	0.657242577	0.6024784777	0.09344011712
SPG7	-0.1896315228	-0.3388705639	-0.187465678	-0.1574618808	-0.02708394905	-0.3028174866	-0.2354950391	-0.03394812059	-0.08101507825	-0.405913964	-0.1297302363	-0.2317867472	-0.2993940221	-0.09946729542	-0.2158791676	0.03582166807
SPNS1	-0.02825919808	-0.2549717152	-0.2547450064	0.006115451818	0.2382844196	0.6398712968	0.321663842	0.3873058761	0.296885763	-0.167328337	-0.2671846687	0.08597124017	0.4847010584	0.2545669301	-0.05029494254	-0.008802951501
SPON1	0.6939268329	1.921073837	0.7312202769	1.389694254	0.3764035359	1.880956367	1.494804463	0.1451794155	-0.05659345822	-0.1175075335	1.604392283	1.41826988	2.164490136	2.887070266	2.401955677	1.459411995
SPP1	2.137420972	4.144554399	2.104390415	4.121391764	3.257620516	5.345154592	4.178955412	-0.4646681009	0.8105099328	5.062321885	4.712677648	4.069538875	4.343607351	2.358037898	2.765863801	1.458464013
SPP2	-1.775464464	-3.038987892	-3.68797286	-2.697549795	-0.08110740392	-2.149501482	-0.6731993963	0.008652835653	0.006465160011	-2.35116374	-1.093036746	-0.3771211885	-0.5728724087	-0.6286705189	-0.5514567867	0.1009001852
SPR	-0.3685101255	-0.7427160671	-0.4879828515	-0.2807703092	-0.02631587731	-0.1921969647	-0.08734183633	0.2400331615	-0.0069405687	-0.3754607285	-0.1494528692	-0.2219257674	-0.05647801876	-0.01898569115	-0.1545867548	0.05189442635
SPRYD4	-0.1268259977	-0.4210392466	-0.3101430422	-0.2036775283	0.01327090313	0.1678267411	0.2552383755	-0.09704989391	-0.2319180865	0.3373788997	0.1357381638	0.02178392635	0.10373321	0.05899680874	-0.09743454449	-0.01601654231
SPTAN1	-0.1735358508	-0.3485735437	-0.006691291458	-0.1811380807	0.6010127222	1.337870629	0.6433852401	-0.09613268087	0.4640974434	0.5790410267	0.09096090552	0.4315670697	0.2831601781	0.3548105	0.322090282	0.03569203841
SPTBN1	-0.2820055077	-0.3451368533	-0.2681896795	-0.9497711601	0.4484292356	0.7511525604	0.1347278106	-0.243110249	-0.05598493903	0.2613446639	-0.2502148766	-0.01882230514	-0.2693838877	-0.02509058825	0.2969828641	-0.187113977
SPTBN2	-0.2406745294	-0.5260046859	1.080799085	0.407184567	-0.1289066876	0.3522710421	0.5324537802	0.4249014206	-0.6159134934	-0.2222904165	-0.1526126059	-0.1802865877	-0.1878417827	0.6158140835	0.1513285809	0.1132773822
SRC	0.1179624615	0.3883725887	0.2074700472	0.5683136167	0.3715548543	1.506702439	0.9043655299	0.3327308069	0.512074551	0.7628093543	0.730994901	0.7455898304	0.8522404304	1.053237127	0.5784211387	0.2556742111
SRI	0.3626118419	0.698936267	0.5843372611	0.4847203647	0.1996151277	0.8530537887	0.6851931281	-0.1529404326	-0.184687403	0.2612061441	0.4281227795	0.2843398299	0.2928966829	0.04452924449	0.1835307694	0.06432465531
SRP68	0.1555144429	0.08592247308	0.1074919029	0.1189839374	0.1774675701	0.4866411525	0.2402509525	-0.1400840553	0.04320885763	0.2125802167	-0.1363605621	-0.07056063847	-0.03694924843	0.0588434986	0.05532212431	0.005489203595
SRP72	-0.1719883478	0.0454912261	-0.293936313	-0.3064285079	0.1647885927	0.4763579735	0.1279387525	-0.4894267797	0.07022651001	0.2039718949	-0.1121137756	0.09114442741	-0.01916758267	-0.1290571199	0.1095825747	0.02448766211
SRPRB	0.1681781893	0.08371469803	-0.0133355157	0.19568378	0.2738163184	0.6075564914	0.4270176456	0.3638029707	0.04468854358	0.6260857518	0.4754119747	0.2712204201	0.5354393411	0.5345162826	0.1244414645	0.1533142158
SRRT	0.113217981	0.09475591543	0.1502861724	0.05278777431	0.3843811089	0.7257092157	0.4894551749	0.2152981127	0.1947574933	0.7470937443	0.4595719769	0.2343193654	0.7683428928	0.4254906743	0.2333364264	0.08908754547
SRSF1	-0.0985014325	-0.01325146374	-0.04151207659	-0.1703445259	0.2592460574	0.6080046905	0.2737523985	-0.5131344409	-0.3733144283	0.2638355898	-0.2359822566	-0.3513856607	-0.06630850212	-0.2452858343	0.06953700526	-0.06836741514
SRSF2	0.1170169318	0.1677113749	0.1081549009	0.02451579067	0.1722231412	0.5078503042	0.5550254212	-0.0611099935	0.1279455488	0.3517931907	0.08177959907	-0.2812992997	0.1902112522	0.1291361616	-0.3259000927	-0.04788182137
SRSF7	0.2532357195	0.1944428151	0.2877102011	0.1696817557	0.2978397702	0.9222499917	0.4606542388	0.09572990815	0.2152773315	0.5424901768	0.2364921432	-0.0042587715	0.3755866396	0.2280504963	0.2012754841	0.03766263588
SSB	-0.03379531709	0.04709960358	-0.1163621573	0.07813742785	0.3307379932	0.5689550087	0.4612789884	-0.9920819178	0.009551818353	0.4666885633	0.3225001047	0.1279900841	0.3750775434	-1.330632128	0.08972032121	0.02917890332
SSBP1	-0.0003008157061	0.04766511818	0.1017440269	-0.04877863784	0.08906627951	0.3379545918	0.3010295093	-0.6526815008	-0.3477496795	0.3379973081	0.031726447	-0.0833656474	0.126367974	-0.561123856	-0.1870920986	0.06075192441
SSR1	-0.2396294001	-0.1519513132	-0.1766879993	-0.4221183586	0.3610175544	0.5778535601	0.3798282583	-0.1515840563	0.1104656047	0.7387694238	0.6055615228	0.2865499341	0.4349348373	0.1766344182	0.2374986762	0.07956761437
SSR4	0.5530064851	0.4596815799	0.2256867534	0.7871197347	0.3015630446	0.5828449253	0.611754308	0.09829163988	-0.03655642996	0.3545396309	0.4167439344	0.1868353805	0.1302458022	0.2123955911	0.1068683729	0.3007546344
ST13	-0.3509674309	-0.669313144	-0.5367791928	-0.5320533968	0.3883222088	0.4952230046	0.2098774033	-0.2407679008	0.06735011087	0.1156884621	0.07483930536	0.3732412866	0.09229361576	-0.08484470726	-0.05683653716	-0.1379910412
ST3GAL4	0.8757594247	1.04546766	0.9973264803	0.7406784693	0.3468939034	1.377988264	0.8178213557	0.402166971	-0.147027734	0.6506680716	1.121392446	0.7443532745	1.055766919	1.366912608	1.005821205	0.3537050617
STAM	-0.2474577801	-0.173403426	-0.05609122321	-0.26757338	0.5576281114	0.5903260306	0.2618251549	-0.5038578632	-0.1242545326	0.09277446959	-0.07589995138	0.09044613451	-0.1200790651	-0.2432873778	0.004981692468	-0.1788495361
STAT1	0.5383042535	0.6227746893	0.948260578	0.5262781176	0.5415920925	1.200118532	0.5641096873	-0.03283609682	-0.6128811676	0.1232494315	0.04758454095	-0.1198217681	0.7243596655	0.760433283	0.4567637958	0.6158653143
STAT3	0.4426903372	0.9783378686	0.6503726366	0.8661976368	1.462040865	2.031299668	1.533644897	-0.001533375155	0.8219217773	1.104095523	1.011404285	1.172275205	1.139335316	1.106160094	0.6548508258	0.5867949064
STAT5B	-0.01958446701	-0.1127963833	-0.2633338016	-0.01313758561	0.05378309337	0.1931095578	-0.1584994059	0.01351425913	-0.4075986389	-0.2796737153	-0.5136830007	-0.418647142	-0.3043603424	0.1762413422	0.1227624922	-0.2176607358
STIP1	-0.04392956444	-0.3018175168	-0.08471434437	-0.2611264734	0.2725532156	0.4334090532	0.1250992124	0.4562810608	0.5845326215	0.7082010693	0.1705893255	0.0201485562	0.4157327426	0.4366669715	0.242998503	0.06950147793
STK24	-0.08153700952	-0.05850791253	-0.1764584161	-0.1943205964	0.01776298039	0.733510849	0.4453610407	0.1952102002	0.066635671	0.3285158759	0.1633878707	0.3439273985	0.1307479256	0.4373321712	0.2703176394	-0.03646278536
STK39	-0.0298017982	0.06784233829	0.4626038271	0.2897008078	-0.1008664238	0.619107294	0.8980553427	-0.1861738002	-0.2553658627	0.3050393595	0.6745695861	0.3781969647	0.1739327537	0.09600148847	0.06181739577	0.1582077796
STOM	-0.2132368638	-0.2737812933	0.1983614842	0.2399193645	0.2580475808	1.969140669	0.9410369014	0.6417691321	0.2389608689	0.909932456	1.008055585	1.135361875	1.516332261	1.653709923	1.267799691	0.5281260371
STOML2	-0.1722456614	-0.3288504705	-0.3539229657	-0.130297078	0.09698019389	0.01556329278	-0.1017822652	-0.04291261883	-0.1061856	0.1873941129	-0.08321689726	-0.2271128765	-0.05736638924	-0.06300440976	-0.1563701054	0.08091952951
STRN3	-0.2125178539	-0.0004370063241	-0.1167308751	-0.2861239337	0.05747009364	0.4462721639	0.3496460956	-0.7145078758	-0.1058630896	0.3755219455	-0.08787877787	-0.112080836	-0.2035496618	-0.6749281331	0.1764097116	-0.1447448363
STT3A	-0.03887064567	-0.09437221856	-0.1605084509	-0.07849720178	0.267130959	0.6937307706	0.2211684956	-0.3685884098	-0.08230957022	0.4980303816	0.1550198119	0.1124000848	0.3269279175	-0.1219329395	0.1478623291	0.04977181984
STT3B	-0.2790859032	-0.1825165008	-0.1550466099	-0.4360332921	0.2196198235	0.5209390439	0.2122379293	-0.1086871604	-0.1223656329	0.1835030147	0.0425414838	-0.02345658111	-0.01126368478	0.0103056122	0.06198722842	-0.07864497881
STX12	-0.0704301926	0.04128354779	0.05099161312	-0.02798343861	0.2836383128	0.8247612861	0.6529968187	-0.4802918991	-0.1615021259	0.3044946916	0.4766589194	0.4495212016	0.2627576969	-0.1410736555	0.2084838383	-0.01497364925
STX7	-0.3482723726	-0.2254797298	-0.5293715303	-0.6206496047	0.2677625673	0.5808740744	0.3692669519	-0.3151215574	-0.2189046779	0.1992746746	0.2351753515	0.1538853544	0.1242009988	-0.09577489543	0.1491539726	-0.06460568814
STXBP2	-0.003445922592	-0.2231624271	-0.167355454	0.2734520652	-0.01067772963	0.4591287978	0.2923421918	-0.1118237497	-0.06342701592	0.08688602011	-0.05893481043	-0.08674361943	0.3115550944	0.04723782394	-0.05812709085	0.1306445552
SUB1	-0.02591397839	-0.1725075488	-0.2171520922	-0.001425733723	0.2299976068	0.4962437278	0.5195081683	0.09649534725	0.2158787247	0.02200066661	0.1704493429	0.153373613	0.286329819	0.1613601365	0.2098100395	0.2096126411
SUCLA2	-0.3139689699	-0.5869306913	-0.6628102594	-0.780041067	-0.01014682651	-0.9447488288	-0.6115718127	-1.017411685	-0.2452927697	-0.8515860795	-0.5461776658	-0.7515804173	-0.7541026125	-1.915976631	-0.4132037649	-0.1679790492
SUCLG1	-0.4672058137	-0.951656677	-1.000988057	-0.6722653503	-0.04391835139	-0.7222962692	-0.3616868597	-0.371442964	-0.2376021301	-0.5812282028	-0.171250463	-0.4447702036	-0.6375772393	-0.5196582487	-0.4646789303	-0.03446514299
SUCLG2	-0.6013231526	-1.048398322	-1.210577005	-0.9002847711	-0.06147684402	-0.9070667845	-0.4653568257	-0.4925846896	-0.149285416	-0.5522766586	-0.3833900694	-0.3202310238	-0.5251438861	-0.4238163007	-0.2713813668	-0.1128444881
SUGCT	-0.7188383651	-1.430365594	-1.947219999	-1.747376573	-0.5626243394	-2.0626753	-1.47547122	-1.114065375	-0.2359253227	-1.446469301	-1.535117755	-1.619225475	-1.65981636	-1.392390069	-0.9813485979	-0.4462375009
SUGT1	-0.3058406461	-0.5610160778	-0.2856533488	-0.4395516433	0.2705777094	0.8046356471	0.535897693	-0.3451125085	-0.1406240984	0.2934998104	0.2530926305	0.3286405173	0.4864753088	-0.08788036176	0.356498433	0.05494618466
SULT1B1	-0.6982584276	-1.448051333	-2.413899774	-1.523978193	0.1458066374	-0.2030690518	-0.1380333685	-0.2207198956	-0.378138706	-0.3857218359	-0.1317822161	-0.1509371891	-0.263748248	-0.5724429944	-0.01923824863	-0.2601497858
SUMO1	-0.1928178395	-0.5545261443	-0.213048344	-0.2502282207	0.07643741171	0.7297416143	0.4386745939	-0.3993159362	-0.08064248618	-0.1191734776	-0.1385544713	-0.02716402736	0.1571975191	-0.1620491222	0.228231956	0.05324306706
SUMO2	-0.01483761268	-0.1099933549	0.1028105104	0.0985523867	0.3409866196	1.166117375	0.8919523991	0.005254837902	-0.1242736137	0.4128433353	0.420824188	0.2003980958	0.2601516008	0.4396223153	0.3295514164	0.1469102988
SUN2	0.4038129858	0.8257345792	0.3669144807	0.8781994036	0.3189090501	1.174075838	0.6709657009	0.2531357041	0.3738588717	-0.3101294773	0.3782993916	0.4460581096	0.4094221208	0.7935712884	0.4162192343	0.3073043678
SUPT5H	0.2314597154	0.235210973	0.1957881905	0.3355996791	0.3627811775	0.9318694166	0.5768270628	0.2743035283	0.1718079155	0.6494828669	0.1940653924	0.3078169056	0.4914553595	0.6173214215	0.3041253253	0.2560639279
SURF4	0.2690505009	0.276396693	0.09849923316	0.4869398393	0.1875384893	0.6212056308	0.336626607	0.3442746425	0.3152639444	0.6942333524	0.5087211869	0.2558201339	0.4471715083	0.5073457912	0.1751047315	0.1288531025
SUSD2	-0.5995213161	-1.854676438	-3.283486942	-2.19333518	-0.2099625544	-2.285264999	-2.011150952	0.8362603267	0.5872715014	-1.423456061	-0.8617432225	-0.8144554437	-0.3505573318	-0.05542150883	-0.4430501622	-0.1713924909
SWAP70	0.1177974247	0.2879254345	0.2827162868	0.2939715065	0.1891423884	1.04407626	0.4313255704	0.04690110879	0.7258672814	0.4336240045	0.3233015422	0.3765107868	0.7513137818	0.8691274869	0.7573788043	0.5419058724
SYAP1	-0.5773914206	-0.7279098459	-0.8564188589	-0.5113310654	0.1662735009	0.3619677158	0.2878264633	-0.7632373451	-0.2559042918	-0.1912068525	0.00614109592	-0.1387655631	-0.5154896285	-1.099387066	-0.229260789	-0.08381723977
SYNCRIP	-0.08434593275	0.1236283467	-0.1367468747	-0.1633302572	0.329651636	0.9170024168	0.5467020925	-0.2696100722	0.1171506575	0.7146542318	0.5609623386	0.35726829	0.3886730183	-0.1084576337	0.3955198574	-0.05175272761
SYNE2	-0.3932008648	-0.4376165318	-0.3711703663	-0.7870848552	0.7216468539	1.651885797	0.6812739224	-0.09928541318	0.1058297621	1.19086537	-0.1188304566	0.1196687021	0.3619459222	0.0649964215	0.9841237137	-0.1273647392
SYNPO	0.443694371	0.5357088382	0.6221373612	0.2947204183	-0.5233852112	0.7702270549	0.1066154105	0.7502146131	0.4035428799	1.398279902	0.7672794804	0.4846449524	0.8075472114	1.047828092	0.8164034728	0.5063422541
SZRD1	0.0274353375	-0.03395498297	-0.06058264795	0.07909097803	0.2627644945	0.7342362292	0.2978784859	0.4607940278	0.1056791368	0.2979066038	0.3865250805	0.2839007714	0.5739693384	0.808779702	0.3563556443	0.1393354804
TAF15	0.0945544015	-0.008788729706	0.1754899787	0.1985492966	0.316283803	0.807435763	0.385955704	-0.4238147567	0.3036477718	0.5773357832	0.4949691544	0.5133871227	0.5496107335	-0.3312022642	0.1825103644	0.2018794814
TAGLN2	0.2587991251	0.5698743141	0.5363268149	0.9558976791	1.077866019	2.42628702	1.282979326	0.2187895644	0.4383648827	1.857941855	2.130854988	1.64262605	1.746222808	1.235630368	0.74375142	0.5948166109
TALDO1	0.1076569439	-0.2109092573	-0.1720135748	0.08699556064	0.02136506272	0.1994799309	0.121444044	0.176988712	0.06966145309	1.390234657	1.326312086	0.536120987	0.2569938288	0.1124558144	-0.1287963189	0.08012319814
TARDBP	-0.07559083876	-0.07252842357	-0.02592193584	-0.3722349704	0.3005771399	1.221181773	0.6208095677	-0.516144526	-0.08394646015	0.7052497325	-0.05431636158	-0.3100754658	-0.04360670619	-0.6775941254	-0.1204994133	-0.08323680802
TBC1D10A	-0.2532095751	-0.2468345072	-0.5724439688	0.1537549874	0.0896306168	-0.1137168768	-0.001052370361	0.6427624642	0.7575019748	-0.204704781	-0.1529545407	0.2994712278	0.1772646448	-0.02726467281	0.1074189276	-0.09558612904
TBC1D5	-0.2456029462	-0.09561275264	-0.01394135801	-0.2816697578	0.09945215163	0.4750870147	0.04314630115	0.02083093015	-0.1222768803	0.364875232	-0.1020458755	-0.105204591	0.2969581151	0.5368471046	0.3733840629	-0.1318460978
TBCA	-0.0160069916	-0.1596864549	-0.1525040333	0.2229343955	0.1960129119	0.7585236982	0.7316691341	-0.1145092019	-0.1416134164	0.1509902196	0.3865824488	0.2089756332	0.1670706176	0.1203212147	0.03745450434	0.2200844535
TBCD	0.2541386474	0.1111749384	0.0101027735	0.1296766479	0.1988227415	0.6199810405	0.3703905234	0.2434583038	-0.2376585406	0.408476367	0.3862080134	0.1980189081	0.2899874511	0.6029880648	0.2742951461	0.0553048092
TBL2	0.09678663534	0.3574042448	0.1066318856	0.1881425343	0.2875500469	0.6048199032	0.3230558925	0.1339518192	-0.07171567456	0.5818502821	0.3902942722	0.1415690414	0.2309993116	0.5287980943	0.2216749601	0.09692915141
TCEA1	-0.1489001335	-0.2146936287	-0.3632326239	-0.3559599803	0.2020197345	0.3582492894	0.3367219027	-0.6198189365	-0.2148045061	0.1711852647	-0.01267873391	0.04748233353	-0.0936497652	-0.439599722	0.04916355663	-0.1383908585
TCERG1	0.173230107	0.3820427591	0.2716225212	-0.09824464091	0.3567321623	0.8037967624	0.5352234389	0.1446671347	0.6263213106	1.138895434	0.9123625742	0.8151735668	0.6731491509	0.4824294607	0.2809667307	0.02629917906
TCP1	-0.0472900194	0.06057078968	-0.8016397066	-0.07823437892	0.3361452344	0.3592477104	0.2455167439	-0.5119444471	0.07963621574	0.4852901357	0.3260765914	0.2444956558	0.2241182314	-0.5940650048	-0.1313050299	-0.06552659657
TECR	-0.2787631782	-0.7681596822	-0.5967809467	-0.2813097623	-0.3836097316	-0.1599629211	-0.1080632191	0.3972723776	0.2071953187	-0.2763408171	0.1218471611	0.08532358586	0.5598560029	0.2361858526	-0.1636916409	0.1039566853
TES	0.06422594324	0.1899118281	0.3078527336	-0.1532436826	0.88690347	2.457824864	1.564592791	0.03723678413	1.026996144	1.240736646	1.095915848	1.398160388	1.59936263	1.265266401	1.182809796	0.637052409
TFAM	-0.2743560087	-0.3903040788	-0.2967428204	-0.3261611216	-0.007328567824	-0.2194139441	-0.1418710074	-0.4247944309	-0.3720174781	-0.3827149869	-0.2875389639	-0.3213654487	-0.3997689399	-0.4244738092	-0.1434200055	-0.1761304254
TFG	-0.1509919465	-0.05629194645	-0.247144582	-0.1754291355	0.1671511722	0.6570923442	0.4852962055	0.07762805587	0.2248297608	0.4907433025	0.3711422392	0.2577474734	0.5146751283	0.3101236241	0.215884269	0.07573826044
TGFB1I1	0.7849272393	1.072123132	0.9484652155	0.560728896	0.3626261472	1.472358119	0.8082859957	0.3654983572	0.5354270279	1.675361026	1.729769286	1.169948889	2.037493064	1.698532531	1.277634368	0.8251745241
TGFBI	1.025479975	1.659005653	1.573060715	1.760263614	1.0804406	2.833091552	1.857942578	0.1339595461	1.019959171	1.522202426	1.667175915	2.09842005	2.302941002	2.239665973	2.006426601	1.143481899
TGM2	0.9073144071	1.305469385	1.086165654	0.9017123443	1.076290393	1.4742793	0.592767564	0.3902133208	0.150099571	1.413435688	0.7676354146	0.4705955331	0.7933040605	0.9566030327	0.4708108108	0.1313085863
THBS1	0.1684588615	0.9130947249	0.5894780971	0.2397606037	0.7290704281	1.438025633	1.08703237	1.496545667	2.150046243	1.863626756	1.30421206	1.840507064	2.129254658	2.149161566	1.390147345	1.30163403
THEM4	-0.9300794519	-1.552185573	-1.473400985	-1.673029151	0.07640217693	-0.2005389333	0.03711392495	-0.2739244569	-0.1781684187	-0.3440394743	-0.1738376524	-0.332901618	-0.1857796222	-0.462529842	0.04463954555	-0.04519172365
THOP1	0.0008723813552	-0.1978940074	0.2011224785	0.205936737	0.3170003771	0.6504355149	0.4632141332	0.3705213761	-0.1321820371	0.9101004607	0.1931950708	0.2532575971	0.7258919596	0.6221520395	0.3404406551	0.07053382938
THRAP3	0.09409701169	-0.01748825453	0.03371591776	-0.1573865145	0.3433059687	0.933253457	0.4391946158	-0.2423316698	0.1554204065	0.3199950425	0.2241508286	0.3207399186	0.3191980073	0.4958249581	0.3896979793	0.02400830045
THUMPD1	-0.7089655597	-0.7555903257	-0.92792103	-1.104162179	0.3204240613	0.8550594531	0.4744648971	-0.6319114968	0.1737206525	0.2971182779	0.1598031443	0.2864444842	0.312645146	-0.362851628	0.1093472447	-0.04670199141
THY1	0.05319651748	-0.08159883926	0.8713615368	0.377801152	0.2077710969	1.578977403	1.035365714	0.2008016454	-0.04502595253	0.732108466	1.71816855	1.924702653	3.870692843	4.00896377	3.084901506	1.994400602
THYN1	-0.05146369084	0.01451641041	0.09397382513	0.4038351334	0.2785115095	0.6864549309	0.6098904439	-0.2498505289	-0.111285597	0.9089929785	0.5802532307	0.3170284414	0.1600457506	-0.004220135433	0.1526505602	0.1377915032
TIMM10	-0.1143092889	-0.1153844839	-0.2715598463	0.1508846339	0.1219491429	0.306633541	0.3271549883	-0.3525420945	-0.302443084	0.3372994556	0.5161682355	0.1388325706	0.126206728	-0.2786773994	-0.283890133	0.08761260495
TIMM13	-0.0319221642	0.02506165246	-0.2145756555	0.3602045536	0.1467027239	0.1294932875	0.3771706841	0.1086620644	-0.07954077146	0.005606594122	0.3968963282	0.09305244905	0.002301649962	-0.04911387477	-0.157486488	0.2021542764
TIMM44	-0.1606894617	-0.4402613581	-0.3577166029	-0.2582202453	0.1095997306	0.02588124991	0.0609448627	-0.6266711578	-0.1112927809	0.06682257071	0.02469756896	-0.07996128226	-0.1466030041	-0.4983383997	-0.1607320176	0.02353106847
TIMM50	-0.004647485745	-0.1507138123	-0.1074543114	0.2162707056	0.2395686328	-0.01175829304	0.02311870049	0.086666592	-0.1992263834	0.1082560422	0.2154973823	-0.2409040532	-0.3395761406	-0.2802248269	-0.4558701173	0.1202922062
TIMM8A	-0.2748422676	-0.2744217715	-0.2465980094	-0.2576799419	0.1148414573	-0.0856601989	0.07524550172	-0.2373822231	-0.1965267843	0.09315603479	0.2271694719	-0.1401622176	-0.3000963696	-0.4615795027	-0.3073145306	-0.05394921511
TIMM9	-0.1897031809	-0.1757701841	-0.4375037097	-0.1193922189	-0.1594096474	-0.3375684369	-0.07796530266	-0.2105214502	-0.04046183261	0.2915647405	0.1965520238	-0.3335724685	-0.08011240599	-0.389043038	-0.2153656903	0.01870041723
TIMMDC1	-0.3330249127	-0.4377066638	-0.5491792119	-0.3589948947	0.155558868	0.2712823794	0.1917043587	0.06258707971	-0.1905029726	0.4465896583	0.03298560662	-0.2862161982	0.1556274451	0.04913546319	-0.02128908897	0.01150647971
TJP1	-0.4198371512	-0.220725908	-0.05280465706	-0.6634652641	0.2677759475	1.233577666	0.540969495	-0.3475643918	0.09240537448	0.8557150574	0.3892188237	0.6903674823	0.3806746877	0.4095038387	0.7789569735	-0.09759276577
TJP2	-0.3526434736	-0.4110749165	-0.2492759928	-0.472454073	0.6864608784	1.680251297	1.063779843	0.2061371896	0.6169458595	1.316030234	0.9793398374	0.9362110733	0.9164583156	0.9809371164	0.548783677	0.04700165925
TK2	0.1556852385	0.2586544635	0.2656749003	0.4033811253	-0.1642585847	0.4262638232	0.3241798616	-0.1204363276	-0.3110415507	-0.4084368115	-0.339607091	-0.06558213692	0.1261947032	0.2798652821	0.1470293389	0.1105077767
TKT	0.2227074357	0.3491152828	-0.1346283172	0.3812841386	0.003304720959	0.5785510503	0.5390186722	0.2876690357	-0.1238040689	0.9374294608	0.8608351518	0.4161633335	0.5510381744	0.5741703611	0.2401965831	0.3258589709
TLN1	0.1526531896	0.1106439269	0.07031824372	-0.0313441273	-0.005164129999	0.7974933829	0.0906348166	0.60123404	0.108922709	0.6444453897	0.01154935882	-0.0204505575	0.5223362285	0.99806062	0.5198319132	-0.07711601781
TLN2	-0.3126410172	-0.6649946482	0.5835263583	-0.7586165478	-0.6717013141	-1.240090594	-0.9825101312	0.4228233294	-0.1608963639	-1.140729004	-1.437341762	-0.9772403305	-0.7008960548	0.1694321674	-0.03130962291	-0.250008365
TM9SF1	-0.04565101191	0.1057998845	0.01019829916	0.1928044862	-0.0238325339	0.06592030372	-0.05259860688	0.2177438257	-0.191912934	-0.1370207779	-0.1242130921	-0.1923911664	-0.1273572993	0.2504683092	-0.01893420677	-0.04585702479
TM9SF2	-0.1675459325	-0.1545181425	-0.3729442525	-0.3420366923	0.3115446992	0.5445954896	0.3510305492	-0.4015603354	-0.2100033506	0.2156990604	0.2396464394	0.2857509903	0.07622666612	-0.1220938526	-0.05156588461	-0.1131413582
TM9SF3	-0.2656725443	-0.2135228823	-0.3682891046	-0.4493229352	0.04285080404	0.1823041548	-0.04014825672	-0.746726558	-0.2735061812	-0.04249378655	-0.155179793	-0.1085766329	-0.02418330355	-0.8362187315	0.1403347515	-0.1655646732
TM9SF4	-0.0622945793	-0.1518220361	-0.1132993574	-0.2032163549	0.2246447534	0.6730665266	0.1977214454	0.3986125498	-0.008008439705	0.6189007967	0.2621222898	0.2490844354	0.5745238699	0.6221809662	0.1771222925	0.06464804677
TMED10	0.05440923221	0.06849154174	0.03767662293	-0.05946926563	0.2283561729	0.7090327509	0.4290655	-0.07581180307	0.1107488679	0.3731156382	0.3575961992	0.3311342388	0.3808472399	0.2232066124	0.2385007481	0.2136068378
TMED2	0.08681024503	0.08126787151	-0.2815082529	0.02032087523	0.2124764673	0.6521700089	0.4170871709	-0.2483639031	-0.04016605428	0.2185635681	0.5021165245	0.3694138679	0.1965720822	-0.006355626886	0.1364590086	0.07556725895
TMED4	-0.4659598676	-0.8755549836	-0.8396389862	-0.5533062886	-0.02347606579	-0.01406209404	-0.007766324409	0.1286312731	-0.1143677126	-0.1826738693	0.1869092274	-0.0278017289	-0.08845899476	0.1192896052	-0.06989867272	-0.03492044271
TMED5	-0.1802883087	0.0374248079	-0.3270159653	-0.2256990976	0.6186988856	0.8003030243	0.7012072333	-0.6979927092	0.2012094129	0.8718210665	0.788907079	0.5973168867	-0.1434242765	-0.9054716083	-0.1521176931	0.08899784784
TMED7	-0.1864710021	-0.07830454083	-0.2120656753	-0.3186726768	0.1730293219	0.3096775747	0.2874915837	-0.09177842389	-0.2215479559	-0.07116449381	-0.02541032963	-0.01020973752	-0.2033328732	0.062965972	0.1167781612	-0.1636372009
TMED9	0.1835611931	0.194536864	-0.07359198585	0.4024285891	0.4243310557	1.140453623	0.8243227829	-0.04478778598	0.1165793054	0.4914812618	0.5099142448	0.4162438654	0.635118409	0.4494541968	0.3012676954	0.270632744
TMEM109	0.2683342345	0.2027052678	0.5121110979	0.3063635065	0.1284316463	0.7804938779	0.5136274459	0.2101502826	-0.06313113347	0.4757191439	0.4877502635	0.002161239022	0.2261970048	0.2792703318	-0.009471329749	0.109868868
TMEM43	0.2581435374	0.5494459701	0.2322013919	0.4965828982	0.6938228214	2.091268204	1.429445405	0.1382774677	0.3344464587	1.620374508	1.668761959	1.685486165	1.373316285	1.152326214	0.9022590651	0.4714752352
TMEM65	-0.3227829073	-0.2105931336	-0.4806711366	-1.083223188	0.2340267704	0.4948012673	0.4865519901	-0.2239608342	0.06982619026	-0.04125092688	0.03653341123	0.01627106215	-0.3193203369	-0.1517904812	-0.0135485547	-0.229202855
TMOD3	-0.2897049508	-0.228301374	-0.3368504424	-0.4905148022	0.4069262122	1.200528898	0.7511826402	-0.3357163961	0.1541355674	1.029139019	1.06153729	0.9703739401	0.8423210049	0.4447021214	0.847708453	0.2818451848
TMPO	-0.08342970006	-0.06580264419	-0.1156103964	-0.4481512913	0.7481178783	0.9978164141	0.6221862771	-0.02158559496	0.02120855531	1.180457807	1.03037348	0.795922241	0.668152214	0.5076557994	0.4527890806	-0.1132290517
TMSB10	0.6665696037	0.9503063855	0.7746966597	1.273861978	1.138376252	3.806882573	2.660189963	0.4267330887	0.4268710994	2.679012397	3.427870573	3.101436641	3.696333128	3.078669823	2.527222091	1.884919684
TMX1	-0.04609682083	0.09212317859	-0.1167467132	-0.1533811163	0.4927818547	0.4697719576	0.3651518531	-0.3583715516	-0.2442043843	0.1534401542	0.3801681496	0.1494563801	-0.2784709859	-0.4826663633	-0.08927654517	-0.05002875283
TMX3	-0.03678771553	-0.005151593523	0.08558006561	-0.6153003489	0.1010781301	0.8774852608	0.5081129754	-0.4039430217	-0.3710172396	0.3127989079	0.3594706282	0.2636783914	0.2317246562	-0.02374237692	0.5554542502	0.01350713018
TNKS1BP1	0.5747349032	0.9272953107	0.825006632	0.8102954689	0.339978619	1.266362478	0.6433916017	0.1148808414	0.1539692897	0.691187902	0.5905302443	0.3902422148	0.5437289296	0.9132895686	0.495269465	0.07845135489
TNPO1	-0.5171835932	-0.4408050763	-0.4128189483	-0.8772526567	0.1592070147	0.6249024536	0.2337894429	-0.61353313	-0.31440838	0.1256767996	-0.1182755665	0.1324077657	-0.3349067863	-0.3606083985	0.1774596467	-0.2631381888
TNPO3	0.02273777582	0.04027885946	0.1412592255	0.006759920559	0.2022471339	0.5946608686	0.2784925692	-0.5112920301	-0.1812965102	0.4362803175	-0.1133487774	-0.06601760892	-0.03463992193	-0.3869930647	0.1621997922	-0.1078972359
TNS1	0.139670361	0.1285402442	0.2893412009	-0.1271384673	0.05892890634	0.07456339083	-0.1256769412	0.3865205042	-0.2328673327	-0.1817643042	-0.1481280849	0.2221425676	-0.0763519576	0.289211276	0.1716907234	-0.3001238488
TOLLIP	-0.03576481469	-0.1716646068	-0.03817338207	0.1221842505	0.1971767925	0.3570399917	0.1541592412	0.1392230178	0.09976257204	-0.01349281131	0.1543488867	0.1206194897	0.1021518844	0.2852765752	0.1195489693	-0.07962826228
TOM1	-0.204047474	-0.5509088442	-0.4484256446	-0.3391993413	0.1035727509	0.3801296525	0.3510230037	0.2845401524	0.2325637779	-0.06796604286	-0.2045764901	-0.05496811909	0.1177194695	0.1326747274	-0.003967577196	-0.07302682114
TOM1L2	-0.03327803094	-0.3709174343	-0.1515603436	-0.6657584387	-0.2472452272	-0.03467887994	0.01248515905	0.4572739161	-0.14908723	-0.3169932543	-0.5023159779	-0.4325314027	-0.2103574197	0.2781672724	0.01883713084	-0.07739527663
TOMM40	0.07843018894	-0.1352076738	-0.04888915777	-0.01976693107	0.051735301	0.259837203	0.2275017974	0.1825874395	-0.06366738525	0.6552625018	0.4991699148	0.181454154	0.4829717331	0.2896089716	-0.01568125697	0.09061614033
TOMM70	-0.3206788839	-0.4866018077	-0.478806661	-0.3617123526	0.1698997781	0.0692796289	0.08149128218	-0.7882879374	-0.3363433189	0.07238927277	-0.1008701917	-0.2629005836	-0.44348142	-0.7798466565	-0.08898146277	-0.2094039761
TOR1AIP1	-0.04496256209	0.02120082029	-0.06146721873	-0.3228615862	0.01900041336	0.2967949053	0.1363727756	0.06655226002	0.08394068095	-0.174207852	-0.05819252184	0.05882929174	-0.001374785765	0.3065285689	0.1914983622	-0.03534245296
TPD52	-0.4225058087	-0.2389509758	-0.7176516104	-0.717889338	0.4425795946	0.6807681596	0.4897259134	-0.1322114157	-0.03318120805	0.8176988013	0.6134730481	0.3495473449	0.3375603153	0.1024276741	0.1873828116	0.05805645697
TPD52L2	0.06111030493	-0.02534231837	0.2198143604	0.02067908867	0.253753823	1.172392851	0.7960859584	-0.02466307542	-0.07629555789	0.5264512143	0.2923182624	0.3681184996	0.6902403897	0.7343342781	0.5865468257	0.09288601272
TPI1	0.02979019698	-0.1245121188	-0.0585729081	0.08601027645	-0.001836409473	-0.255506587	-0.03388393842	0.148758097	-0.2154954283	-0.5241645991	-0.2307987369	-0.4009729483	-0.2106394054	-0.03688281855	-0.1536944655	0.02484649668
TPM1	0.7348192397	1.053868621	0.9014212819	0.8429868499	0.730314265	2.241789719	1.464053098	0.1606978752	0.3258842694	1.656317353	1.89849203	1.494852095	2.153278987	1.939268787	1.435768209	0.8487608633
TPM2	0.8549209879	1.098331093	0.7622375156	0.9716193239	0.60655133	1.9991266	1.411384158	0.3322047327	0.1028315289	2.227267634	2.731935746	1.594186789	1.502140674	1.261667009	0.6351161606	1.052824068
TPM3	0.3182564231	0.3073644705	0.4438623266	0.5350931238	0.6627804301	1.52224374	0.8825370005	0.1993377274	0.6462627603	1.66381718	1.309717336	1.089077118	1.306760379	0.9025744989	0.5929348101	0.3480527753
TPM4	0.8324541206	1.302714001	1.407661256	1.117872365	1.344027083	2.596267143	1.665145538	-0.1341327461	0.922059806	2.584047298	2.675498588	2.026905036	2.100045857	1.245264682	1.333220968	0.7307568551
TPP2	-0.07935608233	0.1056313581	-0.2739749733	-0.2515980912	0.3376370891	0.7634760731	0.3966711211	-0.6025595548	0.3105289084	0.4085221822	0.1517454161	0.3066199325	0.1853611315	-0.2980720606	0.1920636608	-0.009649719467
TPPP3	0.6149867178	0.03181168699	0.596996862	-0.04518687372	-0.04052324794	0.4034636495	0.1863807701	0.8065018582	1.126166237	0.2600369967	0.259473473	0.1191188562	0.4787598361	0.4015040698	0.3485423617	0.4154055259
TPR	-0.04586793071	0.005356391537	-0.07390878908	-0.1722353866	0.5020584668	1.004586556	0.4232333013	-1.345118804	0.2279833898	0.5799336468	-0.06686531111	0.211230281	0.1643881694	-1.874393705	0.4014454636	-0.09544312408
TPRKB	-0.1539483616	-0.2199683132	-0.3375320592	-0.04379040842	-0.5559925344	-0.7865967469	-0.4273022187	-0.1503741653	-0.2140764492	-0.4561972275	-0.4601453573	-0.5652528273	-0.4394903817	-0.1165292561	-0.08445887663	-0.08385012752
TPT1	-0.1367605392	-0.3104379281	-0.5014632478	-0.1458122128	0.351769183	1.083971112	0.7992970367	-0.07234697244	0.09561251549	0.3604353478	0.4973746345	0.6059933142	0.5361292526	0.009904912649	0.1995318363	0.07334430861
TRA2B	-0.03740454113	-0.05649489108	0.1302760498	0.0163922536	0.2786447229	0.8983862829	0.5374487752	0.09209775772	0.7251790863	0.4517742207	0.3725612045	0.198259279	0.4889665709	-0.1568416864	0.3195071246	0.1206340043
TRAP1	-0.07840662846	-0.2420772023	-0.4570119919	-0.2995508517	-0.1264991771	-0.9627880374	-0.7954564319	-0.3112641715	-0.2154217554	-0.6622256566	-0.7838109023	-0.8096000898	-0.8017666567	-0.505030125	-0.4874508804	-0.1538024912
TRAPPC3	0.05535756671	-0.04646947865	0.05239054764	0.1888624364	0.1776431379	0.677345298	0.4967495483	0.04000056288	-0.2632318517	0.06515059059	0.2532691625	0.1620747999	0.294842865	0.2340755826	0.1125769816	0.1314920285
TRIM21	0.2006120222	0.3103578381	0.8579167307	0.7961993414	-0.04040369065	1.038322364	0.50902768	-0.7570815418	-0.8097390914	0.1004708361	-0.1323993834	-0.119296741	0.1824943816	0.3095234717	0.3626468868	0.3970214813
TRIM28	0.08601769666	0.1320736053	0.09801615784	0.3375147815	0.4214497348	1.250062862	0.8152790636	0.461309181	0.09489844024	0.9244575382	0.7508338187	0.7314776951	1.229665558	1.043364218	0.5218202974	0.1467950788
TSFM	-0.158662782	-0.08863506915	-0.4266729475	0.1420381482	0.07819275413	0.1285567255	0.06240706031	0.09886102144	0.01648186779	0.1989643971	0.1678583442	-0.07740867991	0.2851155688	0.06583032483	-0.1297240374	-0.002251801093
TSG101	-0.1023351253	-0.1467594576	0.05979856274	0.1136123034	0.08390597842	0.5921208153	0.4823741281	-0.1619379917	-0.169747699	0.2242252163	0.2990650817	0.1724512934	0.3484834268	0.1150096143	0.03440683879	-0.04254312837
TSN	-0.05849676982	-0.0859036419	0.01440341152	-0.005359966126	0.2108547285	0.6792420386	0.541305554	-0.1442698404	-0.08538771274	0.423825197	0.3786904243	0.3930762191	0.3928565411	0.2275675386	0.2937683236	0.06235446045
TSPAN8	-0.01358282232	0.4768016958	-0.02114327344	0.2779353081	0.3257127957	1.61506969	1.619317605	-0.1796058097	-0.1533983157	0.8310923224	1.531514885	1.134492399	1.313154895	0.7001057124	0.9434137417	0.4340597685
TSTD1	-0.2592689983	-0.5316837545	0.1196019366	0.2579348393	-0.7556596917	-0.523380375	-0.2786336565	0.02514506712	-0.2515738001	-1.232978722	-1.136426427	-0.4756541656	0.3527258116	-0.1575730528	0.004272252438	0.02962167494
TTC38	-0.5082047391	-1.191230647	-1.067618883	-0.7099134174	-0.5087032777	-0.4298044225	-0.3375921045	-0.05269686649	-0.3743555058	-0.6861785456	-0.5843371785	-0.341799087	-0.3060145899	0.1338033555	-0.08011576488	-0.1529138542
TTLL12	0.08805176376	0.03424245113	0.1787624585	0.2606165223	0.3387894137	0.7888890648	0.4282937603	0.3504050552	-0.03211843136	1.423288795	0.3103952758	0.1947260569	0.6217451119	0.6343874248	0.2881313622	0.1995539977
TTR	-0.6399273105	-3.975171204	-5.796944965	-4.104514662	0.2195848672	-0.6203057845	-1.399964089	0.1188483033	0.3235660511	-1.960426494	-0.7365251573	-0.3176740183	-0.3005039957	-0.2170393883	-0.02118155263	1.355628185
TUBA4A	-0.3216223428	-0.3825308794	-1.546454344	-0.4005219866	0.4079560861	-0.2985348746	0.2215880024	0.6726369952	0.5434295077	0.4490018735	0.6606004234	-0.2241767153	-0.1028863004	-0.09088722783	-0.3781304727	0.04252470258
TUBB	0.6277358266	0.9809313744	0.4663101177	0.7208378845	1.940135851	2.68916636	1.943118871	-0.03630372697	0.1460552884	2.491799812	2.808846142	2.112192894	2.381382405	1.836777131	1.504699788	0.8028220406
TUBB2B	1.613397717	1.983940673	0.809231499	0.7679616434	1.498005006	3.029794705	2.544116103	0.8605341843	0.9732848383	2.064913612	2.743724152	2.399512131	2.958964562	2.486521754	2.18317231	0.9610294092
TUBB4B	0.02911557886	-0.02798631756	-0.2705360241	0.5019824986	0.8727082998	0.1406901944	0.3649507589	0.1849169961	0.7535912803	0.6732111813	0.8538678556	0.1419590667	0.2794499963	-0.07707603013	-0.2003904541	0.03568906354
TUBB6	1.187373795	1.471391396	1.108998728	1.032875801	1.838909756	1.88931757	1.195512555	1.180885589	2.456724767	2.407920553	2.653684692	1.944970389	1.898926845	1.51482578	0.9895626176	0.6777165113
TUFM	-0.09347394501	-0.3306880524	-0.5518184116	0.008159593266	0.03281001483	-0.4605758853	-0.4357172319	0.1530354138	0.04869182828	-0.1573495746	-0.3533665821	-0.5939921264	-0.1228695884	-0.1442045165	-0.3896421558	-0.0369098371
TWF1	-0.3690669793	-0.2528817124	-0.3359604611	-0.2557597093	0.4651315872	0.6540557315	0.3419386527	-0.2382001891	-0.0357697156	0.5193934427	0.5202070844	0.4366667263	0.3682290429	0.1615488073	0.1799099616	0.03181099442
TXN	0.03437994036	0.09684129505	-0.2397791848	0.4398481109	0.4306712767	0.5322939951	0.4666610866	-0.5259643485	-0.1742662262	0.6570289368	0.7265241694	0.2395298216	0.1002815887	-0.4725989443	-0.2177216126	0.1322917495
TXN2	-0.2600695143	-0.5190417932	-0.4682886626	-0.1974441119	-0.1610657149	-0.2065953839	-0.08065534389	0.06676666102	-0.008674430437	0.06012669576	0.1470400597	-0.1750255966	-0.1169146515	-0.1827902335	-0.3017421073	0.07150742371
TXNDC12	-0.2086503648	-0.2911275625	-0.3054178239	0.06934391566	0.2285943668	0.629527649	0.3411422754	-0.07543586707	-0.05083855447	0.220861903	0.3166241054	0.1627917021	0.4915464409	0.2040476359	0.1587171574	0.07067152957
TXNDC17	-0.1047309954	-0.15757595	-0.4090415786	0.4074419158	0.03220560818	0.1319518768	0.2492709509	-0.3471535471	0.007635167478	0.1099992245	0.4758018883	0.2806473442	0.08118693172	-0.4436991761	-0.08562437585	0.05389473528
TXNDC5	0.8991272483	0.9903946534	0.7200351578	0.9704243935	0.1885159386	0.8158025911	0.4444546479	0.2169475617	0.01286510428	0.5264077863	0.5628389802	0.3285974965	0.8544447717	0.8864518805	0.4633555716	0.5217695426
TXNL1	-0.2102408205	-0.2752637901	-0.4224338123	-0.3442442848	0.2739344362	0.3004804644	0.2805090349	-0.2621541625	0.1604892622	0.1695262192	-0.07089489988	-0.1642230539	-0.2161209673	-0.2881367506	-0.0968691348	-0.05708963006
TXNRD1	-0.06012686931	-0.1417178643	-0.3197606515	-0.3742498144	0.6241947374	0.4054313993	0.4779212185	-0.1111061935	0.7364927063	1.499698919	1.263854571	0.4552187646	-0.05750372909	0.03720430415	-0.1844164514	0.02896753507
TXNRD2	-0.2044105885	-0.5353555022	-0.752248341	-0.1341705799	0.01893655206	-0.3424045634	-0.2681485827	0.05743796737	-0.0725105743	0.1470096597	-0.183086337	-0.2924518655	-0.01259565339	0.04562732765	-0.1126503451	0.1484622946
U2AF1	0.152199284	0.09410476278	0.08589434016	0.2810657971	0.3667834982	0.6010071282	0.3955627422	-0.1194963353	0.4886542574	0.5403252437	0.3232557194	0.1824221675	0.3683448752	-0.2491792028	-0.1512578863	0.1375895562
UAP1L1	-0.4958230111	-0.9728355931	-0.5665863267	-1.00060916	0.8544135309	0.6701180855	0.7874048781	0.05821959067	0.02255032646	-0.4693954686	-0.5568697601	0.0393158001	0.6442278479	0.276103835	0.07615620245	0.276702864
UBA1	0.02626068555	0.1479316579	0.0200233209	0.3080864222	0.1767207205	0.577101004	0.1264685431	0.3461606711	0.03696948473	0.5812750259	0.2201064562	0.1387822822	0.4101605684	0.5804091498	0.1692322305	0.03079090764
UBA2	-0.1319171564	-0.01061942678	-0.1752031492	-0.3291984219	0.3237360066	0.7684044729	0.5817736248	-0.2455011266	-0.05119593714	0.6163879297	0.5269478708	0.3469145705	0.4306052538	0.368709647	0.2757162622	0.005986059406
UBA3	-0.1049463841	0.07813529361	-0.1109190459	0.02710853088	0.293655926	0.6224262978	0.381921647	-0.8658934573	-0.01704530782	0.366825206	0.335533102	-0.02129465431	-0.006130331845	-1.291715265	0.05620634608	-0.02651163849
UBA6	-0.2507556897	0.07418357243	-0.2143515429	-0.379056962	0.3189147648	0.8520796607	0.4176012123	-0.5101894933	-0.19856285	0.7095699228	-0.03682265131	0.0589702698	0.04905703646	-0.7758080035	0.487099236	-0.155383558
UBAP2L	-0.01492398034	0.08408572855	0.09025362414	0.06497765789	0.2054821979	0.7852484865	0.312546652	0.253962062	-0.07825865015	0.5971380345	0.2270864946	0.3236769824	0.5205526462	0.5839428969	0.3109774019	-0.03320975062
UBE2I	0.1900584788	0.2635446855	0.2556989923	0.3751432384	0.2620517194	1.035923409	0.7695101869	-0.1610736443	0.3521188408	0.8305208393	0.6148740827	0.5393186482	0.5361027179	0.3817921372	0.2202189489	0.1068261452
UBE2L3	0.004480686604	-0.1108475811	0.01344540187	0.1236430639	0.1622459574	0.5741400253	0.2942698271	0.1997721652	-0.05505967055	0.3995079464	0.2320939174	0.0721994259	0.4586406512	0.3780750508	0.03692624555	0.1843401857
UBE2M	-0.0363809652	-0.1751062447	-0.1688400192	0.01672364178	0.1704981529	0.5643956719	0.5462425264	0.1834389208	-0.06613228697	0.3991059839	0.4542012309	0.1830968907	0.3297996654	0.143007094	-0.04686674264	0.1952636639
UBE2N	-0.1480901613	-0.06665086562	-0.1179842273	-0.1765465869	0.287151284	0.6437564538	0.3173692316	-0.03777960691	-0.02477074258	0.5867837641	0.5165070927	0.1673458677	0.4096374385	0.1347901314	0.1976049646	-0.0002820682742
UBE2V2	-0.1252314601	-0.06358022233	-0.3417397073	-0.2939756748	0.13158355	0.239076214	0.2826989126	-0.4955740514	-0.3294921228	-0.01954656251	-0.1145313941	-0.1620261793	-0.07016036307	-0.7631774998	-0.04694716676	-0.1140235206
UBFD1	-0.1370912264	-0.09275276953	-0.06914562216	-0.1027766017	0.1287995524	0.3789245791	0.1637096948	0.0652036981	-0.03498399317	0.1440401502	-0.1622194925	-0.1217798797	0.2174891352	0.3831587426	0.09352070263	-0.01031499884
UBQLN1	-0.2717906872	-0.3729369563	-0.3094463779	-0.3918125324	0.2741833328	0.2676007597	0.1716917086	0.09545252012	0.4267152426	0.2128045898	0.05161248033	-0.00783339992	-0.08417918297	-0.05889864453	-0.1466861288	-0.1786815827
UBR4	-0.06850269891	-0.2130633491	-0.2430801366	-0.530080754	0.3088349011	0.7492358306	0.2300130569	0.4260932835	0.009008857917	0.4699529875	-0.1729849532	0.03382002518	0.04896043973	0.6697989269	0.2939583345	-0.128822828
UBXN4	-0.1955439994	-0.2013050084	-0.2179151817	-0.03665916255	0.4251351726	0.6779652951	0.3789967637	-0.3856830053	0.4865635969	0.4104193915	-0.1658313989	-0.03970318144	0.1364317379	-0.394474018	0.08974936459	0.06927884789
UCHL1	0.07790927713	-0.04190757652	1.280748257	0.762796756	0.5118686741	1.5807204	1.27086745	-0.1702984691	0.3121634405	1.000876364	1.405255426	1.579899318	1.136284015	0.5311484496	0.4581026553	0.1935801707
UCHL3	-0.05871576291	-0.1018633915	-0.05913520199	0.02008453304	0.5050707983	0.4280378688	0.4790918292	-0.3923256316	-0.1282746342	0.9998238034	0.5480057039	0.2093032559	0.2295022003	-0.5132739732	-0.09090219399	0.2009683805
UCHL5	-0.2563010495	-0.3155373527	-0.2317077387	-0.3233248511	0.4225664168	0.4056227196	0.4323341408	-0.7842908559	-0.2660325288	0.4142215631	0.5362371052	0.3672465344	0.153213923	-0.7688213774	-0.0831659873	0.05790574323
UFL1	-0.0874180352	0.07931113594	-0.1916315428	-0.1384198294	0.01437430123	0.2115439677	0.1288596355	-0.8674100669	-0.3018858496	0.06197014845	-0.1638297783	-0.1116258035	-0.2540948788	-0.8019585986	0.06774222135	-0.07570553112
UFM1	-0.03411802471	0.0192925096	-0.07463465504	-0.1355478552	0.1767731478	0.275122016	0.182850289	-0.286023417	0.02484032417	0.1582802103	0.2231579345	0.1071648075	0.06740088489	-0.2499986417	-0.01012479849	-0.01231016065
UGDH	-0.04371879674	0.04337054187	-0.07271508843	-0.5423399972	-0.2008501971	-0.5481759991	-0.1326416447	-0.5971173674	-0.4103855271	0.8962973725	0.3657527264	-0.06017301487	-0.6542089524	-0.6049985914	-0.4370875528	-0.2151486505
UGGT1	0.05818321787	0.2174946921	-0.06747058639	-0.2139461242	0.2643957128	0.870778865	0.2960522419	0.09174027561	-0.1193016581	0.5595138262	0.1376458614	0.1070149504	0.3038960066	0.3878797016	0.3019710926	0.07487304213
UGP2	-0.4676901496	-0.6777433176	-0.8126002562	-0.5972102887	0.1200587259	-0.1755993601	-0.06531073682	-0.7807107536	-0.08161431021	-0.3875207426	-0.06812951697	-0.06920121453	-0.3034981891	-1.085804446	-0.23398826	-0.1484181895
UMOD	0.2033025171	-1.64400482	-2.90773417	-3.0170677	0.2302900012	-0.1165085277	-0.03797662848	0.1172687445	0.04976175033	-0.6987683476	-0.3766799378	-0.5680947726	-0.6930984166	0.25699691	-0.0629235642	-0.03404924031
UMPS	0.09482493125	0.1646388677	0.1043845661	0.4364077167	0.1293839532	0.4855968443	0.1442721778	0.1127559611	0.02860915848	0.5174371414	0.08880018331	0.2603718399	0.271851115	0.3185090767	0.1422649555	-0.09795435375
UPB1	-1.104102882	-2.335347896	-2.756617193	-2.579976269	-0.5904777914	-2.241656917	-1.325594117	-0.2031753288	-0.2093803335	-1.848704403	-0.7635252113	-0.8988661808	-1.226347442	-0.8833431158	-0.7347038572	-0.2813638012
UPF1	0.02998929916	-0.0203887862	0.0184772902	-0.192063233	0.0828152671	0.5951304304	0.3020951352	0.1545595853	0.1506642761	0.518869278	0.1210240022	-0.02247362359	0.3822167634	0.4744934151	0.06969104905	0.02032572664
UPP1	0.5335179398	1.476089264	1.320299416	2.241336771	0.03909945147	0.6907793747	0.5563795072	-0.02978856888	0.4017848034	0.8047656839	0.48804704	0.316068992	0.5814322827	0.297181779	0.1855990271	0.2163962553
UQCRC1	-0.2610853651	-0.6602507778	-0.9255575115	-0.7236690699	-0.09257269297	-0.7061987825	-0.3925115488	0.2340062241	-0.03469284821	-0.4409153195	-0.1779957417	-0.3643949995	-0.4460784337	-0.2076922034	-0.4222231536	-0.01438131173
UQCRC2	-0.4080234708	-0.7271289863	-0.9082275778	-0.610278921	-0.01838420505	-0.7902098775	-0.5005345426	-0.5952022348	-0.1603265585	-0.7466863029	-0.4565060445	-0.5079434223	-0.6676712603	-0.7850662638	-0.3532164591	-0.1413558195
UQCRQ	-0.3245172582	-0.486503066	-0.8140537546	-0.3453379487	0.050382395	-0.6356930098	-0.1439696317	0.1400098135	0.01527662199	-0.4838592816	-0.0001596378467	-0.1547438496	-0.3436097997	-0.326266304	-0.3945145819	0.2730718343
UROD	-0.05732858629	-0.1729708859	0.07325199112	0.3836802699	-0.01986047346	0.06641249566	0.1649929599	0.05062597103	-0.2626474518	-0.3163500792	-0.2133015711	-0.2023993984	0.1282703404	0.119028111	0.03357865146	-0.006379753783
USH1C	-0.742064048	-0.9357707492	-2.912274636	-1.077808962	-0.2658572884	-0.5440734561	-0.4749863681	0.2064707048	0.03971566718	-0.27425358	-0.5128955812	-0.5643741738	-0.1854361792	0.07208774973	-0.1975677362	-0.02789655103
USO1	-0.2342928642	-0.3168439028	-0.4210351317	-0.4750468662	0.2818277303	0.4009293197	0.1403744144	-0.4979106133	-0.05779495917	0.2923915161	-0.002060194136	0.002902071353	-0.2009143601	-0.3491581154	0.01956724948	-0.04474553377
USP14	-0.1251439239	-0.1663872856	-0.3821708037	-0.7583450047	0.3084968311	0.5902990085	0.3789609626	-0.4110527103	0.01181045698	0.6169972917	0.467236692	0.1903543415	0.2464200767	-0.1638965044	-0.07482344703	0.002564127011
USP24	-0.07918293161	0.08332023103	-0.2352379247	-0.4908747912	0.383939863	0.4073196498	0.06718287238	-0.6244038047	-0.07803327558	0.16047217	-0.5800214853	-0.5033387265	-0.4930554967	-0.813059061	0.06469345402	-0.2029576759
USP4	0.07875752668	0.1221632962	0.1095595444	0.2624769491	0.3490852061	0.6671003986	0.3307280321	0.1498432532	-0.06483981074	0.07709785021	-0.04562963596	-0.03495511103	0.1788647421	0.3032945353	0.1738137068	0.01094107601
USP47	-0.2674224756	-0.278124186	-0.2405346724	-0.4701182866	0.3266033699	0.4682749265	0.1940681283	-0.9785414995	0.04146194338	0.2372296581	0.08326918162	0.05049914436	-0.122825814	-1.218090296	0.02497640411	-0.1179465542
USP5	0.07542513575	0.05563945151	-0.1200587934	0.3151193243	0.1822502896	0.4571214834	0.2060154602	0.2752950352	-0.1980842741	0.3976183598	0.1985934189	-0.0295825329	0.2377112546	0.4092695497	0.04128858605	0.07003624761
USP7	-0.01149899907	0.005650930414	-0.0869134427	-0.05368610562	0.100818753	0.4616453687	0.2953709965	-0.290843997	0.1934517405	0.250831859	0.007419958279	0.01346247712	0.008905211648	-0.1212188246	0.03931889091	-0.07448907688
USP9X	-0.294170951	-0.06294045605	-0.2962132092	-0.2059815776	0.2491474396	0.7322624568	0.4070058711	-1.149826163	0.009115365835	0.5018987825	-0.6027583039	-0.2151483823	-0.7716483923	-1.896141304	0.2454628042	-0.3476991507
UTRN	-0.1416412086	-0.05948115936	0.1011790054	-1.007716624	0.07988482673	0.728618757	0.2910223617	-0.1098960179	0.1106295411	0.5830497358	-0.101027992	0.0534139056	0.01709305431	0.112780556	0.8202594826	-0.1240001695
VAMP3	0.1111752178	0.07348420135	0.2787171337	0.4550784112	0.2245049058	1.10915649	0.6066574579	-0.2008437648	0.3824764167	0.7070102155	0.3647336687	0.3884873477	0.3007746615	0.05408322646	0.2716402172	0.01686912425
VAPA	-0.2091904955	-0.2793974917	-0.1141242799	-0.2153188639	0.3591113709	0.6531076703	0.5780624482	-0.01100970892	0.2781449009	0.3100680591	0.2592608464	0.2557502279	0.2141522265	0.07684771633	0.02535241971	0.001238195456
VAPB	-0.4324106577	-0.7113848648	-0.4450484845	-0.6044724021	0.07741272472	0.301786434	0.05595541686	0.1002346839	-0.216769074	0.1326354314	0.03084498728	0.04180137524	0.0450111046	0.2205435183	0.08068001711	0.06001188314
VARS2	-0.06867570982	-0.03452741633	-0.1292550504	0.0832856748	0.01528496632	0.1651832033	0.02204233776	0.2531991981	-0.03540370828	0.2720410547	-0.1905029221	-0.2503420869	0.1444650894	0.2705977419	0.0143247653	0.03056030139
VASP	0.6752853167	0.9051997829	0.7285792636	0.7656842645	0.3788841717	1.819016972	1.199886336	0.5990456007	0.6350191358	1.668456625	1.477220774	1.095102473	1.715843141	1.464873453	0.9858156256	0.6021723533
VAT1	0.02693512938	-0.2331093726	0.1652914456	0.1484632427	0.9257651349	2.678974509	1.921059924	0.1914212686	0.4385365887	2.016553706	1.644372515	1.404414507	1.562345695	1.415434247	0.8702900099	0.7484093477
VBP1	-0.0915281432	-0.06785855029	-0.1172007775	-0.01437029644	0.4318506077	0.4544264262	0.4748354808	-0.3517418588	-0.0536719246	0.3049271551	0.524571461	0.3671086546	0.1400965552	-0.3731779357	-0.00815827386	0.0203216968
VCAM1	0.6976718748	0.410409886	0.42186482	-0.5979329084	2.359599028	6.042918122	3.399485641	0.2020962784	1.416983783	1.258846112	1.060483741	1.88567405	4.229801147	3.654602436	4.248900574	1.487348544
VCL	0.3647303029	0.7287627779	0.6323504251	0.2073355137	0.6932365473	2.136916159	1.091414728	0.2390551419	0.8868078754	1.217710064	0.4523640572	0.467603988	0.7193485412	1.082250358	1.056996578	0.1319400641
VCP	-0.06978263681	-0.08057608917	-0.2939942667	0.0241147339	0.2026591998	0.3728322477	0.2249888002	-0.1995444311	0.08589094155	0.2718910292	0.02502996113	-0.1845373388	0.07593096333	-0.05981458511	-0.2193981306	0.06697359117
VDAC1	-0.2608005972	-0.4274264829	-0.4262433514	-0.3147644467	-0.2533384225	-0.3786622014	-0.3125716281	0.1189225606	-0.0974381119	-0.3290793413	0.1562492008	-0.09286156399	-0.2628767892	-0.001275900446	-0.266773631	-0.1282710844
VDAC2	-0.2268490416	-0.3613129741	-0.4460763075	-0.3982308984	0.04544493703	0.2345529157	0.2442746884	-0.2254408956	-0.003859004569	0.1728263139	0.4160156346	0.1590745604	0.1801180914	-0.03842430735	-0.08316780217	0.04139751958
VDAC3	-0.1771513667	-0.3559210667	-0.290108997	-0.2654978997	0.2878405371	0.3966688174	0.2912367495	-0.173547568	-0.1944848184	0.2370937169	0.2823271924	0.06341828786	0.2028783416	-0.1316290842	0.05176806003	0.005476380588
VIL1	-0.278896224	-0.664020698	-2.843356819	-1.048314439	0.2013259962	-0.02388524577	-0.5280397278	0.09211149594	-0.02806950646	0.3488406556	-0.2647707684	-0.4202246178	-0.1124464671	0.007821932181	-0.2578523467	-0.1977797455
VIM	0.9437613846	1.517175211	1.265933539	1.706536898	1.131652149	3.332512748	2.009598038	0.5722464215	1.033743196	2.867944772	3.170717295	2.874497538	2.844211066	2.372811568	1.848184082	1.624947729
VPS13A	-0.6332873697	-0.5719486567	-0.5830244622	-0.7456752026	-0.08983145207	0.40696077	-0.01493900965	-1.030189079	-0.1058432697	0.213231155	-0.5878505196	-0.4841520214	-0.7752923652	-1.657312544	0.0618350808	-0.4184313078
VPS26A	-0.151176659	-0.1202925448	0.06133865217	-0.001197450036	0.3840373302	0.4818578856	0.2965289701	-0.589061246	-0.3580264722	-0.08125429345	-0.1481157961	0.03157306874	-0.06123520754	-0.4885002541	0.06701178211	-0.1201193894
VPS29	-0.2604540805	-0.4506336507	-0.2195653239	-0.1945620845	0.2605044023	0.175965	0.1693751842	-0.1724124422	-0.244382132	-0.1863702897	0.1707043145	0.0701163012	-0.07732306961	-0.1270717045	0.00862681148	-0.0424303398
VPS35	-0.185212907	-0.1334061967	-0.252237993	-0.2468846434	0.3997548251	0.3691827671	0.07631250698	-0.7891311701	-0.4247923993	-0.008072793326	-0.2557235095	-0.1898357388	-0.2395717223	-1.074149699	0.01741879099	-0.1428583749
VPS36	-0.2967824535	-0.04040549374	-0.256065074	-0.3871504934	0.2844832655	0.5496460527	0.4037341402	-0.5639996137	-0.3375934342	0.4246418183	0.3591523613	0.2722180441	0.09960247355	-0.2590714068	0.07819040969	0.04019232476
VPS37A	-0.5436920727	-0.4028693516	-0.840918328	-0.5870351454	0.06453003795	0.1595710274	0.1120339191	-0.797054645	-0.2196511855	0.155728651	-0.2860087427	-0.3337719828	-0.4193870312	-1.013458539	-0.04787641517	-0.1710822451
VPS4A	-0.08784763966	-0.1383126651	-0.1368117935	-0.02778376339	0.05751785355	0.3140916219	0.2296461993	-0.06348705181	-0.1097555508	0.1692360605	0.1426508278	0.09533006157	0.1708970686	0.1301480407	-0.04212082222	0.06616014698
VPS4B	0.00573913694	0.1139835931	0.06009908129	0.05106317383	0.1659308049	0.541030616	0.3236135137	-0.9917884062	-0.2220047056	0.05497457089	0.1225400721	0.1270152102	0.1371843756	-0.8822901531	0.1745372452	-0.08560822708
VWA5A	0.7067658924	1.009825931	1.071523209	0.7012054732	0.5675675442	1.712530954	1.001176921	-0.3097579508	-0.5052241342	0.6857335426	0.4765557262	0.640506753	0.7699632156	0.93535397	0.8913532196	0.1292438135
VWA8	-0.6149931938	-0.8784685342	-0.872383847	-1.031827216	-0.1363962147	-0.9952832031	-0.8665070133	-0.4660649639	-0.2474645651	-1.16169732	-1.048044896	-1.056801344	-1.194051957	-0.4534224864	-0.502179475	-0.2500124996
WARS2	0.1556908717	0.06641429563	-0.06350981689	0.3997517364	0.1432387283	0.1869452792	-0.003811198368	-0.3119878111	-0.3388698708	0.3048972911	-0.06185304689	-0.1830793161	-0.1045559885	-0.09992800215	0.002253943788	-0.04621556964
WASF2	0.01329463056	0.323257792	0.1729552157	0.1017238326	0.3393785472	1.35208234	0.6841430781	0.3750989368	0.321270385	0.6109107736	0.5105619044	0.7261496513	0.7089921055	0.9837580532	0.6884270977	0.1639724323
WASL	-0.4614492454	-0.3650122483	-0.3446361384	-0.3702071806	0.2496373935	0.6001467525	0.4933880687	-0.08594652601	0.1531106563	0.5002172741	0.1719434686	0.211225137	0.04933378549	-0.01217712857	0.1581656939	-0.2243822929
WBP1L	-0.121405673	-0.05214580963	0.03059363304	0.2603302937	0.6722976094	0.7425169056	0.5796303869	0.2836465109	0.04457072147	-0.03432117602	0.4571045439	0.7760718953	0.1994339341	0.2190915387	0.1555580908	0.02593352346
WDFY1	-0.03075512645	0.07984459345	-0.2759035511	-0.2797119264	0.1324988022	0.3174509337	0.3195633981	-0.3438131084	-0.4043634417	-0.2759104794	-0.1666303487	-0.1560566826	-0.256385952	-0.1347917021	0.03320164691	-0.1903963246
WDR1	0.1698786446	0.3519050453	0.3094884612	0.6333854992	0.4768717959	1.465620757	0.937495567	-0.07338890421	0.3381569282	1.084800504	0.7282927469	0.4875412407	0.6953443851	0.5902762707	0.3643914879	0.2241414291
WFDC2	-0.2987868074	0.2165138937	1.179824406	1.988944326	0.6559576939	2.913437035	2.73808386	0.1942479091	0.2611281544	1.71901768	2.587188541	2.254689668	1.958327301	1.296809575	1.084097614	0.9408014554
XDH	-0.006419533954	-0.2860829705	-0.4595727095	0.4690853155	0.6483427187	1.603111234	0.724007549	-0.3172113822	-0.4096396796	2.017878597	1.151203136	1.078193307	0.5415917337	0.6059307763	0.6152135402	0.2621035529
XPNPEP1	-0.2967742386	-0.07675386573	-0.5357622453	0.1199436469	0.217313684	-0.1783457301	-0.2312616445	0.2856021325	0.2383833631	0.1474467728	0.3570593814	0.06208989972	0.2977294778	0.3621929459	0.07673439604	-0.01420402524
XPNPEP2	-1.248107471	-1.493530552	-2.567151754	-1.713564335	-0.06909386866	-0.7220465005	-0.355281933	0.8025277712	0.272115598	-1.273687275	-0.5904669448	-0.4334145295	0.1596522532	0.4572658825	-0.005211412226	-0.2328805006
XPO1	-0.1155381865	-0.004689786598	-0.1459985928	-0.6874203788	0.5143692212	1.124905924	0.5615430583	-0.2624373414	-0.1120221371	1.22848472	0.4738541931	0.1853111331	0.3263063944	-0.2685573779	0.3908993594	0.05893109941
XPO7	-0.5672559243	-1.031345155	-0.7262830645	-1.013956647	0.1915106323	0.3371553964	0.09607370113	-0.2840777855	-0.3349419941	0.01312942163	-0.3152286456	-0.07396522964	-0.06196005122	0.03390606516	0.1187839665	-0.2264387964
XRCC5	0.1478080725	0.07837341129	0.2237853437	0.4227062272	0.1402163699	0.1615167824	0.02722047654	-0.33841719	-0.1604439047	0.1123213273	-0.05718654929	-0.1420993051	0.1504413651	-0.1725358535	0.1037554816	-0.06716957163
XYLB	-0.9707397895	-1.235599091	-1.882980745	-1.45185594	-0.3560595781	-1.131543513	-0.8673435573	0.486557647	-0.0262179817	-0.5116575929	-0.6729865143	-0.8647528511	-0.5020547835	0.03138698928	-0.2251875398	-0.1832317056
YBX1	-0.175178854	-0.4710485433	-0.5480483759	-0.4613286498	0.3042779153	-0.1726764801	-0.06497178994	-0.04809902065	0.1197057335	0.59587148	0.6145102595	0.293820629	-0.08618352032	-0.190228862	-0.1410943653	0.03936915662
YWHAB	-0.1121507551	-0.1040356196	-0.07891457317	-0.06416494229	0.256630784	0.964916783	0.5891576248	-0.03163030988	-0.1195188045	0.5821623075	0.5207888646	0.4025561687	0.4119900941	0.4382281336	0.2282324053	0.05439145557
YWHAE	-0.2374334707	-0.3176999132	-0.1667411632	-0.0428765709	0.2699979863	0.6702639476	0.3965062497	-0.01513778211	-0.007005605568	0.5415880242	0.5249385744	0.284356146	0.4501074099	0.3558897223	0.09134505902	0.07125248688
YWHAG	-0.09100387617	-0.1470016638	0.02554201143	-0.3990570441	0.24216723	1.366957321	0.6911928287	0.2820678991	0.462501069	1.057392941	0.8433031363	0.5361396139	0.8396567807	0.9459858309	0.4949556226	0.1435370135
YWHAQ	0.05519646167	0.2607706228	0.1081314672	0.3372122861	0.4259651477	1.342824323	0.8888922428	-0.4815824428	-0.1078132396	0.7941813916	0.6644364064	0.481226782	0.5937700004	-0.002818552567	0.3494534315	0.1821268479
YWHAZ	0.0492474818	0.2385939316	-0.0107837264	0.1913201733	0.1788067466	0.5879048844	0.2951907693	-0.05904953022	0.2526581069	0.04865041714	0.3711940752	0.396628393	0.3514314815	0.1907865521	0.1153414516	-0.0282669144
ZC3H15	-0.2502727084	-0.317639312	-0.2914686114	-0.3854808883	0.2320883333	0.6468347658	0.4364663686	-0.901679653	0.1349029417	0.1908619795	0.2453892672	0.3329598675	0.3848728961	-1.194443336	0.03434903691	0.005950056163
ZKSCAN1	-0.2510980796	-0.1968130581	-0.2574727648	-0.1257858989	-0.09265693315	0.3145957319	0.1215255785	-0.2966590588	-0.5299172534	-0.1393757629	-0.2043443086	-0.2495981575	-0.06652430485	-0.1249775012	0.102853277	-0.3232435
ZMPSTE24	-0.07911045937	-0.117126585	-0.1283985716	-0.1250734957	0.06538700493	0.1289158715	-0.1020806394	-0.4046896277	-0.3443935791	-0.03529901672	-0.1594826368	-0.1273922244	-0.2691615473	-0.3208745313	-0.02078229783	-0.1696024966
ZNF865	0.04495906519	0.09378887588	-0.0007838939683	0.0944209216	-0.009004459398	0.7295246676	0.5479073001	0.02633879971	-0.1737411197	0.5362349045	-0.08666273793	0.1026140292	0.7036181644	0.6439052957	0.4043317459	0.07040901768
ZYX	0.6752095245	0.9995829259	1.011355866	0.9329386643	0.5002977148	1.824586619	1.182926272	0.6604322631	1.382842863	1.461157415	1.033987617	1.098793651	1.551328957	0.9887357895	0.7385686609	0.3777772605
