gene	cat_CKD12	cat_CKD34	cat_med_CKD12	cat_med_CKD34	mouse_5D	mouse_2W	mouse_3W	IRI_2h	IRI_4h	IRI_24h	IRI_48h	IRI_72h	IRI_7d	IRI_14d	IRI_28d	IRI_12mo
AADAT	-0.9882845008	-1.481389909	-1.971819513	-1.751698291	-1.175213992	-3.850336535	-2.676817727	-0.7659718675	-0.5254827294	-3.666716908	-2.999182871	-2.280902198	-2.283660798	-2.333226979	-1.836087069	-0.9943597848
AAK1	-0.3836616059	-0.1244240773	-0.1345211286	-1.222008966	-0.0172115041	0.2575225719	-1.623839596e-05	0.155938081	0.208256426	0.2251342102	-0.9682496772	-0.5224110767	-1.228499326	0.04532074422	0.3139170377	-0.3679911913
AASS	-0.7973247751	-1.639223455	-0.84986078	-2.045538909	-0.6551333878	-2.285320843	-1.615424281	-0.5850822478	-0.4427824213	-0.7610916606	-0.4892212758	-0.4376690517	-1.391184766	-1.110783824	-0.7495375728	-0.3953564147
ABAT	-0.8119182172	-1.672023532	-1.219237552	-1.638646963	-0.7022131249	-2.7360205	-2.057668396	0.01883566612	-0.3092024091	-2.107214697	-1.619773739	-1.074979204	-1.60296944	-0.7804823729	-0.7524422825	-0.535069794
ABCB7	-0.4997707614	-0.5470701165	-0.3614020594	-0.8015667892	-0.0239764979	-0.4298381357	-0.4124933479	-0.7194393471	-0.2621220328	-0.02437366938	-0.09507647621	-0.1463925549	-0.5310626164	-1.255427888	-0.1267764205	-0.3028330265
ABCD3	-0.6237986794	-0.6522602107	-0.6333211084	-0.2852232761	-0.2239506544	-1.020746702	-0.6012557337	-0.5793894308	-0.2217374976	-0.4110268645	-0.0004517456781	-0.3264630505	-0.6955079979	-0.7515173525	-0.507695385	-0.3443961943
ABCE1	0.02946878749	0.2503098596	0.0250423387	-0.1527302059	0.225632479	0.07133199613	-0.0514338197	-0.904759879	-0.02979952381	0.4696363849	-0.06255672522	-0.1929217252	-0.3512451931	-1.725196193	-0.2006065403	-0.163756189
ABHD11	-0.265420846	-0.2141445709	-0.1046034304	0.2757536276	-0.1379920187	-0.2658923769	-0.07753377616	-0.01016343795	-0.04561932218	0.05311020258	0.05399608903	-0.1525217476	-0.2013762839	-0.3415210063	-0.4595223985	-0.03468313073
ABHD14B	-0.3778296698	-0.8411961313	-0.3799511061	-0.2005874257	-0.9722991594	-1.654792247	-1.011895131	0.02983005876	-0.1566483494	-1.578739517	-1.588108221	-1.287553504	-0.9806555996	-0.538311631	-0.691432766	-0.4142473424
ABHD5	-0.3196963429	-0.03391755477	-0.7170196905	0.2822151445	-0.04924941703	-0.3607127664	-0.2737313886	-0.2835057382	0.00891595647	-0.08688555366	-0.31674079	-0.2573176336	-0.5314379627	-0.4048920297	-0.1885659232	0.00484664886
ABI1	0.01770520072	0.2472341697	0.3385962523	0.04656260204	0.05580160362	0.6320350376	0.3803425766	-0.09949370682	-0.01848648813	0.3037208163	0.3151948738	0.4656885768	0.04949392284	0.1471657151	0.2756432699	-0.05521383693
ABLIM1	-0.111365551	0.01889674819	0.1532383693	-0.2703078707	-0.2164800513	0.149478656	-0.02034595424	-0.04022754872	-0.05381914962	-0.1268245624	-0.3108010722	-0.1597294999	-0.5147993019	-0.06312435036	-0.1946704746	-0.1537149297
ABRACL	-0.2227017678	-0.2592062291	-0.7065380953	0.3461861628	0.5717763094	0.827760434	0.8493151483	-0.1174487323	0.1213395796	0.7894678563	0.8149004571	0.6377366159	0.5228352274	-0.07911531395	0.2405254233	0.1798056469
ACACA	-0.1599520501	-0.06591612106	-0.7846477474	-0.4474792943	-0.3627965595	0.1626582529	-0.3765561365	-0.0855286879	-0.3817147555	0.4627728157	-0.5349418748	-0.509524413	-0.5236980597	0.03102158623	0.07015313311	-0.1254439832
ACACB	0.3145783739	-0.1460688947	-1.032814181	-0.8318041079	-0.4803692105	-0.1979419458	-0.5238078722	0.1839218204	-0.2468017543	-0.6499314279	-0.8633075221	-0.9837699834	-1.210362906	-0.3374195669	-0.8028432448	-0.2768747626
ACAD8	-0.4513000075	-0.7039131423	-0.4345742564	-0.4621563229	-0.3668660688	-1.256313442	-0.7886756642	-0.3490796688	-0.2970567027	-1.180228955	-0.8672240233	-0.7160307196	-0.9158708455	-0.6124310086	-0.477871111	-0.190205446
ACAD9	-0.4659271312	-0.8671614132	-1.104230877	-0.7036644878	-0.3764429904	-1.278950396	-1.092370478	-0.2539425081	-0.1590235993	-0.9156608183	-1.044643077	-1.327490683	-0.9989584845	-0.7051784202	-0.4937141582	-0.4282849081
ACADM	-0.8527062393	-1.430329972	-2.048882271	-1.655648914	-0.1034075128	-2.287719132	-1.432228929	-1.299759726	-0.2925410509	-2.225455273	-1.631915097	-1.643837523	-2.149506586	-2.385464842	-1.543109323	-0.4545899563
ACADS	-0.2412912235	-0.4946368453	-0.5581409683	-0.2909785723	-0.4597989859	-1.055808431	-0.6696399278	0.09633982537	-0.1800626482	-1.007794701	-0.9455986171	-0.9939493891	-0.9883995712	-0.6266426976	-0.6191999757	-0.1073106055
ACADSB	-0.6942739064	-1.515463613	-1.312116947	-1.817942708	-0.2693047617	-1.090427063	-0.7667407107	-0.6145142501	-0.2595711609	-1.201013584	-0.9712102505	-0.7842312946	-1.108706439	-1.041487309	-0.504943977	-0.2850307541
ACADVL	-0.4114147027	-0.8203761133	-0.9014152121	-0.7551407999	0.03352621822	-1.009104213	-0.5440991229	-0.4286886305	-0.3310741959	-0.4937212258	-0.498153175	-0.7168919025	-1.141473325	-0.7074179805	-0.6999746368	-0.1489624386
ACAT1	-0.4836073777	-1.016938447	-1.262507667	-0.9440541183	-0.4511162855	-2.831397814	-1.891265109	-0.806995832	-0.356984875	-2.207817446	-1.474110086	-1.733517884	-2.070954764	-1.655745029	-1.124090406	-0.6025710139
ACAT2	-0.2428078824	-0.0320523302	-1.191410638	-0.2087168969	-0.2341149723	-0.007557210985	-0.2075324581	0.03214983597	-0.2288731656	-0.5754728195	0.07050795403	-0.293176353	-0.5007122203	-0.1133443909	-0.1597390159	0.008030964968
ACBD3	0.08816174107	0.1937727335	0.4333762407	0.1400317308	0.03759965756	0.4826705207	0.2740751297	-0.2881599527	0.3282337646	0.3385997206	0.07625074411	0.06972405822	0.08657846882	-0.1627805327	0.1987081452	-0.1101147942
ACE	-1.501682091	-1.878218534	-1.214199488	-0.5227054355	-0.8152361072	-2.44420429	-2.28983297	0.2645669802	-0.1536743698	-2.073756833	-2.213539364	-2.462522995	-1.975735787	-0.769280675	-1.060942713	-0.3640052854
ACE2	-0.5135723342	-0.4169936017	-2.400950945	-0.9677001494	-0.1645509725	-0.3701943071	-0.8920550076	-1.001050113	-0.2111676726	-0.869949849	-0.6101560612	-0.3082199528	-0.4222081921	-1.469956512	-0.5688740312	-0.6549184809
ACIN1	0.1686567749	0.2224342131	0.4990171288	0.1701743247	0.01750116942	0.5323021457	0.3190139703	0.1933263971	-0.03143957962	0.2524395462	-0.157220025	0.0690453206	0.1851815473	0.47670156	0.06917929528	-0.03458135177
ACLY	0.1951247903	0.5635688197	0.4704406277	0.3009569787	0.1572298098	0.3002080582	-0.07211053421	0.02888209069	-0.2917253617	-0.05568358362	-0.2620604397	-0.3130409983	-0.2954717447	0.3011225513	0.1212068841	-0.06840353931
ACMSD	-0.7729590839	-1.506242892	-3.573163346	-2.590807633	0.474052762	-2.144426449	-1.229980117	0.2513840786	0.2195823817	-1.545520373	-1.123055322	-1.064832673	-0.721869834	-0.8397066614	-0.6972133978	0.1735294285
ACO1	-0.5564545583	-0.9688537726	-0.3811072916	-0.8881198053	-0.2147338124	-0.7111114476	-0.7185950143	0.0842773024	-0.2514477284	-0.5838979457	-0.2367079202	-0.449841301	-0.7419847552	-0.1787549903	-0.5589942415	-0.366111431
ACO2	-0.1537969749	-0.172492921	-0.3725930895	-0.311954259	-0.3605100199	-1.341726294	-1.031892059	0.09641460414	-0.1437905249	-1.05992003	-0.5271231931	-0.6007487482	-1.127146279	-0.3911099991	-0.6088883796	-0.1239831939
ACOT13	-0.3069758083	-0.5382368315	-1.127495766	-0.3443561576	-0.3231439219	-0.9960778116	-0.4434907848	-0.4220108358	-0.1850475319	-1.052889738	-0.4720331914	-0.5271957322	-0.3659612526	-0.919193378	-0.5111032457	-0.04642944284
ACOT9	-0.00459472262	0.1653934751	0.5711519738	0.5893084735	0.4229276126	0.5552671938	0.6182289401	-0.6807978559	0.254745924	0.3025237956	0.2997607593	0.2684921967	0.03387865042	-1.094223344	-0.08024926421	-0.06649109663
ACOX1	-0.09638745944	-0.2645224111	0.01350871059	-0.4061859574	-0.359082355	-1.55128453	-1.151908713	-0.2754699295	-0.5300450052	-1.034064235	-0.568793965	-0.3371304515	-1.44558679	-0.7860251399	-0.8599704996	-0.2969337326
ACOX2	-0.4594919462	0.2152609414	-2.897006418	-0.9489948172	-0.670105835	-2.940706305	-1.731460692	-0.2004945718	-0.2825288395	-1.559040776	-1.393630573	-1.661405426	-1.828984014	-1.125434954	-1.396461906	-0.3898360447
ACOX3	-0.7100951551	-1.199698274	-1.685005639	-1.284545883	-0.7781023698	-1.931290611	-1.591217873	0.1784548959	-0.3848803488	-1.879996879	-1.242362605	-1.130907377	-1.175424946	-0.4142727023	-0.4355916465	-0.3714657169
ACP1	-0.3644881349	-0.6279340596	-0.1329605858	-0.220574049	0.06756076754	-0.1924705682	-0.004866883092	-0.5515685075	-0.2005688599	0.1217622457	0.03375756946	-0.1024476506	-0.3811300668	-0.8628660174	-0.2687387314	-0.1203545257
ACSF2	-0.2002744805	-0.0644665461	-0.02287009467	0.5346341158	0.2452992306	-0.05467686312	0.2419732756	0.09353284094	-0.2192569554	0.6384476014	1.114419631	0.6851706112	0.334210814	0.6210829499	0.1597890466	0.5369449714
ACSF3	-0.1498828698	-0.3545076343	-0.569732264	-0.0768262782	-0.3529292243	-1.276691679	-0.9535593358	0.2767373136	-0.04232526055	-0.7341795699	-0.8415708038	-0.7950918605	-0.6650885027	-0.3096920317	-0.4977323755	-0.09125364668
ACSL1	-0.6662765075	-1.324844263	-1.737358626	-1.456687141	0.9195810268	-0.2237325827	0.05072487674	-0.4562954302	-0.08497369823	-1.104191857	-0.2586034276	0.3391437591	-0.8873029044	-0.9552147355	-0.9327761977	-0.4627553
ACSL3	-0.07627313539	-0.2700858125	0.1029194598	-0.5048985748	-0.2704749371	-0.6467873475	-0.5099371342	-0.7460973511	-0.2016903682	-0.07641827707	-0.2480240418	-0.4817737581	-0.5464618946	-0.7464448572	-0.2252585152	0.05427262092
ACSL4	-0.4860328592	-0.03542288092	-0.8664913099	0.195424784	0.3894386225	1.493166716	1.045831494	-0.8634183502	0.1195481054	1.621631877	1.543164395	1.38237014	0.5211293106	-0.5735472023	0.2961629732	-0.06917117829
ACSL5	-0.5761818413	-0.8912881754	-2.1726256	-1.679836253	0.4834355303	1.040872188	0.784289885	-0.2463373774	-0.06730702216	0.9232148984	0.8380140539	0.5694232075	0.4472866238	0.09250118413	0.1319076582	0.4419860577
ACSM5	-1.133359669	-2.45691864	-2.674348349	-2.74242341	-0.8484603386	-2.617759158	-1.860102132	-0.4186898986	-0.4363435152	-2.248564573	-1.895702465	-1.534478327	-1.773343735	-0.8277993228	-0.666839352	-0.3110292804
ACSS1	0.02019570985	0.335086584	0.5089719226	0.6392740921	-0.1631445875	-1.559828132	-0.8262672964	0.1408611354	-0.1850354709	-1.209623384	-0.4710889849	-0.1758946461	-0.7589220303	-0.2304580652	-0.3956356583	-0.2524838877
ACSS2	-0.06281759082	-0.3136733083	-0.4072685707	-0.2695885451	-0.9364232928	-2.177731297	-1.809821065	0.06774725399	-0.3292384844	-2.017419986	-1.80496519	-1.789739183	-1.362398333	-0.6268567481	-0.7957830479	-0.637173957
ACSS3	-0.3346771686	-0.2145514392	-0.2086178638	0.1387435866	-0.09195800079	-0.7350281313	-0.5784062722	-0.806549782	-0.548938291	-0.8211483156	-1.448495384	-0.8949865731	-1.024842644	-0.8961148491	-0.1427868013	-0.3876045918
ACTG1	0.5320786315	0.8938462736	0.9356859549	1.169599472	0.3432469296	1.244717998	0.8387760218	1.103999423	1.08320125	1.171849318	0.9910676619	0.5652832045	0.700506787	0.5202507849	0.1743995088	0.2699564729
ACTN1	0.8564315806	1.44797992	1.177260122	0.9629971556	1.226147158	2.561695981	1.394095126	0.2152891814	0.4201955485	2.587639082	1.759373663	1.846480095	2.232363998	2.060206385	1.579237863	0.6107875405
ACTN4	0.05081846459	0.0970897216	0.4597639041	0.03966892185	0.1753950338	0.5025345108	0.2491459014	0.4523607519	0.5403983507	0.5878349441	0.2026754396	0.2381004469	0.05173247192	0.3634111045	0.1158355337	0.02365976166
ACTR10	-0.08075265514	0.006638172073	0.05602720923	0.1889571436	-0.1339644178	-0.2056047324	0.04273661737	0.05256338022	-0.1732082085	-0.3046207492	-0.2291151076	-0.2582899698	-0.2541675463	-0.08110656246	-0.08592334607	-0.1169430468
ACTR1A	0.303595357	0.42663553	0.3758202541	0.6221228416	0.09121770858	0.5657013185	0.3420392424	0.231167517	-0.1662765922	0.3621959236	0.4820272668	0.3331057007	0.2085432385	0.4874145403	0.1328979767	0.05182523506
ACTR2	0.1272789802	0.3416233042	0.3114421407	0.1544404274	0.1485740922	0.5233821981	0.2776498747	-0.8887419543	-0.3129934963	0.1423960088	0.2675673587	0.232690452	0.08834375232	-1.003149188	0.2225563192	-0.06392825591
ACTR3	0.2011957961	0.3460547645	0.43099388	0.3107419068	0.12997047	0.7199254319	0.3552151843	0.06105272597	0.2190282414	0.3864959061	0.4395574316	0.3483617952	0.3931131482	0.4681015598	0.385772431	0.1583156159
ADA	-0.5213839364	-0.9853984996	0.2007969167	-0.3671746528	0.2688732932	0.202342036	0.1982330887	0.457803336	0.3971316081	0.5836034442	0.6395091444	0.6134515576	0.2701442032	0.2716598984	-0.0359227915	0.3409312437
ADAM10	-0.1433238858	0.1289194045	0.1515085899	-0.1732609866	0.2717386237	1.211515599	0.6452395747	-0.6216296308	-0.3913364319	0.4278395103	0.420046167	0.4579445578	0.308071991	-0.1164186527	0.4970304745	-0.03511275467
ADD1	0.04439178031	0.23133606	0.3952360194	0.1065705174	-0.0429311103	0.6865789448	0.1887976316	0.2773724299	-0.1210153867	0.1560619713	-0.01388173827	-0.005373204268	0.3067381435	0.7071457401	0.3315516443	-0.0992148559
ADD3	-0.3675482023	-0.3734475915	-0.2131935717	-0.6942463633	-0.1383671331	-0.8283066588	-0.6310628408	0.3605052997	0.0213397719	-0.4704422329	-0.554802748	-0.3973711485	-0.2305913905	0.3037582047	0.1194745378	-0.2696886569
ADH5	-0.2363396927	-0.3639262898	-0.3494164198	-0.1329827463	-0.3520890892	-0.7647834475	-0.3910821077	-0.2534628137	-0.3861875405	-1.128061931	-0.4901201812	-0.5100569531	-0.6978982481	-0.6882678987	-0.3835017532	-0.2396046339
ADK	-0.5098916618	-0.8559707735	-1.349514582	-1.067029041	-0.2358223508	-1.184488616	-0.7372127598	-0.2005488393	-0.4218736754	-0.8579285117	-0.6979357898	-0.5493883469	-1.013796125	-0.7657031182	-0.5324008394	-0.4381029017
ADSL	-0.02647405527	-0.02953938553	0.3267215341	0.09859526324	0.06234722631	-0.1834620801	-0.2347904582	0.04473185519	-0.04025127614	0.3482376643	-0.3695785833	-0.3503226009	0.009895485695	0.02236455334	-0.0730305369	-0.09414137166
AEBP1	0.8108572414	1.39917539	1.276363835	0.6231978986	-0.003888006589	1.503074753	0.7419736525	0.6829649256	0.4009129773	1.314776483	1.033626744	1.090572041	1.558632255	1.955631946	1.4419019	0.9634683519
AFAP1L2	-0.01617762927	0.1448033716	0.4913116444	-0.02720105965	0.07570233301	1.512503719	0.5840142407	-0.3026829704	-0.1292257734	0.7757607109	0.7540898094	0.7987123375	1.213126445	1.351387628	0.8961840137	0.3501437785
AFG3L2	-0.2908825662	-0.4378553238	-0.4154552104	-0.3324651997	-0.235041598	-0.6751073263	-0.4841983425	-0.2726057217	-0.1700448097	-0.2848693814	-0.3727379243	-0.5220042105	-0.5874990197	-0.4135388002	-0.3604755113	-0.1186673216
AFMID	-0.3570833472	-0.9309291548	-2.105970412	-0.9111710989	-0.4754379586	-1.015135826	-1.025107566	0.212073935	-0.03895090424	-1.287723987	-0.8481812839	-0.7768971424	-1.097015917	-0.5778914905	-0.5891505608	-0.4424803709
AGK	0.1562218082	0.246207721	0.2658030371	0.2727359462	-0.09555756536	-0.3256581484	-0.3315255763	-0.02843473714	-0.333892125	-0.03310044	-0.05660424913	-0.3850402533	-0.1651735613	0.1092567434	-0.09081773553	-0.191368578
AGL	-0.4791871477	-0.6812901007	-0.3569632021	-1.150203458	-0.1638533898	-0.5005265838	-0.4871372749	-0.3167412221	-0.4457806217	0.1419692311	-0.2713959771	-0.3139230876	-0.527488527	-0.3711201795	-0.1938590925	-0.213606242
AGPAT2	0.006061615296	-0.1127977271	-1.408045204	-0.1813422133	-0.1357384415	0.5719639889	0.2596114394	-0.05347098487	-0.2219131831	0.3176873592	-0.2238220201	-0.1860045877	0.2305632869	0.1890876557	0.01733253009	0.01730693317
AGPAT5	-0.6600399856	-0.9011891952	-0.6047562863	-0.9625894624	-0.004986159876	-0.2455837311	-0.07273591183	-0.08292583147	-0.08922676554	0.3496757658	-0.03895588728	-0.04677261355	-0.1387675201	-0.2391145667	-0.1853967465	-0.03357081503
AGPS	-0.8109852983	-1.203870752	-1.037636244	-1.204023558	-0.8234878219	-2.009115564	-1.867086231	-0.5645291788	-0.3233801928	-1.890872884	-2.310633283	-2.147565951	-2.076574337	-1.364138576	-0.4788048752	-0.5697448713
AGRN	0.1899752839	0.5430273573	0.4580633214	0.6949491368	0.2827773054	2.179463682	1.194816857	0.5656255469	0.008291917639	1.352719459	0.6884940629	0.8512542249	1.350417599	1.625712428	1.02615641	-0.06097771793
AGT	2.14841747	3.933077108	1.15482614	3.962334164	0.6499561752	0.6308073133	0.3806101924	-0.1266181051	-0.4720124552	-1.561077855	-0.8025112594	-0.2448705052	0.004912002696	-0.0672895612	-0.6145547478	-0.3652613366
AGXT2	-0.5269781921	-0.9857813317	-3.054241949	-2.447845497	-0.274156454	-2.652587739	-2.029229663	-0.4892978135	-0.007574587851	-1.83064696	-1.453974404	-1.556624926	-1.072380433	-1.152912631	-0.6929654416	-0.176248384
AHCY	-0.4031338326	-0.8992515339	-0.7541393943	-0.4609191338	-0.4230290566	-2.100152791	-1.447605088	0.213086405	-0.2068796453	-1.459123521	-0.8265364535	-0.5793299488	-1.667785268	-0.8331871311	-0.725321754	-0.3986726996
AHCYL1	-0.02194178878	0.1682531796	0.3488932203	0.05728731129	-0.1621517959	-0.4166284447	-0.3556468487	-0.3077744527	-0.317718741	-0.3626359745	-0.3706639699	-0.5314904187	-0.6840984782	-0.3912089224	-0.327559138	-0.2699610201
AHCYL2	-0.5854660813	-0.3588776856	-1.777361949	-1.070760899	-0.1911865256	-0.7947868282	-0.7529196043	0.06124185153	-0.2017506222	-0.9995357798	-0.8813735358	-1.071890273	-1.096789645	-0.4414146605	-0.2883104227	-0.1905783322
AHSA1	-0.00239833318	-0.03429938915	0.04179355903	0.2201900163	0.04590552117	-0.1139349985	-0.1644807698	0.05148573232	0.3044833555	0.04711752799	-0.07767342598	-0.1125113688	0.1376640138	-0.131766847	-0.07650820315	-0.02075479819
AIF1L	-0.3797125134	-0.8811108254	0.6952625671	-0.2291021182	-0.1744029221	0.4687577109	0.5827621469	0.5018237301	-0.0130017704	0.3091331915	0.6173918085	0.3571603249	-0.06698179014	0.1927710421	0.003777260374	0.211027188
AIFM1	-0.6394250344	-1.286328278	-1.386902569	-1.099190814	-0.2263204332	-1.263934121	-0.8603515632	-0.9303535736	-0.3495351965	-0.9280106445	-0.5310151429	-0.6059038843	-0.8155109791	-1.335754291	-0.5592977842	-0.276334418
AIMP1	0.01099069806	0.1593353096	0.07996872585	0.1879877371	0.1156540928	0.181745567	0.3443110079	-0.5847571288	-0.232656244	0.1526439002	0.2220533611	0.4573144304	0.3666746893	-0.3154704502	0.1170201361	0.05547404185
AIMP2	0.153526184	0.3161424566	0.2190539893	0.5763843685	0.3199165185	0.4893370194	0.4250641791	0.08351588926	0.07018453394	0.8678805331	0.3446954114	0.3202732218	0.4904859133	0.2305604482	-0.06726067571	0.09424265016
AIP	0.184554926	-0.09677804887	0.5392704086	0.1910632115	-0.04361050165	0.1356683341	0.0282678034	0.2092835938	-0.09739466591	0.1037968979	0.1453631365	-0.06437132835	0.188334391	0.1848663955	0.1075314508	0.1635111449
AK1	0.2239915078	0.703712154	0.269190735	0.2897483279	-0.8402052858	0.007625553776	0.0274420484	0.6562999232	-0.4644148288	-0.09900292091	0.227483072	-0.2796623314	0.5145873376	1.014663781	0.4084886886	0.1699879526
AK2	-0.3156107608	-0.4466466927	-0.5288728193	-0.3432632843	-0.0776324903	-0.468423898	-0.2760605633	-0.2467681619	-0.2031330962	-0.2800383616	-0.4100081587	-0.4540091875	-0.4818666128	-0.4376598004	-0.5099175425	-0.1357138414
AK3	-0.02341060813	0.3578344067	-0.06388705051	0.2300066553	-0.4220860304	-0.8599265176	-0.6576652301	-0.002427200391	-0.3416118701	-0.9318118705	-0.7145989073	-0.649367055	-0.7562980591	-0.2395181355	-0.277744475	-0.2845066027
AK4	-0.5249123686	-1.403959866	-0.6123894599	-1.081207667	-1.610887911	-3.207421469	-2.066160565	-0.1948608044	-0.437941117	-1.859274196	-1.938826724	-2.513543605	-1.330709966	-0.1981211548	-0.1748593293	-0.3341835371
AKAP12	0.3517014489	0.6469408952	1.08013995	-0.1167635367	1.660241768	2.505376752	1.939287911	1.527418635	3.338716116	2.560557116	2.816376617	3.453255042	2.868885975	1.849677469	2.147550175	0.2091370806
AKR1A1	-0.2952140957	-0.8936553898	-0.6119685442	-0.3383714916	-0.289769351	-1.387615218	-0.7197216521	0.07750753585	-0.07994468575	-1.380452004	-0.6326688507	-0.559835897	-0.4596646845	-0.3629503459	-0.3923738488	0.058656051
ALAD	-0.2531638602	-0.2758805554	-0.4019883124	-0.2408202297	-0.2878008629	-0.6104674521	-0.4400598408	0.2262036898	-0.0245399512	-0.28352745	-0.3525718012	-0.7382410812	-0.275901288	-0.03872878739	-0.2552172642	-0.1065307489
ALDH16A1	-0.1790191055	-0.7188270028	-0.2205179459	-0.4309208289	-0.1638473388	-0.7259385721	-0.4616435611	0.4814524335	-0.1207581453	-0.8701720367	-0.6597237877	-0.6657260564	-0.4115182066	-0.07710775287	-0.2973816124	-0.2077830132
ALDH18A1	-0.2937761324	-0.5350599215	-0.2930600833	-0.2976216906	0.6033211936	1.371139785	0.6638761565	0.2488559336	0.1741439607	1.658626189	1.055952667	0.8515696705	1.553318026	1.55741071	1.009230777	0.7713250776
ALDH1A1	-0.3844521471	-0.6564435049	0.3468200499	0.2185555627	0.2017730817	1.246306168	1.860947907	-1.9233367	-1.424201739	0.5047101488	1.547264931	1.17680804	-0.1919676313	-0.1741251729	0.2541183822	1.071047196
ALDH1A2	-0.1967949176	-0.2105727548	0.7208611441	-1.111052162	1.779698734	3.402744433	2.435372186	0.4574796503	0.5770342521	4.304253173	3.978603225	3.228978979	4.380023475	3.936791749	3.339599343	2.1600111
ALDH1B1	-0.4920988978	-0.2758796501	-0.3850106515	-0.2053504975	-0.08634237941	0.1114538999	-0.02748705362	-0.1457095673	-0.4067983375	-0.7049914126	-0.1568088991	-0.1344119342	-0.217308561	0.2643192151	-0.1727933354	0.02193310612
ALDH1L1	-0.2814651426	-0.6921630941	-1.308059117	-1.093334197	-0.8997567675	-1.875865666	-1.054329067	0.1977919732	-0.4060415726	-1.490005046	-0.6413288093	-0.4555507233	-1.219231936	-0.4583943034	-0.828434274	-0.1650863369
ALDH2	-0.5648186385	-1.166764645	-0.6311980252	-0.42831054	-0.3501650896	-1.251873913	-0.885670831	0.08666544281	-0.08013637273	-0.63521654	-0.5515212698	-0.308185048	-0.48228922	-0.2449631839	-0.4981389068	-0.1660001003
ALDH3A2	-0.2766602685	-0.5388597712	-0.2555292454	-0.4785586185	-0.3588409382	-0.9970780562	-0.7340510023	-0.3889899841	-0.2882525482	-0.7098118538	-0.9164920916	-0.9085530138	-1.008903749	-0.5702378308	-0.4170855706	-0.2921932494
ALDH4A1	-0.4662518936	-1.540738189	-2.052353244	-1.531481655	-0.4110677633	-1.869594863	-1.313076115	0.5188778699	-0.06069121703	-1.825137951	-0.9381390522	-1.021642695	-1.099018744	-0.2273039373	-0.6654606038	-0.255548133
ALDH5A1	-0.4800324588	-0.9458070887	-1.0202258	-0.872164917	-0.5459115139	-1.847397926	-1.215518399	-0.2864644395	-0.532196712	-1.136743694	-0.8959675263	-0.9444571209	-1.331793307	-0.563835041	-0.6993030536	-0.3622151034
ALDH6A1	-0.6888780957	-1.304909108	-1.35722413	-1.732251611	-0.574369166	-2.212067617	-1.537490559	-0.4624266989	-0.4460135113	-1.900183952	-1.518067214	-1.060762881	-1.597414609	-1.108553317	-0.6376646682	-0.4109156423
ALDH7A1	-0.4841461508	-1.031869719	-0.9611013687	-0.6613536603	-0.2779343024	-1.684454891	-1.231011893	0.02258869148	-0.08687894768	-1.117116346	-0.8127454125	-0.5126627896	-0.5208143108	-0.4763661184	-0.6418553887	-0.1146369095
ALDH8A1	-0.8592733327	-1.287563306	-3.553016525	-2.590807887	-0.1570367743	-2.320449644	-1.433279373	-0.2190674322	-0.4703493307	-1.364148543	-1.167647685	-0.9639569101	-1.380655143	-1.047059934	-0.7768857724	-0.4318067726
ALDH9A1	-0.4263112696	-0.9721317491	-0.276425485	-0.5082453711	-0.2423268425	-1.694143446	-1.052603272	-0.09681581594	-0.1335548699	-1.351901988	-0.7374439065	-0.6979461501	-1.072693698	-0.4928770862	-0.62909633	-0.2389732222
ALDOA	-0.005065091149	0.1294878498	0.2513529101	0.3275378179	-0.1689258875	-0.01422922018	0.1776396917	0.2029932953	-0.0880117472	0.07342980248	-0.08275484048	-0.09014171023	-0.0452046753	0.005373187607	-0.3929526095	0.09025042374
ALDOB	-0.7192230229	-1.306320258	-3.70775011	-2.238593762	-0.3071408207	-1.490980733	-0.7721635298	-0.3770094097	-0.3464149163	-1.912454416	-0.4681806757	-0.3991828298	-1.004637435	-0.907301014	-0.6603959946	-0.2536012126
ALDOC	0.2866632528	0.3661684547	0.3369955357	0.05966863121	-0.4406641901	-0.8994467079	-0.2580171019	0.5365716273	-0.009528065689	-1.788965563	-0.8259971655	-0.9524591114	-0.9223382257	0.03507392594	-0.1713432191	-0.008349746141
ALG2	-0.03110457731	0.1434611742	-0.01562231527	-0.3844200467	-0.0152240861	-0.06832301822	-0.07320551544	0.3167611123	-0.01356740278	0.1866571683	-0.2748939457	-0.1930518146	0.1840374072	0.4240839601	0.06459108982	-0.0411398579
ALPL	-0.7606746714	-1.753007434	-1.788523414	-2.551366666	-0.2796469759	-0.7426128637	-0.4636107018	0.6562655724	0.3006154346	0.4833851588	0.9017794749	0.7173256126	0.5599541901	0.2481355131	-0.1912896329	-0.2942190915
ALYREF	0.4482127999	0.5248353777	0.5736362074	0.7979051704	0.1366102742	0.3614213976	0.3365044132	0.1470450143	0.3088758633	0.503046914	0.5851595402	0.3677441043	0.531788566	0.359964131	0.2149671369	0.1296714158
AMACR	-0.784341627	-1.821476041	-1.62427309	-1.380331467	-1.153759928	-3.438713052	-2.486781719	0.2446910216	0.05411291322	-2.715271672	-2.546575295	-2.523113181	-1.96306122	-0.7195890887	-0.6875603972	-0.279671898
AMDHD2	-0.4977704278	-0.9625844211	-0.5413309875	-0.4108901414	-0.02141065555	-0.6107585079	-0.4953113195	0.1613303297	0.01166935331	-1.03621437	-1.617742579	-1.208728831	-0.1557066305	0.05245521801	-0.1560881918	-0.03306952021
AMN	-0.6872393428	-1.167485528	-2.621614319	-1.399750787	0.08483987334	-0.8803810302	-0.7405599508	0.4500368984	0.3277659518	-0.970418034	-0.5010477223	-0.0835634268	0.09262177249	-0.2721520009	-0.4540187145	-0.09809934018
AMT	-0.7800120841	-1.547176389	-1.11194801	-1.115458811	-0.189634771	-0.7381248699	-0.4827556368	0.1436792143	-0.3012509778	-0.9492920707	-0.6819124789	-0.902602731	-0.7457958416	-0.4388159299	-0.6914907985	-0.02919192975
ANK3	-0.6734902508	-0.8742029369	-0.8545646742	-1.458637456	-0.1484307609	-0.385912741	-0.2272315555	0.1686117493	0.01925408417	-0.02831973036	-0.6482959021	-0.6305280091	-0.6522335592	-0.09075714657	-0.1456752561	-0.1321422719
ANKFY1	0.1072012304	0.2341508568	0.3864661546	0.08814816491	0.06254346136	0.4587487359	-0.004992908118	-0.2033444785	-0.4009738027	0.1425405736	-0.2556547206	-0.1378117939	0.00856105823	0.3346844312	0.3353046201	-0.1332558937
ANKS1A	-0.2790093415	-0.3007980439	-0.1606945256	-0.2846184193	-0.2761198432	-0.1005921277	-0.1194141943	0.4092127282	-0.1506117485	-0.1196718076	-0.5624237833	-0.3146843079	-0.3322884236	0.2643354305	0.07699281204	-0.06647413432
ANO10	-0.2148570714	-0.1722559699	-0.3461560582	0.4098723117	0.1462216535	0.5201788304	0.2726390851	0.0628196285	-0.3203603696	0.5146735275	0.3400582827	0.4554835142	0.4067288463	0.3877632013	0.1104288194	0.09277465511
ANO6	-0.1015497792	0.04563113517	0.3872342989	-0.06523441571	0.1954496751	0.6174054464	0.3561459599	0.206810996	0.1405487491	0.7919314011	0.3556292246	0.3041887237	0.2551933326	0.5506411473	0.2620941652	0.007000082173
ANP32A	0.008943070682	-0.1083215989	0.2761305245	0.2797545966	0.1984539062	0.1055237525	0.07292970411	-0.2779474999	-0.2602203811	-0.1629504569	-0.08831514458	0.01790912868	0.1080650112	-0.4365955857	-0.01256206681	0.004874345981
ANP32B	0.306897438	0.3576653654	0.4147792842	0.6776832387	0.2988907979	0.7679447342	0.5026664824	0.0533833157	0.04919843529	0.7547550853	0.8350399473	0.7199435827	0.7764693638	0.4689250592	0.06333467514	0.1537959118
ANP32E	0.1298327586	0.2877117935	0.7156806172	0.06448097993	0.06141049026	-0.1505168484	-0.1146081563	-0.3790352718	-0.1934904708	-0.1211216575	0.143489872	-0.2026435362	-0.1458531931	-0.5291144328	-0.0235938225	-0.1146729072
ANPEP	-0.7848036269	-1.449505522	-2.640549736	-1.777453016	-0.4709154398	-1.588008425	-1.218963809	0.6263340165	0.3570675835	-0.7379660841	-0.2053368306	-0.6848265843	-0.4536649948	-0.0008029955336	-0.5692004046	-0.1703303218
ANXA1	0.8262091122	1.579044916	1.415269792	1.345118323	0.388824297	2.522702145	2.027479045	-0.1387548902	1.192313456	1.571228699	2.423812589	2.22516583	2.105629802	1.336201757	2.096728093	1.481447739
ANXA11	0.1766733548	0.3512039901	0.7087686343	0.8220513956	-0.2441214592	0.06727142329	0.1969596288	0.1917437363	0.2012171112	-0.01454313145	-0.1938810371	-0.0384588134	-0.2271567592	0.05929815161	-0.2165554372	-0.1923788806
ANXA13	0.2798201234	-0.1876015223	-2.468826889	-2.315143649	-0.9361645303	-1.565696365	-1.287786262	-0.4532575332	-0.1015942979	-2.346439696	-1.55325763	-1.2150316	-0.5079387919	-1.222079068	-0.2197674821	-0.187979246
ANXA2	0.8780181905	1.556134347	1.190347594	1.509063119	1.132784659	3.04620241	2.015648487	0.3968105741	0.9395387488	3.222213141	2.985738908	2.807578172	2.608385887	1.918384313	1.663073257	0.6528537176
ANXA3	0.2809833564	1.520442859	0.5765031385	1.242216502	0.8554805896	2.851452599	1.97661004	-0.3110263588	0.3968446299	3.528002366	3.139392543	3.111939736	2.613081941	1.38607842	1.406816885	0.6436948763
ANXA4	0.08684173418	0.4375381285	0.50205738	0.6703491572	0.1212765869	1.145813927	0.7754329644	-0.1848041758	-0.2837399643	1.139932811	1.027972068	0.8072178212	0.7166359842	0.5034933653	0.4612226566	0.152818466
ANXA5	0.8576785398	1.53269058	1.171440516	1.09074227	0.4798796169	1.304052041	0.8365270699	0.1391076139	0.1050752552	1.142905275	1.231403652	1.228786546	1.59318914	1.212811722	0.8539547188	0.468761249
ANXA6	0.618743028	0.6051088295	0.45950837	0.09706194589	0.5286403776	1.534783903	1.066308064	0.4898717325	0.2819953311	0.937821611	0.881277761	0.8070197455	1.268341169	1.508166002	0.8885184717	0.4207095687
AOC1	-0.7243878969	-1.70571955	-4.694408522	-2.545575597	1.949387038	4.802937638	2.665560392	0.2726307943	-0.2358907311	1.235790016	0.8233760653	1.691936758	4.920037065	4.980467019	4.227934395	1.178923476
AP1B1	0.1746947733	0.5491461806	0.3873939082	0.7954094217	-0.1020663897	-0.2844426282	-0.2467835778	0.4852821814	0.03075328839	-0.05700337009	-0.2735975499	-0.209292775	0.09102535372	0.2599750486	-0.1011659539	-0.1123664023
AP1G1	-0.1693567085	-0.1573492616	0.01206640739	-0.4021575925	0.1770065897	-0.249156146	-0.306668224	-0.04677221251	-0.08003919846	-0.1867099705	-0.6479879279	-0.3894243945	-0.4327382492	-0.2359068548	-0.070078172	-0.3695737312
AP1M1	0.1096965049	0.2463574845	0.2107014594	0.349427572	0.1502572811	0.4314090951	0.1759913311	0.1679057694	-0.03820021168	0.4995123594	0.1506532066	0.1669651887	0.3117820483	0.2764101078	0.08639163494	0.007840138744
AP1S1	-0.04473776788	0.02237748639	0.03344312408	0.3789547016	0.0572704678	0.396991807	0.3302264105	0.1668285186	-0.170146053	0.6771522953	0.7933530115	0.4925882366	0.4155275131	0.3658685997	0.09475583459	0.1076987671
AP2A1	0.2955428341	0.5563567815	0.5730056474	0.508198385	0.1029736996	0.2503014888	0.03950353244	0.3448962859	0.05927873253	0.5089582822	0.07297441437	0.1457926246	0.1513809552	0.357037141	0.07010844993	0.02861537795
AP2A2	-0.2557488129	-0.5617507923	-0.1695126579	-0.1722147881	0.2813007879	0.1995905727	-0.08554757114	0.4221738108	0.01506820422	0.1473983509	-0.1112942343	-0.03658227484	0.05218533839	0.269754626	-0.06921943321	-0.120964141
AP2B1	-0.2977806949	-0.2256261497	-0.07631808459	-0.0987341865	0.3142135576	1.012157845	0.5630579505	0.2584286998	-0.002286519191	0.7883797721	0.5703242985	0.525542354	0.6929530356	0.9177111868	0.4602343243	-0.01608571576
AP2M1	-0.04913586952	-0.1630752211	0.1690323688	0.3082443556	0.07367894369	0.4396188676	0.2480536712	0.05042656158	0.03916834342	0.6492259096	0.5750720226	0.3126220451	0.3113823693	0.2452235245	0.05236275746	0.01913763093
AP2S1	0.1470392851	0.05710158529	0.3192102864	0.5343719159	0.02279483109	0.3939069761	0.3001601317	0.2111099595	-0.06591191379	0.1675046394	0.4826402577	0.4557199286	0.5490405757	0.2757816145	0.01134941919	0.1580989943
AP3B1	-0.07166835945	0.01324600614	0.2276788272	-0.1704704111	0.01973180035	0.2616580796	-0.1520492369	-0.2311340001	-0.08069133701	-0.3388843271	-0.3628709623	0.1172303595	-0.1121143305	0.05699798775	0.02601954472	-0.2916189412
AP3D1	-0.07641143208	-0.1643042477	-0.05330710859	-0.03659755032	0.108698377	0.3934236759	0.09876340203	0.5596057913	0.05917186449	0.07440438786	-0.2769260576	-0.02118588509	0.1787726882	0.4878569887	0.1642828978	-0.07610790374
AP3M1	-0.02286852201	0.02374981108	0.1360551622	-0.2116630502	-0.006669659271	-0.006433517422	-0.1726543889	-0.8713969534	-0.7154321551	0.05204651057	-0.1049579206	-0.09442878024	-0.354970093	-0.9778554102	-0.08476831514	-0.1638232598
APBB1	0.1865393466	0.4228710998	0.760171123	0.5211844575	-0.2419455642	0.1241573392	0.2212213254	0.5361427785	-0.3517012634	-0.07765201316	0.06984317091	0.1984084123	0.3774038698	0.8406042926	0.4564265278	0.01123293857
APEH	0.0565777899	0.02992889043	0.1133887288	0.287074481	-0.8453414208	-1.620159285	-1.307475409	0.4807710421	-0.1954118482	-1.545334841	-1.488977081	-1.408068079	-0.63875082	-0.09975852374	-0.3405302741	-0.2430947817
APEX1	-0.1203193253	-0.06644434068	0.2910900777	0.2800096207	0.6685742767	0.9989654348	0.6192354703	0.3963173945	0.2429660512	0.7810265846	0.6068711307	0.7352157571	0.7518882857	0.725987455	0.1913871604	0.2704869711
API5	-0.07177852808	0.04101132671	0.1092696284	-0.1211016869	0.141076664	0.3363714731	0.1898034101	-0.5398958384	-0.01985208211	0.2051937336	0.04101214849	0.1373412337	-0.2034476959	-0.4128682795	0.07706923414	-0.1695952271
APIP	-0.08614276638	-0.4807908729	0.1853344445	-0.2230311962	0.01547197491	0.2768845391	0.1653207888	-0.2458578461	-0.2151992852	-0.1831831458	-0.278843947	-0.2618228912	0.3251943723	-0.1585897536	0.03798577636	0.01755007808
APMAP	-0.1139636122	-0.1300257608	-0.254040625	-0.2613123338	0.104796915	-0.5999198353	-0.3866932504	-0.09377450553	0.006141868878	-0.2909277039	0.4050259737	0.30377828	-0.1339202215	-0.4302616071	-0.3265023793	0.04208311499
APOA4	0.2460044111	0.8787755098	-0.419164862	0.9453185043	1.369410678	-1.661117814	-1.255135216	0.03919006966	-0.1428134285	-1.529385378	-1.841355176	-1.625168173	-1.935576257	-1.315021762	-1.42427435	-0.5651289969
APOB	-0.6285451664	-0.2165328953	-3.772246883	-2.835504188	0.2687462467	-1.343936122	-1.012310989	-1.051003883	-0.8593117659	-0.6983225883	-1.470960571	-0.909003356	-1.985987332	-2.569435415	-0.8254208688	-0.4648334822
APOC3	-0.4106579838	-0.4699936229	-3.421529267	-1.323327895	1.154721001	-1.143430028	-0.8914987729	-0.3576716912	-0.5489144179	-1.414586143	-0.8797889906	-0.5249147768	-1.524943887	-1.634318908	-1.770010575	-0.255896972
APOH	-1.05698113	-1.41236706	-3.015549196	-1.797807786	-0.05848340384	-1.837817412	-1.379096168	-1.398148068	-1.089139539	-2.593409238	-2.961156176	-2.264256658	-3.32992085	-2.650451681	-1.632139882	-0.009198716463
APOO	-0.3729212275	-0.6793460546	-0.4332556716	-0.5822558646	-0.3047378474	-1.379750752	-0.7315047661	-0.4322181632	-0.2567327628	-1.109012675	-0.6117121723	-0.7528473592	-0.9504570796	-1.211179538	-0.6861079174	-0.1817107836
APPL1	0.1048119277	0.4522453807	0.4425242231	-0.07359641832	0.2183070057	0.5533537022	0.2880883271	-0.6908751534	0.08640648904	0.3352031791	0.08543120567	0.09746393411	0.01863981156	-0.8315380853	0.1514592569	-0.1249160999
APRT	0.1282764276	-0.09271441671	0.2940643577	0.4508509499	-0.2387048046	0.3036312556	0.4141320446	0.09405814243	0.08162055767	0.5125043718	0.3661693851	0.5082357643	0.3861534692	0.1825690065	-0.1013020647	0.1429521371
AQP1	0.2535662894	0.4791109937	-0.3862010243	-0.5266187758	-0.6516906789	-1.949293944	-1.108685423	0.03432197318	-0.3544943233	-2.313009842	-1.48962241	-1.282703779	-1.260496684	-0.5738436432	-0.797240346	-0.5264194748
ARCN1	-0.03295704238	-0.0001538012143	0.1698696198	-0.00560323712	0.06149887688	0.05787377747	-0.02320496844	-0.572804673	-0.06661187699	0.01465501983	-0.2704821826	-0.1950064448	-0.3990834471	-0.5889046189	-0.07396725004	-0.215275683
ARF1	0.1115286121	0.100349922	0.4263128372	0.3124076061	0.03144422971	0.1196863291	0.08589480057	0.1262227371	0.05783096851	0.214319387	0.3488395326	0.06120616781	-0.1428763866	0.1046305673	-0.1218054319	-0.06227157424
ARFGAP3	-0.1197465676	-0.3379501936	-0.2509243848	-0.3309629015	-0.1356591101	0.2254873267	0.08799322001	0.01422947868	0.1504000999	-0.2270465305	-0.3261209926	-0.1478850291	-0.1486350859	0.2991599461	0.06865291637	0.02459687306
ARFGEF1	-0.5286482775	-0.3468929351	0.1937780741	-0.7240885481	0.02739238911	0.2055696253	-0.0470256132	-0.9519395508	-0.2505709732	0.1980947058	-0.2909519362	-0.1036958499	-0.5234327283	-1.581724526	-0.04990201811	-0.3242572146
ARFGEF2	-0.30737949	-0.2808786234	-0.1534367431	-0.8738850861	-0.00257628476	-0.2712363345	-0.2333346255	-0.02798518194	-0.1671407207	0.2722794025	-0.1631141633	-0.1293595428	-0.5976461916	0.02295284977	-0.09629835303	-0.2705031959
ARFIP1	0.03123696631	0.2231099712	0.3845739271	0.05723116356	0.05541384626	0.3729687184	0.282550932	0.1591943968	0.02246177933	0.1805681735	0.05997897665	0.05298869995	-0.01495048717	0.1712794349	0.1443682895	-0.06660869959
ARG2	0.6240627074	1.094248913	0.009050576451	0.5671941278	2.042727057	2.277144385	2.348848293	-0.7168866951	-0.01867321005	2.695100924	2.653474833	2.105693332	1.314915789	0.6464336041	0.592911114	0.4069478726
ARHGAP1	0.06603595451	0.2282177359	0.3565975535	0.42439996	-0.1141961093	0.6505978785	0.1114586726	0.217803873	-0.004322699027	0.7186321086	0.6027214946	0.5073956908	0.5878108277	0.6348421777	0.2671401541	-0.05142972814
ARHGAP17	-0.1097032947	-0.1866541634	0.1778232905	-0.1526676916	-0.04642811111	0.4359200784	0.08585619718	0.4008839637	0.3427479025	0.4014115056	0.09947212385	0.1716384934	0.3670339509	0.6329240434	0.3411878162	-0.001927969189
ARHGDIA	0.388453358	0.5811044199	0.6804264439	0.7028299431	0.2955059599	0.8437521127	0.5176009277	0.3119679378	0.2913786784	0.8334563786	0.6971428149	0.5232421375	0.5973700289	0.5219567594	0.1343312423	0.1925513088
ARHGDIB	0.5965483991	1.102954814	0.662766597	1.065553522	0.2130424367	1.776294845	1.342558312	0.1151644296	0.1967975147	0.9761509102	1.401772349	1.402846418	1.629637368	1.532425815	1.321884193	1.292622772
ARHGEF16	-0.3418267172	-0.6286239689	-0.3212858391	-0.3286392306	-0.2027923037	-0.0252657364	-0.08284388283	0.3327222376	0.1830650151	-0.04199743875	-0.2722604314	-0.1783286826	-0.05518833458	0.01951004089	-0.216434742	-0.1457603922
ARL3	0.08874796284	-0.006586474245	0.4548288244	0.2766007641	-0.2452317516	-0.3163537303	-0.1340405539	-0.127369726	-0.08209119473	-0.605991043	-0.3969320588	-0.3100242546	0.005075707561	-0.3098181914	-0.1634903138	0.01434736511
ARL6IP5	0.3116759826	0.6560981953	0.5264750478	0.7280194031	0.276767663	1.22338893	0.6194333343	0.037239198	0.4579654955	0.7550222959	0.6449913557	0.7133255558	0.9053708439	0.6642415958	0.5070768966	0.2112112882
ARL8B	0.03556214255	0.1761993284	0.2561405865	0.0750158619	0.005461672931	-0.04434712932	-0.1181943173	-0.1459091004	-0.004875794396	0.01944559293	-0.1734345061	-0.1299968459	-0.2181830499	-0.1897051824	-0.07476756153	-0.1835267657
ARMC10	-0.3762301489	-0.4021316678	0.002624305437	-0.3080955821	0.0802278164	0.8644240449	0.5551225521	-0.544171206	-0.3278927503	0.3310478549	0.3411170771	0.5151757111	0.6233773385	-0.02089165947	0.3401969412	-0.01622271557
ARPC1A	0.06858512871	-0.1090129059	0.2645910416	0.1586422988	-0.05668449053	0.2796150668	0.2382778955	0.1008929789	-0.03001369877	0.1782331922	0.2546171086	0.1310547197	0.2459565604	0.2996802257	0.07795476489	0.004575445105
ARPC2	0.2483111976	0.3405682394	0.5574051228	0.5515932129	0.1253882417	0.710236417	0.5634393867	-0.2912836602	0.09690929736	0.493413503	0.548260805	0.4236664603	0.3307136633	-0.09031790487	0.07938637192	0.1118421432
ARPC3	0.1971526522	0.2479495352	0.4241573518	0.614310527	0.2084468689	0.6200986161	0.4825108363	-0.06315486902	0.03934207368	0.226161679	0.427094644	0.446178665	0.4049801991	0.1708667902	0.05889207886	0.1622845752
ARPC4	0.3940423678	0.4153505345	0.7737841059	0.9220602313	0.1096687972	0.6586132562	0.4625871807	0.4579712175	0.2541684237	0.4764012415	0.5795563932	0.4748253011	0.6283762826	0.6047579288	0.1829474253	0.1662833788
ARPC5	0.4972163908	0.8127207545	0.7017865891	0.8324427397	0.2853236727	0.8583237929	0.5729966818	-0.3550720958	-0.08708957802	0.4945542486	0.7336815048	0.6963717858	0.4736100574	0.1446564184	0.2295422224	0.08761112367
ARPC5L	0.5770988284	0.8274874853	0.7779189914	0.8833856761	-0.06550701755	-0.1287887391	0.05386390475	-0.2064581976	-0.1297078407	0.03172799603	-0.01047586715	-0.1644127664	-0.1736089607	-0.4859513187	-0.3236715468	0.05200063697
ARRB1	0.243876203	0.2831298027	0.8536116797	-0.10261163	-0.3427310067	0.4037583217	-0.07706615896	0.494389636	-0.4241108121	0.5076729419	0.09151171284	-0.07067877676	0.01575090042	0.8261536852	0.4734861766	-0.1554791691
ART4	-0.2301910262	0.2772215673	0.513949925	0.2380052462	-0.0559675628	1.766632139	0.898968203	0.07248732503	-0.253861003	-0.2746804057	0.8256768341	1.473047377	1.740400291	2.197113801	2.290400728	1.053333199
ASAH1	-0.422658863	-0.6411186281	-0.3395470499	-0.1895517503	-0.001703294353	0.6761072466	0.4359853549	-0.2778726679	-0.2784120943	-0.1329170085	0.06630959207	0.26644069	0.3611933767	0.03956220049	0.3367255342	-0.06155845246
ASL	-0.4189520227	-0.9731895586	-0.9862808404	-0.4968971247	-0.3776335363	-1.137542037	-0.5962842957	0.1956117602	-0.06665867046	-1.888269044	-1.163696762	-0.3067722761	-0.2432189158	-0.05988995589	-0.2166645098	-0.06657496499
ASPA	-0.5490705581	-0.8292376863	-0.795136779	-0.5994902379	-0.8080783073	-2.69328432	-1.59514555	-0.4290463545	-0.1249630829	-1.907882034	-1.090475721	-1.293561853	-1.631644771	-1.338991469	-0.7245925027	-0.3052248069
ASPDH	-0.4595679387	-1.419384623	-3.181713355	-2.408028146	-0.7523308311	-3.979534521	-2.92654174	0.197085278	0.152573946	-3.390352749	-3.742153297	-2.936993386	-1.535043795	-1.216183452	-1.211065963	-0.4874767923
ASPH	-0.4013801021	-0.3136482095	-0.1231736731	-0.2404789753	-0.06127771461	-0.1260651397	-0.1351262616	-0.4466775128	-0.2018845509	-0.2853602775	-0.2861411213	-0.317504489	-0.5005834778	-0.5835207026	-0.1494489555	-0.244546018
ASPN	0.560774118	1.077575024	0.9977671737	0.11772985	0.1394805089	-0.2370620995	0.1038491062	-0.09608889623	-0.2525159578	-0.8189918281	-0.4877684981	-0.2907130079	-0.2513204838	-0.400579765	-0.03262213289	-0.2923742289
ASPSCR1	0.1376254245	-0.1751959052	0.1469454822	0.3905902127	-0.2176158374	-0.539292178	-0.2066246825	0.1846993797	-0.1446776313	-0.2692738102	-0.2239326208	-0.3155548115	-0.5101569063	-0.248416879	-0.4857429113	-0.1315484052
ASS1	-0.1288462158	-0.5461714968	-0.5960862479	0.152631012	-0.686596731	-3.132530179	-1.910427111	0.4624406221	0.4494000145	-2.722602688	-1.483970801	-0.5236954714	-0.6753410362	-0.249343821	-0.4836152255	-0.3249571258
ATAD1	0.1487133428	0.3189368853	0.2974276275	0.0717021881	0.06996918623	0.2129915022	0.1091195798	-0.5676069451	-0.4192574252	0.07175058975	-0.05184672297	0.04709134238	-0.2305728757	-0.8577252975	0.01124908859	-0.1843586641
ATG3	0.0985807522	0.07814494943	0.4918055335	0.3021545594	0.01238741659	0.1197089398	-0.01008878031	-0.3733425528	-0.01782901665	-0.3838939746	-0.4815302816	-0.3492417055	-0.3072934684	-0.6316495184	-0.1491719452	-0.1146603161
ATG7	0.1638060404	0.258755208	0.5213922661	0.6016813344	-0.03704230897	0.3040250681	0.192901614	0.3308848614	-0.1292330765	0.495721048	0.4091313734	0.5009636647	0.3149398118	0.4998710565	0.06274273092	0.07575395369
ATIC	-0.01406838937	0.09481785739	0.218027888	0.4652181453	0.08654658535	0.542528742	0.06166446292	0.1032130169	-0.196660727	0.9742127561	0.3629738016	0.3368147225	0.7058414947	0.7962201408	0.2365398093	0.1408242689
ATL3	0.03342415305	0.3022281225	0.2776959416	0.03867515177	0.004797512005	0.5666966117	0.2531818042	-0.4241496151	-0.6931480189	0.1827488191	-0.06982574861	0.04729554227	-0.3364053021	0.05166549304	0.3209640031	-0.2345034279
ATOX1	0.08796928292	0.2839066527	0.4853434998	1.329238179	0.07110504386	0.4915326549	0.5009602829	0.01380086566	0.03288713004	0.3643764345	0.5059602537	0.3257089297	0.3316638719	-0.01806331927	-0.189168038	0.3053992556
ATP1A1	-0.1367129233	-0.01636841304	-0.3898804585	-0.3427955575	-0.212927471	-0.4394454885	-0.1601460147	0.3850409404	-0.1568912572	-0.6173771039	-0.2558465346	-0.3363758973	-0.7791769533	-0.09001348714	-0.4754737214	-0.1910425277
ATP1B1	-0.1283887369	-0.2129705244	-0.03282946267	-0.2782056425	-0.4038786018	-0.5750205673	-0.1226754875	-0.1621251574	-0.1536671377	-0.500252297	-0.276143246	-0.4636736579	-0.6172864132	-0.2571406986	-0.3465300719	-0.1827774634
ATP1B3	0.661339556	0.8400919518	1.05488038	0.2867310448	0.07790471291	0.1947579365	0.1465069244	-0.08692671547	0.1483166891	0.3828704218	0.2983358385	0.1360625393	0.1660374143	-0.02440958652	0.00317766193	0.08299971547
ATP2A2	0.08080991513	0.4310509803	0.02497914714	-0.1288876756	0.2017731964	-0.09790636634	-0.09216282523	0.6375744481	0.4989735159	-0.07567169084	-0.2826276325	0.04183506252	-0.4399114094	0.03319686248	-0.2163969322	-0.2754167795
ATP2B1	-0.1894557157	-0.07095306757	-0.09893600658	-0.5758808915	0.3368025376	0.8159201976	0.4327487678	-0.6276431057	0.1946666861	0.5543985344	-0.03102995205	0.1583930052	0.1347257914	-0.8052026846	0.3143960444	-0.06644772582
ATP2B4	0.5368704315	0.8934173343	0.9123602898	0.606480926	-0.09345961479	0.2261250397	0.02234622189	0.2611798908	-0.1971285784	0.1357541808	-0.3113618055	-0.2572845538	-0.2870011444	0.3213786161	0.005082814609	0.1166294033
ATP6V0A1	-0.2887337613	-0.6793789019	-0.4113497479	-0.3589158885	0.08307165564	0.4474459065	0.2071221424	0.610046991	0.3686651372	0.5604121207	0.3857553713	0.3982080214	0.4974911671	0.411583931	-0.0203715868	0.1806337063
ATP6V0A4	-0.5109531467	-0.9357793546	0.3928050931	-0.4999851248	0.1957960636	-0.8554515801	-0.3909218024	-0.07263354938	-0.4748393827	-0.6277386951	0.1786440693	0.3017720985	-0.8479060586	-0.4785140213	-0.4933508356	-0.2715751546
ATP6V0D1	-0.03467667342	-0.1324372992	0.2809286286	0.3340960299	0.1322217039	-0.006697207929	0.05338033627	0.2304255565	0.1240543145	-0.2515770016	-0.2002093472	-0.02271268248	-0.002351577833	-0.07337352353	-0.2271734113	-0.005052800876
ATP6V1A	-0.5505700232	-0.5588358151	-0.5434572033	-0.5666811343	-0.2612941503	-0.9294575254	-0.5767786859	-0.5196399981	-0.4416343858	-0.7887317064	-0.3932273435	-0.6428050784	-0.9080573922	-0.8079800105	-0.4222540135	-0.3293470661
ATP6V1B1	-0.5182396888	-0.9704616377	-0.7081354251	-0.7612938532	-0.4893536492	-0.2745053871	0.0625612457	0.0290495922	-0.3048608385	-1.099099515	-0.8599690588	-0.8841497765	-0.5945571113	-0.1607133425	-0.09605940332	-0.05194882033
ATP6V1B2	-0.08146108521	-0.01874463773	-0.2732810299	-0.2901851963	-0.0460120193	-0.6234747841	-0.5739583806	0.1223405188	0.006372008125	-0.1864421189	-0.2885007026	-0.2001619034	-0.2681377584	-0.1326954287	-0.3052089813	-0.1920897105
ATP6V1C1	-0.07748702854	-0.2609503835	0.143915868	-0.305680684	0.2123958326	0.2151490345	0.03786652987	-0.2731232011	0.1043392836	0.0314416221	-0.181010394	-0.165167549	0.1554099595	-0.2734946252	-0.03941510789	-0.09921883603
ATP6V1D	-0.3362742086	-0.5352571014	-0.03717000896	-0.1037998192	-0.1568473711	-0.5310189089	-0.2497195507	-0.3972013626	-0.2136619484	-0.5825392777	-0.3204830008	-0.378493329	-0.3284833353	-0.7207395711	-0.2834021913	-0.1728914679
ATP6V1E1	-0.1780070158	-0.3984293414	0.07173163824	0.06323599017	-0.2359757931	-0.6024945645	-0.2571178718	-0.1504081792	-0.1584988517	-0.8327575301	-0.3837924003	-0.4050285824	-0.3854695123	-0.4518766337	-0.3424328311	-0.08839556917
ATP6V1F	0.02443310233	-0.1334653161	0.5065965629	0.7681478039	-0.1734581717	-0.1120506415	0.07166517678	0.09236252753	-0.00559556382	-0.2942633916	0.05685896434	0.02271187853	0.0009119053122	-0.1375925012	-0.2531685918	0.147178916
ATP6V1H	-0.08913575601	0.004037649338	0.4081551871	0.566683112	0.03546914362	-0.3620232373	-0.06430675341	-0.162879019	-0.06567406883	-0.3104714099	-0.06792746257	-0.26955906	-0.3982918865	-0.5178105492	-0.3286839405	-0.1199358111
ATPAF1	-0.07832989418	0.05248377741	-0.0002552252779	-0.165265812	-0.1900445233	-0.3380603435	-0.2014280968	-0.5659547264	-0.5144082698	-0.4255759476	-0.3925816035	-0.5042177842	-0.6530686419	-0.5877295052	-0.3370698223	-0.1993598259
ATXN2L	0.1385416617	0.3434932242	0.3659333012	0.06781118566	-0.02920041604	0.5087364975	0.07004718152	0.7220776463	0.5546494771	0.8416147836	0.2166281133	0.3394774207	0.5613360747	0.4225850296	-0.01711781342	0.09365306936
AUH	-0.4326565079	-0.8324793677	-0.748279675	-0.9212282334	-0.3970670206	-1.175169669	-0.6796051845	-0.210238678	-0.08349349475	-1.34531744	-0.8588568024	-0.6241090129	-0.7599487811	-0.6261033453	-0.4355806683	-0.2194942418
AUP1	0.2493303197	0.2090433103	0.3490918434	0.421103758	-0.285448083	-0.4223442568	-0.2820390898	0.2179161532	0.01648258407	-0.1287602181	-0.1697412224	-0.1431695767	-0.1052687856	-0.1776822081	-0.4078799754	0.0174081793
BAIAP2	0.1929465294	0.1489685223	0.1651615562	0.7475125655	-0.2834021993	-0.03256885509	0.04450156511	0.455119222	0.9167066784	-0.2938748382	-0.1537067739	0.1084560668	0.2183303628	0.170340396	0.0629371341	-0.1927685769
BANF1	0.08954301819	-0.01024775166	0.2607066954	0.4538906558	0.3852031196	0.5909006764	0.4359429818	0.01700700798	0.04580753776	1.134460086	0.9269160164	0.5538097124	0.5066062304	0.1462626043	-0.04990728568	0.131920475
BCAM	0.0839885859	0.07951857716	1.013801273	0.7482895116	0.1117874015	1.688152615	1.581188523	0.6208118591	0.05792582977	0.9509363481	1.443759119	1.362260638	1.812156063	1.670489566	1.058541726	0.4155365401
BCAP31	0.06737933288	0.007444920636	0.418048163	0.6121402441	-0.1264913066	-0.2059299766	-0.1681264722	-0.01570438453	0.05145727823	-0.3949869507	-0.2679153382	-0.1860753269	0.04581251504	-0.2841270053	-0.2605382446	-0.06564013899
BCAT1	0.2200370894	0.111157539	-0.213399626	-0.1620714522	-1.013999822	-1.390198328	-1.314441975	-0.06737664616	-0.8986697864	-1.550503469	-1.830087231	-1.519195776	-1.131709339	-1.138407439	-1.203979499	-0.9233097372
BCAT2	0.006151402604	-0.7206743076	-0.06724821987	-0.5991935455	-0.6875379957	-0.450620483	-0.4341512596	0.3101255555	-0.0843905115	-0.7277412771	-0.7154878328	-0.7131912594	-0.6121532288	-0.1666713358	-0.583663683	-0.1978810848
BCKDHA	-0.3415755059	-0.7701407857	-0.8262482982	-0.4085580025	-0.5157702682	-1.615345571	-1.041586906	0.08877591282	-0.1009725731	-1.744739818	-1.174086209	-0.6697279599	-0.9428249161	-0.6225409586	-0.6405967998	-0.08089726003
BCKDHB	-0.4810581405	-1.160424678	-1.191310377	-1.232322109	-0.7403393576	-1.269933381	-0.7119981708	0.06567353605	-0.01763203188	-0.9552512631	-0.4449231387	-0.6936897533	-1.107548296	-0.7535245471	-0.7129500618	-0.2516551542
BCKDK	-0.138874565	-0.3367060694	-0.06054617686	-0.1129057805	-0.3042431647	-0.6253478953	-0.4148163462	0.1504340183	-0.1815758058	-0.565567751	-0.5304807753	-0.6489837699	-0.2356241695	-0.02222302199	-0.2501318772	-0.1691472598
BCL2L13	-0.5651617188	-0.569222323	-1.01206279	-0.6267692392	0.06731989264	-0.05215414895	-0.1593537012	0.06423185096	0.0713944475	-0.1678051055	-0.3179026953	-0.1869787399	-0.6235651673	-0.1152170268	-0.1664393749	-0.1568446701
BCS1L	-0.03717980223	-0.2683090871	-0.2403035831	-0.2391860168	-0.1606989533	-0.3956172876	-0.3125852059	0.2346255896	-0.01302550843	0.1544428239	-0.370173894	-0.5472552551	-0.02650972374	0.01933059829	-0.1752191069	-0.07698161161
BDH1	0.176955384	-0.5163521239	-1.311001663	-2.020144909	-0.6349332601	-2.302588558	-1.867635514	-0.2569215592	-0.4977649014	-2.749579758	-2.37457732	-2.460685976	-2.40044971	-1.09870148	-1.176649304	-0.6372484678
BDH2	-0.652259745	-1.322958947	-1.043589707	-1.541805872	-0.455083416	-1.393676032	-0.8887633383	0.854045448	-0.03784716035	-1.449726379	-0.711643936	-0.3533211935	-0.3373120303	0.3530930032	-0.3903762485	-0.1347446837
BIN1	-0.2618067161	-0.2527416813	-0.2754847087	0.4775200339	0.10148644	0.6881446806	0.2441451958	0.2030846522	0.09007080448	0.7986005067	0.3451152076	0.4825469698	0.7715160729	0.7347062753	0.3897401405	0.1918794158
BLMH	-0.2196464537	-0.08569900597	-0.3599877089	0.02604473842	0.04020043348	-0.4508720497	-0.4170690956	-0.1770501943	-0.04312532152	-0.4885436463	-0.3476012726	-0.3130706271	-0.2605783563	-0.3246682697	-0.1980843152	-0.1931848397
BLVRA	-0.02339554588	-0.4210492286	-0.05103747696	0.2677097595	-0.1432777777	-0.4766402212	-0.3198641723	-0.3186147652	-0.1217858731	0.3127826726	-0.269531686	0.1664517534	-0.2568866119	-0.4859109435	-0.2045225148	-0.1790900821
BLVRB	0.05444611199	-0.2558787895	0.1644472016	0.5368763815	-0.2338572492	0.1296192599	0.2237453019	-0.2026277021	-0.4271562496	1.149600319	1.070805469	0.2858938213	-0.1620847316	0.001032832406	-0.07349526004	0.05613404745
BPHL	-0.3888699847	-0.9524611546	-0.9886267699	-0.7745807988	-0.4723604988	-2.311085965	-1.659644896	-0.09683678996	-0.06983100902	-2.260671908	-1.77923146	-1.402644739	-1.150320873	-0.7537252329	-0.7586810101	-0.3131790624
BPNT1	-0.2200791519	-0.260110803	0.07680816191	0.02200659416	-0.3790782745	-1.275042064	-0.8526948302	0.310618413	-0.06802503093	-1.055374661	-0.8408898396	-0.7265403796	-0.7197659052	-0.148881062	-0.4035927238	-0.2255812607
BSG	-0.1459381674	-0.1737027316	-0.1543087686	0.2653223541	-0.09345432101	-0.6347436822	-0.3418825823	0.3714076539	-0.07257339912	-0.5690875333	-0.3860154814	-0.2652303065	-0.2477303694	0.04969561726	-0.2515977187	0.05935241461
BSND	-0.2220422856	-0.8900647924	1.303641132	-0.3005825407	-0.9914776644	-0.8496718202	-0.3275336547	0.2440158226	-1.273439009	-1.285897344	-1.432962107	-1.691373281	-0.8781692739	0.1449484025	-0.3176020612	0.2351914806
BST1	-0.4098646088	-0.08614656516	-1.492372241	0.2515487446	0.1875797529	1.178292081	1.13023252	0.2142015107	-0.07305346195	1.075012779	2.089020932	2.255678044	1.901758041	1.270692939	0.681763104	0.0542814276
BTD	0.1009992115	-0.3038255369	0.007419677512	0.1021196654	0.2760934826	0.07131162125	0.1063053269	0.325263338	-0.03244828425	-0.3750643317	0.07907995146	0.3578385884	0.135968947	0.08843525223	-0.2827175696	-0.05184412415
BTF3	0.1125367491	0.1111263926	0.08324381227	0.3211214066	0.01634856651	0.3592453729	0.3550765754	-0.167112333	0.08841677188	0.3215587741	0.3603325597	0.4457437672	0.3905794667	-0.1319667052	-0.1039441978	0.04432053913
BTF3L4	-0.08791939174	0.0559674412	0.1988526843	0.2047780945	-0.02124696539	0.08143230406	0.08409079853	-0.3800053702	-0.08848634758	-0.1783346804	-0.1140621481	0.03096085882	-0.08714048872	-0.4841546026	-0.05166664602	-0.08664032472
BUB3	0.1582772129	0.3670722701	0.5290293114	0.498619638	0.09786970052	0.1814287152	0.1436018197	0.08998450814	-0.2374910964	0.3084841964	0.558501423	0.3543884806	0.4282178222	0.382530974	0.1905929527	-0.05371122285
BZW1	0.1458060566	0.3290780341	0.3157067509	0.3473980783	0.2781457279	0.5633967858	0.3121733717	-0.8063707506	0.1358781518	0.4146457281	0.4318894551	0.3617947359	0.1381739295	-0.9456726135	0.09914015094	-0.1665566229
C1QBP	-0.1004072634	-0.2250761376	-0.313855662	0.09439345462	-0.05305745664	-0.4587554412	-0.2480670531	-0.09886945623	0.04034522644	0.3282935389	0.06529118245	-0.0863206682	-0.1090534272	-0.2389617386	-0.3945661101	-0.09019850637
C1QC	1.641216511	2.387112733	2.486392082	2.622213919	0.3765552769	2.86906968	1.865552156	0.07778615632	0.2875117966	0.4856459008	1.078578614	2.026020448	3.391937468	3.35696195	3.162434533	1.585357168
C7	1.083680709	1.959133658	1.220916122	1.058100981	0.7244360563	1.35572762	1.404770531	-0.02440755031	0.3619155139	0.6581259067	1.221565089	1.52215811	1.399100273	1.50278165	1.999680396	1.841374409
CA12	-0.2940683022	0.2103126719	-1.462081301	-0.5321367356	-0.5490531641	-1.117042771	-0.576133037	0.5560470926	0.2359364635	-0.711039479	-0.5280725197	-0.9949740195	-0.2463488323	0.3046588318	0.01004371192	-0.2446548599
CA2	-0.6989608107	-0.9746648812	-1.639325971	-1.254206799	-0.05539941384	-0.1631227772	0.1217866622	0.2835600261	0.1527930862	0.2659906755	0.7309949346	-0.01070870077	-0.05881858957	0.02327251977	-0.08466854904	0.009231837285
CA3	0.7561451593	-0.665093706	0.1245083305	-0.7270583266	-1.3867946	0.4983200281	-1.636440536	0.5107358949	0.5154028491	0.5129769249	-0.01109658268	-1.571828026	-0.2607675898	-0.1578562845	-0.2111044895	-0.1390529506
CA4	-0.3041719051	-0.3066981816	-2.52762638	-2.166283378	-0.3992539839	-3.075095575	-2.223466826	0.3684815351	0.3158916975	-2.517650224	-2.200565583	-2.119688137	-0.6499595897	-0.400777542	-0.4212192877	-0.3048422892
CA5B	0.006608692092	0.1033079203	-0.3489381989	-0.216523584	0.3818354407	0.3547697736	0.373915835	0.005062871985	-0.2981232997	0.2174414827	0.1644820626	0.1965723663	-0.3945752215	-0.02725316052	-0.2821271273	-0.1455238496
CA8	-0.5663148715	-1.155434242	-0.839820605	-1.960818532	-0.3458502568	-0.3051377543	0.04886818104	0.06946642908	-0.08389977864	0.5287371037	0.2992115244	-0.07916035802	-0.3684520272	-0.1099259462	-0.1510615843	-0.1105685022
CAB39	0.0672357656	0.1390520124	0.4892860596	-0.04759550681	-0.04392549345	0.09425380615	0.1131811472	-0.3919896393	-0.02931176004	-0.08500213203	-0.07745316865	0.01645033304	-0.3287129484	-0.4727004528	-0.09514949062	-0.2237591501
CACYBP	-0.1090916944	-0.2424740964	0.06589916107	-0.1197308877	0.04704247467	-0.07540585101	0.06714247765	0.1574049987	0.334842878	0.4144553704	-0.01674008311	-0.1684646237	-0.07059952392	-0.5334165607	-0.0696186494	-0.009084583252
CADM1	0.1387324839	0.3134837444	0.5264430548	0.4756900898	-0.2450269477	0.1684122024	-0.06620375527	-0.009628180884	-0.1024228876	0.678843797	-0.0694485449	0.006880373724	0.07586698909	0.3967121299	0.5537957014	-0.2079129313
CALB1	-1.013406557	-1.79552735	-4.335900778	-1.743499375	-0.8597493764	-1.250905232	-0.2239793579	-0.362718247	-0.3356918508	-1.933306242	-1.405772325	-1.315284725	-1.262893541	-0.716121661	-0.6321196772	0.2263801757
CALD1	0.3599471	0.664348602	0.82244465	-0.007228471923	0.4664205632	1.352055268	0.8186169803	0.267673498	0.3884673758	1.789911387	1.554723252	1.074768624	1.29241381	1.371836862	1.383858464	0.6060062216
CALR	0.1238127116	0.0513322047	0.124783899	0.2566991744	0.3497411098	0.4360777509	-0.0004472378581	0.4981887349	0.3059993641	0.2388955601	-0.3072951176	-0.008993985714	0.1839560132	0.107550315	-0.4490904594	0.1023763161
CALU	0.4226574574	0.738155874	0.6640363121	0.3560094908	0.4576444593	0.8986043813	0.520166808	-0.1887856362	0.2906980264	0.8809455691	1.130843705	0.7733497014	0.7253809877	0.3203334391	0.6012421638	0.2192602461
CAND1	-0.1240996012	-0.003012232446	0.05986841141	-0.2245900729	0.1488591238	0.3397395432	0.05806414221	0.04129647114	-0.003660632077	0.08985753077	-0.1716380945	-0.018347018	-0.04822705786	0.148809011	0.008199526752	-0.2395800919
CANX	-0.163383297	-0.1340790428	-0.200541024	-0.2229090016	0.1760411178	0.02826493064	-0.144010741	-0.3381220713	-0.1358125032	-0.09694921119	-0.2821499143	-0.194176403	-0.09607799557	-0.4849689696	-0.1646466807	-0.04621062484
CAP1	0.1081271572	0.2811600504	0.3335464183	0.5028845983	0.331082966	1.062512364	0.5386291757	-0.05928868204	-0.1117478473	0.6443192855	0.3757957454	0.3799259164	0.5641331988	0.6060950523	0.430566732	0.1780214011
CAPG	1.126886782	1.527696092	1.765756921	1.865399246	0.919694963	3.008431825	2.541983651	-0.04638835755	-0.2197822149	2.690170618	2.847087365	2.655553257	2.486716934	2.38973178	1.886139813	1.308621823
CAPN1	0.4306567784	0.6884285961	1.132890297	0.8902299402	-0.00873723532	1.288149506	0.8747032677	0.488204821	-0.1752449319	0.6858510896	0.7836647422	0.6785701104	1.031443991	1.24625794	0.7996978717	0.3233161838
CAPN2	0.02678612005	0.06959473181	0.5550229672	0.3741743601	0.4480370818	1.177774347	0.7832303198	-0.0800986879	0.1940049546	1.149022029	1.149037216	0.9897089109	0.591853684	0.4170975002	0.2500136071	0.07721165896
CAPNS1	0.2059656197	0.4441998783	0.6652367002	0.9652953935	0.09804945569	0.8654880395	0.5368905046	0.2901454838	0.05033206506	0.7456237262	0.954195545	0.7360868716	0.6457995469	0.5343870529	0.1675034289	0.2023175958
CAPRIN1	-0.2582969098	-0.1128404196	0.04778378054	-0.4003645263	0.01036879473	0.2339806226	-0.1249827536	-0.1477831012	-0.2462106175	0.2124601799	-0.1941321557	-0.1972451041	-0.05137464183	-0.1719629065	0.1940916501	-0.2407545085
CAPZA1	0.1968312046	0.4534377055	0.4185903661	0.1625008625	0.2944356489	0.7097227793	0.2095974907	-0.5677864763	0.07183876429	0.4462843683	0.301227344	0.2590611814	-0.006298293557	-0.250531057	0.2264119002	0.06026370997
CAPZA2	-0.1793183207	-0.1265559735	0.002088568547	-0.2640240645	0.06202180943	0.2708449855	0.138368821	-0.7324971829	-0.2383290124	-0.1524448092	0.1023495811	0.143439949	-0.1076803502	-0.7064164588	0.05315879124	-0.08831264955
CAPZB	0.3152410955	0.4200352163	0.6707134175	0.6940123231	0.1981895229	0.7660691328	0.4440981464	0.2802023888	0.2454859926	0.6811706696	0.5985720921	0.6041332254	0.6897713029	0.6805088662	0.2664327665	0.2177149773
CARHSP1	0.08573985524	0.2127308721	0.5253317131	0.6667860849	0.7316071839	1.761119547	0.9051902115	0.2431372887	0.3384666714	0.6973467613	0.6548068942	0.7893110491	0.9367183907	0.8612378337	0.5689801541	0.06522104615
CARS2	-0.09083407399	-0.5223148554	-0.2261172294	-0.2708643363	-0.1043628544	-0.4868454236	-0.3802467077	0.3574552323	-0.01606037233	-0.3321627331	-0.4457240754	-0.5058183603	-0.2694962217	-0.1602743122	-0.3446358367	-0.01182231182
CASK	-0.3089069555	-0.2615636566	0.2012556956	-0.2204926663	0.1795073294	0.6026367348	0.4279657912	-0.1859953494	-0.1032695177	0.2836905702	0.07513877375	0.2629579184	0.1709616698	0.1220222965	0.3718140782	-0.05050147654
CASP4	1.415496959	1.642495824	1.912489877	1.618701685	0.2889195833	1.526006307	1.039671544	-0.4154620834	0.5744497791	0.1831771753	0.3903677673	0.8304888562	1.625195798	0.5996390629	1.452157658	0.9030713483
CAST	0.2615706012	0.5792741558	0.8236788304	0.5050425165	0.1653239921	0.9148332585	0.6078293853	-0.6624145483	0.1873207062	0.4548943436	0.352707239	0.5501855347	0.03211564879	-0.1022340685	0.2760165287	-0.02173139926
CAT	-0.2816166449	-0.2967512297	0.02638875571	-0.07353515581	-0.499361839	-1.758343757	-1.200131556	-0.2262323228	-0.3794829322	-0.9434458357	-0.7330779299	-0.6923256173	-0.9556496864	-0.5653369436	-0.6765560603	-0.2960602644
CAV1	0.4964669125	1.135759861	0.4151146889	0.4609246254	0.0380611456	0.4906613937	0.2672129752	-0.3487503656	-0.62286767	0.2840820124	-0.1771877168	0.04214044662	0.3099811487	0.02001992751	0.2685658729	0.1308351587
CBR3	0.5059017768	0.7505334626	0.9323503622	1.071525284	0.1900784133	1.811521084	2.512539879	-0.2333197938	-0.3685527519	3.688722921	4.487552479	3.240549469	1.601371262	1.893463202	1.380168787	0.8292161748
CBR4	-0.6654640985	-1.090518171	-1.087747371	-1.354064875	-0.2713778176	-0.6664450772	-0.3860571286	-0.6347785774	-0.5302926244	-1.08622339	-0.7899490557	-0.6846668097	-0.8548505544	-1.267979555	-0.4806566946	-0.1677689874
CBS	0.05086510921	-0.05634704397	-0.4874967767	-0.05498979339	-0.7536563538	-3.141161296	-2.036076484	0.4972979126	-0.1198939921	-2.852325402	-2.40262964	-2.072687256	-1.649475519	-0.8804491589	-1.114926399	-0.4898085983
CBX3	-0.004100050012	0.2124173028	0.2795859263	0.1068104581	0.1249774502	0.4652026075	0.3810281844	-0.5282354991	-0.1929812685	0.15100288	0.3135081464	0.3903184614	0.1003433548	-0.2611089061	0.2293276776	-0.0969576109
CBX5	0.06477451122	0.09176318369	0.3655394537	-0.02233852212	0.2190923271	0.2208276943	0.07479744937	-0.3694426647	-0.6110938854	0.5376846885	0.5020985252	0.1329538974	0.07874483862	-0.1705926923	0.2607287024	-0.161821497
CCAR2	0.1701309748	0.2560651521	0.3366560679	0.4580500838	-0.05887305465	0.1748155602	0.08651604772	0.0666057778	-0.1764453592	0.0847758974	-0.07923373734	0.08122793616	0.2058543261	0.4622264277	0.09951697877	-0.1219721744
CCDC47	-0.232434905	-0.4181961431	0.006759387477	-0.405550236	-0.1076190844	-0.3904752876	-0.3123222201	-0.8663265691	-0.3903683633	-0.2386186092	-0.3654376858	-0.4363585268	-0.4223684813	-1.522487965	-0.1996931837	-0.2335311854
CCDC51	0.0342883877	-0.2941439464	-0.1229316995	-0.05334322883	-0.1774590238	-0.5631964965	-0.4633780366	0.04335649751	-0.3847870079	-0.241000007	-0.666017895	-0.6521401024	-0.3878336797	-0.1220866505	-0.1937911067	-0.1138279708
CCDC90B	0.004019062817	0.2746857873	0.4764020291	0.4701542093	-0.2120532183	-0.2471645404	-0.2158507378	-0.3799269674	-0.3641746165	-0.2485100695	-0.5828692661	-0.6981795378	-0.3412922497	-0.5367679937	-0.1231663491	-0.1725514307
CCDC93	-0.2901415257	-0.2931246541	-0.2811823106	-0.3421793881	0.05631176439	0.1616660889	-0.1060629337	-0.4116567909	-0.5491556216	0.1514831351	-0.3930838497	-0.3034007457	-0.24658404	-0.2775989299	0.1236602701	-0.2056119079
CCT2	-0.02357763437	0.0621737791	0.005518636238	0.1835458926	0.1300136443	0.08432222431	0.103112981	-0.0479735083	0.2133656296	0.3383712614	0.1835665331	0.3159207976	0.2431229548	0.02636253438	-0.09684528923	-0.1006112023
CCT3	-0.01405861585	-0.2622052365	-0.04468572538	0.162036155	0.3186566621	0.2653784809	0.1542670543	-0.04637999995	0.2393417617	0.6282877714	0.2494655925	0.1780980802	0.2685417586	0.0781776503	-0.09783281848	0.002902703299
CCT4	-0.1113327326	-0.2157920337	-0.1016465255	-0.03581044225	0.0681587969	0.28055437	0.1803213442	-0.3955311032	0.02972105466	0.2019660568	0.0765815066	0.2581757607	0.2551002811	-0.3417353635	0.03350876287	-0.1021156301
CCT5	0.03379379042	0.02196614938	0.08678266428	0.1990842509	0.3218710349	0.4331090291	0.2856698598	-0.2988299597	-0.01109451874	0.4766977714	0.1871254467	0.2437185497	0.280801683	-0.3224554394	-0.0152661665	-0.01892456479
CCT6A	-0.1655667334	-0.131016133	0.03899199754	0.001469596862	0.05129120174	-0.1943917289	-0.1143840099	-0.3238894316	0.03803718576	0.09636193303	-0.1589434117	-0.06274833148	-0.1930841842	-0.4318561364	-0.209992583	-0.2327610474
CCT7	-0.01573440296	-0.06168726846	-0.02581097232	0.2011294461	0.1234948321	0.1898537497	0.2112510598	0.1132533112	0.03869272175	0.3303575594	0.2196713225	0.2032307125	0.1042507944	0.1437418398	-0.03504418794	-0.06675803698
CCT8	-0.009789187507	-0.07496832525	0.06701198112	0.09826190425	0.1789736811	0.04839773058	-0.0396042994	-0.8159728458	-0.01419967273	0.2068355233	0.02945140893	-0.02569905485	-0.0754695884	-1.216274149	-0.1324269392	-0.1298394388
CD151	0.2992673793	0.5633707567	0.8858405184	0.8818961259	0.1337691269	0.9071583323	0.6483002912	0.3322345567	-0.1053376208	0.9758115208	0.5817082036	0.4451942697	0.3899621361	0.6186180193	0.3434830725	0.1906562535
CD2AP	-0.2999561962	-0.1249342772	0.1680078009	0.0399116786	0.6125994733	1.193091512	0.7665634022	-0.9026810056	-0.03097357983	1.238887846	0.5617120479	0.6633142106	0.5378092434	-0.7761149497	0.493160274	-0.1240384072
CD34	0.2230973463	0.05753187981	0.9667169852	0.0738109686	0.05912627163	0.4936704358	0.3312524731	0.4367327274	0.1057232997	0.5012189763	0.7538822482	0.5312303993	1.102520484	1.235922496	0.7898895305	0.2663448875
CD38	-0.07366325445	0.6686725852	-0.1212261713	0.4062954739	-0.004378288288	0.2934822072	0.1145501772	0.3230944	0.1044647015	0.3917153635	0.6111579088	0.9798833006	1.151675268	1.303746239	0.705171581	0.2162425413
CD63	0.1986660044	0.4551577898	0.6585389828	0.9278153234	0.3005632726	0.2913964763	0.2852485243	-0.08013151357	-0.1444608784	0.03261649145	0.3565197019	0.2044578091	0.184011632	-0.1366380019	-0.1347849091	0.07025036384
CD81	0.5344124205	0.7924316266	0.7787825561	0.8632181093	-0.2394091048	0.1732209301	0.1459409808	0.4770108974	-0.05405367564	-0.3057471733	0.03480257879	0.02927762796	0.3060575807	0.5435421511	0.1213992131	0.1119573111
CD9	0.2619129831	0.5499957274	1.27063907	1.028169677	0.5346380976	1.895279269	1.503227849	-0.1736046599	0.2809777666	1.099978356	1.209113176	1.243026996	1.322283284	0.9694479419	0.8713759298	0.5908862352
CD93	0.1069698771	0.138817473	0.8017427449	0.1839687544	0.8045307869	0.9140806093	0.6517949706	1.227500372	1.937072019	1.036502166	0.8495089199	0.6256017957	0.8376606549	0.9931780428	0.6134423219	0.1488004671
CDC37	0.02977012695	-0.0450424132	0.4055247497	0.3557450832	0.03351270951	0.2271464013	0.09576813124	0.2196721748	-0.0688094232	0.1357300691	0.06461945761	0.1004232922	0.3281529013	0.3570424527	0.05020878376	0.06328301057
CDC42	0.2015803144	0.3798721227	0.5231862935	0.5150038138	0.2599718474	0.5678941751	0.2978124494	-0.1102417823	-0.01379627179	0.4347656294	0.5235014934	0.4060263893	0.3914925704	0.2014948038	0.1936662787	0.07380156194
CDC42BPB	0.099322899	0.2976050961	0.6585209177	0.2653412387	0.1128068836	0.5402818084	0.1624313105	0.4281774461	0.4770824764	0.4210673451	-0.1639911193	0.03373925009	-0.1205483189	0.4309750012	0.1704705169	-0.1627673337
CDH1	-0.0214110834	0.5850534622	0.4736155906	0.9762358673	0.03655937257	0.7010012688	0.5212533818	0.5513347406	0.6308684137	0.4142619563	0.4961601203	0.6598730783	0.2438055885	0.6382874835	0.1829709692	-0.004377020821
CDH16	-0.4508138937	-0.7544477216	0.07845814328	-0.4100801106	-0.1990174697	0.1056681736	0.04889161298	0.6198190581	0.04925585473	-0.5356470396	-0.4798468123	-0.2519687762	0.06153164748	0.4119003642	-0.02222421611	-0.1646368706
CDHR2	-0.5552713777	-0.5317328838	-3.78558882	-1.473977168	-0.08169480875	-1.15774762	-0.6420146519	0.5530637179	-0.2733461033	-0.5277205512	0.332730812	-0.1033280969	-0.3711810766	-0.07479670255	-0.46047874	-0.07488011126
CDK5RAP3	0.368106127	0.6207235543	0.6749099976	1.183858236	-0.2966128044	-0.08729001697	0.002947815451	0.002169641931	-0.2586644386	-0.4246156812	-0.2414129606	-0.2571868148	-0.1462081512	0.03155995723	-0.1186700409	-0.01227103865
CDV3	0.03980542716	0.1072823297	0.06599740262	-0.1965200742	0.1693805095	0.4182905553	0.2768921452	-0.4984584419	0.2483197904	0.1772892668	0.1274380472	0.2415920561	-0.1620038402	-0.4697961157	-0.03375319246	-0.01144435852
CENPV	-0.09163303147	-0.1344141367	0.6856865724	0.864993577	0.1234419954	-0.2697334702	-0.01405958898	0.01144988658	-0.2011378266	-0.0506751173	0.0537593585	-0.06954109911	-0.2769922082	-0.4310075055	-0.3949269412	-0.01877941433
CETN2	0.09296720508	0.3043335625	0.3163131145	0.612137072	-0.1421380467	-0.4168692104	-0.2791488024	-0.3259994548	-0.2721532003	-0.4843084514	-0.3444017476	-0.4842987759	-0.2009063471	-0.8112577192	-0.171875652	-0.1394023047
CFD	2.706327535	2.530864263	1.151026792	2.038412572	-1.438682271	2.1321814	-0.981047263	-0.9307853283	-0.901459043	2.5551368	-0.5547736187	0.3197176892	0.3832367976	0.3839457731	-1.775600975	0.2029870957
CFDP1	0.1798083025	0.1735827558	0.4839665883	0.526116125	0.2299907779	0.4783568777	0.3863408186	-0.5649599357	-0.2069045124	0.3796104402	0.118459047	0.05250572951	0.3889789404	-0.9013668632	0.05677246389	0.08069580363
CFI	-0.3110817661	0.1098264883	0.1422876628	0.7033677246	1.072420263	2.403936695	1.544887401	0.200758873	0.511724911	0.9518644769	1.042849947	1.814822908	3.239694451	2.394403306	2.54814715	0.3610665348
CFL1	0.1387709992	0.1930843145	0.456141018	0.633804474	0.3706344785	1.03251372	0.7228266063	0.3129075783	0.1741458912	1.020953044	0.9411714749	0.7568386627	0.9009009642	0.7054472616	0.2533394162	0.3624380809
CFL2	0.001182964037	0.5755795253	0.3763672146	0.4575523176	0.1108997755	0.008509365791	0.03812239234	0.040591845	0.03823307845	0.4191041208	0.0656474341	0.0474912008	-0.05036286046	-0.179554905	-0.1931904981	-0.1843906795
CGNL1	-0.5216799158	-0.777526561	0.1393333639	-1.111899395	0.01429658014	-0.2204223266	-0.2652283752	0.2388481874	0.1329454198	0.2057041716	-0.2116789848	-0.1272842305	-0.3632317736	-0.07877452738	0.03525921416	-0.09850633926
CHCHD10	-0.2965553394	-0.6289219207	-0.4378323189	-0.6406232232	-0.4290133627	-1.315609056	-0.5401312894	0.07991396782	0.2321397505	-0.7801247014	-0.5738895143	-0.5095138631	-0.4069263256	-0.6165393916	-0.7985764422	-0.04273541977
CHCHD3	-0.2989224849	-0.5566893285	-0.3133095313	-0.6005234139	-0.0997294466	-0.7431908804	-0.4818707998	-0.0962431801	-0.1613443346	-0.5884909605	-0.2173891549	-0.3198107769	-0.6090132862	-0.512525135	-0.4467131429	-0.1458375164
CHDH	-0.3757885493	-0.7512745181	-1.03116463	-0.9809694189	-0.1222083624	-0.8578351186	-0.754681164	-0.2247145395	-0.5219934915	-0.3827368696	-1.087073908	-1.254180651	-1.273729415	-0.2265111291	-0.2260353753	-0.4541449911
CHID1	0.1421325818	0.112625	0.297570495	0.5451604317	-0.02779843093	-0.1559880166	-0.3341389053	0.3038912159	-0.1368757455	-0.3685869007	-0.4790070383	-0.5404492973	-0.143529447	0.1530551772	-0.07664643658	0.05238751841
CIAPIN1	0.1947087602	0.1911809261	0.3476643482	0.2615629956	-0.1191439183	-0.1241343182	0.0762900829	0.2710491417	0.165450073	0.2423773648	0.3590130079	-0.2193667834	-0.1606876893	0.04320522127	-0.281428424	0.02629738146
CIRBP	0.1491222159	0.2648349283	0.5275032093	0.8345160383	-0.1936021926	0.008683189345	0.5565486485	0.07441786849	0.621244525	-0.8971329464	-0.1457489196	0.06253644778	-0.1189781909	0.05190376746	-0.2236010066	-0.1605161677
CISD1	-0.5586148861	-0.8532039539	-0.7316696012	-1.117503102	-0.3835828391	-1.540275266	-0.8161157302	-0.02052211009	-0.109716592	-1.309966605	-0.6762185469	-0.4779995533	-0.7182313694	-0.7369679105	-0.7948531977	-0.1140133303
CISD2	0.04056913248	0.03864795612	0.2681484207	-0.01412656481	-0.09911763481	-0.3426680394	-0.1168821448	-0.04767862656	-0.06208926844	-0.1010797888	-0.1574848037	-0.1987278177	-0.1572745898	-0.2062596423	-0.1545442006	-0.1950639407
CISD3	0.2404744368	0.3833352866	0.5665658006	0.2029813799	-0.4623581138	-0.8349427902	-0.4210460832	0.171449932	0.0296786851	-0.3446652631	0.3967167101	-0.08154863749	-0.2947047254	-0.3525950634	-0.5411941939	-0.04947360664
CKAP4	0.8118821855	1.44516889	1.134273116	0.7730581374	0.4390642654	1.526819302	1.165067735	0.7937201201	0.8574721433	1.984348468	2.20277537	1.387887406	1.976823011	2.044744939	1.217612833	0.9759871354
CLCC1	-0.1313285317	0.04231283815	0.06193058782	-0.03890046576	-0.05639124735	-0.4545158246	-0.3035806782	-0.3918517795	-0.3297218474	-0.4497830437	-0.4411518451	-0.2437906342	-0.6771259258	-0.6690805432	-0.2908700366	-0.2181812086
CLIC1	0.5117369558	1.085500349	1.108080709	1.58307299	0.7146689657	1.891293727	1.216611668	0.02604633551	0.2324378196	1.301485326	1.312121279	1.185001912	1.319135403	0.8981005741	0.7217657831	0.2845227994
CLIC4	-0.3975476063	-0.2261994878	-0.6248365556	-0.566594423	0.1818887845	0.6981157828	0.1192980598	0.4003622817	0.4797651475	0.4155314957	-0.5587667472	-0.4141477409	-0.4349534381	0.3623045958	0.2947743019	-0.1893754247
CLIC5	-0.5880743249	-0.8924889547	-2.287800929	-1.548517921	-0.4684898082	-0.1318534516	-0.3491082618	0.0374345955	0.005843592055	-0.04653516095	-0.7546985489	-0.5506617702	-0.6002144066	-0.3386470033	0.1001705656	-0.2472606468
CLINT1	-0.349949279	-0.2692111232	-0.1354506205	-0.3630184886	-0.03679464313	0.160399842	0.08478900497	-0.09121005909	-0.005478691069	-0.02229915012	-0.203095676	-0.0006575190514	-0.05363305114	0.3803189406	0.196160081	-0.1923219192
CLPB	-0.1558669574	-0.4545862571	-0.3683488536	-0.176579155	-0.09356477762	-0.7857781584	-0.5649277971	0.05925693599	-0.2392643729	-0.4094496851	-0.6692917178	-0.7018817104	-0.8354725914	-0.4159599965	-0.4879267808	-0.06226035308
CLPP	-0.1125453958	-0.3416840756	-0.177699218	0.03607026706	-0.1190024263	-0.5837694931	-0.2438773468	0.1111442238	-0.1881874237	-0.3432490385	-0.3940069598	-0.3615019427	-0.3784100319	-0.261925694	-0.4478345298	-0.07838922814
CLPTM1	-0.1700103218	-0.392074211	0.009433458265	0.002145867693	-0.2341761149	-0.4981290374	-0.483897748	0.4549699665	-0.09061330334	-0.5817806485	-0.6483585843	-0.5170361107	-0.3862656271	-0.09802192892	-0.2868422542	-0.154469637
CLPX	-0.2972511828	-0.2918387976	-0.7036517329	-0.7284514856	0.7445104305	-0.782409166	-0.437527668	-0.6187990579	-0.2673603062	-0.9845024051	-0.579132567	-0.161213473	-1.142428056	-1.420011261	-0.856871574	-0.44984729
CLTA	-0.04156157	-0.1250560826	0.2690949588	0.2407889288	0.03297495632	0.08149638088	0.03279743124	0.1155365174	0.02321800528	-0.1519285959	-0.08977530073	0.1584396546	0.2362425078	0.1624813134	-0.02618743306	0.02219054639
CLTC	-0.3498627144	-0.2151163229	-0.06639568791	-0.3683612155	0.435024018	0.5212607431	0.125420502	-0.5670743655	0.1464394914	0.3386707494	0.07953404189	0.2045975047	0.1434089706	-0.7086859019	0.1294547854	-0.1901720451
CLU	1.497502981	3.56901603	1.908138365	4.210870738	0.8571049761	3.172707431	2.96966338	0.5825909854	0.7452712036	3.017284037	2.904548584	2.875242677	2.922717526	2.236683905	1.456577995	1.055102584
CLUH	-0.3193451411	-0.2934862174	-0.7461680294	-0.37017809	0.335240545	-0.6590190186	-0.5053854607	0.6371220354	-0.03365667082	-0.1781326025	-0.4650026775	-0.3834532138	-0.500401248	-0.1058603688	-0.4901738128	-0.3648717435
CLYBL	-0.3493884297	-0.4259619378	-0.2186702579	-0.7121648589	-0.3617176344	-1.587030955	-0.9506771382	-0.07160493758	-0.1363605456	-1.242110269	-0.8024179924	-0.8510675705	-0.8282818099	-0.6720996593	-0.6549623624	-0.1894907761
CMAS	-0.01635137877	0.2111104992	0.4781912582	0.312036647	-0.08484081702	-0.5173196744	-0.2975370926	-0.4510304316	-0.001593372724	-0.02106711707	-0.1332279652	-0.2305911144	-0.4229528085	-0.6722376849	-0.421771868	-0.03842243525
CMBL	-0.3547003829	-1.047395584	-0.8138853403	-1.006809998	-0.8102505256	-2.498418333	-1.557211692	0.002312187667	-0.08651583519	-2.289681455	-1.072495689	-1.159024766	-1.241792759	-0.7433880422	-0.5163140724	-0.1514420234
CMPK1	-0.03533424429	-0.04535607599	-0.3110262855	-0.3319858384	0.02013177576	-0.2211429198	-0.04829847686	-0.06535449077	-0.1849887183	0.3533451851	0.2992426233	0.04952758056	-0.4505241463	-0.3763359398	-0.3516321599	-0.1559017306
CNBP	0.1658510422	0.1211954997	0.4129449366	0.1665753961	0.02725693936	-0.05835576696	0.1600971085	-0.3925540711	0.09040930835	-0.03524151787	-0.01154053722	-0.001802443995	-0.2892826986	-0.5273767077	-0.1154830122	-0.1093638914
CNDP1	-0.7792133566	-1.652438189	-0.9148897547	-1.362539329	-1.302437528	-2.148605092	-1.724886819	0.02466777232	-0.08630040525	-2.893301994	-2.075172116	-1.809353517	-1.42811546	-0.2525309688	-0.09775156924	-0.7039285546
CNDP2	-0.2861621561	-0.6356183989	-0.9949642126	-0.09177905654	-0.03033288832	-1.850818839	-1.597110459	0.7301471917	0.2416854267	-1.769061244	-2.013009857	-1.561885624	-0.6675250668	-0.1430589402	-0.2239573329	-0.2811928904
CNN1	1.189258757	1.024593743	0.4172837052	0.453142154	-0.1672573813	0.6195788906	0.2470247919	0.3496107078	0.08629024614	0.2927152604	-0.3110341889	-0.1690377208	0.05220998564	0.3610451775	-0.1777301944	0.7862347647
CNN2	1.068455886	1.538182851	1.287428793	1.342232919	0.2282302152	1.713358146	1.07517233	0.6603166687	0.07836719485	1.712809972	1.925448009	1.228517512	1.898072946	2.246699692	1.6581792	1.011831547
CNN3	-0.03364171034	0.4064801812	0.3083271431	0.265571707	0.08011984949	0.5680003276	0.3654741645	-0.2131174394	0.3958856932	0.4247781332	0.3653287289	0.5796979664	0.3963120439	0.008219688351	0.00163294255	-0.148651805
CNP	0.7812893703	1.046529662	1.090488975	1.180567549	0.1196403476	1.41136291	0.9853860702	0.3364019416	-0.2574425443	0.5409353345	0.6620943435	0.6545628312	1.182359655	1.598999804	1.252180362	0.8498015517
CNPY2	0.1204321381	0.07165716856	0.3455239919	0.3742285272	0.06177277181	-0.0377425065	-0.03099511316	0.05503398039	-0.2440133819	-0.4708192623	-0.3246201833	-0.1396248309	0.1204126161	0.142485715	-0.01803011515	0.07895268232
CNPY3	0.2959749714	0.06448714054	0.7871582424	0.263594928	-0.121895395	0.04038818402	-0.06058431752	0.2654742351	-0.1462569079	0.1304875539	-0.02618253492	-0.0650991744	0.1968099664	0.3707274537	0.05902026258	0.1254014513
CNPY4	0.225009278	0.2204130015	0.7206680029	0.04300134228	0.231614479	0.8146997173	0.528387785	-0.2251914485	-0.02496698774	0.8359237698	0.7697648167	0.5551971156	1.080564655	0.2883573348	0.7167493011	0.3340397563
COA3	-0.08986229035	-0.2845417443	0.3536236713	0.2381354595	0.1009186031	-0.04159687652	-0.1324583203	0.08625265013	-0.1172645267	0.1430359812	0.1041972555	-0.1930709025	-0.03876152048	-0.1791117442	-0.2955017533	0.06914924923
COASY	0.1134320052	0.2213401407	0.1289392266	0.6061049852	-0.5445292233	-1.896820959	-1.381898892	0.01587938597	-0.1724910073	-1.302395937	-1.35668805	-1.558137324	-1.508779574	-0.8053293705	-0.9034918253	-0.1371459455
COBLL1	-0.5406049471	-0.5818901495	0.2636067648	-0.7806940754	-0.1092872145	-0.7288064102	-0.4033124099	0.116487077	0.1588633571	0.0783131373	-0.6946147133	-0.3840491837	-0.9487215413	-0.3122508774	-0.409852357	-0.4134532378
COL12A1	1.103226201	2.389521715	1.314832667	0.1550364341	0.1989426311	1.856947916	1.149404009	0.1446282505	0.2369859361	1.253739387	2.041366374	2.050271793	2.586688898	4.048477949	2.815983235	0.9610475269
COL14A1	1.007880457	1.402868183	0.9824359616	0.258953022	0.003765822222	1.408369259	0.363575007	0.873994417	0.6501547782	0.1958781426	0.4647090188	0.8234665436	1.001015062	1.276190882	1.178698825	0.6407544761
COL18A1	0.3401233472	0.7934334312	0.5234197493	0.8263244845	0.8499365346	2.13562562	1.426898735	0.7867156222	0.5107775417	1.865922494	1.764513822	1.768010191	2.059376674	2.315623967	1.727050656	0.9183255458
COL1A1	1.780851915	3.28399617	1.196752606	2.062403709	1.283996396	3.528660222	2.339979523	0.903715314	0.8965172616	3.480024826	4.414347665	3.985828542	4.731834352	4.538231684	3.210695284	3.128692635
COL4A2	0.1565533232	0.818027909	0.174114206	0.4743980638	1.226622346	2.086296922	1.129640646	0.8321099744	0.7865015438	1.752922745	1.779844644	1.790711545	1.746398565	1.9260436	0.9451254314	0.6422397055
COL4A5	-0.2329024289	0.1224104655	0.2553358645	-0.2940071626	0.09045035773	0.2509555921	0.08180025558	0.6333765311	0.115902975	0.4815500295	0.2602278366	0.2433213438	0.09884750748	0.8663613114	0.3300599235	-0.04391631748
COL6A1	1.574344893	2.240299763	1.285462781	1.284587871	0.4883046944	2.556192229	1.473415939	0.9023258682	0.4392502197	1.340812489	2.815905489	2.879221789	2.674922267	2.657019992	1.957805478	1.458547262
COL6A2	1.511940251	2.255285892	1.293134131	1.355871586	0.3810808448	2.084065486	1.038741428	0.912587	0.6179639931	1.576416945	3.104100892	3.203609095	2.905857901	2.564915825	1.850353965	1.367527902
COL6A3	1.405281947	2.24542034	1.404552628	0.9794348759	0.331224087	1.231551855	0.4615667418	1.079140934	0.6153621039	2.156466594	2.190381773	1.645195738	2.567087908	2.791015997	1.74746484	0.4284271253
COMMD3	0.04158227094	-0.008202288536	0.2002009055	0.08405888657	-0.02705438588	-0.408073485	-0.1342238311	-0.3850726855	-0.2847434454	-0.1120199286	-0.02636903314	-0.1288302024	-0.2068773019	-0.7713849213	-0.2240357046	0.01172054924
COMMD9	0.1611194527	0.5365808706	0.6657320682	0.5649409745	0.02123105072	-0.2701584853	0.1277751882	0.1164987144	-0.2109157488	-0.1783104081	-0.08767909492	-0.0688634772	-0.001689043486	-0.07303733596	-0.2179077659	-0.0368538668
COMT	-0.433631023	-0.7020340675	-0.1015160165	-0.2667666017	0.7945258905	0.1865882964	0.2815561815	0.1056308808	0.2323252865	0.6629175805	-0.4858999982	-0.2359010665	-0.08121676875	-0.2821870448	-0.2735046613	0.2474164147
COPA	-0.2018152938	-0.2090833964	-0.03961636037	-0.088542534	-0.002860880733	0.157246197	-0.1319238179	0.139002967	-0.1636078098	-0.1530964296	-0.5121639761	-0.240640318	-0.1999936038	0.2143767657	-0.161945406	-0.2207015372
COPB1	-0.2499245306	-0.2356063497	-0.05645307154	-0.2845184059	0.09316085992	0.08288714105	0.01546696216	-0.5815563099	-0.008523693898	-0.008899697851	-0.223663776	-0.07241833527	-0.2939767455	-0.515834146	-0.03984809417	-0.2350756872
COPB2	0.06234233743	0.1373542506	0.1141477302	0.2571958271	0.01788692693	-0.03278514821	-0.1483300525	-0.1552993012	-0.094423308	-0.04665750782	-0.1818259902	-0.1597137364	-0.1747412242	-0.09703186795	-0.04472957724	-0.1475280307
COPG1	0.005758803574	-0.003296595044	0.1643230747	0.01776072926	-0.01615586535	0.06238549802	-0.1036798064	0.0952226821	-0.01382138786	0.1104870535	-0.218143797	-0.2120910351	-0.05601473915	0.2281092208	-0.09265164195	-0.1321303332
COPG2	0.1689248642	0.1713743821	0.2568453058	0.4436526194	-0.2720070678	-0.2176494235	-0.2578871214	-0.2540842973	-0.3498864965	-0.113323498	-0.3285076432	-0.2612901996	-0.3554807363	-0.005591173899	0.03211823012	-0.1340205342
COPS2	-0.2525733009	-0.2338216756	-0.2502638252	-0.4024257522	0.1126433205	-0.1939768619	-0.2124250513	-0.6757135295	-0.1265084591	-0.2868762969	-0.3730180333	-0.09805904763	-0.3859063936	-1.645774043	-0.2991490426	-0.1426078038
COPS3	-0.01624326044	0.02644713484	0.1065644225	0.144742384	0.0830300953	-0.1658457966	-0.0842599862	-0.3963211857	0.05491281258	0.2286292798	-0.1078529758	-0.2518104185	-0.4003964349	-0.5434380965	-0.2613287071	-0.1841799369
COPS4	-0.06255351592	-0.007727916418	0.2121189763	0.1761095726	0.02206931844	-0.08911734326	-0.05802004436	-0.1698251093	-0.02719872708	0.01286071409	-0.18676191	-0.1830492319	-0.1184562134	-0.2602782595	-0.1742914394	-0.05546824206
COPS5	-0.04569856993	0.01152728287	0.09376960899	0.1400554404	0.05876763104	-0.03581559608	0.1153227919	-0.4186423685	-0.1378202888	-0.06251408178	-0.1001480768	-0.1106778427	-0.31346537	-0.6631154926	-0.2647242258	-0.09458194753
COPS6	-0.1759869238	-0.4729874574	-0.1651065064	-0.02658385622	0.002285755411	-0.2076485177	0.01262852356	-0.09129085606	-0.1712102463	-0.1613924191	-0.06834646317	-0.1708828926	-0.172413924	-0.2252304456	-0.1856420465	-0.03947358777
COPS7A	0.0680202167	0.09705719057	0.429640048	0.06853531286	-0.134777667	-0.08675587094	-0.133768355	0.1422985426	-0.1799430835	0.2368390193	-0.009538097449	-0.1656560707	0.1358735757	0.1629777822	-0.1166591781	-0.02916555439
COPZ1	0.009010828588	0.04016053094	0.01226282026	-0.03126337522	-0.1789703252	-0.104993795	-0.08755362844	0.2289958203	-0.01429251591	-0.1745037069	-0.1371644426	-0.1542095164	0.1281086543	0.1357348425	-0.2018435617	-0.06088223359
COQ3	-0.2752324789	-0.3712304695	-0.3228238821	-0.4464404482	-0.1591660315	-0.8978711698	-0.4961155337	-0.5717581246	-1.145818846	-0.5870884073	-0.2211907038	-0.5980274936	-0.951218857	-0.7612571534	-0.5912658906	-0.1963146051
COQ4	-0.2453906601	-0.3874270123	-0.8571842867	-0.2927636545	-0.1822468613	-0.6392997473	-0.4866135205	0.237688123	0.04045584548	-0.106639419	-0.4066546387	-0.4210344554	-0.01414919872	-0.08981145528	-0.3023989916	-0.1301070091
COQ5	-0.148948138	-0.282192931	-0.1727389067	-0.1087492809	-0.2357596742	-0.5266877208	-0.2943221362	0.00225277549	-0.2386403381	0.02276139613	-0.1869607389	-0.3494948768	-0.3399925617	-0.02722380965	-0.2471577334	-0.1423143201
COQ6	-0.5001118252	-0.8554258158	-0.5167120915	-0.5739870115	-0.1770221188	-0.3926987223	-0.2770912656	0.03405065267	-0.0481605316	-0.2737901702	-0.4705783767	-0.4132120837	-0.1579760752	-0.1529260365	-0.3324658597	-0.1030450524
COQ7	-0.242432641	-0.3939035296	-0.1360590043	-0.3263913598	-0.1741950682	-0.5270103449	-0.1358351711	-0.1261097689	0.1039107933	-0.1550385104	0.3225470725	-0.2145463221	-0.2683462311	-0.6869595588	-0.4188016549	-0.03673050938
COQ9	-0.3849515549	-0.6499859169	-0.5030798144	-0.6775623809	-0.4233545013	-1.517600258	-0.9753816251	0.1634013444	-0.3352464353	-1.205969264	-1.220451179	-1.076338678	-1.199433153	-0.4458882379	-0.5476823511	-0.18431557
CORO1A	2.497738884	2.588829446	1.625967868	2.145855344	0.4309433768	2.275188909	1.363432236	-0.07321714916	0.003143558979	0.4295162343	1.11919977	1.393454907	1.945300332	2.261968045	2.123880253	1.697002629
CORO1B	0.1516628616	0.2022263953	0.4493580969	0.5558021858	0.07703366469	0.8020483906	0.289629788	0.1963471075	-0.2282488047	0.2097527098	-0.0480267616	-0.002728391968	0.3686953517	0.633731333	0.5180404206	0.2113233161
CORO1C	0.4138458693	0.6475275904	0.6622872218	0.2751631847	0.2205220117	0.8123808852	0.3789388598	0.3742136753	0.7574702055	1.216542582	0.5525631326	0.4441571931	0.5784781597	0.7046126476	0.3787329237	0.02772358731
COTL1	1.653742138	2.007483019	1.708058583	1.938709923	0.4350924	0.9432793327	0.5942880064	0.3734510407	0.1674089733	0.07595193607	0.6738976356	0.7884798037	0.7572185504	0.5417633138	0.06192354855	0.408273201
COX15	-0.3562742564	-0.6112746788	-0.1610612788	-0.4254165601	-0.2941360461	-1.087829549	-0.97217429	-0.05641828554	-0.3312143128	-0.5909168225	-0.7238305651	-0.6143170964	-0.6790222836	-0.2695977024	-0.3559944708	-0.3317885187
COX17	-0.02793868205	-0.140688648	-0.03144110321	-0.1198643737	-0.1494917238	-0.2732531691	0.03028250507	-0.6148803741	-0.4001773759	0.03249110385	-0.4018853592	-0.3777867051	-0.03102094174	-0.1607995848	-0.3171462369	-0.1773178216
COX5B	-0.133831587	-0.247799127	-0.1966429469	-0.1134645038	-0.2044997098	-0.7583704019	-0.1944364901	0.1819553768	-0.01631506273	-0.7578759236	-0.1255947013	-0.1248353122	-0.3865240658	-0.2831495987	-0.4583413851	0.05899878857
COX7A1	-0.3138672069	-0.7923375517	-0.1355042955	-0.7645573595	-0.4650309486	-1.263254318	-0.690431991	0.7070713879	0.006760261996	-1.558347175	-1.381552279	-0.818198323	-0.3783834529	0.1620399802	-0.3709410943	0.09010443733
COX7A2	-0.0926808005	-0.2770587019	-0.0880024787	-0.2722117002	-0.1156418085	-0.9462795782	-0.2385095825	-0.05083765327	-0.2565211393	-0.9978718252	-0.4350779961	-0.4468850793	-0.7470422673	-0.6353310942	-0.4721117839	0.00742064639
CPD	-0.3578790848	0.1908196856	-0.4198139011	-0.5247967987	0.06467542738	0.5990856247	0.2581805252	-0.1130667189	-0.2636060736	0.4210349562	0.1277990246	0.3843476754	0.09176067282	0.2112485629	0.3892956056	-0.2829489868
CPN1	-0.2208767754	-0.1109284463	-0.1510809898	-0.6387690204	0.563891624	0.8628913115	0.7041192429	0.6114527767	0.4655691518	0.7904014563	0.997964813	0.9290588873	1.62296261	1.1849579	0.8290873977	0.6251762274
CPNE3	-0.3371293133	-0.1451277827	-0.112352727	-0.3497943115	-0.04662037299	0.3398154398	0.0892761536	-0.330456517	-0.5547038273	0.1823563515	-0.1651918641	0.01752102121	-0.242666575	0.1806948591	0.2340130458	-0.2332364428
CPOX	-0.002545039767	-0.08722856436	-0.7345256786	-0.1291121095	-0.1236227366	-0.9360199109	-0.6171572335	-0.03316265531	-0.1902233232	-0.4554612147	-0.6308943825	-0.6544920772	-0.8863823884	-0.2492717717	-0.3408825989	-0.3159192174
CPPED1	-0.4659365169	-0.7896936991	-0.6738006221	-0.7205307033	-0.2795470638	-0.1482979957	-0.1647630776	0.02323047794	-0.270619468	-0.03768388888	-0.1209311148	-0.1748638339	-0.271681427	0.02153454764	-0.1269584713	-0.1636631775
CPT1A	-0.1437847913	0.00184279569	0.4377009422	0.07242422192	-0.04539585638	-0.7826124779	-0.4581364825	-0.2141643592	-0.241619428	-0.6995542665	-0.436187102	0.1186601344	-0.7691287799	-0.129605087	-0.2972676074	-0.2989477134
CRAT	-0.08457046024	-0.2406296135	-0.9445216156	-0.1662351098	-0.2652996181	-0.8818022375	-0.6098542984	-0.06396016101	-0.3466157295	-0.5609411208	-0.6474104185	-0.863048745	-0.8206940194	-0.2724622951	-0.4295851842	-0.1602796446
CRIP1	0.5058929616	0.5940208603	0.8154105791	1.39151971	0.2380619784	2.14656072	1.492557738	0.008697161309	-0.08589577454	0.4364331893	1.631955125	1.443260916	1.473841737	1.61269339	1.505094386	1.180271083
CRIP2	0.4814350879	0.9733251902	0.9554511206	0.9451244498	-0.2649676466	0.7173980677	0.6090521018	0.2827813451	0.07686968703	0.3197050833	0.5298067768	0.3793400222	0.6302191084	0.6135388732	0.2274189964	0.06792761289
CRK	-0.1717746551	0.04869272522	0.09146682383	-0.2227685413	0.09827185687	0.2851459906	0.2343254419	-0.5524663674	-0.4569447423	0.1117002942	-0.0223292758	-0.08541358442	-0.2761475948	-0.4609320751	0.1389458365	-0.2186291745
CRKL	-0.15520955	-0.1759548273	0.07507118017	-0.4341379174	-0.1357075198	0.1959358114	0.003452736469	0.08729187842	0.07428625771	-0.1288868843	-0.5142915418	-0.2872389491	-0.5047504325	0.1979797319	0.04964355612	-0.2071772439
CRYAB	0.2413557456	1.348211229	0.598185373	0.8456583973	0.04010253006	0.4361629661	0.5058115316	0.9826275849	1.367425724	1.362206441	1.034039682	1.02056392	0.6122664555	0.2734237594	-0.4759627254	-0.2774634169
CRYL1	-0.7371365719	-1.044546144	-1.652323752	-0.9733942472	-0.3557527789	-1.568816987	-0.8948113109	0.0764337344	-0.09344288086	-1.287822605	0.04426772745	-0.01833500955	-0.6053648251	-0.3462492022	-0.4450300544	-0.02443246396
CRYM	-0.372874595	-0.6747048098	-2.470732498	-0.9077978005	0.03434830954	0.2534416589	0.3815641244	0.281739338	0.2336930813	0.1260635981	0.3142779017	0.2373620199	0.1678113792	0.3104574358	0.1162851274	-0.05801608855
CRYZ	-0.4633727254	-0.8536354753	-1.02847802	-1.187978564	-0.3905460993	-1.303248382	-0.9345228744	-0.6241773851	-0.2492820302	-1.225250845	-0.7971303871	-0.5841284694	-1.034869522	-0.7564902064	-0.6353778411	-0.3064832631
CS	-0.2759098922	-0.4125708673	-0.5580953261	-0.7058048954	-0.1546645648	-0.3899532135	-0.395601067	0.2143562687	-0.001971447253	0.0182515208	0.1514938706	-0.1748933948	-0.2846421821	0.04216080679	-0.3267818003	-0.1310733575
CSAD	-0.2057512819	-0.04818379491	-0.9215203154	0.141600043	-0.3311481158	-2.444255081	-1.707529368	-0.07390101277	-0.3038673571	-2.801865783	-2.812289399	-2.992418862	-2.221402156	-1.041703507	-1.1812602	-0.3314707702
CSDE1	-0.2027173148	-0.3716432907	-0.08023911504	-0.3567946954	-0.02587181351	0.06260498412	0.008559016961	-0.8419795302	-0.1127253454	-0.1098134856	0.1528697235	0.08363706225	-0.01045846651	-1.211545113	-0.04337770895	-0.1357701517
CSE1L	0.1442091025	0.1773854494	0.2119818396	-0.08833037326	0.1850234332	0.05291148396	-0.05659659829	-0.6385376381	-0.1723877538	0.187682506	-0.0310039638	-0.1979273762	-0.1697738621	-0.7979656121	0.02845867338	-0.2215773914
CSK	1.007303505	1.056053829	0.756492638	0.8529058976	-0.03987122366	1.09508998	0.5242132609	0.491964795	0.03954731794	0.9287850581	0.3386837723	0.4275514673	1.00875935	1.012533268	0.6597701223	0.3347097229
CSNK2A1	0.07786001649	0.2041643021	0.3188531215	0.143055734	-0.08461000309	0.04224029261	0.03718761466	-0.2070900949	-0.2765961795	-0.008225131008	-0.05060638759	-0.1434285437	-0.03525023607	-0.09369753052	-0.01311718246	-0.1522422827
CSNK2B	0.06881858924	0.04597080396	0.2593467136	0.3359705601	-0.1705977657	-0.2579080743	-0.2765229482	0.210951455	0.1511555166	-0.113820402	0.03741874089	0.1141167477	0.2098979244	-0.03796344584	-0.3541287994	0.04074715904
CSRP1	0.9367760642	1.35618297	1.493661877	1.294583986	0.5468717969	1.420000444	1.241745534	1.307696414	1.197766892	0.7485056579	1.498933149	1.007424467	0.9809298168	1.356755519	0.7425087051	0.8814180089
CSRP2	-0.3414279112	-0.3318239548	-0.9569352627	-1.043488597	-0.4154635672	-0.6705629897	-0.1908694655	-0.0535439332	-0.04868597939	-1.190845361	-0.1498197792	-0.2019120846	-0.5201213944	-0.3324632912	-0.2588173387	-0.006228913246
CST3	0.5014163934	0.456043112	0.6177212446	0.7463738552	0.05516497232	1.023852431	0.7437316602	0.1826250871	0.08766141621	-0.2226883468	0.1510086065	0.5165539688	0.6625876892	0.7161403555	0.7763866747	0.6569933059
CSTB	0.8957594363	1.305389936	1.581703318	1.692674221	1.05216731	2.19913013	1.491830613	-0.0937395549	0.1445991338	1.645186047	1.357254012	1.192737681	1.272347209	0.8350150502	0.6403439171	0.4252111264
CTBP1	0.05714148435	0.02574276901	0.08738196593	0.1155899495	-0.006597083457	0.08629973849	0.0819503234	0.2324290815	-0.08050080318	-0.01266600392	-0.1176417213	-0.1510283848	-0.1906234804	0.1357767858	-0.07638900415	-0.01969089523
CTC1	-0.01971607305	0.128856567	0.07464798506	0.3865345141	0.03056823218	0.09814640025	-0.03581968652	0.4097534721	-0.05706139116	0.4287407701	0.4474375167	0.2479539509	0.6662871778	0.6447120353	0.2084435817	-0.02836425546
CTH	-0.8591330046	-1.569113269	-2.214743002	-1.74984351	-0.9105054376	-2.234339087	-1.215021101	-0.3831493191	-0.352120339	-1.340305465	-0.7223308946	-0.8174376677	-1.420278496	-1.117349466	-0.8554158749	-0.4262464646
CTNNA1	-0.2747948725	0.02535483417	0.07103296724	0.05922328186	-0.000660958599	0.8095035916	0.4902280897	-0.04184767784	0.1102809056	0.4895960065	0.2937272454	0.3280343972	0.2494806433	0.2807619239	0.1678746112	-0.1192069312
CTNNB1	0.06144719173	0.2639644015	0.3423428146	0.06304606062	0.2825394868	0.4670411762	0.1680659553	-0.2387205682	-0.1305306037	0.1567924339	-0.171811741	-0.1115676626	0.132378868	-0.1061616805	0.2582146554	-0.08270983896
CTNND1	-0.1589568809	0.1993487408	0.3304173584	0.1972640818	-0.07494567777	0.01281405932	-0.1279477022	0.5519156833	0.0586724647	0.02234000433	0.3954862829	0.4504101321	0.6417777031	0.8238150601	0.1730681325	-0.1033285549
CTPS2	-0.07862504926	-0.07264073951	-0.1130017405	0.4152030365	0.03938228338	0.3176895814	0.2342992369	-0.2904460277	-0.2429040238	-0.09684890619	-0.324732044	-0.05323257865	0.06016715713	-0.05925235096	0.0826072768	-0.0269992284
CTSB	-0.04208843276	0.3421072216	0.4753363339	0.8082511131	0.4603097013	0.5004728821	0.2461079779	0.2317375547	0.07655436956	0.6312547485	0.2174663542	0.4040484542	0.6708858825	0.5754104697	0.2609893479	0.2593347284
CTSC	0.3228646491	0.1261530203	0.4605343305	0.4440625263	0.8938411107	2.057901962	1.378454465	0.01411684053	0.5487192934	0.8600880473	1.333547727	1.734383634	2.062672669	1.486726682	1.558757157	0.9949949499
CTSD	0.107397857	-0.1504533295	0.4134625976	0.5348858537	0.1800844057	1.588970697	1.555051155	0.2656538718	-0.02920761055	1.129485783	1.261216118	1.536628291	1.173096378	0.8498546084	0.4300386042	0.4540164232
CTSH	0.6053951212	0.8301737049	0.9506672196	1.565744848	-0.1373530742	-0.07793199035	-0.2983151502	0.133713212	-0.1022516253	-0.8810804697	-0.5057796772	-0.3144715187	-0.4065418673	-0.05675168411	-0.08192484628	-0.07960179885
CTSZ	-0.03171840459	-0.3295977013	-0.6182197226	0.04242029581	0.1793290244	0.3848883862	0.05115792093	0.1824605628	0.04344742277	0.0368069841	0.2493640584	0.4840486151	0.8088043616	0.6291717824	0.4025423749	0.1424590707
CTTN	0.1227566218	0.5243297475	0.5341298271	0.7074535453	0.2509063654	0.9541316377	0.5309020434	-0.2088680547	0.02747265097	0.7818348533	0.6533185349	0.3993675995	0.4149424191	0.2587219096	0.2079785773	0.0152177318
CUBN	-0.8866920565	-1.180312394	-1.978991494	-1.212017529	-0.2986020246	-1.527090657	-1.476586129	-0.05051749866	-0.2190382269	-0.7037251548	-1.289254986	-0.8909535975	-0.8482323178	-0.3073753174	-0.4717189143	-0.4302166184
CUL3	-0.1474926535	-0.1445811923	-0.06232324976	-0.2827928068	-0.1673533439	-0.3987711117	-0.3121948379	-0.5878945062	0.1760011565	-0.3191237194	-0.4034189156	-0.2004091126	-0.5094556578	-1.08448774	-0.2376088883	-0.2204359122
CUL5	-0.1806396432	-0.01369385105	-0.01197421983	-0.3643141675	-0.07174093918	-0.2257207076	-0.1319666526	-0.565242819	-0.0617243691	0.01963558488	-0.2062587761	-0.3090020047	-0.3171103932	-1.04083772	-0.08673792465	-0.2775568731
CUTA	0.09414303943	0.005694309042	0.1608760826	0.2859120514	-0.2146737119	-0.09820133446	0.02346350234	0.2954837915	0.01649118111	-0.1478986029	-0.06594014432	-0.1928225332	0.3778981956	0.1350201877	-0.0975169248	0.04254935027
CYB5A	-0.2114955857	-0.5088079455	-0.3546660653	-0.08121282488	-0.6454762028	-1.811838467	-1.177042887	0.06699350968	-0.2620789453	-1.134036901	-0.5056714919	-0.8927658974	-1.029174233	-0.7610952224	-0.5180815471	-0.2418122147
CYB5R3	-0.08533035852	-0.09087875947	-0.08319308665	0.2814635616	-0.1417328655	0.5658638342	0.2863939235	0.11010362	-0.08111425753	0.5277347878	0.7537031004	0.4935588985	0.4321053414	0.4220966477	0.2153266194	0.1673921935
CYC1	-0.1268528117	-0.2678044997	-0.3027084815	-0.2337955068	-0.1966363243	-1.004551014	-0.4994543597	0.1408596632	-0.07794133042	-0.5877775406	-0.3127870811	-0.5497602791	-0.7658162339	-0.4011725467	-0.5423609616	-0.07566343886
CYFIP1	0.02054883484	0.2540921301	0.3139290345	0.07155152392	0.1346186216	0.6660063053	0.2829070959	-0.2847764265	-0.3377950525	0.5703573592	0.2525826589	0.2527476463	0.3831680893	0.4724227337	0.3534771619	0.01691605643
CYGB	0.6521647449	0.7735526401	0.7023820077	0.06230390664	0.2589110825	2.303641785	1.454987543	0.2909578182	0.104254829	0.6732763383	1.662269986	1.827519921	2.751813598	2.92838375	2.525068648	1.550904513
CYP20A1	-0.2599049582	-0.1013662048	-0.2517082793	-0.3291430979	0.1992467034	0.7595111748	0.4757452579	0.09604341108	-0.1299249106	0.5129187354	0.4576045928	0.5254023235	0.4205985388	0.4773899106	0.2465413248	-0.001631356668
CYP27A1	0.2264911242	-0.2292723601	-0.3868182185	-0.1478531907	-0.3909706907	-0.7208255686	-0.7260695764	-0.08162702515	-0.1722205114	-1.657371124	-1.174658623	-0.3865832813	-0.7461924401	-0.5669437391	-0.5040126993	-0.0323688062
CYP39A1	-0.3602647745	-0.9323969222	-0.9534154041	-1.699877604	0.01662875532	0.02848900091	0.2035141226	-0.5813129378	-0.4271257194	-0.6839346401	0.03652492218	0.3078902042	-0.05099170685	-0.5917983806	0.1821507004	-0.2401911266
D2HGDH	-0.1366988224	-0.6922171688	-0.5896124393	-0.4150932153	-0.4988728283	-1.154492555	-0.9860894378	0.273884911	-0.2325010613	-1.103890871	-1.259873729	-1.120408047	-0.8322881749	-0.147706071	-0.3150772271	-0.3582145602
DAB2	-0.6767414906	-0.870293018	-1.106776554	-0.9155835829	0.1662301348	-0.6864566745	-0.6488854618	0.02657458554	0.004946664688	0.05907853501	-0.6841889158	-0.09736080463	-0.07225085763	-0.115010701	-0.2014561018	-0.2996567403
DAD1	0.1202019309	-0.05630276451	0.1435107101	0.1413432276	-0.1915352263	-0.1187207289	-0.01087835178	0.1463192238	0.05821706573	-0.1134358398	0.08753273838	0.03637703338	0.1287886179	-0.1103514545	-0.3121420303	0.0391065381
DAG1	-0.009259034356	0.5144728399	0.2616920287	0.6219079156	-0.08354306832	0.7746535175	0.5313775935	0.5317712786	-0.1480212493	0.3527936572	0.1961963367	0.4091363692	0.7694881268	1.275940356	0.6755165517	0.06910586976
DAO	0.06713961807	0.3597911215	-2.667491824	-0.964799387	-0.2384882296	-1.213511234	-0.8086098728	0.426166228	-0.02067736393	-1.744612881	-1.195041566	-0.704823377	-0.4244486901	-0.2838890212	-0.5701816344	-0.2083971504
DAP3	0.1059045675	0.05927039727	0.1162780061	0.2656286886	-0.1898660047	-0.4651504215	-0.2137273306	-0.0299056648	-0.102832793	-0.3690296303	-0.1406754093	-0.1090219898	-0.2567614325	-0.1207188389	-0.2541885175	-0.1303331656
DAZAP1	0.2081108326	0.2885101881	0.5264323807	0.41589293	0.1196221259	0.2401698525	0.1479543438	0.2761929281	0.2367517889	0.4241591202	0.2160380475	0.0957021673	0.1629434848	0.1808761041	-0.0733587219	-0.07202023224
DBI	-0.4279069076	-0.3050159591	-0.8264740094	-0.07489285402	0.3047428819	0.203896723	0.3573322485	-0.6447331061	-0.2073965234	0.03111268696	0.6445554211	0.2402521576	-0.04823579401	-0.9261935014	-0.3766893843	0.1551056795
DBN1	0.1974330093	0.5912607423	0.7144514477	0.5952336071	-0.2123599361	0.8289529321	0.5304263056	0.569347562	0.7321587484	0.9207060799	1.240769098	0.9472640123	1.238074608	1.440311374	0.7336205877	0.4429090184
DBNL	0.04941133174	0.02408601746	0.4332584281	0.4191286286	0.2377198367	0.7170195438	0.3523186376	0.2492741064	-0.07725507208	0.3820407397	-0.1215724263	-0.184952927	0.4305914734	0.6308406462	0.3157046446	0.2324610701
DBT	-0.4363119965	-0.5861768496	-0.7845962104	-0.9739608855	-0.4547192493	-1.47344854	-1.170313367	-0.9597897851	-0.3267937528	-0.7679207926	-0.7172435344	-0.5864787459	-1.008545074	-1.457112627	-0.6455843819	-0.5229590679
DCN	0.8912791571	1.761536313	1.602124359	0.1625447914	0.2023034926	1.691424684	1.141075864	-0.08746703029	0.2572358048	-0.2064250453	0.2756114815	1.239666007	1.127418568	0.7168511717	1.319148778	2.180723156
DCTN1	0.1415809088	0.1680461551	0.3498752691	0.2337125368	0.03950008092	0.2564416911	0.02084433794	0.4922476344	0.07554240978	0.1628893228	-0.005106906476	0.2429165613	0.272291519	0.4913011021	0.1287766379	-0.003420581629
DCTN2	0.1273488197	0.3019025188	0.4224547577	0.5694426063	0.005331209833	0.3649134959	0.3733755072	0.04024528483	0.01746029904	0.108745559	0.0810715437	0.1861721825	0.1660160817	0.1236970853	-0.01191882874	0.02837248161
DCTN3	-0.1162625689	-0.2299995788	0.002061522518	0.1413549932	-0.1161958416	-0.09242366235	0.1084147745	0.1246369587	0.1750731435	-0.2368175323	-0.1271404867	-0.01727484383	-0.1460154528	-0.1429596106	-0.2589077543	0.01898878058
DCTN4	-0.05839658732	0.2803828267	0.4479240753	0.05699122402	0.1406768266	0.5239014182	0.2479971704	-0.2985637399	-0.0866542125	0.1616704791	0.150910573	0.2852344579	0.169187545	0.07444114289	0.1866143413	-0.09370676418
DCXR	-0.2326117836	-0.6751122478	-0.5484491882	-0.3129594049	-0.7714456141	-2.253581197	-1.141258192	0.3953775562	0.0405346848	-1.710669767	-0.5536018953	-0.6840652674	-0.888483862	-0.3888857143	-0.4393677079	-0.07223481505
DDAH1	-1.037389864	-1.612964556	-2.116757292	-1.84902977	-0.2376715421	-0.8580183425	-0.7643090218	-0.05773678214	-0.2284395949	-0.2817083677	-0.5969684278	-0.5396533369	-0.9083111831	-0.5452533509	-0.570215322	-0.3999197151
DDAH2	0.5059370235	0.7596881212	0.9067588688	0.9733330907	0.6231019205	1.893507245	1.308967965	0.06406510992	-0.140077468	0.4423528228	1.232918988	1.028743282	1.624571725	1.446619298	1.241643468	0.4907789307
DDB1	0.1707889032	0.271125857	0.2411660772	0.4288252908	0.169046775	0.4728395063	0.1090074408	0.1402852372	-0.1952713325	0.07931765616	-0.03710677807	0.2972340995	0.1341527896	0.431793027	-0.0591387561	-0.1198211783
DDO	-0.5541844936	-0.9190703057	-0.9185061531	-1.403309903	-0.4319154735	-0.6372344594	-0.7660513607	-0.2870477965	-0.1339642462	-0.3269181232	-1.813160916	-1.566042431	-0.2392875446	-0.3755940713	-0.1516561769	-0.2552637974
DDOST	0.1742799854	0.0894282188	0.2099943532	0.4802575283	0.1332597461	0.4323915017	0.2037426078	0.3816896574	0.09151580743	0.3457031627	0.4214828717	0.3385741407	0.4849578806	0.4371972589	0.1206543451	0.1250037159
DDX1	-0.1032611056	-0.1538062016	-0.02336914088	-0.05091702121	0.1453177226	-0.2283958038	-0.1732622072	-0.9745612751	-0.1447070089	-0.04880654453	-0.1628467413	-0.0947523929	-0.217361505	-1.325658519	-0.3571940378	-0.2220924755
DDX17	0.01639981318	0.04900469379	0.3135725741	-0.2649547811	0.1363456323	1.055283537	0.494271131	0.4010057342	-0.01405994401	0.7747524355	-0.2187591767	-0.2508119241	0.6734625878	0.6210981843	0.2792488439	-0.1990616743
DDX19B	-0.02443902172	0.0528559147	0.2159980568	0.2372646161	0.1065161507	0.1589978568	0.0202501323	-0.3057025315	0.05873432148	0.06181967974	0.02255996257	0.1197162773	-0.1555876723	-0.2989822789	-0.1300763584	-0.1065608654
DDX39B	0.2908840597	0.29912827	0.5373679188	0.3662019424	0.2204291754	0.6137896596	0.4202729179	0.1837341748	0.3224620629	0.5928785795	0.6336327539	0.5358098594	0.8403051571	0.5358836876	0.1709884749	0.05536125544
DDX3X	-0.04434251193	0.3431734306	0.2622102249	-0.1766005739	0.2847152811	-0.09557034481	0.02653196207	-0.8562568257	0.5316459244	-0.1716093861	-0.1948067958	-0.1808411822	-0.5951844646	-1.921460543	-0.06656387236	-0.2186201955
DDX42	0.08121905824	0.2107039856	0.4662588117	0.1706242425	0.09035066471	0.3770876662	0.1929114195	-0.4169207746	0.1871667936	-0.08352571499	-0.2885601608	-0.1621775126	0.06773622862	-0.2389302266	0.1095244678	-0.1153603209
DDX46	-0.1275780687	0.0888542139	0.04432110497	-0.2732864402	0.1399594151	0.2695087845	0.2690187726	-0.7541270426	-0.1628362731	0.396181458	-0.03822862664	0.02629925085	-0.08000632775	-1.083707946	0.009226957285	-0.2429022821
DDX5	0.09273767689	0.1608365263	0.1908205361	0.03221847826	0.02629255249	0.3277458192	0.2099606545	-0.05865982242	0.7658247467	-0.0244182079	-0.3690596278	-0.2829280112	-0.1756660518	-0.5491707668	-0.2422601697	-0.2098974425
DDX6	0.1346270727	0.2985951835	0.3535746389	-0.01548216557	-0.06167298836	0.3605950797	0.1967783617	-0.1793705203	-0.2445078474	-0.2319809686	-0.3302097198	-0.1106370156	-0.2661552013	0.3297931935	0.4098613942	-0.2176355678
DECR1	-0.6108372188	-1.061534122	-0.8149313536	-0.7502085367	0.01984813423	-0.8129303688	-0.4131498496	-0.7077786923	-0.5566476735	-0.6306760694	-0.2856686026	-0.8070355884	-1.140674748	-0.9276702617	-0.6492745941	-0.1672512905
DECR2	0.1625531676	0.1363311598	0.2491203375	0.3052126009	-0.5562563671	-0.5749747657	-0.3656934765	-0.353331529	-0.6100137579	-0.5417832962	0.1630418774	-0.106569162	-0.6213669899	-0.06120674805	-0.2030202707	-0.1696348534
DEK	0.04201643714	0.2770285166	0.343879362	-0.01654240103	0.4151608058	0.2231129043	0.2881636968	-0.9559847259	-0.3687985659	0.2692767242	0.4241200752	0.2572757017	-0.1333237193	-1.570192464	-0.134557673	-0.168157276
DENND6A	-0.05457826215	0.2647340529	0.3072712794	-0.1230391038	-0.01050647438	0.05940374145	-0.06542605944	-0.1913204198	-0.4844071259	-0.2793330877	-0.2369330396	-0.08851642004	-0.2798760796	-0.01758437086	0.01118284925	-0.1975032426
DENR	-0.06659482757	0.0689770364	0.1715528788	0.1386039717	0.02089410344	0.1182877311	0.2185778746	-0.5035949591	0.04773524716	0.422350646	0.2001045055	0.03482205503	0.07962101327	-0.5517682221	-0.1609635975	0.01480353168
DERA	-0.1441953799	-0.2811876315	-0.06212925205	0.04506197238	0.007041432354	-0.9324434899	-0.4654036654	0.05593799133	-0.04920949559	-0.3898572184	-0.1320668006	-0.1933819879	-0.6297577926	-0.4381656889	-0.4480982891	-0.07904428516
DES	0.1941503743	0.3030046012	0.8817372976	0.5233071235	0.0147693235	1.271191225	0.6214499188	0.5772268454	-0.09005305863	1.415030841	1.45013673	0.5751532802	0.915022047	0.9505867215	0.8672593223	0.6801522099
DHDH	-0.9968884284	-2.609546533	-2.668710279	-2.630804447	-0.6285642564	-0.8222461964	-0.9519277632	-0.3018124302	-0.6250761157	-1.020165961	-1.693954248	-1.550512835	-1.102160861	-0.679081943	-0.4122035011	-0.7901468985
DHODH	-0.1357634886	-0.2398626763	-0.2697317453	-0.1157224386	-0.2729454389	-0.253400071	-0.1197250429	0.1048193583	-0.2134590663	-0.03450553529	-0.03955593946	-0.2510906358	-0.2095904908	0.03800690206	-0.1532943038	-0.1783582101
DHRS1	-0.03166097652	0.02394065987	0.1745913165	0.2829853669	-0.5269659436	-0.5556826882	-0.5193874265	0.05181537811	-0.1472149992	-0.1259523534	-0.1940007544	-0.5740225825	-0.2543217438	-0.1804890934	-0.3814053833	-0.1278537267
DHRS7	-0.2560202563	-0.2102672625	-0.5114810727	0.1635914209	0.1106779528	0.8171986072	0.5176874288	-0.1438242208	-0.09754435626	0.7567429042	0.3383302108	0.6078082594	0.8740475915	0.6737665616	0.6561181029	0.09114811122
DHTKD1	-0.5245073281	-0.702625958	-0.9029494598	-0.8563023285	-1.090610166	-2.22724283	-1.510730739	-0.08218843729	-0.5406833869	-1.744042502	-1.502670307	-0.9013225989	-1.568021908	-0.614258395	-0.6187780681	-0.6318574634
DHX15	0.02995239255	0.2472677246	0.2115442775	0.002215265177	0.1687964167	0.09268037286	0.04521620429	-0.4677128189	0.0214023419	0.1772470284	0.009001805558	0.08974036878	-0.2085333332	-0.540987912	-0.05418259683	-0.2169222696
DHX9	-0.1072483381	0.06886390277	-0.01536028071	-0.1324983272	0.4287091115	0.2047424226	0.09215093587	-0.9168227151	-0.03798879962	0.3840633686	0.1350272578	0.1367952153	-0.02423414572	-1.070451571	0.1567578163	-0.261022102
DIABLO	0.008608548136	0.02855550473	0.2573900833	0.3539076124	-0.04874240014	0.002175295687	0.02496081064	0.1736149785	-0.09405213343	-0.1038619415	-0.1608533853	-0.2424299023	-0.02612348848	0.1397669919	-0.02780284914	-0.04454174338
DLAT	-0.3569525558	-0.5249134861	-0.1855280255	-0.8122777497	-0.2318700819	-0.9509860418	-0.5806526791	-0.281073763	-0.3888741439	-0.5456099592	-0.3129013643	-0.6240778089	-0.8696472223	-0.5513679013	-0.4674681553	-0.2798934067
DLD	-0.461138573	-0.6112770016	-0.7906527385	-0.7215583227	-0.1606679535	-1.278862787	-0.804482844	-0.9852618305	-0.3532613823	-0.928297729	-0.5735277083	-0.7265802951	-1.073328707	-1.913815271	-0.6286658907	-0.2968892223
DLG1	-0.266301115	-0.2086946829	0.2317670197	-0.4241203683	-0.02842707478	0.2587085173	0.09196420826	-0.3528763736	-0.128934127	0.05312074602	-0.1774875217	-0.2333775785	-0.2388515821	-0.3370199111	0.02301466428	-0.1906742666
DLST	-0.2345846292	-0.6329302805	-0.5823243636	-0.7167175709	-0.3251150272	-1.04720263	-0.7869076697	0.1560757433	-0.1270087924	-0.6380898226	-0.186907669	-0.4570404097	-0.6967256828	-0.139561462	-0.4071704014	-0.1322160302
DMGDH	-0.8336707549	-1.573593959	-2.050505471	-1.544448423	-0.5179019346	-3.769457452	-2.636241553	-0.376769959	-0.3577136102	-2.201180362	-2.275779395	-2.291565621	-2.465454874	-1.48670182	-1.389746137	-0.4126254677
DMTN	-0.3998685747	-0.7305525276	-0.4418295999	-0.6362298696	-0.3260081359	-0.7828514107	-0.5186273408	0.8456751174	0.1279122311	-0.166299213	-0.260008189	-0.7584777854	-0.1144244678	0.1681420608	-0.1250941407	-0.1004709859
DNAJA1	-0.1536704548	-0.320599173	0.3769836423	-0.205505626	-0.4481301807	-0.6522771663	-0.551357224	0.9936395675	2.009633317	-0.6871906562	-0.8721394115	-0.8780462875	-0.3268568399	-1.038149741	-0.01992023199	-0.01995526792
DNAJA2	-0.09684744485	-0.1022166658	0.09745986028	0.03355949065	-0.1355524178	-0.05889512214	-0.03629826379	-0.2404286558	0.1968281697	0.1660481272	0.06956013103	0.04600484824	-0.0446981642	-0.2958734319	-0.01521799809	-0.1423503209
DNAJA3	-0.1816203307	-0.3072537207	-0.3530723533	-0.2760278724	-0.1277663855	-0.7436222714	-0.5722704246	-0.04155556255	-0.4138466278	-0.2247516629	-0.493626004	-0.6173185151	-0.645170375	-0.2539933094	-0.4064200842	-0.217254219
DNAJA4	0.3101061995	0.9860904999	0.1017749364	0.9413122578	-0.7645499599	-0.7815625911	-0.5356511036	0.9615252852	1.124856106	-0.7123476318	-0.8111009876	-0.8787150162	-1.035335977	-0.2390133154	-0.2720990678	-0.1959772771
DNAJC11	-0.01041057699	0.03076385885	0.007714264526	0.03767261955	0.00329712158	-0.2302554201	-0.08132844777	0.1235393194	-0.2965666833	0.3475205895	0.1793901511	-0.2635374379	-0.1003869471	-0.01605673412	-0.2853973855	-0.0292433789
DNAJC13	-0.2093904799	-0.1381424218	-0.08411816824	-0.489222814	0.1215247937	-0.5862443944	-0.7592186852	-0.7854317808	-0.4669616439	-0.6335577501	-1.101993245	-0.6144917896	-0.7451014348	-1.23755471	-0.08214780968	-0.4220876848
DNAJC3	0.1994639724	0.4081154372	-0.1088622509	0.01125644772	0.07607598447	-0.234932731	-0.2591473144	-0.6266508302	-0.1035841942	-0.4110949969	-0.4827777307	-0.3993487123	-0.6778661126	-1.154540167	-0.2430887418	-0.1839914126
DNAJC8	0.1606976635	0.1144098106	0.5191259986	0.3554389531	0.0410064791	0.4054696547	0.3401517151	-0.309648498	-0.1514544387	0.4947109103	0.321550055	0.08973952418	0.2438560003	0.0962182975	0.1245228375	-0.009490361977
DNASE2	0.220923923	0.3603982939	0.4811366948	0.9215775853	0.062361102	0.5369855149	0.4904260111	0.02546424215	-0.2059689151	-0.320500578	-0.3858303209	-0.1743280193	0.5527144566	0.6187797513	0.4044052982	0.1514282471
DNM2	-0.002568324243	0.1011904307	0.2582858147	0.1544803519	-0.01828708008	0.2797032221	0.07469460991	0.3326371097	0.08522612038	0.3691789937	0.2741169248	0.2177058246	0.2260958486	0.3223464369	0.04975145714	0.01997431521
DNPEP	0.5182714934	0.4030027268	0.4397530056	0.6481911593	-0.08245438852	0.2256268431	0.137420128	0.06000987821	-0.2580042935	-0.01633494645	0.03446037936	0.05441518743	0.1525887847	0.2227324195	0.1125182593	0.00348304949
DPEP1	-0.4562677331	-0.6707187623	0.03898984711	-0.419052913	-0.3231390627	-1.085911364	-0.8815610326	0.5761557803	0.2141858101	-1.776549384	-0.6247258701	-0.1616631149	-0.4745490806	-0.1468989651	-0.1920159941	0.0450834911
DPM1	-0.1283438234	-0.1131844526	0.03531333193	-0.003281466188	-0.04273673097	0.1752476147	0.03516016487	0.2091508688	0.7583004676	-0.1332295029	-0.3536002151	-0.1146729089	-0.1499336637	-0.3682650383	-0.2796955114	-0.1557967857
DPP3	-0.05248026972	0.2713803951	0.2193545692	0.7578541261	0.07030429672	0.4179811485	0.1747576839	0.3645610101	-0.1404437186	0.3090640433	0.2862944676	0.2250877426	0.2880667793	0.4618374346	0.03764678247	0.006066265681
DPP4	-0.6892109331	-1.063755868	-2.471518199	-1.259780955	-0.02578279468	0.04087429088	-0.1695285729	-0.3936765147	-0.0681827712	-0.6138717839	-0.3794745115	-0.1973048099	-0.2623318032	-0.7151966553	0.106396507	-0.1685375791
DPP7	0.1784007834	0.1294025887	0.6567583195	0.4576151132	0.6092849454	-0.2309399418	-0.366475992	0.293764822	0.04358310846	-1.242308104	-1.894826276	-0.6423267709	0.2906344708	0.1452525209	-0.2034158703	0.1494838318
DPY30	-0.06392969942	0.006527750405	0.1603777697	0.2092466968	-0.01815014462	0.04425733646	0.07233105453	-0.0424808666	-0.2298054284	0.0982984941	0.1775749335	0.05573572063	0.06118949101	-0.2346564763	-0.1641955159	0.05040984742
DPYD	-0.2242934446	-0.03324310414	-0.3646520661	-1.085420664	-0.4162233724	-0.5676662041	-0.4765128237	-0.8247635335	-0.3190617411	-1.131217351	-0.9312359393	-0.4664519848	-1.138704302	-1.266810604	-0.4432001259	-0.5274801786
DPYS	-0.7187639489	-1.57627832	-3.500643706	-2.112239663	-0.5130541399	-2.948663229	-1.845845772	-0.6819646177	-0.7140201313	-3.148235991	-2.744384641	-2.686803957	-2.207343085	-1.543593047	-1.495734745	-0.3321972214
DPYSL3	0.5387765919	0.7159251753	0.6845182374	-0.2658898381	0.8751507758	3.205256392	1.933880988	-0.08144445753	0.08983101535	1.217159832	1.559670599	1.931057362	2.817872678	2.852338658	2.723891156	1.251496064
DRG1	-0.03499235207	-0.01589851185	0.1829939577	0.3141539746	0.2282773008	0.3564181669	0.2721329476	-0.09924607177	-0.2496676017	0.2396401394	-0.009131363654	0.08606683682	0.230396373	0.1185712711	0.03345357096	-0.07196361305
DRG2	0.03415756769	-0.236717321	0.06407361367	0.03610980558	-0.09170047844	-0.1064590064	-0.1218547736	0.1653096868	-0.04278109059	0.003769148541	-0.2552825818	-0.1667954273	-0.03606253845	-0.002278459234	-0.3028730041	-0.1336033374
DSTN	-0.1142545492	-0.1154635271	0.3193266139	0.315093379	0.1652470464	0.4486633013	0.4059627796	-0.2997378992	0.1107779907	0.3097333198	0.3834342448	0.352084458	-0.01799215561	-0.3197071126	-0.07932600748	-0.01486797883
DYNC1H1	0.08447579118	0.1572936197	0.3063084634	0.02886162112	0.3746359448	0.8940949043	0.3313626251	0.4916456907	-0.1505347909	0.3938348565	-0.3377282194	0.03987214578	0.06668017303	0.7759475611	0.3249573858	-0.122751207
DYNC1I2	-0.1542834837	-0.03525869067	0.0802885509	0.07675181961	0.37456762	0.8347823618	0.6427260214	-0.3736883195	-0.3000688536	0.1922002721	0.4479791581	0.6174406053	0.3166423785	0.101135643	0.1617880653	-0.1076321177
DYNC1LI1	0.03391362861	0.2825356981	0.2417071594	0.1163624296	0.1074331857	-0.2669030442	-0.2424912842	-0.08936923415	0.1597007682	0.07406003903	-0.1049350294	-0.008831570462	-0.1015824485	-0.06579502618	-0.07491227633	-0.07328534757
DYNC1LI2	0.01520663818	0.2197724151	0.376185018	0.0006787476044	0.1978828923	0.8478421404	0.4604754878	-0.5756830795	-0.05838421219	0.3849989512	0.3071576782	0.1779121698	0.2106039447	-0.1371869332	0.1878199787	-0.08900184883
DYNLL2	-0.08262546048	-0.3447713512	-0.001300333285	-0.2083718607	-0.6110691025	-0.6562319924	-0.5414921122	0.06687813523	-0.08501455412	-0.5858454342	-0.7175045263	-0.9238158485	-0.5110216495	-0.1498169957	-0.1225417431	-0.2212503556
DYNLRB1	0.03501422709	-0.03532160361	0.3696085678	0.09379805109	-0.09978939295	0.109600682	0.130695584	-0.2136829342	-0.2188109122	-0.1057874099	0.1005881626	-0.02688401658	0.1152234523	-0.3008808801	-0.137643238	0.1119748556
DYNLT3	0.0440991952	0.2439381969	0.5700143543	0.2352959608	-0.07004951619	-0.3071732469	-0.1887329244	-0.501217053	-0.3054756021	-0.3552246524	-0.140683076	-0.1724404882	-0.4997469532	-1.246815065	-0.2365483846	-0.007125463691
DYSF	-0.06096100467	-0.3681993015	0.655276171	-0.3216528132	0.282604405	0.8829580969	0.6717525551	0.6630346522	0.3295425319	1.922953925	1.089070254	0.7379379658	0.9083798623	1.012018584	0.4915404727	-0.03093222437
ECH1	0.08212877631	0.07284154128	-0.1916716396	0.2809799256	-0.04004062826	-1.209951517	-0.5056512153	-0.3652389631	-0.3514485481	-1.120770116	-0.7531315946	-0.7637382281	-1.39215461	-0.860867739	-0.6963853497	-0.2238182908
ECHDC1	0.327776426	0.1753093339	-0.5930901717	-0.4722404328	-0.2125635755	-0.6111203935	-0.532474128	-0.7371515288	-0.2653478233	-0.2962384517	-0.7731767234	-0.6861851081	-0.8099696382	-1.161425476	-0.2382042937	-0.1565545523
ECHDC2	-0.4682031593	-0.6197335931	-0.4302114939	-0.04752521858	-0.2907998227	-0.5279329015	-0.4111566613	-0.178351175	-0.2333310596	-1.159042343	-0.847119631	-0.8875372487	-0.6687328022	-0.5639091381	-0.567171734	-0.2416422656
ECHDC3	-0.582965427	-0.8969670891	-0.6666779696	-1.078335792	-0.4535307235	-1.476743005	-1.073080327	0.1159331172	-0.2734732447	-1.334094133	-1.006241806	-0.7208077052	-0.7841765186	-0.5252145861	-0.6239547632	-0.1017865294
ECHS1	-0.3562400746	-1.010407122	-1.202455121	-0.8332482571	-0.421933047	-1.243150246	-0.7721863697	-0.04288873505	-0.221233806	-0.9967931518	-0.4481808863	-0.3356265239	-0.7530128388	-0.4374467601	-0.4890147455	-0.1944217216
ECI1	-0.3893373166	-0.7682296686	-1.071334351	-0.3525786851	0.06603254425	-0.2550143534	0.02194729957	-0.7483672216	-0.7093979894	-0.6369751133	0.1871803526	-0.1033388419	-0.8642610114	-0.7149414872	-0.5669869398	0.08717693167
ECI2	-0.4466650486	-1.077274972	-0.6299256654	-0.7162593879	-0.01684913108	-0.5632630829	-0.07812135125	-0.8181027225	-0.4216880852	-0.7786997559	-0.1926779826	-0.2816836392	-0.831016052	-0.7634038306	-0.5590494597	-0.2213666686
ECM1	0.5300827033	1.491504482	0.8865129434	1.059817728	-0.1902366426	-0.1665436791	-0.2902167733	0.9066462225	0.8131889524	0.2558217634	0.6292044215	0.1901806146	-0.1575193099	-0.1674919867	-0.3132240296	0.2729394629
EDF1	0.1198917891	0.05842103524	0.2804289941	0.5153793531	0.07435270576	-0.09748784258	0.02446687278	0.1946881953	0.06296614466	-0.005287067267	0.01817595592	-0.02644827661	0.1397094161	-0.05822889639	-0.2956273638	0.1504882076
EEA1	-0.5616608287	-0.5812772017	-0.7227806473	-1.338399101	0.01690694064	-0.1001141718	-0.1346846977	-1.059063483	-0.1001252695	0.1012935318	-0.474160478	-0.3379337796	-0.7560497891	-2.016978667	-0.1079253256	-0.3017331249
EEF1A1	0.02955642661	0.04255775918	0.1620975114	0.3255442219	-0.009092199024	0.3573988462	0.275789444	-0.3411462035	-0.06526344149	0.1772611516	0.0756527891	0.3543897904	0.1846672444	-0.2242251609	-0.005358173152	-0.06964517191
EEF1D	0.1799437367	-0.01935709167	0.05447329888	0.3244885806	-0.0495626814	0.05036881678	0.1360591514	0.1804583441	0.0009683886877	0.3944962162	0.2562446848	0.2522217131	0.3763180143	0.3245394842	0.02541542153	0.07633897974
EEF1G	0.1780101377	0.1394136871	0.1460381085	0.3400940538	0.1434674687	0.239225375	0.2234032059	0.255617998	0.1522608867	0.8947242583	0.5808097488	0.33275869	0.617416828	0.392696389	0.06641976983	0.09137885915
EEF2	0.09300229366	0.08221122621	0.02687061725	0.2467359139	-0.07817813279	0.06525670576	-0.04560660803	0.4218616907	0.01367785739	-0.3004877382	-0.1812699191	0.2199352085	-0.0175698278	0.3263386308	0.02049158063	-0.08505827082
EFEMP1	-0.2214735977	-0.4482192093	-1.665363521	-2.129281892	0.1706039333	1.255406173	1.347023556	0.2359692336	-0.05321344362	1.291061272	1.28780499	1.050368406	1.484470682	1.450533005	0.9334009391	0.628496528
EFEMP2	1.075666027	1.821144254	1.237420084	1.220311939	0.2314290964	1.550618841	0.9516879891	0.4197460004	0.2297296323	1.77693351	2.133148668	1.876719943	2.782747351	2.666431746	2.075858291	1.038871286
EFHD1	-0.3589726608	-0.5673697253	0.06032639534	-0.7269739408	-0.3386816453	-0.03529693461	0.5245304678	0.4792214601	-0.08435301545	-0.7906033548	-0.3920803221	-0.4131579282	-0.5290589947	-0.0001603751944	-0.2876293701	-0.07007054487
EFHD2	0.8325635337	1.177452597	1.418254496	1.354757632	1.502654089	2.600502419	1.522491872	0.4826881819	1.207148872	0.9046254729	1.101528145	1.368733299	1.704273107	1.614217226	1.460540653	0.6767059992
EFTUD2	0.1126151926	0.1625844555	0.3200994861	0.288680229	0.3162837845	0.4417950922	0.2661742832	0.3492552569	-0.05579165682	0.5194521373	0.240611043	0.3346933044	0.4304385571	0.6314387595	0.1646232078	-0.01010551121
EHD1	0.07142634805	-0.1983284456	-0.05025111714	0.1413307808	0.09139273938	0.1043343314	-0.3001294213	0.6255591626	0.4321964326	0.5242370357	0.03154781138	-0.2428154277	0.04386278911	0.2381895668	-0.1741173244	-0.12835848
EHD2	0.6788946322	1.200535423	1.053267023	0.9129593759	0.1833582168	1.238951917	0.6240474987	0.6079675417	-0.005671947511	1.763754623	1.634268287	0.931080218	1.292113534	1.509441281	1.062238427	0.5125458812
EHD3	-0.5228986898	-0.6561458275	-0.002223293675	-0.4061550763	-0.4147579516	-0.3423919928	-0.5097266741	0.7438212558	-0.3332158664	-0.1768889138	0.405241245	0.374781936	-0.3477031158	0.2004880021	0.3721887436	-0.4851253978
EHD4	0.1586916801	0.126533941	0.9874600735	0.3028117204	-0.1114337188	0.8825978434	0.6036551528	0.4583901489	0.4935105904	1.193336049	1.191195042	0.9307058521	0.9470674361	1.057188074	0.7311105917	0.316036866
EHHADH	-0.2497340363	-0.5888799754	-1.771473667	-0.8900032568	0.3398765525	-1.92183432	-0.6970556945	-0.9070955456	-0.8015429944	-1.638838644	-1.202617658	-0.8096142225	-2.034931698	-1.367770133	-1.388274345	-0.3000213546
EIF2A	-0.08006538883	-0.05672617487	0.01877947812	0.05062493309	-0.01071629456	-0.07840194649	-0.0583952513	-0.8765566172	-0.1031201331	-0.08081708126	-0.07424570095	0.1366150509	-0.1741279218	-0.9691095169	-0.07761188859	-0.1408871815
EIF2AK2	0.6125699743	1.085407025	1.120038419	0.2013439543	0.09416640162	0.8274357377	0.4846332648	-0.9002593633	-0.452928879	0.5978004969	0.1321920543	-0.06520340564	-0.04326553636	-0.6949314268	0.3252594517	0.1005070027
EIF2S1	0.2239166481	0.3972475311	0.388682805	0.4010065819	0.3039175673	0.2117125871	0.004951561829	-0.6044047449	-0.103545646	0.4443863061	0.1412745121	0.01118777834	-0.07131117027	-0.7963077755	-0.1135626597	-0.05262850126
EIF2S2	0.1531554313	0.3409122837	0.2854553368	0.4531856852	0.2605400028	0.2851270666	0.469566757	-0.7119670009	0.1926495408	0.3413913742	0.3591403811	0.2947062662	-0.05048307199	-1.117053577	-0.3075390832	-0.09893162549
EIF3A	-0.00160579397	0.1129237473	0.05293199166	-0.06747640734	0.3300273259	0.5276482938	0.2538976956	-0.8787548024	0.212991616	0.4116085175	0.1295867392	0.3273723454	0.06036102506	-1.315698959	0.1219853619	-0.1206933144
EIF3B	0.1820425774	0.2957948712	0.2937875526	0.4413714233	0.2457771333	0.2999421114	0.2013180426	0.3937595522	0.01896006116	0.5607277596	0.1541649143	0.171292071	0.1715404367	0.3189439088	-0.07979103198	0.00297067636
EIF3D	0.2895603776	0.2868096378	0.4084095234	0.5557954272	0.2060215093	0.4911064883	0.3544886404	0.3391172311	0.2102324	0.4220532267	0.3665059585	0.4242180284	0.4038589162	0.4919015174	0.06666652977	0.09999191238
EIF3E	0.02110768275	0.01573987484	-0.01135050805	0.2236664276	-0.001422815488	0.1887639102	0.2148696985	-0.3361734027	-0.1724437545	-0.1187769196	-0.09096003135	0.2003933869	0.02027270118	-0.2672656053	0.1157630514	-0.03491679174
EIF3F	0.1862326802	0.2037697191	0.2381855467	0.6087690191	0.00876804218	0.7715372365	0.7921390717	0.2350788633	0.3210668471	0.5583061305	0.6443426046	0.7632594491	0.8559590356	0.5822963412	0.2042900391	0.1704929532
EIF3G	0.2254365392	0.1326911064	0.3120772543	0.4820321489	0.1710343607	0.3456594819	0.3779537769	0.1187157974	0.0784376453	0.2808415865	0.0140425232	0.1428398295	0.2768874506	0.2158023844	-0.03817150307	0.09073130213
EIF3H	0.09835035153	0.08039494006	0.1929799005	0.258268467	0.02923031779	0.1554308143	0.2388196722	-0.02542868574	-0.01620759943	-0.1842094287	0.01479303841	0.2557750341	0.05276256375	0.05442241715	0.00916269475	-0.01155561558
EIF3I	0.2502674392	0.3042999598	0.3885359332	0.6517196356	0.08296770308	0.02283720707	0.2496257724	0.1120449994	-0.06884959268	0.1881893941	0.2715586311	0.2066710607	0.10645147	0.03851324374	-0.1237923039	0.0007896144242
EIF3K	0.1723446383	0.1006264524	0.2631871988	0.4155799233	-0.06408042897	0.154198892	0.230748324	0.2422704609	0.01668251211	-0.07795469523	0.073247332	0.2310711965	0.2363936702	0.2220199604	-0.02699437416	0.1103169191
EIF3L	-0.06041065288	-0.1341555679	-0.1187189904	0.08591792439	-0.07898624461	0.1405849936	0.103168179	-0.001804590743	-0.1145948587	0.09910972894	-0.006032302795	0.09385800571	0.08367647263	0.0004984875126	-0.1298680794	-0.008038623215
EIF3M	-0.008310722084	0.07089626242	-0.004416293003	0.4823136187	0.1978124966	0.2133807911	0.4009902756	-0.4378427339	-0.2687936909	-0.3090330424	-0.03831650025	0.3163519106	-0.161105044	-0.5143910842	-0.09646111663	-0.003513080492
EIF4A1	0.5518178138	1.016115383	0.7010542959	1.161567707	0.4977276119	0.8849550594	0.5957638545	-0.2625430531	0.4041472023	0.7023844124	0.4959062573	0.4035477622	0.4652991106	0.0002414040458	0.203052739	0.06795757921
EIF4A2	-0.1861036506	-0.3096016178	0.09339322012	-0.1748523796	-0.3275507963	-0.5339966071	-0.5535671834	-0.6979741826	-0.01935347673	-0.4285736357	-0.7687697124	-0.4270051755	-0.4857718071	-1.250874755	-0.411230575	-0.1735715988
EIF4A3	0.2901152566	0.3932151264	0.5527036017	0.6116304671	0.1655422442	0.1392825546	0.1867854953	0.2806067272	0.4590246348	0.3215868107	0.3302917536	0.2278244739	0.4690550692	0.2543632313	-0.06496224431	-0.01567069941
EIF4B	0.07002162962	0.04296129193	0.0449647626	0.1436214378	-0.1324332864	0.1423350717	-0.01063977733	-0.02165297701	-0.1851175599	-0.3470628697	-0.02627425628	0.4326111117	0.1357844545	0.2938150301	0.1668042676	-0.166739461
EIF4E	-0.07302972833	0.06611530078	0.1762428918	-0.07116424072	0.1008002687	-0.1493629263	-0.05214733736	-0.1246063249	0.3668614699	0.197854556	0.09166832765	-0.1856472783	-0.2897487888	-0.4273497487	-0.1986115923	-0.1304768822
EIF4G1	-0.06813242815	0.03241893478	-0.05477859335	0.1053309155	0.2365975307	0.04338332244	-0.1931114408	0.2412648152	-0.007205406802	0.2180233287	-0.1477336561	-0.1507868782	-0.116443746	0.2337287253	-0.1371283888	-0.2015007913
EIF4G2	-0.07505971853	0.09797858141	0.2007810034	-0.1726583788	0.02309779752	-0.1830345896	-0.209274521	-0.3347221619	-0.06445511452	-0.2210947357	-0.3884775474	-0.3837927822	-0.5909648793	-0.4726125916	-0.2152796997	-0.2219853757
EIF4H	0.002533855899	-0.02673819676	0.1874791531	0.05902585439	0.0805212164	0.294046046	0.2058314366	0.1990527789	0.01235723022	0.07620373804	0.1402324698	0.1549909003	0.1456761012	0.3632956446	0.0392269446	-0.02583838673
EIF5	-0.155292292	0.1029117743	-0.01859092013	-0.3186850685	0.2682133758	-0.343176561	-0.07078227656	-0.6644695592	0.5878837598	-0.06662639751	-0.2207105426	-0.2636943401	-0.6063845467	-1.362692473	-0.4705034912	-0.188894863
EIF5A	0.1001546916	0.1593799567	0.1608087165	0.4414431047	0.04400666382	0.01143165345	-0.02938460595	0.2129851614	-0.01611945439	0.416779922	0.26786921	0.1152362761	-0.09323278554	-0.003979763903	-0.2006479648	0.03948982839
EIF5B	0.07310780988	0.07413458054	0.1851524522	0.1398900202	0.2458062772	0.5909017099	0.5067911347	-0.8245651987	-0.08555427167	0.3724466152	0.2117083703	0.3408585886	0.3558336038	-0.9271032228	-0.06678186638	-0.03893515859
EIF6	0.06581780246	0.2577116051	0.1329792968	0.663796249	0.6886242973	1.620445608	1.101241354	0.1722981369	0.5747475515	1.185015936	0.8190228489	0.821027063	0.7739714958	0.5921503915	0.3056172712	0.1619385716
ELAVL1	-0.0287438611	-0.00928727947	0.247998055	0.03351013998	-0.0872616836	0.1965742152	0.08943654164	0.4762853537	0.4835570138	0.4053029204	0.1041262357	0.03779417014	0.3692070357	0.4701826281	0.002497208793	-0.07172977114
EMC1	-0.01259739907	-0.05093264565	0.1146632186	-0.09910636267	-0.164958043	0.02876854365	0.1142501886	0.2401399564	-0.1047447192	0.05581854409	-0.1343598297	-0.1719728181	-0.1385774772	0.2715617738	-0.2281274254	-0.1672900181
EMD	0.3442456981	0.5626752402	0.9749761139	0.9315132421	0.06864732879	1.150502966	0.7814770109	0.7170191055	0.8527841698	0.4945827292	0.4922396424	0.4054309831	0.4012186107	0.4931615624	0.2226604077	0.1540397781
EMILIN1	0.7826121466	1.464821758	1.053349028	0.8609474791	0.7955617986	1.604692896	0.7972062472	0.6203138647	0.3855031624	1.61429464	2.358913093	1.81979889	2.132685731	2.199539668	1.723853752	0.9253084076
EML2	0.253194608	0.4567904559	0.5369966194	0.6756977738	-0.09746867225	0.6255340535	0.3616719922	0.2143868931	-0.003008811701	0.7041504726	0.3815367672	0.453243987	0.9260058138	0.910577331	0.4707196541	0.06117912949
EML4	0.4067532876	0.7441153744	0.824437222	0.3382737537	0.2124907533	0.8329281735	0.3884087526	-0.3845136792	0.1712246268	0.4526695225	0.1551814208	0.2808219264	0.2699680562	0.04347082915	0.4663121301	0.1325695652
ENAH	-0.1260704227	-0.006229955079	0.2043916774	-0.05453641318	-0.0315503903	0.07079106857	0.05152449049	0.01714954779	0.05297296232	0.1856178208	-0.06541331753	0.03573383217	0.0436103512	0.03742463258	0.02327823023	-0.1812051432
ENDOD1	0.821851593	1.391822161	1.147859291	0.6188443158	0.5515279526	1.324387359	0.8309597808	0.3437377524	0.09355324629	0.7303372596	0.6960214743	0.4503305954	0.8322369109	1.110199978	0.9194704325	0.5983273091
ENDOG	-0.2379888717	-0.486727178	-1.028110347	-0.6596837414	-0.2843243564	-1.159368659	-0.4221677468	-0.07211103496	-0.04127065958	-0.927427073	-0.6947230717	-0.207832061	-0.6848272759	-0.6669235605	-0.4437463489	-0.1428886037
ENG	0.2765201242	0.424198643	0.9468818977	0.1541776236	-0.176314567	0.6198523025	0.1768681611	0.6340406527	0.1893204791	1.102652567	0.9695572173	0.6518312388	0.6646474904	0.7903611835	0.4164186069	0.1891514678
ENO1	0.109648204	0.1704872127	0.643556247	0.4115556511	-0.08593762699	-0.2564867423	-0.1203150406	0.2185090774	-0.2528268185	-0.05842356798	0.03771575244	-0.1590218295	-0.3203561088	-0.1017805863	-0.4458887476	0.02992422314
ENO2	0.9356816002	1.034591759	1.460682511	0.7237933043	-0.09193124043	0.42548717	0.3330876254	0.3279439164	0.5782043038	0.7030306595	0.3874314022	0.3531129054	0.8962276433	0.9492624405	0.6259411674	0.4475792505
ENO3	0.3056741627	-0.01605901119	0.4382826247	0.2264858023	-0.1471439208	0.1800876641	0.2247966853	-0.08420670529	-0.1715741286	-0.2862304929	-0.4814728817	-0.3680805522	-0.1617870102	-0.2770579354	-0.2133596138	-0.1680547415
ENOPH1	-0.0356971379	0.2014813036	0.04368169251	0.2860398285	0.04430068823	0.6063977701	0.4335748836	0.299922824	0.4369708392	0.8571928829	0.4996833825	0.3591476214	0.5446829786	0.5843168798	0.2863334939	-0.03001708965
ENPEP	-0.937985381	-0.5436058447	-2.899860632	-1.429896613	-0.2706689076	-0.6800893268	-0.7476344264	-0.1802953706	0.07252612427	-0.164093065	-0.2823912802	-0.2750736297	-0.1483240895	-0.141274413	0.0750585173	-0.1917136732
ENPP3	-0.03686993972	0.868753741	-1.213190989	0.2282056932	-0.2986310837	-0.5215401668	-0.9633154435	-0.3133409959	-0.1707608966	-0.7626340284	-0.6190519335	-0.753503678	-0.5595564196	-0.3249023771	-0.2557321568	-0.5241381264
ENPP6	-1.155249069	-1.609525088	-4.348521415	-3.192364019	0.05911944563	-1.005022002	-0.8970284507	-0.4095037815	-0.1968184092	-0.9364054949	-0.7052722555	-0.3724076147	-0.956486098	-0.9663107891	-0.239526961	-0.08787053716
ENSA	0.05076423228	-0.04843400827	0.2747697455	0.1452404823	0.05797037965	0.2992635231	0.263794947	0.2426450802	0.002331223233	0.143278832	0.1660063718	0.03032181294	0.2332106273	0.3921496471	0.2350744971	0.1183319573
ENTPD1	0.5181691393	0.8643578849	0.6047531755	0.4174928395	0.7392079405	0.8548081069	0.6335397034	-0.4826061648	0.4282818043	0.9231959036	0.8244674983	1.130017896	0.3011948616	0.366583798	0.6318918815	0.5161166116
EPCAM	-0.08367479813	0.4718918475	0.6200826568	0.5024374588	-0.08177356148	0.7171084277	0.980112162	0.1472567342	0.3239807811	0.1904761008	0.7508546361	0.5238469603	0.5526513221	0.6608620321	0.4144230813	0.08202609364
EPHX1	0.5522190999	0.7069253804	1.061385932	0.7940041257	-0.7555980662	0.4698365598	0.401763337	0.1331857247	-0.1642085367	0.3378531461	0.98883816	1.078036187	0.7288748335	0.8790588619	0.553332971	0.5627592369
EPHX2	-0.6729700479	-0.9909757702	-0.8333377284	-0.6219464841	-0.6302816843	-1.880539567	-1.076954866	-0.009667765395	-0.3149401643	-1.393743898	-0.8647569095	-1.384435659	-1.392404477	-0.680860993	-0.6687061646	-0.2294771118
EPN1	-0.001814378803	-0.2194229594	-0.1507534245	-0.2034495303	-0.4366307299	-0.461056673	-0.2663716242	0.3897733731	0.2369574411	-0.2388162221	-0.2108138878	-0.1610160422	0.002427234773	-0.06055292387	-0.2505146436	0.006935351751
EPS15	-0.1143128439	-0.001681037723	0.1565579989	-0.3705535479	0.1311480753	0.3038349392	0.1313450168	-0.270861874	-0.2244183588	0.1207660058	-0.1169503354	0.1688386498	0.07390833554	-0.1298289901	0.1371891597	-0.1515480553
EPS8L2	-0.2368171215	-0.5883359974	-0.1155004028	-0.4254368349	-0.2250938732	-0.08384567178	0.1076868496	0.4593213429	0.4159498106	-0.0952684892	-0.3461885293	0.01759172374	-0.3975526144	-0.1106399074	-0.4666496093	-0.02910828325
ERAP1	0.1365701374	0.3022505208	0.4765495912	0.1457499846	0.484425196	0.8637111492	0.3082454649	-0.9080463121	-0.5857770222	0.3100734345	-0.1821494274	-0.05560964851	0.1086617953	-0.4671545046	0.2927186657	0.05630856569
ERGIC1	0.01143719818	0.2118357424	0.2667902222	0.2928099251	-0.1923400437	0.0120469329	-0.1837152709	0.37614841	0.02121471226	0.1906746534	0.05220798413	0.1949875037	0.03879009786	0.2249320564	-0.04888716873	-0.1922019961
ERH	0.1134434113	0.1456392208	0.4004435511	0.3725110819	0.2904573684	0.5952214316	0.6052224119	-0.2014725319	0.01238093994	0.5757221144	0.6418431805	0.5401911491	0.6329095019	0.1412435374	0.2675803697	0.1462132494
ERLIN2	-0.5588611819	-1.000549264	-0.5099859198	-0.8603824921	-0.0334338313	-0.4244759127	-0.4270880132	0.07436346154	-0.3514397309	-0.05674233209	-0.3311784685	-0.3630546457	-0.3286468416	0.1020815974	-0.04237751315	-0.292377202
ERP29	-0.1440694092	-0.5081593256	-0.4884265932	0.05861135153	0.2911112701	0.1734267491	0.1481281205	0.3591564593	-0.01891802585	0.3089045446	0.424707209	0.2192243424	0.194494646	0.294321128	-0.1172959425	0.1255550366
ERP44	-0.03059920405	0.1109876872	-0.09983999796	0.1619133745	-0.0539574003	-0.2891881967	-0.3963710202	0.1006737676	0.2930117689	-0.02291574177	-0.1871323959	-0.2194862196	-0.05780482555	-0.1571480048	-0.1581750071	-0.07104883601
ESD	-0.2525152802	-0.4202055813	-0.3381628493	-0.4710999065	0.01566249734	-0.6755138394	-0.2604578891	-0.2351890379	-0.1034423364	0.8922247903	0.2804602148	-0.07510637649	-0.4751780721	-0.7799670445	-0.5330166124	-0.08118794658
ESYT1	0.4195224228	0.8730923929	0.699531757	0.9878124536	0.2341713424	1.688264512	0.8965252496	0.4716872196	0.2841760285	1.668646176	1.582404989	1.317571573	1.786555179	1.913229598	1.44502557	0.7909374876
ESYT2	0.2448153088	0.4826988892	0.2626648391	0.1426029383	0.2545856629	0.8059788146	0.3412225785	-0.09230616226	-0.1057724266	0.5511898985	0.2374080682	0.324985368	-0.007615063028	0.2939030621	0.3883540375	-0.06445444661
ETF1	0.06988248533	0.1774592546	0.4264014944	-0.02888563923	0.3722192732	0.2996214466	0.1576935087	-0.3627691637	0.614339571	0.1628914207	0.02688964825	0.1123060287	-0.1268159198	-0.6200779761	-0.1050489543	-0.08794714317
ETFA	-0.459979855	-0.5985392433	-0.7251407797	-0.5328185601	-0.2125126394	-1.496331125	-0.8709257119	-0.6771390828	-0.2395825661	-1.281691717	-0.6521850193	-0.6893987908	-1.275040267	-1.383501056	-0.7559067037	-0.2799612744
ETFB	-0.268827762	-0.6119754841	-0.5882929163	-0.3899637062	-0.1528628817	-1.077371838	-0.4271221142	-0.07266790446	-0.3135186061	-1.161205381	-0.2729052123	-0.5460579369	-0.7292187794	-0.5276159404	-0.5525423249	-0.01178913334
ETFDH	-0.6236787152	-0.7191904394	-0.6411269486	-0.9850407185	0.03779399976	-0.9728024319	-0.5868445922	-0.8784019262	-0.40297334	-0.8320795445	-0.3375765503	-0.3825530199	-0.9731780302	-1.093318833	-0.649469564	-0.2188232925
ETHE1	0.3811917249	0.241194034	0.1956135031	0.360677966	0.2300956458	-0.7429967176	0.2001403188	0.7401479631	0.293055655	-0.5530084521	0.1584093234	-0.1419426221	-0.3477531048	-0.4408599162	-0.5745578176	0.4393991802
EWSR1	0.1585276945	0.2761504873	0.4491004743	0.4737667496	0.02478702046	0.08156159578	0.1297329844	-0.2426025959	0.0644083526	0.08958615342	0.1143973647	0.0359888903	0.1172198894	-0.06100772862	-0.2944293747	-0.07406699229
EXOC3	0.1988834717	0.2462972161	0.4602015825	0.4972810889	-0.007008698549	0.1011799722	-0.04104536971	0.06872088775	-0.0577206929	-0.01541003026	-0.2976537587	-0.3487367635	-0.02785110043	0.007341539535	0.1366812497	-0.08247054989
EXOC4	-0.1624412138	-0.1256835651	0.1045578728	-0.0006298496838	-0.02035049304	-0.06795596458	-0.1957016898	-0.2808264638	-0.2506560012	0.1818713887	-0.2157230533	-0.1721296184	-0.2063629416	-0.01902602785	0.200974302	-0.06510390136
EXOC5	-0.216976926	0.01737780228	-0.04502254258	-0.4625053357	0.1786674262	0.3687742992	0.3030643848	-0.7567863876	0.07256154066	0.2626415427	0.0712946674	0.1102912303	-0.3099698278	-1.314063209	-0.08623403772	-0.163761198
EXOC7	0.1165694046	0.1843980259	0.4055005075	0.3856348786	-0.07100366121	0.06793399291	-0.0759229814	0.2794713905	-0.08977712132	0.1089469827	-0.229719593	-0.1806947002	0.2179427092	0.415971917	0.08498324435	-0.02716061609
EXOC8	-0.06612894857	0.0418603467	0.04672966715	-0.217402505	0.0535102691	0.3503597242	0.1533364694	-0.3692713972	-0.6510889951	-0.04824534822	-0.2715047108	-0.2758499367	-0.009775586499	0.3535185167	0.1054243858	-0.07758401463
EXOSC7	0.2083072928	0.1805466992	0.4016823998	0.4053257878	-0.06292695331	-0.313652165	-0.2139307608	-0.5917897856	-0.2222046265	0.2454191385	0.3073070472	-0.02080763194	-0.03956987154	-0.6189339268	-0.3654734933	0.007880115081
EZR	0.04878585249	0.07570277428	0.189110514	0.4701025939	0.2765858635	1.059077515	0.6566715467	0.5523969704	1.066623433	0.3943322461	0.49354539	0.5314108551	0.1746320562	0.2918389481	-0.02101697862	-0.1454402745
FAAH	-0.8235217001	-1.639102263	-2.419242061	-1.539301484	-0.04306829662	-0.5137629651	-0.3018710868	0.8523437001	0.4364728159	-0.5195466702	-0.2625213711	-0.001290079788	-0.1029788237	0.060082564	-0.3154471775	-0.06889109421
FABP1	-0.9708504686	-2.163159582	-4.190931977	-2.214801664	0.3240509749	1.605798227	2.421649219	-1.398129613	-1.308048039	-1.278674834	0.05806824272	-0.4456452487	-0.4982946452	-1.163660359	-0.6624590513	0.5174613814
FABP3	-0.4959623004	-1.611174988	-0.6461681742	-2.394007102	-0.8274459634	-1.573186037	-0.6066526981	-0.3164431901	0.07935968898	-1.840750017	-1.043267132	-1.520081169	-1.226310045	-1.18733056	-0.956662446	-0.1062891788
FABP4	2.317090526	1.617127403	3.105147282	0.5756226564	0.3323477799	0.7083819111	0.06600663523	-0.6979212922	0.2233650887	0.979648294	0.2986117692	0.03667222101	-0.07870666049	-0.9505164917	-0.55823622	-0.03651036968
FABP5	1.625435536	1.044377767	2.064929735	-0.1548492413	-0.1172015747	-0.09407282941	-0.1206137123	0.06820089612	0.1731265282	-0.1968705198	-0.08987528116	-0.1860722142	0.6870878866	0.7158730245	0.5188086123	0.6096697525
FAF2	0.1072758856	0.2005004453	0.2864168771	0.02365326236	-0.02416101679	0.1412629069	-0.08169963855	0.1328904789	0.005284312051	-0.01820024307	-0.183013448	-0.09214385591	0.06954625024	0.3772961109	0.03331276549	-0.07610787437
FAHD1	-0.4052445675	-0.6174404937	-0.7753428266	-0.4884466315	-0.4941025538	-1.530264914	-0.9170333838	-0.500320531	-0.2319667992	-0.9280853705	-0.9595992343	-1.066961291	-0.7231275612	-0.9104536659	-0.4826121059	-0.2311950942
FAHD2A	-0.131566002	-0.2942716282	-0.1377268221	-0.03692510736	-0.3835658467	-1.143871526	-0.7509262063	0.1721804039	-0.02363484918	-0.834576591	-0.2354106252	-0.5108130029	-0.7284648615	-0.4218429504	-0.483230501	0.01437968336
FAM107B	-0.1163115693	0.2056719025	0.3424905895	0.2003612742	-0.2715841352	-0.134097389	-0.1122991409	0.4886071996	1.107333148	-0.1635403489	-0.5420571487	-0.3718197079	-0.1388587008	-0.1446156252	0.1737519933	-0.2051162004
FAM114A2	-0.02865273789	-0.03092208267	-0.1274898336	-0.04894509658	-0.08251367076	0.07247288866	0.08443923993	-0.01963762375	-0.1737296201	-0.1099941217	-0.2917119244	-0.09429144578	-0.04543495032	-0.02396788574	-0.01713857101	-0.08419192834
FAM120A	-0.2257617692	-0.2026466121	-0.08680052117	-0.426938091	-0.02557996183	0.1792138546	-0.05442734491	-0.01592451848	-0.3881283091	0.2331907363	-0.05875238004	0.003749097125	-0.2975103316	0.2063600034	-0.01394724117	-0.2292051659
FAM136A	-0.2444619533	-0.2563244439	-0.05260547522	-0.2421034384	0.1793713983	0.1584641989	0.05570763154	-0.2435570069	-0.2925619007	0.4387946141	0.0878114631	-0.06252737306	0.2003434291	-0.2099248929	0.06842089091	-0.0488603688
FAM151A	-0.22629719	-0.411970501	-4.018574616	-1.267358092	-0.6261214719	-3.056088001	-1.792737545	0.9796079452	0.1390397143	-2.894855729	-2.983106387	-2.529549207	-0.8673621432	0.1168720124	-0.1689697867	-0.1595078332
FAM162A	-0.2670997203	-0.4074165491	-0.2581104658	0.02923251493	-0.04460168682	-0.1700274858	0.08254185619	-0.1566029864	-0.2510389111	-0.1296604466	-0.1469748052	-0.3763580255	-0.2125490308	-0.4681446812	-0.361132347	0.02015962594
FAM3C	0.2895394523	0.6680905028	0.7521163637	0.1958776813	0.0275937002	0.9450440351	0.859673707	-0.2499327793	0.003861771691	0.5685262804	0.7910766983	0.5750126431	0.8152089978	0.4079091079	0.6405304091	0.43256509
FAM98B	-0.1699558595	-0.2630158855	-0.1701139383	-0.4098648397	0.01788352247	0.3087662351	0.210291461	-0.1404093326	-0.07858554655	0.4468535705	0.2409114907	0.1070938439	0.148247187	0.2093610624	0.1122010426	-0.01313639139
FARP1	-0.444141605	-0.3596985452	-0.6876470762	-0.2016744111	0.08933448866	0.898136871	0.4153137086	0.3693781752	0.0665770215	0.3900594923	0.1050060099	0.2109535582	0.4640023615	0.9394655271	0.5562468682	-0.002476808399
FARSA	0.3466136087	0.2530617674	0.2890923508	0.4258342005	0.06349345247	0.1689174838	0.1908832756	0.3095720155	0.1108021304	0.3842133194	-0.01029918926	-0.004074982281	0.2939867037	0.305037379	-0.00173096827	-0.01647366486
FARSB	0.1011489609	0.06934025615	0.2028425867	0.3590357862	-0.1880992881	-0.9496691862	-0.8037270011	-0.507119584	-0.1298992535	0.6144854704	0.3143186416	-0.2643660115	-0.2737295615	-0.7332502046	-0.3941862324	-0.01420315471
FASN	-0.3130679512	-1.006763508	-2.463362904	-1.700283739	-0.8371604195	0.1089491705	-0.6850233928	0.6773960898	-0.2177070581	0.2983091524	-0.7462252825	-0.8333400192	-0.2659006091	0.4839203918	-0.11175552	0.08230527217
FBL	0.2983764567	0.4842958425	0.4793971861	0.8748351118	0.1896898216	0.4163039535	0.2203939185	0.02742997592	0.1484560929	0.8472185059	0.5063740861	0.4033894408	0.5191859251	0.3199366678	0.08435017585	0.2071384829
FBLIM1	0.8576677815	1.528753578	1.446253748	1.206428742	0.7038484703	2.110401273	1.166308919	0.2167423241	0.358318593	2.013019119	2.062391147	1.781046301	2.463743422	2.454754606	2.046184862	0.9845144151
FBLN1	1.491901596	2.395427844	1.178390726	1.061977507	0.537979495	0.7474858251	0.3464421002	0.6749989317	0.2993823904	0.6721316181	1.308731955	1.543084496	2.188086081	2.418009364	1.907917997	1.730903285
FBLN5	0.3512701586	0.579956814	0.4890987361	-0.179301125	-0.6526876798	0.9328743297	0.1221728002	1.064090376	0.6396115238	0.02955953325	1.01780045	1.083774435	0.5803742998	1.04134191	1.057508466	0.3474971878
FBP1	-0.8400520463	-1.421792275	-2.208274292	-1.06363628	-0.05474588931	-2.465333204	-1.408562595	0.224432484	0.01128692246	-2.293313197	-0.7557039335	-0.6949992233	-0.8688607885	-0.3910816587	-0.602046286	-0.03060457498
FBP2	-0.6065461346	-1.188228532	-1.328934936	-0.5977005942	0.2327697593	0.8954820355	1.076315892	-0.5080322313	-0.307535875	1.147747788	1.031593155	0.9360414569	0.6464159655	-0.1781037195	-0.1534210914	0.01086359159
FBXO22	-0.2134424814	-0.2481172987	-0.1418587706	-0.2218543934	-0.08241139923	-0.3361532032	-0.3179429033	-0.1191763884	-0.1238953589	-0.1180809665	-0.2791717779	-0.2341164727	-0.1898295126	-0.2422675174	-0.1886345795	-0.1512687594
FBXO4	0.1379869714	0.2522393912	0.2697886971	-0.2594756167	-0.03373664065	0.5482082464	0.5182798479	-0.1906443956	0.1487928467	0.4073447947	0.2589836153	0.2223842339	-0.1532462589	-0.1205343565	-0.1343075683	-0.0846215361
FBXO6	0.205830565	-0.06555891083	0.5019905458	0.3487614627	0.3138857751	0.8340136922	0.5701209668	-0.229397269	-0.2362423904	0.4062180502	-0.02875478156	0.2692295179	0.1616206344	0.07629752281	0.009173533264	0.07086312952
FCGRT	-0.04280868649	-0.2860768665	0.1932837639	0.1833285252	0.04081006523	-0.6819927917	-0.5833361773	0.1334045568	-0.2439070337	-0.971032328	-0.8158382733	-0.4648470905	-0.2542622669	-0.05979814975	-0.2843946137	-0.1379788478
FCHO2	-0.572498877	-0.4439172309	-0.09555767301	-0.9506185647	-0.1442067528	-0.003562811062	-0.006313408745	-0.5345893169	-0.2093690526	-0.2356790082	-0.502889555	0.04417399853	-0.6062093707	-0.7681180286	-0.201719825	-0.4712883082
FDPS	0.2404296668	0.396173156	0.4098411784	0.4391309546	-0.3449784286	0.4106421547	0.6141099839	0.5100875502	-0.05274816482	0.4971493638	0.823202791	0.3499633063	0.8719364552	0.5927628091	0.1470007694	0.4359918639
FDXR	0.05353464847	-0.06196501123	-0.02345938586	0.3402711465	-0.7966031949	-1.221486188	-0.6797729617	0.2002737003	-0.01720651452	-0.09325785037	-0.4555612343	-0.5325388966	-0.1105368539	-0.02622464833	-0.262743266	-0.02142567976
FERMT2	-0.2014663756	-0.07818894809	0.1896403912	-0.3953703594	0.1522086883	0.232164939	0.2668962477	-0.171557263	0.5680764126	0.472583506	0.2172216864	0.1642783198	-0.1272614268	-0.2774457302	-0.08916689196	-0.1919360341
FERMT3	2.29921224	2.264452465	1.78705244	1.835293415	-0.02408179203	1.058682315	0.5554730743	0.121256033	0.1559208833	0.3905458504	0.7577609357	1.161254245	1.942920327	1.895258501	1.666554472	1.14838693
FGD4	-0.1388970867	0.1011094833	-0.09360127318	-0.903786587	-0.2860040351	-0.3052259745	-0.2708216484	-0.3188388205	-0.1760412161	-0.1747462249	-0.5644638873	-0.3690888504	-0.4101895848	-0.7241066875	0.207324579	-0.402945912
FGG	0.7293949356	2.701509936	0.4921890067	2.95555881	5.159444048	3.032405951	3.252669824	-0.6696119342	-0.5941678299	5.328586189	3.655898113	4.313001198	2.964074572	1.566878481	1.654674689	1.871442889
FGL2	1.03676054	1.562503218	1.061614043	0.5653615629	0.3666405583	1.601093393	0.8375934805	0.1295684913	0.959575673	0.1927496645	0.2035398731	0.6665309806	0.9553928735	1.24255465	1.981878281	1.291677453
FH	-0.4860616791	-0.902921382	-1.036640769	-0.8724255552	-0.1174259021	-0.9885111429	-0.5322458747	-0.4144593649	-0.1108747361	-0.5912062784	-0.0485853247	0.2176579025	-0.8868039518	-0.9179606955	-0.5574379383	-0.09932442724
FHL1	1.263871556	1.819329366	1.567861722	0.9318174016	-0.3701811759	-1.311225073	-1.009618981	-0.2139812157	0.02964611761	-1.119331831	-0.7130089056	-0.3266022027	-0.9858885991	-0.6197855013	-0.3968281183	-0.393528959
FHL2	0.4704845516	0.8428278214	1.084808204	0.4396830019	0.01528168048	1.517940688	0.7734216376	0.7856594194	1.158141121	1.217436499	1.63857949	1.624062953	1.691878617	1.579086107	1.725729113	0.7073508511
FIS1	0.0008159088576	-0.2491624007	0.08596326585	0.2788744006	-0.2399093088	-0.4694468937	-0.04884523491	0.1435751552	-0.1359983707	-0.6381811437	-0.2203383493	-0.1996842697	-0.1887648048	-0.03995091479	-0.1650970859	0.035976058
FKBP11	0.7894592758	0.8808861089	0.1291437931	1.247302757	-0.2177201651	-0.1736205279	-0.04576205378	-0.1592255151	-0.1765153195	0.9765435207	0.375260698	0.4157524251	0.571629517	0.3830099711	-0.04605500954	0.1612032788
FKBP1A	0.1029596291	0.1645298355	0.6285868809	0.406378256	0.4620380888	0.8003033163	0.4711096195	0.3779569865	0.1407602097	1.117302131	0.8167858599	0.6659955995	0.781357723	0.6361472977	0.1259310758	0.108603562
FKBP2	0.2590683347	0.0843565388	0.3411888832	0.454877747	-0.01041333085	-0.2979251466	-0.07360455668	0.07260768157	0.06537311998	-0.4743780393	-0.1888368069	-0.1662424469	-0.01078422103	-0.510832483	-0.4634507231	0.1187469034
FKBP3	-0.1531804776	-0.03530409761	0.3332584355	0.2451477796	-0.04089651563	-0.1161295934	0.02929307459	-0.6306442822	-0.3898213909	-0.1698504567	-0.1221886463	-0.3253585075	-0.3058463372	-1.013141111	-0.2956954563	-0.05264231669
FKBP4	-0.2855260292	-0.6299488833	-0.2129217198	-0.4190808654	-0.07150454735	-0.2728504911	-0.3090737202	0.5542032865	0.2240170097	-0.1422739766	-0.4998260178	-0.6530590641	-0.02511866229	0.1364806676	-0.1297308916	-0.1149528728
FKBP5	1.220264067	2.204438212	1.6838102	2.601228304	1.39927316	0.2582953895	0.5170718393	-0.5936825225	-0.3283345762	-0.7142815719	0.826865137	1.14123113	-0.6072954495	-0.9265270576	0.06503671773	-0.4759775153
FKBP9	-0.03166430213	0.2063643429	0.7629516629	0.2801960906	-0.1501058409	0.2672210459	0.04273330895	0.2605607551	-0.2418384576	0.03707375305	0.3024508029	0.2005093569	0.2199273298	0.6423063309	0.4396586505	-0.02051809526
FLAD1	-0.1035171028	-0.1920679089	-0.1491559797	0.113690629	-0.4379656872	-0.4507028383	-0.4165253054	0.1311299602	-0.1840649127	-0.09392470106	-0.6702378422	-0.7027693909	-0.2588689399	-0.1626888906	-0.2915107325	-0.05056857945
FLII	0.3316799967	0.5985882072	0.6163825611	0.7503079313	0.09915216263	0.6483572632	0.2076444362	0.3416849576	0.1686535411	0.6585955259	0.1463115867	0.2610518423	0.4580283199	0.5169746784	0.09799407042	0.02964903334
FLNA	0.8974902219	1.195861954	1.054789239	0.7775422473	0.903951406	2.773313199	1.626201006	0.8233407651	0.583259825	2.426755678	2.000822992	1.680998893	1.937477775	2.374593218	1.818341246	0.874097993
FLNB	-0.1489995596	0.05449441299	0.2590630949	0.1531388815	0.3327748692	0.9285603181	0.3264850959	0.3112673868	0.1980748245	0.7445227725	-0.02500613341	0.1485764399	0.1651751814	0.8377114419	0.4347510535	-0.08076809363
FLOT1	0.3412928816	0.5587541737	0.7916291938	0.5575318845	0.53007972	1.317890039	1.014936659	0.01292150291	0.03590730792	1.343818716	0.7918376844	0.8994657623	1.185515671	0.9207549815	0.6685692899	0.2214419644
FLOT2	0.1397300316	0.2844793572	0.7095604651	0.4798135911	0.1242154901	0.6458666814	0.5922686998	0.2296581753	-0.05871039914	0.7029908742	0.6639971597	0.5625887806	0.5888130335	0.5991844608	0.3435119105	0.08287442588
FMO1	-1.274866032	-3.857093363	-3.540965795	-3.983599022	-0.4565882355	-1.329013536	-1.449690615	-0.2658185776	-0.3125124679	-1.03605113	-0.4430593063	-0.498164811	-0.5716977974	-0.5673461521	-0.5874219924	-0.4666881109
FMOD	0.7314388949	1.679442652	0.2808033371	0.2970144484	-0.4958172186	0.1744989243	-0.2796594993	0.4000093899	0.08815654417	-1.303436233	-1.201153835	-1.001681487	-0.8032184321	-0.1405259202	-0.5427520585	0.5171535497
FMR1	0.06768842271	0.3374814841	0.4171837274	-0.1213514328	0.155613827	0.05877935407	0.0005326785323	-0.6859982	-0.2490391384	0.04161116495	-0.2174544728	-0.06032214526	-0.5750335804	-0.9886792283	-0.1119215753	-0.3084373411
FN1	1.522072425	2.839958275	0.931141327	0.9160701243	0.946575413	3.361286884	1.821536505	1.391945565	1.046368693	1.550852752	2.23081115	2.780427442	3.641788331	4.280532028	3.131609409	1.545519963
FN3KRP	0.2968482128	0.2104108947	0.5444324356	0.3590037146	-0.4255631497	-0.4065074661	-0.3536998158	-0.2001265486	-0.834460049	-0.09498809465	-0.3720764163	-0.5094942016	-0.5028274545	-0.02215965936	-0.2817993918	-0.1654542038
FNTA	-0.1827816643	0.03222895867	0.2397523062	0.05037049493	-0.001371415027	0.2339053566	0.2942891708	-0.1399944737	-0.08442172268	0.06043364442	-0.0120426368	0.07669670389	0.1368960065	0.06527239783	0.03627388178	-0.04376388706
FOXRED1	-0.4036120312	-0.903459338	-0.483640161	-0.5283964263	-0.3294492981	-0.8188635582	-0.4203798729	-0.0297230276	-0.2572706634	-0.4942273606	-0.2705230588	-0.4200926792	-0.4913346132	-0.192534074	-0.2809303468	-0.2001207068
FSCN1	0.5254566278	0.616794351	0.8912019195	0.3824547952	0.02740182153	0.5746703051	0.04435625928	0.7409999928	0.4301523666	1.428169249	1.175013493	0.5589462981	1.791459762	1.737936802	0.8382400664	0.8222094846
FUBP1	-0.06233977528	0.1583728269	0.4309064189	-0.06108831917	0.05021393091	0.6482290225	0.3338153432	-0.1858900705	0.1058822518	1.151960923	0.1271839971	-0.1477944774	0.2945938578	0.04312964142	0.06489881402	-0.1228425855
FUBP3	-0.1440583614	-0.09883905857	0.2111235527	-0.2178186502	0.08246109581	0.2684162515	0.1746259372	-0.2064107237	-0.2473090026	0.03553790422	0.1139848557	0.292652976	0.1245916065	0.2398007255	0.1508656988	-0.2101773272
FUCA1	-0.3362509633	-0.03177930823	-0.3038913466	0.3509621831	-0.290481667	-0.7792210931	-0.2347066028	0.07487239691	-0.2560186244	-1.094081951	-0.67361328	-0.6020359739	-0.7873808693	-0.4285551627	-0.4804405202	-0.0294688084
FUNDC2	-0.08063447257	-0.2222888506	0.006555400744	0.008145629339	-0.2347064853	-0.2852644316	-0.1657312033	-0.01951529638	-0.3800497	-0.3158033669	-0.02556815126	-0.01096401389	-0.1355530026	-0.02438464127	0.01055252163	-0.1143470843
FUOM	-0.09576370584	-0.2181193064	-0.3511338725	0.397653092	0.5239654802	-0.0192404186	0.1134714468	-0.0628242928	-0.2784252103	-0.392837459	-0.276479131	-0.2676431156	0.1404060844	-0.02465620859	-0.170187897	0.06068213057
FUS	0.1053678207	0.2114882541	0.5739562972	0.4035452485	0.1256770115	-0.2240805367	0.06952224809	-0.4444081136	0.3381854189	0.1770973263	0.2403448192	-0.1563849867	0.1558010332	-0.2306488146	-0.1496615296	-0.004514462181
FXN	0.04071639032	-0.2394300903	-0.2137991055	-0.1046597095	0.159465541	-0.6103885621	-0.2466947728	0.3069105002	0.09381054612	-0.3306194702	-0.3050520034	-0.4089397223	-0.3622242663	-0.2936114778	-0.4431890067	-0.1414880661
G3BP1	0.1070006291	0.2755266421	0.3641819172	-0.01094611658	0.2585896892	0.3886039836	0.1331312715	0.3196497317	0.06461275106	0.5327800165	0.1763366723	-0.06167521795	0.2121106214	0.3627765735	0.07922418371	-0.05158714762
GAA	0.02696181083	0.05933528799	0.3631526243	0.1594833547	-0.03050105575	-0.1124523301	-0.204912517	0.5715796247	0.3495255135	-0.4823468392	-0.5665679546	-0.1529181443	0.4088971244	0.5273291709	0.07676741023	0.02190449541
GADD45GIP1	0.08140300653	-0.03722999825	0.05813790092	0.2799286581	-0.1186570819	-0.3085267334	-0.09472565196	0.1519374938	0.07220505485	0.2067474293	-0.2924601039	-0.2029188103	-0.0340654874	-0.1924030934	-0.3662222836	0.09635146179
GALE	-0.2073577568	0.009531908197	-0.1804594747	0.3515502462	0.2693330065	0.5454563889	0.4348919859	0.3028054762	0.2199638174	1.593442801	1.269195153	0.3587292919	0.3351670312	0.0665962571	-0.1325483015	0.2018727854
GALK1	-0.06501524241	-0.3485119359	0.1513933627	0.2807302173	-0.1545788645	-0.3259204181	0.01739762387	0.237085821	-0.1906582363	-0.4368186533	-0.1381719387	-0.2654963636	-0.08150756953	0.05490381279	-0.1511552871	-0.1014712285
GALK2	-0.1385730435	-0.1869415598	-0.08869014181	-0.09595259791	-0.01679416919	-0.2747548535	-0.1687802884	-0.3309787726	-0.2146266153	-0.4724598545	-0.07231853114	-0.003103988157	-0.01388765199	-0.3715664915	-0.07961017692	-0.02593925192
GALM	-0.4601219581	-1.252492247	0.6463502277	-0.8758745386	-0.1440892058	-1.042791435	-0.719643699	-0.1756858496	-0.2680000937	-1.26463858	-0.8760306046	-0.8699145511	-0.5495466236	-0.663102751	-0.5645669014	-0.2355233209
GANAB	0.1670576335	0.1610371633	0.2027250171	0.1544843509	-0.04817230288	-0.1553656981	-0.3592541034	0.3520688817	-0.2230503236	-0.03578903451	-0.3426002082	-0.3301287174	-0.2250401203	0.2222141858	-0.08261648922	-0.1528821725
GAPDH	-0.009528848131	-0.0874500509	0.1317226314	0.3532171368	-0.175585535	-0.3435782337	-0.2283872676	0.09537267355	0.03317143525	-0.1642429495	0.2569808209	0.1033789236	-0.266236185	-0.4369457896	-0.5399214507	-0.0102733168
GAPVD1	-0.1674797885	-0.06704398658	0.06121653804	-0.2077149256	0.04679735691	0.2305956868	0.1405352929	-0.09498653225	-0.1302437262	0.08428584609	-0.2096960444	-0.07289728129	-0.05571246865	0.1395202648	0.1562109261	-0.2357933968
GART	-0.002755985964	0.1160308128	0.1138898028	0.0328696018	0.1735575849	0.2095264472	-0.08546439778	0.2046987569	-0.1037208742	0.6017621035	-0.04704676536	-0.0469645219	-0.05110916041	0.2579101739	-0.04791823792	-0.1461886689
GATM	-1.664083418	-3.80139825	-4.448565564	-4.034479268	-0.3077957638	-2.82352369	-1.516129328	0.5073826398	-0.1218832551	-2.091855156	-2.491323746	-1.743391293	-0.5872255284	-0.1814312708	-0.3563784277	-0.2978380213
GBE1	-0.2321000334	0.02518680011	-0.3050939334	-0.1170378179	-0.1745957394	-0.7148842299	-0.4468990926	-0.5134741458	-0.3645135948	0.7125542867	0.1389763373	-0.2045154541	-0.8243377145	-0.8251932021	-0.5071153196	-0.1740808647
GCAT	-0.5888542309	-1.551294008	-1.492392059	-1.896958855	-0.2136483889	-1.439040083	-0.9476263668	0.4541435639	-0.004479295964	-1.050749962	-0.6915749884	-0.5768025817	-0.3781141824	-0.2410623887	-0.3763495332	-0.2115987752
GCDH	-0.3784735081	-1.113502809	-1.127091433	-0.8627773985	-0.4928260668	-2.196278586	-1.323310848	-0.08861335571	-0.2392311861	-1.736494373	-0.9058089401	-0.8677299051	-1.278846118	-0.8002810382	-0.7449343811	-0.1939217202
GCLC	-0.3663671315	-0.3536041476	-0.2949509187	-0.5567660855	0.135457397	-1.350510973	-0.5690568781	0.1027265556	0.4581229547	0.2287455945	-0.009415185755	0.06371850901	-0.7765447066	-0.4661846002	-0.6987429861	-0.2669015156
GCLM	-0.04644764102	-0.0480401094	-0.5810861207	0.08995232577	-0.2810331964	-0.8121998579	-0.806854142	-0.3169943768	-0.3397006199	0.1973977956	-0.2666968634	-0.6571150781	-0.7402955075	-0.6962235799	-0.6782228316	-0.3920278729
GCSH	-0.5486139746	-0.9071426105	-0.8772621677	-0.4351486278	-0.0523736538	-1.439892675	-0.7012854124	0.06847861817	0.04435322513	-0.5219290887	-0.4743865569	-0.7775443844	-0.9204636115	-0.6540389656	-0.7784054228	-0.221191208
GDI1	0.06500507453	-0.01978916725	0.2767183466	0.0658797662	-0.184866599	0.103460501	-0.03031194244	-0.08956349055	-0.1357965465	0.06959272103	-0.1902353622	-0.3560418701	-0.02562030237	-0.03176672325	-0.1855931583	-0.0589803431
GDI2	-0.07912164598	-0.1523377637	-0.09922899351	0.01211388325	-0.05894764347	-0.1479012049	-0.120999646	-0.3610361349	-0.1927233643	-0.4147801278	-0.178159807	-0.05599210734	-0.3587779343	-0.4680530052	-0.160579668	-0.1294369163
GFM1	-0.3727230254	-0.5800338636	-0.5962158111	-0.8231192855	-0.1824196813	-1.436062175	-1.034892463	-0.2479515871	-0.1542400005	-0.5953139908	-0.5004342077	-0.6723770333	-0.857978231	-0.510853557	-0.5924851346	-0.2461049067
GFPT1	-0.4543712089	-0.4768578249	-0.3099255372	-1.035274063	0.06508894091	0.4052390079	0.06456129401	-0.286423133	-0.2579772576	0.1484029421	-0.3760302722	-0.2357986138	-0.1082401194	-0.2009711629	0.2082832524	-0.1664327796
GGACT	-0.02029679151	0.05520820759	-0.1373009669	0.3236821699	-0.2392252878	-0.9026299267	-0.4882168802	-0.1339757717	-0.1385333433	-0.9567351563	-1.095431889	-0.6932513636	-0.6370259412	-0.6300559134	-0.6325012803	-0.3005459093
GGH	0.1317481227	0.3866531292	0.4226097867	0.6363585408	0.02020597871	0.5127238092	0.6326629544	-0.1924180356	-0.1476869226	-0.1453466384	0.3042628872	0.3946480457	0.4368379704	0.08669373369	0.4882520767	-0.009763935622
GGT1	0.402078336	0.2671462261	-0.5871723615	0.3166749426	-0.3395029246	-2.706335174	-1.810674962	0.3718398838	-0.03247950125	-1.542843589	-1.499841775	-1.286597954	-1.152879191	-0.6649536419	-0.8974532731	-0.1620560437
GIPC2	-0.5980135736	-0.4045330766	-0.4660746494	-0.2495947812	0.1599548857	-0.01075354698	-0.02370590222	0.006203457197	-0.06132295679	-0.5394768689	-0.1177166266	-0.1374516147	-0.0561525996	-0.1286102179	-0.1718058216	-0.1837510542
GLA	0.08192814245	-0.009365503057	-0.09892842362	0.178399835	0.2419270316	0.3184858329	0.3664394753	0.4510689234	0.731577825	0.2958450077	0.3868167132	0.4299112196	0.5245112714	0.4635741877	0.3679305641	0.1437313616
GLB1	0.4769043989	0.7886103106	0.2454301828	0.8392329127	-0.3924482705	-0.7326204905	-0.6825857197	0.2346613303	-0.09216187827	-1.049192557	-0.4956852241	-0.4854064768	-0.4260470314	-0.08201879238	-0.433070071	-0.1104539464
GLDC	0.2319530352	0.7415557667	-0.797298634	0.6601436146	0.7394594165	-0.06724358651	0.4221679493	-0.3303942977	-0.1304564601	0.06532592091	1.758368843	2.01689889	-0.1714049434	-0.6144684407	-0.7023435083	-0.01133120091
GLG1	0.2264770179	0.4193237791	0.4444403541	0.2673732535	-0.2324059918	0.1099869264	0.0846643156	-0.01334128909	-0.3220121859	-0.04553689115	-0.4666490416	-0.1913110976	-0.4793401055	0.2399393226	0.0746422008	-0.3148851975
GLMP	0.07363007714	0.04539261521	0.4951138616	0.6359502014	0.01113163959	-0.0459846063	-0.09546931437	0.3005956046	0.0258492897	-0.3541258971	-0.4402293046	-0.1208009687	0.2547957472	0.1464396222	-0.1778445648	0.1309199647
GLO1	-0.06000374266	-0.1563588266	0.008110351643	-0.0003964761517	-0.1455107021	-0.3363292778	-0.1777693315	-0.277729231	-0.3418298336	-0.2635370982	-0.2895868372	-0.3503368979	-0.3651588745	-0.5338251473	-0.2839727295	-0.1150420771
GLOD4	-0.06479258433	-0.07533883311	0.04262429477	0.2361248303	-0.03329759698	-0.04737854859	-0.0700696341	-0.284080041	-0.2423754935	-0.1011055078	-0.05948230698	-0.1627921579	-0.09914112758	-0.323638173	-0.01182713351	-0.103019279
GLRX	-0.1626518237	-0.6451811895	0.5848700344	-0.343896501	-0.1707027806	-0.6805027115	-0.1205367362	-0.432127353	-0.2834951896	-0.692378151	0.04688237401	0.3604853548	-0.8726901782	-0.3849761281	-0.2983620586	0.2356036473
GLRX3	-0.196648546	-0.2410472533	-0.280498858	0.137982894	0.1230797954	0.05652717968	0.1240339163	-0.08032302722	-0.2208695515	0.08157473212	0.02862101119	0.1027776729	-0.03366178616	-0.08089819387	-0.1269917881	0.05423152721
GLRX5	-0.1379088333	-0.293028654	0.04575949637	-0.1234432346	-0.2252211396	-0.6652004012	-0.3099227204	0.1689434053	0.3635789441	-0.08693951158	0.3043311748	-0.09497767894	-0.2691358519	-0.3688385952	-0.5318794784	0.03755519644
GLS	-0.6225952269	-1.064708062	-0.6515647857	-1.141687341	0.07866850547	0.6592840726	0.1874875036	-0.206859238	-0.1694726173	1.066659707	1.223056225	0.6112100979	-0.1041442251	-0.1448308368	0.008011185433	-0.1836463101
GLTP	-0.6680887846	-0.7519745764	-0.03336213289	-0.2570755041	-0.02017979284	0.2586503947	-0.02556848355	0.1259101158	-0.1126125337	0.261870322	0.2264165919	0.02462379087	0.05417136309	0.1687336473	-0.1920709834	0.0184667271
GLUD1	-0.2121175979	0.1802339187	-0.4133674937	0.8103397037	0.2303092672	-0.4166126103	-0.2106986204	-0.4636692646	-0.1148036833	0.1492621687	0.9188945568	0.6888884144	-0.9193674771	-0.736516904	-0.6176274234	-0.1471254974
GLYAT	-1.028817594	-2.394936438	-3.871757955	-3.203299157	-0.3487302083	-1.575644812	-0.9418846235	-0.7799874441	-0.2189065997	-1.203386282	-1.383308081	-1.526975754	-0.9721048015	-1.747684745	-0.5267663991	-0.2664485322
GLYCTK	-0.2809953896	-0.9169616725	-1.271521306	-0.8623794765	-0.8359369868	-1.831655463	-1.215375513	0.7448861685	-0.09903457214	-0.8490550846	-1.457184464	-1.42538329	-0.5937999926	0.1475671287	-0.01436367525	-0.3169837135
GM2A	1.145207167	1.067704165	1.379296524	1.275174214	-0.07110685342	-0.7140955696	-0.5179024063	0.1881716344	-0.1925513365	-0.8742654283	-0.2202371371	-0.2121246075	-0.3778649939	-0.1337184682	-0.4783050425	0.00042196154
GMDS	-0.02862681918	0.01645456608	0.3728358993	0.4376050179	0.3156003658	0.686035694	0.5162159632	-0.03785554408	0.0138994188	0.7640769429	0.7416280326	0.5841475074	1.052466118	0.6036170056	0.3030432259	0.09634238609
GMFB	-0.05486609789	0.190465313	0.0939264374	-0.1448928243	-0.006572192918	-0.2587968001	-0.1888782046	-1.099432263	-0.3186438668	-0.0254265004	-0.3470375333	-0.3655670334	-0.4795722225	-1.52848929	-0.1503635306	-0.1999928002
GMPPA	0.3299557788	0.2780477799	0.2663242513	0.2519719641	-0.1438463784	0.1562643889	0.07204832147	0.148334901	-0.05645078485	0.1287220957	-0.1316767763	-0.09572845442	0.2689317356	0.2359074256	-0.06348883965	0.04267481736
GMPPB	0.4438965716	0.5627086447	0.1729098521	0.6611736907	-0.009101221909	-0.01401884509	0.001785233641	0.4772003951	0.2578252605	0.1230055827	-0.2551841822	-0.5181950798	-0.1105200279	0.3228688914	0.1054962265	0.1614850852
GMPR	-0.03593763099	0.4974818435	0.6854962395	1.006795106	0.03200730149	-0.7154288214	-0.2522263751	0.399746946	0.0614804136	0.4466820817	0.3479410573	0.1615510068	0.147405216	-0.09062785137	-0.3077160458	-0.00215236656
GMPR2	0.2736064432	0.5053069739	0.6184062293	0.4777741763	0.02328015681	0.1769327712	0.1154099773	-0.5021793615	-0.1329091837	0.3071632495	0.2300258462	0.1156390291	0.2374615373	-0.4738103551	0.04571936435	0.05523032751
GMPS	0.09243981406	0.2201677018	0.1509806699	0.2675392351	-0.07786957583	-0.2246890676	-0.07423567878	-0.5344719403	-0.001367193797	-0.07073546789	0.01699179459	0.03866258556	-0.1309803908	-0.8516216132	-0.24509587	-0.197547966
GNA11	0.107177022	0.1656375686	0.2960268895	0.1835406182	-0.2298634818	0.07346958013	0.119063354	0.2941507604	-0.4323889022	0.1700239763	0.02671828923	-0.01773922553	-0.1045191275	0.2675173552	0.05121559889	-0.07185910341
GNA13	0.09097670439	0.1601664812	0.2570680925	-0.09146103329	0.2285641232	0.7442684205	0.335246437	-0.2420022123	0.3416085614	-0.02174942433	0.05944207698	0.2643240097	-0.05394070281	-0.02476798951	0.1277347358	-0.1197944883
GNAI2	0.7111438608	0.9474010558	1.129319394	0.8948197998	0.2395214708	1.295564889	0.6746052357	0.3410381123	-0.03672331909	0.8129188729	0.8794697303	0.8059166946	1.160616114	1.122807967	0.6988942414	0.3623218966
GNAI3	-0.04180949017	0.2189566178	0.3252324628	0.1341326603	0.2443883684	0.6836720009	0.3912763257	-0.7754974736	0.07448134214	0.3047254779	0.3583079403	0.2441855276	0.1170699847	-1.174457033	0.2579563484	-0.140548513
GNAQ	0.03397368513	0.345293372	0.4686040384	0.02552668326	0.006581127263	0.4244077814	0.3325630955	-0.1279284115	-0.1439588576	0.1142640834	-0.2826976513	-0.1088006131	-0.2437898825	0.0403302419	0.1704598906	-0.1768818336
GNB1	0.03464887677	0.07127875702	0.1888580961	0.2405716447	0.3155135222	0.9854694051	0.6280492948	0.03286226328	0.06003603724	0.7598773133	0.7725463809	0.6293080491	0.6144446536	0.6458374654	0.4084934382	0.1266721818
GNB2	0.4643698408	0.6458609532	0.8684254071	0.775749804	0.1672339693	0.7956515243	0.6910120767	0.3764006394	0.1155648063	0.4005418987	0.6053110653	0.4913821711	0.7418225392	0.6103508166	0.245449176	0.09105935398
GNG12	-0.3942081156	-0.4694926634	-0.104272762	-0.6709629389	0.08012092636	0.1774908443	-0.03844744689	-0.1803357844	-0.1556099546	-0.08689100293	-0.1241292816	-0.1242279087	-0.3126164782	-0.05911814167	0.02990729547	-0.2383983827
GNL1	0.1747798528	0.1239297487	0.606707961	0.332355598	-0.1011784103	0.3833423618	0.2618213427	0.2953094968	0.4020113033	0.1095554438	-0.01087237103	-0.1155323218	0.3802382275	0.3859770574	0.02081962915	0.1006929047
GNMT	-0.1833095789	-1.155587433	-0.6571608734	-0.5179578457	-0.9895199188	-2.967472388	-1.640282811	0.03011148644	-0.2276872271	-2.509879497	-1.595730958	-0.9573171621	-1.581721782	-1.239422225	-1.094251587	-0.4116205603
GNPAT	-0.1666428029	-0.1694556434	-0.1311276608	0.03106589202	-0.1657852392	-0.4793382343	-0.5082504891	0.1490128399	-0.1884618448	-0.1602672659	-0.3377331246	-0.5128642872	-0.4623476646	-0.06860369065	-0.287513854	-0.1665163619
GNPDA1	-0.2099922018	-0.4762956095	-0.1975885583	-0.2954589138	-0.1241482407	-0.7426246068	-0.8157278311	0.06076516946	-0.6968425684	-0.4417655614	-0.5850535585	-0.6450591556	-0.1044722283	0.08861016415	-0.08477793849	-0.1737557055
GNPDA2	0.3394054619	0.7847058816	0.7886609202	0.5170994892	-0.159231874	0.1858571632	0.2375894297	-0.4177864785	-0.3282800884	0.0189900959	-0.03184623645	-0.05055769985	-0.2579998376	-0.4218327115	-0.0102707025	-0.1806093131
GNS	-0.3333820744	-0.1970230699	-0.007499193726	-0.1099644006	0.003894705593	-0.02531667734	-0.117800775	0.1689668404	-0.07725496457	-0.3719054269	-0.1869926308	0.1620469816	-0.1644521218	0.1479483623	-0.1553106068	-0.03154493543
GOLGB1	0.008621718435	0.07698046117	0.2045629947	-0.1516496171	-0.03735481755	0.2502259444	-0.01246735603	-0.8640344406	-0.2353569234	0.04026893575	-0.4482952856	-0.1556836509	-0.2402958447	-1.326055181	0.09642499259	-0.2345560976
GORASP2	0.05435870963	0.1353018758	0.235884966	-0.0432013552	0.005774048528	0.1444946816	0.1982984956	0.2843652965	0.3995360566	0.3652428308	0.1686336525	0.1228879893	0.06834762194	0.143973953	-0.1096731736	0.06510013198
GOSR1	-0.2407639128	-0.2867936629	-0.04692251247	-0.4509899922	-0.1872454814	-0.06072291995	-0.1324699038	-0.06098284661	-0.3003204592	-0.08057306099	-0.02837271867	0.02113416118	-0.1493589989	0.1847903848	-0.02863048616	-0.2077281936
GOSR2	-0.06543155249	-0.03032472874	0.2228698269	0.154881788	0.004754750458	0.2528157823	0.09948275237	0.03403279623	0.08977526753	0.05470377093	0.1327368771	0.0488823617	-0.1363643911	0.262412126	0.1129014262	0.0343092631
GOT1	-0.3484812056	-0.7284438313	-0.6125140984	-1.14848293	-0.1544536284	-0.4412320846	-0.1257514791	0.2661148721	0.5374214167	-0.2196925553	0.01241529945	-0.04475088787	-0.5382998665	-0.3605241798	-0.6363098677	-0.1246643936
GOT2	-0.2759529995	-0.4434101288	-0.410255018	-0.5502226471	-0.2153523003	-0.6385194335	-0.3314752684	0.2618563385	-0.08264757585	-0.02960504723	0.04873922071	-0.001816095381	-0.4634801113	-0.1844494974	-0.4939096146	-0.222066106
GPD1	-0.9563983583	-2.058300077	-2.020216274	-1.895441445	-0.6361335831	-1.543048455	-1.055293061	0.2743168106	-0.2852547452	-0.5358158808	-0.7268860914	-1.393935891	-1.104013835	-0.2184800719	-0.5214473602	-0.1759785095
GPD1L	-0.1492328491	-0.1430781808	0.1683838897	-0.7699422481	-0.2915148507	0.1586876893	0.2074371025	0.1762231627	-0.430491623	-0.1095042317	0.1101961337	0.269212407	-0.2149601639	0.2658132217	0.05991393829	-0.1722211009
GPD2	0.1512018301	0.4449770298	0.4342904666	0.2897612861	-0.2615623733	-0.8493007082	-0.6634385359	-0.3829892948	-0.4091308478	-0.6546930318	-0.8666006859	-0.9994997908	-1.270716206	-0.839046155	-0.8307736951	-0.5235366945
GPHN	-0.5798614733	-0.5563925653	-0.7637459915	-0.7161588556	-0.3107694731	-0.8070837832	-0.9077896495	-0.05650834623	-0.0260742484	-0.5628630376	-0.7861020131	-0.8571167855	-0.6561192429	-0.4825540645	-0.3223264386	-0.336395461
GPI	-0.1055178007	-0.3547855936	0.06420477176	-0.1227644558	-0.2246370912	-0.02406387861	0.09885352447	0.3586229148	0.007582109611	-0.1649030935	0.03892194399	0.05303812712	0.05123311192	0.2067640845	-0.2925317372	0.09256193646
GPR108	-0.145282465	-0.3247364733	0.1310328593	0.06484789696	-0.2983898601	0.2615686708	0.3160812015	0.3876690436	-0.1538221816	0.2124855365	0.0580568784	0.005835995461	-0.06717637	0.2905707889	0.01700817243	0.02115406609
GPRC5C	0.08045310684	0.2267896721	0.5563140345	0.6472203674	0.09175216039	0.6257707516	0.3544866345	0.5896146955	0.06368990307	0.5248726168	0.41073659	0.2443980021	0.1017204254	0.3546191181	-0.1619614856	-0.2080149853
GPS1	0.009382865166	-0.1158528293	0.2290561745	0.2196641478	-0.01314422047	-0.1346797768	-0.03318540768	0.1872641942	-0.1074950962	-0.03686908925	-0.3709304082	-0.4338722725	-0.3016463402	-0.0366814076	-0.1969968281	-0.09514561695
GPT	-0.2769539658	-0.9335750949	-1.074095165	-0.4984937624	-0.882582296	-1.055451673	-0.8972006311	-0.04269149243	-0.3124036512	-1.659453483	-0.04279763198	-0.4200060898	-1.34115405	-0.7398074193	-0.7057963199	-0.1194136793
GPT2	-0.9433318506	-2.22100561	-2.427610741	-1.996654437	-0.1697093102	-0.1595191994	-0.2301070246	0.01535507944	0.08753099409	1.57855042	0.09668188775	-0.09195377622	0.0724779501	0.09518875245	-0.04955554829	-0.04951006757
GPX1	-0.1019562081	-0.3590751777	-0.08089548624	0.4033016164	0.12475299	-0.5507833725	-0.3840241373	0.1053695046	0.1428458208	-1.381922981	-0.8677887179	-0.1446562615	-0.12442895	-0.3135686068	-0.2417276118	0.07691319287
GPX3	-0.3494345615	-0.7784912735	-2.488657438	-1.31900605	0.0585647406	-1.608528102	-0.8168482779	0.3864786381	0.05385404195	-0.4048897352	-0.009235225889	0.2999486494	-0.1418175406	-0.3689808661	-0.4061281897	0.05511624331
GPX4	0.0810229033	-0.2321406125	-0.4811987648	0.2002645249	-0.2338917286	-0.6311069819	-0.2069904526	0.001094477877	-0.245191202	-0.6285633098	-0.2643249186	-0.3345909867	-0.4183308986	-0.5021276163	-0.4566142889	0.05483553129
GRB2	0.2747366685	0.2874716003	0.539819479	0.2982747181	0.06138392254	0.6537912355	0.3861002319	0.1300568298	0.145322604	0.3679054076	0.3685229933	0.3457834271	0.4416251245	0.6179460765	0.3469363458	0.1185481544
GRHPR	-0.1790361066	-0.4372856492	-0.3255174772	-0.03516538486	-0.3318296974	-1.858561044	-0.9463227602	0.2022097624	0.1116557519	-1.015094017	-0.5973270593	-0.7520024144	-0.7065376863	-0.5379462397	-0.7443834439	0.008563313411
GRN	-0.1608555719	-0.3652435943	0.07875237935	0.367415695	0.3842230932	1.295210257	0.7301335583	0.2340039637	0.03212080473	0.4388408576	0.9213547527	0.963823237	1.223938531	0.8670696863	0.3157889587	0.3102590577
GRPEL1	-0.146097244	-0.3022690959	-0.1063279575	-0.3526555298	-0.1525399029	-0.6364021401	-0.3141301142	-0.2418516601	0.05874876299	-0.25404228	-0.02742616478	-0.2333374829	-0.7122221274	-0.6383225248	-0.6121380971	-0.04549771564
GSN	0.6495237409	1.032029045	0.7066166549	0.6189916205	-0.3572612016	0.9291083837	0.568558598	0.5648210219	0.09979516428	-0.08527706625	0.4210064887	0.6181740897	0.4341110252	1.118943981	0.7219520446	0.6147223758
GSPT1	-0.1157887312	0.1467706184	-0.04204801798	-0.1447257934	0.1142228914	-0.1055907308	-0.3515922414	-0.3913408462	-0.07298286253	0.2643064451	-0.1146650855	-0.2898786055	-0.3789943471	-0.4617104079	-0.2142829472	-0.2630456884
GSR	-0.3725867778	-0.4938843989	-0.561451955	-0.2514392179	0.4154418244	-0.490475157	-0.02062939194	-0.2176243866	-0.1408436967	0.6312841184	0.7463859074	0.2697151584	-0.37108527	-0.2994695693	-0.477365661	-0.08573321454
GSS	-0.301573446	-0.783032595	-0.8416114975	-0.3659723652	-0.440067952	-1.02466572	-0.8301584556	-0.02876952491	-0.1313163464	-0.7624534188	-0.6134872577	-0.9050081949	-0.9474754922	-0.5050808774	-0.7061708125	-0.2110466102
GSTA4	-0.2313738503	-0.1510712818	0.2463167368	-0.182555622	0.2087015133	0.1284338119	1.365202318	-0.2021547107	0.003342347165	1.021414128	1.137390522	1.188516315	0.6100402852	-0.04186096228	-0.3873080669	0.3036653753
GSTK1	-0.4817104513	-1.117215316	-0.6591407426	-1.000196276	-0.7061999822	-1.821569402	-1.02674854	-0.003231496601	-0.1954193392	-1.523608747	-0.3626921327	-0.3806999885	-0.6208048667	-0.7772593002	-0.5609512746	-0.1494122939
GSTO1	-0.3548681807	-0.5355263588	-0.4201869901	-0.5248995672	0.2102142472	1.435486953	1.507614602	0.1819208439	0.5086440563	0.7810776265	1.31637175	1.429419226	0.930487781	0.5532250153	0.3854679773	0.1493497042
GSTP1	0.2879761977	0.4537981475	0.6444367301	0.8322631655	-0.2977869896	-0.634765286	-0.09583310137	0.2414365029	-0.148838938	0.8049051393	0.8368281092	0.232354935	0.09363329411	0.1837651833	-0.2410720633	0.4178805797
GSTZ1	-0.4752452964	-1.253180403	-1.526728787	-0.8290504343	-0.7492622863	-1.933817376	-1.38780702	-0.1368174889	-0.3516307902	-1.22823784	-0.5506690475	-0.6227559482	-1.13531063	-0.8556500177	-0.7138801073	-0.204503072
GTF2I	-0.06516678586	-0.08504094068	0.3065543328	-0.1968726392	-0.2085465054	0.03623612066	-0.1856053869	0.4586384778	-0.07981540492	-0.0872056954	-0.6224028257	-0.4865167671	0.03268489056	0.5122097371	0.2236913822	-0.1911333155
GUK1	-0.09998038073	-0.462957916	0.1732322443	0.1512824558	-0.07702929509	-0.2006409909	0.1672642139	-0.008932616256	-0.05710480241	-0.01929842296	0.08766751732	-0.1642946127	-0.2691635973	-0.2348384564	-0.3067041001	-0.001257973827
GUSB	0.4851027837	0.4091591417	0.7243212571	0.7874017305	-0.1030281793	0.4221742565	0.07312888721	-0.04745186357	-0.03248170003	-0.2996830471	-0.2484729154	-0.2260804675	-0.009711869151	0.09593165902	0.003261164488	0.1277178968
H1-0	-0.08738682771	-0.09583479852	1.408902705	-0.1636583347	-0.3086271498	0.2089688367	-0.003268418504	0.4142329241	-0.07931362241	-0.7205170614	-0.4309955921	-0.3788268717	-0.2842571248	0.3136441807	0.02345104237	-0.2744481018
H6PD	0.1711792683	0.8532447081	0.2543700815	0.6498007328	0.7947890684	1.024817264	0.5311915568	-0.08157590148	-0.4912993907	0.5771411126	-0.3551195463	0.2254099011	-0.6095149533	-0.01945663418	0.09823085271	0.1123221296
HAAO	-0.7452022445	-1.756568528	-3.221062275	-2.295125887	-0.6502503567	-3.22015099	-2.118425798	0.4966983132	-0.06731204641	-2.123327659	-1.164321208	-1.349773386	-1.51159735	-0.734159856	-0.755934651	-0.1812515903
HACL1	-0.2695742465	-0.8515324115	-0.6754745027	-0.4010866785	0.5617983142	-0.08135905515	0.3967534006	-0.6040127409	-0.4154456242	-0.7693006344	0.2397832367	0.2419715809	-0.1443454559	-0.477158775	-0.3667315929	-0.1259676343
HACL2	-0.03719381232	-0.1032996444	0.0179615639	0.2631687033	-0.1556976806	0.04389703028	0.2429933801	0.261502903	0.05047320847	0.06259847981	0.02801880717	0.05580790584	0.079505674	0.199628207	-0.03968238887	-0.04310914991
HADH	-0.5438098106	-1.076316084	-1.581277127	-1.160819582	-0.2874158009	-1.560644083	-0.9993925387	-0.1720080137	-0.2465397588	-1.341839735	-0.6858346612	-0.786699605	-0.9901374688	-0.6257350156	-0.7077643866	-0.2377588202
HADHA	-0.3088746569	-0.7259342079	-0.700839258	-0.4956931881	0.2409995459	-0.3994128635	-0.329978298	-0.2532745109	-0.3312144201	-0.4809327695	-0.4958767653	-0.4771782715	-0.6273288717	-0.3342724429	-0.6244108688	-0.142813097
HADHB	-0.4189787826	-0.7721843045	-0.7880846756	-0.7689386898	-0.05376895478	-0.7146586505	-0.4483614754	-0.4449896531	-0.4195893934	-0.8028759767	-0.6910484058	-0.6234454133	-0.9126210402	-0.650347521	-0.6552140153	-0.2764144727
HAGH	-0.2172099626	-0.3003170225	-0.2824785416	-0.02150906041	-0.01527298923	-1.101151405	-0.6780213203	0.01851478402	0.07805201519	-0.313304042	-0.1512416758	-0.4794313961	-0.7348579186	-0.471314785	-0.4888018704	-0.05241673851
HAO2	-0.7992535703	-2.197052182	-3.444752862	-3.442507797	-0.8178958083	-2.154811518	-1.138897557	0.03346119035	-0.2742774174	-2.69956515	-1.334361653	-1.303041785	-0.3159233201	-0.4481603543	-0.267430223	-0.2713657393
HCLS1	1.794366076	2.004477013	1.641890755	1.925317426	0.3604897791	1.818759752	0.9517244817	0.06823621853	0.299849618	0.3176426813	0.7631281188	0.9661861118	1.650714148	1.954150901	1.694243727	1.189962791
HDAC2	-0.0307060014	0.113892625	0.206735379	0.166935439	0.02538111594	0.2616978975	0.08056984977	-0.6019951913	-0.2101128336	0.02840158335	-0.1168459066	-0.2628893906	0.06175563063	-0.5319958335	0.1072739313	-0.1213236574
HDGF	-0.07452713992	-0.2664799562	-0.2090116369	0.01654943086	-0.07745247774	-0.2184135837	-0.1171695377	0.3167358173	-0.02952414686	0.210469549	0.2398423825	0.1934563398	0.1055307347	0.1485316413	-0.2254348373	-0.09010693767
HDHD2	-0.1132689202	-0.2345536192	-0.2711017732	-0.06706938288	-0.3306338741	-0.9666344866	-0.7711819271	-0.06100261229	-0.2798533364	-0.4092804244	-0.6395052543	-0.9029209561	-0.6098226512	-0.260847927	-0.329537204	-0.206164903
HDLBP	0.01757681839	-0.114062999	-0.03264412674	-0.2253263213	0.04551651885	0.02167229358	-0.2576037101	-0.07090244757	0.2269188384	-0.1862857838	-0.4043066728	-0.2377032969	-0.3406202924	-0.1464072071	-0.1706026148	-0.1635412687
HEBP1	-0.07295899095	-0.6426267744	0.350260291	0.05342309915	-0.2045427475	-1.000425455	-0.6564803413	-0.1186317666	-0.4754762711	-0.9258868167	-0.1840161895	-0.4565431291	-0.8704041428	-0.3577706929	-0.3724920393	-0.1600141648
HEXA	-0.1442368076	-0.1753319292	0.1514501457	0.03866398286	0.3360909795	1.307568101	0.7977962896	0.396382588	0.1067470718	-0.2563798074	0.2095355407	0.8192276622	1.281961197	1.48196248	1.106375597	0.6581664524
HEXB	0.04924034653	-0.09033207436	0.3344155789	0.4480090365	-0.3683733985	-0.9341028081	-0.7239853269	-0.1102961572	-0.1465413268	-1.213454232	-1.308086161	-1.128446743	-0.7648694801	-0.3488469285	-0.2295579298	-0.2974655145
HGD	-0.5840585647	-0.7857989092	-2.758729807	-1.524935047	-0.2550313613	-2.318655149	-1.588514061	-0.1373790012	-0.2450171341	-1.56002488	-0.759416306	-0.8161681452	-1.161363928	-0.8273959294	-0.853386465	-0.1691261947
HGH1	0.1241641893	0.1456687775	0.1340770119	0.4403954867	0.0151672505	0.3119183256	0.4137561916	-0.08902091048	-0.1410237992	0.5433224954	0.07910411329	0.02825550015	0.2899193452	0.2270652875	0.1052611357	0.03969821694
HGS	0.1194581383	0.2559201324	0.3605827821	0.4688964694	-0.09015286705	-0.5817857526	-0.2977231539	0.5036921124	0.2778505883	0.4661962767	0.1436216531	0.3114203833	0.3503926476	0.4065429227	0.06878666927	0.01943654298
HIBADH	-0.5813572754	-0.9547183668	-1.358640076	-1.128996293	-0.447450266	-1.919261459	-1.340000724	-0.1595711843	-0.2674697742	-1.374516135	-1.163137948	-0.9998571323	-1.381376185	-0.8316592174	-0.7535813784	-0.3528312342
HIBCH	-0.4007080244	-0.4271264666	-0.4626766269	-0.9047694661	-0.5256869	-1.244409174	-0.9182426588	-1.206394309	-0.5666205712	-0.8959995565	-0.5775523015	-0.8209784038	-1.278486888	-1.875098271	-0.7409746622	-0.2221177838
HINT1	-0.02141902591	0.03010275523	0.02095685319	0.2434159505	-0.0307963716	-0.4283084408	0.07646822531	0.06839780463	-0.1008842143	-0.312796727	-0.1654346132	-0.03429663558	-0.3354449808	-0.2874126417	-0.3373649547	-0.06641324069
HINT2	-0.2340627527	-0.5955704131	-0.5052728282	-0.3731045836	-0.3955062255	-1.281267713	-0.4467868377	0.2323254606	-0.2151986752	-1.415663571	-1.04749105	-0.7296961754	-0.6405259804	-0.4826682008	-0.5481508366	-0.2313731681
HINT3	-0.4720464563	-0.6175336161	-0.6039803083	-0.6775751051	-0.1133554427	-0.2185608983	-0.05360239302	-0.1283879367	-0.3929697257	-0.1727140434	-0.04786751888	-0.2000600192	-0.704554473	-0.4403013657	-0.1840008697	-0.06796911154
HIP1	-0.02830437125	0.166905262	0.885855662	0.04870632715	0.0854428038	0.7755809103	0.3215224442	0.399971157	-0.1974883839	0.7573277197	0.6515504979	0.8540149166	0.7903588244	1.39008601	1.166883375	0.2597648543
HK1	0.3777190202	0.458977601	0.7405780539	-0.25212275	-0.3741991488	0.1454068847	0.2154128665	0.6199190544	-0.0138051288	-0.008223248903	0.2908112488	-0.03673112037	0.01263913343	0.4917199168	-0.06592558005	-0.06401628765
HM13	0.5239531	0.5964948335	0.6922492077	0.8112380857	-0.02139469304	0.2611107982	0.1493267249	0.3327599676	0.1055467701	0.1634104332	-0.2888952218	-0.05532659747	0.2861685936	0.3038118559	-0.01963891665	0.09818460749
HMBS	0.1363611009	0.1230449032	0.02106964453	0.05650344744	-0.02400209462	-0.4598946097	-0.2242244419	-0.1726849671	-0.2134011109	0.1570872908	0.2387822516	-0.07220789036	-0.3423778156	-0.3851470606	-0.4285955142	0.002169910058
HMGB1	0.1644719737	0.3418985142	0.4262939585	0.5078265001	0.01156288889	0.2559838879	0.2940109242	-0.5487124079	-0.2320050221	-0.03431575112	0.2821205602	0.1558123261	0.04275014344	-0.5751114171	-0.008476336562	-0.07549693411
HMGB2	0.6641670665	1.166020714	1.184674891	1.443640853	0.4668362048	0.2886339853	0.1065523176	-0.06649330244	0.1899078702	0.184902463	1.275922636	1.041004095	0.5902893272	-0.1721051578	0.09885313059	0.2617436979
HMGB3	-0.250288097	-0.4197380076	-0.1385818816	-0.01089139653	0.2556353543	0.6634465816	0.2769053499	-0.4340793257	-0.08510955636	0.4011196261	0.4225788096	0.2371662418	0.3241663093	-0.0713510376	-0.03238737312	-0.02941235161
HNMT	-0.5157712476	-1.112040251	-0.8087868909	-0.9552251035	-0.5676430583	-0.9764775885	-0.5451536265	-0.4826504634	-0.5418101114	-1.422442062	-0.9547270379	-1.029690313	-0.8400082926	-1.230379602	-0.2475474338	-0.3862140477
HNRNPA1	0.1715525784	0.4172832325	0.4908822963	0.5762251845	0.5802030351	0.7967283654	0.5823769557	-0.6472997943	0.4495492942	0.8223047877	0.8011109926	0.7185477453	0.6231384941	-0.3278264456	0.2936924378	0.09879959017
HNRNPA2B1	-0.04308234893	-0.05025548658	0.3874026285	-0.09365282767	0.1276933879	0.01961364176	-0.05094632809	-0.3500968335	0.09736773521	0.1559430665	0.2639544862	0.01664875541	0.06931247592	-0.503249679	-0.2777371793	-0.1196635524
HNRNPA3	0.05406379499	0.2391014112	0.3094196669	0.03578768879	0.2813907084	0.4727735619	0.4632845653	-0.6679307074	0.2896164875	0.6351137317	0.5929016915	0.2901321008	0.2981638111	-0.9915305007	-0.08741705928	0.01699614411
HNRNPAB	0.2266354265	0.4066015078	0.4656707719	0.4181936438	0.4445893912	0.4859868538	0.362134934	-0.1781014949	0.2002214286	0.636745751	0.3508916986	0.113405298	0.159564301	-0.1984675394	0.02909091311	0.03015825975
HNRNPC	0.106145508	0.0934711879	0.3529108663	0.2643384552	0.2438709921	0.5781324526	0.2311418514	0.2020319741	0.3883481821	0.2169053785	0.2752947777	0.2309222968	0.3123644325	0.134283994	0.09119809363	-0.0002025266077
HNRNPD	0.02206970536	-0.00756788652	0.3898965174	0.1313827539	0.1051738084	7.526135675e-05	0.07234134495	0.1749024452	0.5201029996	0.5654672867	0.2976268501	0.2346933753	0.4905578498	0.1778579778	-0.03023609828	-0.08381250025
HNRNPDL	0.05215947808	0.3710517332	0.4667102718	0.3311561853	0.07800103016	0.1797636929	0.4299446661	-0.3219915154	0.6071687844	0.5378385329	0.2880493502	0.08151080871	0.1660793983	-0.575713044	-0.284179524	0.08457976437
HNRNPF	0.08678118321	0.2197818757	0.2610378955	0.265882188	0.2017658916	0.6742992954	0.3580774948	-0.3664026628	0.06592224597	0.4553075161	0.362774587	0.2800549824	0.3244839573	-0.1338073972	0.124655612	-0.08527629208
HNRNPH1	0.1221884804	0.1385419431	0.4426779175	-0.08431193968	0.1202528022	0.4608479631	0.3121978023	-0.4327035951	0.629803747	0.2169161442	-0.09678306045	-0.1896381125	0.3258436604	-0.9648235332	-0.09902402448	-0.08744119265
HNRNPH2	-0.1109392214	0.0428348803	0.1929708854	0.08664068708	0.2276393258	0.1646106786	0.1103280188	-0.6974902821	0.1091990428	-0.07206591578	0.05339476938	0.02839932586	0.04887933513	-0.9945389233	-0.06375275501	-0.08599018097
HNRNPH3	0.178277395	0.1277092757	0.5279312542	-0.01655107607	-0.2704163886	0.1453615765	0.04466968338	0.1052240726	0.3030279968	0.3370602226	-0.05789658654	-0.3363812001	0.1435822859	-0.254197865	-0.1323116163	-0.007810251595
HNRNPK	0.05528253516	0.2308747485	0.3386689477	0.2035922832	0.1884468864	0.41475656	0.2670496298	-0.1300311367	0.186968417	0.2143008218	0.2058719557	0.2362192555	0.2495864674	0.04514941415	0.1328783866	-0.1748904007
HNRNPL	0.00110301424	0.20159342	0.4082806159	0.3129972337	0.2332836426	0.3444058586	0.1807307759	0.3730885747	0.4486615001	0.4430508573	0.2121701078	0.1204248533	0.2692924346	0.3324893141	-0.1435450081	-0.09607149729
HNRNPLL	0.03483159436	0.3097635049	0.7078251806	0.3148235557	0.09825626255	0.1296347437	0.06856838595	-0.1225646519	0.1455391506	0.3437312887	0.04759878929	0.0315264671	-0.07686854839	-0.0348817798	-0.04342102634	-0.2264817773
HNRNPM	0.1205940429	0.1511903536	0.5133723844	0.4026706449	0.1234696516	0.1853005698	0.09051893702	-0.4321966877	0.1404039391	0.495325574	0.4492623741	0.4594415062	0.5543480951	-0.5952462555	0.1798011654	-0.04260932497
HNRNPR	0.01392909087	0.2676704645	0.2778867837	0.08376551856	-0.1542279426	0.03911704515	0.01668748598	-0.3126818315	-0.1524298745	-0.09387246912	-0.3132080908	-0.2651283612	-0.1984438579	-0.3473000548	0.1083589356	-0.1178666332
HNRNPU	0.1475155794	0.1979437916	0.4914065187	0.05441661386	0.1705058314	0.6553543497	0.3559517659	-0.3531688529	0.1607715847	0.3675489288	-0.01611596049	-0.05594645254	0.4172015538	-0.5081816461	-0.08251947145	-0.1162450469
HNRNPUL1	0.0809923329	0.04400599596	0.3540215338	-0.2099785966	0.07336042545	0.313251495	0.06906448936	0.165528364	-0.1234218037	-0.003369126443	-0.2259774807	0.02221905272	-0.0133995762	0.4844205215	0.263318558	-0.05929749225
HNRNPUL2	0.1559163679	0.1244060242	0.3892897107	0.1987633858	-0.02207532152	0.3963868767	0.05162727956	-0.1511339484	-0.2817668781	0.03248443548	-0.1243268981	-0.0806270326	0.1082823587	0.1096998649	0.2263140174	-0.1397695433
HOGA1	-0.7149427102	-2.216517702	-1.262666397	-1.720458224	-0.3306936869	-1.397753716	-0.7496960638	0.1929858864	0.2188789747	-0.6195565593	-0.2030345951	-0.2537070486	-0.8270552938	-0.2269000264	-0.2222307087	-0.2414433796
HP	0.429996908	1.562699595	-0.08337102102	1.236671475	0.1718317705	3.129307679	1.825508383	-0.4036930566	0.1325735806	3.672581224	2.042044061	2.256116773	1.592304802	0.7962494287	0.7221990447	0.6162846132
HP1BP3	-0.02843768029	-0.02995544946	0.3268469634	-0.1444305427	-0.1467041043	0.07304032435	0.02896986397	0.06951808154	-0.2598887609	-0.2075918527	0.02617319785	0.1800498691	0.01453432648	0.3316884758	0.0761652489	-0.175826847
HPCAL1	0.09016860662	0.2893807506	0.6303463358	0.5379470385	-0.05532428971	0.5462429125	0.4726094484	0.2434194701	0.0897635815	0.1036248152	0.3538358604	0.4283469906	0.4360320395	0.2474846123	-0.1469343328	-0.0501755364
HPD	-0.4348342767	-1.043355736	-2.824381234	-1.94530676	-1.095630448	-4.116133609	-2.628955371	-0.6449453327	-0.674667278	-4.688768533	-3.356880459	-2.899770436	-3.950760671	-3.039491385	-2.370008931	-1.097088454
HPGD	-0.1861746404	-0.6874829932	-0.6681909648	-1.239433946	-0.5258345831	0.5878891685	0.1503352091	-0.3300744454	-0.5336780459	-0.5270644987	0.012418881	-0.1694131679	0.4872835312	0.4673396216	0.7091492625	0.1701790529
HRG	-0.6659105687	-2.494654876	-0.4186384701	-1.825637144	-1.085960627	-1.619822568	-1.270460333	-0.2274671179	-0.5150649431	-1.941830394	-2.14072354	-2.008022482	-2.017525594	-1.50897734	-1.4531052	-0.8231478465
HS1BP3	-0.1945110694	-0.3780865146	0.05491862571	-0.1320541428	0.09865333147	0.5878421549	0.1676490113	0.278937308	-0.439910242	0.3026104912	-0.1318343214	0.137246408	0.6842170101	0.7782788691	0.4279856104	0.1054107479
HSBP1	0.05139392677	0.005138578498	0.3280745229	0.537664425	0.003083706625	0.06941648779	0.09000674103	-0.0883625514	-0.07109538815	-0.02068846483	0.2552526071	0.1343454957	0.1911470301	-0.1632982833	-0.1014867519	0.08159994461
HSCB	-0.1419735034	-0.4239586323	-0.2466607677	-0.1615466069	-0.1074892577	-0.356628385	-0.05553253587	-0.1090757365	-0.1843061821	-0.5686281396	-0.4127743672	-0.06360184237	-0.1105234074	-0.1000001178	-0.09628974863	0.0003931046888
HSD11B1	-0.9285083226	-1.4185065	-2.887150339	-2.478181628	-0.5390493677	-0.8952770832	-1.083941397	-0.8546163668	-0.5907879989	-1.619964037	-1.219564126	-1.491621165	-2.262262907	-2.124156813	-1.715170592	-0.782354851
HSD11B2	-0.2760395638	-0.9779611463	0.3210463847	0.05014466388	-0.4888144343	0.976529273	1.010031726	0.5397338343	0.108681844	-0.2176359538	-0.2161252721	-0.325555551	0.519392646	0.7498186378	0.3964127016	0.04989477269
HSD17B10	0.213995484	0.1062032523	0.1299192224	0.3890103284	-0.2743366584	-0.5735703327	-0.2980189704	0.1262242211	-0.04841954541	-0.3767529778	-0.04457260177	-0.09932332857	-0.2464942825	-0.2181864712	-0.3280413703	-0.04895571255
HSD17B11	0.283627449	0.444823052	0.8078897196	0.003256701027	-0.6929148707	-1.329374785	-0.9770670125	-0.1235308814	-0.1981570601	-1.96810919	-1.924116895	-1.879603743	-1.984432642	-1.118076719	-0.7455842642	-0.6661696646
HSD17B12	-0.3798466633	-0.2112181232	-0.3001982972	-0.07881117513	0.07834123657	-0.2502720749	-0.3901750648	-0.2997200551	-0.2078601129	0.2282628559	-0.1814410254	-0.29791182	-0.4507247217	-0.5821816505	-0.186347149	-0.1147453476
HSD17B4	0.01290204921	-0.3702338054	-0.9846907204	-0.7734811612	-0.132609507	-0.521264784	-0.2771412183	-0.5313124498	-0.4225844674	-0.3040778961	0.05958557984	-0.05369341776	-0.5984142434	-0.5382156394	-0.4618526855	-0.2192178817
HSDL2	-0.3297997809	-0.3619161297	-0.1204739349	-0.09296831062	0.2512954282	-0.4869258271	-0.026943442	-0.884197475	-0.6438598819	-0.07290715461	-0.3401147397	-0.3766630301	-1.017687724	-0.9931549795	-0.5972613463	-0.1882878111
HSP90AA1	-0.3419299937	-0.4887823071	-0.12644805	-0.2124905502	0.5088074854	0.1958574424	0.2343636353	0.4599798229	2.409401106	0.2873433811	-0.1488320188	-0.1012147492	-0.2919742201	-2.6542916	-0.3450271902	-0.1943972747
HSP90AB1	-0.1434570978	-0.1648429235	0.02350350772	0.2046674175	-0.01014398698	0.3235072027	0.1312800755	1.024851868	1.465610696	0.3046661307	0.01122189126	0.216108394	0.2393741845	0.2692961316	-0.1413977229	-0.04611418456
HSP90B1	0.1413811929	0.07764887779	-0.05144624132	0.04428207165	0.48226128	0.4881506548	-0.009251812088	-0.5450870081	0.3949322807	0.05520129532	-0.2833716704	0.0008245887752	-0.07392631937	-1.411631662	-0.204168276	0.1021625545
HSPA12A	0.2059667274	0.1100700795	-0.02436418609	-0.9147497537	-0.2251047708	-0.2472303393	-0.5988864981	0.2410668876	0.1048183674	0.06662644514	0.07691249668	-0.1991619179	0.0332699812	0.1125669007	0.3138347306	-0.3802273382
HSPA12B	0.4080558188	0.2006827213	0.7123828049	0.1987220228	0.0687489569	0.02744773351	0.0358420537	-0.04440150632	-0.8702260261	0.4633731294	-0.1544433333	-0.2599020126	-0.004776921414	0.2769375776	0.04635087111	0.001989518955
HSPA2	-0.1136910526	-0.3928823444	1.059563302	-0.4365215882	-0.1522406837	0.4109415809	0.4039171815	0.6665394972	0.4062979486	-0.09083328109	0.07295886876	0.03287474204	0.6781073018	0.9295052006	0.4577994397	0.0006431438295
HSPA4	-0.04934297438	-0.07848900234	0.08006232607	-0.1288298479	0.1580425391	-0.02024306278	-0.1074426247	-0.07570110147	0.200352087	0.2303403895	-0.2297772396	-0.2890655166	-0.08360524143	-0.2304816529	-0.0956109147	-0.1251393525
HSPA5	0.1869331778	0.2317385852	0.01832636489	0.1866029697	0.4751652746	0.7236716101	0.2114052826	0.7731051423	1.618653093	0.1438937334	-0.4844165372	-0.121178858	0.118398735	-0.3969597303	-0.1025732909	0.2263720372
HSPA8	-0.1028548442	-0.352051747	-0.1753632777	-0.1984406262	-0.1776988555	-0.1715881793	-0.3627144775	1.23586657	1.871179965	0.2209973105	-0.1893644273	0.1514335476	0.3722657175	0.3606631128	0.3573571188	0.005732084647
HSPA9	-0.4342792258	-0.7363361314	-0.6645033269	-0.7037569241	-0.005784323316	-1.00656052	-0.6560992208	-0.8870043042	-0.1595604609	-0.4506361777	-0.5551212207	-0.6160812042	-0.8843247112	-1.390198925	-0.6270934769	-0.2904081605
HSPB1	-0.4414547282	-0.7562337493	-0.3178441882	-0.3942927631	0.982990546	3.917160621	2.67925435	4.160240431	4.875357897	2.823704689	2.68743777	3.116592282	3.247527569	2.385883845	2.171388225	0.5527532361
HSPB6	0.4921978659	0.8779785957	0.6813972569	0.6145336135	0.1569129714	-0.07932578847	-0.03218330867	-0.1975160121	-0.04113738013	0.4908646832	0.4394527864	0.2540286759	-0.07406699007	-0.2197476746	-0.426731279	-0.1466748493
HSPD1	-0.5942265894	-1.185382082	-1.119088814	-0.8559958764	-0.1075423289	-1.430740306	-1.186551323	-0.2214641878	0.8774773969	-0.4279403009	-0.498945364	-0.7068178699	-0.9934646298	-1.477116552	-0.7136152895	-0.2852422109
HSPG2	0.5056280808	1.111164839	1.101772652	0.6836269208	0.05280182978	0.8381027793	0.3565140095	1.332492363	0.5850331972	1.411811143	0.7047308269	0.5995115121	1.182108325	1.933272688	1.230117058	0.1471509569
HSPH1	-0.2671064465	-0.1024133851	-0.08720146024	-0.5423887929	-0.3465773939	-0.6464387918	-0.6652728376	1.880592144	3.041226291	0.2623823448	-0.8166589694	-0.9263943662	-0.2395248242	-0.2938091911	-0.05754887195	-0.1074918477
HTATIP2	0.1801514925	-0.03410545339	0.4220455505	0.9454888263	-0.3656859877	-1.131459781	-0.5537320118	-0.4294465896	-0.4180118934	-0.9741544397	-0.4179739756	-0.6469529098	-1.128575911	-0.8646965794	-0.6081254225	0.1894064549
HTRA2	-0.143597302	-0.2258149734	0.1354127467	0.2162691284	-0.09226143963	0.2961580629	0.1116873798	0.1520487125	-0.01248813401	0.3202289074	-0.2117376414	-0.02302367392	0.4790361748	0.5052201381	0.2143924871	-0.05235152961
HUWE1	-0.01957232462	0.05017214379	0.1779774978	-0.4317057562	0.1376482552	0.4043693009	-0.1982930829	0.05154227427	0.03021527681	0.5240717095	-0.5667049799	-0.2769848689	-0.2464498191	0.186921345	0.2322334527	-0.2383371841
HYKK	-0.9197991103	-1.491145448	-1.165344219	-1.204719332	-0.8551078499	-2.095363103	-1.843216984	0.082548737	-0.7139761495	-1.626429922	-1.847391006	-1.742083367	-1.344130739	-0.4495642423	-0.4343467998	-0.6835306581
HYOU1	0.4384099725	0.5059733531	0.1665748594	0.2767808302	0.1982447412	0.4061085399	0.06200462032	0.9612517192	0.6830887651	0.602119053	-0.09737821026	-0.1197994274	0.2737464394	0.6159551737	0.09325960543	0.1662963007
IAH1	0.208375776	0.02213937771	0.36365353	0.3924960123	-0.3277859182	-1.179885213	-0.764990153	0.008131758735	-0.05605688766	-1.468193224	-0.9721278029	-0.7348176647	-0.5909855204	-0.5593579968	-0.4794800191	-0.198757342
IARS2	-0.3227562788	-0.2823576141	-0.416270524	-0.2833193695	-0.1139004585	-0.4391709963	-0.3800109168	-0.4897074193	-0.2913277336	-0.321750707	-0.5411390784	-0.3329378637	-0.6599134474	-0.4316851743	-0.2480039322	-0.2170539199
IBA57	-0.1327436298	-0.5526640682	-0.09309257581	0.1061047512	0.1299213789	-0.467892243	-0.3285771837	0.09086645932	-0.111289266	-0.2397939668	-0.4541813248	-0.4593940575	-0.4737573182	-0.1231540579	-0.2154201694	-0.07798602463
ICAM1	1.43103342	2.159454137	1.856223232	1.776937996	1.270738646	2.529008774	1.263297963	0.3331063088	1.182343065	1.217742927	0.6832921288	1.042981515	1.596817166	1.78559041	1.215977099	0.7663587662
IDE	-0.3557819547	-0.2088940079	-0.5379340542	-0.5056276041	-0.01602585512	0.310678211	0.1885301582	-0.2306496825	-0.2499064751	0.1303254152	-0.3980727421	-0.3954541047	-0.4037822031	-0.4367560108	-0.2980187734	-0.1848199281
IDH1	-0.5471012568	-0.8851679391	-1.217542114	-0.709945048	-0.2310581426	-0.2583487838	0.06663933921	-0.4985368502	-0.4030528228	0.8044293435	0.4981945846	-0.01572846363	0.09379531163	-0.163433694	0.4413825081	0.3149415936
IDH2	-0.02902427473	-0.07400890471	-0.3385569052	-0.6554286935	-0.3188660362	-1.393382677	-0.8156081925	0.1137548678	-0.09995973676	-1.493241195	-0.7657721971	-0.4516105145	-0.7693018859	-0.3121413713	-0.5163770909	-0.2466159041
IDH3A	-0.09728087797	-0.09293004735	0.180705126	-0.1704883846	-0.04571594616	-0.4802285567	-0.2791060724	-0.2953504233	-0.2164815983	-0.02576511275	-0.05881082593	-0.3951486451	-0.4112354136	-0.5524347712	-0.3934790898	-0.1980104168
IDH3B	-0.1078580613	-0.2715688426	-0.05845030521	-0.1513830542	-0.2591327446	-1.20445513	-0.8027744597	-0.4697296192	-0.09817057178	-0.8543175293	-0.7725126886	-0.6737625257	-0.8786804179	-0.9131431011	-0.6435400555	-0.1611611159
IDH3G	-0.2078319852	-0.381038018	-0.2726505156	-0.2505051856	-0.1851328862	-1.22647861	-0.8361599071	-0.1436036679	-0.1360199457	-1.02728093	-0.8689075424	-0.6612358865	-0.8959244127	-0.5871374983	-0.5840133443	-0.1313779902
IFI30	-0.154076156	-0.5142112976	-0.6864407771	-0.2647466967	0.3536806975	1.093139295	0.6367833728	0.00878659431	0.06163339185	0.2522269909	0.2809902347	0.5162479672	0.8273606888	0.5366934851	0.06390682331	0.5151870935
IGF2R	-0.1027900273	0.1290165721	0.1374759692	-0.2274404924	0.03519151458	-0.2604594788	-0.394002484	0.141246385	-0.2636958222	-0.2410356789	-0.3911367109	-0.2432068885	-0.7355977038	0.1301818865	-0.279450911	-0.1833076213
IGFBP2	-0.3313136418	-1.035518179	-0.2794227826	0.160592021	0.217691965	0.9313569397	1.047360792	0.8425992106	0.3605905734	0.158190626	0.3144271067	-0.2259977956	1.139156472	3.437244124	1.656147591	3.75690535
IGFBP7	-0.1426623766	0.3274618688	0.9186372088	0.6597321195	-0.06636071284	0.4304882541	0.182891461	0.04798387355	0.2580349168	-0.1719915049	-0.04063836362	0.3253566119	0.6814849537	0.4155159596	0.3807398996	0.09422089889
IK	0.1224317294	0.1206178359	0.4835976954	0.3536180221	0.01082190771	0.1578922762	0.1127488125	-0.5905562393	0.03578592847	-0.109044015	0.08032532815	0.1293428392	0.1271912623	-0.5522929166	-0.09886705065	0.008773309196
IL1RAP	0.326070058	1.016748056	0.7389752123	0.4540333571	-0.1539137362	0.04163215917	0.04535623546	-0.2364780454	-0.0454263627	0.02823610888	-0.04870256743	0.06665345783	-0.08740181368	-0.01752560142	0.3218475051	-0.1255592086
ILF2	0.02694192007	0.01311740833	0.2546200449	0.2710813703	0.09779299414	0.1239380657	0.2694109828	-0.3552573028	-0.1591383966	0.1344853232	0.2487629142	0.09793489256	0.2628444567	-0.02702469602	-0.01922496299	-0.05649013624
ILF3	0.03690515755	0.04957015106	0.3285692177	-0.008923752489	0.1278631441	0.4108901173	0.1176958692	0.1532383197	0.1541530527	0.3264192489	-0.03486419453	0.03520545671	0.3612918758	0.5369546802	0.3425057312	-0.0775657142
IMMT	-0.2791950036	-0.474193619	-0.3747556197	-0.501602731	-0.1760126775	-0.9655179653	-0.6311865332	-0.3610638279	-0.2500806109	-0.7170395762	-0.6506028223	-0.6445581362	-0.885365723	-0.6334664463	-0.5184532237	-0.2000851818
IMPA1	-0.1594854063	-0.1209340464	0.03373364043	-0.2700114998	-0.5051318492	-0.569015328	-0.456615634	-0.3547719913	-0.3684046419	-0.2150622846	0.1105452161	-0.2884847889	-0.1990836266	-0.5598887698	-0.09162007997	-0.1325217782
IMPDH2	0.2365116788	0.3124234586	-0.03604269393	0.5095454968	0.3738225357	0.8119199304	0.5403227976	0.2877198186	0.3262783433	1.116994364	0.9755935753	0.7544705332	0.8324561826	0.5775539495	0.3241399591	0.08728038205
IPO5	0.1047536703	0.3737279861	0.004062428465	0.205040045	0.3171273872	0.6020075888	0.2404047845	-0.3758095254	0.110933091	0.7199952827	0.468806988	0.4608853787	0.1849639352	0.08936908561	0.06181144328	-0.05127959943
IPO7	-0.1427904727	0.1426639891	-0.07087495111	-0.2028902775	0.322895774	0.3087506948	0.01072769507	-1.186672895	0.1209575096	0.6103725888	0.1221218754	0.3745399023	-0.4528840288	-1.785156778	-0.01493593441	-0.2978716515
IQGAP1	0.4635621568	0.7577979593	0.7313081274	0.2581846987	0.282725185	1.264042066	0.82389305	0.02885762532	0.2500458568	0.8200136502	0.4515307286	0.5480108167	0.4510075011	0.8884761734	0.6263218507	0.2606581966
IQGAP2	-0.1112528338	-0.3661913087	0.228417478	0.2250881185	0.2384151893	-0.2331225457	-0.2397591785	-0.864039791	-0.2061853707	0.1849595298	0.08083254385	0.08235554614	-0.567975336	-1.372486057	-0.05528225369	-0.01864733127
ISCA2	-0.1763967531	-0.01479834784	0.08491046458	-0.02480248173	-0.2786683303	-0.3500954896	-0.2421687113	0.09789649913	-0.1689119489	-0.1656862279	0.07705689882	-0.186218742	-0.1432796911	-0.1323801127	-0.2630964299	-0.08184608468
ISCU	-0.04196307314	-0.1229202845	-0.01524237397	-0.07678511003	-0.3146804107	-1.010009478	-0.5947414831	-0.2012459712	-0.1841607333	-0.9497396874	-0.5856100152	-0.4413477859	-0.7041903669	-0.6586740752	-0.5239064908	-0.05688781316
ISG15	1.899843399	2.436350975	2.228484349	1.748142124	0.444132165	1.492328412	0.6777385606	0.3126873622	0.1461844624	0.491045947	-0.07060223272	-0.2509990841	1.091468583	1.328963139	0.9211656408	1.029611738
ISOC1	-0.02258096989	0.1705145797	-0.05960264819	0.1270030347	-0.2593972499	-0.5270940207	-0.3365955108	-0.2919821948	-0.2742161621	-0.2582978301	-0.3031918673	-0.3916696562	-0.337722903	-0.3131559474	0.08053592203	-0.07135043684
IST1	0.03175285666	0.1568462363	0.3575044122	0.165762684	-0.1362955841	0.2129136984	0.1684918065	0.1209399366	0.2532213702	0.08739040275	0.09661957018	0.113375232	0.06830080127	0.1633168892	-0.0681188086	-0.1114872244
ITGA1	-0.2143549443	0.2358352122	0.06822188892	-0.5276525259	0.04317614237	1.140241832	0.2957016028	-0.559116505	-0.2288202633	0.3725636423	0.2621119369	0.5470133257	0.4345586594	-0.2705887357	0.7222950751	-0.02391186731
ITGA3	0.03822038862	0.4584422244	0.7335778742	0.9814953353	0.1825108297	1.265119582	0.6766767468	0.6179240813	0.6625992179	1.816581358	1.543967286	1.472992854	1.546385137	1.422437486	0.8820440933	0.2385126735
ITGA6	-0.01860740028	0.3924566127	0.1439555918	-0.4670786809	1.323662342	1.589072867	1.092869162	0.2194171583	1.072063293	1.668069349	1.447907529	1.068677589	0.6391770455	0.43736459	0.3641501295	-0.3071589524
ITGAV	-0.07366452423	0.4098367036	0.3208701978	-0.1189768574	0.6277849241	1.696737596	0.6864493795	-0.1302991474	0.5750805931	0.6956480925	0.4314323968	0.7252119277	0.6584878064	0.6812587431	0.6564429117	-0.2870717087
ITGB1	0.2147631079	0.7077643625	0.4259755665	0.3916426073	0.4717817636	1.0976965	0.569179846	-0.589492124	0.04711056003	0.9394797818	0.893578815	0.821935136	0.5174098134	-0.2476489039	0.5312590135	0.1921674184
ITGB5	0.1620477396	0.3194250713	0.5894744771	0.3362142053	-0.1978290363	0.8337189537	0.3836695525	0.4270418503	-0.1439014417	-0.3732485905	-0.03995923742	0.2459626319	0.6034723087	0.9910320858	0.7960244801	0.3222955453
IVD	-0.8518116556	-2.262266934	-2.011301807	-2.104324114	-0.7153585167	-2.404289732	-1.804062233	0.08775638206	-0.2105053967	-1.69909669	-1.288285615	-1.078947679	-1.448656431	-0.692831111	-0.8613440238	-0.3782994283
JUP	-0.02804558338	0.1254065252	0.434576358	0.3019244281	0.01633090278	0.7674681483	0.2835409567	0.6019591956	0.7193741315	0.7827980331	0.7940961901	0.6324817731	0.6518662898	0.6376545773	0.1501904549	-0.02950737523
KANK2	0.2774434403	0.6064646313	0.7263317066	0.03819139488	-0.1427710945	1.238941736	0.5822077876	0.3311120749	-0.3773113402	1.232873776	1.028848528	0.8941124508	1.22156565	1.707116895	1.339164395	0.4417046678
KCTD12	0.7738850988	1.18051343	1.219039773	0.3565234019	0.3863913307	1.196978808	0.6073954097	0.3227006941	0.03682693842	0.1333880253	0.07676974431	0.04941620016	0.3138066597	0.4579338718	0.3991285835	0.06223491056
KHDRBS1	0.07701283678	0.2823222628	0.5591441065	0.3457272807	0.05271689512	0.4897517197	0.3610783567	0.05446223954	0.09069726846	0.5129356784	0.1862677828	0.1642068167	0.4445909033	0.4808645324	0.3273156461	-0.02630140522
KHK	-0.7956510832	-1.71963655	-1.448974074	-1.203893617	-0.6647511709	-1.520593931	-1.008765333	0.2071336703	-0.2497809403	-2.64133941	-1.487393648	-1.659327462	-1.340199939	-0.7665753462	-0.8300326844	-0.3017918599
KHSRP	0.1393576815	0.2963083611	0.4511270822	0.03702253613	-0.04427697154	0.5613311676	0.2859965551	0.3406160842	0.1760280316	0.6622173421	0.1891026718	0.3079519921	0.6334805349	0.616818869	0.07535764878	0.02027094577
KIF12	0.01617012759	0.5028462147	-0.03053540845	0.580920236	-0.08363654997	-0.04734959467	-0.1828013917	0.3929461145	0.2555182078	0.5121081634	-1.041796961	-1.352928861	0.2832800593	0.1797130173	-0.1629001859	0.07851387827
KIF13B	-0.242502252	-0.1359475225	-0.08535137213	-0.4020956398	-0.07684973503	0.4183822205	0.2691001089	0.1952043976	-0.1151401774	0.06673256181	-0.5183069294	-0.1113499381	-0.5484632872	0.5920855208	0.4384638005	-0.2232150765
KIF5B	-0.07127672867	0.1712512422	0.2896634412	-0.2488437039	0.07898538313	0.2803068675	0.332526388	-1.037458789	0.04391970874	0.4156610297	-4.241989138e-05	0.001411926713	-0.4074886826	-1.840477732	-0.0092321257	-0.2483693099
KLC4	-0.165376818	-0.2798975933	-0.08855610599	-0.09292069596	-0.404368296	-0.4261042764	-0.3819484517	0.4781766222	-0.01841827835	-0.6509670072	-0.4392575726	-0.2000962573	-0.1357593032	0.1180211184	-0.03609312383	-0.0718677179
KMO	-0.9746668514	-2.947054385	-3.691402841	-4.360851048	-0.5563622406	-2.308850769	-1.518867551	-0.4720505562	-0.5448204741	-1.904041028	-1.418354339	-0.7407922281	-1.169968914	-1.521555053	-0.6437909951	-0.4252014972
KPNA3	-0.07755405157	0.1978262488	0.08303924517	-0.2536389539	0.3494016114	0.7970982564	0.3109373134	-0.7903860943	-0.2105710425	0.3981407332	0.1965775443	0.3236744196	0.1644878764	-0.9716651595	0.1966975249	-0.07687705669
KPNB1	0.04111899827	0.1466271099	0.2756701711	0.1231105053	0.4716839867	0.8365727842	0.4434479865	-0.08204894739	-0.1109128339	0.9688620879	0.8026139912	0.621047357	0.4978209276	0.4293512699	0.3836727468	0.01409222332
KRT10	-0.02255132365	-0.1585974188	0.1453342614	0.1998167185	-0.4982099042	-0.7083622425	-0.3953288386	0.2165631521	0.02940893201	-0.2636915176	-0.2628803272	-0.4371529948	-0.2000206568	-0.08290551581	-0.2012849236	-0.1000504966
KRT15	0.8049535768	1.723317928	1.622073888	3.240765026	-0.01866451637	0.7764968141	1.271369877	0.2756295784	0.350502654	0.7639889281	2.355684745	1.290924144	1.550321349	1.059025821	0.9505329559	1.926345736
KRT18	0.3719622032	1.051840744	0.7193058145	1.352751382	0.9101917141	2.685363897	2.541629888	1.207633962	2.00274217	2.27187309	2.72969675	2.873853299	2.50047086	1.912353947	1.30824108	1.293473776
KRT7	2.135176468	3.763751081	2.735718904	5.315207461	0.03958029919	1.336519422	1.332662333	0.2869464684	0.4355145962	0.7939880767	1.267823623	1.110282743	0.9592846779	0.6567587787	0.2962001785	0.3916222491
KTN1	-0.1600233887	-0.0869043176	0.1747165294	-0.1724026765	0.09602730241	0.4881253957	0.4242136213	-1.077212375	0.0802460864	0.4653254926	0.3293988514	0.4108003713	0.2553434335	-1.09459036	0.1314447667	-0.08762359775
KYNU	-1.044839985	-1.282556402	-3.154725015	-2.159069128	0.3077375307	0.1442161984	0.2406679769	-0.257775344	-0.2866549215	-0.1784847836	0.5729463701	0.9257825883	1.006399282	0.2516167334	0.4046376012	0.2582166384
L2HGDH	-0.661034906	-0.75499846	-0.6954958689	-0.8577286455	-0.6129137367	-1.383514279	-1.077202639	-0.6939307409	-0.4838529618	-0.9029285487	-0.8979952747	-0.9970603414	-1.086083689	-1.115248797	-0.492768428	-0.4641502949
L3HYPDH	-0.1629102656	-0.4089234739	-0.2396790985	-0.341292107	0.1233742518	-0.6719851124	-0.402977559	0.226007514	-0.2338928788	-0.672395718	-0.6097382118	-0.6432551882	-0.5398618358	-0.2306656871	-0.4396742625	-0.3340014823
LACTB2	-0.3114012808	-0.9420506041	-2.169798745	-1.771895836	-0.454748426	-2.630873344	-1.78843703	0.1317690736	-0.3108823023	-1.756326289	-2.087251844	-2.061322726	-1.340048366	-0.5698317766	-0.4450069933	-0.4410880618
LAD1	0.05236433159	0.04571547648	0.1372178133	0.6178211335	-0.08763183333	0.325918955	0.2576179378	0.4549232255	0.3014978806	1.0865363	1.491758546	1.38606391	1.428033333	0.9033768316	0.5024736803	0.2656138185
LAMB1	0.1333359479	0.718994089	0.2771447235	0.2768794793	0.09470891777	1.13810073	0.7297613822	0.4335622966	0.3296963164	0.7250356663	0.5937113722	0.7023798619	0.8546049023	1.211342697	0.6915029966	-0.1736789832
LAMB2	0.3354440045	0.5164637706	0.6444647658	0.2714940705	-0.1617765491	0.7081793356	0.4877075915	0.6330882441	0.1583852932	0.3594845296	0.4226544206	0.5518938395	0.3924375495	0.7572353131	0.3583986673	0.1267261629
LAMC1	0.009876695094	0.5906014266	0.5728511183	0.2231958572	0.3853483097	1.053771993	0.4672955005	0.6721178954	0.7781019467	1.221573044	0.9422531579	0.9906989433	0.8459342805	1.37245985	0.7358557144	0.06163787843
LAMP1	-0.1616053171	-0.3100780628	-0.03989556345	0.04709004855	0.05864028724	-0.1508280328	-0.1448249946	0.1019328815	-0.1026901544	-0.4889170042	-0.1899944066	0.06553994381	-0.02155937539	0.03742902072	-0.1287128998	0.08310723368
LAMP2	-0.4804466084	-0.6380182485	-0.2812824414	-0.4370913016	0.08839715369	-0.2773099235	-0.2461291685	-0.2712077902	-0.2432526322	-0.850087924	-0.5483726441	-0.2369604249	-0.4832076262	-0.6188987973	-0.1565430976	-0.1627676773
LAMTOR1	0.02173162833	-0.0289759088	0.330473314	0.3345448345	0.1011171595	-0.01591492039	-0.003198667035	0.2589607397	-0.08335272557	-0.01083618841	0.05841314671	0.02454286082	0.128229656	0.149967799	-0.06810398973	0.1327991792
LAMTOR5	-0.1477107805	-0.1476694182	0.1251905164	0.261709385	-0.2463299402	-0.5223280879	-0.2105855002	0.03009010997	-0.1150787798	-0.5782274924	-0.02261887939	-0.5089404464	-0.4600330964	-0.2624561249	-0.3115335555	-0.04514221068
LAP3	-0.3490673282	-0.2753495705	-0.1155526934	0.3968712486	-0.1411589598	-1.334865949	-1.118074082	-0.03251855862	-0.2872186423	-1.192687875	-1.172735017	-0.9675321206	-1.111623225	-0.6581486009	-0.6308646221	-0.2721654454
LARP1	-0.1478502392	-0.1769187888	-0.1058180354	-0.4583158261	0.1236807166	0.3225986943	0.190954517	0.2385019885	0.09424285014	0.2563226303	-0.2445071582	-0.1059195282	-0.1198654035	0.3068837642	-0.06102928936	-0.1547455485
LASP1	0.3761459149	0.6538770324	0.5611145105	0.4876179625	0.1068085955	1.073351287	0.4545330774	0.6062334089	0.1902039451	1.014720097	0.690322349	0.6623350448	1.004202623	1.007546486	0.4167971736	0.1179269176
LCP1	2.17300035	2.288522608	1.597408208	1.697147443	0.1755517418	1.161568694	0.2841294671	-0.2023280298	0.02620889283	0.591596805	0.5313341045	0.5136923146	1.34711839	1.456385393	1.397634267	1.083932258
LDHA	-0.1290983459	0.2357446559	0.4068765191	0.5435001909	0.1833722564	-0.1117428629	-0.004532667103	0.3915736388	-0.08259031913	-0.1893088359	0.05810814179	-0.167303158	-0.2413031472	-0.02685545955	-0.2623886869	-0.1912674124
LDHB	-0.1466675626	-0.5251668932	-0.1481776148	-0.5406033065	-0.2669821614	0.5658119757	0.006186858452	-0.02821065377	-0.00443624157	-0.8807575745	-0.4047678659	-0.1193344103	0.2824028321	0.01127881818	-0.08551825775	-0.01310216589
LDHD	-0.6672849355	-1.486705875	-1.313369924	-1.662242694	-0.5122500316	-2.612834289	-2.146579158	-0.4829223284	-0.3314701943	-1.424629214	-1.58833796	-1.720967497	-2.147510903	-0.9849181561	-0.8435895811	-0.6152543322
LEMD2	0.1590801726	0.2390621297	0.3839359282	0.3811381665	-0.1804902663	0.3519474078	0.2419225913	0.3270598415	0.1028065555	0.1248541085	0.049824559	0.2455969515	0.2929722282	0.3244786599	0.09608778903	0.04887906917
LETM1	0.01026780719	0.04324782003	-0.06020336032	0.1857658309	-0.2468169598	-1.067777779	-0.683162393	0.1720496258	-0.06789148112	-0.7127285217	-0.7997065297	-0.789685925	-0.8646665738	-0.3791129428	-0.4766999891	-0.09382188273
LGALS1	1.683156578	1.894417783	1.650913938	1.436783441	0.6959934583	2.206138759	1.37199321	0.3348473613	-0.1061686927	1.770147049	2.29658815	1.934959987	1.892885225	1.513564598	1.230248926	0.7219813517
LGALS3	0.335780164	1.021636291	1.112875321	1.888074624	1.463291484	2.808331845	2.569113865	0.6656093542	1.877523081	2.701229834	2.11102193	2.234652228	2.092954001	1.685224133	1.330798915	1.386548686
LGALS9	1.22477371	1.513819442	1.745016487	1.406932389	0.2004031468	1.207473263	0.6522083647	0.5793617289	0.5548638264	0.9240557799	1.261186129	1.03416534	1.667331553	1.667621178	1.388710799	0.7033699178
LGMN	-0.06747572262	0.1323404564	0.07616468711	0.6373505306	0.9009371465	0.2584727363	0.1622704645	0.04964938477	0.1433021059	0.3935771752	0.2797697599	0.7805410222	0.4542391593	0.1587041531	-0.1904854314	0.1816932849
LHPP	-0.2158510304	-0.1448976296	-0.1137144762	0.3496382739	0.06893237359	0.6482933271	0.4045648833	0.4025920092	0.02778701419	1.264934581	0.7707669821	0.4804634698	0.969967196	1.062553279	0.671520503	0.4184141541
LIMA1	-0.02855440556	0.1429004282	0.4574454082	-0.008764517356	-0.06265863703	0.47245347	0.06991208761	-0.02485410352	0.130151112	0.140052526	0.06116285608	-0.03587146566	0.2910433038	0.6095497342	0.3632215089	0.05371917408
LIMS1	-0.3150002035	-0.125142285	-0.1379303192	-0.1320387522	0.2401177473	0.5859920748	0.2082188352	-0.3119233504	-0.005029589869	0.6223897168	0.3586257981	0.3714497658	0.1364064686	0.06900406275	0.3428796492	-0.1148781361
LIN7C	-0.12693549	-0.03509593275	-0.01550442936	-0.5384539736	-0.04829082884	0.01964516336	0.119349503	-0.7160738531	0.1445969743	0.04283718569	0.1297047145	0.04810208338	-0.2905764101	-1.227989835	-0.05443235252	-0.305104672
LMAN1	0.03251770724	-0.1159536293	0.02659788916	-0.5721186833	-0.09708392834	-0.3919781681	-0.4065627787	-0.1286425278	-0.2438551247	0.07731403714	-0.2258880293	-0.3050752916	-0.4595547766	-0.1148571161	-0.1356761107	-0.1010399922
LMAN2	0.0269683626	0.3116841217	0.1159728561	0.3612034453	0.01980931291	-0.1534299703	-0.2466798114	0.3950192868	-0.1641054615	-0.209897856	-0.5411076209	-0.4097264481	-0.2104724614	0.1739422853	-0.05011311666	-0.06552277839
LMCD1	1.175963995	1.425417441	1.240983583	0.8999447109	-0.08932528613	0.4282483233	0.2543196725	0.9924665498	1.140697405	0.2274698187	0.3589645534	0.4315974031	-0.08181006851	0.1403274779	-0.05349924495	0.2423450157
LMF2	0.2526250162	0.2646712271	0.5382923431	0.6734134078	0.1479744247	0.4297846234	0.1443840978	0.676892612	0.180617821	0.4798180762	0.4532641268	0.2987334793	0.6974956851	0.6513554485	0.1772424631	-0.03007048741
LMNA	0.6912811077	0.944644658	0.8594835611	0.996033421	0.5702299494	1.299045383	0.8915952084	0.9151939222	1.539482068	1.194459212	1.093404261	0.9344968334	1.069712557	0.9211674971	0.5263156763	0.2908649785
LMNB1	0.4392743299	0.6130843695	0.3922193385	0.2713329256	1.129061622	0.937732506	0.4081151605	0.05182720012	0.4341592754	1.195843208	1.890931092	1.54483885	1.329644514	1.121381932	0.5622731742	0.5724645823
LMNB2	0.212538924	0.461901887	0.3689987736	0.3079907948	0.1104696103	0.2827017049	0.3192662156	0.02868837986	-0.3121062319	0.8012739435	0.4915373562	0.07085378867	0.3562710002	0.3408236325	0.001633140403	-0.05408353905
LMO7	-0.2606339724	0.08246505294	0.3201248177	-0.3795657464	-0.4761090678	-0.6335954056	-0.472631397	-0.2381598556	0.8006124409	-0.3347108298	-0.6953831942	-0.5203575142	-0.6736363594	-0.5299512823	-0.1895153071	-0.3411015847
LMOD1	1.360946596	1.198139264	0.7501088718	0.9750382359	-0.2613375608	0.2083127138	0.07686212779	0.2183670398	-0.07439394567	0.3995837438	0.6689680845	0.1326323519	-0.08379085171	0.2487398652	0.03348627718	0.08503295633
LONP1	-0.1234108699	-0.3338370852	-0.1229500057	-0.1519564108	-0.01004978739	-0.8887166561	-0.609119805	0.1197034378	-0.0660869547	-0.4059210318	-0.4820022994	-0.4158728312	-0.5240200182	-0.194626451	-0.4215836988	-0.1412115668
LONP2	0.1330875306	0.3598869908	-0.7932127631	0.3407528629	-0.2777280032	-0.7862903931	-0.7277776413	-0.47208843	-0.2235753214	-0.7007897644	-0.5204319917	-0.6241281346	-0.6037513374	-0.5678174776	-0.3222025335	-0.2287654227
LPCAT1	-0.336643541	-0.6795458254	-0.6233242324	-0.8556283313	-0.1387859378	0.6595105751	0.2145285948	0.1610024293	-0.6097791076	0.4657370069	0.5259833383	0.5383050405	0.8666864982	1.27915675	0.9687016135	0.3277792267
LPGAT1	-0.2138990444	-0.2314835134	-1.141207554	-0.7922735331	-0.3922056682	-0.4352209556	-0.652668947	-0.4463700295	-0.3005232632	-0.4206548828	-0.7494878915	-0.6504451675	-0.8424150591	-0.7184737477	-0.2431240463	-0.4799804464
LRBA	-0.4638290583	-0.5742153571	-0.2496038493	-0.7390770757	-0.15484062	-0.4759170476	-0.5070402808	-0.3467385339	-0.4089673623	-0.2395769078	-0.5679652069	-0.543343136	-0.736564209	-0.7897764987	-0.1507544139	-0.4641766949
LRG1	1.433623244	2.676933311	0.6587477006	1.24907874	1.414209215	1.87953242	1.785621726	-0.8898863526	-0.1934704147	2.807015296	1.955041183	1.67774491	0.794064534	0.2501189127	0.2761698695	1.05090614
LRP1	0.9227301826	1.734493368	0.998890943	0.4803132196	0.1504879767	1.563246832	0.7168968572	1.048770108	0.6160118746	1.992311121	1.564623148	1.545869173	1.626369284	2.341119651	1.776415254	0.5352026126
LRP2	-0.8782298792	-1.41702682	-3.164498858	-2.055450856	-0.204465199	-1.966040794	-1.66808315	-0.1569076891	-0.7311630565	-1.071299063	-1.896820341	-1.506396899	-1.195675104	-0.3258792259	-0.5418859765	-0.4358769736
LRPAP1	-0.2706099493	-0.6076727369	-0.5445755851	-0.06514087027	-0.3631125498	-1.985543107	-1.422800796	0.02703062543	-0.07279117206	-1.316124694	-0.9665903948	-1.015537803	-0.8834275276	-0.6706572169	-0.6634554733	-0.2663949816
LRPPRC	-0.4190370824	-0.4384445622	-0.4656944506	-0.6397342773	-0.06992064947	-0.7755477922	-0.7025472387	-0.8504802147	-0.4122443902	-0.1402314953	-0.4800926602	-0.539418477	-0.5885113456	-1.228396836	-0.3902576801	-0.3890658836
LRRC47	0.1705348385	0.1839530419	0.2869245552	0.3244045713	-0.04425033412	0.1478810271	0.1051869966	0.3621080165	0.2398459667	0.1267351645	-0.01679713143	0.144038708	-0.01399144044	0.2701006705	-0.005106191027	-0.07764437356
LRRC57	-0.156847184	-0.2906659146	0.07916725222	-0.298147074	-0.0993558133	-0.02391515476	0.01753023739	-0.0545993164	-0.2027396075	0.05223518019	0.08288437037	-0.0664873525	-0.111541363	-0.03527352983	-0.0759016271	-0.1561494872
LRRC59	-0.04748537419	0.1357894424	0.1952739405	0.5214222263	0.5182045448	0.6826517172	0.4220160637	0.290741145	0.5204085214	1.114823688	0.5298949482	0.4348702072	0.1877154407	0.405003616	0.1224074359	0.1016685927
LRRFIP1	0.4770851997	0.8167306768	0.7542554267	0.3534025538	0.08505565625	0.7368360782	0.5522090809	-0.4381117828	0.4122029301	0.7732353689	0.8224632683	0.5904314123	0.4100691851	-0.1538607803	0.4579795044	0.3296523658
LRRK2	-0.9926072849	-1.236294237	-1.101253527	-1.365043679	-0.5113655364	-1.215995747	-1.099430284	-0.7654404449	-0.7175390823	-0.8760668495	-1.640539362	-1.379363213	-1.294583463	-1.693678314	-0.4755634718	-0.6043241945
LSM6	0.2038125791	0.2595446782	0.552766454	0.450877997	0.09567372405	0.1979572459	0.3025077679	0.01220349093	-0.05587833962	0.594879754	0.5881078345	0.1369701487	0.2440113949	-0.07118407777	0.01915340356	0.1415405572
LSM7	0.1727872796	0.2400797227	-0.08255041143	0.5748490312	0.03060903554	0.5146866963	0.5797130455	0.02895977211	-0.2383000909	0.5968998641	0.3615221704	0.3089843375	0.4330894908	0.1926413556	0.08622590349	0.2727983332
LSP1	1.58851418	2.115968236	1.676298529	1.731104978	-0.02027765731	1.876304327	0.7273409864	0.3262783158	0.09243122477	0.4088171277	0.6485001723	0.6405471394	1.575405488	2.049412904	1.734456747	1.5707554
LTA4H	0.05836197713	0.0413683798	0.11547645	-0.01721833088	0.04415749617	0.2922120112	0.1855491272	0.1268301439	-0.0327347569	0.2667952277	0.156479056	0.2556110973	0.5267272734	0.32994483	0.08634655414	-0.002598259981
LXN	0.5217850875	1.462201913	0.7779205825	1.62215868	0.3683458227	2.102817583	1.436829212	0.07899181665	-0.1033966701	1.291464404	1.486790225	1.597838421	2.010917887	1.768781675	1.293880749	0.5008290746
LYPLA1	-0.3245571888	-0.3454237827	-0.2716733163	-0.7229391095	-0.473528547	-1.307998751	-0.9617007471	0.2182546584	-0.4253857843	-1.367938951	-0.8875959512	-1.151920783	-1.378390063	-0.3249576404	-0.560800779	-0.5300700094
LYPLA2	0.1255447353	0.1870611788	0.3758645055	0.4537050085	0.01136375746	0.61032956	0.4619893821	0.2245305069	0.02207888406	0.4870886482	0.2432866945	0.1898931392	0.6536778413	0.2301555655	-0.01731167667	0.1395162607
LYPLAL1	-0.3381663131	-0.4233048405	-0.1435341173	-0.05014897619	-0.05135568708	-0.9373857139	-0.5716684467	0.1209074971	-0.04050411874	-1.289585902	-0.7263876768	-0.1276254964	0.07711483925	-0.0299605939	-0.2561167611	-0.09474810839
LYRM4	-0.06587038197	-0.1711411591	0.1798662539	0.1934298638	-0.09251861587	-0.7890365764	-0.4086794217	0.2000207577	-0.05462593945	-0.475333274	-0.4814801266	-0.5856869257	-0.3543724051	-0.3210402404	-0.3896938295	-0.1915281509
LZIC	-0.1601960429	-0.254337268	0.1843568023	-0.006033388853	-0.1010665884	0.2583589919	0.1143391361	0.00260457506	-0.2922162503	0.6017586971	0.09686565065	0.0335713531	0.3106965156	0.376772647	0.2548938028	0.03934416526
M6PR	0.0721871604	0.01295089808	0.4650168719	0.3896047205	-0.05470424172	-0.2998086009	-0.278186326	0.02404761	-0.003136056208	-0.09589639419	-0.1183417173	-0.2012390953	-0.1596454062	-0.05293764945	-0.1628206049	-0.1331650139
MACF1	-0.1006751241	0.0515705457	0.3292459914	-0.5190520047	0.07274287101	0.3742020378	0.0355506244	-0.2202241368	0.2435061879	0.4449813828	-0.4198264426	-0.1818015159	-0.3865220325	-0.7404262223	0.3944172762	-0.1154408873
MACROD1	-0.2322587611	-0.8149377958	-1.050767526	-1.118127075	-0.5449819323	-1.43676922	-0.8555676826	0.0135142319	0.002843440927	-1.008884153	-0.929514142	-0.9049164023	-0.8976757957	-0.7648080092	-0.8046032167	-0.1730863313
MAN2B1	0.5988222217	0.3914631397	0.7744214187	0.8681101361	-0.137110209	-0.1363722607	-0.2325249153	0.3802237738	0.06620842754	-0.7596828675	-0.4949912407	0.07204538873	0.1145155545	0.2134477563	-0.1949818776	0.03917521357
MAN2C1	0.1052963109	0.1988414702	0.3070289719	0.4704884056	-0.2200811525	0.005498306113	0.02068073844	0.2587051458	-0.1743477685	-0.1264052952	-0.4733947051	-0.3930862133	-0.1313253783	0.1557384556	-0.1598932309	-0.1064417203
MAOA	0.2390329487	0.4566933308	-0.6689674644	-0.267393686	0.6199923519	0.6694463617	0.6855077411	-0.1097651938	-0.0608393228	1.636969987	1.250968169	1.062492261	0.7773503566	0.3115052452	0.531041015	0.1122228683
MAOB	-0.4434185285	-0.5152985626	-2.160352472	-1.070281638	-0.3596139995	-0.1794089373	-0.3600849193	-0.4104324735	-0.4741476445	-0.01333403364	-0.1267587495	-0.08559356751	-0.5536819638	-0.2383678672	-0.228838137	-0.1649856345
MAP2K1	0.0628753022	0.188773615	0.304692088	0.1559363316	0.02889078043	0.3246608316	0.272663394	0.1048346876	-0.1064515866	0.3095597285	0.2949142188	0.06042658329	0.178737063	0.307958533	0.1440083223	0.003167589281
MAP2K4	-0.0004981223855	0.2296018687	0.3057253049	0.2321076747	0.01594673341	-0.05745208959	-0.06320592481	-0.3888675633	-0.1794605267	-0.1430280182	-0.08693635644	-0.03899157067	-0.2268399037	-0.250407908	-0.111115484	-0.1671033821
MAP4	0.1502730943	0.516837858	0.4359211266	0.5202331306	0.3506571491	1.390195884	0.6877179472	0.4611886146	0.3584991603	1.012923657	1.339325516	1.078680279	1.394660964	1.152322933	0.5879059023	0.2673917386
MAPK14	0.06127274387	0.2779615311	0.4447100773	0.1677641737	-0.3547355544	-0.2369351804	-0.2598171016	0.1024774799	0.2037040131	-0.5437847955	-0.9535769522	-0.4336225368	-0.8832143831	-0.09435578201	0.01076754668	-0.3864060921
MAPK3	0.4710718033	0.7142285164	0.6410281584	0.6601101672	-0.1074809884	0.7330938456	0.4455532606	0.3308527915	-0.1975929067	0.4176362498	0.5139102867	0.4194212115	0.7744904985	0.7712690024	0.4394439731	0.04124974202
MAPRE1	0.1922485313	0.5183299035	0.7741004517	0.6512402275	0.3337565026	0.6509656891	0.4263976321	-0.01334670523	0.3368827917	0.6188365415	0.6217853436	0.380108803	0.428836921	0.2404191716	0.2867171206	0.0105452119
MAPRE2	0.2362298974	0.4353489212	0.5682235733	0.2638907281	-0.2795180075	-0.1688304748	-0.3296565594	0.1243284522	0.1976224136	-0.1994148147	-0.2495501795	-0.1882178042	-0.2239625923	0.2373145084	0.02813097064	-0.1089795979
MAPT	-0.4788419682	-0.734300878	-2.702810971	-1.232512653	-0.3755634298	-0.7058163583	-0.488381422	0.5227887368	0.01688717497	-0.6786623154	-0.7463925159	-1.056670709	-0.457620465	-0.05725115092	-0.3177344597	-0.1963747974
MAT2A	0.1157342691	0.2444772396	0.2466273419	-0.01686277226	-0.2299313095	-0.7674476726	-0.475032314	-0.2759126645	-0.1716106289	-0.3144204494	-1.289685751	-1.748895379	-1.171028494	-0.5552423123	-0.4688397847	-0.3276200582
MAT2B	0.04395928598	0.01946164261	0.3579428806	0.001733806976	-0.2648545222	-0.2395480703	-0.1333799767	-0.3115835339	-0.3480693278	-0.6998081033	-0.3228237214	-0.07129741339	-0.3548179902	-0.2960582331	-0.1263299636	-0.2205794802
MATR3	-0.002485889635	0.1169035287	0.3037701941	-0.08555295087	0.08408561798	0.373517735	0.3140800986	-0.7489354921	-0.0416272617	-0.1251028574	0.02196987342	0.1196361185	-0.01159867691	-1.313334507	0.0552405366	-0.201101168
MAVS	-0.006814574291	0.105221143	0.2095686798	0.2768278383	-0.4345734496	0.002677549847	-0.001278924272	0.1661158139	-0.791403423	0.4679733818	0.3347197018	-0.04435672231	-0.02156085768	0.2883435309	-0.1014008323	0.03314824884
MCAM	0.2870595767	0.1623723819	0.4424273428	-0.2742549455	0.5725492094	1.110901025	0.797717544	0.4339517045	0.7585603786	1.417992117	1.259118093	0.9342842804	1.275450826	1.209036985	0.6474783123	0.4354689406
MCAT	-0.1677942932	-0.4873097505	-0.4660219387	-0.04938934027	-0.3632528231	-0.6613758166	-0.3709233122	0.1532566447	-0.4490419048	-0.5775491498	-0.5129861505	-0.5772011758	-0.6385255646	-0.2413436807	-0.2979500301	-0.1399081329
MCCC1	-0.4190938746	-0.5380452512	-0.7146069557	-0.6464246821	-0.4750554689	-1.812867671	-1.418003802	-0.7103214581	-0.2404560115	-1.709208718	-1.90274008	-1.626264962	-1.568803142	-1.474559108	-1.012064008	-0.3774087619
MCCC2	-0.279406555	-0.6812065834	-0.8332397584	-0.9164747489	-0.5552218047	-1.817289733	-1.23194126	-0.0688181859	-0.3275673282	-1.739101445	-1.36226139	-1.153374481	-1.271827722	-0.7964404333	-0.8919714517	-0.5188021331
MCEE	-0.3663611922	-0.642855954	-0.7729654178	-0.5605147858	-0.3577990854	-0.8281880038	-0.314112347	0.08582464765	-0.1208892355	-1.071082031	-0.6081569318	-0.5392300671	-0.4231061678	-0.2564196831	-0.3177030647	-0.06971158245
MCFD2	-0.07453975068	-0.06505822349	-0.1229392809	-0.04028921104	-0.1093233544	-0.3860430327	-0.3220202569	0.05280164231	0.04415123	-0.1769183214	-0.1266161824	-0.2225379168	-0.4265667848	-0.0956264556	-0.2400895761	-0.1115623328
MCU	-0.2814292974	-0.3270530058	0.2412419684	-0.1008591233	0.03644250352	0.04236287934	-0.04560051816	-0.05415870473	-0.242073534	0.4037555163	0.2718883098	0.07404889139	-0.04962045211	0.1629016841	-0.08798344571	-0.02894455748
MDH1	-0.3729833992	-0.6969635039	-0.4285559373	-0.8971129918	-0.3768644841	-1.604746722	-1.009255092	-0.02712255943	-0.2520469375	-1.844398775	-0.8505555715	-0.8522772355	-1.106577695	-0.7634283394	-0.6220749092	-0.2164112417
MDH2	-0.1864434464	-0.3864516517	-0.4826205407	-0.372045969	-0.07795338261	-0.7477508624	-0.3913744393	0.2064263917	0.1178933876	-0.2720100919	0.02868755462	-0.1723137363	-0.3432231376	-0.2283182497	-0.5201903507	-0.01242270216
ME1	-0.608796803	0.05587125966	-0.05900666091	-0.5357703275	-0.3803998134	-1.975951177	-1.684982906	0.003283712869	-0.126237016	-1.033639476	-1.061365018	-1.313358417	-1.194080099	-0.4635909337	-0.6236956524	-0.2548768812
ME2	0.01109981902	0.03344609017	0.1054752107	-0.264417173	0.09099099655	0.3106225917	0.2797066681	0.07400915578	0.08639848029	0.5525474599	0.528115129	0.5311083441	0.4108813634	0.4844064172	0.3528512789	0.3819583345
ME3	-0.1146831135	-0.3890506494	-0.0630549989	-0.453906133	-0.1601712984	-0.4735174163	-0.1278479526	0.3890416241	-0.1162935263	-0.7025727625	-0.4272397089	-0.5465295454	-0.4676364804	0.03290330448	-0.3408642742	-0.2010653825
MECP2	0.1240798992	0.09393382669	0.6198960964	-0.1472241658	-0.1102396619	0.04343509052	0.0662567484	-0.000257588407	0.03793568129	-0.2291945185	-0.355443711	-0.04913708714	-0.2264865487	0.3720919772	0.3196274995	-0.2513022112
MECR	-0.6563628109	-1.057154932	-0.8694126854	-0.9689131674	0.005687824933	-0.7792710395	-0.507356478	0.2359867649	-0.07094209607	-0.5570623637	-0.312651333	-0.2394504217	-0.4160320178	-0.2756319153	-0.496759571	-0.01424154826
METAP1	-0.325165692	-0.3581680979	-0.3519355621	-0.4045318447	0.07934400849	0.0104136069	-0.00112690589	-0.169316792	0.2005687613	0.1007569886	0.09545905741	0.00985558335	-0.2380237905	-0.2041477661	-0.2370573935	-0.1077565958
MFF	-0.2945809163	-0.6241394251	-0.3728394166	-0.5619626566	0.1863393281	-0.9786050621	-0.6709885426	-0.2681028762	-0.2164547149	-0.3000347333	-0.3472677946	-0.2257006943	-0.2127892501	-0.4378866906	-0.08564881873	-0.1044848116
MFGE8	0.4957616247	0.4587472301	1.056619248	0.5868354762	0.0121158363	1.451845368	0.9611122426	0.7428839216	0.4958378103	1.283773639	1.679577151	1.506138361	1.199871888	1.073425444	0.5572298013	0.2328643458
MFN2	-0.1928636486	-0.2481910248	-0.09103093345	-0.4505198957	-0.2670178166	-0.689536402	-0.5489462758	0.2180094337	-0.1750839561	-0.3406009964	-0.4460274667	-0.5260618993	-0.6430832111	-0.1152304358	-0.3724510998	-0.1356757825
MGAM	-0.6311853484	-0.9947728971	-2.667855371	-1.51813203	-0.3345419788	-1.619364783	-1.393784498	-0.7284574862	-0.9420412407	-1.597312372	-1.553647339	-1.566585679	-1.437651147	-1.020737064	-0.3269748311	-0.4639926025
MGST3	-0.4022235115	-0.6394054201	-0.58808952	-0.4284155227	-0.2085720665	0.04346683571	0.4884363185	0.0334757608	-0.1132369158	-0.342354072	0.381476411	0.2278419786	-0.1515445248	-0.1692870093	-0.2898477347	0.01903415697
MIF	0.04175798613	0.08562081173	0.4338322396	0.608580826	0.08884464513	-0.6811398462	-0.2255726325	-0.07934080992	0.06058693193	-0.2683974979	-0.2742464628	-0.1758377483	-0.2133033631	-0.4065783866	-0.6187009199	0.1035124622
MIOX	-1.137245517	-3.114171743	-3.475614844	-3.003625274	-0.7396235644	-3.21607367	-1.737456333	0.7773444175	0.1865373843	-2.961298378	-1.88011355	-1.377203789	-0.212395854	-0.1108291797	-0.3248510973	-0.1656291448
MLEC	0.1577188235	0.2344241636	0.2732498437	0.3423040175	-0.2659474697	-0.8283106061	-1.042468357	0.2910878062	-0.2260248253	-0.3762256378	-0.5038322619	-0.9806947363	-0.8071993286	-0.1171164135	-0.08694461289	-0.11880364
MLYCD	-0.1108716841	-0.3454575956	-0.4645538277	-0.1442295905	-0.3633194721	-1.216272985	-0.7168441899	-0.1541099762	-0.2927786297	-0.8129708117	-0.9218318459	-0.8884701637	-1.052207041	-0.631635241	-0.6139734116	-0.1636028619
MMAA	-0.1965484526	-0.298978639	-0.03505738534	-0.1996968017	-0.3323336811	-0.6493545215	-0.5288875457	-0.0245735618	-0.07004926671	-0.5233712292	-0.9389504017	-1.019383986	-0.560344855	-0.4498619502	-0.3858985831	-0.1486602522
MMAB	0.008474814547	-0.1793634653	-0.04095509439	0.1718516209	-0.6535281658	-0.8480785521	-0.5325309233	0.1218905617	-0.428693323	-0.6223381533	-0.7011661087	-0.9068239724	-0.4728352714	0.1161678743	-0.1626910875	-0.2215715678
MME	-1.229217723	-2.024704823	-2.702980829	-1.903927126	-0.4234286127	-0.7346254578	-0.6667869603	-1.103667809	-0.6097522931	-1.447386782	-1.667958046	-1.074809136	-0.6613759397	-1.828175135	-0.2209261745	-0.705560261
MOGS	0.3685519407	0.2508873878	-0.1295674988	0.2194966034	-0.05926794314	0.3479185963	0.0571342847	0.4591998525	-0.007326123368	0.541385446	-0.3529857822	-0.358308199	0.3268114568	0.4342755991	0.02872504811	0.04809211659
MPDU1	-0.1058122948	-0.2140405106	-0.03336849492	0.1902256421	-0.01455740923	-0.06292900838	-0.06023611738	0.2266828322	0.041473556	-0.102772673	0.2585905572	0.2449548266	0.1258454351	0.09203586649	-0.1453677671	-0.06527537563
MPP1	-0.03301856522	-0.5610756865	-0.2812743534	-0.2974209956	0.4162605065	0.1356051169	0.03016049541	-0.2118972624	-0.01915760413	0.7241706635	-0.1016301461	0.272948212	-0.2038121762	-0.3682732449	-0.2920023743	-0.1451140683
MPRIP	0.1272277814	0.2396848677	0.514485707	-0.2311133293	0.04855400891	0.4965441566	0.3441789052	0.2351246153	0.08322404806	0.220981443	-0.1713384277	-0.1273618398	-0.03738237733	0.2503133544	0.04089549849	-0.01953064839
MPST	0.2003195742	0.05750015279	0.01393701487	0.4095417201	-0.1360349824	-1.14040441	-0.660488496	0.05017747691	0.02344426827	-1.134345338	-0.4191363761	-0.6767473749	-0.5390977499	-0.4518579835	-0.6327128183	-0.2341246193
MRC1	0.7304594206	1.480005415	1.194601703	1.093917301	0.1196986086	2.148312897	0.977963365	-0.2639563722	0.008821087163	0.2087147106	0.7721550633	2.080860147	2.871760417	1.608017065	2.586506322	1.101734377
MRC2	0.6775671765	1.22787502	1.043307812	0.8775014091	0.3323643194	1.979475766	1.050921086	1.007565225	0.2860497002	1.368482072	2.240151798	1.966867982	2.442806352	2.833961317	2.286970644	1.006234718
MRPL1	-0.1790205543	-0.257212682	0.04902868522	-0.04090696287	-0.1298174166	-0.6307176978	-0.3905007006	-0.6569957609	-0.3468901325	-0.3386744544	-0.5707888261	-0.5399210536	-0.4914787239	-1.018140336	-0.3206020455	-0.246712676
MRPL20	0.05491446075	0.09521200529	0.115842087	0.4223611125	-0.09756326741	-0.5484187662	-0.09141122408	0.2065955908	-0.1529804983	-0.3914546519	-0.1018059962	-0.2582777587	-0.3905598713	-0.1667263522	-0.349823978	0.03514500605
MRPL28	-0.1295611181	-0.3629851624	-0.07038953351	0.2161717386	-0.1258065309	-0.6292996842	-0.2239029068	0.1962556079	0.08084274752	-0.4318378763	0.07043556813	-0.1282743438	-0.08884415961	-0.2222854838	-0.3821009382	-0.02285711116
MRPL38	-0.04013638572	-0.06663560333	-0.1600512825	0.02889135401	-0.02273665893	-0.3742462347	-0.2796745758	0.09500517471	0.01061939717	0.09587057435	-0.3765671193	-0.4623523871	-0.3166580684	-0.3293688589	-0.4704025091	-0.09829532761
MRPL44	-0.2076144871	-0.3509505431	-0.3743037075	-0.1468524591	-0.154536486	-0.6398935016	-0.4239348059	0.1264806131	-0.1036233999	-0.3547417664	-0.4101881432	-0.2837288271	-0.2131579608	-0.06751503507	-0.2731876356	-0.1259002379
MRPL45	-0.0371951859	-0.2034659007	-0.01398133816	0.04356511836	0.1197376839	-0.03492019169	0.01544363046	-0.025663271	-0.1624897932	0.1763329523	0.08652828397	-0.0844611971	-0.1347630528	-0.1278650315	-0.2533332269	-0.03328404341
MRPL48	0.1462625297	0.005259833554	0.3756501986	0.116625071	-0.07766324135	-0.4298431807	-0.1802612353	-0.0800025594	-0.06542488245	-0.2727524965	-0.1182082228	-0.2473930724	-0.2211858216	-0.2651062715	-0.204999265	-0.0770968331
MRPS17	-0.1025932775	-0.09178118123	-0.1539729283	-0.2418568685	-0.07248289833	-0.1373504591	-0.03901784785	-0.1432838461	-0.1679925107	0.04177426722	0.08304981901	-0.06616716451	-0.09530192945	-0.2223471221	-0.2738482643	-0.03699730541
MRPS34	0.03466614054	0.02063453567	0.1277158835	0.4353327353	-0.263767395	-0.5117704842	-0.1371369313	0.04999738721	0.1730957389	-0.2729435703	-0.2726578803	-0.345118936	-0.3121153401	-0.376785995	-0.3893717665	0.06270026799
MSI2	-0.246596865	-0.09164655483	0.1919392634	-0.4150876957	0.1358541394	0.3214269307	0.1472527393	-0.03264466283	-0.2698401934	-0.1064905775	-0.1592178129	-0.09816836232	-0.1841074111	0.1299569838	0.06157832131	-0.1727963258
MSN	0.1815308408	0.5638840024	0.548661762	0.3127194569	0.4750990817	1.483592241	0.7003666451	0.2152723828	0.2448820743	1.97714383	1.201048666	1.160706796	1.267140282	1.142318989	0.8245640856	0.08447305041
MSRA	-0.5240669421	-0.2299514327	-0.3680849189	0.2230862713	-0.2198438921	-1.372977121	-0.9316990917	0.1325613481	-0.04612195154	-0.6234254385	-0.04604482091	-0.1097907466	-0.3656503009	-0.273080397	-0.3459919482	-0.03800017884
MTAP	-0.008946372335	0.3557749145	0.1592867016	0.3305093122	-0.05541200031	0.2846482596	0.03287028907	-0.1085325195	-0.3247268123	0.9103706964	0.213057615	0.364611304	0.4733701595	0.3112924308	0.06439087813	-0.06643568898
MTCH2	-0.2730048227	-0.41550205	-0.2568853153	-0.3060284977	-0.02238863494	-0.403437974	-0.2799868281	-0.2717083032	-0.207694542	-0.3599439191	-0.1908435849	-0.2315434411	-0.4020113878	-0.4481891159	-0.2939974075	-0.1367292197
MTDH	0.04130043005	0.2327043814	0.05915277809	-0.1436962108	0.08336586033	0.3226977369	0.3221003633	-0.4057961883	-0.1892905835	0.2924793347	0.02838181057	0.1686005233	-0.347321444	-0.2564374785	0.01994358904	-0.09075442618
MTHFD1	-0.3508516961	-0.3978187013	-0.04896781183	0.2020955859	-0.4230353272	-1.645302988	-1.129966108	0.1217240406	-0.2817962909	-0.9604873442	-0.8401893963	-0.849811804	-1.005310847	-0.3873742058	-0.6102816028	-0.3069092596
MTMR12	-0.004262386724	0.3686818172	0.4835558521	0.06372336184	-0.2425844281	-0.2872429871	-0.3099546546	0.2063660409	0.4826120572	-0.2470099563	-0.4149459062	-0.3272242612	-0.5091155446	0.0004767173076	-0.05916782791	-0.2887456936
MTOR	-0.1392845405	0.007804765841	-0.1397080239	-0.1779627017	-0.651180082	-1.431178873	-1.288122489	-0.130271016	-0.6572097628	-1.025669595	-1.332864538	-1.413668334	-1.747174654	-0.5953710455	-0.6427457599	-0.6897340746
MTPN	-0.1043024994	0.009852804438	0.02722699394	-0.3507609727	0.08369366679	0.4732741557	0.1081793959	-0.09542607136	-0.1324852281	0.536901187	0.258739902	0.2949257974	0.08678627799	0.1994348824	0.2017668178	-0.1198087483
MTX1	-0.0883613663	-0.2926308509	-0.2251576733	0.06430780014	-0.1985523285	-0.5206864788	-0.219244344	0.06351776024	0.005787673156	-0.04775454783	-0.05313685305	-0.1853600736	-0.06238461473	-0.1717336545	-0.4027539735	-0.04280380538
MTX2	-0.3184679125	-0.3163197542	-0.07757587669	-0.2143196428	-0.01294897245	-0.2566051446	-0.02225545059	-0.290544214	-0.182923038	-0.06717924775	0.03728971148	-0.2247338226	-0.2660942828	-0.5383954967	-0.2649750202	-0.06458050501
MVP	0.02125632378	0.3290971732	0.4508263117	0.6481484927	0.7764189943	2.052034454	1.2707573	0.2414241913	0.06465942783	1.876223893	1.057208887	1.155821766	1.592350959	1.379673597	0.859451786	0.442373657
MYBBP1A	0.08170948469	0.1724407861	0.2468227102	0.4031995194	0.4146765745	0.5413158368	0.1677206415	0.233360262	0.1695632444	0.976604863	0.1457594561	0.4536743214	0.3705016141	0.5218679043	0.01252556125	-0.05360382081
MYH10	0.266079516	0.4834288991	0.7550264637	-0.02588672801	0.1213589198	0.537944883	0.2025968691	-0.1310635771	0.005714239818	0.1671717905	-0.02063877503	-0.04497372904	0.08045376738	0.3223167066	0.4376189197	-0.04281232397
MYH11	0.6086592163	0.09668376611	-0.1125551327	-0.8841174644	-0.3113194338	0.5539522641	0.1908899719	0.06136920935	-0.1977417997	0.2209862993	-0.3424944538	-0.2922194923	-0.6581823961	-0.1362171491	-0.2215815821	0.4966390547
MYH14	-0.436041778	-0.268938805	-0.4690663861	0.3951033697	-0.5608431292	-0.8131319689	-0.7890708004	0.1418125035	0.4599250284	-1.605600464	-0.9898142636	-0.9388713756	-1.135166852	-0.2343671049	-0.6034553442	-0.126629092
MYH9	0.4717913828	0.8205978421	0.709363687	0.4804886193	0.6817198546	1.855324391	0.7638489752	0.658242652	1.27036819	1.54477291	0.8066151064	0.8421891813	1.108041108	1.611781539	1.032808445	0.3553761528
MYL6	0.3842698918	0.5750037199	0.8966109977	0.9641576156	0.1638260578	0.5190290827	0.486207512	0.1182788852	0.1175289493	0.2769847354	0.3558355377	0.2230607441	0.3618406222	0.167507382	0.1198270119	0.2364774783
MYL9	0.1351128518	-0.1124056892	0.4587720433	0.2147946386	-0.07085073978	0.9779018566	0.7124919158	0.5931250226	-0.0550567959	0.6801727884	1.667827137	0.8555932469	0.7087900652	1.154585055	0.6867395957	0.7449494797
MYLK	0.3155011802	0.4093247744	0.3876051374	-0.03403469768	-0.1595682357	0.6305986253	0.1526591263	0.4598356855	0.1024412939	0.8530071471	0.4672233811	0.3580270328	0.407139391	0.9545002124	0.8141508798	0.1159517723
MYO18A	0.1397974788	0.1698534551	0.371688422	-0.05294590833	0.01792939213	0.3630064813	-0.04065604475	0.5471834952	-0.1408436141	0.2792704	-0.454822583	-0.2527137061	-0.09512727196	0.4758228738	0.09483780262	-0.1257238498
MYO1B	-0.02491895643	0.4711325699	1.223988578	0.4981072158	0.4617771265	0.8931484506	0.637943407	-0.2348336475	0.3544480415	0.6832814415	0.8937501042	0.9528382003	0.6886913106	0.1812758725	0.950938968	0.2521185869
MYO1C	0.3306691684	0.6792963338	0.8724703641	0.5985476137	0.08948671394	0.6541609108	0.2356977703	0.2883296478	-0.0679770497	0.8980590661	0.3522898804	0.3083096661	0.173368988	0.5841669537	0.2609004271	-0.006846245505
MYO1D	0.2496587345	0.6993351901	0.9470903698	1.225923205	0.1734971749	0.584639277	0.3970872918	0.465968921	0.1669615174	0.7348946594	0.5468390287	0.6513768355	0.4498749774	0.7363715611	0.4456301875	-0.008026467453
MYO6	-0.5016211778	-0.3423793102	-0.4770274352	-0.6203841992	-0.2687002893	-0.3191158598	-0.3686681175	-0.3245639023	-0.09126503979	-0.4346866275	-0.7605097897	-0.5549506235	-0.4756713403	-0.53744853	-0.05644906363	-0.4416792075
MYOF	0.2786270573	0.8816900614	0.9423239734	0.6767535188	1.101756782	2.5804011	1.540375695	-0.1374293075	0.3833918124	2.773755333	2.112283582	2.373964229	2.433598526	2.134837436	1.934267751	0.8793793088
NAA15	-0.09450014954	0.1545954653	0.03205721143	-0.365521339	0.1872230372	0.22583227	0.2061317192	-0.7147863504	0.1673011424	0.5322302691	0.1874855033	0.127442894	-0.01879862688	-1.210527458	-0.01696981091	-0.1715076547
NAAA	-0.8012634018	-1.018086679	-2.950645609	-1.24318583	-0.1586248771	1.231896447	0.4301961919	-0.1022675529	-0.3656824494	-0.2265431878	-0.1401073777	0.01638784522	0.8057368565	1.283270513	1.273946677	0.7742437426
NADK2	-0.2807774335	-0.3922223756	0.262931864	-0.3708764841	-0.4476820766	-1.559466713	-0.9387844863	-0.8069591184	-0.474755414	-1.130741751	-1.26744083	-0.9705539298	-1.572119336	-1.580971104	-0.7280495317	-0.458237185
NAE1	-0.03729969761	0.2275686616	0.1933552899	0.007045534267	0.1024346839	0.2042557713	0.2395503975	-0.809576811	-0.1471682323	-0.02073150676	-0.08108008864	-0.02487985728	-0.07746512048	-1.061615285	-0.1553648691	-0.1420856339
NAGA	-0.2859502339	-0.5194229856	-0.2061837673	-0.1145888338	-0.08581836406	0.1070860028	0.1723166808	0.3250336789	-0.005057850552	-0.2593530337	0.01725902738	0.07559306371	0.2310802211	0.3040848524	-0.02102735709	0.08443628846
NAGK	0.2040218802	0.2147505581	0.6694488341	0.638297187	0.04629809689	0.3015611999	0.1569931587	-0.002919845154	-0.0748789252	-0.02415976431	-0.2518301715	-0.2235533419	0.4489806432	0.1669616362	0.1175217614	0.0544384168
NAGLU	0.1632141027	0.4636913333	0.4902064724	0.5755094612	-0.2554435474	-0.08518949926	-0.2798776244	0.3510230065	-0.1537917042	-0.4082585736	-0.6222670935	-0.4076370753	0.04669365976	0.2132444783	-0.1671882783	-0.1189774161
NAMPT	0.272043611	1.258638319	0.6953078065	0.7689556717	-0.5463516587	-0.6720285335	-0.229542188	-1.07385768	-0.4660717197	-0.3187638728	-0.3709477227	-0.4137916424	-1.038749074	-1.58903649	-0.4501868933	-0.5337922674
NANS	0.289624689	0.3118867294	0.2112163887	0.2912357882	0.2252008562	0.6357295842	0.4306774071	-0.1088024983	-0.4036818998	0.1633930471	0.3637108124	0.2442077412	0.2462756371	0.3402262018	-0.01817009002	0.2444148531
NAP1L1	0.2645694292	0.4170290725	0.621547314	0.7380053663	0.1186464593	0.07282285196	-0.1226510332	-0.4446955777	0.1045931469	0.9598939312	0.6764490749	0.5295677284	0.3928787177	-0.3480589815	-0.02069588537	-0.0565925238
NAP1L4	0.1955098649	0.4040194579	0.4250292465	0.3952936471	-0.07755813205	0.1648472749	0.1052258614	-0.04379746078	-0.06722211317	0.1715606598	-0.03233513138	-0.02932954119	0.05299505563	0.1336194854	0.1095176689	-0.05280605312
NAPA	0.10458232	0.127151774	0.4697729849	0.4366125157	0.06069040109	0.1827137897	0.1622401505	0.2490079922	0.4318814899	-0.1000875948	-0.179240093	-0.08638687704	0.2460395187	0.08646991324	-0.1864832257	0.003490793018
NAPG	0.08480368256	0.1135014242	0.2827714748	-0.02635897412	0.01823627032	-0.09178106735	-0.05113279033	-0.2175926531	-0.1264566919	0.1141774943	0.01412311733	0.01783909805	-0.2638055435	-0.1023957462	-0.06766914582	-0.2219558172
NAPRT	-0.04307860934	-0.2318084503	-0.1680669909	0.406548622	-0.3314309243	-0.6460559344	-0.4037985341	0.2353382842	-0.01706940781	-0.6425029969	-0.9538695321	-0.6377322842	-0.2483361431	-0.03265124218	-0.2218490091	-0.1832947574
NAPSA	-0.7099103271	-0.07861565123	-3.633357481	-0.868418512	-0.6745198824	-2.06196833	-1.170653541	-0.01624615448	-0.3625496619	-2.731784123	-2.41716135	-2.232534637	-1.817762664	-1.279014458	-1.663064279	-0.7053341229
NASP	0.02559393082	0.2237233848	0.224606894	0.5812219061	0.3904782074	0.3721202241	0.3296097972	-0.592213256	-0.2795660322	0.8406277279	0.6933523379	0.4309135632	0.3535586525	-0.430879358	0.02867606632	-0.03610567661
NCALD	-0.1230157529	-0.06903589291	-0.8397841694	-0.3580846933	0.04500649294	0.1494107826	0.1634444477	0.3101045284	0.3500928465	0.531801789	0.3439092696	0.1486297499	0.4669852569	0.7155389663	0.4343366881	0.04472795787
NCEH1	-0.1289839673	-0.2237722275	0.1581781853	-1.130308661	-0.2686970299	-0.4806675931	-0.6086822264	-0.2654857807	-0.2486472842	-0.7091825743	-1.175844707	-0.8766458577	-0.8976763195	-0.793152613	-0.6110184919	-0.598678597
NCKAP1	-0.3921536463	-0.3095031379	-0.258721161	-0.6088121105	0.1855604602	0.1530396066	-0.1247908239	-0.8154546263	-0.2174348503	0.234516434	-0.222293858	-0.1994527983	-0.4390039525	-1.074008031	-0.1942800887	-0.2975581969
NCL	0.07816490058	0.2000817096	0.2770469108	0.3715402906	0.3520066786	0.5632513138	0.3834210237	-0.9956999254	0.08347133085	0.57398175	0.3107753682	0.4365567132	0.2363041572	-1.022159293	0.09656621068	0.01590719255
NCLN	0.2031318136	0.2233589625	0.1469596062	0.4299192122	0.1030545313	0.281747404	0.09825318553	0.4091171053	-0.06400322109	0.2959073789	-0.001570110327	-0.006551783416	0.2030081714	0.2579332628	-0.006774272906	-0.01568307587
NDRG1	-0.2622708999	-0.6843862299	-0.8440744102	-0.7245450514	1.710586455	0.7651723806	0.6839501386	0.9094389105	-0.07961832861	-0.647338525	0.6801119472	1.390422567	0.3563369578	-0.07634250876	-0.4333227732	-0.6501257541
NDRG2	0.1479828952	-0.1205666676	0.337733048	-0.4531660544	-1.044208652	-1.342993265	-0.8523903875	0.04776066212	-0.1943570535	-1.296842358	-0.6758294118	-0.4585226138	-0.907599623	-0.430657463	-0.4360824519	-0.3843148986
NDRG3	0.06987139038	-0.1398394799	0.657148291	-0.3775708952	-0.2684537576	-0.6657586301	-0.4255706879	0.2521237329	-0.1421929503	-0.5303713166	-0.5336938786	-0.5360651971	-0.3631915918	-0.1644201493	-0.2713145033	-0.1969802978
NDUFA10	-0.1400565938	-0.4298165425	-0.358284272	-0.06207044405	-0.264643282	-1.179174052	-0.6675045721	0.1711138317	0.1035173075	-0.6346913857	-0.3483309043	-0.4318310311	-0.6350276409	-0.5317672717	-0.7617885066	-0.06883959971
NDUFA11	-0.03011163093	-0.3061500446	0.02703759512	-0.0259981938	-0.280572169	-0.6512049866	-0.1630658675	0.0660053915	-0.08340619087	-0.6582277961	-0.2592380016	-0.5196300272	-0.3492752347	-0.3927733005	-0.4328529188	0.02122930347
NDUFA12	-0.1961391293	-0.4424792358	-0.192991032	-0.2421522544	-0.1870220397	-0.8887241642	-0.4349144335	0.3448608693	-0.09198481286	-0.5072650062	-0.1801943944	-0.3141943099	-0.4504928359	-0.2203577531	-0.5212659998	0.05401662518
NDUFA13	-0.1114672787	-0.3842528425	-0.1202608936	-0.0671651251	-0.2295176001	-0.8598424148	-0.2921033415	0.2091271638	-0.1438323198	-0.881067014	-0.2590014148	-0.3109438653	-0.4943226945	-0.3866902797	-0.4922231826	0.1365690522
NDUFA2	0.02609283316	0.02803015043	0.211020697	0.3652444677	-0.1412361942	-0.2929234753	0.220486271	0.06031557767	-0.1006958144	-0.6768610732	-0.1858247201	-0.250351858	-0.3432211052	-0.4887324874	-0.3393926725	0.1172478572
NDUFA5	-0.2808439447	-0.3116624332	-0.1538043975	-0.371692233	-0.2919867199	-0.9841785825	-0.2507328026	-0.2949533693	-0.2920059526	-0.8548241135	-0.1377308193	-0.4827502416	-0.6864570292	-0.9606284274	-0.5807340594	0.04953489408
NDUFA6	-0.05678712613	-0.3318231904	0.003998559422	-0.08620664807	-0.3108681076	-0.8060280543	-0.2333590062	0.01643386622	-0.2377810248	-0.9680586253	-0.5294251314	-0.4580343502	-0.4923105561	-0.4399764676	-0.3574312277	-0.003670201059
NDUFA7	0.2084943418	0.1090493078	0.1776807774	0.4564307842	-0.1434172133	-0.2481866203	0.159042066	0.1231581222	-0.02971737099	-0.4246076232	-0.03916086421	-0.03517229793	-0.2274529073	-0.1543721978	-0.2636919649	0.03567427652
NDUFA8	-0.1871961111	-0.4722123507	-0.1084902492	-0.2455285395	-0.1888877153	-0.8770181367	-0.2636452343	0.1925787479	0.0352916469	-0.4705854318	-0.02696702515	-0.2861968302	-0.3194148061	-0.2126647528	-0.5173748971	0.00139141312
NDUFA9	-0.3516407124	-0.6337008333	-0.6061308989	-0.4070329974	-0.2203536194	-1.055027474	-0.5519715867	-0.129035214	-0.0852315083	-0.8464000426	-0.4505008841	-0.4412794778	-0.6464012132	-0.6513693113	-0.4881631822	-0.09571305835
NDUFAB1	-0.294175752	-0.5469858811	-0.4366245527	-0.4167076926	-0.2895892274	-1.000678798	-0.4971246793	0.02641641076	-0.06002673177	-0.5876781814	-0.262640681	-0.5255789109	-0.5026949053	-0.5048178796	-0.5348469505	-0.09765444514
NDUFB10	-0.02329666839	-0.2350294909	-0.09260344901	-0.1208645471	-0.2870567583	-0.9926456952	-0.3911680957	0.09753655643	0.02486229364	-0.7138658235	-0.01962814644	-0.3178233829	-0.4105444861	-0.4167099595	-0.5936702775	-0.04470878534
NDUFB4	-0.2028134913	-0.2044551056	-0.1758217701	0.07585514002	-0.219456264	-0.928026383	-0.3893532969	0.2455025247	-0.217604891	-0.9612803482	-0.3999109281	-0.5343870662	-0.7393326388	-0.3157927583	-0.5061916087	-0.126916093
NDUFB5	-0.2461072907	-0.4887984662	-0.4258978539	-0.6806691713	-0.2128502214	-0.9849590926	-0.3790483216	0.2029561541	-0.1207104058	-0.8652066824	-0.3903952385	-0.3995170428	-0.4750422592	-0.3770153138	-0.4389752186	-0.04501454919
NDUFB6	-0.2421834211	-0.2402171576	-0.1721601025	-0.1661466798	-0.06860842938	-0.4930340822	-0.05307705313	0.2560877488	0.1301335529	-0.3160929844	0.5356735503	0.2553342117	-0.2799753359	-0.1526866545	-0.2740545565	0.1636880771
NDUFB7	0.04996302397	-0.1213075648	0.1142081275	0.2294482639	-0.1463196445	-0.6252751304	-0.1322827254	0.1460317749	0.03494846628	-0.4331016288	-0.02886091556	-0.2619760164	-0.255609744	-0.3586467019	-0.5065799522	0.04627665766
NDUFB8	-0.05238264741	-0.3341852621	-0.04730531397	-0.1066874316	-0.1998879885	-0.7798971399	-0.1949605235	0.1704482435	-0.1783812051	-0.6690226634	0.02351484683	-0.1741724759	-0.4341062265	-0.3519387747	-0.4262488066	0.004879723179
NDUFB9	-0.07721129051	-0.2650041018	-0.1132926755	-0.1347443301	-0.2188731544	-0.9238875842	-0.2979870632	0.2306247212	-0.03267283991	-0.8344311418	-0.3469003481	-0.3852240721	-0.5916856788	-0.3593298246	-0.4763302361	-0.01334830888
NDUFS1	-0.481583926	-0.6976103055	-0.6522601323	-1.086950235	-0.2775126091	-1.535279614	-1.088555814	-0.8659495231	-0.307677472	-1.132134032	-0.6268911889	-0.7725584224	-0.994801188	-1.283106105	-0.5010778382	-0.2763777577
NDUFS2	-0.1562571967	-0.3327721966	-0.1618837203	-0.1108260662	-0.2323700365	-1.185459365	-0.6699235388	0.1090443234	-0.1092649209	-0.9312918656	-0.3027031529	-0.3508443305	-0.6791408169	-0.3246082572	-0.4602157721	-0.09005282758
NDUFS3	-0.218971564	-0.5763274914	-0.3292180236	-0.5253112876	-0.2073554941	-0.9246695504	-0.3082115554	-0.2460839159	-0.06806679544	-0.7717726628	-0.2998148268	-0.4446050006	-0.5954226417	-0.7218070729	-0.5834589341	-0.1006050127
NDUFS4	-0.1730135548	-0.2735712826	-0.04446824194	-0.003656322966	-0.03777634462	-0.4882859409	-0.05660788029	-0.3223789571	-0.2490874306	-0.6971657222	-0.178489498	-0.3169082482	-0.521595309	-0.9923452677	-0.4309149526	-0.02292403639
NDUFS5	-0.1038334742	-0.3577231435	-0.1087144316	0.01961227284	-0.1675632494	-0.7741594548	-0.2178225812	0.006175684559	0.0252706149	-0.5532674359	-0.1350285114	-0.2820365897	-0.2989492325	-0.446305216	-0.4664673834	0.04567644656
NDUFS6	-0.08553164444	-0.2997857837	-0.1494839199	-0.1438807178	-0.121019239	-0.7569627659	-0.1964813928	0.1180959334	-0.1141149815	-0.6896860342	-0.08200827979	-0.2231487486	-0.4187932238	-0.4934091445	-0.473636513	0.08697066687
NDUFS7	-0.05074071289	-0.2703822291	-0.3695102487	-0.1751809546	-0.3932640483	-0.8350518034	-0.4027143598	0.05115231118	-0.140344785	-0.5878828049	-0.1974917594	-0.4750281575	-0.4599185038	-0.4490490116	-0.5596032487	-0.06432375382
NDUFS8	-0.09005270039	-0.3739806444	-0.2889630238	-0.3140581458	-0.2554370834	-0.9502066338	-0.4469940942	0.2767999369	-0.1054033969	-0.827764715	-0.4521604167	-0.479401557	-0.4949691146	-0.2287061263	-0.3403281513	-0.03765738752
NDUFV1	-0.2265848049	-0.5645652022	-0.391545498	-0.304705587	-0.2330515347	-1.000660657	-0.5252189242	0.05576701564	-0.1358241477	-0.9923180955	-0.4437911854	-0.5775229531	-0.7677802813	-0.4708230594	-0.5847476936	-0.09686513574
NDUFV2	-0.1648558774	-0.2469180007	-0.2178227658	-0.1486565873	-0.2355190876	-0.8541956985	-0.3018978249	-0.06352779845	-0.2648262499	-0.732748048	-0.1820019516	-0.4021149676	-0.5677850529	-0.5221661813	-0.4229921917	-0.08365162361
NDUFV3	-0.2213902134	-0.4811606861	-0.2260259299	-0.3050381808	-0.2124810639	-1.147108625	-0.4989273478	0.3266218318	-0.06076183055	-1.105750861	-0.622961366	-0.5562984753	-0.5611549314	-0.3436842758	-0.5986137388	0.03354875205
NECAP1	-0.09186454004	-0.1074815885	0.007636868678	-0.1051581282	-0.1414430483	-0.3874480371	-0.3442220821	-0.05901654683	0.04464447333	-0.4401637276	-0.3690370044	-0.4169320166	-0.5413426135	-0.3101201409	-0.4155294218	-0.2488883814
NENF	-0.1303708543	-0.3247708048	0.06247590942	0.3481860627	-0.1917677873	0.1875130313	0.4424365559	0.1303234745	-0.04498929298	-0.4008233601	0.09793701474	-0.02807735264	0.162018133	0.1467108996	0.1187532813	0.1315224827
NES	0.204831373	0.2200203892	0.7286988376	0.5688452842	-0.1593206031	1.77784998	0.603174128	0.7621516371	1.318475295	1.33015206	0.835229345	0.5238495475	1.545475126	1.320427268	1.477939285	0.5415489183
NEXN	0.9960527809	1.534643241	1.825422416	0.939593955	0.02750189468	0.5865023687	0.5422121936	-0.2278874577	-0.07477721881	0.9363819089	1.144713254	0.4855485404	0.8360163066	-0.06433942268	0.7922989441	0.5545987041
NFKB1	0.3180678281	0.5830796446	0.7180099946	0.3973633801	0.4017486166	1.484821112	0.5977810864	-0.00863443337	0.3140443418	0.6594118491	0.5048071829	0.8043088445	1.263323186	1.261398324	1.025106824	0.400579556
NFS1	-0.3314411952	-0.7519755188	-0.6791765607	-0.6549483126	-0.2437499353	-1.41874969	-0.9360643095	0.08172280429	-0.2340334981	-1.155960595	-0.9466169866	-0.8271728027	-0.8485501733	-0.4241576724	-0.537356775	-0.207638482
NFU1	-0.1870548819	-0.59192082	-0.16619209	-0.2765038976	-0.06152846673	0.1203267261	0.007708857672	-0.07263706727	-0.1013083589	0.3169811171	0.00959387776	0.05825590011	0.2529951428	-0.01970210857	-0.0657512062	0.05875926871
NHLRC2	-0.06132978589	0.1654704411	0.280206297	-0.5189109288	-0.03941080394	0.1941399648	0.07771462413	0.0586636396	0.2746126289	0.06968939513	-0.3478691636	-0.09808425734	-0.5295806166	0.02876009184	-0.05103158413	-0.2261442679
NID1	-0.05045623594	0.6793118165	0.4019204617	0.4579863062	0.391871603	1.756379245	0.5131594526	0.7271167525	0.6776032607	1.906787379	1.771760935	1.96405441	1.610332938	2.079508492	1.745359408	0.4725681186
NIF3L1	-0.1988185088	-0.2003843975	0.1437933118	0.01527055869	-0.06962901959	0.05333805812	-0.03581871234	0.02727272889	-0.1314227651	-0.09223778514	-0.3614647882	-0.3632925236	-0.1821343937	-0.08873494635	-0.143838957	-0.1345279409
NIPSNAP1	-0.2521879401	-0.3787599677	-0.974362664	-0.2208050841	-0.4086040016	-1.253574477	-0.7243401278	-0.01939548035	-0.07420267491	-0.9851550234	-0.7281195019	-0.7962010828	-0.6143117111	-0.4045184643	-0.4677362706	-0.1864418418
NIT1	-0.1646695594	-0.4761482613	-0.397415879	-0.1189168082	-0.2939428995	-1.116053604	-0.9569480063	0.006321605527	-0.01997638872	-0.9536720943	-0.9855912575	-0.6542714749	-0.6260800994	-0.5594243145	-0.6960917302	-0.2367040506
NIT2	-0.5210227212	-0.7558275562	-1.38451949	-0.787904237	-0.528113035	-1.365262609	-1.006328831	-0.1025141499	-0.2335680388	-1.537972219	-0.9350137349	-0.7817242809	-0.6462573563	-0.4373168324	-0.3039473475	-0.2364243465
NLRX1	-0.07123576089	0.01591907633	0.1474915501	0.3792385356	-0.2813854671	-0.5296899249	-0.5418875922	0.3521753714	-0.1039955614	-0.7791631	-0.6433285648	-0.443826008	-0.4497880666	0.05071969311	-0.2647148756	-0.1833626749
NME1	0.5721707416	1.104387294	0.7786374463	1.411058358	0.1149041836	-0.5204162853	-0.1733690015	0.2239565376	-0.1156145201	-0.08497620814	0.1555968234	-0.0773763339	-0.1042909807	-0.1067011269	-0.2849401291	0.07805992336
NMNAT3	-0.5038704446	-0.5850751423	-0.2599087157	-0.4798524016	0.01126398364	0.9977099181	0.4739874842	0.1515089195	0.04203717983	0.7588765753	0.394124509	0.1012471294	0.0682798861	0.05602982922	-0.03078262519	-0.09452323422
NMT1	0.01994360297	0.02839329276	0.1295179766	0.0003351689663	-0.07511810427	-0.0375313195	0.00304687114	-0.2356702354	-0.1561587005	-0.1158526015	-0.4427406589	-0.3126958916	-0.3017179925	-0.1142833902	-0.23192227	-0.05307851136
NNT	-0.2424682725	0.04289739335	0.1617981646	-0.7211934387	-0.3273569264	-1.308048658	-1.074320658	-0.05077917589	-0.1858476374	-1.288824644	-0.915678417	-0.6172063783	-0.922454581	-0.4337913526	-0.5412310898	-0.3572180815
NONO	0.01275053002	0.08172704945	0.1958881948	0.2312340763	0.1221131343	0.6481837461	0.2635325122	-0.1488304	-0.1667852518	0.1990674118	0.1713304462	0.3384107202	0.4395711439	0.4313589235	0.3061311786	-0.03173544982
NOP56	0.4173447204	0.5919774087	0.4994789946	0.6988851621	0.6787322312	0.643505874	0.5816286255	-0.2895778264	0.2558236211	1.155929782	0.1916453604	0.09280530448	0.4329050532	0.05777587652	0.04606028481	0.1575241677
NPC2	0.6489875447	0.7424864142	1.094492739	1.026724229	-0.03116107393	0.8146842648	0.4510958564	0.1821622923	0.1026015105	-0.005600114976	0.5050289076	0.6170659913	0.7740451428	0.7206458753	0.4985118442	0.3669693748
NPEPL1	-0.1202037131	-0.1452122597	0.02065747816	0.3461776068	-0.1971387897	-0.3958952474	-0.3486507722	0.2448384833	-0.09716512576	-0.1835674988	-0.4833613142	-0.3784842257	-0.2625852773	-0.196737599	-0.2997769173	-0.0937592055
NPEPPS	-0.3778976685	-0.5205286306	-0.1174997768	-0.4980576449	0.09098789423	0.3998369613	0.3080154556	0.01355264333	0.05573234753	0.5947838046	0.2368539749	0.2088127169	0.3941220879	0.2187927781	-0.06678961442	-0.09918979944
NPHP3	-0.4878251243	-0.8513120102	-0.3553933407	-0.7104482923	-0.4032365392	-0.5719251329	-0.4076679169	-0.0374718644	-0.1292312278	-0.1366806229	-0.538444409	-0.5000076303	-0.5839330219	-0.2263372698	-0.26898604	-0.3347601973
NPL	-0.2260672849	-0.4256513274	0.1302387196	0.05924025536	1.422811579	0.2682334312	0.3425018212	-0.2343483934	-0.4046722319	0.4064097425	0.3895385301	0.4901690583	0.2461484844	-0.0810741384	-0.1726299227	0.07284651477
NPLOC4	0.09426557566	0.05204183196	0.1247948366	0.1430213249	-0.05483224975	-0.1838532514	-0.1665365419	0.2381032732	0.05308589772	-0.1216438123	-0.3363006841	-0.2065336359	-0.3322992525	0.01652804564	-0.2283371762	-0.1574729998
NPM1	0.1376352352	0.232211266	0.2227131467	0.441686995	0.5580393041	0.8274299049	0.5687363167	-0.7324727188	-0.1301909652	0.7504713255	0.5158955514	0.8917222102	0.7261093101	-0.6784912515	0.2489562999	0.05589282816
NPTN	-0.1398386515	-0.05134741016	0.2702831267	-0.2678246218	-0.02034068256	0.2879451022	0.1867824338	-0.1316476554	-0.1692505649	-0.07208938915	0.1809632347	0.1185055679	0.04560074347	0.06214351034	0.1612899909	-0.09699082
NQO1	0.3088073879	-0.183489183	0.6273549528	-0.01895097772	-0.4047329546	-0.9076349118	0.2405442503	-0.6494803128	-1.060476617	0.9628483256	1.363352856	0.2350183555	-1.079457477	-0.75265462	-0.8486880784	0.1000110959
NQO2	-0.5717085328	-1.022193227	-1.441064778	-1.060194879	-0.3031772446	-0.2014369808	-0.3455534995	-0.4130274246	-0.2646606976	-0.03235400071	-0.03154195601	-0.179909624	-0.2903639326	-0.7014798477	-0.1118888708	-0.09326045168
NSF	-0.08258717156	0.126657224	0.1534190367	0.1284429376	-0.06518376783	-0.2430783268	-0.305088173	0.2071454014	-0.08842753068	0.0189522984	-0.1103747594	-0.08274601085	-0.1622079441	0.1335627504	-0.1039438064	-0.1426708732
NSFL1C	0.1074785213	0.06433590113	0.3742988615	0.4057338381	0.1444805495	0.1790979054	-0.07571506138	-0.1949057558	0.112728402	0.03679643486	-0.4559535263	-0.4236553691	0.01705293949	-0.1217663265	-0.143891162	0.01926643949
NT5C2	0.04368453481	0.3019762286	-0.2031690529	0.368600006	-0.3150813391	0.1155707632	0.0537924238	-0.2393836733	0.3943441646	-0.08695223265	-0.003555550936	0.04561607703	0.07060035381	-0.1168166028	0.03953067097	-0.2518730911
NT5C3A	-0.09710052822	0.07008436085	0.4604655037	0.201846569	-0.1054810849	-0.276432413	-0.2418696085	-0.2595199146	-0.03400802422	-0.234238134	-0.7073603081	-0.6427888948	-0.4126182816	-0.6626773017	-0.1678796528	-0.1510393072
NT5C3B	0.1084314715	0.2498931113	0.1867472266	0.4144659834	-0.105054561	0.3775536974	0.5469430537	0.1668783842	-0.2527479037	0.2812975777	0.275177955	0.1499992692	0.7393054914	0.7666497044	0.4929617239	0.2471373596
NUCB1	-0.003611523135	-0.05467912082	0.3539361737	0.4861676272	-0.1443600912	0.2876765166	0.04543937662	0.341348274	0.0275593444	-0.2211507736	-0.1239392146	0.1123440378	0.2379484543	0.3562059413	-0.07739621092	0.0312800026
NUCB2	0.5042456293	0.8001260336	0.862185051	0.8715471531	0.1408998993	0.9444768614	0.5128795253	-0.6482231724	0.09352752662	0.6178198201	0.4740235093	0.4403218913	0.5225815909	-0.5724271087	0.2824414905	0.05368829243
NUCKS1	-0.07144293224	-0.1673740088	-0.04223446906	-0.2057189451	0.285462404	0.1938164621	0.2997821961	-0.3165915684	-0.1209183641	-0.01563981683	0.6312643212	0.2424930543	0.1699389899	-0.2105945396	-0.1338757832	-0.1332886552
NUDC	0.1006027906	0.06798462687	0.2658590464	0.3636121189	0.1500800263	0.08844383998	0.1325175237	0.08024407478	0.613349039	0.06356879024	0.1241862271	0.06741076118	0.1270937424	-0.1687394401	-0.2095830853	0.06815658808
NUDT13	-0.5826328532	-1.061333336	-0.9926739683	-0.9088198501	-0.29321284	-0.2628477732	-0.1591508015	-0.003894006008	-0.1291333018	-0.2089707945	-0.2192654174	-0.2672512965	-0.1323542768	-0.09361196493	-0.1298446071	-0.1113748958
NUDT16	-0.09880377984	-0.3410798649	-0.1108437531	-0.1852340098	-0.549210562	-0.3021344538	-0.2864457156	-0.1436664143	-0.1067515379	-0.4909763692	-0.3341082379	-0.1831310965	-0.02935904059	0.1191493592	0.0137075944	-0.00188269776
NUDT19	-0.7553119437	-0.9051858143	-1.149238221	-1.133191455	-0.8738944099	-2.710216387	-1.925184979	-0.2029497017	-0.192351012	-2.239495831	-0.9786553777	-1.734560691	-1.656674217	-0.9281885369	-0.5491893103	-0.5647674025
NUDT21	0.03395374899	0.1564852783	0.1806531155	0.2763200553	0.1617961676	0.4534865624	0.3246865858	-0.1199776738	-0.2193482072	0.1643148404	0.2845704318	0.3851580763	0.255410616	0.3280226433	0.2811313578	-0.09752805602
NUDT5	-0.04875262982	-0.4597053305	0.1722650442	-0.2461108905	0.09585934316	-0.1390151105	-0.09929046853	-0.1524012956	-0.3610440787	0.1809583237	0.1203096839	-0.1031882167	-0.0806235108	-0.1428729856	-0.168827624	-0.01878259215
NUDT7	-0.667620826	-1.118736904	-1.756364421	-1.246372011	-0.2766373203	-0.4589631857	-0.2260058242	-0.6149762175	-0.5365452132	-0.2011022095	-0.3553242302	-0.5587698785	-0.5756508608	-0.5456620688	-0.2264287204	0.05012937994
NUDT9	-0.2587079457	-0.1933464692	-0.022641788	-0.2215448667	0.009108477186	-0.182346074	-0.06800403985	0.06175392376	-0.1765677971	-0.1861699346	-0.229406976	-0.2287292883	-0.1979700257	-0.1503976642	-0.2577864633	0.001914088356
NUMA1	0.2093231612	0.1950160372	0.3833382517	0.02913612605	0.05804298088	0.4097275444	-0.0287592818	0.2771730784	-0.4237599499	0.02537291989	-0.3789696771	0.04802044671	0.1160623651	0.5786773484	0.2341403671	-0.2076838091
NUMB	-0.2831132883	-0.3263148304	0.06383022637	-0.2511737741	-0.1290575579	-0.01781906173	-0.003643010757	0.1159216271	-0.03745530512	-0.05184612925	-0.1412847369	-0.04375654725	-0.0743255252	0.09862072389	-0.009156263125	-0.2064942489
NUP155	-0.08082368708	0.1766023339	0.3130614878	0.01333444129	0.2139033046	0.2533020942	0.1676905966	-0.2863434186	-0.2606207252	0.5791476663	0.1855440146	0.2137214739	0.1173192412	0.1053247877	0.164761475	-0.1976638457
NUP210	0.631672136	0.9653591851	0.1063514934	0.550667132	0.223279937	0.4247724786	0.2011878392	0.09274944871	-0.3209897064	0.2253339208	0.164558927	0.1384723041	0.1336452729	0.529107605	0.01545078353	0.2729400483
NUTF2	0.0493320244	0.1042988272	0.3514757833	0.3899592637	0.1804011397	0.4564718578	0.2733086859	-0.1049240274	-0.09149460657	0.6300713309	0.23109946	0.1522558912	0.3967760284	0.1275599751	0.007231612647	0.04248511982
NXN	0.6137909871	1.122515256	1.020250406	1.024449834	-0.1136836652	0.1767151374	0.1247237531	0.2433675057	-0.1199866419	0.2822823336	0.2809486833	0.07585548717	0.872741812	0.8955075225	0.4100839632	0.06040101971
OAT	-0.2286270854	-0.3000594716	-0.7619402064	-0.5083464437	0.2569936311	-0.05396229447	0.2695940321	0.2190170274	-0.02703263471	0.264032948	0.3210453125	0.2307187393	0.2007740614	0.2494373964	-0.06178539366	-0.1786640529
OCIAD1	-0.2992106435	-0.304615878	-0.01813017822	-0.3353893252	0.0008947668655	-0.02106441902	-0.07533020731	-0.01640739441	-0.01138227629	-0.07869136304	-0.1444036984	-0.08548556002	-0.09998568411	-0.06982031942	-0.1611922668	-0.01582451745
OGDH	-0.2783278292	-0.7163388873	-0.3574020297	-0.568041811	-0.2351316203	-0.8365506084	-0.7680108394	0.5071184529	-0.01548430496	-0.6748159545	-0.3843624418	-0.588298177	-0.4498627619	0.04002151464	-0.4391087053	-0.2390922433
OGDHL	-0.8584802237	-1.008310104	-3.198536577	-1.632651542	0.1691517009	-0.3076433649	-0.3856642829	0.281093225	-0.02375752694	-0.8049415271	-0.8136004212	-0.1787232645	0.5252392259	0.6857032845	0.2703771179	-0.04506361644
OGN	0.4948648855	0.8142205989	0.6601358805	0.03543165938	-0.2772059513	0.8124636961	0.1778711147	-0.07624102981	-0.03869236595	-0.6781103097	-0.04961593697	0.5387283969	0.1417121096	-0.7331105497	0.6072375772	0.4043480095
OLA1	-0.1139118394	-0.1857608249	-0.4031874565	-0.2662494853	-0.0226945567	0.01223407985	0.022665148	-0.8742443116	-0.2253377466	0.4662681592	0.3671766575	0.1240022138	-0.008225820187	-1.009861585	-0.1454001237	-0.002594759616
OLFML1	0.4898052921	0.921573645	0.9762741479	0.5814343093	0.05177050106	0.5298745895	0.3074367004	0.3312215886	-0.1668006246	-0.1883440783	0.4353393062	0.9428983434	1.059441027	1.511638584	1.453784166	0.4274340493
OLFML3	0.9156491799	1.016293927	2.060987179	0.7635599115	-0.01635463529	0.792712002	0.3918804436	0.3337034812	0.1053140234	0.2413198252	1.135674674	0.8412882288	1.384387021	1.546935834	1.372621952	0.7972362925
OPA1	-0.3384881477	-0.3308570849	-0.3238260721	-0.3985218535	-0.1771678756	-0.7569639129	-0.5946864251	-0.546612383	-0.3260493168	-0.345335967	-0.5399038647	-0.5603884305	-0.8485017029	-0.7600052086	-0.2956895733	-0.3227605
OPLAH	-0.3733704575	-0.494652979	-0.1497868347	-0.1404619946	-0.2204551766	-0.1392580587	0.05341527606	-0.1098822897	-0.1944353609	-0.0521180551	-0.07206548452	-0.1002748762	-0.3932727473	-0.03231006349	-0.3268915019	-0.1021443816
OPTN	-0.3249885799	-0.377701469	-0.6708340288	-0.1954685267	-0.002325283611	0.2100080096	0.1000769197	-0.3380862078	0.127331123	0.02950978202	0.1967370172	0.129071595	-0.09699906004	-0.1511812667	-0.1331942607	0.06659516658
OSBP	-0.08991426198	0.0487719732	-0.1239556652	-0.4993732848	-0.1000538152	-0.1316415068	-0.06789909756	0.009615634519	-0.1232611685	-0.1000900785	-0.1954450734	-0.1720021237	-0.3060837019	0.1101968961	-0.1453787777	-0.1718147677
OSBPL1A	-0.2681182208	-0.2040204582	-0.4475044095	-0.4552915345	-0.3932736307	-0.9787338286	-0.5171702179	-0.4116533126	-0.2625348604	-1.125094226	-0.7266270338	-0.8495406495	-1.125920749	-0.7506664918	-0.665217789	-0.3678913498
OSBPL8	-0.4898166851	-0.7214841861	-0.8756138248	-1.270551064	-0.1985339488	-0.5607769588	-0.633312467	-0.5309964953	0.03657851713	-1.120745898	-1.348796434	-1.150082565	-1.315636567	-1.449434097	-0.5680898507	-0.6234782619
OSGEP	0.3183810328	0.3110711739	0.604637325	0.5942474543	0.07592864111	0.2281031365	0.225998469	0.204835382	-0.1311824628	-0.01479035222	-0.02042338269	-0.08373092489	0.3273711659	0.3451109819	0.1348532465	0.09286726786
OSTF1	0.3467989422	0.5680561553	0.7257886249	0.7762928405	0.01492816298	0.5791697072	0.5692999958	-0.01783138831	0.1515015749	0.3609863192	0.479024091	0.3657513617	0.2041888342	0.08186704394	0.004498069627	0.05706082475
OTUB1	0.2165613684	0.3670592029	0.4320353092	0.57665092	-0.2913201437	0.02259419228	0.1309414789	0.1884069711	0.20209866	0.167227013	0.05019574993	0.001401513508	0.2883060251	0.2065543586	-0.1051263185	0.02808873413
OXCT1	-0.4981977926	-1.069562537	-1.779528626	-2.227676384	-0.2621280109	-2.569222017	-1.847794727	-0.799816438	-0.2407415454	-2.026628949	-2.116041371	-1.725337989	-1.728044162	-1.731795696	-0.8892812493	-0.3521872254
OXSM	-0.05203354057	-0.3052874264	-0.5299380731	-0.5887828115	-0.1995304801	-0.9235014753	-0.7291873158	-0.5772198213	-0.5455717369	-0.6158574143	-0.6743859269	-0.6862916711	-0.8800857504	-0.6216148983	-0.3084056357	-0.3513636827
OXSR1	-0.2705885271	-0.2079451206	-0.1932290776	-0.2883123391	0.0242336915	0.2672488834	0.1707181126	-0.004761100069	-0.04477306227	0.3744647801	0.1359303806	0.1235403623	0.149154917	0.2496198309	0.2133619367	-0.07928302245
P4HA1	-0.2855289967	-0.216117319	-0.1686254344	-0.2657421566	0.2958574317	-0.1598796206	-0.3253748163	0.4158940109	0.724083365	0.8099920248	-0.2209398936	-0.3437966155	0.1204857317	-0.05026743793	-0.0955338094	-0.004176247471
P4HB	0.1005038529	0.01272450969	-0.04572390792	0.2263021684	0.001966039828	-0.2734090995	-0.2352245798	0.2999781428	0.04860680206	-0.284211328	-0.1903254825	-0.2524791867	-0.3207150686	-0.01041093355	-0.2957191678	-0.1151947799
PA2G4	0.2306298156	0.3603803221	0.4276431229	0.4492379162	0.4118147954	0.5053485862	0.3116553539	-0.1302087839	-0.1329913112	0.7823101966	0.325775631	0.3608130509	0.3660689075	0.1810312568	-0.001056652087	0.02934493844
PABPC1	0.1720396609	0.3452837498	0.230126135	0.366407766	0.2542001251	0.8105108639	0.4331449322	0.02494023712	0.252140642	0.9114919108	0.4781651875	0.6617570795	0.6099882276	0.4496590169	0.2051420889	0.06632368833
PABPC4	0.1253722767	0.2005070343	-0.03234364509	0.1291321838	0.1276220264	0.4453765908	0.2024531288	0.1894915147	0.6077106919	0.5880423823	0.3174447367	0.6464910521	0.4685923219	0.270938483	-0.03705366862	-0.01412007311
PABPN1	0.005700987263	0.02826406695	0.2287808339	0.1341392792	-0.2168985443	0.2883444189	0.3458668278	-0.2895487645	0.0881536979	0.5400707483	-0.00953309482	-0.1818447047	0.4545397825	-0.04778608054	-0.5164638703	0.003367493859
PACSIN2	-0.1673258681	-0.3337956167	0.1402833388	-0.4324236505	-0.3157075312	-0.3767008244	-0.1633002567	-0.1130990688	0.04073936508	-0.1975244327	-0.2280589312	-0.1381051692	-0.3710069882	-0.1825439213	-0.2177506948	-0.2508818677
PACSIN3	-0.009378224455	-0.09716848231	0.206148933	-0.4798646084	-0.02432365442	0.2225979099	0.2970457046	0.1230032888	-0.1200462861	0.1266830458	0.4088952298	0.3344695557	0.1773693189	0.2801496338	-0.0244196575	-0.05055233363
PAFAH1B1	-0.004500289928	0.1588529414	0.1818493418	0.05495607176	0.08005670857	0.1384985846	0.07546924045	-0.4051490701	0.1603279712	-0.1161308044	-0.2169472209	-0.1834278073	-0.3115308254	-0.8542597564	-0.05669700754	-0.1808836234
PAFAH1B2	-0.006946993455	0.2600278724	0.3838237428	0.2073682167	0.1049322633	0.4087233018	0.2821548614	-0.1575143272	0.03379988459	0.2620072491	0.1064992399	0.150514822	0.02225834641	0.1018562122	0.1614446106	-0.1302036887
PAH	-1.737014079	-1.456283823	-4.722906699	-2.940740978	-0.8261388777	-2.48920847	-2.044202168	0.07133553898	0.1393226448	-2.985390868	-2.323861542	-1.509339148	-0.9633640822	-0.6047859848	-0.451999569	-0.3083833437
PAK2	-0.1867203533	0.001102870541	-0.02364133339	-0.4924733527	0.1563653433	0.6153971913	0.2535021786	-0.03236206876	0.09174322631	0.5177174849	0.3207583397	0.3184519342	0.2972580733	0.294713581	0.2543206491	-0.1123663427
PALLD	0.3990210519	0.7113055175	1.090914257	0.2939434996	-0.402702937	0.5833157361	0.1952274122	1.524274393	2.284518136	1.427544424	0.8059145762	0.4967419685	1.067199577	1.538526961	1.264672375	0.2633163354
PALM	-0.04195325436	-0.03994216842	0.009296869526	0.1205813242	-0.1371615135	0.5662643886	0.3431093859	0.4937061547	0.06431132911	0.7041190418	0.2552139355	0.03562604763	0.3723834336	0.524532367	0.1885536054	-0.09747041267
PALM3	-0.3998525254	-0.7389958763	0.4177616491	-0.08897431785	0.365412443	-0.2297549226	0.1447610643	1.030244719	0.7788139056	1.337539072	0.3405747847	0.3676125561	0.5335234979	0.09051965827	-0.1843171221	-0.06032893352
PAOX	-0.2262465994	-1.026649994	-0.7086402741	-0.3707868467	-0.2535199452	0.09133032222	0.07405439256	-0.1742876738	-0.4655023722	-0.2451526752	0.1726474466	0.3207080378	0.3833078802	0.4010133033	0.2669509867	-0.03660112909
PAPSS1	0.0998327533	0.03142501164	0.4044040302	-0.1043785773	-0.5343672841	-0.765827214	-0.5073647668	0.05552028551	-0.02328204007	-0.9426953902	-0.7121779399	-0.9505506672	-0.7776733803	-0.0650219605	-0.2403061407	-0.1956453562
PAPSS2	-0.4500164561	-0.6259021127	-0.8822438682	-0.5451014591	-0.6403716234	-1.702915662	-1.199546088	-0.2634083586	-0.2441406805	-1.428813017	-0.7655332577	-0.4779620476	-0.8534129817	-0.5568069055	-0.6055698151	-0.4276850643
PARK7	-0.3746856687	-0.8774194646	-0.5046262846	-0.3212320405	-0.005358990028	-0.7754478946	-0.4037582678	0.19778813	-0.006899240014	-0.4332523603	-0.3284287551	-0.3282959481	-0.3487350981	-0.3611243298	-0.4438271253	-0.06251218723
PARP1	0.2149328304	0.1159373145	0.182271381	0.1022312797	0.07833563741	0.2204037356	-0.1447802264	0.1546119432	-0.2265461788	0.3959263168	-0.06196969942	-0.1148726901	0.2868509113	0.5033425231	0.2139356288	-0.02025528831
PARVA	0.03749785915	0.2932767912	0.3478706514	0.03965287539	0.04538627083	0.3688821066	0.1132246869	0.2398616692	-0.05699328798	0.5524357159	0.5437747639	0.3699600051	0.2777598998	0.5189742771	0.2508677118	0.01677973936
PAWR	-0.2623930427	-0.1070504259	0.03689717944	-0.465965004	0.391362293	0.2468624358	0.06975594306	-0.04355545109	0.03197010062	-0.3891287423	-0.2608527951	0.1756809529	-0.1734777852	-0.1043823999	0.09415809803	-0.3940516003
PC	-0.2329215561	-0.3043252288	-1.111314716	-0.2814203913	-0.2445855638	-2.249531188	-1.478215527	0.003703166212	-0.2831256437	-1.665646809	-1.599816577	-1.056647085	-1.359396385	-0.6476406744	-0.7934832836	-0.4544358949
PCBD1	-0.4691914635	-0.9802459719	-0.7291567492	-0.5685645908	-0.4169551081	-1.684387366	-0.9943669116	0.05968511105	0.03043978808	-1.362872133	-0.9150854192	-0.9263192774	-0.7345829437	-0.6474695057	-0.6734293461	-0.09950302462
PCBP1	-0.03596386882	-0.06121856301	0.2467313233	0.08706276468	0.1417573137	0.2143021832	-0.01945774744	0.5364266692	0.3974518735	0.3152666047	-0.1528674888	-0.1631805979	0.2102398777	0.2148049686	-0.09084170451	-0.05529517107
PCBP2	-0.1167520462	-0.247722453	-0.1189970316	-0.2738708874	-0.06361817873	0.08639926343	0.06983303188	0.3268817569	0.1551565883	-0.1784027693	-0.2749722632	0.141079747	0.08369336913	0.2601378815	-0.07625936338	-0.1033855335
PCCA	-0.5950149099	-1.101262235	-1.441406296	-1.254219779	-0.4381996611	-1.825724236	-1.442657087	-0.7680994578	-0.07770886955	-1.437665431	-0.9769705278	-0.8448249571	-0.9345826022	-1.377395454	-0.6530152538	-0.3345452503
PCCB	-0.3708209231	-0.4105983233	-0.6965692988	-0.2638034515	-0.3090423517	-1.331119617	-0.8307974626	-0.05698270929	-0.1590936857	-1.151509399	-0.9547267671	-0.7987012776	-0.9511919322	-0.4257548086	-0.5664497053	-0.3316153664
PCK1	0.3586207294	0.9324661906	-2.603438053	-0.1195026427	0.06258238403	-2.002106544	-1.46688765	-0.3219177178	0.2096246678	-0.5121278365	1.053949917	0.9611418119	-1.260604587	-1.083987341	-0.6841630143	-0.2072870865
PCK2	-0.8897181324	-1.955216252	-2.551362179	-1.779438329	0.07224127416	0.5698971827	0.416248161	0.05102729734	-0.1626751715	0.4009361314	0.6190741428	0.8384834774	1.04504929	0.9795244918	0.7302169463	0.1447337081
PCMT1	0.06984850313	0.03425792763	0.3160411018	-0.03298061645	-0.1839984523	-0.2459064816	0.02936765826	-0.1822863582	-0.1177320381	-0.4016078964	-0.1627671242	-0.2250010447	-0.3598609663	-0.3571121159	-0.1094276939	-0.1716928207
PCNA	0.1436574759	0.349332364	0.4120124776	0.4123511579	1.047472889	0.551355987	0.493194746	0.09804001878	0.2442699915	0.9034021543	1.570787252	0.9022414726	0.5000938082	0.161449438	0.1231515422	0.1323566017
PCNP	-0.05309226216	0.01349296384	0.226060321	-0.04827798048	0.06863013615	0.1242580708	0.03787147465	-0.4589284265	-0.09329887202	-0.02803222583	-0.2329557878	-0.2079229239	-0.2958384315	-0.7156372866	-0.1722396645	-0.150872557
PCOLCE	0.709515354	1.291634304	1.239349601	0.8209767338	-0.03364038974	0.154222638	0.2793937893	0.360612341	0.2249905139	0.2882822023	0.8062664944	0.4190933412	0.795331219	0.8796411699	0.3033437382	0.5474326355
PCYT2	-0.2245064536	-0.6437512212	-1.066579563	-0.7592148637	-0.4887984829	-1.162355441	-0.7824702323	0.2328110098	-0.02423889122	-0.9062042441	-1.108389996	-0.9336422023	-0.458653327	-0.5446711059	-0.6374096686	-0.1071741185
PDAP1	0.2216915024	0.2304972041	0.4258063192	0.5366689832	0.09449890752	0.1132121061	0.1948764688	-0.05770712332	-0.02392758679	0.4785277335	0.2579305273	0.1465590711	0.07969402794	0.002875617001	-0.0685073463	0.05020862063
PDCD10	0.03291210056	0.3045427235	0.2967730722	0.3184376582	0.1323393675	0.1987503186	0.3409879754	-0.2388579788	-0.02836851378	-0.2489006511	0.1768000157	0.1460750303	-0.06687708343	-0.2090956642	-0.01215709965	-0.1209975215
PDCD4	0.03909461958	0.06981651772	0.3197184462	-0.216806882	0.05640316246	0.4520474552	0.6866517361	-0.6415073646	0.1483433415	-0.6441855771	-0.1876947982	0.05557544637	-0.00913450219	-0.5650400298	0.1306972195	0.3445719681
PDCD5	0.07211574928	0.2280159671	0.2943211797	0.4808205116	0.2142378347	0.3564078919	0.6335700798	-0.1739453356	-0.1725193835	0.1610994597	0.2805310505	0.1802504995	0.03268916746	-0.1549229986	-0.08289896397	0.168276327
PDCD6	-0.06126508791	-0.04982207353	-0.0200555741	-0.1061085915	-0.05894244973	0.05565685267	0.2712409316	-0.1348179466	0.305191159	0.1484011143	0.2973691768	0.2455202087	0.01885367153	-0.08642611369	-0.1680965391	-0.09411765966
PDCD6IP	-0.1485867866	0.04337760125	0.2780505875	-0.1606017508	0.2846917077	0.668522366	0.2902626047	0.125866468	0.1501964826	0.8994060317	0.2780383013	0.379569228	0.2396412465	0.3301723898	0.03295314168	-0.1543043727
PDCL3	-0.03269426822	0.0770057726	0.3112958097	-0.09163728312	0.1443147562	0.3394027144	0.3034228255	-0.1514723829	-0.02550462054	0.07720014267	0.264823517	0.1854731167	0.3126817036	-0.1606139934	0.03234044028	-0.08453030715
PDGFRB	0.7055899683	1.492584054	0.764480222	0.5836798562	0.3566305756	1.590205958	0.769386117	0.6177535429	-0.01846646527	1.84085402	1.940030399	1.68873297	1.759989969	2.214697759	1.533078834	0.6648873908
PDHA1	-0.2776292947	-0.3111081119	-0.3495249262	-0.6467854836	-0.2409123022	-1.004426268	-0.7600581422	-0.5793477993	-0.2269526803	-0.753117135	-0.4617065442	-0.3732848385	-1.045787942	-0.8430800144	-0.4534164588	-0.1953903546
PDHB	-0.3140313726	-0.5973933907	-0.4847311185	-0.6751140731	-0.324271785	-0.9603936794	-0.5009745968	-0.06845370738	-0.03609650623	-0.8467466867	-0.5395862665	-0.726165292	-0.6723457922	-0.4015583731	-0.4185288899	-0.1697254223
PDHX	-0.2475480081	-0.3935088284	-0.3664845801	-0.6755777018	-0.1184094784	-0.8209494775	-0.4467679867	-0.4759036776	-0.3999818777	-0.3201930224	-0.3544989585	-0.6303040237	-0.8892857267	-0.6436621332	-0.4658461343	-0.2007783629
PDIA3	0.1084581285	0.1825368868	0.1737261696	0.3650914494	0.2739292906	0.2466443009	-0.04827011126	-0.3075743866	0.2834760729	-0.02375645207	-0.2818369542	0.06682866214	0.07254443305	-0.5559574034	-0.2089800421	-0.01247522024
PDIA4	0.4850663979	0.7481006318	0.2181830864	0.5147843863	0.2112485909	0.587539586	0.04064137045	0.3569273479	0.1602538627	0.3923001707	-0.2668681479	0.0006831333019	0.2871388445	0.4451843599	-0.01701765351	0.2060631356
PDIA5	0.4927977038	0.7401521531	0.8824394741	0.6498019794	0.03149152958	0.4597479788	0.1535289362	0.4729808901	0.0463538793	0.8618113566	0.3399659814	0.1051352772	0.6860336005	0.6579619922	0.3446773504	-0.1829870416
PDIA6	0.26699407	0.3238238866	0.2959761655	0.3111941429	0.5076219913	0.7032240527	0.2788529685	-0.03222786342	0.2690649275	0.2386135064	0.01065126709	0.1476782584	0.2974818264	-0.1474370083	-0.05870534788	0.1266168472
PDK3	-0.2114882913	-0.4622066961	-0.5635494381	-0.4228330607	-0.3064577709	-1.277836118	-1.035285079	-0.2295496993	-0.1050109452	-1.130426794	-1.135174397	-1.268165269	-1.037816348	-0.8145515775	-0.7001173735	-0.409161507
PDLIM1	0.0849564025	0.6940478057	0.6957783425	1.109764047	-0.1376929516	0.4023384717	0.1769089731	0.2767050019	0.2690944769	1.686050323	1.931088056	1.35831463	1.373158884	1.157550081	0.9178027986	0.7353312761
PDLIM2	-0.01516181364	-0.5279996088	-0.8951944118	-0.1767526269	-0.2856250876	0.04985909142	-0.205711804	-0.1577809712	0.06863864342	-0.07676701668	0.3588880501	0.003119918144	-0.1742839082	0.3198570518	0.1146845083	0.3334774611
PDLIM5	0.09032070998	0.2254450143	0.4582081782	-0.236771189	0.07312880149	0.6950741404	0.3064170612	-0.01257915207	0.3606596112	0.3513684651	0.4859920325	0.4632786713	0.3474112899	0.3687163848	0.4849117524	-0.1737907835
PDLIM7	0.8271531293	1.336580117	1.159524544	1.470494838	0.7620229765	2.054380763	1.489360827	0.7368015481	1.886082011	2.321545861	2.280717096	1.909535951	2.184816952	1.705195248	1.156273042	0.7148209489
PDPR	-0.1613677452	-0.1221968423	0.02967939319	-0.4782751106	-0.3665511495	-0.738514469	-0.6253366051	-0.2973216521	-0.7059374338	-1.014590657	-1.92567193	-1.324366416	-2.013246394	-0.4239648586	-0.08094250394	-0.5317866737
PDXDC1	-0.1765115708	-0.1803562497	0.1245093306	-0.1408337315	-0.09000381432	-0.1997917537	-0.2027542854	-0.197827773	-0.2753866325	-0.3361125607	-0.6395399051	-0.4622945951	-0.5502137724	-0.2071125928	-0.1177872001	-0.1748216331
PDXK	0.3134157689	0.6356451484	0.2791440375	0.3847028443	-0.3805250303	1.077630669	0.3788221079	0.2781993963	0.8211849324	0.4455910656	0.2918550302	0.3473335694	0.2058418291	0.4936368544	0.1603482205	-0.01860416225
PDZK1	-0.2122249976	-0.4157052482	-1.823359322	-0.3717886208	-0.6658511705	-1.664975316	-1.463137625	0.1610725227	-0.1253037021	-1.201755839	-1.081955085	-1.230120132	-1.023293015	-0.2465395446	-0.3118157108	-0.2945213665
PEA15	0.7474389257	1.066144135	1.385041614	0.9529481577	0.6549173873	2.317239347	1.583211678	0.5607351247	0.1822505664	2.203262977	2.122261697	1.759771078	2.024133319	1.963285634	1.470186839	0.6711317926
PEBP1	-0.332783005	-0.9655513464	-0.3294797709	-0.7922543475	-0.01478297997	-0.489265905	-0.1771288677	0.1264703195	-0.09778597349	-0.4700363236	-0.1538964215	-0.293125786	-0.3815420145	-0.1206372372	-0.3234026069	0.02834409607
PECAM1	0.7512512959	2.085781301	0.9726741233	1.683224856	0.1335508385	-0.1114668721	-0.07214213436	0.4011943983	0.3244906034	0.7700955302	0.7137584172	0.5946090152	0.2873781495	0.4272000992	0.1192676554	0.1094400889
PEPD	-0.6190681246	-1.258080119	-1.429838556	-1.23121463	-0.3660225753	-1.370722383	-0.9848141683	0.09341694204	-0.02660330771	-1.107217962	-0.4433155299	-0.6105220178	-0.7053829592	-0.5951707258	-0.6439508519	-0.2293771164
PEX11G	-0.1398830123	-0.3678966902	0.007334857577	0.2646549406	-0.2893226097	-0.7177643306	-0.5496826015	0.02739242017	-0.1544074845	-0.8794270242	-1.073402849	-1.031636827	-0.6277798266	-0.2626784759	-0.426667908	0.005476322958
PEX14	0.03907897545	0.1411760342	0.3158137722	0.295599143	-0.1407408157	-0.5293710492	-0.2514338469	0.2435236966	0.01404597621	-0.1834909428	-0.1472482196	-0.2669763904	-0.260232706	-0.007220762318	-0.349351006	-0.004763518175
PEX19	0.1728395885	0.4025298864	0.06947899402	0.490650648	-0.4222884759	-0.5758462022	-0.3546383042	0.1197186487	-0.3378987107	-0.5795439798	-0.3142740607	-0.3814639524	-0.3886278619	0.1422258105	-0.1242117567	-0.1839375928
PEX5	-0.2428722206	-0.498368766	-0.567472917	-0.2501202449	-0.1861268936	-0.5307724	-0.3373026881	0.3121239262	0.2957174484	-0.3596933168	-0.5371579801	-0.4660174165	-0.4174607862	0.005898034011	-0.2492877666	-0.2198075191
PFAS	-0.1156180564	-0.2385581889	-0.130391053	-0.1209565927	-0.3458713367	-0.4266729606	-0.3028567011	0.2972546536	-0.5879841787	0.1770621717	-0.3756936008	-0.434868585	-0.2245864577	0.2975397803	-0.1163237186	-0.3220621144
PFDN1	-0.1352642268	-0.06060207538	0.09954557205	0.3756701794	-0.02780710941	-0.247217736	0.02540209442	-0.1351889251	-0.02517400207	-0.2322483359	0.09560496407	-0.01680913762	-0.08648319014	-0.3755357946	-0.2505343406	0.1283956789
PFDN2	0.2108620152	0.2629118839	0.5857142015	0.5773576451	-0.1119348862	-0.519803819	-0.3471521011	-0.1598599881	0.04266829564	-0.2772356771	-0.2027638295	-0.2959466677	-0.4315527749	-0.3775485996	-0.4827615615	0.01752710479
PFDN5	0.1517126498	0.01886771108	0.3489491279	0.4941994993	-0.2269130417	0.04118594068	0.2212074551	0.08228013783	-0.03167770395	-0.3739309562	-0.08026463197	-0.09145183877	0.1574213711	-0.05903000319	-0.02727357071	0.06541479908
PFKL	-0.02410511053	-0.1103209291	0.3963453212	0.3830502661	-0.1372776213	-0.211379774	0.04828079552	0.5005219767	-0.1184772938	-0.05654733679	-0.1516033797	-0.3149027861	0.2042394333	0.5222672923	0.02856620938	-0.001806419495
PFKM	-0.251657971	-0.4703662077	0.07000243286	-0.4245790878	-0.6720803787	-1.008831493	-0.6471770926	0.3463160586	-0.2139687207	-0.8638922002	-0.9002737363	-0.9259505429	-0.5166141658	0.04747451177	-0.2993486641	-0.1218526947
PFN1	0.6787520783	0.9980645753	1.086102592	1.305701752	0.3521999116	1.237024147	0.7302628174	0.221329956	0.2467780462	1.215650746	0.9650750311	0.7201869445	1.138870687	0.7008603686	0.3397222617	0.333859374
PFN2	-0.05418937333	0.5335919576	0.7685615696	0.5324646811	-0.3019030296	0.1727478702	0.3894027945	-0.1925296055	0.08697318969	0.6924368929	0.4703064082	-0.2226834325	0.241428069	0.3280954617	0.2040678657	0.0368356038
PGAM1	0.04964169094	0.1802314528	0.2117291611	0.1712669355	0.2448466737	-0.4020554426	-0.1591677966	0.03504866621	-0.04606415834	0.2642622545	0.2641327572	-0.139102967	-0.3630558499	-0.2802776816	-0.4483759039	0.04675431129
PGAM5	0.1495480104	0.1420839563	0.2310254406	0.1910102531	0.1068881387	0.06730330269	-0.02914404089	0.04115640039	-0.04203921412	0.05140543844	-0.220185275	-0.2055545318	-0.2939530644	-0.01604080541	-0.1982973665	-0.07393866408
PGD	0.3410182995	0.4831496432	0.5463549065	0.8265462811	0.1376081984	0.6197760891	0.6657638847	0.03687461848	-0.3030539522	1.513161182	0.9684212628	0.7228093052	0.4091515085	0.4744758441	0.05756001276	0.2842495682
PGK1	-0.2420617818	-0.6312868684	-0.1505684358	-0.6753781798	0.0325506701	-0.7267196877	-0.3677468857	-0.3045316747	-0.04040436771	-0.388764463	0.2342073864	-0.08940525193	-0.6381243559	-0.7747186376	-0.516492955	-0.0373444503
PGLS	0.2317168763	0.2036616552	0.1987910257	0.5372884857	-0.2395435256	0.03911793156	0.2352372003	0.01848130694	-0.1748393312	0.2968060396	0.2690774935	0.04775509141	0.08113222055	-0.1851945847	-0.277966432	0.03365474067
PGM2	0.2507935528	0.5511066707	0.8388950973	0.1635683312	0.375523056	0.9738194491	0.6375256467	0.05336345603	-0.2534605171	-0.3492354072	-0.1942299641	-0.4447910548	-0.6617052213	-0.3239457901	-0.5260781412	-0.1927691454
PGM3	-0.3309134787	-0.3523031108	-0.3321185015	-0.4496660213	-0.01080988603	-0.659914172	-0.5429132449	-0.3496100607	0.05181810308	-0.2423177831	-0.3303060298	-0.3801315937	-0.6705015645	-0.6784994211	-0.4021358814	-0.2509631568
PGM5	0.7752063788	0.4165674581	0.8327534743	0.07761309119	0.06544858995	0.1866337055	0.1789494068	0.4664867077	-0.08483401344	0.4245166008	0.5070361143	0.3054680427	0.5476030033	0.9645606953	0.5115286398	0.02024398674
PGP	0.01105874733	0.07999784753	0.0178727964	0.1356798234	0.1225636627	0.2358049405	0.5104202374	0.1438511026	0.01648530718	0.2635402366	0.1791225126	-0.03795954782	-0.2134128371	-0.2593661973	-0.2805026728	0.06320672162
PGRMC1	-0.01977335437	-0.1427568736	0.4495953682	0.1689865571	-0.1588907627	-0.340654006	0.02221277184	-0.2172954104	-0.1722824448	-0.4694608897	-0.09034838459	0.01635322772	-0.4404280076	-0.3420143283	-0.1688692189	-0.02405406909
PGRMC2	-0.1830602646	-0.2920203553	0.01637759427	-0.2651359265	-0.05169834757	-0.06391439448	-0.01674541895	0.13497764	-0.1048014056	-0.04673858485	-0.3282252397	-0.2085957534	0.0702791215	0.2095301675	-0.006428581767	-0.03164552894
PHB2	-0.04866587186	-0.2469586073	-0.07260531899	0.08790685395	-0.04847764105	-0.2387479259	-0.0680459346	0.21176122	0.003348344773	0.04882243628	-0.005232725124	-0.0823870312	-0.1465526941	0.06698854542	-0.2998473358	0.001394358347
PHF5A	0.06025832177	0.207243149	0.2920523275	0.6349807336	0.1136485761	0.1169140684	0.2834573879	0.1385700759	0.2321977136	0.3793806265	0.4575843574	0.161245326	0.3442228223	-0.1437484371	-0.1183453929	0.009430278804
PHKB	-0.308775505	-0.417509341	-0.2760367782	-0.4096204443	-0.2597064646	-1.034091831	-0.985582302	-0.7245472678	-0.4177570021	-0.9527435796	-1.493420117	-1.530889304	-1.312837168	-1.238813945	-0.6421781089	-0.4579058273
PHLDB1	0.1059054503	0.2262734889	0.5543343219	0.0869896958	0.07853668233	1.239292356	0.5352978969	0.4531606051	0.5841432412	1.153743359	0.3562445365	0.573708792	0.9635735474	1.151536199	0.6384666325	0.05628607906
PHYH	0.2821678004	0.3546003062	0.01980562569	0.7343093727	-0.4023806286	-1.749472361	-1.057818621	-0.2843699097	-0.1317488873	-1.055778067	-0.8023082609	-0.9115390124	-1.383103391	-0.9423729052	-0.8191376951	0.007024662369
PHYHD1	-0.5866408088	-1.094246198	-1.753412442	-0.8288078238	-0.04221648747	-0.2564630478	-0.3259601266	-0.2509442254	-0.1779054165	-0.3358008935	-0.3852898891	-0.1942966511	-0.01469402759	-0.4067608262	-0.3541384057	-0.2328459376
PHYHIPL	-1.302247992	-2.127491353	-0.5774994806	-2.010424838	-0.8544902237	-1.156705798	-0.6163687458	0.01965481304	0.1354342366	0.01892619352	-0.9067416904	-0.7965474067	-0.4841768766	-0.5712167439	-0.4702280802	-0.2579109186
PHYKPL	-0.3143889442	-0.7685476954	-0.5328404469	-0.5507003651	-0.2232319776	-0.4446842986	-0.2328854217	-0.0147265216	0.3413031561	-0.01780911409	-0.5104234233	-0.560349703	-0.343773593	-0.323582857	-0.303154333	-0.2776245379
PICALM	-0.3091107685	-0.1569842835	-0.01550066004	-0.2247785026	0.01077862444	0.6094627206	0.2366135502	-0.5617948496	0.02430125002	0.006081002734	-0.05344069509	0.03709801688	0.02252953828	-0.3736589475	0.151044413	-0.265031111
PIGR	-0.1965739436	-0.2997776016	-0.0377201756	-0.0113328458	-0.4326837464	-0.6208805848	-0.2604774469	-0.9993051043	-1.066693493	-1.9754778	-2.576378567	-2.670295977	-2.174389662	-1.229313183	-0.6739057961	0.08901120125
PIGT	0.2092219656	0.3909026233	0.5347212971	0.7232157589	-0.1580027301	0.3069287934	0.2994718995	0.5599940137	0.2791697255	0.3981808468	0.4554807276	0.4510197304	0.7550426415	0.6844281358	0.0852618591	0.1755332551
PIN1	0.1608978094	0.1603500408	0.4534040379	0.5989864816	0.02337890046	-0.1709494769	0.05039286147	0.2790547128	0.01025052967	-0.03547957589	0.005844089069	-0.04623359388	-0.0770735789	0.06453948945	-0.0805873348	0.07236021397
PIP4K2A	0.4263909828	0.4740532024	0.325978127	0.3225781924	0.05227750234	1.314153821	0.5069481907	0.1349242449	-0.07692604212	0.4387437601	0.493634772	0.5586856149	1.022179745	1.183811833	1.299626379	0.5681270915
PIPOX	-0.3418818358	-0.7039557157	-2.643525047	-1.046280506	-0.5515794154	-1.106715401	-0.8767275384	-0.2939927492	-0.284534752	-1.903859099	-1.00386941	-0.7009175561	-0.5777874599	-0.648799008	-0.4820746189	-0.2971149694
PITPNA	0.2690082785	0.4172633963	0.7213223053	0.4838171559	0.1521962234	0.6265677017	0.4196501077	0.1210442962	0.1053224995	0.5277653395	0.5335330451	0.4087717416	0.5129306312	0.4304785918	0.2221466332	0.1136433026
PITPNB	0.08399253043	0.316390889	0.3203260287	0.308724889	-0.05917696521	0.09410802459	0.06874350889	-0.09190446438	-0.138449047	0.1956410794	0.03985227488	0.02284762465	0.001022303946	0.05911794985	-0.008196981832	-0.1484146455
PITRM1	-0.1024335205	-0.1628997397	-0.1527805977	0.01887614277	0.1764220523	-0.3806910196	-0.3343774009	-0.2071988817	-0.1783942041	-0.08962061121	-0.4779103966	-0.1892904461	-0.492077819	-0.1658115506	-0.175600758	-0.2321824211
PKM	0.5986285552	0.7311438789	1.056701485	0.5151639495	-0.3011353606	0.319934438	0.6437643683	0.5839470379	0.1113894693	0.5043381178	0.6348398297	0.4157408881	0.2118072782	0.61570372	-0.06919310501	0.2536329596
PKN2	-0.4104789003	-0.1997820954	-0.105982769	-0.791915301	0.2624392224	0.4707531254	0.1178173289	-0.7445890611	0.07284289662	0.05640881539	-0.3190224229	0.02827996021	-0.4480888196	-0.937234056	0.0311227005	-0.3233996468
PLAA	-0.01808062104	0.1629607702	0.1107460723	0.004249532749	0.08295080688	-0.0007349914832	-0.03457824048	-0.9332767326	-0.22306306	0.3135136534	0.02363887796	-0.0408982325	-0.3460670059	-1.40848863	-0.2421628949	-0.1933832437
PLBD2	-0.007508875457	0.05413638315	0.2623871664	0.3615775051	-0.1026782051	-0.05074180827	-0.1900019789	0.4788858854	0.1126159499	-0.1248907891	-0.3263470484	-0.05640692856	0.1250756931	0.3699370848	-0.03987504609	0.005751566375
PLCD1	0.6277276209	1.070553165	0.9096677935	1.148153395	0.02062968052	0.875846412	0.6255928534	0.02634973568	0.6251154831	0.5476501423	0.7937013398	0.5779231647	0.6579117377	0.6143528368	0.2836878557	0.1940145614
PLEC	0.3906019938	0.7771893128	0.7167501365	0.7442393703	0.2095098669	1.303353372	0.75859626	0.5131245812	0.6439470442	1.527853137	0.7372371983	0.5632803758	0.9663489588	1.405511554	1.067984953	0.3607077457
PLEK	2.382704728	2.129167921	2.148820343	1.743446524	0.238783457	1.602276666	0.7249549496	0.3750120712	0.6730411727	0.6003869488	0.6690248114	0.6727799618	1.668932029	0.9086982035	1.699496234	1.109876877
PLEKHA5	-0.4302029732	-0.3799297929	-0.001972611917	-0.3283247207	-0.008545715565	0.3816993546	0.1532018758	-0.2355312119	-0.2227199226	0.0005165709009	-0.36569659	-0.07471966491	-0.2135770848	0.1986163579	0.1097212867	-0.2346289692
PLEKHA7	-0.1609212502	-0.006419499018	-0.1060818695	-0.1059286918	-0.3730823261	-0.7020000684	-0.4831043217	0.1231590456	-0.05657862319	-0.446229568	-0.5060444628	-0.2860972157	-0.7814974645	-0.1294263588	-0.4065816284	-0.4052070254
PLEKHF2	0.4585769494	0.7247429794	0.3169185366	0.2615226783	0.09391182817	0.2839277481	0.2651612186	0.09456547948	0.1781369654	-0.08887905104	-0.2055043003	-0.04279652349	-0.3343089506	-0.1415967763	-0.1353969505	-0.2067874994
PLIN2	-0.2759611269	0.3672395481	0.731398536	1.22394631	1.281997279	1.133226037	0.7180786183	-0.5832422594	0.5221770852	1.787828085	0.7433532422	0.9984613137	-0.0797774413	-0.4279170847	-0.5737522727	0.1773399506
PLIN3	0.04361486355	-0.07302313675	0.2963347579	0.07583335993	0.2575394247	0.8990608799	0.5946872643	0.5705032346	-0.03935763226	0.597826586	0.3940272755	0.6077105844	0.9424227779	1.036145558	0.6126825852	0.1825034647
PLS1	-0.6258268927	-0.239813552	-1.451322316	-0.6867852905	-0.2658228054	-0.3843733357	-0.4313142575	-0.3513148522	-0.2344131716	-0.07814237958	0.02045897156	-0.241969062	-0.1881183619	-0.3587544912	-0.02944056079	-0.1958384122
PLS3	0.3115491741	0.6952228102	0.9091121247	0.186180769	0.2857519358	0.8146706893	0.6159267117	-0.8430308108	0.01909865142	0.6484028936	0.6384115614	0.4663112227	0.3878634489	-0.769772519	0.5664204208	0.1667175234
PLVAP	0.1451427996	0.06122943742	1.216898321	0.2492582971	0.09167602204	-0.2028163349	-0.1631404415	0.5986347004	0.3466570298	0.5633990736	0.8465814708	0.6487271219	0.2241264472	0.2808571209	-0.05422046903	0.02649114258
PLXNA1	0.2812736536	0.5966025256	0.644111068	0.3146112914	0.1233582708	1.161511609	0.5036640322	0.3585559258	-0.2140071574	1.179945198	0.3637097608	0.4965324025	0.7506222826	1.316577374	0.8800216187	0.1212832254
PLXNB2	-0.2282642611	-0.1917696811	-0.1877041255	-0.005116259291	-0.07277852685	0.3928337491	-0.01927266758	0.4983010047	-0.1443898526	0.4298651007	-0.06757784086	0.06224073657	0.140872427	0.6585614921	0.223137824	-0.0593352623
PM20D1	-0.53689824	-0.6444205372	-1.431894161	-1.158474301	-0.8937210869	-2.391020424	-1.687848386	0.05696778035	-0.2053328467	-2.48323879	-1.881852082	-1.873065517	-1.763864663	-0.9269069463	-1.062689031	-0.3257081829
PM20D2	-0.6117839943	-0.7236223705	-2.660718832	-2.165588137	-0.1245990253	0.04874123862	-0.07354814438	-0.402676761	-0.2543347763	0.2740710809	-0.3514842529	-0.480686415	-0.6091606186	-0.4255516592	-0.2358661898	-0.2067414094
PMM2	-0.1223720088	-0.2235351374	-0.2066141713	0.2404675041	-0.06739734329	-0.06548530419	0.04383420288	0.04759613395	-0.2279443209	0.06771140233	-0.2346446743	-0.1624596553	0.06803572588	0.09302200026	-0.1400838192	-0.02673437831
PMPCA	-0.0579710029	-0.0621833915	-0.09918216888	0.1509760951	-0.1138830372	-0.6522494667	-0.5617530197	-0.08149283894	-0.1006278451	-0.4557918273	-0.6708751254	-0.5514904439	-0.6242713748	-0.2125501344	-0.2959297891	-0.1799539668
PMPCB	-0.5979975398	-0.7894218122	-0.4823626629	-0.6215902313	-0.2349107178	-1.762661447	-1.215113969	-0.1899855575	-0.02103828967	-1.090071193	-1.060617969	-0.9680731795	-1.042161152	-0.7362055796	-0.6285947083	-0.1717294164
PNP	-0.325588976	-0.3673096798	0.3501329975	0.01736684024	0.4503795947	0.3215655093	0.2183224245	0.1271934598	-0.06167505452	-0.380078116	0.150787898	0.2546390482	-0.1373837722	-0.385602233	-0.4166831211	-0.05047168235
PNPO	-0.3108919229	-0.4213613919	-0.5005849947	-0.3103696866	-0.5742530672	-1.042099536	-0.662360276	0.3412275906	-0.02300862521	-0.8343620199	-0.9273181131	-1.093551146	-0.7167485316	-0.1773327403	-0.4438306543	-0.2645475678
PNPT1	-0.06309126397	-0.072030098	-0.03670714896	-0.4192528216	0.1389774232	-0.1605226409	-0.1704131504	-0.8087669284	-0.2733218191	0.229708346	-0.2438586741	-0.3394569985	-0.2727409106	-1.019147259	-0.2053477061	-0.245510823
PODXL	-0.3341397439	-0.4562809135	0.2853006164	-0.3191944524	-1.316399938	-1.104330117	-0.9599466281	0.6323938498	0.08099429179	0.669397446	0.1759736199	0.1936766522	-0.3539975349	0.3349391797	0.2770951017	-0.1111170468
POFUT1	0.0735038102	0.3034569376	0.5356498319	0.3511554576	-0.1281279261	0.2095513197	0.1009964273	0.3752189888	-0.2995923084	0.3250801049	0.04968806996	-0.1461822295	0.2024120864	0.7351622653	0.403773771	0.01771978039
POR	0.1567356126	0.1300721005	0.4209556089	0.5002563365	-0.8626193417	-1.151507059	-0.9758221572	0.1074508899	0.1648892682	-0.4517790148	-0.5322448802	-0.5541297086	-0.758281255	-0.3924256453	-0.5988986816	-0.2598042131
PPA1	-0.05570551207	-0.08994589827	-0.8919030906	0.2943718782	0.254348861	0.01924161676	-0.06753725944	-0.08051435035	-0.06185984557	1.192985021	0.59631312	0.05759494019	-0.1495689125	-0.4533453346	-0.5913394503	-0.02767240422
PPA2	-0.1548484331	-0.215879643	-0.2383557294	0.1175456718	-0.2754487681	-1.142777558	-0.6065400384	0.05556625513	0.08063730787	-0.8733983301	-0.407103851	-0.3935308642	-0.2923285764	-0.3826785267	-0.4123747696	-0.09935875037
PPCS	-0.3088298257	-0.5495005455	-0.2905742289	-0.2081671585	-0.04661800791	-0.517018718	-0.05632627991	-0.7594212069	-0.4170397004	-0.2612410661	-0.07458026168	-0.6182117703	-0.9011219688	-0.8808664586	-0.8518072006	-0.0455068943
PPIA	0.1150876344	0.2468366657	0.3391457176	0.3848413296	0.1559418722	0.06829339175	0.428837764	-0.1809444274	-0.1398277634	-0.03077952935	0.0327642499	-0.01569079855	0.03759687101	-0.3776096962	-0.1337105426	0.05943774101
PPIB	0.2944090994	0.2654554635	0.1847441548	0.520080755	0.09868622879	0.3157393802	0.3181492161	0.1185406825	-0.03032834139	0.02036004155	0.1948866024	0.160483337	0.0655841385	0.1788180604	-0.01629255402	0.2055756066
PPID	0.0004132890537	-0.04242292443	0.2502031335	0.2749986416	0.05396599625	-0.1509832075	-0.1385409248	-0.4602356998	0.145316423	0.4295246617	-0.238474617	-0.3046415561	0.07537167295	-0.7396353573	-0.1837913553	-0.1132762832
PPIF	-0.04501027149	-0.1861447277	-0.2417943008	-0.1411717179	-0.2762861575	-0.8828716313	-0.5634914338	0.08659583493	-0.1463202929	-0.06707151101	-0.3610231429	-0.5694494484	-0.3393966021	-0.2066253183	-0.5011097678	-0.1069363088
PPIH	0.208436621	0.1541973735	0.4415407989	0.6030559322	0.5077421134	-0.08955962557	0.374798084	-0.06866736017	-0.3612083267	0.4223599585	0.99784776	0.6308344971	0.2969265973	-0.1492176659	-0.008261256933	0.0131298712
PPIL3	-0.05097978209	0.09744219682	0.4450909644	-0.02291712841	-0.001271324188	0.2307708424	0.1525221836	-0.06505140567	-0.4060349224	0.2217940146	0.0842986943	-0.06119113927	0.3628888707	0.1424587492	0.09950873545	-0.0158958569
PPL	0.3905021897	0.5215472856	1.300234058	0.6382119895	0.3849037214	1.618065761	1.382386679	0.1156992596	0.8277505013	1.630216271	1.992869284	2.510465684	1.38864085	1.199505891	1.420208568	0.3078716685
PPM1A	-0.03580272308	0.01852710232	0.3017440782	-0.1174921864	-0.009824964585	0.02184852638	0.02335844975	-0.1673197508	-0.01483898968	-0.358166728	-0.08928551863	0.2046330304	-0.3859178605	-0.2235857855	-0.2007277456	-0.2439865692
PPM1B	-0.2667036459	-0.287592191	-0.3877945423	-0.4713292498	-0.08939138391	-0.1696458446	-0.1835882393	-0.124657714	-0.09259784411	-0.4250170521	-0.2779206793	-0.1795467658	-0.5040319146	-0.5268227841	-0.2972198572	-0.3298671063
PPM1F	0.2754257331	0.552909676	0.8734344539	0.4610548104	-0.06792204735	-0.009274876275	-0.09082942245	0.2578005567	-0.5320835597	0.3059318792	-0.1147446185	-0.1760459125	-0.01220399913	0.4464919648	0.1947767196	-0.06295860604
PPM1G	0.2677643198	0.3814552676	0.4190645612	0.387450996	0.2008876672	0.2914664123	0.2385804664	0.1091869855	0.08603776162	0.5057831312	0.1949109842	0.1255969845	0.3339075721	0.2607453752	0.0481984994	0.05961174999
PPM1J	0.1318894486	-0.08101991466	0.8640649662	0.5561225768	0.2026926754	0.7855454666	0.5076863069	0.03781877479	0.7686321412	2.142374346	1.051921377	0.421753006	1.063337324	0.5883600615	0.3107803713	0.2922596995
PPM1K	-0.7801337067	-1.348071155	-0.701699385	-1.56445074	-0.2839451797	-0.2528678707	-0.1196932684	-0.4805957847	-0.7589689784	-0.641206872	-0.5158987651	-0.2673982993	-0.5839441803	-0.5728651915	-0.3855307267	-0.3891259077
PPME1	0.1647822953	0.3894167954	0.6106451782	0.468399565	0.05181552097	0.1289292465	0.06395933677	0.1564607905	0.05936688205	0.118514386	-0.1801504194	-0.08373920282	-0.01849337482	0.09341230333	-0.1171765176	-0.05214001626
PPP1CB	0.006627261182	0.2809934198	0.3561166506	0.02000564376	0.1280130219	0.2212073212	0.1936097788	-0.1141893236	-0.08205993889	-0.07813350445	-0.08492235864	-0.0489121934	-0.338163203	-0.2970636058	-0.04593354516	-0.2560164244
PPP1R12A	0.07389372295	0.2870428755	0.3099159006	-0.1789568399	0.1496210462	0.7898402442	0.4608702502	-0.4592955356	0.3652476877	0.3719269285	-0.2463315319	0.0515254012	-0.3680819749	-0.453494304	0.2262927288	-0.03640028481
PPP1R14B	0.1472803681	0.275957695	0.1568328592	0.3637257564	0.5595282223	1.570493313	1.271498685	-0.05084508249	0.1264338232	1.909774013	1.431681726	1.203386481	1.333534534	0.8443184657	0.6686621	0.3555257958
PPP1R1A	0.02310908889	-2.562277513	-1.037488384	-3.539969193	-0.8172641208	-1.733282618	-0.6989530421	0.7205794917	0.1937630678	-1.929814722	-1.535502885	-1.514095819	-1.550587796	-0.3952716472	-0.5874743585	-0.1234270558
PPP1R7	0.0393863971	-0.07626685296	0.08891731244	0.1971692507	-0.02480323226	-0.007342199112	-0.006433124936	-0.2485027807	-0.2472887459	0.1436338305	0.06921651832	0.03859826841	0.07296134996	-0.116922708	0.06273113402	-0.09626664301
PPP1R8	0.04703167596	0.1979053694	0.3423192164	0.1677979008	0.04495986587	0.1797789152	0.1567545626	0.03956041592	-0.3037283744	0.2235131333	0.1339112531	0.06926351638	0.2575348681	0.3564700186	0.1501659293	-0.01380037902
PPP2CA	-0.02652420364	0.04783116933	0.0691905589	-0.05118019602	0.03043979336	0.06975660338	0.05833933318	-0.04601183296	0.3535166411	-0.07095855044	-0.08906270676	-0.17842538	-0.2077561863	-0.1654424055	-0.05554186675	-0.08802470597
PPP2R1A	0.06811585687	0.09437617453	0.3053890663	0.4932363947	0.01009764109	0.3347351999	0.2108355534	0.3748534836	0.2477839116	0.3318641272	0.3120267658	0.236082945	0.2987520313	0.4192397114	0.05037639296	0.02042430759
PPP2R2A	0.08902913461	0.3138019174	0.4866497298	0.4214809935	0.274102743	0.5100816634	0.3342711671	0.2359878896	0.8798537734	0.5668053338	0.408808364	0.3575049046	0.3456792235	0.1720482642	-0.0009818478435	0.0001263842857
PPP2R5A	0.03170795678	0.1556895746	0.6684612322	0.01373541146	-0.259857708	-0.1590752837	-0.1666633519	-0.2032048004	-0.2193563767	-0.4802690064	-0.6322597363	-0.3740003313	-0.5708114284	-0.2522316032	-0.3534081297	-0.2704729599
PPP3CA	-0.3754719138	-0.4418480905	0.09539486097	-0.562257031	-0.2464428351	0.3550513869	0.3449302455	-0.3468542064	0.1036561805	-0.06804587371	-0.06828117558	0.1365027274	-0.05646007849	-0.1555118899	0.02838836915	-0.07566810684
PPP3CB	-0.09302766934	0.09250013999	0.156218466	0.2623160942	0.002697813105	0.009797395784	-0.05263672115	-0.0009997806105	-0.3042156958	0.126706027	-0.08508632017	-0.1313454282	-0.05618686776	0.2237229259	0.02708016501	-0.1715379668
PPP5C	0.1958699018	0.539031202	0.1249611281	0.2765652241	0.0723806689	-0.168418885	-0.1058991544	0.1487162371	-0.03964676478	-0.06410563309	-0.151380477	-0.1923165117	-0.08950054108	-0.03591365759	-0.2083937161	-0.1156854158
PPP6C	-0.02140514126	-0.02540401489	0.1564408794	-0.2424541629	-0.06154063885	-0.2057015061	-0.03658230092	-0.1473502817	-0.04504897941	-0.1822505562	-0.1900079751	-0.2473413206	-0.2683397916	-0.4388732331	-0.1599191275	-0.2015144975
PPT1	-0.2757950623	0.03511407301	-0.2988325374	0.2947200608	-0.1058103187	-0.2058752681	-0.3453280313	-0.1037416623	-0.157483894	-0.5932065515	-0.5242135343	-0.21317027	0.02228592244	0.03934524457	0.1198605557	0.04377785872
PRDX1	-0.06123760159	-0.1199124873	0.03875840016	0.4871172019	-0.006761850675	-0.5302515251	-0.2730809127	-0.1740747401	-0.235523439	0.02779675769	0.1438476152	-0.09261789583	-0.3105258721	-0.485573134	-0.3165437304	0.03600042824
PRDX2	-0.1861430788	-0.1701571766	-0.2105509343	-0.03751394225	-0.1617592676	0.07265448033	0.2106781393	0.07581540438	-0.0563225408	-0.2886729634	0.1671807173	0.1304229142	0.2909521654	0.1901052698	-0.031591213	0.05392467947
PRDX3	-0.2932432738	-0.5134957267	-0.6075368103	-0.6090404244	-0.1825193094	-0.9442279357	-0.5597295522	-0.3088209893	-0.2848878296	-0.5935306759	-0.285964779	-0.3675101889	-0.7141380572	-0.6750233103	-0.4420986617	-0.06286248564
PRDX4	0.8148818087	1.009966413	0.8001511389	0.945144234	0.5722583679	-0.04776545318	0.2120499997	0.4163325401	0.1241644026	0.04370481023	0.9073256245	0.921504117	0.7517145198	0.6461593392	0.7616113909	0.1406624161
PRDX5	-0.2595422832	-0.6421107046	-0.01011386221	-0.05595903665	-0.1995579334	-1.415059348	-0.6764675687	0.173392071	-0.0729137915	-0.7227468523	-0.0708235187	-0.3894784914	-0.8885525607	-0.6047733559	-0.7596548689	-0.1530243372
PRDX6	-0.219689613	-0.6494854406	-0.8196196376	-0.8380047016	-0.1019605992	-0.4143025729	-0.2581737156	0.02819241012	0.09191128378	0.5903559276	0.7431506907	0.6479830495	-0.2759774834	-0.2993659543	-0.5480338947	-0.08062201303
PRELP	0.459838385	0.5934143316	0.9198471908	-0.5011619302	-0.6115166597	0.6797713732	-0.1573888536	0.9292734873	0.07275907325	-0.07506199299	-0.1631021464	0.2465902586	0.8990042822	1.660431342	1.552777076	0.930852553
PREP	-0.03506211437	0.1815415599	0.380662468	0.3720121128	0.2162312748	0.3425656763	0.07746095645	0.1511705326	-0.07934998605	0.58583946	0.3207627749	0.4208349406	0.3297371371	0.4367788394	0.1296707003	-0.003578244935
PRKAA1	-0.1872062897	0.02415664234	0.2224150065	-0.2693642957	0.2570559566	0.5249357128	0.4200121189	-0.4114245966	-0.2966313298	0.3753411131	0.1818869447	0.1943463213	0.06670172767	0.1102928691	0.1875196973	-0.1642770232
PRKACA	0.2272159506	0.3272050479	0.4127288567	0.318250377	-0.2604950176	0.2387665529	0.007515735899	0.458338343	-0.1020552415	0.263974725	0.2876042289	-0.001997697479	0.3229499118	0.4990820695	0.05838289572	-0.07272301582
PRKAG1	0.06307130081	-0.01163485564	0.1114261358	0.171638342	-0.07716956837	0.06048308943	0.1358338363	0.2638132818	-0.02796504096	-0.1281492585	0.2444348499	0.2597730887	0.3131547914	0.3060738901	-0.001210483822	0.03121927744
PRKAR1A	0.196100902	0.4178277838	0.7638840606	0.4772974951	0.09475409735	0.3312370172	0.3041467377	0.3290785629	0.2175773267	0.2497966327	0.2055797515	0.1915956539	0.2017500479	0.4039846622	0.09543999688	0.01257697359
PRKAR2A	-0.2804898798	0.08023572561	-0.3112489028	-0.3423907852	0.07819498569	0.1310396125	0.1464518872	-0.1053719823	-0.1978804533	0.5589398183	0.3277178493	0.2387691255	-0.3794559967	-0.1536988473	-0.04273532817	-0.2931146592
PRKAR2B	0.4356289902	0.7237198342	1.20932334	0.08741905096	-0.3780739694	0.3747511192	-0.2640060697	-0.2869257087	-0.560625215	0.8002648572	0.1327909182	-0.2009682058	-0.1478562894	0.06386726638	-0.08775001443	-0.04121700221
PRKCA	-0.03310352043	0.284042339	0.4614208688	-0.04151646536	-0.1557376215	-0.2974401056	-0.451853536	-0.2372541421	-0.289843405	0.2510487988	-0.2313872507	-0.1964617267	-0.3336573342	-0.1126980323	-0.09178690195	-0.1744692259
PRKCSH	0.1843645927	0.1684706192	0.346265719	0.5271581712	0.08460543713	0.165342676	-0.07018123483	0.5034613612	0.2724229344	0.1188760196	0.07804727498	0.3087658805	0.3997796889	0.2931994743	-0.233400875	0.04889095168
PRMT1	0.3883312953	0.5066896144	0.6901515591	0.5166449443	0.3223215969	0.8946394061	0.8222273074	0.05289452436	0.002411960078	0.7779266897	0.5335745758	0.4229803092	0.7440155104	0.6146953703	0.4171820879	0.1754518527
PRMT5	0.2316128924	0.2967905718	0.2739603779	0.3518615944	0.120526225	0.1742430072	0.1248733907	0.1861219428	-0.261047204	0.4627670439	-0.2362536896	-0.07601440023	0.07561313502	0.2048158393	-0.06059558709	-0.1080522012
PROC	-0.7608386502	-1.491583237	-2.81385933	-2.341741646	-0.5159210377	-2.322556493	-1.744024061	-0.01449904409	-0.2207797695	-1.750009009	-1.923957288	-1.771962038	-1.534425372	-0.9726584924	-0.865419746	-0.2144046444
PRODH2	-0.2912672952	-1.592113435	-2.858842193	-1.997507945	-0.3567782585	-1.942836832	-1.117751774	0.6504348915	0.3460013768	-1.322141595	-1.104356014	-0.312465384	0.6525586168	0.09688456532	0.02775185039	-0.1318472628
PROM2	-0.1434542215	-0.06353472321	1.047757936	0.3689989019	-0.605410173	-0.9425876643	-0.6565888641	0.636069549	-0.1158928272	-0.2875915911	-0.2557216753	-0.8873333323	-0.8702477516	-0.03598205647	-0.4243354141	0.01271063228
PROS1	-0.1990157703	0.3800423569	-0.03404619329	0.1960208741	0.6056422046	1.654859098	1.243577997	-0.5104063778	0.1575984247	1.40458171	1.468400047	1.426330653	1.582630343	1.132735631	1.541107935	0.6405020445
PRPF19	0.2714842269	0.2848950204	0.4562565029	0.2743157399	0.1277462887	0.4103084875	0.3313363707	0.1747887361	-0.08613848774	0.2744404698	-0.07103786948	0.1179638512	0.2599600211	0.4011807323	0.09771523075	-0.06387355826
PRPF31	0.3222829234	0.4221253659	0.6143122084	0.7023630571	0.2360174112	0.3001014737	0.1458545972	0.1569964251	-0.09405437311	0.6032689275	0.378784245	0.2432969218	0.5270548435	0.4497137272	0.1274052397	0.07858120582
PRPF8	0.05462351678	0.059842808	0.27625909	-0.2589038917	0.008447509108	-0.02911707212	-0.3339329279	0.2358068813	-0.02763076231	0.04036270575	-0.7031721138	-0.4289580534	-0.4301563006	0.3813394199	0.01993861418	-0.2942130517
PRPS2	0.1914503262	0.1981761387	0.2165759327	-0.3525945112	-0.3757349521	-0.7975442695	-0.4476961127	-0.3170245259	-0.4262577532	-0.4808905131	-0.7304916524	-0.7136494861	-0.6619510143	-0.6907922559	-0.1573769143	-0.1812566804
PRPSAP1	-0.0832962031	-0.206347182	0.1213506719	-0.2726500835	-0.148272607	0.2396979076	0.2333941803	0.4206695428	-0.08746312231	0.2191695261	0.04706618484	0.1683645432	0.4005704644	0.4008083743	0.03727333558	-0.05688640055
PRPSAP2	0.3634532462	0.7725797177	0.4370773071	0.5790946589	-0.0456315094	0.07657637235	-0.09561576239	0.01608504474	-0.1591937142	-0.2790410019	-0.725326866	-0.4932453691	-0.1788914423	-0.07344260498	-0.04328711116	-0.1419521596
PRRC1	0.1275160981	0.3907805689	0.2424868008	-0.08928030434	-0.07962233465	0.1292477902	0.05653132094	0.1193577857	0.2416214918	0.3486439759	0.1527705461	0.1447625219	0.2140277867	0.3699096254	0.004925492437	-0.03379457421
PSAP	-0.00245011337	0.2075988689	-0.0223932405	0.3252042355	0.07697397098	0.08107988715	0.08226122258	0.03747359861	-0.173022172	-0.6031828464	-0.4020952995	-0.04784831557	-0.04257557358	0.03682123642	-0.4036503991	0.2083952214
PSMA1	-0.0009781788862	0.1333805222	0.2268007754	0.4661252058	0.1295651457	0.01765090486	0.1122256998	-0.6038469787	-0.2636995402	0.0629285172	-0.04953278265	-0.2745276851	-0.1627022138	-0.8415070367	-0.2817949138	-0.03163044082
PSMA2	0.01588633384	0.02353091345	0.1591818573	0.3130802442	-0.01376938964	-0.03233326949	0.1709914847	-0.2031060685	-0.1234131176	0.04044374757	-0.02295646319	-0.119651581	-0.1129672667	-0.3434784403	-0.187400118	-0.00569875595
PSMA3	-0.1113217167	-0.09475833481	-0.003355764961	0.2228241172	0.0360752671	-0.04050674684	0.1372107605	-0.3040868576	-0.1197821461	0.117113141	-0.01935573528	-0.2562903117	-0.3892980165	-0.4968673136	-0.2961123552	0.01844270516
PSMA4	0.01459162988	0.04557895498	0.01469076801	0.2619515642	-0.519582604	-1.185896266	-0.9467454144	-0.3999006623	-0.3145834131	-0.04531910482	-0.1454301877	-0.3190301849	-0.2060628451	-0.5622353112	-0.2041215234	-0.0502200757
PSMA5	0.1061725266	0.1925085124	0.3436047625	0.5443263789	0.137053248	0.1954721386	0.3040680188	-0.4792100585	-0.182339686	0.2294251549	0.1312730383	-0.01248017454	0.006201073846	-0.2936340935	-0.1426312627	0.03522275336
PSMA6	-0.03219066744	0.09939353751	0.2076488978	0.469361719	0.08718675757	0.04512877483	0.2182179647	-0.4377591306	-0.1313998002	-0.006726619237	-0.01715053022	-0.05538900411	-0.2782360033	-0.6191003087	-0.2534714607	-0.02980555464
PSMA7	0.1493367351	0.08114112309	0.2048426145	0.4270719124	0.03720604678	0.3890376144	0.5602131106	-0.1133844784	-0.1305241763	0.1943413146	0.0689167501	-0.0505193662	-0.06830949319	-0.04150600351	-0.2156065858	0.04045991111
PSMB1	-0.02710777795	-0.0119398822	0.02558733126	0.3511518217	-0.05741889053	-0.1096112542	0.0848925113	-0.2653849411	-0.2065891676	-0.235621382	-0.2067691215	-0.2401959336	-0.2575059344	-0.4291341086	-0.229816196	-0.005194816472
PSMB2	0.2047208933	0.2942398028	0.4546239948	0.6998787566	-0.05675378166	0.1686043975	0.166886426	-0.1292549512	0.006504535121	0.2384124929	0.05781783605	-0.03110831186	0.0238021402	-0.1156815655	-0.2541027706	0.02520042184
PSMB3	0.2224605903	0.3126737923	0.432799388	0.7506062694	-0.0751157152	-0.122819434	0.1446329378	0.07208839637	-0.1197050494	0.06074588628	-0.009823480142	-0.2254751711	-0.212656126	-0.09582750978	-0.2651507255	0.02968485555
PSMB4	0.05613003578	0.06443913345	0.1743942989	0.3977647035	-0.02804546874	-0.01880072292	0.230631511	-0.0007202643936	-0.04856135982	0.127589383	0.02422203594	-0.1338652315	-0.1793899363	-0.2113719894	-0.2861146089	-0.03084663805
PSMB5	-0.2027305957	-0.1372788558	-0.1769332098	0.1603998519	0.03258367449	-0.1249155601	0.1656567221	0.1566705966	-0.1201897778	0.1724966269	0.2512662737	-0.03582201093	-0.1950334118	-0.08107294902	-0.4208643545	0.1713859365
PSMB6	0.1432012975	0.1355774934	0.1564965634	0.3589836547	0.02145727718	-0.1141769136	0.1198431907	-0.09648952549	-0.02563503687	-0.006288389219	-0.102482519	-0.2019323667	-0.2321467115	-0.2341866872	-0.2523091339	0.04306666305
PSMC1	0.0869009769	0.0690578245	0.3412814838	0.4799936317	-0.1073418847	-0.1699451359	-0.03366715594	-0.3636162	-0.08515542148	-0.02539517992	-0.07625970827	-0.04049888278	-0.2278989852	-0.4115038939	-0.3059319016	-0.02946683491
PSMC2	-0.03214066525	0.03851111302	0.2044787341	0.3580862271	0.02393114973	-0.08663852452	0.05220142066	-0.3831459938	0.09597049209	-0.02353668839	-0.3609301887	-0.3647869084	-0.2577714814	-0.5790026439	-0.3853307617	-0.06751710852
PSMC4	0.1876180678	0.2810809509	0.3502111769	0.5628760153	0.04117702163	-0.02139117959	0.007209780876	0.1792709276	0.1030999524	0.2711077195	-0.01476392487	-0.1131206069	-0.01954615651	-0.02217146844	-0.3151745703	0.0530443378
PSMC5	0.1214141254	0.00561609242	0.3171352797	0.2493544881	0.134517519	0.01254357717	0.1502248155	-0.1732938513	0.02378125247	0.1313172538	0.2225863564	0.06726069434	0.0655951595	-0.2777001593	-0.3007382944	-0.01327897367
PSMC6	-0.04095170088	0.1180730991	0.1703710281	0.1288680689	0.07723302879	-0.2582192297	-0.0582651674	-0.6828874217	-0.2334967642	-0.147188083	-0.3462565068	-0.3676037547	-0.5307073179	-1.35144834	-0.3886971671	-0.2164647948
PSMD1	-0.03209073085	0.05460384701	0.1436679423	0.3352806907	0.06251102614	0.00355246069	0.08529300723	-0.5484874001	-0.05228880032	0.353144574	-0.04925233923	-0.1958902509	-0.3776559344	-0.6087412138	-0.3137367636	-0.1492643176
PSMD11	-0.1380809032	-0.2010170568	0.0007348511736	-0.04030094831	0.4393470284	0.1454965964	0.1733411882	-0.09429687138	0.3795283842	0.4699382456	0.285606665	0.1154736549	-0.1614303119	-0.3885309361	-0.5282649503	-0.1522766851
PSMD12	-0.1848137138	-0.05899758198	0.05694811608	-0.2120119279	0.139499013	-0.188503904	0.01781018541	-0.7223574599	0.0425637805	0.03567468884	-0.1384184351	-0.2557963806	-0.3570345021	-1.001556068	-0.4336229184	-0.1129693392
PSMD13	0.09121728707	0.1352149834	0.2516960895	0.5455250786	0.09608943439	-0.04880201626	0.1157955411	0.1324233469	-0.1622418272	0.05343690434	0.3247633753	-0.02140387095	-0.0593370608	-0.0185738993	-0.2207007446	-0.006933982778
PSMD14	-0.0717979365	0.122208529	0.03527843665	0.3558851812	0.158572469	0.03882513176	0.07970253036	-0.6373333642	-0.1685408533	0.3514825039	0.08891596641	-0.1844964125	-0.2955905608	-0.7281691849	-0.3917334078	-0.07403546867
PSMD2	0.02640526966	0.04835580197	0.06793142204	0.3431840262	0.1440785311	-0.007169268184	-0.07903074724	-0.08158535353	-0.0917870147	0.2913888388	0.05039931989	-0.09196997899	-0.02889576022	-0.01349075772	-0.2486943293	-0.0330936819
PSMD3	0.1310846298	0.2570822717	0.1826700999	0.4520653575	-0.2039265276	-0.3488847322	-0.1855879815	0.2177791165	0.2529590377	0.1899117759	-0.06767953565	-0.161782841	0.02430925244	-0.01495274683	-0.3044082914	-0.1091237834
PSMD5	-0.208666404	-0.06508884927	0.3121168214	0.05631247913	-0.03080469021	-0.1910863041	-0.1257158098	-0.1029910265	-0.2045901825	0.1660194561	-0.1170481054	-0.2634940347	-0.287000849	-0.1067381742	-0.07312070402	-0.1699056035
PSMD6	0.00882372581	0.07655924842	0.2066255133	0.1226877585	0.1254822238	-0.06806596621	0.09963180667	-0.3722568673	0.01279038659	-0.1115866611	-0.2132150246	-0.2777843796	-0.2805240435	-0.7617123544	-0.3119031879	-0.07514010459
PSMD7	0.03768351045	0.06951546908	0.1083693316	0.4353500967	0.2155308532	0.1809748556	0.3168232731	-0.2049494209	-0.04888476109	0.1818190259	0.03295886949	-0.1129150194	-0.02092791727	-0.1731314671	-0.2315880535	-0.03542122555
PSMD8	0.07194908656	0.09544015713	0.1861341291	0.4394973742	0.1974382459	0.6144149965	0.3567317526	0.1210448544	0.1575423609	0.1211559275	0.1513811149	0.2699313894	0.2623559131	0.1365617744	-0.07392195948	0.06358289188
PSMD9	0.2059150626	0.3384913401	0.4308259739	0.2858209098	-0.08472434049	-0.2984489333	-0.01311037549	-0.06617981541	-0.3352045289	-0.474481214	-0.05250108324	0.1784163762	-0.1831958968	-0.1248393163	-0.3237921395	-0.09748647897
PSME1	0.4168453226	0.5036149108	0.8214338104	0.9415116622	0.04313936757	1.177495037	0.9052492894	0.0335405182	-0.1747146305	0.2061182877	0.4177537188	0.315124508	0.9488812014	0.7671485474	0.4172949603	0.3710798501
PSME2	0.6181903028	0.9480089694	0.9714100894	1.304781709	0.3120554643	1.121575169	0.8058488128	-0.06982597985	-0.2924205937	0.3365170629	0.3498557543	0.137858964	0.711856865	0.4929754676	0.3085261709	0.3211900262
PSME3	0.03488993346	0.2203537836	0.1305722901	0.1474888598	0.1084531891	0.07376136679	-0.04523307769	0.2491038624	0.002832388451	0.4100942598	0.03756865237	-0.1147057198	0.04295827664	0.1300495289	-0.1445094031	-0.08026826057
PSPC1	0.3235203457	0.5333152832	0.6571869358	0.4485398423	0.1974906059	0.09697277458	0.2857609465	0.03873832483	0.3384726289	0.2158792445	-0.07999410461	-0.2273728173	0.1023112654	0.1712404754	0.3281615458	0.1100634556
PSPH	-1.305975574	-1.686456241	-2.017199726	-1.443659893	-0.1784858771	-0.2834906368	-0.006747283311	0.1856940805	0.08085901156	0.3731311436	0.2801353061	0.09060184076	0.0408082273	-0.02103397864	-0.02822673386	0.08139576415
PTBP1	0.07271360074	0.3119494638	0.3932769008	0.08329496705	0.1689340504	0.5599220465	0.3195753624	0.8371772895	0.7003362529	0.6641136777	0.3175133802	0.3137360989	0.6117528182	0.7774623851	0.3227435162	-0.1176825706
PTER	-0.6803583052	-1.563188747	-3.067479562	-2.421242285	-0.1703334674	-0.9296914874	-0.9192864441	-0.2824281305	-0.2335598455	-0.9866576661	-1.396504805	-1.410011399	-0.3887646535	-0.7971884235	-0.5248149371	-0.3463674884
PTGES2	-0.1179469102	-0.2810811762	-0.1727226453	0.07549852366	-0.1581057177	-0.5152432807	-0.2326906559	0.229452236	-0.1416062524	-0.1943893353	-0.145053783	-0.4461014366	-0.3546314691	-0.1714731385	-0.3602351115	-0.01250807216
PTGES3	-0.04664453474	-0.000120696234	0.06747195782	-0.1105272902	0.2438693702	0.4235523616	0.4135666723	0.1859342136	0.5808783321	0.4111470292	0.1761936944	0.06969693874	0.1748187712	-0.1111297227	-0.04592938993	-0.05585598663
PTGIS	0.2668171149	0.7129462583	0.5610638465	-0.2206071606	-0.3120085789	0.4812057184	0.4132514029	0.5206327659	-0.02644173454	0.2471577549	0.3697048996	0.518045205	0.8257203371	1.244840309	1.409510199	0.4824056883
PTGR1	0.3013412969	-0.1800271657	0.6019220212	0.4832773571	-0.3479004847	-0.5162905303	-0.4318774768	-0.1975306523	-0.1951268726	-0.509746525	0.6475057135	0.4710972922	-0.2563073925	-0.3654225684	0.04805068266	-0.1328980933
PTGR2	-0.7324467496	-0.6361074689	-0.2637471011	-0.6342967824	-0.4444741351	-0.9946553179	-0.883804086	-0.7016140248	-0.4036167053	-0.9525993741	-0.7451600416	-0.8844601924	-0.8654709408	-0.8597718891	-0.3596457355	-0.3441853573
PTGS1	0.8668194028	1.496706822	1.463024708	1.359696423	-0.2749332299	0.5130570973	0.711394944	0.3163468883	0.2240234121	0.1482306924	0.2872611718	0.5399013675	0.7717404241	0.8012633984	0.2809896912	0.1753568895
PTK2	-0.04557026425	0.09253680972	0.2027446469	-0.003974135581	0.06507028674	0.1865271642	0.131906331	-0.05880537791	-0.1439381132	0.3094757245	0.1400396431	0.08392159543	-0.01605372189	-0.0612288482	-0.0258164664	-0.1395926434
PTK7	0.7252191484	1.545727908	1.070614374	1.171698733	-0.01028472666	0.9611474682	0.8294927892	0.5692557926	0.03213262927	1.082002535	1.5377075	1.184110118	1.908128281	2.316443792	1.565189023	0.4012960693
PTPN11	-0.107011046	0.2416083186	0.4096991671	-0.1403875574	0.1878917149	0.3128597939	0.1088591614	-0.02363457264	0.1125940314	0.1187652047	-0.06263049451	-0.007755308311	-0.1236165341	0.2372728378	0.1249381456	-0.1366573757
PTPN23	0.2750338915	0.3483976341	0.5424486585	0.2971846666	0.6012670165	1.154873114	0.4774602627	0.9004726255	1.599014852	1.516975847	0.5752648929	0.7530666229	0.9341616592	0.7687523092	0.2553342688	0.1002284613
PTPN6	1.162225778	1.283047269	0.9842229726	1.182779396	-0.08942058757	0.5142720046	0.05725060901	0.2179309859	-0.1737675526	-0.2102122552	-0.0899828251	-0.02150974998	0.5657160152	0.7997942512	0.5414717264	0.4231449699
PTRHD1	0.2080950246	0.09574420297	0.2959711905	0.3204983037	-0.01638667023	-0.08703897179	-0.01513936189	0.0565891944	-0.07261870569	-0.16685145	-0.07177789451	-0.1633133064	-0.2658404159	0.02091618884	-0.1475785499	-0.1007294016
PUF60	0.1533538322	0.1001799182	0.3322619618	0.3384257122	0.1715557025	0.3174260248	0.1207013342	0.1784051197	0.1396017448	0.2192250888	-0.0146551292	-0.054847026	0.3575400475	0.2806364618	0.01765082985	0.008939231567
PURB	-0.00778694107	0.1833629169	0.2507926068	-0.09979737946	0.07780689775	0.3092488359	0.2572848917	-0.1303922286	0.2570369689	0.3133748142	0.03330428028	-0.01624096396	-0.03841538511	-0.2478926741	0.1665533762	-0.15498213
PXN	-0.1674196938	-0.06263573249	0.07381221071	-0.1287754178	0.1584080836	0.4997925628	0.1277391006	0.4423094326	0.3405565372	-0.04248418298	-0.09440975806	0.4098190982	0.2218983329	0.3102858217	0.09787600994	-0.1615119639
PYCARD	0.8371808925	0.5932723532	1.513868206	1.5027712	0.02051337577	1.481695939	1.255935318	0.2195131055	-0.2207579996	1.105385858	1.484435819	0.9391791915	1.50817512	1.518600501	1.330615178	0.7615824131
PYGB	0.03140072254	-0.2369493857	0.08442152052	-0.4590018617	-0.06889113796	1.064207498	0.8952507854	0.4032767599	-0.4052200471	0.5160635045	0.6650228255	0.5564918063	0.7433233132	1.333510485	0.817260342	0.412659469
PYROXD2	-0.4846708447	-0.815759718	-0.9034363981	-0.4953431217	-0.3798668336	-1.602007913	-1.124486314	-0.1344801249	-0.1344146794	-1.915590603	-1.661656308	-1.142800348	-0.9908902126	-0.6528275977	-0.6622947705	-0.1884444034
QDPR	-0.5364166506	-0.9204417871	-0.5273030865	-0.3275754956	-0.3682951176	-1.378676439	-0.7116337519	0.2170572447	-0.02431711222	-1.215912952	-0.3112688284	-0.5196055842	-0.4946220093	-0.2849458216	-0.3628374521	0.005477151911
QPRT	-0.09704536949	0.006716222778	-0.9489404936	0.33337727	0.03313655573	-0.8142624382	-0.6802326805	0.3778265098	-0.06039866658	-0.9828215374	-1.016655821	-0.7792949796	-0.04839033657	-0.03161855749	-0.2570273094	-0.1361661632
RAB10	-0.07037708099	0.0818448825	0.1185035227	-0.03947508823	-0.02874825243	0.3394206193	0.07204956707	0.01074748427	0.08459532745	0.3493286006	0.1410134999	0.09921291316	0.0204720051	0.1130441127	0.05635337687	-0.174684164
RAB11B	0.08154192816	0.2187184597	0.6543063162	0.4974067542	0.2645661508	0.4652086895	0.3552261444	0.2686951041	0.4136735861	0.07218946117	0.184016615	0.3251575489	0.2170713343	0.3053284219	-0.02783203076	-0.02888058616
RAB11FIP5	-0.3865503941	-0.5862273539	-0.3591422787	-1.137477513	-0.1207183252	0.4244780481	0.2257687895	0.7750334579	0.3383378048	0.02513107084	-0.2590346986	0.1228084883	0.07712146166	0.5386991524	0.05582369189	-0.0778845063
RAB14	-0.02576813871	-0.006422642973	0.2596642327	-0.1284526503	-0.08790101981	-0.02748063919	0.003153566592	-0.1217770905	-0.07073692381	-0.07729032548	-0.1106279887	-0.1083499907	-0.05152387884	-0.0960988966	-0.1219233162	-0.2432059399
RAB18	-0.0851825736	0.1609132343	0.3120674042	-0.1182978944	-0.09089799405	-0.31499654	-0.2360565786	-0.2987812127	-0.2102778751	-0.2397517387	-0.03295076885	-0.1703630838	-0.2494578855	-0.4435546054	-0.09209159021	-0.1976544972
RAB1B	0.1308106287	0.0935983756	0.1140185296	0.2309126193	-0.152912798	-0.342048651	-0.3206951768	0.173505437	-0.228224733	-0.3152752944	-0.1893951315	-0.3834081461	-0.4356221409	-0.1538128198	-0.2766459478	-0.02768907964
RAB2A	-0.1147712667	-0.02764357315	0.002351397984	-0.03832922953	-0.04409146871	-0.1168971841	-0.03555912009	-0.4041415256	-0.2071883112	-0.4433466129	-0.2959506755	-0.2647196827	-0.3646056924	-0.5646565242	-0.1936576644	-0.1780733779
RAB3GAP1	-0.07991395442	0.01497540826	0.2792795387	-0.2103566614	0.216827076	-0.2057690725	-0.1952717947	-0.2837447524	-0.1867498494	-0.225832498	-0.1201482066	0.2480290119	-0.2249041863	-0.2879535309	-0.1397408747	-0.1999470753
RAB3GAP2	0.01851451553	0.1219906237	0.4061339267	-0.0180702966	0.2536727739	0.5084270521	0.2063072856	0.01616712492	0.7026990435	0.5293562842	0.05482778042	0.3224337556	0.2457286437	0.3725777922	0.2471437835	-0.08116351305
RAB5A	0.008217342471	0.247973501	0.2824859726	-0.04374348963	-0.03732970306	0.0148682728	0.1016244298	-0.472665872	0.222881357	-0.3638464592	-0.2819909363	-0.1351104119	-0.421666187	-0.6059581993	-0.1436095719	-0.2880245442
RAB5B	-0.05672242945	0.03262513485	0.2443396068	-0.122237051	-0.2641966187	-0.1157734165	-0.201085663	0.0904830163	-0.5369928751	-0.4026857043	-0.4316113255	-0.2802880199	-0.2884954647	0.1610001488	0.02971087236	-0.1714352635
RAB5C	0.0006860418014	0.06104259694	0.2131107128	0.2190367373	-0.0706024803	-0.4304773719	-0.247637208	0.1901271087	-0.1880511754	-0.5469615179	-0.01823757929	-0.09200204906	-0.2713876493	-0.04609061271	-0.1991353251	-0.09750586694
RAB6A	-0.1638402303	-0.003397998218	0.05955586234	-0.2591378931	0.04277475162	0.3908559981	0.1999358618	0.1721962282	0.1225231601	0.2398565305	0.1053305429	0.07775108669	-0.009697884221	0.2062910773	0.1331083419	-0.1404345221
RAB8B	0.5287068911	0.6746628075	0.9208786166	0.9504011167	0.1062924239	1.186746176	0.5047697585	-0.2999359952	0.3262982631	0.5004742709	0.5372543892	0.7188853485	0.7332617183	0.5762564674	1.024115483	0.5264649777
RABGAP1	-0.00960532561	0.03412969051	0.3132251579	-0.2794105149	0.08627583253	0.379656783	0.1968970258	-0.6171087744	-0.6592583312	-0.1352669016	-0.1636706993	0.06386161058	-0.03905514184	-0.2904004156	0.218476628	-0.1712466805
RABGGTA	0.2541710936	0.4861481023	0.6869839442	0.7158936695	-0.5874526131	-0.6249716527	-0.4847112973	0.1152548889	0.2635572876	0.1330995879	-0.2953718226	-0.4705774304	-0.341743367	-0.2368646857	-0.3899729537	-0.193123473
RAC1	0.149001581	0.3544920374	0.5211100048	0.5406893378	0.1055355614	0.4266863995	0.267321949	0.01473740495	0.162456266	0.2697595528	0.2440889853	0.3133716117	0.1466820797	0.1452517996	0.004478071177	-0.01384939344
RAD23A	0.08923666051	-0.02911973491	0.253119388	0.1308485473	-0.1261294054	-0.3389124068	-0.4400269644	0.2381693013	0.03226085248	-0.0705068704	-0.6282279157	-0.8993367881	-0.3624328917	-0.08674437649	-0.3795264492	-0.08608806561
RAD23B	0.04085973373	0.1240979633	0.2283013836	-0.107404037	0.06381964005	0.155486386	0.06999990823	0.03059988212	0.02696893721	0.1628987661	-0.2549530505	-0.1728280538	-0.3397759717	0.04322364573	-0.1342239434	-0.1187653697
RAI14	0.3174306262	0.6322895731	0.4876816649	0.1413022226	0.08352301055	0.3607555792	0.01071092489	-0.01471597706	0.2651279496	0.3636005341	-0.05357012709	0.1465534627	0.1902473148	0.1990912154	0.2811243348	-0.1255419904
RALA	0.111498576	0.173595856	0.510696144	0.2764550738	0.1013576592	0.5625464365	0.3421561804	-0.4673297292	-0.1671638567	0.2977665401	0.08435606083	-0.077248625	-0.06705467631	-0.4689621596	0.04098900649	-0.05172814408
RALB	0.01828811769	0.05510244014	0.3955846177	0.08196175347	0.4064440098	1.326795647	0.5655434592	0.2474671437	0.33751396	0.9669118317	0.7755043656	0.5771963598	0.9334468652	0.8192355805	0.5875065675	0.09960101467
RALY	0.2580685637	0.3424598503	0.3458758908	0.6417062652	0.1287766092	0.4455449889	-0.008457830894	0.2825873746	0.1653019473	-0.05023109661	0.07068573628	0.07099907276	0.3115299158	0.3550600003	0.1375318062	0.06694548128
RAN	0.08624994936	0.1818426871	0.1723576973	0.4301503315	0.600636481	0.34347475	0.2460015727	-0.05090841498	0.1882505986	1.02178116	0.820362912	0.4445538053	0.3427042291	-0.06454350549	-0.1245283042	0.0520900547
RANBP1	0.2777283545	0.3482175444	0.7035425109	0.7036069785	0.6408189354	0.8396484573	0.6261370453	-0.2269041488	-0.02551309085	1.149563866	0.8153396985	0.5554481702	0.6806206451	0.1466489726	0.1890781791	0.08456507235
RANBP2	-0.3480745293	-0.4365599462	-0.1806924544	-0.7378666641	0.1270098603	-0.005849948186	-0.1240666094	-1.14509332	0.1655890014	-0.08746929062	-0.4997533249	-0.2718802764	-0.6749907098	-2.436485448	-0.01439315355	-0.3048260433
RAP1A	0.1212832862	0.08077972174	0.1667487478	-0.01998393407	0.1128933434	0.1222043659	0.053905563	-0.2781027009	-0.1941339542	-0.06045269654	-0.01512411997	-0.04897867373	-0.3103619248	-0.5604342758	-0.1380573278	-0.05153191589
RAP1B	0.2300311916	0.4900220612	0.5348890634	0.2532644404	0.2133765543	0.7090539271	0.451595346	0.01019064512	0.6626075514	0.3013553886	0.5840236019	0.5738263774	0.2302258585	0.1241591163	0.1616265893	0.03978133665
RAP1GDS1	0.2002459187	0.5709904093	0.541201797	0.5749747667	0.05274698447	0.2478430312	-0.06276603446	0.1178556303	-0.1511379025	0.4384807587	0.1662695447	0.02854625832	0.1328426536	0.2371631739	0.06964456246	-0.07209219835
RAVER1	0.1900433215	0.1334520927	0.3707305814	0.2174963174	-0.03434437405	0.2714124916	0.03077716347	0.3999480769	0.1728479145	0.6885174591	0.07277402921	0.1681866849	0.5413001359	0.4942885205	0.0678287618	-0.00329290229
RBBP4	0.08423777673	0.1648495789	0.4603519072	0.125308249	-0.08313066461	0.03500860423	0.02414599002	0.1691618049	-0.1178027379	-0.3124661995	-0.3771548232	-0.2895684722	-0.07404281193	0.1337165534	0.06970178778	-0.1916791583
RBBP7	0.008644644248	0.2019134801	0.2480950205	0.3166157902	0.3200942099	0.4549836318	0.4271689446	-0.5400907885	-0.05224215232	0.3137814754	0.6340637941	0.3940593116	0.2725838231	-0.3493312797	-0.002586031821	-0.04155063351
RBBP9	-0.147979043	-0.2410584833	0.09215394876	0.1023074612	-0.3364006499	-0.1752701737	-0.09482985733	-0.4303390436	-0.6579095165	-0.1352505066	-0.0007868381689	-0.1503932746	0.1603723505	-0.2151047776	0.2764636584	-0.140835862
RBM14	0.01510103962	-0.04278047936	0.3822909718	-0.1362200722	-0.1194491355	0.3525086207	0.2502234785	0.5507112968	0.1636429268	0.5194804549	0.1285234276	0.1075235472	0.2133822039	0.32151108	0.062626829	-0.09960353788
RBM25	0.02648901702	0.2284980383	0.4099552289	-0.02792517377	0.05279924639	0.4387945533	0.6260282894	-0.6262649994	0.06390929243	0.3961748864	0.1668243323	0.1406289642	0.0355687886	-0.592723055	-0.1119101719	-0.1347883652
RBM39	0.03366956932	0.02201847726	0.3283671584	-0.1734425402	0.0003285228812	0.3209538757	0.3010998236	-0.5102741091	0.500771938	-0.1238738524	-0.1648074509	0.01446529822	-0.2345826966	-1.396968267	-0.2862679984	-0.1722176981
RBM47	-0.5697600493	-0.4927558154	-0.5024565179	-0.5911025606	-0.3315176265	-0.63187652	-0.4692097929	0.4720751121	0.362020084	-0.1889033986	-0.1796024951	-0.2561025301	-0.4769299657	0.02170319803	-0.4615845517	-0.3826513879
RBM8A	0.3204981061	0.4533265336	0.5721829407	0.5628579299	0.06369084894	0.2169276801	0.2160657146	-0.08961018493	0.4497443872	0.1974064696	0.2462019538	0.2159977525	0.229022025	-0.2931352807	-0.07987746492	0.07419137391
RBMX	0.08640096664	0.2394621514	0.4905731716	0.1532109058	-0.06168831655	-0.05499186557	0.09393731995	-0.6155782021	-0.4222356768	0.2551465828	0.2160216542	-0.2760873611	-0.02982976669	-0.4136007319	-0.3701886195	-0.2554047914
RBP1	-0.4711555698	-0.5719209367	-0.4800043911	-0.1271181921	0.2461856674	1.880880211	1.020042229	0.4795216391	0.2063755614	0.9704798113	1.521582904	1.545264201	2.269364758	2.099496031	1.91389503	0.9697665751
RBP4	0.702982576	1.183071891	-1.311938588	-0.3721334683	-0.5157587471	0.1376459773	-0.2891974573	-0.001023351015	-0.04635876658	0.3047108757	-0.1660721381	0.6255533416	0.2114709679	-0.01147697062	-0.2608832315	1.001293543
RBPMS	-0.08207380704	0.1270507627	0.4841445242	0.4450837937	0.4498422761	1.224157358	0.9321276067	0.1628474052	0.5501845606	1.462602003	1.038183559	1.176668056	1.028049121	0.5439087076	0.2775872414	0.09700251585
RCC1	0.4326967196	0.4101625167	0.5690619786	0.3449701969	0.1205322732	0.4633369547	0.4162305214	0.3000808977	0.1192357048	0.7265668544	0.8357607124	0.6241781455	0.6585665055	0.5420684068	0.1763285013	-0.08773550162
RCC2	0.6253790234	0.8189729289	0.7521229292	0.8108424855	0.3809654817	1.191485167	0.6106656002	0.09250216055	-0.2661361437	0.9809528083	0.4127520528	0.5790681389	0.8007857733	0.9514509485	0.5723201322	0.2560917194
RCN1	0.5189626022	1.03457518	0.6613547503	0.7326776697	0.7642340326	2.282414447	1.401340685	-0.1342791962	-0.1356206322	1.479033916	1.603834303	1.190968395	1.869444355	1.627610385	1.624557142	0.9673379042
RCN2	0.09015664142	0.3826725507	0.4760848466	0.3104900789	-0.008219341567	0.2623449043	0.2227477988	0.1245947391	0.1364967903	0.2017158759	0.4862553132	0.3752762111	0.3913770966	0.5382196331	0.3987783262	-0.06797730598
RDH14	-0.134523254	-0.1198055665	-0.2192081811	-0.1182838332	-0.1228178415	-0.6547438811	-0.06488433945	-0.2174748712	-0.3905682892	-0.6476957457	-0.5599800699	-0.4611808841	-0.6218291215	-0.5355509687	-0.2962314959	-0.1239440871
RDH16	-0.1119990416	-0.1711857637	-1.63924004	0.5250281844	-0.1321045983	-1.506700962	-0.5900791848	-0.1948887047	-0.3631416486	-2.101509347	-0.417198555	-0.342880799	-1.120048431	-0.6695853669	-0.5522579329	-0.07086524953
RDX	-0.2911422452	-0.233288139	-0.2036181906	-0.6886422352	-0.0656090946	-0.2298560932	-0.203334198	-0.4729065887	-0.2709789301	-0.06758472515	-0.2972077549	-0.1577935331	-0.4906924757	-0.7466786618	-0.06524646624	-0.3264579395
REEP5	0.1187989428	0.1789533383	0.26757973	0.02041759714	-0.2603083975	-0.407370145	-0.2503430915	0.07687481126	-0.01702542275	-0.376867614	-0.2513176269	-0.4998754931	-0.3772993047	-0.217367123	-0.234090623	-0.02514206315
RENBP	-0.4293632138	-1.252244678	-0.9416856334	-0.780983011	0.3561317467	0.05013255529	0.0750450438	0.1270294616	0.03847756745	-0.1960880281	-0.3192769887	-0.07216516622	0.3560509762	-0.02113667699	-0.2420432096	0.1130948827
RETSAT	-0.5123929842	-0.7667198454	-1.385502207	-0.8122017626	-0.7106337322	-2.11377318	-0.7812356326	-0.3299389988	-0.5747579467	-1.92930464	-1.474981641	-1.634468049	-1.902957988	-1.027592351	-1.175753814	-0.2360678137
REXO2	0.09109173879	0.08856983664	0.2708893375	0.1618470397	0.07553139018	0.1209551251	-0.03249891772	0.07987464498	-0.1325353176	0.5094022879	-0.04611601356	-0.090681209	0.08908283345	-0.006983810745	-0.2237512669	0.1302222363
RFTN1	0.8010449246	1.152067181	0.9708913411	0.8014372595	0.1400674036	1.084502073	0.6555344035	0.519831937	0.5016133755	0.6251212726	0.8082683877	0.8287923562	1.304859898	1.575189364	1.24706944	0.7738397532
RGN	-0.7481724738	-1.440426763	-1.671335312	-1.626400795	-0.3789209229	-0.1392484372	0.1189588736	-0.4115312036	-0.3430040028	-0.2949176293	0.630317926	-0.04535056217	-0.5290655683	-0.7180516251	-0.07569500821	-0.2892045716
RHBG	-0.9967737594	-2.728712343	-3.557589186	-2.631242675	-0.4043884253	-0.7259801827	0.02107236945	0.6989554472	-0.07242881781	-0.7915403322	-0.4868019164	-0.5932159314	-0.7580133973	0.2031468726	-0.5099678392	-0.004969764896
RHCG	-0.5154550961	-1.095530643	0.1190959365	-0.2255245382	-0.4040726281	-0.381185683	-0.03006587014	0.2273622742	-0.3978340511	-1.223580763	-1.087575538	-1.313369671	-0.6550123907	-0.1071631321	-0.3272989242	-0.2690118468
RHEB	-0.03913953334	0.08473129664	0.3926845235	0.1803273366	0.04221808863	0.1042363054	0.1652716253	-0.3158690596	0.09091469418	-0.03837010112	0.1984786552	0.05795388803	-0.2000970398	-0.57353426	-0.2051070884	-0.1669121039
RHOA	0.1933424953	0.4163190713	0.364886355	0.6358258099	0.2039850268	0.8828366487	0.4444942981	0.1702746797	0.1061724657	0.35517497	0.3699284906	0.3683689044	0.2252771768	0.2173961532	0.08828207248	-0.04257962493
RHOG	0.5525251088	0.597194812	0.9056445493	0.7963816885	0.2457843093	1.52125628	0.870367955	0.3550753875	0.302330469	0.6724627597	0.901823209	1.094200408	1.434660123	1.281985444	0.7905813012	0.5861613327
RHOT1	-0.115052895	-0.0808639096	0.1273648009	-0.5731420514	-0.06526914933	-0.3474287476	-0.1935930678	-0.5534014615	-0.278769194	-0.2266404711	-0.365870971	-0.3918391038	-0.5406627617	-0.581546057	-0.2544817763	-0.2634011181
RMDN1	-0.08437128022	-0.1595721266	0.2338964974	-0.02170798187	-0.2547287626	-0.5181104163	-0.1221953743	-0.5465715449	-0.387467863	-0.8174115708	-0.9942068655	-0.9474019485	-0.6098422016	-0.9163941709	-0.3306547195	-0.2844936219
RMDN2	-0.5814598882	-0.912143392	-0.8804496448	-0.9408688044	0.1888142045	-0.07935395554	-0.05883192674	-0.3446748735	-0.0220381634	0.5204481314	0.2101706055	0.2719071416	0.1137757179	-0.5262980761	0.1521177287	-0.1214700971
RMDN3	-0.395591108	-0.4444878696	-0.5948731454	-0.1015862378	-0.1021226687	-0.6723545861	-0.5462820303	0.08850663597	-0.1913325338	-0.5044999633	-0.5469604382	-0.691476584	-0.7865514616	-0.3382445962	-0.4873647684	-0.1986905999
RMND1	-0.1361081464	-0.3458290517	0.009436756367	-0.3702052638	-0.2917353722	-0.9031483928	-0.7046181998	-0.2590548356	-0.2851047497	-0.5516113357	-0.9874505626	-1.047303077	-0.5541991197	-0.6766328574	-0.6286762095	-0.125522919
RNASE4	0.6298543803	0.7544696881	0.9501204143	0.4648236016	0.2347131104	1.946901582	1.831920113	-0.4346303117	-0.09362517439	0.3497861563	1.27964751	1.871309751	2.158056823	1.225474162	1.685862823	1.069181342
RNF114	-0.06825890328	-0.1517199015	0.2205434356	0.05614074024	-0.3475865796	0.2087958147	0.06518354693	0.2910276436	-0.01592221543	-0.1959796481	-0.1597100638	0.1296318946	0.1463580815	0.4811458671	0.1606937281	0.000443372383
RNH1	0.1397361477	0.1837921111	0.4064731138	0.835762866	0.216295934	0.8257333222	0.5340228748	0.1379947132	0.1621363618	0.7720064741	0.5139001936	0.4889419353	0.3944085435	0.3074823412	0.08049480679	0.04889403419
RNMT	0.01921380701	0.2748416106	0.2332907854	-0.001642740698	0.08096189486	0.006867809494	0.04806399394	-0.5427506133	0.09228524331	-0.1121386136	-0.072000824	0.1104253991	-0.02702004242	-0.5067220391	-0.1584239761	-0.09255020058
RNPEP	0.5948620183	0.8276670085	0.8419817675	0.731021562	-0.0796308785	0.3616609403	-0.07918193262	0.4970339663	0.06536770285	0.3390834346	-0.1778820989	-0.2350115314	0.5062907524	0.5614294668	0.08257201854	0.04223652968
ROCK2	-0.3006135823	0.1333022577	-0.09417290971	-0.9171239626	0.2614719663	0.9376109692	0.5785820579	-0.7897444122	0.6735247787	1.127310693	0.8816322277	0.8369040926	0.3034746224	-1.225609967	0.3502011178	-0.008889406583
RPA1	-0.1340241736	-0.2731839988	0.0004912391624	-0.09224244409	0.1404127569	-0.2452413327	-0.1705084798	0.06997001689	-0.2861396691	0.1817404347	0.1954528556	-0.06915061505	-0.1814531316	0.09209025437	-0.1265472273	-0.1042869911
RPA2	0.06406716582	0.04782328487	0.4210922546	0.5318911527	0.4549549558	0.2881703601	0.2489799146	-0.2814646601	-0.2757106975	0.9068208051	1.173551447	0.7835440547	0.4867507667	0.2248889399	-0.1113148958	0.06253054027
RPA3	-0.04522267566	-0.1873237111	0.1516486506	0.007238756201	-0.1326938606	0.08952897052	0.1072046066	-0.3774462917	-0.7850206566	0.08576248187	0.3084915725	0.04715385073	0.2204263098	0.1854845548	0.189082339	-0.04185061683
RPL10	0.291927521	0.3189695241	0.2355909467	0.654750056	0.1246563916	0.4925851338	0.5143180962	0.02774492623	0.07783214331	0.2659763497	0.2159147488	0.4482405557	0.4383650002	0.1331278949	0.0638677203	0.1238820157
RPL10A	0.3081488476	0.3527559877	0.4877322626	0.7473261094	0.2008876149	0.6891162396	0.7289970758	-0.07535384675	-0.008013125634	0.3847713343	0.5863067766	0.7531652668	0.4980375489	0.2186238795	0.1969909373	0.2170590505
RPL12	0.2352760641	0.1808166722	0.298523368	0.5482566879	0.455803122	1.113771656	1.075527383	0.193989274	0.03971481009	1.128220532	1.110114431	1.021795492	0.8976927731	0.8088272573	0.5408503594	0.3760226928
RPL13	0.4314994179	0.4608708807	0.4510881566	0.7724764923	0.1796278196	0.4875182878	0.6727172592	0.1648615045	0.09714076913	0.6200745674	0.6460199247	0.5951205327	0.4467116128	0.3540155363	0.1834785519	0.2382972321
RPL13A	0.4215563539	0.5477884296	0.4713239414	0.8316538054	0.1703981239	0.7565404878	0.8915237205	0.233098293	-0.05397313401	0.4631819206	0.6897825665	0.6018272707	0.472476327	0.4568673236	0.26643471	0.2718523441
RPL14	0.2459351316	0.2543503948	0.2904736699	0.6032297303	0.1475786646	0.4568849374	0.6657413453	0.04718783242	0.2040116058	0.7681703492	0.8205727156	0.7239889044	0.6550365696	0.1825390209	-0.01036490284	0.151495078
RPL15	0.1013027684	0.2151582973	0.136141934	0.4077934225	0.2127904752	0.5122522268	0.4803853239	0.006931895815	-0.07112187885	0.4771614073	0.4632279626	0.5420734202	0.4612751045	0.2399070776	0.2406747478	0.1182365204
RPL17	0.2123532122	0.2882021653	0.333298614	0.6536134634	0.4983702637	1.018879478	0.7749100198	-0.2333015501	0.08985759814	0.3006590894	0.4389479681	0.5306762954	0.3837508561	-0.07685339797	0.05946822711	0.2183640681
RPL18	0.3749575266	0.5056586327	0.3958887272	0.8309471442	0.2009781399	0.5710202982	0.6332701882	0.1908457216	0.05877491064	0.6019836591	0.7136337449	0.706330648	0.5552723502	0.3752426397	0.1414470093	0.2257448571
RPL18A	0.3955779448	0.4504288462	0.3625101115	0.7740794912	0.01809273739	0.5874129989	0.7123485497	0.1334309576	-0.09027941303	0.1436468597	0.4106432343	0.5590294176	0.4820111691	0.3197131176	0.1714253262	0.2368299971
RPL19	0.2572985823	0.262823913	0.2930534453	0.640901511	0.1537366063	0.4434455812	0.5791513153	0.1918573786	-0.01662070186	0.2193284039	0.390317273	0.434850458	0.3631119038	0.3623941052	0.09260074416	0.2177132263
RPL21	0.1689393563	0.1628533803	0.1850069864	0.516710027	0.04897642946	0.4363575479	0.7163856137	-0.110465006	0.003869899091	0.3486274168	0.4361972601	0.4164599063	0.4596737225	-0.1057258214	0.008206080343	0.1679697514
RPL22	0.2093812653	0.2567544396	0.2261172801	0.601950691	-0.05194920816	0.47035739	0.536909961	0.03695701849	-0.180444698	0.192137521	0.3770838208	0.4140983917	0.4009131631	0.3332940103	0.2600873312	0.09560996803
RPL23	0.1362192082	0.2043584709	0.2860332781	0.6988636266	0.1384508526	0.7424150202	0.6903094755	-0.3641263547	-0.1549633937	0.3994875572	0.6008124202	0.640081152	0.5376631674	-0.2226461086	0.105679734	0.2294369597
RPL23A	0.2180654887	0.1256813602	0.2354455735	0.4094439795	0.1597892963	0.6340398498	0.6166177677	0.4035249523	0.06534016933	0.5562716397	0.5942895198	0.5921624837	0.6116236248	0.6780816848	0.1197924004	0.3752560361
RPL26	0.09210790387	0.08085729277	0.1276162829	0.431851013	0.2012906275	0.377568595	0.512822259	-0.01012312782	-0.1336115088	0.1666232284	0.2661852401	0.2753340241	0.216508754	0.03740983147	0.07515997258	0.1506193886
RPL27	0.2346648471	0.240001496	0.2220583409	0.5974426168	0.2022271397	0.3870640474	0.5149620488	0.194388361	0.01855023169	0.3704626399	0.606464038	0.504502143	0.3480436744	0.2449543864	0.02772816943	0.2017833364
RPL27A	0.3121300411	0.4495196493	0.4415131525	0.8020850016	0.07138997021	0.5599738732	0.5816012647	-0.005860992694	0.1367045395	0.7182145619	0.5195874503	0.5069916508	0.4527649978	0.1144858394	0.1067853835	0.2310024895
RPL28	0.4207689692	0.568456117	0.4122065855	0.8747421216	0.03273785587	0.241799987	0.3631646294	0.2167327962	0.2260062444	0.2692323634	0.3352207467	0.4315272918	0.4324927854	0.1985696879	-0.2035969764	0.1916091419
RPL3	0.3087848583	0.2633504956	0.3637688359	0.6242534187	0.1669330525	0.5724552465	0.5856256123	-0.01681332342	-0.01114699272	0.4490351848	0.7088291971	0.6145754957	0.5636073209	0.4881744067	0.374424463	0.1512643874
RPL30	0.1848167537	0.1976341936	0.2633590309	0.5576165682	0.3978459096	0.6784313704	0.8421409889	-0.05011566822	-0.1217942383	0.1820543252	0.5556887701	0.472183147	0.2160451206	0.1135025156	0.1678234834	0.2191409346
RPL31	0.2635383942	0.2706906978	0.404197424	0.692690973	0.2042376921	0.6685061207	0.7450117499	0.2817795629	-0.2171689804	0.3476551356	0.5470153989	0.5499042874	0.3184854036	0.4429183917	0.2828252265	0.2872802197
RPL32	0.2055506139	0.2585785175	0.145285673	0.5667415135	0.1559446048	0.5681854504	0.7015813707	0.3494555938	0.1030958555	0.5381405481	0.6693121322	0.647559467	0.4968997931	0.5257062162	0.09310754578	0.2152080057
RPL34	0.2595590777	0.3624791851	0.4535459649	0.7892651884	0.2525761094	0.6619213552	0.7267111971	0.1129179027	-0.05222563983	0.3128841996	0.3895628718	0.4745975997	0.443549094	0.3981569867	0.2243712976	0.2376127569
RPL35A	0.161960167	0.01659211513	0.1938250852	0.416881116	0.01367429263	0.1971223752	0.4445337121	0.01978421997	-0.0362649954	-0.1383523153	0.1769748404	0.170960065	0.2011498541	-0.005600121999	-0.08414827556	0.0825504937
RPL36	0.4177454821	0.462092511	0.2218014868	0.6100462708	-0.0276549863	0.4469239549	0.6836899725	0.06167310463	0.1680585275	0.3563348502	0.4057069333	0.433619036	0.391476031	0.1098410856	-0.03137356867	0.2357224615
RPL4	0.1360188425	0.1645677539	0.09634607116	0.4726795077	0.1054110213	0.3989223952	0.3420855763	-0.5345885902	-0.07197513678	0.3404390263	0.4456195789	0.5379840711	0.26938612	-0.3215351849	0.02439501918	0.1058362503
RPL5	0.1633176277	0.2105014876	0.1626904806	0.4458723495	0.04229039916	0.6424639743	0.6648456977	-0.3529429056	-0.1801089433	0.2589451999	0.4128286665	0.517874314	0.3967226285	-0.2611197137	0.06572367962	0.1388401675
RPL6	0.2504478307	0.2654428921	0.2903459688	0.6590530613	0.1293932491	0.4359653493	0.5247577709	-0.2924105565	-0.03345516756	0.4927099528	0.3665338339	0.4836601358	0.3968927452	-0.04751540119	0.06874375488	0.08893089489
RPL7	0.01284826398	-0.03371182112	0.1420126766	0.3388477342	0.2086332393	0.7650092478	0.7426192998	-0.3897593901	-0.1273671881	0.3330176692	0.4821475984	0.5737726479	0.5365574738	-0.3637129808	0.143310822	0.08599964655
RPL7A	0.3471442412	0.4922609111	0.3912366632	0.7840347352	0.06138032013	0.1122733848	-0.2079945591	0.1202278929	0.07893501919	0.3206411323	0.3978098798	0.4423932736	0.3149084608	0.1935134337	0.0007900475812	0.1155218952
RPL8	0.3009479785	0.3356455392	0.2654585749	0.5508054254	0.08184280967	0.3872133115	0.5312659603	0.1305579418	0.1097519377	0.5101607325	0.5776621526	0.5053396945	0.4365522618	0.214776326	0.01609847211	0.1271194301
RPL9	0.07729557438	0.02169659826	0.1596680691	0.3737729853	0.1146447102	0.3896444494	0.5675545217	-0.09527032508	0.06474789016	0.3342434841	0.4509966319	0.4415280629	0.3025834486	-0.02412688227	0.03445738065	0.1611699488
RPLP0	0.1191285722	0.1416401895	0.1440666385	0.4596990559	0.1797188598	0.494464764	0.5333051414	0.1344681155	0.09066423987	0.7236750013	0.8389941219	0.8644548809	0.6446555526	0.2944249314	0.2185547812	0.1248140398
RPLP1	0.2444597339	0.3794715673	0.400306905	0.8213824274	0.1661058235	0.8771463776	0.9299244673	0.2997186965	0.01710961278	0.608197587	0.882435543	0.8262635009	0.685834118	0.5333463997	0.2902614593	0.3135530123
RPLP2	0.4828540701	0.5230031002	0.5601810139	0.8087239883	0.1409117808	0.8134083475	0.9146233548	0.2596884238	0.3717295368	0.7840787	0.8163647754	0.6841055268	0.9101939424	0.4446708876	0.08015657124	0.2612325522
RPN1	-0.01161964495	-0.0318312374	-0.0292043843	0.1899622025	0.09072426561	-0.02853546821	-0.05312402905	0.3171206511	-0.06400992193	-0.1301563341	-0.4725990261	-0.3716377574	-0.0924176645	0.07953112219	-0.09853171777	-0.021940989
RPN2	0.1725077327	0.1972021234	0.2139677173	0.424688022	0.1047642266	0.1114592771	0.02659733598	0.3223131242	0.1099651011	0.1709328981	0.2924165709	0.2522938317	0.2221540571	0.1856146607	-0.1998839899	0.03340288658
RPS10	0.3117178869	0.3935868368	0.3485649813	0.8312482427	0.1040757921	0.5233865147	0.6327894344	0.1400527866	0.1300815006	0.4190066058	0.5723914118	0.6071807606	0.5863467058	0.3289709939	0.1560156318	0.2078005686
RPS11	0.3598881378	0.3291648737	0.3398837701	0.5562149538	0.3115791086	0.6528548518	0.6218257374	0.2726024556	0.2261392	0.6900135521	0.6756867303	0.6441081407	0.7592174971	0.5660146085	0.2180633307	0.3061825377
RPS12	0.2930084665	0.4242737721	0.2849983724	0.7173153124	0.2750234058	0.8695118889	0.7102658328	-0.04025860398	0.0878759277	0.8857261721	0.9931311852	0.8880963598	0.8062298861	0.2792528873	0.283485499	0.2945477175
RPS13	0.2418089476	0.3089170387	0.2960458373	0.6520981861	0.09304852346	0.5842768127	0.7367284052	0.02264919459	0.1763358747	0.5633643255	0.5796135699	0.5638487424	0.5608210222	0.1724556361	0.04662434368	0.2184451015
RPS15	0.414835719	0.5125863436	0.3075840852	0.8049056306	0.08927123731	0.4639575456	0.5565389405	0.01638444277	0.004059059818	0.3454276362	0.4150929251	0.4279900793	0.5320072128	0.1310859277	0.05862938776	0.2302656797
RPS15A	0.3586101192	0.4651292108	0.369488497	0.7192809727	0.2635265588	0.6307995481	0.73922457	0.07449325779	-0.1596130795	0.3952406404	0.4957077573	0.5144175999	0.4125481327	0.42079866	0.2529446734	0.2233613491
RPS16	0.4406212437	0.6409613913	0.6942535842	0.987049161	0.1826297648	0.9751197806	0.9399821231	0.2184031287	0.1887980399	0.799184993	0.96268306	0.8956124965	0.9608969553	0.6171509097	0.330556443	0.2810304584
RPS17	0.1498183336	0.1118290373	0.09744492883	0.512505846	0.1161103143	0.2792705586	0.5339514984	-0.05276662002	-0.1077226858	0.06564936687	0.19158508	0.3071799728	0.1755305374	-0.03188487907	0.007509546176	0.08443188537
RPS18	0.2568580953	0.3161522144	0.2339728259	0.6756333171	0.194266034	0.6153487289	0.763039026	-0.08638898531	-0.06854313241	0.4937338856	0.4518806497	0.5013425911	0.4610309796	0.2495537998	0.2523643643	0.1462710065
RPS2	0.1846364931	0.0907897327	-0.04437523458	0.4333729587	0.2139809615	0.3401058259	0.444135012	0.1708669216	0.06816095634	0.568178098	0.6339843582	0.5008812001	0.2680039799	0.04571122124	0.00154735969	0.1328635892
RPS20	0.4660817132	0.6270265712	0.4553690473	0.984946896	0.2478357757	0.8909815937	0.8553859434	0.05325401789	-0.09483023671	0.4600740799	0.7860618968	0.808405908	0.5725225283	0.3477551728	0.3201878725	0.2803580562
RPS21	0.3464681964	0.3711622456	0.4273905325	0.7249898657	0.113026116	0.5239871733	0.850644038	0.2116488664	-0.05614575323	0.09508363233	0.4842146586	0.5140121688	0.4070509149	0.3953803092	0.261997348	0.3070118239
RPS23	0.3955158703	0.49581703	0.5093828878	0.8601643216	0.09720281111	0.5966772754	0.6999011654	-0.1277038383	-0.02737183457	0.3840288005	0.6223460409	0.5342086178	0.3928555998	0.03201002952	0.08744054348	0.2254261584
RPS24	0.3512872724	0.3493159911	0.6898793882	0.7415304835	0.2064477877	0.8886025641	0.8357139509	-0.09874943387	0.01074273993	0.6550669675	0.7539882545	0.7103040211	0.6575130743	0.08081622374	0.256853027	0.3336667865
RPS25	0.2716325979	0.4477121838	0.5267534037	0.7835949317	0.08444342817	0.2190590392	0.4514998813	0.1175472317	-0.04569913913	0.2460550211	0.2685785856	0.2370248161	0.1031427433	0.1318123357	0.0222661688	0.124925525
RPS26	0.257659701	0.2925497824	0.3261733794	0.6998053592	0.2638461718	0.3801062137	0.4584839257	-0.00355378784	0.007056178086	0.7722175311	0.6671046297	0.5991954036	0.68628305	0.2106082843	0.1026778187	0.2583845185
RPS27A	0.01380413812	-0.1717852434	0.03122661624	0.3778184118	0.4368333831	1.100900142	1.308245403	-0.04194664489	-0.1777910606	0.2956939986	0.5150620197	0.5139869833	0.3857790332	0.1869316116	0.1992096254	0.1882307825
RPS28	0.2319003538	0.2084379103	0.3890336373	0.750391681	0.2574879847	0.8127973114	0.9632268921	0.2877583468	0.1720715084	0.4384249866	0.7313869856	0.7243411526	0.7810815683	0.5209736978	0.1364962115	0.3147592594
RPS3	0.3134585754	0.3404035915	0.4072226138	0.6383511334	0.191876363	0.5350735372	0.6332148769	0.1822886637	0.005278853605	0.3570266044	0.6560117017	0.6787349497	0.4398842443	0.4705994934	0.2835737778	0.180126255
RPS3A	0.1215724464	0.1747977937	0.1498194195	0.4613067377	0.135909646	0.5400323987	0.5965282767	-0.1514316592	-0.09516968807	0.29267948	0.5988405928	0.604602046	0.4479287668	0.006964453961	0.2044505249	0.147131186
RPS5	0.1968896255	0.2884145776	0.2749551527	0.6481541226	0.1944703362	0.6093109936	0.6808270965	0.2718298271	-0.004719912065	0.6017262254	0.714556571	0.7690994993	0.6255407598	0.5412258404	0.3496827916	0.2137196818
RPS6	0.1905904244	0.1491284945	0.185874497	0.5251211715	0.1640311855	0.4950141638	0.5626947881	-0.1953159386	0.04476400084	0.4749268559	0.4581291867	0.5318224878	0.3368102004	-0.01558429433	-0.009489622621	0.2023964976
RPS6KA1	0.2854736343	0.5093160107	0.3404864095	0.6777396169	-0.09063706788	0.8914322487	0.5981445676	0.2712935493	-0.127249117	0.6022456472	0.4979268281	0.4361440112	0.9356285874	1.179633077	0.8108711343	0.4223188133
RPS6KA3	-0.1461483479	0.2967001095	-0.1037659923	0.1430722403	0.2736729928	0.5856252492	0.1839277231	-0.4810025584	0.1514178899	0.4995755851	0.2252186153	0.2869069567	0.1397314495	-0.5782977457	0.3862758828	-0.2180774816
RPS7	0.3066563131	0.4332400367	0.378403888	0.7125810298	0.2129983777	0.5059243017	0.5696117467	0.0130983212	-0.09942061283	0.2917805235	0.4654981606	0.603291589	0.3403360107	0.3281991662	0.2667282922	0.2084045531
RPS8	0.2880499761	0.4521792946	0.3542681345	0.792479042	0.176482738	0.8700514822	0.8980391301	-0.124185796	0.001972165242	0.7219259904	0.7799236633	0.6743405957	0.6058014264	0.2013446929	0.1150081443	0.2166505902
RPS9	0.3028425928	0.4547607217	0.3392637668	0.8093257581	0.2027551108	0.7325877456	0.7098114885	0.09353483862	0.1111546044	0.5241105344	0.7048018548	0.777732678	0.8421587964	0.5040905907	0.3471552042	0.21979251
RPSA	0.3031134246	0.5248978741	0.5375974866	0.765451805	0.1926823251	0.6316343437	0.6163903213	0.2213918583	-0.05234514379	0.7151596468	0.8065811895	0.6603728116	0.478202749	0.3583879115	0.2677668642	0.1785537406
RRAS	0.1985235272	0.4296027094	0.3307582082	1.168639819	0.5581268712	2.346015107	1.471015726	-0.1501952098	0.203602991	1.636647334	1.565588736	1.523605767	1.76277871	1.227309598	1.069021628	0.484273692
RRAS2	-0.362652692	-0.474249819	-0.4983195269	-0.131542915	0.4282558269	0.9684762025	0.7507883823	-0.1517676599	0.4750753632	1.395471556	1.133400546	1.150599778	0.6237135172	0.1305958377	0.1803234071	-0.09457389423
RRBP1	0.307603307	0.3785452627	0.4036416434	0.5608042586	0.3016023063	0.9864585797	0.4768119823	-0.1518584408	0.1835158278	0.5279810499	0.06000334522	0.1405650639	0.392862091	0.3429372762	0.3422653525	0.1255417318
RSU1	0.154728758	0.3318978296	0.49472125	0.2833814196	0.01486373701	0.6446368743	0.228995105	0.08545501476	-0.03259488474	0.6544530239	0.5536599084	0.5883363316	0.7822111117	0.70351327	0.4820781737	0.09107581782
RTCA	0.0001032798324	-0.09463441899	0.0495130088	-0.06538979108	-0.1146524155	-0.2516339187	0.05276694921	-0.4252290639	-0.15674065	-0.1630722413	-0.0003580138434	-0.04839595609	-0.4671172925	-0.510814528	-0.2674716159	-0.05397681531
RTCB	0.1611422833	0.4415538465	0.2381821476	0.5780650394	0.05154972918	0.1065348478	0.06834462227	-0.04995656938	-0.2532125717	-0.2418892772	-0.1709102487	-0.04851402755	-0.05347538384	0.04706140378	-0.06470343733	-0.03123034596
RTN3	-0.07066909277	-0.1525190645	0.05180122505	-0.002555656042	-0.193758354	-0.3203398174	-0.2482985387	0.06817488368	-0.1828568796	-0.4838797069	-0.106762237	-0.077395177	-0.244877075	-0.1737500234	-0.3061302743	-0.1728176536
RTN4	-0.1862021413	-0.1742044511	0.2826498816	-0.4044911423	0.4466814467	1.617132966	1.106950722	-0.1981879384	0.288424771	1.486051679	1.303173129	1.31214801	1.141756175	0.8348571099	0.7547384086	0.2284620177
RUVBL1	0.1813916218	0.2492612735	0.3601750122	0.5650648736	0.2148472149	0.2949799101	0.1237316894	-0.08870311523	-0.05325236833	0.464334147	0.138262505	0.1622023288	0.3876835446	0.1896570017	0.009645946133	0.01421426873
RUVBL2	0.3356491643	0.3898342198	0.5541027537	0.6513124414	0.1668235322	0.4325583415	0.2767025719	0.06657027389	-0.09553537273	0.7106230585	0.3069177813	0.1375218477	0.4927106208	0.4031755523	0.1593630328	0.05682288103
S100A10	0.4907549444	0.6115493782	0.4501575553	0.7053503069	1.442402936	2.217428905	1.614337437	0.07436512367	1.124850884	1.520688877	1.538072923	1.439079959	0.7746535562	0.1994535628	0.276063306	0.4357461018
S100A13	0.01452977148	0.05510272944	0.5927552893	0.6363731335	0.2565626926	1.366045044	1.225899712	0.09851085095	-0.1001151469	0.4517285604	0.8235047794	0.7184830245	0.8755162534	0.6825960797	0.5047731538	0.3738670997
S100A4	2.300788548	2.007899185	2.138088056	1.5215531	0.6430723699	2.737207004	2.007460591	-0.1663092402	-0.03983536238	0.5813550566	1.603192604	1.983864429	1.08843552	1.973192958	1.654936895	1.421193974
S100A8	1.636423143	2.247620322	1.346386347	1.568817883	0.4228639862	1.062687807	0.9093082465	1.069626683	1.900283869	2.018311684	3.080605712	2.223452166	1.88734933	1.14873572	0.6239114831	-0.02219722948
SACM1L	0.05882318711	0.002122923854	0.1697764633	-0.1011863326	-0.01743330553	-0.1349589839	-0.1667016498	-0.9514573699	-0.4431474439	-0.3678418929	-0.4963372962	-0.38551928	-0.6375889747	-1.601411841	-0.1769499646	-0.2990114554
SAE1	0.4803090761	0.8267019394	0.839256324	0.9357199696	0.5203021389	0.6184536116	0.3570334353	0.1143776194	-0.1152819741	0.7451878551	1.064083413	0.6863223555	0.7233084538	0.4302540096	0.26050411	0.1576367257
SAFB	0.2972702521	0.2555329375	0.455419972	0.362221866	-0.1709507227	0.2361748255	0.2224255761	0.01757157	0.1192955274	0.2373732588	0.1915586775	0.2192295805	0.2727120714	0.1183891637	-0.07381909196	0.01807765637
SAMHD1	1.673397607	1.609431856	1.566167605	1.150422228	-0.03938552643	0.9935014167	0.3293194455	-0.180984563	-0.3291572419	0.2128390069	0.0522853173	0.2254557681	0.7511450386	0.8965328765	0.7852475157	0.6372748938
SAP18	-0.0209602376	-0.09831573471	0.3835688999	0.3188069757	-0.07138681783	-0.213724942	-0.07887437463	0.2030908637	0.1373750598	-0.1322200295	-0.02199134738	-0.06254239891	-0.02847362664	0.08629814744	-0.1635282875	-0.01981200115
SAR1A	0.1316917315	0.231674263	0.3148637695	0.108068115	0.04696349744	0.194519043	0.09358357969	-0.08615502914	0.06313130577	-0.06298389906	-0.04773263417	-0.1275649681	-0.0196298818	-0.01216957084	0.04632610795	-0.0505783009
SAR1B	-0.3140220285	-0.4941484084	-0.3718341165	-0.357934463	-0.1471349154	-0.8459045236	-0.419475159	-0.1558848003	-0.2512167355	-0.7290277077	-0.4821283216	-0.3591197258	-0.8476058427	-0.6378276606	-0.4080895953	-0.1397853687
SARDH	-0.4005966487	-1.199065268	-1.131968638	-0.9906731448	-0.5750623709	-2.271418999	-1.741264155	0.4765708997	-0.1217499383	-1.206691276	-0.9595007463	-0.9447074147	-1.043576579	-0.3422883684	-0.5433634773	-0.1329491352
SART3	0.1927595011	0.2169309211	0.4512682087	0.1318536688	0.1085010898	0.4294024691	0.2099910259	0.2204152734	0.03296324002	0.3644892351	-0.06312350343	0.03198861803	0.2693768248	0.4562017002	0.107406344	-0.01967918161
SBDS	-0.0692693023	-0.03791105841	0.3490976834	0.2254343814	-0.08547981017	0.09608785692	0.03196986383	-0.2752825724	0.4549431424	-0.4459461176	-0.4835032248	-0.1797722897	-0.2287845657	-0.5385769513	-0.3145847049	-0.1375682052
SCAMP1	-0.242637668	0.02468189881	0.1965688442	-0.5785784487	-0.09696336643	-0.06337586449	0.01817117439	-0.02835539965	-0.1472458603	-0.1334190308	-0.08984352499	-0.05631654519	-0.2098477751	-0.01398645481	0.009255117907	-0.1305465467
SCAMP2	0.04910125447	0.0455718233	0.2673168068	0.114966546	-0.3171949288	0.09416501114	-0.01925772458	0.3742198226	0.1520379197	-0.06446407936	-0.07847705592	-0.1205253182	0.1911619862	0.2812102261	-0.07203076174	-0.1105999368
SCAMP3	0.07946143638	0.1327199297	0.3028396681	0.3284729897	-0.09978184298	-0.0057894082	-0.1320983162	0.4334075724	0.07400257779	0.4089353243	0.1991938663	0.1694116589	0.3865396845	0.3767851211	-0.105381715	0.0876156631
SCARB2	0.5266686277	0.8696982458	1.027395235	0.6534937567	0.1676906358	0.8988483654	0.584796856	-0.5101745819	0.09847046224	0.5415445423	0.5670330709	0.5811290977	-0.03643213587	0.2666590455	0.5288696006	0.3438144952
SCFD1	-0.0815095479	-0.04904897895	0.2245272497	-0.07751395002	0.00511624161	-0.349087278	-0.2580364827	-1.004955389	-0.3012881785	-0.2794331007	-0.604905404	-0.5419379241	-0.5051949783	-1.645868242	-0.2322574725	-0.111630486
SCIN	0.4839765041	0.5660617949	1.261314243	-0.1962076113	0.3111254942	2.412164467	1.504130643	0.2280288334	-0.5472481644	1.352856103	1.424978624	1.301795152	1.817401132	1.634288007	1.364318725	0.1295895932
SCLY	-0.1312304624	-0.3486832204	0.1631698463	0.03026846907	0.1186515037	-0.8625589071	-0.8486162238	0.2970949599	-0.06254394791	-0.3304309066	-0.5979850313	-0.6711375227	-0.2150063602	-0.2012423646	-0.501727604	-0.02095418821
SCP2	-0.6132605152	-1.028438583	-1.511467505	-0.9902394655	-0.2900902609	-1.440614476	-0.9027116953	-0.4279972795	-0.2958570775	-1.359390755	-0.9208737264	-0.9905772141	-1.12937279	-1.181273763	-0.5757475498	-0.2346576559
SCPEP1	0.4988271869	0.4911109194	0.8648390188	0.7960721711	0.2748258937	-0.3049477655	-0.2066342046	0.2895943388	0.2306456592	-0.1979199475	0.1415236402	0.05443414849	0.04195054491	0.1735873359	-0.2253726539	0.01739146288
SCRIB	0.0149790452	0.03152538365	0.1921736216	0.1001773599	0.217472719	0.4573535668	0.3703777457	0.4563408757	0.09299728088	0.4737192759	0.1128212721	0.09005526974	0.2843964733	0.4227540175	0.0869175518	-0.02666678612
SCRN2	-0.09328924638	-0.1821995416	0.1783145325	0.6194136171	-0.4842392069	-1.092604668	-0.8048425806	0.5640877107	0.04777881457	-0.2841278983	-0.5829863419	-0.9363305279	-0.322673553	-0.05020517377	-0.2493316567	-0.1272102682
SDC4	-0.1034315416	0.1950184809	-0.001010836741	0.5842693812	-0.0627283359	0.1967833637	0.282910867	1.103541311	0.9158829834	0.2312604893	0.08888191544	0.3727128849	0.3408673755	0.440608285	-0.09822511879	0.03887506638
SDCBP	0.007271367051	0.2655418905	0.7045962689	0.3547706734	0.331435945	0.8877518361	0.672964816	-0.1977125752	0.2321343249	0.3293313325	0.4513598754	0.5212289452	0.4006459007	0.06655354764	0.3910386721	0.04737383709
SDF4	0.1054325329	0.1508026666	0.3276490972	0.6741098889	-0.08485477505	0.01945731445	0.1311060023	0.2264467746	-0.0509410268	-0.3986182656	-0.2570197856	-0.04930345845	-0.08415664465	0.2127332207	0.08122104495	0.07636187963
SDHA	-0.3583702764	-0.652242962	-0.6204927584	-0.6138767814	-0.2426617933	-1.315754813	-0.9587079344	-0.5225969112	-0.2290328053	-1.14194807	-0.9122449983	-0.8155432661	-1.041223163	-1.077710488	-0.5459043613	-0.2043564186
SDHB	-0.2528160662	-0.7462996114	-0.5569115006	-0.7180382603	-0.4231071982	-1.362595815	-0.7603575869	0.1628554057	-0.1272671742	-1.12228268	-0.4030829008	-0.5219375454	-0.7724180291	-0.4572738361	-0.5549765836	-0.1386188002
SDHC	-0.1936871706	-0.449356436	-0.2779654208	-0.2274537301	-0.2337555763	-0.8564842215	-0.4096009894	0.2319383083	-0.1129574752	-0.8564634575	-0.2105776116	-0.2497472935	-0.4470389777	-0.2098038916	-0.4649359811	-0.101345442
SDR39U1	-0.1965699737	-0.5263278275	0.04853900642	-0.2261664346	-0.4569516339	-1.087074276	-0.8201954073	0.1115495997	-0.1917662097	-0.599419427	-0.5028258278	-0.5886287598	-0.4202883656	-0.3241468494	-0.4153078725	-0.1822180104
SDSL	-0.2646601432	-0.04584863556	-0.3933621522	0.8571848325	-0.233854095	-0.1393708406	-0.1882425225	0.03863166771	0.03660722418	-0.4466117627	-0.3684101907	-0.43492611	-0.3421476178	-0.2808015343	-0.6451489975	0.0006778715751
SEC11A	0.0764847641	0.09173963408	0.256299093	0.3212624501	-0.1539222017	0.02478679267	0.02598045553	-0.04254538254	-0.03836579244	-0.5635842734	-0.2467390371	0.01502789876	-0.1791465914	-0.3883513411	-0.07641763172	-0.1838599116
SEC13	-0.3551588627	-0.7743136068	-0.107176565	-0.2053821636	-0.07160242485	-0.3121381271	-0.1791696582	0.06887497849	0.003563123287	-0.002615928474	-0.1666150236	-0.2929626334	-0.1795033579	-0.04931414302	-0.1261303108	-0.06040685221
SEC14L2	-0.1880943524	-0.1529923128	-0.665538383	0.4022592968	0.1742484546	0.9092642868	0.4841159656	0.02922513846	-0.1698572572	0.6930374492	0.1971924791	0.3827902755	0.9448639115	1.014869334	0.7654911255	0.002471298715
SEC22B	0.08766819379	0.1146712999	0.4072782215	0.03006863427	0.07020853651	0.03759486011	0.06172341927	-0.258449943	0.5146261385	0.1775077951	0.2615739433	0.1094914635	0.07414148325	-0.3828173785	-0.07089068924	-0.008037397355
SEC23A	-0.0006303047788	0.4035360928	0.2597522894	-0.128334947	-0.0472651967	-0.01337511903	-0.1561808743	-0.3026673172	-0.07620010381	-0.2365712548	-0.2433121438	-0.1464109738	-0.4371683223	-0.2218813086	-0.1822098399	-0.2623190492
SEC23B	-0.1672892968	-0.01209401249	0.3389045138	0.1470586723	-0.2693387891	-0.3939310401	-0.214200068	0.2904107681	0.1287957836	-0.1671870159	-0.326895538	-0.4822849294	-0.270304822	0.1420424188	-0.07924052486	-0.1785775276
SEC23IP	0.107737262	0.2443849177	0.3201079177	0.09307761925	0.09800008829	0.01072540459	-0.01842249908	-0.2174206646	-0.1091237306	0.0421271699	-0.03302459981	0.0738079836	-0.08271669331	-0.1005083547	-0.1617278226	-0.08290113627
SEC24B	-0.156577168	0.06141760302	0.2205346267	-0.1760796876	0.1814548951	0.5841191993	0.2844362648	0.241714649	0.195999702	0.4119514287	-0.05547378755	0.3029972994	0.2877479433	0.5236139362	0.1840248592	-0.1310532009
SEC24C	0.01987613632	0.0799828563	0.2154058781	0.1312235285	-0.1068390003	0.1380298307	0.01370999125	0.2039770327	0.1210527122	0.1302761947	-0.20389169	-0.2138214445	-0.03339359077	0.3482424262	-0.004796870289	-0.1513517806
SEC31A	-0.1557451041	-0.141107764	0.05457513849	-0.3281282605	-0.1617182393	0.09842760339	-0.1467346332	0.4678702574	0.2191682206	0.3599063761	-0.2772884779	-0.1654893456	0.1057936813	0.4089093767	0.0425564901	-0.1947415023
SEC61A1	0.3208175489	0.3706566953	0.2537835877	0.5284514194	0.2432871924	0.5998005604	0.4226475278	0.3753138707	0.2843565287	0.4139943444	0.1101220517	0.2060123181	0.442351418	0.544004075	0.1817328582	0.1035345743
SEH1L	0.02665991965	0.1044065175	0.08242501008	-0.0571321344	0.08903384293	0.06513492467	-0.002013618116	-0.3031664035	-0.1487954794	0.01904224083	-0.2680912362	-0.2999943566	-0.3220043311	-0.1879111693	-0.1615237822	-0.2323990293
SELENBP1	-0.4106253796	-1.001394827	-1.116362174	-0.7515418226	-0.8574837773	-2.244225383	-1.218745911	0.1265878992	-0.1996049688	0.4351082913	-0.2940166866	-0.4342825896	-1.157497962	-0.5818016864	-0.6135474209	-0.2237625407
SERBP1	-0.05640060509	-0.1018847277	0.2858332313	0.1680873778	0.1635493088	0.3247738818	0.2848687136	-0.2542052193	-0.1207283487	0.4542631274	0.3079988956	0.3261958188	0.05809463577	-0.1412950032	0.08477822848	-0.05134808721
SERPINB9	0.3723929715	0.6259615763	1.461549482	0.6889941216	0.3123292148	1.850749581	1.298710701	-0.1528433539	-0.3197532165	0.6867280654	0.7678104499	1.034710143	1.184443324	0.8239042471	1.227569568	0.5951314169
SERPINF1	0.5633780175	1.648488794	-0.1974726302	-0.5602649601	-0.07285361527	0.8183861914	0.2223114517	0.2819797605	-0.0005719855905	0.3705950208	0.1461420346	0.6685128871	1.754032767	2.664252811	1.717904021	1.462473393
SERPINF2	-0.5062158131	-0.5520426887	-3.057065898	-0.9385959069	-0.3617240041	-3.635360436	-2.967618373	0.8516628485	0.01950353942	-1.772935773	-2.00492677	-1.408784901	-1.024776023	-0.3416957366	-0.6252087462	-0.4450918253
SERPING1	1.095624066	1.9107593	1.35933627	1.329512749	0.4983439985	2.178648381	1.591890118	0.3936454256	0.4176086575	0.0158009445	0.9433898798	1.534940827	2.116274454	2.523995874	2.27088712	1.844962174
SERPINH1	0.2244480208	0.5933663897	0.4021251821	0.4835405816	0.5384920846	1.75332681	0.7122251635	1.887394105	1.690566155	2.064943396	1.611143272	1.202769457	2.09584262	2.171842058	1.419990938	0.5954578422
SF1	0.1830300815	0.1607027582	0.5805464901	0.0797247318	0.02621523843	0.2318541759	0.09169135061	0.7440365559	0.9713370045	0.2084239711	0.03181488789	0.2809183129	0.4009721795	0.3819312268	-0.03572449868	-0.03875130774
SF3A1	-0.02692247591	-0.05064303755	0.2305174678	0.04999675698	-0.1405266758	0.2074068634	-0.003509063923	0.672613154	0.3663123136	0.5688795824	0.3220133177	0.2967596801	0.5331720517	0.6544848718	0.226986349	-0.002677479384
SF3A3	0.1343550621	0.1955268926	0.4009075966	0.3251527477	0.1885401314	0.3787502009	0.279765248	-0.5471902968	-0.06180604226	0.3600487423	0.09230446033	0.1577216539	0.4361551375	-0.2492940395	0.1236319462	0.01568820171
SF3B1	-0.08034803042	-0.01795083747	0.2032503591	-0.3999170311	0.1291414739	0.1795014125	0.07001305344	-0.4425641934	0.6662135733	-0.1290871627	-0.1868849581	0.003590607831	-0.1027225605	-0.6491233567	-0.07172129039	-0.1682717391
SF3B2	0.1204849717	0.1461100244	0.4509043056	0.310271651	-0.04791590996	0.1361722237	0.02388595548	0.1895522087	0.001046226119	0.1552872541	0.01580292623	0.1275240874	0.1936393178	0.4020914052	0.09128698986	-0.005819721451
SF3B3	-0.01136605054	-0.05071972533	0.0300863135	-0.05290191397	0.5365757744	1.384458417	0.7009230406	0.1397644602	0.447304322	0.9240996092	0.471304616	0.4555993745	0.5469755589	0.6818166815	0.2308780774	0.00281243531
SF3B6	-0.08059666919	-0.1373948805	0.1705377633	0.1416407502	-0.1587299589	-0.2103758911	-0.000673770817	-0.005804790036	-0.03561562721	-0.2205834333	-0.1761453803	-0.2379572939	0.005098147439	-0.02210816868	0.01669967373	-0.07448356246
SFPQ	0.1844113343	0.3863666361	0.5618604647	0.1174603111	-0.02826778629	0.5980246477	0.5435690843	0.4222969091	0.5428793618	0.9002978952	0.6719145155	0.6866458476	0.7061122004	0.3481995337	0.4378499676	-0.08612272827
SFXN1	-0.3297969582	-0.5508743781	-0.7210154427	-0.4294108288	-0.0546255033	-0.9100268185	-0.7118295683	-0.1921672901	-0.2490181619	-0.3223280685	-0.1074333258	-0.1102528087	-0.5850088792	-0.5450110565	-0.3872763397	-0.2283830623
SFXN3	0.07693009308	-0.2105036881	-0.2182743816	-0.6957507197	-0.01828205435	0.9275532628	0.7821152772	0.4079211372	0.07850512412	0.4116017351	0.4149865425	0.352723405	0.5704651881	0.8662663056	0.385392771	0.1122961748
SFXN5	-0.522607971	-0.7587046549	-1.682165234	-0.6985577576	-0.4583230998	-1.024179695	-0.649066453	0.202002208	-0.2843829795	-0.5309656397	-0.5898928127	-0.8925065567	-0.4113531945	-0.04071533054	-0.298342019	-0.2002841061
SGPL1	0.1984242707	0.3972051686	0.8850695606	0.7045396723	0.05679298164	0.8120388745	0.4134244811	0.1343530617	-0.1056639092	0.1794645414	-0.2478760981	0.07350509939	0.1685354781	0.5494282614	0.3003732628	0.03498971026
SGTA	0.09180256305	0.1428627428	0.3411982037	0.2348832633	0.0248972451	-0.007423593686	0.05158270394	0.252798527	-0.01224176555	0.05493401354	-0.01481810635	-0.02126525009	0.1918279697	0.08687730254	-0.1502522108	-0.01620179452
SH3BGRL	-0.03051679596	0.08093839799	0.5236467569	0.07015947333	0.2759418543	0.8444784663	0.5918501842	-0.3375876895	-0.2628343782	0.2738748365	0.6599827071	0.7410874648	0.5129565946	-0.2523773255	0.6342215734	0.2573918866
SH3BGRL3	0.5971032621	0.5854152432	0.9519098305	1.042118837	0.5221416026	2.685209634	2.240517838	0.6477177057	0.6153345271	2.354770446	2.550775206	2.389580117	2.299370235	1.815217976	1.332776684	0.8585915131
SH3GL1	0.1408183985	0.2586129657	0.4083877867	0.4729365581	0.2199511568	0.9385908209	0.5535811025	0.3861811561	0.4458297531	0.8038318035	0.5211888553	0.4706521267	0.8755757539	0.833716656	0.4105577922	0.2021618264
SH3GLB1	-0.0721182412	0.2129955237	0.4205586965	0.2928804476	-0.01497946869	0.4323999065	0.2052456602	-0.3521650064	0.037731728	0.3983952689	0.3373682275	0.4401844575	0.02568160421	-0.2000567232	0.04241532931	-0.04934280212
SH3GLB2	-0.07746522347	0.1610623163	0.3212272894	0.7902739518	-0.2491312452	0.01053632338	0.14156478	0.1527902915	-0.1682139949	0.1104720098	-0.5546949474	-0.5153516737	0.03063244242	0.06189359417	-0.1908622933	0.09311895835
SHMT1	-0.3191701741	-0.2050005186	-0.2524524975	-0.1859065515	0.3667118428	-0.3232067888	-0.04869233265	0.08039091954	-0.03685003237	-0.4212398453	-0.1476057872	-0.05155813158	-0.2269050481	-0.216421483	-0.3965488773	-0.1484270269
SHMT2	-0.4114350177	-1.290098193	-1.279674442	-0.9501889968	-0.7611636689	-2.142675786	-1.489191811	0.4231311726	0.01027720911	-0.9971318454	-0.595787115	-1.190335989	-1.112275148	-0.5026960629	-0.8177659816	-0.2422471555
SHPK	-0.5039000963	-0.6345226058	-0.5387704062	-0.5501125148	-0.5091467595	-0.9674340773	-0.5890456608	-0.1115219326	-0.4618916166	-0.7522553075	-0.67947667	-0.6417633189	-0.9491690652	-0.3496005929	-0.3535406533	-0.1909724553
SIDT2	0.5473339287	0.6538926088	0.5123220276	0.5416063701	0.006673912479	0.491013708	0.1064691279	0.2840655817	0.1044005536	0.08215239349	-0.08997884122	0.238433159	0.06748516306	0.4032713482	0.0330849275	0.004648343329
SIRT2	-0.07288129352	-0.003408925297	0.1865011755	0.2870455042	-0.02330034287	0.03636844616	-0.03373145615	0.2464678721	-0.01914316279	-0.2399658175	-0.3137202989	-0.04723391269	0.05932058059	0.1232749595	-0.1229692687	0.03532651019
SIRT5	-0.3791960476	-0.6591048113	-0.3054001606	-0.3924050393	-0.4923998	-0.4749593203	-0.2271992344	0.08162992463	-0.3303277101	-0.2397009031	-0.4274249024	-0.7263371039	-0.2279034012	-0.1125569544	-0.3074800499	-0.1142276233
SLC12A1	0.187001908	-0.3366047965	-1.91152828	-3.522996907	-0.7455946944	-1.571933786	-0.5082748384	0.1642910301	-0.0816005886	-3.198540686	-1.547275122	-1.283285275	-1.838654777	-0.8802923867	-0.4657673409	-0.3060738968
SLC12A2	-0.6737262797	-0.05085928751	-0.1012213759	0.0575285513	0.3984733719	0.2136414363	0.2409562806	-0.1473605427	0.0811866971	0.1395633322	0.02087823755	0.269177221	-0.3177940014	-0.5782628126	-0.09005723337	-0.1004050629
SLC22A12	-0.18399701	-0.1061047065	-3.149117909	-1.171678648	-0.1029064055	-2.951377721	-1.723828727	0.3314519231	-0.07165319355	-1.408363326	-1.378379541	-1.43136953	-1.113335711	-0.5099463511	-0.8056906205	-0.1492358599
SLC22A13	-1.069974629	-0.8105926399	-3.992802563	-2.382206175	-0.3852493648	-3.308168581	-2.600043431	0.2304030062	-0.4060135495	-3.455646441	-4.353938203	-3.716963207	-2.641447752	-1.801616445	-2.466579038	-1.065419693
SLC22A2	-0.3679360724	0.2944606351	-2.16688905	-0.5585189689	-0.4486410191	-2.65277077	-2.151118281	0.2164089016	-0.02768957857	-1.642659987	-1.279934092	-1.550566503	-1.017418331	-0.6493559834	-0.95490848	-0.1824620186
SLC23A1	-0.7133340766	-1.545273938	-2.39561887	-1.015149466	-0.4449146973	-1.628051895	-1.44929116	-0.2536473079	-0.4453528001	-1.330418448	-0.9052321416	-1.183352594	-1.212871309	-0.755559746	-0.8129368648	-0.5513383969
SLC25A1	-0.3019063293	-0.7551822841	-1.009498501	-0.3157237305	-0.4824909639	-0.463016493	-0.2904719557	0.2389076815	0.05314197748	-0.05947088654	-0.3415468584	-0.3859101255	-0.132283889	-0.04344791416	-0.237036821	0.04951035053
SLC25A10	-0.1304458881	-0.3687501982	-0.4037592952	-0.4408889116	-0.4652091751	-1.482534914	-0.8688481207	0.0478550272	-0.1559273955	-0.7283434461	-0.02800118454	-0.4933291203	-0.6335098064	-0.2695342274	-0.4478549969	-0.08808912871
SLC25A11	-0.05698246642	-0.1921020082	-0.07474824758	0.04466950479	-0.5282655662	-1.002290415	-0.5714439784	0.1607270648	-0.1979268703	-0.8645000076	-0.7431638953	-0.8576905004	-0.5584846214	-0.1297960044	-0.2462581317	-0.1579878937
SLC25A12	-0.1280480292	0.07917895719	0.2657834219	-0.06997354584	-0.3387156729	-0.7527873811	-0.4554963547	-0.2649797972	-0.2779161258	-0.4845314486	-0.3205824977	-0.3688138577	-0.6764270945	-0.4533043121	-0.4414637156	-0.1366594204
SLC25A13	-0.4414506044	-0.42333889	-0.6282727547	-0.3918231215	-0.4313832881	-1.061708758	-0.8192431341	-0.5886595718	-0.4939810163	-0.8311204357	-0.673266282	-0.8409517424	-0.9091373378	-0.6562087399	-0.3743577226	-0.3629713358
SLC25A20	-0.1939825186	-0.1319867681	-0.1760185268	0.2200294488	0.2537630053	-0.03596078499	0.1404661523	-0.530214322	-0.3113484464	-0.1037578433	0.1818182716	-0.08116659005	-0.3476624065	-0.202400827	-0.3514624965	-0.143660041
SLC25A22	0.3044977592	0.2062463633	0.1664301901	0.1221004174	0.6186806602	-0.2671915735	-0.1032602909	-0.7176176814	-0.6492882905	-0.361917947	0.1169029347	0.3113466385	-0.9301543773	-0.850387212	-1.113852186	0.01689707552
SLC25A24	0.2546732651	0.7020307166	0.9774691373	0.1885574151	1.040009706	3.258017737	2.412888137	-0.2255689444	0.5783012396	2.479789831	2.111255256	2.073094727	1.677026365	1.368448125	1.605324011	0.540972376
SLC25A3	-0.1804325237	-0.3694872445	-0.2663413702	-0.2978027718	-0.149944036	-0.7255667948	-0.3383032745	0.1945274708	0.2269040043	-0.3797809851	-0.02027345823	-0.1831466704	-0.2455964645	-0.2727532186	-0.5531807884	-0.1191984723
SLC25A4	-0.2029150866	-0.181389871	-0.342461169	-0.2186692604	-0.1107497758	-0.2808818121	0.0879939034	-0.5091661071	-0.09702248328	-0.2609094542	0.5997446456	0.2188088958	-0.162945408	-0.674150708	-0.1924816606	0.009813897004
SLC37A4	-0.4501249746	-0.6249390725	-1.484678504	-0.4277570989	-0.1608635135	-1.993462169	-1.143740589	-0.008656790164	-0.4421606262	-2.309335767	-0.818068803	-0.1944453766	-1.111165194	-0.6727555134	-0.6200818607	-0.2863195223
SLC3A1	-0.5265794182	-0.6817875474	-3.550625599	-1.752030022	-0.3325005279	-1.440080328	-1.270647118	-0.0644642981	-0.3526620015	-1.573799937	-1.617563545	-1.296425833	-1.243867923	-0.694428173	-0.7370102115	-0.5156592088
SLC3A2	0.233196274	0.3538573487	-0.09181904899	0.7262317803	0.352719738	-0.3190106697	-0.08216983782	0.7687630815	0.6952680083	-0.2282329026	0.08387695311	0.2467857831	0.269122712	0.07518913556	-0.4191227342	0.2252256017
SLC44A2	0.4539276224	0.5613026095	0.8573077181	0.4473238926	-0.189466543	0.7323283098	0.6555250633	0.3482929276	-0.07478844775	0.8622516149	1.049967213	0.9281105265	0.8450333201	1.212506223	0.7240642463	0.3303592344
SLC4A1	-1.336740191	-3.115800692	-1.19546784	-3.299063959	-1.101653989	-1.605366763	-0.6608117935	0.8573063917	-0.1960746184	-2.250756713	-1.994356715	-2.203557558	-1.927422769	-0.1033648356	-0.3976953959	-0.06364034646
SLC4A4	-0.7809743154	-1.030018002	-2.857499691	-2.718626801	0.09011917713	-0.6950340378	-0.7975333402	-0.1031567473	-0.2348241315	-0.7318658292	-0.1262659398	0.2300905962	-0.935113454	-0.4481785114	-0.1064661067	-0.4007018091
SLC5A12	-0.4334164134	-1.010760661	-3.861159031	-2.064656816	-0.2096156522	-1.646653067	-1.021051517	-0.1935819921	-0.1262039271	-1.18135056	-0.6064740353	0.1486966565	-0.7996233249	-1.483431276	-0.005848318999	-0.7047044056
SLC5A2	-1.117949349	-2.105412259	-3.829459059	-2.319904833	-0.396440626	-2.428131483	-1.718099068	0.9332351591	0.3467203413	-1.293007866	-1.060216878	-0.6332382842	-0.2939273994	-0.2175650259	-0.5344621455	-0.1893860422
SLC5A8	-0.4165847711	-0.8855737273	-3.53449462	-3.443199935	-0.7164788081	-2.772421342	-1.696016077	-0.1958581299	-0.498414566	-3.121374754	-2.675639702	-2.544883947	-2.324943961	-1.007605729	-0.8939263645	-0.8205717146
SLC6A18	-0.7122890919	-2.043162575	-2.606350943	-3.426816137	-0.4111769375	-1.139677835	-0.8534242255	0.07326742841	-0.6273926738	0.7128585772	-0.2200864386	-0.2875268974	-0.9171261832	-0.8097464348	-0.9676789587	-0.3489927001
SLCO4C1	-1.067563451	-1.586347895	-1.806082293	-1.995387402	-0.3482425069	-2.06675393	-1.495564964	-0.8769522342	-1.054762619	-2.875287511	-2.86778235	-2.308835719	-2.39308971	-2.226416139	-1.832114022	-1.173071795
SLK	-0.1538612583	-0.003791726848	0.183869027	-0.2498961621	0.08893229569	0.2908348632	0.07741153316	-0.682314434	0.2540007251	0.2269581317	-0.1613999293	0.02852342036	-0.4136241588	-0.8460178393	-0.02783610642	-0.2211224396
SMARCC2	-0.006298883827	0.002879013567	0.4841934332	-0.0641090683	-0.1530735631	0.3187690631	-0.01881512958	0.319059545	-0.2286159916	0.1500467756	-0.5649794264	-0.3234277272	0.08602245765	0.4969951513	0.1488821285	-0.1135665153
SMC1A	0.168393507	0.5059534719	0.4799915324	0.2613328845	0.224465012	0.2674264856	-0.06587064998	-0.9232279492	-0.1194036841	0.3198223457	0.2178228458	0.08268453725	0.05749344523	-1.261479422	0.0231276036	-0.09662943474
SMC3	0.03677234147	0.1743132136	0.4037642458	-0.1253321132	0.1903102293	0.2646761906	0.1994364966	-1.232617049	-0.1883923199	0.2028741436	-0.04987398511	0.1757881894	-0.005717767835	-1.657778635	0.1004747933	-0.1292274124
SMS	-0.4967118707	-0.6481047456	-0.1606747257	-0.1113490988	-0.1346601878	-1.043434332	-0.5970682175	0.01453325878	0.09095136977	-0.2573929355	-0.2942262105	-0.3683165057	-0.3075094441	-0.2741357117	-0.09419853368	-0.04040206885
SND1	0.2622597135	0.2928479672	0.3502408816	0.5185133127	0.03531242562	0.294555874	-0.00957804183	0.4604613833	0.02656704884	0.3823571011	0.1111787344	0.1524365741	0.2442717289	0.5677883311	0.04464809079	-0.01831710347
SNF8	0.1510218436	0.0956584245	0.1958886786	0.5403330271	0.005102228727	-0.03942863988	0.1516088572	0.224638867	0.1075812582	-0.04660938873	0.2345603366	0.001944422023	0.09892328282	0.07945768701	-0.2325203848	0.08180677658
SNRNP200	-0.02297580568	0.109643833	0.3933123474	0.0443328234	-0.1154950479	-0.07183068759	-0.2249204138	0.1487530299	-0.1602088559	-0.2212912065	-0.8574897737	-0.4479459729	-0.5056737735	0.2002377656	0.09802640354	-0.2737211842
SNRNP70	0.2878600575	0.4369433743	0.4668376013	0.5484123142	-0.04139837171	0.6449775938	0.568396177	0.3619136937	0.3027678205	0.6511675531	0.7008586025	0.4508652189	0.8248651583	0.4385187404	-0.03775341669	0.1151980781
SNRPA	0.2075896674	0.313016905	0.5266008098	0.5721047291	-0.07660727015	0.2634875801	-0.06329860723	0.5348524953	0.5960120109	0.8131952678	0.3641700838	0.2257262164	0.6923026616	0.352725444	-0.1347576212	-0.0002150335678
SNRPA1	0.3023213583	0.5237524827	0.2863192951	0.6343862541	0.3180497129	0.14712814	0.1536488567	-0.05869996333	0.2861461483	0.68653531	0.560828398	0.4711453355	0.3406441309	-0.03287022478	-0.1858784539	-0.04424551974
SNRPB	0.2909617184	0.4557138146	0.3726595915	0.6706021148	0.1829186137	0.3765701347	0.3261871293	0.2299028404	0.1515691471	0.3853179374	0.467356264	0.4017872922	0.4237476851	0.2373655513	0.01354576946	0.09184389793
SNRPC	0.1912918534	0.1521735917	0.5126471895	0.4348229118	0.1299370717	0.3202479884	0.1894143054	0.04275944016	0.1548344913	0.334875599	0.265102098	0.3151421171	0.407678293	0.1678005359	-0.01971365281	0.09721576008
SNRPD1	0.2466451396	0.3130388002	0.3160964294	0.6959227509	0.3270927395	0.4610405365	0.4047198576	-0.2256914781	0.3247922721	0.8169841287	0.6411265511	0.3145275616	0.3213614226	-0.3226398915	-0.03209717328	0.1321367636
SNRPD2	0.1784147382	0.2028410396	0.3324735695	0.6083587778	0.1263596354	0.3409108891	0.6570340952	0.1887686519	-0.0698274198	0.3106693746	0.374199839	0.2773650348	0.3076307272	0.3175498653	0.07087982359	0.1368762779
SNRPD3	0.05520529743	-0.1618033547	0.353562123	0.2730343536	-0.1771810973	-0.3545899146	-0.2547134488	-0.3599108011	-0.216100348	-0.07765810963	-0.04846058964	-0.3051842626	-0.1795256873	-0.5690276528	-0.2882532266	-0.03625600069
SNRPE	0.1485345806	0.3127880763	0.427706444	0.6084010066	0.1551338599	0.2766960966	0.396953282	-0.02821137949	-0.13579699	0.2163587756	0.442811849	0.3502544974	0.3354966693	0.09725457196	0.02689314255	0.1506690691
SNTB2	-0.1416464704	0.2961776832	0.5337720703	0.006833571792	0.1026031346	0.5225760131	0.193553023	0.5958923518	0.5754995244	0.5049852612	-0.06750022835	0.1952021259	-0.3522311654	0.5317064921	0.5412690137	-0.2410340395
SNX1	-0.01465811114	-0.03602719471	0.3667178101	0.1498798928	0.1523773255	0.05432361541	-0.133287379	-0.07258958159	-0.04469604709	-0.1566480985	-0.1616146195	-0.09408941444	0.06205833607	0.01407447709	-0.05659971127	-0.1542539991
SNX12	-0.1497215758	-0.4349552891	0.01372483472	-0.1298063535	0.1910337351	0.6952900422	0.3276869756	0.2754472206	-0.1941385405	0.4294368144	0.2765904902	0.3887120664	0.5755683098	0.4956052591	0.2803087458	0.0224967748
SNX2	-0.2324073949	-0.2969033205	-0.09661047398	-0.0367757648	0.07180573264	0.4732645959	0.2851524734	-0.6956618196	-0.1982485596	-0.1251984346	-0.1845353212	0.06902185356	0.01878998087	-0.4902642655	-0.008404789632	-0.09189835591
SNX27	-0.08465132515	-0.1015710231	0.2623718596	-0.2747772001	-0.2735107132	-0.5520904201	-0.6729807586	0.005667303863	-0.2684647863	-0.1556439994	-0.4656845293	-0.4356514842	-0.3188066626	0.0276528592	-0.008469218063	-0.3592009708
SNX3	-0.2112613586	-0.3508047043	0.2084614185	-0.2988312625	0.02086945489	0.007664104823	-0.164197196	0.4161876436	0.1586639528	0.1116662221	0.07848538043	-0.0547077864	0.1846644572	0.1146612838	-0.2199679873	-0.04391189552
SNX5	-0.09923099038	-0.345547075	-0.14867196	-0.1196814604	0.2521865027	0.5613761454	0.3384918949	-0.5504943011	-0.1056231531	-0.2037168548	0.1317968194	0.4515471821	0.2076499026	-0.590080923	0.1466467326	0.01508392111
SNX6	0.0159506431	0.3044062741	0.3357028572	0.1520078382	-0.08208142121	-0.3268486181	-0.3036668642	-0.4278137573	-0.01406907589	-0.5232737816	-0.6174690832	-0.5363501669	-0.1748361114	-1.008478832	-0.1255436012	-0.2741916959
SNX9	-0.06372681344	0.1310162406	0.5886313039	0.06969805409	-0.03725764135	-0.2275562881	-0.2289240956	-0.1270055201	-0.1311206508	-0.002090517777	-0.2679541468	-0.1829604985	-0.5016969463	-0.1343396022	-0.255505287	-0.2433125875
SOD1	-0.3101919522	-0.9153003691	-0.6056947962	-0.2700652527	-0.3325588267	-1.356006314	-0.7041583809	0.09816795377	0.03140042306	-1.011573923	-0.8491953801	-0.8914208182	-0.8030675959	-0.5909741965	-0.6774780973	-0.1007843215
SOD2	-0.1704760995	0.3887433663	-0.1771356521	-0.4369659745	-0.3911352099	-1.422672387	-0.8407245455	-0.05162459883	-0.1446413199	-1.085451011	-0.9172783713	-0.8916462647	-0.8718776684	-0.4857143312	-0.48336625	-0.2774604274
SORBS1	0.210567278	-0.03072949663	-0.3707897325	-1.114241481	0.037157985	-0.01121276285	-0.1966306604	0.2000363344	-0.05120721278	0.7808559806	-0.6809351448	-0.5485555283	-0.7961506159	0.1902979941	0.1506895588	-0.3733415082
SORBS2	-0.08424445335	0.145706227	0.1551233394	-0.3500063647	-0.05252476295	0.2955623528	0.337467599	-0.1060934942	-0.3180781252	0.4710508661	0.505912304	0.8805222377	0.5751429783	0.8032335249	0.8160755278	0.3749794938
SORBS3	0.5356096262	0.6868541568	0.8886960828	0.5699154961	-0.2212988853	-0.2142492893	-0.06451495516	0.2506748221	0.09093240162	-0.1207172892	0.1991376819	0.09526352626	0.04487485965	0.2100442708	-0.07252095266	-0.02708049477
SORD	-0.7316108276	-1.618713462	-1.676651742	-1.570580729	-0.6210703523	-2.254793557	-1.299220891	0.03712450716	-0.1358288802	-2.022613336	-1.269189974	-0.7294574294	-0.9187622068	-0.4382256239	-0.4366873089	-0.2988865194
SPAG9	-0.09533893045	0.0542384381	0.13043341	-0.5424141528	-0.1353245115	-0.4083143416	-0.4770542764	-0.6722509198	0.1836023626	-0.5209385836	-0.6193553842	-0.4348733398	-0.7638479021	-1.014012554	-0.1692919471	-0.3322551121
SPCS2	0.1842943207	0.1035531977	0.2085813259	-0.01278196986	0.001573359846	0.2365548826	0.1290748135	0.05547001617	-0.09624410907	0.2025103448	-0.049634043	0.01646265842	0.2457244021	0.1799688565	0.1283675288	0.1238549344
SPECC1L	0.3211770798	0.543764242	0.7664563611	0.196869448	-0.001983764877	0.3848452894	0.1580301276	-0.04794625843	-0.1178235508	0.0579710973	-0.03083528388	0.1115433005	0.07578033103	0.5302947419	0.4485655703	-0.008099287367
SPG7	-0.1019843423	-0.165344448	0.1372042059	-0.002321497786	-0.1964025673	-0.7289606704	-0.5088638163	0.03391239841	-0.0852888208	-0.6286829576	-0.3454076635	-0.3740122394	-0.5350580759	-0.2264151306	-0.369792075	-0.06571773642
SPNS1	0.05938798248	-0.08144559923	0.06992487744	0.1612558349	0.06896580137	0.213728113	0.0482950647	0.4551663951	0.2926120205	-0.3900973306	-0.4828620959	-0.05625425207	0.2490370045	0.1276190949	-0.2042078499	-0.110342356
SPON1	0.7815740134	2.094599953	1.055890161	1.544834637	0.2070849177	1.454813183	1.221435686	0.2130399345	-0.06086720077	-0.3402765271	1.388714856	1.276044388	1.928826082	2.760122431	2.24804277	1.35787259
SPP1	2.225068153	4.318080515	2.429060299	4.276532147	3.088301897	4.919011408	3.905586634	-0.3968075819	0.8062361902	4.839552891	4.497000221	3.927313383	4.107943298	2.231090063	2.611950894	1.356924609
SPP2	-1.687817283	-2.865461776	-3.363302976	-2.542409412	-0.2504260222	-2.575644666	-0.9465681735	0.07651335466	0.002191417462	-2.573932734	-1.308714173	-0.5193466807	-0.8085364626	-0.755618354	-0.705369694	-0.0006392192824
SPR	-0.2808629449	-0.5691899511	-0.1633129676	-0.1256299262	-0.1956344956	-0.6183401485	-0.3607106136	0.3078936806	-0.01121431125	-0.5982297221	-0.3651302964	-0.3641512596	-0.2921420726	-0.1459335263	-0.3084996622	-0.04964497813
SPRYD4	-0.0391788171	-0.2475131306	0.0145268417	-0.04853714522	-0.1560477151	-0.2583164427	-0.01813040176	-0.0291893749	-0.236191829	0.1146099062	-0.07993926338	-0.1204415659	-0.1319308439	-0.0679510264	-0.2513474519	-0.1175559468
SPTAN1	-0.08588867027	-0.1750474277	0.3179785924	-0.02599769768	0.4316941039	0.9117274448	0.3700164628	-0.02827216187	0.4598237009	0.3562720331	-0.1247165217	0.2893415775	0.04749612422	0.2278626648	0.1681773746	-0.06584736608
SPTBN1	-0.1943583272	-0.1716107374	0.05648020435	-0.794630777	0.2791106173	0.3250093766	-0.1386409666	-0.17524973	-0.06025868158	0.03857567033	-0.4658923039	-0.1610477974	-0.5050479416	-0.1520384234	0.1430699568	-0.2886533815
SPTBN2	-0.1530273489	-0.3524785699	1.405468969	0.56232495	-0.2982253058	-0.07387214171	0.2590850029	0.4927619396	-0.620187236	-0.4450594101	-0.3682900331	-0.3225120799	-0.4235058365	0.4888662484	-0.002584326423	0.01173797773
SRC	0.2056096421	0.5618987047	0.532139931	0.7234539997	0.2022362361	1.080559255	0.6309967527	0.4005913259	0.5078008084	0.5400403607	0.5153174738	0.6033643381	0.6165763766	0.9262892923	0.4245082313	0.1541348066
SRI	0.4502590225	0.8724623829	0.909007145	0.6398607477	0.03029650942	0.4269106049	0.4118243508	-0.08507991362	-0.1889611456	0.03843715055	0.2124453523	0.1421143377	0.05723262902	-0.08241859065	0.02961786208	-0.03721474918
SRP68	0.2431616235	0.2594485891	0.4321617868	0.2741243204	0.008148951867	0.06049796871	-0.03311782473	-0.07222353631	0.03893511508	-0.01018877691	-0.3520379893	-0.2127861307	-0.2726133023	-0.06810433654	-0.09859078305	-0.09605020089
SRP72	-0.08434116727	0.2190173421	0.03073357085	-0.1512881249	-0.004530025536	0.05021478965	-0.1454300248	-0.4215662607	0.06595276746	-0.01879709871	-0.3277912028	-0.05108106483	-0.2548316365	-0.2560049551	-0.04433033267	-0.07705174237
SRPRB	0.2558253698	0.257240814	0.3113343682	0.350824163	0.1044977001	0.1814133076	0.1536488684	0.4316634897	0.04041480103	0.4033167582	0.2597345474	0.1289949279	0.2997752872	0.4075684474	-0.02947144289	0.0517748113
SRRT	0.2008651616	0.2682820314	0.4749560563	0.2079281573	0.2150624906	0.2995660319	0.2160863976	0.2831586317	0.1904837507	0.5243247508	0.2438945497	0.09209387316	0.5326788389	0.2985428392	0.07942351899	-0.01245185901
SRSF1	-0.01085425194	0.1602746522	0.2831578073	-0.01520414291	0.08992743914	0.1818615067	0.0003836212033	-0.4452739219	-0.3775881709	0.0410665962	-0.4516596839	-0.4936111529	-0.301972556	-0.3722336694	-0.08437590211	-0.1699068196
SRSF2	0.2046641124	0.3412374909	0.4328247847	0.1796561737	0.002904522968	0.08170712036	0.2816566439	0.006750525505	0.1236718062	0.1290241971	-0.1338978281	-0.4235247919	-0.04545280166	0.002188326497	-0.4798130001	-0.1494212259
SRSF7	0.3408829001	0.367968931	0.612380085	0.3248221387	0.128521152	0.4961068079	0.1872854616	0.1635904272	0.2110035889	0.3197211832	0.02081471596	-0.1464842637	0.1399225857	0.1011026612	0.04736257677	-0.0638767686
SSB	0.05385186347	0.2206257196	0.2083077266	0.2332778109	0.1614193749	0.1428118249	0.1879102112	-0.9242213988	0.005278075803	0.2439195697	0.1068226775	-0.01423540812	0.1394134896	-1.457579963	-0.06419258615	-0.07236050116
SSBP1	0.08734636485	0.2211912342	0.4264139107	0.1063617452	-0.08025233874	-0.08818859197	0.02766073201	-0.5848209818	-0.3520234221	0.1152283145	-0.1839509802	-0.2255911396	-0.1092960799	-0.6880716911	-0.3410050059	-0.04078748007
SSR1	-0.1519822195	0.02157480274	0.1479818846	-0.2669779755	0.1916989362	0.1517103763	0.1064594811	-0.0837235373	0.1061918621	0.5160004303	0.3898840956	0.1443244419	0.1992707835	0.04968658306	0.08358576881	-0.02197179011
SSR4	0.6406536657	0.6332076959	0.5503566373	0.9422601177	0.1322444264	0.1567017415	0.3383855307	0.1661521589	-0.04083017251	0.1317706374	0.2010665072	0.0446098883	-0.1054182516	0.08544775595	-0.04704453445	0.1992152299
ST13	-0.2633202503	-0.495787028	-0.2121093089	-0.3769130138	0.2190035906	0.06907982079	-0.06349137392	-0.1729073818	0.06307636832	-0.1070805315	-0.1408381219	0.2310157944	-0.1433704381	-0.2117925424	-0.2107494445	-0.2395304457
ST3GAL4	0.9634066052	1.218993776	1.321996364	0.8958188524	0.1775752851	0.9518450805	0.5444525784	0.47002749	-0.1513014765	0.427899078	0.9057150189	0.6021277823	0.8201028654	1.239964773	0.8519082981	0.2521656572
STAM	-0.1598105995	0.0001226899562	0.2685786606	-0.1124329969	0.3883094932	0.1641828468	-0.01154362235	-0.4359973442	-0.1285282751	-0.129994524	-0.2915773786	-0.05177935773	-0.355743119	-0.3702352129	-0.1489312149	-0.2803889406
STAT1	0.6259514341	0.7963008053	1.272930462	0.6814185006	0.3722734743	0.7739753486	0.2907409101	0.03502442218	-0.6171549101	-0.09951956203	-0.1680928863	-0.2620472603	0.4886956116	0.6334854479	0.3028508884	0.5143259098
STAT3	0.5303375178	1.151863985	0.9750425205	1.02133802	1.292722246	1.605156484	1.260276119	0.06632714385	0.8176480347	0.8813265293	0.7957268575	1.030049712	0.9036712626	0.9792122586	0.5009379184	0.485255502
STAT5B	0.06806271355	0.06072973267	0.06133608227	0.1420027974	-0.1155355249	-0.2330336261	-0.4318681832	0.08137477813	-0.4118723815	-0.5024427088	-0.7293604279	-0.5608726342	-0.5400243962	0.0492935071	-0.03115041521	-0.3192001402
STIP1	0.04371761612	-0.1282914008	0.2399555395	-0.1059860903	0.1032345973	0.007265869427	-0.1482695649	0.5241415798	0.580258879	0.4854320757	-0.04508810173	-0.122076936	0.1800686887	0.3097191364	0.08908559568	-0.03203792655
STK24	0.006110171038	0.1150182034	0.1482114677	-0.03918021338	-0.1515556378	0.3073676652	0.1719922635	0.2630707192	0.06236192845	0.1057468824	-0.05228955647	0.2017019063	-0.1049161283	0.310384336	0.116404732	-0.1380021898
STK39	0.05784538236	0.2413684543	0.787273711	0.4448411908	-0.270185042	0.1929641102	0.6246865654	-0.1183132812	-0.2596396053	0.08227036596	0.4588921589	0.2359714724	-0.06173130012	-0.03094634667	-0.09209551159	0.05666837507
STOM	-0.1255896832	-0.1002551773	0.523031368	0.3950597475	0.08872896256	1.542997485	0.6676681241	0.7096296511	0.2346871264	0.6871634624	0.7923781576	0.9931363828	1.280668208	1.526762088	1.113886783	0.4265866326
STOML2	-0.08459848085	-0.1553243545	-0.02925308185	0.02484330506	-0.07233842435	-0.410579891	-0.3751510425	0.02494790017	-0.1104593425	-0.03537488069	-0.2988943245	-0.3693383687	-0.2930304431	-0.1899522449	-0.3102830127	-0.02061987497
STRN3	-0.1248706734	0.1730891097	0.2079390088	-0.1309835507	-0.1118485246	0.02012898008	0.07627731835	-0.6466473568	-0.1101368321	0.152752952	-0.3035562051	-0.2543063282	-0.4392137157	-0.8018759683	0.0224968042	-0.2462842407
STT3A	0.04877653489	0.07915389741	0.164161433	0.07664318126	0.09781234079	0.2675875867	-0.05220028164	-0.3007278908	-0.08658331277	0.2752613881	-0.06065761529	-0.02982540745	0.09126386362	-0.2488807746	-0.006050578289	-0.05176758465
STT3B	-0.1914387227	-0.008990384834	0.169623274	-0.2808929091	0.05030120525	0.09479586006	-0.06113084796	-0.04082664142	-0.1266393755	-0.03926597883	-0.1731359434	-0.1656820733	-0.2469277386	-0.1166422229	-0.09192567894	-0.1801843833
STX12	0.01721698796	0.2148096638	0.375661497	0.1271569444	0.1143196946	0.3986181023	0.3796280414	-0.4124313801	-0.1657758684	0.08172569805	0.2609814922	0.3072957094	0.02709364305	-0.2680214906	0.0545709309	-0.1165130537
STX7	-0.260625192	-0.05195361381	-0.2047016464	-0.4655092216	0.09844394901	0.1547308906	0.09589817468	-0.2472610384	-0.2231784205	-0.02349431898	0.0194979243	0.01165986219	-0.1114630551	-0.2227227306	-0.004758934725	-0.1661450926
STXBP2	0.08420125797	-0.04963631112	0.1573144299	0.4285924482	-0.1799963479	0.03298561398	0.01897341454	-0.0439632307	-0.06770075847	-0.1358829735	-0.2746122376	-0.2289691117	0.0758910405	-0.0797100112	-0.2120399982	0.02910515074
SUB1	0.06173320217	0.001018567173	0.1075177916	0.1537146493	0.06067898853	0.070100544	0.246139391	0.1643558662	0.2116049821	-0.200768327	-0.04522808429	0.01114812078	0.05066576512	0.03441230137	0.0558971321	0.1080732367
SUCLA2	-0.2263217893	-0.4134045754	-0.3381403756	-0.624900684	-0.1794654448	-1.370892013	-0.88494059	-0.9495511662	-0.2495665122	-1.074355073	-0.761855093	-0.8938059095	-0.9897666664	-2.042924466	-0.5671166722	-0.2695184537
SUCLG1	-0.3795586332	-0.7781305611	-0.6763181729	-0.5171249673	-0.2132369696	-1.148439453	-0.6350556369	-0.303582445	-0.2418758727	-0.8039971963	-0.3869278902	-0.5869956958	-0.8732412931	-0.6466060839	-0.6185918377	-0.1360045475
SUCLG2	-0.5136759721	-0.8748722059	-0.8859071214	-0.7451443881	-0.2307954623	-1.333209968	-0.7387256029	-0.4247241706	-0.1535591586	-0.7750456522	-0.5990674966	-0.4624565161	-0.76080794	-0.5507641359	-0.4252942742	-0.2143838926
SUGCT	-0.6311911845	-1.256839478	-1.622550115	-1.59223619	-0.7319429577	-2.488818484	-1.748839998	-1.046204856	-0.2401990653	-1.669238295	-1.750795182	-1.761450967	-1.895480413	-1.519337904	-1.135261505	-0.5477769054
SUGT1	-0.2181934655	-0.3874899618	0.03901653507	-0.2844112603	0.1012590912	0.3784924633	0.2625289157	-0.2772519895	-0.144897841	0.07073081686	0.03741520326	0.186415025	0.2508112549	-0.2148281969	0.2025855257	-0.04659321982
SULT1B1	-0.610611247	-1.274525217	-2.089229891	-1.36883781	-0.02351198081	-0.6292122356	-0.4114021458	-0.1528593766	-0.3824124485	-0.6084908295	-0.3474596433	-0.2931626814	-0.4994123019	-0.6993908296	-0.173151156	-0.3616891903
SUMO1	-0.1051706589	-0.3810000284	0.1116215399	-0.09508783765	-0.09288120654	0.3035984305	0.1653058167	-0.3314554172	-0.08491622873	-0.3419424711	-0.3542318985	-0.1693895196	-0.07846653479	-0.2889969574	0.07431904859	-0.04829633742
SUMO2	0.07280956788	0.06353276106	0.4274803942	0.2536927697	0.1716680013	0.739974191	0.6185836218	0.0731153569	-0.1285473563	0.1900743417	0.2051467608	0.05817260353	0.02448754689	0.3126744802	0.175638509	0.0453708943
SUN2	0.4914601663	0.9992606952	0.6915843645	1.033339787	0.1495904318	0.7479326541	0.3975969236	0.3209962231	0.3695851291	-0.5328984708	0.1626219644	0.3038326173	0.1737580669	0.6666234532	0.262306327	0.2057649633
SUPT5H	0.319106896	0.408737089	0.5204580743	0.4907400621	0.1934625593	0.5057262328	0.3034582855	0.3421640473	0.167534173	0.4267138733	-0.02161203478	0.1655914134	0.2557913056	0.4903735863	0.150212418	0.1545245234
SURF4	0.3566976814	0.449922809	0.423169117	0.6420802223	0.0182198711	0.195062447	0.06325782969	0.4121351615	0.3109902018	0.4714643589	0.2930437597	0.1135946417	0.2115074544	0.380397956	0.02119182411	0.027313698
SUSD2	-0.5118741355	-1.681150322	-2.958817059	-2.038194797	-0.3792811726	-2.711408183	-2.284519729	0.9041208457	0.5829977588	-1.646225055	-1.07742065	-0.956680936	-0.5862213856	-0.182369344	-0.5969630695	-0.2729318954
SWAP70	0.2054446052	0.4614515505	0.6073861707	0.4491118896	0.01982377016	0.6179330766	0.1579567931	0.1147616278	0.7215935389	0.2108550109	0.107624115	0.2342852946	0.5156497279	0.7421796518	0.6034658969	0.440366468
SYAP1	-0.48974424	-0.5543837299	-0.531748975	-0.3561906824	-0.003045117356	-0.06417546796	0.01445768602	-0.6953768261	-0.2601780344	-0.4139758461	-0.2095363313	-0.2809910554	-0.7511536823	-1.226334901	-0.3831736964	-0.1853566443
SYNCRIP	0.003301247809	0.2971544626	0.1879230091	-0.008189874141	0.1603330177	0.490859233	0.2733333152	-0.2017495532	0.112876915	0.4918852383	0.3452849113	0.2150427977	0.1530089645	-0.2354054688	0.24160695	-0.1532921321
SYNE2	-0.3055536843	-0.2640904158	-0.04650048242	-0.6319444721	0.5523282357	1.225742613	0.4079051451	-0.03142489418	0.1015560195	0.9680963767	-0.3345078838	-0.02255679018	0.1262818684	-0.06195141364	0.8302108064	-0.2289041437
SYNPO	0.5313415516	0.7092349542	0.9468072451	0.4498608013	-0.6927038294	0.3440838711	-0.1667533668	0.8180751321	0.3992691373	1.175510908	0.5516020532	0.3424194602	0.5718831575	0.9208802574	0.6624905654	0.4048028496
SZRD1	0.1150825181	0.139571133	0.2640872359	0.2342313611	0.09344587621	0.3080930454	0.02450970859	0.5286545468	0.1014053942	0.0751376102	0.1708476533	0.1416752792	0.3383052846	0.6818318668	0.2024427369	0.03779607596
TAF15	0.1822015821	0.1647373863	0.5001598626	0.3536896796	0.1469651847	0.3812925792	0.1125869268	-0.3559542377	0.2993740293	0.3545667896	0.2792917272	0.3711616305	0.3139466796	-0.4581500993	0.02859745702	0.1003400769
TAGLN2	0.3464463057	0.7434004301	0.8609966987	1.111038062	0.9085474009	2.000143836	1.009610549	0.2866500834	0.4340911401	1.635172861	1.915177561	1.500400558	1.510558754	1.108682533	0.5898385127	0.4932772064
TALDO1	0.1953041244	-0.03738314133	0.1526563091	0.2421359437	-0.1479535555	-0.2266632529	-0.1519247333	0.244849231	0.06538771055	1.167465664	1.110634659	0.3938954948	0.02132977492	-0.01449202071	-0.2827092262	-0.02141620634
TARDBP	0.0120563418	0.1009976924	0.298747948	-0.2170945874	0.1312585216	0.7950385895	0.3474407904	-0.448284007	-0.08822020269	0.482480739	-0.2699937888	-0.4523009581	-0.2792707601	-0.8045419606	-0.2744123207	-0.1847762125
TBC1D10A	-0.1655623945	-0.07330839126	-0.247774085	0.3088953704	-0.07968800145	-0.5398600606	-0.2744211476	0.7106229832	0.7532282322	-0.4274737745	-0.3686319679	0.1572457356	-0.05839940911	-0.1542125079	-0.04649397978	-0.1971255335
TBC1D5	-0.1579557656	0.07791336333	0.3107285258	-0.1265293747	-0.06986646661	0.04894383092	-0.2302224761	0.08869144915	-0.1265506228	0.1421062384	-0.3177233027	-0.2474300833	0.06129406121	0.4098992694	0.2194711556	-0.2333855023
TBCA	0.07164018896	0.01383966107	0.1721658506	0.3780747785	0.02669429366	0.3323805144	0.4583003568	-0.04664868291	-0.145887159	-0.07177877399	0.1709050216	0.06675014098	-0.06859343624	-0.006626620404	-0.116458403	0.118545049
TBCD	0.341785828	0.2847010544	0.3347726574	0.2848170309	0.02950412329	0.1938378567	0.09702174608	0.3113188228	-0.2419322832	0.1857073734	0.1705305862	0.05579341584	0.05432339727	0.4760402297	0.1203822388	-0.04623459528
TBL2	0.1844338159	0.5309303608	0.4313017694	0.3432829173	0.1182314287	0.1786767194	0.04968711523	0.2018123382	-0.07598941711	0.3590812885	0.174616845	-0.000656450854	-0.00466474231	0.4018502592	0.06776205272	-0.004610253074
TCEA1	-0.06125295298	-0.04116751273	-0.03856274007	-0.2008195972	0.03270111621	-0.06789389436	0.0633531254	-0.5519584175	-0.2190782486	-0.05158372883	-0.2283561611	-0.0947431587	-0.3293138191	-0.5665475572	-0.1047493507	-0.239930263
TCERG1	0.2608772876	0.5555688751	0.5962924051	0.05689574213	0.1874135441	0.3776535786	0.2618546617	0.2125276537	0.622047568	0.9161264408	0.696685147	0.6729480746	0.4374850971	0.3554816255	0.1270538233	-0.07524022542
TCP1	0.04035716116	0.2340969057	-0.4769698227	0.07690600412	0.1668266162	-0.0668954734	-0.02785203339	-0.4440839281	0.07536247319	0.2625211421	0.1103991642	0.1022701636	-0.0115458225	-0.72101284	-0.2852179372	-0.1670660011
TECR	-0.1911159977	-0.5946335663	-0.2721110628	-0.1261693793	-0.5529283498	-0.5861061049	-0.3814319964	0.4651328966	0.2029215761	-0.4991098107	-0.09383026608	-0.05690190638	0.324191949	0.1092380174	-0.3176045483	0.002417280773
TES	0.1518731238	0.3634379441	0.6325226174	0.001896700403	0.7175848518	2.03168168	1.291224013	0.1050973031	1.022722401	1.017967652	0.880238421	1.255934896	1.363698576	1.138318565	1.028896889	0.5355130045
TFAM	-0.1867088282	-0.2167779628	0.02792706343	-0.1710207386	-0.1766471861	-0.6455571279	-0.4152397847	-0.3569339119	-0.3762912206	-0.6054839805	-0.5032163911	-0.4635909409	-0.6354329938	-0.5514216444	-0.2973329129	-0.2776698299
TFG	-0.06334476594	0.1172341695	0.07752530186	-0.02028875244	-0.002167446073	0.2309491604	0.2119274282	0.1454885749	0.2205560182	0.2679743089	0.155464812	0.1155219812	0.2790110744	0.183175789	0.0619713616	-0.02580114405
TGFB1I1	0.8725744198	1.245649248	1.273135099	0.715869279	0.193307529	1.046214935	0.5349172184	0.4333588762	0.5311532854	1.452592033	1.514091859	1.027723397	1.80182901	1.571584696	1.123721461	0.7236351197
TGFBI	1.113127155	1.832531769	1.897730599	1.915403997	0.9111219821	2.406948368	1.5845738	0.2018200651	1.015685428	1.299433433	1.451498488	1.956194558	2.067276948	2.112718138	1.852513694	1.041942494
TGM2	0.9949615876	1.478995501	1.410835538	1.056852727	0.9069717745	1.048136116	0.3193987868	0.4580738398	0.1458258285	1.190666695	0.5519579874	0.3283700408	0.5576400067	0.8296551975	0.3168979035	0.02976918179
THBS1	0.2561060421	1.086620841	0.9141479809	0.3949009867	0.5597518098	1.01188245	0.8136635924	1.564406186	2.145772501	1.640857763	1.088534632	1.698281571	1.893590604	2.022213731	1.236234437	1.200094625
THEM4	-0.8424322714	-1.378659457	-1.148731102	-1.517888768	-0.09291644132	-0.6266821171	-0.2362548523	-0.2060639379	-0.1824421612	-0.5668084678	-0.3895150796	-0.4751271102	-0.421443676	-0.5894776771	-0.1092733618	-0.1467311281
THOP1	0.08851956192	-0.0243678914	0.5257923624	0.36107712	0.1476817589	0.2242923311	0.1898453559	0.4383818951	-0.1364557797	0.6873314671	-0.02248235641	0.1110321048	0.4902279058	0.4952042044	0.1865277477	-0.0310055751
THRAP3	0.1817441922	0.1560378614	0.3583858016	-0.002246131424	0.1739873505	0.5071102732	0.1658258385	-0.1744711508	0.151146664	0.09722604891	0.008473401439	0.1785144264	0.0835339534	0.3688771229	0.235785072	-0.07753110403
THUMPD1	-0.6213183792	-0.5820642097	-0.6032511461	-0.9490217955	0.151105443	0.4289162693	0.2010961198	-0.5640509778	0.16944691	0.07434928435	-0.05587428295	0.1442189919	0.07698109211	-0.4897994632	-0.04456566266	-0.1482413959
THY1	0.140843698	0.09192727672	1.196031421	0.5329415351	0.03845247861	1.152834219	0.7619969367	0.2686621644	-0.04929969508	0.5093394724	1.502491123	1.782477161	3.63502879	3.882015935	2.930988599	1.892861198
THYN1	0.03618348972	0.1880425264	0.418643709	0.5589755165	0.1091928913	0.2603117471	0.3365216667	-0.1819900099	-0.1155593396	0.6862239849	0.3645758034	0.1748029492	-0.0756183033	-0.1311679706	-0.001262347144	0.03625209867
TIMM10	-0.02666210834	0.05814163204	0.05311003752	0.306025017	-0.04736947533	-0.1195096429	0.05378621102	-0.2846815755	-0.3067168266	0.114530462	0.3004908083	-0.003392921596	-0.1094573258	-0.4056252346	-0.4378030404	-0.01392679953
TIMM13	0.05572501636	0.1985877684	0.1100942284	0.5153449367	-0.02261589437	-0.2966498963	0.1038019068	0.1765225834	-0.08381451401	-0.2171623994	0.1812189009	-0.04917304318	-0.2333624039	-0.1760617099	-0.3113993954	0.100614872
TIMM44	-0.07304228116	-0.2667352421	-0.03304671909	-0.1030798623	-0.05971888763	-0.4002619339	-0.2124239146	-0.5588106388	-0.1155665235	-0.1559464229	-0.1909798583	-0.2221867745	-0.382267058	-0.6252862348	-0.3146449249	-0.07800833602
TIMM50	0.08299969481	0.02281230372	0.2172155725	0.3714110887	0.07025001459	-0.4379014768	-0.2502500768	0.154527111	-0.203500126	-0.1145129514	-0.0001800448689	-0.3831295455	-0.5752401944	-0.4071726621	-0.6097830247	0.01875280174
TIMM8A	-0.1871950871	-0.1008956555	0.0780718745	-0.1025395589	-0.05447716098	-0.5118033827	-0.1981232755	-0.1695217041	-0.2008005269	-0.1296129588	0.01149204471	-0.2823877098	-0.5357604235	-0.5885273378	-0.461227438	-0.1554886196
TIMM9	-0.1020560003	-0.002244068161	-0.1128338259	0.0357481641	-0.3287282657	-0.7637116207	-0.3513340799	-0.1426609312	-0.04473557516	0.06879574696	-0.0191254034	-0.4757979608	-0.3157764599	-0.5159908731	-0.3692785977	-0.08283898726
TIMMDC1	-0.2453777321	-0.2641805479	-0.224509328	-0.2038545117	-0.01375975025	-0.1548608044	-0.0816644186	0.1304475987	-0.1947767151	0.2238206647	-0.1826918206	-0.4284416904	-0.08003660874	-0.07781237195	-0.1752019963	-0.09003292478
TJP1	-0.3321899707	-0.04719979202	0.2718652268	-0.5083248811	0.09845732927	0.8074344818	0.2676007177	-0.2797038728	0.08813163193	0.6329460638	0.1735413965	0.5481419901	0.1450106339	0.2825560035	0.6250440661	-0.1991321703
TJP2	-0.264996293	-0.2375488005	0.07539389101	-0.31731369	0.5171422602	1.254108113	0.7904110654	0.2739977086	0.6126721169	1.093261241	0.7636624102	0.7939855811	0.6807942618	0.8539892813	0.3948707696	-0.05453774523
TK2	0.2433324191	0.4321805795	0.5903447841	0.5585215083	-0.333577203	0.0001206393811	0.05081108431	-0.05257580858	-0.3153152933	-0.6312058051	-0.5552845182	-0.2078076292	-0.1094693507	0.1529174469	-0.006883568495	0.008968372177
TKT	0.3103546163	0.5226413987	0.1900415666	0.5364245216	-0.1660138973	0.1524078665	0.2656498949	0.3555295547	-0.1280778115	0.7146604672	0.6451577246	0.2739378412	0.3153741205	0.4472225259	0.08628367573	0.2243195664
TLN1	0.2403003702	0.2841700429	0.3949881276	0.1237962557	-0.1744827482	0.3713501991	-0.1827339607	0.669094559	0.1046489664	0.4216763961	-0.2041280684	-0.1626760497	0.2866721747	0.8711127849	0.3659190058	-0.1786554223
TLN2	-0.2249938367	-0.4914685322	0.9081962422	-0.6034761648	-0.8410199324	-1.666233778	-1.255878909	0.4906838484	-0.1651701065	-1.363497997	-1.653019189	-1.119465823	-0.9365601087	0.04248433229	-0.1852225303	-0.3515477695
TM9SF1	0.04199616865	0.2793260004	0.334868183	0.3479448692	-0.1931511521	-0.3602228801	-0.3259673841	0.2856043447	-0.1961866765	-0.3597897715	-0.3398905193	-0.3346166587	-0.3630213532	0.123520474	-0.1728471141	-0.1473964293
TM9SF2	-0.0798987519	0.01900797349	-0.04827436868	-0.1868963092	0.142226081	0.1184523058	0.07766177193	-0.3336998164	-0.2142770931	-0.007069933196	0.02396901215	0.1435254981	-0.1594373877	-0.2490416877	-0.205478792	-0.2146807627
TM9SF3	-0.1780253637	-0.03999676635	-0.04361922073	-0.2941825522	-0.1264678142	-0.243839029	-0.313517034	-0.678866039	-0.2777799237	-0.2652627801	-0.3708572202	-0.2508021252	-0.2598473574	-0.9631665666	-0.01357815586	-0.2671040777
TM9SF4	0.02535260125	0.02170407988	0.2113705265	-0.04807597185	0.05532613515	0.2469233428	-0.07564733185	0.4664730688	-0.01228218225	0.3961318031	0.04644486264	0.1068589432	0.3388598161	0.495233131	0.02320938514	-0.03689135772
TMED10	0.1420564128	0.2420176577	0.3623465068	0.09567111741	0.05903755465	0.2828895671	0.1556967227	-0.00795128407	0.1064751254	0.1503466447	0.141918772	0.1889087465	0.1451831861	0.09625877726	0.08458784073	0.1120674333
TMED2	0.1744574256	0.2547939875	0.04316163094	0.1754612583	0.04315784906	0.2260268251	0.1437183936	-0.1805033841	-0.04443979683	-0.004205425477	0.2864390973	0.2271883757	-0.03909197165	-0.133303462	-0.0174538988	-0.02597214554
TMED4	-0.378312687	-0.7020288676	-0.5149691023	-0.3981659056	-0.192794684	-0.4402052778	-0.2811351017	0.1964917921	-0.1186414552	-0.4054428628	-0.02876819981	-0.1700272211	-0.3241230486	-0.00765822991	-0.2238115801	-0.1364598472
TMED5	-0.09264112814	0.2109509239	-0.002346081469	-0.07055871457	0.4493802674	0.3741598405	0.427838456	-0.6301321902	0.1969356704	0.6490520729	0.5732296518	0.4550913945	-0.3790883303	-1.032419443	-0.3060306005	-0.01254155664
TMED7	-0.09882382157	0.09522157515	0.1126042085	-0.1635322937	0.003710703613	-0.1164656091	0.01412280646	-0.02391790489	-0.2258216985	-0.2939334874	-0.2410877568	-0.1524352298	-0.4389969271	-0.06398186314	-0.03713474617	-0.2651766054
TMED9	0.2712083737	0.36806298	0.251077898	0.5575689721	0.2550124374	0.7143104396	0.5509540057	0.02307273302	0.1123055628	0.2687122682	0.2942368176	0.2740183731	0.3994543551	0.3225063617	0.147354788	0.1690933395
TMEM109	0.3559814151	0.3762313838	0.8367809817	0.4615038896	-0.04088697198	0.3543506941	0.2402586687	0.2780108016	-0.06740487602	0.2529501503	0.2720728363	-0.1400642532	-0.009467049103	0.1523224966	-0.1633842371	0.008329463506
TMEM43	0.345790718	0.7229720861	0.5568712758	0.6517232812	0.5245042031	1.66512502	1.156076628	0.2061379867	0.3301727162	1.397605515	1.453084531	1.543260673	1.137652231	1.025378379	0.7483461577	0.3699358307
TMEM65	-0.2351357268	-0.03706701761	-0.1560012528	-0.9280828046	0.06470815211	0.06865808346	0.2131832129	-0.1561003152	0.06555244771	-0.2640199204	-0.179144016	-0.1259544301	-0.5549843908	-0.2787383163	-0.1674614621	-0.3307422594
TMOD3	-0.2020577702	-0.054775258	-0.01218055857	-0.3353744192	0.2376075939	0.7743857138	0.4778138629	-0.2678558771	0.1498618249	0.8063700252	0.8458598632	0.8281484479	0.6066569511	0.3177542862	0.6937955457	0.1803057803
TMPO	0.004217480503	0.1077234718	0.2090594875	-0.2930109083	0.5787992601	0.5716732303	0.3488174998	0.04627492405	0.01693481276	0.9576888131	0.8146960525	0.6536967487	0.4324881602	0.3807079643	0.2988761733	-0.2147684561
TMSB10	0.7542167843	1.123832501	1.099366544	1.429002361	0.9690576333	3.380739389	2.386821186	0.4945936077	0.4225973569	2.456243403	3.212193146	2.959211149	3.460669074	2.951721988	2.373309184	1.78338028
TMX1	0.04155035973	0.2656492946	0.2079231706	0.001759266688	0.3234632365	0.04362877383	0.09178307587	-0.2905110326	-0.2484781269	-0.06932883935	0.1644907224	0.007230887852	-0.5141350398	-0.6096141984	-0.2431894525	-0.1515681573
TMX3	0.05085946503	0.1683745225	0.4102499495	-0.4601599658	-0.06824048812	0.451342077	0.2347441981	-0.3360825027	-0.3752909821	0.09002991436	0.143793201	0.1214528992	-0.003939397712	-0.1506902121	0.4015413428	-0.08803227431
TNKS1BP1	0.6623820838	1.100821427	1.149676516	0.9654358519	0.1706600007	0.8402192945	0.3700228244	0.1827413604	0.1496955471	0.4684189084	0.3748528171	0.2480167225	0.3080648758	0.7863417335	0.3413565577	-0.0230880496
TNPO1	-0.4295364126	-0.2672789603	-0.08814906441	-0.7221122737	-0.01011160354	0.1987592698	-0.03957933441	-0.545672611	-0.3186821226	-0.09709219401	-0.3339529938	-0.00981772657	-0.5705708402	-0.4875562337	0.02354673929	-0.3646775933
TNPO3	0.1103849564	0.2138049754	0.4659291093	0.1619003036	0.03292851565	0.1685176848	0.005123791891	-0.4434315111	-0.1855702527	0.213511324	-0.3290262046	-0.2082431012	-0.2703039758	-0.5139408998	0.008286884793	-0.2094366404
TNS1	0.2273175415	0.3020663602	0.6140110847	0.02800191575	-0.1103897119	-0.351579793	-0.3990457185	0.4543810232	-0.2371410752	-0.4045332978	-0.3638055121	0.0799170754	-0.3120160115	0.1622634408	0.01777781603	-0.4016632532
TOLLIP	0.05188236587	0.001861509129	0.2864965018	0.2773246335	0.02785817422	-0.06910319207	-0.119209536	0.2070835368	0.09548882949	-0.2362618049	-0.06132854053	-0.02160600249	-0.1335121694	0.1583287401	-0.03436393809	-0.1811676668
TOM1	-0.1164002934	-0.3773827282	-0.1237557607	-0.1840589583	-0.06574586738	-0.04601353133	0.0776542264	0.3524006714	0.2282900354	-0.2907350364	-0.4202539173	-0.1971936113	-0.1179445844	0.005726892253	-0.1578804846	-0.1745662256
TOM1L2	0.05436914962	-0.1973913183	0.1731095403	-0.5106180556	-0.4165638455	-0.4608220637	-0.2608836182	0.5251344351	-0.1533609726	-0.5397622479	-0.7179934051	-0.5747568949	-0.4460214736	0.1512194373	-0.1350757765	-0.1789346811
TOMM40	0.1660773695	0.03831844215	0.2757807261	0.135373452	-0.1175833172	-0.1663059808	-0.04586697988	0.2504479585	-0.0679411278	0.4324935082	0.2834924876	0.03922866179	0.2473076793	0.1626611364	-0.1695941643	-0.01092326415
TOMM70	-0.2330317033	-0.3130756917	-0.1541367772	-0.2065719695	0.0005811598606	-0.3568635549	-0.1918774951	-0.7204274184	-0.3406170614	-0.1503797208	-0.3165476189	-0.4051260759	-0.6791454738	-0.9067944916	-0.2428943701	-0.3109433805
TOR1AIP1	0.04268461847	0.1947269363	0.2632026651	-0.1677212032	-0.1503182049	-0.1293482786	-0.1369960016	0.134412779	0.0796669384	-0.3969768455	-0.273869949	-0.0833962005	-0.2370388396	0.1795807338	0.03758545483	-0.1368818574
TPD52	-0.3348586281	-0.06542485979	-0.3929817265	-0.5627489549	0.2732609763	0.2546249758	0.2163571361	-0.06435089665	-0.0374549506	0.5949298078	0.3977956208	0.2073218526	0.1018962614	-0.02452016105	0.0334699042	-0.04348294751
TPD52L2	0.1487574855	0.1481837976	0.5444842442	0.1758194717	0.08443520474	0.746249667	0.5227171811	0.04319744359	-0.08056930044	0.3036822207	0.07664083515	0.2258930074	0.4545763358	0.607386443	0.4326339184	-0.008653391763
TPI1	0.1174373775	0.04901399719	0.2660969758	0.2411506595	-0.1711550277	-0.6816497708	-0.3072527157	0.216618616	-0.2197691708	-0.7469335927	-0.4464761641	-0.5431984406	-0.4463034593	-0.1638306537	-0.3076073729	-0.0766929078
TPM1	0.8224664203	1.227394737	1.226091166	0.9981272329	0.5609956468	1.815646535	1.190684321	0.2285583942	0.3216105269	1.433548359	1.682814603	1.352626603	1.917614933	1.812320951	1.281855302	0.7472214589
TPM2	0.9425681685	1.271857209	1.0869074	1.126759707	0.4372327117	1.572983416	1.138015381	0.4000652517	0.09855778634	2.00449864	2.516258318	1.451961297	1.26647662	1.134719174	0.4812032532	0.9512846632
TPM3	0.4059036036	0.4808905864	0.7685322105	0.6902335068	0.4934618119	1.096100557	0.6091682232	0.2671982464	0.6419890177	1.441048187	1.094039909	0.9468516253	1.071096325	0.7756266638	0.4390219027	0.2465133708
TPM4	0.9201013011	1.476240117	1.73233114	1.273012748	1.174708464	2.170123959	1.391776761	-0.06627222707	0.9177860634	2.361278304	2.45982116	1.884679544	1.864381803	1.118316847	1.17930806	0.6292174506
TPP2	0.008291098225	0.2791574741	0.05069491054	-0.09645770815	0.1683184709	0.3373328893	0.1233023439	-0.5346990358	0.3062551659	0.1857531886	-0.06393201108	0.1643944403	-0.05030292232	-0.4250198957	0.03815075346	-0.111189124
TPPP3	0.7026338984	0.205337803	0.9216667458	0.1099535093	-0.2098418662	-0.02267953434	-0.08698800718	0.8743623772	1.121892495	0.03726800317	0.04379604578	-0.02310663601	0.2430957822	0.2745562347	0.1946294543	0.3138661214
TPR	0.04177924985	0.1788825075	0.2507610948	-0.01709500354	0.3327398486	0.5784433722	0.149864524	-1.277258285	0.2237096473	0.3571646532	-0.2825427383	0.06900478874	-0.07127588449	-2.00134154	0.2475325562	-0.1969825286
TPRKB	-0.06630118103	-0.04644219727	-0.01286217532	0.1113499746	-0.7253111526	-1.212739931	-0.7006709959	-0.08251364629	-0.2183501918	-0.678966221	-0.6758227845	-0.7074783195	-0.6751544356	-0.2434770912	-0.238371784	-0.185389532
TPT1	-0.04911335865	-0.1369118121	-0.1767933639	0.009328170218	0.1824505647	0.6578279283	0.5259282594	-0.004486453434	0.09133877294	0.1376663542	0.2816972073	0.4637678219	0.3004651988	-0.1170429225	0.0456189289	-0.02819509587
TRA2B	0.05024263943	0.1170312249	0.4549459337	0.1715326366	0.1093261047	0.4722430991	0.2640799979	0.1599582767	0.7209053437	0.2290052271	0.1568837773	0.0560337868	0.253302517	-0.2837895215	0.1655942172	0.0190945998
TRAP1	0.009240552103	-0.06855108631	-0.132342108	-0.1444104686	-0.2958177953	-1.388931221	-1.068825209	-0.2434036525	-0.219695498	-0.8849946502	-0.9994883295	-0.951825582	-1.037430711	-0.6319779601	-0.6413637878	-0.2553418957
TRAPPC3	0.1430047473	0.1270566373	0.3770604315	0.3440028194	0.008324519659	0.2512021142	0.2233807711	0.1078610819	-0.2675055943	-0.157618403	0.03759173533	0.01984930767	0.0591788111	0.1071277475	-0.04133592581	0.02995262406
TRIM21	0.2882592028	0.4838839541	1.182586615	0.9513397244	-0.2097223089	0.6121791798	0.2356589027	-0.6892210228	-0.8140128339	-0.1222981575	-0.3480768106	-0.2615222332	-0.05316967229	0.1825756365	0.2087339795	0.2954820768
TRIM28	0.1736648772	0.3055997212	0.4226860417	0.4926551645	0.2521311165	0.8239196783	0.5419102864	0.5291697	0.09062469769	0.7016885447	0.5351563915	0.5892522029	0.9940015046	0.9164163829	0.36790739	0.04525567435
TSFM	-0.07101560142	0.08489104682	-0.1020030637	0.2971785313	-0.09112586411	-0.2975864584	-0.210961717	0.1667215404	0.01220812524	-0.02380459642	-0.04781908304	-0.2196341721	0.04945151491	-0.06111751031	-0.2836369448	-0.1037912056
TSG101	-0.01468794469	0.02676665842	0.3844684466	0.2687526864	-0.08541263982	0.1659776314	0.2090053509	-0.09407747268	-0.1740214416	0.001456222696	0.08338765448	0.03022580114	0.1128193729	-0.01193822085	-0.1195060686	-0.1440825329
TSN	0.02915041074	0.08762247407	0.3390732954	0.1497804169	0.0415361103	0.2530988548	0.2679367768	-0.0764093214	-0.08966145529	0.2010562034	0.1630129971	0.2508507268	0.1571924873	0.1006197035	0.1398554163	-0.03918494404
TSPAN8	0.07406435824	0.6503278118	0.3035266104	0.4330756912	0.1563941774	1.188926506	1.345948828	-0.1117452907	-0.1576720583	0.6083233289	1.315837458	0.9922669072	1.077490841	0.5731578772	0.7895008344	0.332520364
TSTD1	-0.1716218178	-0.3581576385	0.4442718205	0.4130752224	-0.9249783099	-0.9495235588	-0.5520024338	0.09300558612	-0.2558475427	-1.455747715	-1.352103854	-0.6178796578	0.1170617577	-0.284520888	-0.1496406549	-0.07191772954
TTC38	-0.4205575585	-1.017704531	-0.7429489991	-0.5547730343	-0.678021896	-0.8559476063	-0.6109608818	0.01516365251	-0.3786292484	-0.9089475391	-0.8000146057	-0.4840245792	-0.5416786438	0.006855520345	-0.2340286722	-0.2544532586
TTLL12	0.1756989443	0.2077685671	0.5034323424	0.4157569053	0.1694707955	0.362745881	0.154924983	0.4182655742	-0.03639217391	1.200519802	0.09471784859	0.05250056467	0.386081058	0.5074395896	0.1342184548	0.09801459321
TTR	-0.55228013	-3.801645088	-5.472275081	-3.949374279	0.05026624895	-1.046448968	-1.673332866	0.1867088223	0.3192923085	-2.183195487	-0.9522025845	-0.4598995105	-0.5361680496	-0.3439872235	-0.17509446	1.25408878
TUBA4A	-0.2339751622	-0.2090047634	-1.221784461	-0.2453816036	0.2386374679	-0.7246780585	-0.05178077486	0.7404975143	0.5391557652	0.2262328799	0.4449229962	-0.3664022076	-0.3385503543	-0.217835063	-0.5320433801	-0.0590147019
TUBB	0.7153830072	1.15445749	0.7909800015	0.8759782676	1.770817233	2.263023176	1.669750094	0.03155679203	0.1417815458	2.269030818	2.593168715	1.969967402	2.145718351	1.709829296	1.35078688	0.7012826361
TUBB2B	1.701044898	2.157466789	1.133901383	0.9231020265	1.328686388	2.603651521	2.270747326	0.9283947033	0.9690110957	1.842144618	2.528046725	2.257286639	2.723300508	2.359573919	2.029259403	0.8594900047
TUBB4B	0.1167627594	0.1455397984	0.05413385979	0.6571228816	0.7033896815	-0.2854529894	0.09158198165	0.2527775151	0.7493175377	0.4504421877	0.6381904284	-0.0002664255573	0.04378594241	-0.2040238653	-0.3543033614	-0.06585034094
TUBB6	1.275020976	1.644917512	1.433668612	1.188016184	1.669591137	1.463174386	0.9221437777	1.248746108	2.452451025	2.185151559	2.438007265	1.802744897	1.663262791	1.387877945	0.8356497102	0.5761771068
TUFM	-0.005826764453	-0.1571619364	-0.2271485278	0.1632999763	-0.1365086034	-0.8867190691	-0.7090860091	0.2208959328	0.04441808573	-0.3801185682	-0.5690440093	-0.7362176186	-0.3585336423	-0.2711523517	-0.5435550631	-0.1384492416
TWF1	-0.2814197988	-0.07935559641	-0.01129057726	-0.1006193263	0.2958129689	0.2279125477	0.06856987545	-0.1703396701	-0.04004345815	0.2966244492	0.3045296572	0.294441234	0.1325649891	0.03460097213	0.02599705422	-0.06972841007
TXN	0.1220271209	0.270367411	0.08489069904	0.594988494	0.2613526585	0.1061508113	0.1932923093	-0.4581038295	-0.1785399688	0.4342599432	0.5108467421	0.0973043294	-0.1353824652	-0.5995467794	-0.37163452	0.03075234506
TXN2	-0.1724223337	-0.3455156772	-0.1436187787	-0.04230372882	-0.3303843331	-0.6327385677	-0.3540241212	0.13462718	-0.01294817299	-0.1626422978	-0.06863736753	-0.3172510889	-0.3525787054	-0.3097380686	-0.4556550146	-0.03003198077
TXNDC12	-0.1210031842	-0.1176014465	0.01925206	0.2244842987	0.05927574853	0.2033844652	0.06777349809	-0.007575348064	-0.05511229702	-0.001907090572	0.1009466782	0.02056620988	0.255882387	0.07709980081	0.004804250035	-0.03086787491
TXNDC17	-0.01708381483	0.015950166	-0.08437169478	0.5625822988	-0.1371130101	-0.294191307	-0.02409782637	-0.2792930281	0.003361424928	-0.1127697691	0.2601244611	0.1384218519	-0.1544771221	-0.5706470112	-0.2395372832	-0.0476446692
TXNDC5	0.9867744289	1.163920769	1.044705042	1.125564777	0.01919732033	0.3896594073	0.1710858706	0.2848080807	0.008591361726	0.3036387927	0.347161553	0.1863720043	0.6187807178	0.7595040454	0.3094426642	0.4202301381
TXNL1	-0.1225936399	-0.1017376741	-0.09776392844	-0.1891039018	0.1046158179	-0.1256627194	0.00714025759	-0.1942936435	0.1562155197	-0.05324277433	-0.2865723271	-0.3064485461	-0.4517850211	-0.4150845858	-0.2507820422	-0.1586290345
TXNRD1	0.02752031125	0.03180825163	0.004909232315	-0.2191094313	0.4548761191	-0.02071178446	0.2045524413	-0.04324567451	0.7322189638	1.276929925	1.048177144	0.3129932723	-0.293167783	-0.08974353099	-0.3383293588	-0.07257186941
TXNRD2	-0.116763408	-0.3618293863	-0.4275784571	0.02096980313	-0.1503820662	-0.7685477472	-0.54151736	0.1252984864	-0.07678431685	-0.07575933387	-0.3987637642	-0.4346773577	-0.2482597073	-0.08132050749	-0.2665632525	0.04692289007
U2AF1	0.2398464645	0.2676308788	0.410564224	0.4362061801	0.1974648799	0.1748639444	0.1221939649	-0.0516358163	0.4843805148	0.3175562501	0.1075782921	0.04019667527	0.1326808213	-0.376127038	-0.3051707936	0.03605015176
UAP1L1	-0.4081758305	-0.7993094771	-0.2419164428	-0.8454687766	0.6850949127	0.2439749017	0.5140361008	0.1260801097	0.01827658391	-0.6921644622	-0.7725471873	-0.1029096921	0.408563794	0.1491559999	-0.07775670491	0.1751634595
UBA1	0.1139078661	0.3214577739	0.3446932048	0.4632268052	0.007402102255	0.1509578202	-0.1469002341	0.4140211901	0.03269574218	0.3585060323	0.004429029031	-0.003443210045	0.1744965146	0.4534613147	0.01531932309	-0.07074849684
UBA2	-0.04426997583	0.1629066892	0.1494667346	-0.1740580389	0.1544173884	0.3422612891	0.3084048476	-0.1776406076	-0.05546967969	0.3936189361	0.3112704436	0.2046890783	0.1949412	0.2417618119	0.1218033548	-0.09555334508
UBA3	-0.01729920355	0.2516614096	0.213750838	0.1822489139	0.1243373078	0.196283114	0.1085528697	-0.7980329383	-0.02131905037	0.1440562124	0.1198556748	-0.1635201465	-0.2417943857	-1.4186631	-0.09770656128	-0.128051043
UBA6	-0.1631085091	0.2477096884	0.1103183409	-0.2239165789	0.1495961466	0.4259364769	0.144232435	-0.4423289743	-0.2028365926	0.4868009293	-0.2525000785	-0.08325522244	-0.1866070174	-0.9027558386	0.3331863286	-0.2569229625
UBAP2L	0.07272320022	0.2576118445	0.414923508	0.2201180409	0.03616357968	0.3591053027	0.03917787469	0.321822581	-0.0825323927	0.3743690409	0.0114090674	0.1814514902	0.2848885923	0.4569950618	0.1570644946	-0.1347491551
UBE2I	0.2777056593	0.4370708014	0.5803688762	0.5302836215	0.09273310116	0.6097802248	0.4961414097	-0.09321312533	0.3478450983	0.6077518458	0.3991966555	0.397093156	0.300438664	0.2548443021	0.06630604156	0.005286740701
UBE2L3	0.09212786716	0.06267853488	0.3381152857	0.278783447	-0.007072660805	0.1479968415	0.02090104986	0.2676326842	-0.0593334131	0.1767389528	0.0164164902	-0.07002606633	0.2229765973	0.2511272157	-0.1169866618	0.0828007812
UBE2M	0.05126621536	-0.001580128767	0.1558298646	0.1718640248	0.001179534663	0.1382524881	0.2728737491	0.2512994398	-0.07040602952	0.1763369903	0.2385238037	0.04087139846	0.09413561155	0.01605925886	-0.20077965	0.09372425942
UBE2N	-0.06044298075	0.1068752504	0.2066856565	-0.02140620384	0.1178326657	0.21761327	0.04400045432	0.03008091209	-0.02904448513	0.3640147705	0.3008296655	0.02512037551	0.1739733847	0.00784229628	0.04369205721	-0.1018214728
UBE2V2	-0.03758427952	0.1099458936	-0.01706982343	-0.1388352918	-0.03773506829	-0.1870669698	0.009330135358	-0.4277135324	-0.3337658654	-0.2423155561	-0.3302088213	-0.3042516715	-0.3058244169	-0.890125335	-0.2008600741	-0.2155629251
UBFD1	-0.04944404584	0.08077334645	0.2555242617	0.05236378136	-0.04051906583	-0.04721860474	-0.1096590825	0.1330642171	-0.03925773572	-0.07872884341	-0.3778969197	-0.2640053719	-0.01817491864	0.2562109075	-0.06039220473	-0.1118544033
UBQLN1	-0.1841435067	-0.1994108403	0.01522350599	-0.2366721494	0.1048647146	-0.1585424241	-0.1016770687	0.1633130391	0.4224415001	-0.009964403784	-0.1640649469	-0.1500588922	-0.3198432368	-0.1858464797	-0.3005990362	-0.2802209872
UBR4	0.01914448165	-0.03953723314	0.08158974728	-0.374940371	0.1395162828	0.3230926468	-0.04335572036	0.4939538025	0.004735115367	0.247183994	-0.3886623804	-0.1084054671	-0.1867036141	0.5428510918	0.1400454272	-0.2303622325
UBXN4	-0.1078968189	-0.02777889239	0.1067547021	0.1184812205	0.2558165544	0.2518221113	0.1056279865	-0.3178224863	0.4822898544	0.1876503979	-0.3815088261	-0.1819286737	-0.09923231599	-0.5214218531	-0.06416354277	-0.03226055659
UCHL1	0.1655564577	0.1316185395	1.605418141	0.9179371391	0.3425500558	1.154577217	0.9974986729	-0.1024379501	0.3078896979	0.7781073707	1.189577998	1.437673826	0.9006199609	0.4042006145	0.3041897479	0.09204076621
UCHL3	0.02893141765	0.07166272445	0.2655346819	0.1752249161	0.3357521801	0.001894684978	0.2057230519	-0.3244651126	-0.1325483767	0.7770548099	0.3323282767	0.06707776367	-0.006161853539	-0.6402218084	-0.2448151014	0.09942897597
UCHL5	-0.1686538689	-0.1420112368	0.09296214514	-0.168184468	0.2532477986	-0.02052046419	0.1589653636	-0.7164303369	-0.2703062713	0.1914525695	0.3205596779	0.2250210422	-0.08245013084	-0.8957692126	-0.2370788947	-0.04363366125
UFL1	0.0002291453577	0.2528372519	0.1330383411	0.0167205536	-0.154944317	-0.2145992161	-0.1445091418	-0.7995495479	-0.3061595921	-0.1607988451	-0.3795072055	-0.2538512958	-0.4897589327	-0.9289064337	-0.08617068602	-0.1772449356
UFM1	0.05352915585	0.1928186256	0.2500352288	0.01959252787	0.007454529559	-0.1510211678	-0.0905184883	-0.2181628979	0.02056658163	-0.06448878328	0.007480507314	-0.0350606847	-0.168263169	-0.3769464769	-0.1640377059	-0.1138495651
UGDH	0.04392838382	0.2168966578	0.2519547954	-0.3871996142	-0.3701688153	-0.9743191829	-0.406010422	-0.5292568484	-0.4146592696	0.6735283789	0.1500752992	-0.2023985071	-0.8898730062	-0.7319464265	-0.5910004601	-0.316688055
UGGT1	0.1458303984	0.391020808	0.2571992975	-0.05880574111	0.09507709458	0.4446356812	0.02268346459	0.1596007946	-0.1235754007	0.3367448326	-0.07803156583	-0.03521054186	0.06823195273	0.2609318664	0.1480581852	-0.02666636236
UGP2	-0.380042969	-0.5042172016	-0.4879303724	-0.4420699057	-0.04925989233	-0.6017425439	-0.3386795141	-0.7128502346	-0.08588805276	-0.6102897361	-0.2838069442	-0.2114267068	-0.5391622429	-1.212752282	-0.3879011674	-0.249957594
UMOD	0.2909496976	-1.470478704	-2.583064286	-2.861927317	0.06097138299	-0.5426517115	-0.3113454057	0.1851292635	0.04548800778	-0.9215373412	-0.592357365	-0.7103202648	-0.9287624705	0.1300490749	-0.2168364716	-0.1355886448
UMPS	0.1824721118	0.3381649837	0.42905445	0.5915480998	-0.039934665	0.05945366053	-0.1290965995	0.1806164801	0.02433541593	0.2946681478	-0.1268772439	0.1181463476	0.03618706113	0.1915612416	-0.01164795191	-0.1994937582
UPB1	-1.016455701	-2.16182178	-2.431947309	-2.424835886	-0.7597964096	-2.667800101	-1.598962894	-0.1353148098	-0.2136540761	-2.071473396	-0.9792026386	-1.041091673	-1.462011496	-1.010290951	-0.8886167645	-0.3829032057
UPF1	0.1176364797	0.1531373298	0.3431471741	-0.03692284991	-0.08650335114	0.1689872466	0.02872635795	0.2224201043	0.1463905335	0.2961002844	-0.09465342505	-0.1646991158	0.1465527095	0.34754558	-0.08422185832	-0.08121367784
UPP1	0.6211651204	1.64961538	1.6449693	2.396477154	-0.1302191668	0.2646361909	0.2830107299	0.03807195012	0.3975110609	0.5819966903	0.2723696128	0.1738434998	0.3457682289	0.1702339439	0.03168611972	0.1148568508
UQCRC1	-0.1734381845	-0.4867246618	-0.6008876276	-0.5685286869	-0.2618913112	-1.132341966	-0.665880326	0.3018667431	-0.03896659076	-0.6636843131	-0.3936731689	-0.5066204918	-0.6817424875	-0.3346400385	-0.576136061	-0.1159207162
UQCRC2	-0.3203762903	-0.5536028704	-0.5835576939	-0.4551385379	-0.1877028233	-1.216353061	-0.7739033199	-0.5273417158	-0.164600301	-0.9694552965	-0.6721834717	-0.6501689146	-0.9033353141	-0.9120140989	-0.5071293664	-0.242895224
UQCRQ	-0.2368700777	-0.31297695	-0.4893838708	-0.1901975657	-0.1189362232	-1.061836194	-0.417338409	0.2078703325	0.01100287944	-0.7066282752	-0.2158370651	-0.2969693418	-0.5792738536	-0.4532141391	-0.5484274893	0.1715324298
UROD	0.03031859427	0.0005552300456	0.397921875	0.538820653	-0.1891790917	-0.3597306881	-0.1083758174	0.11848649	-0.2669211944	-0.5391190727	-0.4289789983	-0.3446248906	-0.1073937135	-0.007919724185	-0.1203342559	-0.1079191583
USH1C	-0.6544168674	-0.7622446332	-2.587604752	-0.9226685787	-0.4351759067	-0.9702166399	-0.7483551454	0.2743312238	0.03544192463	-0.4970225736	-0.7285730084	-0.706599666	-0.421100233	-0.05486008541	-0.3514806436	-0.1294359555
USO1	-0.1466456836	-0.1433177868	-0.0963652478	-0.3199064832	0.112509112	-0.02521386409	-0.1329943629	-0.4300500943	-0.06206870172	0.06962252249	-0.2177376213	-0.1393234209	-0.436578414	-0.4761059505	-0.1343456579	-0.1462849383
USP14	-0.03749674336	0.007138830363	-0.05750091985	-0.6032046217	0.1391782128	0.1641558247	0.1055921853	-0.3431921913	0.007536714428	0.3942282982	0.2515592648	0.0481288493	0.01075602288	-0.2908443396	-0.2287363544	-0.09897527747
USP24	0.008464248954	0.256846347	0.0894319592	-0.3357344082	0.2146212448	-0.01882353396	-0.2061859049	-0.5565432857	-0.08230701813	-0.06229682361	-0.7956989125	-0.6455642187	-0.7287195505	-0.9400068961	-0.08921945334	-0.3044970804
USP4	0.1664047072	0.2956894121	0.4342294282	0.4176173321	0.1797665878	0.2409572148	0.05735925479	0.2177037722	-0.06911355329	-0.1456711434	-0.2613070632	-0.1771806033	-0.05679931174	0.1763467002	0.01990079948	-0.09059832847
USP47	-0.179775295	-0.1045980701	0.08413521142	-0.3149779036	0.1572847517	0.04213174269	-0.07930064894	-0.9106809805	0.03718820083	0.01446066453	-0.1324082456	-0.09172634788	-0.3584898678	-1.345038131	-0.1289365033	-0.2194859587
USP5	0.1630723163	0.2291655675	0.2046110905	0.4702597073	0.01293167138	0.03097829959	-0.06735331707	0.3431555542	-0.2023580167	0.1748493662	-0.01708400834	-0.1718080251	0.002047200735	0.2823217146	-0.1126243213	-0.03150315687
USP7	0.07614818149	0.1791770464	0.2377564412	0.1014542774	-0.06849986523	0.0355021849	0.02200221924	-0.222983478	0.1891779979	0.02806286544	-0.2082574689	-0.1287630151	-0.2267588422	-0.2481666597	-0.1145940164	-0.1760284814
USP9X	-0.2065237705	0.1105856599	0.02845667464	-0.05084119461	0.07982882132	0.306119273	0.1336370938	-1.081965644	0.004841623286	0.2791297889	-0.8184357311	-0.3573738746	-1.007312446	-2.023089139	0.09154989682	-0.4492385552
UTRN	-0.053994028	0.1140449566	0.4258488893	-0.8525762406	-0.08943379152	0.3024755732	0.01765358444	-0.0420354989	0.1063557986	0.3602807422	-0.3167054192	-0.08881158664	-0.2185709996	-0.01416727914	0.6663465753	-0.2255395739
VAMP3	0.1988223984	0.2470103173	0.6033870175	0.6102187942	0.05518628756	0.6830133064	0.3332886807	-0.1329832458	0.3782026741	0.4842412219	0.1490562415	0.2462618554	0.0651106076	-0.07286460868	0.1177273098	-0.08467028024
VAPA	-0.1215433149	-0.1058713758	0.210545604	-0.06017848086	0.1897927526	0.2269644865	0.3046936709	0.05685081008	0.2738711584	0.08729906558	0.04358341924	0.1135247356	-0.02151182734	-0.05010011881	-0.1285604877	-0.100301209
VAPB	-0.3447634771	-0.5378587489	-0.1203786006	-0.4493320191	-0.09190589352	-0.1243567498	-0.2174133604	0.1680952029	-0.2210428166	-0.09013356212	-0.1848324399	-0.100424117	-0.1906529493	0.0935956832	-0.07323289026	-0.04152752135
VARS2	0.01897147074	0.1389986996	0.1954148334	0.2384260578	-0.1540336519	-0.2609599805	-0.2513264395	0.3210597171	-0.03967745083	0.04927206112	-0.4061803493	-0.3925675791	-0.09119896448	0.1436499068	-0.1395881421	-0.0709791031
VASP	0.7629324972	1.078725899	1.053249147	0.9208246476	0.2095655534	1.392873788	0.9265175585	0.6669061197	0.6307453932	1.445687631	1.261543347	0.9528769808	1.480179087	1.337925618	0.8319027182	0.5006329488
VAT1	0.1145823099	-0.05958325663	0.4899613294	0.3036036257	0.7564465167	2.252831326	1.647691147	0.2592817876	0.4342628462	1.793784713	1.428695088	1.262189014	1.326681642	1.288486411	0.7163771026	0.6468699432
VBP1	-0.003880962636	0.1056675657	0.2074691064	0.1407700866	0.2625319895	0.02828324235	0.2014667035	-0.2838813398	-0.05794566715	0.08215816148	0.3088940338	0.2248831623	-0.09556749863	-0.5001257709	-0.1620711812	-0.08121770769
VCAM1	0.7853190554	0.5839360019	0.7465347038	-0.4427925253	2.19028041	5.616774938	3.126116864	0.2699567974	1.412710041	1.036077119	0.8448063142	1.743448557	3.994137093	3.527654601	4.094987667	1.385809139
VCL	0.4523774834	0.9022888939	0.957020309	0.3624758967	0.523917929	1.710772975	0.8180459504	0.3069156609	0.8825341328	0.9949410707	0.23668663	0.3253784958	0.4836844873	0.9553025232	0.903083671	0.03040065959
VCP	0.01786454375	0.09295002681	0.03067561715	0.1792551169	0.03334058157	-0.0533109361	-0.04837997712	-0.1316839121	0.081617199	0.04912203564	-0.1906474661	-0.326762831	-0.1597330905	-0.1867624202	-0.373311038	-0.03456581332
VDAC1	-0.1731534167	-0.2539003669	-0.1015734675	-0.1596240637	-0.4226570408	-0.8048053852	-0.5859404054	0.1867830796	-0.1017118544	-0.5518483349	-0.05942822645	-0.2350870562	-0.498540843	-0.1282237356	-0.4206865383	-0.2298104889
VDAC2	-0.139201861	-0.1877868581	-0.1214064237	-0.2430905154	-0.1238736812	-0.1915902681	-0.02909408887	-0.1575803766	-0.008132747119	-0.04994267969	0.2003382074	0.01684906821	-0.0555459625	-0.1653721425	-0.2370807095	-0.0601418849
VDAC3	-0.08950418613	-0.1823949507	0.03456088687	-0.1103575167	0.1185219188	-0.02947436644	0.01786797221	-0.105687049	-0.198758561	0.01432472337	0.0666497652	-0.07880720437	-0.03278571223	-0.2585769193	-0.1021448473	-0.0960630239
VIL1	-0.1912490434	-0.4904945821	-2.518686935	-0.8931740555	0.032007378	-0.4500284296	-0.8014085051	0.1599720149	-0.03234324901	0.126071662	-0.4804481957	-0.56245011	-0.348110521	-0.119125903	-0.411765254	-0.29931915
VIM	1.031408565	1.690701327	1.590603422	1.861677281	0.9623335307	2.906369564	1.73622926	0.6401069405	1.029469454	2.645175779	2.955039868	2.732272046	2.608547012	2.245863733	1.694271174	1.523408325
VPS13A	-0.5456401891	-0.3984225407	-0.2583545784	-0.5905348195	-0.2591500703	-0.01918241382	-0.2883077869	-0.9623285604	-0.1101170123	-0.009537838551	-0.8035279469	-0.6263775136	-1.010956419	-1.784260379	-0.09207782657	-0.5199707122
VPS26A	-0.06352947845	0.05323357122	0.386008536	0.153942933	0.214718712	0.05571470175	0.02316019285	-0.521200727	-0.3623002147	-0.304023287	-0.3637932233	-0.1106524235	-0.2968992614	-0.6154480892	-0.08690112525	-0.2216587939
VPS29	-0.1728068999	-0.2771075347	0.10510456	-0.03942170149	0.09118578408	-0.2501781838	-0.1039935931	-0.1045519232	-0.2486558745	-0.4091392832	-0.04497311271	-0.07210919103	-0.3129871235	-0.2540195396	-0.1452860959	-0.1439697443
VPS35	-0.09756572646	0.04011991928	0.07243189084	-0.09174426038	0.2304362069	-0.05696041672	-0.1970562703	-0.7212706511	-0.4290661419	-0.2308417869	-0.4714009367	-0.3320612311	-0.4752357762	-1.201097535	-0.1364941164	-0.2443977794
VPS36	-0.2091352729	0.1331206222	0.06860480982	-0.2320101103	0.1151646473	0.1235028689	0.1303653629	-0.4961390947	-0.3418671767	0.2018728247	0.1434749341	0.1299925519	-0.1360615803	-0.386019242	-0.07572249767	-0.06134707973
VPS37A	-0.4560448922	-0.2293432357	-0.5162484441	-0.4318947623	-0.1047885803	-0.2665721564	-0.1613348582	-0.729194126	-0.223924928	-0.06704034253	-0.5016861699	-0.475997475	-0.6550510851	-1.140406374	-0.2017893225	-0.2726216496
VPS4A	-0.0002004591007	0.03521345089	0.1878580904	0.1273566197	-0.1118007647	-0.1120515619	-0.04372257794	0.004373467192	-0.1140292933	-0.05353293303	-0.07302659945	-0.04689543067	-0.06476698523	0.003200205604	-0.1960337296	-0.0353792575
VPS4B	0.0933863175	0.2875097091	0.3847689651	0.2062035569	-0.003387813344	0.1148874322	0.0502447364	-0.9239278872	-0.2262784482	-0.1677944227	-0.09313735512	-0.01521028199	-0.0984796783	-1.009237988	0.02062433787	-0.1871476316
VWA5A	0.7944130729	1.183352047	1.396193092	0.8563458563	0.398248926	1.28638777	0.7278081439	-0.2418974318	-0.5094978768	0.462964549	0.2608782989	0.4982812608	0.5342991618	0.8084061348	0.7374403122	0.02770440898
VWA8	-0.5273460132	-0.7049424182	-0.5477139632	-0.876686833	-0.305714833	-1.421426387	-1.139875791	-0.3982044449	-0.2517383076	-1.384466313	-1.263722324	-1.199026836	-1.429716011	-0.5803703215	-0.6560923823	-0.3515519041
WARS2	0.2433380523	0.2399404116	0.261160067	0.5548921194	-0.02607988994	-0.2391979046	-0.2771799756	-0.2441272921	-0.3431436133	0.08212829756	-0.2775304741	-0.3253048083	-0.3402200424	-0.2268758373	-0.1516589636	-0.1477549741
WASF2	0.1009418111	0.4967839079	0.4976250995	0.2568642157	0.170059929	0.9259391561	0.4107743008	0.4429594558	0.3169966424	0.3881417801	0.2948844772	0.583924159	0.4733280517	0.856810218	0.5345141903	0.06243302784
WASL	-0.3738020649	-0.1914861323	-0.01996625458	-0.2150667976	0.08031877521	0.1740035687	0.2200192915	-0.018086007	0.1488369138	0.2774482805	-0.04373395857	0.06899964479	-0.1863302684	-0.1391249637	0.004252786495	-0.3259216974
WBP1L	-0.03375849246	0.1213803063	0.3552635169	0.4154706768	0.5029789911	0.3163737218	0.3062616096	0.3515070299	0.04029697892	-0.2570901696	0.2414271167	0.633846403	-0.03623011976	0.09214370357	0.001645183439	-0.07560588102
WDFY1	0.05689205411	0.2533707094	0.04876633271	-0.1245715434	-0.03681981608	-0.1086922501	0.04619462087	-0.2759525894	-0.4086371843	-0.498679473	-0.3823077759	-0.2982821749	-0.4920500059	-0.2617395372	-0.1207112605	-0.2919357291
WDR1	0.2575258251	0.5254311613	0.634158345	0.7885258822	0.3075531777	1.039477573	0.6641267898	-0.005528385208	0.3338831856	0.8620315102	0.5126153197	0.3453157485	0.4596803312	0.4633284355	0.2104785805	0.1226020246
WFDC2	-0.2111396268	0.3900400097	1.50449429	2.144084709	0.4866390756	2.487293851	2.464715083	0.2621084281	0.2568544118	1.496248686	2.371511114	2.112464176	1.722663247	1.16986174	0.930184707	0.8392620509
XDH	0.08122764661	-0.1125568545	-0.1349028256	0.6242256986	0.4790241004	1.17696805	0.4506387717	-0.2493508632	-0.4139134222	1.795109603	0.9355257093	0.9359678151	0.3059276799	0.4789829412	0.4613006328	0.1605641484
XPNPEP1	-0.2091270581	0.09677225024	-0.2110923614	0.2750840299	0.04799506573	-0.6044889139	-0.5046304218	0.3534626515	0.2341096205	-0.07532222074	0.1413819542	-0.08013559251	0.0620654239	0.2352451107	-0.07717851133	-0.1157434297
XPNPEP2	-1.160460291	-1.320004436	-2.242481871	-1.558423952	-0.2384124869	-1.148189684	-0.6286507103	0.8703882903	0.2678418554	-1.496456268	-0.806144372	-0.5756400218	-0.07601180061	0.3303180474	-0.1591243196	-0.3344199051
XPO1	-0.02789100594	0.1688363294	0.1786712911	-0.5322799957	0.345050603	0.6987627407	0.288174281	-0.1945768224	-0.1162958796	1.005715726	0.2581767659	0.04308564082	0.09064234054	-0.395505213	0.236986452	-0.04260830507
XPO7	-0.4796087437	-0.8578190395	-0.4016131806	-0.858816264	0.02219201409	-0.08898778745	-0.1772950761	-0.2162172665	-0.3392157366	-0.2096395719	-0.5309060728	-0.2161907219	-0.2976241051	-0.09304176998	-0.0351289409	-0.3279782009
XRCC5	0.2354552531	0.2518995273	0.5484552275	0.5778466103	-0.02910224839	-0.2646264014	-0.2461483007	-0.270556671	-0.1647176472	-0.1104476663	-0.2728639765	-0.2843247974	-0.08522268874	-0.2994836887	-0.05015742581	-0.1687089761
XYLB	-0.8830926089	-1.062072975	-1.558310861	-1.296715557	-0.5253781964	-1.557686696	-1.140712335	0.554418166	-0.03049172425	-0.7344265865	-0.8886639415	-1.006978343	-0.7377188374	-0.09556084586	-0.3791004472	-0.2847711101
YBX1	-0.08753167342	-0.2975224274	-0.2233784921	-0.3061882668	0.134959297	-0.5988196639	-0.3383405672	0.01976149835	0.1154319909	0.3731024864	0.3988328323	0.1515951367	-0.3218475742	-0.3171766971	-0.2950072726	-0.06217024786
YWHAB	-0.0245035745	0.06949049642	0.2457553107	0.09097544074	0.08731216574	0.5387735992	0.3157888475	0.03623020913	-0.1237925471	0.359393314	0.3051114374	0.2603306765	0.1763260403	0.3112802984	0.07431949789	-0.04714794891
YWHAE	-0.1497862901	-0.1441737973	0.1579287207	0.1122638121	0.1006793681	0.2441207638	0.1231374724	0.05272273689	-0.01127934812	0.3188190306	0.3092611472	0.1421306538	0.214443356	0.2289418871	-0.06256784835	-0.0302869176
YWHAG	-0.00335669561	0.02652445219	0.3502118953	-0.243916661	0.07284861173	0.9408141371	0.4178240514	0.3499284181	0.4582273265	0.834623947	0.6276257091	0.3939141216	0.6039927268	0.8190379958	0.3410427152	0.04199760898
YWHAQ	0.1428436422	0.4342967388	0.4328013511	0.4923526691	0.2566465295	0.9166811397	0.6155234655	-0.4137219238	-0.1120869822	0.5714123981	0.4487589791	0.3390012897	0.3581059465	-0.1297663877	0.1955405242	0.08058744339
YWHAZ	0.1368946624	0.4121200476	0.3138861575	0.3464605564	0.009488128389	0.1617617006	0.02182199206	0.008810988781	0.2483843643	-0.1741185764	0.155516648	0.2544029008	0.1157674277	0.06383871695	-0.03857145575	-0.1298063189
ZC3H15	-0.1626255278	-0.144113196	0.03320127246	-0.2303405052	0.06276971507	0.220691582	0.1630975913	-0.833819134	0.1306291991	-0.03190701405	0.02971184002	0.1907343753	0.1492088422	-1.321391171	-0.1195638705	-0.09558934832
ZKSCAN1	-0.163450899	-0.0232869421	0.06719711905	0.02935448411	-0.2619755514	-0.1115474519	-0.1518431988	-0.2287985398	-0.5341909959	-0.3621447565	-0.4200217358	-0.3918236497	-0.3021883587	-0.2519253363	-0.05105963041	-0.4247829045
ZMPSTE24	0.008536721191	0.05639953096	0.1962713122	0.03006688735	-0.1039316133	-0.2972273123	-0.3754494167	-0.3368291087	-0.3486673217	-0.2580680103	-0.375160064	-0.2696177166	-0.5048256011	-0.4478223664	-0.1746952052	-0.2711419011
ZNF865	0.1326062457	0.2673149919	0.3238859899	0.2495613046	-0.1783230776	0.3033814838	0.2745385229	0.09419931871	-0.1780148622	0.3134659109	-0.3023401651	-0.03961146299	0.4679541106	0.5169574605	0.2504188385	-0.0311303868
ZYX	0.7628567051	1.173109042	1.33602575	1.088079047	0.3309790966	1.398443436	0.9095574944	0.7282927821	1.37856912	1.238388422	0.8183101898	0.956568159	1.315664904	0.8617879543	0.5846557536	0.276237856
