gene	cat_CKD34	mouse_2W
-	NA	0.12219768443009803
0610005C13RIK	NA	0.07408878276801999
0610006L08RIK	NA	0.09109701548289253
0610009B22RIK	NA	0.05481945227371488
0610009L18RIK	NA	0.12604243187507294
0610010F05RIK	NA	0.15327183017948717
0610010K14RIK	NA	0.14258673285074674
0610012G03RIK	NA	0.12136937933089509
0610031O16RIK	NA	0.18117030783546773
0610033M10RIK	NA	0.19447138264049246
0610040F04RIK	NA	0.08685205065876841
0610040J01RIK	NA	0.11140569520626407
0610043K17RIK	NA	0.15685658511075204
1110002L01RIK	NA	0.17053111517357175
1110006O24RIK	NA	0.220655947720343
1110008P14RIK	NA	0.16740124413404858
1110019B22RIK	NA	0.189382375093895
1110019D14RIK	NA	0.13049509115150557
1110025M09RIK	NA	0.1439961207266699
1110032A03RIK	NA	0.06580224464015914
1110038B12RIK	NA	0.16145852611387498
1110051M20RIK	NA	0.23089955147827668
1190007I07RIK	NA	0.16163399683309523
1300002E11RIK	NA	0.1368330501625611
1300014J16RIK	NA	0.1458269119299164
1500011B03RIK	NA	0.1529169607172031
1500015A07RIK	NA	0.06780014918497164
1500026H17RIK	NA	0.15269861512931496
1600020E01RIK	NA	0.11128286408335626
1700007L15RIK	NA	0.27988734008768607
1700008J07RIK	NA	0.18422043368402669
1700016C15RIK	NA	0.19505790275465648
1700028J19RIK	NA	0.2947166206265379
1700029J07RIK	NA	0.24264563466929076
1700030C10RIK	NA	0.22771604198981202
1700037H04RIK	NA	0.1251123962669111
1700052K11RIK	NA	0.12069889296521885
1700086O06RIK	NA	0.22414630425287413
1700094D03RIK	NA	0.07223059851370837
1700096K18RIK	NA	0.15687204466277307
1700102H20RIK	NA	0.2234095178413016
1700113A16RIK	NA	0.26896114437550483
1700119H24RIK	NA	0.28943200799476354
1810013L24RIK	NA	0.11306481920911922
1810014B01RIK	NA	0.12912737798382987
1810017P11RIK	NA	0.3025991345391418
1810019D21RIK	NA	0.30498253318724833
1810021B22RIK	NA	0.2657813422167616
1810034E14RIK	NA	0.2399996125905514
1810037I17RIK	NA	0.08574398168900654
1810041H14RIK	NA	0.12324728177103478
1810044D09RIK	NA	0.2884917404117843
1810058I24RIK	NA	0.1329143485854149
1810059H22RIK	NA	0.0988127503193667
1810063I02RIK	NA	0.6586949762557703
2010001A14RIK	NA	0.2058835965729879
2010203P06RIK	NA	0.33256590833053845
2010204K13RIK	NA	0.29325006996929537
2010315B03RIK	NA	0.1404535972245274
2010320M18RIK	NA	0.12874967474645435
2210016F16RIK	NA	0.08490607551816642
2210408F21RIK	NA	0.13906493996944436
2210418O10RIK	NA	0.17340606493450061
2310001H17RIK	NA	0.09322516584131789
2310010J17RIK	NA	0.2683554402566736
2310014F06RIK	NA	0.07228373178648032
2310015A10RIK	NA	0.0812370538998264
2310015A16RIK	NA	0.21383360686312844
2310039H08RIK	NA	0.05291598773837958
2410002F23RIK	NA	0.2839753718423267
2410006H16RIK	NA	0.27519196741086344
2410022M11RIK	NA	0.26199994401539645
2500002B13RIK	NA	0.18614143826587554
2500004C02RIK	NA	0.2646763930784795
2510016D11RIK	NA	0.12089686832054786
2510046G10RIK	NA	0.18425186182920408
2610001J05RIK	NA	0.2266183475478584
2610002M06RIK	NA	0.04215094856842496
2610005L07RIK	NA	0.0738771751404811
2610008E11RIK	NA	0.1708352517360128
2610016A17RIK	NA	0.11662575269085879
2610021A01RIK	NA	0.17839706323707524
2610035D17RIK	NA	0.815743433301739
2610044O15RIK8	NA	0.04126107080993738
2610301B20RIK	NA	0.192126570132333
2610306M01RIK	NA	0.38405531925838665
2610507B11RIK	NA	0.12817081200743044
2610507I01RIK	NA	0.16722723667465056
2700033N17RIK	NA	0.1738839106809023
2700046G09RIK	NA	0.08286520301306222
2700081O15RIK	NA	0.12016695356051588
2700097O09RIK	NA	0.09946908470708837
2700099C18RIK	NA	0.08541961102914311
2810001G20RIK	NA	0.23749084703719323
2810002D19RIK	NA	0.18260773804943617
2810004N23RIK	NA	0.11955359211719459
2810006K23RIK	NA	0.1479267918000837
2810013P06RIK	NA	0.2594670366978478
2810021J22RIK	NA	0.10186083861137256
2810025M15RIK	NA	0.19351314409766848
2810029C07RIK	NA	0.4685772720444751
2810402E24RIK	NA	0.19186497797331598
2810405F17RIK	NA	0.140104292150345
2810408A11RIK	NA	0.0960410053563646
2810410L24RIK	NA	0.17779998665973026
2810414N06RIK	NA	0.1528668829248431
2900052L18RIK	NA	0.2372779307278675
2900076A07RIK	NA	0.15548509369977717
2900093K20RIK	NA	0.19932807121995724
3010003L21RIK	NA	0.0909054680602882
3110001I22RIK	NA	0.2100785862375981
3110045C21RIK	NA	0.08093377043377738
3110053B16RIK	NA	0.12207737657478893
3110056K07RIK	NA	0.09450045524031386
3110082I17RIK	NA	0.140149356399509
3300002I08RIK	NA	0.22719383120785866
3830406C13RIK	NA	0.029846151383419083
4632415L05RIK	NA	0.1354805328987586
4732463B04RIK	NA	0.13958583224403098
4732465J04RIK	NA	0.0895262198537216
4732491K20RIK	NA	0.2262465313899954
4833403J16RIK	NA	0.18037385056894928
4833408A19RIK	NA	0.28059155093618743
4833413G10RIK	NA	0.1324734787699018
4833419F23RIK	NA	0.2828576356529209
4833438C02RIK	NA	0.166751126735081
4930402H24RIK	NA	0.15925528893544336
4930426D05RIK	NA	0.23341397009468923
4930430F08RIK	NA	0.04657733601389462
4930461G14RIK	NA	0.4566814223313739
4930466K18RIK	NA	0.2546494784655075
4930469K13RIK	NA	0.21248831034278606
4930481A15RIK	NA	0.2863957727288888
4930513N10RIK	NA	0.2043917612553785
4930522L14RIK	NA	0.260805845042555
4931428F04RIK	NA	0.17741066237230305
4932438A13RIK	NA	0.16132963215678967
4933412E12RIK	NA	0.16330481944430947
4933421O10RIK	NA	0.13631652337766736
4933431E20RIK	NA	0.06474368446212508
4933439C10RIK	NA	0.19152135254814082
5031425E22RIK	NA	0.07663389264711298
5033430I15RIK	NA	0.14584985769440034
5730437C11RIK	NA	0.7319014956756634
5830417I10RIK	NA	0.12158997594200925
5830448L01RIK	NA	0.13323314386596544
5830454E08RIK	NA	0.20996210424413259
5S_RRNA	NA	0.5262917615230892
6330403L08RIK	NA	0.13549213296110205
6330418K02RIK	NA	0.3664344452321323
6330562C20RIK	NA	0.100549451772919
6530402F18RIK	NA	0.07882892837882408
6720427I07RIK	NA	0.052671728015558715
6820431F20RIK	NA	0.0679094701239714
7SK	NA	0.34572391251511153
8030462N17RIK	NA	0.09219693977755328
8430422M14RIK	NA	0.18328554757817286
8430429K09RIK	NA	0.10829522102405993
9030025P20RIK	NA	0.13444713529925784
9030407P20RIK	NA	0.17437429558479486
9030619P08RIK	NA	2.459329970177784
9130016M20RIK	NA	0.2011543471212726
9130019O22RIK	NA	0.07075964785249242
9130023H24RIK	NA	0.12173971545091312
9130221H12RIK	NA	0.14771018812146958
9130230N09RIK	NA	0.18172715902260092
9230102O04RIK	NA	0.12830328189794463
9230111E07RIK	NA	0.17497319270797304
9230112E08RIK	NA	0.06443736228832396
9230114K14RIK	NA	0.09102652348070249
9230116L04RIK	NA	0.1439978531867305
9330020H09RIK	NA	0.14658860632726042
9330151L19RIK	NA	0.26720498831651796
9430085M18RIK	NA	0.16539692661863428
9530026P05RIK	NA	0.19932220318509866
9530034E10RIK	NA	0.04535363604383631
9530082P21RIK	NA	0.1763589221227356
9630013D21RIK	NA	0.1238094684109509
9930021J03RIK	NA	0.10968450563590053
9930104L06RIK	NA	0.08831537957532382
9930111J21RIK1	NA	0.06569805779206904
9930111J21RIK2	NA	0.1141666629501602
A1CF	1.4898308938693323	0.23932677418492204
A230072C01RIK	NA	0.14732751446085393
A2M	0.8186168435993447	NA
A2ML1	0.9933750943128796	NA
A3GALT2	0.5773786078806625	NA
A430018G15RIK	NA	0.05737897178339225
A430033K04RIK	NA	0.11827198748160427
A430073D23RIK	NA	0.19158101597972677
A4GALT	0.41901530824986166	0.21235389750576747
A4GNT	NA	0.07600933671627114
A530017D24RIK	NA	0.18520445170690242
A530032D15RIK	NA	0.07028342442356594
A630052C17RIK	NA	0.21220242726589614
A730017L22RIK	NA	0.09259152900089927
A730049H05RIK	NA	0.12996274764080817
A730063M14RIK	NA	0.21858585122093152
A930001C03RIK	NA	0.12145293886300157
A930004D18RIK	NA	0.08149200178609715
A930005H10RIK	NA	0.23046506983435408
A930007A09RIK	NA	0.13461066467405677
A930017K11RIK	NA	0.32434153883922656
AA414768	NA	0.11082329739823449
AA465934	NA	0.447261577054398
AAAS	0.16975248088382147	0.1299196760090283
AACS	0.34605968090659045	0.6142995570012583
AADAC	NA	0.1754533083614063
AADAT	0.8973865946537432	0.10694651971802786
AAGAB	0.15253963424374445	0.10907304504552524
AAK1	0.35889235695540234	0.12573696639864643
AAMDC	0.3988461277004198	0.2217489492570942
AAMP	0.1820406641147543	0.045260108312171816
AAR2	0.18108905042014015	0.10370418707093518
AARS	NA	0.0875643796785388
AARS1	0.15670087090361962	NA
AARS2	0.22229918692075748	0.05489634062510499
AARSD1	NA	0.21026266583511083
AASDH	0.27246516718352753	NA
AASDHPPT	0.2027819799624019	0.16394050628853354
AASS	0.9506275903742956	0.16436424163753288
AATF	0.20050388042470182	0.09833931239982416
AATK	0.726988153687768	NA
ABAT	0.7788017479596211	0.07767005743685125
ABCA1	0.5776512424842529	0.2626000558573026
ABCA10	2.0849722081939293	NA
ABCA13	1.1669267248239947	0.328596130358261
ABCA2	0.2559119575029246	0.14624155363599886
ABCA3	0.5565206329550338	0.10848734622694367
ABCA4	0.6793499323360496	NA
ABCA5	0.6309552329238888	0.18743675859976536
ABCA6	1.0337661337453274	NA
ABCA7	NA	0.10465990844434067
ABCA8	0.8011356259289354	0.07536177292378293
ABCA8A	NA	0.1893397174033717
ABCA9	0.650688881244905	0.08898166111445656
ABCB1	1.0200548905012097	NA
ABCB10	0.1798655161113261	0.18377434862377953
ABCB1A	NA	0.15801596607709534
ABCB1B	NA	0.10977886627454218
ABCB6	0.4864513449650369	0.18786183423134725
ABCB7	0.37366310373386163	0.068052623216233
ABCB8	0.1959083432699482	0.1322062406052466
ABCB9	0.36432519688792664	0.11035348336040157
ABCC1	0.30608048381922603	0.08051351576125935
ABCC10	0.36904380815805465	0.17245266788506475
ABCC11	1.9438573985568035	NA
ABCC2	0.9432242819412509	0.18400602839320393
ABCC3	NA	0.12137566250665689
ABCC4	0.4650949101666079	0.2531624769715668
ABCC5	0.40906426798494505	0.06171031414822226
ABCC6	0.5318327739074087	0.1055571325521242
ABCC9	0.6753390917024424	0.1641287782624425
ABCD1	0.48447991816782476	0.047687890393359675
ABCD2	NA	0.8125081580307393
ABCD3	0.6169454331981019	0.10579208787427057
ABCD4	0.1927803555531187	0.2977208833330231
ABCE1	0.3348718522419234	0.10668693720522454
ABCF1	0.15798006567942627	0.10751596627946951
ABCF2	0.21759172580322936	0.10988010415729411
ABCF3	0.19264606474176174	0.0957274660148666
ABCG1	0.8548112273596461	0.1175047989139227
ABCG2	0.9460280100140877	0.06116322417973058
ABCG4	0.9496957203243322	NA
ABHD1	2.0168500957852316	0.16342215524142475
ABHD10	0.2836923410429352	0.1309076639926549
ABHD11	0.3608031056137879	0.13853695441642105
ABHD11OS	NA	0.19373558881551117
ABHD12	0.23589598042951995	0.12081614194137764
ABHD13	0.32744505349791825	0.101604182100838
ABHD14A	NA	0.1438229007970208
ABHD14B	0.4678001544851793	0.2508273143466864
ABHD15	0.5552278750346885	0.34415135698321725
ABHD16A	0.12343848498364475	0.1048289562116392
ABHD17A	0.26118141566702807	0.21146946386532384
ABHD17B	0.2207879945761544	0.18040100873055
ABHD17C	0.25123488143449835	0.09462074977361899
ABHD18	0.16300227963214511	0.13285496180925782
ABHD2	0.674987679984991	0.1601146463152095
ABHD3	0.5391528323255687	0.141757849623507
ABHD4	0.41580493448877615	0.07187126005738115
ABHD5	1.4068727083586046	0.12902155197191337
ABHD6	0.5242374335423298	0.06425366030965278
ABHD8	0.7228039284994406	0.14525547448582748
ABI1	0.12183264625965474	0.03485858736662909
ABI2	0.37379441907492705	0.15249604397043934
ABI3	0.5789441992411466	0.095475492837908
ABI3BP	0.9881025063576213	0.14336287822202273
ABITRAM	0.3050622142471164	0.09659541195547319
ABL1	0.17069371347817044	0.07504959732007048
ABL2	0.2662863958147524	0.07975805013088771
ABLIM1	0.2689431216516158	0.10961080854673574
ABLIM2	0.45231085030169405	NA
ABLIM3	0.5539411516389695	0.09849482039464393
ABR	0.4674235820329274	0.06103240591791136
ABRACL	0.5389997810048133	0.13447685393221356
ABRAXAS1	NA	0.22563379078984602
ABRAXAS2	0.2057817070586642	0.11416820642141044
ABT1	0.2003375910654451	0.13743968364778164
ABTB1	0.4489665072461181	0.1311184864213897
ABTB2	0.5739509873838291	0.19151897163935835
ACAA1	0.6667351449965047	NA
ACAA1A	NA	0.18641604402022652
ACAA1B	NA	0.2660892044320875
ACAA2	0.9344430171294175	0.15519474693408628
ACACA	0.7769445716480349	0.4853699098787329
ACACB	1.386887203884301	0.7309326143654453
ACAD10	NA	0.07393193982202134
ACAD11	NA	0.19685680092880178
ACAD12	NA	0.07002944449610686
ACAD8	0.38465128519188113	0.1299599908461881
ACAD9	0.6602797569234505	0.1403265872910848
ACADL	0.8239347248427563	0.11724739080169917
ACADM	0.6666345934848706	0.17801056906255608
ACADS	0.4524598907020249	0.04634054968555007
ACADSB	0.8737228843657853	0.17919453906142196
ACADVL	0.7146955130193909	0.16172272487138264
ACAP1	0.8902213404520091	NA
ACAP2	0.22238428970103707	0.156930836297911
ACAP3	0.3547549740047623	0.11693805753412621
ACAT1	0.6697098426975983	0.15630723241621375
ACAT2	0.7543764589054668	0.10738882347276878
ACAT3	NA	0.21074061870585517
ACBD3	0.09009680407686058	0.08227648888684094
ACBD4	0.22999800629173703	0.11692455534074098
ACBD5	0.3011177126555873	0.15879583954233317
ACBD6	0.21964593497268534	0.1737894972647142
ACCS	0.2657353822826115	NA
ACD	0.42402853350008907	0.08592245908176162
ACE	1.1222130066339417	0.19202634450161604
ACE2	0.8353185372802504	0.14480715730767296
ACER2	0.5006580067122194	0.3647376717913288
ACER3	0.4700549549843339	0.1079495044404405
ACHE	0.46671818969657697	0.12846884346804693
ACIN1	0.2131818149809838	0.09398573717215439
ACKR1	1.6747703681392634	NA
ACKR2	0.4696935409391472	NA
ACKR3	0.5141749110553868	0.42266333323977645
ACKR4	0.826255808991242	NA
ACKR5	0.29752934736926384	NA
ACLY	0.2830353165717522	0.13861603056068053
ACMSD	1.1325446459017456	0.2615705596352925
ACNAT1	NA	0.2963355249347344
ACNAT2	NA	0.383299681588126
ACO1	0.5784306446256655	0.06844470466630098
ACO2	0.6712998696986803	0.14402341850839742
ACOD1	NA	0.05443349759625214
ACOT1	NA	0.28949254251926093
ACOT11	0.5439451895248524	0.20252046596648127
ACOT12	NA	0.20185355300844568
ACOT13	0.5523215042643425	0.10048309341289433
ACOT2	NA	0.2802618470148308
ACOT3	NA	0.2892817747505815
ACOT4	NA	0.061859340113036065
ACOT5	NA	0.30326977146191614
ACOT6	NA	0.15404050076172138
ACOT7	0.7233495720260413	0.10117057326573135
ACOT8	0.24908367049794147	0.06736640119496086
ACOT9	0.43589149894898704	0.07873283518816926
ACOX1	0.34881901510315716	0.10623869229449838
ACOX2	1.0238556700789216	0.1916586580312856
ACOX3	0.7706155268752081	0.26466372528989385
ACP1	0.27366001562842357	0.09846987151247279
ACP2	0.29816510736957885	0.07117791426265549
ACP3	0.4936745519638542	NA
ACP5	0.6760566247228653	0.12735016651340597
ACP6	0.6026660553113673	0.25332344489024156
ACP7	3.693464599728598	NA
ACRBP	0.9412586174302476	NA
ACSBG1	1.1588077380666386	0.10650722931631654
ACSF2	0.5095539436470217	0.24273130677830293
ACSF3	0.6550900746739716	0.11108875205374481
ACSL1	1.2404837053792501	0.47868698515577685
ACSL3	0.38222291747015075	0.12814679358249598
ACSL4	0.6587123860631733	0.19166416908580497
ACSL5	0.8534248148441216	0.07482368653287014
ACSM1	NA	0.14365553858111446
ACSM2	NA	0.15949164768503069
ACSM3	NA	0.7816989057465404
ACSM5	1.0908233425694536	0.19038718097726662
ACSS1	0.2208361208106383	0.2399692789883778
ACSS2	0.188886876112609	0.10934966630742231
ACSS3	0.3499860510676901	0.3533982644203003
ACTA1	0.749952104630868	1.7223425064145848
ACTA2	NA	0.4063193417011683
ACTB	0.22501467623776208	0.2530891153099158
ACTC1	1.3848399566872156	NA
ACTG-PS1	NA	0.6101482608174272
ACTG1	0.17834658116146154	0.17170366578148208
ACTG2	0.5686013810137733	0.3220054208770088
ACTL6A	0.26041208832708324	0.1094467126046685
ACTN1	0.38303496991539665	0.12150715366355566
ACTN3	NA	1.2411545355214413
ACTN4	0.13581718056578587	0.13937857971537293
ACTR10	0.18615888786674042	0.08022464069579045
ACTR1A	0.16702178423993372	0.04482901093336972
ACTR1B	0.18296623551374863	0.06422705986624042
ACTR2	0.15187158797141195	0.10331654880937462
ACTR3	0.21141692532091766	0.08945900329945748
ACTR3-PS	NA	0.40930297571266333
ACTR3B	0.20702774522573383	NA
ACTR5	0.2227255337720346	0.14426817624743887
ACTR6	0.30751029801660906	0.2308883984056644
ACTR8	0.23860531416862082	0.05726667012041458
ACVR1	0.26960511300792156	0.06440331799929994
ACVR1B	0.5652214400174873	0.14553889008520823
ACVR2A	0.25222577218935716	0.09569290295417317
ACVR2B	0.5251945035282665	0.09913295396548782
ACVRL1	0.3387738931131534	0.13334115963996881
ACY1	NA	0.2008954281361024
ACY3	NA	0.1564440768829374
ACYP1	0.33729515963812595	0.26102477085851294
ACYP2	0.3587637111467799	0.23808928244418492
ADA	0.6506426800048202	0.2130413390211964
ADA2	1.3408531247795867	NA
ADAM10	0.2913716896749269	0.08236830505142766
ADAM11	0.654878476032843	0.10270463965896136
ADAM12	0.6967210795190241	0.13544794763567014
ADAM15	0.363251827567919	0.14051859554715068
ADAM17	0.31520505615890454	0.058671999572089566
ADAM19	0.9996137966078209	0.06340628967882914
ADAM22	1.6265387213047087	NA
ADAM28	1.9449177942576654	0.06173821428575323
ADAM33	1.2466004368766017	NA
ADAM8	1.1013904516510706	0.07830306823104397
ADAM9	0.5467964773601354	0.0636142193572712
ADAMDEC1	NA	0.04535767488373195
ADAMTS1	0.6444677655967671	0.19676327594604584
ADAMTS10	0.8906224589457656	0.12393208408402641
ADAMTS12	0.7294525743464435	NA
ADAMTS13	0.8889295785100431	NA
ADAMTS14	1.6235566128954966	NA
ADAMTS15	0.8961718512386682	0.205163387100299
ADAMTS16	1.010613159588392	NA
ADAMTS17	0.7777639047520527	NA
ADAMTS18	1.054613277300505	NA
ADAMTS2	1.166993808953121	0.07143714724407724
ADAMTS3	0.5603615197771418	NA
ADAMTS4	1.192692353799742	0.12985003564000366
ADAMTS5	0.7438582993639786	0.1790562803037686
ADAMTS6	1.3844214837708155	0.08535708726023014
ADAMTS7	0.800557555828268	0.02950703308045272
ADAMTS8	0.5665037400723292	NA
ADAMTS9	0.6356341491493196	0.06502622516806983
ADAMTSL1	0.4188811143482567	NA
ADAMTSL2	0.6378098239359621	0.0727541324821943
ADAMTSL3	1.017845954680571	NA
ADAMTSL4	0.7592779913195122	0.06426806841093068
ADAMTSL5	0.5711169674354031	0.0819683665223909
ADAP1	0.41329201807564603	0.03704369057542646
ADAP2	0.6390889058034451	0.10204542129856281
ADAR	0.1789133646317033	0.161137453584098
ADARB1	0.255443883104972	0.048298434547808036
ADAT1	0.22873016680684702	NA
ADAT2	0.1491936750960079	0.13162285568240062
ADAT3	0.33217824110164296	0.19226930387642832
ADCK1	0.4003253646565808	0.1264640240022153
ADCK2	0.2553162968967737	0.2288909327105185
ADCK5	0.2612968388749485	0.04646838585416673
ADCY1	0.573459087965364	0.06687531501567333
ADCY3	0.9450613191630614	0.23125757616607942
ADCY4	0.44125879162217707	0.07367389912196536
ADCY5	0.4915842357450002	NA
ADCY6	0.3026589895836626	0.07283963030740401
ADCY7	0.9291059205715423	0.07929912846204255
ADCY9	0.3388215109664072	0.10205097170260362
ADCYAP1	0.44941212205255815	NA
ADCYAP1R1	0.8210427701191101	0.17321047996983896
ADD1	0.2012543465735927	0.08507563956541912
ADD2	1.5750357102242534	NA
ADD3	0.2704398055360793	0.2343868730639222
ADGB	1.0333682978820826	NA
ADGRA1	1.363759229668199	0.16375147495993073
ADGRA2	0.6374894874080629	0.07865915551777121
ADGRA3	0.5131997393611235	0.020109920280650492
ADGRB1	0.41288650581644337	NA
ADGRB2	0.7876721257853244	NA
ADGRD1	1.0561800019604868	NA
ADGRD2	1.1100080853517724	NA
ADGRE1	NA	0.17236976420348252
ADGRE2	0.6562111161308191	NA
ADGRE3	0.613797741455588	NA
ADGRE5	0.8886854392337955	0.1622438152368792
ADGRF1	1.2064776295696402	0.31062987449694257
ADGRF5	0.27116774459931453	0.06033656917310036
ADGRG1	0.5622468202811702	0.1095005219114918
ADGRG2	1.082897521859182	0.16928576954487098
ADGRG3	0.9374215847775488	NA
ADGRG4	0.9577961427733335	NA
ADGRG5	1.7702326664613754	NA
ADGRG6	0.5351775359158394	0.06608526150903711
ADGRL1	0.3227697881842678	0.21850922824811808
ADGRL2	0.4314106551330914	0.056276700691106095
ADGRL3	0.39535345984268483	NA
ADGRL4	0.3534620902490202	0.05516944735802148
ADGRV1	1.2530492022084916	NA
ADH1	NA	0.11726522656491217
ADH4	1.511577631396528	NA
ADH5	0.4732570456502305	0.059282733395847206
ADH7	NA	0.12807001615890307
ADHFE1	1.1845778271648786	0.07418212560122837
ADI1	0.4012980144710826	0.05027378771280196
ADIG	NA	2.1999876304855097
ADIPOQ	NA	3.069403498869482
ADIPOR1	0.4698022443291636	0.10175236056355817
ADIPOR2	0.23456074019109766	0.19723338398128856
ADIRF	0.7357588916394929	NA
ADK	0.7150505234251058	0.12386915285139706
ADM	0.6941859776285553	0.22677579186031044
ADM2	1.2009103696513685	0.38389990512882766
ADNP	0.16569263886560862	0.1100396477246498
ADNP2	0.23786906241388572	0.09525899595990552
ADO	0.1913004394640951	0.09651511419092051
ADORA1	0.6155731031782636	0.3264093013869
ADORA2A	0.2822037471241298	0.12016722719994057
ADORA2B	1.1192419623716034	0.18818198792801782
ADORA3	1.2945604281177432	NA
ADPGK	0.1960671576851333	0.09199279622548928
ADPRH	NA	0.15303642508635493
ADPRM	0.3362046226938484	0.1270807560163323
ADPRS	0.1565560209983342	0.06647095697945635
ADRA1A	0.9994366200347065	0.2082689623368326
ADRA1B	0.6401372275884751	0.13552889052223877
ADRA1D	0.5170807847991764	NA
ADRA2B	0.49106415987391133	0.13885729067196517
ADRB2	1.1343812285723356	0.39528666615722546
ADRM1	0.26580151509173827	0.10776160696210947
ADSL	0.1175632504533546	0.1195314961640968
ADSS	NA	0.0703766863544993
ADSS1	0.6346781932437761	NA
ADSS2	0.17944843003070962	NA
ADSSL1	NA	0.11380281680391591
ADTRP	1.1358032606189428	0.17184530191803932
AEBP1	0.7186731867559654	0.12583698427845944
AEBP2	0.13278121945046725	0.04589431570271421
AEN	0.45031121623852227	0.06425734104478727
AF357399	NA	0.7099820252172498
AFAP1	0.5146895271416726	0.1119617383547483
AFAP1L1	0.4197873180602446	0.2990333907642737
AFAP1L2	0.41122786511861653	0.1417401503449643
AFDN	0.21949358827531473	0.06856757754966401
AFF1	0.19103084296015235	0.10049020668152771
AFF2	0.5189250313450082	NA
AFF3	1.241467703758213	NA
AFF4	0.25230299624227637	0.09668814154562566
AFG1L	0.4008563170800503	0.1588652184969204
AFG2A	0.19958352972234433	NA
AFG2B	0.272766165271014	NA
AFG3L1	NA	0.08022868023197552
AFG3L2	0.43907792471542234	0.13233891845148407
AFM	NA	0.24685307260052428
AFMID	1.1384134988904338	0.13711701829910905
AFTPH	0.24898953934635074	0.09092579562875923
AGA	0.22569449782161458	0.04793795565200036
AGAP1	0.28415201963867104	0.0645148081898207
AGAP2	1.1680544358463731	NA
AGAP3	0.3429737190334651	0.0662173832004576
AGBL2	0.5355146539891349	NA
AGBL3	0.7306903899702271	0.140694156919567
AGBL5	0.22126453414736655	0.11520067718966928
AGER	0.4765985855255396	0.13835837756150784
AGFG1	0.13109508301166917	0.06392788487969751
AGFG2	0.26350745890752036	0.15266561915210136
AGGF1	0.10413417973266126	0.057729597018874854
AGK	0.22220956877501172	0.08145601040689435
AGL	0.36172948022479523	0.19160001211909292
AGMAT	0.7611829871154239	0.2210551921064099
AGMO	NA	0.37901868043987436
AGO1	0.21614425039964758	0.14025311505947902
AGO2	0.18238125553205467	0.07897260272143838
AGO3	0.25273266416140266	0.06864912276327235
AGO4	0.26583289741114	0.09518489381470774
AGPAT1	0.19640092535578962	0.1955835225637609
AGPAT2	0.5300752972719297	0.268554528625035
AGPAT3	0.41760551123649664	0.03563284868657861
AGPAT4	0.6139607965503282	0.3336542143888468
AGPAT5	0.5570391249927653	0.07435551355753608
AGPS	0.5390844213536433	0.11311006423872698
AGR2	1.7763961160173865	NA
AGRN	0.45059825620838484	0.06491697406166709
AGRP	NA	0.31669333692223567
AGT	1.4530676572047794	0.27572060059512515
AGTPBP1	0.29031967691819754	0.009960595985610258
AGTR1	0.3760465436669879	NA
AGTR1A	NA	0.06000702152594361
AGTRAP	NA	0.056961117880833134
AGXT	0.7925500597155095	NA
AGXT2	1.6531854576597707	0.09192620131483481
AHCTF1	0.26021428538456554	0.12170344854921913
AHCY	0.6784110958670773	0.14055385114532873
AHCYL1	0.15686204385516508	0.05236081006587259
AHCYL2	0.8274926559563602	0.19151754379406516
AHDC1	0.21818027975641688	0.15154780424221226
AHI1	0.24524287585700907	0.09042758034095291
AHNAK	0.43630719083468056	0.09539997969856756
AHNAK2	0.9797334337206596	0.08249742841060287
AHR	0.4388581152954743	0.11013146915080786
AHRR	0.4241977204127417	NA
AHSA1	0.2905306173645713	0.33232554225369976
AHSA2	NA	0.35813014892663825
AI314278	NA	0.22927610091477765
AI413582	NA	0.08067357128010642
AI480526	NA	0.3296093977450898
AI506816	NA	0.06229458327702918
AI662270	NA	0.1638689158743473
AI838599	NA	0.19334558482154157
AI839979	NA	0.11503455976691866
AI854703	NA	0.20477622451170438
AI987944	NA	0.04722368776407551
AIDA	0.18667772164789212	0.08277366511361177
AIF1	0.6662354590481905	0.21915965634863424
AIF1L	0.40617945150888757	0.23043185485992812
AIFM1	0.8194841949693077	0.11291869921015212
AIFM2	0.5343510369790057	0.25098389702513557
AIFM3	0.579614242734489	0.10785620370793474
AIG1	0.3079132518626963	0.08947239854740609
AIM2	NA	0.08642463016213349
AIMP1	0.1388568364522482	0.048398776336603916
AIMP2	0.20913101003588436	0.1550026311233776
AIP	0.32675810057947663	0.0735146171162428
AJM1	0.6710252878082892	NA
AJUBA	0.42561113957927205	0.2810690707322959
AK1	0.600718524862113	0.2220384806560323
AK157302	NA	0.3026781294412213
AK2	0.5999552242943025	0.10136202320900496
AK3	0.5350072188346559	0.07981187466925163
AK3L2-PS	NA	0.49796247233175855
AK4	0.8614745248022463	0.25613122441712455
AK5	0.7002637193261334	0.050829435355342664
AK6	0.38849886320169685	0.0400394559247619
AK7	NA	0.1755100062202409
AK8	0.40828583015910014	NA
AK9	0.6613786632155566	NA
AKAIN1	0.7199925017779978	NA
AKAP1	0.2853880140605136	0.060093749460935486
AKAP10	0.1466841255915537	0.12286055382779355
AKAP11	0.2544282129091944	0.18879964995566523
AKAP12	0.48623773871895853	0.16205530488030095
AKAP13	0.24606156040154958	0.07661532583731606
AKAP17A	0.6083896457356088	NA
AKAP17B	NA	0.09013394091511252
AKAP5	0.7270558133930456	NA
AKAP6	0.9578245415693716	NA
AKAP7	0.2645413083227587	0.17558617186651704
AKAP8	0.13942851799292294	0.08161823910417183
AKAP8L	0.24842588542418578	0.11817177295275214
AKAP9	0.23873352118547433	0.16796405581835072
AKIP1	0.2790922964911643	0.22930298981876243
AKIRIN1	0.4287572882239091	0.06238350330470449
AKIRIN2	0.1159431231661027	0.15627305556029727
AKNA	1.2594997520919335	0.05708163181705899
AKR1A1	0.6843603054365345	0.08038950706375199
AKR1B1	0.48327668339883406	NA
AKR1B10	NA	0.0979101630699298
AKR1B3	NA	0.3876893088929106
AKR1B7	NA	0.24052504625931242
AKR1B8	NA	0.12948298143744058
AKR1C12	NA	0.2565784302541878
AKR1C13	NA	0.16412367855880222
AKR1C14	NA	0.27624951031336353
AKR1C18	NA	0.9798233410082987
AKR1C19	NA	0.2314062630038198
AKR1C21	NA	0.08896979323513977
AKR1C3	1.2187776605613814	NA
AKR1CL	NA	0.0
AKR1D1	NA	0.07829807075611069
AKR1E2	0.42477387728536	0.12521963109931208
AKR7L	NA	0.09589078488949025
AKT1	0.1814809550085233	0.035790732730435176
AKT1S1	0.2533766833334515	0.14488509262980512
AKT2	0.13478376186260155	0.08214880921495704
AKT2-PS	NA	0.07344156872985502
AKT3	0.3485917036456989	0.13111361354536188
AKTIP	0.2707994856015526	0.10096725556802474
ALAD	0.5671512575380441	0.0948497759566736
ALAS1	0.6762155011660415	0.5741523580990863
ALAS2	NA	0.5876961071645095
ALB	NA	0.08783960073324396
ALCAM	0.31943838980213407	0.06640334493005996
ALDH16A1	0.3438614428009122	0.06600250529799834
ALDH18A1	0.6552378763312228	0.19128894038249886
ALDH1A1	0.8418061921528092	0.20221680935582723
ALDH1A2	0.5135352745739004	0.1920960530927392
ALDH1A3	1.014546785815229	1.5836059472257296
ALDH1A7	NA	0.3207639179456261
ALDH1B1	0.6600934995849341	0.13243901548483894
ALDH1L1	0.673913165691107	0.08568949466512253
ALDH1L2	0.7539498043243201	NA
ALDH2	0.5945998211023639	0.14215481268206565
ALDH3A1	1.8335866080843934	0.798023657797805
ALDH3A2	0.404140205645338	0.10463182158172907
ALDH3B1	0.49628636450187147	0.18136416099303268
ALDH3B2	NA	0.8368451679680455
ALDH4A1	0.9967200526416136	0.0785153147811724
ALDH5A1	0.628629925962406	0.14797300986153078
ALDH6A1	0.595769704425278	0.18587457112964215
ALDH7A1	0.7014855523751694	0.09187207415544486
ALDH8A1	0.7825668115203119	0.09361776386697927
ALDH9A1	0.3980416852472259	0.06318620837419456
ALDOA	0.4582670213398377	0.053655521311399404
ALDOB	0.9273218008045234	0.08927047660364197
ALDOC	0.8769303041269302	0.23443816353990082
ALG1	0.19605697031324965	0.0573985598768765
ALG10	0.414620205654839	NA
ALG10B	NA	0.07591611064495589
ALG11	0.2919839367414696	0.0581800153510587
ALG12	0.31016675907229774	0.09289794611781212
ALG13	0.2288153640449324	0.07219237228550679
ALG14	0.36312495971323716	0.06662548067894154
ALG2	0.42886611107834577	0.16920503303649775
ALG3	0.444659257469965	0.27334527763684946
ALG5	0.15546456368935782	0.16721378021059083
ALG6	0.3259504294110411	0.043187244891117
ALG8	0.37605706299776553	0.20108041390047707
ALG9	0.2308603387435121	0.10451458046740998
ALKAL2	0.8586455679655408	NA
ALKBH1	0.17499342925242273	0.08472014980050856
ALKBH2	0.2746489913588233	0.22156919144601023
ALKBH3	0.25984960623269854	0.12322653700130652
ALKBH4	0.22973699323441737	0.10361664276664398
ALKBH5	0.17398615118187996	0.1107379439907687
ALKBH6	0.21547973559929376	0.19474088490754643
ALKBH7	0.2979101017449513	0.14257940108871253
ALKBH8	0.26766999748004144	0.08051155525668734
ALMS1	0.26598895429185354	NA
ALOX12	NA	0.1432083020022806
ALOX12E	NA	0.013464733462734392
ALOX15B	0.5337771217360457	NA
ALOX5	0.8250091017172713	NA
ALOX5AP	0.9083155461520082	0.1749862382644898
ALPK1	0.5151815951813996	0.12299028218033399
ALPK2	0.5141280885321643	NA
ALPK3	0.650432032540204	NA
ALPL	1.2683609419347432	0.11874659993485094
ALS2	0.3155773835593492	0.14459445105201726
ALS2CL	0.5953150179304932	0.07267827888267857
ALX1	1.1450132031371412	NA
ALYREF	0.2325449853178004	0.15663433521475037
ALYREF2	NA	0.10116923763176784
AMACR	1.0790752393078105	0.15720566657859125
AMBP	1.4832375930366994	NA
AMBRA1	0.19762710471169423	0.08403866063533193
AMD-PS3	NA	0.3386125778482392
AMD-PS4	NA	0.2908334395703768
AMD1	0.3821605708254888	0.2614957721435316
AMD2	NA	0.381006975608548
AMDHD1	0.85879375936009	NA
AMDHD2	0.7769859039784613	0.103786551914461
AMER1	0.37942764937934903	0.07759407641721736
AMFR	0.251926780424736	0.09315754613815663
AMH	0.6997204362242601	NA
AMHR2	0.46978069486108265	NA
AMIGO1	0.35677895247141406	0.09089431297594992
AMIGO2	0.9829778106840937	0.13028225605268867
AMIGO3	0.26228165557943367	NA
AMMECR1	0.1731763414954196	0.162738146270169
AMMECR1L	0.1578793614480027	0.18084313127697393
AMN	0.8051516083184391	0.053801121271793734
AMN1	0.3845771944697009	NA
AMOT	0.3810544068899033	0.0859755224311359
AMOTL1	0.40143729125302896	0.05569888805420269
AMOTL2	0.2920660600201106	0.05891978374250178
AMPD2	0.6275543357399066	0.08196800265945654
AMPD3	0.3166673134295219	0.1686010414829668
AMT	0.636064712734129	0.04622901738175064
AMY1	NA	0.3742554392117918
AMY2B	0.6060616084127669	NA
AMZ1	0.994248147392612	NA
AMZ2	0.2671827472581013	0.1542782147445384
ANAPC1	0.27953589073354623	0.04151246484972669
ANAPC10	0.30425975778120323	0.07785672785894356
ANAPC11	0.3089187077165247	0.0854895583633143
ANAPC13	0.38905356197978075	0.11678496832422096
ANAPC15	0.2876532696929953	0.08297928205656513
ANAPC16	0.28695490923030204	0.15469429404850127
ANAPC2	0.12991607052319978	0.09929993575335212
ANAPC4	0.1557569772798768	0.10706129113043952
ANAPC5	0.43648057451391653	0.06269556795696464
ANAPC7	0.24473023588398532	0.09283317263996672
ANG	NA	0.23689134881228122
ANGEL1	0.16794458243053836	0.13786924294811262
ANGEL2	0.1678896768398343	0.11092240861369025
ANGPT1	0.471307698548871	0.1404404974185599
ANGPT2	1.1775170817103384	0.32860797689210397
ANGPT4	0.8495512753931712	NA
ANGPTL1	1.1502416187667475	NA
ANGPTL2	0.582673782949994	0.30259280851441284
ANGPTL3	NA	0.1956551637872836
ANGPTL4	1.3932051747012313	0.6117459835584712
ANGPTL6	1.6028340359671194	NA
ANGPTL7	NA	0.2100635841992667
ANGPTL8	NA	0.619674693210469
ANHX	2.423171521582378	NA
ANK1	1.0601419584568488	NA
ANK2	0.7357700725953473	NA
ANK3	0.6017483502554413	0.10143627577328429
ANKFY1	0.11360946201913055	0.0970188964627115
ANKH	0.2071091071215055	0.053814160540359327
ANKHD1	NA	0.07341711006654252
ANKIB1	0.2809429544672164	0.08689871663107455
ANKLE1	0.7157463967300389	NA
ANKLE2	0.1955143053543208	0.08152685621593515
ANKMY1	0.3700953905548969	NA
ANKMY2	0.2826389571976847	0.09144213375487507
ANKRA2	0.2138679204505432	0.134151650311494
ANKRD1	1.447787108064432	0.10460566874110883
ANKRD10	0.32785060023468077	0.16501566812378854
ANKRD11	0.16156628195140427	0.07562609423122876
ANKRD12	0.2815321034346693	0.12102751562965436
ANKRD13A	0.28234636089317705	0.07802168846145362
ANKRD13B	0.7135845963229042	0.06785313555240746
ANKRD13C	0.3410772536933415	0.11371014728550058
ANKRD13D	0.23092944804716883	NA
ANKRD16	0.312508982794418	0.17013692752243717
ANKRD17	0.13305362210381105	0.14376815013814276
ANKRD22	0.9892213312441257	NA
ANKRD23	0.29122578551959327	0.1619401747864276
ANKRD24	0.877285530602376	0.13305342843949217
ANKRD26	NA	0.09992420072051796
ANKRD27	0.09187334058884568	0.10773981334034594
ANKRD28	0.20755449584094798	0.15872845649845124
ANKRD29	0.4949985363822401	0.11944512120609016
ANKRD33	0.537692208576902	NA
ANKRD33B	0.8479097054617217	0.24098839698892732
ANKRD37	0.37558098503764503	NA
ANKRD39	0.4469594156074688	0.13779895418252336
ANKRD40	0.20360281797732682	0.028815179359889788
ANKRD42	0.2778477784737732	0.14016813885118362
ANKRD44	0.3877280482663414	0.07443062125108756
ANKRD45	1.3051958377777988	NA
ANKRD46	0.23714503216869356	0.09938052511366183
ANKRD49	0.10202721818312273	0.08221400955676945
ANKRD50	0.49195683188220957	0.09512320030853263
ANKRD52	0.20359593738929713	0.14940450613381923
ANKRD53	0.6704822999015149	0.48662364722925194
ANKRD54	0.2197722611197756	0.06600502362520569
ANKRD6	0.8677693008695139	0.08005400910805853
ANKRD65	0.5523039796815986	0.1426156871250691
ANKRD9	0.42875886799774754	0.15032230574233404
ANKS1A	0.4321625011151855	0.028636712341371787
ANKS1B	0.8647022147432032	NA
ANKS3	0.15072863461990674	0.04017840519102833
ANKS4B	0.6699663794399414	0.1335313873647229
ANKS6	0.36328521583147866	0.11256803410450877
ANKZF1	0.37158871937329246	0.12741269389796706
ANLN	0.7545639335096277	0.1089556093044257
ANO1	0.7125956783559451	0.1632642105728858
ANO10	0.7966278562019066	0.11563112580586045
ANO3	0.8311035714549682	NA
ANO4	0.6275021125698546	NA
ANO5	1.742684043935005	NA
ANO6	0.2834972643789716	0.05024769044947623
ANO8	0.3825604756427137	0.17846288314768702
ANO9	1.8926981385615413	0.09534142335801717
ANOS1	0.7451478807109414	NA
ANP32A	0.23379097913450542	0.11310553595115992
ANP32B	0.23536624845540893	0.1326444606183811
ANP32B-PS1	NA	0.5678346847587871
ANP32E	0.14300251465892286	0.1526538182014983
ANPEP	0.6960717896852757	0.1229845611789717
ANTKMT	0.4879652847407032	0.2987061470407377
ANTXR1	0.7062897757841916	0.08612002815770213
ANTXR2	0.35235291451050393	0.15034504609286214
ANXA1	0.5971737643760999	0.1411447751299291
ANXA11	0.1696285576017585	0.1031178148642179
ANXA13	1.8570086973664959	0.4443551096314661
ANXA2	0.5923905112526145	0.07045922951255684
ANXA3	0.7918305961611505	0.05822609541306219
ANXA4	0.38914798755265617	0.08667529903734071
ANXA5	0.5519106849308549	0.10270307742193147
ANXA6	0.514416120786086	0.12070685872672841
ANXA7	NA	0.10030868146780775
ANXA8	NA	0.5666296484908969
ANXA9	NA	0.21333174217899195
AOAH	1.2385516184206553	0.09713139024785572
AOC1	1.2322385516941798	0.18268061122858126
AOC2	0.3458845929300737	NA
AOC3	0.6775743860499336	0.5739065502260283
AOPEP	0.20871394829831938	0.09030888888996601
AP1AR	0.34528902547619866	0.0410402795719219
AP1B1	0.33309791462730765	0.07786690634101963
AP1G1	0.2996985667663087	0.1876314893985919
AP1G2	0.2512828627169628	0.09535401317035576
AP1M1	0.3038277090268551	0.06135377997549481
AP1M2	0.40437822752865976	0.10593974160637601
AP1S1	0.39335403381129813	0.09449079532106629
AP1S2	0.4044188446555248	0.119268204360469
AP1S3	NA	0.13977312537717282
AP2A1	0.05924319230932017	0.05576088608274694
AP2A2	0.3076922782780595	0.08337755879059706
AP2B1	0.5243860435781283	0.0771515672156158
AP2M1	0.23932286346231624	0.12397720574263556
AP2M1-PS	NA	0.20106464554822073
AP2S1	0.23958673357674332	0.06657034840438632
AP3B1	0.18515156972862554	0.12283531138556031
AP3B2	0.5946573893015525	NA
AP3D1	0.26683674809084373	0.08751209619240834
AP3M1	0.2568137836308755	0.10697802800742459
AP3M2	0.44106566686199844	0.0340578547659506
AP3S1	0.15522683869143047	0.18272939807410443
AP3S1-PS1	NA	0.14614777576790858
AP3S2	0.2519689784621635	0.11451421332236113
AP4B1	0.282104481363198	0.08980165344267488
AP4E1	0.2284802362695361	0.10541309758560145
AP4M1	0.34758834943843353	0.24852114030395497
AP4S1	0.25147289410569273	0.09214584759784031
AP5B1	0.3099563160210743	0.051410560489394914
AP5M1	0.30928060292182524	0.09177675969758976
AP5S1	0.2925200972914489	0.15855434807357946
AP5Z1	0.3099554026913395	0.04612062997794567
APAF1	0.4918169666268053	0.11532373564207136
APBA1	0.5223329790444516	NA
APBA2	0.6529294528403914	NA
APBA3	0.356592217761758	0.0758106485034492
APBB1	0.2958168631805211	0.1394048208785151
APBB1IP	1.1302914086684608	0.12436543203944536
APBB2	0.15915568852228174	0.09079078614382623
APBB3	0.2597149446881359	0.16015760471589474
APC	0.218609092144861	0.08068383034207738
APCDD1	0.4517413669192455	NA
APCDD1L	1.1183846824909722	NA
APCS	NA	0.2784340921003242
APEH	0.1737042507733975	0.166639585567724
APELA	NA	0.1631485590357389
APEX1	0.22808477498940222	0.11034461166430753
APEX2	0.11583350133179546	0.07266164306895181
APH1A	0.15778839044265813	0.13731975395936302
APH1B	0.2260704249509318	0.1693314774964907
APH1C	NA	0.08638199084859563
API5	0.2808877779101836	0.07601035713305317
APIP	0.2703445321729534	0.07856721549147089
APLF	0.2790097475273262	0.15635528920975322
APLN	1.2590463117083635	0.2592156336100098
APLNR	0.9024677948311048	0.4138139677513089
APLP1	0.13461805969643462	0.16581500235756386
APLP2	0.4637480536750683	0.09525896471055405
APMAP	0.4496859551634722	0.16776494847165555
APOA1	0.7441005440610752	NA
APOA2	1.11620725545685	0.13589972050848664
APOA4	1.0893090051774355	0.15196715338366817
APOB	1.741546979153142	0.2772588608876175
APOBEC1	NA	0.16555573565190013
APOBEC2	NA	0.363188915912091
APOBEC3H	NA	0.08752974098443041
APOBEC3Z3	1.2125671978477752	NA
APOBR	1.5033910570984517	0.11192005020659265
APOC1	NA	1.6322135410223324
APOC2	NA	0.15376260910276796
APOC3	0.736398694200565	0.2162321411970028
APOD	1.9204337587270293	NA
APOE	0.9716341747931796	0.22462303735133365
APOH	1.219337879756456	0.40344643969336696
APOL7C	NA	0.21145098021021358
APOL9B	NA	0.23340775690220011
APOLD1	0.7416818473346952	0.2809060617954804
APOM	0.6664370032758913	0.2565926993577804
APOO	0.4840420696884279	0.08412157830403275
APOO-PS	NA	0.4568883943878421
APOOL	0.3444368391933885	0.06701865978953807
APP	0.26916922086974215	0.083445224072593
APPBP2	0.20245062641269032	0.10136184777848606
APPL1	0.2999124694874835	0.07948386000543219
APPL2	0.20995914861708226	0.1457368644874402
APRT	0.5393637546541116	0.34047661292737513
APTX	0.20371568497416628	0.12852236425615915
AQP1	0.7230820556707293	0.1341807684267794
AQP10	0.6085264058311397	NA
AQP11	0.8590351805164834	0.07984502522357355
AQP2	1.2785474977609244	0.42904312083487867
AQP3	0.4030013821391389	0.4347543340955604
AQP4	NA	1.0381629458209485
AQP6	1.4503746402469933	0.1639638201358369
AQP7	0.855243233982483	0.1909054608796315
AQP9	0.8771868428191766	NA
AQR	0.274923913786693	0.13685808852803172
AR	0.2630399111690444	0.04775903583646419
ARAF	0.1766696701658085	0.060836769926588666
ARAP1	0.5897306282582211	0.13869336538547652
ARAP2	0.707739248754602	0.17550585442792113
ARAP3	0.40313650886036567	0.07498590272987161
ARB2A	0.32165536150416124	NA
ARC	1.0650496482492628	0.16835370209364028
ARCN1	0.2683837622267115	0.07257419068795516
AREG	NA	0.14067603188739225
AREL1	0.15526080279503787	0.1015413072722512
ARF1	0.22920529097587564	0.053403744100042685
ARF2	NA	0.06818641842175775
ARF3	0.25793035854088614	0.19540947408784928
ARF4	0.29298812401225827	0.06864396038338527
ARF5	0.24395992371881936	0.14823155725130452
ARF6	0.14306877285926722	0.16553950161040637
ARFGAP1	0.2153178074859479	0.07972297344220175
ARFGAP2	0.11401766002006598	0.05808812536312791
ARFGAP3	0.4237389682461984	0.17856809610591892
ARFGEF1	0.25839047998858666	0.08899411892985543
ARFGEF2	0.32554948864252664	0.11669911453767795
ARFGEF3	0.7854020417106626	0.10724817799653173
ARFIP1	0.5245154245555758	0.05416055311215757
ARFIP2	0.18406756722283504	0.03967365690908272
ARFRP1	0.1745291084903102	0.04558805830561746
ARG1	NA	0.05999697429938687
ARG2	1.1532456144810794	0.28500706152743427
ARGLU1	0.21933736252197578	0.14598467793763825
ARHGAP1	0.1362518280404947	0.059032167557429314
ARHGAP10	0.546038933187188	0.2103477251806908
ARHGAP11A	1.0009772968157231	0.20644719413206014
ARHGAP12	0.27857739142076293	0.07750497550537205
ARHGAP15	1.4073969701810525	0.15929703836667267
ARHGAP17	0.6031394207682113	0.04843917308563307
ARHGAP18	0.3666605836095478	0.11198383607695035
ARHGAP19	0.20708995810139813	0.045451286626508866
ARHGAP20	0.8415015124144594	NA
ARHGAP21	0.22508865981285162	0.14521001814684587
ARHGAP22	0.7332926597101798	0.1528404707951163
ARHGAP23	0.3221446376196077	0.10345617038729425
ARHGAP24	0.394003835477777	0.17081796137905855
ARHGAP25	0.8706032577571292	0.0485454338826602
ARHGAP26	0.16919160067110411	0.43210208957863433
ARHGAP27	0.19373709140525483	0.12297293328837097
ARHGAP27OS2	NA	0.13396953722323962
ARHGAP28	0.8900249010589649	NA
ARHGAP29	0.2362882103737195	0.1740575204978315
ARHGAP30	1.5204360007751394	0.0868685721116152
ARHGAP31	0.2808182754154054	0.0829424551103458
ARHGAP32	0.4991304528827867	0.09316426640664562
ARHGAP33	0.3658695413577069	NA
ARHGAP35	0.2776417670495219	0.11106358062096626
ARHGAP36	1.2675423343577552	NA
ARHGAP39	0.40451088346676917	0.08346911869401359
ARHGAP4	0.8432464328336762	0.09264502377160753
ARHGAP42	0.5148362054431784	0.0863507777678606
ARHGAP44	0.4049872322557037	0.0650612621483319
ARHGAP45	1.4128635041276885	0.1410031442064299
ARHGAP5	0.31250433492185903	0.13136257599947998
ARHGAP6	0.21915024019613447	0.033970678900091734
ARHGAP8	0.42955093688862156	0.10218581606891866
ARHGAP9	1.453022769832216	0.07514888270065326
ARHGDIA	0.18778716834052248	0.07449531363264968
ARHGDIB	0.42649609847785996	0.11831525159852262
ARHGDIG	NA	0.22152193646718707
ARHGEF1	0.6317186393950222	0.0957944766699925
ARHGEF10	0.35654818060400056	0.08533433975446028
ARHGEF10L	0.30705695041263387	0.08763088692291188
ARHGEF11	0.14366617014110417	0.04153295229593656
ARHGEF12	0.30500503827127123	0.11262746099121466
ARHGEF15	0.4274920710550549	0.0829076897766534
ARHGEF16	0.5516693732517398	0.035115016310275686
ARHGEF17	0.27222223909170634	0.11465576628033329
ARHGEF18	0.37219906264625535	0.05311839148965073
ARHGEF19	0.6021939184601838	0.28063038380630756
ARHGEF2	0.3828857385534952	0.049922666588691336
ARHGEF25	NA	0.1546350632064409
ARHGEF26	0.4723973569220985	NA
ARHGEF28	0.6511357203974154	0.13299589863336292
ARHGEF3	0.36159683614260496	0.12335258901156762
ARHGEF37	0.5813860586437539	0.18600698769145296
ARHGEF38	NA	0.23914337017718873
ARHGEF39	0.31532669886316095	0.22274020907000894
ARHGEF4	1.1979161722388412	NA
ARHGEF40	0.5166453193919149	0.12806023143012407
ARHGEF5	0.48282713511932407	0.10395113591521467
ARHGEF6	0.6193902863861449	0.11306748560333309
ARHGEF7	0.2287087164161293	0.08915352948629368
ARHGEF9	0.5730227394144866	NA
ARID1A	0.13033064574864656	0.07963594676940103
ARID1B	0.09051751873790216	0.06310848960280377
ARID2	0.2121703923393899	0.08225133244277495
ARID3A	0.4167308190843807	0.14040062932945716
ARID3B	0.22963922885384264	NA
ARID3C	0.6514399892832162	NA
ARID4A	0.24299443106853716	0.0866501560469189
ARID4B	0.19986851838476305	0.06122211499939453
ARID5A	NA	0.10815364874300268
ARID5B	0.4430323243209363	0.08552079447452271
ARIH1	NA	0.16730564382074745
ARIH2	0.13905780000485254	0.1721579140062114
ARL1	0.19007162108831044	0.05502294925749757
ARL10	0.21024594286541448	0.10113139361075094
ARL11	1.385426120731444	0.08877219822369077
ARL13B	0.33752136855362525	0.10813053586315301
ARL14	NA	0.037568412490351165
ARL14EP	0.1773518312696519	0.048677983167158476
ARL15	0.3100088395247203	0.12972532795739078
ARL16	NA	0.09424935060322838
ARL2	0.24965217119647048	0.16867039234997572
ARL2BP	NA	0.19964789241264821
ARL3	0.2602047364170544	0.10542150813366517
ARL4A	0.5659947895193401	0.1834004589286643
ARL4C	0.8540177000477512	0.11003845269901434
ARL4D	0.7439026382525294	0.2870589689333044
ARL5A	0.20065106253665962	0.07498904287825432
ARL5B	0.2644386413786501	0.13400648989397923
ARL5C	2.2446691221385215	0.01546122349469195
ARL6	0.25574845926072537	0.15487204984419178
ARL6IP1	0.26887644372836833	0.06917944681877108
ARL6IP4	0.2953649431245557	0.11023168689047988
ARL6IP5	0.1669290510329667	0.0952415871422449
ARL6IP6	0.2897465013092684	0.15572358250287488
ARL8A	0.2177730139879835	0.08143185375884075
ARL8B	0.26729930202697083	0.064479245937745
ARL9	0.505661437810676	NA
ARMC1	0.1638917667239493	0.060357691916735
ARMC10	0.2029503563338521	0.1251575408796174
ARMC12	1.8483990532217818	NA
ARMC3	1.330342918792434	NA
ARMC5	NA	0.10557228133663683
ARMC6	0.32862859354268215	0.22899237998882005
ARMC7	0.2124993835931484	0.15104449627701758
ARMC8	0.19023280307479234	0.04108400688094944
ARMC9	0.3123070105246065	0.06063636081650435
ARMCX1	0.39058881750845353	0.13735213427517057
ARMCX2	0.34891058782306666	0.23668234311151135
ARMCX3	0.3080044279179671	0.1535541975077214
ARMCX4	0.4616904897100185	0.2076665120512918
ARMCX5	0.3942087500982349	0.2217239867032673
ARMH1	0.5322610884087227	NA
ARMH3	0.13818730334362564	0.054855310602126096
ARMH4	NA	0.17502030652985026
ARNT	0.21613627075117708	0.03359283067249094
ARNT2	0.3967019263457533	0.07432755911534179
ARNTL	NA	0.24122210629629592
ARPC1A	0.3580428042201504	0.017771750146116462
ARPC1B	0.7657295811812656	0.2152285533897779
ARPC2	0.14985727320819986	0.034073811278537085
ARPC3	0.15151157562822545	0.07041636415732405
ARPC4	0.23465548343964715	0.12175945564219585
ARPC5	0.25294230161924175	0.06631473914342335
ARPC5L	0.23444562315985182	0.06170199081224314
ARPIN	NA	0.09842699532418217
ARPP19	NA	0.17067152493032162
ARPP21	0.6122361979357392	NA
ARRB1	0.46282525723564927	0.06805470375422576
ARRB2	0.8373978291247313	0.16240481449243171
ARRDC1	0.23688131816942548	0.24853481848235853
ARRDC2	0.6774284264072289	0.307268561843303
ARRDC3	0.5364832000504677	0.21977548420945883
ARRDC4	0.692934105164141	0.2523835962754882
ARRDC5	0.7682199103320229	NA
ARSA	0.2896127344859229	0.21111491023450046
ARSB	0.46159663811384183	0.0634571319586452
ARSD	0.5492079689649624	NA
ARSG	0.6368307088662356	0.33130044120413027
ARSI	1.3597552452927923	NA
ARSJ	0.9713151671807319	NA
ARSK	0.37824412893504605	0.13549639293902788
ARSL	0.6540602742568516	NA
ART3	NA	0.6728046497802875
ART4	0.7377631570488771	0.10708792087365766
ARV1	0.5751733978304608	0.1898149370901508
ARVCF	0.29165912007906813	0.37113379366075755
ARXES1	NA	0.9356386949748746
ARXES2	NA	0.9990305481699018
AS3MT	0.4315746070989183	0.10053491441355222
ASAH1	0.505097228078471	0.0594605181837501
ASAH2	0.9322209087288991	0.045625497095633905
ASAP1	0.3529460504486599	0.06170262929956334
ASAP2	0.3018265919357522	0.07642083600397706
ASAP3	0.5374794172237121	0.12431298889638416
ASB1	0.2018371113910139	0.17068410406732204
ASB13	0.3635763109910933	0.11309171627622089
ASB16	0.9686367030314552	NA
ASB2	0.9897246788970915	0.1348123924239238
ASB3	0.20912083406471907	0.059483208875872204
ASB5	1.0977282202356449	NA
ASB6	0.20711548225879348	0.12504986166714532
ASB7	0.18112120176298036	0.16439477025689173
ASB8	0.18344222674198793	0.08101461235943325
ASB9	0.6320548073960683	0.16400406350091234
ASCC1	0.19563865918189044	0.1318936629770138
ASCC2	0.3450622898615638	0.12871523544415783
ASCC3	0.21018695385920072	0.08971109926184577
ASDURF	0.21165557791720485	NA
ASF1A	0.13791660195596803	0.1646849531102591
ASF1B	0.6415965296353946	0.11258743160146395
ASGR2	NA	0.049671667611432345
ASH1L	0.110784907456781	0.13740684894716704
ASH2L	0.16739716311358643	0.08451210307932079
ASIC2	0.7222515376324622	NA
ASIC4	1.4034131646188395	NA
ASIP	NA	0.14568310144208665
ASL	0.6479441478602215	0.0946315303936157
ASMTL	0.3466509131934579	NA
ASNS	0.5219579911438343	0.20630788249736529
ASNSD1	0.22928847803110372	0.07093524175752715
ASPA	0.5495792009350152	0.1495649956572665
ASPDH	0.9666589191837324	0.12149553545904516
ASPG	NA	0.2677155920499766
ASPH	0.4916977315002703	0.21851678963217452
ASPHD2	0.5993630842794171	NA
ASPM	0.5397621641278493	0.035576652736069525
ASPN	0.7153715553831167	0.1724728676514145
ASPSCR1	0.2696233106377397	0.08377862102345723
ASRGL1	0.23217903751802874	0.17875653679796877
ASS1	0.9837474547916603	0.15246169274142565
ASTE1	0.13051991601538326	0.11183242481798619
ASTN1	0.8695079199811626	NA
ASXL1	0.26178632519683137	0.0722838494151617
ASXL2	0.1499122221526561	0.05699580206183291
ASXL3	0.4865711241843235	NA
ATAD1	0.14359734211525577	0.07645908270235151
ATAD2	0.4932016082418084	0.02173014951521567
ATAD2B	0.2643631226998633	0.08690802390730855
ATAD3A	NA	0.16320005287992911
ATAD5	0.582166379015514	NA
ATAT1	0.3193089670077367	0.11740256964905604
ATE1	0.41122615151352854	0.07283009064900085
ATF1	0.14557054587768625	0.17247489095976698
ATF2	0.06504491596143525	0.05882217267559203
ATF3	0.8791469939009443	0.12079997978120094
ATF4	0.2137771470515992	0.2512850771401152
ATF5	0.3780348658192083	0.21675606221325586
ATF6	0.23016865648751897	0.07531139467039352
ATF6B	0.30360287919423545	0.12227921220448511
ATF7	NA	0.040320721631982144
ATF7IP	0.2963534587152092	0.07338635620300009
ATF7IP2	0.7321729178622812	NA
ATG10	0.22865737809017	0.17309728176328812
ATG101	0.27079707118152185	0.10623890330898055
ATG12	0.2043356876498008	0.06434812268053114
ATG13	0.1699120318828159	0.08974115105885086
ATG14	0.23098864726478327	0.13490069113464834
ATG16L1	0.09241519447277534	0.11658306970037667
ATG16L2	0.7908498925410953	0.11843691102677917
ATG2A	0.23799833184675118	0.10796317829426905
ATG2B	0.10831197098274364	0.08199956367955136
ATG3	0.1838752026729166	0.17242069558145168
ATG4A	0.2579980353324879	0.09291712195856104
ATG4A-PS	NA	0.18255148473145114
ATG4B	0.20555237206949206	0.10186777329924081
ATG4C	0.3187211698530515	0.12997311067244707
ATG4D	0.41848818670051485	0.14445875815098633
ATG5	0.2030253524110743	0.056455002446728596
ATG7	0.1711296656871973	0.0880281942516893
ATG9A	0.1741315661073047	0.10290947993361234
ATG9B	0.6410723760110585	NA
ATIC	0.2146664001533072	0.07674057760733811
ATL1	0.570187984594534	NA
ATL2	0.18178367010101104	0.03778625828580492
ATL3	0.24360906951830685	0.09759806003730237
ATM	0.29230179441793935	0.13028194291667675
ATMIN	0.4194120004294413	0.08578347897801626
ATN1	0.14816183388147536	0.158344731988498
ATOH8	0.3903016186609388	0.2194616095854299
ATOSA	0.32868501180997134	NA
ATOSB	0.22709014703145383	NA
ATOX1	0.44029356016241633	0.35088690558038294
ATP10A	0.5594584739308047	0.04485915487559905
ATP10B	NA	0.0759476080037579
ATP10D	0.21326407886216545	NA
ATP11A	0.5742349132592717	0.17926432289048097
ATP11B	0.24432720424989474	0.09906175957631555
ATP11C	0.2382481626233331	0.06876108495113466
ATP12A	1.2341890727131724	NA
ATP13A1	0.19225961856237225	0.06713856402009269
ATP13A2	0.30161966678269503	0.12793365383868333
ATP13A3	0.3833021880437681	0.0700912578835218
ATP1A1	0.5151486772575373	0.2393680239165598
ATP1A2	NA	1.0215884495707515
ATP1B1	0.584603400403186	0.2075490262564818
ATP1B2	0.6043081761199383	0.14621439977432918
ATP1B3	0.22948844287372727	0.04974409407515173
ATP23	0.1807254880816705	NA
ATP2A1	0.7953912586942052	1.691231364207897
ATP2A2	0.4004872089302368	0.3299162806522194
ATP2A3	1.0357373814165614	0.21760798321628466
ATP2B1	0.17762979068903328	0.07632772942267245
ATP2B2	0.7883298979349301	NA
ATP2B4	0.49004976663789035	0.08828231837631252
ATP2C1	0.2350887795978985	0.06665732372749388
ATP2C2	0.6708468163863612	NA
ATP4A	NA	0.2949399212931813
ATP5A1	NA	0.0665583087171031
ATP5B	NA	0.03969650181660775
ATP5C1	NA	0.061883458871208566
ATP5D	NA	0.137942809652299
ATP5E	NA	0.3542118535801971
ATP5F1A	0.4822139609946474	NA
ATP5F1B	0.581839646061	NA
ATP5F1C	0.44664030245519426	NA
ATP5F1D	0.47419372101885343	NA
ATP5F1E	0.3882970858959951	NA
ATP5G1	NA	0.5263048874021107
ATP5G2	NA	0.3251561181320235
ATP5G3	NA	0.36326732320508326
ATP5H	NA	0.05729389638279574
ATP5IF1	0.4081308520843224	NA
ATP5J	NA	0.1358059501007898
ATP5J2	NA	0.08761350151081294
ATP5K	NA	0.4270166720364707
ATP5K-PS2	NA	1.0296147930454982
ATP5L	NA	0.2859399139675816
ATP5L-PS1	NA	1.0400118176298718
ATP5L2-PS	NA	1.1002812221855849
ATP5MC1	0.5810806366249315	NA
ATP5MC2	0.21266347632823215	NA
ATP5MD	NA	0.11007411809373382
ATP5MF	0.4299637658474274	NA
ATP5MG	0.37090948063642826	NA
ATP5MJ	0.3324809701676257	NA
ATP5MK	0.4104263823296196	NA
ATP5MPL	NA	0.1879496221220142
ATP5O	NA	0.12911855145369858
ATP5PB	0.5360185211108053	0.09838730188159711
ATP5PB-PS	NA	0.22281726985952108
ATP5PD	0.3748879061389588	NA
ATP5PF	0.4385911453741333	NA
ATP5PO	0.347697586355751	NA
ATP6AP1	0.2559903311737308	0.14834387540366845
ATP6AP2	0.3858940965641523	0.11497464251561795
ATP6V0A1	0.6896746147126659	0.059922712868701725
ATP6V0A2	0.23400483240239003	0.13510264220284104
ATP6V0A4	0.47207026089586057	0.1367998824200177
ATP6V0B	0.3202754850341096	0.16968712866434013
ATP6V0C	0.397985989861255	0.33290629146997547
ATP6V0C-PS2	NA	0.46797869242716106
ATP6V0D1	0.33176934406617015	0.11345504113009414
ATP6V0D2	0.5824821145373269	0.06373355243226718
ATP6V0E1	0.30921991602928095	0.1274488423550572
ATP6V0E2	0.4896556190685741	0.19701372941198805
ATP6V1A	0.6151229970426005	0.12188466238100111
ATP6V1B1	0.6584509779131981	0.32972765917792485
ATP6V1B2	0.5965120945305185	0.06295750468695736
ATP6V1C1	0.34823045450648443	0.09763155231823381
ATP6V1C2	0.5055776318795828	0.30629547934411494
ATP6V1D	0.3432913004703961	0.07735181549442408
ATP6V1E1	0.4273225104918211	0.11743241685239922
ATP6V1E2	0.5272592386299426	NA
ATP6V1F	0.29733411491736783	0.17610849109156415
ATP6V1G1	0.3195361245777112	0.17489067188808075
ATP6V1G2	NA	0.2194343651210162
ATP6V1G3	0.4894072242633038	0.18707231064310337
ATP6V1H	0.3900577790214635	0.10581860966678859
ATP7A	0.3424787132270293	0.08030171707172573
ATP8A1	0.48243519433218496	0.04971952363314069
ATP8A2	1.943667255830153	NA
ATP8B1	0.5792730019367877	0.12023513211328545
ATP8B2	0.5801476210598483	0.09958727216779921
ATP8B4	1.2430399368657883	NA
ATP9A	0.4026168603069998	0.11752253939648087
ATP9B	0.1622632119143041	0.10342989154533462
ATPAF1	0.3617396046514014	0.1363128668468577
ATPAF2	0.5418833353422469	0.15327946158984476
ATPIF1	NA	0.23960765800973582
ATPSCKMT	0.39616721261763194	0.152601978283751
ATR	0.15782326786618145	0.1165422277084034
ATRAID	0.15971770064855706	0.13227952178919905
ATRIP	0.22152941844219184	0.10771047742952607
ATRN	0.2949660129202988	0.13632382225935233
ATRNL1	0.7482650968855689	0.1821413032653574
ATRX	0.20208246363981808	0.13637759376994396
ATXN1	0.2679959494872367	0.11267961102649773
ATXN10	0.2842322191745537	0.07241808416537988
ATXN1L	0.2503687127950736	0.0434388813546298
ATXN2	0.20745464222599638	0.075766560056401
ATXN2L	0.18365902051789904	0.1232277918897813
ATXN3	0.15874481190818884	0.09686477815293322
ATXN7	0.17170241323170973	0.11401956575837513
ATXN7L1	0.360928257095072	0.09419016713215157
ATXN7L2	0.4192276831238003	0.08402302456759689
ATXN7L3	0.1394825732327423	0.07568478999437599
ATXN7L3B	0.16413635652382333	0.13852799637141552
AU020206	NA	0.09096403203023094
AU041133	NA	0.22705010725526897
AUH	0.6560661021841293	0.10187455512605872
AUNIP	NA	0.12513032312594682
AUP1	0.20210804843496347	0.06058162421536663
AURKA	0.3714719335660991	0.14998240968915189
AURKAIP1	0.2858524342742298	0.11243122869007194
AURKB	0.7912078132165168	0.0827153063821018
AURKC	0.19545139235102646	NA
AUTS2	0.4125935364336695	0.09452686491875853
AV356131	NA	0.14071805284956235
AVEN	NA	0.08270682261422542
AVIL	0.6998657980872964	NA
AVL9	0.2753140099768007	0.11356973752802751
AVPI1	0.3389095803172841	0.14438518315957244
AVPR1A	0.6713683367560953	0.15788508534738263
AVPR2	0.776062301481604	0.28018646277737463
AW112010	NA	0.195577344399877
AW146154	NA	0.10210467657600715
AW549877	NA	0.07804331034103125
AW822252	NA	0.08461888439854622
AXIN1	0.19458827969621634	0.05015928580392271
AXIN2	0.6004794898911597	NA
AXL	0.23881211144680206	0.1953096274511666
AZGP1	1.2088701766441554	0.7365249391970452
AZI2	0.20089917656420597	0.12367713359541684
AZIN1	0.22788518426041537	0.1697395208933595
AZIN2	0.5140533984454067	0.27172364999849435
B130055M24RIK	NA	0.10754478378480727
B230206L02RIK	NA	0.21940289126038615
B230307C23RIK	NA	0.08781033161268491
B230322F03RIK	NA	0.1791227373585867
B230354K17RIK	NA	0.11296036744499255
B2M	0.4240115499948194	0.2004741873774672
B330016D10RIK	NA	0.21096526741590071
B3GALNT1	0.5048540565767404	0.37404997399899825
B3GALNT2	0.3510890014777337	0.12925818947807813
B3GALT4	0.3051763674349939	0.122629785760308
B3GALT5	NA	0.07167227159665682
B3GALT6	0.12727767146841196	0.15953561394572863
B3GAT2	NA	0.19686930295629773
B3GAT3	0.21153610699042524	0.14460448131942474
B3GLCT	0.21968955137912569	0.15953976769602857
B3GNT2	0.42369721576922015	0.10000038034289274
B3GNT3	0.48557831286437436	0.18184847890970748
B3GNT4	1.221766843872617	NA
B3GNT7	0.7113840205054808	0.3422988751097044
B3GNT8	0.7186105026969202	NA
B3GNT9	0.551844289843471	0.09277795220663393
B4GALNT1	NA	0.10993712914971406
B4GALNT3	0.7584687865601912	0.22622768086450365
B4GALNT4	0.6958519057411582	NA
B4GALT1	0.248131777263409	0.24606867892360174
B4GALT2	0.3982000872923969	0.11173833302402976
B4GALT3	0.13736558927459402	0.15881666956269125
B4GALT4	0.31376604976323097	0.19894860572681486
B4GALT5	0.4227205882851771	0.21797261363880455
B4GALT6	0.5980763253225744	0.1579055367739596
B4GALT7	0.2822310337739309	0.08431741564301745
B4GAT1	0.19986853599367443	0.12010598220818502
B630019K06RIK	NA	0.18617991991756339
B830017H08RIK	NA	0.18144628157164272
B930095G15RIK	NA	0.06878151914800351
B9D1	0.261067222122808	0.049380003231915715
B9D2	0.3579144633607108	0.10866558590377731
BAALC	1.1145301456831747	NA
BAAT	0.8066554587178985	NA
BABAM1	0.16091909105186944	0.11022918849531378
BABAM2	0.17721549069971643	0.0577033938329625
BACE1	0.36980791984395495	0.0815385359062204
BACE2	0.44949552831666745	0.14047846234802236
BACH1	0.2746180667950945	0.1021381303158435
BACH2	0.9179705310021967	NA
BAD	0.18963911786866677	0.19927299870080553
BAG1	0.24477570060246076	0.12135516292926418
BAG2	0.3976178883925738	0.1781286553765985
BAG3	0.5395417252525324	0.3514537476407662
BAG4	0.18484178811573906	0.0875934211507792
BAG5	0.21258846792584654	0.09708538981197241
BAG6	0.14723800023402095	0.02765966139883077
BAHCC1	0.2648553803891107	0.10852351360229506
BAHD1	0.15049656749287305	0.03432596841215263
BAIAP2	0.5107519613169408	0.1132040760809176
BAIAP2L1	0.6352198067155289	0.09131146528606153
BAIAP2L2	0.5839141308368361	0.13634997505340976
BAIAP3	0.4115170204128703	NA
BAK1	0.34332359037275306	0.18219775389681833
BAMBI	0.905411345613002	0.18333025159463795
BANF1	0.24690392179711718	0.2881541575834461
BANK1	1.4735867306084223	NA
BANP	0.48831771459518714	0.3869278036575938
BAP1	0.2116394764489582	0.042919114570001124
BARD1	0.600547165016687	NA
BARX2	0.9865196864807771	NA
BASP1	0.4889336005309052	0.44088485282509726
BATF	0.8536077956459754	0.16923663749145718
BATF2	0.5943651814693455	0.2138887771224903
BATF3	0.9649450406276655	0.20846467482014935
BAX	NA	0.07219059558750081
BAZ1A	0.6063351010036544	0.15059250993608256
BAZ1B	0.1635438414488575	0.13529090084313303
BAZ2A	0.1538819882076139	0.0454441973487503
BAZ2B	0.2598915118423593	0.11720957627309223
BBC3	0.6020096743920234	0.1749593933482169
BBIP1	0.38869209304351354	0.06507729719614203
BBLN	0.2505859477151612	NA
BBOX1	0.9432229854725002	NA
BBS1	0.28778560497993544	0.05003061596173112
BBS10	0.5544053182980181	0.15835383989713842
BBS12	0.306332665244345	0.08958652734992456
BBS2	0.41326015826857826	0.06274092351639192
BBS4	0.16601176439739868	0.06557028616301398
BBS5	0.3441573738778474	0.2075781205724051
BBS7	0.20949049977437684	0.11175661253991312
BBS9	0.2557033321671938	0.0922199686198391
BBX	0.1705474226632973	0.05292465995076667
BC002059	NA	0.2191288432684169
BC003965	NA	0.12950694321739248
BC021767	NA	0.3850056078611189
BC023105	NA	0.18875811580118748
BC024063	NA	0.19873843641436253
BC024386	NA	0.23253726517571482
BC024978	NA	0.09981900585160566
BC029722	NA	0.16702348442826243
BC035947	NA	0.21251102255125456
BC048403	NA	0.13689586679941562
BC049987	NA	0.2204732684189832
BC051226	NA	0.10317738249490215
BC064078	NA	0.19878812736155235
BC1	NA	1.370697591283298
BC147527	NA	0.13155196448392434
BCAM	0.3250874401665586	0.12039044584041841
BCAN	2.2523501630825615	NA
BCAP29	0.27828038796870547	0.15529325660247467
BCAP31	0.24691269293403495	0.06024533971691434
BCAR1	0.39454174427153926	0.16925284987328906
BCAR3	0.4636784477256191	0.15190628983222265
BCAS2	0.2010908171767744	0.06078100629581725
BCAS3	0.2121584071349768	0.06761512139411041
BCAS4	0.6311834357174025	NA
BCAT1	1.6444577664391493	0.6862129512609826
BCAT2	0.49014277275639967	0.17349459462458997
BCCIP	NA	0.14078359557414907
BCDIN3D	0.23479580312560155	0.10351441526054239
BCKDHA	0.7165023306229056	0.11841473326090626
BCKDHB	0.8464522794099152	0.1575408359842778
BCKDK	0.3129551278877258	0.1728162084975551
BCL10	0.21827977774815882	0.10236971340936653
BCL11A	1.931737070224438	NA
BCL11B	1.5428299330445945	NA
BCL2	0.41127027899904633	0.09079152822339535
BCL2A1	0.48655531262331153	NA
BCL2A1A	NA	0.370189572830421
BCL2A1B	NA	0.4692049711901203
BCL2A1D	NA	0.2014802067227826
BCL2L1	0.6571665132321788	0.15207620758792492
BCL2L11	0.30887169492464867	0.19067442171567256
BCL2L12	0.28417006006331347	0.15540800697092916
BCL2L13	0.36400296905037227	0.09764904785863207
BCL2L14	0.5773343690007547	0.13471568517917692
BCL2L15	1.4344816273663659	NA
BCL2L2	0.11552305507696803	0.12379299311438854
BCL3	0.6785242220696415	0.25993806863890095
BCL6	0.4265896225694534	0.369289492661781
BCL6B	0.5221079320451739	0.37303571967759885
BCL7A	0.4389023925737422	0.07753442316708758
BCL7B	0.20776586023205057	0.10219859909655024
BCL7C	0.2503762518791301	0.08359607511965393
BCL9	0.30553509487542807	0.12374968160511617
BCL9L	0.17772907759768325	0.13109381736424822
BCLAF1	0.16274606276976397	0.1423279410429164
BCLAF3	0.2822681827948269	0.08554043729270841
BCO1	1.2627053759192794	0.10095684014198025
BCO2	0.6122671993438508	0.20285767583220396
BCOR	0.23229793538159482	0.06577496622122068
BCORL1	0.29916085318995445	0.05229563620536704
BCR	0.364135813150368	0.03219113859347039
BCS1L	0.4336309929461513	0.16891660430916514
BDH1	1.0958966873513565	0.11985533561673999
BDH2	0.730046391047709	0.08214508920771454
BDKRB2	NA	0.1616433701822011
BDP1	0.1875643939054119	0.1448242587259407
BECN1	0.12531816222377803	0.08695694979494657
BEGAIN	0.49339553634288696	NA
BEND3	0.48493094595109437	0.09967634722696686
BEND4	1.8631194179515966	NA
BEND5	NA	0.1517433005036528
BEND6	0.6307190788947389	NA
BEND7	0.564613909594144	0.09601609360901316
BEST1	0.7249743003351221	NA
BET1	0.2077288860232741	0.0710197473395074
BET1L	0.22247492929857	0.15196846928622443
BEX1	NA	0.3045648597891293
BEX2	0.2624235269383163	0.2801598102901823
BEX3	0.455590934458689	0.3105440431872284
BEX4	NA	0.16273645384712712
BFAR	0.1695828759692819	0.054160652416584416
BFSP1	0.4203752246994107	NA
BGN	0.6433087544795401	0.25427819738346713
BHLHA15	1.857023065573884	NA
BHLHE22	1.6278112825666742	NA
BHLHE40	0.5153419510169387	0.3565584729671634
BHLHE41	0.42057438246237666	0.18765808411365265
BHMT	0.5673251410400496	NA
BHMT2	1.0461110170236019	0.07957829750177169
BICC1	0.3894674628318401	0.14737301134072886
BICD1	0.6065749672538872	NA
BICD2	0.13353841410847622	0.22290872517908164
BICDL1	0.45977998109585655	0.1540849911068888
BICDL2	0.27662543701571946	0.10740265949554578
BICRA	0.3358736084509315	0.09122114819743582
BICRAL	0.1544655076583916	0.05679843964574882
BID	0.25867832908511357	0.22975352292356263
BIK	0.574513318550956	0.11271489977115974
BIN1	0.357089089256836	0.11125762334671738
BIN2	1.0265893689324646	0.14198986515561868
BIN3	0.29431997643357977	0.12328741500881461
BIRC2	0.14060905373904564	0.0597265861741803
BIRC3	NA	0.14899212613631646
BIRC5	0.19061591466458633	0.12803112381729245
BIRC6	0.17605085754297886	0.13341307331017185
BIRC7	0.8998709156631199	NA
BIVM	NA	0.05114118585136494
BLCAP	0.31890531641671843	0.09556363688289304
BLK	2.46431229107392	NA
BLM	0.569259064828174	NA
BLMH	0.2739628865509128	0.10939325861331038
BLNK	0.7463233004637418	0.1772137835458942
BLOC1S1	0.345140442850957	0.11531153324179126
BLOC1S2	0.24815243619041047	0.1717191145595894
BLOC1S3	0.28723707849918373	0.11987262492949179
BLOC1S4	0.21671516790907594	0.10550456084809705
BLOC1S5	0.16202784909552279	0.09465567952790002
BLOC1S6	0.3154090909855452	0.07148019165636287
BLTP1	0.21842318203291033	NA
BLTP2	0.21540226515274474	NA
BLTP3A	0.31568747067815933	NA
BLTP3B	0.568209606144882	NA
BLVRA	0.7333215040162042	0.10634423352266603
BLVRB	0.5298407072772728	0.19026341044047348
BLZF1	0.1776943356429334	0.045697979397344816
BMAL1	0.4419352227807609	NA
BMERB1	0.8577011324985064	NA
BMF	1.0143236458504779	0.24539543574996922
BMI1	0.2144849415919123	0.1190612854669025
BMP1	0.9227986995295041	0.08615533362640225
BMP2	0.568897251125862	0.11625449174696884
BMP2K	0.3142204635277324	0.1273649771774441
BMP3	1.3166279872843074	0.154365515875886
BMP4	0.30738520964140953	0.21254174084163208
BMP5	1.4919111278235133	NA
BMP6	0.584906061295643	0.15898415336539476
BMP7	0.5868356711544529	0.12102558352875462
BMP8A	1.1509563784722372	NA
BMPER	0.706355514890605	NA
BMPR1A	0.27422493766689254	0.11603901943742399
BMPR1B	0.8262632676145549	0.13045519962427726
BMPR2	0.31383485171892767	0.09629310736026381
BMS1	0.2615154914645181	0.12214899455817224
BMT2	NA	0.11044467912971591
BMX	0.9866398321372194	NA
BMYC	NA	0.08835623032024471
BNC2	0.5116364045392078	0.07306650213168767
BNIP1	0.17761457968304648	0.3068104011277924
BNIP2	0.24622472489810993	0.10382740792166661
BNIP3	0.6085256836248973	0.2381894143561134
BNIP3L	0.291484688826273	0.07478426713953931
BNIP3L-PS	NA	0.2867552697695989
BOC	0.5397995137543523	0.12135570727157086
BOD1	0.2454001378730085	0.0992298302409551
BOD1L1	0.0916054036522442	0.10078421334360402
BOK	0.42990642692282316	0.1875730818696734
BOLA1	0.3761499091559448	0.06794976896311922
BOLA2	NA	0.08597489288296913
BOLA2B	0.3565865045017377	NA
BOLA3	0.4548390758051894	0.10921138814601895
BOP1	0.1828978084330672	0.1616462284012059
BORA	0.3888960504153947	NA
BORCS5	0.19359769492886786	0.11307950202281543
BORCS6	0.19245934653272734	0.1915547129037402
BORCS7	0.16404737117637297	0.2636873934190501
BORCS8	0.2591422152590607	0.17680914613674067
BPGM	0.4879112493056411	0.06505991402860893
BPHL	0.5754654209639259	0.0707538975495011
BPIFC	0.5529414247276404	0.11413170591839292
BPNT1	0.2718970543494367	0.11559858948582506
BPNT2	0.1907501864036196	0.0819189052386836
BPTF	0.19575218712427694	0.12638169515588726
BRAF	0.21274453234905397	0.12095662370674247
BRAP	0.14109706231495292	0.1763453745663691
BRAT1	0.2355591100423012	0.091498284191253
BRCA1	0.34308180825107065	0.08525566450885513
BRCA2	0.4468030693810768	NA
BRCC3	0.27690592203784603	0.08252157743718676
BRD1	0.19114578278397112	0.040606776228755574
BRD10	0.18183991253339138	NA
BRD2	0.19364828726081448	0.10497323797825513
BRD3	0.14034554070077196	0.14013258001252984
BRD3OS	0.4527882469960021	0.257723953638484
BRD4	0.1573285066736123	0.10291462887771426
BRD7	0.17497493061195227	0.0445181832915881
BRD8	0.30442287273976115	0.08321290913204252
BRD9	0.3561629086761278	0.13507069275562414
BRF1	0.32477107236094643	0.0954334114467477
BRF2	0.28445115787569814	0.12241147039010382
BRI3	0.504162644702921	0.14265078675204063
BRI3BP	0.42194046051913286	0.1441859903535083
BRIP1	0.3369858961507889	NA
BRIP1OS	NA	0.08423580332845103
BRIX1	0.16586637464229662	0.12621975064234314
BRK1	0.22829344147660874	0.08419057197677163
BRME1	0.5759872842181032	NA
BRMS1	0.2684059679049585	0.1098981574395539
BRMS1L	0.27178395835487457	0.06002551620726488
BROX	0.13030457755163752	0.10932045294422915
BRPF1	0.19115777151263577	0.15138461497835112
BRPF3	0.36766530702429306	0.04943370959705901
BRSK1	0.9401844073281544	NA
BRWD1	0.14065503821839528	0.17685058357264483
BRWD3	0.25723821175397643	0.017832338208477735
BSCL2	0.18946603502258286	0.04350323872833747
BSDC1	0.14235465876531178	0.08972435385087117
BSG	0.3184020036774575	0.05019365340483574
BSN	0.5154419780965525	NA
BSND	0.7642407892089483	0.1425194572924923
BSPRY	0.4752144645553489	0.04094335105499144
BST1	0.6730606251890322	0.19696073332182387
BST2	0.8633452845339569	0.23888879833590487
BTAF1	0.21138178952559605	0.0831637407177044
BTBD1	0.20746668498526216	0.10337812148522096
BTBD10	0.1930856575817896	0.11392993420991636
BTBD11	0.45778625737600953	NA
BTBD19	0.43226883628227974	NA
BTBD2	0.19202399861348504	0.02998339105555796
BTBD3	0.3212822349441841	0.1101048788099539
BTBD6	0.43454566689514584	0.09499302495004414
BTBD7	0.23763625090103713	0.045165876443998
BTBD8	0.4855017470189522	NA
BTBD9	0.21903838230455197	0.11191572432758881
BTC	0.678248509312088	0.1794897727386123
BTD	0.3737033257536097	0.10283311669554994
BTF3	0.18907258753154987	0.11797622790044927
BTF3-PS1	NA	0.22435868443813714
BTF3-PS18	NA	0.18166197394313058
BTF3L4	0.2171864804181225	0.03279940594583546
BTG1	0.5434341033298573	0.19666512210803586
BTG2	0.5948510925296182	0.19982396007985873
BTG3	0.2707291574068219	0.06176197578918427
BTK	1.735495198813099	0.09785389380364076
BTLA	1.7143526400010771	NA
BTN1A1	0.30122096563142	NA
BTNL2	1.881123528876444	NA
BTNL9	1.1196824712173734	0.1981552779964916
BTRC	0.2996832363649383	0.0769067082551532
BUB1	1.4857355774929708	0.07812637443141045
BUB1B	0.940728555213795	0.21530152358522112
BUB3	0.1711038281578464	0.06948863642496929
BUD13	0.38289157450104216	0.08098270335061941
BUD23	0.2861174490108055	0.10501190844722814
BUD31	0.23256403385545865	0.07075703176311192
BVHT	NA	0.23648146174633478
BYSL	0.23149000845959594	0.2291776364207559
BZW1	0.2154690947787467	0.10837738616480135
BZW2	0.2228924150301959	0.12824235658230623
C030013C21RIK	NA	0.20201292285967223
C030015A19RIK	NA	0.0671264310046754
C11ORF24	NA	0.09333775547713584
C11ORF52	NA	0.18511739378482003
C11ORF54	0.7037178693736076	0.15222327579856976
C11ORF58	NA	0.07643846387501176
C11ORF65	NA	0.20513103555677817
C11ORF68	NA	0.11165246420850924
C11ORF71	NA	0.2167526319825709
C11ORF86	NA	0.34655738311023676
C11ORF96	NA	0.2996552806975731
C11ORF98	NA	0.07270588780682745
C12ORF43	NA	0.13026456023758304
C12ORF57	NA	0.024690302136527984
C12ORF75	NA	0.11787077239949166
C130013H08RIK	NA	0.11091436066867341
C130026I21RIK	NA	0.057608868720960715
C130046K22RIK	NA	0.2288038778461016
C13ORF42	NA	0.06386721702982129
C14ORF119	0.12571901068743677	0.07210299070713326
C14ORF180	NA	0.9832790447014816
C14ORF93	NA	0.0738157033624086
C15ORF39	NA	0.03507397273303564
C15ORF40	NA	0.18636754623905724
C15ORF61	NA	0.17566957795520483
C16ORF54	NA	0.1921467096552965
C16ORF87	0.18161597214451625	0.11573645778735689
C16ORF89	NA	0.38875597390795597
C16ORF90	NA	0.12606244064397185
C17ORF58	NA	0.2567667779227292
C17ORF75	NA	0.18796839310652053
C18ORF32	NA	0.0695939397013824
C18ORF54	NA	0.06024028030251681
C19ORF12	NA	0.11190550417141765
C19ORF25	NA	0.1565876695883059
C19ORF33	NA	0.08966267880192341
C19ORF38	NA	0.1411165347594351
C19ORF44	NA	0.16480048190665372
C19ORF47	NA	0.1334614216240879
C19ORF53	NA	0.09456546370064214
C1D	0.19919525712033867	0.19390233171503712
C1GALT1	0.4743572142661865	0.04363568310015398
C1GALT1C1	0.40442247355285543	0.11845002118916961
C1ORF115	NA	0.08286187954423849
C1ORF116	NA	0.10704212748101453
C1ORF122	NA	0.09844987163753299
C1ORF159	NA	0.09283206259582712
C1ORF162	NA	0.12786555646851588
C1ORF174	NA	0.058181943411060436
C1ORF198	NA	0.14241723425401698
C1ORF21	NA	0.105898282938211
C1ORF210	NA	0.24431057579572926
C1ORF216	NA	0.08199789354286158
C1ORF35	NA	0.19513340584272376
C1ORF50	NA	0.0835902333953403
C1ORF52	NA	0.16676195612307895
C1ORF53	NA	0.2801844303200701
C1ORF54	NA	0.20199580291265887
C1ORF56	NA	0.3118330405387464
C1ORF74	NA	0.0881768068225033
C1QA	0.643311950317396	0.2082096283361408
C1QB	0.5907970913101452	0.25847547197993215
C1QBP	0.4808500735525992	0.08085041237864331
C1QC	0.6001090552818978	0.1228063094287865
C1QL1	0.7858285760647165	NA
C1QL3	NA	0.10050100965365988
C1QTNF1	0.9137929241845302	0.10495141751663309
C1QTNF12	NA	0.21452910088807345
C1QTNF2	0.7833787417950931	0.14177580219947375
C1QTNF3	0.8800048078562563	0.10549011299773887
C1QTNF4	1.4424410933982479	0.2980231457749513
C1QTNF5	0.5526119546572534	0.1446450478037251
C1QTNF6	0.8799862480991064	0.15829925476065576
C1QTNF7	0.845859806874702	0.1393894108171453
C1R	0.9757730995373299	NA
C1RA	NA	0.1183738652801052
C1RB	NA	0.30967736866226925
C1RL	0.6114299498338497	0.1468327486267855
C1S	1.2441055279220843	NA
C1S1	NA	0.16999007721366965
C1S2	NA	0.8609592970573692
C2	0.694089590813066	0.15152124748311055
C20ORF141	0.2808444465764675	NA
C21ORF91	NA	0.10201989859409533
C22ORF23	NA	0.05911974819491749
C22ORF39	NA	0.14489365019761571
C230035I16RIK	NA	0.2425701037848118
C2CD2	0.38225958713596425	0.07620941872132805
C2CD2L	0.5481521804145615	0.11325159935445997
C2CD3	0.24065690094807796	0.021519043808728343
C2CD5	0.13740415190235408	0.06112277685811966
C2ORF42	NA	0.10296147678229065
C2ORF49	NA	0.14867166263238524
C2ORF68	NA	0.10368707376468903
C2ORF69	NA	0.10412578873386483
C2ORF80	NA	0.24435446992364646
C3	NA	0.3036894583073363
C330002G04RIK	NA	0.1868530451447448
C330007P06RIK	NA	0.09130591202320003
C330013E15RIK	NA	0.2943110837472568
C3AR1	0.8356342795317225	0.16387753777748085
C3ORF33	NA	0.1664588942129082
C3ORF38	NA	0.1388842154295591
C3ORF70	NA	0.15371922262394325
C4B	NA	0.4533990525448842
C4ORF17	NA	0.0948197636296512
C4ORF33	NA	0.06023332840037634
C4ORF46	NA	0.14213509876467914
C5	2.7319720493384985	NA
C5AR1	0.6482619985551343	0.2110108580113856
C5AR2	0.7290022568226786	NA
C5ORF15	NA	0.153829088930272
C5ORF22	NA	0.10634173104448959
C5ORF24	NA	0.08660467125446895
C5ORF34	NA	0.20279817575333875
C5ORF63	0.43355459017622927	0.08312432555676787
C6	0.9085810991727926	0.10891670688659422
C6ORF120	NA	0.04903628163413803
C6ORF132	NA	0.0617428887154417
C6ORF136	NA	0.09247214735306877
C6ORF141	NA	0.06658911025882296
C6ORF47	NA	0.13217318717263166
C6ORF62	NA	0.09716771460269016
C6ORF89	NA	0.12823520044727557
C7	0.9248350051263541	0.2081878363299098
C730027H18RIK	NA	0.3130574726359179
C730036E19RIK	NA	0.18038118582578766
C77080	NA	0.12725981915818835
C7ORF25	NA	0.1446399633906924
C7ORF57	NA	0.13293186852671537
C8A	NA	0.19738558415769217
C8G	0.4620585655584027	0.2885654859232787
C8ORF33	NA	0.20379001876724298
C8ORF48	NA	0.13057489243765263
C8ORF76	NA	0.07286920547702314
C8ORF82	NA	0.20018797966227608
C8ORF88	NA	0.26977730684807705
C9	1.642197085261709	NA
C920006O11RIK	NA	0.27557246322115964
C920021L13RIK	NA	0.06918776418416968
C9ORF152	NA	0.3672027431044601
C9ORF40	NA	0.14816454195464343
C9ORF72	NA	0.08829053795348359
C9ORF78	NA	0.06743462092584926
C9ORF85	NA	0.05185057808488811
CA10	0.657619774331483	NA
CA11	0.8457120372412401	0.2164659167047663
CA12	0.7850996166670203	0.1861132843183347
CA13	NA	0.19639889783569242
CA14	0.40775359976290687	0.47121142092358037
CA15	1.3858591199374997	NA
CA1H1ORF35	0.2986093146528167	NA
CA1H5ORF15	0.23893956316842643	NA
CA1H5ORF22	0.24714799617110067	NA
CA1H5ORF24	0.16597293128397872	NA
CA1H5ORF34	0.6336279581336522	NA
CA1H5ORF49	0.8434046529041588	NA
CA1H5ORF58	1.705880745711356	NA
CA2	0.5898130392238701	0.2403410763492959
CA2H19ORF25	0.3323146162343731	NA
CA2H19ORF38	0.7263719826025575	NA
CA2H19ORF44	0.41818845319788617	NA
CA2H19ORF53	0.19550932995824638	NA
CA2H19ORF71	0.5110881114871563	NA
CA2H3ORF14	0.4520334535871348	NA
CA2H3ORF18	0.39775363032205585	NA
CA2H3ORF62	0.21946485883951797	NA
CA2H7ORF25	0.2060319347096154	NA
CA2H7ORF57	1.0447377977777577	NA
CA3	1.840144835210959	2.874704315700351
CA3H20ORF194	0.23524118154311496	NA
CA3H20ORF204	0.4542725957950241	NA
CA3H20ORF27	0.6591562356074515	NA
CA3H20ORF96	0.6569105823119555	NA
CA3H2ORF15	0.716723229585049	NA
CA3H2ORF42	0.08720846794107581	NA
CA3H2ORF49	0.2052573599294505	NA
CA3H2ORF68	0.11398804805311083	NA
CA3H2ORF73	1.0686616080409435	NA
CA3H2ORF81	0.5887559141464875	NA
CA4	0.8253294269178318	0.25861026217663724
CA5A	0.7850348035194638	0.234690855780075
CA5B	0.8966011546335602	0.2581691841142127
CA7	1.1641917569428137	NA
CA8	0.7167741206237969	0.10563856410430443
CA9	0.4341594076359422	0.2089120202227088
CAAP1	0.1502402991606683	0.10168704864756194
CAB39	0.1907583290151599	0.07551537152051725
CAB39L	0.2549159916562858	0.10822561751008444
CABCOCO1	NA	0.13628836426716398
CABIN1	0.1946162249316634	0.07208442234692718
CABLES1	0.3101958217252356	0.15653785582216725
CABLES2	0.2537924945746825	0.11020209604033895
CABP1	0.64061223917687	NA
CACFD1	0.28336770034401954	0.1510439412012345
CACHD1	0.5065927169227274	0.17574613327315347
CACNA1A	1.4308383486260912	NA
CACNA1B	0.9831327442227783	NA
CACNA1C	0.8690575101033842	NA
CACNA1D	0.5201595414917398	NA
CACNA1E	1.0044173742768934	NA
CACNA1G	0.7159889923900533	NA
CACNA1H	0.9912731894980248	NA
CACNA1S	0.7796940177035406	NA
CACNA2D1	0.38167092889314497	0.08131397042279745
CACNA2D2	0.6888885577694398	NA
CACNA2D3	0.5943220691345966	NA
CACNB1	0.5395519419175614	NA
CACNB2	0.6319888131773668	NA
CACNB3	0.8256714393889382	0.16498207822328922
CACNB4	1.215075435719237	0.09889570621158819
CACNG4	0.9146060474586699	NA
CACNG5	0.47309846138063594	NA
CACTIN	0.2725097388119261	0.11793085804712825
CACUL1	0.22840748668049782	0.20680838598439272
CACYBP	0.24291716196876095	0.32209757090873214
CAD	0.35943668253669964	0.10444835061264919
CADM1	0.42772987702533666	0.18364980329305258
CADM4	0.3781598831142957	0.24698164698887126
CADPS2	0.38899149945005485	0.10099290089931573
CAGE1	0.5922240857419283	NA
CALB1	1.253058531629106	0.2592389708611942
CALCOCO1	0.3922091873991668	0.11410021133327268
CALCOCO2	0.4093920392821863	NA
CALCR	NA	0.11626862996954972
CALCRL	0.3593515667187871	0.16247656903966695
CALD1	0.33471204629896795	0.10768514400548447
CALHM2	0.6053177053968305	0.0854801069989201
CALHM5	0.8763850973233792	NA
CALHM6	0.828910177170832	0.19408387246441958
CALM1	0.20710607308398593	0.06638174124857951
CALM2	0.23318289437089598	0.08619733294558485
CALM3	0.34298659052248676	0.0839744119528835
CALML3	NA	0.16663161426867668
CALML4	0.5238206016793322	0.09866228578035072
CALR	0.298805648447831	0.4499660402884697
CALR3	1.0357538547460492	NA
CALU	0.22022944366345085	0.061984801171697274
CALY	1.8953756937669535	NA
CAMK1	0.3295068543959724	0.0941475637611699
CAMK1D	0.577878209904161	0.17031313354167266
CAMK1G	0.7969623580328135	NA
CAMK2B	0.9812362691595642	NA
CAMK2D	0.3813585088164217	0.1111328184020311
CAMK2G	0.27271950891836527	0.22696305286723353
CAMK2N1	0.537688769902322	0.21223412101983258
CAMK2N2	NA	0.30580403109447135
CAMK4	1.7572989479416994	NA
CAMKK1	0.32304292111422916	NA
CAMKK2	0.38020332187290345	0.09784375937762935
CAMKMT	0.180283173425383	0.06969404478753091
CAMLG	0.26538599574200966	0.12991426960329513
CAMP	1.9106467614454172	NA
CAMSAP1	0.1315530789047662	0.1092936526958971
CAMSAP2	0.25652046192497724	0.2033574739406233
CAMSAP3	0.4817997017019023	0.1421166023098948
CAMTA1	0.17775340979891852	0.06161995294063707
CAMTA2	0.28106557911774754	0.10928842810155572
CAND1	0.18559602627856178	0.09059427711113938
CAND2	0.3404245899176795	NA
CANT1	0.35740486253566467	0.14812224067926177
CANX	0.2715221728913671	0.1934238129514578
CAP1	0.18438092034135203	0.0741367607979447
CAP2	0.7541807020885828	NA
CAPG	0.6480839278381556	0.2841081410892123
CAPN1	0.26791840083725094	0.12095700976842633
CAPN10	0.24011279114096712	0.0859664362476834
CAPN12	1.2024183684807672	NA
CAPN13	NA	0.2465329740899814
CAPN15	0.28988027985801185	0.09105019639115648
CAPN2	0.2260740328511004	0.10798003369712193
CAPN3	NA	0.10046549590710477
CAPN5	0.2689753204005216	0.04113539105560771
CAPN6	1.785661118686438	NA
CAPN7	0.3441873024276905	0.08694756641443434
CAPNS1	0.18848347574374763	0.06187046063932159
CAPRIN1	0.15503297212247952	0.16480879363742587
CAPS	0.4899694700331535	NA
CAPS2	0.7962590340175421	NA
CAPSL	NA	0.15391243344016167
CAPZA1	0.21870306882543789	0.12151624619042371
CAPZA1-PS1	NA	0.2739388501323469
CAPZA2	0.2756880117625552	0.07246769448841998
CAPZB	0.16675861270686032	0.0901070731266691
CAR15	NA	0.29160645963991194
CARD10	0.5788390982673738	0.24043833952519936
CARD11	1.7933871187994364	NA
CARD14	1.1586498791430682	0.32435785241971316
CARD18	0.2664793899924225	NA
CARD19	0.17293537348256877	0.15619736560225145
CARD6	0.23881217014498451	0.15985967972106171
CARD8	0.9061092642124413	NA
CARD9	1.0124276764150335	0.12422870871473646
CARF	0.15799189492967633	NA
CARHSP1	0.35316335490772344	0.05749419524099096
CARM1	0.22060551493735425	0.05808365175504879
CARMIL1	0.3350250276063226	0.12650795191053316
CARMIL2	1.7965600864083913	NA
CARMIL3	0.7768849344881497	NA
CARNMT1	0.19501828164967658	0.06279229025558122
CARNS1	1.356269141541083	NA
CARS	NA	0.08415960741573307
CARS1	0.22682764207591946	NA
CARS2	0.5963973341438618	0.04012147839624967
CASC3	0.16901164725724602	0.117881389995155
CASD1	0.2511392100071749	0.0971306122772519
CASK	0.19396599100765158	0.12892632645736574
CASKIN1	0.8489427074373961	NA
CASKIN2	0.22425032167993614	0.1279831259957579
CASP1	NA	0.1449557454896489
CASP10	0.3256022573442049	NA
CASP12	0.9331408648477924	0.1402264720449294
CASP2	0.17184140292596461	0.055440161589545234
CASP3	0.3598916572462414	0.1424872280097369
CASP4	0.8401447822434155	0.13607325866747097
CASP6	NA	0.04306483580703401
CASP7	0.16306252478638633	0.20612314502806894
CASP8	0.43054291009914447	0.19775688032447758
CASP8AP2	0.4009103113538172	0.12071983462916797
CASP9	0.21958844087392218	0.12539774485299224
CASQ1	1.7250851735411277	NA
CASR	0.7551715239328014	0.09703318429393187
CASS4	1.255312928462698	NA
CAST	0.24577192783462232	0.15412689330904103
CASTOR1	0.44199738345106016	0.14432692992296708
CASTOR2	NA	0.14396910179559275
CASZ1	0.38804515890511926	0.07330396858710846
CAT	0.4349683431087686	0.14438893483901127
CATSPER2	0.4448256937229145	NA
CATSPERG	0.9168790508973294	NA
CAV1	0.3675102085054723	0.16153183628724285
CAV2	NA	0.2641983845629194
CAVIN1	0.44013151520734256	0.15092208461642598
CAVIN2	0.27289123871164056	0.21439604468441867
CAVIN3	0.2777432339749337	0.12656078204568766
CB1H4ORF19	0.5747271177486519	NA
CB1H4ORF3	0.10856531510769825	NA
CB1H4ORF33	0.5546357652763314	NA
CB1H4ORF36	0.5084951998227223	NA
CB1H4ORF47	0.7436974831414691	NA
CB1H4ORF48	0.3670681950489636	NA
CB1H8ORF48	0.24413747172364014	NA
CB1H8ORF58	0.8325189637105707	NA
CB2H6ORF120	0.3007514656449718	NA
CB2H6ORF132	0.6588269595514392	NA
CB2H6ORF136	0.32450041146329656	NA
CB2H6ORF141	0.9631043961169554	NA
CB2H6ORF226	0.6510457880244707	NA
CB2H6ORF47	0.22670950550317112	NA
CB2H6ORF62	0.1335824463426026	NA
CB2H6ORF89	0.2535565867750855	NA
CB3H14ORF28	0.275717116632092	NA
CB3H14ORF93	0.27216772278516216	NA
CB3H15ORF39	0.5049852540572896	NA
CB3H15ORF40	0.27834117820086085	NA
CB3H15ORF41	0.3019250792577839	NA
CB3H15ORF48	1.3318339901476617	NA
CB3H15ORF61	0.3442213495739295	NA
CB3H15ORF62	0.6391531625817025	NA
CB4H12ORF29	0.2304337490780992	NA
CB4H12ORF4	0.3100155560513222	NA
CB4H12ORF45	0.19538789136648121	NA
CB4H12ORF57	0.40235100182097194	NA
CB4H12ORF73	0.42253357214731807	NA
CB4H12ORF75	0.7898842210295997	NA
CB4H22ORF23	0.5755799003301437	NA
CBARP	NA	0.10380384753542099
CBFA2T2	0.2998178462041016	0.030468729366664834
CBFA2T3	NA	0.039710741712140785
CBFB	0.18106374625219634	0.3158756511692304
CBL	0.25397987205793154	0.061948573091844907
CBLB	0.3198819268319095	0.09919413904011412
CBLC	0.5009782112206677	0.1354111230461877
CBLL1	0.1948747467865581	0.04937137377114663
CBLN2	0.693578793678845	NA
CBLN3	1.2633530660576282	NA
CBR1	NA	0.132528830820682
CBR2	NA	0.5139885469531859
CBR3	0.4306200904220193	0.13263149252251125
CBR4	0.5343127383460162	0.12013699890716424
CBS	0.7995133764506083	0.09031650672647712
CBWD1	0.2941621480688893	0.12914951030992475
CBX1	NA	0.10397861725257272
CBX2	0.5753512982642321	0.056858929537178124
CBX3	0.08660716554541156	0.05907695580739549
CBX3-PS6	NA	0.24281974409095347
CBX3-PS7	NA	0.45029460538235216
CBX3-PS8	NA	0.20780100414536792
CBX4	0.3473849256804928	0.14708143530947704
CBX5	0.11592844106269719	0.18308548446698217
CBX6	0.34348972435407954	0.17664834401288107
CBX7	0.36324215398249815	0.22474709261405992
CBX8	0.3172197930573272	0.04232750932685869
CBY1	0.27780830930989414	0.051004055772084105
CBY3	0.3667020218757901	NA
CC1H1ORF109	0.20817121592483107	NA
CC1H1ORF122	0.22271136323240134	NA
CC1H1ORF162	1.0123716596837287	NA
CC1H1ORF174	0.1694915585021613	NA
CC1H1ORF210	0.5584506702263861	NA
CC1H1ORF216	0.48728397581447713	NA
CC1H1ORF50	0.37467053187882005	NA
CC1H1ORF52	0.1675186737497951	NA
CC1H1ORF54	0.733542123757008	NA
CC1H2ORF72	0.9051142553467701	NA
CC1H2ORF76	0.4697881335794612	NA
CC2D1A	0.24653551902716556	0.0680233533427362
CC2D1B	0.15299899751081	0.12802529091349826
CC2D2A	0.33725882607309365	0.11155095923610926
CC2H21ORF62	0.4729840268027523	NA
CC2H21ORF91	0.42103093224926447	NA
CC2H3ORF33	0.2969735891975236	NA
CC2H3ORF38	0.2536121690556145	NA
CC2H3ORF52	0.9612979998335156	NA
CC2H3ORF70	0.7155534893470393	NA
CCAR1	0.1644188784928893	0.13599869659728678
CCAR2	0.12183815604890166	0.11153974843673244
CCBE1	0.5788813543509737	0.13663560336750177
CCDC102A	0.3175942759723919	0.13623534807479962
CCDC102B	0.30209819612059424	NA
CCDC106	0.2045079661133405	0.0954155562667218
CCDC107	0.3141688000027037	0.061724089809156335
CCDC112	0.3300087578332085	0.08438859407193978
CCDC117	0.4296405719189422	0.2288541678097685
CCDC12	0.23115988434588028	0.11407141446721714
CCDC120	0.374835594541304	0.1450258857922631
CCDC122	NA	0.18013340238948794
CCDC124	0.2983685389598285	0.062491370524605114
CCDC125	0.31299469476421254	0.12956269860208164
CCDC126	0.2475734493815659	0.11385435193829231
CCDC127	0.1333029103661533	0.041963285698967547
CCDC13	0.5478446196951081	NA
CCDC130	NA	0.21616705335068478
CCDC134	0.2671813050907964	0.08838759094602634
CCDC136	1.1857047697113519	0.12484369588022501
CCDC137	0.30474524222540506	0.07847578070304949
CCDC138	0.4042433045456134	NA
CCDC14	0.19148664836447987	NA
CCDC141	0.5796676235140352	0.08643086500826766
CCDC142	0.15958565549340703	0.048746891687189944
CCDC146	0.6397702249119614	NA
CCDC148	0.6323908958071216	NA
CCDC149	0.27585687589843544	0.1631669580280792
CCDC15	0.4109963568815256	NA
CCDC152	0.331549729497835	NA
CCDC154	0.6018455871397217	NA
CCDC157	NA	0.11473622708826559
CCDC159	0.7238267357303513	NA
CCDC160	0.48297410966336435	0.17868312032374722
CCDC162P	0.4162561957135742	NA
CCDC163	0.3659901955008942	0.15781731025891832
CCDC166	0.18858493315461328	0.25158880324298405
CCDC167	0.592696913668381	NA
CCDC17	0.41025418629584237	NA
CCDC170	0.8214810426578527	NA
CCDC171	0.3970046901233464	NA
CCDC174	0.12181995576979851	0.11200124032279504
CCDC18	0.48535598172640343	NA
CCDC180	1.4740637893349737	NA
CCDC181	0.40617430476891836	0.07027386859324909
CCDC186	0.23477330893200923	0.054751460571943404
CCDC187	1.017753540348193	NA
CCDC189	NA	0.20814913712165312
CCDC191	0.38218148820947595	0.16691261331563195
CCDC198	0.5450750540541643	0.16355953543043336
CCDC22	0.153641386157366	0.07958884798912995
CCDC24	0.9593568343621697	NA
CCDC25	0.21541535691585031	0.11166887687906032
CCDC27	2.6063832621374385	NA
CCDC28A	0.36910395001753443	0.25787876945313576
CCDC28B	0.7482437879775353	0.11057256753584724
CCDC3	0.30329039972390626	0.10408721221575228
CCDC30	0.5271511191555118	NA
CCDC32	0.14491239802965555	0.12665036701828125
CCDC33	0.9869112302767326	NA
CCDC34	0.3370787345028656	0.13741938471044043
CCDC40	1.035401065500393	NA
CCDC42	1.3195018822454758	NA
CCDC43	0.29167162705147537	0.05162297179683982
CCDC47	0.4632093090992651	0.10513015755900317
CCDC50	0.19603971974703524	0.0432594312993465
CCDC51	0.3381263587554031	0.1666934589459166
CCDC57	0.25842986828221465	0.1934952513312148
CCDC58	NA	0.06566398474539635
CCDC59	0.2388529410459449	0.11827601303095385
CCDC6	0.2850431994057209	0.2261085072214935
CCDC61	0.28288198450119995	0.18462178341665458
CCDC62	0.5479823381107661	NA
CCDC66	0.2443351133138317	0.13447312276424464
CCDC68	0.9117624840492369	0.13439579199904128
CCDC69	1.3531881066985714	0.2581432527569506
CCDC71	0.234340967128057	0.0719690853550391
CCDC71L	0.5369827453762112	0.0849260562032995
CCDC77	0.6775527622209603	NA
CCDC8	0.6945059505900086	NA
CCDC80	0.9535459600507641	0.3802523941808014
CCDC82	0.5509584467515333	0.10504939866339605
CCDC84	NA	0.08822130373437727
CCDC85B	0.29194865511702445	0.16228587510584822
CCDC85C	0.5465284712498375	0.18134217099543692
CCDC86	0.20028669450249145	0.17593459590929583
CCDC88A	0.6454754981791473	0.0507936277639026
CCDC88B	0.88735697816576	0.17900923385380235
CCDC88C	0.39690758222400413	0.14586141997319912
CCDC89	0.520992536157582	NA
CCDC9	0.24685806610617825	0.18296772949477952
CCDC90B	0.23156967926897065	0.06809043867629433
CCDC91	0.3935007627304386	0.11821486448361075
CCDC92	0.3093617647459486	0.0686375204890501
CCDC93	0.24845014242010172	0.09074774408876952
CCDC97	0.21477397500133186	0.0884157616755224
CCDC9B	0.5941644205555764	0.15549002103250384
CCER2	0.63402735002529	NA
CCHCR1	0.5664342781610169	0.1301980542223174
CCK	NA	0.3701054514215501
CCKAR	NA	0.08083421660761266
CCKBR	1.354320800055099	NA
CCL11	NA	0.3049914569409681
CCL12	NA	0.2145111436016662
CCL14	0.8254822217659137	NA
CCL17	NA	0.2772783790805125
CCL19	2.5150570399739602	0.7479962717159436
CCL19-PS1	NA	0.703266259790873
CCL2	NA	0.4565579035341334
CCL20	NA	0.16816593326887655
CCL21	1.6039586664687056	NA
CCL21A	NA	0.3799996408191165
CCL21B	NA	0.30113478307563857
CCL21D	NA	0.6000482905800669
CCL22	1.9197592501563072	0.16037982776437656
CCL25	0.6879138106951486	NA
CCL27A	NA	0.17010874412645588
CCL27B	NA	1.1231235779685753
CCL28	1.0698162842716767	0.4492831945081399
CCL3	NA	0.15539301194614835
CCL4	NA	0.13411502177263745
CCL5	1.8039141489061115	0.32004483119121646
CCL6	NA	0.21381835532732515
CCL7	NA	0.15333505957369029
CCL8	2.276324910398509	0.2517252424612782
CCL9	NA	0.07025365958074956
CCM2	0.4525616671943815	0.09343303574664025
CCM2L	0.47799348155676286	0.09963061881006943
CCN1	1.0691400749922517	0.5103472576875603
CCN2	0.6442823043578657	0.2070568624882738
CCN3	1.2557610384229456	NA
CCN4	0.8686726926431698	0.12105632604022508
CCN5	NA	0.11282939842825597
CCNA2	0.4664321360233943	0.2911280341204102
CCNB1	0.5706601737364372	0.18946195715907194
CCNB1IP1	0.9551386453981981	0.24873043995248256
CCNB2	NA	0.38830478937099394
CCNC	0.3190738116972565	0.10100349707633266
CCND1	0.7457619366883235	0.15431038754582133
CCND2	0.5129354411793449	0.16741646849916725
CCND3	0.29720158062008384	0.21549300888765424
CCNDBP1	0.16540269279930558	0.11947517896667777
CCNE1	0.7479823694808148	0.1907834799160833
CCNE2	NA	0.1105209177022385
CCNG1	0.3485662623329383	0.17125814781313647
CCNG2	0.28863887156163964	0.15034840580853187
CCNH	0.2735276001420249	0.07635644296642982
CCNI	0.29114071373754596	0.09851715395349388
CCNJ	0.24320064850436102	0.09640385014660675
CCNJL	0.8561521520666389	NA
CCNK	0.1843269170277067	0.06551448178095678
CCNL1	0.2552990412665333	0.11512127199080911
CCNL2	0.24029524768484628	0.09934401937379085
CCNQ	0.30158114820971543	0.2510998723883335
CCNT1	0.3310703777917795	0.11917046482895498
CCNT2	0.15278146496428138	0.08082625555828017
CCNY	0.1769631356669761	0.05118639438145834
CCNYL1	0.3476421798841084	0.1778374748623248
CCP110	0.20402943680275834	0.07417319693648491
CCPG1	0.24978949015899923	0.1108062506530842
CCPG1OS	NA	0.14953874156006938
CCR1	0.9182822778041835	0.12849387495176393
CCR10	1.005738096780889	NA
CCR2	1.5779083019782651	0.23516566091130248
CCR3	2.5987272537779296	NA
CCR5	1.2914126036764464	0.048243365088842784
CCR6	2.4507261298355116	NA
CCR7	2.155114272444724	0.15709765365989914
CCRL2	0.8009222861283546	0.13798048688823464
CCS	0.39767870259787613	0.14171282003682978
CCSER1	0.34594926338035553	NA
CCSER2	0.3561215063825417	0.11198004411361814
CCT2	0.3474901352764094	0.08795384844925545
CCT3	0.3191481664658419	0.12035966177595384
CCT4	0.24029702323021962	0.09015063923736485
CCT5	0.30629716582104266	0.11679494787305655
CCT6A	0.27605194819609113	0.06898840751203461
CCT7	0.267932470173129	0.1216311834898955
CCT8	0.30220519242468113	0.08462422520931076
CCZ1	0.2085799340144755	0.08398540388829662
CD109	0.3964239761567981	NA
CD14	0.5598500741306811	0.12426213610880389
CD151	0.19974039003257446	0.07484289540558695
CD160	0.8219880793323014	NA
CD163	0.5236603712550384	NA
CD164	0.5671889327651063	0.052261562246809036
CD164L2	NA	0.2279639671523056
CD177	0.6069397613713631	0.03268509376188006
CD180	1.107565586357824	0.14995370125306448
CD19	1.2545599622453418	NA
CD1D	0.4726324764019592	NA
CD1D1	NA	0.27426684203178103
CD1H11ORF1	1.2187272934558802	NA
CD1H11ORF24	0.31560145966640013	NA
CD1H11ORF49	0.15356826067247142	NA
CD1H11ORF52	0.2706369752583245	NA
CD1H11ORF58	0.12017459576928166	NA
CD1H11ORF65	0.4786554276188404	NA
CD1H11ORF68	0.2569486480659781	NA
CD1H11ORF71	0.6061203287687991	NA
CD1H11ORF74	0.36246224479761585	NA
CD1H11ORF80	0.9656747706412273	NA
CD1H11ORF95	0.3786537902669381	NA
CD1H11ORF96	0.4321403136230318	NA
CD2	1.537150770643193	0.07546000050350764
CD200	0.5719494325072361	0.17449487841644384
CD200R1	NA	0.051084866332612375
CD209	0.9089772046446472	NA
CD209A	NA	0.23456188527054714
CD22	2.866894807464455	NA
CD226	0.9488810188665203	NA
CD24	NA	0.14606070331320112
CD244	1.1081943736847444	NA
CD247	1.575086653424176	NA
CD248	0.5024439826004041	0.24961243045401718
CD27	1.7579874901414922	NA
CD274	0.8842820116387761	0.2769743310364223
CD276	0.6309471677402643	0.05026487672592117
CD28	1.1718435074787166	NA
CD2AP	0.4070651692177137	0.06191806424442865
CD2BP2	0.19452153597770497	0.08235127207954404
CD2H10ORF105	1.8651721541768087	NA
CD2H10ORF143	0.22480607159182892	NA
CD2H1ORF131	0.22948650960329892	NA
CD2H1ORF198	0.4371615173390107	NA
CD300A	0.8115650762399613	0.08138577681015215
CD300C2	NA	0.11308865606626428
CD300H	0.7667449477587894	NA
CD300LB	NA	0.05552520458101751
CD300LD	NA	0.17703429910894278
CD300LD3	NA	0.3011456585001004
CD300LD4	NA	0.21037275960033186
CD300LD5	NA	0.5045618345249129
CD300LF	0.5348478998139626	0.06314848744057532
CD300LG	1.1239281885096244	0.32017301694678113
CD302	NA	0.14695322648611733
CD320	0.5587431593533018	0.1442046087376483
CD33	NA	0.0951258675041798
CD34	0.51923225750442	0.17498894368339082
CD36	0.8784353340932571	0.6076834435728845
CD37	1.6112418961222095	0.0669084028982098
CD38	0.47650001896673155	0.08834056931371431
CD3D	1.7567416838726797	0.20246934220868854
CD3E	1.3781717662936173	NA
CD3EAP	NA	0.1347132252052767
CD3G	1.720387082195553	0.06251772353351832
CD3H12ORF43	0.23501833248483764	NA
CD3H18ORF21	0.4306130371133469	NA
CD3H18ORF25	0.1586885966263457	NA
CD3H18ORF32	0.47184342238720084	NA
CD3H5ORF52	0.34093758369775684	NA
CD4	2.2224441246205644	0.15112886293925085
CD40	0.8692086911097208	0.08097274641156516
CD44	1.1131548540972065	0.07990752448182536
CD47	0.13452862258025752	0.17395559697225418
CD48	1.379044854748565	0.21821192483394977
CD4H9ORF116	0.3758835503749064	NA
CD4H9ORF152	0.8265202474907485	NA
CD4H9ORF40	0.21678908775370373	NA
CD4H9ORF43	0.7731845370821218	NA
CD4H9ORF64	0.5927622743155848	NA
CD4H9ORF72	0.20164954106512012	NA
CD4H9ORF78	0.2499990427248862	NA
CD4H9ORF85	0.28969821107382565	NA
CD5	1.5251536959655008	NA
CD52	1.8428631454108655	0.31948020646490766
CD53	1.2494347302338284	0.14488194140532262
CD55	1.1051862948430313	0.23122398322218074
CD58	0.16587350464994885	NA
CD59	0.3346387454954645	NA
CD59A	NA	0.21093042479959284
CD59B	NA	0.156507259996095
CD5L	2.36900607266045	NA
CD6	1.5518719210123106	NA
CD63	0.1229482036258078	0.1894175961056776
CD63-PS	NA	0.10524820500021112
CD68	1.0171258425813583	0.2637189109594154
CD69	1.3099909308642896	NA
CD7	1.2375512392750738	NA
CD72	1.8138755038313197	0.08840733966401468
CD74	1.2194334221733922	0.2997841286131665
CD79A	2.042257721837248	NA
CD79B	2.598845595144872	0.153509223073761
CD80	0.7571355785557019	NA
CD81	0.2812960056559982	0.15496077751025178
CD82	0.3316272048288471	0.15134304331935056
CD83	NA	0.1713847664250703
CD84	2.288586425067381	0.024502559243682196
CD86	0.8804626395843907	0.08977367606750222
CD8A	1.587256375659216	NA
CD9	0.3022011264660411	0.10033255769533188
CD93	0.6658653581565512	0.1966262100335406
CD96	1.288340855156468	NA
CD99	0.3197013779151997	NA
CD99L2	0.18574106681494443	0.10232872422824668
CDA	0.6763158322859583	0.1305764566576071
CDADC1	0.33059049349654285	0.13610819375440958
CDAN1	0.3887155136885406	0.08999265588510456
CDC123	0.14054106319589	0.13078954215881605
CDC14A	0.26220733867372836	NA
CDC14B	0.16656743481545108	0.08537936523551125
CDC16	0.18721617018663417	0.06350873933226638
CDC20	1.118139382532014	0.3386009934345131
CDC23	0.18551702420385158	0.07919628471798226
CDC25A	0.3357351545803569	0.10870044920430506
CDC25B	0.5739154348127481	0.17935875480468047
CDC26	0.2658609583373509	0.0879216328907909
CDC27	0.21220487149513814	0.0773080024610559
CDC34	0.36413020723792827	0.08946114143248121
CDC37	0.21720277569188792	0.08716295546390185
CDC37L1	0.273136192464112	0.06989674862302747
CDC40	0.29080816624952965	0.07675610845317603
CDC42	0.1425246463534993	0.03653769181834616
CDC42BPA	0.34375848529495256	0.0395909928394107
CDC42BPB	0.18124755717080906	0.12750083608529705
CDC42BPG	0.24601177366868662	0.1661448868437619
CDC42EP1	0.30990239873614306	0.07047726143171547
CDC42EP2	0.346571480810614	0.15490398129533448
CDC42EP3	0.2934713451106592	0.18003814285483888
CDC42EP4	0.313592121278358	0.15711869175224585
CDC42EP5	0.5328495562569616	0.16564074863284398
CDC42SE1	0.15632650578586776	0.06537715090695467
CDC42SE2	0.28391230263713346	0.15103791681044484
CDC45	0.8645150858212336	0.08903566952094345
CDC5L	0.20523366756810238	0.1095837784418895
CDC6	0.24327059380909222	NA
CDC7	0.8336487296133266	NA
CDC73	0.15478263575102474	0.07191778323446514
CDCA2	0.5796166163676695	0.0855440075389615
CDCA3	0.40648103703830124	0.31571482886936847
CDCA4	0.42780760578213783	0.15496428923273087
CDCA5	0.5565828272618243	0.17351186047844655
CDCA7	1.7543852082254165	0.10500229407927837
CDCA7L	0.562744953673847	0.23840941053027967
CDCA8	1.2744447539161092	0.10211187900565469
CDCP1	0.6958333092572875	0.20163945869203606
CDCP2	0.23670719930526804	NA
CDH1	0.5181352228182571	0.08196956282499115
CDH11	NA	0.2011267759054143
CDH13	0.8045956340437231	NA
CDH16	0.39721633240773696	0.07663953531373882
CDH2	0.7219479746475987	0.08233033235703721
CDH22	1.683715810441439	NA
CDH23	2.5288250075631677	NA
CDH24	0.41785064035761077	NA
CDH3	0.43477537512274944	0.18454275013357477
CDH4	0.6168961376460684	NA
CDH5	0.32719633178405405	0.09171517571809307
CDH6	1.1332339922717534	0.09689340798405403
CDHR1	1.08420490806659	NA
CDHR2	0.6709617106568375	0.13209150564157382
CDHR4	0.8683168292416086	NA
CDHR5	0.678744220019459	0.08172534645855327
CDIN1	NA	0.08668601870115923
CDIP1	0.27222172957788326	0.10727833285584472
CDIPT	0.20241019760238457	0.11322332056053239
CDK1	0.8558423973008354	0.11866810502452853
CDK10	0.29866059693530345	0.03334570460849399
CDK11B	NA	0.03799862585035111
CDK12	0.2483094167800953	0.062467953196618
CDK13	0.168703255865449	0.04971133424782478
CDK14	0.35285755717510564	NA
CDK16	0.19826710414124266	0.09018174716005484
CDK17	0.24098704408093555	0.09923084130294368
CDK18	0.4917478156425896	0.09896659960204694
CDK19	0.29719109779455966	0.1165367797882832
CDK2	0.20521741747095046	0.1566074246198528
CDK20	0.2535320776073596	NA
CDK2AP1	0.2327670586748266	0.27570259709095807
CDK2AP2	0.1997896165325044	0.1374690652957492
CDK3	0.28118278147242576	NA
CDK4	0.24920072854175015	0.08427882478936861
CDK5	0.32732505497018727	0.06423053605602072
CDK5R1	0.5824639068565033	NA
CDK5RAP1	0.22152427365157015	0.02047824323366611
CDK5RAP2	0.3187943830586411	0.09510421563668041
CDK5RAP3	0.2528867632008948	0.1140190293538773
CDK6	0.38446578145002425	0.01617218360669218
CDK7	0.19084635210637876	0.13555308383856732
CDK8	0.15652726961584068	0.12054194551863351
CDK9	0.2959416813801895	0.06137586204593756
CDKAL1	0.12602591066217267	0.07222500469270643
CDKL1	0.510584103417232	0.20011492528710143
CDKL2	0.6516790700478631	0.09197657791170004
CDKL4	0.9482880388602342	NA
CDKL5	0.23223774083227355	NA
CDKN1A	0.7081025732282242	0.1667773052631221
CDKN1B	0.11528620258765027	0.18929487617456278
CDKN1C	0.4984297560054764	0.2047541744456873
CDKN2A	1.3634653281802895	NA
CDKN2AIP	0.17899539093549907	0.08585243686697223
CDKN2AIPNL	0.31034533146041077	0.06708733620621316
CDKN2B	0.899437544134294	0.24782084152069783
CDKN2C	0.559372394489744	0.2189434087216896
CDKN2D	0.3496665441784529	0.17861193735570763
CDKN3	NA	0.1298161806385852
CDNF	0.4850678346274029	NA
CDO1	0.41225715304198157	0.33233842814450876
CDON	0.3418151027506702	0.062458570642075543
CDPF1	0.5101724103542445	0.23498404702929163
CDR2	0.22522377302234445	0.34147583818214045
CDR2L	0.4417759495438823	0.1696976375310814
CDRT1	0.44707688070794654	NA
CDS1	0.7503797694180925	0.14706347172492307
CDS2	0.41929585859381885	0.05364849974824312
CDT1	0.66778357560185	0.25682815872832826
CDV3	0.21485794192167812	0.06715306091201872
CDV3-PS	NA	0.48250910118694385
CDYL	0.2169353415399127	0.2129256014602874
CDYL2	0.5085630380618085	0.08556981046413839
CE1H17ORF49	0.3257057042527493	NA
CE1H17ORF53	0.6993292445830742	NA
CE1H17ORF58	0.5088485541471903	NA
CE1H17ORF75	0.23176177905019651	NA
CE1H17ORF80	0.30057504855498435	NA
CE1H17ORF97	0.4793195964439706	NA
CE1H17ORF98	1.2758301991429655	NA
CE2H16ORF46	0.2789683027388677	NA
CE2H16ORF70	0.10489546590471457	NA
CE2H16ORF74	0.4964555130609132	NA
CE2H16ORF87	0.2264309525251546	NA
CE2H19ORF12	0.3567608918128008	NA
CE2H19ORF33	0.5515767962530848	NA
CE2H19ORF47	0.31597864378793994	NA
CE2H19ORF54	0.39016089745667276	NA
CE2H19ORF84	1.1283924543722694	NA
CE3H16ORF54	0.9776437649068652	NA
CE3H16ORF58	0.14099506288144253	NA
CE3H16ORF71	0.2195000505977134	NA
CE3H16ORF72	0.19685229665964393	NA
CE3H16ORF89	0.7421339431470159	NA
CE3H16ORF91	0.32176858061101216	NA
CE3H16ORF92	2.2215156643212315	NA
CE3H7ORF26	0.16885225152189617	NA
CE3H7ORF50	0.34397248601157976	NA
CEACAM1	0.8661986522111043	0.11404149347992906
CEACAM10	NA	0.0
CEACAM16	0.8445166773797215	NA
CEACAM18	1.715179145155999	NA
CEACAM2	NA	0.1937688132857789
CEACAM20	0.7264349819246414	NA
CEBPA	0.5555855853400455	0.49631919966747545
CEBPB	0.4576398448195713	0.5360302192592286
CEBPD	0.6108349460783056	0.25482874905748115
CEBPG	0.22332538083290646	0.09709072973655213
CEBPZ	0.21636364583693582	0.1156060709976681
CEBPZOS	0.30974223562028236	0.13965192681405214
CECR2	0.3328233967187901	NA
CEL	0.8642375341731009	NA
CELA1	NA	0.20693481194512373
CELF1	0.13387695561309237	0.0738683860950613
CELF2	0.554425990105976	0.041060484420595365
CELF5	1.1398216916719894	NA
CELSR1	0.4963039788502041	0.10101528237852912
CELSR2	0.3922727549723331	0.11045866555654003
CELSR3	0.9686158983441573	NA
CEMIP	0.8898144125996321	NA
CEMIP2	0.36214204104691994	0.11719325916872021
CENATAC	0.32638606886158683	NA
CENPA	1.0649626967843622	0.08449927872595617
CENPB	0.14957545975789696	0.10915058583410295
CENPC	0.21267881089028823	0.099056890213535
CENPE	1.4848048208526217	0.12440178056181148
CENPF	1.6679972866351245	0.07745641343389285
CENPH	0.4161535519273336	0.15438516481958237
CENPJ	NA	0.09997934027676811
CENPL	NA	0.14299896152280225
CENPM	0.9084925436845737	0.13958507401124667
CENPN	0.5308433913063086	0.12860955409240554
CENPO	0.3615549579343383	NA
CENPP	0.4870508599770338	NA
CENPQ	0.3948574781953619	0.12907456190113728
CENPS	NA	0.044154601062593016
CENPT	NA	0.13371085186917853
CENPU	0.6203903169878381	NA
CENPV	0.35812479590404633	0.13713338829348268
CENPW	0.7365275812723208	NA
CENPX	0.36523340426599477	0.12953278756837136
CEP104	0.36075819149164823	0.08905544422202165
CEP112	0.5635760681437246	NA
CEP120	0.176409517306395	0.10095968668710664
CEP126	0.38094556853868655	0.13359413685422555
CEP128	0.7259354448443961	NA
CEP131	0.34612199016645906	0.18364135042388213
CEP135	0.5441068417440498	0.11346667011798299
CEP152	0.5177160817878169	NA
CEP162	0.41486850269788345	0.05119309232054603
CEP164	0.2636111001617256	0.07650105750862139
CEP170	0.5290398939551738	0.05483967605025371
CEP170B	0.27973035179851224	0.13333908896882607
CEP19	0.2683478972103122	0.10016209467204366
CEP192	0.22077132195269475	0.08745167417614902
CEP20	NA	0.11267926822353957
CEP250	0.2900987370090031	0.16977050327101453
CEP290	0.3248002316728706	0.06715728235997791
CEP295	0.31549651676685164	0.09489118727881887
CEP350	0.17812015500630585	0.19294448564072855
CEP41	0.22121160557651498	NA
CEP43	NA	0.12561130052137168
CEP44	0.33393875952969604	0.10263485516382957
CEP55	NA	0.10473549573648233
CEP57	0.15657336658329782	0.17100831911807785
CEP57L1	0.1945532594257276	NA
CEP63	0.2685221595464064	0.04148291476501944
CEP68	0.372046428522912	0.10718958392918566
CEP70	0.3368917340721852	0.13272084975963688
CEP76	0.23389488442142334	0.14039928819227043
CEP78	0.505967854751268	0.1446562514497319
CEP83	0.20622162784319994	0.13313484885796054
CEP83OS	NA	0.24351216733179024
CEP85	0.28491382948341815	0.18898938018263453
CEP85L	0.45687745681440783	0.06993761117466579
CEP89	0.3227345629260656	0.09514636731135961
CEP95	0.28755673449095975	0.15349967643619694
CEP97	0.32522755075692383	0.02555843094441161
CEPT1	0.3183531471558989	0.11913095489315427
CERCAM	0.7296047646554132	0.14258239527402833
CERK	0.5252457843516969	0.09253474383775678
CERS1	0.5343390770072034	NA
CERS2	0.40416527281495723	0.08803596862289916
CERS3	NA	0.16896467739495113
CERS4	0.45528481057293546	0.13728907396942025
CERS5	0.2403793317856731	0.09290121478972302
CERS6	0.424750360794958	0.12580069083135662
CERT1	0.2339842839407585	0.09367585750615764
CES1	1.249319664066616	NA
CES1D	NA	0.3767806111169762
CES1E	NA	0.32849234295606805
CES1F	NA	0.12282336563504917
CES1G	NA	0.7607235090823475
CES2	1.0592844024526116	NA
CES2B	NA	0.2353021655348683
CES2C	NA	0.09419289181786338
CES2D-PS	NA	0.623774197611735
CES2E	NA	0.19187209139297776
CES2F	NA	0.04542537307750463
CES2G	NA	0.09322056885909423
CES2H	NA	0.9566876412067534
CES3	1.0741171333752695	NA
CES4A	1.33665246301706	NA
CES5A	1.6930899495204896	NA
CETN2	0.19255426356133232	0.11660174775575274
CETN3	0.19838474714392879	0.08261924109812177
CETN4	NA	0.16255488342810986
CF1H1ORF105	0.8446170687667518	NA
CF1H1ORF112	0.5335559551515321	NA
CF1H1ORF115	0.4000693677112044	NA
CF1H1ORF21	0.47249711861413807	NA
CF1H1ORF226	0.26789774496028496	NA
CF1H1ORF43	0.3163380581923038	NA
CF1H1ORF53	0.3883199916458736	NA
CF1H1ORF74	0.20661455719337088	NA
CF2H8ORF33	0.2189880274355688	NA
CF2H8ORF34	0.9270116217503264	NA
CF2H8ORF76	0.21882969937162458	NA
CF2H8ORF82	0.44795200387466827	NA
CF2H8ORF89	0.39557240156981543	NA
CFAP119	0.3060144705846433	NA
CFAP126	NA	0.2577800771134415
CFAP20	0.2324185871218065	0.25865034305018186
CFAP20DC	0.7886653464288095	0.1855938676280122
CFAP210	0.44460103114235683	NA
CFAP221	1.3020542450380284	NA
CFAP251	0.5318108493157819	NA
CFAP263	0.4990732948970975	NA
CFAP276	0.8336960979464602	NA
CFAP298	0.2485224399420423	0.08452064384757824
CFAP300	0.5331560017482423	0.10467826660134763
CFAP36	0.18146589562270188	0.07717648747524818
CFAP410	0.36949113163131747	0.08799937025666354
CFAP418	0.15240252925816614	NA
CFAP43	0.3597848271324004	0.16469648570045356
CFAP44	1.437756160005919	NA
CFAP46	0.8400806553714031	NA
CFAP47	0.5202950989529996	NA
CFAP52	0.7071062004144371	NA
CFAP53	0.3515664083300805	NA
CFAP54	1.5346127380792445	NA
CFAP57	0.5643999569522268	NA
CFAP61	0.44288681610453234	NA
CFAP65	1.5880555268325598	NA
CFAP69	0.4774422384191356	0.1567207738559804
CFAP70	0.3049874687073278	NA
CFAP73	0.8492517244710013	NA
CFAP74	0.5645002489460187	NA
CFAP77	1.4357249911840717	NA
CFAP91	0.325253889163156	NA
CFAP92	0.8193037824418421	NA
CFAP97	0.2630764298741985	0.1047175954515028
CFAP99	1.1719628693142752	NA
CFB	1.244536270230383	0.24256282051371392
CFD	1.4835186673477023	3.730847861251256
CFDP1	0.1554703446184591	0.046874558288239915
CFH	NA	0.06652868724996717
CFHR2	NA	1.8296080390012994
CFHR4	NA	0.695682552500641
CFI	0.9731130507430567	0.040707167123971086
CFL1	0.20838947398098362	0.14513800517745998
CFL2	0.3312571535392825	0.07196529137355959
CFLAR	0.25080671444057634	0.1974351170588915
CFP	1.0609105034048256	0.15864030723642544
CFTR	1.1430595268763337	0.13715232950077025
CGGBP1	0.07778616450116471	0.09194348105530019
CGN	0.5291058032522734	0.07795870251517309
CGNL1	0.4545877087555673	0.128171643912813
CGREF1	0.9222938597012569	0.11274114448848753
CGRRF1	0.1890631307418143	0.11837851331567043
CH25H	0.5293560104941065	0.25273290067242127
CHAC1	0.534800392521239	0.22303661290880836
CHAC2	NA	0.06946153118568509
CHAF1A	0.4445418421742701	0.05576279278026873
CHAF1B	0.548838706494532	0.20017227104355353
CHAMP1	0.19332901219104845	0.08075173308594943
CHASERR	NA	0.08578258406772814
CHCHD1	0.2936840178020069	0.26316068355341937
CHCHD10	0.630590269395024	0.1317150394763183
CHCHD2	0.46848982380907417	0.1998394951467065
CHCHD2-PS	NA	0.5843286837296292
CHCHD3	0.46671425943995626	0.061137270366740194
CHCHD4	0.4100668772293719	0.10939029654545078
CHCHD5	0.2614721176086724	0.18674462462180505
CHCHD6	0.6235841669477601	0.16892867893583433
CHCHD7	0.2961672870341147	0.12113672666450123
CHD1	0.18525942282409275	0.10192470539374525
CHD1L	0.2612231689225651	0.11201081440264968
CHD2	0.2441813045690439	0.10268978314013125
CHD3	0.3724759806655731	0.11770631620776612
CHD4	0.14795491893218313	0.091596605744499
CHD6	0.18857188994754093	0.15755401814890055
CHD7	0.21870415205302365	0.034763727923524834
CHD8	0.15867643929078915	0.06710578261345518
CHD9	0.22778143564695036	0.3298505526277991
CHDH	0.6195025547139053	0.12700458169226117
CHEK1	0.6755409071752906	0.028368946614415823
CHEK2	0.5852364460532333	0.09221416012842443
CHERP	0.08442693806056456	0.17005333596798702
CHFR	0.19365314725883093	0.10137845204344241
CHGA	NA	0.03204027257727541
CHGB	NA	0.03430338424857998
CHI3L1	1.4602738962466788	NA
CHIC1	0.32461182253350457	0.04855334918553889
CHIC2	0.34529912418394365	0.08071902419854607
CHID1	0.19761693633627583	0.13216955159307783
CHIL1	NA	0.045172836643458204
CHIL3	NA	0.12311049386451622
CHIT1	2.24360155095799	NA
CHKA	0.44388459519805895	0.0703410339791946
CHKB	0.2687421703210806	0.24241994437679587
CHL1	1.0139114438842318	NA
CHM	0.18340602885504123	0.11852915432896935
CHML	0.30703775050965454	0.08382080287012601
CHMP1A	0.22655908440521322	0.0359182337327245
CHMP1B	0.2438787413545351	0.06795281856945799
CHMP2A	0.23014753285552766	0.11758182928287875
CHMP2B	0.29970189344817755	0.07654485809564793
CHMP3	NA	0.05243948045254455
CHMP4A	0.4561109886157577	NA
CHMP4B	0.27836363749520604	0.053902445137485794
CHMP4C	0.5319164552121306	0.216638421481621
CHMP5	0.19257670857791342	0.10901977950918573
CHMP6	0.2744441465213472	0.11416909596048584
CHMP7	0.16568655290669665	0.15159980429477996
CHN1	0.7693239000307965	0.08346944950431462
CHN2	0.6633718126639025	0.13451144472981846
CHORDC1	0.3672605394214285	0.47422305202514
CHP1	0.5356815563205801	0.07335630269613898
CHPF	0.36094699431853416	0.1440132083798462
CHPF2	0.3111091264773455	0.315242886333174
CHPT1	0.26437360023282613	0.05053844080640509
CHRAC1	0.2356675604161124	0.11456131465531265
CHRD	1.0949300384675518	NA
CHRDL1	1.030166352956948	0.2763432046934447
CHRM1	1.1161658183118233	NA
CHRM3	0.4272400672487542	NA
CHRNA1OS	NA	0.22818264029696061
CHRNA2	2.3391823946776746	NA
CHRNA3	1.2982349800105535	NA
CHRNA4	0.850936191828139	0.2429736188053013
CHRNA7	1.3328305277281394	NA
CHRNB1	0.419097516604389	0.20173671687715156
CHRNB2	0.5270970451911178	NA
CHRNE	1.1848315427235276	NA
CHST1	0.6449864683369053	0.2955340876374059
CHST10	0.3300599722428508	NA
CHST11	0.5775340373916484	0.0832150985388581
CHST12	0.3090460859502534	0.1610068440284287
CHST14	0.396467999351982	0.3715368222472166
CHST15	0.4897118774375031	0.20257119644285732
CHST2	0.5294224702214573	NA
CHST3	0.5000744448870066	0.26029766260034176
CHST7	0.4329964947495034	0.14321897218804838
CHSY1	0.22597726752146935	0.12690359133694928
CHTF18	0.6617944570505654	NA
CHTF8	NA	0.08270175448606808
CHTOP	0.12046317549915043	0.07387564923636945
CHUK	0.5528125587846111	0.12071120312136308
CHURC1	0.1520812981703895	0.09555114504823241
CIAO1	0.14539509695324623	0.061963351211494454
CIAO2A	0.31673956821102245	0.08006154461231307
CIAO2B	0.2768567997449665	0.06873069755043862
CIAO3	0.3212845594180943	0.1824139667069903
CIAPIN1	0.19608723412117712	0.09477257543169212
CIART	0.7805230832606012	0.43492630320158904
CIB1	0.31867470787067503	0.1363336631359032
CIB2	NA	0.40736216921432705
CIBAR1	0.42517411278843076	0.07107441127391384
CIC	0.27460388344689896	0.057560118413361554
CIDEA	NA	3.2731617457261843
CIDEB	0.8274578298532854	0.11102569824513908
CIDEC	NA	3.051792662560374
CIITA	1.5053176017056564	0.07517023058494926
CILK1	0.2415068889921407	0.08383421429450715
CILP	0.5923438981296848	NA
CILP2	2.075393860166661	NA
CIMAP2	1.01874932082614	NA
CIMAP3	1.2392626108729639	NA
CIMIP7	0.21854904087513613	NA
CINP	0.2679401658836018	0.08014347667345514
CIP2A	NA	0.07842550081031469
CIPC	0.16756494641645248	0.07527145807763252
CIRBP	0.3946659314329538	0.6770136845837366
CIRSR	0.162525274656259	0.167571076287287
CISD1	0.5514052965389485	0.15661620504339335
CISD2	0.16945641127222824	0.1118437956749382
CISD3	0.16194096388354998	0.07744889860504543
CISH	1.1850960838430948	0.5399921226963899
CIT	0.7486575807835398	NA
CITED1	1.27701317741187	NA
CITED2	0.5257723850435555	0.26869940434286527
CITED4	0.6419016328496994	0.2958912297995729
CIZ1	0.2029574251357642	0.12556123907498468
CKAP2	0.8058316924744209	0.17544415329048968
CKAP2L	NA	0.10569547847255763
CKAP4	0.36957319358532426	0.1575599121205818
CKAP5	0.12081723832758466	0.11472726290429973
CKB	NA	0.08142350215930957
CKM	0.5023335754977165	1.5363249197603357
CKMT1	NA	0.12991195255252713
CKMT1B	0.7094417487126853	NA
CKMT2	0.4899539283267455	NA
CKS1B	0.33492158203971406	0.2712739229826435
CKS2	0.16698788598080394	0.2633154221995298
CLASP1	0.11872713126975638	0.05698664555223909
CLASP2	0.142716700906116	0.1876658532024894
CLASRP	NA	0.07239804465012291
CLBA1	0.3487312498880155	0.14314096144521063
CLCA3A1	NA	0.09394241958505907
CLCA3A2	NA	0.2182471794628081
CLCA3B	NA	0.03096584344765691
CLCC1	0.2968224101396802	0.15862653206329422
CLCF1	0.6536899746367002	0.10636254994019083
CLCN2	0.4065923284420367	0.18095271696947174
CLCN3	0.37119857620996455	0.07947593925719723
CLCN4	NA	0.09061873686997629
CLCN5	0.6853030697053468	0.05726112543861543
CLCN6	0.32479572926122197	0.07832091407613921
CLCN7	0.1770721867939828	0.0812707928932956
CLCNKA	NA	0.29033325301535023
CLCNKB	NA	0.3036881315998766
CLDN1	1.0305176378597194	0.12223097421044708
CLDN10	0.5540221733523147	0.11231794045811534
CLDN12	0.3646359813148262	0.125888616126062
CLDN14	1.2468241477934399	NA
CLDN15	0.7709064837613667	0.22485304396706998
CLDN16	0.9561771902953148	0.06518644836888397
CLDN19	0.8862276192556523	0.1360280916442855
CLDN2	0.757386610722199	0.18427390180413772
CLDN23	NA	0.1644591984095118
CLDN3	0.9648734023033326	0.2518216749166857
CLDN34C1	NA	0.07751323983570614
CLDN34C2	NA	0.18995829669582598
CLDN4	0.45556666636609916	0.2547734993506944
CLDN5	0.6059619137818401	0.15966785554209306
CLDN6	2.1010042098104362	0.28667021190262193
CLDN7	0.5709369231857152	0.19877893998382845
CLDN8	0.42118041928524	0.12430263026708979
CLDN9	0.5707984273077406	NA
CLDND1	0.2287450281312542	0.1253684140219194
CLDND2	0.7588935484469731	NA
CLEC10A	NA	0.10148057848823447
CLEC11A	0.8297316901037818	0.0796526255154259
CLEC12A	1.206079016580008	0.040590913345900544
CLEC14A	0.3815242259505956	0.14008553119305842
CLEC16A	0.12750742599863157	0.07635861121597746
CLEC17A	3.257595022048973	NA
CLEC18A	NA	0.055847636814047454
CLEC1A	0.6671710729131117	NA
CLEC2B	1.2151184436079943	NA
CLEC2D	1.4649395475933573	0.27518819061926614
CLEC2H	NA	0.28634650337388123
CLEC2L	1.6142628232627656	NA
CLEC3A	1.1721704604390086	NA
CLEC3B	0.9813344643826046	0.5365746186726688
CLEC4A	0.8146725725283817	0.10427489651647574
CLEC4A2	NA	0.1727698552894035
CLEC4A3	NA	0.22021602726235978
CLEC4B1	NA	0.17448158997531263
CLEC4D	1.5060171757099086	0.10608177558326495
CLEC4E	1.3580095493157849	0.02405267328941612
CLEC5A	1.0816327917805943	0.11885831720104166
CLEC6A	1.5584898341107019	0.03316459272951108
CLEC7A	1.1720871183481472	0.3164713981138089
CLEC9A	0.6573076582737272	NA
CLECL1	1.9395924518168608	NA
CLGN	1.0045693937302484	NA
CLHC1	0.3682115754520416	NA
CLIC1	0.2952898739731374	0.06115987849583565
CLIC2	0.2535835423710964	NA
CLIC3	0.7409534300093826	0.46915901749269606
CLIC4	0.4459514394742338	0.0682442830056148
CLIC5	0.7456371198904621	0.1780466454109095
CLIC6	1.061501518358586	0.13770758172361627
CLINT1	0.32301795589946064	0.06818860715057372
CLIP1	0.27581981728168153	0.05622848946577545
CLIP2	0.5440002724936843	0.22349215018631557
CLIP3	0.7511345850485817	0.16995589465002905
CLIP4	0.3430514476358157	0.12326090569136534
CLK1	0.39631265682601685	0.21365306439679485
CLK2	0.2542040195504711	0.09601315008735796
CLK3	0.2222088965674191	0.0933017678706308
CLK4	0.2803368412543491	0.18671780839778965
CLMN	0.5578260330201946	0.1020013397413651
CLMP	0.9072943665800743	0.1424413239341028
CLN3	0.2718848967933211	0.15517368505142518
CLN5	0.33126909073973204	0.13502135205299853
CLN6	0.22627972465878468	0.19929131552064508
CLN8	0.26608535949070655	0.07228636736625679
CLNS1A	0.14228690475061356	0.08832898183131634
CLOCK	0.28591587647281824	0.12253158877217057
CLP1	0.2293066087496094	0.10158489717650558
CLPB	0.386402888857148	0.09873291244832527
CLPP	0.3921763633144416	0.0853905672927773
CLPTM1	0.41650221521373704	0.05242386156307264
CLPTM1L	0.17413559726561972	0.048235944963113425
CLPX	0.3690658114028322	0.1210682163296776
CLRN3	0.8538406155518221	0.1515159249743518
CLSPN	0.6369929980855215	NA
CLSTN1	0.10877215397820619	0.02164918836522747
CLSTN2	0.5778077882551252	0.11491384345004862
CLSTN3	0.1677848772323342	NA
CLTA	0.2690806111801448	0.09249232086413062
CLTB	0.2505534369244164	0.08506898538774385
CLTC	0.31693475416079847	0.11902101767285483
CLTCL1	0.31559664879383864	NA
CLTRN	0.9087113242478645	0.09693666761442464
CLU	1.716483940184911	0.15881732075897545
CLUAP1	0.1884687174129705	0.14440242853727292
CLUH	0.5452453114227163	0.144248607930644
CLYBL	0.5556335947970542	0.12237801811885599
CMAH	1.0184015731657796	0.16295459768205778
CMAS	0.20731664168449696	0.1294572257293747
CMBL	0.76021842736283	0.18475609115087296
CMC1	0.16404861811236163	0.12062368342290403
CMC2	0.3657420048125251	0.10211400524031128
CMC4	0.3235913451887514	0.11527264742767566
CMIP	0.29298203670665596	0.2611876817578912
CMKLR1	0.41888756578492065	0.1078783860827182
CMPK1	0.3205544237096309	0.05473245037071573
CMPK2	0.43236343976162483	0.23368263137439713
CMSS1	0.21733733024426982	0.18823307075164422
CMTM3	NA	0.1731185316909597
CMTM4	0.4666447946023856	0.02990139567466195
CMTM5	0.6605499640935535	NA
CMTM6	0.12599134116019592	0.09117338591042876
CMTM7	0.618106001528522	0.18077398421584145
CMTM8	0.5095289625971932	0.12851227388325173
CMTR1	0.13917340927904562	0.06336390859595002
CMTR2	0.3298171411412316	0.11703671781253673
CMYA5	0.9763763775962516	NA
CNBP	0.1714685917459011	0.09954752181871283
CNDP1	0.6367312004691076	0.10032149476352195
CNDP2	0.7666751401394462	0.16528499017439072
CNEP1R1	0.15254584656137335	0.08037447225013471
CNIH1	0.2148694805477463	0.13740524506684523
CNIH4	0.21393465546736443	0.09166632521952404
CNKSR1	0.4009377964424687	0.1882724287227542
CNKSR3	0.3090860907107101	0.13455330917155592
CNN1	0.7895176676830803	0.192629036131252
CNN2	0.5309338547201855	0.21049226185806758
CNN3	0.17496867877869549	0.14976516252644695
CNNM1	NA	0.14944074836866778
CNNM2	0.453561253031733	0.19686192238846098
CNNM3	0.12358557406124203	0.11734329277596145
CNNM4	0.23951960373728426	0.06959781774535026
CNOT1	0.09794253231108024	0.09128576640023155
CNOT10	0.14265849708723022	0.12104983062409444
CNOT11	0.26785676531680835	0.06879920153288006
CNOT2	0.11311213880315937	0.08695905404837269
CNOT3	0.2491705821051105	0.06844760850382463
CNOT4	0.10401609748181723	0.12329381812948624
CNOT6	0.209693897323149	0.15355382830139577
CNOT6L	0.18898475266312112	0.1178426830338647
CNOT7	0.21961044512033995	0.03140406731955965
CNOT8	0.11073665566489976	0.05198590532199746
CNOT9	0.1304920589331512	0.11354295640904327
CNP	0.5439290241775793	0.07855742724782193
CNPPD1	0.38438518781164516	0.1738574216452311
CNPY2	0.19872394595825832	0.06430172995015328
CNPY3	0.43766406164994653	0.12005994396716506
CNPY4	0.4595596517485945	0.1882559141868221
CNR2	0.6172937973847877	NA
CNRIP1	0.5092312639752714	NA
CNST	0.19598463019010362	0.12852174001385713
CNTF	0.2997937740816068	0.1580063254337866
CNTFR	0.77189625506412	0.24250163283686088
CNTLN	0.5880079111996341	0.10323419026878652
CNTN4	0.6283491845806878	NA
CNTNAP1	0.8691626337437756	NA
CNTNAP2	1.2712339632945917	NA
CNTNAP5	0.9758531806526749	NA
CNTRL	0.5119690397487052	0.21437768673545352
CNTROB	0.3909664526198626	NA
COA3	0.32186341272975416	0.18929944056033873
COA4	0.2940639457499199	0.10766251172032167
COA5	0.35938346598924126	0.10853341628738972
COA6	NA	0.2253648810600795
COA7	0.4706866219841833	0.1598717837362131
COA8	0.3322864241324984	0.12345308756076377
COASY	0.24465643290124597	0.08146017356857918
COBL	0.5096136073058654	0.12912575578760055
COBLL1	0.4021398362858955	0.09300270396918725
COG1	0.1413660735412735	0.12095556566247906
COG2	0.09477472163215922	0.041973992278910244
COG3	0.15041296693171027	0.13310267707409523
COG4	0.2914475986942926	0.09069428142132145
COG5	0.20685019304459862	0.07488566591313195
COG6	0.23698959562491287	0.07312934191978958
COG7	0.27032390040342763	0.04985252165617246
COG8	0.2867179453157623	0.06584106824731653
COIL	0.17358154446988774	0.10974587574424792
COL10A1	1.3377505861003898	NA
COL11A1	0.9901211584922499	NA
COL12A1	1.108008641416191	0.1590740135414247
COL13A1	0.5927995957823996	NA
COL14A1	1.0463289280102182	0.18148787255230914
COL15A1	1.0274872686557202	0.2242910965835367
COL16A1	1.1359892753295555	0.1426138775216829
COL17A1	1.0998616329764224	0.09191975421590265
COL18A1	0.4689341888116246	0.059558265671168675
COL1A1	1.55262981174224	0.4811584786147698
COL1A2	1.4591443095378436	0.3394224608351663
COL20A1	0.8524849457826692	NA
COL21A1	0.9571197897980936	NA
COL22A1	1.430650334695947	NA
COL24A1	0.7127071810223993	NA
COL26A1	0.5570165725148051	NA
COL27A1	0.8840552980319966	0.1376515328528249
COL28A1	2.043621855320322	NA
COL2A1	1.6081129543155255	NA
COL3A1	1.6609388781213432	0.3617657218137226
COL4A1	0.6311603794503851	0.1488182133693077
COL4A2	0.5580030171534499	0.13415171883994845
COL4A3	0.38208016957967833	0.1500745968933676
COL4A4	0.3221022589777484	0.140383143163996
COL4A5	0.38427035595931447	0.13419568583857253
COL4A6	0.340768434663728	0.10776545540234919
COL5A1	1.0684406334898826	0.17679147333034537
COL5A2	0.8753641344044956	0.037180491799936585
COL5A3	0.6063961899133551	0.17153093618050527
COL6A1	1.496547232655267	0.30152930562196034
COL6A2	1.3418350663315661	0.14798621523351652
COL6A3	1.0797384724070562	0.1832228742456543
COL6A5	3.1431986175839146	NA
COL7A1	1.054241275277576	0.08593342371134907
COL8A1	0.9121592146645833	0.1630931413627426
COL8A2	1.3673431336496165	0.07506311834643573
COL9A1	1.5612139424422418	NA
COL9A2	1.4625733032681585	NA
COL9A3	0.8025314407252007	NA
COLCA2	NA	0.16429948186740911
COLEC11	0.6440855572398794	NA
COLEC12	0.9126088467850115	0.17992362507160692
COLGALT1	0.3020629961567768	0.17012540560809714
COLGALT2	0.8896122754988233	0.28468167165519986
COLQ	0.5914033107776538	NA
COMMD1	0.21656371495562388	0.06863436945830764
COMMD10	0.24533530410235538	0.09180721536555615
COMMD1B	NA	0.11038276184262671
COMMD2	0.22884109701950225	0.0745068350521851
COMMD3	0.2755257569614287	0.06617012924008779
COMMD4	0.19745606119384543	0.10737330211869502
COMMD5	0.217276566938079	0.07155178841572395
COMMD6	0.4350610932202302	0.05761545493584888
COMMD7	0.2215831571852874	0.14482375254044963
COMMD8	0.373025602836375	0.05830069662635284
COMMD9	0.25771320161686556	0.17563485652784916
COMT	0.42754620896877454	0.20987453489398128
COMTD1	0.5678927317285409	0.13852507874915812
COP1	0.08727661276739723	0.12429346998058853
COPA	0.315335426717386	0.05530781648095254
COPB1	0.3805262318205703	0.08930358509555335
COPB2	0.24250555689931957	0.03474455021523501
COPE	0.2939131164576149	0.09218263588455082
COPG1	0.30372255215153987	0.0849082698745733
COPG2	0.17241020324063155	0.13612518059651207
COPRS	0.558431448808102	0.1529830217603723
COPS2	0.20790065580291292	0.13306787184103477
COPS3	0.1917579810832268	0.09817011990816414
COPS4	0.19584284022056658	0.04686709751380954
COPS5	0.17916115379068906	0.08490232766727249
COPS6	0.5880118880941608	0.04373945155294905
COPS7A	0.12650081241013414	0.055287590401874975
COPS7B	0.24715256569056218	0.13308594537638663
COPS8	NA	0.03485444741033228
COPS9	0.3729113709361967	0.1094236664353837
COPZ1	0.15098872814122444	0.12176851643349738
COPZ2	0.294019385467742	0.16582495173613795
COQ10A	0.21477009463028482	0.13264445149100038
COQ10B	0.33591030595202814	0.22988011136087258
COQ2	0.3758188203444321	0.12027319305277191
COQ3	0.40143380844957677	0.20456736502284525
COQ4	0.5594311931365146	0.11990107290092106
COQ5	0.37543540995962615	0.08764736100525032
COQ6	0.5709124337821209	0.11403780846318738
COQ7	0.41957016132123565	0.10998741923357275
COQ8A	0.20531049935217946	0.2568085139834
COQ8B	0.4422916959796986	0.044288467916499284
COQ9	0.5132976495109477	0.12899100211366857
CORO1A	1.65190465711106	0.129915539993871
CORO1B	0.15181594332971815	0.03283839723523036
CORO1C	0.23374274216658011	0.1228715882970699
CORO2A	0.9682886242859187	0.24077948710322272
CORO2B	0.5822315667262519	NA
CORO6	0.7755239504238531	NA
CORO7	NA	0.1282883567822475
COTL1	0.7086626773203866	0.14820688982902852
COX10	NA	0.09112233568336264
COX11	0.39871988300210365	0.15036165699561357
COX14	NA	0.14001818374029373
COX15	0.4231667287756877	0.07467768436867867
COX16	0.3442702059006345	0.04583817688423597
COX17	0.33433701625865164	0.1572532182533428
COX18	0.4181075142522325	0.12932613167986012
COX19	0.2864459292742397	0.08965977569114994
COX20	0.43443983889872584	0.0970807874877313
COX4I1	NA	0.09448004114510809
COX4I2	1.00537787722614	NA
COX5A	NA	0.20332203712794378
COX5B	0.4536763927722186	0.08727813521960684
COX5B-PS	NA	0.0847664240921215
COX6A1	NA	0.10408917653155235
COX6A2	NA	0.2093293297181729
COX6B1	NA	0.19626498078632545
COX6B2	NA	0.1963810479519647
COX6C	NA	0.15512584013463196
COX6C2	NA	0.4984726226734912
COX7A1	0.5324743904611432	0.10783988190970294
COX7A2	0.3473022831568766	0.277939860081581
COX7A2L	NA	0.05571834128455527
COX7B	NA	0.18884405079680214
COX7C	NA	0.34341554401177715
COX7C-PS1	NA	0.39970652908137216
COX8A	0.6115696467215035	0.33105068932041015
COX8C	NA	2.8827699993067344
COXFA4	NA	0.18411372941758408
COXFA4L2	0.6844550671787185	0.39146614319344725
COXFA4L3	NA	0.18577423529821593
CP	NA	0.14780084662431298
CPA2	0.8645634049589375	NA
CPAMD8	0.5146280620403098	NA
CPAP	0.27868244742078013	NA
CPD	0.4270846177733976	0.0975054445696448
CPE	0.8373181032371906	0.6319936951301335
CPEB1	0.45149447577829016	0.20428283077200818
CPEB2	0.3746648250979907	0.12582615686580317
CPEB3	0.2854274704971187	0.2183581787108146
CPEB4	0.4146347793917985	0.16726897350866216
CPED1	0.5638348439126712	0.10731329422054357
CPLANE1	0.2651684574592382	0.10473338829860404
CPLANE2	0.28789171689008397	NA
CPLX1	1.0197633668140607	NA
CPLX2	NA	0.1885916658589229
CPM	0.3581114040622107	0.249325566439176
CPN1	0.3155449462968137	0.12212558660154697
CPN2	0.8771794252241358	NA
CPNE1	0.1660704610574303	0.08357728995080402
CPNE2	0.5713615670426804	0.07357918569385305
CPNE3	0.3250428518270894	0.09088043674275899
CPNE4	2.1654858976198534	0.1626724487503721
CPNE5	1.5569140149828469	NA
CPNE7	1.991762750088845	0.06251738106049333
CPNE8	0.5553041140249997	0.07662253934751685
CPNE9	0.8145535370707332	NA
CPOX	0.724325884659519	0.16854996408893008
CPPED1	0.6494102848633723	0.07477019807485408
CPQ	0.29124012596528925	0.09354362057125935
CPSF1	0.12796075943818896	0.06699253574701175
CPSF2	0.37490254741264034	0.11794452022049486
CPSF3	0.143909624919374	0.07317939616234855
CPSF4	0.1752585416231628	0.0862316803474931
CPSF6	0.20352944326623099	0.09367501616072423
CPSF7	0.11309244256614297	0.1004438865020576
CPT1A	0.5807421806350537	0.1458763383119648
CPT1B	0.3370223056360683	0.15444688621004338
CPT1C	0.7456799044954922	NA
CPT2	NA	0.1732438412638754
CPTP	0.3784527266086408	0.09281210208601433
CPXM1	2.3597309044024493	0.09864159519036625
CPXM2	1.0697496995953295	0.2576839717042087
CPZ	1.2337896942871385	0.12026153978418277
CR1	NA	0.06539756955396986
CR1L	0.7643619981307326	NA
CR2	2.6216056800837175	NA
CRABP1	0.8942389928028701	NA
CRABP2	0.7835124829727779	NA
CRACD	0.8828184601708993	NA
CRACDL	0.9622754618937701	NA
CRACR2A	0.6230647937581414	NA
CRACR2B	0.6490010223996443	0.10869208080428014
CRADD	0.2611695630960185	0.16223527914987157
CRAMP1	0.20564180917167324	NA
CRAMP1L	NA	0.10339311809547348
CRAT	0.6315723576759001	0.15006315591555408
CRB2	0.5082177813963135	NA
CRB3	0.3621484107407764	0.11291484310200535
CRBN	0.26429950956924003	0.12699916425848237
CRCP	0.2373342899819646	0.09187303021895958
CREB1	0.2365516981137317	0.18739571667989444
CREB3	0.19101752032729094	0.13117353942276852
CREB3L1	1.1601909768581606	0.16447365412355394
CREB3L2	0.21127221458539414	0.07856473076501863
CREB3L3	2.158277213550403	NA
CREB3L4	0.47560300349417267	NA
CREB5	1.1350210141193382	NA
CREBBP	0.172377731432814	0.07715380565459908
CREBL2	0.29486067079148737	0.11242041946244656
CREBRF	0.24770365729234936	0.37628818729848507
CREBZF	0.22256257423848683	0.13526508804214663
CREG1	0.3382741125882125	0.08215354046394853
CRELD1	0.21825973027276685	0.0760454889312988
CRELD2	0.2947835877713518	0.7527978049337078
CREM	0.3276959638554357	0.10216690175436137
CRHBP	0.42638555871181755	NA
CRHR1	1.6864747157155087	NA
CRHR2	1.03937219262443	NA
CRIM1	0.3201303798476629	0.14622155355125432
CRIP1	0.35313859407576564	0.27438350280824225
CRIP2	0.3103162190394571	0.31640586782712915
CRIP3	1.3279198361908844	NA
CRIPT	0.21919680585402856	0.10452908754567808
CRISP1	1.7612134222103237	0.04877641015148955
CRISPLD1	0.9951343762585038	NA
CRISPLD2	0.6768731128316241	0.17050129903754102
CRK	0.24596835457273034	0.10998871939371258
CRKL	0.10798712842958999	0.0814598113756001
CRLF1	1.5583748825409935	0.09732473982121971
CRLF2	0.8977267081658116	0.11252932751601093
CRLF3	0.6018969420359404	0.11768907592747925
CRLS1	0.4305209194858613	0.09971330069291959
CRNKL1	0.11592646749742204	0.14854007711805545
CROCC	0.33888282441693296	0.13191817019091334
CROCC2	0.8541691626108965	NA
CROT	0.3125662274318304	0.24264054849250882
CRPPA	0.33353694326269373	NA
CRRY-PS	NA	0.17459535345125227
CRTAC1	0.8976989378508982	NA
CRTAP	0.4748598949477125	0.07791123094547506
CRTC1	0.3215575182759872	0.027627179784229555
CRTC2	0.34889251726629306	0.11071301873509382
CRTC3	0.3503153757738703	0.07371924780277513
CRY1	0.21383145786708554	0.39302244429883937
CRY2	0.5523350736289622	0.2618029388030483
CRYAA	2.9684612545347027	NA
CRYAB	0.6402867465170311	0.1337088109635298
CRYBG1	0.4214467772978028	0.1407265327841563
CRYBG2	0.7545342641836738	NA
CRYBG3	0.4622368158712055	0.12857132680926778
CRYGA	NA	0.4826613740661222
CRYL1	0.6719476834896725	0.0344823249703477
CRYM	0.7245416642940813	0.15758637920642174
CRYZ	0.513934814029135	0.02205528363130909
CRYZL1	0.13617222100555193	0.14062580364684024
CRYZL2	NA	0.10356497859111026
CS	0.40681516217630037	0.06833337700344294
CSAD	0.922797929880236	0.07146406783646352
CSDC2	0.31254989116240284	0.0833981909870117
CSDE1	0.2626641031058135	0.07478706293260017
CSE1L	0.1375471170699001	0.10104322387431695
CSF1	0.6030112233379725	0.1310641837826567
CSF1R	0.9358068447621185	0.174952236945956
CSF2RA	NA	0.15711835864567136
CSF2RB	0.7593043932233633	0.08217597066484864
CSF2RB2	NA	0.10898932685649836
CSF3	NA	0.027556140419476235
CSF3R	1.082123523431697	0.1062521625843164
CSGALNACT1	0.4494970380372538	0.17109171248589214
CSGALNACT2	0.28931089621974937	0.1316481835237263
CSK	0.6123161364213433	0.15465022199502015
CSKMT	0.41368318792617276	NA
CSMD2	0.8606127334910527	NA
CSNK1A1	0.16941026985005792	0.07338131492049985
CSNK1D	0.12161433777059943	0.03367535909273682
CSNK1E	NA	0.16192846947949366
CSNK1G1	0.22823654491761095	0.07557763449086116
CSNK1G2	0.19395336423973128	0.1302441614344884
CSNK1G3	0.2420580886947448	0.08796134376692119
CSNK2A1	0.1082554024736005	0.06756657719840235
CSNK2A1-PS3	NA	0.12412110229214772
CSNK2A2	0.1343753825753328	0.05393218179958156
CSNK2B	0.21885173516860953	0.09045522384307736
CSPG4	0.7143457511229575	0.23074676138586683
CSPG4B	0.3154117411808939	0.15142575092957455
CSPG5	0.9718905906889561	NA
CSPP1	0.332799231119474	0.12548580332627143
CSRNP1	0.38016195089106475	0.23227556788064316
CSRNP2	0.3969045799112567	0.11814403274275292
CSRNP3	0.7971933964813404	NA
CSRP1	0.4435552086940434	0.21432331339910451
CSRP2	0.7505608703676624	0.06982360354436835
CST3	0.32471967118048406	0.16390621292197843
CST6	0.34085399364875474	NA
CST7	1.1986934645013518	NA
CSTB	0.45000254459347566	0.11798990278144862
CSTDC5	NA	0.07551503639919756
CSTF1	0.10923192895999694	0.07172394742055849
CSTF2	0.22115467131415156	0.10115096069788158
CSTF2T	0.12203426221623617	0.13875055844080794
CSTF3	0.11030814656137138	0.19855657217675995
CTBP1	0.22521601181558226	0.10528517403161815
CTBP2	0.14373205285943458	0.08767182140165033
CTBS	NA	0.18265449208340434
CTC1	0.1712916497934149	0.13961034658816474
CTCF	0.17241190960737846	0.1261849844293145
CTDNEP1	0.18614691210999673	0.14656015864300487
CTDP1	0.12037644588703245	0.09738032977791941
CTDSP1	0.18780827633811364	0.1717255952288319
CTDSP2	0.15795098450084608	0.19827775897189245
CTDSP2-PS	NA	0.08778561446206766
CTDSPL	0.35325528190411315	0.16565645245516616
CTDSPL2	0.22798363549876785	0.09511924084926494
CTF1	NA	0.3114124953998063
CTH	1.0950387136883661	0.14898933984237195
CTHRC1	2.0275771471230404	NA
CTIF	0.23138343218292437	0.037908031767438184
CTLA2A	NA	0.05223534434021359
CTLA2B	NA	0.09635889436870591
CTLA4	1.1922277704429494	NA
CTNNA1	0.3662340683034267	0.08224690613311811
CTNNA3	0.5694142280987966	NA
CTNNAL1	0.37480699826546005	0.05146679303668711
CTNNB1	0.19881525045943438	0.07269633546212415
CTNNBIP1	0.2852261585580495	0.0883276331779133
CTNNBL1	0.1911406924107535	0.19855659745961443
CTNND1	0.34849593444389493	0.048425980351331506
CTNS	0.26439184389780507	0.12994298588106382
CTPS	NA	0.3136082137421937
CTPS1	0.3361449874645291	NA
CTPS2	0.4610021892498012	0.10128151498401673
CTR9	0.19212050066863567	0.11409249913669305
CTSA	0.22066295339185169	0.07039967401391763
CTSB	0.7855614253021252	0.09655033682065484
CTSC	0.2021283501057778	0.09555201803748832
CTSD	0.24473955288503815	0.08480285813502628
CTSE	NA	0.2873060800781138
CTSF	0.2313666635725444	0.21714379291489383
CTSH	0.5220180172111882	0.14369643318506284
CTSK	0.466726524669555	0.2726964399679457
CTSL	NA	0.09355814000545296
CTSO	0.493745268861133	0.1987121435073631
CTSS	0.558252584790043	0.1411722182585264
CTSW	1.4613302662158336	0.10238601736126611
CTSZ	0.5353597542233957	0.12558484973303038
CTTN	0.25618469994347665	0.06979891321599103
CTTNBP2	0.6713568917628333	0.0559697247950255
CTTNBP2NL	0.392597538874171	0.15212034937530935
CTU1	NA	0.06488289025930281
CTU2	0.21992618207005257	0.06670537810346804
CTXN1	0.3403386771981093	0.21746962362472816
CTXN3	NA	0.17389891232275442
CTXND1	0.7314384640887921	NA
CTXND2	0.8129926020899725	NA
CUBN	0.7648905705208389	0.14016496546786383
CUEDC1	0.3566714405955793	0.2105794267053597
CUEDC2	0.18351666980181602	0.12998180786436142
CUL1	0.10570849485569643	0.11333129449727826
CUL2	0.2229211297369295	0.20002411384467772
CUL3	0.2610571506137969	0.04650374465490539
CUL4A	0.18753536207394012	0.13026536777386039
CUL4B	0.147520736952025	0.05423584096744665
CUL5	0.3429282664001148	0.04849881539133556
CUL7	0.33105252414054687	0.1465953144346849
CUL9	0.20820888439239443	0.1602241368188686
CUPIN1	0.40741148088162066	NA
CUTA	0.30933084880928396	0.10728953226635747
CUTAL	NA	0.09253431278946554
CUTC	0.28362320307859085	0.1793264756128681
CUX1	0.341161646000812	0.06148848009280254
CWC15	0.15686434495463827	0.05895868550261222
CWC22	0.12567688009672934	0.12217989781128179
CWC25	0.12044185852129563	0.12278701168766909
CWC27	0.23629782099442512	0.1976760493824609
CWF19L1	0.17782538526159153	0.05977154326012088
CWF19L2	0.22399511499303595	0.13171506650617884
CWH43	NA	0.2572117134495394
CX3CL1	0.5425461019820039	0.14451090894049445
CX3CR1	1.6864796717033759	0.17372759669084512
CXADR	0.5840614311229066	0.07443232140179501
CXCL1	NA	0.29252398195922913
CXCL10	2.1424697766015686	0.267087593554937
CXCL12	0.6388191695548322	0.3805188634729967
CXCL13	3.8406802842402312	0.22161687705623748
CXCL14	1.312600849150696	0.3316642725829453
CXCL16	0.851610063591228	0.10679942449609067
CXCL17	NA	0.26583822780210425
CXCL2	NA	0.1613758834229548
CXCL3	NA	0.047221391821617956
CXCL6	NA	0.20278203980916712
CXCL8	2.0017430929554907	NA
CXCL9	1.8735963881108073	0.19979138336683758
CXCR2	0.7747797275303223	0.03349577844801772
CXCR3	1.5301898882081357	NA
CXCR4	1.2988999564433983	0.35829162032719053
CXCR5	2.797539925909516	NA
CXCR6	1.4619669989685222	0.14039212625439976
CXHXORF38	0.23627495831070106	NA
CXORF38	NA	0.16046230521693583
CXXC1	0.3467472566906815	0.18474230678271328
CXXC4	1.1054170536571546	NA
CXXC5	0.2993236647352748	0.2404454655080641
CYB561	0.48218995097929984	0.2276427749806767
CYB561A3	0.5721151904741556	0.11091717428298287
CYB561D1	0.3984338051970764	0.05930032702472916
CYB561D2	NA	0.16761972220030677
CYB5A	0.3775004570177106	0.11514991252171916
CYB5B	NA	0.05324112274118054
CYB5D1	0.3394437675979272	0.16395322497691758
CYB5D2	NA	0.06966103077020622
CYB5R1	NA	0.12226158421041228
CYB5R3	0.4630820082700377	0.09766520102846105
CYB5R4	0.2280293776479566	0.1087627715104342
CYB5RL	NA	0.044109856554712217
CYBA	0.4227439629144705	0.07737346606676818
CYBB	1.3510862381810902	0.15677187111654503
CYBC1	0.18529760049263577	0.15172529345426333
CYBRD1	0.5851349197334561	NA
CYC1	0.4941620405479135	0.13043840121478548
CYCS	NA	0.08618374570585721
CYFIP1	0.15941993208327893	0.07346238539288959
CYFIP2	0.41396639436511934	0.18262656552527526
CYGB	0.6559807869356746	0.2593645666990606
CYHR1	NA	0.06616461952748817
CYLD	0.2369737051906747	0.049653312699409716
CYP11A1	NA	0.014186730186921605
CYP11B1	NA	0.01977265119925702
CYP11B2	NA	0.0
CYP1A1	3.898321823293373	NA
CYP1B1	0.8687756680809889	0.07261532782747858
CYP20A1	0.3784789459477989	0.0639184061148105
CYP21A2	1.1431810973140415	0.04812013415778635
CYP21A2-PS	NA	0.0
CYP24A1	3.1402813394764917	0.5581134232867515
CYP26B1	1.0436947997791552	0.4149820194587523
CYP27A1	0.3812575775974516	0.14067682443912577
CYP27B1	2.2882241004349924	0.4451775709507418
CYP27C1	0.9867294579324278	NA
CYP2A21-PS	NA	0.3537320001217595
CYP2A4	NA	0.2837257481139088
CYP2A5	NA	0.3892903480348607
CYP2C23	NA	0.29943460654287746
CYP2C41	0.36811819707000004	NA
CYP2D12	NA	0.6789359359752223
CYP2D22	NA	0.12711453976764292
CYP2D26	NA	0.4932820961712195
CYP2D9	NA	0.316989411656256
CYP2E1	NA	0.8623870457743722
CYP2F1	NA	1.5110617762916412
CYP2J11	NA	0.12160817522875501
CYP2J13	NA	0.3187703061135603
CYP2J2	1.028074255454811	NA
CYP2J5	NA	0.14059128526622422
CYP2J6	NA	0.14397221941615101
CYP2J9	NA	0.12478513041417037
CYP2R1	0.9300445038089342	NA
CYP2S1	0.8270468132620478	0.30023744221866044
CYP2U1	0.37103680232772734	0.09446038040716502
CYP39A1	0.6666583637888565	0.23162851447037786
CYP3A131	0.5792225539707357	NA
CYP46A1	0.6365736284219663	NA
CYP4A10	NA	0.4047084278868427
CYP4A105P	1.3374883867597807	NA
CYP4A106	0.6778973387074018	NA
CYP4A12A	NA	1.0939927877580373
CYP4A12B	NA	0.9325455398924271
CYP4A14	NA	0.6105921469359714
CYP4A31	NA	0.29640084924753085
CYP4A32	NA	1.4625621050224655
CYP4A37	0.8332468330768869	NA
CYP4B1	1.005933603866013	0.16542356799659794
CYP4B1-PS1	NA	1.3419532150522597
CYP4B1-PS2	NA	2.5218286776860985
CYP4F13	NA	0.17000033497250225
CYP4F140	1.9865287095119124	NA
CYP4F16	NA	0.15816231865139682
CYP4F17	NA	0.1487432487431932
CYP4F3	NA	0.18468658710901592
CYP4V2	0.6277689611981564	0.08723136596679286
CYP4X1	1.196097669532202	NA
CYP51A1	0.26431739645902236	0.3106089391303829
CYP7B1	0.7435405111098607	0.3487377240767124
CYP8B1	1.241588474959669	NA
CYREN	0.5028409448775448	NA
CYRIA	0.6238805701364389	0.06576711947037875
CYRIB	0.3732280829815482	0.019011106960439755
CYS1	0.5107687760446465	0.15678113966632054
CYSLTR1	0.9664381872173738	0.11103870812657372
CYSLTR2	1.1243557262790058	NA
CYSRT1	0.5469068083276206	NA
CYSTM1	0.4616819202808502	0.18710775211415215
CYTH1	0.5159385714433786	0.13689111092724426
CYTH2	0.3061917364423147	0.13557132934936286
CYTH3	0.40039216550549656	0.09502959313555968
CYTH4	1.1780639924024137	0.11745171127813896
CYTIP	0.6966085194319114	0.1264076466483019
CYYR1	0.4545726739692173	0.23205389758276243
CZIB	0.1810647648523032	0.0441143818760395
D11WSU47E	NA	0.15111373370000947
D230025D16RIK	NA	0.2679422547777474
D2HGDH	0.5347642525892514	0.14797454455598127
D330023K18RIK	NA	0.24483336080624896
D630011A20RIK	NA	0.26232194064923625
D630024D03RIK	NA	0.3942422051541518
D630029K05RIK	NA	0.24590107961951518
D630033A02RIK	NA	0.12721945831789375
D730003I15RIK	NA	0.16884342787992512
D730005E14RIK	NA	0.14101632110117732
D830050J10RIK	NA	0.14870568409835305
D930048N14RIK	NA	0.1454784136053229
DAAM1	0.18182102080613832	0.07607311654874842
DAAM2	0.3797163448200087	0.08563758969114273
DAB1	0.6668200234972969	NA
DAB2	0.47207934826072223	0.060405088363704944
DAB2IP	0.392581536467066	0.055777214232193735
DACH1	0.34594955113927656	0.12808134736243723
DACT1	1.0378433595393475	0.24680720419196076
DACT2	NA	0.12333061788671083
DACT3	0.7767195007491604	0.22605222506763134
DAD1	0.29596591761735797	0.20502110618141117
DAG1	0.38982010594178496	0.06098105466925207
DAGLA	0.5432570946037301	NA
DAGLB	0.24485672241209308	0.04491893949842147
DALRD3	0.2170095966671036	0.13324895926745728
DANCR	NA	0.16159630376410533
DAND5	NA	0.048785526260321684
DAO	1.032257673893022	0.15811223432518998
DAP	NA	0.1318410957331489
DAP3	0.24689458935013178	0.13423058510400426
DAPK1	0.3640977164502501	0.10376181544482574
DAPK2	0.4756086778080465	0.10733336709938861
DAPK3	0.22857633995347856	0.04892343763670519
DAPL1	NA	0.16419923639722242
DAPP1	1.376317769672156	0.07899971356324158
DARS	NA	0.08739199749665802
DARS1	0.1794360606277184	NA
DARS2	0.41972179944744575	0.11642601064757659
DAW1	1.0529188267642717	NA
DAXX	0.16999809095922722	0.10359660105705278
DAZAP1	0.15737311305505433	0.11433410227086092
DAZAP2	0.1965335532943566	0.17040326480420526
DBF4	0.4759224081861364	0.07896040115152149
DBF4B	0.6294529908628987	NA
DBI	0.7594415994770315	0.1414190444723668
DBN1	0.6203365745623909	0.17772764285548975
DBNDD1	0.6214298239671532	NA
DBNDD2	0.3159562184362515	0.08704824090879465
DBNL	0.38076789602844535	0.12982024713364762
DBP	NA	0.5655292251732329
DBR1	0.27757091313218873	0.13733293228968668
DBT	0.5490132221388435	0.16877074330266645
DCAF1	0.12174755425337573	0.04428213811551929
DCAF10	0.3198060226619412	0.05423855333747688
DCAF11	0.25467641981777084	0.12875605411821872
DCAF12	0.29150190741272075	0.11076774164980505
DCAF12L1	NA	0.0647575222288754
DCAF13	0.19826569922371287	0.08043697987963644
DCAF15	0.42305894052866616	0.12188425554185489
DCAF16	0.47184400303333773	NA
DCAF17	0.28584612222510636	0.10223559775672204
DCAF4	0.2775802658276861	0.12251821207041277
DCAF5	0.11662384607387384	0.06479888859036936
DCAF6	0.1901315850983147	0.07072488302913457
DCAF7	0.2670315357082004	0.08068852389263366
DCAF8	0.16072472122587464	0.09881012485753624
DCAKD	0.3102434193990789	0.09366472835139222
DCBLD1	0.16838964164759315	0.14702856792116
DCBLD2	0.33587474709461584	0.12231112334173268
DCC	0.6855996084754422	NA
DCDC1	0.6198761086019271	NA
DCDC2	0.7327998278522018	0.09337381365090057
DCHS1	0.5696879636146788	NA
DCK	NA	0.11323606794210483
DCLK1	0.7266437756198694	NA
DCLK2	0.5731882914886729	NA
DCLK3	NA	0.22694552815118837
DCLRE1A	0.23670693436808785	0.14648150419288705
DCLRE1B	0.36343610415430216	0.06719660566302334
DCLRE1C	0.24281450077805133	NA
DCN	1.385939527158678	0.36689607621364295
DCP1A	0.128585854595367	0.0758840243569984
DCP1B	0.23084864207933942	0.1867983192307285
DCP2	0.1766687181684461	0.04799625663698058
DCPH1	0.2982497255365647	0.06231473671857013
DCPS	0.1935193982069246	0.10540543417430087
DCST1	1.2139774989052952	NA
DCST2	1.7371535877597382	NA
DCTD	0.4597492158781759	0.10715233625023525
DCTN1	0.10009679129579865	0.0908747890806049
DCTN2	0.11947384957221512	0.06755366219788542
DCTN3	0.3277975039605366	0.08756178231990706
DCTN4	0.1621987899483405	0.03659043678458551
DCTN5	0.10735458077039178	0.14754883139652106
DCTN6	0.40504276403411865	0.13355275162434052
DCTPP1	0.4208115138790886	0.14963536479812026
DCUN1D1	0.26380749834451733	0.0925007370241578
DCUN1D2	0.4346950244675294	0.08259616891593968
DCUN1D3	0.24454625185450304	0.19768527368529784
DCUN1D4	0.25638432202662903	0.07998819909770874
DCUN1D5	0.23563965454187527	0.07740164305321681
DCXR	0.5735281802515564	0.15600852841725302
DDA1	0.10555586771295448	0.13609067500047914
DDAH1	0.6022326851003204	0.07526133266773337
DDAH2	0.5607786667288003	0.0921483632426754
DDB1	0.14714131125675983	0.1111082539916662
DDB2	0.86926710360107	0.21649171626406957
DDC	1.30325182756654	0.20852572568772595
DDHD1	0.4492166681084759	0.054577263861982285
DDHD2	0.23289619460075003	0.2501325636513589
DDI2	0.23773776957392698	NA
DDIAS	NA	0.10546008809729841
DDIT3	0.32682130728160214	0.30555845632681683
DDIT4	0.5445541370734709	0.619508299445175
DDIT4L	0.7874595460341411	0.21682058883004987
DDN	0.7667226796386288	0.08902059707284486
DDO	0.5392925367361097	0.24447728962140436
DDOST	0.12525857288406014	0.12735747672451192
DDR1	0.42872013101902845	0.0672093302930434
DDR2	0.33919932256076313	0.07211240439740009
DDRGK1	0.183212736670008	0.1415346456647366
DDT	0.5460629475978059	0.11941396296091096
DDX1	0.2719012466784296	0.02886212996521488
DDX10	0.14052012262455243	0.09660648026134994
DDX11	0.37817698027791924	NA
DDX17	0.19218862702202613	0.18668653828363255
DDX18	0.16455007565569413	0.08671041021864932
DDX19A	NA	0.04316572659033159
DDX19B	0.27438602992634853	0.10096445868665456
DDX20	0.1428513716335873	0.05319027388681221
DDX21	0.25387529244012874	0.15849900945182627
DDX23	0.12937687158715955	0.06786362484946233
DDX24	0.19681108523813862	0.07977778647107278
DDX25	0.9581200534107612	NA
DDX27	0.18561486370367838	0.1562500798307596
DDX28	0.4840037427619756	0.12870687878347034
DDX31	0.1317404426939544	0.21761205218464474
DDX39A	0.23964853543668047	0.09098324894708415
DDX39B	0.2130557545412457	0.10646694372445423
DDX3X	0.3907894496212757	0.09388631397458685
DDX3Y	NA	0.09841777070319016
DDX41	0.18936042047891602	0.11371714650491554
DDX42	0.11157879585558024	0.12073890648383355
DDX46	0.1158297864903117	0.16419562606970708
DDX47	0.20213043500340327	0.0519653604547111
DDX49	0.17235395472035372	0.10798864675112003
DDX5	0.12418506703835126	0.08808734188741262
DDX50	0.36090575712992184	0.07377726510583382
DDX51	0.4789666415420586	0.10194165078816832
DDX52	NA	0.14889890443105974
DDX54	0.20560220939306556	0.10865444111268649
DDX55	0.24910615027896052	0.07139368200156034
DDX56	0.39522572895365243	0.07879327601612893
DDX58	0.7871750575742432	0.1316825355202512
DDX59	0.09624451027499421	0.17155849395721198
DDX6	0.21482754700317272	0.14705848791352322
DDX60	0.9806131341876207	NA
DEAF1	0.299110409224499	0.08357156345634054
DECR1	0.6549464035654716	0.1018760288140418
DECR2	0.5557816124254238	0.2707644465154073
DEDD	0.14218982389737025	0.07186832604122062
DEDD2	0.22135822008383127	0.14085222084026994
DEF6	1.1778863424999373	0.2205558945717185
DEF8	0.1512078189667303	0.05639693379019979
DEFB1	0.714273137457488	0.3126449115849671
DEFB11	NA	0.22979857248750113
DEFB116	NA	0.19895736851995663
DEFB119	NA	0.34103017487123805
DEFB123	NA	0.1783288631366014
DEFB136	NA	0.23226144627238193
DEFB2	NA	0.5091951860225216
DEGS1	0.28254311287766853	0.14526592755819104
DEGS2	0.3367767433947015	0.2177253121746129
DEK	0.18994821916579208	0.0954133019148766
DELE1	0.1372287554765962	0.06693242916994083
DENN2B	NA	0.19709055194705924
DENND10	0.20391118614267362	0.07872576403989255
DENND11	0.43287843512544655	0.08789627719387051
DENND1A	0.2581182666974636	0.037711186860220645
DENND1B	0.33165840490198856	0.07241837111340442
DENND1C	1.671725428147104	NA
DENND2A	0.4944173984559387	0.058975222039087116
DENND2B	0.3493629025746614	NA
DENND2C	0.3782214712442889	NA
DENND2D	0.34296229753884283	0.11756461944888115
DENND3	0.4623140704159546	0.2426902976538874
DENND4A	0.2717433374726811	0.05593116934745388
DENND4B	0.3934605422139004	0.1803310284676917
DENND4C	0.27350333808485733	0.08028372464080287
DENND5A	0.3812816091427041	0.023818944757806423
DENND5B	0.3659758343760235	0.093464526377425
DENND6A	0.1803815399795102	0.13847042055816117
DENND6B	0.2956071359142397	NA
DENR	0.1258717765290943	0.03543574350126724
DEPDC1	NA	0.09411027641915455
DEPDC1B	NA	0.08042153265597357
DEPDC5	0.18808281554593578	0.06491088187285976
DEPDC7	0.4776217565688506	0.15627984851263552
DEPP1	1.1613961747541544	0.5412129318400716
DEPTOR	0.41266403817897174	0.08319830209600378
DERA	0.24236089513226697	0.11935586193065337
DERL1	0.13807714618357297	0.0357979168857045
DERL2	0.18942398494825452	0.06531784570991298
DERL3	0.7854116098247195	NA
DERPC	NA	0.08271549203531446
DES	0.50206301414576	0.10241563615562894
DESI1	0.2575347246769575	0.0981257153389427
DESI2	0.1916149909321599	0.05158005787021738
DET1	0.19878372560557725	0.1282912464976258
DEUP1	0.8841243617521181	NA
DEXI	0.33265198566901333	NA
DFFA	0.19712493574904105	0.1034829854263335
DFFB	0.3002647428524257	0.0663358385129868
DGAT1	0.42654282990523057	0.11037454251360154
DGAT2	NA	0.5544071629077842
DGCR2	0.16172739135709568	0.1942779308350299
DGCR6	NA	0.10800361544735018
DGCR6L	0.27937781439176906	NA
DGCR8	0.15549041717690773	0.1311111295654181
DGKA	0.9980722078595432	0.16457749058920512
DGKD	0.2103422898210061	0.17500505396212782
DGKE	0.28770778300257344	0.11430974239769315
DGKG	1.11257971613211	NA
DGKH	0.4338617824387053	0.18727733611945432
DGKQ	0.4286532429559494	0.16439821514348762
DGKZ	0.30075121616535144	0.0866291083191322
DGLUCY	0.7128138452407201	0.15308455359023818
DGUOK	0.19960254843418662	0.06902597409291258
DHCR24	0.5054376023739457	0.26057130990780686
DHCR7	0.42494921161834354	0.09932025930782551
DHDDS	0.2703253145001144	0.15812977325549932
DHDH	1.1098984471508098	0.3129976649605355
DHFR	0.5341530684599339	0.08430397897606831
DHODH	0.35790223138418525	0.06692824008611307
DHPS	0.15437019195742138	0.09688411786273791
DHRS1	0.25309740041142065	0.0786257513190924
DHRS11	NA	0.1540451225238258
DHRS13	0.570941355096322	0.13388951473841196
DHRS3	0.3111796365119899	0.28307155147618357
DHRS4	NA	0.12064272524038733
DHRS7	0.4316865453174049	0.206522887270264
DHRS7B	0.3026929657213082	0.07239233475465993
DHRSX	0.23159715350125473	NA
DHTKD1	0.9650916857341183	0.21852690120829715
DHX15	0.17457132484846818	0.15801902218162886
DHX16	0.19271781480496936	0.10283878283842572
DHX29	0.2858934312810044	0.11460233474003577
DHX30	0.12576513521956392	0.03836023997454995
DHX32	0.6490247025179426	0.11027249311746408
DHX33	0.18584131951180485	0.04470559997388311
DHX34	0.5845549544390248	0.18239306503724095
DHX35	0.14013315277903912	0.11005399942836318
DHX36	0.1789698140259429	0.057241990754280804
DHX37	0.20498681127828403	0.08675875111072236
DHX38	0.1896886946306019	0.09128140824913063
DHX40	0.2598534466315027	0.16825725982972078
DHX57	0.23882519045731315	0.126052373427732
DHX58	0.9979924335238156	0.12832010775161032
DHX8	0.10050078334622775	0.09975808183159035
DHX9	0.20627825989765877	0.06199849713175401
DIABLO	0.3166771131068276	0.05100666644654253
DIAPH1	0.24076316226073763	0.05440378646385199
DIAPH2	0.31282311412761316	0.10489810360392067
DIAPH3	0.9561529025869527	0.03499920302577137
DICER1	0.1405636843078266	0.08777864521707257
DIDO1	0.15486660802532	0.12670620012265937
DIMT1	0.1494084276546578	0.13618641189947933
DIO1	0.7247065903306392	0.850436905289098
DIO2	2.132787903449058	NA
DIO3	1.5298378797229406	NA
DIO3OS	NA	0.20289232595240383
DIP2A	0.12386219037154082	0.13767039481855622
DIP2B	0.16948584272899167	0.07720814482361163
DIP2C	0.2662041919896708	0.06596937964508602
DIPK1A	0.20748881413185036	0.11125840855230153
DIPK2A	0.487401819862125	0.04948646539334608
DIPK2B	0.7998687659290706	NA
DIRAS1	0.7545186199012233	NA
DIS3	0.22213426712740258	0.05899431684086361
DIS3L	0.18979157644169511	0.15231458545825155
DIS3L2	0.224774025032058	0.0748010749800026
DISC1	0.8914563828002919	NA
DISP1	0.24630565909427113	NA
DIXDC1	0.4833222542121865	0.06074903636769222
DKC1	0.14921422051545066	0.10780722098190067
DKK2	1.3165453034695844	0.20854215648180296
DKK3	0.9243944027893309	0.07413312354264878
DKKL1	0.5252037439215467	NA
DLAT	0.5749458685785814	0.11703843011574534
DLC1	0.2781623841412057	0.09597055206218345
DLD	0.5608666604014327	0.10928737445579119
DLEC1	0.4152904316585294	0.18038285821490735
DLEU2	NA	0.14306655113721004
DLEU7	NA	0.6432204887755166
DLG1	0.19624514659714457	0.13982120301706236
DLG2	0.5063178265008347	NA
DLG3	0.27367581868808344	0.1460956336511673
DLG4	0.7133830530437072	NA
DLG5	0.33642294787498683	0.06835938567493687
DLGAP1	0.83992321786689	NA
DLGAP3	0.5725068478569274	NA
DLGAP4	0.23863735635977518	0.0963740259624519
DLGAP5	1.2059386282631668	0.039493252636500706
DLL1	0.3622395933958921	0.22719087918169248
DLL4	0.5302422302649218	0.11259116562646376
DLST	0.5811621765569194	0.07858236056437852
DMAC1	0.3584737733014396	0.21063046568367647
DMAC2	0.1795473603206054	0.07556659153431827
DMAC2L	0.5751388363534415	0.09537659350203344
DMAP1	0.22782250627173806	0.12076457195355608
DMD	0.47569604167764745	NA
DMGDH	0.9455628137679047	0.11388722052179229
DMKN	2.6006103051092033	NA
DMPK	0.5428214033917277	0.168749489024879
DMRT2	0.80959177287507	0.19573174004813312
DMRT3	2.434438445224933	NA
DMTF1	0.20203291232970386	0.08074485194072616
DMTN	0.5234074594744205	0.09133998622250747
DMWD	0.2181151258444826	0.0856810663221232
DMXL1	0.3459845125582954	0.14453105005507166
DMXL2	0.5391466994697962	0.14340927758863284
DNA2	NA	0.05739543966221589
DNAAF1	0.8466578433211966	NA
DNAAF10	0.28124730036550477	NA
DNAAF11	0.4985074231030262	NA
DNAAF19	0.33795460987853765	NA
DNAAF2	0.33784235499526083	0.17160269139610856
DNAAF3	0.597156684702762	NA
DNAAF4	0.39188841778726646	NA
DNAAF5	0.3155889287025098	0.13638731354922926
DNAH1	0.6096140276656745	NA
DNAH10	0.8235617579681451	NA
DNAH11	0.7246027789823493	NA
DNAH12	0.788924398542024	NA
DNAH14	1.9886755622181855	NA
DNAH17	0.9845587022598176	NA
DNAH2	0.5753338660526707	NA
DNAH5	0.7712813738923926	NA
DNAH6	0.8721431114236335	NA
DNAH9	1.2494056532393398	NA
DNAI3	0.6958705231121287	NA
DNAI4	0.40300151408476836	NA
DNAI7	0.4995136554960102	NA
DNAJA1	0.46033174378067804	0.3805746480489112
DNAJA2	0.1827260046916135	0.10123514328852014
DNAJA3	0.603644635254965	0.08910513418370306
DNAJA4	0.6711174873783109	0.12064905811284625
DNAJB1	0.6959407941817789	0.383625057290094
DNAJB11	0.23355834320382537	0.28223213269517317
DNAJB12	0.2971565355351971	0.06336262956655185
DNAJB13	0.7897454093994292	NA
DNAJB14	0.26322959063875373	0.0753313559571036
DNAJB2	0.2929387562453695	0.27282875601347323
DNAJB4	0.26241183440438376	0.2209071688173657
DNAJB5	0.5837210479015184	0.09456950425568982
DNAJB6	0.3213158181187251	0.06666232434438156
DNAJB6-PS	NA	0.21560167162780391
DNAJB9	0.45524484842211493	0.20665894034412163
DNAJC1	0.2614209754653385	0.1046088878914159
DNAJC10	0.22561841291051168	0.13642326636676821
DNAJC11	0.24614647629080638	0.08930554791003288
DNAJC12	0.9075129720605571	0.23589589602063055
DNAJC13	0.2260346474922247	0.08798584853662753
DNAJC14	0.10406342580080079	0.0754133213750543
DNAJC15	0.3837574573267085	0.07517840125473878
DNAJC16	0.22330992156473523	0.03140947209249763
DNAJC17	0.2862201508928868	0.19541811718415383
DNAJC18	0.49849633952668276	0.1717920743998348
DNAJC19	0.38441866922331297	0.11444027325932452
DNAJC19-PS	NA	0.5017399462281914
DNAJC2	0.15523572985863004	0.08133880094324757
DNAJC21	0.2530749124575067	0.06772223099758092
DNAJC22	0.6848395714024105	0.12954665211803423
DNAJC24	0.355023613612732	0.15272166846662794
DNAJC25	NA	0.14024504994780748
DNAJC27	0.23306049114375244	NA
DNAJC28	0.3767971462138275	0.10258905977216753
DNAJC3	0.24717467036373056	0.1389681301313192
DNAJC30	0.3196171868425781	0.08645201836667449
DNAJC4	0.2940819958326921	0.0863495233262992
DNAJC5	NA	0.08930471719502023
DNAJC6	0.783025198508185	0.08868195773543174
DNAJC7	0.20219199334834073	0.06633411615419751
DNAJC8	0.15464516625790256	0.050225291523514536
DNAJC9	0.27008698477738546	0.1608111438812094
DNAL1	0.2724512412557122	0.12107827853040831
DNAL4	0.18810363646893452	0.17539258021264567
DNASE1	1.3413803868533618	0.4323281121694247
DNASE1L1	0.4612689449110668	0.10657454478633924
DNASE1L2	0.4708669538663289	0.42418882669769536
DNASE1L3	1.199684040266529	NA
DNASE2	0.24957657449724846	0.08288126321042062
DND1	0.38815322895675336	NA
DNER	1.2016297225355117	NA
DNHD1	0.5579799366831483	NA
DNLZ	0.3240312478218832	0.08144157185948765
DNM1	1.021447204960097	NA
DNM1L	0.3860875951525601	0.06948760453194348
DNM2	0.15409469997457437	0.06395825258935253
DNM3	0.5053094103085334	NA
DNMBP	NA	0.05185619750788246
DNMT1	0.3039913581113902	0.090454730018612
DNMT3A	0.29816529936654634	0.06241452332887366
DNMT3B	0.30348791422358784	NA
DNPEP	0.4225421953115026	0.1673101447224457
DNPH1	0.680553723319387	0.1720533055174714
DNTTIP1	0.18603061609727295	0.1732033219278048
DNTTIP2	0.19919742530741116	0.08363547714110346
DOC2B	0.6150546817287689	NA
DOC2G	NA	0.11346446906017636
DOCK1	0.11893494494571932	0.11216739174634971
DOCK10	0.8300550550398157	0.07101732390866378
DOCK11	0.3349887936630992	0.06748874994822496
DOCK2	1.3609296074946684	0.0738407832346928
DOCK3	0.49748069766638836	NA
DOCK4	0.41211182315690276	NA
DOCK5	0.48564630244289075	0.16314975902665263
DOCK6	0.3093819706356315	0.21986305312115123
DOCK7	0.33676370450445636	0.08119883085013135
DOCK8	0.2512299944575646	0.19336976905796197
DOCK9	0.3113892871060274	0.18983357223348463
DOHH	0.23485771423625432	0.13319095413836315
DOK1	0.583435692116637	0.04621456160031536
DOK2	1.2468436427149694	0.1903181858398489
DOK3	1.192598548535633	0.04425578090043393
DOK4	0.4152131785664271	0.1235255806132061
DOK5	0.6150080616053474	NA
DOK6	0.7970640897869773	NA
DOK7	0.4474143248666557	NA
DOLK	0.3614603080823675	0.13698272243403337
DOLPP1	0.4753445879742363	0.0847855714243109
DONSON	0.33883780831471044	0.11661086557492216
DOP1A	0.14196652203177904	0.0719535961153486
DOP1B	0.34545824267460434	0.0764242654132369
DORIP1	NA	0.19089590032715775
DOT1L	0.16717520367749342	0.09187821633134373
DPAGT1	0.1562403946472195	0.1831900879161146
DPCD	0.35825228293082517	NA
DPEP1	0.7476599313091876	0.10610989797385188
DPEP2	NA	0.06894869558843253
DPF2	0.13194103375104813	0.1016894457236131
DPF3	0.5267524475523646	NA
DPH1	0.21533655793222742	0.06499988659383289
DPH2	0.12344513607557657	0.1301575630290134
DPH3	0.36157622157574065	0.11794981155678777
DPH5	0.10931150676210395	0.07251230523933769
DPH6	0.26648273137657436	0.09737418630387347
DPH7	0.17680826281528653	0.021370414346038986
DPM1	0.2696112468162329	0.0907459811465595
DPM2	0.16390543672517516	0.11813937171926119
DPM3	0.24906796385323232	0.169543286817433
DPP10	0.7177787397845127	NA
DPP3	0.29542063585179684	0.07781884390835114
DPP4	0.66209315293144	0.17357589366870663
DPP6	0.6188346845810535	NA
DPP7	0.23672746783234228	0.19288500025996427
DPP8	0.2991535563296967	0.09976473444960683
DPP9	0.24317177950032137	0.1366454484981881
DPT	NA	0.3930726400702
DPY19L1	0.2283412847023173	0.06232919539742537
DPY19L3	0.24365664733587838	0.07170903027670858
DPY19L4	0.2875805426233678	0.08766213443274093
DPY30	0.19195762947308442	0.16715486089486495
DPYD	0.4139105555829388	0.17500906549778814
DPYS	0.7927969954314635	0.2023914028056104
DPYSL2	0.526604720317061	0.24989392774417857
DPYSL3	0.48481788063177145	0.08573172136590176
DPYSL4	0.45206435341072015	NA
DPYSL5	0.9764078135057298	NA
DQX1	0.5959982577211735	0.08149259907052041
DR1	0.27823416675547924	0.0487250044152598
DRAM1	0.6913274814379995	0.2716636598257604
DRAM2	0.2314591811960038	0.14131751173646367
DRAP1	0.13585619567377794	0.12091632907869623
DRAXIN	1.6779381669610922	NA
DRC1	0.5056088216412342	NA
DRC10	0.7275086272496628	0.09519811783470761
DRC12	0.5982616893373458	NA
DRC2	0.4792999233699886	NA
DRC3	0.45737531617526206	NA
DRC4	0.32335185372089936	0.05422290096849346
DRC8	0.36574966631886807	0.16593796484352502
DRD5	1.6695090054206854	NA
DRG1	0.24609217880888273	0.07994998267832162
DRG2	0.3667937081692766	0.06609420077565523
DROSHA	0.2037464413073384	0.06773115309067586
DRP2	1.137194595010904	NA
DSC1	0.9650616357509948	NA
DSC2	0.6915150320066601	0.14429358887878282
DSCC1	0.8054046305708735	NA
DSE	0.6966591004978997	0.10195741886362127
DSEL	0.629683030342973	0.07574757380538798
DSG2	0.7144261886045732	0.11284957875847895
DSG3	1.6690758749474033	NA
DSN1	NA	0.20001530830302933
DSP	0.7110456845948924	0.12220092040617801
DST	0.5321197665337887	0.23631975964622617
DSTN	0.2607705454477282	0.027643051274075008
DSTYK	0.13608899512633443	0.16274861049066805
DTD1	0.2633289288052162	0.15820061336811223
DTD2	0.3272135020082765	0.1396363727171125
DTL	0.9045632734716236	NA
DTNA	0.8035441017280668	NA
DTNB	0.38530342701999554	0.11143936186710723
DTNBP1	0.3523790028339445	0.06715230432975607
DTWD1	0.2351451601244635	0.17677182263219296
DTWD2	NA	0.08637735073856165
DTX1	1.7040581532377477	NA
DTX2	0.2641612481948986	0.09215709386023285
DTX3	0.593032420525842	0.16700335817286144
DTX3L	0.4868405669082977	0.1172326798882106
DTX4	1.064591922278158	0.18244553921552115
DTYMK	0.21413854928823217	0.07752439912190244
DUBR	NA	0.07393057200731913
DUOX1	1.354795513314004	NA
DUOX2	1.1958900684501415	0.013636683547798885
DUOXA1	1.3188585702836058	NA
DUOXA2	1.1336846214569805	0.015169034664538625
DUS1L	0.28354623663044987	0.04380244234838412
DUS2	0.21940242448831793	0.06710983113560036
DUS3L	0.2116130796584503	0.0946973219422607
DUS4L	0.2981848078585419	0.12218580248056744
DUSP1	0.8372943636059971	0.34773008908088276
DUSP10	0.2214474660946408	0.085168248778043
DUSP11	0.2035518650490266	0.2787646464935823
DUSP12	0.31919192304121574	0.07199713778757666
DUSP14	0.4160358758635135	0.39758384749580244
DUSP15	1.0277565876953265	NA
DUSP16	0.397798697453735	0.17673208260340467
DUSP18	0.35179195373428757	0.18075526160973387
DUSP19	0.3628575363807103	0.15577744021595694
DUSP2	1.1098124146386565	0.11048636084129662
DUSP22	0.3912017176152122	0.1050653455090268
DUSP23	0.5728818826384475	0.165719815313746
DUSP26	1.4815341617138729	NA
DUSP28	0.3571067958435557	0.14768600750105182
DUSP3	0.4255560204593637	0.1329473151487755
DUSP4	0.7375438728941671	0.1587554570134113
DUSP5	0.684912489959013	0.1459715802875064
DUSP6	0.4493733396875795	0.12418657355602548
DUSP7	0.1783951032297868	0.26955346999029056
DUSP8	0.7747239898038226	0.18615680333180257
DUSP9	0.8693975248270807	0.2900853515611001
DUT	0.26486410861788495	0.20801297560456822
DVL1	0.262892961920927	0.07119976226587807
DVL2	0.25412181057035244	0.13358778035258376
DVL3	0.1667099728710253	0.12781450274816913
DXO	0.19345139294553063	0.133811554998416
DYM	0.15882007353546582	0.054198688947457246
DYNC1H1	0.16238140531528417	0.15505276087313818
DYNC1I1	1.674504248329257	NA
DYNC1I2	0.1859314497989301	0.1179634121689791
DYNC1LI1	0.34846255689510536	0.10269403446984683
DYNC1LI2	0.16437017429077058	0.12770406775563395
DYNC2H1	0.3131919195907933	0.21087280529676405
DYNC2I1	0.17582886351893529	0.13484968368554304
DYNC2I2	0.3110878207000644	0.1552487656702581
DYNC2LI1	0.46929167203246275	0.14284757089292965
DYNLL1	0.48697049232843315	0.2751240615927113
DYNLL2	0.3482855121050826	0.2992249658231212
DYNLRB1	0.2573738273240059	0.09951954234703006
DYNLRB2	0.3789938833426375	NA
DYNLT1	0.3389998839572864	NA
DYNLT1-PS1	NA	0.026488451432076066
DYNLT1A	NA	0.3894397858867471
DYNLT1B	NA	0.1421607800433958
DYNLT1C	NA	0.10287250504897491
DYNLT1F	NA	0.2648852651336802
DYNLT2A1	NA	0.3854006668611588
DYNLT2A2	NA	0.10645763389594957
DYNLT2A3	NA	0.40348487905324243
DYNLT2B	0.27422426583000925	0.14460963744100014
DYNLT3	0.14189701335512608	0.11564908077069887
DYNLT5	0.7607108090688712	NA
DYRK1A	0.15465881116455577	0.11825856100606393
DYRK1B	0.27781928239940745	0.2774588922642046
DYRK2	0.251921437439708	0.2165250382053599
DYRK3	0.48827305976557206	0.1867129820868841
DYSF	0.3909193765860589	0.04860338405332947
DZANK1	0.31458127680739423	NA
DZIP1	0.32613080571209363	NA
DZIP1L	0.4994738692071189	0.04306430522891656
DZIP3	0.2966313176334562	0.116235365884212
E030030I06RIK	NA	0.26299908082359486
E130102H24RIK	NA	0.25433056185034175
E130309D02RIK	NA	0.13226178958452897
E230013L22RIK	NA	0.24148805646134971
E2F1	0.6631673659621999	0.1366872369276424
E2F2	1.2244059582574995	NA
E2F3	0.4092073468840645	0.07162550552690027
E2F4	0.18668810596478697	0.12208444562433741
E2F5	0.6669599522042631	0.12301412235528629
E2F6	0.18020156622456643	0.039594329474056486
E2F8	NA	0.10521875208252025
E430018J23RIK	NA	0.1635418786010032
E430024I08RIK	NA	0.08973341352838281
E4F1	0.28587249653823354	0.14035730858263665
EAF1	0.20207835696116716	0.07768694407301262
EAF2	0.4437533215972916	0.14690822731634753
EAPP	0.17861842690958118	0.09394285287750255
EAR2	NA	0.24776367404335362
EARS2	0.4989217367105115	0.15500313991443032
EBAG9	0.16464961357873464	0.10803124150572015
EBF1	0.6707732047277192	0.123568887602787
EBF4	0.4644354443158805	NA
EBI3	1.2457229035948096	0.15010024335181094
EBNA1BP2	0.19043765845289004	0.10355957746143965
EBP	NA	0.18204536309892153
EBPL	0.512019785279612	NA
ECD	0.11809202294161743	0.07303923801122499
ECE1	0.3325885090330679	0.1329801642569871
ECH1	0.40683061142805466	0.09551187656775478
ECHDC1	1.216194924635416	0.10140946382808133
ECHDC2	0.5073709763699632	0.1043580813117512
ECHDC3	0.7692364816954235	0.23507848110000626
ECHS1	0.6721224528374352	0.12390393057801953
ECI1	0.7030326867283242	0.2111906080190121
ECI2	0.5653603637109881	0.20171792798529498
ECI3	NA	0.09704732563109716
ECM1	1.1827250099813722	0.3001326801822166
ECM2	0.6612733089890184	0.14159711090306357
ECPAS	0.20932916306504976	0.11035557044603636
ECRG4	1.4645286240997821	0.3534724824691231
ECSCR	0.4799521812677029	0.1053911518792984
ECSIT	0.3996616635604792	0.10088904911207343
ECT2	0.779593737709241	0.15557796047568348
ECT2L	0.6912144698566963	NA
EDA	0.3436798508690671	NA
EDA2R	NA	0.056362044236018885
EDAR	1.8410293806836366	NA
EDARADD	0.2738301904705419	NA
EDC3	0.4472968718841404	0.1859437635133537
EDC4	0.17785331660371265	0.10934471385890106
EDEM1	0.3598408255707242	0.06635352228190418
EDEM2	0.21445564570800424	0.11447575665475045
EDEM3	0.41349539729643636	0.131683201822294
EDF1	0.288628162909807	0.10094751931052641
EDIL3	0.9733907723261827	NA
EDN1	0.5294842702085278	0.18435508841157278
EDN2	1.7509748333367097	NA
EDN3	NA	0.16229532033442673
EDNRA	1.1398517897785765	0.10377625836915028
EDNRB	0.46181043683586764	0.3170030549904102
EDRF1	0.22215650748582486	0.06413090986958281
EEA1	0.6989692893193264	0.0999009303979771
EED	0.16850563554472342	0.17938619350388635
EEF1A1	0.2819208048066099	0.06096284584039362
EEF1A1-PS1	NA	0.327248150147675
EEF1A2	1.4686158857039213	NA
EEF1AKMT1	0.2520016789069637	0.09734362484950959
EEF1AKMT2	0.26191574928421274	0.1459688138741424
EEF1AKMT3	0.7493136691555857	0.1830354105603729
EEF1AKMT4	NA	0.0954014283614827
EEF1AKNMT	NA	0.03330706948288727
EEF1B2	0.2501610631022197	0.08635764732308938
EEF1D	0.35570023039477167	0.06159605043561671
EEF1E1	0.34554025614700806	0.09398469483692093
EEF1G	0.28533476805313135	0.125151798008377
EEF2	0.2339019299820846	0.06585671753257268
EEF2-PS2	NA	0.17765939880876203
EEF2K	0.6005569872180855	0.14647620942974207
EEF2KMT	0.27397731759263516	0.04284636430107304
EEFSEC	0.3363836677449921	0.12509939307985493
EEIG1	0.3118852912965081	NA
EEIG2	0.7964796159272094	NA
EEPD1	0.2613420737294348	0.17702946781672496
EFCAB10	0.47275103601618806	NA
EFCAB11	0.383905307748237	NA
EFCAB14	0.24443922762714201	0.10188229359384755
EFCAB3	1.3684751288588652	NA
EFCAB6	0.3281010270095677	NA
EFCAB7	0.2155473115482879	NA
EFCAB8	0.32274877179114936	NA
EFCC1	0.8946771182794117	NA
EFEMP1	0.5333867939957574	0.13443147498512578
EFEMP2	0.8744649988061394	0.2165612338947542
EFHB	0.5822632523815059	NA
EFHC1	0.3729291135795721	NA
EFHC2	0.5267413113464632	NA
EFHD1	0.5540862118984616	0.16494805069626994
EFHD2	0.3835864032227278	0.17625723025453457
EFL1	0.3200382343899829	0.04343797683750766
EFNA1	0.468459541413965	0.22778076983561463
EFNA4	0.3139226489186433	0.18633605359221014
EFNA5	0.4344810746295246	0.23816652196307717
EFNB1	0.3066349916642564	0.11556513902095142
EFNB2	0.24163819834975314	0.10813453849642156
EFNB3	0.8160289205153282	NA
EFR3A	0.3185557338616075	0.06336703260564158
EFR3B	0.9093988765244313	NA
EFS	0.6761369474702623	NA
EFTUD2	0.0691373971798252	0.09226854734884028
EGF	1.4422705656385484	0.22497249190758647
EGFL6	NA	0.2444117760260705
EGFL7	0.49021750116231494	0.2154383588805347
EGFL8	0.7540713251223534	NA
EGFLAM	0.9051940738438772	0.2308547628304819
EGFR	0.4159829826780803	0.26380343024368663
EGLN1	0.21832564523107384	0.024570302661833177
EGLN2	0.21139969941104766	0.10907772567998918
EGLN3	0.3987335336625116	0.23075056977040884
EGR1	1.357011864040585	0.523795180799744
EGR2	1.5019920604071801	0.24812058687573213
EGR3	1.3733137967252345	NA
EHBP1	0.3814711014084125	0.10026182726089138
EHBP1L1	0.7940636175441459	0.13758008910028832
EHD1	0.5369314948267183	0.10387681585222319
EHD2	0.3584279306433147	0.11604389222990215
EHD3	0.5954032808293352	0.06810805205680051
EHD4	0.36391344004530873	0.08699363178206033
EHF	0.7135528195282428	0.23889774954286175
EHHADH	1.2049030918167445	0.26209105290043994
EHMT1	0.15159934877073328	0.047969007238734804
EHMT2	0.3616232879296763	0.03690067965359686
EI24	0.4599192267726612	0.12315864533937315
EID1	0.31710245749388527	0.04176829388051102
EID2	NA	0.1970861865314164
EID2B	NA	0.22689773604020222
EID3	0.5563748276430658	NA
EIF1	0.22402692564899282	0.10491996184401377
EIF1-PS1	NA	0.3306247009653833
EIF1A	NA	0.23538240795390158
EIF1AD	0.16758281467306738	0.13506015648411823
EIF1AX	NA	0.10620296851140834
EIF1B	0.18067570770705166	0.12481930417242577
EIF2A	0.23511131676468316	0.19031302517839124
EIF2AK1	0.11016501219300782	0.07638101405094001
EIF2AK2	0.5822857961088546	0.11159903332108359
EIF2AK3	0.40961243076965004	0.11233083992717914
EIF2AK4	0.2161505318225038	0.08028338973669842
EIF2B1	0.21091168503419938	0.06604901218352002
EIF2B2	0.276271525363566	0.05593651692904544
EIF2B3	0.17901063536757644	0.13607231007076534
EIF2B4	0.1945315346736632	0.08236183655280352
EIF2B5	0.10726052594021059	0.029602470060763362
EIF2D	0.2363242090204876	0.07041147938190913
EIF2S1	0.2313298422585515	0.11369910922836791
EIF2S2	0.12341840207205536	0.0787792196931192
EIF2S3	0.44476380990203446	NA
EIF2S3X	NA	0.09114424022283132
EIF2S3Y	NA	0.06285274253254704
EIF3A	0.17518610403952395	0.10237670621395055
EIF3B	0.13285747925093136	0.07969897345190441
EIF3C	NA	0.06338437771329286
EIF3D	0.28820347248600686	0.04958013164008306
EIF3E	0.20854568015888875	0.07779961366153555
EIF3F	0.22791421370197054	0.014888977505303182
EIF3G	0.34559459877596344	0.07111576274299204
EIF3H	0.24327472558510155	0.07788241321422928
EIF3I	0.23135221076885537	0.01179397751351049
EIF3J	0.186182480838805	NA
EIF3J1	NA	0.14285267662201023
EIF3J2	NA	0.4083436841926766
EIF3K	0.27137762031890134	0.058232182842907376
EIF3L	0.26867265374173765	0.08918142656092104
EIF3M	0.23137402246368305	0.08760186610055354
EIF3S6-PS1	NA	0.7038573771528546
EIF3S6-PS2	NA	0.19892782679010573
EIF4A-PS4	NA	0.16817922494892346
EIF4A1	0.13028868475679023	0.039337706677831305
EIF4A2	0.201320567788227	0.06818944841520755
EIF4A3	0.14352794396775365	0.08191300535328022
EIF4B	0.2142062597680462	0.1447061249201255
EIF4E	0.2185172978195284	0.10961527446447712
EIF4E2	0.14679242887301278	0.08230172537962141
EIF4E3	0.3096979188565354	0.10926053857246587
EIF4EBP1	0.2864563824638997	0.13919918179551782
EIF4EBP2	0.41560679919728843	0.04144449454485899
EIF4EBP3	0.23917505120615293	0.10936922528511929
EIF4ENIF1	0.10736466386254148	0.09889513511630464
EIF4G1	0.34279878754606674	0.08847644937638396
EIF4G2	0.22616069633998634	0.08694455055223999
EIF4G3	0.1798676109760281	0.11889119934220366
EIF4H	0.2184768428105152	0.08245564251019782
EIF5	0.3536630394094794	0.13834036876832803
EIF5A	0.3131359037555018	0.09645825863738025
EIF5A2	0.35486403069197886	0.13732057985826776
EIF5B	0.1656381114825569	0.04165777068519038
EIF6	0.350466658802611	0.11967371872066347
EIPR1	0.29507178220030406	0.024646706074475607
ELAC1	0.18335366532734404	0.11610141996046099
ELAC2	0.1310425303823417	0.09764808296310377
ELANE	2.0263676830625887	NA
ELAPOR2	0.8451001586508992	NA
ELAVL1	0.22606057888702438	0.21949058561630733
ELF1	0.20700275686147315	0.09629335769921621
ELF2	0.3275433904630671	0.08282479519957212
ELF3	0.8833842988821454	0.1214312419895788
ELF4	0.91616312542813	0.09147046043783534
ELF5	0.8429712224790379	NA
ELFN1	0.570415610542745	NA
ELK1	0.15513326926611373	0.09344917190557264
ELK3	0.47746969340596446	0.11294252159695059
ELK4	0.274309547780658	0.049691582731038665
ELL	0.2438071691246423	0.15507476545650192
ELL2	0.37393325397737304	0.11013128638766818
ELL3	0.4311567401467787	0.34224769637802027
ELMO1	0.571491433083832	NA
ELMO2	0.1891518668838651	0.05436580277933717
ELMO3	0.322317392066068	0.03266910166753606
ELMOD1	0.6662466141238974	NA
ELMOD2	0.48560577296080076	0.07476556896528644
ELMOD3	0.17730454002790752	0.10658589545449834
ELN	1.2061498623790252	0.19028686128892638
ELOA	0.16865091587093983	0.10903899094304631
ELOB	0.3360531191403683	0.16863520745711022
ELOC	0.31328916130262946	0.0910726775650126
ELOF1	0.2133521296582197	0.08085755131515501
ELOVL1	0.27975450624557807	0.10625085856776598
ELOVL2	NA	0.13230243106802556
ELOVL5	0.2154619977465844	0.06074174409639574
ELOVL6	1.1347768459614809	0.1739858358503015
ELOVL7	0.4790029008801523	0.10434935289721464
ELP1	0.28512056159404203	0.045016845753172365
ELP2	0.4135408529583945	0.11072583654463548
ELP3	0.3409024137755309	0.09987232382370181
ELP4	0.2011122650433018	0.1702229193513137
ELP5	0.22761553820405392	0.10067699340932136
ELP6	0.21310669092052892	0.16316916489673558
EMB	1.4614205396283	0.20101067714470086
EMC1	0.16646831366035578	0.10912603124467353
EMC10	0.1391412770417624	0.11752604968938862
EMC2	0.28580081779601885	0.09455261765978945
EMC3	0.35267817715285815	0.0907707926803947
EMC4	0.25939902610418997	0.12053485651486526
EMC6	0.30593791321501196	0.14108745518283525
EMC7	0.39194376102360806	0.10058084524078757
EMC8	0.18241893787828958	0.056820330624550684
EMC9	0.6660000889187373	0.15793199289870985
EMCN	0.40535563361916493	0.050092274766739074
EMD	0.19138759022032348	0.6495004754992026
EME1	0.43987901393397394	NA
EME2	0.40374597812995044	0.13730415850550765
EMG1	0.3156010291254031	0.10300845803329803
EMID1	0.5876789513921216	0.2653244194418527
EMILIN1	0.7494205116652137	0.15800101479908227
EMILIN2	0.905044794048707	0.15070591601479594
EML1	0.30055408675890233	0.12676289181221317
EML2	0.16358424245373837	0.2010679734009639
EML3	0.36335492148217147	0.060608639032464794
EML4	0.4431710415406445	0.10748883279613541
EML5	0.34220919564232244	0.1985506018169783
EML6	0.8387759706130192	NA
EMP1	0.5015585454705805	0.21470421753818975
EMP2	0.5186411154253747	0.13039745597717514
EMP3	0.7981437099668611	0.31146693733476
EMSY	0.13552668581958957	0.08811680809743944
EMX1	0.7158411294241129	0.17947125289658475
EMX2	0.4116825645321587	0.1964300794728283
EMX2OS	NA	0.08264131093507163
ENAH	0.3085290890149577	0.04303314453719497
ENC1	0.8079674873582042	0.07151105510480743
ENDOD1	0.5211986645954225	0.16866522716009805
ENDOG	0.8244326820202482	0.19326839102938462
ENDOV	0.2986304291688076	0.11703115781958723
ENG	0.2859173037478895	0.06089650183209935
ENGASE	0.447492839258611	0.20636212410782417
ENHO	0.3139039179909249	0.11791242022815346
ENKD1	0.3635728378063423	0.15148278885721486
ENKUR	1.205004571359919	NA
ENO1	0.38789168830685006	0.13581236250919673
ENO1B	NA	0.6019955576715451
ENO2	0.7172847970071	0.08377152724937142
ENO3	0.34027285336225105	0.26746674270173315
ENOPH1	0.275952999004535	0.10038060031735133
ENOSF1	0.44715650340191054	NA
ENOX1	0.7377110471925583	NA
ENOX2	0.23141134783825018	0.1544770620154783
ENPEP	1.1238041914224224	0.165337159754818
ENPP1	0.5186300647105384	0.0624948031372933
ENPP2	0.3841902577886848	0.24456310070546947
ENPP3	1.0198279937485875	0.09685876654237327
ENPP4	0.2997047433622356	0.09893208366972144
ENPP5	0.9980849893040454	0.12613386780143226
ENPP6	0.8592915376269123	0.14569238410016977
ENSA	0.18310916127803412	0.08075792871353783
ENTHD1	1.822525926199552	NA
ENTPD1	0.42444218739423	0.0995926690537264
ENTPD2	NA	0.19033369463711677
ENTPD3	1.043377387917198	NA
ENTPD4	0.3217342601209839	0.2851233862145265
ENTPD4B	NA	0.12169619951008874
ENTPD5	0.4844960077624849	0.14241925930038316
ENTPD6	0.28169434808159316	0.10520220686600758
ENTPD7	0.3855021946070377	0.09847446938605871
ENTPD8	NA	0.1643034905601064
ENTR1	0.20587868541927176	0.09434578987681261
ENTREP1	0.4426503269735693	NA
ENTREP2	0.5909048688600016	NA
ENTREP3	0.21550008413340507	NA
ENY2	0.25312704054585977	0.13922629766990752
EOGT	0.5643970799734326	0.0692876066706822
EOLA1	1.1374424815044584	0.1493291952958717
EOLA2	0.16937308516927424	NA
EOMES	1.6738781545954047	NA
EP300	0.13114912641392348	0.20047873413835193
EP400	0.20750993633640713	0.07387318006321371
EPAS1	0.37124955669060894	0.10214383886159216
EPB41	0.22684334374109508	0.1067081286531924
EPB41L1	0.5197884811387424	0.11590533338039206
EPB41L2	0.7354048678717124	0.07622330075705987
EPB41L3	0.71436649534545	0.16632513590069198
EPB41L4A	0.6939328838337819	0.05984043149794739
EPB41L4AOS	NA	0.2549756904346062
EPB41L4B	0.8411129259977121	0.17705801227519655
EPB41L5	0.49670918077309667	0.13628368406810154
EPB42	NA	0.0653734477058495
EPC1	0.23723176103114962	0.12570993992686139
EPC2	0.23156212816370672	0.10622558037382973
EPCAM	0.474632549429057	0.2444665840146882
EPDR1	1.0301021366025536	0.15186261563156672
EPG5	0.2776161168994025	0.11849880911048995
EPHA1	0.45666266856798005	0.11478522178510717
EPHA2	0.3821553790199128	0.16973075851564454
EPHA3	0.9226520511735372	NA
EPHA4	0.545269795236471	0.0963377147132286
EPHA5	0.5989441160841168	NA
EPHA7	0.7472699806269788	NA
EPHB1	1.0729421541736803	NA
EPHB2	1.413194887379168	0.16136849853293403
EPHB3	0.8648818686532362	0.06672528133159068
EPHB4	0.13187390036056285	0.07527295808957689
EPHB6	0.6979904553763847	0.3347975552897541
EPHX1	0.6606042697379118	0.32276529407543736
EPHX2	0.6898374391046974	0.14341745169636122
EPHX3	0.17940318877995315	NA
EPM2A	0.37687858876944547	0.2327180816973608
EPM2AIP1	0.16360905933561118	0.010493464002480734
EPN1	0.2847375950597119	0.09967342542537898
EPN2	0.19568220659355204	0.1281869963806468
EPN3	0.4305744652865986	0.07393334637855993
EPO	NA	0.12245882142747344
EPOP	0.5609928536871384	0.1411969595420723
EPOR	0.5016299157190057	0.1904567108670654
EPPK1	0.9351948119163759	NA
EPRN	NA	0.14368916488235764
EPRS	NA	0.06530905209629395
EPRS1	0.18318063549685795	NA
EPS15	0.1345288715673757	0.0681864926355928
EPS15L1	0.15593283589783458	0.06926023010595435
EPS8	0.5296373927644045	0.206791666179489
EPS8L1	0.5747223265941923	NA
EPS8L2	0.5499990813836896	0.1872713943040933
EPS8L3	NA	0.1793764951539121
EPSTI1	1.3248211169761142	0.15008435009919807
ERAL1	NA	0.0767624767464346
ERAP1	0.2670139389646385	0.0797195183103223
ERBB2	0.29664376926696273	0.11450889339866996
ERBB3	0.7041756418615853	0.28764806984798746
ERBB4	0.7750588275420653	0.17981709875774599
ERBIN	0.219979818848216	0.10264006445552178
ERC1	0.17029317441379602	0.06363983414104735
ERC2	NA	0.08591299131077662
ERCC1	0.26519802036130014	0.06781818640992439
ERCC2	0.36990375828160166	0.04354910263447702
ERCC3	0.2013857332054009	0.09799435210202394
ERCC4	0.27266056220121054	0.06335723251604869
ERCC5	NA	0.1101664267961972
ERCC6	0.17153936669924696	0.12451552293112624
ERCC6L	NA	0.10322508318780184
ERCC6L2	0.22278476190356516	0.10834730727820654
ERCC8	0.17702755939797776	NA
ERDR1	NA	1.5433137835526998
ERF	0.3766058636135449	0.24384952524386272
ERG	0.3961537420877674	0.053637170399424346
ERG28	0.1717997036690648	0.13828909611223988
ERGIC1	0.19833365449622528	0.08581360201111822
ERGIC2	0.20814714145528496	0.04666556711946597
ERGIC3	0.17259289069818	0.07660164970182282
ERH	0.1351739453741832	0.1290681468256898
ERI1	0.37628564695903044	0.07296829338100778
ERI2	0.24659470357573102	0.060250672052685514
ERI3	0.12621794589964816	0.0717260925510318
ERICH1	0.2250421805370495	0.17472181222368563
ERICH2	0.8773602369909952	NA
ERICH2OS	NA	0.230074636460855
ERICH3	0.7266489700453586	NA
ERICH4	0.8149137709734817	0.16599800534948375
ERLEC1	0.14212275689732567	0.0975912111748635
ERLIN1	NA	0.14780266854504376
ERLIN2	0.42481177933639136	0.06474356312291166
ERMARD	0.24601498130026633	0.1460118562954599
ERMP1	0.3678291077214053	0.08075642891497457
ERN1	0.38712377659963704	0.09616314744750804
ERO1A	0.247559015619549	0.10382083243083513
ERO1B	0.32041190186080065	0.09682315525498932
ERP29	0.5313916200021023	0.07369230747551105
ERP44	0.2350033897986812	0.11882316571086254
ERRFI1	1.1304780091790205	0.3903383327649359
ERVMER34-1	1.0402145167277608	NA
ESAM	0.341695304587852	0.23560293709868305
ESCO1	0.13155708465367108	0.10024319996291683
ESCO2	NA	0.06120942645972225
ESD	0.32068064026300735	0.06549381099765755
ESF1	0.23613621600887666	0.12107861912544877
ESM1	NA	0.21095658477946294
ESPL1	0.8637145507503934	NA
ESPN	0.7426394567103691	0.09812487743826744
ESPNL	0.6124489446466659	NA
ESR1	0.4843607140612183	0.20295464376757616
ESRP1	0.5171817640960571	0.13832535729405
ESRP2	0.44594010034841286	0.0799832527200071
ESRRA	0.5838283032293852	0.20844353127294754
ESRRB	0.9761334675685712	0.15001220950467378
ESRRG	0.6505972355510095	0.13384628643126056
ESS2	0.1423756207199303	0.16398544568781237
ESYT1	0.3605211731590867	0.03912755237679309
ESYT2	0.2531479063533338	0.12382965502369189
ESYT3	0.8582888522590882	NA
ETAA1	0.23179245132765483	0.07862195757390289
ETF1	0.28672176152640116	0.1281963290702266
ETFA	0.6673999695907135	0.11418168730825279
ETFB	0.5286238621868357	0.17486141770853267
ETFBKMT	0.4257154670974845	0.29544758321846254
ETFBL	NA	0.19912482215054106
ETFDH	0.5632960420329455	0.13474879300880088
ETFRF1	0.5059408172718899	0.1281251594263295
ETHE1	0.6736195758722646	0.30474091062584846
ETNK1	0.2902466237194582	0.13794168643866705
ETNK2	0.4935406753359142	0.1785508331518832
ETNPPL	1.790178435472667	0.08778982985592461
ETS1	0.5553804774522528	0.10321721298302203
ETS2	0.4573277165912414	0.12081506325353233
ETV1	0.42938024508827216	0.179680723848641
ETV2	0.6482028966006114	NA
ETV3	0.17691586864028028	0.13620735338051013
ETV4	1.2146574738245706	0.11436961159334175
ETV5	0.6659623635650488	0.20131680580061057
ETV6	0.1642559544086981	0.10831434383692652
ETV7	1.6553579245609824	NA
EVA1A	NA	0.22344637453124422
EVA1B	0.4634885410417714	0.2011881359517967
EVA1C	0.7320095871481467	NA
EVC	0.23006960521832215	0.12391051912366112
EVC2	0.3023396138064786	0.1494114466975786
EVI2	NA	0.10450489265223277
EVI2A	1.036202054002409	0.09898165776865167
EVI2B	1.337548067332133	0.11080113912572019
EVI5	0.1322470781436699	0.13959550347390867
EVI5L	0.40870910820373163	0.11142028519284966
EVL	0.34026809784736844	0.15349597035327914
EVPL	NA	0.12643810968305552
EVPLL	0.8858519494147401	NA
EWSR1	0.14223035844185605	0.12249742328419896
EXD2	0.22705331690425568	0.07855405893436551
EXD3	0.2520211968763194	NA
EXO5	0.3957735227295381	0.10698502167782116
EXOC1	0.207240355818422	0.05924616852994952
EXOC2	0.30017598926441563	0.12437303436509753
EXOC3	0.1374635517758068	0.12483579544120921
EXOC3L1	0.5246372869635976	NA
EXOC3L2	0.3827506484359436	0.2100745571902045
EXOC3L4	0.25930780609729487	0.05741555316771557
EXOC4	0.19591661305821015	0.13969580082036898
EXOC5	0.3778023060646303	0.06838362755054991
EXOC6	0.33960999456764435	0.11017334776383654
EXOC6B	0.24101682582033798	0.055000346457330485
EXOC7	0.14529297860637314	0.11882821515875318
EXOC8	0.326792102034763	0.15017714753470887
EXOG	0.21663115377117081	NA
EXOSC1	0.2142041496201512	0.10282085885870668
EXOSC10	0.10384233269373609	0.05784600955009351
EXOSC2	0.3707661771779413	0.11773621862557539
EXOSC3	0.1732517350750193	0.11453323406024878
EXOSC4	0.29551880298817135	0.12040560812373746
EXOSC5	0.6614376951936072	0.0864493437209378
EXOSC6	0.29175790857379336	0.15827170566843163
EXOSC7	0.20985554607853585	0.12227677921054786
EXOSC8	0.2221470201151658	0.07812521462010982
EXOSC9	0.17691419005194572	0.11959928865366776
EXPH5	0.4621772977589274	0.10632783418652915
EXT1	0.3000620069242339	0.07324944345110028
EXT2	0.17799658137250604	0.11041350990002778
EXTL1	2.1284683686622516	NA
EXTL2	0.29358851804788366	0.30192778904102274
EXTL3	0.2002234416225706	0.048587232119678955
EYA2	0.7359938521648182	0.08450522723073917
EYA3	0.15324270134028875	0.0861938784459623
EZH1	0.37392002623775544	0.12896085617804406
EZH2	0.39021718597534966	0.1801999024395221
EZR	0.47237202216771157	0.14735114466111304
F10	NA	0.1378714823274022
F11R	0.36170251990845	0.029606328296745234
F13A1	0.8993998842997452	0.052142832202129376
F13B	1.5289994052426423	0.15741884495990643
F2	0.6021439122381692	NA
F2R	0.32568490055923127	0.15375012585778133
F2RL1	0.5679696209617248	0.11443660295028063
F2RL2	0.5528047341785327	NA
F3	0.44552478235104354	0.10442412548619974
F5	0.8202935048201699	0.11015463662000936
F630028O10RIK	NA	0.13493300538468972
F7	1.6649336153430165	NA
F8	0.33617697377700034	NA
F830016B08RIK	NA	0.061106747002422517
F8A	NA	0.19135674448635465
FA2H	0.7461402594151091	0.24021709365991908
FAAH	0.7796891235901047	0.10469640403608362
FAAP100	0.37810264638146	0.1922780160140187
FAAP20	0.7368827829998084	0.09046637293651859
FAAP24	0.5200265741934764	0.08553113663482509
FABP1	1.4804872833437106	0.44609854495636936
FABP3	0.9301058256250057	0.37222704559744285
FABP3-PS1	NA	0.6833762133097394
FABP4	0.8660180359406812	1.7125176941177143
FABP5	0.7306000532218004	0.27345506811279596
FABP7	NA	0.2776229819282239
FADD	0.18531824712677267	0.1083794252685399
FADS1	0.8011058954982646	0.16762534210908037
FADS2	1.2316339752616179	0.04630049233957923
FADS3	0.4718226249027899	0.09062090928504948
FADS6	1.2395330461904193	0.1912346956519754
FAF1	0.1600913582346997	0.06198944982451352
FAF2	0.19301218762642156	0.07821614933344564
FAH	0.6682326060062687	0.025040469010186573
FAHD1	0.8249696845739579	0.08004756471559532
FAHD2A	0.5892122276923337	0.11208983564022416
FAIM	0.38637523645092314	0.09840724362012464
FAM102A	NA	0.17797585338122907
FAM102B	NA	0.17404293425391087
FAM104A	NA	0.10259340888003073
FAM107A	0.5746717430739854	0.2438525898407004
FAM107B	0.3854748563328797	0.21044041741467565
FAM110A	0.41492339568043135	0.09760525820901692
FAM110B	0.802648207640946	NA
FAM110C	0.5011695008237004	0.1668362196609173
FAM110D	0.3885099651651644	NA
FAM111A	0.4385308472350664	0.1304873476418019
FAM111B	0.49694042207502076	NA
FAM114A1	0.36805226460243856	0.20987606300809755
FAM114A2	0.29121561051306377	0.06357498707390732
FAM117A	0.3729578950393798	0.053458225881146286
FAM117B	0.3426575331990609	0.08502755077848867
FAM118A	0.4838794636743844	0.14958028841960344
FAM118B	0.3223001401272243	0.15473084900854733
FAM120A	0.28939198231467866	0.07578326083300375
FAM120B	0.1443673140503379	0.11073432514353235
FAM120C	0.24101638371039544	0.05792565455188108
FAM122A	NA	0.1315116017712391
FAM122B	NA	0.06289494628407848
FAM124A	0.7357969476181461	0.18560986191755252
FAM126A	NA	0.16375544657031044
FAM126B	0.2916346404015767	0.19751129118653463
FAM131A	0.28162963294610344	0.14046736115186947
FAM131C	0.7321521227356438	0.36865814604197505
FAM133B	0.15195312034065583	0.08441261005483565
FAM135A	0.3122555454808827	0.12511171016780598
FAM136A	0.31709297612163784	0.11768220895961239
FAM13A	0.40991213299399604	0.4039737168363802
FAM13B	0.3309925266437779	0.09597359575596752
FAM13C	0.9690591345718866	NA
FAM149A	0.46285647678214137	0.07145106999822796
FAM149B1	0.19992218649495275	0.0910786955798543
FAM151A	1.5641514002997994	0.2644895777336475
FAM151B	0.24452277861840882	0.17706677637816137
FAM160A1	NA	0.031749673207474176
FAM160A2	NA	0.09927881776529072
FAM160B1	NA	0.09157980843876339
FAM160B2	NA	0.11056499619420056
FAM161A	0.2371844373765656	NA
FAM161B	0.4477574907205992	NA
FAM162A	0.38693631781591814	0.09905869318236615
FAM163A	1.9136437693979014	0.1220486247570548
FAM166B	0.4719413810585187	NA
FAM167A	0.9197964028090944	0.060652118563626706
FAM167B	0.5398085531950635	0.11784014200019118
FAM168A	0.2351552025082704	0.05320052373223726
FAM168B	0.11225176485461766	0.14050538149885075
FAM169A	0.9037517272332195	NA
FAM169B	NA	0.10178358033899547
FAM171A1	0.40074432641739366	0.09481301770338518
FAM171A2	0.5928468198423433	0.07872095996413817
FAM171B	0.6748234722624885	NA
FAM172A	NA	0.12866686124237475
FAM174A	0.1638205658680681	0.1443387542805405
FAM174B	NA	0.10237761441096441
FAM174C	0.3589347168853347	0.12644346934119136
FAM177A	NA	0.3752271149712689
FAM177A1	0.3277994936763902	NA
FAM177A2	NA	0.2551816044302266
FAM181B	0.47829677269486853	NA
FAM184A	1.412779430353964	0.09452105601341697
FAM184B	0.7474048384190696	NA
FAM185A	0.5804862635419	0.06397173786216381
FAM187A	0.43685725334596043	NA
FAM187B	NA	0.03478373478173321
FAM189A2	NA	0.10422286932269387
FAM189B	NA	0.15328240946294533
FAM193A	0.1338564187376555	0.10009692274080009
FAM193B	0.3236372454455156	0.19032111033659585
FAM199X	0.2279720514247721	0.10466519356621042
FAM200C	0.4949265434645739	NA
FAM204A	0.2746742600418445	0.17930855098423776
FAM207A	NA	0.12272834675930007
FAM20A	0.5157768226315123	0.21692739137004535
FAM20B	0.18309951479510997	0.07769947076974597
FAM20C	0.24109973396143608	0.3222956633234171
FAM210A	0.5025231221926814	0.1286420049749075
FAM210B	0.358340412311517	0.16097482554470993
FAM214A	NA	0.13594101496271216
FAM214B	NA	0.25134198284776654
FAM216A	0.7148831449370229	0.17825666886759664
FAM217A	NA	0.15113704595137953
FAM217B	0.4790340455175238	0.09086218660064979
FAM219A	0.16322374213642085	0.12054802853167741
FAM219B	NA	0.13764029682123483
FAM220A	NA	0.14964914935280413
FAM222A	0.3319819732761431	NA
FAM222B	0.2465529909078701	0.12980692631952268
FAM227A	0.6047476711760651	NA
FAM228A	0.9440365710521228	NA
FAM228B	0.7536721280330857	NA
FAM229A	0.7622590697180491	NA
FAM234A	0.3322775375502256	0.09559383328090275
FAM234B	0.39319829056505406	0.12773838455452827
FAM237B	0.48079651978443205	NA
FAM241A	0.4303783702619675	0.11543367930898862
FAM241B	0.4709575093425633	0.10090294296205206
FAM24B	0.7967780624466603	NA
FAM25C	NA	0.9802816100399087
FAM32A	0.18708759704845207	0.1453874637649235
FAM3A	0.2422212291520732	0.16204675498686333
FAM3C	0.2379123988103345	0.12450728010066174
FAM43A	0.5167062753646453	0.16393228984671984
FAM43B	0.7466784483195312	NA
FAM50A	0.21857701672060043	0.14239664310317499
FAM53A	NA	0.09501226989605631
FAM53B	0.39326615468908227	0.08666019350353084
FAM53C	0.18823412849339652	0.13673081020907735
FAM71E1	NA	0.23370357213463666
FAM76A	0.21358599242196785	0.24443244284597804
FAM76B	0.3345648916099437	0.10134325983032247
FAM78A	1.3414533959583503	NA
FAM78B	1.0461244805220076	NA
FAM81A	0.43119764339580635	0.30787270536629946
FAM83B	0.6216818800771924	NA
FAM83D	0.775936128696673	0.05016530909129226
FAM83F	0.8878150375739103	0.12475456523180313
FAM83G	0.6994748315114646	0.04025873676833567
FAM83H	0.3841385845975325	0.07179899831705433
FAM89A	0.5396744542089774	NA
FAM89B	0.22831421504367144	0.24665470243766144
FAM8A1	0.3254296871366649	0.10185663794504247
FAM91A1	0.3070083155819854	0.09766970530135241
FAM98A	0.2904629900042126	0.20480365466368664
FAM98B	0.3367189626449037	0.05419842842765766
FAM98C	0.2611748900193421	0.2667264843689001
FAN1	0.17544868202641156	0.09564807419661611
FANCA	0.4100698174536866	NA
FANCC	0.26531878691719424	0.11396827098168705
FANCD2	0.32951726523786573	NA
FANCD2OS	NA	0.259303600435063
FANCE	0.46549374881061795	0.1485664771335012
FANCF	0.5880678852313567	0.13073190530260034
FANCG	0.6531922613563499	0.1639922920383505
FANCI	0.5277397949632309	0.05357366266973621
FANCL	0.45824735100149677	0.11619044804827328
FANK1	0.7464436979056348	NA
FAP	1.7417953835961384	NA
FAR1	0.21557460370508028	0.031376486528106345
FAR2	1.376869261403845	NA
FARP1	0.4782111142508166	0.09219240001047091
FARP2	0.17616663040979885	0.05345363331097578
FARS2	0.19232796353592996	0.06860690385407806
FARSA	0.2125482478634469	0.1177497161104395
FARSB	0.31021916628948304	0.0915979672442818
FAS	0.517948847849899	0.14079645483719047
FASN	1.6670511808086055	0.6868512402195859
FASTK	0.28202385675105074	0.15299690148203487
FASTKD1	0.41063946873714724	0.03514490346678605
FASTKD2	0.4482723963074967	0.04162922258916209
FASTKD3	0.3777526036844919	0.13186432666434333
FASTKD5	0.3787366265416624	0.17267229063232273
FAT1	0.33834423459837554	0.09515390929332718
FAT2	1.1809870937717477	0.07866711890710384
FAT3	0.7162756403708105	NA
FAT4	0.660543564866374	NA
FAU	0.3385584850997807	0.09076732996267795
FAXC	0.1922363290537363	NA
FAXDC2	0.7760603351599684	NA
FBF1	0.43688924073717134	0.11561873406039998
FBH1	0.1858613610928682	0.1309188270161433
FBL	0.21682841669070044	0.14824246268114888
FBL-PS2	NA	0.15937580836015489
FBLIM1	0.503898477419156	0.14260467260975954
FBLN1	0.8523682420431582	0.18773360089973778
FBLN2	0.6736714671211964	0.09570122439078485
FBLN5	0.8945432250429809	0.17370257838051056
FBLN7	0.49622858805255515	0.11753485591633593
FBN1	1.0891274031832094	0.20661527516489442
FBN2	1.1320757250342706	NA
FBN3	1.1425193330354229	NA
FBP1	0.550993973821384	0.05192212657017432
FBP2	0.6610749394502096	0.10870894379837222
FBRS	0.10283766628035892	0.09141657463972881
FBRSL1	0.20011633872549903	0.10144120316014461
FBXL12	0.1676991754322264	0.10020835857496972
FBXL14	0.12688627724853577	0.22178184905744322
FBXL15	0.4879004564934496	0.15428329664726012
FBXL17	0.27432792961362207	0.09117045194791058
FBXL18	0.16898198666083195	0.04788382562775978
FBXL19	0.39882990570680854	0.12668814560054045
FBXL2	0.24401416330460957	0.16208410470759285
FBXL20	0.3522935412199706	0.16853643184744124
FBXL3	0.29892600339293013	0.16632082566203116
FBXL4	0.21605253786302284	0.14910231440146438
FBXL5	0.24716086822372063	0.042464127144583586
FBXL6	0.25142875775913837	0.11990007594789856
FBXL7	0.51442030593132	NA
FBXL8	0.910261171194488	0.22554686133428323
FBXO10	0.5284983717541221	0.048140828578314344
FBXO11	0.06865660896402435	0.05747365441915073
FBXO16	0.46936208075198305	NA
FBXO17	1.0657797804140798	NA
FBXO2	0.6008310575057624	0.22531451752112377
FBXO21	0.3114215591766789	0.12619355869521606
FBXO22	0.36432134448240905	0.03390076725245864
FBXO24	0.4885484599520512	NA
FBXO25	0.1494241052797393	0.10201723426632504
FBXO27	0.7024141747850767	NA
FBXO28	0.18074511151032213	0.11063044566895248
FBXO3	0.2666617663139037	0.125908489226656
FBXO30	0.3589789655491022	0.18962754109617672
FBXO31	0.5732264207020357	0.18549797253556452
FBXO32	0.43121360830465	0.2502672076311736
FBXO33	0.2509396922210445	0.12822589664537373
FBXO34	0.2592146146814356	0.15197343663359084
FBXO36	0.5217388269608165	0.06280988693435152
FBXO38	0.10129011886548285	0.09833250337933278
FBXO4	0.2649308288197419	0.23252209262972437
FBXO40	NA	0.27726234677725947
FBXO42	0.16389174801868772	0.09868915357159869
FBXO44	0.4291052776720173	0.16007614198169257
FBXO45	0.25863057722946076	0.06385634557259179
FBXO46	0.15556305606161405	0.11249221314588677
FBXO48	0.1984046562118925	NA
FBXO5	NA	0.10653835850822509
FBXO6	0.3738741271783755	0.1583892352470032
FBXO7	0.22035538347997066	0.06829239952611192
FBXO8	0.3433163316953669	0.08858660134105055
FBXO9	0.17660679556414458	0.10228295998094228
FBXW11	0.2494961802195831	0.033859704444203866
FBXW12	0.4844337223894579	NA
FBXW17	NA	0.08551796996009454
FBXW2	0.43581897891737376	0.09033753738070491
FBXW4	0.2368510389764275	0.1629604401926696
FBXW5	0.174850995563268	0.08995617808892317
FBXW7	0.15678815495041984	0.12660233044044172
FBXW8	0.20010772201618215	0.07305940707798354
FBXW9	0.34298858446935854	0.17076435303992676
FCAMR	NA	0.18637975526019734
FCAR	1.0357586311403357	NA
FCER1G	0.8653871286193338	0.36212047544850373
FCER2	2.6228691907241712	NA
FCF1	0.1588203173468746	0.04749461150237941
FCGBP	NA	0.7751447416564408
FCGR1A	1.2501484889369805	0.11104278045989037
FCGR2B	1.2831711517282607	0.17733729005297524
FCGR3	NA	0.5749195281836648
FCGR3A	0.6733157397345749	NA
FCGR4	NA	0.21321174523408842
FCGRT	0.3217013830634499	0.05835761642876223
FCHO1	1.8764382260300252	NA
FCHO2	0.46207790665092635	0.09003904959195293
FCHSD1	0.5057742525023711	0.12140938919153818
FCHSD2	0.4215835896299163	0.0611967943014436
FCMR	1.5853378387898085	NA
FCNA	NA	0.12827561499935122
FCOR	NA	0.9369789225306315
FCRL1	2.6501869777275586	NA
FCRL2	2.073437838199293	NA
FCRL3	2.7488762648758764	NA
FCRL4	2.926152199130113	NA
FCRL5	2.112333602276182	NA
FCRLA	2.827686640020813	NA
FCRLB	0.4917192326216862	NA
FCRLS	NA	0.20749346227860505
FCSK	0.20124902677001674	0.16004112050452163
FDFT1	0.37115285475894083	0.06308660673121633
FDPS	0.23041098817343786	0.10082967119821054
FDX1	0.565095240487811	0.17633277684306242
FDX2	0.21384726438964768	0.1345483416873777
FDXACB1	0.3511692423960051	0.1937774160871817
FDXR	0.2902912229304431	0.15508632698061858
FECH	0.3575883166408237	0.10714240329781652
FEM1A	0.24025415187412247	0.07195514409848476
FEM1B	0.1426406280846651	0.09405898737032842
FEM1C	0.3112481076896734	0.08666098926316818
FEN1	0.2142674803381672	0.11390513642568652
FER	0.18887801040827548	0.13089312903594447
FER1L5	0.5782934376197716	NA
FER1L6	2.3126622023160315	NA
FERMT1	0.6614801471011024	0.11986171553300826
FERMT2	0.2148664161199684	0.030554622913921185
FERMT3	1.3068146772278626	0.07307696534799239
FERRY3	NA	0.10626060079716364
FES	0.4396206276826792	0.1239568704995525
FETUB	NA	0.16834429761904587
FEZ1	0.5501263054442994	NA
FEZ2	0.35836533584133323	0.11108384221293238
FFAR2	0.895485462477541	NA
FGA	NA	0.1873468746517442
FGB	2.5367355697186458	0.20112095322803653
FGD1	0.5102791705632659	0.08965355731868634
FGD2	1.3711896698996684	0.1278380149241182
FGD3	0.6276728625422293	0.3320391034432543
FGD4	0.2459710389191752	0.07376998754600701
FGD5	0.45619607999302236	0.125304260898312
FGD6	0.4903878231933767	0.08969095034977444
FGF1	0.9899888146098894	0.14717758313663787
FGF10	1.4955980337522452	NA
FGF11	0.692969447743734	0.13391758303248652
FGF13	0.8737013745587284	NA
FGF18	NA	0.31657688952943336
FGF2	NA	0.05170622275915018
FGF22	1.0842125592668388	NA
FGF7	1.199383620976394	NA
FGF9	0.4686675957217215	0.18977067387280855
FGFBP3	NA	0.22987649882165556
FGFR1	0.17701803320589815	0.11772552514621247
FGFR1OP2	0.2684975087441892	0.09719781603988271
FGFR2	0.3919075712664048	0.0847042312607539
FGFR3	0.2870967632651067	0.13588365333196128
FGFR4	0.3701748110632924	0.1766206824182266
FGFRL1	0.7391495269264133	0.23139388829433297
FGG	2.0069844227463904	0.13423856385049232
FGGY	0.5673079662513475	0.10337665208598269
FGL1	0.7814020447809753	NA
FGL2	0.5196305777243725	0.24221252409236527
FGR	0.6618090288470456	0.14100994605869063
FH	0.668656090668483	0.09391403482741129
FHAD1	0.5468771902275527	NA
FHDC1	0.9195394350445046	NA
FHIP1A	0.4721570298470861	NA
FHIP1B	0.13551032346902636	NA
FHIP2A	0.254337710910941	NA
FHIP2B	0.1828021567604982	NA
FHIT	0.5704315968140113	0.12478081131144458
FHL1	0.7494823008337717	0.09402749285639196
FHL2	0.49601834908052955	0.0794067595069103
FHL3	0.5823512712896286	0.17577393962934065
FHL5	0.9515083282622585	NA
FHOD1	NA	0.11173941251090184
FHOD3	0.5146082816313835	0.0441849473057027
FIBIN	1.0722510990961758	0.2655240962165372
FIBP	0.3338506190694948	0.2372722580096702
FICD	0.2835585717277366	0.17168736380340546
FIG4	0.2615517941778997	0.067672067800128
FIGN	0.4708938493964913	NA
FIGNL1	0.20828611246806242	0.10675458075375624
FIGNL2	0.3251790762467973	0.08611836559628754
FILIP1	0.8640471752645389	NA
FILIP1L	0.6984313327033981	0.13112742443499698
FIP1L1	0.15359842791329828	0.15430111886242542
FIRRE	NA	0.1769151258261995
FIS1	0.31094427046161033	0.08863090600452361
FITM1	NA	0.40312394792779316
FITM2	0.663030014828506	0.2482140447971356
FIZ1	0.21338320017467519	0.03860864590562886
FJX1	0.4644831838248833	0.11923543634482585
FKBP10	0.9975511440367107	0.18851327882943697
FKBP11	0.3366363463957838	0.11662601202614321
FKBP14	0.49114043306950617	0.28288019315687546
FKBP15	0.2274256361771324	0.11344964503882277
FKBP1A	0.17377672320215864	0.0972209789466878
FKBP1B	NA	0.20831380851927025
FKBP2	0.24996703524629926	0.15254151924555842
FKBP3	0.13492037174323737	0.03927444181910934
FKBP4	0.4563523622300372	0.2910881004037478
FKBP5	1.4242418676716933	0.31760663442294074
FKBP7	0.7487744182270404	0.2255629677498276
FKBP8	0.29704874375238666	0.04128440753468408
FKBP9	0.2261546459096247	0.1390836935772011
FKBPL	0.33456208927048015	0.1814744368170404
FKRP	0.2790350361098622	0.08896166683021352
FKTN	0.4173259590835575	0.16960529565296367
FLA-I	0.5673647178160648	NA
FLACC1	0.6813089585628982	NA
FLAD1	0.46469170152122563	0.1383160680719751
FLAI-K	0.6907218015068404	NA
FLCN	0.3355613158083668	0.1835146610469612
FLI1	0.580302424157487	0.038964377390463614
FLII	0.1445240013975404	0.12487569038409455
FLNA	0.41912500908351724	0.0943364160098544
FLNB	0.33096745119781096	0.16830601471626117
FLNC	0.8482124118314314	0.03884054206612641
FLOT1	0.19148042245153904	0.15927429750052308
FLOT2	0.2911648137606587	0.14045701426755317
FLRT1	0.8395701793945156	0.24003616431302272
FLRT2	1.0057238085736468	0.041310746590681166
FLRT3	0.9107821756904274	NA
FLT1	0.2832311109048042	0.22034361924517826
FLT3	0.9866081592205139	NA
FLT3LG	0.719642406906557	0.19267977684496457
FLT4	0.41918468173988976	0.1097394045472463
FLVCR1	0.3056173106705369	0.14282730677796998
FLVCR2	0.4204488802601062	0.0666076584116625
FLYWCH1	0.1692495856934741	0.071925715998449
FLYWCH2	0.7184410318849126	0.170836231022414
FMC1	0.26760725910753247	0.42964799548332044
FMN1	0.600421103606885	0.09394222915381288
FMNL1	1.5791647765849977	0.232394445190885
FMNL2	0.26983880809808775	0.08490596782859142
FMNL3	0.6105387466268137	0.08313683832173431
FMO1	1.8391159316288004	0.23114221928813541
FMO2	0.6805078709784055	0.1113115134548571
FMO4	0.8386155320081151	0.16340686833458376
FMO5	0.6746628183926293	0.4683763786913998
FMOD	0.8992921787745629	0.1287194796407065
FMR1	0.2243848443661356	0.09724990014183907
FN1	1.1852041710164465	0.35723146254816945
FN3K	0.2839561368694858	0.08265599835961837
FN3KRP	0.35254909844165816	0.055950372698816336
FNBP1	0.5339965912101021	0.08854889798931583
FNBP1L	0.4100090191882034	0.11527927750975916
FNBP4	0.2994355216877946	0.12606463311067181
FNDC1	1.4994812862296811	0.03347983750411968
FNDC10	0.5015443188817109	0.10347426492932604
FNDC3A	0.3024013034775013	0.15504238528996545
FNDC3B	0.33312194621749397	0.13796536180253458
FNDC4	0.5974574860741867	0.07200714633184573
FNDC5	0.11728234025982033	NA
FNIP1	0.27576028463414815	0.13463955327325086
FNIP2	0.527658601101059	0.3255779278280228
FNTA	0.09854915653299937	0.06104102000966787
FNTB	0.44545056558499446	0.12115151606452118
FOCAD	0.25672518411714784	NA
FOLH1	NA	0.21159662326587836
FOLH1B	1.1301792685032712	NA
FOLR1	1.1785663605154346	0.1106585455345217
FOLR2	0.8304650167110715	NA
FOS	1.8297891384246157	0.346587971035471
FOSB	1.4801994590409742	NA
FOSL1	0.8439157223272017	0.28960166933161796
FOSL2	0.4183062113149301	0.0785298253932251
FOXA1	NA	0.32415941474932525
FOXC1	0.5341467267826537	0.1344099676704298
FOXC2	0.4104573293500502	0.16790751916461882
FOXD1	0.6759777869905707	NA
FOXD2	0.46410476142797924	NA
FOXE1	1.5704253400718926	NA
FOXF1	0.566738298459457	NA
FOXF2	1.0433272506795632	NA
FOXI1	0.7187400891272514	0.5505390520684166
FOXJ1	1.0573450919166043	0.2905477973940887
FOXJ2	0.2101182818980654	0.12467356662041179
FOXJ3	0.08766974437957084	0.07825854081614247
FOXK1	0.24045640533233567	0.1187878519408655
FOXK2	0.2793938172288314	0.1873322869831696
FOXL1	0.7131356844933205	NA
FOXM1	0.8078426891484033	0.15210300448001543
FOXN2	0.2861710803015283	0.10812037081773403
FOXN3	0.2672523540104935	0.14342995710662676
FOXO1	0.5010801700185298	0.18943124248383789
FOXO3	0.3313207907960917	0.3732076466279946
FOXO4	0.24377895709948377	0.0666258150783462
FOXP1	0.4021808906907112	0.027213451850654623
FOXP2	0.9044832675046576	NA
FOXP3	1.071892704140368	NA
FOXP4	0.28624210375894527	0.06031632285392013
FOXQ1	0.5234998593396735	0.1659159748188467
FOXRED1	0.4578359355197284	0.18813221994436233
FOXRED2	0.5062458219509526	0.12652912021146895
FOXS1	1.0660966499607956	0.08364398422670052
FPGS	0.3231241659606272	0.2616344993594335
FPGT	0.33797448313257183	0.18224631777252864
FPR1	NA	0.07771090448522426
FPR2	NA	0.10652111311983327
FPR3	NA	0.08082584557515987
FRA10AC1	0.38864428458765005	0.13038161037033455
FRAS1	0.483671584491286	0.11967445333193659
FRAT1	0.4457906514470765	NA
FRAT2	0.3473204901027521	NA
FREM1	0.7230897339822546	0.1287985678183316
FREM2	0.8928346955387039	0.10872093841113153
FREM3	1.1460717494915997	NA
FRG1	0.19871443232549194	0.09596079169274553
FRG2F1	NA	0.13430032582544493
FRK	0.4362113680178367	0.06765219230299489
FRMD1	0.42616419778510595	NA
FRMD3	0.32402546597586557	NA
FRMD4A	0.5531706312605039	NA
FRMD4B	0.516669740446145	0.1509194815100369
FRMD6	0.6554931271376844	0.15482287748133847
FRMD7	0.9009322367657556	NA
FRMD8	0.46281737195897227	0.06853390089759748
FRMPD2	1.7426331275423335	NA
FRRS1	0.39682384441216606	0.06108540747043209
FRS2	0.35054773514130905	0.08438227509632092
FRS3	0.310852045074286	0.14257650361584961
FRY	0.3621548717946561	NA
FRYL	0.24442790638015513	0.11674205232460785
FRZB	0.9414348582156663	0.18278122554761853
FSCN1	0.5038764425747662	0.22341402570306082
FSD1L	0.6052612472677202	0.08496276070239386
FSD2	0.5918516980934907	NA
FST	1.0060838010719664	0.4158418703491507
FSTL1	0.5816661054393468	0.2244412125529973
FSTL3	0.5220061299292378	0.19595011284256209
FSTL4	1.235194764935949	NA
FTCD	2.0853002940683947	0.1012504446061661
FTH1	0.6050520027176132	0.044625372311131714
FTH1-PS	NA	0.46938045110091686
FTL	0.6559081333211424	NA
FTL1	NA	0.09912622340929958
FTL1-PS1	NA	0.8032568493215146
FTL2-PS	NA	0.7550180550170362
FTO	0.1736319390784134	0.0574283925381597
FTSJ1	0.1904228918945813	0.08747884829634724
FTSJ3	0.19688233493417173	0.1425797225857311
FUBP1	0.2108773086070799	0.2088936288240465
FUBP3	0.1313603593773385	0.15979113367310643
FUCA1	0.4633350277471644	0.06149114825057357
FUCA2	0.4588803068922517	0.08260023767461593
FUNDC1	0.21897763331353207	0.06753539176420495
FUNDC2	0.35744557844585534	0.10962244411859715
FUOM	0.4468352178034084	0.10263468937535662
FURIN	0.2071304070083384	0.03331757088473661
FUS	0.20246221479147525	0.31496562215241913
FUT11	NA	0.17229663611584825
FUT2	0.5520210731767574	NA
FUT4	0.32623318589074124	0.021680755677322083
FUT8	0.42307774433116135	0.16765065045683464
FUT9	NA	0.19938422703594583
FUZ	0.21246000755250974	0.07144745125084045
FV1	NA	0.127367398765071
FXN	0.34722343930748495	0.10767825253285765
FXR1	0.19656573828944307	0.09576429051021489
FXR2	0.2687761848042218	0.08537605009610691
FXYD1	0.7655193333703257	0.2424265671210126
FXYD2	0.7272566955664954	0.0394754120386745
FXYD3	NA	0.3576673676396976
FXYD4	NA	0.23432499835448364
FXYD5	0.8645977018479014	0.18821293707878278
FXYD6	NA	0.27012716363665473
FYB	NA	0.10173896402754416
FYB1	1.2544092331913324	NA
FYB2	NA	0.24380435058050798
FYCO1	0.2853497228464286	0.061825356456618394
FYN	0.5062319036353722	0.060600852582224286
FYTTD1	0.2515387931873601	0.06709661931816048
FZD1	0.37217170391856935	0.2469791595133302
FZD2	0.7188326912977077	0.15309126358074177
FZD3	0.2828016990636335	NA
FZD4	0.4420042630185655	0.13358120189846628
FZD5	0.4954595433978337	0.09546132300959893
FZD6	0.353159765665126	0.22602273549351065
FZD7	0.21341964923850923	0.1984636808103275
FZD8	0.39116074881551544	0.126177861327225
FZD9	0.7951525855357365	NA
FZR1	0.15431968953419098	0.12116993969331723
G0S2	0.5248032789042768	0.7075665506619923
G2E3	0.3852963441393511	0.10015203763351357
G3BP1	0.17790213893237256	0.15361401652855836
G3BP2	0.2647284006179208	0.08111820784186123
G530011O06RIK	NA	0.718271919531298
G6PC	NA	0.5646605244281981
G6PC1	0.917979780252421	NA
G6PC3	0.28711353388025757	0.10580836385893562
G6PD	0.3096506929397781	NA
G6PDX	NA	0.1138242578180855
G930009F23RIK	NA	0.08489770243958966
GAA	0.3650521838888566	0.05684345793676955
GAB1	0.32982051837940624	0.1078199366243146
GAB2	0.49151158788720184	0.0654956592646031
GAB3	0.9461453849102642	NA
GABARAP	NA	0.1707822966694807
GABARAPL1	0.4322714406784713	0.2486535886153527
GABARAPL2	0.24413697114868338	0.15644118623068692
GABBR1	0.38729249877999844	0.18602979981142176
GABBR2	0.9845418875944001	NA
GABPA	0.15588933922080658	0.09821013582825112
GABPB1	0.13109775854189112	0.1510395484843684
GABPB2	0.28526742945684025	0.04378061130816334
GABRA3	NA	0.14127288271478408
GABRA4	1.5345568366864437	NA
GABRB2	1.6082844743232534	NA
GABRB3	NA	0.14611879890981777
GABRD	1.1994755250281857	NA
GABRP	NA	0.07974834576847047
GADD45A	0.7804155714164295	0.3119764833333642
GADD45B	1.1699489782578951	0.317825608283435
GADD45G	2.107738471884265	0.7658069924464275
GADD45GIP1	0.42283187740040323	0.13058939875244
GAK	0.20828085028130838	0.06964433465153066
GAL3ST1	0.6992849315126985	0.16011347224501835
GAL3ST2	NA	0.09924739298983487
GAL3ST3	0.9782253070506929	NA
GALC	0.21907728640852317	0.05415067324531519
GALE	0.3812953358688203	0.14877112191856479
GALK1	0.37926870182576605	0.058285417714868525
GALK2	0.22069910642171592	0.05714433612600572
GALM	0.5620660309676057	0.11918702910325216
GALNS	0.4486515430635661	0.24067331090095473
GALNT1	0.17868439057939284	0.06107905865102307
GALNT10	0.43316982362751566	0.11698787450960331
GALNT11	0.48444530847318573	0.16088091311355987
GALNT12	0.407195993107968	0.1924477664288957
GALNT14	NA	0.18221123851657478
GALNT15	0.7867375313940896	0.225299221015205
GALNT16	0.7115411656383853	NA
GALNT18	0.33896159741011833	0.14438275847118895
GALNT2	0.33665542835521384	0.059108655170252496
GALNT2L	NA	0.0485848668983303
GALNT3	0.725832646250715	0.03744987019012781
GALNT4	0.4328326297552099	0.22079580554761905
GALNT6	1.0128508553111333	0.11245788912942656
GALNT7	0.5126950764331554	0.05530702173009595
GALT	0.31793569091767176	0.13659900976007766
GAMT	0.46141564695916487	0.19206645319125684
GAN	0.40237072630559145	NA
GANAB	0.18381126477923987	0.07458883102345265
GANC	0.4708004078066542	0.0803233806675732
GAPDH	0.3794808762566312	0.3645770845137187
GAPDH-PS15	NA	0.11609418653701961
GAPDH-PS16	NA	0.11724472443200144
GAPVD1	0.22062159704050524	0.0686464188428014
GAR1	0.22880024289417233	0.0998775125816017
GAREM1	0.374886452923662	0.09300405706965471
GAREM2	1.0484760123770864	NA
GARIN1B	0.630974932443532	NA
GARIN5A	0.9599607327027533	NA
GARNL3	0.7769425970182745	NA
GARRE1	0.24566394099610311	0.0778961183538575
GARS	NA	0.021058803520540674
GARS1	0.21609479565823267	NA
GART	0.2613355796345892	0.16140491849270228
GAS1	0.8737465982454424	0.13810114412692523
GAS2	0.7309391580503738	0.17273572510676774
GAS2L1	0.26946279125640005	0.0901125054571774
GAS2L3	NA	0.13879061988747288
GAS5	NA	0.1379353771672292
GAS6	0.28971593632674836	0.05637181121406711
GAS7	0.888855028438837	0.0597411074587751
GASK1A	0.882967317897085	NA
GASK1B	0.7250774177434467	NA
GATA2	0.578393632396066	0.250811137223365
GATA3	0.35760929453534906	0.21492050661736103
GATA4	1.2728551017406518	NA
GATA5	0.7808846953001691	NA
GATA6	0.8321723791789615	NA
GATAD1	0.14908219931208494	0.08219866994614428
GATAD2A	0.21272617285042064	0.10614422392592081
GATAD2B	0.20901648988438545	0.1203184200513819
GATB	0.41226899122104776	0.029479736087806692
GATC	0.3228303699857724	0.10436736674755798
GATD1	0.2246743261344605	0.07078513080652431
GATD3	0.31379035904662733	0.1357192371924644
GATM	1.8136469943667375	0.2634895764466504
GBA	NA	0.1159200764523855
GBA1	0.2505292220479704	NA
GBA2	0.18373492654939275	0.16938187939098298
GBA3	1.4356902641867326	NA
GBE1	0.41605874122626124	0.1611491067492544
GBF1	0.15424679941201203	0.1576072805398647
GBGT1	0.3693403351978243	0.2063097903386033
GBP10	NA	0.20687369056109847
GBP2	NA	0.199072995642124
GBP3	NA	0.27622317290147747
GBP4	NA	0.14707893354314835
GBP5	1.39599168798723	0.15502515974594305
GBP6	NA	0.09797672639122981
GBP7	NA	0.2790355019996305
GBP8	NA	0.18215923607311774
GBP9	NA	0.12614633205334067
GBX1	1.0204925316802986	NA
GC	NA	0.21356546155906314
GCA	0.6201592432527296	0.1925677460621336
GCAT	1.0774751570336742	0.10868373134328603
GCC1	0.1820425250040563	0.03244041430361863
GCC2	0.29261611777858976	0.1420328206122473
GCDH	0.8171913944978413	0.07714739382301881
GCFC2	0.14814502981569047	NA
GCGR	0.9619704620863267	0.1900501997468715
GCH1	0.7293023261227631	0.08474205874448086
GCHFR	0.4585637164156589	0.3138593574212078
GCLC	0.3823795257201688	0.3556448700500508
GCLM	0.7480430897004328	0.2899950188242166
GCM1	1.1331094083972508	NA
GCN1	0.13103049746433382	0.14980355167659393
GCNT1	0.9724936573877083	0.2345272850319322
GCNT2	0.15845789249045605	0.10624487544600536
GCNT3	1.2889899595877565	NA
GCNT4	1.0258630086559433	0.14641650389035
GCSAM	1.5825896918941	NA
GCSH	0.7726240310396821	0.0863504653710906
GDA	1.155088650153604	0.10212421195213348
GDAP1L1	0.6297341320081373	NA
GDAP2	0.3368421291052766	0.12342109917676557
GDE1	0.29588418005419254	0.15573248584355429
GDF1	0.5522739163521759	NA
GDF10	NA	0.1501223730195754
GDF11	0.6430865990906112	0.2902861674171223
GDF15	1.3020627880433215	0.5954559223109495
GDF7	1.5562155510178048	NA
GDF9	0.3729153668107032	NA
GDI1	0.26440060155628975	0.10269990961208453
GDI2	0.3208310219873874	0.07507754281430579
GDPD1	NA	0.17675669373306993
GDPD2	0.7840835943255717	NA
GDPD3	0.5990919669544987	0.12993341351996016
GDPD5	0.3863072485668055	0.08968642813398794
GDPGP1	0.35394243592066726	0.10460471772969528
GEM	0.6592908831019388	0.09556070144368913
GEMIN2	0.13877129850122763	0.15656558380000898
GEMIN4	0.3407058796071865	0.110987493433817
GEMIN5	0.17401167682803426	0.10334588369329681
GEMIN6	0.19336915765330046	0.16788804865604204
GEMIN7	0.19902573054882094	0.10806335707517374
GEMIN8	0.4113129118178077	0.11656976070191442
GET1	0.18720490744065282	0.13113737536445294
GET3	0.4266872150601989	0.06549871628223827
GET4	0.45513803876291126	0.13629615064691528
GFER	0.23400990850075615	0.08034946718098958
GFI1	1.355713372177529	NA
GFM1	0.621050399663054	0.1044823648123819
GFM2	0.32528622970316207	0.13775397421592359
GFOD1	0.3963782659154087	NA
GFOD2	0.1867483761077336	0.09589298000452677
GFPT1	0.35586685828803666	0.036074850102418204
GFPT2	0.738948238163196	NA
GFRA1	0.43578391418425294	NA
GFRA2	1.2006287712543113	NA
GFUS	0.2599613569947284	0.08064417940100496
GGA1	0.2601473353651868	0.07254060438295194
GGA2	0.22372251029867654	0.11612680840501176
GGA3	0.22946543459681912	0.10992907306488635
GGACT	0.4238486881346694	0.12373192322623192
GGCT	0.5390683131220272	0.031390414407156106
GGCX	0.1733281886808933	0.08691096478553621
GGH	0.40553520638903323	0.050158237901062525
GGN	0.8809173801816343	NA
GGNBP1	NA	0.08534243282423368
GGNBP2	0.23338038973846578	0.04563890209124561
GGPS1	0.1915411111232328	0.08970400110427537
GGT1	1.0167334336912162	0.1385717273812124
GGT5	0.6946094710220111	0.05463557340117155
GGT6	0.681957719335826	0.14702503414124057
GGT7	0.6770924463459072	NA
GGTA1	0.5577690608701189	0.1085149254862393
GHDC	0.3204748845485158	0.12218721526808456
GHITM	0.8007634155989726	0.09625922938631452
GHR	0.546940696184222	0.22767994740863215
GHRHR	0.9443902892745848	NA
GID4	0.24433184803992689	0.0942815468427993
GID8	0.13623697377509306	0.03221821676627069
GIGYF1	0.3263354919479221	0.18294376802452886
GIGYF2	0.08221006657085607	0.12266386455497533
GIMAP1	NA	0.112720492678268
GIMAP2	1.2290418383626858	NA
GIMAP3	NA	0.1524108754785803
GIMAP4	NA	0.16854194665680222
GIMAP5	0.8848711444886646	NA
GIMAP6	0.491193460520514	0.13481165448992302
GIMAP8	1.0282944520954893	0.17549371959484691
GIMAP9	NA	0.22896338145776632
GIN1	0.2040658048519852	0.05011829220731803
GINM1	0.30484117417722345	0.0560839521857218
GINS1	0.3383397172873216	0.13330251276467156
GINS2	0.964818615219351	0.09055444411620107
GINS3	0.5322594314867228	0.057068330999031726
GINS4	0.9942890620274841	0.05307121142569281
GIPC1	0.35645290365064497	0.1278973432396015
GIPC2	0.8835523634519226	0.05319692410103768
GIPC3	0.599437295408088	NA
GIT1	0.20201776373737054	0.06854094385161014
GIT2	0.35933326707534646	0.03662330888554732
GJA1	0.3069544279059284	0.06804291846767778
GJA4	0.8352409208632031	0.18704039597907518
GJA5	0.5469633090444278	0.10102602034343358
GJB1	1.0025866358461188	0.23900844518983352
GJB2	0.6838199926297701	0.4266197464524384
GJB3	1.8823802537305916	0.0800414250242645
GJB4	2.144358853298282	0.10286064342605832
GJB5	1.488137220080207	0.11170910425714026
GJC1	0.30246263947960905	0.10593414758176099
GK	0.9156803952290545	0.18491596726342815
GK5	0.3517997908757618	0.17769260319138042
GKAP1	0.267104342953807	0.2139673481428122
GLA	0.2928649796794973	0.11661947450077816
GLB1	0.32316703220771287	0.03927284006928673
GLB1L	0.3721906017454625	0.07587079078127439
GLB1L2	NA	0.09897224341841118
GLCCI1	0.6066545178122632	0.20307607348295145
GLCE	0.7183410917095238	0.08299827790847249
GLDC	1.436136766736608	0.24354492322311527
GLDN	1.2334146277330602	NA
GLE1	0.31651000646576394	0.04416058243711527
GLG1	0.22972499568982538	0.10776248797658207
GLI1	1.1420646039766054	NA
GLI2	0.7615754764433391	NA
GLI3	0.22527664175230894	NA
GLI4	0.3286986451561849	NA
GLIPR1	1.1061369938162946	0.16518505149596607
GLIPR2	0.8627149925867205	0.14070102587040614
GLIS1	0.5503183825624393	0.1988091577290791
GLIS2	0.338425744232414	0.15508106729863266
GLIS3	0.4151293082065604	0.06719313198688494
GLMN	0.3591601097168682	0.18015382945013123
GLMP	0.3573923578597951	0.11908948770000173
GLNS-PS1	NA	0.462091319927182
GLO1	0.30435724172766193	0.04209977053443657
GLO1-PS	NA	0.27584651762396495
GLOD4	0.24678871568900834	0.09439390999571344
GLOD5	NA	0.14624071191217644
GLRA2	1.7376766258069036	NA
GLRB	0.6221901454703935	NA
GLRX	0.4600129847600291	0.24727013162296305
GLRX2	0.48314910584880155	0.1452473161074915
GLRX3	0.28003297906909763	0.10635878445395007
GLRX5	0.29252919785448245	0.11394765033351884
GLS	0.6030790047231052	0.21374371226602046
GLT1D1	0.5053015660331555	0.1613197974379392
GLT28D2	NA	0.17925810665858843
GLT8D1	0.19979870700961758	0.08219923573744853
GLT8D2	1.277751510055522	NA
GLTP	0.7199097266487916	0.1690735335125297
GLTPD2	1.418679377988695	NA
GLUD-PS	NA	0.1733710120629078
GLUD1	0.6708665118797318	0.09280368868471178
GLUL	0.5975452157708395	0.30011998119885563
GLYAT	1.340145221456327	0.05359376466947615
GLYCTK	0.6846586968298272	0.21206593241049668
GLYR1	0.3153076173383341	0.1112075756429712
GM10015	NA	0.7975511843838893
GM10029	NA	0.5402879683980085
GM10033	NA	0.028865625324711038
GM10036	NA	0.7626092845437837
GM10039	NA	0.5516756327920426
GM10045	NA	0.1548841883506707
GM10051	NA	0.5689473026257243
GM10052	NA	0.09950372760820486
GM10053	NA	0.16752812065631784
GM10059	NA	0.5792406886951316
GM10060	NA	0.5923260446301544
GM10073	NA	0.5865161363083125
GM10074	NA	0.6945525138579889
GM10075	NA	0.42330789230636084
GM10076	NA	1.4739188443661777
GM10080	NA	0.8275436446352277
GM10095	NA	0.17051978478472013
GM10108	NA	0.23275458500151247
GM10110	NA	0.4642311974630445
GM10123	NA	0.8061281193592469
GM10130	NA	0.14558244028670428
GM10131	NA	0.29098975953912737
GM10132	NA	0.2536739074356088
GM10134	NA	0.20125295418101166
GM10136	NA	0.4060474118405747
GM10138	NA	0.10104155936992579
GM10145	NA	0.9576304633822127
GM10146	NA	0.1777355812487805
GM10154	NA	0.8741172064675982
GM10155	NA	0.5473547891432261
GM10156	NA	0.13405943609799162
GM10157	NA	0.7300260831320579
GM10163	NA	0.2041683457415423
GM10171	NA	0.19145101807334186
GM10175	NA	0.3763419464619455
GM10177	NA	0.3871816742637579
GM10180	NA	0.8148329663745749
GM10182	NA	0.24781690481091603
GM10184	NA	0.4773447710036202
GM10221	NA	0.5258542641779305
GM10222	NA	0.185404937300667
GM10226	NA	0.15932660308048321
GM10231	NA	0.3635987523165761
GM10232	NA	0.06280683238649706
GM10233	NA	0.20827660555544464
GM10240	NA	0.2051360922337486
GM10241	NA	0.19622668984301847
GM10243	NA	0.698432660349196
GM10247	NA	0.5764525532622533
GM10250	NA	0.12999611049956344
GM10254	NA	0.23053358933989865
GM10256	NA	0.4033041258685621
GM10257	NA	0.6460014283183239
GM10259	NA	0.38839365942665527
GM10263	NA	0.9385822688948734
GM10268	NA	0.8451425241314118
GM10269	NA	0.42668028075076175
GM10273	NA	0.21095215701669126
GM10275	NA	0.13881194580627576
GM10282	NA	0.21685385219454326
GM10284	NA	0.34714978077811276
GM10288	NA	0.28494613544474845
GM10291	NA	0.6097104329010222
GM10293	NA	0.47374276476139826
GM10297	NA	0.3444267751603308
GM10327	NA	0.7001871549392313
GM10335	NA	0.18856698178014072
GM10352	NA	0.35817433706283663
GM10353	NA	0.12135506218462656
GM10355	NA	0.4421606643629434
GM10356	NA	0.08172358071326091
GM10357	NA	0.5512654491158941
GM10358	NA	0.0776382049247058
GM10359	NA	0.10614951451892914
GM10362	NA	1.5604198302347752
GM10420	NA	0.9097115566850178
GM10443	NA	0.33478194540054695
GM10451	NA	0.1725483744211804
GM10478	NA	0.1587018043078297
GM10481	NA	0.3360528527554165
GM10509	NA	0.3561830938685078
GM10516	NA	0.11625199794492734
GM10522	NA	0.2558578066109809
GM10524	NA	0.20346967799518811
GM10557	NA	0.2893482812864566
GM10566	NA	0.4250885384856996
GM10570	NA	0.14393575527782576
GM10591	NA	0.46470720304718877
GM10599	NA	0.3825952823341371
GM10600	NA	0.37260532195456364
GM10608	NA	0.5504246261488059
GM10651	NA	0.5514983301570453
GM10658	NA	0.24982332279718789
GM10681	NA	0.20362950873929622
GM10698	NA	0.09129592257006297
GM10705	NA	1.7739120352534108
GM10709	NA	0.4946869290092914
GM10732	NA	0.08334816635693568
GM10734	NA	0.4141889422189919
GM10736	NA	1.3701237325431144
GM10762	NA	0.055913594998544036
GM10774	NA	0.22540173099585695
GM10778	NA	0.13297596566859385
GM10787	NA	0.2159242034654286
GM10804	NA	0.20908597952604346
GM10819	NA	0.456967107341915
GM10845	NA	0.10694606589128632
GM10916	NA	1.2314366193851007
GM10925	NA	0.061509103038914985
GM10941	NA	0.1437107656207999
GM11007	NA	0.1502578107099855
GM11008	NA	0.37533575976782785
GM11127	NA	0.5561612772043981
GM11175	NA	0.16651234844606358
GM11189	NA	0.4692971495648601
GM11196	NA	0.8795366735618049
GM11221	NA	0.3666278482789605
GM11223	NA	0.23778898964919265
GM11249	NA	0.6754082707005549
GM11263	NA	0.3922213234583358
GM11353	NA	0.5875746722546927
GM11398	NA	0.5917493507232597
GM11423	NA	0.3076215670861989
GM11425	NA	0.46733369840165306
GM11427	NA	0.12155290940918517
GM11451	NA	0.29854457643790966
GM11466	NA	0.07234383783815766
GM11478	NA	0.20144719562070124
GM11510	NA	0.2886905776270946
GM11518	NA	0.19816195240695603
GM11539	NA	0.2357321273933102
GM11560	NA	0.18155799075448384
GM11578	NA	0.3948436918654189
GM11585	NA	0.365543600018301
GM11599	NA	0.5568142387865965
GM11605	NA	0.3870583403125732
GM11611	NA	0.30123856526096116
GM11619	NA	0.368398985426456
GM11629	NA	0.29700480290374276
GM11632	NA	0.19537272148974977
GM11642	NA	0.2992948156168612
GM11687	NA	0.7923957724937801
GM11695	NA	0.12835552124655988
GM11702	NA	0.44317586657492636
GM11703	NA	0.36603530474151735
GM11752	NA	0.2933158366012742
GM11767	NA	0.16228383659406745
GM11771	NA	0.05940295790388239
GM11772	NA	0.1656622346897475
GM11788	NA	0.33013664189219105
GM11789	NA	0.24165259733899389
GM11808	NA	0.24130050329278052
GM11826	NA	0.5162235820993496
GM11827	NA	0.29763975592516717
GM11836	NA	0.19569117609378472
GM11847	NA	0.12895117126730002
GM11878	NA	0.780926676084597
GM11914	NA	0.7529043525113305
GM11942	NA	0.5539545132071213
GM11944	NA	0.2899022959203749
GM11960	NA	0.5550948539717598
GM11964	NA	0.257934692701283
GM11966	NA	1.472963677871789
GM11993	NA	0.28924043565293234
GM12033	NA	0.06563278574571367
GM12070	NA	0.09386254989236355
GM12091	NA	0.783257075230711
GM12112	NA	0.44674917657275653
GM12115	NA	0.5638681301216977
GM12121	NA	0.24673730492030516
GM12138	NA	0.398492543379385
GM12164	NA	0.42126294397172437
GM12166	NA	0.38938238803415703
GM12168	NA	0.5303539384828967
GM12174	NA	0.4244280117891373
GM12178	NA	0.17595255907110754
GM12183	NA	0.4187393151429339
GM12184	NA	0.26677791269381057
GM12185	NA	0.14178988511073598
GM12191	NA	1.9391815282413096
GM12195	NA	0.09154683369230882
GM12226	NA	0.28612417569156884
GM12250	NA	0.1348546994272345
GM12251	NA	0.31407158273781866
GM12254	NA	0.4294752477098783
GM12258	NA	0.16576315477582834
GM12261	NA	0.7137828615946993
GM12263	NA	0.3715883900039625
GM12276	NA	0.40038109111358616
GM12286	NA	0.6477752853289215
GM12291	NA	0.6973076206299398
GM12319	NA	0.9464070875385983
GM12335	NA	1.0817561125076298
GM12337	NA	0.8398603038558403
GM12338	NA	0.6699679112290576
GM12346	NA	0.6031624377216034
GM12350	NA	0.8285700765157464
GM12352	NA	0.2886681099718842
GM12353	NA	0.36646248621717453
GM12356	NA	0.34783758496760303
GM12366	NA	1.2680782465379397
GM12397	NA	0.16530885529121253
GM12400	NA	0.0
GM12407	NA	1.188007180643707
GM12411	NA	0.1556463233745654
GM12416	NA	0.8332344436205139
GM12418	NA	0.21851180317625946
GM12428	NA	0.5877938328088285
GM12431	NA	3.89104667261266
GM12435	NA	0.10459879563119544
GM12454	NA	0.15050620972388282
GM12481	NA	0.30833936106980947
GM12499	NA	0.12276924292428268
GM12537	NA	0.10674443059944265
GM12543	NA	0.2834891348924428
GM12576	NA	0.3474494910665649
GM12657	NA	0.8613427044949318
GM12663	NA	0.11223096966701326
GM12669	NA	0.1775978681345719
GM12671	NA	0.10134946435853509
GM12678	NA	0.3856796158855168
GM12693	NA	0.22245597748472876
GM12696	NA	0.4201472089992637
GM12715	NA	0.31565588155607777
GM12749	NA	0.27865080375265444
GM12751	NA	0.6577654380200317
GM12781	NA	0.27131474106864
GM12816	NA	0.6912036766112791
GM12840	NA	0.4297104922808947
GM12844	NA	0.8586912252357177
GM12854	NA	0.503833060041853
GM12918	NA	0.4269874524842138
GM12922	NA	0.4912788508356375
GM12927	NA	0.2508222247348684
GM12928	NA	0.285205980330748
GM12940	NA	0.27560434357992286
GM12960	NA	0.18113275255260067
GM12961	NA	0.19871028635166396
GM12962	NA	0.22900877571146933
GM12966	NA	0.2376713584007524
GM12978	NA	0.7176069905794132
GM12989	NA	0.3045553959119539
GM12993	NA	0.3759203896177891
GM12999	NA	0.3671545141104552
GM13019	NA	1.0510595075529379
GM13053	NA	0.03764878126482242
GM13091	NA	0.19896348461925553
GM13092	NA	0.6211168532473651
GM13123	NA	0.31513952637490794
GM13131	NA	0.591063233008403
GM13135	NA	0.12908095753255386
GM13166	NA	0.1045037799752078
GM13167	NA	0.4283984740624504
GM13192	NA	0.7530994436997859
GM13194	NA	0.29878544083059405
GM13205	NA	0.3173891757419119
GM13217	NA	0.165829858870346
GM13226	NA	0.320518206633373
GM13232	NA	0.4415004164075515
GM13237	NA	0.44948531900136707
GM13241	NA	0.1893804956657782
GM13245	NA	0.14934389153772182
GM13292	NA	0.15727343756997236
GM13301	NA	0.3413992071659411
GM13302	NA	0.20778556933369235
GM13304	NA	0.49613862019094057
GM13306	NA	0.7191163903011734
GM13316	NA	0.23997928869876053
GM13331	NA	0.7462788605089079
GM13339	NA	1.326833998832077
GM13340	NA	0.8523601187906141
GM13341	NA	1.2908640711373918
GM13342	NA	0.3520691388023966
GM13363	NA	0.5034220556940557
GM13370	NA	0.22196394569046013
GM13375	NA	0.2485650519687291
GM13378	NA	0.4384197777938085
GM13392	NA	0.6757555218166736
GM13394	NA	0.04725862726931697
GM13398	NA	0.09821508606741892
GM13408	NA	0.5421034717488118
GM13412	NA	0.36073991464357025
GM13414	NA	0.1481506843598538
GM13420	NA	0.173679527386596
GM13422	NA	0.4469927591432805
GM13430	NA	0.7852437798819383
GM13436	NA	0.29019292590045553
GM13453	NA	1.131626336031377
GM13456	NA	0.5324344993235085
GM13461	NA	0.5419763456512835
GM13464	NA	0.09925147067373552
GM13470	NA	0.2830694466379075
GM13493	NA	0.2406524828570451
GM13528	NA	0.18008491700425974
GM13552	NA	0.24365926635099505
GM13577	NA	0.6401060879103401
GM13586	NA	0.8332315511258683
GM13597	NA	0.3344607729026618
GM13611	NA	0.554376598528213
GM13625	NA	0.31992248882579566
GM13648	NA	0.08298888666735015
GM13652	NA	0.2811790784871615
GM13653	NA	0.9399160294489043
GM13655	NA	0.20964101674565394
GM13680	NA	0.06940991250174418
GM13689	NA	0.1464025465935452
GM13690	NA	0.4045802878522863
GM13717	NA	0.2804942116829012
GM13736	NA	0.2281225709640986
GM13767	NA	0.3315235172752374
GM13768	NA	0.3585241040996669
GM13772	NA	1.0950267495136854
GM13803	NA	0.22224198301733541
GM13835	NA	0.1233407678093476
GM13840	NA	0.5442971284552678
GM13841	NA	0.4295365251863129
GM13855	NA	0.2640088575434059
GM13861	NA	0.17175376369591708
GM13864	NA	0.5257101818223064
GM13868	NA	0.1962696578460549
GM13882	NA	0.6980769165057961
GM13991	NA	0.29190367416558766
GM14017	NA	0.8330227485089621
GM14027	NA	0.48458864823398395
GM14036	NA	0.5599983918109662
GM14038	NA	0.22785369744746342
GM14044	NA	0.265557285942052
GM14048	NA	0.392828435348426
GM14049	NA	0.36216603337203246
GM14057	NA	0.36823524941389263
GM14117	NA	0.4088748969159863
GM14121	NA	0.24971713012548047
GM14150	NA	0.537450976603064
GM14161	NA	0.35022113832389895
GM14173	NA	0.41085132557351584
GM14176	NA	0.22080608049930564
GM14207	NA	0.21480962764458977
GM14233	NA	0.21954044976600154
GM14253	NA	0.3090630979944053
GM14269	NA	0.28111037287987317
GM14270	NA	0.58407479374204
GM14276	NA	0.33319784386068874
GM14279	NA	1.459343783291771
GM14287	NA	0.35625912035534935
GM14288	NA	0.44334521553021894
GM14292	NA	0.10529556572642773
GM14295	NA	0.33969031555168705
GM14296	NA	0.1524046983755397
GM14303	NA	0.2833697270359945
GM14305	NA	0.33785867384884927
GM14308	NA	0.17243818678141487
GM14322	NA	0.23726952030569434
GM14325	NA	0.21760803898293177
GM14326	NA	0.18662133843220496
GM14327	NA	0.2287250891341517
GM14388	NA	0.39345499999621486
GM14391	NA	0.15884475437775186
GM14396	NA	0.2753836327725069
GM14398	NA	0.6594024488555714
GM14399	NA	0.2060090527891261
GM14401	NA	0.13628136086970855
GM14403	NA	0.1658411391726003
GM14410	NA	0.31827779440143084
GM14414	NA	0.5770564508256079
GM14416	NA	0.25090333812234894
GM14418	NA	0.2557714930732471
GM14419	NA	0.34622742696006836
GM14421	NA	0.2253657593333631
GM14434	NA	0.23220947145853618
GM14438	NA	0.42571865724380104
GM14440	NA	0.341187970440695
GM14494	NA	0.23845353887917053
GM14536	NA	0.24955546919890462
GM14539	NA	0.24854402479713136
GM14541	NA	1.7619235391683594
GM14548	NA	0.128112573781273
GM14567	NA	0.34376312669425474
GM14584	NA	0.06370515742322443
GM14586	NA	0.463467620923314
GM14648	NA	0.17001227319951265
GM14681	NA	0.40213914285890073
GM14686	NA	1.1058971898015915
GM14698	NA	0.07534931609398578
GM14719	NA	0.32179188810509773
GM14730	NA	0.5233278009293681
GM14760	NA	0.0702308200669482
GM14794	NA	1.1762945404713798
GM14822	NA	0.6318177945430014
GM14964	NA	0.07773893899199773
GM14970	NA	1.0145576574659363
GM15027	NA	0.149998915162276
GM15050	NA	0.40471595875238275
GM15065	NA	0.6305613016684981
GM15133	NA	0.08982129233140045
GM15163	NA	0.12204556322865069
GM15190	NA	0.43765728397784076
GM15191	NA	0.9354158843128411
GM15217	NA	0.22211135600966525
GM15247	NA	0.3738472862940059
GM15265	NA	0.37296215891940576
GM15318	NA	0.16818122967263952
GM15327	NA	0.4221874068749743
GM15343	NA	0.2966100810774646
GM15344	NA	0.37070494192030756
GM15348	NA	0.10240336873459627
GM15361	NA	0.46795755827220026
GM15365	NA	0.39692994590262687
GM15372	NA	2.3804061960958816
GM15375	NA	1.14474418009207
GM15382	NA	0.08655358212923932
GM15387	NA	0.07374526382486646
GM15410	NA	0.22146000538878602
GM15417	NA	0.19755869247339444
GM15421	NA	0.280215062453054
GM15427	NA	0.0964352750511287
GM15429	NA	0.29387856292949965
GM15432	NA	0.33480788142004625
GM15441	NA	0.6784734297482025
GM15446	NA	0.22729176182544494
GM15448	NA	0.07852843508714265
GM15452	NA	0.332339726717765
GM15454	NA	0.642316455432177
GM15459	NA	0.5034628607408949
GM15500	NA	0.19622532586561625
GM15501	NA	0.3554292727643921
GM15516	NA	1.7582614143774489
GM15519	NA	0.24296658060283355
GM15523	NA	0.1977078486523105
GM15526	NA	0.9522153979667534
GM15536	NA	1.2802881393661598
GM15542	NA	0.6503801007215967
GM15545	NA	0.16289229790099016
GM15563	NA	0.3728822668137658
GM15564	NA	0.883242323542885
GM15583	NA	0.1752763900047061
GM15590	NA	1.275453550626325
GM15610	NA	0.24559138710499578
GM15611	NA	0.7204293944890469
GM15616	NA	0.6887232078500017
GM15638	NA	0.06158350456571027
GM15655	NA	0.20356264582901198
GM15682	NA	0.5194817888492624
GM15706	NA	0.27915182384776727
GM15710	NA	0.042929909751280144
GM15725	NA	0.15004966117870036
GM15726	NA	0.4255568154706865
GM15772	NA	0.18208001212556546
GM15793	NA	0.2321141076243989
GM15801	NA	0.2109768663541185
GM15823	NA	0.12660875535264265
GM15832	NA	0.15264197870116902
GM15860	NA	0.09967833728294019
GM15867	NA	0.14385747548144606
GM15879	NA	0.15221563216813064
GM15883	NA	0.10126916490912337
GM15888	NA	0.4137157264513351
GM15889	NA	0.20169689160877075
GM15895	NA	0.3324951506574404
GM15899	NA	0.1894819215696046
GM15922	NA	0.18946432748741612
GM15925	NA	0.15174742728172164
GM15931	NA	0.1536315997486668
GM15952	NA	0.1577123550032344
GM15972	NA	0.30274464527418826
GM16008	NA	0.28134941957168313
GM16010	NA	0.19212732328028886
GM1604A	NA	0.11118118238309857
GM16062	NA	0.3396533852837938
GM16089	NA	0.3529845379801566
GM16098	NA	0.19656883064576494
GM16124	NA	0.2417769479854692
GM16136	NA	0.2613499725320787
GM16146	NA	0.24342320991418068
GM16163	NA	0.1930227540527634
GM16174	NA	0.49683663019862906
GM16199	NA	0.44820429828958613
GM16209	NA	0.1795557508921433
GM16238	NA	0.16126044878114693
GM16286	NA	0.0527827874270075
GM16332	NA	0.2572609268423461
GM16335	NA	0.3912003370405265
GM16374	NA	0.2523223304179553
GM16378	NA	0.4900925696585591
GM16385	NA	0.8461106377128434
GM16409	NA	0.5336024718043278
GM16418	NA	0.0886099488425901
GM16433	NA	0.23580702731405717
GM16437	NA	0.40315702761770844
GM16439	NA	0.26110787227941384
GM16470	NA	0.682170671988803
GM16476	NA	0.670120419715999
GM16477	NA	0.4110195794740603
GM16536	NA	0.1724968753062895
GM16580	NA	0.7156323987307974
GM16589	NA	0.08818420114238501
GM16685	NA	0.1917921972693308
GM1673	NA	0.3631889987504204
GM16740	NA	0.20712455098617902
GM16867	NA	0.15901722410301009
GM16973	NA	0.15499526072230357
GM17018	NA	0.14835922428070164
GM17021	NA	0.089972525490834
GM17025	NA	0.24379013668534114
GM17035	NA	0.3441551194301544
GM17066	NA	0.15703461710703773
GM17081	NA	0.5038761945798068
GM17082	NA	0.5720689454685443
GM17084	NA	0.10286884622693954
GM17108	NA	0.12972894771103272
GM17115	NA	0.18850632782785837
GM17119	NA	0.14264458357850757
GM17167	NA	0.2645572444282147
GM17225	NA	0.43414252276617904
GM17241	NA	0.5789270341732067
GM17251	NA	0.21248703659140036
GM17383	NA	0.48940177671453466
GM17491	NA	0.11429647837724957
GM17501	NA	0.2050220566581725
GM17530	NA	0.2753853610421877
GM17538	NA	0.6487897095073418
GM17546	NA	0.15116057787565812
GM17655	NA	0.165399948895556
GM17661	NA	0.33168911002792095
GM17669	NA	0.7808442392477686
GM17709	NA	0.6541890269108835
GM17748	NA	0.39145087230271336
GM17750	NA	0.7613686257220357
GM17753	NA	0.16006767440840436
GM17786	NA	1.112124863311225
GM17828	NA	1.1989466184745257
GM18101	NA	0.4278656518520252
GM18113	NA	0.3284297018925306
GM1818	NA	0.14923893178332445
GM18180	NA	0.28091639601710916
GM18190	NA	0.20368393084166397
GM18284	NA	0.2971545308007232
GM18537	NA	0.10640698227049869
GM18541	NA	0.42480287118763577
GM18562	NA	0.5309622868787306
GM18584	NA	0.2543136893809427
GM18588	NA	0.4562426242161608
GM1866	NA	0.23795570391148177
GM18666	NA	0.2821312555451551
GM18857	NA	0.15203377078785368
GM19196	NA	0.28825312471748155
GM19209	NA	0.4172000131174267
GM19366	NA	1.9615184144372615
GM19412	NA	0.13675448256939987
GM1943	NA	0.5863114866443797
GM19503	NA	0.3019156817664495
GM19541	NA	0.26603331611388664
GM19605	NA	0.1261610295652842
GM19680	NA	0.15922968368347123
GM19696	NA	0.11119326079229266
GM19774	NA	0.7005350762445257
GM19810	NA	0.10763551771333814
GM19950	NA	0.04605393114631193
GM19951	NA	0.372345486716204
GM2000	NA	0.2105080683181164
GM20008	NA	0.10209122299308769
GM2004	NA	0.5960546251500071
GM2007	NA	0.19967164645341068
GM20075	NA	0.12306311917788405
GM20186	NA	0.3628750242059981
GM20257	NA	0.32727630645679906
GM2026	NA	0.2402280245970072
GM20300	NA	0.13823381789060166
GM20369	NA	0.8340250030232699
GM20390	NA	0.233787601709986
GM20400	NA	0.28120105344332313
GM20422	NA	0.045255928945948966
GM20427	NA	0.045981945777561546
GM20430	NA	0.2621387610453339
GM20431	NA	0.04319153931663314
GM20441	NA	0.13250820406470948
GM20457	NA	0.11872289646004025
GM20458	NA	0.0763399550545606
GM20460	NA	0.07686195324801096
GM20479	NA	0.22267459428017056
GM20488	NA	0.10211180309012766
GM20489	NA	0.18283311283736361
GM20492	NA	0.5770919810302867
GM20498	NA	0.08700678412817806
GM20503	NA	0.2597010672473741
GM20507	NA	0.17746826092004997
GM20509	NA	0.2157686831508258
GM20517	NA	0.09101046774113229
GM20518	NA	0.23106642996110932
GM20521	NA	0.15478344163158733
GM20522	NA	0.18005299150928228
GM20529	NA	0.4419501496155222
GM20532	NA	0.15260242215414016
GM20537	NA	0.10665065349761718
GM20538	NA	0.14800238262606602
GM20547	NA	0.24885752594910618
GM20559	NA	0.15185827391205584
GM20568	NA	0.2336518533551652
GM20570	NA	0.42990312365469074
GM2058	NA	0.38240929207658353
GM20604	NA	0.12925593731344087
GM20605	NA	0.183170134773278
GM20634	NA	0.19589794187744453
GM20656	NA	1.5837004234361545
GM20657	NA	1.4974620136410237
GM20661	NA	0.18898868334605695
GM20662	NA	0.18200908506370933
GM20671	NA	0.076416678481464
GM20683	NA	0.06647145586618575
GM20687	NA	0.13936586517177335
GM20689	NA	0.4864813168969045
GM20695	NA	0.11780598998520776
GM20696	NA	0.15262367228011156
GM20703	NA	0.3818914152181556
GM20707	NA	0.13923090332180085
GM20708	NA	0.1554948938627146
GM20712	NA	0.16640899803455284
GM20716	NA	0.10033263255257446
GM20721	NA	0.23981382720334066
GM20775	NA	0.12460602903661938
GM20784	NA	0.18613487333176376
GM20900	NA	1.4346694102400714
GM20939	NA	0.14527231922344527
GM21092	NA	0.34478506215524024
GM21104	NA	0.5586376211545026
GM21188	NA	0.06146428206912986
GM21297	NA	0.6216202191619986
GM21321	NA	0.23810439898923488
GM21378	NA	0.1589145977127862
GM21399	NA	0.4945004563375249
GM21451	NA	0.19573253062953755
GM21586	NA	0.6547073357883693
GM21596	NA	0.05980282144257884
GM21677	NA	0.9011850202455028
GM21691	NA	0.1041534828816573
GM21693	NA	0.6910724226745952
GM21704	NA	0.9793185797077091
GM21708	NA	0.7529921596771995
GM21742	NA	0.841548212652038
GM21748	NA	0.8982256933797486
GM21769	NA	0.7111961702512954
GM21781	NA	0.10568341707197518
GM21811	NA	0.11624494242449235
GM21860	NA	0.8900437787133835
GM21926	NA	0.20039022496854325
GM21953	NA	0.7124972702620832
GM21969	NA	0.11198698705135439
GM21970	NA	0.08662918380128794
GM21972	NA	0.18382628504435525
GM21973	NA	0.25663109122941125
GM21974	NA	0.15799298034519435
GM21980	NA	0.9235822263410528
GM21981	NA	0.07321397578474063
GM21982	NA	0.06636873867960769
GM21983	NA	0.2665793709360213
GM21984	NA	0.24607554451559652
GM21985	NA	0.2970682121593674
GM21987	NA	0.1876360723830146
GM21988	NA	0.25204480272725444
GM21992	NA	0.13509701494357657
GM22009	NA	0.5127635306893906
GM22043	NA	0.5328046951635432
GM22107	NA	1.021846664518269
GM2223	NA	0.1622771458710685
GM2225	NA	0.2059320227071637
GM22270	NA	0.5576024911958157
GM22357	NA	0.40624029028660763
GM22394	NA	0.4185085738002357
GM22489	NA	0.46880267591840635
GM22571	NA	0.1716214256233238
GM22574	NA	0.9744184218887739
GM22579	NA	0.7438928297334699
GM22581	NA	0.6208669664568062
GM22620	NA	0.2390344203570433
GM22744	NA	0.7864000875798444
GM22748	NA	0.6718933184822227
GM22753	NA	0.29642479303694624
GM22771	NA	0.44055757456075273
GM22806	NA	0.6276338749450504
GM22871	NA	0.8329461837304137
GM22972	NA	0.38552248509798864
GM23119	NA	0.49010835858714397
GM23201	NA	0.8083532806836125
GM23246	NA	0.5612086297329354
GM23318	NA	0.3470029291132796
GM23346	NA	0.25213301461978516
GM23455	NA	0.4275260895824257
GM23458	NA	0.3168971682149965
GM23497	NA	0.2676650892551996
GM23639	NA	0.6365168886335715
GM23751	NA	0.3745325870016562
GM2387	NA	0.4107932487445315
GM23925	NA	0.5815862440264365
GM2395	NA	1.101263778970302
GM2399	NA	0.6730509860152956
GM23991	NA	0.42925044842142157
GM24029	NA	0.9657122750695334
GM24045	NA	0.5900575559113813
GM2412	NA	0.9680766887745501
GM24134	NA	0.6083117400504092
GM2423	NA	0.21626550601171746
GM2427	NA	0.29449651451089354
GM24339	NA	0.6860993492394483
GM24357	NA	0.4523992945534324
GM2436	NA	0.30485463643114336
GM24400	NA	0.6094702055266334
GM2445	NA	0.5094725521030246
GM2446	NA	0.3096725632156635
GM2451	NA	0.21680351382669133
GM24523	NA	0.5175698948047869
GM2457	NA	0.6026823101849252
GM24572	NA	0.5981195246271722
GM24574	NA	1.7001790548750502
GM24613	NA	0.5693278110037825
GM24846	NA	0.29581088931200183
GM24888	NA	0.21072081003974236
GM24920	NA	0.16891165847700235
GM24924	NA	0.35203535185757157
GM25117	NA	1.3360940719401686
GM25184	NA	0.26669335524443166
GM25188	NA	0.6077920339306642
GM25296	NA	0.5126317135804258
GM2541	NA	0.21173871763096308
GM25432	NA	0.442544194711582
GM2546	NA	0.6539752579413807
GM25604	NA	0.6980369081150463
GM2564	NA	0.5573441721258641
GM2573	NA	0.22903013252755539
GM2574	NA	0.11043304387517756
GM25777	NA	0.5743696266660889
GM25789	NA	0.31306387449002554
GM25791	NA	0.6519380339350701
GM25982	NA	0.23762622467718875
GM26003	NA	0.8481763740450876
GM2606	NA	0.08285135847916184
GM2614	NA	0.43506626579780777
GM2619	NA	0.04437450723940986
GM26202	NA	0.6573126064401622
GM26205	NA	0.3145051811566137
GM26236	NA	0.6790414012823883
GM26244	NA	0.4995216424366271
GM26377	NA	0.11568653141264665
GM26397	NA	0.5693167855615038
GM26497	NA	0.2816312767489488
GM26532	NA	0.26020494462834004
GM26712	NA	0.09512432222151515
GM26740	NA	0.06572611381859768
GM26779	NA	0.08240426977031914
GM26782	NA	0.11841404249656735
GM26881	NA	0.41005832313370627
GM26910	NA	0.19911614231482153
GM26920	NA	0.11420112313612447
GM26935	NA	0.540959875447767
GM26938	NA	0.11770016556705715
GM26944	NA	0.4215220514010552
GM26965	NA	0.10652565354476799
GM26982	NA	0.3008420879667845
GM27003	NA	0.20147493993755067
GM27007	NA	0.3957699088690173
GM27021	NA	0.11534392849088876
GM27027	NA	0.23340321996331787
GM27028	NA	0.19788888026155044
GM27029	NA	0.22011576134034283
GM2710	NA	0.2668997900511201
GM27176	NA	0.353760508127014
GM27177	NA	0.19331880677598298
GM27216	NA	0.17145224520930072
GM27221	NA	0.3349273463487012
GM27222	NA	0.4062676557155223
GM27343	NA	0.32056984436724634
GM27616	NA	1.451133749847886
GM2792	NA	0.2967310652513052
GM28023	NA	0.20241110920646924
GM28035	NA	0.05723948118842665
GM28036	NA	0.10478954141608036
GM28037	NA	0.12313382399537849
GM28038	NA	0.11922700759544917
GM28039	NA	0.13348274355580933
GM28041	NA	0.3195182195520405
GM28042	NA	0.0978007060023088
GM28043	NA	0.12048087712049897
GM28044	NA	0.1894466727372581
GM28047	NA	0.09256340589972405
GM28051	NA	0.13823043279292077
GM28052	NA	0.19895003321408533
GM28053	NA	0.14793957264727267
GM2808	NA	0.34557410498338287
GM2810	NA	0.12409087755605004
GM28116	NA	2.4659774758336646
GM28177	NA	0.09485950781475797
GM28230	NA	0.16672991959085964
GM2830	NA	0.5147568672005995
GM28305	NA	0.2940817901049464
GM28309	NA	0.1328407394637825
GM28374	NA	0.37474315407118974
GM28437	NA	0.12433275970323723
GM28438	NA	0.06551620504914288
GM28439	NA	0.14305085661658912
GM28496	NA	0.3172927369411467
GM28503	NA	0.6333590328091981
GM28529	NA	0.23222660768651146
GM28539	NA	0.10521444839374917
GM28551	NA	0.10149592646769587
GM28557	NA	0.17990663751458838
GM28635	NA	0.0716025648706731
GM28661	NA	0.12403695026565512
GM28778	NA	0.1405790720083985
GM28845	NA	0.3334524801986012
GM28875	NA	0.16154551776272827
GM28900	NA	1.0188542894541102
GM28967	NA	0.14708571269423767
GM29012	NA	0.14679540424340737
GM29094	NA	0.10270473637208262
GM29103	NA	0.2319843833949323
GM29107	NA	0.2520551295506285
GM29216	NA	0.13088370432521013
GM29232	NA	0.1439119708303685
GM29247	NA	0.07138480724026998
GM29253	NA	0.1294801432412832
GM29284	NA	0.4593202058609521
GM29289	NA	0.6922392332884616
GM29394	NA	0.18843992420450126
GM29397	NA	0.31133490882529385
GM29427	NA	0.2054143557334028
GM29562	NA	0.3423264220267887
GM29609	NA	0.0652370461743108
GM2962	NA	0.6352384123642181
GM29650	NA	0.24364626392891486
GM29667	NA	0.6659000840082617
GM29668	NA	1.317270438599767
GM29719	NA	0.23807706024388559
GM29787	NA	0.2251913910493787
GM2981	NA	0.1681937703351103
GM2991	NA	0.5683943986527383
GM2999	NA	0.4149747119789198
GM2A	0.49345088168204476	0.10729509883928223
GM30025	NA	0.19795610162110303
GM30097	NA	0.20579006237852007
GM30122	NA	0.12795276990937893
GM3055	NA	0.2661004060104602
GM30571	NA	0.4334803085484917
GM30784	NA	0.17363027622088315
GM30970	NA	0.3559355243710069
GM31036	NA	0.30982847658212603
GM31084	NA	0.25576665635256457
GM31105	NA	0.25320821927459863
GM31332	NA	0.30906023172178015
GM3137	NA	0.09298140247502747
GM3141	NA	0.2901884586295993
GM3150	NA	0.8515285172693356
GM31544	NA	0.5332141682188485
GM31641	NA	0.1133560189744898
GM31651	NA	0.32059367153258783
GM31718	NA	0.21881127980053328
GM31774	NA	0.34018595906745563
GM31992	NA	0.3154396806099953
GM3200	NA	0.6975690495237074
GM32031	NA	0.18911465678488792
GM3219	NA	0.4696429587684511
GM3222	NA	0.778787509362262
GM3226	NA	0.7458656784320917
GM32391	NA	0.31391142645125625
GM32461	NA	0.14511680813846584
GM32569	NA	0.18525941048375094
GM32687	NA	0.13282927361264518
GM32717	NA	0.2951520693114077
GM32802	NA	0.12804465434341647
GM32872	NA	0.5368470981024862
GM32899	NA	0.538456727894349
GM32950	NA	0.43461393210547694
GM33023	NA	0.22728315501408536
GM33050	NA	0.2422153471550377
GM33051	NA	0.6079417474537082
GM3325	NA	0.10052447680234489
GM336	NA	0.20440065683568903
GM3362	NA	0.2979652561885036
GM3375	NA	0.7890746090891068
GM3376	NA	0.5011123943311734
GM3379	NA	0.775216587623242
GM33989	NA	0.15371900344866815
GM34084	NA	0.08300971101210197
GM34150	NA	0.2956878584836227
GM3435	NA	0.1386800178528583
GM34432	NA	0.765174048708507
GM3454	NA	0.0
GM3470	NA	0.6298639913718653
GM3511	NA	0.6673186057335627
GM35281	NA	0.2944606460594923
GM3534	NA	0.4844424350454342
GM35638	NA	0.7588333487944036
GM3571	NA	0.0858684418633817
GM35857	NA	0.7292133074577791
GM36028	NA	0.2675490132495526
GM3604	NA	0.0753921039337161
GM36161	NA	0.1029652393778306
GM36298	NA	0.11131956024803535
GM3650	NA	0.6289081221837988
GM36738	NA	0.16840359686375467
GM36864	NA	0.8678423655905843
GM36958	NA	0.3142770318205146
GM3699	NA	1.074082962864993
GM36995	NA	0.08132210973808227
GM37013	NA	0.37923194452561954
GM37070	NA	0.23788295569251658
GM37116	NA	0.6055951539033664
GM3716	NA	0.2812409504735769
GM37164	NA	0.2935753454014571
GM37235	NA	0.5091475953357464
GM3724	NA	0.4732745602969122
GM37240	NA	0.07298263936948828
GM37285	NA	0.14619080902413473
GM37305	NA	0.07160625035312349
GM37336	NA	0.21109392982455968
GM37376	NA	0.22743594830069724
GM37388	NA	0.3689360879004761
GM37397	NA	0.16146306067374433
GM37416	NA	0.40018218836392544
GM3744	NA	0.6877968623472633
GM37449	NA	0.6011936745533099
GM37486	NA	0.3792976596099641
GM3756	NA	0.4690168452441574
GM37678	NA	0.3137480597286441
GM3776	NA	2.5898444332288357
GM37811	NA	0.10930265751735553
GM37824	NA	0.09413873456545971
GM3788	NA	0.746540681242518
GM37917	NA	0.2512673706392336
GM37939	NA	0.201650154039672
GM37963	NA	0.20559459599086805
GM37988	NA	0.11111771358814876
GM38025	NA	0.1883467736753602
GM3815	NA	0.22226156561238475
GM38166	NA	0.7951787891855652
GM38182	NA	0.27872370426167953
GM38204	NA	0.36821429629039687
GM38303	NA	0.2814417730560997
GM38304	NA	0.42339108810631265
GM38317	NA	0.2454191293959464
GM38329	NA	0.43889616779415075
GM3839	NA	0.18864281621523524
GM38392	NA	0.32389801574363064
GM38393	NA	0.17147645684709698
GM38394	NA	0.04602383133049961
GM38431	NA	0.109898457540704
GM3851	NA	0.8221968645595917
GM3893	NA	0.418378626197358
GM39078	NA	0.16370565063444437
GM39469	NA	0.2547602846590925
GM39473	NA	0.6941912866292987
GM40123	NA	0.2229319433823142
GM4013	NA	0.3544818106934116
GM4045	NA	0.6265186653916733
GM40466	NA	0.23528115594480625
GM4064	NA	0.4518756893987507
GM4076	NA	0.32365588527417394
GM41041	NA	1.713301074727453
GM41231	NA	0.3001500873084075
GM4129	NA	0.25552814896277776
GM4130	NA	0.3308093472782161
GM4149	NA	0.23737002879968727
GM4199	NA	0.6808697516559855
GM4202	NA	0.2386262995602087
GM42031	NA	0.6854885565710996
GM4204	NA	0.1885486031424932
GM42047	NA	0.6915905117353655
GM42067	NA	0.1972750570800553
GM4208	NA	0.12651523062604847
GM4217	NA	0.5487350942769247
GM42397	NA	0.16957651596695267
GM42416	NA	0.2591313643487692
GM42417	NA	0.29554619510366953
GM42420	NA	0.3620136951395576
GM42421	NA	0.22463677676012922
GM42427	NA	0.06600479540757936
GM42428	NA	0.32510707679490386
GM42429	NA	0.5327355539396474
GM42470	NA	0.3527869035157596
GM42547	NA	0.06713111058605074
GM42604	NA	0.2868890398367444
GM42671	NA	0.27656622260905134
GM42674	NA	0.47487191704962134
GM42687	NA	0.864575827815541
GM42688	NA	0.050749945036625325
GM42715	NA	0.02158590513395153
GM42732	NA	0.43502605555924995
GM42742	NA	0.04155077335903381
GM42778	NA	0.29341959053941474
GM42791	NA	0.27693564648091895
GM42793	NA	0.1940337043974596
GM42820	NA	0.07952459673870682
GM4285	NA	0.1164875494751138
GM42878	NA	0.08479082350353974
GM42890	NA	0.16084727170354826
GM42906	NA	0.2865345919533244
GM42936	NA	0.29220171055163036
GM42937	NA	0.26627137850897176
GM4294	NA	0.32934505785586754
GM42957	NA	0.21403917647464546
GM42977	NA	0.6659191769771067
GM42987	NA	0.2591027030423663
GM43028	NA	0.7627456103937257
GM43042	NA	0.28822089270958207
GM43055	NA	0.08824373108247445
GM43064	NA	0.09111256160431631
GM43079	NA	0.23123753814939846
GM43096	NA	0.4373345372238239
GM43108	NA	0.6020716140766362
GM43110	NA	0.42303915727731334
GM43158	NA	0.2608491223269258
GM4316	NA	0.17468324204630556
GM43190	NA	0.3505237505283903
GM43191	NA	0.1071566894958091
GM43197	NA	0.266002459337867
GM43302	NA	0.08882851151815178
GM43305	NA	0.3976413655670527
GM4332	NA	0.12809293035602348
GM4335	NA	0.7984711256197483
GM43365	NA	0.1281119107826415
GM43439	NA	0.3015985512588756
GM43442	NA	0.7333190243641897
GM43444	NA	0.7967901888036024
GM43493	NA	0.2997996225697527
GM43511	NA	0.22836466086404436
GM43513	NA	0.4169688541192394
GM43518	NA	0.17988845962493838
GM43549	NA	0.44305217703306177
GM43552	NA	0.1760454783874065
GM43555	NA	0.1764945673615135
GM43587	NA	0.4581885927913621
GM4366	NA	0.29432053535079783
GM43667	NA	0.22369496051148838
GM43672	NA	0.1612075946882112
GM43695	NA	0.21931532146842594
GM43712	NA	0.737778449383083
GM43737	NA	0.1805843294674455
GM43738	NA	0.07719200527441777
GM43778	NA	0.3888704872228468
GM43802	NA	0.34551903363835373
GM43809	NA	0.25287532220798586
GM43951	NA	0.07152181588953062
GM43966	NA	0.4244021215616616
GM44120	NA	0.6776690896974079
GM44126	NA	0.7595607774749257
GM44135	NA	0.3853120608144235
GM44148	NA	0.41842126271737246
GM44220	NA	0.36781297027393695
GM44243	NA	0.4289376528579042
GM44250	NA	0.17317966304521568
GM4430	NA	0.25768138561007936
GM44386	NA	0.3141676928139259
GM44421	NA	0.12084784876082033
GM44429	NA	1.0669840449289174
GM4450	NA	0.20225100279653366
GM44502	NA	0.15938272672807238
GM44503	NA	0.13474624730257306
GM44505	NA	0.10559232431269085
GM44509	NA	0.2286176582373482
GM44511	NA	0.14224400723805716
GM44574	NA	0.2137544996561049
GM44588	NA	0.06877851152678359
GM4459	NA	0.288490718630088
GM44596	NA	0.28317383808430135
GM44597	NA	0.06786564206292428
GM44641	NA	0.15988475410700367
GM4468	NA	0.18613214934273048
GM44705	NA	1.2373534057477091
GM44710	NA	0.2008025161454602
GM44764	NA	0.34837240515848034
GM44785	NA	0.07307839621080615
GM44790	NA	0.10398624374601022
GM44805	NA	0.18565130743781305
GM4482	NA	0.3695002406629146
GM44950	NA	0.2746627269267095
GM44954	NA	0.6245439089322309
GM44965	NA	0.08213405170943483
GM44973	NA	0.2353235428543821
GM44982	NA	0.421664001108553
GM45021	NA	0.40200714580486735
GM45027	NA	1.5865986179940237
GM45051	NA	0.405382322405759
GM45062	NA	0.11896437360249415
GM45140	NA	0.29192745220068994
GM4518	NA	0.5642227191501709
GM45184	NA	0.23904054721713364
GM45193	NA	0.1642917916013041
GM45208	NA	0.1718655464972095
GM45213	NA	0.22120919324651842
GM45216	NA	0.08876550723663462
GM45234	NA	0.05523239983774532
GM45246	NA	0.925109237470187
GM45315	NA	0.42481435849216403
GM45380	NA	0.34750697930038016
GM4540	NA	0.3782046866416489
GM45494	NA	0.15945899273287792
GM45495	NA	0.14172446297769917
GM45552	NA	0.2905700669663504
GM45640	NA	0.49736027705005903
GM45645	NA	0.23091428381061882
GM45660	NA	0.4043880679375552
GM45692	NA	0.3177993160267685
GM45698	NA	0.16612013608479675
GM45713	NA	0.11334640077418212
GM45716	NA	0.1146833745699017
GM45717	NA	0.22288472694889122
GM45733	NA	0.8944428925765041
GM4575	NA	0.933666134820632
GM45753	NA	0.09729578994072292
GM45769	NA	0.17202425322360024
GM45785	NA	0.09690460815595218
GM45792	NA	0.25780005276503504
GM45799	NA	0.06320123481174122
GM45808	NA	0.06540444585803082
GM45837	NA	0.27509147074078827
GM45842	NA	0.1994783981089178
GM45844	NA	0.11481490815318188
GM45846	NA	0.2390702774348234
GM45855	NA	0.9485439653622186
GM45867	NA	0.201360305399514
GM45871	NA	0.7324894989230267
GM45872	NA	0.1284948658430935
GM45883	NA	0.20238005111712198
GM45886	NA	0.13048606606818638
GM45902	NA	0.08375005732562014
GM45928	NA	0.30159971660212676
GM4596	NA	0.3334939332950069
GM4609	NA	0.2868604419804323
GM4613	NA	0.25704316472429445
GM4617	NA	0.3156249776378632
GM46209	NA	1.3649191059768042
GM46223	NA	0.16544512056929636
GM4631	NA	0.2593085175750291
GM46349	NA	0.4094548901814384
GM46379	NA	0.6675258797548257
GM46430	NA	0.07097366703030157
GM46522	NA	0.7650972102773121
GM4654	NA	0.2764207529106014
GM46546	NA	0.23010497630310664
GM46610	NA	0.554001188120066
GM46620	NA	0.15721041569576522
GM4691	NA	0.6394666342873514
GM4705	NA	1.2884853971958428
GM4708	NA	0.8195209918243579
GM47154	NA	0.9159760099879544
GM47204	NA	0.12642708660924887
GM4724	NA	0.20310956053109128
GM47279	NA	0.6062023615924518
GM47283	NA	1.6922429471832017
GM4735	NA	0.3207831777187567
GM4737	NA	0.20083529378978032
GM47385	NA	1.244020880238066
GM4739	NA	0.3490239872660757
GM47441	NA	1.3224781539582116
GM47467	NA	0.40830882237236227
GM47469	NA	0.15591806094804816
GM4767	NA	0.12352188573335367
GM47681	NA	0.9838663718601712
GM47708	NA	0.27199915178347894
GM47754	NA	0.20900333884715477
GM47761	NA	0.42765045777551036
GM47795	NA	0.32149088365856787
GM47814	NA	0.20037122245007646
GM47842	NA	0.2308134684695716
GM47856	NA	0.35450227903527465
GM4786	NA	2.045843441329418
GM47889	NA	0.18580533892688655
GM47939	NA	0.33578464753744497
GM48016	NA	1.2262627348450752
GM48048	NA	0.5907517241642878
GM48088	NA	0.8674544089990006
GM48161	NA	0.2665672569703651
GM48194	NA	0.2893691438635604
GM48217	NA	0.6441751631802981
GM48226	NA	0.11094808917464463
GM4824	NA	0.3308693060603709
GM48275	NA	0.31642286369058026
GM4828	NA	1.3210398984650036
GM48281	NA	0.2192284383044101
GM4833	NA	0.19056695580264105
GM4841	NA	0.0542244723401064
GM48420	NA	0.39358253869236764
GM48496	NA	0.384867392654912
GM48512	NA	0.15475326558020638
GM4853	NA	1.2887816057894868
GM48551	NA	0.10663036730760841
GM48558	NA	0.18178845105917527
GM48583	NA	0.27062617507542436
GM48604	NA	0.09020644679835127
GM48623	NA	0.18843587607539458
GM48768	NA	0.07148931755105283
GM48778	NA	0.12074663117621308
GM48851	NA	0.24055218236718934
GM48878	NA	0.2244046547213988
GM48909	NA	0.4259884353159326
GM48931	NA	0.6238912708642828
GM4898	NA	0.3209860740876255
GM48990	NA	0.3658025066767578
GM49027	NA	0.07268988724275374
GM49037	NA	0.18177857884588378
GM49041	NA	0.19787936257953986
GM49066	NA	0.3344251654841081
GM49098	NA	0.20282217863145946
GM49141	NA	0.06407017451455078
GM49146	NA	0.07904170828052058
GM49195	NA	0.2251909347464391
GM49207	NA	0.6130515100984236
GM49230	NA	0.12846345268934561
GM49282	NA	0.08144442441520089
GM49286	NA	0.5428735744397247
GM49299	NA	0.11865111671250621
GM49318	NA	0.262519696563838
GM49320	NA	0.06612557351819967
GM49322	NA	0.16787053457265907
GM49323	NA	0.29823401106118075
GM49325	NA	0.16671790610310158
GM49326	NA	0.797907527990147
GM49327	NA	0.0823587920831077
GM49329	NA	0.09870885242614494
GM49330	NA	0.7274588439720407
GM49331	NA	0.2465325516585779
GM49337	NA	0.15513910707844347
GM49338	NA	0.05998039987513802
GM49339	NA	0.2616761797953209
GM49342	NA	0.4040001014763671
GM49345	NA	0.19967534785084282
GM49354	NA	0.17408771599904485
GM49355	NA	0.1361196598401003
GM49356	NA	0.16049433042460942
GM49358	NA	0.1258107139707416
GM49359	NA	0.18035610872997726
GM49361	NA	0.1955340249369827
GM49366	NA	0.18812140853234527
GM49368	NA	0.06705982491219321
GM49369	NA	0.06853228941064204
GM49370	NA	0.0
GM49373	NA	0.1395695161206936
GM49376	NA	0.627306964797156
GM49378	NA	0.0660080592933707
GM49380	NA	0.07236070698940195
GM49383	NA	0.17327946864829663
GM49384	NA	0.18337199164721218
GM49387	NA	0.15872639737328245
GM49388	NA	0.08870598620174087
GM49391	NA	0.11097205546746416
GM49393	NA	0.22156314596842008
GM49395	NA	0.14055005896918252
GM49396	NA	0.14325010046369183
GM49405	NA	0.09919259214846717
GM49416	NA	0.08495114524445127
GM49450	NA	0.5366595763295349
GM49463	NA	0.13111858149461927
GM49486	NA	0.19534581288202219
GM49491	NA	0.6601517734680108
GM49492	NA	0.2254586035983653
GM49493	NA	0.08453769703620577
GM49496	NA	0.18849146216130128
GM4950	NA	0.39063980453272906
GM4951	NA	0.12222853612294704
GM49510	NA	0.1486063531353374
GM49513	NA	0.30316373467351576
GM4952	NA	0.09447330557324667
GM49527	NA	0.10627162030979098
GM49539	NA	0.14694991458772683
GM49542	NA	0.13095273102311822
GM4956	NA	0.19184965791219713
GM49573	NA	0.21019522931221835
GM49594	NA	0.09682875596057437
GM49600	NA	0.3203218392000359
GM49601	NA	0.09463522654356404
GM49602	NA	0.1383177953855003
GM49628	NA	0.1881868715671648
GM4963	NA	0.31841356277059246
GM49654	NA	0.1448052411111638
GM49673	NA	0.11295731109799494
GM49700	NA	0.1249192234694355
GM49708	NA	0.1490261561668802
GM49711	NA	0.39932714445750356
GM49721	NA	0.11328456237419268
GM49730	NA	0.4026866472523067
GM49739	NA	0.8107883566215726
GM49749	NA	0.24896886425484022
GM49759	NA	0.153609742195451
GM49768	NA	0.1962899337699381
GM49776	NA	0.10094200336091733
GM49785	NA	0.3936229858669074
GM49797	NA	0.048009353693411354
GM49804	NA	0.07275229015864476
GM49832	NA	0.6405582072879255
GM49867	NA	0.800328177229937
GM49873	NA	0.10946009711466158
GM49880	NA	0.6251643052082568
GM49909	NA	0.06537122166680749
GM49920	NA	0.1295786543329929
GM49933	NA	0.5970233265106971
GM49948	NA	0.13936314152639667
GM49980	NA	0.1976037610321431
GM49987	NA	0.24793993070413423
GM50010	NA	0.1255204243288652
GM50081	NA	0.2603699657409801
GM50083	NA	0.1480717729274362
GM50096	NA	0.14496376654199908
GM50107	NA	0.20625361036213422
GM50139	NA	0.08808645599484456
GM50251	NA	0.36803344856289916
GM50252	NA	0.15193976935791018
GM50253	NA	0.03888424822914532
GM50318	NA	0.30264730595364053
GM50321	NA	0.11559280837608253
GM50340	NA	0.1744019654776095
GM50364	NA	0.0843480240989121
GM50367	NA	0.2697637408732685
GM50371	NA	0.2095251278134565
GM50387	NA	0.14062993411002558
GM50388	NA	0.09694878389647475
GM50390	NA	0.2969751206928788
GM50431	NA	0.16655492083553658
GM50461	NA	0.21089777417155306
GM50470	NA	0.1984835711456729
GM50471	NA	0.6730922680829816
GM50478	NA	0.17925038828123008
GM5069	NA	0.17268187657723053
GM5113	NA	0.053106040855828686
GM5138	NA	0.10644426274066603
GM5150	NA	0.12701482689811877
GM5160	NA	0.965874929614067
GM5165	NA	0.2359584409321464
GM5182	NA	0.33494802009939467
GM5219	NA	0.22577536210757643
GM5263	NA	0.7172177649982273
GM53	NA	0.08842074808898816
GM53010	NA	0.16997618325631333
GM53012	NA	0.08507203575713163
GM53015	NA	0.2006278118044353
GM53021	NA	0.18265209667295795
GM53055	NA	1.1892427029212427
GM5417	NA	0.7041333811118977
GM5421	NA	0.28744097513541406
GM5424	NA	0.481124638513674
GM5425	NA	0.32724602599198327
GM5431	NA	0.11759624659608482
GM5436	NA	0.3758749895155725
GM5451	NA	0.3675420700335257
GM5454	NA	0.2650709352514551
GM5469	NA	0.4555698403678251
GM5499	NA	0.20636439467873993
GM5507	NA	0.8851090712871607
GM5510	NA	0.4616530506663922
GM5512	NA	0.2900296998418409
GM5518	NA	0.18287884498121357
GM5521	NA	0.2980599016037947
GM5526	NA	0.9196110851036026
GM5527	NA	0.36199064945995885
GM5529	NA	0.25214111071328316
GM5537	NA	0.49130950589255934
GM5539	NA	0.3321054565508183
GM5555	NA	0.5237740225539596
GM5559	NA	0.05175862663963145
GM5560	NA	0.42736423296023013
GM5561	NA	1.2237659162507497
GM5564	NA	0.5621596276821562
GM5578	NA	0.3360737250574351
GM5582	NA	0.3153305085926549
GM5586	NA	0.7368789860360954
GM5597	NA	0.20991882785246174
GM5611	NA	0.15144459457818504
GM5616	NA	0.8160588078034482
GM5619	NA	0.8759450707865805
GM5620	NA	0.8993739178653439
GM5637	NA	0.2823851797577951
GM5641	NA	0.12842613268257455
GM5643	NA	0.6549712736274799
GM5644	NA	0.3029336259993115
GM5717	NA	0.1630149481546463
GM5763	NA	0.14548992390346466
GM5776	NA	0.34470092594899887
GM5781	NA	0.38645012868476386
GM5786	NA	1.2779326319650302
GM5799	NA	0.25225330052672146
GM5805	NA	0.6777437926250773
GM5819	NA	0.16338628610147832
GM5835	NA	0.16661887119867957
GM5844	NA	0.8009146514138141
GM5846	NA	0.4780460332031912
GM5853	NA	0.3446341038017335
GM5854	NA	1.1869114335990236
GM5859	NA	0.36824663020213083
GM5869	NA	1.3659766071585202
GM5879	NA	0.545192642650956
GM5881	NA	1.0313386790771524
GM5884	NA	0.12975888863308777
GM5898	NA	0.18065343039335102
GM5900	NA	0.4189454703995844
GM5905	NA	0.6311958803843267
GM5914	NA	0.4403723404874604
GM5921	NA	0.8634393157761214
GM5931	NA	0.28203585983885354
GM5937	NA	0.7073807561510788
GM5940	NA	0.13569432854786162
GM5945	NA	0.25758744799281724
GM5963	NA	0.5910613778650868
GM6020	NA	0.15500318756904533
GM6030	NA	0.17072695687471343
GM6035	NA	0.5777162266628313
GM6039	NA	0.3466668651668247
GM6055	NA	0.26229838375663933
GM6061	NA	1.13914633499174
GM6063	NA	0.43880891452494525
GM6087	NA	0.19127369086128357
GM6091	NA	0.7146063770028263
GM6104	NA	0.3291680491213552
GM6109	NA	0.9227343541938332
GM6123	NA	0.3993700941233626
GM6125	NA	0.1663392884215718
GM6135	NA	0.3111845249057952
GM6136	NA	0.5411993881832954
GM6139	NA	0.6867884844047952
GM6161	NA	0.22393424684079527
GM6169	NA	0.3213140253116067
GM6170	NA	1.0729177259731
GM6180	NA	0.5684142552774765
GM6181	NA	0.652797895312856
GM6204	NA	0.2387610412027369
GM6206	NA	0.4551237726526713
GM6210	NA	1.1786285054164884
GM6252	NA	0.8489075669442727
GM6254	NA	0.5659009671865256
GM6277	NA	0.22169426574373213
GM6278	NA	1.2163133390414738
GM6285	NA	0.30929783512161063
GM6286	NA	1.4927635899468517
GM6300	NA	0.4486559280176038
GM6311	NA	0.5756158052686953
GM6316	NA	0.6608064460577315
GM6335	NA	0.8086837497058045
GM6344	NA	0.31123200455070443
GM6352	NA	0.7029945291703807
GM6361	NA	0.3870582604416063
GM6363	NA	0.4042124125424242
GM6382	NA	0.36243247229775194
GM6397	NA	0.19115279576745792
GM6402	NA	1.2056718786864025
GM6419	NA	0.351257530701464
GM6421	NA	0.6639951162036528
GM6430	NA	0.11945958742395647
GM6433	NA	0.8284859808994435
GM6451	NA	0.09738686470945264
GM6457	NA	0.4644939104661496
GM6467	NA	0.3249708318234633
GM6473	NA	0.9776210122607388
GM6475	NA	0.16134923149259575
GM6477	NA	0.2627510306390747
GM6483	NA	0.06685158811329939
GM6485	NA	0.4860226415495113
GM6493	NA	0.12970859937388257
GM6505	NA	0.26002350598410445
GM6532	NA	0.4170862885116214
GM6542	NA	0.21302034106073886
GM6545	NA	0.3505424518907661
GM6548	NA	0.14990413882444337
GM6552	NA	0.26534259726245285
GM6560	NA	0.34797250099804866
GM6563	NA	0.34976433301966037
GM6565	NA	0.17842378608228132
GM6576	NA	1.5602255300959091
GM6627	NA	0.4382125696126957
GM6644	NA	0.2787836153965821
GM6652	NA	0.5169296753210999
GM6663	NA	0.6192605907798184
GM6665	NA	0.2804185047404615
GM6682	NA	0.7557571464894638
GM6685	NA	0.06788526102529971
GM6710	NA	0.1936380601265731
GM6712	NA	0.25172070279293396
GM6736	NA	0.2978716211179402
GM6740	NA	0.08936780997778938
GM6741	NA	0.337671794070836
GM6745	NA	1.0810677253237757
GM6750	NA	0.48162174623500487
GM6755	NA	0.1796727975061793
GM6767	NA	1.1531177814433613
GM6788	NA	1.1135420598495047
GM6789	NA	0.7644598780448474
GM6793	NA	0.1444209665466707
GM6807	NA	1.285512527822685
GM6813	NA	0.9344405935078027
GM6851	NA	0.47874069825155063
GM6863	NA	0.16450224132849633
GM6877	NA	0.18632431349965214
GM6900	NA	0.31398363268954566
GM6937	NA	1.303915503143306
GM6939	NA	0.2019032924709136
GM6969	NA	0.4746450717933568
GM6978	NA	0.16189759480646165
GM6988	NA	0.40265100152091415
GM6999	NA	0.18776623093694855
GM7019	NA	0.27142645749863015
GM7027	NA	0.34852352663906483
GM7030	NA	0.3163533812938591
GM7049	NA	0.1700111063491417
GM7072	NA	0.1556107563363927
GM7079	NA	0.6354994957194208
GM7099	NA	0.3810972730492179
GM7143	NA	0.9414154607175544
GM7160	NA	0.08279279176453544
GM7180	NA	0.18171420490431822
GM7192	NA	0.29027453976556544
GM7206	NA	0.2989042881916112
GM7285	NA	0.2369123166767446
GM7292	NA	0.1117258160890534
GM7308	NA	0.7138519539777641
GM7324	NA	0.08837409659314445
GM7327	NA	1.2649389729978535
GM7329	NA	0.21670338827776564
GM7331	NA	0.2920165208852802
GM7332	NA	0.3288395858402832
GM7334	NA	0.3611149663607921
GM7335	NA	0.486095655450537
GM7336	NA	0.07324233197941155
GM7353	NA	0.16787149480575478
GM7363	NA	0.25325079389597516
GM7367	NA	0.18324796555628203
GM7368	NA	0.729461652560337
GM7392	NA	0.6454282729893728
GM7399	NA	0.7858383530145242
GM7407	NA	0.5965386732592036
GM7429	NA	0.38929666366701415
GM7432	NA	1.370535587837448
GM7446	NA	0.3677457210623897
GM7476	NA	0.8006888774118363
GM7488	NA	0.30724516888991865
GM7536	NA	0.5539677464911897
GM7551	NA	0.37474281848058905
GM7591	NA	0.14247306020784875
GM7600	NA	0.3274166871117632
GM7623	NA	0.37168771218649743
GM7652	NA	0.12061210485537378
GM7658	NA	0.42555362249577694
GM7664	NA	0.24840603598755728
GM7665	NA	0.22642915927474966
GM7666	NA	0.1901371441066844
GM7694	NA	0.2731468160335767
GM7729	NA	0.45564515767954816
GM7730	NA	0.2774265505653033
GM7774	NA	0.22232048308203586
GM7803	NA	0.6356809937920159
GM7804	NA	0.1351307920426624
GM7808	NA	0.822103958783682
GM7809	NA	0.16772299325994097
GM7816	NA	0.6670737223449554
GM7846	NA	0.5980109406952868
GM7862	NA	0.4642379584353228
GM7879	NA	0.4894410068838215
GM7887	NA	0.26716020052574907
GM7889	NA	0.7472941155687283
GM7895	NA	0.3199646589242826
GM7901	NA	0.3544433569793063
GM7902	NA	0.06563394878972872
GM7926	NA	0.3307236748861289
GM7931	NA	0.2553669842000601
GM7932	NA	0.17976710966657727
GM7935	NA	0.548684329900724
GM7964	NA	0.20538742486821546
GM7984	NA	0.3471757199814656
GM7993	NA	0.6322012528009048
GM8034	NA	0.3532388263195022
GM8054	NA	1.0690730200137017
GM8066	NA	0.1588331243530166
GM8069	NA	0.41958468636240537
GM8074	NA	2.537999928369292
GM8112	NA	0.955226178265174
GM8116	NA	0.07953247862822885
GM8121	NA	0.4246738009430619
GM8126	NA	0.1985747765888864
GM8128	NA	0.406670695526635
GM8129	NA	0.3681692135550056
GM8172	NA	0.7617626541356353
GM8186	NA	0.39091962840791117
GM8203	NA	0.19919417914872287
GM8210	NA	0.779221125897352
GM8225	NA	0.6587090010240492
GM8226	NA	0.5213023972237953
GM8250	NA	0.41377594945197305
GM8292	NA	0.5133390303072637
GM8319	NA	0.40744636582167687
GM8325	NA	0.18384072863185139
GM8355	NA	1.0725108754294026
GM8399	NA	0.3622221120403979
GM8439	NA	0.24669739119334683
GM8451	NA	1.2508970366063479
GM8494	NA	0.20180193021765494
GM8508	NA	0.23242331193588636
GM8520	NA	1.159115743130638
GM8524	NA	0.2996339638487404
GM8566	NA	0.19885655833441063
GM8615	NA	0.35373379586195647
GM8623	NA	1.002729296930427
GM8666	NA	0.2988510147995377
GM8717	NA	0.18682962281217066
GM8719	NA	0.9368891762963818
GM8730	NA	0.4947183461951467
GM8741	NA	0.48627596326645256
GM8773	NA	0.14785776319589397
GM8775	NA	0.3491860786255283
GM8783	NA	0.20261767956800328
GM8797	NA	1.2511698211983775
GM8798	NA	0.454578841692222
GM8801	NA	0.44149860026897386
GM8806	NA	0.30829426165893925
GM8834	NA	0.34623356248760695
GM8893	NA	0.2388026506874344
GM8894	NA	0.36349343473621565
GM8941	NA	0.23173356569579345
GM8942	NA	0.719587141199418
GM8947	NA	0.6108837546998815
GM8960	NA	0.43987345705434366
GM8971	NA	0.33632217864275216
GM8983	NA	0.7357142976265345
GM8990	NA	0.3633938376216121
GM8991	NA	0.3657511667351159
GM9001	NA	0.30170065883751385
GM9027	NA	0.23493702697023652
GM9029	NA	0.25945286998459016
GM9030	NA	0.18829466009607002
GM9040	NA	0.1688057642718262
GM9044	NA	0.13920394790620885
GM9045	NA	0.30218883768647375
GM9046	NA	0.16343313810048482
GM9048	NA	0.20739627891743856
GM9049	NA	0.2539759270096453
GM906	NA	0.2804987018660736
GM9104	NA	0.6431469627287136
GM9108	NA	0.22539117715570856
GM9115	NA	0.27563873111063425
GM9118	NA	0.3704706372573518
GM9169	NA	0.5613243535898129
GM9174	NA	0.4478841507329885
GM9234	NA	0.33354952219775286
GM9242	NA	0.16629190095829305
GM9294	NA	0.22750598169797076
GM9299	NA	0.17493537532321446
GM9320	NA	0.2760237730817909
GM9385	NA	0.20361097665922623
GM9392	NA	0.18293393429069588
GM9396	NA	0.5174698443274487
GM9431	NA	0.8927691314768441
GM9442	NA	1.4826187073272503
GM9449	NA	0.43245853866927025
GM9493	NA	0.19192037677955875
GM9512	NA	0.21653610862557823
GM9517	NA	0.2235275725007501
GM9531	NA	0.3253128331025677
GM9616	NA	0.26933717842246296
GM9625	NA	0.4528292224184943
GM9701	NA	0.2793399976236582
GM9726	NA	0.17903402468540558
GM9727	NA	0.39939977824243844
GM9732	NA	0.12142773246792787
GM9733	NA	0.0421107767984076
GM9755	NA	0.5224620364950366
GM9761	NA	0.3675521415952711
GM9762	NA	0.1771184821116708
GM9774	NA	0.5544849019527753
GM9790	NA	0.4813804501312669
GM9791	NA	0.3802056512211234
GM9794	NA	0.1200929123135449
GM9797	NA	0.1595164903409309
GM9800	NA	0.3054077823121463
GM9803	NA	0.15313594558724805
GM9816	NA	0.12012397088125906
GM9824	NA	0.33436285473386324
GM9826	NA	0.14300534875530593
GM9830	NA	0.37859769314211084
GM9833	NA	0.1634446081264643
GM9836	NA	0.7212355476156511
GM9843	NA	0.7613142493193236
GM9844	NA	0.5575416851128306
GM9845	NA	0.1872157356427738
GM9847	NA	0.48786621466145946
GM9892	NA	0.12757690515982859
GM9905	NA	0.10157818589746204
GM9923	NA	0.10893136337511361
GM9926	NA	0.12972125350019353
GM9951	NA	0.2983109591578501
GM9958	NA	0.1742932788227544
GMCL1	0.4134895592534858	0.03279585413685336
GMDS	0.3993054549220908	0.18229812664980025
GMEB1	0.15230502671700094	0.08037549728551532
GMEB2	0.13439501640127752	0.11053560444143401
GMFB	0.37213124573045586	0.07107850773179929
GMFG	0.8043629577888907	0.07708214871959636
GMIP	0.9655706549776268	0.09270772724713036
GMNN	0.28145053780123774	0.20549799631447188
GMPPA	0.15180107649118169	0.06062737818302149
GMPPB	0.18041363181065248	0.12635667648131121
GMPR	0.42887697926683205	0.07384029285585408
GMPR2	0.11275575956425048	0.07016412040121986
GMPS	0.24321346020758183	0.07596141119957184
GNA11	0.209706001459987	0.0886183460925714
GNA12	0.19809308296900585	0.07463642928389079
GNA13	0.2374883342181587	0.050154045305779396
GNA14	1.1344013395068122	0.11254567552113512
GNA15	1.1483226359600898	0.1849460903528804
GNAI1	0.38876377526652783	0.10076638681615199
GNAI2	0.4430587725154321	0.0450357608113549
GNAI3	0.1753075663603946	0.07927455015467896
GNAL	1.0827834280448463	NA
GNAO1	0.41206866112623614	NA
GNAQ	0.23234564864303794	0.08221893225178933
GNAS	NA	0.041224263776877684
GNAZ	0.7120241440171999	0.06806988344538518
GNB1	0.18095891058257968	0.04023301318021144
GNB1L	0.17587753393570962	NA
GNB2	0.22343850277612248	0.07958046815058686
GNB3	0.5873325549671461	NA
GNB4	0.5784720189222805	NA
GNB5	0.35294132386620797	0.12919977698303842
GNE	0.3420700470266158	0.10990160210140096
GNG10	0.14642194575918618	0.3137944660037153
GNG11	0.473883258584993	0.18220628239638606
GNG12	0.3019072965408071	0.060168744434095006
GNG14	0.3130659791766623	NA
GNG2	0.689104145089854	0.194596483274185
GNG5	0.13700279721449152	0.15072109621748334
GNG7	0.7352213251027615	NA
GNG8	0.8845955918991683	NA
GNGT2	0.4881091870038337	0.2199125470542551
GNL1	0.18836069562947155	0.11331408332438604
GNL2	0.11590030442178063	0.12920395963860737
GNL3	0.16605599782726513	0.14438695052278247
GNL3L	0.1395060030473864	0.07646938931889442
GNMT	1.0122914577689888	0.09468960960866037
GNPAT	0.37718521804410976	0.10791317961433904
GNPDA1	0.44828557512511347	0.17251989352618477
GNPDA2	0.506158923992414	0.11179862235180955
GNPNAT1	0.45119763708786326	0.09201808256449193
GNPTAB	0.43155867213581434	0.13737800093981584
GNPTG	0.3007155925666402	0.05908169759869485
GNRH1	0.6957286892930239	0.3323039822617047
GNS	0.3846316571691894	0.1134321553670107
GOLGA1	0.2323987870752105	0.10995216513609361
GOLGA2	0.1481537915577326	0.08300608226810154
GOLGA3	0.22725787433095604	0.08007555469551494
GOLGA4	0.2589936383865414	0.11772877649560572
GOLGA5	0.18748984897922205	0.1771358010943331
GOLGA7	0.09475120373073577	0.07594203644832072
GOLGB1	0.15710045552274343	0.1876939342088228
GOLIM4	0.36588786032458126	0.135556552013466
GOLM1	0.29874675757849156	0.10684190701851397
GOLM2	0.2849583242209965	0.11531006802728909
GOLPH3	0.15491216887306072	0.08119558160207872
GOLPH3L	0.2500103805926582	0.02301625636788952
GOLT1A	0.4790473255243169	0.22423847670961433
GOLT1B	0.3605470452583979	0.07322362548481046
GON4L	NA	0.06494378508557815
GON7	0.30625743177980097	0.1923547725370483
GOPC	0.16048992622691743	0.11462009732653888
GORAB	0.30802897913965643	0.05255869691877248
GORASP1	0.14951156952608705	0.1735399027199931
GORASP2	0.1722225041051128	0.06637270038607876
GOSR1	0.3196544013060394	0.05043184003522071
GOSR2	0.28284471211795037	0.06285742954944287
GOT1	0.5772965994944986	0.1303823683649886
GOT2	0.4592859949535833	0.12765245436109104
GOT2-PS1	NA	0.2604798014597409
GP1BB	NA	0.08016048263487262
GP2	1.4684709066004216	0.2369603964160063
GPA33	NA	0.23957952088538606
GPAA1	0.09853276989020186	0.019085562102861064
GPALPP1	0.18468453184355893	0.10972244349253739
GPAM	0.8879816132021434	0.4259434189671475
GPANK1	0.156810874836175	0.13755148750834953
GPAT2	0.6447038154944233	NA
GPAT3	0.7125050240623039	0.3360418227433191
GPAT4	0.15381424917234873	0.11095127424587373
GPATCH1	0.12761878753400915	0.15329908693766361
GPATCH11	0.16786594577277522	0.12437871278118776
GPATCH2	0.1691656436318018	0.12877259408393654
GPATCH2L	0.19895143772053106	0.09548535016412857
GPATCH3	0.12969148982269718	0.16247166057733664
GPATCH4	0.3833304379307324	0.14160299922350383
GPATCH8	0.19454002827040742	0.1151977873276184
GPBAR1	1.1962198197576728	NA
GPBP1	0.08752309342596169	0.0580201889529108
GPBP1L1	0.18494007788100186	0.14671723633600717
GPC1	0.48975608712673546	0.26694149644514675
GPC3	0.8017487983214305	0.27109471507483424
GPC4	0.8494384136215273	0.12115632360734499
GPC6	0.7080001773836093	0.15389515609327345
GPCPD1	0.32974752010486363	0.21348813698439076
GPD1	1.1386465227612217	0.31958116461644603
GPD1L	0.4462283582497385	0.1047079038519582
GPD2	0.41766883849743197	0.19348706605797833
GPER1	0.6075315156027327	0.12074591427154359
GPHN	0.38766527901249925	0.03642761626582192
GPI	0.27971409741634584	0.06899913604687354
GPIHBP1	1.1808744069953092	0.2234950838273574
GPKOW	0.07651919998186228	0.09501068467018739
GPLD1	0.4896893470122875	0.17071702427299867
GPM6A	0.5519898428386555	0.19264952787712114
GPM6B	0.6707010351097785	0.1455383027883501
GPN1	0.2689200744929456	0.10537102356241378
GPN2	0.22636037796124558	0.14477177556371265
GPN3	0.23224650091072152	0.22090893999979025
GPNMB	0.4601146570875874	0.08597849374346339
GPR107	0.1678569748197561	0.11051922781906356
GPR108	0.30597145021155747	0.09981049191279757
GPR12	2.1364723130334107	NA
GPR132	1.8156146814557925	0.0613049888813831
GPR137	0.15625174732442973	0.16652693928508508
GPR137B	0.6791222120947202	0.10848269090438907
GPR137B-PS	NA	0.1455823042971108
GPR143	0.582088100805237	NA
GPR146	0.35703744012509214	0.2011785538495654
GPR153	0.8900563406084249	0.07159583726327508
GPR155	0.40092609931484563	0.1251960891043383
GPR157	0.47297386485218224	NA
GPR160	NA	0.1516835293449552
GPR161	0.6125024307041321	NA
GPR171	0.8689954866929783	0.06757660419533584
GPR173	0.9158329845972604	NA
GPR176	0.41396715016472835	0.07013007680086157
GPR180	0.4228682715817598	0.07041872686054994
GPR183	NA	0.054738998643886365
GPR25	1.105086562738837	NA
GPR27	0.4749672206034375	0.196216218353524
GPR34	0.8747659951056921	0.050818135689295225
GPR35	1.615879804443513	0.08785954370536063
GPR39	0.6451094331752913	0.12358656468238499
GPR4	0.3406782618980981	0.10145426293601485
GPR62	0.6039754793964397	NA
GPR63	0.7921836321233766	NA
GPR65	0.8509906863531095	0.16695880992304085
GPR68	0.7903903372934443	NA
GPR83	0.8755605223221936	NA
GPR84	NA	0.06039506141551207
GPR87	NA	0.040563255799874756
GPR89	NA	0.11182920377134774
GPR89A	0.4296018507941404	NA
GPRASP1	NA	0.14729880250084584
GPRASP2	0.6336688023065639	0.06660225403384643
GPRASP3	NA	0.28979831659982636
GPRC5A	1.007201449232171	0.13759356141519807
GPRC5B	0.36303594300629377	0.19465207605891857
GPRC5C	0.4515820097046926	0.2244869318444127
GPRC6A	1.4876012435073458	NA
GPRIN1	0.5595768119057174	NA
GPRIN2	0.5373061641203066	NA
GPRIN3	0.5436496541669984	NA
GPS1	0.2623589880321504	0.045349765847893485
GPS2	0.2904698323801572	0.14146902601914266
GPSM1	0.70640117222793	0.09227682543374337
GPSM2	0.361969232686316	0.15731507822340315
GPSM3	1.2922766657900993	0.23613534321711357
GPT	0.7641657076694685	0.23897395702560484
GPT2	0.9200816925379512	0.08317707847549151
GPX1	0.3902153575683865	0.06685128616320156
GPX3	0.654812491980106	0.09867929049235534
GPX4	0.5064958833745937	0.08278287844482705
GPX4-PS2	NA	0.31753952461304585
GPX6	NA	0.25081917057656644
GPX7	0.8286722894611769	0.16349944323421564
GPX8	0.6076496656674315	0.1349083512441236
GRAMD1A	0.3242729831980413	0.18601295549323932
GRAMD1B	0.531917654635669	0.23041063617440047
GRAMD1C	0.7209076462455553	0.14989172990528687
GRAMD2A	1.1302756759065464	NA
GRAMD2B	0.44401111545317046	NA
GRAMD3	NA	0.09479510717180627
GRAMD4	0.283313212077298	0.10471420465047823
GRAP	1.3047795673601286	0.15095511384315558
GRAP2	1.6172476909094577	NA
GRB10	0.23539301307531155	0.033708249233249526
GRB14	0.7121816434494327	0.06346731235565761
GRB2	0.15840879573928324	0.09662835224322815
GRB7	0.4379938118371762	0.13058508124208756
GREB1L	1.2765255909559363	0.030652258814726902
GREM1	2.6140723523540697	0.10599830359001228
GREM2	0.8622763258383254	0.1227972107301602
GRHL1	NA	0.16890185360125276
GRHL2	0.41948802496745746	0.0762924300792672
GRHL3	0.6993605643998152	0.22960053841650327
GRHPR	0.4154463987939229	0.1724148853242563
GRIA3	NA	0.1861912061819915
GRIA4	1.2246025978457125	NA
GRID1	1.4660039519638892	NA
GRID2IP	0.4468236580130676	NA
GRIK3	0.8329762063437678	NA
GRIK4	0.7323898270251422	NA
GRIK5	NA	0.24376515130834953
GRIN3A	0.9134662721050769	NA
GRIN3B	0.6564643176466536	NA
GRINA	0.39223401642273326	0.11971306291120667
GRIP1	0.3500154569812657	NA
GRIP2	1.0801162350300952	NA
GRIPAP1	0.30862955683256676	0.1354784067321679
GRK2	0.38354833856531106	0.07474536581340757
GRK3	0.9424865660340278	0.12492836658470588
GRK4	0.24216378270008332	NA
GRK5	0.4018785491349201	0.1062656780469
GRK6	0.5158816869140687	0.21106981898781318
GRM2	0.4263257423100717	NA
GRM3	1.286833125727279	NA
GRN	0.631091604374822	0.11072697228220996
GRPEL1	0.5583049462301388	0.06701802402081747
GRPEL2	0.16278046338460112	0.17823442969859213
GRPR	1.2013027032552417	NA
GRRP1	NA	0.12429849369871855
GRSF1	0.414102711669358	0.12423364103879118
GRTP1	0.7213492734612561	0.12180233902364751
GRWD1	0.2554419040716071	0.14178345605122897
GSAP	0.4793609969510982	0.15342734762774846
GSC2	0.7875240455561896	NA
GSDMA	1.2156430980748443	NA
GSDMC2	NA	0.681474781275907
GSDMC3	NA	0.7158068588842624
GSDMC4	NA	0.6063555910565075
GSDMD	1.4643817310267884	0.17335181982360756
GSDME	0.8238163026440567	NA
GSE1	0.27196543082007907	0.06237906702035611
GSG1	0.6472559181845337	NA
GSK3A	0.16178482300822172	0.09529005281194383
GSK3B	0.21661789193547257	0.0356374751739515
GSKIP	0.25551146295840327	0.041607810582161134
GSN	0.6062472900768374	0.4244007316301791
GSPT1	0.3819319694161091	0.10223394652826037
GSPT2	0.5903518901564011	0.06450946096907541
GSR	0.48782014162970205	0.1377984797297558
GSS	0.4842785072786013	0.09039048501831408
GSSOS1	NA	0.23493801465229894
GSSOS2	NA	0.1833990681748185
GSTA1	NA	0.8764240143294176
GSTA2	NA	0.26395697295124554
GSTA4	0.23675871675156848	0.374708290264079
GSTA5	NA	0.25466943258156943
GSTCD	0.3831288530198908	0.08315263569542948
GSTK1	0.630381897312358	0.02701434710366179
GSTM1	NA	0.23818078279475252
GSTM2	NA	0.12578753146768176
GSTM2-PS1	NA	0.18752743981476383
GSTM3	0.8776323349913486	0.13477678519767927
GSTM4	NA	0.18594018326340445
GSTM6	NA	0.046592975388832454
GSTO1	0.6052904628348693	0.36493736061526333
GSTO2	0.8457692274181342	NA
GSTP-PS	NA	0.36619690219970624
GSTP1	0.2775601984238951	0.10651098776646341
GSTP2	NA	0.07598341363960213
GSTP3	NA	0.25089048962520827
GSTT1	NA	0.15878885473761586
GSTT2	NA	0.2853866948805573
GSTT3	NA	0.22021210758734494
GSTZ1	1.173790532416715	0.26651004622311086
GT(ROSA)26SOR	NA	0.1349971667402055
GTF2A1	0.3591347396406405	0.06295311637134328
GTF2A2	0.07930806850126029	0.10957845975636636
GTF2B	0.12485514220865336	0.07631790746934479
GTF2E1	0.1266190870915611	0.11730259875165132
GTF2E2	0.24684445322137433	0.0942963523057995
GTF2F1	0.2380774948370431	0.051528467477353436
GTF2F2	0.24264385680645545	0.17246591119232138
GTF2H1	0.09873108002024747	0.07456072899213799
GTF2H2	NA	0.09726879020604645
GTF2H3	0.22777176656884796	0.07317631968696096
GTF2H4	0.2882382317611357	0.04329076980547149
GTF2H5	0.1481135803115563	0.06698300085204585
GTF2I	0.12047617202043728	0.09039248539939491
GTF2IRD1	0.4787758796784581	0.13608869768454698
GTF2IRD2	NA	0.08578134483818241
GTF3A	0.2217369250200217	0.085742239570681
GTF3C1	0.34290149726774405	0.09671206292719019
GTF3C2	0.08669088069551438	0.06687828334725912
GTF3C3	0.24818906930718218	0.1506407340729676
GTF3C4	0.2977137921407364	0.15640319015361287
GTF3C5	0.1677163339599899	0.07908659357721518
GTF3C6	0.4172172313503622	0.09144579464656287
GTPBP1	0.14938226529843138	0.12121253526062005
GTPBP10	0.2322051034781118	0.09804516514626571
GTPBP2	0.36783124684586427	0.13967059353326383
GTPBP3	NA	0.07005875004765744
GTPBP4	0.18219497650967523	0.16931059878172292
GTPBP6	NA	0.12127372653015471
GTPBP8	NA	0.09566699339800196
GTSE1	0.8227535610837816	0.11634241119257092
GUCA1A	NA	0.1933993366731953
GUCA2A	0.541156715915982	0.34749672426601735
GUCA2B	NA	0.21518403771976402
GUCD1	0.46663206469517793	0.16224370666705165
GUCY1A1	0.9435953558591774	0.25116432160771596
GUCY1A2	0.843520945404853	NA
GUCY1B1	0.4397372151779146	0.1451577334986712
GUCY2C	0.7751369702424632	NA
GUF1	0.24628492025434587	0.08013677669074717
GUK1	0.4329149673027747	0.08266228139590258
GULP1	0.5010434747573791	0.12267558637659601
GUSB	0.21013967460080815	0.1009465116798227
GVIN-PS1	NA	0.195289392899268
GVIN-PS2	NA	0.2332810385458327
GVIN-PS3	NA	0.05547348857016629
GVIN-PS4	NA	0.21048320934511675
GVIN-PS5	NA	0.11561953931214006
GVIN-PS7	NA	0.1073202787178283
GVIN1	NA	0.12312187158767325
GVIN2	NA	0.12787102974975673
GVIN3	NA	0.08283361060021731
GVQW3	0.36704716189212727	NA
GXYLT1	0.3347656918392121	0.05154285521865043
GXYLT2	1.3022561207758359	0.05055823646136821
GYG	NA	0.11507401906936425
GYG1	0.31045445536028854	NA
GYG2	0.6029898755619619	NA
GYPC	0.9315564428631049	0.2557657909146312
GYS1	0.21776935790243335	0.21676726813702574
GYS2	NA	0.3902870016514578
GZF1	0.18063091604752565	0.09416865541463856
GZMB	NA	0.08628865934770522
GZMC	NA	0.02723665593448545
GZMH	1.680543495578415	NA
GZMK	1.9668798488445363	NA
H1-0	0.41034393675653585	0.374955876607661
H1-10	NA	0.26646622846386203
H1-2	NA	0.44803557170363817
H2-AA	NA	0.2571609920638234
H2-AB1	NA	0.2373839734108809
H2-D1	NA	0.12512146216872327
H2-DMB1	NA	0.10463492850865573
H2-DMB2	NA	0.13844344439299355
H2-EB1	NA	0.3038431586691834
H2-K1	NA	0.1025090088041424
H2-K2	NA	0.09154278019723404
H2-KE6	NA	0.04685168051597904
H2-M3	NA	0.08601361548450621
H2-Q1	NA	0.16427211021554994
H2-Q10	NA	0.28759259784583724
H2-Q2	NA	0.2116029322247196
H2-Q4	NA	0.2574344986559236
H2-Q5	NA	0.6214417269997883
H2-Q6	NA	0.22855038038861206
H2-Q7	NA	0.22580787763959326
H2-T-PS	NA	0.39944126802029684
H2-T10	NA	0.10788620928702898
H2-T22	NA	0.07932421172253695
H2-T23	NA	0.0958649375909349
H2-T24	NA	0.14968480718587668
H2AC10	NA	0.2565451824274144
H2AC11	NA	0.6696655235995806
H2AC12	NA	0.4090470098460404
H2AC13	NA	0.3712549956714604
H2AC14	NA	0.1501297262012364
H2AC18	NA	0.3189719221992854
H2AC19	NA	0.3699001611430608
H2AC22	NA	0.23583292517739032
H2AC23	NA	0.2980434815234762
H2AC24	NA	0.4515678313657764
H2AC4	NA	0.09628606351603061
H2AC7	NA	0.26302479599978856
H2AC8	NA	0.20771997461666913
H2AF-PS2	NA	0.5799952783263506
H2AJ	0.4752665319858834	0.1074541362753995
H2AW	NA	0.14868472793704923
H2AX	NA	0.06724169984760088
H2AZ1	NA	0.15347316601797276
H2AZ2	NA	0.15569907653985088
H2BC11	NA	0.2387535393495733
H2BC12	NA	0.5551571597671425
H2BC14	NA	0.21211394906614534
H2BC4	NA	0.05062655459748568
H2BC7	NA	0.2727423724338083
H2BC8	NA	0.18837663641604602
H2BU2	NA	0.3882901451748308
H3-3A	NA	0.1523840720153361
H3C13	NA	0.7686399650580374
H3C14	NA	0.5643177439896983
H3C15	NA	0.5575904501856858
H3F3A	0.16959602577737745	NA
H3F3A-PS1	NA	0.2603220862823954
H3F3A-PS2	NA	0.6785724318098759
H3F3B	NA	0.22395787408654708
H3F3C	NA	1.363425159347164
H4C11	NA	0.31519404995125816
H4C2	NA	0.5617729295831646
H4C8	NA	0.6979852330179815
H4C9	NA	0.35541487028439084
H60C	NA	0.08399945920094394
H6PD	0.34166868499883024	0.11188724679521815
HAAO	1.0089251007168627	0.05647938673276765
HABP2	2.4169616407112224	0.18935897254314285
HABP4	0.27640566483549794	0.15842837812748728
HACD1	0.44995090008609634	0.19028065073079023
HACD2	0.2766684738159108	0.14082864928013675
HACD3	0.49522966579391875	0.06924389931096758
HACD4	0.9201760519205217	0.14280919980385842
HACE1	0.2179873684873942	NA
HACL1	0.6806023289994045	0.12563844409892566
HACL2	0.26991347348918443	0.09177848881172532
HADH	0.7743604548322249	0.07423367806749193
HADHA	0.533722278400427	0.09156125390208111
HADHB	0.6367937257446898	0.10636410239420255
HADHB-PS	NA	0.1689625250652104
HAGH	0.5078536073159771	0.1312314805883922
HAGHL	0.40440068518747896	0.1968275740004773
HALR1	NA	0.3525640781807931
HAO2	0.9978494553254358	0.1949050352478962
HAP1	1.5448568067806174	0.1261594696356306
HAPLN3	1.008459620847922	NA
HAPLN4	0.9345401101033045	NA
HARBI1	0.2798791271886339	0.07753804780192822
HARS	NA	0.09603255004201168
HARS1	0.08584371187987232	NA
HARS2	0.1484434871856351	0.05716464280409915
HAS3	0.5596953347127029	NA
HASPIN	NA	0.21934173728953382
HAT1	0.26018963826301483	0.09719628988081656
HAUS1	0.26052338053869306	0.14858398807312548
HAUS2	0.17501572983801664	0.13612644280921693
HAUS3	0.22299475305852676	0.13471695094256125
HAUS4	0.24771151084487758	0.1781188739566379
HAUS5	0.40965362745346456	0.058634979217391456
HAUS6	0.24988488886210586	0.17343367517409577
HAUS7	0.1366429955981079	0.21488942270542247
HAUS8	0.3358805742627752	0.05322158362886889
HAVCR1	2.0201710966079442	0.11603426432783434
HAVCR2	NA	0.10237909152465571
HAX1	0.16945577543040885	0.018864382774842373
HBA-A1	NA	2.6864024758655374
HBA-A2	NA	2.737716828928553
HBB-BH3	NA	0.0
HBB-BS	NA	2.256019583368055
HBB-BT	NA	2.2210150544934497
HBEGF	0.5305547659572536	0.30565800925656855
HBP1	0.32790055076360497	0.20454005073945614
HBS1L	0.43150386247565464	0.05559427617758099
HCAR1	0.8490727699686227	NA
HCAR2	NA	0.11461230050272775
HCCS	0.178191102276691	0.10903877951333812
HCFC1	0.1158931248404682	0.15058080604870266
HCFC1R1	0.32829292624993883	0.21869332223845883
HCFC2	0.15328808646829908	0.13994603608947148
HCK	1.16793056373677	0.08019224167476288
HCLS1	1.0913158440040955	0.1483862237952898
HCN2	0.6825388538640124	NA
HCN3	0.47460539440832383	NA
HCST	1.8154165757391303	0.1831882235838358
HDAC1	0.3176393153416571	0.12151665091887073
HDAC1-PS	NA	0.1854143226220062
HDAC10	0.3619037119235808	0.11198381027655532
HDAC11	0.43704745203954853	0.1612963440591544
HDAC2	0.12067317858135607	0.02638283946784526
HDAC3	0.08769931874582933	0.06615737494906435
HDAC4	0.18372231870746997	0.05376168403788969
HDAC5	0.3930143149345521	0.11498736105770743
HDAC6	0.2524484074056738	0.1882884998688998
HDAC7	0.53745494354963	0.08687313261077123
HDAC8	0.23525063192073553	0.05865151084096648
HDAC9	0.49310765400593753	NA
HDDC2	0.30405207465892137	0.07772157634918811
HDDC3	0.2799969212596129	0.1386056002871098
HDGF	0.3449754229235647	0.05762749003393324
HDGFL2	0.24785225730175164	0.07317456516400732
HDGFL3	0.37035408169396555	0.09518001194158715
HDHD2	0.4603458108146363	0.10435183497497842
HDHD3	0.5168905905806902	0.2954558381264938
HDHD5	0.39085677758117215	0.16801524743900517
HDLBP	0.24183920442053292	0.07323675863951812
HEATR1	0.2874668473074095	0.1481926957537394
HEATR3	0.3256539149836037	0.12803761621901344
HEATR4	0.4583149261790543	NA
HEATR5A	0.2720299345520943	0.09785545503128235
HEATR5B	0.2625875985842258	0.0911686195966009
HEATR6	0.17107215831687084	0.04029606320131824
HEBP1	0.35781956848552593	0.11630230502782209
HEBP2	0.6502978195959429	0.11301269313547196
HECA	0.3098427209195809	0.1323735747909424
HECTD1	0.2158674260623684	0.18146494705090424
HECTD2	0.39519905409541384	NA
HECTD3	0.17651662068069573	0.18975160293154822
HECTD4	0.14441649103013485	0.12359545253657138
HECW2	0.35147271418182124	NA
HEG1	0.3731070178454994	0.18857180142949004
HELB	0.2599283885758818	0.14630204352872947
HELLS	0.45644678942466455	0.05585892171933619
HELQ	0.2175911759502214	0.0972148617369005
HELZ	0.18175255573548096	0.10771959175212618
HELZ2	0.48054454452544676	0.0330409439842127
HEMK1	0.19729707627043028	0.15449291152423175
HEMK2	0.42987023617764436	0.1472882348471899
HEPACAM2	0.7749251181630235	0.13491442040562446
HEPH	NA	0.15165582707258024
HERC1	0.1668294388233012	0.11488176280233382
HERC2	0.1729713882256487	0.1508926413020013
HERC3	0.1883103943505365	0.46453126767747366
HERC4	0.15226799796533347	0.049818367722936706
HERC5	0.4376296752002418	NA
HERC6	0.666503197799643	0.025286452873203226
HERPUD1	0.15824324122395217	0.22653191776502968
HERPUD2	0.15174219906429803	0.10682534281059437
HES1	0.3852539663264735	0.3294857007234006
HES4	0.4154642220133393	NA
HES6	0.2688001935876718	0.13585755880981445
HESX1	NA	0.11558876954372696
HEXA	0.19750273353648204	0.0759686181509347
HEXB	0.3121083672530029	0.03211347582255105
HEXD	0.21013795229124047	NA
HEXDC	NA	0.17714247710811798
HEXIM1	0.30224933854864616	0.0775144074935256
HEXIM2	0.41994413846553513	0.15346030381458123
HEY1	0.33536875238035896	NA
HEY2	0.7165234449471118	NA
HEYL	0.2332790459109907	0.1463950940124968
HFE	0.3519330398731993	0.09489652294975387
HFM1	0.9054819118206001	NA
HGD	0.9849749710146093	0.15433647159913094
HGF	1.1601619825369363	0.08677903669690354
HGFAC	NA	0.1290354613500426
HGH1	0.20730710306505085	0.07472779958569137
HGS	0.20393901075999346	0.09625667523952158
HGSNAT	0.2744979076599105	0.11789128332237313
HHAT	0.6639028308725781	NA
HHATL	1.5258357496713093	0.19602543331631053
HHEX	0.6861807154432027	NA
HHIP	0.9545231786916856	NA
HHIPL1	0.8956953493608765	NA
HHIPL2	0.45601575193705823	NA
HIBADH	0.7061634893364309	0.06953459749732603
HIBCH	0.47970000255366185	0.23009566472717302
HIC1	0.7021462881806028	0.13013289479562218
HIC2	0.27810905491231686	NA
HID1	0.49601698841204395	NA
HIF1A	0.48283864142795624	0.10430269311056106
HIF1AN	0.12141675750239252	0.12701062654113027
HIF3A	1.370526008062189	NA
HIGD1A	0.5008801662215481	0.22325073829644526
HIGD1C	NA	0.23246145408213686
HIGD2A	0.2969239082464974	0.04788802432300345
HIKESHI	0.3195756109723415	0.114661478526644
HILPDA	0.2877754498795201	0.1632529278379717
HINFP	0.2557622667135339	0.06885537169010841
HINT1	0.3745348193886631	0.15924027210246544
HINT2	0.5688716659561212	0.21122061735463382
HINT3	0.6029456558567303	0.1859885820602696
HIP1	0.3488045842305512	0.08394077571967737
HIP1R	0.32446849261104055	0.1517709434214726
HIPK1	0.2301596497209113	0.15019852609525047
HIPK2	0.5826372659339076	0.1591681924398075
HIPK3	0.45284450149952954	0.09507224362731401
HIRA	0.14340489664105577	0.056879958238720905
HIRIP3	0.3638081930858133	0.11340368402817382
HIVEP1	0.1864725216524663	0.11805100005135423
HIVEP2	0.36554400830502076	0.09952402557611897
HIVEP3	0.8011948094692144	NA
HJURP	NA	0.15288760943700652
HJV	2.1582792870984555	NA
HK1	0.2923643606988066	0.12746678484723986
HK2	0.44550681907214623	0.18800105462609645
HK3	NA	0.030230684921749972
HKDC1	2.054337563035421	0.22420592947352144
HLA-DMA	NA	0.1903911205478614
HLA-F	NA	0.29531648877053207
HLCS	0.2730832658578824	0.05452909296269955
HLF	0.766689764796274	0.24637251359369078
HLTF	0.4015963028932882	0.05476601911723114
HLX	0.8223522418964152	0.22518399331356972
HM13	0.18264872059007325	0.12303764946703781
HMBOX1	0.3038815435778571	0.09107144202589139
HMBS	0.3641747843022511	0.10358839029063256
HMCES	0.40123350435118443	0.08938301940376923
HMCN1	0.744262556801281	NA
HMCN2	0.8438733825564368	NA
HMG20A	0.16729924167201862	0.07916833821302617
HMG20B	0.25581933941780083	0.10309382562508497
HMGA1	0.4065659464917445	0.21044139610330603
HMGA1B	NA	0.15315915030962382
HMGB1	0.1413301275240129	0.1161553777067652
HMGB1-PS1	NA	0.8012450739738957
HMGB1-PS2	NA	0.11182751816504245
HMGB1-PS3	NA	0.2584958623831015
HMGB1-PS4	NA	0.7374113779504615
HMGB1-PS5	NA	0.1787288176671368
HMGB1-PS6	NA	0.4041780654059379
HMGB1-PS7	NA	0.49363014311581654
HMGB1-PS9	NA	0.7047408060434865
HMGB2	0.3918672117206212	0.14607781225879238
HMGB3	0.6549944948347596	0.24164090985808392
HMGCL	0.440003850628562	0.08902924029250663
HMGCR	0.40215554772623846	0.44483595756796546
HMGCS1	0.2532195133632422	0.17884020620664473
HMGCS2	1.1552469961093732	0.48772516458023235
HMGN1	0.22267776582211365	0.09210182228529133
HMGN2	NA	0.22144262953377872
HMGN2-PS1	NA	0.23838373257002693
HMGN3	0.29534820943242357	0.3077487858034481
HMGN4	0.14424185475586673	NA
HMGN5	0.31915911267302116	0.17625867884081334
HMGXB3	0.1695561281556958	0.07323106171973441
HMGXB4	0.1939299267855104	0.13784471686485847
HMMR	0.39018230390826314	0.2051469397446607
HMOX1	0.7496033460807847	0.5047083184800026
HMOX2	0.40564666221654466	0.0650817695993008
HMX2	0.8132329453084425	0.3226313368944496
HNF1A	0.6414365854381565	0.2646095480936456
HNF1AOS1	NA	0.1866888565857674
HNF1AOS2	NA	0.3804165881724625
HNF1B	0.3486880543712239	0.7074276946036883
HNF4A	0.8845031935002363	0.16270163780410693
HNF4AOS	NA	0.5018564445268526
HNF4G	0.5716700054195105	0.20515624983073955
HNMT	0.6126179066361789	0.11557007630309635
HNRNPA0	0.21685402789484967	0.2733261465678558
HNRNPA1	0.26628935407641163	0.13603909909707768
HNRNPA2B1	0.1433677185813664	0.08173306443309938
HNRNPA3	0.1457727021222613	0.0806361010340424
HNRNPAB	0.18516739345732083	0.05066214160948684
HNRNPC	0.12785916644033235	0.21166772353828453
HNRNPD	0.1576897645978663	0.282860759952596
HNRNPDL	0.3023870515197038	0.34951707352587374
HNRNPF	0.18703740429450666	0.03979572653591489
HNRNPH1	0.23571068988338537	0.11957855057283179
HNRNPH2	0.22246417542111616	0.04792392767206784
HNRNPH3	0.1792928666756182	0.07028835357309463
HNRNPK	0.08779511727904549	0.05272487488538655
HNRNPL	0.18934481485762883	0.09952090790360782
HNRNPLL	0.15019158618212639	0.06852603668968195
HNRNPM	0.1441622541198955	0.10385610736776542
HNRNPR	0.07952891991138952	0.08815030382486187
HNRNPU	0.06662888082315742	0.157308755544009
HNRNPUL1	0.1148004058730335	0.07361136472581244
HNRNPUL2	0.11238490100883386	0.08250115423625685
HOGA1	1.0439529163238523	0.1487193692538211
HOMER1	0.6772241724084336	0.05832771691941957
HOMER2	0.9721065053665477	NA
HOMER3	0.38458170234671984	0.07772881601530313
HOMEZ	0.2597468478166206	0.11661280202405438
HOOK1	0.4964695436522008	0.1406261484475966
HOOK2	0.3330196553203236	0.07722205373369319
HOOK3	0.39197990605185	0.0912634721008397
HOPX	0.8233750786615103	0.5164482997719682
HORMAD2	0.6866812730202629	NA
HOTAIRM1	NA	0.15437770258451086
HOXA10	0.1947887046412701	0.08241885742193931
HOXA11	0.7287603098664632	0.05933609175348317
HOXA2	0.45371552044800423	NA
HOXA3	0.45319441001482663	NA
HOXA4	0.21568018941043393	0.18318525668952226
HOXA5	0.3253587458225928	0.18899868732713232
HOXA6	NA	0.3589000574681673
HOXA7	0.4029111107813083	0.16148792214863972
HOXA9	0.2758515554994966	0.11074084879058524
HOXB2	0.3687308320630523	0.11190582351863249
HOXB3	0.44733153408253884	0.1833193041813011
HOXB3OS	NA	0.07922898346300351
HOXB4	0.36647878072871426	0.26081640960523367
HOXB5	0.5505400448281813	0.20667978189024291
HOXB5OS	NA	0.20277589701125528
HOXB6	0.5282980225482876	0.1808691563615302
HOXB7	0.3772364273547584	0.08586386421829867
HOXB8	0.562396947942338	0.17713244767443256
HOXB9	0.7192357186351346	0.1567413119753543
HOXC10	0.3794490470376165	0.14625228315683342
HOXC11	0.6702186012843654	NA
HOXC4	0.4390681192728988	0.05219911072846896
HOXC5	0.6348341034004749	0.22363670961486712
HOXC6	0.37933535215980296	0.17108490026995243
HOXC8	0.35618158880926576	0.1469460793444797
HOXC9	0.36693071799963417	0.09208185514149583
HOXD1	0.5948494180006447	NA
HOXD10	0.6166752083359801	0.190965659097174
HOXD11	0.7113014160395759	0.06942424972648761
HOXD3	0.3958573313285326	0.14446073585132954
HOXD3OS1	NA	0.17428490369029973
HOXD4	0.321057662647168	0.19726957509155102
HOXD8	0.43719399521805463	0.2484613738673617
HOXD9	0.44470136931159215	0.2892002023744314
HP	1.5473261026768432	2.267448659045095
HP1BP3	0.09755579970637314	0.1188081872586202
HPCAL1	0.20997112890311553	0.11292017586880507
HPCAL4	0.6252151373964514	0.1574304493955304
HPD	1.2361923227305993	0.12745202979239034
HPF1	0.13840653890750992	0.10337123359946739
HPGD	1.1684595659238133	0.021427550054406563
HPGDS	NA	0.08230971377537484
HPN	0.37781191651621765	0.1169042968576914
HPRT	NA	0.03739184847172816
HPRT1	0.14771514404733588	NA
HPS1	0.33060385656362484	0.14525122113571098
HPS3	0.20003475128565515	0.10287917460356644
HPS4	0.0931062309277117	0.20550765316003541
HPS5	0.15583509187018332	0.04085234844526671
HPS6	0.3241638971600892	0.12097974974098649
HPSE	0.46823756042736286	0.12288287491435337
HPSE2	1.7423466516375616	NA
HR	1.1388167370214268	0.09101984290343534
HRAS	0.41260587015368894	0.17431112412114563
HRC	0.9126616641156189	NA
HRCT1	1.3000542388528198	0.147057453638502
HRG	0.7452882730253803	0.4689544565433158
HRH1	0.6217761031577997	NA
HRH2	0.6257071188207688	NA
HS1BP3	0.29700777677727686	0.14707675114059696
HS2ST1	0.5047590516880673	0.07768885334123236
HS3ST1	0.9073609024928857	0.15032679037220784
HS3ST3A1	0.7307285527461617	NA
HS3ST3B1	NA	0.14061917950070638
HS3ST6	0.987185799507102	0.2323266510322509
HS6ST1	0.35610416027800107	0.258690245273303
HS6ST2	0.7717927338136992	0.1748169749787257
HS6ST3	0.992886263809066	NA
HSBP1	0.28725026816547333	0.07630152340797106
HSBP1L1	NA	0.2642699068197379
HSCB	0.399188118969705	0.25771400808373934
HSD11B1	0.8196023713847944	0.22872025825594816
HSD11B1L	0.4001534722948531	NA
HSD11B2	0.8781041066557761	0.5450151630860633
HSD17B1	0.47616399708012724	NA
HSD17B10	0.22778553595826467	0.21064560251725653
HSD17B11	0.27395735298378027	0.14185826904785276
HSD17B12	0.45428995333055106	0.14377456480642445
HSD17B14	0.6775359872486142	NA
HSD17B2	NA	0.3497591195360085
HSD17B4	0.826165037114422	0.11048402401099165
HSD17B6	0.503232686260598	NA
HSD17B7	0.2964143856035968	0.12617066726834159
HSD17B8	0.2782169758525673	NA
HSD3B1	NA	1.3571855408528448
HSD3B2	1.3710859509846405	0.45259964994081475
HSD3B3	NA	0.16653230258424992
HSD3B4	NA	0.1723347749328318
HSD3B5	NA	0.5301322405937041
HSD3B6	NA	1.6883937750095594
HSD3B7	0.2955796777051523	0.0671871925030369
HSDL1	0.2233152389746217	0.10565925135962027
HSDL2	0.6344071128225456	0.07727080091198554
HSF1	0.247733584193815	0.11448851002921213
HSF2	0.16833021530085795	0.09030583437016508
HSF2BP	NA	0.25804649580103817
HSF4	0.6916257232785534	NA
HSH2D	1.486355916496919	NA
HSP25-PS1	NA	0.35480008106694205
HSP90AA1	0.4815465593469783	0.401585748342883
HSP90AB1	0.2962204395052812	0.2724404417991663
HSP90B1	0.25259455909261147	0.39756401695223675
HSPA12A	0.46625327651365267	0.0663847383982341
HSPA12B	0.4309250118453258	0.20418123181142545
HSPA13	0.5199027189814278	0.12748732134599527
HSPA14	0.24126233607021538	0.056463794964144574
HSPA1A	NA	0.511914501870447
HSPA1B	NA	0.5481765325267166
HSPA2	0.5656900281009581	0.11263296653219315
HSPA4	0.27999596046068775	0.13918881580262882
HSPA4L	NA	0.20437874619143825
HSPA5	0.28980529174187186	0.7045857185342661
HSPA8	0.42754559665358005	0.42134365209094926
HSPA9	0.5928048361172504	0.10121706364382427
HSPB1	0.5112486573345738	0.33681684052286925
HSPB11	0.3040645308803887	0.27986198286901615
HSPB2	NA	0.4158415005331295
HSPB3	0.3583956787416146	NA
HSPB6	0.541356475435187	0.13749371971112329
HSPB7	0.6488657968679039	0.09491531208792303
HSPB8	0.8527503810719276	0.14580493376463882
HSPBAP1	0.3452413731301714	0.057381614207306524
HSPBP1	0.22793899463772269	0.10198787804830907
HSPD1	0.7306032699350821	0.1378327863558468
HSPD1-PS3	NA	0.5035165820858252
HSPE1	NA	0.22696404355476457
HSPE1-RS1	NA	0.45854213563946733
HSPG2	0.4827812958409056	0.11135495190247093
HSPH1	0.37701072283261716	0.6487454586987917
HTATIP2	0.5713920052326262	0.20909686836178193
HTATSF1	0.0942163383347119	0.1376615193695936
HTD2	0.26423306988825634	NA
HTR1D	1.6351895041869948	NA
HTR2B	1.801407128620846	NA
HTR3A	NA	0.24477403530404934
HTR5A	0.7492208997599942	NA
HTR7	0.9854377911310567	NA
HTRA1	0.4698687111596917	0.10323653011122215
HTRA2	0.40629979683079176	0.2004045600397791
HTRA3	1.2708866140772046	0.19517004142006145
HTRA4	NA	0.09699130763554559
HTT	0.2102054528652119	0.13192959503954843
HUNK	0.8500073604937641	0.12428730801440416
HUS1	0.42193988163398133	0.037654268359683274
HUWE1	0.12118266053841435	0.13804633644812
HVCN1	0.8130846902419435	0.09916450808962553
HYAL1	0.214304585194562	0.18322569090555207
HYAL2	NA	0.07077866755851835
HYAL3	0.3982253229245092	0.16317224042868442
HYCC1	0.25376802145659016	NA
HYDIN	0.5561893336773868	NA
HYI	0.5775123342078615	0.30615099215731323
HYKK	0.7568687084050395	0.09595216503649583
HYLS1	0.6319644037225123	NA
HYOU1	0.25054540199819647	0.5074265539692402
HYPK	0.2675916326566282	0.07351325441785247
IAH1	0.42588822205794297	0.08204666861873428
IAPP	1.246720726585658	NA
IARS	NA	0.17115739639337538
IARS2	0.35928016417627556	0.13815410699648428
IBA57	0.621316397161707	0.13674635488682862
IBTK	0.2192569518749231	0.1016743911633527
ICA1	0.4677558371231355	0.1565577591430818
ICAM1	0.683933699644841	0.23260466530793822
ICAM2	0.3676423055336468	0.23539258746550873
ICAM3	0.4237921176447031	NA
ICE1	0.20868876542540657	0.09058494424904923
ICE2	0.18844241336292877	0.12323882549090033
ICMT	0.26485874865756104	0.09406261741627787
ICOS	2.028964855017553	0.12123565075624704
ICOSLG	0.7318759562323472	0.16043088744302478
ID1	0.6494341125907411	0.32507975721756643
ID2	0.340403413203044	0.12025459212538248
ID3	0.5280128168179787	0.14240715473923107
ID4	0.6773075593088781	0.13648456720349028
IDE	0.3907600658762922	0.29317332119186756
IDH1	0.5791759889616999	0.08618188020420608
IDH2	0.37494018585954214	0.07838281041131168
IDH3A	0.21678162175252833	0.17002530765810697
IDH3B	0.35232872178591707	0.06061949942573054
IDH3G	0.3685457987487174	0.044857775402815006
IDI1	NA	0.2617342174033553
IDI1-PS1	NA	0.2747005934710173
IDNK	0.6615894095800086	0.06253240328529153
IDO1	1.3438189070806603	0.07347553618340355
IDO2	2.1063677243466055	0.06517620810618728
IDS	0.29268928070004435	0.08101266927242132
IDUA	0.27720632640704196	0.17157814513822184
IER2	0.3011978913923037	0.3079772299828513
IER3	0.5401719068075509	0.5519533197165526
IER3IP1	0.24074531447057748	0.17749033394215646
IER5	0.3405399199076843	0.051016281889682526
IER5L	0.4473236911666403	0.11087062613920541
IFFO1	0.8362591996201492	0.2047771707215414
IFFO2	0.37271314320277715	0.12491472725936209
IFI16	1.1681942965383192	NA
IFI202B	NA	0.0
IFI203	NA	0.14414297802457846
IFI204	NA	0.14147809373961404
IFI205	NA	0.17830369062905374
IFI206	NA	0.07599445274357873
IFI207	NA	0.08490651394252971
IFI209	NA	0.10426063902546212
IFI211	NA	0.24465312825944843
IFI213	NA	0.13132870588788303
IFI27	NA	0.05076494643628859
IFI27L2A	NA	1.4254553472676377
IFI27L2B	NA	2.1993638236691515
IFI30	0.3837748642400518	0.08851004837596242
IFI35	0.4169506003518469	0.05199567673636327
IFI44	0.7299387086648391	0.1523079830331304
IFI44L	0.8288866100764515	NA
IFI47	NA	0.200484610817793
IFI6	1.4199232635655317	NA
IFIH1	0.36895710590526604	0.164696894210808
IFIT1	NA	0.21402317131619025
IFIT1BL1	NA	0.157231873132986
IFIT2	0.8492015496233326	0.16323205535186575
IFIT3	0.931559042894017	0.16366467749951236
IFIT3B	NA	0.15991589889349997
IFIT5	0.264740947428351	NA
IFITM1	NA	0.4520054275947204
IFITM10	0.657609800433861	NA
IFITM2	NA	0.22237339532662684
IFITM3	NA	0.4644693335623751
IFITM5	1.1050069406742828	NA
IFITM6	NA	0.358684784717013
IFNAR1	0.5893680801297979	0.026557255436264353
IFNAR2	0.6766316817234436	0.09446770853834559
IFNGR1	0.2439982943255503	0.15821515500530614
IFNGR2	0.5014201415242368	0.1749063380321004
IFNLR1	0.6524625743101331	0.11326897347244273
IFRD1	0.40543005662110915	0.14959431601950762
IFRD2	0.35364023982119025	0.07148834142663398
IFT122	0.25075845767185023	0.08702327531698488
IFT140	0.3051060220002226	0.16989630101783143
IFT172	0.21728004094301842	0.13079191046071734
IFT20	0.3572561478898385	0.06690527797437763
IFT22	0.20752472313861306	0.07120340750920848
IFT27	0.1681463488750881	0.26406949601611385
IFT43	0.2533253374950517	0.20640605138404605
IFT46	0.4370567352625772	0.15196645967986605
IFT52	0.2634149456579981	0.05710502309536228
IFT56	0.30959586818310963	NA
IFT57	0.2053592118185174	0.0691104528867753
IFT74	0.29702810031419974	0.09790863338917638
IFT80	0.38074481697460705	0.04077504961334566
IFT81	0.3242599185042632	0.08229834316845268
IFT88	0.2650714046741183	0.12474160966044066
IFTAP	NA	0.17517351062503556
IGBP1	0.2650005539811483	0.07073303574018716
IGDCC4	1.437981904828678	NA
IGF1	0.9817454448427384	0.22071699616080026
IGF1R	0.41946899394910164	0.0789829423614571
IGF2	0.5188754962350727	NA
IGF2BP2	0.8685637525982692	0.10662922587105991
IGF2R	0.338627430117288	0.11127090310545823
IGFALS	NA	0.2662025854693577
IGFBP1	1.2793047144622338	0.611116960141937
IGFBP2	0.6786142973253266	1.268042914533743
IGFBP3	0.647652344278814	0.1504107377168647
IGFBP4	0.49299148453988395	0.19511574112187902
IGFBP5	0.667619051266208	0.17797783231113506
IGFBP6	1.2158923033568263	0.6713421572325571
IGFBP7	0.5798711868035828	0.08716871396097947
IGFLR1	0.4020553971822606	0.2103681936285912
IGFN1	1.6696121625022764	NA
IGHA	NA	0.8865656952271135
IGHG2B	NA	0.16833439938297395
IGHG2C	NA	0.15747673256557987
IGHG3	NA	0.4481194668605209
IGHJ1	NA	0.44141940025592713
IGHJ2	NA	1.3678862742069278
IGHJ3	NA	1.3674756238078933
IGHJ4	NA	0.881559366589693
IGHM	NA	0.47094772514248745
IGHMBP2	0.12922330219863917	0.123878409500995
IGHV1-18	NA	0.17938422603040985
IGHV1-22	NA	0.4094224301407074
IGHV1-26	NA	0.3207413852787545
IGHV1-9	NA	0.18682075795664546
IGHV10-3	NA	0.0936302669789691
IGHV11-2	NA	0.05551213970934916
IGHV14-2	NA	0.06678928065910991
IGHV3-6	NA	0.406615854880997
IGHV5-16	NA	0.17762235530047055
IGHV6-3	NA	0.42059929759839465
IGHV7-3	NA	0.164362287846967
IGHV9-3	NA	0.23810807255415098
IGIP	0.15765524382433113	0.0736140762498183
IGKC	NA	1.2975609097147407
IGKJ1	NA	2.835864985398927
IGKJ2	NA	0.986470078597803
IGKJ3	NA	0.5292194288823263
IGKJ4	NA	2.4290373332655686
IGKJ5	NA	2.7257318198909397
IGKV1-110	NA	0.8783310811556856
IGKV1-117	NA	0.7772253085715293
IGKV1-135	NA	0.4840331304736895
IGKV10-94	NA	0.27635000772983964
IGKV10-96	NA	0.35067293258467036
IGKV12-46	NA	0.207752185582589
IGKV14-126	NA	0.1634993300752133
IGKV15-103	NA	0.2849717770214535
IGKV19-93	NA	0.31725222927085306
IGKV3-2	NA	0.5300881106463622
IGKV4-53	NA	0.24100717857158563
IGKV4-55	NA	0.061286902378830305
IGKV4-61	NA	0.11179592843021892
IGKV4-91	NA	0.09813320429895106
IGKV5-39	NA	0.6095364153843817
IGKV5-43	NA	0.6632387766330547
IGKV6-15	NA	0.24938860910598085
IGKV6-23	NA	0.1977261599344424
IGKV8-27	NA	0.6534125569333796
IGKV8-30	NA	0.06482539220518023
IGLC1	NA	0.33556840007543276
IGLC2	NA	0.17424043341611978
IGLC3	NA	0.1438200285914929
IGLJ1	NA	1.1729703179479967
IGLJ2	NA	0.46932643363338555
IGLJ3	NA	1.276829731753837
IGLON5	0.6088037411958442	NA
IGLV1	NA	0.3763347036908463
IGSF10	2.4373490383317296	NA
IGSF11	0.8460049135614864	0.17214027759472236
IGSF23	0.34201853086619843	NA
IGSF3	0.5897632122341623	0.1130520325364694
IGSF5	0.49146842279453834	0.07016826325289208
IGSF6	NA	0.11517611172180647
IGSF8	0.289278414035252	0.17634480719589685
IGSF9	0.5934655986253897	0.10157919320371134
IGTP	NA	0.13799541275800264
IHH	1.0414354784862356	0.3253177571776888
IIGP1	NA	0.17940233180489126
IK	0.09933702085461524	0.05883711060819848
IKBIP	NA	0.0666226448201488
IKBKB	0.2847338098094195	0.1124002571673333
IKBKE	0.9771457399871476	0.048791427661222395
IKBKG	0.20347852199581287	0.0794242703837063
IKZF1	1.5742941255879679	0.0937476416010907
IKZF2	0.9996691934381579	NA
IKZF3	1.7998353268976082	NA
IKZF4	0.28014259080134785	NA
IKZF5	0.14570036377671333	0.09790445981448412
IL10RA	1.1301419472166998	0.15528948300504117
IL10RB	0.40658305320683047	0.09330519285648753
IL11	0.8923544067538517	0.06888995109385837
IL11RA	0.3475767305967292	NA
IL11RA1	NA	0.10898873606580459
IL11RA2	NA	0.6769373789135118
IL12RB1	1.193352860637337	NA
IL13RA1	0.3368733141815592	0.18523554406416767
IL15	0.7604591749832947	0.17246974695735556
IL15RA	0.7524936958243357	0.17790043785650725
IL16	1.4733820066026213	0.04407947571082167
IL17RA	0.32818643582910356	0.14391420457748244
IL17RB	0.7751714507814697	0.11630026641340506
IL17RC	0.18969540494007164	0.07755902936760188
IL17RD	0.9007684406891702	0.06106528565274124
IL17RE	0.6162701842534278	0.0952794281239931
IL18	0.5967012253473624	0.25846224891304936
IL18BP	0.444908736031747	0.1655282101410595
IL18R1	1.3380363070500005	0.08164586453440262
IL18RAP	1.4238946038344023	0.0441683957577265
IL1A	NA	0.060018513916142706
IL1B	1.5144278086579297	0.1594815074737357
IL1F6	NA	0.1102009877583043
IL1F9	NA	0.0284598246850442
IL1R1	0.45396045823740316	0.11333226884303212
IL1R2	0.7437392332787351	0.07965109358343403
IL1RAP	0.5846318220239232	0.13774805687861805
IL1RL1	2.3582000553633677	NA
IL1RL2	0.9139881010964291	0.11657751082071288
IL1RN	NA	0.13588526032598955
IL2	NA	0.6809695226880083
IL20RA	1.2660435980763527	NA
IL21R	1.8035089373995377	0.22003792613261886
IL22RA1	1.912166416276242	NA
IL27RA	0.38420005756664	0.06481248038629436
IL2RA	2.030351391235424	NA
IL2RB	1.691167011842406	0.1090526629470253
IL2RG	1.7172511010175058	0.23303835063943873
IL31RA	NA	0.4769205786473786
IL32	0.7322462415149346	NA
IL33	1.071560788241663	0.10469115983573957
IL34	0.8722236403718596	0.32968565621086127
IL36B	0.8943758571853309	NA
IL3RA	0.5690091543753987	0.20522303454479707
IL4I1	0.8297236249330416	0.11205931005230797
IL4R	0.42871726549366934	0.10663884197973514
IL5RA	NA	0.12740877780502005
IL6	NA	0.028346364164935422
IL6R	0.2922736450810545	0.09299447735049673
IL6ST	0.3375581589718184	0.12137778990606946
IL7	0.5826548404470228	NA
IL7R	1.5227157974892926	0.06109917373908827
IL9R	0.5964942982280004	NA
ILDR1	0.6634740665060543	0.1339276052778946
ILDR2	0.7881976306271532	0.1375082775182125
ILF2	0.23159106685655062	0.07388016615350253
ILF3	0.10388506143166185	0.05842647794865491
ILK	0.13805359214993812	0.061158465153830686
ILKAP	0.2578411024852739	0.06457076087364058
ILRUN	0.26420622595142246	0.10089947965429506
IMMP1L	0.3819475328094528	0.0986761765319504
IMMP2L	0.598693526956169	0.10330770177425326
IMMT	0.5203932100077114	0.08024904487195529
IMP3	0.21040001630088084	0.3053614003987762
IMP4	0.6143545981661266	0.10781795715155415
IMPA1	0.2868592206393035	0.10096113677632278
IMPA2	0.2244664367194029	0.08794572422737004
IMPACT	0.2548656076206238	0.22264713226552377
IMPDH1	0.46736198301616644	0.20838941148052215
IMPDH2	0.22789407721670646	0.10616373602587903
IMPDH2-PS	NA	0.10760954318124097
INAFM1	0.42049132746885926	0.3882994969736813
INAFM2	0.3653936821035997	0.09995523599336908
INAVA	0.7468333543962319	0.1277609299860109
INCA1	NA	0.28465528546297125
INCENP	0.6331767731189091	0.15614979084348296
INF2	0.3203405442451317	0.10881639756075441
ING1	0.3042316483240409	0.1005644285399294
ING2	0.22151187347909834	0.10570768886095955
ING3	0.2528517571845264	0.10429003066740222
ING4	0.36085491657671265	0.04935792282283457
ING5	0.22912892710486985	0.1761858498209948
INHBA	1.3602907716605321	0.09136735138895265
INHBB	1.6575803261386501	0.15836353906476403
INHCA	2.0047539596458965	NA
INIP	0.2591864542206639	0.06788134866505813
INKA1	0.6236333917909302	0.27315730219167883
INMT	NA	0.17204254095227556
INO80	0.13460316150443524	0.10225551048768518
INO80B	0.2465418031941891	0.12033597200730856
INO80C	0.32724492206271716	0.15013611833755602
INO80D	0.2667581305335174	0.024245615415197857
INO80E	0.20030386969448566	0.0915218130877308
INPP1	0.3721244592716313	0.15636792152826343
INPP4A	0.2863073765176073	0.12152398824309672
INPP4B	0.5889244961611236	NA
INPP5A	0.23018697866643759	0.11417909854833526
INPP5B	0.33257649834139	0.13425152758911102
INPP5D	1.2313613786279416	0.09769655931536413
INPP5E	0.2184139028890258	0.14258541279195208
INPP5F	0.3872271733973903	0.11958762592556288
INPP5J	NA	0.0828269447374463
INPP5K	0.25688427268823566	0.19876887078570477
INPPL1	0.14974476761805192	0.07170321176011835
INSIG1	0.9544197653871502	0.26003661521345955
INSIG2	0.3430971547267211	0.10225693360665476
INSL3	NA	0.18282510540379227
INSL6	NA	0.24104011323392352
INSR	0.49014517349710784	0.14316755774073334
INSRR	0.5964506381236492	0.17331578075731344
INSYN1	0.38665150874624055	0.1195529913441546
INTS1	0.30876594822688824	0.08928488334280878
INTS10	0.17859388244521202	0.09222214468668018
INTS11	0.15253607592377938	0.09048855482040334
INTS12	0.2036022720220611	0.08796820529162212
INTS13	0.24760046221231907	0.023416293779033738
INTS14	0.19752123159075105	0.051918762765993276
INTS2	0.20875422104076063	0.18320616985144592
INTS3	0.21839259717571122	0.21024092350669873
INTS4	0.18828581135605824	0.10054286956631857
INTS5	0.22208763603083345	0.163744382471935
INTS6	0.216521222131192	0.13485974543815493
INTS6L	0.4442295610275192	0.2624240342819357
INTS7	0.15843171516817	0.23057445108281047
INTS8	0.2200726088539117	0.20632072056853654
INTS9	0.18670143217815022	0.04402804590396837
INTU	0.49703173104549864	0.08239782021363497
INVS	0.29385020975171305	0.11750305505647472
IP6K1	0.13479466965139392	0.0655414624543073
IP6K2	0.3737563729883035	0.25699924575928146
IPCEF1	0.4964044855382423	0.12687413541261033
IPMK	0.22683554962972538	0.12116965929948943
IPO11	0.19757412298473429	0.05334736222142582
IPO13	0.23972361357194155	0.07799561236136962
IPO4	0.17204491218977214	0.042898965509563174
IPO5	0.22076289095544033	0.113425804979025
IPO7	0.2835230605058405	0.1087106278868558
IPO8	0.21614987606022404	0.10897985197266366
IPO9	0.10736617195061766	0.0668283092036385
IPP	0.32507069451272713	0.04659119809828205
IPPK	0.14355376311869295	0.06825265933370855
IQANK1	0.33829783874923924	NA
IQCB1	0.15046892135101697	0.1281710453163171
IQCC	0.1269381089166024	0.19420314513974762
IQCE	0.37007875913043053	0.13411904424230922
IQCG	0.53383122670542	NA
IQCK	0.550865403638406	NA
IQGAP1	0.24733293452673039	0.10462465465070425
IQGAP2	0.5061423420961514	0.10161810561982025
IQGAP3	0.38520424150380905	0.0537199006211858
IQSCHFP	NA	0.11851850788319133
IQSEC1	0.3070247733720164	0.07221688211351385
IQSEC2	0.21230318097874665	0.058306194428741576
IRAG1	0.6394141641726441	0.10606392913625562
IRAG2	1.8395377627694138	NA
IRAK1	0.19639694381592848	0.09651247376541847
IRAK1BP1	0.21761088283244845	0.058641387995486835
IRAK2	0.618165669346708	0.12621365560398198
IRAK3	0.4383166074539027	0.04013154438305101
IRAK4	0.39868846355027704	0.08486516367659801
IREB2	0.23722555320220357	0.11195041055107595
IRF1	0.8470694018521369	0.1902989517188363
IRF2	0.14244823129162867	0.13371826090555677
IRF2BP1	0.2151629791854855	0.19296740096207282
IRF2BP2	0.2394830136857527	0.18957792027176995
IRF2BPL	0.2369809414551208	0.10737986426152071
IRF3	0.3430403656137734	0.07123360005905095
IRF4	1.7188176682838767	0.14488328007493675
IRF5	1.1629436210523554	0.25123211746217927
IRF6	0.3787503116563302	0.15321857189628152
IRF7	0.5940352305884838	0.17157490334144349
IRF8	1.425996652043481	0.1596165816449309
IRF9	0.4874536075634755	0.13163004872155395
IRGM1	NA	0.18130357568930877
IRGM2	NA	0.2308853235017106
IRGQ	0.297055727958539	0.10965624106522386
IRS1	0.40132938600810464	0.07459878979729964
IRS2	0.6932947813466799	0.32961106782299293
IRX1	0.9634836365869526	0.44935811136114134
IRX2	0.9272472604580433	0.2818111430399166
IRX3	1.0957836954216968	0.19136341659394213
IRX5	1.0950332371859193	0.21609232791424757
IRX6	1.384339653053621	NA
ISCA1	0.41868465941795374	0.08074718321675242
ISCA2	0.21158263364776447	0.14532950344153892
ISCU	0.35791987424682337	0.0648583320449491
ISG15	1.1785528830939251	0.4096794312457381
ISG20	1.2680075122009933	0.21375915277977325
ISG20L2	0.08517125426583128	0.08482512258966075
ISLR	0.9455858659482377	0.16681077169543837
ISLR2	0.8818059956447619	0.06294671228722211
ISM1	1.2749009285256803	NA
ISM2	0.6116998655903902	NA
ISOC1	0.41242819445908796	0.06949925456162487
ISOC2	0.7221910140131357	NA
ISOC2A	NA	0.09719552225489397
ISOC2B	NA	0.2861690228848556
IST1	0.1428512646255404	0.037311364268311976
ISY1	0.22902846961722856	0.07546295835105343
ISYNA1	0.6640191267718868	0.11127905282048696
ITCH	0.1809554259905789	0.10165325404814207
ITFG1	0.352347523904163	0.12024658962907762
ITFG2	0.1670832221373947	0.07837229739953629
ITGA1	0.5847764073655004	0.08437154017182996
ITGA10	0.6278650671813587	NA
ITGA11	0.7849040230315837	NA
ITGA2	0.9279359696558065	0.22806471422036015
ITGA2B	0.9178065915552518	NA
ITGA3	0.30857568420672876	0.0171203750471446
ITGA4	1.1219406834541088	0.0830027425415956
ITGA5	0.39303878841000606	0.06710377199622049
ITGA6	0.3850354976741313	0.14394349534449982
ITGA7	0.7888704781391833	0.09957484091729592
ITGA8	0.3809959833164991	0.15579013059245084
ITGA9	0.46958612716066517	0.08356080972516264
ITGAE	0.3288766137595194	NA
ITGAL	0.9684659061981028	0.07071961102421134
ITGAM	1.2049702223551697	0.10107852964621218
ITGAV	0.47815338640840443	0.16554985799483568
ITGAX	1.6987871602512608	0.13569336712792923
ITGB1	0.32387804855431984	0.07306985182892206
ITGB1BP1	0.30481840483589856	0.04471810733532811
ITGB1BP2	0.45172524231170863	NA
ITGB2	0.6865501220204675	0.19524597685933254
ITGB3	0.5838135217855542	0.05753046408149108
ITGB3BP	0.4371116652968063	0.06613581196586811
ITGB4	0.7321515363219373	0.06154395638927416
ITGB5	0.23743865966113448	0.05524922850743108
ITGB6	0.9498699534313765	0.42262090794325513
ITGB7	1.5362151287708594	0.09551754921259023
ITGB8	0.7811965845218554	0.28956391301134377
ITGBL1	1.475744266601134	NA
ITIH1	1.748981527478618	0.14067815787582316
ITIH2	0.8497017658093848	0.3069293705550894
ITIH3	0.7978539900780093	0.13543827611962425
ITIH4	0.7161918685140343	0.527575782676634
ITIH5	0.858490614059695	0.13069464828550337
ITK	1.4186840052928438	NA
ITM2A	NA	0.3061150208098151
ITM2B	0.3667009160326734	0.048942180478198434
ITM2C	0.407567106808132	0.07564746162082271
ITPA	0.1617640428679562	0.19096522668995897
ITPA-PS1	NA	0.2278297071197576
ITPK1	0.3032583028582247	0.21309511261514713
ITPKA	0.8041336407862333	NA
ITPKB	0.23489377086777777	0.11941209643774423
ITPKC	0.44244141326674674	0.05989390043165698
ITPR1	0.7129059791744825	0.12508888598654463
ITPR2	0.20273414096729636	0.1878120676108794
ITPR3	0.5460700575942716	0.04335053074299338
ITPRID2	0.2972064891282919	0.11002436523550962
ITPRIP	0.46429930379762635	0.29871588922428843
ITPRIPL1	0.5123149988408217	0.1802596420989202
ITPRIPL2	0.510076506577982	0.13040404621793972
ITSN1	0.2913087009117369	0.07273555185496053
ITSN2	0.20196399665435516	0.1321413574209065
IVD	1.234281161364395	0.16591507972911534
IVL	NA	0.2947162695094781
IVNS1ABP	NA	0.14851163727400632
IWS1	0.13648191078594957	0.08495487870357842
IYD	1.1478903740848414	0.12465151940959954
IZUMO2	0.37173826810797655	NA
IZUMO4	0.6228270740627461	0.26589127972074844
JADE1	0.27350081544129484	0.12776623793866476
JADE2	0.21975627079832272	0.1778145736162228
JADE3	0.3047497643401762	0.08244498695460198
JAG1	0.37015718576480755	0.15181612626667354
JAG2	NA	0.10616823277585244
JAGN1	0.3185677841873389	0.125067436185417
JAK1	0.2061090169253114	0.08020349943790714
JAK2	0.25348894055716853	0.1089237542361061
JAK3	0.6076120229486931	0.05675523776914973
JAKMIP3	0.5487810960718985	NA
JAM2	0.88062827521787	0.12963989110798302
JAM3	0.45593362939433935	0.15536058536039857
JAML	0.5128134956118746	0.16466160998037147
JARID2	0.9527881832720686	0.24909752488694478
JAZF1	0.6006290379252023	0.10249340566170995
JCAD	0.39497361812271964	0.1352618166566589
JCHAIN	1.6322030044507525	0.34752585585527035
JDP2	0.5263516497556019	0.1874109085620584
JKAMP	0.1495798380663621	0.15270271219477727
JMJD1C	0.2631624412436893	0.13359284625406032
JMJD4	0.1554700775361177	0.09974189469455262
JMJD6	0.28297247468045766	0.09539050037176192
JMJD7	NA	0.1410840343900015
JMJD8	0.3121168580538645	0.12678172694999906
JMY	0.2921901025532249	0.15472835456901746
JOSD1	0.2369816196040621	0.09142667583396678
JOSD2	0.4495238487556481	0.11673519291850781
JPH1	0.5770130784291284	NA
JPH2	0.7808890466929895	0.09880837959608232
JPH3	0.8861657513673773	NA
JPH4	0.40844030591063935	NA
JPT1	0.46282566795178753	0.07847791377012137
JPT2	0.17782682235169034	0.13161113094745522
JRK	0.2829749937587919	0.06751031903480618
JRKL	NA	0.1250149215698879
JSRP1	0.6770718836722159	NA
JTB	0.2912959015835865	0.14281450891465738
JUN	0.5666883426224245	0.4389405246852865
JUNB	0.9814752797175555	0.14169369213266028
JUND	0.22286951658363563	0.16702564207332796
JUP	0.24908190090078414	0.11838180797398137
K230015D01RIK	NA	0.28095399257985515
KALRN	0.2868629972395414	NA
KANK1	0.4394054973950603	0.20818707772066128
KANK2	0.4343255926599361	0.08302249214811316
KANK3	0.341892999863341	0.24798218261049546
KANK4	0.7807395874069404	NA
KANSL1	0.22339561641837477	0.13159029026705835
KANSL1L	0.2437665659534031	0.1238267116259629
KANSL2	0.16847765705105747	0.13943557182943273
KANSL2-PS	NA	0.2104004428463697
KANSL3	0.09927416350811326	0.12699942870902403
KANTR	NA	0.12700933799523556
KAP	NA	0.2217825881770939
KARS	NA	0.06279800891337817
KARS1	0.24497339502997179	NA
KASH5	0.8937914967337277	NA
KAT14	0.1952098256504905	0.08893606811970811
KAT2A	0.33363157510411984	0.07676999561672868
KAT2B	0.2985806194330977	0.11539138137867049
KAT5	0.17411969051928763	0.09793651852983697
KAT6A	0.21548613719779303	0.12640848235898952
KAT6B	0.19326973055315086	0.04889477648000263
KAT7	0.1756259814307325	0.16021934806509844
KAT8	0.2271791757244428	0.17649189339123664
KATNA1	0.17728181477445948	0.14365914192804566
KATNAL1	0.14415970484578594	0.03712391057555017
KATNB1	0.14566878417469795	0.1112736534113489
KATNBL1	0.2787687031590435	0.05901816094958645
KATNIP	0.196250062650125	0.09792013397106039
KAZALD1	0.49684786193801167	NA
KAZN	0.5848635970853053	0.14215843817779855
KBTBD11	0.5232792931518868	0.2554839910249739
KBTBD12	0.2528337309197521	NA
KBTBD2	0.18738034283027477	0.12462129399777076
KBTBD3	0.310142258458382	0.016711233369284047
KBTBD4	0.17376235329968154	0.22206573413496464
KBTBD7	0.44530372316869643	0.13058955031603367
KBTBD8	0.6791246375646516	NA
KCMF1	0.2331244836512937	0.08292040553416612
KCNA2	1.1795245005139676	NA
KCNA4	0.9796850290068929	NA
KCNA5	0.8513893959205552	NA
KCNA7	1.3211945287081999	NA
KCNAB1	0.8745779001551164	NA
KCNAB2	1.2027402836833998	NA
KCNAB3	0.8565971790661548	NA
KCNB1	1.0184356095937297	NA
KCNC3	0.5582321960932494	0.07605303794574239
KCNC4	0.8659759575576809	NA
KCNE1	NA	0.3498436418160219
KCNE3	0.8735826088540469	0.07106323047867126
KCNE4	0.9139927670991742	NA
KCNG3	0.26935795028035875	NA
KCNH2	0.4093167585681934	NA
KCNH3	0.5829970244576848	NA
KCNIP1	1.098136957855379	NA
KCNJ1	1.0213320898672111	0.2067713619288254
KCNJ10	1.20589883649944	0.29352797273531994
KCNJ12	0.9425681466264597	NA
KCNJ14	0.46111608845660373	NA
KCNJ15	0.6724438351474283	0.14709188971597584
KCNJ16	0.8349258854953263	0.10683645293253924
KCNJ2	0.4135231635845795	NA
KCNJ5	0.5733478994453175	NA
KCNJ8	0.6872887810882836	0.24723036031573256
KCNJ9	0.7698806261034802	NA
KCNK1	1.0654231562830394	0.09093835658946815
KCNK10	0.6004878657010444	NA
KCNK3	0.7733324975648496	0.808121982710794
KCNK5	0.774967804293547	0.1277218249479587
KCNK6	0.7577630689468301	0.12468886150281787
KCNK9	0.8511338795195739	NA
KCNMA1	1.0136333751928726	NA
KCNMB1	1.0636418172564104	NA
KCNMB4	0.4335953233819386	NA
KCNN1	1.2982170656830003	0.15755160469624266
KCNN2	1.0638064254260848	NA
KCNN3	0.7086880206518101	NA
KCNN4	0.7768853966840378	NA
KCNQ1	0.49429868715287834	0.16885942598610368
KCNQ2	1.2435525719470784	NA
KCNQ4	0.8864751973466432	NA
KCNQ5	0.8781591632613037	NA
KCNS3	0.5545360509105661	0.15602369637066973
KCNT2	0.3981622129474667	NA
KCP	0.789877646096656	NA
KCTD1	0.3272822689050265	0.0730357024083269
KCTD10	0.4874820154292377	0.059442710839365705
KCTD11	0.24952646801253484	0.15287402524257448
KCTD12	0.7943202813262571	0.20360119375511226
KCTD12B	NA	0.1337108252611802
KCTD13	0.15477802398833157	0.11089280992940637
KCTD14	0.7590739987467271	NA
KCTD15	0.1729536636709581	0.15004550407507083
KCTD17	0.6396614486274397	0.03227667759197501
KCTD18	0.3368598063087479	NA
KCTD2	NA	0.10186170149275584
KCTD20	0.35875595470171906	0.09834671966470902
KCTD21	0.47491724889545406	0.12922064291119786
KCTD3	0.20446608854309198	0.056607399867381135
KCTD5	0.16670818238620605	0.16263350062106166
KCTD6	0.43486204459744443	0.1345988917752294
KCTD7	0.5859677585116012	NA
KCTD9	0.3613910188300769	0.07562942721385557
KDELR1	0.2191867723774813	0.1505400151272833
KDELR2	0.2926302386745041	0.14689092631913964
KDELR3	0.5167867279709857	0.15753579182169783
KDF1	0.47654716891689636	0.14261259104129906
KDM1A	0.14290321025104	0.0274300605973736
KDM1B	0.19374350405380636	0.11800851909980163
KDM2A	0.195225925259935	0.1109855969874393
KDM2B	0.348610816768621	0.03187841460149887
KDM3A	0.19813687508758737	0.10258086176539655
KDM3B	0.18835690787002482	0.0543087317440193
KDM4A	0.1721095352614717	0.08232618145891658
KDM4B	NA	0.07401611961712351
KDM4C	0.25050387352412634	0.08544577508449773
KDM5A	0.22537864000296925	0.17611573547215104
KDM5B	0.23593328089509394	0.06330203342582
KDM5C	NA	0.16335761725893677
KDM5D	0.2599278977823692	0.025852228912968282
KDM6A	0.4576122517155273	0.09802165952027078
KDM6B	0.21729932588948334	0.08646842237528157
KDM7A	0.26023698732344036	0.11861699533274818
KDM8	0.4384412733523058	0.04376990693804043
KDR	0.3427100446589184	0.2002851822654243
KDSR	0.4485303602165447	0.06243757523680907
KEAP1	0.2146175311078733	0.09917407493516257
KEF43_P01	0.7768959372947781	NA
KEF43_P02	0.9632706972596609	NA
KEF43_P03	1.2106346397583705	NA
KEF43_P04	0.7535971648983936	NA
KEF43_P05	0.7110612056763062	NA
KEF43_P06	0.633611237337112	NA
KEF43_P07	0.7392850629769614	NA
KEF43_P08	0.7345224635466411	NA
KEF43_P09	1.3181508485614166	NA
KEF43_P10	0.7336301066982436	NA
KEF43_P11	0.9297608563012506	NA
KEF43_P12	0.6943199728787114	NA
KEF43_P13	0.8151674411263914	NA
KEF43_R01	1.1760285439624076	NA
KEF43_R02	1.2109290340846808	NA
KEF43_T07	2.5117147055594287	NA
KEF43_T12	0.935500858827247	NA
KEF43_T13	1.4720678993535008	NA
KEF43_T21	1.1623166680030852	NA
KEG1	NA	0.2877138408397834
KEL	0.6182952264255501	NA
KGD4	NA	0.15721388239440062
KHDC4	0.21545712292925737	0.06673121623404786
KHDRBS1	0.09343525591551442	0.07066297632353657
KHDRBS3	0.3531671099085678	0.1110277614267642
KHK	0.7557252726233747	0.14637224971835164
KHNYN	0.1927550902688574	0.0926345825857735
KHSRP	0.11956312260164544	0.14867712787075524
KIAA0040	0.4345286841535374	0.11521070344247986
KIAA0232	0.39100911514490877	0.16564456638982275
KIAA0319	1.226016792091262	NA
KIAA0319L	0.21445392990353795	0.1484573692180094
KIAA0408	1.4137367578765134	NA
KIAA0513	0.2602223242421516	0.08725124241547352
KIAA0586	0.20774847313971315	0.05565821742811786
KIAA0753	0.1879760501399447	0.0850199739516042
KIAA0825	0.27512576548003853	0.07828568835367491
KIAA0895	0.38542602977310336	NA
KIAA0930	0.49483630766197606	0.043101558232471165
KIAA1143	0.21130413878768609	0.07565481876500985
KIAA1191	0.5492735200379415	0.037013557286844696
KIAA1210	0.8671729777000998	NA
KIAA1217	0.36051957985496963	0.14544644661977385
KIAA1328	0.4017328165188824	0.11742902867304936
KIAA1549	0.298263874146686	0.13148214535675024
KIAA1586	0.3719181513802755	NA
KIAA1614	0.3464708973808697	0.06776454903560401
KIAA1671	0.2846946765401759	0.1079411975211122
KIAA1755	2.1016329605664135	0.0714568108510465
KIAA1958	0.37429092758604776	0.028606994618989006
KIAA2012	0.5769040171331339	NA
KIAA2013	0.12020176333266903	0.10406954446592237
KICS2	0.3058316459816633	NA
KIDINS220	0.19038731108772822	0.16303154406248416
KIF11	1.1135908875075617	0.038150820150214926
KIF12	0.49763581581964883	0.14020025610149237
KIF13A	0.21645589466779538	0.14083792794947284
KIF13B	0.17659568150651417	0.07044141361744831
KIF15	0.9775880077069872	NA
KIF16B	0.3183273177277505	0.06211124664637298
KIF18B	1.5070695878958351	0.06802125504169808
KIF1A	0.6750628785794818	NA
KIF1B	0.30445575481279025	0.14502285810086474
KIF1C	0.22319316135958425	0.102246693966608
KIF20A	1.6523138351837472	0.18098593170412733
KIF20B	0.5354145512536234	0.4981010685994139
KIF21A	0.5579395918527278	0.07144438032681455
KIF21B	1.241585050295374	NA
KIF22	1.377100444764848	0.13737192443007387
KIF23	0.5019066552141203	0.10972001238664993
KIF24	0.5554712492529252	NA
KIF26A	0.7223938031408719	NA
KIF26B	0.5490515489392099	NA
KIF27	0.6205721887522578	NA
KIF28	NA	0.13465705615510679
KIF2A	0.2296987024224532	0.10597794592104529
KIF2C	1.699911452409856	0.0763005920076393
KIF3A	0.2948223102665797	0.03270209130908912
KIF3B	0.39326897893442253	0.12196859479645257
KIF3C	0.6863798348585428	0.10119613671120717
KIF4A	0.7032265033025935	0.07856570959885097
KIF5B	0.1799256167127648	0.050143000081838064
KIF5C	0.5231598654271099	NA
KIF6	0.39950771971555077	NA
KIF7	0.663531675778348	NA
KIF9	0.2664818545549651	0.09913156550240079
KIFAP3	0.28356125477397376	0.11730991509770627
KIFBP	0.30751530393322474	0.10789292221841781
KIFC1	0.8982444143519727	0.1419746039742316
KIFC2	0.5223317860364906	0.1757202004347435
KIFC3	0.30620594765028786	0.11568898122045859
KIN	0.18414491570113806	0.14224849157158553
KIRREL	NA	0.1361844047251556
KIRREL1	0.5205309398627063	NA
KIRREL2	0.6968326603003122	NA
KIRREL3	0.3684733948259859	NA
KISS1	NA	0.2931891310480055
KIT	1.046123848258524	0.08681863460926535
KITLG	0.4723146825929461	0.1479831496895326
KIZ	0.503694569702579	0.1921063223974372
KL	0.8267115046126571	0.25115397275015683
KLC1	0.23807732673317702	0.0893067341139227
KLC2	0.19940962403653187	0.05824953248471791
KLC3	0.6209720127779039	0.11696158892537062
KLC4	0.1884282036150515	0.13326092541620296
KLF1	NA	0.1643321531070356
KLF10	0.6063209698052073	0.09654318381079212
KLF11	0.6371826338051306	0.3911808249136771
KLF12	0.4594321382992829	0.16583956247186657
KLF13	0.3606397680227345	0.26322588503256367
KLF15	0.8728248489403139	0.31579746603049197
KLF16	0.308776541078878	0.297310870150902
KLF2	0.4666638797898168	0.12675829592664847
KLF3	0.2548669321733292	0.09456392088008564
KLF4	0.44417636448952535	0.0682483367756838
KLF5	0.9736166807911549	0.06635492572316204
KLF6	0.5859490802923776	0.07422306581321274
KLF7	0.34178761441211003	0.13566751567417798
KLF9	0.8627790936393978	0.139577120295245
KLHDC1	0.4721339257219088	0.19157944840470842
KLHDC10	0.3020888213724484	0.07200152471783185
KLHDC2	0.19775660259183234	0.06311734441327348
KLHDC3	0.19724295635477143	0.05555241167943547
KLHDC4	0.274069320021251	0.09927740125617096
KLHDC7A	0.5908411777523983	0.16538270602959593
KLHDC8A	0.985906031918304	0.1510153501695025
KLHDC8B	0.7156010781061819	0.14329380026343144
KLHDC9	1.034066667710349	0.32769833609078536
KLHL11	0.3290857241229879	0.1856037967403124
KLHL12	0.3458056804551397	0.07893328810429348
KLHL13	0.3477582284786744	0.0590818307744527
KLHL14	0.9284934269296086	0.2075383319027691
KLHL15	0.29675909657734745	NA
KLHL17	0.3305592754005314	0.07569728791484191
KLHL18	0.1202953507374049	0.07022555781425588
KLHL2	0.2719236667175114	0.0847941933205739
KLHL20	0.18205924631338452	0.08947446194482128
KLHL21	0.2971377233440485	0.1629800696049212
KLHL22	0.10285177988964381	0.05812208361399996
KLHL23	0.35372355846643516	0.16124459952263592
KLHL24	0.34737731653474907	0.18900196564186253
KLHL25	0.5360791438348028	0.1483200623702676
KLHL26	0.33294550350340346	0.26326621754183044
KLHL28	0.3451685059002021	0.06954951671968708
KLHL29	0.5383499711134946	NA
KLHL3	0.481584689843656	0.23467334081487076
KLHL31	1.615533108656127	NA
KLHL32	0.6603022885856217	NA
KLHL36	0.25296545267024173	0.1575418555553019
KLHL42	0.3614112992279053	0.133507484527052
KLHL5	0.40138086844703486	0.16879924066768795
KLHL6	1.1667306438367673	0.16199751571980991
KLHL7	0.2321097004994525	0.0559750890046737
KLHL8	0.25706536601995483	0.09341166860019352
KLHL9	0.26312621471204717	0.09014506198893711
KLK1	1.552406479484481	0.3445773246815177
KLK1B11	NA	2.3935663273495646
KLK1B14-PS	NA	2.76454308829266
KLK1B15-PS	NA	2.327508951239346
KLK1B19-PS	NA	3.770076938746348
KLK1B22	NA	0.14962697021969412
KLK1B24	NA	2.106895679441731
KLK1B27	NA	0.7186695603439098
KLK1B3	NA	0.6920225659240291
KLK1B4	NA	0.504204065707314
KLK1B5	NA	0.43191625366513586
KLK1B9	NA	0.15585416772815044
KLK4	1.4399702482696424	NA
KLKB1	0.8651120722927368	NA
KLRA2	NA	0.05515156037675539
KLRB1B	NA	0.14711387598767375
KLRD1	1.2153423505553114	0.1897699650913981
KLRG2	0.6702331140401784	0.11918411871656195
KMO	1.540457237054998	0.17066536349393258
KMT2A	0.28311614237235655	0.09279141115028584
KMT2B	0.25584937639069594	0.09005076907603363
KMT2C	0.17048722236829075	0.14187670251835707
KMT2D	0.27301515559930134	0.07999032914909641
KMT2E	0.2687863177440055	0.11767544587163643
KMT5A	0.1662324280984091	0.07930487809302839
KMT5B	0.21594614914904675	0.06801270210330916
KMT5C	0.49706391138284756	0.15019896442619432
KNG1	0.9704493657515663	0.3214139974416353
KNG2	NA	0.09744027352717091
KNL1	1.2172089525666188	0.05596910831038185
KNOP1	0.2162369598383798	0.04029344267259532
KNSTRN	0.6162404678216711	0.10864383306181016
KNTC1	0.6376805613134138	0.06595074237507273
KPNA1	0.19698786083317346	0.06309700986618229
KPNA2	0.340788382697392	0.21581192988230716
KPNA3	0.4043266868632392	0.058970395599112865
KPNA4	0.2185061269161118	0.14038048708663026
KPNA5	0.42350736078162615	NA
KPNA6	0.2640943157910917	0.11310155848214505
KPNB1	0.07835390053137702	0.06996393526590143
KPTN	0.28270387326768914	0.11553590612748478
KRABD2	0.18555942353173704	NA
KRABD3	0.5575246122835152	0.11157050852965358
KRAS	0.4583528958556084	0.07225515054740937
KRCC1	0.3478420684585341	0.07348339679355732
KREMEN1	0.364885585194641	0.12569084730177282
KRI1	0.2781844441721936	0.17181621059180555
KRIT1	0.2535550080411255	0.05284163230745304
KRR1	0.22767634409976079	0.08485952874797205
KRT10	0.2412334737295817	0.2054828152678421
KRT14	NA	0.1285691417409365
KRT15	0.5250890634478664	0.30917060020937953
KRT16	0.9375418725811783	NA
KRT17	1.6041468230710259	0.05385717776801123
KRT18	0.39469555573406384	0.3395821556577032
KRT19	NA	0.6656950578958903
KRT20	NA	0.31353851816249284
KRT222	1.8572548939508426	NA
KRT23	0.5054348077218702	0.14879700348131117
KRT4	NA	0.06797962943242589
KRT5	2.1602622416020476	1.0048743708899317
KRT6A	NA	0.0
KRT7	1.3989970891718106	0.14500224545090393
KRT8	0.46352263307588865	0.14755726176505643
KRT8-PS	NA	0.531346475928708
KRT80	0.7440349802999541	0.15056236807127027
KRTCAP2	0.26434548631537125	0.32292642714892017
KRTCAP3	NA	0.22056339073263476
KSR1	0.2880518656228097	0.07252765068994152
KTI12	0.3138677446571773	0.1838967674984843
KTN1	0.2098913693964396	0.1708720716904183
KXD1	0.26700697339283386	0.03751378286227073
KY	1.9741337476302845	NA
KYAT1	0.5074395666976321	0.2699261512698206
KYAT3	0.41331074623558084	0.19596218005738777
KYNU	0.8282923141024047	0.34516912847493614
L1CAM	0.4900531727517013	0.10061862192051911
L2HGDH	0.6590024491748199	0.17463480460908537
L3HYPDH	0.3319575347954473	0.0586839220064588
L3MBTL1	0.2436438767721584	NA
L3MBTL2	0.20173099962149998	0.07914940792098715
L3MBTL3	0.34420796437583473	0.09214839347225592
L3MBTL4	1.0344970601058854	NA
LACC1	0.24660841017905832	0.11923558284297002
LACTB	0.38765925607173995	0.029971152624314316
LACTB2	1.1680552580997663	0.05824426332084438
LAD1	0.5579546103525478	0.21125524644385746
LAGE3	0.37184505541251867	0.09381798540170895
LAIR1	0.9998197911684608	0.08024120663531178
LAMA1	1.067882186598546	0.11796703191515201
LAMA2	0.7836938339224274	0.12338798516352394
LAMA3	0.8471031681229133	0.18959286233650102
LAMA4	0.8355338728533873	NA
LAMA5	0.30417513661126017	0.25397140625359593
LAMB1	0.36838262338018474	0.10764218249668125
LAMB2	0.4195588149301392	0.13752327573765258
LAMB3	0.5661243986122685	0.20836941216224567
LAMC1	0.3236344531065789	0.1310741009572159
LAMC2	1.3440097245893925	0.09481294751464829
LAMC3	0.8120062509874091	0.11392301575755714
LAMP1	0.33936395185255236	0.025195057137481488
LAMP2	0.6180804198680151	0.0614320557663047
LAMP3	1.5225890729783378	NA
LAMTOR1	0.3108851388784654	0.10454591149209648
LAMTOR2	0.26016232623448127	0.13476019403266465
LAMTOR3	0.3160211533564433	0.13361696394794728
LAMTOR4	0.23447045918177073	0.17582523314961931
LAMTOR5	0.3663916295815075	0.23707842164983636
LANCL1	NA	0.0497685125316106
LANCL2	0.23042668048778256	0.13975077181796544
LANCL3	NA	0.20195849874577168
LAP3	0.6009090434699621	0.06470709308770964
LAPTM4A	0.10764909978694658	0.11235417313492999
LAPTM4B	0.4578138615950206	0.14893949588305902
LAPTM5	1.0043942609101062	0.20418559461947436
LARGE1	0.21840578879262096	0.07362506867043328
LARGE2	0.33721277803405547	0.22799158777356746
LARP1	0.32563583688944997	0.14338200940714044
LARP1B	0.35417684660933374	0.08658378253538895
LARP4	0.3997929900404354	0.08648466843324042
LARP4B	0.16195908710419155	0.17063502442430556
LARP6	0.7493059819366137	0.13330765339875472
LARP7	0.14131078665434896	0.10722727002269757
LARS	NA	0.1655884168621182
LARS1	0.15776559223006145	NA
LARS2	0.3356907999644107	0.4421189067431957
LAS1L	0.21915485364249934	0.061883618263618934
LASP1	0.28762477641532685	0.1208869783430631
LAT	1.0686321248817372	0.1855444808867042
LAT2	1.5444543294686408	0.10824381545388705
LATS1	0.26417403795694777	0.07180428848599818
LATS2	0.16465839810638588	0.15771012170147944
LAX1	1.5750439786532215	NA
LAYN	NA	0.13638541503799412
LBH	NA	0.19653652267509092
LBHD1	0.313387348855239	0.1442288481164475
LBP	NA	0.12736589449389288
LBR	0.6240277422404199	0.14389207867063913
LCA5	0.4526243071977109	NA
LCAT	0.5847746379175858	NA
LCK	1.6166530050197288	0.0796869834536825
LCLAT1	0.24579695595684417	0.07023446938972727
LCMT1	0.20023824377930094	0.1077935737707864
LCMT2	0.6153339759865953	0.16813207416775128
LCN2	NA	0.15807718036603477
LCNL1	0.8063048301536303	NA
LCOR	0.22339290875506165	0.1524832776730233
LCORL	0.23958342320362785	0.0889394564431014
LCP1	1.2507645370220846	0.15421235073880316
LCP2	1.2924157926257678	0.09307838421605936
LCTL	1.1376574964258732	NA
LDAF1	0.45292451839496245	NA
LDAH	0.2911149498822622	0.1076282050414844
LDB1	0.29504308659686124	0.19039883274012953
LDB2	0.3321187300476679	0.27985660495834197
LDB3	0.9413170901346444	NA
LDC1	NA	0.3164562909377736
LDHA	0.49070607370555624	0.016869904080346606
LDHA-PS2	NA	0.2661533865997552
LDHB	0.49651730803659455	0.1207896548861725
LDHB-PS	NA	0.22813739974904526
LDHD	0.9078157451829845	0.1944010587067626
LDLR	0.4514619259980007	0.17511605212760906
LDLRAD3	0.257455956673952	0.08673184008505254
LDLRAD4	0.4852067158221188	0.10187766212780744
LDLRAP1	0.2959116618687022	0.13437278132583513
LDOC1	0.40275973974904405	NA
LEAP2	1.3774993576021135	NA
LEF1	1.0011205131802015	NA
LEKR1	0.5842205993277665	NA
LEMD2	0.14903488238145238	0.10725442688940869
LEMD3	0.27248259324596463	0.08963559190699563
LENEP	1.4120840557128462	0.12778298096153143
LENG1	0.3207305593555943	0.05512351850169304
LENG8	0.2887201881536743	0.3814556574601677
LENG9	0.26174420107223795	0.1586434260310023
LEO1	0.13079404509683573	0.2024629126770461
LEPR	0.8581834287421769	0.20215727129649022
LEPROT	0.17269399938514332	0.14704140806534405
LEPROTL1	0.13704239799598913	0.15609539326446892
LETM1	0.40639085238379025	0.11065544667960854
LETM2	0.36984442824307867	NA
LETMD1	0.2645373886123123	0.11557526047273606
LFNG	0.6672296088783706	0.19904642147579904
LGALS1	0.8820881389986206	0.14222306512249586
LGALS12	NA	0.5142720313661707
LGALS2	0.7054169658322658	NA
LGALS3	0.37180930219959096	0.07690505354169055
LGALS3BP	NA	0.17059741289888014
LGALS4	NA	0.09566841234342788
LGALS7B	1.820890631571681	NA
LGALS8	0.25555611658910105	0.08819268130435964
LGALS9	0.8612760877353823	0.16126001039327742
LGALSL	0.36214309243461457	0.13825808287209504
LGI2	NA	0.0367868331244702
LGI3	0.6485235672451384	NA
LGI4	0.8521889742806944	NA
LGMN	0.7839340542564385	0.07059701885039688
LGR4	0.4708271662811741	0.08531312886796012
LHFP	NA	0.26398424645218604
LHFPL2	0.3953729950007146	0.08681240289649376
LHFPL3	0.88006271252948	NA
LHFPL6	0.5810980889035361	NA
LHPP	0.5318605927165956	0.2840575059387092
LHX1	0.5691792810170495	0.26025429943615846
LHX1OS	NA	0.17217431800134686
LHX4	1.0293515479813644	NA
LHX6	0.5592316463596144	NA
LIAS	0.43084851805991725	0.06423812688740446
LIF	1.7503922014796875	0.22215463442155686
LIFR	0.4962160338945255	0.21057205730752454
LIG1	0.43965145494047514	0.1038225529552851
LIG3	0.3599045631059516	0.021803349037747912
LIG4	0.4593506493899198	0.14795114687752403
LILR4B	NA	0.17226387761105233
LILRA5	NA	0.12023870351343156
LILRB4A	NA	0.16943507569548333
LIMA1	0.18242647072404158	0.11615468403780135
LIMCH1	0.3141019996173331	0.034034474316597
LIMD1	0.22591964512622123	0.04863073990738665
LIMD2	1.5534638569957824	0.33126544082244913
LIME1	1.1552012722501372	0.19297042001891945
LIMK1	0.6411787359123775	0.03853057894143893
LIMK2	0.2709050899145207	0.13012238970870307
LIMS1	0.2692188312525614	0.07888743687982538
LIMS2	0.3695335790613042	0.24970973435254615
LIN37	0.35041980797380656	0.11119271000299971
LIN52	0.35058899529066645	0.10907720588152768
LIN54	0.24862042910408866	0.14600724573570983
LIN7A	0.7372169591517628	NA
LIN7B	0.30805394943217257	NA
LIN7C	0.272010972912345	0.09321797905969738
LIN9	0.2303643374630903	0.07716417504727086
LINGO1	0.8337166541108147	NA
LINGO3	0.6961362858347302	NA
LINGO4	0.7308588891801246	NA
LINS1	0.14962906218445254	0.06538561169285385
LIPA	NA	0.18539078096600065
LIPC	0.8687959900038622	NA
LIPE	0.42878458384454765	1.0401791092063308
LIPG	0.5203270677377544	NA
LIPH	0.4633832273584963	NA
LIPN	0.677808772089283	NA
LIPO3	NA	0.2914057733356641
LIPT1	0.3437126779878947	0.1132191990637651
LIPT2	0.32126192463933134	0.1706026506114306
LITAF	0.35300065590040164	0.1317942039476361
LIX1	0.9160572612572552	0.13314650089676988
LIX1L	0.21886103057172335	0.16267503727036925
LLCFC1	NA	0.3447692831863762
LLGL1	0.4413524185261113	0.05084335346038229
LLGL2	0.33063530227427934	0.2259501130064674
LLPH	0.3279403259585901	0.14252458392337838
LLPH-PS1	NA	0.9429511763637992
LLPH-PS2	NA	0.16888856254770154
LMAN1	0.4248969574180815	0.09139877974792948
LMAN1L	2.8057358060193165	NA
LMAN2	0.2972247520500402	0.14633984304972736
LMAN2L	0.27403634207105315	0.14544919469056675
LMBR1	0.14657997137842016	0.1955632102510293
LMBR1L	0.4113726783281415	0.14875163722220475
LMBRD1	0.47497898133693334	0.13698231165988875
LMBRD2	0.501240738655417	0.17093465603145946
LMCD1	0.5973422514919045	0.16835051887479963
LMF1	0.3280830498124482	0.041900812862865455
LMF2	0.17832784618631842	0.11692605909725219
LMLN	0.3452438821993383	NA
LMNA	0.18658218327985257	0.06701267729461403
LMNB1	0.4380687246282607	0.08608047990290459
LMNB2	0.2873809746415473	0.08200601141018955
LMNTD1	0.5270389406807036	NA
LMNTD2	0.6185881098475887	NA
LMO1	NA	0.20100506747103156
LMO2	0.4500938297567797	0.22853908698446984
LMO4	0.22573430457106114	0.19880846847494035
LMO7	0.2949347514173601	0.09972258097442219
LMOD1	0.6860857653961611	0.163618189035439
LMOD3	1.32073823711649	NA
LMTK2	0.5044073326568329	0.1070136743179084
LMX1B	0.6418442920880711	NA
LNP1	0.5679116909397091	NA
LNPEP	0.3647925231792763	0.14697539761330858
LNPK	0.25293050381620574	0.13694610000429686
LNX1	0.5072939276074191	0.14721517349720437
LNX2	0.3239489409460189	0.12736666301916913
LOC100169654	1.175055239875567	NA
LOC100302541	1.4523452301402313	NA
LOC100533977	2.831981306425668	NA
LOC101080269	0.10525595546749673	NA
LOC101080285	0.5889238189412634	NA
LOC101080314	0.4639207289731169	NA
LOC101080332	0.36097598432335	NA
LOC101080351	0.43385564463317705	NA
LOC101080391	0.6351512717475695	NA
LOC101080491	0.25377094934851335	NA
LOC101080505	1.653323702830088	NA
LOC101080561	0.6062436962652066	NA
LOC101080710	0.5247145872550917	NA
LOC101080762	2.7549358969667557	NA
LOC101080774	1.2248996185843624	NA
LOC101080845	0.22828359337361323	NA
LOC101080856	0.43785426265956234	NA
LOC101080879	0.3578476542685256	NA
LOC101080897	1.6609302585976213	NA
LOC101080927	0.37085118071365103	NA
LOC101080934	0.12171073984572793	NA
LOC101080954	0.16950584309183434	NA
LOC101081013	0.18829577826961655	NA
LOC101081129	0.42432470096409275	NA
LOC101081158	0.7211117135936318	NA
LOC101081185	1.0955613041187142	NA
LOC101081204	0.6136994081600677	NA
LOC101081378	0.532749041947579	NA
LOC101081428	1.458304795772128	NA
LOC101081454	0.22252106226295426	NA
LOC101081501	0.6000058874099582	NA
LOC101081556	0.3659644811824379	NA
LOC101081568	0.25546936171049	NA
LOC101081589	0.5131738978719291	NA
LOC101081628	0.3964057260521345	NA
LOC101081635	0.44279023812161816	NA
LOC101081641	0.2737836038122329	NA
LOC101081743	0.5965175753285976	NA
LOC101081808	0.45752730793085133	NA
LOC101081885	3.028849170495687	NA
LOC101081890	0.27184022346894576	NA
LOC101081984	0.3769896031220917	NA
LOC101081992	0.6796285885022951	NA
LOC101082007	0.984336049371494	NA
LOC101082108	1.1129442458193435	NA
LOC101082109	0.6786962771983841	NA
LOC101082110	0.26056169822700165	NA
LOC101082144	3.019217880193661	NA
LOC101082222	0.5115024625379773	NA
LOC101082237	1.399182941341203	NA
LOC101082380	0.8890415764198405	NA
LOC101082424	1.0307277954103922	NA
LOC101082437	0.6823602363966662	NA
LOC101082454	0.7508224312318686	NA
LOC101082513	0.22162334635282516	NA
LOC101082562	0.5383548915257464	NA
LOC101082633	0.363406646577435	NA
LOC101082667	1.3318875589183132	NA
LOC101082677	1.546910119011112	NA
LOC101082722	0.3069058454345906	NA
LOC101082733	0.26787337347325507	NA
LOC101082822	1.0022838487087666	NA
LOC101082866	1.1484881596232768	NA
LOC101082905	0.9226325737190643	NA
LOC101082918	1.5504732658777904	NA
LOC101082948	0.36906732848831986	NA
LOC101082993	0.8666953979435088	NA
LOC101083114	0.6327215116539971	NA
LOC101083128	0.6351121731632383	NA
LOC101083149	0.25745199207700364	NA
LOC101083316	0.8823240834850804	NA
LOC101083342	0.3394725863590075	NA
LOC101083370	0.7453321078555469	NA
LOC101083392	0.5593541587182562	NA
LOC101083433	0.6640773317165611	NA
LOC101083444	0.823162831231914	NA
LOC101083473	0.22597274715364002	NA
LOC101083474	0.943974761894422	NA
LOC101083586	1.953205206162602	NA
LOC101083598	0.4148858820379646	NA
LOC101083623	1.9737646689503638	NA
LOC101083636	0.40349410604886565	NA
LOC101083640	0.14371775987964247	NA
LOC101083642	0.32595178895816923	NA
LOC101083645	0.39254033435331553	NA
LOC101083648	0.22999853434697778	NA
LOC101083747	0.5917869473908673	NA
LOC101083779	1.2581458516225665	NA
LOC101083968	0.1722750312215454	NA
LOC101083987	1.8387965742544592	NA
LOC101084045	0.3357428450640287	NA
LOC101084154	0.13359671935109543	NA
LOC101084157	0.15651640234174485	NA
LOC101084194	0.4278360306312437	NA
LOC101084234	0.511824132701682	NA
LOC101084270	0.20391526326720114	NA
LOC101084312	0.6153421422662361	NA
LOC101084354	0.1351991279552127	NA
LOC101084382	0.48881473711184176	NA
LOC101084388	0.7444241708796192	NA
LOC101084409	0.3664045211404618	NA
LOC101084417	0.8006753349284015	NA
LOC101084495	0.6821488361095162	NA
LOC101084518	0.6480391951781673	NA
LOC101084636	0.74586853176209	NA
LOC101084776	0.16823481599367127	NA
LOC101084793	1.2191753432972046	NA
LOC101084978	0.35519493489283704	NA
LOC101085079	0.39158121508504756	NA
LOC101085134	0.3749938808820187	NA
LOC101085233	0.6928930963233471	NA
LOC101085247	0.23068941961374365	NA
LOC101085272	0.3839489997382017	NA
LOC101085304	0.3960116678674671	NA
LOC101085336	0.7470492820510317	NA
LOC101085348	0.4428655535926641	NA
LOC101085424	0.20768613060258384	NA
LOC101085439	0.28789843413411087	NA
LOC101085510	0.345307187184955	NA
LOC101085531	0.4099081608420113	NA
LOC101085539	1.07850273715555	NA
LOC101085685	0.3381885892632886	NA
LOC101085738	0.38503651432711944	NA
LOC101085781	0.3542740368685876	NA
LOC101085783	0.23174495384773744	NA
LOC101085811	0.27527613922568095	NA
LOC101085837	0.20681653316853787	NA
LOC101085888	0.5485293187374977	NA
LOC101085936	0.2824551297769144	NA
LOC101085952	1.1564248896409528	NA
LOC101085971	0.4745216372113883	NA
LOC101085976	0.4236522769289415	NA
LOC101086041	0.29603100254556663	NA
LOC101086085	0.40460475396443635	NA
LOC101086180	0.17318971416370157	NA
LOC101086240	0.8868582006297452	NA
LOC101086263	2.1693078616170935	NA
LOC101086295	0.4424134727603818	NA
LOC101086361	0.8438853549424784	NA
LOC101086373	0.42063403279675304	NA
LOC101086441	0.6805854023652409	NA
LOC101086514	0.39180359387884134	NA
LOC101086516	0.9081481023774006	NA
LOC101086547	0.44006703691562876	NA
LOC101086557	1.2687758595054675	NA
LOC101086599	1.213770126953151	NA
LOC101086605	0.6959515901125323	NA
LOC101086703	0.49361537814007656	NA
LOC101086846	1.9699067797844994	NA
LOC101086852	0.6736952361145148	NA
LOC101086878	0.42312646937704584	NA
LOC101086921	0.39371596111854573	NA
LOC101086986	0.4246833187476697	NA
LOC101087045	0.6839877781910111	NA
LOC101087185	0.20754235525436426	NA
LOC101087240	0.8236377928598474	NA
LOC101087322	0.551171933057265	NA
LOC101087401	0.16954347075878873	NA
LOC101087446	0.17056795043556325	NA
LOC101087471	0.5193551407427401	NA
LOC101087636	0.24233171864468855	NA
LOC101087695	0.8273448742536598	NA
LOC101087696	0.22030816882341667	NA
LOC101087710	0.5421339727110808	NA
LOC101087752	0.2787167430115029	NA
LOC101087791	0.8559973933726058	NA
LOC101087838	0.31957461810671867	NA
LOC101087865	0.8100433183583988	NA
LOC101087880	0.8002026033749616	NA
LOC101087915	0.4107262279965495	NA
LOC101088194	0.5444502676079441	NA
LOC101088254	0.445102830856967	NA
LOC101088322	0.42467240981513305	NA
LOC101088417	0.4498403520121323	NA
LOC101088423	0.6764776416308724	NA
LOC101088444	0.23121190782776266	NA
LOC101088468	1.512895226115652	NA
LOC101088492	0.6113711258309841	NA
LOC101088520	0.2676685844842233	NA
LOC101088560	0.2696999432787413	NA
LOC101088734	1.634993473247809	NA
LOC101088746	1.014089876485261	NA
LOC101088850	1.6029523018240572	NA
LOC101088902	0.32814107051956454	NA
LOC101088927	0.6658185098683627	NA
LOC101088996	1.788693371978274	NA
LOC101089059	0.27803751798329485	NA
LOC101089184	0.7578495114594817	NA
LOC101089223	0.9789154787027824	NA
LOC101089225	0.4926927310196654	NA
LOC101089258	0.6763491499598522	NA
LOC101089263	0.5002273015820743	NA
LOC101089505	0.65298865345078	NA
LOC101089785	0.6589345399100656	NA
LOC101089804	0.6796610727043387	NA
LOC101089914	0.4011408662944859	NA
LOC101089933	0.3361129069744367	NA
LOC101089971	1.0131786881928755	NA
LOC101089975	0.3692044962960035	NA
LOC101090105	0.6703038228057786	NA
LOC101090157	0.5134661635910955	NA
LOC101090165	0.5159008478588673	NA
LOC101090169	0.3553587392444343	NA
LOC101090225	0.18075100292370724	NA
LOC101090324	0.5273700155050856	NA
LOC101090330	1.193918290519322	NA
LOC101090350	0.5668156516752008	NA
LOC101090352	0.6102488498669052	NA
LOC101090391	1.4646867381547723	NA
LOC101090473	1.8000235959216548	NA
LOC101090476	0.766043330543421	NA
LOC101090518	1.562241016593525	NA
LOC101090534	0.5782233918931023	NA
LOC101090552	0.9542099879767616	NA
LOC101090590	0.4411695345654528	NA
LOC101090594	0.19036149908321318	NA
LOC101090602	0.38609568362853547	NA
LOC101090615	1.4243913829130568	NA
LOC101090653	0.31165885833775747	NA
LOC101090710	0.21258416493560342	NA
LOC101090727	0.4869964339024222	NA
LOC101090728	0.4037075404202136	NA
LOC101090830	0.36540670753257654	NA
LOC101090873	0.4052781386521328	NA
LOC101090875	0.27769085689460765	NA
LOC101090899	2.45665151928237	NA
LOC101090949	2.1857667280587725	NA
LOC101090953	0.19620237641338584	NA
LOC101090977	0.5012678562565284	NA
LOC101091022	0.6399880860445014	NA
LOC101091023	0.38356108946249956	NA
LOC101091111	0.5102448211575825	NA
LOC101091113	2.0606666554229154	NA
LOC101091168	1.3251777235635434	NA
LOC101091237	0.386233216565184	NA
LOC101091264	0.531619671147627	NA
LOC101091269	0.8157011036905956	NA
LOC101091333	0.9120996308795986	NA
LOC101091352	0.26391439120990695	NA
LOC101091386	0.674560634819878	NA
LOC101091395	1.1816836858826194	NA
LOC101091418	2.3058713700528255	NA
LOC101091533	0.7046141605499999	NA
LOC101091707	2.467357702167209	NA
LOC101091721	0.6237061589479247	NA
LOC101091741	0.3529819005968012	NA
LOC101091764	0.14360072367013813	NA
LOC101091772	0.9025464458395114	NA
LOC101091903	1.8746028344964825	NA
LOC101091924	2.3790163913753846	NA
LOC101091978	0.5573961800632526	NA
LOC101092025	0.8496815827320665	NA
LOC101092190	0.827376148593353	NA
LOC101092254	2.2352816601686074	NA
LOC101092267	0.7551420721850035	NA
LOC101092274	0.7715032454242725	NA
LOC101092296	0.23958502610172083	NA
LOC101092340	0.48907697955795404	NA
LOC101092421	0.36139691308431376	NA
LOC101092471	0.25790865723835127	NA
LOC101092477	0.7584076001913544	NA
LOC101092510	0.2387442602921018	NA
LOC101092524	0.718900795276281	NA
LOC101092550	1.5352402537554752	NA
LOC101092674	0.29487299952277163	NA
LOC101092708	0.45556118121240086	NA
LOC101092714	0.4970475335332312	NA
LOC101092731	0.25220106264801206	NA
LOC101092754	0.49107508222427954	NA
LOC101092762	0.8619064638877156	NA
LOC101092840	0.3591586107548175	NA
LOC101092842	0.15320416514451388	NA
LOC101092886	0.519408152936083	NA
LOC101092973	0.13035539504002083	NA
LOC101093001	0.3067160742625251	NA
LOC101093014	0.30676251268462784	NA
LOC101093016	0.8133409697408653	NA
LOC101093140	0.5289957209729669	NA
LOC101093179	1.1271445314364172	NA
LOC101093204	0.8378560223201073	NA
LOC101093223	0.2953801206198101	NA
LOC101093286	0.32108132067559986	NA
LOC101093299	0.6346259790519541	NA
LOC101093312	1.5578314588431341	NA
LOC101093345	0.3953473224152584	NA
LOC101093429	0.17945338538311273	NA
LOC101093441	0.4492047932137218	NA
LOC101093454	0.9915248355270323	NA
LOC101093497	0.5132270288387747	NA
LOC101093530	2.4413910677305255	NA
LOC101093537	0.5263116594342228	NA
LOC101093554	0.6947869464990153	NA
LOC101093601	0.37231249800865424	NA
LOC101093689	0.25319366770241597	NA
LOC101093700	0.4534639599081414	NA
LOC101093701	0.36801779059579176	NA
LOC101093705	0.7652457470472267	NA
LOC101093719	0.17482508874715844	NA
LOC101093721	0.4071894074372702	NA
LOC101093727	0.2935306352058756	NA
LOC101093728	0.5645316508296183	NA
LOC101093758	2.0013942318146767	NA
LOC101093781	1.9382498901293226	NA
LOC101093782	0.19775651078610904	NA
LOC101093795	0.8975776577916993	NA
LOC101093854	1.0129431853233004	NA
LOC101093872	0.6981013790226266	NA
LOC101093897	0.382346021630912	NA
LOC101093912	0.11382155227180249	NA
LOC101093951	0.3374182538829003	NA
LOC101093982	0.31093926622539014	NA
LOC101093986	0.5176743052670785	NA
LOC101094047	1.4118431196275756	NA
LOC101094088	0.647901830255338	NA
LOC101094096	2.197538303140676	NA
LOC101094108	0.7529098465531446	NA
LOC101094113	0.231673908783844	NA
LOC101094135	0.42474135279836345	NA
LOC101094201	0.2620858857407795	NA
LOC101094232	0.1737884476247464	NA
LOC101094311	0.5945697383848897	NA
LOC101094344	1.853579114896288	NA
LOC101094346	0.3410821851040136	NA
LOC101094376	0.8361295784361047	NA
LOC101094418	0.3004470060343967	NA
LOC101094500	0.1798713885312469	NA
LOC101094519	0.3444496481034981	NA
LOC101094553	0.7582662803934198	NA
LOC101094572	0.3144385341981053	NA
LOC101094593	1.8045631864248095	NA
LOC101094717	2.6347576676058746	NA
LOC101094730	0.2815531880472316	NA
LOC101094804	0.43924206990647047	NA
LOC101094897	1.2038253254489195	NA
LOC101094969	1.0846751873910914	NA
LOC101094981	0.47063053370782826	NA
LOC101094990	1.9553784307093567	NA
LOC101095032	0.4446001416966722	NA
LOC101095064	0.9579409814425255	NA
LOC101095121	3.3247551427000626	NA
LOC101095127	0.41244123250525533	NA
LOC101095196	0.2091832797445752	NA
LOC101095239	0.5050914165697464	NA
LOC101095292	0.4958636017332419	NA
LOC101095388	0.24104888222974086	NA
LOC101095392	0.4294054561616197	NA
LOC101095395	0.678220620039524	NA
LOC101095404	0.42865582707913175	NA
LOC101095441	0.24803549948102732	NA
LOC101095465	0.6986965649183318	NA
LOC101095540	1.0179983304442881	NA
LOC101095575	0.9991320000788778	NA
LOC101095601	0.6405682409840754	NA
LOC101095625	0.440551809217733	NA
LOC101095686	0.24642539037806505	NA
LOC101095706	0.2179629810868319	NA
LOC101095709	0.37047743706489156	NA
LOC101095724	0.3951446698923148	NA
LOC101095773	0.4658730305646665	NA
LOC101095877	0.27202017495203984	NA
LOC101095941	0.6554242494745729	NA
LOC101095962	0.592014346384875	NA
LOC101095968	0.28622351686604597	NA
LOC101096045	0.3259649542871414	NA
LOC101096125	0.6045303327564572	NA
LOC101096126	0.15896304878285525	NA
LOC101096188	0.9882317909201692	NA
LOC101096219	0.3160223313202231	NA
LOC101096257	0.4473681301476828	NA
LOC101096317	1.5175735168263436	NA
LOC101096402	0.14592563058574406	NA
LOC101096438	0.34242881577375084	NA
LOC101096439	0.420622898632497	NA
LOC101096492	1.7010828460115515	NA
LOC101096495	0.5212399714588284	NA
LOC101096635	1.5996494090364353	NA
LOC101096649	0.29506242264379773	NA
LOC101096658	0.49515729952645227	NA
LOC101096707	0.6166194907609763	NA
LOC101096719	1.2762349715199166	NA
LOC101096727	0.2344691135194511	NA
LOC101096741	1.533277164436747	NA
LOC101096748	0.4291513945202485	NA
LOC101096765	0.39394174777029844	NA
LOC101096785	1.2604225601111723	NA
LOC101096798	0.4635007488615258	NA
LOC101096853	1.424041085959733	NA
LOC101096860	0.4608104031732338	NA
LOC101096876	0.3159716385702054	NA
LOC101096920	0.5675818582893447	NA
LOC101096957	0.550397353385815	NA
LOC101096974	0.27845113058149895	NA
LOC101096984	0.6217253298931728	NA
LOC101097072	0.291765799338691	NA
LOC101097085	1.2184780352177287	NA
LOC101097117	1.0368305120188037	NA
LOC101097198	0.16312918323077805	NA
LOC101097240	0.9284908887254331	NA
LOC101097381	0.17501288132385417	NA
LOC101097528	0.2540159421516049	NA
LOC101097553	0.7642297492564231	NA
LOC101097564	0.27129877986209244	NA
LOC101097571	0.826987376646901	NA
LOC101097624	0.40863764643362277	NA
LOC101097690	0.22577414745731614	NA
LOC101098061	0.2411735155953102	NA
LOC101098082	1.1253713399520606	NA
LOC101098145	0.617113092068257	NA
LOC101098159	2.280885003871973	NA
LOC101098213	0.7757177302368092	NA
LOC101098257	1.402880348259284	NA
LOC101098289	0.6244711400112434	NA
LOC101098301	1.3936352384340414	NA
LOC101098361	0.3726524597916758	NA
LOC101098422	0.665272121950318	NA
LOC101098453	0.2298169897593434	NA
LOC101098487	0.45625318180968844	NA
LOC101098491	0.4732389950866114	NA
LOC101098498	1.7439053537740172	NA
LOC101098522	0.3031925053466382	NA
LOC101098592	0.48596193704169793	NA
LOC101098627	0.5377195159923439	NA
LOC101098680	0.41501878175586066	NA
LOC101098728	0.26105122677605525	NA
LOC101098755	0.43130204912874665	NA
LOC101098801	0.43234583290468137	NA
LOC101098920	0.47653754956319727	NA
LOC101098926	0.2145474646390562	NA
LOC101099044	1.0729688140235383	NA
LOC101099065	1.0395301340240453	NA
LOC101099090	0.3416515140273399	NA
LOC101099091	0.5621710906605503	NA
LOC101099137	0.40592156992412753	NA
LOC101099237	0.5635274607819055	NA
LOC101099268	0.8075265450292397	NA
LOC101099280	0.4317245537059827	NA
LOC101099296	0.4072571582448044	NA
LOC101099318	0.6622678976160725	NA
LOC101099332	0.3423205170537187	NA
LOC101099434	0.5082018319542941	NA
LOC101099449	2.0166571280023007	NA
LOC101099553	0.6976446865264898	NA
LOC101099622	0.20888390039332225	NA
LOC101099651	0.29614042857355416	NA
LOC101099697	0.5652201287586274	NA
LOC101099773	0.47530233027765784	NA
LOC101099779	0.9645573250509701	NA
LOC101099784	0.32952258201349455	NA
LOC101099816	0.19020633840428278	NA
LOC101099822	0.24190033203479208	NA
LOC101099826	0.2879732614414752	NA
LOC101099850	0.23123228002133492	NA
LOC101099909	0.24627546240693377	NA
LOC101100109	0.5489082656992388	NA
LOC101100141	0.4415555233718346	NA
LOC101100156	0.6612288885240916	NA
LOC101100173	1.8987631366884596	NA
LOC101100178	1.0424346536095452	NA
LOC101100212	0.7784474255304853	NA
LOC101100266	0.3713156327936847	NA
LOC101100277	0.1576180909097426	NA
LOC101100387	0.9474536157884342	NA
LOC101100417	0.42773686368850616	NA
LOC101100421	0.45288401293380753	NA
LOC101100432	0.4501867422666342	NA
LOC101100603	0.8256306039856215	NA
LOC101100621	1.3676048093021709	NA
LOC101100756	0.2997331734472179	NA
LOC101100766	1.2333975629893312	NA
LOC101100802	1.744259302028653	NA
LOC101100814	0.5365078222616597	NA
LOC101100838	0.6829302905925594	NA
LOC101100850	0.667807433839755	NA
LOC101100937	0.23260905691223283	NA
LOC101100942	0.4926958648149944	NA
LOC101100947	0.7406691913577422	NA
LOC101100989	0.6124560447727391	NA
LOC101101025	1.5209540615579282	NA
LOC101101103	1.9750151692733635	NA
LOC101101118	0.7133150399607766	NA
LOC101101321	0.3275865901918386	NA
LOC101101581	0.27300917273142833	NA
LOC101101602	0.4500335242042017	NA
LOC101101603	1.1953374891492081	NA
LOC101101650	1.3265431940118397	NA
LOC102899052	0.26367600202994923	NA
LOC102899061	1.106445505700359	NA
LOC102899063	0.49534815846796443	NA
LOC102899075	1.055822947186643	NA
LOC102899090	0.7025781167937628	NA
LOC102899098	0.5478261753455669	NA
LOC102899103	0.7773282080417405	NA
LOC102899128	0.1860543717013496	NA
LOC102899129	0.24196879295894197	NA
LOC102899130	1.348139628454092	NA
LOC102899133	0.26249775195871616	NA
LOC102899140	0.6169519787079968	NA
LOC102899152	0.3433068243325645	NA
LOC102899156	0.6427577069505102	NA
LOC102899157	0.5186002388564929	NA
LOC102899165	0.5114693030736156	NA
LOC102899181	0.8416422225567138	NA
LOC102899183	0.43048751915318756	NA
LOC102899185	1.4623639212950055	NA
LOC102899189	1.5356337592346572	NA
LOC102899195	0.4281641612781693	NA
LOC102899196	0.8042123307767812	NA
LOC102899212	0.706191640541572	NA
LOC102899238	0.8581585269820502	NA
LOC102899243	1.2942388053120997	NA
LOC102899250	0.7669435203542314	NA
LOC102899255	0.20629487965104953	NA
LOC102899266	0.3662484427940341	NA
LOC102899270	0.6041461274046903	NA
LOC102899271	0.8682041156502786	NA
LOC102899273	0.22261713996729807	NA
LOC102899281	0.8443329326565177	NA
LOC102899303	0.6010141271449624	NA
LOC102899304	0.3875530148121899	NA
LOC102899307	0.27130638305212823	NA
LOC102899308	0.5783782292410209	NA
LOC102899311	0.5562515819787235	NA
LOC102899315	0.5777299628954959	NA
LOC102899325	0.8869104797123513	NA
LOC102899347	0.4316504674141442	NA
LOC102899369	0.5302473635908082	NA
LOC102899386	1.570689517198431	NA
LOC102899426	0.9071785451365931	NA
LOC102899438	0.37872081949814007	NA
LOC102899450	0.6655522501138232	NA
LOC102899458	0.33008176645306464	NA
LOC102899466	0.7502070219464761	NA
LOC102899476	0.47388282379838237	NA
LOC102899491	0.6102944892545706	NA
LOC102899509	0.23240793253243106	NA
LOC102899516	0.8641296833105817	NA
LOC102899539	0.6889642426541049	NA
LOC102899549	0.4802251719850872	NA
LOC102899599	0.5403665147355597	NA
LOC102899619	0.9138522182122172	NA
LOC102899620	1.8690042159703877	NA
LOC102899635	0.23206670005827174	NA
LOC102899645	0.3705338408363906	NA
LOC102899671	0.2921956932529518	NA
LOC102899672	0.9736755281154365	NA
LOC102899673	0.5755918793073623	NA
LOC102899681	0.7208427558032741	NA
LOC102899716	0.36629792516757925	NA
LOC102899736	0.9726837512417001	NA
LOC102899751	0.3943624815164633	NA
LOC102899752	0.6286293019441429	NA
LOC102899754	0.3771807702055655	NA
LOC102899787	0.8308051281627861	NA
LOC102899796	0.3568850029844638	NA
LOC102899803	0.36370647570090187	NA
LOC102899806	0.4337389068300076	NA
LOC102899818	0.4898959008578408	NA
LOC102899826	0.4587105127523704	NA
LOC102899837	0.208483243353156	NA
LOC102899841	0.7217255839273474	NA
LOC102899852	0.491071220593093	NA
LOC102899854	1.5718465698097965	NA
LOC102899862	0.2945391694074472	NA
LOC102899865	0.2498390764178408	NA
LOC102899874	0.27382892811645715	NA
LOC102899880	0.3667063187983049	NA
LOC102899897	0.6152810968471577	NA
LOC102899918	0.26351044321036377	NA
LOC102899922	1.1175791339246186	NA
LOC102899939	0.7800656648715776	NA
LOC102899947	0.6015256403811163	NA
LOC102899949	0.2654766423155971	NA
LOC102899974	0.921981839939484	NA
LOC102899982	0.7004730879622992	NA
LOC102899994	0.7182277877260147	NA
LOC102900011	0.9681556657285433	NA
LOC102900012	0.4221304095919536	NA
LOC102900013	0.32216530868906057	NA
LOC102900015	1.1795708539455563	NA
LOC102900020	0.48907619692453047	NA
LOC102900052	0.32395749940497043	NA
LOC102900054	0.5729050172526872	NA
LOC102900068	1.3848886648262635	NA
LOC102900081	0.4128559587758805	NA
LOC102900083	0.670735612588344	NA
LOC102900091	0.5450777468778479	NA
LOC102900101	0.254434786853493	NA
LOC102900104	1.4412818688113287	NA
LOC102900112	1.4185671954279016	NA
LOC102900118	1.3933446416343038	NA
LOC102900122	0.6162078114994243	NA
LOC102900144	0.574929701915691	NA
LOC102900156	0.9481861924235833	NA
LOC102900166	0.21179296175550796	NA
LOC102900172	0.3120132951183637	NA
LOC102900191	0.2764582056227344	NA
LOC102900202	1.0098242712182621	NA
LOC102900221	0.35463136507836895	NA
LOC102900226	1.2357654511163758	NA
LOC102900252	0.5170702286830263	NA
LOC102900254	0.8508987143350532	NA
LOC102900272	0.558455151707674	NA
LOC102900275	0.2570474546949263	NA
LOC102900289	0.6523758726214991	NA
LOC102900319	1.4850345980456048	NA
LOC102900324	0.5204122255003808	NA
LOC102900326	1.0203952277626782	NA
LOC102900349	1.0354828905232798	NA
LOC102900361	0.33271418858322555	NA
LOC102900393	0.9470971069670758	NA
LOC102900401	0.6584418250642423	NA
LOC102900418	0.7332607428764074	NA
LOC102900440	0.42414081257831604	NA
LOC102900483	0.4435599294966954	NA
LOC102900494	0.39137173489360144	NA
LOC102900501	0.5424774032415208	NA
LOC102900527	0.3484790208006661	NA
LOC102900539	0.4632658202849017	NA
LOC102900562	0.5095012448604965	NA
LOC102900569	0.3122188872886327	NA
LOC102900592	0.19422970268962578	NA
LOC102900594	0.974170438022238	NA
LOC102900614	0.3729479795244933	NA
LOC102900615	0.568910430759526	NA
LOC102900616	0.8616977033161481	NA
LOC102900619	0.39191036405396473	NA
LOC102900644	0.3594404383239163	NA
LOC102900645	0.147279807920627	NA
LOC102900648	0.3921638223364086	NA
LOC102900654	0.3094622570611098	NA
LOC102900664	1.1847901904601288	NA
LOC102900682	1.104193281336846	NA
LOC102900690	0.47588974034280634	NA
LOC102900693	0.9232734826852955	NA
LOC102900720	0.8379515061853083	NA
LOC102900736	0.4540069919522618	NA
LOC102900754	0.4591504211562903	NA
LOC102900759	0.22308132816683407	NA
LOC102900764	0.4300595140710022	NA
LOC102900772	1.1023550203374457	NA
LOC102900785	0.33160347302078086	NA
LOC102900838	2.205627388227547	NA
LOC102900852	0.27597924183701433	NA
LOC102900873	0.19680604903906873	NA
LOC102900919	0.42598980211881243	NA
LOC102900929	0.36360316737074105	NA
LOC102900943	0.18943941338608697	NA
LOC102900951	0.3956117930662536	NA
LOC102900967	0.6323822359344958	NA
LOC102900985	0.5751903342187024	NA
LOC102901005	0.7246640763980158	NA
LOC102901021	1.1227474682524958	NA
LOC102901051	0.5596274870676239	NA
LOC102901054	0.8560818776924037	NA
LOC102901064	0.2616773409199329	NA
LOC102901082	0.928342489167865	NA
LOC102901092	1.695475088969195	NA
LOC102901108	0.36662358421222657	NA
LOC102901118	0.3785157533716119	NA
LOC102901123	1.8070451721005985	NA
LOC102901129	2.7851580398365794	NA
LOC102901135	3.3771274890724174	NA
LOC102901148	1.2389813457088517	NA
LOC102901153	0.5348334965246174	NA
LOC102901165	0.7615772374682585	NA
LOC102901166	0.376482726722128	NA
LOC102901173	1.2208462307842827	NA
LOC102901174	0.5882729502283953	NA
LOC102901177	1.380541979296322	NA
LOC102901181	1.958240961810385	NA
LOC102901183	1.0060434969728236	NA
LOC102901193	2.1519903898277333	NA
LOC102901213	0.9372637954177894	NA
LOC102901238	0.43799400712829045	NA
LOC102901244	0.7326420608912758	NA
LOC102901245	0.47173300958179865	NA
LOC102901250	0.5765014352196728	NA
LOC102901253	0.26738225068880395	NA
LOC102901274	1.6125267219596	NA
LOC102901275	0.6301483176971018	NA
LOC102901279	0.3001302299465726	NA
LOC102901281	0.8538572095289728	NA
LOC102901287	0.27637958678763336	NA
LOC102901292	0.2371625880945573	NA
LOC102901312	0.42187714940601073	NA
LOC102901316	1.7802863665397957	NA
LOC102901344	0.2917508169045966	NA
LOC102901380	0.5788363195458358	NA
LOC102901381	1.8454841581308115	NA
LOC102901413	1.2475014361968002	NA
LOC102901416	0.19988402924231335	NA
LOC102901427	1.3635763872259614	NA
LOC102901431	0.49402504492312904	NA
LOC102901432	0.750270316286319	NA
LOC102901440	1.1303395476981106	NA
LOC102901448	0.7639923799356585	NA
LOC102901452	0.41623571324301284	NA
LOC102901461	0.8873978103895648	NA
LOC102901463	0.6286186821366522	NA
LOC102901467	0.6962802043794362	NA
LOC102901472	0.3586177974552036	NA
LOC102901514	1.2819526596254822	NA
LOC102901534	0.5280210003140081	NA
LOC102901539	0.2772209701029361	NA
LOC102901542	0.7760013972493746	NA
LOC102901560	0.48185931561870354	NA
LOC102901595	0.34887561256963207	NA
LOC102901600	0.8100129385467385	NA
LOC102901603	0.4981916085164785	NA
LOC102901615	0.6743643895282072	NA
LOC102901625	0.5242958081176444	NA
LOC102901627	0.5183609615948503	NA
LOC102901635	0.640409895686135	NA
LOC102901646	0.5120251260568983	NA
LOC102901658	0.4323080182984494	NA
LOC102901662	0.35355395287880426	NA
LOC102901664	1.2379161436915531	NA
LOC102901665	0.5868021936964507	NA
LOC102901687	0.7658650425116589	NA
LOC102901694	0.7032597636561165	NA
LOC102901712	1.0329723872517895	NA
LOC102901725	1.3987617116289195	NA
LOC102901732	0.7645091866723821	NA
LOC102901749	0.5805385474573274	NA
LOC102901759	0.5648336714854222	NA
LOC102901766	0.7980532380300964	NA
LOC102901769	0.24291471653988198	NA
LOC102901789	1.5855355278488688	NA
LOC102901794	0.39422620460294444	NA
LOC102901835	0.4424840877512296	NA
LOC102901866	0.663016086812151	NA
LOC102901871	1.046373830007352	NA
LOC102901872	0.29017765548748436	NA
LOC102901878	0.4219998488614544	NA
LOC102901899	0.400429228852659	NA
LOC102901906	0.242275908650382	NA
LOC102901922	0.5608045021181532	NA
LOC102901930	1.0419934384284184	NA
LOC102901935	1.2862046112020988	NA
LOC102901940	0.974661889671116	NA
LOC102901946	0.8432270726401812	NA
LOC102901951	1.2410566448113947	NA
LOC102901986	0.3063986693771546	NA
LOC102902010	1.7951503117127003	NA
LOC102902028	0.4873406103297394	NA
LOC102902041	0.7775808401432206	NA
LOC102902043	0.32328671549431304	NA
LOC102902050	0.9250145554525063	NA
LOC102902073	0.56767524418008	NA
LOC102902085	0.6257452980547213	NA
LOC102902091	0.5064462270122623	NA
LOC102902092	0.24300790122717025	NA
LOC102902109	0.8145782795181532	NA
LOC102902121	0.6306674789494942	NA
LOC102902122	0.33891268227230603	NA
LOC102902155	0.47449402344934677	NA
LOC102902166	0.4855995110138492	NA
LOC102902180	0.26763622587054686	NA
LOC102902186	1.2339216511654754	NA
LOC102902187	1.4966142654004533	NA
LOC102902203	1.0286662643203548	NA
LOC102902205	1.0462383659897223	NA
LOC102902213	0.23380091963493224	NA
LOC102902216	0.41263670230777444	NA
LOC102902232	0.4888428937625066	NA
LOC102902249	2.5836068633258926	NA
LOC102902266	1.915108387672988	NA
LOC102902281	0.9414066352179203	NA
LOC102902291	0.7813697794628495	NA
LOC102902301	0.37304600848358777	NA
LOC102902309	1.05836371825468	NA
LOC102902316	0.4736696991981812	NA
LOC102902320	2.329603321668017	NA
LOC102902323	0.6572638211785944	NA
LOC102902330	1.161132527010982	NA
LOC102902334	0.6109545413351064	NA
LOC102902342	0.4423723974269258	NA
LOC102902347	0.5570964089047965	NA
LOC102902350	1.175234195642862	NA
LOC102902362	1.226776406517434	NA
LOC102902382	0.5185445940624718	NA
LOC102902403	0.6992442280828652	NA
LOC102902406	0.4099582450195015	NA
LOC102902408	2.724884811424571	NA
LOC102902448	0.2242966236425231	NA
LOC102902449	0.9385719673416092	NA
LOC102902472	1.1134255586552833	NA
LOC102902476	0.5074996785773652	NA
LOC102902503	0.32217032925044475	NA
LOC102902511	0.47864875349670355	NA
LOC102902512	0.6767174627770162	NA
LOC102902559	0.4857005196284673	NA
LOC102902576	0.3030855347880163	NA
LOC102902588	0.3627575044290631	NA
LOC102902597	0.8219069239374779	NA
LOC102902604	0.6591603633710105	NA
LOC102902606	0.8430144655131685	NA
LOC102902613	0.3530714714348223	NA
LOC102902614	0.850042497260798	NA
LOC102902621	0.5687488816268432	NA
LOC102902632	0.4365858045540647	NA
LOC102902635	0.7414062115758204	NA
LOC102902641	0.8481941397673618	NA
LOC102902645	1.0573389090717429	NA
LOC102902649	1.0635296993152514	NA
LOC102902651	0.42064626253702	NA
LOC102902653	0.728018268561017	NA
LOC105259606	0.8570432594796448	NA
LOC105259618	0.763373386408893	NA
LOC105259628	0.5249854858781176	NA
LOC105259656	0.2958709524028312	NA
LOC105259661	0.30233049808332646	NA
LOC105259662	1.0518852408299804	NA
LOC105259663	0.7288010916673311	NA
LOC105259666	2.267471211920199	NA
LOC105259679	0.9176466090964303	NA
LOC105259690	0.6641114790960674	NA
LOC105259692	0.5614944704367106	NA
LOC105259694	0.4371897163432709	NA
LOC105259725	1.0978555166058694	NA
LOC105259729	1.2887836053986703	NA
LOC105259864	1.9398287342911333	NA
LOC105259913	0.6372358585638056	NA
LOC105259923	0.39952928818223526	NA
LOC105259932	1.954525899072392	NA
LOC105260036	0.907084454884027	NA
LOC105260055	1.990239893953842	NA
LOC105260059	0.25783073891075065	NA
LOC105260067	0.3584871848017425	NA
LOC105260083	0.8348100545412396	NA
LOC105260155	0.8525878864691758	NA
LOC105260178	2.0734732730840193	NA
LOC105260237	0.3853812151870837	NA
LOC105260271	0.8286689353566176	NA
LOC105260377	0.574596886491093	NA
LOC105260414	0.9004586666387941	NA
LOC105260418	0.9682198322809383	NA
LOC105260422	0.5184923640031797	NA
LOC105260484	1.3607213750537945	NA
LOC105260485	0.3568815412986655	NA
LOC105260519	1.6940230265990597	NA
LOC105260537	0.7269706653843041	NA
LOC105260543	1.1890076777666814	NA
LOC105260551	0.9264998092610968	NA
LOC105260570	0.4314122412700165	NA
LOC105260573	1.5017208571635083	NA
LOC105260586	0.6178961500440637	NA
LOC105260590	0.8053523801549823	NA
LOC105260607	0.1786707811349661	NA
LOC105260615	1.4896151405792244	NA
LOC105260622	0.17539796368250857	NA
LOC105260630	0.8681558263832887	NA
LOC105260637	0.43709812322273445	NA
LOC105260702	2.495936615203823	NA
LOC105260723	0.2923649673585034	NA
LOC105260774	1.3564930432852769	NA
LOC105260787	0.5171165194663637	NA
LOC105260851	0.46738747335129077	NA
LOC105260865	0.3516770579997902	NA
LOC105260899	0.4927232391342202	NA
LOC105260921	0.9158747827899533	NA
LOC105260938	0.3660753897089884	NA
LOC105260944	1.3909545224616868	NA
LOC105260976	0.5291635890109199	NA
LOC105260977	2.4367185517389447	NA
LOC105260979	0.4836858282987373	NA
LOC105261012	0.20161596031270557	NA
LOC105261046	0.5379994161815378	NA
LOC105261065	0.5341697868144073	NA
LOC105261141	0.41212903313867927	NA
LOC105261148	0.6683109351058163	NA
LOC105261153	0.973679022264718	NA
LOC105261156	0.4063794628523125	NA
LOC105261172	0.80960984796856	NA
LOC105261186	0.2719589223419112	NA
LOC105261205	0.4538800207060136	NA
LOC105261213	0.23574924659550606	NA
LOC105261220	0.7254389298522003	NA
LOC105261229	0.39854868894089296	NA
LOC105261234	2.4682269893242794	NA
LOC105261244	0.5005865485557737	NA
LOC105261253	1.0465991169876683	NA
LOC105261261	0.6940584132502594	NA
LOC105261264	0.894314357595786	NA
LOC105261293	0.9162415912712767	NA
LOC105261295	0.9125641016793852	NA
LOC105261300	0.4327457023955837	NA
LOC105261312	1.1233976271895	NA
LOC105261315	0.9324634115005338	NA
LOC105261320	0.8191949251987024	NA
LOC105261377	0.7064836127324202	NA
LOC105261393	0.40781773224751783	NA
LOC109491352	0.4222888643524204	NA
LOC109491353	0.3219764608608372	NA
LOC109491390	1.0629479931866934	NA
LOC109491395	0.6212755402857676	NA
LOC109491399	1.4782540718483614	NA
LOC109491410	0.8623304350701096	NA
LOC109491470	0.7783579596393281	NA
LOC109491486	0.7319063016146019	NA
LOC109491494	2.6822069363860734	NA
LOC109491544	2.072617668804841	NA
LOC109491595	0.5445570859554643	NA
LOC109491622	0.6064312248297489	NA
LOC109491668	1.8749590485426888	NA
LOC109491752	0.5141533844059144	NA
LOC109491753	0.9766728960670052	NA
LOC109491819	0.6775786419775607	NA
LOC109491826	0.567411582502471	NA
LOC109491883	1.0604937139264412	NA
LOC109491920	1.1352713234506637	NA
LOC109491937	1.2293775570151424	NA
LOC109491960	0.8661010716194485	NA
LOC109491995	1.1077466593045366	NA
LOC109492007	0.7009501249309715	NA
LOC109492042	0.9041672761626296	NA
LOC109492065	1.3311436144232367	NA
LOC109492089	0.7688660645385442	NA
LOC109492112	0.9968511928516998	NA
LOC109492121	1.1813567946757553	NA
LOC109492157	1.3679299501780378	NA
LOC109492160	0.4860998932865006	NA
LOC109492199	0.566067290102464	NA
LOC109492205	1.0449091953467275	NA
LOC109492247	0.9143165886019622	NA
LOC109492264	0.7216259672377218	NA
LOC109492265	0.44489433001315004	NA
LOC109492277	1.8360670939792467	NA
LOC109492280	0.3972275009867	NA
LOC109492300	0.4578540305967278	NA
LOC109492345	0.6047801810232155	NA
LOC109492436	1.1100084425448553	NA
LOC109492437	1.123415621902275	NA
LOC109492504	0.5549944742920129	NA
LOC109492543	1.6696569886852086	NA
LOC109492562	1.3261750882979382	NA
LOC109492620	1.135512947574302	NA
LOC109492650	1.569070914327272	NA
LOC109492656	0.5717924708750128	NA
LOC109492687	1.418661961994823	NA
LOC109492719	0.41113574903236194	NA
LOC109492727	0.8203429480015738	NA
LOC109492738	0.9024795022334908	NA
LOC109492771	0.6481343680905607	NA
LOC109492772	1.0572500183732583	NA
LOC109492844	0.6981814315719174	NA
LOC109492846	0.5406866096457432	NA
LOC109492954	0.5278995427779147	NA
LOC109492984	0.665436111488663	NA
LOC109492996	1.2539815237950356	NA
LOC109493100	0.6826880576208879	NA
LOC109493120	0.9389874204763803	NA
LOC109493123	0.5423106330161608	NA
LOC109493129	1.5180733933192967	NA
LOC109493140	1.6406522715540024	NA
LOC109493170	0.902627426247953	NA
LOC109493174	0.525545003107158	NA
LOC109493240	0.3950752978792325	NA
LOC109493257	0.8789998286117624	NA
LOC109493262	2.5026957645104466	NA
LOC109493267	1.5791632691484034	NA
LOC109493276	0.3510291076430941	NA
LOC109493318	0.6250000215767785	NA
LOC109493406	0.17014169822426728	NA
LOC109493515	1.3726303183222808	NA
LOC109493540	0.3139466869718598	NA
LOC109493594	0.5343405944543108	NA
LOC109493669	1.2817445382078374	NA
LOC109493706	1.3365638937321394	NA
LOC109493804	0.4823503054798488	NA
LOC109493846	0.42387357453598457	NA
LOC109493944	0.8029324120168048	NA
LOC109493995	1.4334111437777628	NA
LOC109494001	0.9403210678821968	NA
LOC109494006	0.833556546968758	NA
LOC109494007	0.7835032805628456	NA
LOC109494032	3.3352818905503514	NA
LOC109494049	1.0197908916586718	NA
LOC109494063	1.2293622270259827	NA
LOC109494140	1.1824289750898473	NA
LOC109494193	0.42444377855202703	NA
LOC109494275	0.4088656623976024	NA
LOC109494285	0.964345928454156	NA
LOC109494287	0.5216473240456613	NA
LOC109494289	0.4942751866344504	NA
LOC109494334	1.0752406546668483	NA
LOC109494425	0.586422520459398	NA
LOC109494431	0.23455535559266424	NA
LOC109494435	0.6320820931043254	NA
LOC109494440	0.6041069132473864	NA
LOC109494465	0.549077343029995	NA
LOC109494482	0.561400284580872	NA
LOC109494493	0.8467844370253663	NA
LOC109494515	0.5673450656156919	NA
LOC109494580	0.47593342116530846	NA
LOC109494586	1.0972416295266645	NA
LOC109494588	0.5655864087991184	NA
LOC109494605	0.5074185279977261	NA
LOC109494616	2.9353703236746846	NA
LOC109494643	0.8983827882993216	NA
LOC109494644	1.7539432892316735	NA
LOC109494645	1.7876970302546344	NA
LOC109494706	0.49378607503832844	NA
LOC109494712	0.4758560091173754	NA
LOC109494736	0.60332875121237	NA
LOC109494819	0.9256297036875291	NA
LOC109494820	0.3944942079722995	NA
LOC109494848	0.5681893528933841	NA
LOC109494850	1.5149752044839262	NA
LOC109494859	0.9891613986085137	NA
LOC109494860	2.6210188576913156	NA
LOC109494881	0.7995859639057458	NA
LOC109494887	0.539678639824831	NA
LOC109494915	0.4393094360206274	NA
LOC109494918	2.266581597249377	NA
LOC109495033	1.1085920092431303	NA
LOC109495047	1.0291536975753217	NA
LOC109495067	0.3557515743254118	NA
LOC109495070	0.267783099255433	NA
LOC109495071	0.5111188741846557	NA
LOC109495094	0.9338589865846437	NA
LOC109495111	0.4328460338791915	NA
LOC109495144	1.3783506018613207	NA
LOC109495145	0.8307991041307037	NA
LOC109495147	1.46639753314339	NA
LOC109495160	0.7730680624447448	NA
LOC109495172	1.1002840516648666	NA
LOC109495198	0.9607260197503251	NA
LOC109495204	0.7922231337846019	NA
LOC109495208	0.46363130302733624	NA
LOC109495254	0.8557755609300612	NA
LOC109495281	1.764531079051082	NA
LOC109495298	0.5195798072218762	NA
LOC109495300	0.48837583145853397	NA
LOC109495334	0.6950302716902826	NA
LOC109495352	1.025910661320807	NA
LOC109495357	0.7154420761703536	NA
LOC109495494	0.49004395165753883	NA
LOC109495510	0.6972659868222901	NA
LOC109495552	0.9271660931851545	NA
LOC109495616	0.6081415056060583	NA
LOC109495654	0.47732207115884473	NA
LOC109495671	0.4241170595393353	NA
LOC109495688	1.274176574431481	NA
LOC109495716	0.5680373176170119	NA
LOC109495821	2.4644306875263062	NA
LOC109495825	1.9181164876603483	NA
LOC109495829	1.0951612206440255	NA
LOC109495842	1.2542031440329886	NA
LOC109495849	0.27248451910600446	NA
LOC109495957	0.8748908473897054	NA
LOC109495967	0.31134077915668795	NA
LOC109496003	0.9392295625746466	NA
LOC109496004	0.7976116294542093	NA
LOC109496027	1.2779556525149214	NA
LOC109496190	1.6664197127950608	NA
LOC109496196	0.8530786834303334	NA
LOC109496197	0.8878654132809258	NA
LOC109496206	0.7957127777901224	NA
LOC109496209	1.5315112329677079	NA
LOC109496236	1.2252467877452609	NA
LOC109496237	1.5632719359846075	NA
LOC109496238	1.3469421778725512	NA
LOC109496281	1.4883917972393121	NA
LOC109496337	2.346332283045337	NA
LOC109496406	0.5251302411714706	NA
LOC109496447	0.7165882938514524	NA
LOC109496448	0.9052469999081849	NA
LOC109496453	0.3668880106574969	NA
LOC109496483	1.0692294481271016	NA
LOC109496524	0.3776871239328416	NA
LOC109496543	5.508514275198237	NA
LOC109496556	0.6607809101451492	NA
LOC109496586	1.2184298143348713	NA
LOC109496611	0.4801984491344185	NA
LOC109496651	0.9146898305493391	NA
LOC109496653	0.6800449687235661	NA
LOC109496699	0.47825892987978436	NA
LOC109496736	1.1886968116715821	NA
LOC109496743	1.5674089256270387	NA
LOC109496912	1.0605701964800882	NA
LOC109496940	0.29341249564253047	NA
LOC109496942	2.596703403339786	NA
LOC109496970	1.7253494833143703	NA
LOC109496991	0.5755349644028578	NA
LOC109497006	0.29364288992703713	NA
LOC109497166	2.6854392478551237	NA
LOC109497182	1.910670539028795	NA
LOC109497259	0.4448311923772321	NA
LOC109497329	0.6173135882919092	NA
LOC109497339	0.5755142884222743	NA
LOC109497357	1.5703023460504033	NA
LOC109497364	0.2745914911489006	NA
LOC109497366	1.67677492985008	NA
LOC109497369	0.7141569914770381	NA
LOC109497379	1.636503925006159	NA
LOC109497390	3.578526968396325	NA
LOC109497400	1.830190733477869	NA
LOC109497441	1.4486527758061618	NA
LOC109497468	0.9015291754651885	NA
LOC109497511	0.5678928564079598	NA
LOC109497596	1.10781957563697	NA
LOC109497599	0.4179570884319171	NA
LOC109497614	1.8724462850116184	NA
LOC109497680	0.4753484226955391	NA
LOC109497687	0.7663260688749062	NA
LOC109497727	0.6664167444694526	NA
LOC109497867	0.5336185451544556	NA
LOC109497966	1.3509696165727314	NA
LOC109497987	2.081254332186806	NA
LOC109498001	0.8466514640103422	NA
LOC109498006	2.33624419092696	NA
LOC109498057	0.6766984016601258	NA
LOC109498065	3.2265475445573375	NA
LOC109498113	0.8835500801047101	NA
LOC109498119	0.8491764068164401	NA
LOC109498146	1.1348439322067718	NA
LOC109498181	0.6860340473629575	NA
LOC109498210	0.3904460273318498	NA
LOC109498222	0.9465017180992671	NA
LOC109498252	3.6011524306209677	NA
LOC109498267	0.34999163278167406	NA
LOC109498338	2.628801850651128	NA
LOC109498371	0.7833406768759167	NA
LOC109498383	1.469470618891818	NA
LOC109498393	0.8093988497436001	NA
LOC109498394	0.7232453953085711	NA
LOC109498399	0.9492425616869711	NA
LOC109498428	1.2972148161104105	NA
LOC109498429	1.8058859048244467	NA
LOC109498436	0.9674614864299385	NA
LOC109498438	1.1774450921350206	NA
LOC109498466	0.8063074561883427	NA
LOC109498475	0.7307144397716547	NA
LOC109498488	1.082908865925493	NA
LOC109498669	2.0572309461379237	NA
LOC109498674	0.9925284648664624	NA
LOC109498725	0.27184177430230444	NA
LOC109498733	2.174194910006796	NA
LOC109498746	0.4488406808699388	NA
LOC109498791	0.29577509886992315	NA
LOC109498852	0.6290392557258012	NA
LOC109498886	2.1688455968235734	NA
LOC109499025	0.9613113878942363	NA
LOC109499163	2.262349176807196	NA
LOC109499174	1.4505533391935064	NA
LOC109499203	0.877471435892616	NA
LOC109499248	2.1327548799561074	NA
LOC109499276	1.4850946305263586	NA
LOC109499284	1.912842331620958	NA
LOC109499301	0.9038868296915321	NA
LOC109499313	0.4244114603713603	NA
LOC109499513	0.419725337175565	NA
LOC109499652	1.1295838389938737	NA
LOC109499722	1.8512622051972678	NA
LOC109499734	1.7201040744970302	NA
LOC109499783	1.49585506046233	NA
LOC109499808	1.1787489362632422	NA
LOC109499905	0.8538883221127596	NA
LOC109499916	2.388563862301097	NA
LOC109500010	0.925113868093887	NA
LOC109500038	1.399362122362498	NA
LOC109500052	0.9018652626739782	NA
LOC109500091	0.92963868247826	NA
LOC109500257	0.6374314579301407	NA
LOC109500442	0.7047418784467558	NA
LOC109500444	0.4724266624523082	NA
LOC109500448	1.1607570788286843	NA
LOC109500458	1.1215479723034112	NA
LOC109500470	1.3410561265395096	NA
LOC109500487	1.1907428650500158	NA
LOC109500494	0.8061926998300104	NA
LOC109500533	1.8129838519589805	NA
LOC109500536	0.593416083747607	NA
LOC109500703	1.4656440697735418	NA
LOC109500879	0.7596481551572499	NA
LOC109500910	0.5030134822896899	NA
LOC109500915	0.504889151453497	NA
LOC109500927	0.7679493783569334	NA
LOC109500934	0.7609894326060167	NA
LOC109500986	0.5026359875765389	NA
LOC109501009	0.3856744256228738	NA
LOC109501041	0.37677582274056004	NA
LOC109501043	0.4696478382074772	NA
LOC109501118	0.6204008073509042	NA
LOC109501218	1.8377154469091022	NA
LOC109501308	4.177712036416724	NA
LOC109501325	0.6936087288567576	NA
LOC109501375	1.047917096923095	NA
LOC109501376	0.7387859589557055	NA
LOC109501381	0.7326581973919706	NA
LOC109501392	0.27497984236434686	NA
LOC109501450	0.6032357237841063	NA
LOC109501514	0.3316714394617987	NA
LOC109501551	2.0575113012328075	NA
LOC109501552	0.8773836652935317	NA
LOC109501563	0.6946140267012347	NA
LOC109501597	0.7401184569348381	NA
LOC109501598	1.0334282304484408	NA
LOC109501602	0.7073653774925814	NA
LOC109501606	0.9014171907672559	NA
LOC109501642	0.677154033904272	NA
LOC109501707	1.8765931391817738	NA
LOC109501751	1.0502471275704581	NA
LOC109501775	0.9198247517796483	NA
LOC109501804	0.5357970165593618	NA
LOC109501852	1.4078760487162612	NA
LOC109501853	1.0517667176537495	NA
LOC109501870	1.2958962814417136	NA
LOC109502030	0.7516588073572553	NA
LOC109502036	0.9085060454521378	NA
LOC109502051	1.754608794001416	NA
LOC109502062	2.0512098568066106	NA
LOC109502063	2.122078156940654	NA
LOC109502073	2.4295068483969957	NA
LOC109502123	1.357963307948996	NA
LOC109502126	0.5795635632239509	NA
LOC109502202	1.0733886035691333	NA
LOC109502269	0.6095172962545969	NA
LOC109502285	1.2050586881579597	NA
LOC109502298	0.9252736144200829	NA
LOC109502313	0.4259280809202571	NA
LOC109502318	0.83160835659035	NA
LOC109502329	0.3980461287986791	NA
LOC109502391	1.3446821343770887	NA
LOC109502393	0.6587883748622235	NA
LOC109502478	0.43813900584416754	NA
LOC109502516	0.49065395130741785	NA
LOC109502555	1.2477056657836014	NA
LOC109502560	0.44923136960310917	NA
LOC109502579	0.3901737860305763	NA
LOC109502626	1.3205213498329897	NA
LOC109502671	0.725206676858305	NA
LOC109502672	0.6712080599107602	NA
LOC109502674	1.1178630711625996	NA
LOC109502702	2.2818978826369145	NA
LOC109502720	1.0023498982499823	NA
LOC109502747	0.3528864291083281	NA
LOC109502832	1.0776319637226905	NA
LOC109502867	1.10879702794259	NA
LOC109502893	1.0422281357186056	NA
LOC109502907	0.8157202872375072	NA
LOC109502909	1.7161334410638802	NA
LOC109502937	0.38774329577646555	NA
LOC109502953	0.567037108834656	NA
LOC109503040	0.6044278839653212	NA
LOC109503259	1.2395763308689691	NA
LOC109503275	1.4549583653207971	NA
LOC109503277	1.1838279443970237	NA
LOC109503279	0.9002339357752794	NA
LOC109503293	0.9516338148467788	NA
LOC109503361	0.4112196158476942	NA
LOC109503470	0.5576948410421875	NA
LOC109503483	1.4631375967332312	NA
LOC109503503	1.6627657954087929	NA
LOC109503515	0.6005429028743074	NA
LOC109503528	1.1775481964940637	NA
LOC111556169	1.4665579508250435	NA
LOC111556173	1.0272312009285027	NA
LOC111556180	0.2104500291625473	NA
LOC111556185	0.8609191571270121	NA
LOC111556191	0.3012056499383081	NA
LOC111556198	0.3980206680881309	NA
LOC111556204	0.29587007696112216	NA
LOC111556210	0.9438040265420198	NA
LOC111556221	0.18570926492359283	NA
LOC111556228	0.7027947999697858	NA
LOC111556242	0.4116256099794648	NA
LOC111556243	0.525314011012723	NA
LOC111556276	0.4649294885955204	NA
LOC111556287	0.2675468814921649	NA
LOC111556295	2.557118164846501	NA
LOC111556310	0.26744895002396357	NA
LOC111556349	1.3641307160587979	NA
LOC111556665	1.1296300344738075	NA
LOC111556726	0.6234911799054714	NA
LOC111556761	0.41879501435160726	NA
LOC111556765	0.5081484324949955	NA
LOC111556850	0.3871818135299664	NA
LOC111557093	0.5573205669952679	NA
LOC111557113	0.734683103696438	NA
LOC111557119	1.7085701717418127	NA
LOC111557128	0.30848820413319916	NA
LOC111557235	0.3893585895753486	NA
LOC111557260	1.2242394341864213	NA
LOC111557266	0.42398790308472545	NA
LOC111557296	0.7959674885547064	NA
LOC111557315	1.7894966008503088	NA
LOC111557327	0.9568181367434583	NA
LOC111557338	1.1692127377597301	NA
LOC111557348	1.2969372044486527	NA
LOC111557349	1.0645835928543768	NA
LOC111557359	3.5429723159733593	NA
LOC111557360	1.6165752729382734	NA
LOC111557369	2.008313617076318	NA
LOC111557377	1.3232083836147461	NA
LOC111557442	0.7577865767477359	NA
LOC111557454	0.5934530580470819	NA
LOC111557458	0.7880868892988607	NA
LOC111557525	1.427007776878755	NA
LOC111557529	0.596754690321481	NA
LOC111557537	0.8819500143939744	NA
LOC111557538	0.5087861434158636	NA
LOC111557541	0.6868115221502232	NA
LOC111557559	0.3624111155626605	NA
LOC111557568	1.651564445721062	NA
LOC111557571	0.35845783109772805	NA
LOC111557572	0.865922952800384	NA
LOC111557619	0.28749810625994787	NA
LOC111557723	0.4868298568217653	NA
LOC111557751	0.6379007764405329	NA
LOC111557763	1.2570837886968407	NA
LOC111557812	0.48201599453649135	NA
LOC111557813	2.239554382524189	NA
LOC111557814	1.2095003545718404	NA
LOC111557867	1.0232088599859592	NA
LOC111557902	0.6033069865024292	NA
LOC111557923	1.1476485406652002	NA
LOC111557932	1.9193364787102096	NA
LOC111557946	1.8126712529513993	NA
LOC111557975	0.481024520329017	NA
LOC111557991	0.8276994662874556	NA
LOC111558023	2.249055945421255	NA
LOC111558024	1.838692932806724	NA
LOC111558048	0.9326169352066694	NA
LOC111558079	0.36327249894921004	NA
LOC111558082	0.9841670210940291	NA
LOC111558083	0.31036385158890073	NA
LOC111558087	0.34633470959690305	NA
LOC111558093	0.4873309897959294	NA
LOC111558105	0.48431807583332476	NA
LOC111558110	0.7324803213197659	NA
LOC111558113	0.3262364472408052	NA
LOC111558116	1.0435950951541029	NA
LOC111558122	0.4780508347765218	NA
LOC111558123	0.37910604001901954	NA
LOC111558124	0.7158637761258354	NA
LOC111558207	0.19992889330930774	NA
LOC111558218	0.9871530035249849	NA
LOC111558250	0.6518838166847186	NA
LOC111558260	0.6807473896716666	NA
LOC111558276	0.8423531417027572	NA
LOC111558359	0.7368451783536168	NA
LOC111558415	0.7622284842843338	NA
LOC111558450	0.32848019347467017	NA
LOC111558513	0.4487711675190035	NA
LOC111558520	0.5049673180103893	NA
LOC111558528	0.9141479492515973	NA
LOC111558546	0.6495062674228193	NA
LOC111558560	1.3076606796063657	NA
LOC111558580	0.2580311466086852	NA
LOC111558585	0.6864628438089488	NA
LOC111558727	0.2874256439103504	NA
LOC111558729	0.3311281592822831	NA
LOC111558740	1.1821095211895662	NA
LOC111558772	0.3381023003226485	NA
LOC111558776	0.3672020927303224	NA
LOC111558779	0.48347659881412747	NA
LOC111558945	1.1213071986302772	NA
LOC111558969	1.5226982015955401	NA
LOC111559009	1.8668796140463835	NA
LOC111559020	2.729828571370162	NA
LOC111559047	1.3960628192611826	NA
LOC111559116	1.6558180055798093	NA
LOC111559176	0.28066588353000477	NA
LOC111559192	0.25138145102121645	NA
LOC111559207	2.3166250377338313	NA
LOC111559441	0.7660667369185405	NA
LOC111559447	0.5031132229734645	NA
LOC111559457	0.42904791059356756	NA
LOC111559464	0.42110311173243964	NA
LOC111559488	0.28631874321484607	NA
LOC111559498	0.5876506752571923	NA
LOC111559518	0.5033103485597764	NA
LOC111559519	0.5125837061378978	NA
LOC111559523	0.4487396526505112	NA
LOC111559540	0.5741495790910152	NA
LOC111559545	0.7800237411412966	NA
LOC111559560	0.49481060380721414	NA
LOC111559573	0.5282849926345538	NA
LOC111559716	2.6357941138215724	NA
LOC111559748	0.7226712366413227	NA
LOC111559838	0.7484205355570784	NA
LOC111559847	1.4050990783766495	NA
LOC111559869	0.6872869731555478	NA
LOC111559887	0.43780866536373914	NA
LOC111559890	1.5718533857392647	NA
LOC111560059	0.31666548547904905	NA
LOC111560064	0.5373270134507069	NA
LOC111560065	0.34148203592202414	NA
LOC111560068	0.3662325084073312	NA
LOC111560087	1.1394423892133418	NA
LOC111560106	2.6510581736354797	NA
LOC111560122	0.2974171704261562	NA
LOC111560177	1.0618313898228304	NA
LOC111560178	1.3767527429261042	NA
LOC111560188	0.6363060977134433	NA
LOC111560209	0.35046970975965613	NA
LOC111560210	0.7136719245604285	NA
LOC111560215	1.0696408254938254	NA
LOC111560226	0.8851054655686579	NA
LOC111560236	1.1524866301742662	NA
LOC111560393	1.2443651704543728	NA
LOC111560427	0.3835454757473868	NA
LOC111560432	0.3392753110801813	NA
LOC111560441	2.3512541791859833	NA
LOC111560443	0.9459631982704694	NA
LOC111560574	0.6178842375225341	NA
LOC111560789	0.46769569866292937	NA
LOC111560803	0.2177190352174537	NA
LOC111560874	2.314573594012915	NA
LOC111560882	1.2213345660003707	NA
LOC111560884	1.2248470827079594	NA
LOC111560935	0.5214517912667166	NA
LOC111560938	1.958423933712636	NA
LOC111561295	1.4974308350370276	NA
LOC111561366	0.44733309355458456	NA
LOC111561382	0.3300552561545856	NA
LOC111561407	0.62446795650363	NA
LOC111561417	1.4265727506442305	NA
LOC111561430	0.6376258090545595	NA
LOC111561460	1.6596124385599471	NA
LOC111561467	0.7095706995982507	NA
LOC111561663	1.5031443074891608	NA
LOC111561676	1.0671292991683687	NA
LOC111561715	0.7971254827923826	NA
LOC111561722	0.5436607576647933	NA
LOC111561763	0.670766547150833	NA
LOC111561775	0.41565558629818167	NA
LOC111561795	1.1722629797019197	NA
LOC111561917	0.5297482729367483	NA
LOC111561920	1.6729514059370683	NA
LOC111561928	2.1653035815588564	NA
LOC111561932	1.3133995726183543	NA
LOC111561963	0.6727562758458526	NA
LOC111562183	1.4877382121974254	NA
LOC111562301	0.8004499146174606	NA
LOC123378906	0.3615141803794895	NA
LOC123378907	0.17496257698300027	NA
LOC123378918	0.3367662721920281	NA
LOC123378920	0.6155003508291661	NA
LOC123378922	0.8947693523367826	NA
LOC123378928	0.299844438858011	NA
LOC123378929	0.22102527397194874	NA
LOC123378930	0.8421978028225044	NA
LOC123378931	0.18771401035013285	NA
LOC123378934	0.9749932118716429	NA
LOC123378936	1.238685390674818	NA
LOC123378938	2.0041136369551102	NA
LOC123378943	0.1915675854918677	NA
LOC123378944	0.3797420487097301	NA
LOC123378949	0.4455210241690531	NA
LOC123378954	2.149573001241343	NA
LOC123378957	0.36335384395863835	NA
LOC123378958	0.12220516154907664	NA
LOC123378959	0.7644224287109471	NA
LOC123379027	1.3560021117629018	NA
LOC123379051	0.2788132136075884	NA
LOC123379087	0.32517039902804523	NA
LOC123379105	1.0353516242681025	NA
LOC123379162	0.7016041957016175	NA
LOC123379173	0.3567674168368051	NA
LOC123379229	0.4476977774961149	NA
LOC123379256	1.12642235766778	NA
LOC123379328	1.4580894809997054	NA
LOC123379348	3.137665477178576	NA
LOC123379350	2.050614575376472	NA
LOC123379383	0.3421388860209621	NA
LOC123379440	0.6273809426615503	NA
LOC123379441	0.9996222566625718	NA
LOC123379450	2.0836140029747123	NA
LOC123379471	0.4211198323243893	NA
LOC123379473	0.4493488640977884	NA
LOC123379511	2.517609422319619	NA
LOC123379530	0.0798513853701797	NA
LOC123379555	1.9850396981337968	NA
LOC123379580	2.001774852254759	NA
LOC123379615	1.3745823752434356	NA
LOC123379843	0.4879484112342112	NA
LOC123379876	1.071398433801343	NA
LOC123379888	0.9662964128625698	NA
LOC123379899	0.42087553433491115	NA
LOC123379942	0.4200433076845849	NA
LOC123379951	0.3678345148909784	NA
LOC123379972	0.36126337653090645	NA
LOC123379991	1.404027656362818	NA
LOC123380071	0.8785301509940387	NA
LOC123380098	0.3166009227037698	NA
LOC123380100	0.6735921567193157	NA
LOC123380118	0.6869563955173016	NA
LOC123380152	0.4213181580092922	NA
LOC123380175	0.7540651846825959	NA
LOC123380176	0.3707782244948631	NA
LOC123380178	1.78694257960052	NA
LOC123380195	0.6019457006239274	NA
LOC123380205	2.199385078807578	NA
LOC123380307	0.44220179857164005	NA
LOC123380371	1.3570700114770315	NA
LOC123380390	1.5556959964269486	NA
LOC123380411	0.5312342549518299	NA
LOC123380412	0.5956897433784234	NA
LOC123380418	0.43381957899839313	NA
LOC123380422	0.7312261054646333	NA
LOC123380425	0.5402268315007988	NA
LOC123380450	0.6311732578004432	NA
LOC123380453	0.6304300865661266	NA
LOC123380493	0.30913081727103386	NA
LOC123380508	0.9473502246307055	NA
LOC123380546	1.0401135351801039	NA
LOC123380551	1.5274153173040113	NA
LOC123380574	0.32556924380622954	NA
LOC123380584	0.6265979486027985	NA
LOC123380599	1.4919580401488413	NA
LOC123380607	0.43193052784215874	NA
LOC123380638	1.1330083608659707	NA
LOC123380645	0.5965772146936446	NA
LOC123380649	0.4002027623588373	NA
LOC123380658	0.5789476145780402	NA
LOC123380659	0.9308087513403629	NA
LOC123380736	1.259033109056935	NA
LOC123380756	0.5490564638451	NA
LOC123380767	1.108379645850986	NA
LOC123380783	0.8894919369106996	NA
LOC123380805	1.2549274977358247	NA
LOC123380833	1.7326802880318886	NA
LOC123380849	1.2206660032304875	NA
LOC123380866	0.6183366841768104	NA
LOC123381008	0.85031971951223	NA
LOC123381027	1.3257122612325967	NA
LOC123381029	0.5824167850447112	NA
LOC123381087	1.0855506170734126	NA
LOC123381100	1.0495609816364515	NA
LOC123381123	1.8861416247144411	NA
LOC123381160	0.3209049540878576	NA
LOC123381191	0.31949805637478135	NA
LOC123381268	2.2313049474091953	NA
LOC123381270	1.2962731548055242	NA
LOC123381272	2.227685003062586	NA
LOC123381274	2.823418824714202	NA
LOC123381275	3.196112864206001	NA
LOC123381316	2.7163559006263083	NA
LOC123381337	1.9068119212114787	NA
LOC123381352	1.716606952200898	NA
LOC123381354	2.2653793672165707	NA
LOC123381359	0.4352186250636606	NA
LOC123381376	0.5751472812929133	NA
LOC123381382	0.9709840355974736	NA
LOC123381400	0.4843548223389479	NA
LOC123381472	1.4070099345022888	NA
LOC123381494	0.17078918479733907	NA
LOC123381525	0.39446927762066336	NA
LOC123381529	2.111706275789529	NA
LOC123381536	1.2089204986955215	NA
LOC123381554	0.1707307114767295	NA
LOC123381560	0.7960925558559232	NA
LOC123381566	0.6695884478512171	NA
LOC123381575	0.3188390292111403	NA
LOC123381589	2.1079445757606847	NA
LOC123381619	1.9458277520089335	NA
LOC123381620	0.9034000484009034	NA
LOC123381621	0.3151555384547566	NA
LOC123381646	0.3520248873444022	NA
LOC123381669	0.5900367113412396	NA
LOC123381672	0.28880174037309997	NA
LOC123381689	0.7715878862575295	NA
LOC123381700	3.0044325756373995	NA
LOC123381729	0.48474091534985614	NA
LOC123381731	0.7105283931375045	NA
LOC123381767	0.8319049972993824	NA
LOC123381772	1.1800472708127354	NA
LOC123381787	0.1772173307413859	NA
LOC123381794	0.49543428250467125	NA
LOC123381797	1.1032067138375776	NA
LOC123381833	0.2557343341358293	NA
LOC123381851	0.5686757559262106	NA
LOC123381893	1.1756963019863693	NA
LOC123381895	0.8535137868403028	NA
LOC123381898	0.438831034362424	NA
LOC123381925	0.4236359994057007	NA
LOC123381941	1.8394286476623505	NA
LOC123382038	0.31891827430703895	NA
LOC123382044	1.5892297254245604	NA
LOC123382045	1.44223900831459	NA
LOC123382074	0.567191574728916	NA
LOC123382092	0.4362140695090626	NA
LOC123382100	1.8226823079094845	NA
LOC123382103	0.6092193160501123	NA
LOC123382104	1.7025888178298527	NA
LOC123382109	1.2011295860944196	NA
LOC123382125	1.1416355130965214	NA
LOC123382126	1.4811822301579658	NA
LOC123382128	0.5915874573061544	NA
LOC123382131	0.9656269199847665	NA
LOC123382132	1.5693861849907347	NA
LOC123382139	3.8481360519605654	NA
LOC123382140	2.638917115754541	NA
LOC123382177	0.31989476633562464	NA
LOC123382182	0.5679203739420285	NA
LOC123382183	0.4569297041364629	NA
LOC123382193	0.35330734209631376	NA
LOC123382212	0.7667465775735244	NA
LOC123382215	1.9772104307519065	NA
LOC123382218	1.206977307229942	NA
LOC123382221	0.46073413279216446	NA
LOC123382230	0.3766281785135248	NA
LOC123382231	1.1398366948440968	NA
LOC123382240	1.8462252516783346	NA
LOC123382241	0.8572643226035933	NA
LOC123382271	0.7896814217624893	NA
LOC123382285	0.41052151519708535	NA
LOC123382315	1.1042723403161077	NA
LOC123382327	0.9612735973435032	NA
LOC123382330	1.2832551787561601	NA
LOC123382331	1.2007710435899248	NA
LOC123382405	0.7248744201676278	NA
LOC123382420	0.512261178466712	NA
LOC123382436	0.4402500897410183	NA
LOC123382437	0.48700732326233104	NA
LOC123382491	0.33709253673847106	NA
LOC123382511	1.2694440513188838	NA
LOC123382512	1.4567175058776465	NA
LOC123382515	1.624930412560414	NA
LOC123382550	1.018510968832837	NA
LOC123382552	0.49596220706515237	NA
LOC123382568	1.5825333440029987	NA
LOC123382593	1.0699386883675892	NA
LOC123382612	0.9903716506620335	NA
LOC123382631	0.8092518897192567	NA
LOC123382643	0.5142366374573333	NA
LOC123382650	1.0360173479141264	NA
LOC123382663	0.44766269193626707	NA
LOC123382672	0.4704945646142337	NA
LOC123382698	0.7926522946181676	NA
LOC123382714	0.5492218489993166	NA
LOC123382726	0.3212143816120855	NA
LOC123382746	0.6642918414493799	NA
LOC123382757	2.079086688035745	NA
LOC123382762	0.5939411746792715	NA
LOC123382772	0.7810661884729287	NA
LOC123382781	0.9689476512483365	NA
LOC123382797	1.3622186292981449	NA
LOC123382810	1.0649245544386454	NA
LOC123382858	1.1677711458717612	NA
LOC123382888	2.272912189529955	NA
LOC123382923	0.8383101051614871	NA
LOC123383041	1.287450390334078	NA
LOC123383078	0.3562541186633866	NA
LOC123383217	0.714737913045731	NA
LOC123383220	1.0488248679546524	NA
LOC123383245	1.498041744685481	NA
LOC123383286	0.7822786578377455	NA
LOC123383308	0.5642549089524264	NA
LOC123383309	0.5490383434391879	NA
LOC123383311	1.0007507760929808	NA
LOC123383329	0.5300097514525147	NA
LOC123383342	0.544808577304786	NA
LOC123383349	0.856417430596428	NA
LOC123383422	2.743856206842141	NA
LOC123383464	0.21114251813731622	NA
LOC123383738	1.7888086260411709	NA
LOC123383775	0.543079573025974	NA
LOC123383807	2.0785140640580035	NA
LOC123383810	0.4856239038099723	NA
LOC123383812	1.6841135095979718	NA
LOC123383814	0.4910554214229351	NA
LOC123383819	0.49228414115727015	NA
LOC123383847	0.34775774131932946	NA
LOC123383865	1.995275578296146	NA
LOC123383914	0.3208271643580832	NA
LOC123383915	0.4687619017005103	NA
LOC123383927	1.9195781553051035	NA
LOC123383933	1.9655067516569842	NA
LOC123383972	1.6103468291125271	NA
LOC123383983	0.596410894470675	NA
LOC123384011	0.34292577771650384	NA
LOC123384015	0.22468411755018744	NA
LOC123384024	0.4572021336248197	NA
LOC123384025	0.7638957799058324	NA
LOC123384031	1.2348242304855699	NA
LOC123384041	0.5484989227328104	NA
LOC123384042	0.8136358464623009	NA
LOC123384080	1.4559408495182133	NA
LOC123384081	1.152960212181087	NA
LOC123384082	1.2104028941128837	NA
LOC123384084	1.219370251065865	NA
LOC123384086	1.4959043533755725	NA
LOC123384088	1.372988343964166	NA
LOC123384092	1.135406267135329	NA
LOC123384093	0.38031305042853425	NA
LOC123384094	1.3341892200379621	NA
LOC123384096	0.995221857675657	NA
LOC123384113	0.7868328796551587	NA
LOC123384118	0.6966967642063191	NA
LOC123384164	0.5682804869136191	NA
LOC123384165	0.5189553511984899	NA
LOC123384182	3.1288183343441447	NA
LOC123384239	0.619937704152235	NA
LOC123384240	0.8694457396708458	NA
LOC123384241	0.9517010230475527	NA
LOC123384320	0.4812663327054424	NA
LOC123384338	0.3796144073740249	NA
LOC123384386	2.257638092369698	NA
LOC123384418	1.3560494802860787	NA
LOC123384444	2.95568960629253	NA
LOC123384518	0.45461357920673173	NA
LOC123384523	0.5204234446308675	NA
LOC123384563	1.495721620977376	NA
LOC123384578	0.7907035441704793	NA
LOC123384598	1.8288500461321382	NA
LOC123384627	0.8492141886256287	NA
LOC123384635	0.6668856057530815	NA
LOC123384738	0.6918104784448644	NA
LOC123384743	2.404138055764893	NA
LOC123384753	0.7018377573553828	NA
LOC123384765	0.37297952514554883	NA
LOC123384767	1.9480434325846518	NA
LOC123384768	1.8749153918954917	NA
LOC123384771	0.3620582235201214	NA
LOC123384796	0.3558557214009183	NA
LOC123384816	1.6699517377001514	NA
LOC123384818	0.4507295523622857	NA
LOC123384821	1.9045344774705861	NA
LOC123384827	0.45066701645128265	NA
LOC123384865	0.619814255806187	NA
LOC123384866	0.14309569869542227	NA
LOC123384902	0.6901091489284552	NA
LOC123384957	0.514995834170162	NA
LOC123384995	1.7636033979100358	NA
LOC123385015	2.1426833933582863	NA
LOC123385017	0.7971518631834615	NA
LOC123385043	0.4937429494227733	NA
LOC123385051	2.8692223791769873	NA
LOC123385112	1.2878925905401162	NA
LOC123385120	0.4783085772402421	NA
LOC123385132	1.2589333165584635	NA
LOC123385134	0.8801665989433322	NA
LOC123385158	2.5196731642610777	NA
LOC123385164	1.5661841140823802	NA
LOC123385182	2.303294382633178	NA
LOC123385185	0.3428444911706654	NA
LOC123385203	1.3542165254792597	NA
LOC123385269	0.3805219507111237	NA
LOC123385275	0.6057833279321577	NA
LOC123385280	0.41648024399042644	NA
LOC123385301	0.2731385807339472	NA
LOC123385326	0.7659521804291041	NA
LOC123385338	1.7066246430028695	NA
LOC123385358	0.2572450231633911	NA
LOC123385425	0.4841036089397189	NA
LOC123385427	0.28482988991253283	NA
LOC123385428	0.6470199497926148	NA
LOC123385454	0.7616713385975749	NA
LOC123385472	1.0735230960345423	NA
LOC123385511	0.8201502532091545	NA
LOC123385522	3.1338530183608406	NA
LOC123385546	1.0087913968958506	NA
LOC123385573	1.5831302364668174	NA
LOC123385626	1.5273797925043135	NA
LOC123385641	0.699777451069983	NA
LOC123385657	1.1161848190087256	NA
LOC123385779	0.6607502514713461	NA
LOC123385790	0.3935311453796466	NA
LOC123385793	0.4601566703053127	NA
LOC123385797	0.9225213988534923	NA
LOC123385824	0.17458217885817523	NA
LOC123385825	1.1900221774144373	NA
LOC123385826	0.5832905030010933	NA
LOC123385846	0.6229562262737814	NA
LOC123385868	0.6397830939168933	NA
LOC123385878	0.8254883624827771	NA
LOC123385907	0.84595649996444	NA
LOC123385946	0.31243835828924665	NA
LOC123385955	0.7700280011028386	NA
LOC123385984	1.2330909899284408	NA
LOC123386043	0.5096166986991109	NA
LOC123386050	0.6708404267395501	NA
LOC123386091	0.6353934203024346	NA
LOC123386096	0.2707176720750672	NA
LOC123386110	0.6953358921668403	NA
LOC123386139	0.7081725129624687	NA
LOC123386140	0.9990655389149433	NA
LOC123386183	0.5219507346881977	NA
LOC123386224	0.47651065408908744	NA
LOC123386228	2.6484703560764262	NA
LOC123386232	0.5104617733323166	NA
LOC123386251	0.7044846473278502	NA
LOC123386257	1.8857852105511157	NA
LOC123386258	2.5081473343722824	NA
LOC123386262	1.9455209049060493	NA
LOC123386263	1.919140312097616	NA
LOC123386264	1.7871251112558486	NA
LOC123386266	2.2207409774009976	NA
LOC123386272	1.8656819039050818	NA
LOC123386273	2.3385523057817466	NA
LOC123386275	2.372216590049352	NA
LOC123386299	2.41383699038119	NA
LOC123386300	2.267288070313116	NA
LOC123386301	2.226427028098531	NA
LOC123386302	2.072286176958034	NA
LOC123386303	2.1580804901471455	NA
LOC123386305	2.1193593453811697	NA
LOC123386306	2.537732609231387	NA
LOC123386307	2.1836008830881113	NA
LOC123386308	2.4119235553428484	NA
LOC123386310	2.1767923035414003	NA
LOC123386311	2.761126182034058	NA
LOC123386312	1.7232569769855108	NA
LOC123386313	1.922675279696809	NA
LOC123386406	0.34380024772176127	NA
LOC123386447	0.3518109086112548	NA
LOC123386486	0.9669153563219084	NA
LOC123386489	1.601817270859647	NA
LOC123386566	0.7595443779584622	NA
LOC123386567	1.122627266676434	NA
LOC123386586	0.42465018275621114	NA
LOC123386601	0.5140065827623583	NA
LOC123386606	0.4882350815034094	NA
LOC123386614	0.3180570227055996	NA
LOC123386621	0.8960524209703723	NA
LOC123386739	0.7604791015370232	NA
LOC123386744	1.260359687385439	NA
LOC123386746	0.27389540411323055	NA
LOC123386770	0.601747916230197	NA
LOC123386774	0.2990695761592644	NA
LOC123386775	0.5350015807747356	NA
LOC123386865	1.8007669276763343	NA
LOC768284	0.2872521554645048	NA
LONP1	0.33352465496914296	0.12301380876375755
LONP2	1.161386938883884	0.1458879446925766
LONRF1	0.24826840355301116	0.29364505312543815
LONRF3	0.4753650808989416	0.386893104817075
LOX	0.9606598752684541	0.24504194780488633
LOXL1	0.7146260386996093	0.0999703488361333
LOXL2	0.9360736489985244	0.18178976299266014
LOXL3	0.7384088270690303	0.048026008392562054
LOXL4	1.1821132604458964	0.13748324547743818
LPAR1	1.1057377410251596	0.14629157851559657
LPAR2	0.7454015602698926	0.2575314829541174
LPAR3	NA	0.1450995082083671
LPAR5	1.1958114349285853	NA
LPAR6	0.7221731033350518	0.17392341806966907
LPCAT1	0.6952773550477375	0.14518107478173375
LPCAT2	1.0354106490501624	0.11917919943936445
LPCAT3	0.23892550384429762	0.15834270575816356
LPCAT4	0.43206976199547953	0.22783170072754358
LPGAT1	0.8674561335306386	0.12820044636310982
LPIN1	0.3252078049767134	0.35104650394301706
LPIN2	0.2738752701508008	0.14143703775272587
LPIN3	0.3864303840922554	0.146058380032391
LPL	0.5039033856760261	1.0924117346973994
LPO	NA	0.1111947326815873
LPP	NA	0.1274375316909505
LPXN	1.0610459542445638	0.11775724967683893
LRAT	1.2737145576355309	NA
LRATD1	0.5404704050402152	0.1950614847348294
LRATD2	NA	0.09865867754335822
LRBA	0.3663387083232168	0.19280319209673208
LRCH1	0.21092949953922424	0.11013546268689776
LRCH2	0.4904881566303423	NA
LRCH3	0.29517970786825715	0.05958674820244552
LRCH4	0.3974241992425798	0.17770382800000015
LRFN1	0.3989802302337191	NA
LRFN3	0.18956005191088576	0.07980067116321736
LRFN4	0.530267308165229	0.14201379160875083
LRFN5	1.3231729714880145	NA
LRG1	2.690121771355696	0.22638061774044108
LRGUK	0.9040457789559067	NA
LRIF1	0.44569521490420116	0.08200150666517299
LRIG1	0.5254749935516806	0.09307326186531692
LRIG2	0.20778963970439604	0.09948786457257511
LRIG3	0.5957923340881244	0.1449901011704943
LRMDA	0.8997746658179879	0.0936795694915473
LRMP	NA	0.060219316185974675
LRP1	0.7611146628902895	0.13294881925978103
LRP10	0.15890218737361997	0.10037992825455729
LRP11	0.4038003170092451	0.14340126620400345
LRP12	0.3542282102231745	0.17283794704191696
LRP2	0.7757195147039034	0.15685754797939355
LRP2BP	0.734677466970616	NA
LRP3	0.7040237135131937	0.07414364217950302
LRP4	0.5817590083199061	0.1429690008456314
LRP5	0.1812464159022451	0.17195805993442287
LRP6	0.24500808729492088	0.16175585596190115
LRP8	0.7051319156072707	NA
LRPAP1	0.36340252188830163	0.11000864330967934
LRPPRC	0.5249175113108259	0.11485740093619001
LRRC1	0.45220782404046617	0.12080352591887894
LRRC10B	1.0092744044835584	NA
LRRC14	0.1974046720286876	0.064555947409993
LRRC17	0.5963798890820086	NA
LRRC19	0.9147186692293743	0.15425122127445937
LRRC20	NA	0.16350947356516501
LRRC23	0.5768929457754256	NA
LRRC24	0.3891469167558992	0.28457180760435014
LRRC25	0.6499746083580129	0.03294536170151612
LRRC26	NA	0.34162234462747276
LRRC27	0.5313121184686842	NA
LRRC28	0.17108280623600963	0.09271079200507025
LRRC3	0.8917134767130436	0.16041914476961364
LRRC31	1.2140949206160574	0.10334206072248092
LRRC32	0.3365420120871762	0.24430785541129274
LRRC38	0.787256677745432	NA
LRRC40	0.2557836871255239	0.17614918333479082
LRRC41	0.1939810316022979	0.104878661000959
LRRC42	0.16372286248530815	0.09107968982514981
LRRC43	0.8547064870576291	NA
LRRC45	0.3397862073818565	0.1421826553760911
LRRC46	0.5548913888087267	0.15038296064337955
LRRC47	0.30788505749808576	0.1440510690022241
LRRC49	0.5579915437496944	0.06455303889101814
LRRC4B	1.3185363658209777	NA
LRRC4C	0.6593747205930319	NA
LRRC51	0.6844252358834658	0.18700836519356012
LRRC52	NA	0.3637305259695394
LRRC56	0.3273101344981002	NA
LRRC57	0.2835861920738329	0.07695734263586136
LRRC58	0.4856945833241609	0.1549804717412385
LRRC59	0.3717698093250327	0.10382162531324722
LRRC61	0.4460241683048779	0.16501163203382874
LRRC66	0.5847849001809613	0.25972180708249887
LRRC70	NA	0.13912023525472486
LRRC71	1.2611410774611385	NA
LRRC73	0.4271986966895338	NA
LRRC74A	0.6098333786359942	NA
LRRC75A	0.7974712527162447	0.2013631069942519
LRRC75B	0.7273941999170831	0.20972652271456144
LRRC8A	0.21972504232076484	0.15236752980943866
LRRC8B	0.513965829792897	0.2677841270267664
LRRC8C	0.45121680582890566	0.1022462200069055
LRRC8D	0.44774285271119435	0.18500145848839752
LRRC8E	0.5416309015719409	NA
LRRCC1	0.7021076223206022	0.11766884116452735
LRRFIP1	0.3399645910590141	0.179470763816352
LRRFIP2	0.13081201144462687	0.04894611700335659
LRRIQ1	1.5004292156516512	NA
LRRK1	0.33762450045756026	0.08936740772525859
LRRK2	0.5152830441421472	0.11608395933781408
LRRN1	1.10954972363199	0.1219457730375254
LRRN2	1.1302934481263274	NA
LRRN3	1.6065971277202507	NA
LRRN4	1.2426753970996967	NA
LRRN4CL	1.3843456907464993	NA
LRSAM1	0.2304956422030991	0.0779582732344954
LRWD1	0.1467980314454281	0.0921214846319924
LSAMP	0.8117250532867534	NA
LSG1	0.170136636852349	0.1301196068769728
LSM1	0.29882209348179306	0.15603232460287675
LSM10	0.3734610937387024	0.13745578125026503
LSM11	0.37519884360270733	0.07515269916052562
LSM12	0.3231132582636592	0.23796192285430817
LSM14A	0.1652923526185926	0.05915475586128101
LSM14B	0.13278588660783305	0.1033532887142484
LSM2	0.16044636872734144	0.22358615677633983
LSM3	0.6468740938327794	0.09635739527562111
LSM4	0.224009425775041	0.13074536429738498
LSM5	0.19702950207080258	0.5025786880090722
LSM6	0.16802151231649906	0.09695829338251799
LSM7	0.42274024315473246	0.13576946248422067
LSM8	0.20007832100181816	0.18550840130688712
LSMEM2	0.6295962132384267	0.14173856852408917
LSP1	1.12018855038617	0.10723825963583578
LSR	0.34684088257156587	0.07106328950413683
LSS	NA	0.086717088419805
LST1	NA	0.2388490733022632
LTA4H	0.31736633178215146	0.06874224455083143
LTAP1	NA	0.06175357495535562
LTB	2.217759883160068	0.20461453439224542
LTB4R	0.9251555204985612	NA
LTB4R1	NA	0.07275341842012245
LTBP1	0.6596118411348874	0.18222591111315606
LTBP2	1.2259218466976973	0.13463842869451928
LTBP3	0.6797899522056483	0.10681515333257487
LTBP4	0.9629724613921811	0.223025828704754
LTBR	0.16539309389423265	0.08351650721827664
LTC4S	0.9091878161987254	0.40551861019730917
LTF	2.4126677881627216	0.034838429508247705
LTN1	0.3222310530721321	0.040823448186218185
LTO1	0.36437060889322054	0.06281992226095606
LTV1	0.21504966985721669	0.08471151158799854
LUC7L	0.360604240506269	0.23435972255345036
LUC7L2	NA	0.05565531778372388
LUC7L3	0.3072304897789809	0.1317735599444973
LUM	1.4038494995272663	0.2237417354857939
LURAP1	0.5090342000008733	0.17352737652365513
LURAP1L	0.6942748471569093	0.19622134265483498
LUZP1	0.21738141161983396	0.1837410662750642
LUZP2	1.2485817665469832	NA
LXN	0.6350518007794155	0.13550265176596646
LY6A	NA	0.3607968194392754
LY6A2	NA	0.1713355209448942
LY6C1	NA	0.27115055740961136
LY6C2	NA	0.3784935517270863
LY6D	1.024005028993305	1.7912637858035627
LY6E	0.4466938457607261	0.7136242448602159
LY6G2	NA	0.19445409997566795
LY6G5B	0.37327887077190425	NA
LY6G6D	NA	0.16239996131574813
LY6G6G	NA	0.33486601989015524
LY6I	NA	2.9268729068064325
LY75	0.35732897890173176	0.04981831955446543
LY86	1.245608836528342	0.15171868015417073
LY9	1.5630632279373964	0.11206125355604175
LY96	0.6086136993783334	0.15791328778680794
LYAR	0.3235457599400834	0.06882304583213618
LYL1	0.9550092185063739	0.1280252010455395
LYN	0.32656942550057566	0.06194517610674054
LYNX1	NA	0.07682796402491333
LYPD2	NA	0.4132561148763782
LYPD3	0.4305195139380476	0.0938413205157105
LYPD6	0.7749738039857522	0.14147247595347986
LYPD6B	0.4355703616807462	0.10768596894752214
LYPLA1	0.5624907670134902	0.08998732977668282
LYPLA2	0.15459662959718296	0.17966774773940056
LYPLAL1	0.47881637897292006	0.17095245676339316
LYRM1	0.2762876417651543	NA
LYRM2	NA	0.09947907033373748
LYRM4	0.19308691527761548	0.20753041308059592
LYRM7	0.5322085662226347	NA
LYRM9	0.2717149020700529	0.09180395720649552
LYSMD1	0.2743737325589119	0.16533434596707128
LYSMD2	NA	0.27309358387490074
LYSMD3	0.25422563687590455	0.1300823910634654
LYSMD4	0.1854692829793064	0.07655438845660927
LYST	0.3015180445801468	0.09418719373818002
LYVE1	0.7481959975503297	NA
LYZ1	NA	0.7548585240414162
LYZ2	NA	0.36833183720303075
LYZL6	0.8002087186436263	NA
LZIC	0.24371511833661313	0.09067642939436545
LZTFL1	0.35725666383568316	0.04472337356886818
LZTR1	0.2916604777041414	0.025453618613919808
LZTS1	0.8430742488605676	NA
LZTS2	0.26255294793033457	0.05619379059480473
LZTS3	0.3483156092011195	0.0705808160615013
M6PR	0.21210526238313077	0.044831674650863844
MAB21L3	0.9017114855126026	0.12709521647693128
MAB21L4	0.7900971376932819	0.1409744978291545
MACC1	0.7940879003741065	NA
MACF1	0.30967737045274357	0.16537205093170435
MACIR	0.42103156674460057	0.0849711295249509
MACO1	0.2686286174845731	0.12780579883022514
MACROD1	0.7912925429673368	0.17493128490156523
MACROD2	NA	0.10774819638013407
MACROH2A1	0.1233034140149002	0.05114962263336163
MACROH2A2	NA	0.22739578922937784
MAD1L1	0.23630390572235205	0.08472502695257088
MAD2L1	0.44746980792319635	0.08169626621329124
MAD2L1BP	NA	0.13076564649948938
MAD2L2	0.16637341751941517	0.23551959810512413
MADCAM1	2.235535778929726	NA
MADD	0.2333595414399214	0.11269871517349858
MAEA	0.22233691584570525	0.06849655827622927
MAF	0.6186358970783464	0.12996861007148158
MAF1	0.207313100023971	0.1788480980472585
MAFB	0.3161188740963174	0.21326285532094363
MAFF	NA	0.14605868644439712
MAFG	0.7623741012286199	0.055907093183485815
MAFK	0.37670002522951285	0.14870552244826873
MAG	1.6049300081191078	NA
MAGED1	0.2892158504276958	0.07839321177256055
MAGED2	0.22884594842472777	0.1615965842086946
MAGEE1	NA	0.06237291379851372
MAGEF1	0.20962562264938	0.16933717976021714
MAGEH1	0.30014213002897805	0.20292704235454978
MAGI1	0.3894805486457134	0.08222805017080023
MAGI2	0.719604029114012	NA
MAGI3	0.21407252679123023	0.2574702639864671
MAGIX	0.2670029842428044	0.11679561734377505
MAGOH	0.145223147013768	0.23935668085987244
MAGOHB	0.16587845283126645	0.20994096854506464
MAGT1	0.27907878366199934	0.1280048960532363
MAIP1	0.3491416159793724	0.09794646887059087
MAK	1.1445227958463522	NA
MAK16	0.19620474999603038	0.13253539685504254
MAL	0.4203687876308059	0.14124525657713535
MAL2	0.4318570369397187	0.15144929822947326
MALAT1	NA	0.31155125628645036
MALL	0.48158046665459747	0.17490012838920985
MALRD1	1.124016462300189	0.17985527748207766
MALSU1	0.35300863553757306	0.12055433234942928
MALT1	0.3899895017510755	0.10920018626832187
MAMDC2	0.8787454249597957	NA
MAMDC4	0.9039040663032736	0.14108295330789689
MAML1	0.2270014350434395	0.12790476382687416
MAML2	0.2851067216501599	0.16485729272962632
MAML3	0.35909976465677973	0.19065983638325673
MAMLD1	0.5379078840018862	NA
MAMSTR	0.6275238827985052	NA
MAN1A1	0.3703257847948155	0.044934464828748896
MAN1A2	0.2946590207121391	0.09053267446005
MAN1B1	NA	0.0826255458656297
MAN1C1	0.4983700277521484	0.072486553272216
MAN2A1	0.32050012803863737	0.09970905903457203
MAN2A2	0.15551493779354242	0.09152448748142071
MAN2B1	0.26753556717331994	0.12070769034680078
MAN2B2	NA	0.04263101759063328
MAN2C1	0.20988735621271962	0.07227713196288489
MANBA	0.42502143402042664	0.10131186618541185
MANBAL	0.16960097633629756	0.17103019582767845
MANEA	0.4201347071108939	0.15448070894986277
MANEAL	0.2980530078031998	NA
MANF	NA	0.720413637698077
MANSC1	0.18667791779011308	0.1254280123546071
MANSC4	NA	0.12270603532524368
MAOA	0.8740941978137081	0.1712436362421978
MAOB	1.1054434454634543	0.6120501990680882
MAP10	0.22910696942372585	0.225043234572461
MAP11	NA	0.13284647451311007
MAP1A	0.846828134855244	NA
MAP1B	0.8417680152983559	0.06631432171762815
MAP1LC3A	0.2318017588278909	0.1982632018181815
MAP1LC3B	0.3316603788556802	0.05493143013512395
MAP1S	0.16183158504525794	0.0372531418716086
MAP2	0.39215028522739853	NA
MAP2K1	0.18737727749934482	0.12143223742194774
MAP2K2	0.2439480065142777	0.05414592800369218
MAP2K3	0.18398349019961385	0.17259040233299458
MAP2K3OS	NA	0.31082470298184833
MAP2K4	0.24947636431521314	0.04766471033283805
MAP2K5	0.21697521907230735	0.06234698786255026
MAP2K6	0.7245249035491522	0.09630813866324367
MAP2K7	0.19216448232755626	0.09342326707752929
MAP3K1	0.4527313452698784	0.09132073888830837
MAP3K10	0.21682249042759086	0.18330542586195198
MAP3K11	0.20853441439825396	0.015013253713700868
MAP3K12	0.5132906538886177	0.07280085766938367
MAP3K13	0.4104601999354156	0.07120242752677178
MAP3K14	0.37616020076946743	0.07715267779214505
MAP3K15	0.7919178398683424	0.1328057835704324
MAP3K2	0.35150988975587655	0.07578464186359819
MAP3K20	0.20749931547474113	0.14922191723388073
MAP3K21	0.34186881543552206	0.0652470102354543
MAP3K3	0.20797035577121412	0.0790001787778167
MAP3K4	0.1369287902987027	0.08692877513970854
MAP3K5	0.34658407503772887	0.26207639879330147
MAP3K6	0.31424791645378153	0.24829732165485335
MAP3K7	0.24634394866771867	0.10303044627563014
MAP3K7CL	0.7684232732224292	0.19786571359087493
MAP3K8	0.5760665509700801	0.05873147893308018
MAP3K9	0.22884802242782498	0.09876637392543544
MAP4	0.1509088020697465	0.04738166400587631
MAP4K1	1.3029498034264009	0.10552310444658544
MAP4K2	0.5090119762874847	0.14048503607201762
MAP4K3	0.364087211285338	0.014005599928097434
MAP4K4	0.2420077719398267	0.12121166021324106
MAP4K5	0.28047630855038996	0.09748498952533065
MAP6	0.7290432641684175	NA
MAP6D1	0.6170687393711745	NA
MAP7	0.5809852795536166	0.13841636669899676
MAP7D1	0.4046258845361482	0.06396602102489429
MAP7D2	0.9430828740567578	NA
MAP7D3	0.5837660027735516	NA
MAP9	0.451177874470067	0.1318888243802483
MAPDA	0.3295889359154985	0.12519394216193416
MAPK1	0.25399988460218303	0.0614504289423916
MAPK10	0.5187501155776244	NA
MAPK11	0.25151124738075364	0.11355957011982683
MAPK12	0.4603092632540784	0.18354868036135083
MAPK13	0.587433326565686	0.1964840279438397
MAPK14	0.16703350041967704	0.23200343540463855
MAPK15	0.6588209181187891	0.2426898337482979
MAPK1IP1	NA	0.14660626093498058
MAPK1IP1L	0.18253927383809476	0.05514389287422019
MAPK3	0.4238804028006256	0.10499773468524237
MAPK4	1.1278851056112986	0.0925009211178609
MAPK6	0.4421743622922984	0.10417821180855753
MAPK7	0.1399387604812747	0.1107482609792169
MAPK8	0.2732400050198986	0.07829661937319776
MAPK8IP1	0.4371598588283261	0.08446223418911644
MAPK8IP2	0.4773184898832064	NA
MAPK8IP3	0.33379007108170095	0.12087820112967826
MAPK9	0.2330896603971182	0.14132715462564838
MAPKAP1	0.19458653318529717	0.06202523720650209
MAPKAPK2	0.22609132341511823	0.07909403210092866
MAPKAPK3	0.17781345361038564	0.14428634153477304
MAPKAPK5	0.21068859423905922	0.06873899846716652
MAPKBP1	0.1793737765080424	0.0455937354694046
MAPRE1	0.1410800264813254	0.02715936619249984
MAPRE2	0.1970640691002154	0.08093526215944839
MAPRE3	0.19821213794312606	0.11215680447729982
MAPT	0.8278298313325001	0.0679018784639475
MARCHF1	1.0516568753002538	0.04378541564927255
MARCHF2	0.2221931294066691	0.03427067646524036
MARCHF3	0.5740015753893176	NA
MARCHF5	0.16048132398094753	0.0300795897404525
MARCHF6	0.32411115524292317	0.15681523511408346
MARCHF7	0.26030029500081237	0.24562479805819798
MARCHF8	0.17712641370798396	0.06066942815345116
MARCHF9	0.2974029045551672	0.1554385356510073
MARCKS	0.694645102234821	0.3273567157793929
MARCKSL1	1.0449137864310045	0.2722612389382721
MARCKSL1-PS4	NA	0.16808743467743498
MARF1	0.1810051102568634	0.05475429640141869
MARK1	0.22080410555242147	0.10309528282534605
MARK2	0.13882303036507032	0.12336098858608516
MARK3	0.07295175103288322	0.09927087673593832
MARK4	0.23826796698616776	0.09896356391274742
MARS1	0.19992492825330282	0.0839306464424375
MARS2	0.5370403858864696	0.07655153509201014
MARVELD1	0.5828802466021312	0.19090065063947798
MARVELD2	0.5123862832836595	0.14663828164419668
MARVELD3	0.4990587839534207	0.13033219221881695
MASKBP3	NA	0.09432743260541968
MASP1	1.2425682915410017	NA
MASP2	2.9882772662635246	NA
MAST1	0.7582024704469286	NA
MAST2	0.3767487208966789	0.10265255495709037
MAST3	0.4437005650001431	0.11150278795037612
MAST4	0.3094678847988236	0.058105365659804814
MASTL	NA	0.06512179550111744
MAT1A	1.8873839552117757	NA
MAT2A	0.3714664358922646	0.16635099181548643
MAT2B	0.1488017620526476	0.10418198983637744
MATCAP1	0.3356985996172273	NA
MATK	1.7259470812723605	NA
MATN1	2.8826321715502496	NA
MATN2	0.9038891796722341	0.1411185328136196
MATN4	1.4519243279965617	NA
MATR3	0.05035933589932016	0.12238236604393776
MAU2	0.1705618133092868	0.08709529809210786
MAVS	0.16831622229991078	0.0417287408788061
MAX	0.18696104610811354	0.17166947650081443
MAZ	0.28058484155115093	0.18995803145075366
MB21D2	0.23423241763200095	0.1022718977791394
MBD1	0.21495518724409282	0.03508081202447694
MBD2	0.1456892228821813	0.11774946684024949
MBD3	0.18158174061256643	0.12142912787270471
MBD4	0.34770229003939945	NA
MBD5	0.19079565192712883	NA
MBD6	0.2966144761312087	0.0969639361597237
MBIP	0.21753235300851945	0.20058829359857028
MBL1	NA	0.153495820814376
MBL2	0.815881502333363	NA
MBLAC1	0.2871598714263751	0.20464336134078906
MBLAC2	0.365595098921453	0.17103055263247052
MBNL1	0.29580620392181217	0.08366428358864199
MBNL2	0.2361962970229959	0.0983001569816078
MBNL3	0.4383639091820641	NA
MBOAT1	0.38579768671099335	0.23620201679341662
MBOAT2	0.551126315770019	0.1276120066513011
MBOAT7	0.2800346865570403	0.09235311234932743
MBP	0.21048140477295196	0.09440190413763529
MBTD1	0.13566515275160018	0.11433434630636227
MBTPS1	0.21026921248823727	0.09137591545463028
MBTPS2	0.19186717405595488	0.09720565518887313
MC2R	NA	0.04471347521746555
MCAM	0.5840534619131525	0.15474449007134888
MCAT	0.3779882620738556	0.09366861248166984
MCC	0.3266999413164145	NA
MCCC1	0.5807697474999303	0.09246492114547124
MCCC2	0.7498740019539912	0.11121135405073095
MCCD1	0.8764724488439108	NA
MCEE	0.45187409307801846	0.14881144509462813
MCEMP1	1.321949099778965	0.11639825264999001
MCF2	0.9638953486322508	NA
MCF2L	0.22815862903687234	0.08318303986713037
MCF2L2	0.5237029908055669	NA
MCFD2	0.2468654126359286	0.07817097703727713
MCHR1	NA	0.30350657042887413
MCL1	0.4688109082331507	0.12560061916637388
MCM10	0.9698976258369378	NA
MCM2	0.48342289730176413	0.09407494401583523
MCM3	0.6115115423358505	0.10473673892109464
MCM3AP	0.17696350844234748	0.1463745520987805
MCM4	0.5746976868387736	0.0929297929363714
MCM5	0.3895083775791458	0.2462807837695076
MCM6	0.7018318963803151	0.10608062612224445
MCM7	0.29841531289504303	0.10380352156798633
MCM8	0.5281259356490899	0.10968153140291968
MCM9	0.26367647691710827	0.05109048630852418
MCMBP	0.12090218407562564	0.06161793359262442
MCOLN1	0.250032005919307	0.07817495496373064
MCOLN2	1.051609895557335	NA
MCOLN3	0.8145229629559345	0.25093439665916834
MCP-1	1.2636229368952674	NA
MCPH1	0.47345593578952605	0.15609740181223722
MCRIP1	0.23402448254431307	0.10446390524067353
MCRIP2	1.0086484854950666	0.2115993583351443
MCRS1	0.16820509512060944	0.17994781649288402
MCTP1	0.5125181868767558	NA
MCTP2	0.5800916082905252	NA
MCTS1	NA	0.1069268181678433
MCTS2	0.22498520913172523	0.09237792048337443
MCU	0.394805391690475	0.12064701595917204
MCUB	0.7006587259125557	0.21149820519211618
MCUR1	0.31920636472494096	0.15866190030614583
MDC1	0.3902436795539508	0.12930701585465587
MDFI	NA	0.2036455575954381
MDFIC	0.4636455279652358	0.15603970500918268
MDGA1	0.7037889857736955	NA
MDGA2	0.768191752805479	NA
MDH1	0.5392808409790112	0.08506057500968003
MDH1B	0.5192447107638323	NA
MDH2	0.4435054407633861	0.06612885406747743
MDK	1.1672548953508954	0.06158902469845512
MDM1	0.42057883410392805	0.14837583672405696
MDM2	0.23981983341038138	0.03641659317918066
MDM4	0.28584504618025075	0.07754484920337042
MDN1	0.21934252611939667	0.06782871804066253
MDP1	0.3214224766034423	0.02727514424056498
ME1	0.5887326846452174	0.21670820934141358
ME2	0.32032500571051264	0.10854182218960925
ME3	0.4362567770799216	0.06892732980449706
MEA1	0.2589567767457365	0.08618417112888266
MEAF6	0.18174984406779	0.07868504888707913
MEAK7	0.26764444802483917	0.11353319275993926
MECOM	0.4052776088930378	0.08522145031800116
MECP2	0.1882951403362044	0.09447013045255077
MECR	0.6483089866110353	0.08772538115686682
MED1	0.2176150223943999	0.09126220881795846
MED10	0.1937916751889352	0.07612586274014276
MED11	0.32914918923673636	0.10016177974895073
MED12	0.23852687098163547	0.10202900892458232
MED12L	0.7359617002112204	NA
MED13	0.28369234768758816	0.1303245549955707
MED13L	0.25280692744953814	0.028466283645219234
MED14	0.28633844034580014	0.15034888440049904
MED15	NA	0.0763253717884527
MED16	0.09833092145830623	0.1523075347935582
MED17	0.3220934705923067	0.133627552174497
MED18	NA	0.08200796862619067
MED19	0.18257743389316414	0.12652550709421395
MED20	0.10999214251536066	0.10076039194365995
MED21	0.17753053103514313	0.17813211834909298
MED22	0.1519740225369833	0.10021922310659466
MED23	0.25505865572726494	0.05916384748705313
MED24	0.18333237186178608	0.0914550908494926
MED25	0.1630369881508807	0.06527358792462952
MED26	0.149897101132446	0.11186056003822697
MED27	0.13793035445034876	0.0990636874514241
MED28	0.20885423079598706	0.10990435681030906
MED29	0.24193028813190268	0.12150542529991654
MED30	0.2938386590417228	0.17927578624767657
MED31	0.34672846775323474	0.22825463183224073
MED4	0.0863609147103841	0.09804753503291493
MED6	0.1799954801716096	0.09926040409019553
MED7	0.2246693146223203	0.07962585968166895
MED8	0.21047037087510403	0.13013955854267956
MED9	0.261671461703522	0.11042062261987232
MED9OS	NA	0.28760197157566186
MEDAG	0.9511129519529401	0.10266042224589082
MEF2A	0.20955864173308958	0.04766364737989478
MEF2B	0.9052184762148762	0.11949740325380291
MEF2C	0.697431475170569	0.09367293470519703
MEF2D	0.19275189172296214	0.06483506205453195
MEFV	1.0395184574618763	NA
MEGF10	0.663090187401393	NA
MEGF6	0.9778017163525466	NA
MEGF8	0.47207607443514954	0.17181185216263184
MEGF9	0.5237575471584445	0.19092852033983376
MEIOB	0.773759612555105	NA
MEIS1	0.7652874424514545	NA
MEIS2	0.5246668587502312	0.07230707910530858
MEIS3	NA	0.10007379961085693
MELK	1.3037194688256388	0.14231992004280372
MELTF	0.5619742785752652	0.09389691536644368
MEMO1	0.2058906552597148	0.07379209877188735
MEN1	0.22712637997425358	0.12766379998350763
MEOX1	NA	0.13699361038881994
MEP1A	NA	0.10897926580081531
MEP1B	NA	0.1889654807185316
MEPCE	0.21691276050220432	0.18168433807084397
MERTK	0.4304479816205201	0.2059899189288263
MESD	0.19803806351685152	0.06777155864458059
MEST	0.9374002576168075	NA
MET	0.7172878518126924	0.2223367016906312
METAP1	0.19797735109259687	0.04165873048790914
METAP1D	0.2903682020722567	0.11685841157550106
METAP2	0.2084595359743028	0.06415439029718756
METAZOA_SRP	NA	0.9347831112206573
METHIG1	NA	0.1116210720911826
METRN	0.9888198873248294	0.1987999074565284
METRNL	0.27344235941795203	0.20562020240638254
METTL1	0.5219074973529673	0.2378491230690145
METTL13	0.23934067879574505	NA
METTL14	0.18962076341387454	0.09962314528004526
METTL15	0.3873098088603864	0.24397988342240767
METTL16	0.16789818427133582	0.1294221452250101
METTL17	0.17189834085383526	0.12596800584454626
METTL18	0.17509404926018357	0.08605082225905622
METTL2	NA	0.07421143640382998
METTL21A	0.2576329611427674	0.18353261504177665
METTL22	0.22958957153573722	NA
METTL23	0.49670397813422323	0.10331878708028074
METTL24	0.513214741634004	0.11497210503462771
METTL25	0.32856106641265664	0.10310471209494164
METTL25B	0.319415154827911	NA
METTL26	0.30297118351789804	0.12603243201171227
METTL27	0.9181249484578515	0.19372045851797784
METTL2A	0.17732835565446678	NA
METTL3	0.28615057736406074	0.1410711402484523
METTL4	NA	0.1365836778477283
METTL5	0.17070523580293787	0.1398771438999706
METTL6	0.20091119297240698	0.08447008755006685
METTL7A1	NA	0.07670956115979881
METTL7A2	NA	0.21340013195675447
METTL7A3	NA	0.15020501164433933
METTL7B	NA	0.30140777800095586
METTL8	0.8188215859874768	0.0741415189190804
METTL9	0.3671057496059901	0.06000971168143604
MEX3A	NA	0.08462228043828793
MEX3B	0.29963883606376257	0.07641565587874713
MEX3C	0.17404701099906955	0.11734668085820321
MEX3D	0.22249452324450172	0.1637740916912303
MFAP1	0.12108613438117614	NA
MFAP1A	NA	0.1256891024539736
MFAP1B	NA	0.13045796548882205
MFAP2	0.5177518039052625	0.24396709269886385
MFAP3	0.278408090698008	0.04029368702571906
MFAP3L	0.7426735198827145	0.06526487792538964
MFAP4	1.539592906880535	0.1291925516102066
MFAP5	NA	0.12731939031286424
MFF	0.44026087665313185	0.08484042052330404
MFGE8	0.3959457576056681	0.19732743812192077
MFHAS1	0.34078213102805127	0.05505896274556607
MFN1	0.21192482847078717	0.10693045904438678
MFN2	0.21904315424032342	0.1163995578291638
MFNG	NA	0.09119278840998621
MFRP	1.1390242019763301	0.08463448985876924
MFSD1	0.47909144937829784	0.09598492087884038
MFSD10	0.4361331678965924	NA
MFSD11	0.23348830653285016	0.04601564124199612
MFSD12	0.8750794869356779	0.1264548704716597
MFSD14A	0.24895712009930746	NA
MFSD2A	1.0556125411944135	0.9168396021481366
MFSD2B	0.45392841573411263	NA
MFSD4B1	NA	0.09842878874055372
MFSD4B3-PS	NA	0.08553458301474871
MFSD4B4	NA	0.27802412767294493
MFSD4B5	NA	0.21055355438698853
MFSD5	0.16149622072143957	NA
MFSD6	0.3548932185805486	0.09535896672772291
MFSD6L	0.5654267526529292	0.19549220329264672
MFSD8	0.27103237492839166	NA
MGA	0.19335151274840845	0.10172664448557149
MGAM	1.127519684007751	0.1584430737500652
MGARP	0.22867845130629474	0.035419784449642305
MGAT1	0.16330244639682487	0.04215391634530552
MGAT2	0.18184510499165027	0.08943796936262197
MGAT3	0.44943280280906134	0.24786375906610442
MGAT4A	0.654471364629143	0.15352637773375405
MGAT4B	0.3852635926706548	0.0746669230948592
MGAT5	0.35117954421167036	0.23474864255452443
MGAT5B	0.6681442560476427	NA
MGL2	NA	0.18776089914765995
MGLL	0.5393424166332204	0.2646504042577562
MGME1	0.23746563597538806	0.3431286130220435
MGMT	0.2420460929522939	0.11178734110680301
MGP	NA	0.07255501301387088
MGRN1	0.16265664098643925	0.07827712948186169
MGST1	0.8255972091928836	0.19689498313176612
MGST2	0.49494491149869896	NA
MGST3	0.5868802960934949	0.18518843747629282
MIA2	0.3924544836843704	0.143408070850619
MIA3	0.14434873629588035	0.13401806175471698
MIB1	0.21001597655364312	0.08679977389140964
MIB2	0.3102323588672809	0.0645120359914938
MICAL1	0.5974682302812285	0.11548656984666374
MICAL2	0.27370359384907333	0.03417872760033754
MICAL3	0.22223531826849818	0.04385503968897484
MICALL1	0.28247617592654156	0.13866462063445217
MICALL2	0.9529058837914126	0.10163683362992335
MICOS10	0.32034276975343157	0.033810192287052294
MICOS13	0.32540509536439827	0.13237699364505354
MICU1	0.3252091693078575	0.07530589880696648
MICU2	0.3744919096158924	0.09338490120683655
MICU3	0.45354570738903555	0.13663061600519869
MID1	0.28995053296748874	0.20765443075939882
MID1-PS1	NA	0.21147774350051854
MID1IP1	0.5143354233144236	0.16185941944878812
MID2	0.3014053498382533	0.11872701516850441
MIDEAS	0.31465650063027417	0.11046411725837892
MIDN	0.43606886481361085	0.21026945731046934
MIEF1	0.12260556789273333	0.0381081187416294
MIEF2	0.208539276400879	0.12687896347766514
MIEN1	0.3814558868243204	0.21094646918623067
MIER1	0.21846229469822542	0.11322375019303905
MIER2	0.2933459064637677	0.09940167511370207
MIER3	0.15154773343713554	0.09471404700942786
MIF	0.3190438149429349	0.23780302439682663
MIF-PS4	NA	0.8153299041673555
MIF4GD	0.2974385478570741	0.10547488499432796
MIGA1	0.3158371032984247	0.07937496555426495
MIGA2	0.27274937884469413	0.2514522640082545
MIIP	0.4105680058330285	0.09896902369125361
MILL2	NA	0.10690301581651962
MILR1	1.1108841674267178	0.09388422602480893
MINAR1	0.48349785534622286	NA
MINDY1	0.18053947169525197	0.19040584331246274
MINDY2	0.205201248614004	0.10303274738125398
MINDY3	0.2355677648945332	0.03577961245559254
MINDY4	0.2721486474311531	0.11036986803724584
MINK1	0.1627090002316763	0.16697804337842212
MINPP1	NA	0.1292769665145346
MIOS	0.18609548786869498	0.10353678485078555
MIOX	1.305660779851379	0.3310895026797318
MIPEP	0.5049785703996753	0.15349383010874465
MIPOL1	0.3274829328130517	0.11008413774090745
MIR101-1	NA	0.7788632374113919
MIR10A	NA	0.3780289136269214
MIR1199	NA	0.29040079637833094
MIR125B1	NA	0.41597920564824853
MIR126	NA	0.6535991157418897
MIR1282	NA	0.20862718867066773
MIR1291	NA	0.26905405897993984
MIR1306	NA	0.49020064586506173
MIR142	NA	0.24519113255336902
MIR142HG	NA	0.12903198099865648
MIR145	NA	0.5300026938974288
MIR147B	NA	0.2501273872197868
MIR16-1	NA	0.7804352776456518
MIR1668	NA	0.30003922777249914
MIR17HG	NA	0.19848768679756218
MIR1839	NA	0.34075194754316684
MIR186	NA	0.20784694966938272
MIR1892	NA	0.14725151760966998
MIR1893	NA	0.21699195681034256
MIR1898	NA	0.4959723725289637
MIR1901	NA	0.24405534915876126
MIR1902	NA	0.09106052434836145
MIR1903	NA	0.46905907849502104
MIR1905	NA	0.641517616300424
MIR1906-1	NA	0.33831116957692803
MIR1907	NA	1.0441861199617757
MIR1956	NA	0.2479013984676126
MIR1966	NA	0.2576227752383243
MIR1968	NA	0.9467304553190445
MIR196A-1	NA	0.08448065406052357
MIR1981	NA	0.4603040890298735
MIR1982	NA	0.4647172416154009
MIR207	NA	0.9983263107953741
MIR21	NA	0.2699739267250642
MIR2139	NA	0.43481289527312583
MIR22	NA	0.2124988815706058
MIR221	NA	0.1789078463649816
MIR223	NA	0.41602337847781373
MIR22HG	NA	0.20196945551684495
MIR23B	NA	0.5907450932273475
MIR24-1	NA	0.12435843275698623
MIR24-2	NA	0.24584645991534937
MIR26A2	NA	0.2930580160850689
MIR26B	NA	0.25227768872545187
MIR27B	NA	0.8176851774214561
MIR2861	NA	0.569742485553496
MIR29B2	NA	0.44688457427461115
MIR29C	NA	0.4326585228911127
MIR301	NA	0.6502718120233856
MIR3057	NA	0.18839563222663216
MIR3058	NA	0.6588792182586178
MIR3060	NA	0.7241089942962345
MIR3061	NA	0.25595750966222053
MIR3062	NA	0.6194159770779872
MIR3063	NA	0.9583157012420513
MIR3064	NA	0.16612396110509778
MIR3076	NA	0.22852403817062358
MIR3077	NA	0.9357226393088302
MIR3082	NA	0.253142934435669
MIR3091	NA	0.3378025045408265
MIR3097	NA	0.399553252201015
MIR3098	NA	0.2970387306944708
MIR3100	NA	1.305189504785591
MIR3101	NA	0.42107825468233107
MIR3102	NA	0.7045095436521862
MIR3103	NA	0.3671004725840218
MIR3113	NA	0.5990270519941786
MIR330	NA	1.274948315916887
MIR339	NA	0.45470759647306325
MIR343	NA	0.39591990370394226
MIR3474	NA	0.24074346114612855
MIR351	NA	0.23088685915602658
MIR3572	NA	0.25978076579541126
MIR378A	NA	0.6882423326276099
MIR3960	NA	0.33992572010257516
MIR421	NA	1.2804935912044466
MIR4657	NA	0.1721760414283206
MIR5046	NA	0.47351520258255814
MIR5101	NA	0.934193158666342
MIR5107	NA	0.29868517396129834
MIR5113	NA	0.3084638487037954
MIR5114	NA	0.23735828649745733
MIR5116	NA	0.11946021030995789
MIR5119	NA	0.47050149475857617
MIR5121	NA	0.15334261538540744
MIR5122	NA	0.2524098636665602
MIR5125	NA	0.5651169428305418
MIR5129	NA	0.31378290755074406
MIR5130	NA	0.3201776912233978
MIR5131	NA	0.8006550138360458
MIR5132	NA	0.4234617211322359
MIR5133	NA	0.4465780804000445
MIR5134	NA	0.6856642730696924
MIR5136	NA	0.44832508256510667
MIR546	NA	0.37475014418048813
MIR5620	NA	0.9013037736699402
MIR5625	NA	0.16883651604281466
MIR568	NA	0.2146406813607867
MIR6236	NA	0.4739656430150531
MIR6358	NA	0.021886665157655586
MIR6359	NA	0.6701818212541624
MIR6369	NA	0.428375033101729
MIR6418	NA	0.1993973640680143
MIR6537	NA	0.43609708456699603
MIR671	NA	0.3108811181890416
MIR677	NA	0.6177672823014609
MIR678	NA	0.18641780642948436
MIR682	NA	0.22504147990871945
MIR684-1	NA	1.4697211350752077
MIR686	NA	0.2504859720646475
MIR6901	NA	0.8149835674902329
MIR6902	NA	0.5791577799121493
MIR6903	NA	0.7918790741965503
MIR6904	NA	0.3654208657361816
MIR6905	NA	0.813079378525864
MIR6908	NA	0.9923961642662437
MIR6909	NA	1.048274941749341
MIR6911	NA	0.35855344747878104
MIR6912	NA	0.03265337589300157
MIR6913	NA	0.8867359660704757
MIR6914	NA	0.39466895049894857
MIR6916	NA	0.683077428616827
MIR6918	NA	0.7582860424131811
MIR6919	NA	1.011173549740663
MIR692-1	NA	0.43678344106126454
MIR692-3	NA	1.1951754232690395
MIR6921	NA	0.47659963728271865
MIR6925	NA	0.2336503958532682
MIR6930	NA	0.3991013735584957
MIR6935	NA	0.6877528047351869
MIR6936	NA	0.5650667974967595
MIR6939	NA	0.43817345479494174
MIR6941	NA	1.0463799873425808
MIR6942	NA	1.2668336478690203
MIR6943	NA	0.8888771752897041
MIR6944	NA	0.9285621428980224
MIR6946	NA	0.8026735603515929
MIR6947	NA	1.6919763524191787
MIR6948	NA	0.8513551856118203
MIR6950	NA	0.4418422807410415
MIR6953	NA	0.7136706956711538
MIR6954	NA	0.3295051854205932
MIR6955	NA	1.0887863891134417
MIR6956	NA	0.3703885543609134
MIR6958	NA	1.0247412705689651
MIR6966	NA	0.8169419102078135
MIR6971	NA	0.285275844611141
MIR6972	NA	0.57356792707586
MIR6973A	NA	0.678004990967818
MIR6973B	NA	0.6611421849216267
MIR6975	NA	0.9209759133706754
MIR6978	NA	0.7725665769256632
MIR698	NA	0.4646567834278847
MIR6981	NA	0.33151000631908545
MIR6984	NA	0.7492013647449397
MIR6986	NA	0.28642281816000925
MIR6989	NA	1.3284424928979657
MIR6990	NA	0.8948986762690083
MIR6991	NA	0.4733919090317802
MIR6992	NA	0.6426461594731114
MIR6993	NA	0.6700031737286298
MIR6997	NA	0.7945265463800313
MIR6998	NA	0.7509267132908198
MIR7-1	NA	0.5865091058123203
MIR700	NA	0.7760658294642433
MIR7001	NA	0.3764982392283088
MIR7005	NA	0.4015634374017122
MIR7009	NA	0.5332316083477895
MIR7010	NA	0.43201348553839763
MIR7013	NA	1.1262607346712934
MIR7016	NA	0.5260566997531861
MIR7019	NA	0.571062441616535
MIR702	NA	0.3162720035091689
MIR7020	NA	0.7291195699258999
MIR7024	NA	0.4375677819747795
MIR7025	NA	0.4994837391308785
MIR7026	NA	0.7817834636453513
MIR7027	NA	0.9078653989342601
MIR7028	NA	0.6834468557369997
MIR7029	NA	0.39999531876743755
MIR703	NA	0.7278654541250129
MIR7030	NA	0.8656708023976944
MIR7031	NA	0.5309246833142329
MIR7034	NA	1.0581094992091373
MIR7036	NA	0.7024383796238151
MIR704	NA	0.5819210872633609
MIR7042	NA	0.9452071896335237
MIR7045	NA	0.880166607994571
MIR7046	NA	0.7732538747598631
MIR7048	NA	0.7134716684304543
MIR7049	NA	1.1662444462425805
MIR705	NA	0.30565464068315285
MIR7050	NA	0.15113391388018646
MIR7051	NA	0.44179564775102514
MIR7052	NA	0.7215529524890272
MIR7058	NA	0.6495948196223988
MIR7059	NA	0.8319058012832259
MIR7061	NA	0.8234372294623487
MIR7062	NA	0.6115920396809219
MIR7065	NA	0.9484075056756156
MIR7067	NA	0.5518880880155979
MIR7068	NA	0.6722623069017412
MIR7069	NA	0.9421824623417022
MIR707	NA	0.34387774873887106
MIR7070	NA	0.27455433131541895
MIR7078	NA	0.7114872479028485
MIR7079	NA	0.5412212844089866
MIR7080	NA	1.006870582319237
MIR7082	NA	0.268232500726192
MIR7085	NA	1.290348575752261
MIR7086	NA	0.07479153446277244
MIR7087	NA	0.3851609197667137
MIR7090	NA	0.3387836234061441
MIR7091	NA	0.7201862071679387
MIR7092	NA	0.7394173331483073
MIR711	NA	0.6552210588237726
MIR7115	NA	0.9517148127314299
MIR7116	NA	0.3143291158917137
MIR718	NA	0.5820000131930597
MIR719	NA	0.31024388937332736
MIR7219	NA	0.13865704689109928
MIR7225	NA	0.26839713081457045
MIR7226	NA	0.3913557124536418
MIR7231	NA	0.26940365963803625
MIR7238	NA	0.5250287936953386
MIR7578	NA	0.3831405148316309
MIR761	NA	0.6779429712436984
MIR762	NA	1.1056869030453753
MIR7646	NA	0.5155174093225031
MIR7648	NA	0.13857156517429187
MIR7650	NA	0.8299433677486294
MIR7652	NA	0.12351119391798934
MIR7653	NA	0.22620544862192116
MIR7654	NA	0.32860246017473194
MIR7657	NA	0.19405864769324518
MIR7658	NA	0.2734915622114783
MIR7661	NA	0.37453295091344124
MIR7666	NA	0.5329514954992687
MIR7670	NA	0.10780480365744317
MIR7672	NA	0.2125076520270757
MIR7673	NA	0.1981861446486533
MIR7674	NA	1.049352142628677
MIR7677	NA	0.7393049145525443
MIR7678	NA	0.8560428859026142
MIR7688	NA	1.0200239982078074
MIR8092	NA	1.1454876528490827
MIR8093	NA	0.240867535460567
MIR8094	NA	0.2350160478631742
MIR8097	NA	0.15196161640929368
MIR8098	NA	0.6352521955841511
MIR8101	NA	0.4113069518472977
MIR8104	NA	0.3565701764981761
MIR8107	NA	0.48760703866556676
MIR8108	NA	0.25879733859167176
MIR8112	NA	0.2326948160096195
MIR8114	NA	0.23581759377234582
MIR8115	NA	0.33259105598701283
MIR8116	NA	0.39366434901961334
MIR8119	NA	0.3772680444929902
MIR877	NA	0.3021843067162474
MIR92-1	NA	0.42481281080102357
MIRLET7A3	NA	0.32880358168978446
MIRLET7B	NA	0.6291426605177091
MIRLET7D	NA	0.1417101571338677
MIRLET7I	NA	0.3869386279103358
MIRT2	NA	0.2321335138002393
MIS12	0.18776183204626973	0.1570846940159154
MIS18A	NA	0.15123993838403432
MIS18BP1	0.6561182573261722	NA
MISP	0.5438106794938979	0.19037297129059688
MISP3	0.4706038973632866	0.29290329392813835
MITD1	0.22786045025473903	0.10911936695503201
MITF	0.28526861750884436	0.12084879997075065
MIX23	0.374087380310917	NA
MKI67	1.1135827819249549	0.17858531685058512
MKKS	0.2548602406036391	0.07501593805228808
MKLN1	0.2863623025565113	0.056756651496297585
MKNK1	0.2759154983523255	0.08701098581361974
MKNK2	0.4500518169010049	0.20834219238887186
MKRN1	0.17085412030684077	0.05598898375651808
MKRN2	0.25779498873531537	0.1350369648988911
MKRN2OS	NA	0.10926897451050119
MKS1	0.17438374435729664	0.14380093891356158
MKX	1.3382761172505544	NA
MLEC	0.2698360081704577	0.13251652761710972
MLF1	0.7724978010257831	NA
MLF2	0.19419142343530765	0.1253800618051709
MLH1	0.3440264708381444	0.10147601577266117
MLH3	0.5197291333334785	0.12533495940495892
MLIP	0.673029533759511	NA
MLKL	NA	0.0625041533948536
MLLT1	0.17840489238114526	0.06979656573406638
MLLT10	0.1765953337556847	0.07260765391268777
MLLT11	0.3476759754925572	0.15222711477496453
MLLT3	0.4089033071835158	0.07611187938198764
MLLT6	NA	0.07320375723185024
MLPH	1.039100746822704	0.10847881478374023
MLST8	0.16880367134162527	0.07244650202229933
MLX	0.28513513510140776	0.12218474768178891
MLXIP	0.3393400076228225	0.11662896628687379
MLXIPL	0.8889362023086681	0.23575470620406022
MLYCD	0.5776191303145226	0.16376236129524366
MMAA	0.3109050261591769	0.15817657014293168
MMAB	0.3296130762037915	0.19581662072152672
MMACHC	0.3946828018235599	0.16274081994571435
MMADHC	0.24722778095278825	0.07694193528810146
MMD	0.6264866725611886	0.09913948565988041
MME	0.8440019006808518	0.22897840941465003
MMEL1	1.131703575061097	NA
MMGT1	0.30744656391739633	0.06449038209375069
MMGT2	NA	0.10232222398773991
MMP11	1.2178017988709688	0.3197988776591059
MMP12	1.9011981478292157	0.07317257310968084
MMP13	1.2343036501456643	NA
MMP14	0.41712484846341713	0.1705010815570076
MMP15	0.422415335125529	0.21277266341298534
MMP16	0.5796587315614686	NA
MMP19	1.5426894612047968	0.11784297349076943
MMP2	1.4000772176136644	0.20268010227952463
MMP23	1.727144660168336	NA
MMP23B	NA	0.2537396728338048
MMP24	0.8125099981773942	NA
MMP24OS	0.4024421782169209	NA
MMP25	0.5208419712682346	NA
MMP28	0.46789987396589494	0.1692192371049907
MMP3	NA	0.06968246571469747
MMP7	2.1978887501017708	0.172120112485948
MMP9	2.19598373707502	NA
MMRN1	1.4847494022502732	NA
MMRN2	0.4627396249141156	0.15272786484223524
MMS19	0.2623519789892873	0.14073184302275152
MMS22L	0.6621724301127275	0.06685296335549779
MMU-MIR-1194	NA	0.3115395596435014
MMU-MIR-692-2	NA	0.4053556033121315
MMU-MIR-6970	NA	0.25211470306902073
MMU-MIR-7649	NA	0.398116612370146
MMU-MIR-7676-1	NA	0.12167539380320654
MMUT	0.5789935614909741	0.13143045493586075
MN1	0.7645211158339169	NA
MNAT1	0.19170107683839294	0.09439438628519481
MND1	NA	0.1841888932557849
MNDA	0.33737099664030956	NA
MNDAL	NA	0.12175884557437693
MNT	0.22060546644699147	0.13028656557745186
MOAP1	0.380338096578096	0.2159923551032156
MOB1A	0.19595539017540345	0.0674401771638016
MOB1B	0.1709528036269885	0.04915635758953326
MOB2	0.2814917458840093	0.06372748423128378
MOB3A	0.590066818355041	0.1142327909257955
MOB3B	0.5535374146688551	0.12113440844591163
MOB3C	0.18607915250733012	0.18414405381447532
MOB4	NA	0.06821075206978937
MOCOS	0.6577611412584166	0.3237444504655423
MOCS1	0.6627596722801699	0.1699711885938926
MOCS2	0.4457309016418862	0.10886915779592696
MOCS3	0.32766031807958557	0.08377917128266153
MOGAT1	0.44112556941048886	0.25619037038581693
MOGAT2	NA	0.5689690305560877
MOGAT3	0.8813424277640647	NA
MOGS	0.2095360962375087	0.10548238725527517
MOK	0.3470680252937434	0.12436421620232092
MON1A	0.2060176774460719	0.09830878812736403
MON1B	0.3506492752917568	0.1086917321123054
MON2	0.18575606223142646	0.10370413147067449
MORC2	0.12093504009370057	NA
MORC2A	NA	0.12172485173929422
MORC3	0.1904465988302324	0.06544621895917091
MORC4	0.31169110478113166	0.15285801599401008
MORF4L1	0.15139491240398698	0.1269969949348954
MORF4L1-PS1	NA	0.18656636001105725
MORF4L2	0.18140039978984537	0.14540821613420496
MORN1	0.2995818267414172	0.24492238220361082
MORN2	0.44267613933422234	0.1676398841058392
MORN3	0.512260540228171	NA
MORN4	0.22158852515404745	0.2641107834836037
MOSMO	0.2144102761622398	0.050020161744637255
MOSPD1	0.27647157069466094	0.11362333150982735
MOSPD2	0.3422729596341749	0.06883450025040226
MOSPD3	0.22404862541719445	0.25291057990730653
MOV10	0.2003628769072139	0.09995334095646238
MOV10L1	1.5472615933448968	NA
MOXD1	0.5932424052295828	NA
MPC1	0.41724906044145194	0.13377487002413452
MPC1-PS	NA	0.2513451610202768
MPC2	0.2534939214010245	0.19455348553689655
MPDU1	0.41006309392769436	0.15057873053041892
MPDZ	0.4776807409162037	0.14245321214461368
MPEG1	0.8972213000205744	0.15180932700304067
MPG	0.3444531373224616	0.15909375043920998
MPHOSPH10	0.17530296304692558	0.16192741065618696
MPHOSPH6	0.2903370411123924	0.21858093995309683
MPHOSPH8	0.20579866332758254	0.13711589207527966
MPHOSPH9	0.22923906853588832	0.10550608860944324
MPI	0.2890135009208306	0.09070901207185851
MPLKIP	0.21173401207378825	0.0789924949830046
MPND	0.47648793296995856	0.11490349578540565
MPP1	0.7510168415338669	0.17680905596719074
MPP2	0.7911949124060945	NA
MPP3	0.6531310790141905	NA
MPP4	0.1900401245373434	0.11259520959008791
MPP5	NA	0.11550359770456713
MPP6	NA	0.1122945210188311
MPP7	0.35837696062698	0.10757299397361891
MPPE1	0.48439984857530866	0.10731531257592876
MPPED1	0.9455288319830139	NA
MPPED2	0.5135222400085453	0.1537196223202181
MPRIP	0.11897300947201808	0.12855581746859548
MPST	0.4993191233071149	0.12691609256869546
MPV17	0.3617710768804086	0.10519350646072295
MPV17L	1.0754353293010945	0.2261062241074936
MPV17L2	0.3280313725737642	0.13698235827992009
MPZL1	0.3166929006184805	0.19384252049717515
MPZL2	0.6150934397936106	0.3018055947538881
MPZL3	0.29271699088663156	0.026301778517399333
MR1	NA	0.15480254298246565
MRAP	NA	1.160640044561493
MRAS	0.45530619745836637	0.14790585151055313
MRC1	0.7533616033022157	0.11292736967728305
MRC2	1.0407158656399704	0.14945412518831036
MRE11	0.11680096511561663	0.08925477616170271
MREG	0.796168521182909	0.22452061526524494
MRFAP1	0.36271908762333704	0.07423073085730894
MRGBP	0.2147254124292176	0.10794800230073988
MRGPRF	0.48561193658204066	NA
MRI1	0.275194887967845	0.0968862172698037
MRIP-PS	NA	0.44768464426443283
MRLN	1.0596067115764747	NA
MRM1	0.4761660754365731	0.08077972618474175
MRM2	0.2934749692327662	0.21313422694102097
MRM3	0.2584256793102198	0.14181231567548394
MRNIP	0.2843845304418416	0.30005669200716545
MROH1	0.19178215503920212	0.09599234189608899
MROH6	0.6102819209395345	NA
MRPL1	0.272042457386921	0.08136914744116311
MRPL10	0.23039702825086852	0.12389061826941947
MRPL11	0.25659956221923047	0.12140831383126384
MRPL12	NA	0.10320151508183974
MRPL13	0.2464216323936668	0.09887515490663679
MRPL14	0.2608922185788695	0.10525886655955603
MRPL15	0.3503757565834729	0.09954821563222409
MRPL16	0.418119267818598	0.08111921232165907
MRPL17	0.37049617616274866	0.05925366015587844
MRPL18	0.46173274241674617	0.16576603592417138
MRPL19	0.4238546550264243	0.07163258083853938
MRPL2	0.32266443957543844	0.09009263779229965
MRPL20	0.30102241474341657	0.07756997094703996
MRPL21	0.3289763314527846	0.10219778258605801
MRPL22	0.23705362450316553	0.12488946002637469
MRPL23	0.3085840439595661	0.12065120589277711
MRPL23-PS1	NA	0.39769051535502414
MRPL24	0.4375682510908658	0.03661360183770762
MRPL27	0.3619744508971042	0.14299337919177513
MRPL27-PS	NA	0.2812355493047879
MRPL28	0.43486880893741947	0.08899220183913638
MRPL3	0.36449687519443386	0.042666129848610124
MRPL30	0.2615633819258232	0.09723801706801269
MRPL32	0.37361793500976737	0.03691439394984288
MRPL33	0.2336952191436623	0.06831008075779808
MRPL34	0.35203600596925255	0.1728188155303913
MRPL35	0.3157148611721689	0.07937750758274326
MRPL36	0.2615358658050172	0.16120927996307702
MRPL37	0.3880355726507479	0.1269728023602998
MRPL38	0.40072253803314284	0.04306946968746822
MRPL39	0.28052491714473893	0.05982690116397697
MRPL4	0.2723077346934517	0.027855445862336
MRPL40	0.22894459634806774	0.055515645802071474
MRPL41	0.4469998079421583	0.1503574133228186
MRPL42	0.2832518374167147	0.0842363047738827
MRPL43	0.2890878043413	0.14706977692219014
MRPL44	0.4660248814108833	0.13466907290417748
MRPL45	0.2527593486059548	0.09839983334282024
MRPL46	0.32597052264448634	0.09154616002939514
MRPL47	0.27555452196491453	0.1573256341112373
MRPL48	0.16855559699600414	0.0924734404612838
MRPL48-PS	NA	0.4161697921694229
MRPL49	0.21925072277836896	0.07864811906093362
MRPL50	NA	0.07863350313748915
MRPL51	0.19034667067267066	0.1317774251964007
MRPL52	0.21573154752533466	0.16249209976354861
MRPL53	0.3662015261051252	0.06845259418575779
MRPL54	0.24297208653591004	0.08056299270682557
MRPL55	0.24387692491444324	0.1114202594260008
MRPL57	NA	0.145469442924984
MRPL58	0.3702339526422504	0.09557175419086432
MRPL9	0.259117466181314	0.17685060664862398
MRPS10	0.5144432515150125	0.09606772097231626
MRPS11	0.33745376957018924	0.12232792895569651
MRPS12	0.38264978046750725	0.11440378581233315
MRPS14	0.2930277538305824	0.15858000991457727
MRPS15	0.37593686196093984	0.08754732838849072
MRPS16	0.4139849563652448	0.12303799258498511
MRPS17	0.23280522078162275	0.08451303237783421
MRPS18A	0.2244189523050033	0.09149725945662635
MRPS18B	0.27440489539605006	0.07485345640396754
MRPS18C	0.20396545159990964	0.20017469630844492
MRPS2	0.29456504179465065	0.1975016917611437
MRPS21	0.16074989120399924	0.06178326709453387
MRPS22	0.3594943067508171	0.12836462534986467
MRPS23	0.2831715574676389	0.08929969028567954
MRPS24	0.24225074810220643	0.028446472892489166
MRPS25	0.5029768694686024	0.1658586086795697
MRPS26	0.27741828661159695	0.10703096916584272
MRPS27	0.4159790157003178	0.0880849930457086
MRPS28	0.483624904357298	0.16076895701792804
MRPS30	0.3636268116977456	0.10468795779430444
MRPS31	0.3612973299547349	0.10640468135429557
MRPS33	0.3802907867002961	0.10090328029987393
MRPS34	0.2772952033097169	0.16023163267626817
MRPS35	0.49414335386983516	0.08821233160010476
MRPS36	0.4162435068330215	NA
MRPS36-PS1	NA	0.484032455698088
MRPS36-PS2	NA	1.031590579960159
MRPS5	0.2709002543091932	0.11917448074289894
MRPS6	0.3946443993989802	0.154350563156599
MRPS7	0.2812585579172549	0.08482338824773518
MRPS9	0.35385405460636427	0.16173129260217778
MRRF	0.21676526467190982	0.06988341415367355
MRS2	0.2677697719898898	0.06582053315132458
MRTFA	0.33177720675405675	0.10319233982448041
MRTFB	0.28037152091950257	0.07313754013471897
MRTO4	0.2735874944690557	0.13396823039729877
MRTO4-PS1	NA	0.3200141144041115
MRTO4-PS2	NA	0.32566999207104197
MS4A1	2.6594840915036975	NA
MS4A10	3.3195396259607572	NA
MS4A4A	NA	0.18291991365889732
MS4A4C	NA	0.023568339126743925
MS4A4D	NA	0.06622420976140357
MS4A6B	NA	0.07547300179168934
MS4A6C	NA	0.09707155128673924
MS4A6D	NA	0.1323835074493916
MS4A7	1.2261972505462977	0.21000473325687555
MSANTD2	0.348003330193818	0.12575469739274853
MSANTD3	0.32796329431185467	0.22673990771868716
MSANTD4	0.2797537276264207	0.0911335774341194
MSC	2.063297753350814	NA
MSH2	0.27241438270838075	0.13966806945913154
MSH3	0.44310500096505295	0.03418550950200553
MSH5	0.3548833923112939	NA
MSH6	0.279015923480512	0.11363557021515305
MSI1	0.45467744069705274	NA
MSI2	0.2971727797111208	0.14851406305385473
MSL1	0.21926223482784485	0.09309380476190736
MSL2	0.34077415802321537	0.07467226566465869
MSL3	0.16244971299181368	0.0696624882665836
MSLN	NA	0.23087242196902105
MSMO1	0.38315570144475103	0.21535561163922
MSMP	2.12984601249181	NA
MSN	0.21611870777771283	0.11326942926562387
MSR1	0.996090506655617	0.03936810891283131
MSRA	0.7458973975762305	0.12702973040753113
MSRB1	0.6214217358059195	0.1351611674867596
MSRB2	NA	0.11308209270069913
MSRB3	0.44127884200454665	0.07862364781168513
MST1	0.368094400510646	NA
MST1R	1.201542838047179	0.07791363639017501
MSTO1	0.22976337585821305	0.1299324857110595
MSX1	0.5005806152917937	NA
MT-ATP6	NA	0.06362438379574585
MT-ATP8	NA	0.05471339722407972
MT-CO1	NA	0.06727469781292206
MT-CO2	NA	0.13450783463307722
MT-CO3	NA	0.1202811150963141
MT-CYB	NA	0.10915884590282991
MT-ND1	NA	0.15095827308993315
MT-ND2	NA	0.1468021320592348
MT-ND3	NA	0.06269576192634556
MT-ND4	NA	0.06492484844593915
MT-ND4L	NA	0.09430655193322468
MT-ND5	NA	0.1330593761939071
MT-ND6	NA	0.3143484627109424
MT-RNR1	NA	0.26381530603874803
MT-RNR2	NA	0.6006332527868029
MT-TA	NA	0.8186088501305888
MT-TC	NA	0.9591052468398346
MT-TD	NA	0.2907223607937194
MT-TE	NA	1.1982721017853595
MT-TF	NA	0.4299850727777634
MT-TG	NA	0.21493550647312204
MT-TH	NA	0.38200239738070746
MT-TI	NA	0.344307772103257
MT-TK	NA	0.13032722040616698
MT-TL1	NA	0.23072058890117178
MT-TL2	NA	0.3773271428590734
MT-TM	NA	0.13097010182668897
MT-TN	NA	0.8451578699564559
MT-TP	NA	0.3933521162616408
MT-TQ	NA	0.2941791323828436
MT-TR	NA	0.30442922076449613
MT-TS1	NA	0.4657715178442025
MT-TS2	NA	0.35928854117735465
MT-TT	NA	0.3558904974518385
MT-TV	NA	0.3650783029211451
MT-TW	NA	0.14707799878576674
MT-TY	NA	1.1980121564031765
MT1B	NA	0.3397959365523226
MT2	NA	0.4400652832530812
MTA1	0.24571346930522497	0.10163648588182926
MTA2	0.20734391516266173	0.0650435250160855
MTA3	0.24349584427385862	0.12540776725697747
MTAP	0.3357469384630996	0.0993497730687546
MTARC1	0.6225845516999939	NA
MTARC2	NA	0.10343994230311156
MTBP	NA	0.15263513790823152
MTCH1	0.20458219939428052	0.21661328126981721
MTCH2	0.3658302302731673	0.027134969737859834
MTCL1	0.7437173217629577	0.18072940873003884
MTCL2	0.33060883506970606	NA
MTCP1	NA	0.07172469267032147
MTDH	0.3143196308316464	0.06341223974400084
MTERF1	0.23754229383583964	NA
MTERF1A	NA	0.1464204594046908
MTERF1B	NA	0.08582496155495607
MTERF2	0.2511294554747727	0.3317482388302411
MTERF3	0.3389432541189336	0.06351457019484764
MTERF4	0.2590649457801386	0.16401119485072133
MTF1	0.24002927303337637	0.13442415599528465
MTF2	0.2226942175646772	0.05822206954016047
MTFMT	0.28154123439717105	0.15792132014244056
MTFP1	0.7603673527596887	0.1466167685433687
MTFR1	0.3914556054529145	0.05244771960413241
MTFR1L	0.1746405269415763	0.12083016022419907
MTFR2	0.44983138305542614	NA
MTG1	0.15162208323577603	0.17855446774070924
MTG2	0.37862010219712344	0.04901193555919227
MTHFD1	0.3466829578179513	0.11754339747485688
MTHFD1L	0.5194668936154004	0.18346332133265253
MTHFD2	0.6744372930789428	0.2510642810991198
MTHFD2L	0.30371585591478706	0.08873861520964557
MTHFR	0.4705591989654904	0.17563739769620298
MTHFS	NA	0.13724816422788347
MTHFSD	0.41828170934220155	0.04948794057214861
MTHFSL	NA	0.11934078500391172
MTIF2	0.39866998034132406	0.12397410059906779
MTIF3	0.3392654624752313	0.11157300669675374
MTLN	0.2959571706335739	0.13105017936180532
MTM1	0.43352263385782225	NA
MTMR1	0.14406358064242739	0.10130903088612164
MTMR10	0.3604938299046004	0.09715137424423174
MTMR11	0.3775410477921203	0.0732934886417413
MTMR12	0.25215671435076165	0.07906791044241515
MTMR14	0.1656060216534111	0.18431120112315494
MTMR2	0.2636288431293898	0.10674365403294521
MTMR3	0.1081940604759392	0.08431083267167847
MTMR4	0.35724947199511714	0.4165343087118998
MTMR6	0.3420224458584713	0.10705073354895159
MTMR9	0.46370149429009333	0.11065034962116643
MTNR1B	0.572374509104954	NA
MTO1	0.36760447246234357	0.05795909810711693
MTOR	0.3654281160691101	0.3106976115204246
MTPAP	NA	0.14496912563305986
MTPN	0.19720850798235753	0.0837730716869447
MTR	0.4412616839568362	0.07833036155891852
MTRES1	0.19669681122022775	0.10668191447393478
MTREX	0.1418393553301943	0.08167242310205748
MTRF1	0.40678129481206227	0.17997315248028775
MTRF1L	0.2690316638164099	0.08967904291880062
MTRFR	0.2564206216335795	NA
MTRR	0.31827233242756675	0.04078979741363065
MTSS1	0.21884656284347312	0.13223648745399244
MTSS2	0.6451559060179899	0.10796587504598405
MTTP	0.9946601218873545	0.0850491640660085
MTURN	0.4681740139353297	0.1671175764935106
MTUS1	0.4234031820608197	0.16130076867347506
MTUS2	0.37769597040730585	NA
MTX1	0.3561400035559938	0.08972912669243724
MTX2	0.42811625980627344	0.048307253571327126
MTX3	0.18368291112686858	0.08602823237363437
MUC1	0.4411346412456084	0.08573804225150657
MUC13	0.7761392498508028	NA
MUC2	1.7034360776349913	NA
MUC20	0.5034926420209782	0.44761147855621874
MUC4	1.4618388905444841	0.1015235281099507
MUC5AC	0.2080429058434775	NA
MUC5B	1.8237260144075884	NA
MUCL1	NA	0.40795512387599914
MUL1	0.5676868752169238	0.08479377885524651
MUS81	0.2646054390733051	0.12013233042035555
MUSTN1	1.0393689989833474	0.2486187390035792
MUTYH	0.46546045318279433	NA
MVB12A	0.23276666207512273	0.15983153474479003
MVB12B	0.15344774246042894	0.05715571864340894
MVD	0.7344252691988288	0.08813043487462009
MVK	0.3184158848523459	0.1806122972158046
MVP	0.3278486619807738	0.07519114803334083
MX1	1.2208206393794165	NA
MXD1	0.3033451876183628	0.07124656033145794
MXD3	0.383208258612562	0.15894032816078565
MXD4	0.3744844173786624	0.08639254770308219
MXI1	0.4472471155254224	0.13895925802620904
MXRA5	1.2298886923434567	NA
MXRA7	0.41502377704891674	0.12614666383510237
MXRA8	0.8780038849244078	0.29097922748653926
MYADM	0.4867688429734755	0.23712842835272038
MYBBP1A	0.26556436736155115	0.09053766079342841
MYBL1	0.9402228614644734	0.11016166868905793
MYBL2	1.2856688099272215	NA
MYBPC2	1.8112000406168334	0.18274604046233422
MYBPC3	0.8299004373990785	NA
MYC	0.5184963945168259	0.36323234859913156
MYCBP	NA	0.07185439009932365
MYCBP2	0.4039782856708555	0.15909112034299108
MYCBPAP	0.7304290764693814	NA
MYCL	0.9011076711972285	0.2519476748063329
MYCN	0.36051019646327936	0.26468485033702094
MYCT1	0.6079406542469206	0.03383009624657156
MYD88	0.20543918919312426	0.13088719475037405
MYDGF	0.22298019701356253	0.12219826156651133
MYEF2	0.4830596354568171	0.011519332122713943
MYG1	0.34004030237869504	0.07432102118709308
MYH10	0.2764448216398442	0.17369256445443493
MYH11	0.8359477350837456	0.5755843427383113
MYH14	0.6419867642094934	0.31521395029441934
MYH4	NA	1.8423076243998986
MYH7B	0.2974599611149127	NA
MYH9	0.28496057566458866	0.07095810713702412
MYL10	2.0534235698608763	NA
MYL11	NA	0.8493352365223158
MYL12A	NA	0.15569316092703553
MYL12B	NA	0.1789927705875168
MYL3	1.0924651503462308	NA
MYL6	0.31169824158262427	0.12635297308390078
MYL6B	NA	1.1763239369396004
MYL9	0.33714154882644004	0.32693419738767715
MYLIP	0.5370517127265212	0.31547899413715536
MYLK	0.33858766801118045	0.07728915629606313
MYMX	NA	0.4208740185604989
MYNN	0.12180082417058835	0.07375018360467532
MYO10	0.40444550404774543	0.21921641766100425
MYO15A	0.8173632207326902	NA
MYO15B	0.8485892493901565	0.07446407880413251
MYO16	0.27118364557605656	NA
MYO18A	0.153107019685958	0.09601451308367877
MYO19	0.43106348730677324	0.1376110596172612
MYO1A	0.6242481478099519	NA
MYO1B	0.26896483551659955	0.0921023658336341
MYO1C	0.11776325490133453	0.1244736092512137
MYO1D	0.4438755239282743	0.08246639815013529
MYO1E	0.2780078698843131	0.0906341439211513
MYO1F	1.4541241103462834	0.06443039796675681
MYO1G	1.5274619181173834	0.06026273910595371
MYO1H	0.7501626768243436	NA
MYO3B	1.0880903080272677	NA
MYO5A	0.3774339249522864	0.41298675580945965
MYO5B	0.5472687668555548	0.17552121500997178
MYO5C	0.4966433658309192	0.10780269632581102
MYO6	0.5718052015356274	0.1377410113746878
MYO7A	0.9172473246658259	0.08902483473525678
MYO7B	0.6008162227154619	0.14270920261274705
MYO9A	0.3165744620115188	0.07510878382261502
MYO9B	0.2764343743667057	0.05216276148051468
MYOC	1.5304005501187332	NA
MYOCD	0.8980845692026511	NA
MYOF	0.4803098082742738	0.14851417069238718
MYOM1	0.5369915059222271	NA
MYOM2	NA	0.20915481796631813
MYOM3	1.1593075441171519	NA
MYORG	0.4012300110912786	0.07914447334789314
MYPOP	NA	0.18608273776494125
MYRF	1.2608044950120623	0.15104967657889187
MYRIP	0.7952178361933637	NA
MYSM1	0.31743327749477823	0.11804768252141389
MYT1L	0.34277419582916574	NA
MZB1	1.2949842088468793	NA
MZF1	0.273643805484944	NA
MZT1	0.1496419188471532	0.10637726006159588
MZT2	NA	0.17905243779205698
N-R5S185	NA	0.18732875987532405
N4BP1	0.11552307362785923	0.10198754055762735
N4BP2	0.21179484729849576	0.06936675028299495
N4BP2L1	0.37337316757215183	0.24879555351223462
N4BP2L2	NA	0.05350658643722163
N4BP2OS	NA	0.17522426502906133
N4BP3	0.4021917809448158	0.09336690590656727
NAA10	0.33201348615762605	0.07153316339233493
NAA15	0.38061529710953157	0.09666777819490674
NAA16	0.28872187867121824	NA
NAA20	0.35196545537413976	0.10246419217049162
NAA25	0.30744719930560027	0.10368119812071
NAA30	0.23412435844481855	0.08631178683544108
NAA35	0.2716697853976736	0.05872306664333274
NAA38	0.2913597910651321	0.21062674991181415
NAA40	0.21421283080401043	0.12582688691949642
NAA50	0.3813038105604786	0.08755633547808107
NAA60	0.28255863552441335	0.07400180242719713
NAA80	0.5113257907161386	0.11138125665797398
NAAA	0.7791507453862826	0.17697771127513753
NAALAD2	0.8913307050211094	0.09405759632695011
NAALADL1	0.724666313722809	NA
NAALADL2	0.3059525107482257	0.06127771054156972
NAB1	0.19586613419216098	0.0656202795644724
NAB2	0.392075189112766	0.1848952456841519
NABP1	0.507692643487814	0.08265023335466316
NABP2	0.27484806820002006	0.18237065392910912
NACA	0.3086393533396086	0.05169957276885986
NACC1	0.26542956152106	0.05287593630828088
NACC2	0.4311578705089754	0.05698931933281289
NADK	0.3457970174258629	0.03867268042048477
NADK2	0.2111648490958996	0.12216152372665735
NADSYN1	0.454522951999128	0.1359015039870139
NAE1	0.12802510970541844	0.08218076316981653
NAF1	0.22948407539532883	0.1207743086695602
NAGA	0.45206066549375734	0.1160601072059292
NAGK	0.2509298288517219	0.06764131161467521
NAGLU	0.1845901957776426	0.11745612303227602
NAGPA	0.33359766137887503	0.13248124912840595
NAGS	1.6977033482461963	NA
NAIF1	0.2630298709537436	0.10288131579025793
NAIP2	NA	0.10422616319478613
NAIP5	NA	0.09410713052431133
NALF2	0.30774869587998066	NA
NAMPT	0.5407427239283937	0.2187595552283452
NANP	NA	0.31028324842476274
NANS	0.3029975248930604	0.07213500693994034
NAP1L1	0.3565505617618596	0.09054969262011121
NAP1L2	0.3532511075508529	NA
NAP1L3	0.42989554944155434	NA
NAP1L4	0.16707453494241714	0.1284911608761313
NAP1L5	0.275844747240765	0.3516354135291037
NAPA	0.2908471264776975	0.026932171843891822
NAPB	0.47854129356807273	NA
NAPEPLD	0.5234593330923591	0.14935727634963442
NAPG	0.19581727539717633	0.09642573655274837
NAPRT	0.36407082754459774	0.15298829894922106
NAPSA	1.380558610608976	0.1953057012834602
NARF	0.399446473509173	0.22820230755061938
NARS	NA	0.04683924253552311
NARS1	0.2508542962342476	NA
NARS2	0.2941986487574487	0.19360179705825686
NASP	0.29438967151966877	0.09408933863776067
NAT10	0.1465722564374523	0.14313598641833913
NAT14	0.29595439799203094	0.2504303929564516
NAT16	1.0731076670709492	NA
NAT2	NA	0.3498318208705537
NAT8	NA	0.14603402322037912
NAT8B-PS	NA	0.4751831215157559
NAT8F1	NA	0.21862851782462703
NAT8F2	NA	0.3445666594017214
NAT8F3	NA	0.41643699631878345
NAT8F4	NA	0.21315424925825535
NAT8F5	NA	0.4452421852187339
NAT8F6	NA	0.31220994891154374
NAT8F7	NA	0.5063977865642086
NAT8L	1.099800500526009	NA
NAT9	0.39774473838681224	0.22110582316847258
NATD1	0.31619927971140155	0.0930946564315564
NAV1	0.6366082619344499	0.07357226682913323
NAV2	0.4154542690923175	0.07927239237328078
NAV3	0.5241201752374756	NA
NAXD	0.2650345465558907	0.10652866437782905
NAXE	0.2863983127190688	0.09817397792086865
NBAS	0.36615262308415514	0.13372750965820673
NBDY	NA	0.1528180218912268
NBEA	0.4276005098374829	NA
NBEAL1	0.3641447697738116	0.1058398146819226
NBEAL2	0.4322284864644482	0.14094780183123712
NBL1	0.38389713010115667	0.21851835321614746
NBN	0.22861837491525794	0.22802742183738167
NBR1	0.1945298169632038	0.08872412085732259
NCALD	0.3307218346112824	0.173093415346002
NCAM1	1.135414921349936	0.16075368489638858
NCAM2	0.4613370888894883	NA
NCAPD2	0.2681658566982341	0.14583642885484718
NCAPD3	0.22088074894047305	0.12386423920897421
NCAPG	0.8993543534503566	0.10669849240750628
NCAPG2	0.3397692337886977	0.05804204344884558
NCAPH	0.8939245779646009	0.12202823286285724
NCAPH2	0.23871617119907243	0.09070711494666019
NCBP1	0.11567699502554797	0.08274333068784019
NCBP2	0.2248512078076713	0.1766292648712378
NCBP2AS2	0.4098939451539666	NA
NCBP3	0.14520019598259432	0.018135805060433163
NCCRP1	0.7888121790833758	0.33978745527302423
NCDN	0.2871471488799185	0.12586673160534456
NCEH1	0.7865752786498318	0.17871010574855709
NCF1	1.5380066477538317	0.05398006162845038
NCF2	0.5750618739986535	0.04359199005870243
NCF4	1.2024015883557704	0.09724198227482904
NCK1	0.10911508053484548	0.15845957568727312
NCK2	0.3386387203782241	0.03950915926112271
NCKAP1	0.4097557290599977	0.06322884370631941
NCKAP1L	1.4019462140187005	0.08229727753758989
NCKAP5	0.5078131392387152	NA
NCKAP5L	0.29962463720268656	NA
NCKIPSD	0.2252385372593975	0.10105149714947108
NCL	0.18229045865993587	0.14220214062059572
NCLN	0.1623468783689886	0.07968406631495085
NCMAP	NA	0.09821240168277254
NCOA1	0.11388643128264368	0.07472614460222779
NCOA2	0.30598883540241945	0.08505833706858529
NCOA3	NA	0.0419196984278908
NCOA4	0.6075946385906172	0.23032803937813245
NCOA4-PS	NA	0.21684141264431653
NCOA5	0.15650759466459785	0.16161878883026326
NCOA6	0.11100237635428967	0.0693462896928007
NCOA7	0.40831020903087945	0.02914280749128597
NCOR1	0.12388085098031412	0.13940613615686903
NCOR2	0.2274127984669618	0.14972141194349692
NCS1	0.35632025668235817	0.17496387160526028
NCSTN	0.1238670017157036	0.09914584458157219
NDC1	0.2066398884245776	0.19424455589393358
NDC80	NA	0.08805638457702473
NDE1	0.4615963576598527	0.13964213474154816
NDEL1	0.2149408395037153	0.15932824195705791
NDFIP1	0.4297665433946887	0.11613018503773785
NDFIP2	0.31965326224328766	0.10052791899263419
NDN	0.7381677179522014	0.12329685090596591
NDNF	0.7732416974654054	NA
NDOR1	0.2864723637862104	0.10020002422537005
NDRG1	0.7189760688531215	0.4586582497029347
NDRG2	0.2894268479913144	0.3187340853465971
NDRG3	0.1714822127760588	0.09419589371499963
NDRG4	0.44108170781836853	0.12111625545926517
NDST1	0.23080116665398653	0.12236882619892715
NDST2	0.24712944229146608	0.12428772733342468
NDUFA1	0.4088050289272552	0.2664969117999001
NDUFA10	0.4697288828166274	0.061725798846455286
NDUFA11	0.3808409018086513	0.08071688128764103
NDUFA12	0.39449260242372014	0.1352843697274972
NDUFA12-PS	NA	0.5021105025232259
NDUFA13	0.44129361432907754	0.1276122802476456
NDUFA2	0.3564201740996262	0.31733350858248854
NDUFA3	0.32820873052965593	0.398249848476377
NDUFA4	0.409439989698391	NA
NDUFA5	0.5460305868465308	0.13445476441602267
NDUFA6	0.39954731934285725	0.09279145009383032
NDUFA7	0.34306562387396095	0.07195453096725421
NDUFA8	0.4154009626875172	0.17425292185040905
NDUFA9	0.4962582304560417	0.13894901555463554
NDUFAB1	0.46157350616893134	0.06629757627672477
NDUFAB1-PS	NA	0.23965765695138813
NDUFAF1	0.6615227058969759	0.13903845907454893
NDUFAF2	0.37530365570664753	0.08505964708779164
NDUFAF3	0.4787912136345388	0.15319611447374143
NDUFAF4	0.36316575245426175	0.24291381548923033
NDUFAF5	0.4537082625915675	0.15305430451470692
NDUFAF6	0.5195123986137197	0.09595636985376262
NDUFAF7	0.3529498157748642	0.06995062454592231
NDUFAF8	0.3498966367092691	0.22320010919461433
NDUFB1	0.43545403343011874	0.17142959995125046
NDUFB10	0.4070217179459219	0.08522277394530779
NDUFB11	0.394082370855256	0.06343930487511759
NDUFB2	0.4110554912347387	0.3361570156404502
NDUFB3	0.35901613095868673	0.15917256292329054
NDUFB4	0.39799117603313666	0.15964951116193296
NDUFB4C	NA	0.3685124455504502
NDUFB5	0.47237774975414054	0.06901334643049543
NDUFB6	0.3100279776122854	0.15609405679630592
NDUFB7	0.42140179009849404	0.08166752848428893
NDUFB8	0.34421363919797077	0.12135023647143527
NDUFB9	0.48649745067088074	0.10290343382513599
NDUFC1	0.39206501921204073	0.17285762490861217
NDUFC2	0.4222064590464079	0.2519318753282548
NDUFS1	0.5575018633108679	0.12279675658227428
NDUFS2	0.36582878358616705	0.09899318975976495
NDUFS3	0.43872455782179365	0.11148785794963156
NDUFS4	0.3470679138983875	0.1661621914807464
NDUFS5	0.30928229939808694	0.16151779699675473
NDUFS5-PS	NA	0.6577706150224462
NDUFS6	0.47173510948282804	0.1863914813738608
NDUFS6B	NA	0.9403888986887963
NDUFS7	0.4394355187360456	0.05388243590968904
NDUFS8	0.3785152010956279	0.07278084983542088
NDUFV1	0.5135318651850133	0.1276182448719926
NDUFV2	0.42589455649125835	0.057214899724154125
NDUFV3	0.4175156493220099	0.08123540669445493
NEAT1	NA	0.3826781575194679
NEB	0.7865731920022937	NA
NEBL	0.5013317834812671	NA
NECAB3	0.6290304382134423	NA
NECAP1	0.43889972488179935	0.06422726821814694
NECAP2	0.2033438778523903	0.1181133120917012
NECTIN1	0.5978754288474893	0.11501261683891993
NECTIN2	0.3311360854217567	0.13823322456917148
NECTIN3	0.83079923765271	0.08886572258888854
NECTIN4	0.41441918767642344	0.06598105008309545
NEDD1	0.14581164331188462	0.10348442621211056
NEDD4	0.26503022518886676	0.10588216308816914
NEDD4L	0.42896520888269934	0.07452478907298762
NEDD8	0.27450910550379026	0.26941426433783805
NEDD9	0.38058576597209814	0.18450113057556544
NEFM	1.5197910259644016	NA
NEGR1	1.252018113652712	NA
NEIL1	0.253279894427878	0.17206793405633627
NEIL2	0.5650549748111054	NA
NEK1	0.2420356465622302	0.09249971707977792
NEK10	0.6296787902342281	NA
NEK11	0.46327106516086386	NA
NEK2	0.6994049817123896	0.252774011512629
NEK3	0.6341592654453757	0.19566473340844903
NEK4	0.2549561709671231	0.04831577730663723
NEK5	0.7226240039713933	NA
NEK6	0.4100333289781267	0.15536968795228767
NEK7	0.13203617971808873	0.08442358650339249
NEK8	0.1420252609078556	0.20846055188382517
NEK9	0.20145285577522942	0.11863606319040174
NELFA	0.2069619708265928	0.06946535466348114
NELFB	0.16752477673861932	0.054850587133340435
NELFCD	0.24107626777603178	0.1114765642052366
NELFE	0.19753834230383435	0.11327594117137718
NELL2	1.21899204328722	NA
NEMF	0.20519240918565146	0.04608905281311019
NEMP1	NA	0.10574661370318182
NEMP2	0.3029618671033315	NA
NENF	0.33890256587721534	0.15300939405871958
NEO1	0.23081553551370207	0.09133726611006884
NEPN	NA	0.34345297342267883
NES	0.4836873508108942	0.15674274467961982
NET1	0.4831825657542797	0.14428303373391488
NETO2	0.8445462425147785	NA
NEU1	0.29827183468598245	0.122197103722064
NEU2	NA	0.1029615586803709
NEU3	0.3600810384363888	0.09060731301961727
NEURL1	0.4656978221398311	NA
NEURL1B	0.6514446342509558	0.1598625120305761
NEURL2	0.36087080081793893	0.1921548644296384
NEURL3	0.7603985294346318	0.19692703372129985
NEURL4	0.1266195764512805	0.13794244932896702
NEXN	0.8266794959230355	0.11865611545225083
NF1	0.1752476535750401	0.09404771359632227
NF2	0.3639588041661931	0.07804674716267526
NFAM1	0.9252610435358292	0.0382765563151926
NFASC	0.9173240894953679	NA
NFAT5	0.2623635135731177	0.1172527262276308
NFATC1	0.6233610031436352	0.1303341478200709
NFATC2	0.6879841499504503	NA
NFATC2IP	0.2657545029368444	0.10902646462237695
NFATC3	0.20848050688630385	0.057088792251777445
NFATC4	0.721577926868284	NA
NFE2L1	0.17290787321296539	0.0824098743837149
NFE2L2	0.21633420337735051	0.09331996315678386
NFE2L3	0.3696905570713955	0.2982845664594306
NFIA	0.20360396001838293	0.11046045100040328
NFIB	0.4273367955708794	0.17268146264129877
NFIC	0.18622669751294332	0.12095727327669072
NFIL3	0.4516030346594166	0.8288010063586164
NFIX	0.5777330835449646	0.08332640264716397
NFKB1	0.3278008251734579	0.048128472544249436
NFKB2	0.6111268250512213	0.06353050528865917
NFKBIA	0.4355031328468999	0.3662509570373258
NFKBIB	0.3257551552620511	0.03779065581974487
NFKBID	0.6929539873284521	0.12757410454329562
NFKBIE	0.7067973871703099	0.1692233715639674
NFKBIL1	0.3988906743540373	0.13139928953554533
NFKBIZ	0.4855187729998454	0.19108640340036434
NFRKB	0.27085914134450234	0.09142453885209989
NFS1	0.6542369274661297	0.10293605587391318
NFU1	0.5291932333337303	0.16322707716059975
NFX1	0.2567690123779266	0.07600740792409183
NFXL1	0.30365468077894225	0.1721035134401973
NFYA	0.24674497611946405	0.18050529482661143
NFYB	0.1925344520504512	0.09249121678609805
NFYC	0.26372625936781086	0.05323192545229861
NGB	0.9302412197579107	NA
NGDN	0.18687373256828269	0.08345502828173312
NGEF	1.247238176543975	0.1450519983884922
NGF	0.8372008469388917	0.1348254185039902
NGFR	1.109771403311579	0.1299457022318235
NGLY1	0.15433182576954196	0.08047666049102806
NGRN	0.19654643747517556	0.10345961198728484
NHEJ1	0.3442641199736378	0.09470795292305181
NHERF1	0.6077208909563105	NA
NHLRC2	0.2572986504433886	0.05653466882697251
NHLRC3	0.1520893149084127	0.10438178679990812
NHLRC4	0.6289628940238186	0.12282187599162138
NHP2	0.21530134750673852	0.21528003939298224
NHS	0.38126277055386837	0.10046362017472985
NHSL1	0.33093694207615604	0.1283543131407465
NHSL2	0.5742190351683696	NA
NHSL3	0.44446273837399924	NA
NIBAN1	0.9519902973561275	0.07459413746470285
NIBAN2	0.2648977376890603	0.12363124685005562
NIBAN3	2.7885088078790305	NA
NICN1	0.24320897939830238	0.04547255928007316
NID1	0.31463529024976833	0.16032718020921813
NID2	0.6003932892773276	0.18706251622821646
NIF3L1	0.34546552651523255	0.0790174887160246
NIFK	0.12294802956509257	0.19081913160073574
NIN	0.24422895125595817	0.10711589962095062
NINJ1	0.25675152334670087	0.20260149726645277
NINL	0.4029274175144543	0.11230206069992783
NIP7	0.255780476636423	0.0806502787316038
NIPA1	0.28577442391766633	0.19854629071636548
NIPA2	0.23224570852465656	0.06060052350570561
NIPAL1	0.45279145573003615	0.05432395239479468
NIPAL2	0.3912163158032416	0.033328310326052095
NIPAL3	0.1494253142952625	0.1213803825969664
NIPBL	0.16705484879956128	0.10867556997923376
NIPSNAP1	0.5363869267942654	0.047062557063530304
NIPSNAP2	0.3472699450997969	0.11596998627525816
NIPSNAP3A	0.2894041165141583	NA
NIPSNAP3B	NA	0.1736490971397403
NISCH	0.13759456992558597	0.0579734369171582
NIT1	0.5098820890945228	0.09387707506796707
NIT2	0.6366702629717126	0.08869179828987954
NKAIN1	1.1436453874154233	0.15059030573629076
NKAP	0.13740837380559992	0.09846961109369685
NKAPD1	0.13161721502855114	0.03755632134107938
NKD1	0.9733933270880415	0.10287474842852007
NKD2	NA	0.11429197198050736
NKG7	1.7303264218904797	0.27446674674873855
NKIRAS1	0.448869159518039	0.09733452645515825
NKIRAS2	0.21390448768080955	0.14803440230871956
NKPD1	0.6697435755223176	NA
NKRF	0.23882090869582934	0.035332428629754144
NKTR	0.29816794165899757	0.11658723751382777
NKX3-1	0.8066753435246679	NA
NLE1	0.4533728746886675	0.08489158104007084
NLGN1	0.7820289839078124	NA
NLGN2	0.7051511158248398	0.08998656771248582
NLGN3	0.7669206589650183	NA
NLGN4X	0.8532233403173066	NA
NLK	0.19142835506819336	0.06710663416494947
NLN	0.3823519780022775	0.05123935970641806
NLRC3	1.9021115473331185	NA
NLRC4	NA	0.11098203140207585
NLRC5	1.1317210916670961	0.07040506619611481
NLRP10	NA	0.07762276791645398
NLRP13	0.3852941645823233	NA
NLRP3	0.8872838829194637	0.13803046142361858
NLRP5	1.4722257646051355	NA
NLRP6	NA	0.2513809843423328
NLRX1	0.2591671523640447	0.16259121271819818
NMB	1.4201679048331808	0.30849383526897906
NMD3	0.23545890545024775	0.06785412619532138
NME1	0.23394225812247932	0.23621746668520535
NME2	NA	0.24273564668629002
NME3	0.2600738023611138	0.15987525863805127
NME4	0.3557119419414534	0.128123281783155
NME5	NA	0.29974554630516426
NME6	0.3263339673990263	0.12744670571217384
NME7	0.7216152042847656	0.11718872932782923
NMI	NA	0.23333854774725443
NMNAT1	0.30161454327802706	0.10971652536432275
NMNAT3	0.4772341699161485	0.0712681411386893
NMRAL1	0.31167740923512194	0.17710845046919357
NMRK1	0.27540543886614044	0.0738655160789086
NMS	0.5165459652055208	NA
NMT1	0.2064270900940263	0.048636659492053556
NMT2	0.5882712484208683	0.10329456946007104
NNAT	NA	0.15949625332972106
NNMT	NA	0.5720767596712818
NNT	0.354870138785704	0.06333953436695186
NOA1	0.34169897658503745	0.11667629613349569
NOB1	0.16453548851712138	0.16554929265030074
NOC2L	0.1501523056838562	0.09662156418764171
NOC3L	0.28715824748792995	0.09117966761887414
NOC4L	0.17955899600013098	0.15013339938117914
NOCT	1.1055104779836185	0.43263883292688365
NOD1	0.4725945375843564	0.11304020093839304
NOD2	0.4395069979565916	NA
NOL10	0.10169816179025055	0.21506445576331906
NOL11	0.16731470960570435	0.06646104178677274
NOL12	0.2297068431338672	0.10120329992768302
NOL3	0.5667737247281468	0.0764283463671631
NOL4L	0.28669687091545015	0.38556526466527213
NOL6	0.23585260118568163	0.03860422990184708
NOL7	0.33907415348048187	0.11998072206517338
NOL8	0.21323819308776798	0.045992408970390974
NOL9	0.15281011589996932	0.16282607062532478
NOLC1	0.2608129704370712	0.07880367704645035
NOM1	0.18008822756005813	0.10182419526510098
NOMO1	NA	0.08353756915135561
NONO	0.18079442507337995	0.05829084887374338
NOP10	0.36623231254878835	0.1896583093986512
NOP14	0.2251340204983566	0.11118282653560638
NOP16	0.23364857839734862	0.0948485088071382
NOP2	0.20096312244187892	0.27575266545384897
NOP53	0.5309252363242497	0.20700234296906084
NOP56	0.1397555798274606	0.11957336740977759
NOP58	0.1464641979637095	0.19447716683314195
NOP9	0.2627702331518195	0.11511401749695595
NORAD	NA	0.08621045955875173
NOS1AP	NA	0.1579088056226524
NOS2	0.45796134528911275	0.0741314140955255
NOS3	0.35232518461840817	0.09299838233870637
NOSIP	0.24423503549104522	0.09068271891243354
NOSTRIN	0.5437632735028954	0.16180971730832472
NOTCH1	0.47134337387796	0.07041251612218556
NOTCH2	0.39949422134294893	0.07066684270231587
NOTCH3	0.43504214741234776	0.0983328248140943
NOTCH4	0.32102145966725587	0.028924603043086063
NOTUM	1.595715771403693	0.10652752713674467
NOVA1	0.46812351648310346	NA
NOVA2	0.33524039919768117	NA
NOX4	1.2415123526883485	0.23195174738397142
NOXA1	0.4149053316441638	NA
NOXO1	NA	0.11742619514596618
NOXRED1	0.28608068844299234	NA
NPAS1	0.6594059381648147	NA
NPAS2	0.7022821831673851	0.16657516238129885
NPAS4	0.8702901015515556	NA
NPAT	0.1800154008225606	0.08267889636633576
NPB	1.1984632612790638	NA
NPC1	0.289517399329533	0.03712554709926838
NPC1L1	0.7427722050658526	NA
NPC2	0.37782670804202206	0.1367133722940248
NPCD	NA	0.13033089654373894
NPDC1	0.2890967634259559	0.1855935475766994
NPEPL1	0.3158145346156742	0.10472456905234069
NPEPPS	0.2804499251186511	0.03900872832700887
NPFF	NA	0.21976779781776004
NPFFR1	0.5642253372771276	NA
NPHP1	0.3037742634864315	0.1291215261415164
NPHP3	0.5725199189652251	0.12303016069869069
NPHP4	0.2483597969014831	NA
NPHS1	0.8176670883860734	0.14859740890823978
NPHS2	0.8518118448998461	0.27216205792456405
NPL	0.5046776331122044	0.24094446502341688
NPLOC4	0.25590630441678275	0.0984268685005666
NPM1	0.22136555110974354	0.07293088810687637
NPM2	0.9470301170892246	0.112978710646106
NPM3	0.2220570840168487	0.34426502622169114
NPNT	0.6442788756986166	0.24382033291574862
NPR1	0.5142253646286556	0.1479801249184931
NPR2	0.604839377195207	0.17244703034551298
NPR3	0.798131413357534	0.15367176168435395
NPRL2	0.2707257094029711	0.10821760248670376
NPRL3	0.256169847874008	0.11359755435182108
NPTN	0.193064526528969	0.05996539403459747
NPTX1	0.7973493846754638	NA
NPTX2	2.096170039195606	NA
NPTXR	0.45481811488515245	0.11081473951645156
NPW	0.39665429104712796	NA
NPY	NA	0.8350390160589626
NPY1R	0.7638483991806457	0.14885462848359976
NPY2R	1.03232641485174	NA
NPY6R	NA	0.2143598154513676
NQO1	0.5471947745126741	0.12773323184968785
NQO2	0.7602559761162049	0.11751148566077074
NR1D1	0.6144806097711796	0.2763443240646703
NR1D2	0.26567971936320345	0.15556214938644736
NR1H2	0.22798651687757968	0.10149134723488726
NR1H3	0.29474870440520207	0.07285436685118135
NR1H4	0.8789090651389284	0.23726240526688888
NR1I2	1.277892305093182	0.182033056497575
NR1I3	1.292807120239499	NA
NR2C1	0.28263532917233525	0.09561623571555136
NR2C2	0.23448872358273312	0.06899233341465767
NR2C2AP	0.25556280561659966	0.23763452711265046
NR2E1	0.8371810023639413	NA
NR2F1	0.9102664401601557	NA
NR2F2	0.23551263006448758	0.1878564524164034
NR2F6	0.5377514279309639	0.18579071037958683
NR3C1	0.22063766191725892	0.1278459947737893
NR3C2	0.34728473681933236	0.2772275822399829
NR4A1	1.2733942932646787	0.3795902250884273
NR4A2	0.6817825756704795	NA
NR4A3	1.2313760436256125	NA
NR5A1	NA	0.0
NR5A2	1.123715911003213	NA
NR6A1	0.22836077300208188	NA
NRADD	NA	0.12760758666688748
NRARP	0.3725798435586721	0.3057763102271494
NRAS	0.27527452934230695	0.15791766123986994
NRBF2	0.18960234640235665	0.1391981667510331
NRBP1	0.16359348227066883	0.08569067155389443
NRBP2	0.4298118665699114	0.22455761124369789
NRCAM	1.0914466555326905	NA
NRD1	NA	0.07338744594726988
NRDC	0.21816042495153717	NA
NRDE2	0.20484011248405462	0.14247536018098064
NREP	NA	0.24345286661717727
NRF1	0.24869123439763235	0.0688797570987156
NRG1	0.9611140347398915	0.14731699911658913
NRG3	1.3902348519534093	NA
NRG4	0.6621626342855038	NA
NRGN	0.9467938652383853	NA
NRIP1	0.39467472097793443	0.11390407324148366
NRIP2	1.071785942690294	0.23825675668173749
NRIP3	0.9526437573576023	NA
NRK	1.0162795854885722	NA
NRL	0.43099102832390873	NA
NRM	0.5898083991004706	0.1292635989697466
NRN1	0.6885446223076528	NA
NRN1L	0.7287728834258709	NA
NRP1	0.6660064964383279	0.0756956600648525
NRP2	0.49460913676267976	0.11676928006069384
NRROS	0.7251272928712016	0.06511449935710854
NRTN	0.7297687123091482	0.1947154608723718
NRXN3	1.4155920584196247	NA
NSA2	0.2524887741889096	0.08266267017891478
NSA2-PS1	NA	0.17055128839428702
NSD1	0.1505575555685588	0.12315440740063144
NSD2	0.21159286301927585	0.04901783656401991
NSD3	0.25575437382843014	0.032390852091035996
NSDHL	0.3368127006417939	0.06025827762388468
NSF	0.2828056789759939	0.08525759143324489
NSFL1C	0.18982160841432097	0.062376472564583396
NSG1	0.8338685371870025	NA
NSG2	NA	0.09541507986833392
NSL1	0.464952433341192	NA
NSMAF	0.7635371434517237	0.07358672218396677
NSMCE1	0.1638174184658428	0.1440755298925322
NSMCE2	0.310600753524028	0.15515514499897484
NSMCE3	0.13271838361520377	0.0844795108291921
NSMCE4A	0.34513978826024844	0.13215670434403706
NSMF	0.276321948243909	0.2052996746079993
NSRP1	0.19217828697581146	0.10704703696756197
NSUN2	0.1263778352342197	0.0637646137625729
NSUN3	0.2772201852597016	0.10558651568303047
NSUN4	0.4775195588219718	0.19760362846111432
NSUN5	0.22789826887365877	0.04690336976783209
NSUN6	0.3757913353767912	0.041339640849231064
NSUN7	0.5629583730328817	NA
NT5C	0.38001108085270247	0.09298961075210983
NT5C1A	0.741046399245703	0.10757439461816318
NT5C2	0.4152981366533549	0.097981309267062
NT5C3A	0.21634799909463692	0.045791621491854326
NT5C3B	0.12884055149813062	0.11440740505066756
NT5DC1	0.32165351000350806	0.10762021765633807
NT5DC2	0.45839591898936377	0.16084290648277824
NT5DC3	0.5212367544842865	0.13258834675047718
NT5E	0.7838871124518054	0.19192548796100592
NT5M	NA	0.02158566649532766
NTAN1	0.3107446148458037	0.10004553982583765
NTAQ1	0.3037707796144808	NA
NTF4	NA	0.11265920918529382
NTHL1	0.4398747987997892	0.0985576597141798
NTM	0.8847851092706566	NA
NTMT1	0.15085608838513642	0.21733364270459263
NTN1	0.595158163779736	0.09170414838206312
NTN4	0.6477838903631723	0.09497385005852092
NTNG1	1.5595884998783607	NA
NTNG2	0.5438834391583887	0.09328867114351447
NTPCR	0.4455332196034549	0.12947049627414664
NTRK2	0.3888137581386978	NA
NTRK3	0.6671897938725329	NA
NTS	1.4864586400177036	NA
NUAK1	0.23550613291463116	0.2160785963438279
NUAK2	0.4808908298137863	0.45644401737062357
NUB1	0.23015890775859868	0.11101172743875734
NUBP1	0.2680320576721814	0.0598509558816206
NUBP2	0.2637028318242098	0.09083384841439564
NUBPL	0.23527236275884228	0.1283611069765855
NUCB1	0.2803777336357406	0.07788613395547317
NUCB2	0.34268799962123664	0.2146352644621874
NUCKS1	0.2712255440184924	0.19321088838420697
NUDC	0.14186638345013045	0.060429962838111084
NUDC-PS1	NA	0.13721169897290122
NUDCD1	0.31217015971461387	0.08705475517166002
NUDCD2	0.21068029884065903	0.10407811408068594
NUDCD3	0.13166303329632983	0.16428815663830426
NUDT1	0.21338662795853294	0.09240614616384933
NUDT10	NA	0.15541642186701576
NUDT12	0.6171219266628617	0.10096630683336562
NUDT13	0.9419639204092927	0.08121452698725848
NUDT14	0.3561598279200815	0.17218120086055974
NUDT15	0.3094218027168428	0.14859872280074357
NUDT16	0.4061804580557204	0.1901605378284647
NUDT16L1	0.2607830371024331	0.15239715631200318
NUDT17	0.17635483058326656	NA
NUDT18	0.25440313593625347	0.14117525574714057
NUDT19	0.5860135809750906	0.36399587198050115
NUDT2	0.2606267484844174	0.07760784808607983
NUDT21	0.15931883907986744	0.06742941903489098
NUDT22	0.2893605088816686	0.17092173302810193
NUDT3	NA	0.13125477896700505
NUDT4	0.6382536731703181	0.11958470580736663
NUDT5	0.36284768654751737	0.09328306272675571
NUDT6	0.222726736048522	0.16051419908826048
NUDT7	0.9277567802585566	0.07263618543673402
NUDT8	0.4732273458217913	0.09783321531704316
NUDT9	0.2932013843116429	0.10522872750339637
NUF2	0.3813349689973665	0.10983624900100464
NUFIP1	0.1742853430375397	0.10046179811911755
NUFIP2	0.27848412302047587	0.14919608924966693
NUGGC	0.9402823149547884	NA
NUMA1	0.20255930538110797	0.09142609183121646
NUMB	0.2127292061282856	0.10687555193683028
NUMBL	0.7316506359011462	NA
NUP107	0.24110421232073442	0.10249082784334228
NUP133	0.3312863203886643	0.060977420471714804
NUP153	0.11383790888889019	0.14750068205290384
NUP155	0.22320757570804622	0.07035685088191912
NUP160	0.21487495927955932	0.08851440736785689
NUP188	0.14566974617376413	0.09482120967604905
NUP205	0.17645410450706905	0.03596212728283639
NUP210	0.5622041465576088	0.15975362381929004
NUP214	0.11502547519891916	0.18473798747758188
NUP35	0.1305239269945479	0.11840000352270819
NUP37	0.23126289346523182	0.08279695735567653
NUP42	0.2343745132321703	NA
NUP43	0.18469294696135197	0.08669120792998113
NUP50	0.12444237123589492	0.07941097053533085
NUP54	0.17622219497022548	0.09648460588340914
NUP58	0.1338989373045658	0.07952205710069178
NUP62	0.12946350361179368	0.13174476046042718
NUP85	0.09840402280022574	0.08195453778358192
NUP88	0.13655752102412502	0.07143158914705056
NUP93	0.3873996659610661	0.03780906508508627
NUP98	0.16316404355646635	0.07553614600983277
NUPL1	NA	0.12960559623350856
NUPL2	NA	0.0775285420359897
NUPR1	0.5629171922420656	0.25304458851906153
NUPR2	0.33614233168621815	NA
NUS1	0.32763834517620216	0.18423349316958335
NUSAP1	0.6674709566095843	0.19624892325327917
NUTF2	0.22900801904692386	0.1644943830083288
NUTF2-PS1	NA	0.19645230887047402
NUTF2-PS2	NA	0.32178761937699674
NVL	0.20629414648051314	0.11900544397969406
NWD1	NA	0.09678232876320411
NXF1	0.41457849448739104	0.1412461371941694
NXN	0.6883227548501841	0.08730543604155086
NXNL2	0.8662993599417996	NA
NXPE3	0.4023323113240911	0.08560745226007377
NXPE5	NA	0.15038851015199756
NXPH1	1.2391613352261857	NA
NXPH3	0.7838629261499034	NA
NXPH4	0.9578305990895706	NA
NXT1	0.20755710018690945	0.10822048755650081
NXT2	0.308872560569181	0.10510849518121855
NYAP1	0.5946416368947062	NA
NYNRIN	0.7177769038984493	0.14822228338496019
OAF	0.3592940192609878	0.16465931069858872
OARD1	0.17769048115811653	0.10059400909161871
OAS1	0.5554494016055348	NA
OAS1A	NA	0.27780975350536774
OAS1C	NA	0.17125205583534342
OAS1G	NA	0.3193445600274687
OAS2	0.6884971530459179	0.035585331983156665
OAS3	0.9184646359925065	NA
OASL	1.1810771946755356	0.13824053694867322
OASL2	NA	0.18591689710649137
OAT	0.5406339162429051	0.21619888796714623
OAZ1	0.19565188656473081	0.1943572570167602
OAZ1-PS	NA	0.9162439975937181
OAZ2	0.12155462026281073	0.12328902948026264
OAZ2-PS	NA	0.3306269228842687
OAZ3	0.44721680774495615	NA
OBI1	0.2078373126776469	0.05015971410252741
OBSCN	0.6262622503887271	NA
OBSL1	0.5231596584553788	0.09307152334528261
OCEL1	0.32789280944104277	0.09886231043104453
OCIAD1	0.3285005403319758	0.11211477657167189
OCIAD2	0.5946483666145457	0.12476531887355585
OCLN	0.5902382204684025	0.20541265092832628
OCRL	0.2419875905856008	0.10058957336351732
OCSTAMP	1.9609353550562272	NA
ODAD1	0.7559328022723978	NA
ODAD3	0.5348378568512206	0.06031569663450271
ODAD4	0.7187032997267395	NA
ODAPH	1.269642049243791	NA
ODC1	0.2515355462672897	0.13381284608088417
ODF2	0.28387325483856884	0.2103784535280844
ODF2L	0.33623430574856644	0.11417694780891473
ODF4	1.3187407313121278	NA
ODR4	0.23835020351100675	0.06560304383925532
OFD1	0.15669384907233105	0.14406154211176014
OGA	0.2663385411546383	0.17166860032146428
OGDH	0.5600032073578447	0.05051614643676006
OGDHL	0.7989761884784181	0.07615573614987438
OGFOD1	0.18219058380111314	0.08750676814241057
OGFOD2	0.19723240510841722	0.10462399907215386
OGFOD3	0.28348698819181023	0.1454640803845472
OGFR	0.24714875372695203	0.1305150987509144
OGFRL1	0.4581779575186241	0.18283310110715167
OGG1	0.4031790591857979	0.19441775306869036
OGN	0.8278818001431668	0.10525640870979619
OGT	0.3890500374134856	0.1226288365062572
OIP5	NA	0.15947714244305436
OIP5OS1	NA	0.09946602543282404
OIT1	NA	0.15821342025391513
OLA1	0.343107549411721	0.07081704394372741
OLFM1	0.6180594642813874	0.3181590692497886
OLFM2	0.866059686674391	NA
OLFM3	NA	0.20082732429107386
OLFM4	0.6828178139059492	0.29970243376542205
OLFML1	0.7469096201269094	0.12293145640959662
OLFML2A	0.7524184348801395	0.10008569207866701
OLFML2B	1.1310339480380829	0.07771717951533215
OLFML3	0.5218425412086487	0.2615694817705352
OLFR1033	NA	0.25233839781977274
OLFR56	NA	0.06113321769440969
OLR1	1.4024005359473863	NA
OMA1	0.44693336041834275	0.1276387608361395
OMD	0.890878815183304	0.32404933102859573
ONECUT1	1.4513221349912846	NA
OPA1	0.380489871616969	0.13700231616570455
OPA3	0.45369647187268314	0.10545118023012898
OPHN1	0.18135948581966996	NA
OPLAH	0.4544169522685823	0.13745943901384605
OPN3	0.45934738035593997	0.1267703985840951
OPRL1	0.46809155553661125	NA
OPTN	0.4802494986912532	0.2773896264156636
ORAI1	0.30856747574621884	0.1556393007707146
ORAI2	0.37970477445251627	0.0902380862253931
ORAI3	0.21392324333477786	0.07916681573353554
ORC1	0.6252281689863622	NA
ORC2	0.15487807885463323	0.07872451556697926
ORC3	0.3641989879454549	0.07619628463784583
ORC4	0.10182827604267225	0.1282497389093796
ORC5	0.16428735629705257	0.13430831341493088
ORC6	NA	0.13764271302006634
ORM1	NA	1.3820272083287022
ORMDL1	0.15383912741182687	0.0558255083621693
ORMDL2	0.17828972345240554	0.19022820257234543
ORMDL3	0.3961268211125817	0.07991351798374163
OS9	0.185442428567491	0.08014629837057144
OSBP	0.365927728699697	0.05790273355488648
OSBP2	1.9415371030692425	0.13658915008902872
OSBPL10	0.4274120220005907	0.1145560648459001
OSBPL11	0.2313436390994831	0.08729742301751607
OSBPL1A	0.44415344372326593	0.141991990059402
OSBPL2	0.13139895372411153	0.08737314502026322
OSBPL3	0.3567204074963097	0.13843172565397038
OSBPL5	0.4212340768020618	0.252199165229424
OSBPL6	0.3088471744045567	0.2486888087543333
OSBPL7	0.5991354710044198	0.11230175045773455
OSBPL8	0.5147871565844435	0.13227583540822097
OSBPL9	0.14305571120330704	0.2098234764457933
OSCAR	1.336154997319168	NA
OSCP1	0.29141509871149124	0.16364274524017264
OSER1	0.22386408974051872	0.1258087984951882
OSGEP	0.2751618618040361	0.07534353522838128
OSGEPL1	0.3413737153597408	0.10201633203567508
OSGIN1	1.0087505578383062	0.29903511451651277
OSGIN2	0.3385972583883266	0.04693207882288431
OSM	1.8433318315518563	NA
OSMR	0.6235315768606705	0.06313874726903981
OSR1	0.8129787557536968	NA
OSR2	NA	0.17661813203029014
OST4	0.2583768635344054	0.11628095265221607
OSTC	0.24106066116697672	0.15613748466494545
OSTF1	0.23003367994651222	0.1426522115326161
OSTM1	0.4001479140144175	0.08185738543475374
OTOF	0.7756646111599674	NA
OTUB1	0.20213538246213275	0.06578233203287599
OTUB2	0.3153303693226989	NA
OTUD1	0.38331654044302954	0.14065437935984523
OTUD3	0.1619763325946287	0.17588820512664927
OTUD4	0.24984794070768024	0.07764498447266036
OTUD5	0.26531756574224696	0.05199291086885261
OTUD6B	0.2736698999998604	0.11097938963452599
OTUD7B	0.4019905069395554	0.08390545048616213
OTULIN	0.3863365544039189	0.08344276087401127
OTULINL	0.4425508140426377	0.09604289407374342
OVCA2	0.15078164612329947	0.03939229582203768
OVCH2	1.210235363007534	NA
OVOL1	0.7854433418070218	0.2124113971040783
OVOL2	0.6628348381740711	0.13963234287106138
OXA1L	0.4172593563963271	0.11140211780631279
OXCT1	0.5802463940896376	0.12623406643598714
OXER1	0.7170631847356326	NA
OXGR1	1.439280909836715	0.14822435447388824
OXLD1	0.2423401344189238	0.22828823000639217
OXNAD1	0.3661797485660033	0.10072053348913929
OXR1	0.46394939285505	0.1381227294990623
OXSM	0.47715052975731725	0.06132131734482672
OXSR1	0.2934352351845253	0.06592260006973373
OXT	0.8031341519149845	NA
OXTR	1.3907217040808015	NA
P2RX1	0.869293954702731	0.1478955599554488
P2RX2	0.9254105937670365	NA
P2RX4	0.32431914720263133	0.06295768316398499
P2RX5	0.6357149942343931	0.29171319444287
P2RX7	0.765397980287977	0.09604844136702725
P2RY1	0.43899526020105745	0.1443483807254109
P2RY10	1.8593664821787048	0.15259563382864771
P2RY12	NA	0.09397059623342967
P2RY13	1.0031782274966257	0.09009781844705048
P2RY14	0.9104943082000173	NA
P2RY2	0.5225468067853025	0.21292912285544155
P2RY6	1.059041831652632	0.23299646123825693
P2RY8	1.9511061518654935	NA
P3H1	0.6542885885847276	0.09905800699354164
P3H2	0.38189466490864526	0.22946283811685475
P3H3	0.45695619518050545	0.19464688419789422
P3H4	0.30323789503678605	0.1848314334714565
P4HA1	0.40570147082071	0.4105299856509665
P4HA2	0.3309404993499429	0.22518250945483656
P4HA3	1.723346406420777	NA
P4HB	0.26085985534461403	0.1274810317419232
P4HTM	0.16318357309537834	NA
PA2G4	0.1417860616642922	0.07599961272277526
PAAF1	0.26825719474195486	NA
PABIR1	0.15064254488285778	NA
PABIR2	0.12748776527832129	NA
PABPC1	0.22706621729512436	0.05965120615100751
PABPC4	0.23474505778069849	0.09941810200429141
PABPN1	0.215838581039831	0.1363724795556713
PACC1	NA	0.21023690559914865
PACRG	NA	0.2438984870015972
PACRGL	0.19000462803821672	NA
PACS1	0.31650793136416494	0.1099399147612713
PACS2	0.1907064729118091	0.06523208592941318
PACSIN1	0.6455366398216181	NA
PACSIN2	0.2637731988247184	0.07181166803118509
PACSIN3	0.4921941099404317	0.04644763652711594
PADI1	1.8417219156969842	0.035621265791501294
PADI2	1.576453580726429	0.1525451923125875
PAF1	0.17357303057597845	0.0812709777212134
PAFAH1B1	0.21189585309798858	0.11910984918640882
PAFAH1B2	0.13613304917940136	0.07590125745208111
PAFAH1B3	0.39866359701723564	0.15996378309139442
PAFAH2	0.6027615242893148	0.0763464243059559
PAG1	0.973598611896719	0.13459468775006664
PAGR1	0.24403699453432554	NA
PAGR1A	NA	0.06338810457820608
PAGR1B	NA	0.08736287064726754
PAH	1.2429891571893794	0.13711980519360817
PAICS	0.27712696191941094	0.07355114110286269
PAIP1	0.2508173327772896	0.08065922619546324
PAIP2	0.15828244885794016	0.14607185082709387
PAIP2B	0.2956348122131607	0.20495709054499636
PAK1	0.35410232822122817	0.06532426706395442
PAK1IP1	0.18733492939155869	0.055414045844154595
PAK2	0.20821579112518185	0.05416454166719238
PAK3	0.670540592779968	NA
PAK4	0.24723581687726917	0.09224015901752218
PAK6	0.4408459787930931	0.09548574565898382
PALB2	0.21804073381412523	NA
PALD1	0.6670304886299091	0.10081211629540175
PALLD	0.5866661089305653	0.46388760589953554
PALM	0.24422434425302747	0.10148666147879291
PALM2AKAP2	0.26050244173609394	0.21224518878183554
PALM3	0.4442956186590877	0.38565325599513367
PALMD	0.6991625989019477	NA
PALS1	0.4039344441778748	NA
PALS2	0.30266681239669674	NA
PAM	0.46587643716661487	0.11143360547225792
PAM16	0.4440453836657812	0.12749629354223505
PAMR1	1.4719509580696195	0.060113872717807285
PAN2	0.26703075821908695	0.1804317114638264
PAN3	0.2071702447453767	0.13832911069615497
PANK1	0.6251706767930267	0.2958593189047738
PANK2	NA	0.08279982396358906
PANK3	0.39668292838281055	0.2223418708767515
PANK4	0.26777096666851813	0.07736603085142668
PANTR1	NA	0.2055378071033071
PANTR2	NA	0.14414495283511775
PANX1	0.6593918764400442	0.06631637623376727
PANX2	0.8043799399855336	NA
PAOX	0.9755492254186855	0.21304080484963922
PAPLN	0.5775379126675947	NA
PAPOLA	0.1628663820527995	0.15092189595949923
PAPOLG	0.47182836218563096	0.13534149354594094
PAPPA	1.0024322926958564	0.11984726209715875
PAPSS1	0.25932850046926037	0.16246510219216004
PAPSS2	0.7592085176237259	0.14731018188209913
PAQR3	0.47511696985748664	NA
PAQR4	0.3940408721808162	0.11871038246540251
PAQR5	0.5821476034327884	0.12139158155485137
PAQR6	1.049446316117341	NA
PAQR7	NA	0.16747999572252062
PAQR8	0.2896141508391888	0.08132895422037999
PAQR9	NA	0.19962155063613718
PARD3	0.37334334741628056	0.06539456092958784
PARD3B	0.2736778982025014	0.037064300384564236
PARD6A	NA	0.1355979266634129
PARD6B	0.5467857001319553	0.16590947425061325
PARD6G	0.5165909242638809	0.1608907951049375
PARG	0.17867308099518528	0.08430157042261811
PARK7	0.4312295128529313	0.11474782821416815
PARL	0.3237075410863093	0.10360647003189562
PARM1	0.7135142597612966	0.13214390342909274
PARN	0.18705593894947922	0.16421519633348533
PARP1	0.16913896996170322	0.08471676558793693
PARP10	0.3587612931909766	0.28126541933894705
PARP11	0.8088634230640119	0.08472087712645152
PARP12	0.28469146675841317	0.10404409411354636
PARP14	0.9940038272960203	0.159414657518509
PARP15	0.9033240625950945	NA
PARP16	0.21580787604555726	0.05308676031691525
PARP2	0.2340586885142461	0.12422460620582619
PARP3	0.5746382031227941	0.13509735973622544
PARP4	0.36130262552678427	0.10165052613365197
PARP6	0.33047947142995115	0.057010715199557284
PARP8	0.8815181570534407	0.11062407460908795
PARP9	0.417313564405471	0.13693895659333333
PARPBP	NA	0.08429353953132092
PARS2	0.3940232122707423	0.11606818497386477
PARTICL	NA	0.1345338169717336
PARVA	0.2026766987525664	0.06419463401733687
PARVB	0.29766330601279223	0.15949755653186395
PARVG	1.485425174000078	0.07106550810432614
PASK	0.3855966807961394	NA
PATJ	0.38744905579120165	0.055887846834880996
PATL1	0.17631205412429715	0.05677825711625583
PATZ1	0.25019648924285603	0.1216432654458361
PAWR	0.25827081707552574	0.1883284455334405
PAX2	0.44268650019470596	0.13222971750561643
PAX5	2.5202221019051017	NA
PAX8	0.2963471707990576	0.06347567365439419
PAXBP1	0.17196590608801182	0.07768137393386979
PAXIP1	0.30772555280988007	0.13529714748538527
PAXX	0.34080271651667676	0.21040007701124427
PBDC1	0.1471998237659763	0.11388147583675425
PBK	NA	0.2809993873936167
PBLD	1.0083560316248665	NA
PBLD1	NA	0.13234538131086288
PBLD2	NA	0.3717388076784639
PBRM1	0.20993941535456329	0.08369856305098837
PBX1	0.2859401508962733	0.15175981625889823
PBX2	0.18396042681902172	0.1639677507890493
PBX3	0.6605662998016116	0.14316197700951175
PBX4	0.950765338671436	NA
PBXIP1	0.25754712829697174	0.21107339990166363
PC	0.5712487284375319	0.1651792340786394
PCBD1	0.5886216299693445	0.13546297996108764
PCBD2	0.4441255476583113	0.06749073026148161
PCBP1	0.2800431098956009	0.1242289492478578
PCBP2	0.23092243979245025	0.050029703718122584
PCBP3	NA	0.10004606137825303
PCBP4	0.28865604158014746	0.2190736262384521
PCCA	0.6132272795735446	0.12614389480915025
PCCB	0.5847984615381961	0.04484556433325961
PCDH1	0.43617954459249725	0.11020566045343307
PCDH11X	0.6424474809820442	NA
PCDH12	0.6037768331258598	0.12693566383224697
PCDH15	0.9310153635356898	NA
PCDH17	0.5442887568448396	0.21985545447585608
PCDH18	0.9592157555574843	0.13142904978461165
PCDH7	0.8298019932868935	0.10608168314446363
PCDH9	0.6812142814124925	NA
PCDHB16	0.5634632780786203	0.11571587374975822
PCDHB3	1.007929707234815	NA
PCDHB4	0.7171481428856984	NA
PCDHB5	0.6446528150857862	NA
PCDHB8	0.6907860731543192	NA
PCDHGA1	NA	0.2453585802380539
PCDHGA10	NA	0.2384412254608463
PCDHGA11	NA	0.25501918660203277
PCDHGA12	NA	0.23669914065974698
PCDHGA2	NA	0.2529402267449969
PCDHGA3	NA	0.24330357506210848
PCDHGA4	NA	0.25129008353161614
PCDHGA5	NA	0.2627824999196735
PCDHGA6	NA	0.2580066467686778
PCDHGA7	NA	0.26761084524074213
PCDHGA8	NA	0.24880727715883633
PCDHGA9	NA	0.24621158993801912
PCDHGB1	NA	0.24040971645329098
PCDHGB2	NA	0.23392725255439256
PCDHGB4	NA	0.24683816864436364
PCDHGB5	NA	0.22655336048299413
PCDHGB6	NA	0.2696275432017016
PCDHGB7	NA	0.25377278216111937
PCDHGB8	NA	0.25733898973189245
PCDHGC3	NA	0.21777723881148978
PCDHGC4	NA	0.24671621919787365
PCDHGC5	NA	0.22827670198854946
PCED1A	0.2218226934947951	0.08813567975329298
PCED1B	1.433846815690579	0.17747434449031538
PCF11	0.24975549968861668	0.1498856680203569
PCGF1	0.25250284780792476	0.2801669268142934
PCGF2	0.39279784366997483	0.2168900709212099
PCGF3	0.16593948574904452	0.1012887797172073
PCGF5	0.2832000884075624	0.15301655627014654
PCGF6	0.3604020216566749	0.12453863763270646
PCID2	0.10049185875216662	0.0946848701135638
PCIF1	0.15293163878363897	0.12188233564244791
PCK1	1.6032110613214126	0.4779590024115829
PCK2	0.7247104368441994	0.08487330681697436
PCLAF	0.3365511553102034	0.04976369608639972
PCLO	0.6074822506111449	NA
PCM1	0.19938079611049758	0.0732867640381673
PCMT1	0.1614403549005228	0.09617578818762769
PCMTD1	0.1335881609397957	0.10693699429219633
PCMTD2	0.24882181001471337	0.10516095282335955
PCNA	0.26354647962665995	0.03655876260119632
PCNA-PS2	NA	0.2485092934304747
PCNP	0.12601837089556361	0.04933435525406819
PCNT	0.15058366039373053	0.13787692693148734
PCNX	NA	0.13140351518852153
PCNX1	0.17041210625249156	NA
PCNX2	0.4806705815314994	NA
PCNX3	0.1324566239127665	0.08340481585392409
PCNX4	0.18558087159254336	0.17350222964125406
PCOLCE	0.7421398033342961	0.22154672014421065
PCOLCE2	0.5505443200666144	NA
PCP4	0.8115727049521074	0.36948200512137497
PCP4L1	1.139153875626943	0.5907252895026431
PCSK1N	0.9049092351723717	NA
PCSK4	0.2611348514825582	NA
PCSK5	0.6026797084616055	0.059292966899548494
PCSK6	0.5807361719883057	0.4196659672359547
PCSK7	0.14502684188432893	0.108342761649209
PCSK9	NA	0.14637354396475458
PCTP	0.396490325018944	0.057441059817320964
PCYOX1	NA	0.12223215472754013
PCYOX1L	0.49990466381600124	0.12450466778706117
PCYT1A	0.29301425792093255	0.1803259635098763
PCYT1B	0.943784193009819	NA
PCYT2	0.6137205515957822	0.10303750520453782
PDAP1	0.17616526344123037	0.10930194360161442
PDC	1.8136878888849681	NA
PDCD1	1.074870208939437	NA
PDCD10	0.1713044071407375	0.14883099073046585
PDCD11	0.678765693725304	0.1811905246211294
PDCD1LG2	0.7578723633027417	NA
PDCD2	NA	0.0947156497427945
PDCD2L	0.3721336538978358	0.1540458068212406
PDCD4	0.3546524215593976	0.161961429204778
PDCD5	0.17400382527428146	0.10455336417736937
PDCD5-PS	NA	0.20410409769496352
PDCD6	0.26314123351964636	0.06448947966733778
PDCD6IP	0.2793021058661402	0.09119051266985491
PDCD7	0.23029290866750593	0.1743455486398705
PDCL	0.25725604925922235	0.07998751837846639
PDCL3	0.19288039322150466	0.039633408844579915
PDE10A	0.5601635789531167	NA
PDE11A	0.679505627513035	NA
PDE12	0.49117022948858274	0.15512033202554584
PDE1A	0.46548332017328947	0.1510897900241375
PDE1B	0.9409209844118609	NA
PDE1C	0.5124256480129665	NA
PDE2A	0.45310840422338206	0.29327301496578667
PDE3A	0.35661410928652776	0.054517133265008046
PDE3B	0.3577275475751285	0.3167303296648998
PDE4A	0.4276996089552664	0.07959090346332925
PDE4B	0.5056292789509552	0.1429245195938602
PDE4C	1.1230064342502069	0.13718189755239565
PDE4D	0.44405336528682443	0.16544317608132217
PDE4DIP	NA	0.18432148366919102
PDE5A	0.7525025189618962	0.1605939346223203
PDE6A	NA	0.14807441350966313
PDE6D	0.17320734874338503	0.11470191094133149
PDE7A	0.5896197893562342	0.0637407620969308
PDE7B	0.40715795980877667	NA
PDE8A	0.42703803407650776	0.08414117079087263
PDE8B	0.5954652003543768	0.11212554046258391
PDE9A	0.814537100350604	0.21702641770485814
PDF	NA	0.07369237267518958
PDGFA	0.41965671294478346	0.1610509946105013
PDGFB	0.647188325517183	0.12427981011828433
PDGFC	0.45008096735693803	0.13646127804785244
PDGFD	0.4062362952587873	0.13817089272470737
PDGFRA	0.9219740962432208	0.17260063741153128
PDGFRB	0.6679919028550283	0.18311682988628064
PDGFRL	0.9468048238533551	NA
PDHA1	0.46402936974855613	0.1352225829941422
PDHB	0.45391809093539415	0.15970744768267398
PDHX	0.4406408680650618	0.045619900635363114
PDIA3	0.11591896942642334	0.30318096186591964
PDIA4	0.1709557798117854	0.4587922220199058
PDIA5	0.30335988288269305	0.40258290347666803
PDIA6	0.16667801707095706	0.331159871087225
PDIK1L	0.29243539433272153	0.05065513136025773
PDILT	1.1166856888194523	0.2416196679503202
PDK1	0.4566563431737393	0.25706695079073244
PDK2	0.224800063042506	0.12616869705307232
PDK3	0.6584696109228526	0.1379017123984488
PDK4	1.3928888108341066	0.4279014425454331
PDLIM1	0.5092005011946383	0.05914542278209727
PDLIM2	0.5112885379399348	0.20798467776712012
PDLIM3	0.5226918278052087	0.06607213493060214
PDLIM4	0.768228650507817	0.04303073853629261
PDLIM5	0.30555272510621284	0.08168144601440847
PDLIM7	0.7495228994781198	0.1293182549968528
PDP1	0.3914725090603626	0.1401553653156748
PDP2	0.3641634115327493	0.17305397355716193
PDPK1	0.3646617157567039	0.032459702374190755
PDPN	0.5362206764117536	0.14785017415970456
PDPR	0.1385374240138137	0.12247176879625146
PDRG1	0.184767614969303	0.07440106511546965
PDS5A	0.17094759761759143	0.037931902892161175
PDS5B	0.22814866703686204	0.06893230344019922
PDSS1	0.7555386759438518	0.09318021613459518
PDSS2	0.40537089536988113	0.1622325296239053
PDXDC1	0.26832954996371067	0.13243876922116
PDXK	0.2759707042052019	0.2246866724583917
PDZD11	0.1971035864581392	0.07811054408037217
PDZD2	0.37505280717947853	0.18714361004484859
PDZD3	0.5212472783463896	0.10694108803879308
PDZD7	0.9160204759221156	NA
PDZD8	0.22690053050932807	0.05343175696684337
PDZK1	0.3906846448813135	0.16471875490796287
PDZK1IP1	0.6742650221211446	0.20014220673703143
PDZRN3	0.6058388245360335	0.18414829417397213
PDZRN4	0.867822683946043	NA
PEA15	0.36399578552394907	0.1535703956013364
PEAK1	0.2813192963501789	0.17740038677478476
PEAR1	0.5960662351650525	0.11793412983621022
PEBP1	0.5375924579318695	0.0701988143225569
PEBP4	0.8523438541859173	NA
PECAM1	0.83966425305624	0.16953390296598395
PECR	0.84931176502523	0.04460539299822734
PEDS1	0.4972897379663279	NA
PEF1	0.13695123025575795	0.06688430099028297
PEG10	0.7579312629566192	NA
PEG13	NA	0.11212187680185198
PEG3	0.3207785106737126	0.09082402561782595
PELI1	0.7940904026249074	0.16327425667966444
PELI2	0.32776920770085943	0.07038882957319811
PELI3	0.5546920946733883	NA
PELO	0.30061707241638685	0.25533763978189217
PELP1	0.20906290591352514	0.2073640599777482
PEMT	0.4993402095370889	0.1626544630831215
PENK	1.6033583420680195	0.32699896757258695
PEPD	1.0056341069443104	0.09523173419019175
PER1	0.541419851704316	0.5250211523160606
PER2	0.7081462576941501	0.3134277584316934
PER3	0.9518429474892796	0.19016382295425638
PERM1	NA	0.09985131100559343
PERP	0.6454809398522067	0.13748039481883426
PES1	0.22717609405453554	0.07052592115544624
PET100	0.19001618788599103	0.22715919129567128
PET117	0.39822625223347685	0.10570482003012695
PEX1	0.267591240447607	0.11016068678945844
PEX10	0.3379112941445467	0.11496627677298872
PEX11A	0.3885707251758101	0.10846556852487799
PEX11B	0.13631259672757756	0.14115788355868925
PEX11G	0.3941189991579673	0.09933671307993741
PEX12	0.4778264296063867	0.06793852715546254
PEX13	0.42366664645215973	0.09484827131431435
PEX14	0.23020646359820024	0.1436332985817883
PEX16	0.22749850615053685	0.17097441531724555
PEX19	0.3914612466805044	0.14759240368713214
PEX2	0.18249072440101538	0.06852789739674912
PEX26	0.23796775019017027	0.08905071211235649
PEX3	0.25829070717081354	0.16395141215033648
PEX5	0.40509603833807284	0.09521007120000904
PEX6	0.37363496039912636	0.07070802196691378
PEX7	0.40198872134606073	0.11012851576594485
PF4	NA	0.2798170270151733
PFAS	0.2752065127165241	0.05268233224462934
PFDN1	0.2981925558525396	0.10894924167600072
PFDN2	0.18252892221063619	0.13575279662592538
PFDN4	0.25018716650644846	0.13379577750889185
PFDN5	0.2080027068934876	0.07527265453714958
PFDN6	0.3148780421923764	0.19524879837385817
PFKFB1	1.12471341430612	NA
PFKFB2	0.2774535789855449	0.12637464926631672
PFKFB3	0.2802418259052522	0.2866892187862288
PFKFB4	0.2793154064079023	0.1661942552249597
PFKL	0.3317459252063656	0.15304255353913326
PFKM	0.2437117141520416	0.16722317287579094
PFKP	NA	0.13005719647291816
PFN1	0.20036292687411422	0.19932423931671148
PFN2	0.38718032062675967	0.12020433027573998
PGAM1	0.3562643991568282	0.08752204362254344
PGAM1-PS2	NA	0.1671134963165788
PGAM2	1.1323061989145962	0.3953875944357925
PGAM5	0.24268504760478668	0.09541904478216548
PGAP1	0.43083232316403003	0.12633311261083627
PGAP2	0.2695202456164046	0.13953310677330957
PGAP3	0.1915887698482836	0.1405240051129082
PGAP4	0.7455593710120353	0.05531522902235621
PGAP6	0.6876016562459811	0.08431697566727113
PGBD1	0.4863008602601193	NA
PGBD2	0.23005896578434176	NA
PGBD5	0.8998634345337115	NA
PGD	0.22140621420283862	0.03782001228836033
PGF	0.5987370757753918	NA
PGGHG	0.3237685615711376	0.10310661410994694
PGGT1B	0.14232228322720517	0.10619198086403701
PGK1	0.39861781705899924	0.15310889549354717
PGK1-RS7	NA	0.3734363966869465
PGLS	0.22023521750110733	0.17155928258723216
PGLYRP1	NA	0.12612557431697202
PGM1	NA	0.15847163722902452
PGM2	0.34967252555667677	0.12204735928510416
PGM2L1	0.602301395571658	0.0500374857463247
PGM3	0.3887360078398192	0.08999869780431687
PGM5	0.6176885416510206	0.33265125663375
PGP	0.512930793822992	0.06402429790266535
PGPEP1	0.38713130070602464	0.0762356022078107
PGRMC1	0.33374195086769914	0.13771169744991552
PGRMC2	0.23444328284985366	0.04030842600497858
PGS1	0.220522536433817	0.11620764039259963
PHACTR1	0.9695369865628592	0.0756064362401139
PHACTR2	0.22339371610593403	0.08442858143119827
PHACTR4	0.19430653757840083	0.0839463908578903
PHAX	NA	0.13101793959811806
PHB	NA	0.12760204612597467
PHB1	0.42984019481433977	NA
PHB2	0.31183830367679843	0.09909294311457566
PHC1	0.2722683248900734	0.03533253186951584
PHC2	0.24379093673590813	0.13532152794631683
PHC3	0.3574685405806066	0.10794721623011985
PHETA1	0.24694318272634738	0.10120855421280346
PHETA2	0.6047335477852662	NA
PHF1	0.34294583735869244	0.1837716850555115
PHF10	0.23897743445030922	0.11145463280023303
PHF11	0.4940083807118383	NA
PHF11B	NA	0.27374542603831925
PHF11D	NA	0.17646817191843156
PHF12	0.17746049356160748	0.07298014852285706
PHF13	0.2126133129232997	0.15687448780983387
PHF14	0.18193384896311957	0.08173992902856363
PHF19	0.4559967985614556	NA
PHF2	0.1638341646994714	0.07075919079175753
PHF20	0.1960719389641244	0.1027011897649158
PHF20L1	0.12628135416436412	0.06355136216365329
PHF21A	0.3202497717120082	0.09531219281876414
PHF21B	0.6009007911736036	NA
PHF23	0.2151897649956445	0.142727209849753
PHF2OS1	NA	0.26800027363659196
PHF3	0.1143168286673728	0.10672402182187805
PHF5A	0.2475069462073917	0.15770634637205228
PHF6	0.2460188598395546	0.08302750184279582
PHF7	0.26723630444190977	0.1734636883963506
PHF8	0.19093186549593394	0.04382553160706885
PHGDH	0.5112180503282946	0.11403460123918993
PHIP	0.28234920969205907	0.0766884226122322
PHKA1	0.17343320634973428	0.1780765443440456
PHKA2	0.5641577242488803	0.21293584203701865
PHKB	0.3616341596975972	0.09772905056451467
PHKG1	1.062534929405643	NA
PHKG2	0.2623212016701449	0.12629789262680927
PHLDA1	0.5697005744594789	0.2490187984088552
PHLDA2	0.7484061054668861	0.10926011383583814
PHLDA3	0.7148482431476041	0.2426259681781931
PHLDB1	0.36174563508133234	0.1423900339423057
PHLDB2	0.20594758229849566	0.0626993349875135
PHLDB3	0.3948918051840206	0.11233803986868786
PHLPP1	0.2704083122650439	0.08502360186414049
PHLPP2	0.37223477547794265	0.149694174073333
PHOSPHO2	0.2895245970699632	0.13664329423005675
PHPT1	0.33564104691978053	0.165417429729367
PHRF1	0.10787094272738876	0.08177859420121851
PHTF1	0.2491974920441158	0.1354189867617119
PHTF2	0.4623040248988306	0.18139862219201305
PHYH	0.8974380354721089	0.07924873016128742
PHYHD1	1.027932411582661	0.054051654682787345
PHYHIPL	0.7920239648018087	0.06998273701183035
PHYKPL	0.4434916582983507	0.09139488650626959
PI15	0.9137093480084271	0.12455923973758927
PI16	1.9943518608069375	0.07193741605227613
PI3	1.652381585048577	NA
PI4K2A	0.07580841657556694	0.10775976612252455
PI4K2B	0.3814742549476374	0.16604609786564484
PI4KA	0.4388650261854894	0.17293863056430336
PI4KB	0.14325849700488924	0.074071068331461
PIAS1	0.2969636044364457	0.10888935384365775
PIAS2	0.11769168596046048	0.06532878793144821
PIAS3	0.12544156480518295	0.16963213047972772
PIAS4	0.14730880388178086	0.09552803319188506
PIBF1	0.3084184685314619	NA
PICALM	0.3429241105418083	0.16672977062186517
PICK1	0.21419574805828237	0.13463199495513226
PID1	0.6874317888042907	0.06596385318677907
PIDD1	0.3397215842369267	NA
PIEZO1	0.3492960785148541	0.09589521018619968
PIEZO2	0.6343678460601858	NA
PIF1	0.9359658931217476	NA
PIGA	0.3002202798080264	0.28103043962220176
PIGB	0.23960082102196578	0.040372881734566164
PIGBOS1	0.1716935549802056	0.05724214952437934
PIGC	0.194087468515059	0.04156271134491952
PIGF	0.2652926074884005	0.1351472772610669
PIGG	0.21047410829814558	0.11451915366915352
PIGH	0.4642463578951906	0.1252916864111651
PIGK	0.3647880134656989	0.16099595112548862
PIGL	0.30438817253854533	0.2273998904876924
PIGM	0.6905319330564202	0.08255838756584065
PIGN	0.20080862546359324	0.05236762660004632
PIGO	0.17590064417282988	0.08855879143750758
PIGP	NA	0.21415058949728674
PIGQ	0.33167765723837783	0.1324007678532055
PIGR	0.5085718616414251	0.15352605025995122
PIGS	0.22528624081174387	0.16634535466584696
PIGT	0.10854360210307348	0.1927144395640599
PIGU	0.2036994924526959	0.07799922572701708
PIGV	0.23461373611206984	0.15123345694724352
PIGW	0.28656176527875316	0.12343502536066343
PIGX	0.3116901191640679	0.025047127910319166
PIGY	0.3394979191395536	0.09796428911476508
PIGZ	0.4679489232552643	NA
PIH1D1	0.2615054039191679	0.10772273958288564
PIH1D2	0.43506833089704305	NA
PIK3AP1	0.8559603369778642	0.06411543495516017
PIK3C2A	0.3622240152080709	0.17226815512753296
PIK3C2B	0.6368274662486886	NA
PIK3C2G	0.9297062295386129	NA
PIK3C3	0.24263858017282486	0.11859940754620504
PIK3CA	0.2592171501670192	0.10666839796431675
PIK3CB	0.44815648471840946	0.08305684020149232
PIK3CD	1.4488964053943607	0.08288872073442095
PIK3CG	1.094037930620402	0.03257264248628901
PIK3IP1	0.6596360320270659	0.2043851706192493
PIK3R1	0.4291638150680161	0.05821645860506927
PIK3R2	0.24824429725756558	0.08218194424463092
PIK3R3	NA	0.14979463857582762
PIK3R4	0.18429041024773027	0.07462861626243142
PIK3R5	0.8106088463275309	0.056719595869277925
PIK3R6	1.308331638319231	0.09224004774263674
PIKFYVE	0.2125432848775375	0.013145659733663335
PILRA	0.8538717276391548	0.11732373820116865
PILRB2	NA	0.13819945698973307
PIM1	0.4992043283936422	0.1910243206187663
PIM2	0.941787182162436	0.17299253754679383
PIM3	0.5414631851134695	0.21937349432052966
PIMREG	1.6178901128371446	0.04993199084148089
PIN1	0.18259238490816376	0.09095119547927678
PIN4	0.17318829419341963	0.12110690299793345
PINK1	0.625039309784694	0.1311830056326054
PINX1	0.17237151159152655	0.18361654130376448
PIP4K2A	0.19982664791447693	0.17409048597694057
PIP4K2B	0.3266467039286918	0.09479498114012837
PIP4K2C	0.1766381403629199	0.12412024710546243
PIP4P1	0.09710339902713179	0.11949335714916186
PIP4P2	0.32658290696868497	0.1030052712287422
PIP5K1A	0.19076732289320855	0.07272018995176627
PIP5K1B	0.7859524697640948	0.2488899018799956
PIP5K1C	0.22514362612563568	0.11872526620273154
PIPOX	0.7795770084666349	0.07400179815668492
PIR	0.6193135860930868	NA
PIRA2	NA	0.08108893139503313
PIRB	NA	0.07178189702767006
PISD	0.1269759011623217	0.03435063767978554
PISD-PS1	NA	0.16549926731157286
PISD-PS2	NA	0.06575459222165242
PITHD1	0.2346767050510879	0.15228540981634983
PITPNA	0.10491291276783647	0.056486657043275885
PITPNB	0.16676859776050426	0.07518372310931404
PITPNC1	0.2607319044159532	0.12401911882697969
PITPNM1	0.6184617378468171	0.08989803582932798
PITPNM2	0.2859523718313839	0.11883693448139974
PITPNM3	0.7293858936485151	NA
PITRM1	0.49824248769566215	0.17466736729963717
PITX2	0.8236891754068758	NA
PJA1	0.3455788763298672	0.07426339732196835
PJA2	0.14327077397091023	0.039529434485614856
PKD1	0.3875054246572807	0.12697428588041637
PKD1L1	0.5371639052586908	NA
PKD1L2	0.9064898741734736	NA
PKD1L3	1.0414545793967194	NA
PKD2	0.4212703304634404	0.12152137191042246
PKD2L1	1.069648203803787	NA
PKDCC	0.41550606081483754	0.18180017187994044
PKHD1	0.7828983287713681	0.14880846810830345
PKIA	NA	0.05453574575047094
PKIG	0.39627552136932453	0.0744687862889307
PKLR	0.8207313813967261	0.07889716153154532
PKM	0.281457046774229	0.167098661091166
PKMYT1	1.4899040261480225	0.10056012918462595
PKN1	0.2677891091606328	0.04889143584944512
PKN2	0.36734318471210087	0.11754380384726076
PKN3	0.45554617789628443	NA
PKNOX1	0.1856997378036186	0.08625569888904423
PKNOX2	0.7437487367153954	NA
PKP1	1.107722216416776	0.08605990263156856
PKP2	0.5594946577001577	0.07057871324391567
PKP3	0.4849852856404311	0.10333109026249981
PKP4	0.3938786747932612	0.10450427322601846
PLA1A	NA	0.275089261811188
PLA2G12A	0.23843745714854542	0.21876171947035458
PLA2G12B	0.9060972799016925	0.3122140866228667
PLA2G15	0.20361881829526907	0.1402650017587593
PLA2G2F	1.393746261116814	NA
PLA2G3	0.4134756908262917	NA
PLA2G4A	0.55513708525223	0.1441613790136739
PLA2G5	1.33747145793137	0.06215054078575177
PLA2G6	0.5290314172589382	0.20035371614113232
PLA2G7	0.7471070964891836	0.09367600177315194
PLA2R1	0.5998501986144015	0.08916533074620152
PLAA	0.3530838857514636	0.03831498414019023
PLAAT3	0.45475429598785083	0.47232855508980964
PLAC8	NA	0.18077097446694732
PLAC8B	2.6990633687661356	NA
PLAC9	0.8149419273943332	NA
PLAC9A	NA	0.4259401360557033
PLAG1	0.3100988910606784	NA
PLAGL1	0.35490746331895584	0.12425007767581449
PLAGL2	0.1367374911406198	0.17451314598509177
PLAT	0.3141492232956203	0.24251768583282013
PLATR25	NA	0.10633639774439096
PLAU	0.5689339961617964	0.37962372897206026
PLAUR	0.33270049268029334	0.15547484577294582
PLBD1	0.7245381176882846	0.08779526183263808
PLBD2	0.2594824255514261	0.07244915660579082
PLCB1	0.5298642595290678	0.1693273644181763
PLCB2	1.2982423807265508	NA
PLCB3	0.29141405711354224	0.1148279614778739
PLCB4	0.45715128739248345	0.10377174337182375
PLCD1	0.6251102891459802	0.13085737340087703
PLCD3	0.37378183967286327	0.10582790507318568
PLCD4	0.744293496014592	NA
PLCE1	0.33202234947924075	NA
PLCG1	0.28594535366260204	0.16298710202912164
PLCG2	0.2889442287138591	0.10182186439724629
PLCH1	0.6451428160082495	0.07180594172107152
PLCL1	0.4689181531524474	0.22361837757808176
PLCL2	0.5055588330387432	0.10091373144529964
PLCXD2	0.5944701999512542	0.07713004540727039
PLCXD3	1.0414414244735193	NA
PLD1	0.5955987565430227	0.12087068111534902
PLD2	0.47517569854354924	0.14657535141210756
PLD3	0.2891290496148954	0.13816464876733334
PLD4	1.813441882508043	0.1709332249999005
PLD5	0.6388247500421464	NA
PLEC	0.18998796669261395	0.0708066811070578
PLEK	1.2877652928578527	0.08448011399123408
PLEK2	0.7806874201526692	0.16932747892485978
PLEKHA1	0.5544846851555024	0.0823165552599732
PLEKHA2	0.5425730177271133	0.09158260529276943
PLEKHA3	0.262965552602276	0.06637944634714131
PLEKHA4	0.6373490919598099	NA
PLEKHA5	0.264824382344228	0.11293037440664458
PLEKHA6	0.4019149719098927	0.23848509695518966
PLEKHA7	0.48796592502145436	0.08400409924742422
PLEKHA8	0.14699928371498341	0.07519817196528722
PLEKHB1	0.6324140027114555	0.23159958805607433
PLEKHB2	0.3732369399986863	0.11467892725161237
PLEKHD1	1.1850790942679614	0.14610562044974135
PLEKHF1	0.4040479692105884	0.08768243902719704
PLEKHF2	0.41388429855270364	0.06290818815067191
PLEKHG1	0.5426852932595299	0.16054135370434142
PLEKHG2	0.5768238312013837	0.09291463358179727
PLEKHG3	0.49651872604513814	0.19389894500780738
PLEKHG4B	0.5570938758566456	NA
PLEKHG5	0.559078027288319	0.23435908203085185
PLEKHG6	0.5683303649199672	0.25124315885673326
PLEKHH1	0.5742083750507213	0.06852018811919011
PLEKHH2	0.7765776580592931	0.10585843361576054
PLEKHH3	0.3204000744333657	0.1955418752252699
PLEKHJ1	0.2191678092194759	0.0440777583127598
PLEKHM1	0.28742655622028795	0.17609185231392202
PLEKHM2	0.15195878477343433	0.192705952200464
PLEKHM3	0.31255045874096865	0.07555013309839902
PLEKHN1	0.9075109628312981	0.04590809406571311
PLEKHO1	0.45083841915475004	0.08375350308789072
PLEKHO2	0.38246684292749883	0.12169572809326534
PLEKHS1	NA	0.05513557874021925
PLET1	2.0181086255830545	0.18008612642167066
PLGRKT	0.2658049881775874	0.09997215078870743
PLIN1	0.39190589105485496	2.0012865853176027
PLIN2	0.6654640701888176	0.1584167410383812
PLIN3	0.22142235102591543	0.14118579610650364
PLIN4	0.8049786597214731	1.3643605035996844
PLIN5	1.0512098325015065	0.40191314221958646
PLK1	0.3542481887757339	0.24041144600812717
PLK2	0.49048633972298455	0.2825899318532466
PLK3	0.3736854534409378	0.49553208838750035
PLK4	NA	0.10100189801409028
PLLP	NA	0.19310231016294346
PLN	1.1363643129889172	NA
PLOD1	0.38219362043631677	0.038718410743018974
PLOD2	0.5080755437240668	0.10367742474448768
PLOD3	0.41366848110030796	0.12211134872900305
PLP2	0.2805368516886044	0.31619508556336384
PLPBP	0.4692855327215255	0.06762883139050509
PLPP1	0.3500326893367666	0.09255354030980481
PLPP2	0.4496914725381214	0.25917444262876965
PLPP3	0.2401354580278472	0.20029965494483884
PLPP5	0.532368983461388	0.1111228794624893
PLPP6	0.3772057586927751	0.06961211301934274
PLPP7	0.6129469764321356	NA
PLPPR1	0.8025064049421338	NA
PLPPR2	0.5792371931201814	0.1734784738196553
PLPPR3	0.77440043400408	0.05461705129229856
PLPPR4	2.107055606164791	NA
PLRG1	0.14525336428276658	0.10203475400811379
PLS1	0.7481186887952355	0.15058333955009326
PLS3	0.31342112814465944	0.09823204138520596
PLSCR1	NA	0.0828582468155637
PLSCR2	NA	0.16926882048937722
PLSCR3	0.5273906179719581	0.16524558669239756
PLSCR4	0.5468648789415832	0.15494526076112075
PLTP	NA	0.1950465973158224
PLVAP	0.2658978627336259	0.15420390360140454
PLXDC1	1.311539418264324	NA
PLXDC2	0.4436461947615392	0.1321780106183189
PLXNA1	0.269312326710141	0.07398949678353856
PLXNA2	0.24638321737736393	0.07857772055279984
PLXNA3	0.3857780949072322	NA
PLXNA4	0.5481164345078029	NA
PLXNB1	0.32213306525049257	0.1449367941679053
PLXNB2	0.2732220696126704	0.09859923617060538
PLXNB3	0.5926805066611168	NA
PLXNC1	1.0147785629553985	NA
PLXND1	0.5441833311386146	0.06731633774169787
PM20D1	0.9912460850146829	0.12648854443364538
PM20D2	0.6134374432360048	0.16138512246800077
PMAIP1	0.48633748148698913	0.22090385966005607
PMCH	1.118828507586696	NA
PMEPA1	0.6206459636303963	0.2090254936458571
PMF1	NA	0.06138798034057362
PML	0.2173820661389326	0.05985916275153452
PMM1	0.28107649764686443	0.21302025363500923
PMM2	0.4389137714358597	0.10732209905844929
PMP22	0.42483777993340194	0.16015212603113785
PMPCA	0.35637945739608073	0.037004889245848833
PMPCB	0.5291245236289991	0.05780818965306948
PMS1	0.23894586203669765	NA
PMS2	0.20841606613045285	NA
PMVK	0.3639919695818282	0.22233778454950118
PNCK	0.40578022351481563	NA
PNISR	0.3295359396975932	0.2349975008649962
PNKD	0.29534425393128905	0.10455456332603663
PNKP	0.27556508428089194	0.07045121532199634
PNMA1	0.4744600271824159	NA
PNMA8A	0.6155960252286853	NA
PNMT	1.2367926381803802	NA
PNN	0.2937977042553922	0.13707969871399142
PNO1	0.2881464836721277	0.1619222004822605
PNP	0.3629718896848018	0.2774805364803514
PNP2	NA	1.967567845504732
PNPLA2	0.45548446134157083	0.7818791668192915
PNPLA3	1.5354774044584099	NA
PNPLA4	0.46801446552997256	NA
PNPLA6	0.2683325634660987	0.03398120961257253
PNPLA7	0.33041478869087904	0.13473411896793805
PNPLA8	0.2961795928683878	0.13501706491151785
PNPO	0.6233307150094417	0.19994114992052112
PNPT1	0.28588119921938315	0.09226699705052033
PNRC1	0.39450814799673334	0.2085186744675205
PNRC2	0.1315456148297289	0.07218419291990928
POC1A	0.26279578209237936	0.11128717158543062
POC1B	0.2921967317037597	0.12580251059400466
POC5	0.2536544072622057	0.07225089623277882
PODN	0.508831604254045	0.42316204353223297
PODNL1	1.2013432187104174	NA
PODXL	0.487917100239863	0.08965097458195866
POF1B	NA	0.19650923714218693
POFUT1	0.18843378749853792	0.07265213988254741
POFUT2	0.15095198057212916	0.06178452936414371
POFUT3	0.2262510829057964	NA
POFUT4	0.3706661497028138	NA
POGK	0.22012136985340594	0.09578753223018754
POGLUT1	0.2705145190447268	0.06328786451151554
POGLUT2	0.31057361046660803	0.09344105201385623
POGLUT3	0.2734707225241084	0.086825667456717
POGZ	0.185808292156044	0.09555105049060698
POLA1	0.37297099927977745	0.07569616818449615
POLA2	0.3529098983443012	0.12950791044506701
POLB	0.08702179360722302	0.010875416470215052
POLD1	0.43064825051029776	0.019043311805056508
POLD2	0.198660618246377	0.24506931714448815
POLD3	0.23772140362158342	0.053088821552151555
POLD4	0.2968235423533533	0.24858112929085865
POLDIP2	0.5227049113451554	0.11161792607414414
POLDIP3	0.13764565955313576	0.0782962180182777
POLE	0.5653488481220914	0.06863919774750438
POLE2	NA	0.13455491447090118
POLE3	0.15833903623767334	0.058471491376067886
POLE4	0.23829371349270206	0.13079854432426596
POLG	0.2450540064839234	0.09361175737170724
POLG2	0.18560803297161527	NA
POLH	0.35724425319219555	0.08365081418131026
POLI	0.3632703913488474	0.14886313678692997
POLK	0.342787190027182	0.1518813993977929
POLL	0.23703423071422636	0.09266930502002073
POLM	0.3547680341966364	0.19022775235327355
POLN	NA	0.08607471635226895
POLR1A	0.36560682304548586	0.052814432201739425
POLR1B	0.1750105530723663	0.13613862894061599
POLR1C	0.18640176664413965	0.12125150754378687
POLR1D	0.33139412649325894	0.19441323165364502
POLR1E	0.2548206462441865	0.11188390434500944
POLR1F	0.2393164027274175	0.06388993233310553
POLR1G	0.5196792937416217	NA
POLR1H	0.26908121502045335	0.065037725132518
POLR1HAS	NA	0.1937738421136549
POLR2A	0.2405836889023205	0.1524192358166996
POLR2B	0.33089091413053656	0.05276168810305609
POLR2C	0.1665418027783445	0.105792314433313
POLR2D	0.3158342762946093	0.13247208509375838
POLR2E	0.28436503545365927	0.0935203867146133
POLR2F	0.37211744462804	0.1296976400461214
POLR2G	0.22581586975174006	0.12648702007340706
POLR2H	0.1799806530024948	0.15206502800255878
POLR2I	0.2896843533698236	0.10402765392251244
POLR2J	0.28977309151306213	0.12327913836345022
POLR2K	0.27378438038899056	0.31965436044595796
POLR2L	0.38507021350147963	0.1467498780249611
POLR2M	0.15964677942729022	0.09468247890611578
POLR3A	0.2289380180835684	0.05956241933520915
POLR3B	0.290898864593018	0.09512329836321241
POLR3C	0.21740372994901422	0.11766197665496526
POLR3D	0.2050011817103642	0.14241772024453128
POLR3E	0.135327481624926	0.2252579204206552
POLR3F	0.15634445748434284	0.06636097940811239
POLR3G	NA	0.09075836858826061
POLR3GL	0.33401299771916426	0.14342007197899123
POLR3H	0.21181214552923724	0.10003147007480678
POLR3K	0.3115858855955924	0.11410445955056693
POLRMT	0.24305401930240006	0.09035367231274269
POM121	NA	0.15487018505547445
POM121C	0.17852935056592306	NA
POMGNT1	0.20570526730591096	0.06314823898024939
POMGNT2	0.20616431816199302	0.1442858159047073
POMK	0.32083743525345454	0.05704694313478136
POMP	0.2517268784395431	0.035343235419073575
POMT1	0.3860863438279644	0.14283789314922915
POMT2	0.23078997867204845	0.08516661714351795
PON1	2.0524778650859448	NA
PON2	0.47705114115069625	0.1544856212244919
PON3	NA	0.3090476773283605
POP1	0.3020207666981247	0.10394494399089353
POP4	0.15292209678596072	0.21849042070548497
POP5	0.22103568544706634	0.26783273071591956
POP7	0.23637738483197157	0.21815339878953993
POPDC1	0.6380422798321705	NA
POPDC2	NA	0.1748022572054012
POPDC3	0.7116218831952753	NA
POR	0.32478871265586784	0.16857590598634428
PORCN	0.4067172883654332	0.12492286407270209
POSTN	1.6648096114583864	0.16588003721559327
POT1	0.38384701535670324	NA
POT1A	NA	0.0889845721066003
POT1B	NA	0.14267192753048324
POU2AF1	1.0698777009077447	NA
POU2AF3	0.4696408646442656	NA
POU2F1	0.3836437103218419	0.08611408796945826
POU2F2	1.812075158621498	0.11503824403978066
POU3F3	0.6397184927798899	0.20068937937874093
POU6F1	0.4031906815943292	0.1282688329344977
PPA1	0.8481981082971662	0.36291145256271057
PPA2	0.37085107133373446	0.04702567405774714
PPAN	NA	0.09302478879545968
PPARA	0.6260937988690878	0.24413810396353625
PPARD	0.3763983587994953	0.09131557695149092
PPARG	0.5019217847232069	0.8708762519717453
PPARGC1A	0.640247338331739	0.11361016880321305
PPARGC1B	0.4617105880488091	0.09998504677570523
PPAT	0.44919567088417134	0.06194868902063134
PPBP	NA	0.16482038889854694
PPCDC	NA	0.1247471017716667
PPCS	0.4790813168004586	0.12308658720009576
PPDPF	0.5065723276349069	0.10146267302531661
PPEF2	0.398063368666135	NA
PPFIA1	0.19795473650137368	0.04239448807334996
PPFIA4	0.7139596447415714	0.05105925967442707
PPFIBP1	0.3364093352341488	0.07393667760848718
PPFIBP2	0.37156875063871764	0.08224218089419863
PPHLN1	0.26259038203333723	0.0742125526314057
PPIA	0.22570544003832468	0.36106128517713204
PPIB	0.19591954583801846	0.0956941361112948
PPIC	0.6330125249204456	0.1818843538125439
PPID	0.37131163278506224	0.09142238568529958
PPIE	0.2317999523131264	0.07095352803095814
PPIF	0.49133351652048507	0.056322128346087116
PPIG	0.07968334676347802	0.05502020666127224
PPIH	0.26274587565713453	0.2685215637296623
PPIL1	0.16900600068628702	0.1961912172015486
PPIL2	0.18130965253483508	0.05860756147914117
PPIL3	0.36925352161426167	0.12003151873713802
PPIL4	0.16060860341418895	0.12430966180271863
PPIL6	0.4637073726022559	0.47020739213040497
PPIP5K1	0.3758558498550512	0.10027657151479258
PPIP5K2	0.29139461333916034	0.11697904893093197
PPL	0.45561298915895904	0.17587563881439922
PPM1A	0.3119641581208569	0.09361286913556072
PPM1B	0.26701488352953834	0.05595667554366377
PPM1D	0.20549155616106995	0.10415424237714042
PPM1E	0.5578875782520769	NA
PPM1F	0.37743488622958465	0.08411953270610492
PPM1G	0.14766657819899706	0.06030219859943012
PPM1H	0.5032654084439773	0.22917285343466465
PPM1J	0.4174877279756385	0.1311794528227956
PPM1K	0.43668784836423374	0.1552173771848684
PPM1L	0.4199647650794814	0.12276166113821678
PPM1M	0.3452229622989884	0.21892028399475238
PPM1N	0.9496281251973634	NA
PPME1	0.19551167046963308	0.13461532873615978
PPOX	0.21227185822003475	0.09643398526764656
PPP1CA	0.21010175635378817	0.06722379474975057
PPP1CB	0.23706722996530688	0.07728405570906384
PPP1CC	0.31840241620621323	0.0552822417911711
PPP1CCB	NA	0.33376530977466956
PPP1R10	0.3028692513043629	0.23878867325081912
PPP1R11	0.2689977409709119	0.14107846767690818
PPP1R12A	0.2329919031672057	0.06154362722690726
PPP1R12B	0.5095952070833908	0.08709866088217207
PPP1R12C	0.19408967753762021	0.12612916793012213
PPP1R13B	0.3085124690075954	0.0778221127868328
PPP1R13L	0.3550911396602922	0.16545788578841075
PPP1R14A	0.5510683470833814	0.4169941916756605
PPP1R14B	0.2816106160315332	0.16589600220957537
PPP1R14C	1.3700682929562347	NA
PPP1R14D	0.45921127872036843	0.1540814444164736
PPP1R15A	0.3844677053626854	0.13823691966282986
PPP1R15B	0.29828371367443274	0.07106933234026779
PPP1R16A	0.222116772485045	0.0679493812249694
PPP1R16B	0.5683832591416736	0.19470409037466185
PPP1R18	0.9068855448497476	0.13568028802857596
PPP1R1A	1.5426076853103716	0.3061779569435819
PPP1R1B	1.2884308541525542	0.11337818227995404
PPP1R2	0.27004133242633765	0.07198423622250456
PPP1R2-PS4	NA	0.42806806972109884
PPP1R21	0.12195305158088843	0.1183429310626572
PPP1R26	0.309422152684948	0.08423266097333394
PPP1R35	0.3047942769032301	0.15887036092654294
PPP1R36	0.6680852903056186	NA
PPP1R37	0.22497537853689387	0.06379947794476196
PPP1R3B	0.6019903043262519	NA
PPP1R3C	0.6671951766499697	0.7055294914345119
PPP1R3D	0.38682359445481257	NA
PPP1R3E	0.29832567926681286	0.09971764545940193
PPP1R3F	0.24928057006416104	NA
PPP1R42	NA	0.12371932393400946
PPP1R7	0.2855115762870881	0.1044411070358559
PPP1R8	0.13171178995736968	0.07983433037263975
PPP1R9A	0.4536733276095033	0.15170827276006746
PPP1R9B	0.6148375293439876	0.03984730658172163
PPP2CA	0.2920997570221576	0.06050308985307145
PPP2CB	0.2785143409535765	0.11161581682483379
PPP2R1A	0.208245336793051	0.045550794782924335
PPP2R1B	0.1725903997969324	0.11276838118940742
PPP2R2A	0.12286280228541765	0.06212252097553182
PPP2R2B	0.6784796199072797	NA
PPP2R2C	0.8581245537094597	NA
PPP2R2D	0.28559014234849023	0.06206663994198144
PPP2R3A	0.5609797227827937	0.0581164473150272
PPP2R3B	0.1938373614551729	NA
PPP2R3C	0.19251421251323414	0.10724986972871685
PPP2R3D	NA	0.19740786104907113
PPP2R5A	0.20268204430580372	0.13889602926719474
PPP2R5B	0.2162828456631453	0.06483715746301086
PPP2R5C	0.12132005230868684	0.07371524091284225
PPP2R5D	0.1177801773789457	0.033616725118376656
PPP2R5E	0.12284347502879155	0.11048428110733638
PPP3CA	0.2331557130919101	0.1354736449931386
PPP3CB	0.3402867839711953	0.0729588764258449
PPP3CC	0.35554430808985593	0.362467985516083
PPP3R1	0.14227015361494047	0.03566265628021225
PPP4C	0.10742265832450912	0.028821320153949587
PPP4R1	0.20202410929252218	0.07395011015974352
PPP4R1L-PS	NA	0.16056533810137918
PPP4R2	0.28674507429240503	0.12404396300135893
PPP4R3A	0.10974486006318564	0.04477614267076522
PPP4R3B	0.1903253924507445	0.0874554279267019
PPP4R4	0.630143000598256	0.25129400165448074
PPP5C	0.4343811595781329	0.06181674565022898
PPP6C	0.2097373259655374	0.11586813858363267
PPP6R1	0.15031641401879633	0.07620476031428534
PPP6R2	0.20030033196261007	0.10283393935244484
PPP6R3	0.1968592908052864	0.0556326158841201
PPRC1	0.2681034363763125	0.1573991570664727
PPT1	0.5906017923185781	0.044251376649945745
PPT2	0.2788244498536438	0.06834484007496444
PPTC7	0.5568231654042373	0.19425326730864959
PPWD1	0.14056995229800795	0.15775910236100535
PQBP1	0.2923315365189266	0.1673085952200914
PQLC3	NA	0.13515544067191754
PRADC1	0.49539514489314557	0.1437714594359973
PRAF2	0.37198847216050424	0.21311811717033544
PRAG1	0.7286361639936598	0.09305389367601549
PRAM1	0.7821446416545226	NA
PRAMEL12	NA	0.08030031380219302
PRAP1	1.459299083254283	NA
PRC1	0.5262084048426722	0.1307578376849043
PRCC	0.1433911163747086	0.17649481709342635
PRCD	0.654082835268442	NA
PRCP	0.20952997285703176	0.12330716984742456
PRDM1	0.7365601814201245	NA
PRDM10	0.29050131450720423	0.03466143715287379
PRDM11	0.30173468004018433	NA
PRDM15	0.30379773695557144	NA
PRDM16	0.46790674348996214	0.0620772134415495
PRDM16OS	NA	0.22531554690920622
PRDM2	0.17710481520318272	0.1371473633986985
PRDM4	0.2421362407812567	0.09892355365139395
PRDM5	0.5484416892948111	NA
PRDM8	1.0128443231331967	NA
PRDX1	0.3729087195253239	0.07565127602960466
PRDX2	0.3187835661459002	0.10696182395219643
PRDX3	0.6079677381181713	0.12744334681614905
PRDX4	0.3023023911575836	0.15215320115678393
PRDX5	0.5365465817829824	0.17657887851529322
PRDX6	0.7641679585167764	0.1048563280203461
PREB	0.2598567034948953	0.07423481164162953
PRELID1	0.3567900658414744	0.043500522292736585
PRELID2	0.3601652395531853	0.22022035409236
PRELID3A	0.4089143333162562	NA
PRELID3B	0.40302846197741515	0.11531955872774838
PRELP	0.6113759497333553	0.19526588315651305
PREP	0.2687649035748754	0.04261248922614459
PREPL	0.22080463531404645	0.10203650015148563
PREX1	0.6921748993550937	0.09008397803208332
PREX2	0.464572813306435	0.2492283374946198
PRF1	1.2877022510643696	NA
PRG4	1.019100947691453	NA
PRICKLE1	0.4223152883513446	0.08197131066436786
PRICKLE2	0.5737821201652915	0.08011738490349675
PRICKLE3	0.2967527603549489	0.12912055027916902
PRICKLE4	0.43882469212314845	NA
PRIM1	0.5267289008361351	0.08658734681555498
PRIM2	0.2592790950255864	0.13706982307036666
PRIMA1	0.7628527650163331	0.18221863197530713
PRIMPOL	0.7955290917529214	0.0627402841645971
PRKAA1	0.23994003816498946	0.08107247586054407
PRKAA2	0.7322364365623922	0.11297614426579082
PRKAB1	0.15670989267323016	0.14639909242955956
PRKAB2	0.23114579650347297	0.14767022438030056
PRKACA	0.10544624836339898	0.1590506878964276
PRKACB	0.3664285941784232	0.14018697464022362
PRKAG1	0.10034033186661666	0.057001378536822224
PRKAG2	0.2997506951621422	0.07666360260016099
PRKAG3	0.49642197677790234	NA
PRKAR1A	0.08559204867864652	0.06191180889950227
PRKAR1B	0.38461358228485476	0.13293234122216746
PRKAR2A	0.395266736453729	0.12244430117151824
PRKAR2B	0.41136024355612133	1.2867803890484413
PRKCA	0.32831251245915205	0.0905874991790013
PRKCB	1.4354239137520077	NA
PRKCD	0.3940727189282926	0.09467993428077137
PRKCE	0.21415219739411726	0.07310482382111473
PRKCG	0.6881066584549416	0.21509117470527678
PRKCH	0.596036849491595	0.14097125365092386
PRKCI	0.31064494218224525	0.06886629884673887
PRKCQ	1.4267863678941297	NA
PRKCSH	0.12100374172277556	0.07615110212014262
PRKCZ	0.4625763917675063	0.14880657695495877
PRKCZ2	NA	0.31190969328030466
PRKD1	0.17486676323114062	0.1295622691500112
PRKD2	0.48884479005123527	0.09085282676428301
PRKD3	0.40053161298673884	0.07122649179176263
PRKDC	0.2724208331309242	0.18050043190370813
PRKG1	0.5702883712147501	NA
PRKG2	NA	0.05996370730740202
PRKN	0.38318977056082015	NA
PRKRA	0.5857950860902201	0.25165264593765146
PRKRIP1	NA	0.11613507068672048
PRKX	0.5369897294232946	0.10070555729565207
PRLR	0.8191847116323518	0.17820542903947822
PRM3	0.8624359183010312	NA
PRMT1	0.2175321483510409	0.1673736086844465
PRMT2	0.2210772358810238	0.15100012434666077
PRMT3	0.24675565648381928	0.12660576701815698
PRMT5	0.2548760320871782	0.0726820550339258
PRMT6	0.33295082734104403	0.0628419847433757
PRMT7	0.12232931085342007	0.06234554791737488
PRMT9	0.17381649975627653	0.11630661582703566
PRN	NA	0.3109354967090999
PRND	NA	0.10583232864542297
PRNP	0.28410773365630215	0.110749498107005
PROB1	0.5568550996503714	0.2956454305610457
PROC	0.9441800804374729	0.17068394891729322
PROCA1	NA	0.36384350350911304
PROCR	0.6829136577604691	0.15418211554833355
PRODH	NA	0.20585286167233288
PRODH2	1.124859742077688	0.178802900947753
PROK1	2.9247924316389784	0.16793736107681484
PROM1	0.8383658291680718	0.15704911852603498
PROM2	0.4460766050976059	0.1605322866799868
PRORP	0.24760646029217928	0.14142767305005957
PRORSD1	NA	0.2790851991434425
PROS1	0.45513811541892213	0.12049077168522015
PROSER1	0.2198302485279509	0.13917978682066834
PROSER2	0.43212292025761706	NA
PROSER3	0.6188077514322479	NA
PROX1	0.4764683602650389	NA
PROZ	NA	0.1321959188766182
PRP4K	NA	0.052420752966154685
PRPF18	0.13676222794887752	0.049566764689201986
PRPF19	0.15351839206841725	0.12804524742430898
PRPF3	0.19314690826372896	0.13092900700188953
PRPF31	0.1480848621960355	0.08013446779902021
PRPF38A	0.19431599110579334	0.10374630904270454
PRPF38B	0.19730620503488153	0.0641503023032291
PRPF39	0.3035936707859046	0.1569271473540638
PRPF4	0.40957119014831433	0.046504569808346205
PRPF40A	0.15735122896334017	0.08306142878246078
PRPF40B	0.3108903975204237	0.09993604816347958
PRPF4B	0.16082908074694666	NA
PRPF6	0.14142897924196124	0.11124777260171992
PRPF8	0.10736875358753431	0.07158084317238023
PRPH	0.7800390761891767	NA
PRPS1	0.13331834747844565	0.12201396538050362
PRPS1L3	NA	0.1771164434393356
PRPS2	0.3009471931760405	0.13311800837074972
PRPSAP1	0.451295132518909	0.09012009028418701
PRPSAP2	0.22818693525733305	0.08961684867252141
PRR11	NA	0.019291673865725896
PRR12	0.296957969765202	0.047705668712847
PRR13	0.464193421354852	0.19492714885514442
PRR14	0.3083841540357288	0.0827130623466964
PRR14L	0.216994175072978	0.06468170474070467
PRR15	0.7415857640389475	0.207734833011522
PRR15L	0.4662729930947545	0.08078414981718364
PRR16	1.0008439787644632	NA
PRR18	0.9760275976826931	NA
PRR22	0.29764695010309034	NA
PRR29	0.8849156690220413	NA
PRR3	0.1791906086425522	0.19144636723930766
PRR30	1.0589356627401878	NA
PRR35	0.9368037470746455	NA
PRR36	0.2646269922063662	NA
PRR5	NA	0.23773298184958838
PRR5L	0.8557467769216838	0.05099778483375881
PRR7	0.7732758122918634	NA
PRRC1	0.15624474448770947	0.09006080546903869
PRRC2A	0.0775062537911227	0.08434730377787512
PRRC2B	0.1902932893638341	0.13487997804774077
PRRC2C	0.18641423930895756	0.14033784208701078
PRRG1	0.1920302528801376	NA
PRRG2	0.5067606647414962	0.12959932100946986
PRRG3	0.5279941163415195	NA
PRRG4	0.6279555495115554	0.14011156168344804
PRRT1	1.5040528474394939	NA
PRRT1B	0.5825185502861736	NA
PRRT2	0.8340310001327221	0.06781545824001776
PRRT3	0.5500740873133684	NA
PRRX1	0.64762300729669	NA
PRRX2	1.1075476511942657	NA
PRSS12	0.4758848149965524	NA
PRSS16	0.795451699472277	NA
PRSS22	NA	0.09740301225168117
PRSS23	0.3219950361733639	0.10335151170130363
PRSS27	NA	0.08239482960011674
PRSS32	NA	0.013567465836063459
PRSS35	1.4529662868364277	0.15811684804586756
PRSS36	0.4975512062534047	0.09990124620370233
PRSS42P	0.585257964080066	NA
PRSS53	0.6557750651519192	NA
PRSS57	1.1641640027151487	NA
PRSS8	0.6997159000842784	0.10194752948445811
PRTFDC1	0.38059749206462473	NA
PRTG	0.47188403832440545	NA
PRUNE1	0.18344545074742657	0.11828830400196029
PRX	0.5154063263130295	NA
PRXL2A	0.39948592025643237	0.21194967433818723
PRXL2B	0.48035559429532604	0.28268708599309184
PRXL2C	0.17788024025036522	0.1052186179095656
PSAP	0.6228388941771449	0.14760653794902684
PSAT1	0.9479613573311371	0.11522282305826533
PSCA	NA	1.1811824686668064
PSD	0.35300603827121857	NA
PSD2	0.4437826596781427	NA
PSD3	0.2742556153600484	0.11450827221912895
PSD4	0.8279094224393325	0.05345612282419272
PSEN1	0.24503646928273193	0.044456318546075194
PSEN2	0.40127968576580064	0.10668757720960696
PSENEN	0.2768445656262958	0.21182903478272813
PSENEN-PS	NA	0.4258562031665988
PSIP1	0.4412192031469212	0.16101373086022
PSKH1	0.12968384538290245	0.08802989708194969
PSMA1	0.23310030324411282	0.04555683512681261
PSMA2	0.216777149008529	0.11593897293895174
PSMA3	0.31771948779480425	0.0857014230531825
PSMA4	0.3078002471263811	0.028710014827087956
PSMA5	0.15240633710149984	0.11026306354652603
PSMA5-PS	NA	0.24061763111575651
PSMA6	0.28028295531252484	0.031206582903566486
PSMA7	0.3183468862488758	0.12888994898292735
PSMB1	0.27278382728953604	0.07474655249156999
PSMB10	0.5017239185245178	0.1467375029295768
PSMB2	0.2331400254475369	0.20101941494284611
PSMB3	0.1624103053377109	0.03496740550670262
PSMB4	0.1905757087704004	0.11417130997004495
PSMB5	0.41855249579719234	0.224351803550739
PSMB6	0.237730185218467	0.07540204526856202
PSMB7	0.25731356645050557	0.14675562915427892
PSMB8	0.9276703218226666	0.23804694288032371
PSMB9	0.9194082334615536	0.13520562034524963
PSMC1	0.31389495793250455	0.08253491061870222
PSMC2	0.18973559282272504	0.08089425446696004
PSMC3	NA	0.06977579888870543
PSMC3IP	0.2748474308825588	0.20018105856964225
PSMC4	0.1500961860747568	0.08394721238507345
PSMC5	0.199472343515909	0.0571955444330942
PSMC6	0.1869634968969799	0.10137807210886375
PSMD1	0.32058466363339355	0.06283121318201973
PSMD10	0.17047381166245923	0.08302016881575656
PSMD11	0.28194328409008124	0.10794476438830884
PSMD12	0.3523583526058839	0.10653933453483279
PSMD13	0.14352856186754093	0.07151986851419595
PSMD14	0.39377142548802524	0.10929168636000407
PSMD2	0.2561904509360232	0.11596607486848695
PSMD3	0.25627185148410203	0.06787146562045306
PSMD4	NA	0.05068245160193413
PSMD5	0.22835952775117757	0.05436857070671718
PSMD6	0.18222253197258192	0.11232488682874489
PSMD7	0.2369293927768993	0.09707344772157557
PSMD8	0.24235299856345816	0.05680738883073155
PSMD9	0.18352080061286857	0.07904860379996904
PSME1	0.3807125867149722	0.20510829693332727
PSME2	0.4321675171647292	0.13967486923839456
PSME2B	NA	0.2246591322145837
PSME3	0.2593255448398899	0.12051851384167186
PSME3IP1	0.1921896548244473	0.07590507635566354
PSME4	0.22596791381398168	0.09418606892606443
PSMF1	0.3148777224638788	0.04049021817465669
PSMG1	0.29743958403742704	0.17214077623000038
PSMG2	0.20866367152392612	0.14220260533574036
PSMG3	0.39228745969661843	0.19631976617569089
PSMG4	0.33045044788268085	0.2342211445743493
PSPC1	0.24370702298652286	0.12434009225735963
PSPH	1.077691920705113	0.10985578940642571
PSRC1	0.4913318238930425	0.12774250625677516
PSTK	0.3180522065827841	0.04037420112184469
PSTPIP1	1.2974925028637123	0.05202053470753925
PSTPIP2	0.7860496768209293	0.19012739844000998
PTAFR	0.6020319557421142	0.022056372152253017
PTAR1	0.1993648012478024	0.09391975160957108
PTBP1	0.13829113474070787	0.1536992682536738
PTBP2	0.2956044228205091	0.04076677217237188
PTBP3	0.2610890636549191	0.09354635325126456
PTCD1	NA	0.09081366958712657
PTCD2	0.2250680622794345	0.1883830774592184
PTCD3	0.35312182881780635	0.13549190534129435
PTCH1	0.2835272101495119	0.013813867110958701
PTCH2	0.4754341995475684	0.07356302775309133
PTDSS1	0.46731303332533913	0.0935716025196085
PTDSS2	0.3278019812367888	0.04462667153454262
PTEN	0.1265325663987038	0.07389638720709302
PTER	0.7501463931424307	0.07208243671040891
PTGDR2	1.3312587825983038	NA
PTGDS	0.8510529023862737	0.42188077742858837
PTGER1	1.0236054820106444	0.2927950388240086
PTGER2	0.6521737436502075	NA
PTGER3	0.8435402456012062	0.12230963272188373
PTGER4	0.40830814047472436	0.09341392909242151
PTGES	0.4655624217958614	0.25933514138723984
PTGES2	0.4651042600960328	0.05277486298513069
PTGES3	0.2644517121343895	0.2600929826590223
PTGES3-PS	NA	0.2318307340234345
PTGES3L	0.2557807255356942	0.17088123719909412
PTGFR	0.5060057708178844	0.2462248764433084
PTGFRN	0.3305496905407201	0.07155275071791531
PTGIR	0.8201345248741031	0.162528145801681
PTGIS	0.6012612917567725	0.19549948146812968
PTGR1	0.5110781783379231	0.09785424187190866
PTGR2	0.5481095833335897	0.1510075756740798
PTGR3	0.3437424545109148	NA
PTGS1	0.8732097510128819	0.15129769329005233
PTGS2	1.4014168533145803	0.04879494847780889
PTH1R	0.6831600399509606	0.09308972245530861
PTK2	0.157659879086187	0.0394646053869493
PTK2B	1.107952290133461	0.1431022234441943
PTK6	0.8552089791203469	NA
PTK7	0.6941083159675135	0.14325514027714356
PTMA	0.21621844405130777	0.15810170013689084
PTMS	0.33992079448835555	0.29020311864437764
PTN	0.9029557619742934	0.2789783519792397
PTOV1	0.29561286337973836	0.10400683378267983
PTP4A1	0.312531190039198	0.09263583329929917
PTP4A2	0.25580500327523287	0.03954880468276766
PTP4A3	0.9956442396215518	0.12585369440312388
PTPA	0.16091447979050957	0.05988844150643419
PTPDC1	0.22136886341739492	0.08006833361429846
PTPMT1	0.4727974216707957	0.058485672417848925
PTPN1	0.27305442798427093	0.19723247001532634
PTPN11	0.2083070125185544	0.09720957393659989
PTPN12	0.23963958808407604	0.019285212904137965
PTPN13	0.34336551238453283	0.10299801142204541
PTPN14	0.39525084804901256	0.14127415616078492
PTPN18	0.5183503874334718	0.09807833281494188
PTPN2	0.24158333285547723	0.07596215382030433
PTPN20	1.0054539276646577	NA
PTPN21	0.26574643111973817	0.04101588231796117
PTPN22	1.471777887783567	0.10515376706645373
PTPN23	0.23408186346410298	0.1468615786682126
PTPN3	0.5638187384110709	0.10500449756354277
PTPN4	0.2480630019811704	0.09515376009293945
PTPN5	1.3457882890551827	NA
PTPN6	0.8696777649999046	0.15135824991642102
PTPN7	1.831782851695508	0.09485772344284454
PTPN9	0.2102365747193963	0.0688171003937286
PTPRA	0.1126592849046796	0.08149376469479094
PTPRB	0.3269396080835883	0.09585005070918284
PTPRC	1.4976370656335862	0.08603643093372693
PTPRCAP	1.7351078975012773	0.1291391465654912
PTPRD	0.677818626194577	0.3241580151245938
PTPRE	0.7525401284064385	0.08811860049240276
PTPRF	0.34698575899594203	0.14322452494244603
PTPRG	0.3528428673155486	NA
PTPRJ	0.6295445623385312	0.11480901045234554
PTPRK	0.4558866706176286	0.13266037310475404
PTPRM	0.28704111321796255	0.08753214205168525
PTPRN2	1.559564361822273	NA
PTPRO	0.636847865708153	0.0832407905711461
PTPRQ	0.8177343875106062	NA
PTPRR	0.5352657393966338	NA
PTPRS	0.530610781427819	0.13878802935617351
PTPRT	0.8424458561937629	NA
PTPRU	0.5206992819647703	0.370783670283756
PTRH1	0.18007893174523368	0.09298024202272451
PTRH2	0.19411936748011446	0.05033437343355735
PTRHD1	0.34016965547446054	0.15402223234789436
PTS	0.32275989560280555	0.06977197386593106
PTTG1	NA	0.169853903607024
PTTG1IP	0.2858333301179709	0.061097885831504134
PUF60	0.1774812753070395	0.03686339926014542
PUM1	0.16362451374330877	0.045482830896314316
PUM2	0.12946662939163128	0.0744954312971307
PUM3	0.21751482027913635	0.055391956595828185
PURA	0.22150200074440674	0.1128756936978042
PURB	0.1579313030444963	0.09844524921737521
PURG	0.4354115219632659	0.08541540221279557
PUS1	0.2653647332064582	0.06213561855682205
PUS10	0.20846713829553878	0.160273571615431
PUS3	0.15166219946142503	0.13281723413991237
PUS7	0.22228586564167135	0.04289695448286088
PUS7L	0.3769511333557983	0.06254300233203751
PUSL1	0.4389472249079117	0.1760859508395247
PVALB	NA	1.263758375069571
PVR	0.4426744214993815	0.11556273126381167
PVRIG	1.8211036399496534	NA
PWP1	0.15101456406723532	0.14423247597497774
PWP2	0.1845628767530949	0.15030692405843685
PWWP2A	0.18135420153562729	0.13287650539863502
PWWP2B	0.3227336044819508	0.1518719357339729
PWWP3A	0.3419375501888791	0.10051998511317592
PWWP3B	0.48698417403681576	NA
PXDC1	0.40173794989094824	0.16780776441761508
PXDN	0.408992998437823	0.11826340494125683
PXDNL	0.672162812363166	NA
PXK	0.20569511498284648	0.09206868330202939
PXMP2	0.8616610216034166	0.3313646243020479
PXMP4	0.7104020637645242	0.24640925313307077
PXN	0.324083516125608	0.11573940436156366
PXYLP1	0.55167785874775	0.15950752875895505
PYCARD	0.6230861420942491	0.23319413099868683
PYCR1	0.6932523390364403	NA
PYCR2	0.14358115069320881	0.1692979513776388
PYCR3	0.4070423840383756	NA
PYCRL	NA	0.14567515418968335
PYGB	0.3573655957839508	0.06394444447612217
PYGL	NA	0.4422605330960211
PYGM	0.6415607036189311	0.3421024596155475
PYGO1	0.484127394501263	NA
PYGO2	0.20479867197801963	0.10676020674294005
PYM1	0.2738221010896366	0.19593393949606824
PYROXD1	0.6119323629478766	0.18638383731757432
PYROXD2	0.38402627541992124	0.10135670720371776
PYURF	0.31556012645504156	0.11381492578569402
PYY	0.7142985235646006	NA
PZP	NA	0.277824060223384
QARS	NA	0.049806468513239846
QARS1	0.13232256754183921	NA
QDPR	0.6959805319762751	0.11535751035807945
QK	NA	0.03222839357866984
QKI	0.10478568605810959	NA
QPCT	0.2925509498440751	0.08824175702333806
QPCTL	0.3388751164387622	0.12210512395782015
QPRT	0.3168833960314043	0.12425981043612454
QRICH1	0.07002537238476564	0.1117206574076656
QRICH2	0.5749990387770868	NA
QRSL1	0.4521350326914853	0.05961507309837681
QSER1	0.23654238343982478	0.11586685393886352
QSOX1	0.35433062095670714	0.10934659335663677
QSOX2	0.32604519244968266	0.11328930495876428
QTGAL	0.34663570349712436	0.18019215906556169
QTMAN	0.14001482979957955	0.029719168867169535
QTRT1	0.14734329509200003	0.1569016606376408
QTRT2	0.19834830062067096	0.09444165365322887
R3HCC1	0.18208441295550348	0.26029630330198533
R3HCC1L	0.25489381736625843	0.14968172249323516
R3HDM1	0.12958287860862597	0.044013171340565115
R3HDM2	0.16762303125520114	0.03050365203345355
R3HDM4	0.25890291486859673	0.133197146026928
RAB10	0.2973841588701909	0.06526799981928214
RAB10OS	NA	0.11770401657758897
RAB11A	0.24930286030554177	0.05653936820585406
RAB11B	0.16999915202932595	0.10721159409863526
RAB11B-PS2	NA	0.2654684267601242
RAB11FIP1	0.2567749100988195	0.16959343814972425
RAB11FIP2	0.1643331612077447	0.09895089171231122
RAB11FIP3	0.5644247127736376	0.090450156409898
RAB11FIP4	0.37753615518412	0.1478086822755033
RAB11FIP5	0.3740018405377699	0.13794902029566933
RAB12	0.17446722713072668	0.2394094051514577
RAB13	0.1951862732993941	0.2965821377495447
RAB14	0.19575479016746988	0.049749843774206125
RAB15	0.6400932547207775	0.10336574690078991
RAB17	0.9411481513722005	0.1492310863300202
RAB18	0.26205004492838924	0.0853356877505566
RAB19	0.5219804688344448	0.26415150676029425
RAB1A	0.3670827150444631	0.1203974083628913
RAB1B	0.155923136651229	0.07172736741809116
RAB20	0.46080103605252704	0.10331279875957002
RAB21	NA	0.09475959933729332
RAB22A	0.10903772924580982	0.12678151861632336
RAB23	0.45897900447412704	0.2015074584102326
RAB24	0.21885939682973254	0.09845921499062113
RAB25	0.4510786831594664	0.17317647937457065
RAB26	NA	0.0927293322744082
RAB26OS	NA	0.3075476092434802
RAB27A	0.3828616053134448	0.3132443385070431
RAB27B	0.4154121966692971	0.16794600135839813
RAB28	0.2771355543563733	0.05430947459185283
RAB29	0.4427077268842513	0.09686418800578883
RAB2A	0.28805613232417127	0.06563574197337839
RAB2B	0.13534472737234773	0.08701041066801414
RAB30	0.4850772561169029	NA
RAB31	0.492009950748039	0.16095189750334368
RAB32	0.6192467167849177	0.12279218863448012
RAB33B	0.42340333676718106	0.09058289012460327
RAB34	0.48420189395226654	0.1469637915197536
RAB35	NA	0.1565492335398803
RAB36	0.4445147873425395	NA
RAB37	0.3426223493528043	NA
RAB38	0.6965801652322159	0.10394879006784523
RAB39A	0.4771130943505723	NA
RAB3A	0.4805145606920108	0.16804771545098618
RAB3D	0.5016233979708747	0.11971092504004266
RAB3GAP1	0.14318770912578563	0.09698470550260747
RAB3GAP2	0.10237169273907563	0.10641058524477558
RAB3IL1	0.5158645733027348	0.26735695855039276
RAB3IP	NA	0.12240773026385542
RAB40B	0.5320957831039335	NA
RAB40C	0.5216155193928786	0.15213915981243725
RAB42	NA	0.22478906220613903
RAB43	0.28316164674120714	0.3330377809526787
RAB4A	0.27633657622258956	0.0764435857668953
RAB4B	0.26602394628266074	0.25841711878348883
RAB5A	0.26185803908733807	0.04745722862793554
RAB5B	0.14946329581920817	0.08108985226756772
RAB5C	0.2719955490617746	0.09465956945654719
RAB5IF	0.37619478735600004	0.1014255654412103
RAB6A	0.2711504627686624	0.07856735181668086
RAB6B	0.8407929176095162	0.13100269355820077
RAB7-PS1	NA	0.2591797227648043
RAB7A	NA	0.06155897904308209
RAB7B	1.2744936027116924	0.044077676866802244
RAB8A	NA	0.0880539894890973
RAB8B	0.18334982365279137	0.17797255253410665
RAB9A	0.5985988498748456	0.10658809491957778
RABAC1	0.2575518810096317	0.12919588647720645
RABEP1	0.15698007495353222	0.1287385396969972
RABEP2	0.31898693650645843	0.09988569228991155
RABEPK	0.43262989662465506	0.10231038102053808
RABGAP1	0.07660550165230648	0.034553415877014944
RABGAP1L	0.4629721540102433	0.15277228079915145
RABGEF1	0.1431154755547664	0.11668107020669861
RABGGTA	0.15512355355997268	0.02024719914211751
RABGGTB	0.2874035792860689	0.07240254724700482
RABIF	0.3114643903847223	0.08830745166741676
RABL2	NA	0.08859678908369033
RABL2B	0.21494127616612435	NA
RABL3	0.30963071284323335	0.06667622583042503
RABL6	0.24234819560887436	0.07416312116431038
RAC1	0.12936327623060076	0.07843725767413431
RAC2	0.9867028662865354	0.20375657302211816
RAC3	0.39944218454134073	0.24907293666869318
RACGAP1	0.5716015537942429	0.11608056487717204
RACK1	0.24804790675197871	0.0667179722606766
RAD1	0.5120409012677759	0.09684491486868207
RAD17	0.2547002569664083	0.05974540822438451
RAD18	0.8366353103058602	0.08418815659777189
RAD21	0.1440274493346051	0.13717654162985016
RAD23A	0.2257116695875825	0.0910310824092174
RAD23B	0.15585356677401396	0.09941166922190801
RAD50	0.2968026698574162	0.11132068989402735
RAD51	0.7895080437022725	0.022581227977859834
RAD51AP1	0.41155303243956376	NA
RAD51B	0.2529384203550661	NA
RAD51C	0.17306796128262025	NA
RAD51D	0.18925284570091838	0.11407358611006754
RAD52	0.1587762454248452	0.07370574052057247
RAD54L	0.6261569234290114	NA
RAD54L2	0.2601179424138571	0.18694194877343429
RAD9A	0.2724925878264793	0.03940371052722919
RADIL	0.7748481327219782	NA
RADX	0.510083829485749	NA
RAE1	0.11339491765126937	0.130922260524081
RAET1E	0.21592246558374797	0.08826733059147779
RAF1	0.16028152202049262	0.04668937934477662
RAI1	0.2013650009970028	0.12642915678185263
RAI14	0.27116015531526066	0.08812588083449749
RAI2	0.5147906055087621	0.21012823090013408
RALA	0.12099828688003862	0.13549461778227273
RALB	0.1282651551489263	0.07156733839993824
RALBP1	0.22170326474076454	0.036611424382255765
RALGAPA1	0.26047319179991785	0.13035886399616214
RALGAPA2	0.46276897549546314	0.19252647789150834
RALGAPB	0.20994802028816129	0.09239593111226604
RALGDS	0.4890246021081892	0.12763080061737225
RALGPS1	0.30388327979445034	0.12839071906781582
RALGPS2	0.27448448080448395	0.06066423838861687
RALY	0.2589549891039535	0.10337353852283487
RALYL	1.0469729800943135	NA
RAMAC	0.18555171340256574	0.10436981490363484
RAMP1	0.5825363268983788	0.16810753223270658
RAMP2	0.324131754739345	0.08395978774121086
RAMP3	0.5387126121661561	0.24652349529543774
RAN	0.1848039429900738	0.11247696010308032
RANBP1	0.15697144606430743	0.10113616959570965
RANBP10	0.22605482307629085	0.08674420627938953
RANBP17	0.18492921941294949	NA
RANBP2	0.3061222746765533	0.14663895434246574
RANBP3	0.11076428209361874	0.043950276873076385
RANBP3L	1.1310527275064837	0.17896011264344366
RANBP6	0.33895673792741365	0.15731060330400243
RANBP9	0.15862365313464738	0.14434976454950285
RANGAP1	0.19048240851778575	0.16256030603336782
RANGRF	0.5527213791692824	0.1302703234079538
RAP1A	0.09024632588487017	0.06936309492144978
RAP1B	0.16346065208332997	0.035018081923215
RAP1GAP	0.5940509264146999	0.2552878445356831
RAP1GAP2	0.5369995784933366	0.13012815942360562
RAP1GDS1	0.309372488336795	0.06870332554180873
RAP2A	0.5157728796672758	0.0937999724085249
RAP2B	0.564496152186107	0.08056938586122334
RAP2C	0.3701386340965724	0.0597582852462535
RAPGEF1	0.29540740095356927	0.08277789239271913
RAPGEF2	0.19872522909501675	0.1041920118776372
RAPGEF3	0.29272377045165276	0.03223794249335867
RAPGEF4	0.28012310266547263	0.10751816828383473
RAPGEF5	0.5005371349855926	0.13490610080204227
RAPGEF6	0.2897781999839351	0.12743928858069642
RAPH1	0.3145708732249893	0.03876436922060225
RAPSN	NA	0.1814985371050506
RARA	0.29183306109240476	0.0518261681933774
RARB	0.2850045354664936	0.07452108305461783
RARG	0.5680061077154007	0.06796131832392888
RARRES1	0.9569893104298958	NA
RARRES2	1.2034813838980059	0.16215459762238552
RARS	NA	0.09584736691648656
RARS1	0.1217071251166662	NA
RARS2	0.16400922894411177	0.027447671590117375
RASA1	0.18510551789144286	0.07195016194300122
RASA2	0.3357456583039843	0.06996457594822515
RASA3	0.7196066622986204	0.2338657586062159
RASA4	NA	0.15617127765737943
RASA4B	1.0725381548675474	NA
RASAL1	0.8264134967771486	0.15474852794414262
RASAL2	0.2469564014362101	0.058153677060301404
RASAL3	1.7112344927178256	0.07814525091218967
RASD1	1.0321767274851483	0.39254897695325464
RASD2	0.7972833735807796	0.24801048036292037
RASEF	0.5781535512772041	NA
RASGEF1A	0.6117049784602122	NA
RASGEF1B	0.3122704234659791	NA
RASGRF2	0.35964679998251253	NA
RASGRP1	0.4623232966283376	0.15051851393706786
RASGRP2	0.9514270812852526	0.050102970608366486
RASGRP3	0.536275702674752	0.09871081758413754
RASGRP4	0.5146174184282662	NA
RASIP1	0.43914996000398415	0.08538575736253377
RASL10A	NA	0.2840926283993967
RASL10B	0.6542528226712458	NA
RASL11A	0.35490282866955664	0.27555302542484816
RASL11B	0.7362058372007192	0.1103116796628104
RASL12	0.7772396284360709	0.1435082099569692
RASL2-9	NA	0.08913739105716427
RASSF1	0.37275588334938176	0.13456585852471165
RASSF10	1.5075359935756445	NA
RASSF2	1.3061157217439137	0.11306325968285186
RASSF3	NA	0.18672774979159582
RASSF4	0.6657518069993534	0.06985646578869067
RASSF5	1.0654412669110946	0.10294285948142251
RASSF6	0.7125101085660662	0.1148770621021842
RASSF7	0.3769631935737061	0.1262813608528221
RASSF8	0.43730547780566265	0.11625274188259833
RASSF9	0.6217575917806061	0.07094359132697906
RAVER1	0.1605340142309779	0.1764720337248196
RAVER2	0.5728959525759549	NA
RB1	0.16023936523842436	0.1797374928739657
RB1CC1	0.2744331238608504	0.08397732325104136
RBAK	0.2012260984671886	0.12904214950761506
RBBP4	0.0883017465883778	0.11900653643423308
RBBP5	0.12171129484465547	0.0948625825041596
RBBP6	0.15734393672295985	0.1433127612129314
RBBP7	0.11340854163677412	0.05504372246392836
RBBP8	0.8364493091628555	0.05571991052733867
RBBP8NL	0.7755165398513071	NA
RBBP9	0.26497732597859613	0.10393259759286824
RBCK1	0.22554869675939038	0.1062267624966919
RBFA	0.20638679785991454	0.1083121365748336
RBFOX2	0.25161040123886763	0.1636127463878839
RBFOX3	0.6579130759559999	NA
RBIS	0.2276870029479642	0.21482669921529243
RBKS	0.5657887765148599	0.20770360735681945
RBL1	0.24521004771334706	0.16627487746056918
RBL2	0.17181173586164145	0.18381075583669784
RBM10	0.2214923517097063	0.2558175706585821
RBM11	NA	0.3214819111193896
RBM12	NA	0.11587544356522524
RBM12B	0.30316288520101414	NA
RBM12B1	NA	0.2912407614971469
RBM12B2	NA	0.21023930501717472
RBM14	0.2185083609151108	0.18746945873424678
RBM15	0.2654493366779183	0.180958959985929
RBM15B	0.0984637764135548	0.11072756476854351
RBM17	0.14827381694281164	0.07907532835647632
RBM18	0.12180340733520013	0.07401909713445641
RBM19	0.13037134823168953	0.09268430014217882
RBM20	0.8869453741202089	0.11795326295171217
RBM22	0.1398521164019333	0.06361315944821462
RBM23	0.2110414994289096	NA
RBM24	0.7442157199667776	NA
RBM25	0.1455641178321137	0.07246954444457827
RBM26	0.1467192672406895	0.040311370634039806
RBM27	0.23772850745965038	0.14770219722041164
RBM28	0.24090096175571932	0.11912580370434567
RBM3	0.6433784663925876	0.21237479388774366
RBM3-PS	NA	0.31319929919781536
RBM33	0.2437876357475396	0.10186613687211059
RBM34	0.24230533187730505	0.13604180859707932
RBM38	0.5749773828901698	0.27225278628480043
RBM39	0.1516429960683974	0.08213960269347653
RBM4	NA	0.16050783473171634
RBM41	0.24813596845366853	0.07539751992848635
RBM42	0.1756134068444451	0.08447604081418698
RBM43	0.536586627245988	0.10182989397402242
RBM45	0.12086439859055212	0.1897401034945657
RBM47	0.7615037153178786	0.09175340206788984
RBM48	0.22201689540982167	0.20136874743047223
RBM4B	0.26540646703191834	0.09617338690116771
RBM5	0.32492252498109775	0.05395113773304022
RBM6	0.16011680744976378	0.11479337775832389
RBM7	0.13301541194849625	0.09282649456392832
RBM8A	0.18928697026493793	0.08880946665744127
RBMS1	0.18141318950058563	0.19236137678534235
RBMS2	0.3751791540552424	0.06836642527528258
RBMS3	0.39294990406402563	0.0846199383919964
RBMX	0.19569413825947024	0.20824335603332467
RBMX2	0.2645991457232361	0.19563106075480063
RBMXL1	NA	0.07483925339926276
RBMY	NA	0.23941529053155097
RBP1	0.36721667243404066	0.12748819438371564
RBP2	1.2967644247380308	NA
RBP4	0.7303251505577565	1.0257937851586523
RBP5	1.0434126603509382	NA
RBPJ	0.23306742293837243	0.1264200743116412
RBPJ-PS3	NA	0.19237108149885854
RBPJL	0.9241169769874076	NA
RBPMS	0.4093336412537919	0.0576834290961397
RBPMS2	NA	0.15534745753793652
RBSN	0.22864379031525991	0.25967608898751776
RBX1	0.1737348890182248	0.08782150938415434
RC3H1	0.24933049185798806	0.12869627048258744
RC3H2	0.2551273591717607	0.10733157257890849
RCAN1	0.8411762738142832	0.11645091718506947
RCAN2	0.5239625810820807	0.2907765017678367
RCAN3	0.19074782124972728	0.16032347883690456
RCBTB1	0.28730894167535337	0.09151734857830437
RCBTB2	0.20285659623364705	0.04283870989010879
RCC1	0.18241922325252585	0.15173366575414746
RCC1L	0.33278754452600756	0.08956261046177905
RCC2	0.357341945055126	0.17383805185456336
RCCD1	0.5234998612785741	NA
RCE1	0.3274156506505292	0.18572156249509603
RCHY1	0.28826141708728614	0.1612207265099142
RCL1	0.28593548297568394	0.14957114493053186
RCN1	0.6807442656972803	0.22965136453457521
RCN2	0.12815462042172043	0.12489368845918437
RCN3	0.7618042735897481	0.29885270664139846
RCOR1	0.18321901598838036	0.03209181831314928
RCOR2	0.5428829995928969	NA
RCOR3	0.1956228395402331	0.10491259467239276
RCSD1	0.6115451719938507	0.0812612475082916
RDH10	0.4483287102102662	0.22234451117004386
RDH11	0.20092543222573842	0.1579490816135228
RDH13	0.3771792546089244	0.08791247272978338
RDH14	0.386913832477548	0.054824841354853555
RDH16	0.80956351107658	0.23423430163184658
RDH16F1	NA	0.18783074823920215
RDH16F2	NA	0.42085943998822417
RDH18-PS	NA	0.11736782450940682
RDH5	0.29829886883393775	0.10780066535363485
RDH9	NA	0.16106406462439085
RDM1	NA	0.08049338805951348
RDX	0.191725606991742	0.07753053189820416
REC8	0.7802999334932856	0.2565924513384203
RECK	0.48910635804882335	0.26951403399456303
RECQL	0.3415359667142654	0.0829948714669199
RECQL4	0.4611863166372925	NA
RECQL5	0.1302178216928747	0.16127104746629858
REEP1	0.8162329619124151	NA
REEP2	0.787663919076697	NA
REEP3	0.283762774467539	0.03447553182182571
REEP4	0.22747073854279928	0.1342308828421797
REEP5	0.26998395982549134	0.09191411963554841
REEP6	0.7252826551959631	0.2195914535425872
REG3G	NA	0.05813388107147391
REL	0.7151895824468398	0.09042759030275348
RELA	0.26734727509881295	0.11475208244521908
RELB	0.7111463854100474	0.2571986496298849
RELCH	0.31077908661324216	0.10040876072868804
RELL1	0.4936154135961784	0.26207924531757903
RELL2	0.5449658658458152	NA
RELN	1.2004223090230828	NA
RELT	1.19735687864188	0.2218994586747092
REM1	0.8554589254175591	0.17699803351720922
REM2	0.5297576537739899	NA
REN	2.010592967180869	0.5144907897051824
RENBP	0.7980022748170374	0.17062456753044383
REPIN1	0.28860576306026703	0.18436097722069242
REPS1	0.2910342961519478	0.17940091303016928
REPS2	0.7865430750480062	0.11971792191390108
RER1	0.2796228958922987	0.039207869000988174
RERE	0.1681713272599818	0.16238218260737014
RERG	0.3408787858675841	0.16668164323722878
RERGL	1.2391520591174492	0.3020204076973936
RESF1	NA	0.15840268774781913
REST	0.25559192296547556	0.14953961804915553
RET	0.5937157339373863	NA
RETN	NA	2.456869495592337
RETNLA	NA	0.20951055148058195
RETNLG	NA	0.18039509319398508
RETREG1	0.5268510453058559	0.13447434976335443
RETREG2	0.3903919697025035	0.08360421223861976
RETREG3	0.14428059497358622	0.09784076164994586
RETSAT	0.6602002925781734	0.1129105811255287
REV1	0.45585343282371704	0.05859537484925286
REV3L	0.4960748591602772	0.1135010122609348
REX1BD	NA	0.10606235284567214
REXO1	0.22344057434423045	0.03778741860456162
REXO2	0.3604385772340077	0.06009654782798129
REXO4	0.23880853328750662	0.08310641005487351
REXO5	1.6068142128091438	NA
RFC1	0.14572539690602135	0.10882424101763939
RFC2	0.32738881320804103	0.05805863518559518
RFC3	0.26156320844795883	0.20306281158764852
RFC4	0.1779068279567854	0.2260747642926854
RFC5	0.4323755094731255	0.1317502925017622
RFESD	0.5587694604654236	0.10992597192537493
RFFL	0.2918511834115961	0.07757621556499034
RFK	0.5827733171498595	0.0394181733741956
RFLNB	0.6274497884179249	0.20870190077932682
RFNG	0.3280703991677133	0.091886318208722
RFT1	0.258619029210291	0.1068838906529301
RFTN1	0.668144119999179	0.09278120632152
RFTN2	0.5365831078113134	NA
RFWD3	0.09891438206481272	0.05466854071031713
RFX1	0.3366418105129791	0.16649365140397773
RFX2	0.3557326033239434	NA
RFX3	0.2230128708361602	NA
RFX5	0.5069750863903272	0.2397461154258773
RFX7	0.3545499984444637	0.06148163877899863
RFXANK	0.26790547845948687	0.14431639876650532
RFXAP	0.21988267113541196	0.060024044188401994
RGCC	0.16625946594997842	0.49469402955842334
RGL1	0.2709233436455418	0.21623791966402467
RGL2	0.3686260380711365	0.13255350342240077
RGL3	0.4011368384997209	0.1674240132661421
RGMA	0.8258010947632961	NA
RGMB	0.42479927472227197	0.1387481896200158
RGN	0.9139137864680417	0.15741584884031792
RGP1	0.1979009938172504	0.09968859118919515
RGS1	1.8331230163140089	NA
RGS10	1.0667790469329665	0.0812197658531119
RGS11	1.4068462539490454	0.11235422525991089
RGS12	0.36951896763636716	0.14788788430131525
RGS14	0.6816070750392131	NA
RGS16	0.7515073518165505	0.23495277015412874
RGS18	0.9998111150741672	NA
RGS19	0.9431956745026018	0.16991539725024007
RGS2	0.6538253585177356	0.32828797214280303
RGS22	0.5552944325063469	NA
RGS3	0.48592086493717473	0.10464590738446575
RGS4	0.9783636811992281	0.18012651393002535
RGS5	1.0333661468760338	0.33691375991867833
RGS6	0.7224617691661587	NA
RGS7	0.5378041109325891	NA
RGS8	0.5613585663284286	NA
RHBDD1	0.26738724831748767	0.07728333779664587
RHBDD2	0.16901108715546584	0.125528533521901
RHBDD3	0.35091955539182174	0.11399033528570497
RHBDF1	0.4071136799090364	0.1331675420783824
RHBDF2	0.5081136413756318	0.06167817113749587
RHBDL1	0.34420314274264213	0.27016241126490126
RHBDL2	0.5498948988600658	0.08434616993486314
RHBDL3	0.7129292366839439	0.10894361460441175
RHBG	1.376769203346115	0.37521050414642854
RHCG	0.4792017941618484	0.4883741944523317
RHEB	0.23883334198199663	0.07644431027426324
RHEBL1	NA	0.2130924342640882
RHNO1	0.3553472789263154	0.14575521584465873
RHOA	0.1565162460794472	0.06590006042397276
RHOB	0.4310916639984216	0.14247673662480329
RHOBTB1	0.6387284038829627	0.2897217456325465
RHOBTB2	0.2404145365611792	0.05451622895604987
RHOBTB3	0.37780608422568235	0.11296212624819328
RHOC	0.28532886598425733	0.2641715142861409
RHOD	0.26119555117944393	0.07841868767699943
RHOF	0.23096020987556795	NA
RHOG	0.3501906662533598	0.18244679756463736
RHOG2	0.19544178669741968	NA
RHOH	1.538360066724187	NA
RHOJ	0.39677332913012625	0.09410175351037398
RHOQ	0.43734497751183626	0.1384043864976089
RHOT1	0.25660149316860925	0.11121314009647794
RHOT2	0.15153381315619538	0.06598883779471168
RHOU	0.7821935937072328	0.22291558080848883
RHOV	NA	0.5779839701835235
RHPN1	0.446928039118199	0.10080054064827886
RHPN2	0.2764362871016138	0.17070668953870813
RIBC1	NA	0.15567203987790987
RIBC2	0.956479925529645	NA
RIC1	0.20523497140641153	0.0888348937113017
RIC3	0.5208505302821942	NA
RIC8A	0.3252076687307373	0.06668353788549364
RIC8B	0.18897664950864249	0.11218279973358918
RICTOR	0.20766271956094406	0.0499076004418204
RIDA	0.8334336711688031	0.0778547427848791
RIF1	NA	0.08436815121881068
RIIAD1	0.323252928320296	NA
RILP	0.45418435412263064	0.15796312017812153
RILPL1	0.29752902316415114	0.16733208695152238
RILPL2	0.5822527691777639	0.08742863262032192
RIMBP2	0.4677963748709105	NA
RIMKLA	1.0381941956518819	NA
RIMKLB	0.4311942006720417	NA
RIMOC1	0.3109280312122399	NA
RIMS1	0.4126362683084633	NA
RIMS2	1.0697293990384475	NA
RIMS3	1.042099429929755	NA
RIMS4	0.5968612961947434	NA
RIN1	0.5695157854031153	0.05399006962809716
RIN2	0.35650339914818135	0.08989748167534235
RIN3	0.2645182221684274	0.1410323734477627
RING1	0.16824519371801602	0.13059994267168107
RINL	0.6742400588552142	0.09790442434702162
RINT1	0.3606111364013025	0.04866847182506924
RIOK1	0.21775752046719615	0.11463307834400266
RIOK2	0.21452157342936354	0.0997427490696653
RIOK3	0.17699363201870147	0.06272867216809519
RIOX1	0.2574916759442803	0.20786413342568114
RIOX2	0.28834037476658425	0.0865640802395954
RIPK1	0.21097782743539212	0.0741670713611999
RIPK2	0.4081003914278051	0.08993787428996562
RIPK3	1.455956832600257	0.1804109302916093
RIPK4	0.5087363916752178	0.12895612967564482
RIPOR1	0.30133505359604673	0.085589821529895
RIPOR2	1.2239763253204052	NA
RIPOR3	0.6294523529742357	0.06862444013286666
RIPPLY3	NA	0.15104774024658565
RIT1	0.23083633465085981	0.10410944768421111
RIT2	0.6643597928324608	NA
RITA1	0.23487136679273515	0.12254210591879813
RLF	0.25376137545914557	0.21621223700021433
RLIM	0.24448551323176343	0.13186512462581257
RMC1	0.13435389217770338	0.12327694898946642
RMDN1	0.16655440206037722	0.1767692443458322
RMDN2	0.6111161197846484	0.11811001944512739
RMDN3	0.48258338923829797	0.15174539277922272
RMI1	0.38428090461240694	0.027491096201441287
RMI2	0.4008303422455129	NA
RMND1	0.18856972184672036	0.09027831135345171
RMND5A	0.17867462613873122	0.05981979160599761
RMND5B	0.1642182873798305	0.24022459750135414
RMP24	NA	0.12807834115536074
RMP64	0.18589878315648883	0.11925767307577584
RMRP	NA	0.7316335563376296
RN18S	NA	0.6505264868636366
RN7SL5P	NA	1.0698164394605936
RNASE4	0.5016579216410041	0.1601955858778917
RNASE6	NA	0.2204647422651069
RNASEH1	0.2418976811319563	0.22264401574267415
RNASEH2A	0.3906032169511232	0.10275260552988286
RNASEH2B	0.4522590942902457	0.07036592153236794
RNASEH2C	0.35367787057990485	0.16270401037782192
RNASEK	0.21150625907429368	0.3071546997874069
RNASEL	0.37225227475006917	0.059352827606387555
RNASET2	0.43648315724729814	NA
RNASET2A	NA	0.10544672367482097
RNASET2B	NA	0.10635742736239152
RND1	1.1893493621384745	0.06373065301535272
RND2	0.7138769803069588	0.2110009073456403
RND3	0.49972130531163667	0.09292761937801648
RNF10	0.25609584774801786	0.06441974414904687
RNF103	NA	0.13321372128398612
RNF11	0.2585065428814657	0.048878519337110085
RNF111	0.17411067626694	0.08808597125259919
RNF112	1.1575915115059443	NA
RNF113A	0.2906991045660725	0.2132552236208177
RNF113B	NA	0.2866186947204992
RNF114	0.20883654040163924	0.1128469958865053
RNF115	0.19318760488009915	0.06456669971391672
RNF121	0.11363074336384146	0.0877576923382589
RNF122	0.8915352617867657	NA
RNF123	0.15164837965586064	0.08544030133672051
RNF125	0.38082722333344654	0.3732779541838205
RNF126	0.1796892729116873	0.16432474895719226
RNF128	1.0105378659729625	0.07029151364048503
RNF13	0.37069314698439243	0.09143693990184225
RNF130	0.18883328710566968	0.09830321274677649
RNF135	0.2855794938478837	0.17549846291171456
RNF138	0.301099922657399	0.06822864568919448
RNF139	0.23319436812840533	0.11864390391082592
RNF14	0.30494083319467286	0.06856971621567376
RNF141	0.30628434521996006	0.08215976428840889
RNF144A	0.327108916056289	0.10550508925087061
RNF144B	0.4941218529120735	0.37798646267250274
RNF145	0.41268733034620736	0.17036723032883008
RNF146	0.10978580844840803	0.06617230323515186
RNF149	0.17174342869211237	0.18720215348969022
RNF150	0.6485374433612054	NA
RNF151	0.27415500844673707	NA
RNF152	0.9332740611958504	0.08365768672026472
RNF157	0.4218351697165371	NA
RNF166	0.2275291797837314	0.08296384716622925
RNF167	0.31295423431552133	0.12463859573402952
RNF168	0.23295413109018528	0.08937224567616613
RNF169	0.251067870165452	0.4575826123642001
RNF170	0.1524449042965039	0.1010464531599022
RNF170-PS	NA	0.27896697146559685
RNF180	0.36353323775616864	0.158184299798803
RNF181	0.27265502212608733	0.08634317964278287
RNF183	0.5848708258319105	0.2814037578572264
RNF185	0.24216290558360926	0.11475285438406733
RNF186	NA	0.0679630186642475
RNF187	0.26155016948902693	0.08095941527098637
RNF19A	0.2162819886920949	0.04215574610168732
RNF19B	0.23643544342493739	0.16919132455559066
RNF2	0.18695467057060308	0.09963693100855918
RNF20	0.09652684470718251	0.06356841499286975
RNF207	0.8203254499084943	NA
RNF208	0.5198130468154152	0.23366049419290738
RNF212B	0.5357535581734045	NA
RNF213	0.5761168066886508	0.09374654097974615
RNF214	0.12421179847189545	0.03011191300726336
RNF215	0.46803015434563855	0.13402259585993903
RNF216	0.157813703662806	0.11246348358016763
RNF217	0.18082589164998802	0.10599957921713046
RNF220	0.15788028047367336	0.12135050247571247
RNF227	0.3626499805339984	NA
RNF24	0.3828732896893894	0.7559584955764961
RNF25	0.21300359514413864	0.13364172699117144
RNF26	0.22179608328579833	0.1325043769266406
RNF31	0.1937937001641607	0.08018205830706844
RNF32	0.4969046710336855	NA
RNF34	0.31189854451457333	0.10239819581955902
RNF38	0.16566049107897896	0.10175459003778593
RNF39	0.8126997762234799	NA
RNF4	0.19746042795675584	0.04503393628753605
RNF40	0.24685119916414094	0.06188218703061963
RNF41	0.20398162503624834	0.10949957622659054
RNF43	0.4979180822319005	NA
RNF44	0.22350443442685938	0.20989545027824671
RNF5	0.2151820000514432	0.18271987657400834
RNF6	0.18910171539759876	0.1065908627963105
RNF7	0.17969875162167026	0.07974836489386576
RNF8	0.19505671251268014	0.05943373998044348
RNFT1	0.31288080949030167	0.05759162834382352
RNFT2	0.2898653826039099	NA
RNGTT	0.2996297070092276	0.06132716663802616
RNH1	0.2274666031767174	0.09610775330197943
RNLS	0.28031859695112965	0.14080320450194028
RNMT	0.2067428660516304	0.05769785802386533
RNPC3	0.3207343857633125	0.14472469531131035
RNPEP	0.4181181022965427	0.0733886804085643
RNPEPL1	0.30425201382316064	0.059187284930274954
RNPS1	0.13252418717378792	0.12472609563131207
RNPS1-PS	NA	0.215437732744604
RNU6-1007P	NA	0.8031574425994883
RNU6-1079P	NA	0.35745835814171756
RNU6-805P	NA	0.832698163227391
RNU7	NA	0.29182481408866084
RO60	0.3007504452455138	0.11289290134072785
ROBO1	0.5567913612581868	NA
ROBO2	0.8260127385865482	0.09134597201913416
ROBO3	1.0066442733725682	NA
ROBO4	0.4229708268691289	0.09886852885271101
ROCK1	0.22574240623751426	0.08295978720889231
ROCK2	0.36963764507996205	0.048032670709153166
ROGDI	0.4785554973023232	0.22546261103785087
ROM1	0.31125015806522227	0.23326477545067179
ROMO1	0.432786634627582	0.38748509747060567
ROPN1L	0.6379616553527995	0.08595944772354559
ROR1	0.5518895695663613	0.07229742833840883
ROR2	1.0877067031123193	0.06294020497093754
RORA	0.5215892058072003	0.16939721302224955
RORC	0.7128989126624337	0.27767442681474785
ROS1	0.9180146190027239	NA
RP2	0.2440536893603429	0.04709001864713849
RP9	NA	0.0834054385812769
RPA1	0.17145520287860022	0.05744855669780205
RPA2	0.243580725847923	0.17394083154750709
RPA3	0.14266132760306843	0.2931411942988004
RPAIN	0.23440714564095264	0.11217949721497383
RPAP1	0.20687474925275498	0.09783566633382361
RPAP2	0.1623999849573424	0.08599240416663885
RPAP3	0.1363166832766971	0.13673040814286894
RPE	0.16706932037135055	0.11935680122723054
RPF1	0.12527744207722155	0.06818602778200485
RPF2	0.28347147139570983	0.06889105548087757
RPGR	0.42640365782547246	0.16775863681707873
RPGRIP1L	0.4542594124090828	0.05932108565875655
RPH3AL	0.34169530967299255	0.17323363348031154
RPIA	0.24652441792057395	0.034002337254632455
RPL10	0.32561303457278146	0.07700434257668294
RPL10-PS1	NA	0.15882050206813206
RPL10-PS3	NA	0.5268881875418003
RPL10-PS5	NA	0.24932606094059834
RPL10-PS6	NA	0.578911004410345
RPL10A	0.3504901172879261	0.10420832279854683
RPL10A-PS1	NA	0.6246868590957035
RPL11	0.33047957245000736	0.06574705827015138
RPL12	0.2804197186760932	0.038886867737734886
RPL13	0.40493588649672463	0.08453766952705984
RPL13-PS3	NA	0.742049378661818
RPL13-PS6	NA	0.4892969226346627
RPL13A	0.39990923073205586	0.10569263140758661
RPL14	0.34645492775041264	0.08876039310762254
RPL14-PS1	NA	0.1633545706037863
RPL15	0.19247853665675368	0.024148904211337866
RPL15-PS2	NA	0.4803154143378578
RPL15-PS3	NA	0.04355016557587125
RPL15-PS5	NA	1.1379596879566822
RPL15-PS6	NA	0.41171836638925574
RPL17	0.41593140444819576	0.9977538010936218
RPL17-PS10	NA	0.7444424583618826
RPL17-PS3	NA	0.7287395500164656
RPL17-PS4	NA	1.1805891198318865
RPL17-PS5	NA	0.6306360472674081
RPL17-PS8	NA	0.8459405094743812
RPL17-PS9	NA	0.7858431103190542
RPL18	0.329106341664457	0.12350824257773163
RPL18-PS1	NA	0.5830074359751303
RPL18-PS2	NA	0.28052694254998156
RPL18A	0.373024003257351	0.054498536488080944
RPL19	0.2757879020939276	0.0705910907169308
RPL19-PS1	NA	0.6647646160659327
RPL19-PS11	NA	0.7563320786120706
RPL19-PS6	NA	1.075683502684975
RPL19-PS7	NA	1.1487178153142374
RPL21	0.31695104280064423	0.06065420681309213
RPL21-PS10	NA	0.6515547456123904
RPL21-PS15	NA	0.20716060721233975
RPL21-PS7	NA	0.5578897507945475
RPL21-PS8	NA	1.0109669812753679
RPL22	0.300095584087317	0.08731282948651384
RPL22-PS1	NA	0.4677580502528709
RPL22L1	0.5258187158346967	0.4596989701329494
RPL23	0.38544473773491256	0.13113354286112625
RPL23A	0.3150066819311013	0.09888803533086409
RPL23A-PS3	NA	0.2553897500703634
RPL24	0.277249438907123	0.12316149711598154
RPL26	0.30466989541160927	0.15373703281225767
RPL27	0.28874835320051495	0.12075040051492322
RPL27-PS1	NA	1.0874276601918829
RPL27-PS2	NA	1.98923691882695
RPL27-PS3	NA	0.22418326315781056
RPL27A	0.33114190320498443	0.12283876701040049
RPL27A-PS4	NA	0.7010199910116822
RPL28	0.4196421925538257	0.09514299500230379
RPL28-PS1	NA	0.10795481146759495
RPL28-PS3	NA	0.6171920740178701
RPL29	0.3608569071499532	0.15235467485148574
RPL29-PS2	NA	0.3708377691153676
RPL3	0.30196064196690126	0.07776114418363568
RPL3-PS1	NA	0.26006055210191104
RPL3-PS2	NA	0.7265610004782587
RPL30	0.2822615751571497	0.48555870023574255
RPL30-PS1	NA	2.099246003688836
RPL30-PS10	NA	1.7849269996242199
RPL30-PS3	NA	2.1245104683049143
RPL30-PS8	NA	2.200203134488802
RPL30-PS9	NA	2.0008964347150298
RPL31	0.34612042616771127	0.06407486210618195
RPL31-PS11	NA	1.0237595268961004
RPL31-PS12	NA	0.2392170378710329
RPL31-PS13	NA	0.27401462020024453
RPL31-PS8	NA	0.11262958798418697
RPL31-PS9	NA	0.1726357642691738
RPL32	0.30231987502955227	0.03745478745056267
RPL32L	NA	0.3496241207130653
RPL34	0.32320587997261374	0.18907294042224276
RPL34-PS1	NA	0.32415369296567004
RPL35	0.36929124596825813	0.14246050359277249
RPL35A	0.40304088704667695	0.09326617874311043
RPL35A-PS2	NA	0.4540128889150837
RPL35A-PS3	NA	0.37599513096160064
RPL35A-PS4	NA	0.4605228746231263
RPL35A-PS5	NA	0.8130818723425842
RPL35A-PS6	NA	0.422799591900648
RPL36	0.4052216428611434	0.19066861741898264
RPL36-PS12	NA	0.08150875993974624
RPL36-PS2	NA	1.290558451546417
RPL36-PS3	NA	1.351243064987502
RPL36A	NA	0.1780859512886282
RPL36A-PS1	NA	0.5822349511684233
RPL36A-PS2	NA	0.33029115211505283
RPL36A-PS3	NA	0.7351032926450553
RPL36AL	0.30558799855026664	NA
RPL37	0.3389601778845881	0.16942255383573174
RPL37A	0.33559533266128744	0.2253612025983052
RPL37RT	NA	0.18937534699936298
RPL38	0.34101717925630903	0.16125087042419728
RPL38-PS1	NA	0.25630342583481974
RPL38-PS2	NA	0.29797175981404916
RPL39	0.2329861238446346	0.2687550281895388
RPL39-PS	NA	0.8174365953676118
RPL3L	0.5553971463008536	0.11688442278369808
RPL4	0.28204094490626835	0.05975133027198387
RPL41	NA	0.09662644336679617
RPL5	0.3013122282301716	0.11869631295480991
RPL5-PS1	NA	0.5563921154615085
RPL5-PS2	NA	0.43210314229895586
RPL6	0.27857344445517623	0.05787171647673525
RPL6L	NA	0.4019305528875525
RPL7	0.2767913915168893	0.06690422565595214
RPL7-PS7	NA	0.43714271060597726
RPL7-PS8	NA	0.8520003261910836
RPL7-PS9	NA	0.6021776846751746
RPL7A	0.32860016997889546	0.4113196131238518
RPL7A-PS10	NA	0.5213781850996558
RPL7A-PS11	NA	0.519564699290461
RPL7A-PS3	NA	0.654492364791731
RPL7A-PS5	NA	1.0661025937537616
RPL7A-PS7	NA	0.6577255969216674
RPL7L1	0.4030748286604558	0.10510378131841051
RPL8	0.298185873914271	0.10397386723135726
RPL9	0.2874152551355217	0.08146558081338486
RPL9-PS4	NA	0.1827036950437859
RPL9-PS6	NA	0.14180891641766943
RPL9-PS7	NA	0.08688192146679916
RPLP0	0.30910149940623544	0.11457276131771135
RPLP1	0.3918188574145821	0.34294900411389473
RPLP2	0.42630497176394966	0.27317534904975
RPLP2-PS1	NA	0.24078446487733007
RPN1	0.20078846829101227	0.06840055131348607
RPN2	0.10168667157160098	0.06580479785694064
RPP14	0.2911160779367326	0.0882859361001098
RPP21	0.2878855947347951	0.1493060555672202
RPP25	0.47986134482765785	NA
RPP25L	0.13539751683040036	0.23521792436405534
RPP30	0.4572120632324096	0.163092569694904
RPP38	0.3316178900630682	0.049018705144556744
RPP40	0.32783345948784237	0.10666085300660906
RPPH1	NA	0.8042309808164163
RPRD1A	0.08023536609908982	0.07218891679256183
RPRD1B	0.21564923447775206	0.11810454383571806
RPRD2	0.15023744328804622	0.13088838766894637
RPRM	1.3850229838290398	0.03571520884083783
RPS10	0.3152731187488185	0.059342049095754336
RPS10-PS1	NA	0.46526174531020364
RPS10-PS2	NA	0.11732352788108273
RPS11	0.4014182172948483	0.10623024998733704
RPS11-PS1	NA	0.9993379764787499
RPS11-PS2	NA	0.23820390080819814
RPS12	0.3577075977883688	0.2546492910758063
RPS12-PS10	NA	0.7741886247871281
RPS12-PS11	NA	1.6177762486083027
RPS12-PS12	NA	1.7983258637289883
RPS12-PS13	NA	1.7628387478483996
RPS12-PS14	NA	1.7996867228053361
RPS12-PS15	NA	1.6038857943404068
RPS12-PS16	NA	1.634847190351823
RPS12-PS17	NA	1.7954091715446436
RPS12-PS18	NA	1.860630778136268
RPS12-PS24	NA	0.8025989820790005
RPS12-PS3	NA	0.1406468794007436
RPS12-PS4	NA	0.3403940549447772
RPS12-PS6	NA	1.6488361247680803
RPS12-PS9	NA	0.38192618427934166
RPS12L1	NA	0.3068330394768336
RPS13	0.28771853360834343	0.13162423192938336
RPS13-PS1	NA	1.395925772191443
RPS13-PS2	NA	1.4739849466612645
RPS13-PS4	NA	1.0283162872138654
RPS13-PS5	NA	1.0335722400065226
RPS14	0.3791336605630758	0.1094977358254193
RPS15	0.37696419680900617	0.08831971564106024
RPS15-PS3	NA	0.2588313060550391
RPS15A	0.3406942931610701	0.22917750158688355
RPS15A-PS3	NA	0.24300910933402933
RPS15A-PS5	NA	0.2661611642780335
RPS15A-PS6	NA	0.14703571659587047
RPS15A-PS7	NA	0.394598623426753
RPS16	0.4133971872592325	0.1687428165788108
RPS16-PS2	NA	0.42840158650100857
RPS17	0.32731158496086443	0.09099460803266934
RPS18	0.30796527129914897	0.12584093000528251
RPS18-PS3	NA	0.26090954808305394
RPS18-PS5	NA	0.10122053641411809
RPS18-PS6	NA	0.08817166530206555
RPS19	0.38464247219950964	0.1807169812308022
RPS19-PS1	NA	0.9459104196431852
RPS19-PS2	NA	0.6604830194066625
RPS19-PS3	NA	0.2521147608359574
RPS19-PS4	NA	0.28132839912193486
RPS19-PS6	NA	0.13951037942322683
RPS19-PS7	NA	0.37436621829026784
RPS19BP1	0.273890747415923	0.26414739972935086
RPS2	0.32567424915473736	0.06725838594629811
RPS2-PS10	NA	0.5515582851880867
RPS2-PS13	NA	0.381638149905885
RPS2-PS6	NA	1.0902686937198982
RPS2-PS8	NA	0.948175160073156
RPS20	0.3733057640890224	0.147082691237951
RPS21	0.36085253091600583	0.21084417778545061
RPS23	0.3676127529051833	0.08832877669234679
RPS23-PS1	NA	0.819058422710219
RPS23-PS2	NA	0.7263745542356418
RPS24	0.41662196386785616	0.15327358716363057
RPS24-PS3	NA	0.3524104439470935
RPS25	0.2272585932950266	0.08792549753522937
RPS25-PS1	NA	0.9605407825993967
RPS26	0.3104730282099929	0.09395613963572542
RPS26-PS1	NA	1.5667496187370904
RPS27	0.45795295645534245	0.12001888354495205
RPS27A	0.38772116693532277	0.6131414139141967
RPS27A-PS2	NA	1.3160602062801823
RPS27A-PS3	NA	0.7750355084710869
RPS27L	0.46018546873089955	0.11899013592715461
RPS28	0.362614900265247	0.1913228361515357
RPS29	0.30806334917536593	0.4323477398575731
RPS3	0.3494678593613657	0.10875078268549838
RPS3A	0.28188878784533505	0.06825794983131095
RPS3A2	NA	0.9922193594529987
RPS3A3	NA	0.14695685330424238
RPS4L	NA	0.17776309367038873
RPS4X	0.3341273818167892	0.08707077476135318
RPS5	0.3848226884146784	0.06342886660162937
RPS6	0.2965994061789814	0.10404162076060634
RPS6-PS1	NA	0.39989428237210156
RPS6-PS3	NA	0.43013404221376
RPS6-PS4	NA	0.22634375622791092
RPS6KA1	0.1437014010994795	0.07757753323881438
RPS6KA2	0.42932505541300003	NA
RPS6KA3	0.5570884145156945	0.09952243181167891
RPS6KA4	0.22064077342033867	0.10305239639026764
RPS6KA5	0.5337452055432275	NA
RPS6KA6	0.6200928637923653	0.12653143864507552
RPS6KB1	0.10700710931536264	0.08858815337894874
RPS6KB2	0.28778312024610464	0.16051042093671647
RPS6KC1	0.11511527281706109	0.05580783738682093
RPS6KL1	0.9821931158227821	NA
RPS7	0.3647593434035143	0.0650761796975012
RPS7-PS3	NA	0.1733742467077553
RPS8	0.34070742814391386	0.21458263980533204
RPS8-PS1	NA	0.43837562657652496
RPS8-PS2	NA	0.2601881943364331
RPS8-PS5	NA	0.6515298908960753
RPS9	0.47604658693428276	0.1130770860788641
RPSA	0.2968419483955904	0.11335556994994998
RPSA-PS1	NA	0.27539822024220395
RPSA-PS10	NA	0.1403690482933085
RPSA-PS12	NA	0.8628737845243766
RPSA-PS2	NA	0.49416294070177463
RPSA-PS7	NA	0.34493717123191014
RPSA-PS9	NA	0.4258437707290549
RPTOR	0.2048134448294916	0.12838950900594223
RPUSD1	0.2516766989153585	0.1520736275941633
RPUSD2	0.26001925054013836	0.10641661636195825
RPUSD3	0.29321604123773815	0.12639918174365924
RPUSD4	0.23769592481296892	0.09483112126857798
RRAD	0.6979324655563782	0.2355001642817799
RRAGA	0.24269211477042005	0.07909368132755563
RRAGB	0.36264789231695455	NA
RRAGC	0.3840820238927971	0.02136455979544183
RRAGD	0.602115357032261	0.11026863872032992
RRAS	0.2645246660203836	0.13489657919361295
RRAS2	0.48701009839216836	0.1192987345748001
RRBP1	0.1997018325564825	0.051459732281176215
RREB1	0.40259483113595534	0.12311461609391591
RRM1	0.22020449926376606	0.11279711455131396
RRM2	0.710250301827119	0.25480756024553436
RRM2B	0.3961361437157562	0.16306394029603513
RRN3	0.19527969568156534	0.054271486838454654
RRNAD1	NA	0.1086281567738102
RRP1	0.18518840489910696	0.09822985857475763
RRP12	0.32982504046650896	0.2265700291804742
RRP15	0.16924622806014022	0.1497159798812703
RRP1B	0.217263832227313	0.06883618343222066
RRP36	NA	0.08292145504822941
RRP7A	0.18372845419946324	0.09998676469088819
RRP8	0.16837548631108454	0.07849430876409162
RRP9	0.2716692007617542	0.13548992222682052
RRS1	0.21925940133014776	0.07136505602105385
RSAD1	0.43850657922902797	0.23329826997640396
RSAD2	1.4251688531520554	0.3072176518437531
RSBN1	0.3531692304864324	0.10304188258977764
RSBN1L	0.293813249029059	0.06142574992927016
RSC1A1	NA	0.2963783523249593
RSF1	0.2686910336446449	0.061057830606206606
RSKR	0.44583253612675067	NA
RSL1	NA	0.10151055485825616
RSL1D1	0.15104095394421574	0.10456597230556992
RSL24D1	0.2954540383114573	0.12101430077414423
RSPH1	0.9655538990403391	NA
RSPH3	0.3754342496192761	NA
RSPH3A	NA	0.14809970043655407
RSPH3B	NA	0.07888759154042307
RSPH4A	1.009756859951777	NA
RSPH9	NA	0.20026782760379153
RSPO3	1.4256568812985912	NA
RSPRY1	0.23797632529587467	0.06101257549088823
RSRC1	0.19156400576251714	0.08736610295743728
RSRC2	0.17849786844229806	0.11692766013878063
RSRP1	0.23875176156314792	0.2714659970404531
RSU1	0.16639386387575614	0.035844440649002156
RTCA	0.2544531156580073	0.07404268068847397
RTCB	0.30635169346038404	0.1234510021879091
RTEL1	0.2049407052204958	0.1579433935420937
RTF1	0.1014714825834291	0.06638344532575476
RTF2	0.22319003402560728	0.04139619197143775
RTKN	0.33166129218795837	0.10304798970567841
RTKN2	0.6295210422971053	NA
RTL1	NA	0.027474133954165574
RTL10	0.2607862914847207	0.1576655295503501
RTL5	0.541880575078454	0.22634138586669178
RTL6	0.12274372347754459	0.21889690562431166
RTL8A	NA	0.08621984384841011
RTL8B	NA	0.10322776151211266
RTL8C	0.5876155363138625	0.22492819692353788
RTN1	0.5889840753313249	0.17578341625709965
RTN2	0.6036293020643092	NA
RTN3	0.24161460596498077	0.08402739418165647
RTN4	0.2915051442594687	0.12199479563374499
RTN4IP1	0.5229701247790194	0.10376245348570727
RTN4R	0.41951982286327244	0.14238622271159043
RTN4RL1	0.4375637397456297	0.1881333783089024
RTN4RL2	0.8561702244604001	0.11763395687721916
RTP1	1.032096937898208	NA
RTP3	2.3167530803264498	NA
RTP4	0.8575851349685127	0.3838537948921739
RTRAF	0.19582542804947353	0.08288698335731767
RTRAF-PS	NA	0.16221288462904157
RTTN	0.40803188494610604	NA
RUBCN	0.15306622170047035	0.13969580189206726
RUBCNL	1.039928191319095	NA
RUFY1	0.2941003405994984	0.09491435167292474
RUFY2	0.3273189599352364	0.07443444279795677
RUFY3	0.304521927605834	0.12432104799446853
RUFY4	0.6006510192156664	0.15418210955995695
RUNDC1	0.18279174891660968	0.0601151618766646
RUNDC3A	0.7250953163814694	0.03536714548217438
RUNX1	0.9524605147896001	0.14078834776566598
RUNX1T1	0.7938499746796978	NA
RUNX2	1.2380102341525487	NA
RUNX3	1.6441056995090733	0.17553779138110323
RUSC1	0.32590387035292606	0.07760637965674153
RUSC2	0.3708894986475107	0.06737382274945121
RUSF1	NA	0.16356108893096882
RUVBL1	0.16643627509892273	0.09777820512519884
RUVBL2	0.15863401869243315	0.09729413281037982
RWDD1	0.2356963197561614	0.04537832764304187
RWDD2A	0.4506596447934433	NA
RWDD2B	0.1758984400932458	0.06713621480129214
RWDD3	0.22411341013474823	NA
RWDD4	0.1415954655375731	0.0823747851903233
RXRA	0.2883863483923322	0.05470819531832108
RXRB	0.1483777050018736	0.12069150035681966
RXRG	1.212745189131243	NA
RXYLT1	0.6904491882739631	0.17897601940357055
RYBP	0.3390600166402774	0.19505234614657815
RYBP-PS	NA	0.18057934204166823
RYK	0.12141129027256939	0.03877491045943253
RYR1	1.022751810255027	NA
RYR2	0.6329612252047956	NA
RYR3	1.9630157628166671	NA
S100A1	0.7341646469587572	0.09147262652443773
S100A10	0.26655058619777455	0.1810790829376686
S100A11	0.5475720455990016	0.12378846723801819
S100A12	1.8096938131380806	NA
S100A13	0.21426809204981334	0.1142686972782899
S100A14	NA	0.16369908221823562
S100A16	0.2961581645729263	0.09239070164226784
S100A2	0.5128937498862577	0.18941749018046614
S100A4	1.0211555115668953	0.4799102205696473
S100A6	0.9850665625983485	0.29560750505988936
S100A7A	NA	0.10616759305404673
S100A8	1.6731026235936575	0.11766447725687518
S100A9	1.766615700987959	0.28925522361045547
S100B	0.7635832355802192	NA
S100G	NA	0.2929992733334255
S100P	1.0789199053096485	NA
S100PBP	0.2997559876601898	0.13470803978261645
S100Z	0.7563069061664932	NA
S1PR1	0.2606320321083421	0.20053783317838345
S1PR2	0.45464735290117797	0.12468227734653416
S1PR3	0.5170317944467122	0.28652260940051943
S1PR4	1.9545552535371324	NA
SAA1	NA	0.06876555051865224
SAA3	NA	0.06682054555150434
SAAL1	0.2556556973515578	0.08217508433599229
SAC3D1	NA	0.117883444053222
SACM1L	0.1096740393606124	0.11988552678996063
SACS	0.9515304091454027	NA
SAE1	0.21857808031974513	0.11970799134873861
SAFB	0.27384593397753343	0.04221461890930558
SAFB2	0.2936062178426174	0.10374496526802472
SALL1	0.6659852439270745	0.14700217844258923
SALL2	0.8543136733810421	0.21551435352557607
SALL3	1.0785181771635493	NA
SAMD1	0.33654900062969484	0.19923024146447688
SAMD10	0.31187101426333685	0.058089472261406885
SAMD11	0.5848253840399199	NA
SAMD12	0.5484413939434972	0.027396825339528936
SAMD14	1.3567823976698343	0.08644019678412719
SAMD4A	0.5001998082180495	0.05136841384918608
SAMD4B	0.14927424888072027	0.0906985580474797
SAMD5	0.917069769954821	0.15940897773302004
SAMD8	0.3012717971503065	0.07618240327922704
SAMD9L	0.9338105891099923	0.1476367419933926
SAMHD1	1.0842355563688038	0.08489751249156638
SAMM50	0.5740671362738105	0.10030918620325568
SAMSN1	1.285329593728291	0.059915446562001345
SAMTOR	0.3163213643065483	NA
SANBR	0.3127302549129268	NA
SAP130	0.14449196201285358	0.02962279118754912
SAP18	0.3131671692121353	0.08081069023551343
SAP18B	NA	0.24261835145355987
SAP25	1.295663365766858	0.2121961942137527
SAP30	0.15387160459882737	0.07912587395072025
SAP30BP	0.1644581009205086	0.03085213522907431
SAP30L	0.1820839827576933	0.08810152878736008
SAPCD2	0.6857186425975469	NA
SAR1A	0.28403060763279714	0.09476280030228701
SAR1B	0.5564928408338915	0.07572875163280127
SARAF	0.24211917173647549	0.07586400850156667
SARDH	0.5295347146107782	0.16412296001762908
SARM1	0.5734772151506801	NA
SARNP	NA	0.14698385595540256
SARS	NA	0.07333547240942721
SARS1	0.19173664873748775	NA
SARS2	0.6215587852549677	0.13388118661533102
SART1	0.22855989707139554	0.0834995016246916
SART3	0.09500534123395812	0.0713457377586193
SASH1	0.3510222861414705	0.1479194356986107
SASH3	1.1071803432774385	0.0858083764145016
SASS6	0.3425194282439547	NA
SAT1	0.44600936846774886	0.1813074866918319
SAT2	0.5518465716941596	0.37520107396337055
SATB1	0.36972954596308716	NA
SATB2	0.8829498975162726	0.11946342477734347
SAV1	0.20265585584159737	0.08504807098737262
SAXO2	0.5280077346464245	NA
SAYSD1	0.24431553765691583	0.09635952648153914
SBDS	0.2751848997663877	0.04169720411597265
SBF1	0.21948743257427983	0.10302171551202305
SBF2	0.2107601752759143	0.16855764544524054
SBK1	1.0243644250610857	0.09557697133403868
SBNO1	0.13336247435341442	0.07353809427437975
SBNO2	0.3281081174033228	0.07924252094147581
SBSN	1.3424829718176097	0.20100300688217296
SBSPON	0.4354256522826513	NA
SC5D	0.3608499360224131	0.12667995948751581
SCAF1	0.18662270925684818	0.0885973597679176
SCAF11	0.16008102225540363	0.11451156988038266
SCAF4	0.09361341490517623	0.13055445550954514
SCAF8	0.15522715954489638	0.11286892732935802
SCAI	0.3886877767431319	0.1306090314718763
SCAMP1	0.4559350877335339	0.10536593099172553
SCAMP2	0.21180275746660382	0.17014433628028586
SCAMP3	0.25144668932682496	0.12939384417926839
SCAMP4	0.18205608320972236	0.18303645697447257
SCAMP5	0.6309419889242248	0.14522407052741543
SCAND1	0.2646371091097258	0.135472049140158
SCAND3	NA	0.6975333921653657
SCAP	0.11123869204056273	0.08133638678767532
SCAPER	0.1549946156594877	0.1599239067634566
SCARA3	0.9709902283920607	0.09470928643900989
SCARA5	1.0977640804905728	NA
SCARB1	0.25433893309266015	0.18323882980790915
SCARB2	0.3058994404201286	0.1686177594287853
SCARF1	0.46530724884864555	0.04532602945002831
SCARF2	0.6113219691411135	0.13003234944131956
SCARNA10	NA	0.14619312472817209
SCARNA12	NA	0.5914560551697919
SCARNA15	NA	0.3099351000223076
SCARNA17	NA	0.7377021071078731
SCARNA2	NA	0.34057823833904954
SCARNA9	NA	0.8469380978243488
SCCPDH	0.48797903309780943	0.11834568355967776
SCD	0.8515351013469334	NA
SCD1	NA	0.8562260859526327
SCD2	NA	0.2509687199025433
SCD5	1.7272701659357859	NA
SCEL	0.7981067308965897	0.36622878798363
SCFD1	0.21120799679625826	0.09457596650972566
SCFD2	0.24597692074475538	0.12736804048696398
SCG2	NA	0.010316702359116574
SCG3	0.5610671622350273	NA
SCG5	0.6690341923060552	0.17012351756716868
SCHIP1	NA	0.1020342497581771
SCIMP	1.815987430474745	0.2060932459337448
SCIN	0.4493294976334668	0.1322040703696025
SCLT1	0.28968047418919085	0.07175439471515624
SCLY	0.43478843473130746	0.12494244398841937
SCMH1	0.1959647696700169	0.13753515236334332
SCML1	0.2025420816926565	NA
SCML4	1.0395762029839564	NA
SCN1A	0.8106880051459072	NA
SCN1B	0.396099652626446	0.14484380406545466
SCN4B	NA	0.1794610225298045
SCN5A	1.4071625362742912	NA
SCN7A	0.7285200596514245	0.1228316835219891
SCN8A	0.6306493008771336	NA
SCN9A	1.2096106033456466	NA
SCNM1	0.30343785448840527	0.11809213866537835
SCNN1A	0.6722656808791023	0.18131708682857284
SCNN1B	0.6013618890549008	0.30710870358395664
SCNN1D	0.3324910846948663	NA
SCNN1G	0.7043588003410316	0.3397793920624647
SCO1	0.3073152691856132	0.1513981594903796
SCO2	0.5132419930003456	0.13735586166166086
SCOC	0.7900030726887708	0.17930383190600677
SCP2	0.8010450200809366	0.11270912030960466
SCP2-PS2	NA	0.16501100721891673
SCPEP1	0.26537831260184375	0.09097628829501596
SCRIB	0.15940097627357014	0.0340888655968675
SCRN1	0.5112984248877279	NA
SCRN2	0.6430177036365311	0.1778024874300116
SCRN3	0.39761292333647663	0.09426332711472722
SCT	NA	0.21630205210446368
SCTR	0.7151973249555047	NA
SCUBE1	1.2875238193310665	0.06572643338457747
SCUBE2	0.6461356271703586	NA
SCUBE3	0.5051465052616568	0.428491402155052
SCX	0.6457274217906962	0.14961936767863435
SCYL1	0.09460924280471421	0.19458052637154838
SCYL2	0.298276244979283	0.04027944845524095
SCYL3	0.1967452523882663	0.05643946484905627
SDAD1	0.2599712513364168	0.08913223540040768
SDC1	0.5181125657275927	0.07928438796080574
SDC2	0.22527044021037435	0.09911207867055054
SDC3	0.3060610017079545	0.18874866974281948
SDC4	0.45277787552251747	0.18268868662731014
SDCBP	0.4016267605659326	0.09815672264714327
SDCBP2	0.7635209997268187	0.21351255532399763
SDCCAG8	0.4419115835225939	0.15476328265149056
SDE2	0.35588427054440486	0.12241688106031165
SDF2	0.1659910349963277	0.1084414103291021
SDF2L1	0.3047446870006028	0.7678672565834828
SDF4	0.24916790690556423	0.08021127025005019
SDHA	0.604087233441569	0.0866336815429349
SDHAF1	0.28407680585086814	0.18492173678746407
SDHAF2	0.4185108955070413	0.11766507841460257
SDHAF3	0.3524291756653915	0.07190581530167629
SDHAF4	0.43482143675781076	0.39130646494779286
SDHB	0.6194694138495982	0.1144015431965404
SDHC	0.3856323090574816	0.21714515095072962
SDHD	0.46435144143351076	0.16237113915948048
SDK1	0.826412646214837	NA
SDK2	0.8300108412830569	NA
SDR16C5	0.7038697092014146	NA
SDR39U1	0.36758745760232964	0.05163140779797415
SDR42E1	0.3230460192174964	0.11748511734359326
SDSL	0.4747559987854252	0.06926412716797195
SEC11A	0.21785185935301876	0.08896360518592447
SEC11C	0.3088789976302318	0.0929345099225076
SEC13	0.5378870144342265	0.11084362441041185
SEC14L1	0.1938744651095446	0.1746841263805664
SEC14L2	0.5783353122725648	0.20232500645859336
SEC14L3	NA	0.3805753162540939
SEC14L5	0.6725275948494257	NA
SEC16A	0.2538987716577025	0.05002612154431083
SEC16B	0.7371809058896742	NA
SEC22A	0.3386919918686723	0.12219898321281666
SEC22B	0.18100467255626138	0.08596136635061516
SEC22C	0.4121015242303654	0.09702584163579053
SEC23A	0.3620842346585105	0.09485984874958564
SEC23B	0.3509481516677651	0.09400447802945336
SEC23IP	0.132464149059367	0.1150986503054594
SEC24A	0.4256166256768218	0.09329904360183779
SEC24B	0.09034726650822289	0.0805296860667256
SEC24C	0.17437302916949302	0.0674913390305365
SEC24D	0.30036170208061735	0.08169570482840406
SEC31A	0.3065146225010655	0.14930827602287894
SEC31B	0.17427497744753648	NA
SEC61A1	0.16587188193292912	0.07168380855058484
SEC61A2	0.27955128712408983	0.07826485915084931
SEC61B	0.2007771359389988	0.2413751537014531
SEC61G	0.2584122836262223	0.2229407464955962
SEC62	0.2883760897284639	0.094835298340783
SEC63	0.17343218621315926	0.05259737642035395
SECISBP2	0.22537776706989332	0.06546724018081183
SECISBP2L	0.590827227403684	0.18735250429669398
SECTM1A	NA	0.2479102071844356
SECTM1B	NA	0.20551101860194562
SEH1L	0.21844849048113293	0.049095240513651085
SEL1L	0.17508016451698502	0.19724263443177972
SEL1L3	0.40380772463880504	0.15385146425698606
SELE	1.0206167274458535	NA
SELENBP1	0.5458754928845237	0.10895174399502144
SELENBP2	NA	0.08100478870374664
SELENOF	0.3129514456684729	0.03336173404953787
SELENOH	0.30976259438215736	0.20794347225965548
SELENOI	0.9410462056885627	0.0268584069767807
SELENOK	0.2931719333339246	0.08065206454955227
SELENOK-PS5	NA	0.7443474458004541
SELENOK-PS8	NA	0.6864491227938047
SELENOM	0.580865652348094	0.12313897325817877
SELENON	0.36271947887318035	0.08564992608228207
SELENOO	0.37945032179912896	0.11898322464545769
SELENOP	0.9882340192636717	0.18110635543648712
SELENOS	0.2924979206064447	0.16611923751476
SELENOT	0.24754359165405326	0.07846058844376756
SELENOV	2.377389164667885	NA
SELENOW	0.4275452175925099	0.16330660090719235
SELL	1.4583579362381192	0.09989243196659744
SELP	1.090267600164071	NA
SELPLG	1.0971995440226079	0.18464361404040405
SEM1	NA	0.3157272816890442
SEMA3A	0.9627378709031295	NA
SEMA3B	0.32299843047360854	0.11627259791348375
SEMA3C	0.7398142833767817	0.15874908668195628
SEMA3D	0.8783387432217695	0.1170826905660737
SEMA3E	0.746009690031467	NA
SEMA3F	0.33050373711739106	0.10771121325287136
SEMA3G	0.5454638221787018	0.18053742599169628
SEMA4A	1.0755754373181112	0.1276210509699477
SEMA4B	0.4901543566467006	0.11015387497400657
SEMA4C	0.41379921358549404	0.14533195945427185
SEMA4D	0.416010547683148	0.12303203385000201
SEMA4F	0.6400542689184594	NA
SEMA4G	0.4991169146446109	0.09550692245608954
SEMA5A	0.37989229290545323	0.10373730809164002
SEMA5B	0.7528551461228215	NA
SEMA6A	0.39288537475664426	0.1319184629370501
SEMA6B	0.26595695013357834	0.10998027316278575
SEMA6C	0.6673069836733867	NA
SEMA6D	0.38474252346352	NA
SEMA7A	1.0827259889080765	0.09811088684242993
SENP1	0.27838926333928693	0.06671351416043468
SENP2	0.13990922493347552	0.09434760242603196
SENP3	0.10406070748948186	0.08361131254421345
SENP5	0.17293299258909536	0.11254520750132276
SENP6	0.1350224071370221	0.10066876943420744
SENP7	0.18874699447808085	0.07176433590613018
SENP8	0.5154506170625945	0.08968172092228882
SEPHS1	0.15584135725444392	0.06832514926133441
SEPHS2	0.7259863693948064	0.15550671511829392
SEPSECS	0.3917972623040033	0.10618035482741454
SEPTIN1	1.7161556761656107	0.15265247518421546
SEPTIN10	0.24375395174537798	0.1843748694970962
SEPTIN11	0.35254405383401277	0.08605983028200842
SEPTIN2	0.22738337549895252	0.0660035148197252
SEPTIN4	0.5040466376476967	0.16689526684082695
SEPTIN5	0.4139952467659503	0.07041454782063328
SEPTIN6	0.9678272754827807	NA
SEPTIN7	0.24909168501031015	0.08852449424240254
SEPTIN8	0.2764788252384622	0.06926506367482056
SEPTIN9	0.1733419063582212	0.062196821272185204
SERAC1	0.38695945272484195	0.17511813370217338
SERBP1	0.1731630113244409	0.04594066875183656
SERF1A	NA	0.1571798476140289
SERF2	0.28883662856679715	0.037541245421461346
SERGEF	0.46384896942975107	0.17817918753933154
SERHL2	0.419404057194457	0.08421517816897238
SERINC1	0.17412009983043392	0.11489577240636863
SERINC2	0.2989208045861593	0.12312231587272007
SERINC3	0.15459479408813573	0.0772798182736744
SERINC4	0.6885641564022692	0.2744657386392215
SERINC5	0.2784822305159374	0.28754448911425395
SERP1	0.2896945131415844	0.1271831530416727
SERP2	0.590507630661793	0.11390761723234748
SERPINA10	NA	0.07521814287548968
SERPINA1A	NA	0.2152465076711858
SERPINA1B	NA	0.21189300011319384
SERPINA1C	NA	0.22032287142050838
SERPINA1D	NA	0.21598923895905414
SERPINA1E	NA	0.18455975325246873
SERPINA2	NA	0.16418606276861133
SERPINA3C	NA	1.206929204511797
SERPINA3F	NA	0.10141490644387545
SERPINA3G	NA	0.10519227389228884
SERPINA3H	NA	0.047442174622746754
SERPINA3I	NA	0.018815153286218186
SERPINA3N	NA	0.2030734868122148
SERPINA5	1.4525251933884473	NA
SERPINA7	NA	0.14792784694547362
SERPINB1	0.4372540686446996	NA
SERPINB10	1.2597290503210894	NA
SERPINB1A	NA	0.46477373198162536
SERPINB5	NA	0.11001535311228634
SERPINB6	0.4080680123493013	NA
SERPINB6A	NA	0.10349722062774815
SERPINB6B	NA	0.2271108661369193
SERPINB8	0.5229239381866643	0.128669025152326
SERPINB9	0.3464884551019699	0.0855776201037943
SERPIND1	0.9673167182379474	NA
SERPINE1	1.4516687679904272	0.20433200878281232
SERPINE2	1.0361495684532693	0.24637684287261985
SERPINF1	1.175649262259825	0.27541784744931413
SERPINF2	0.6446943642328781	0.13507136036229256
SERPING1	0.8807276544461063	0.2746029004103207
SERPINH1	0.47026094097955246	0.25483992886263246
SERPINI1	0.6991945565617537	NA
SERTAD1	0.25658547529480497	0.23715640209504343
SERTAD2	0.28897611195281464	0.13251017338050788
SERTAD3	0.250052505516764	0.11004222624676734
SERTAD4	1.0287814548465366	0.15027658915557124
SESN1	0.6990555313289312	0.17047939038224738
SESN2	0.4975606458882346	0.24932542209427333
SESN3	0.6395263028017498	0.1608249186510123
SESTD1	0.5061051583563086	0.05037005401218329
SET	0.1231791939986455	0.16536346867240925
SETBP1	0.28358480083054965	0.08082185256701599
SETD1A	0.14024075063130143	0.14354282529751947
SETD1B	0.16331543436632603	0.07968190821701837
SETD2	0.14746851232376504	0.08142336117746898
SETD3	0.201609557878003	0.0682265182058737
SETD4	0.3016286017618087	NA
SETD5	0.2808353637907123	0.07050859005585104
SETD6	0.2553077349240046	0.16686062762764955
SETD7	0.27087128173567393	0.14940519695739668
SETD9	0.40136509670225756	NA
SETDB1	0.24689188969778397	0.09465846859501834
SETDB2	0.24318615106282715	0.09907961483049506
SETMAR	NA	0.13635588941919644
SETX	0.2799520524937058	0.09409415442301174
SEZ6L	0.7693605758421491	NA
SF1	0.18493014174590752	0.21023262654303732
SF3A1	0.15780008457712716	0.12072513614425671
SF3A2	0.1488537307121694	0.17210668099209522
SF3A3	0.11391973995924393	0.08191393798404895
SF3B1	0.1390767512467679	0.09090437078335896
SF3B2	0.1284857692375277	0.09589337722524038
SF3B3	0.1945546601457655	0.10603266345678669
SF3B4	0.14470627705910089	0.17777605769762178
SF3B5	0.19274205787246473	0.09240709628099536
SF3B6	0.36321349568449285	0.10796742472780677
SFI1	0.2418661294820556	0.01815037811404426
SFMBT1	0.13559974830147092	0.08616550725431006
SFMBT2	0.6456479035408332	NA
SFN	0.8084788129199663	0.10530487573307536
SFPQ	0.2386014599876766	0.22844540036153216
SFR1	0.2929686183275009	0.0886173154072709
SFRP1	0.7252670530482381	0.1963863503623576
SFRP2	2.0491037517251254	0.53005443019404
SFRP4	1.4465963196638516	NA
SFRP5	1.0600536679612775	0.6145584661687852
SFSWAP	0.2123324089349301	0.04445300611792683
SFT2D1	0.32551356658308317	0.1798757990231988
SFT2D2	0.3697221199529302	0.1427366909815119
SFT2D3	0.31696624222391506	0.16291555680673367
SFTPD	NA	0.26734432432287136
SFXN1	0.493172301130023	0.12781444517261764
SFXN2	0.4747105473483238	0.04660720322272352
SFXN3	0.5335883960661754	0.17123605700824485
SFXN4	0.4237268006602664	0.2451861125216181
SFXN5	0.6137023834698742	0.0777220162381159
SGCA	0.9833800656690118	NA
SGCB	0.40378059820101625	0.1096997284635471
SGCD	0.3213460684017464	NA
SGCE	0.5248397064140191	NA
SGF29	0.26284612117618666	0.10202465096276377
SGIP1	0.9306776138933346	NA
SGK1	1.0007527796485167	0.5396361582438971
SGK2	1.0935334462382158	0.17566800856091316
SGK3	0.5318941298920048	0.07086278879144313
SGMS1	0.4581133927061084	0.15491342731974453
SGMS2	0.6369277845481267	0.09689818914904882
SGO1	NA	0.09216750797151131
SGO2	0.47815877537634477	NA
SGPL1	0.30709189268058573	0.04600225661253285
SGPP1	0.6273932365561639	0.1532367254244418
SGPP2	0.7393203694176186	0.21826667845937156
SGSH	0.19478483667708282	0.05809862478481635
SGSM1	0.3157447590433248	NA
SGSM2	0.34106017164379243	0.11937217057644528
SGSM3	0.33893612690741143	0.0651192217015263
SGTA	0.28543656121057975	0.08439507622075672
SGTB	0.6453316532333246	0.3432951899137678
SH2B1	0.27348324693482484	0.08811607297766125
SH2B2	0.28858514953309	NA
SH2B3	0.4482862018008285	0.1597419997531966
SH2D1A	1.6074136270931063	NA
SH2D1B1	NA	0.2023864430990342
SH2D2A	1.0808492981363313	NA
SH2D3A	0.5337034833327093	NA
SH2D3C	0.6411953662219088	0.17216065784393336
SH2D4A	0.5416544754076758	0.08077195461691124
SH2D4B	1.2042320943798492	NA
SH3BGRL	0.2223296729822514	0.14248652848731994
SH3BGRL2	0.3603835547021995	0.06488355122353666
SH3BGRL3	0.2707192487038696	0.29986466392086814
SH3BP1	1.0257761014423337	0.1567249694447828
SH3BP2	0.4812806720718454	0.34404903007155296
SH3BP4	0.4415278859139335	0.11139277911140645
SH3BP5	0.2078636076941901	0.25125523289928964
SH3BP5L	0.1541056001488706	0.048647784853644446
SH3D19	0.2121190498101064	0.0858084859888664
SH3D21	0.68153464571908	0.24065280094601474
SH3GL1	0.24223999640277408	0.12154458539293826
SH3GL2	0.6507956191431704	0.10522267476754361
SH3GL3	0.7101170073759993	NA
SH3GLB1	0.1671367989072357	0.09055374541448137
SH3GLB2	0.2550586236414311	0.18579844767072481
SH3KBP1	0.658856490508759	0.0456940250007421
SH3PXD2A	0.681519396793188	0.10488031780940035
SH3PXD2B	0.914904592721861	0.049709196747213705
SH3RF1	0.6414384753902186	0.22817097245918247
SH3RF3	0.2764766872474243	NA
SH3TC1	0.4683522259100715	0.378626061804131
SH3TC2	0.6543349022423873	0.14685245743668005
SH3YL1	0.3996157850506224	0.1494836547885221
SHANK1	0.8120079906480985	NA
SHANK2	0.5067660908924331	0.0712008186699743
SHANK3	0.4404189473669958	0.08898540498265183
SHARPIN	0.2861978761001394	0.11572514417658605
SHB	0.312517129978414	0.024058331479720755
SHBG	0.7350953396709966	NA
SHC1	0.2377477930666993	0.08761717659271742
SHC2	0.3768850628689346	NA
SHC4	0.4476477348829775	NA
SHCBP1	NA	0.08107864320430491
SHD	NA	0.3115183507943171
SHE	0.2609318607005388	0.1010947050317231
SHF	0.6058216067736593	0.18867442989510466
SHFL	0.3633178422004333	0.19558787911715986
SHH	0.5837414824483664	0.3562450582393858
SHISA2	0.7149732885842449	NA
SHISA3	0.6511904019737943	0.10561232358279851
SHISA4	0.30490801661374145	0.3406450274937406
SHISA5	0.2565625907796329	0.22684639214101768
SHISA6	1.262395285416336	NA
SHISA8	0.9869907826816577	NA
SHISAL1	0.9385354134371984	NA
SHISAL2B	0.795375572099913	NA
SHKBP1	0.3041157374796193	0.08662355708898897
SHLD1	0.18584134471396846	0.2332265643436649
SHLD2	0.2534029335243145	0.07069091549161576
SHLD3	NA	0.21846360526184622
SHMT1	0.8306004807915374	0.013640217521562269
SHMT2	0.6725605881635803	0.104712511615095
SHOC2	0.2602967164910881	0.07328901713154916
SHPK	0.3423779975419686	0.26119200715185653
SHPRH	0.23041146290152276	0.1517513864787183
SHQ1	0.2231579672914882	0.058138619386265133
SHROOM1	0.3444491867153915	NA
SHROOM2	0.3274729608170283	0.055954634747852595
SHROOM3	0.23298935391276335	0.09298657075742095
SHROOM4	0.29053070148409327	0.10027565838843339
SHTN1	0.36634045769249607	0.22129172320683038
SIAE	0.3474071168385604	0.11761130339681818
SIAH1	0.19409320058753857	NA
SIAH1A	NA	0.19658059043045573
SIAH1B	NA	0.06787331252171819
SIAH2	0.2131244549895362	0.4331815476686942
SIAH3	1.1079361261326504	NA
SIDT1	1.5342662356079526	NA
SIDT2	0.2027696840674634	0.08357095003201004
SIGIRR	0.2949938362655913	0.07038101865613612
SIGLEC1	1.1831248767598097	0.07438118381777793
SIGLEC15	1.386442924552477	NA
SIGLEC5	1.2278152261527489	NA
SIGLECE	NA	0.16152886698299784
SIGMAR1	0.3315644892273929	0.09753560062757448
SIK1	0.7034397081679297	0.06853663954169582
SIK2	0.22737256164932876	0.2051053336323921
SIK3	0.16584543482398223	0.10061127988389378
SIKE1	0.21007501571318915	0.09256699119273748
SIL1	0.1609751358117959	0.17816276467186556
SIM1	0.49057035746203637	0.08754120740199255
SIM2	1.110620344215062	0.14212921660455527
SIMC1	0.3219008085921974	0.14998267497067874
SIN3A	0.23753903654098424	0.033129556910240276
SIN3B	0.17041935206888534	0.12468664508788796
SINHCAF	0.29721926337404336	0.15537009310497898
SIPA1	0.8692574150680491	0.14040487417511877
SIPA1L1	0.3904585021587906	0.18125729784082953
SIPA1L2	0.2995645666134591	0.06949237667034781
SIPA1L3	0.3141116084307037	0.04597708570327912
SIRPA	0.41889409153105667	0.20234931800386902
SIRPB1A	NA	0.06260262016490585
SIRPB1B	NA	0.1371485088239012
SIRPB1C	NA	0.12609457673237273
SIRPB2	1.245936844249165	NA
SIRT1	0.14471902502405543	0.13015030880610887
SIRT2	0.3451835534359045	0.06303902826626262
SIRT3	0.21869809593731196	0.13035107052851067
SIRT4	0.3266123991679204	0.13908705192771573
SIRT5	0.44761982473998096	0.12212944500494133
SIRT6	0.15989022532607172	0.10799597480949766
SIRT7	0.30572479368425937	0.014944922641483772
SIT1	1.4213146544692332	NA
SIVA1	0.26089159268845385	0.17163032269846804
SIX4	0.5803005846291618	NA
SIX5	0.46536197456369516	0.1884454617119259
SKA2	0.18419425942419435	0.07248039938494168
SKA3	0.632060094201339	0.09429280128763846
SKAP1	1.0330709936282483	NA
SKAP2	0.21852364086770126	0.03238133742076975
SKI	0.2773438154128308	0.0812753532061317
SKIC2	0.14004354300614533	NA
SKIC3	0.2821125251176979	NA
SKIC8	0.21192066545836968	NA
SKIDA1	0.5367843757386719	0.06963581384644034
SKIL	0.3415067999083308	0.12793811939686958
SKIV2L	NA	0.09974237857501159
SKP1	0.35073050171848846	0.10350779724740254
SKP2	0.204493676373412	NA
SLA	1.363048668850656	0.07194549505544416
SLA2	1.3119135214384245	NA
SLAIN1	0.8453601255290927	0.12947514905245497
SLAIN2	0.2154940202645637	0.11660742528160362
SLAMF1	1.9047326636847701	NA
SLAMF6	1.831460267192334	NA
SLAMF7	1.3507568309709195	0.15743713816213156
SLAMF8	1.365175406039585	0.022078247203932873
SLAMF9	NA	0.16769060508641426
SLBP	0.2798331089720066	0.13617999189618454
SLC10A2	1.1725866683559227	0.19564767805727812
SLC10A3	0.17053748982232894	0.1997120614936711
SLC10A5	0.3390489514437633	0.23660157661988213
SLC10A6	0.4042718480972437	NA
SLC10A7	0.2929779345157143	0.05737608490731916
SLC11A1	0.6965385206348307	0.1804760820817707
SLC11A2	0.30365345918521724	0.11533523756201952
SLC12A1	1.1936185698537067	0.3049576205273253
SLC12A2	0.9184620161399146	0.09145942870585803
SLC12A3	1.1637917745121353	0.41731851171936046
SLC12A4	0.5193037637133966	0.13631917053239948
SLC12A6	0.1673781752169242	0.20250837017419254
SLC12A7	0.2863706210521567	0.14944147109828804
SLC12A8	0.7995686111875462	NA
SLC12A9	0.42075233677932683	0.22214931640435406
SLC13A1	1.399978620086997	0.2109387342574304
SLC13A2	1.2053136307847316	0.17124815781722744
SLC13A2OS	NA	0.10246088216586956
SLC13A3	0.9611702237291088	0.20084800604541422
SLC13A4	1.0847154908624577	NA
SLC13A5	1.8179652125976868	NA
SLC14A1	1.6434036674839243	0.3444527169076898
SLC14A2	NA	0.6515040831488756
SLC15A1	1.8932702385648337	NA
SLC15A2	0.5505898730120283	0.21752717481400732
SLC15A3	0.8856780336702644	0.1784810799581945
SLC15A4	0.27222087274497936	0.07788699589362796
SLC16A1	NA	0.2502039248559427
SLC16A10	0.6095319616091136	0.16340402252755676
SLC16A11	1.289981650570041	NA
SLC16A12	0.7686950448987542	0.11690695515342137
SLC16A13	0.8701744061621829	0.137745106721324
SLC16A14	0.561094491197315	0.40859451972672844
SLC16A2	0.5695566904259503	0.07782117226270056
SLC16A3	0.8626168974050654	0.046515512347468514
SLC16A4	1.0388164292402329	0.24189343215352024
SLC16A5	0.5009677946625656	0.1921232773480504
SLC16A6	NA	0.21419947762521874
SLC16A7	0.7725572047710794	0.16933740698032848
SLC16A9	1.243559434720535	0.14566822437406282
SLC17A1	0.7502615375308865	0.15793410117673393
SLC17A2	1.2545786148029219	NA
SLC17A3	0.8912861833280107	0.06839739885846675
SLC17A4	1.4426218654475182	NA
SLC17A5	0.43693326138265287	0.18222260354394051
SLC17A9	1.2148776729790238	NA
SLC18A1	NA	0.2036970759168942
SLC18B1	0.46573976307346754	0.1936117137969914
SLC19A1	0.2530198162219278	0.14981170858401066
SLC19A2	0.4545388048532884	0.06681469750273239
SLC19A3	0.6785973611763888	0.2503190296257055
SLC1A1	0.7191651047019998	0.11449041574753495
SLC1A3	NA	1.1407269005284773
SLC1A4	1.2918140679256702	0.2410116686170311
SLC1A5	0.723142114761722	0.5202861084556095
SLC1A7	0.5136902998070704	NA
SLC20A1	0.8450594145989274	0.1355003955447372
SLC20A2	0.23135808588689963	0.16665240992783031
SLC22A1	1.0588629978920847	0.040960278295441147
SLC22A11	0.35833121789444206	NA
SLC22A12	0.7369995352650036	0.18037165937502508
SLC22A13	0.8357066999224939	0.3417755526121348
SLC22A13B	NA	0.4708171882046984
SLC22A14	NA	0.31430060410668714
SLC22A15	NA	0.039526735854713294
SLC22A16	0.979758260912127	NA
SLC22A17	0.4763123000446883	0.15071832040560723
SLC22A19	NA	0.47135499851076984
SLC22A2	0.7431872767236091	0.04214830243525339
SLC22A21	NA	0.21731111746415627
SLC22A22	NA	0.15103673801421832
SLC22A23	0.5584270114043558	0.290609475396146
SLC22A26	NA	0.30225522586282855
SLC22A28	NA	0.3733731698661738
SLC22A29	NA	0.4279094087963998
SLC22A3	1.0110740193299539	NA
SLC22A30	NA	0.2613217241124959
SLC22A4	NA	0.3138317923903429
SLC22A5	NA	0.09692624362151521
SLC22A6	1.2956257103495006	0.13492711958045062
SLC22A7	2.5508443230413977	0.5129029638640125
SLC22A8	NA	0.2681758366400633
SLC23A1	0.6693111896788214	0.2127628010123951
SLC23A2	0.31954570578270985	0.13419588187132164
SLC23A3	1.0632766583128361	0.19767352815505823
SLC24A3	0.5503598698384	NA
SLC25A1	0.7435567313754256	0.1657081608207081
SLC25A10	0.3952728523334353	0.20433129240186962
SLC25A11	0.5352816011544868	0.07923296603928302
SLC25A12	0.14013949488492453	0.1390380563727464
SLC25A13	0.58727746054656	0.10586281147729598
SLC25A14	0.37489325998310746	0.12613012122014078
SLC25A15	0.6337051703065268	0.16677227869325495
SLC25A16	0.3438459171031746	0.17969860447578376
SLC25A17	0.19496259624042123	0.11299362256046379
SLC25A19	0.2198086483374646	0.15448164480668614
SLC25A20	0.42005166585444026	0.10390749361925829
SLC25A21	0.6303155707348542	0.10248910537395549
SLC25A22	0.29226435334050593	0.21250835284902855
SLC25A23	0.16008537414464777	0.14508830067582026
SLC25A24	0.42761810756561514	0.1392498909765014
SLC25A25	0.9601108221501347	0.1779681949988521
SLC25A26	0.2711447911863276	0.10580459597052132
SLC25A27	0.35660766268506233	NA
SLC25A28	0.21034779417543203	0.13219833320370988
SLC25A29	0.533563581836996	NA
SLC25A3	0.35439424844038203	0.1509090718057066
SLC25A30	0.6089480346191699	0.2502608483089987
SLC25A32	0.5011299966810705	0.15644024482567565
SLC25A33	0.717065733266092	0.38321024571008944
SLC25A34	1.018749807866517	0.1112855482441766
SLC25A35	0.5883179627028229	0.08375735257019197
SLC25A36	0.21165661028139507	0.1500357354331681
SLC25A37	0.1746327263504554	0.04291287749161856
SLC25A38	0.2940081934435415	0.10674737347903226
SLC25A39	0.46545107819467374	0.08969726102551155
SLC25A4	0.6027826994589371	0.19009268775645935
SLC25A40	0.2305763102465113	0.10183841103022745
SLC25A42	0.7901590965090968	0.16493350918548075
SLC25A43	0.2512124833767332	NA
SLC25A44	NA	0.08962193188067777
SLC25A45	0.7035628149940455	0.15570335324467297
SLC25A46	0.4701621281029704	0.020041683327060637
SLC25A47	0.5250693812355792	NA
SLC25A48	0.7482952550309304	0.29292112788791147
SLC25A5	0.7282777327638492	0.15470640182862846
SLC25A51	0.335292513049384	0.09567354492173019
SLC25A6	0.3275381455011444	NA
SLC26A1	NA	0.14779402452712298
SLC26A10	0.8046484383265617	NA
SLC26A11	0.4446980688508681	0.15519613368846139
SLC26A2	0.9029107353464074	0.1002434211858994
SLC26A4	1.164044678658267	0.23536661528015906
SLC26A9	2.1764329949491383	NA
SLC27A1	0.2782510876099429	0.5346748172879068
SLC27A2	1.6681110561095098	0.1121480875166688
SLC27A3	0.4059121137775069	0.062492376117909004
SLC27A4	0.5435225086373756	0.13968821620766822
SLC27A5	0.49986663153907307	NA
SLC28A1	0.7319140547382293	0.29347054288911023
SLC29A1	0.23769862591982813	0.21839608828817206
SLC29A2	1.194897493553906	0.11734000940688334
SLC29A3	0.29233496682753957	0.09583776000350167
SLC2A1	0.388519575143073	0.13445587092113356
SLC2A10	0.5781672349079161	NA
SLC2A11	0.5538457653904347	NA
SLC2A12	0.3775915631530665	0.07748138602974242
SLC2A13	0.5008852149229546	NA
SLC2A2	0.6839690140176655	0.15712738974980908
SLC2A3	1.2614766706990337	NA
SLC2A4	NA	0.3686920509284529
SLC2A4RG-PS	NA	0.10867323174443498
SLC2A5	NA	0.19814321306418317
SLC2A6	0.711776317202533	0.04280328980811478
SLC2A8	0.36239105151333684	0.3273763629945347
SLC2A9	0.7258550810793021	0.17373946429684406
SLC30A1	0.56248220563521	0.07948365641421504
SLC30A2	1.2723197434454319	0.18080262532618363
SLC30A3	1.413610349639233	NA
SLC30A4	0.4845304073057518	0.12471746405718828
SLC30A5	0.350188150351109	0.016041641403775272
SLC30A6	0.4851133200012779	0.0864696580711008
SLC30A7	0.33313666767973704	0.07884587054185435
SLC30A9	0.46420937715129734	0.14687420653509156
SLC31A1	0.5439740553308202	0.05985138463980391
SLC31A2	0.37225787878658523	0.11862345512225933
SLC33A1	0.47927918616517323	0.11641959916462291
SLC33A2	0.23525386907948773	0.21853558269436707
SLC34A1	2.5243189414327696	0.17143952083210293
SLC34A2	2.201662868952572	0.19692131717380082
SLC34A3	1.0242364884622495	0.2567041262862954
SLC35A1	0.16660714289053644	0.09534437793276596
SLC35A2	0.1808090669482654	0.21110208794496993
SLC35A3	0.7202701358406585	0.14266671527426075
SLC35A4	0.2263889191350808	0.1346823429824107
SLC35A5	0.29280031092757797	0.09978169742405184
SLC35B1	0.4444171834481412	0.18607878709629092
SLC35B2	0.21265844139007198	0.2029853672499322
SLC35B3	0.2083019623566241	0.13454236889788126
SLC35B4	0.26006941130007566	0.1361079247306817
SLC35C1	0.17188336079750502	0.15511442071946094
SLC35D1	0.29152911792648645	0.0838307673358522
SLC35D2	0.40905860148622825	0.19057535892318964
SLC35D4	0.39616718280218177	0.2519544398392135
SLC35E1	0.18585584062321425	0.10738312445682092
SLC35E2	0.3386983023206606	NA
SLC35E2B	NA	0.08635019169214962
SLC35E3	0.9528694984293233	0.05585459094158632
SLC35E4	0.44208184696505975	0.16799008907861215
SLC35F1	NA	0.16717114970235597
SLC35F2	0.548191920227396	0.21372760605340596
SLC35F3	NA	0.34459627491307954
SLC35F5	0.3617094462089187	0.1546644827576786
SLC35F6	0.2917320673780956	0.06187509755346748
SLC35G1	0.5465626576253192	0.15518569184122
SLC35G2	NA	0.25215044056210667
SLC35H1	0.23139851135824413	0.15120798120299248
SLC36A1	0.3817052902743813	0.12206139336614923
SLC36A2	NA	1.0243017946512303
SLC36A4	0.38565058682491155	0.16921347659260935
SLC37A1	0.4547259718292883	NA
SLC37A2	1.0625118518698764	0.10159131117807453
SLC37A3	0.37260524710578685	0.09538217293010023
SLC37A4	0.7003384159099195	0.17138303070534106
SLC38A1	0.8994084199432728	NA
SLC38A10	0.22666375866856261	0.09184026904206322
SLC38A12	0.1832060640054042	0.1710162074079287
SLC38A2	0.4294384088725947	0.2505875128861578
SLC38A3	0.6840367680850291	0.3144459199216799
SLC38A4	1.3414768811884301	NA
SLC38A5	1.073561626971056	NA
SLC38A6	0.29696379136115875	0.11671726545992328
SLC38A7	0.18719926234379128	0.0709619697778719
SLC38A9	0.30215719147549136	NA
SLC39A1	0.116105871768784	0.1299639363302216
SLC39A1-PS	NA	0.3261992020750361
SLC39A10	0.24778986076198015	0.16008386602456295
SLC39A11	0.3903557132292744	0.12276855392289508
SLC39A13	0.30924598741670895	0.03708732147167423
SLC39A14	0.7810392491873129	0.17898442416919186
SLC39A2	1.5124286748017417	NA
SLC39A3	0.24679942862223	0.0729341615302377
SLC39A4	0.8206821283680358	0.08314042120477479
SLC39A5	1.1169516847077567	0.274581073330876
SLC39A6	0.327538010232508	0.17448374187887178
SLC39A7	0.17789480782032532	0.08985643926091826
SLC39A8	0.36042033521873945	0.17431059068686572
SLC39A9	0.26913927717078256	0.022832910619088476
SLC3A1	0.80321815567783	0.20688318683344686
SLC3A2	0.7041457616107875	0.10178646640324655
SLC40A1	0.7948904716997448	0.11393381659005127
SLC41A1	0.7756250166568746	0.20286721760887047
SLC41A2	0.8778672427811447	0.2185988119226289
SLC41A3	NA	0.1964376212150184
SLC43A1	0.489620764792685	NA
SLC43A2	0.46319913765214665	0.04176462832193584
SLC43A3	0.3623354393024997	0.10042345072297984
SLC44A1	0.31082170337739645	0.05218167888499542
SLC44A2	0.3405504442014128	0.1772130137282805
SLC44A3	0.37251708304373576	0.06125972486093828
SLC44A4	0.5604852315249539	0.054546220740119604
SLC45A3	0.43112771601382055	0.17735570701666623
SLC45A4	0.444207134592881	0.02734462566389472
SLC46A1	0.6084450290653892	0.08863096818574534
SLC46A2	0.7632633094882062	NA
SLC46A3	0.4410013191685977	0.24480596244706626
SLC47A1	NA	0.08452639149292412
SLC48A1	0.3507222327058474	0.19564291188355146
SLC49A3	0.3850723605054275	NA
SLC49A4	NA	0.09992728165214643
SLC4A1	1.2216506615819551	0.15999604105718002
SLC4A11	0.6657640363893697	0.2374225439280609
SLC4A1AP	0.21915892723808209	0.06625829570258536
SLC4A2	0.17820439699118212	0.0883578396016562
SLC4A3	0.3746125350450758	0.15458504039842946
SLC4A4	1.0523337529047747	0.12874572979055418
SLC4A5	1.2704858130384713	NA
SLC4A7	0.8282231398529319	0.06918336898212964
SLC4A8	0.9767311854068625	NA
SLC4A9	0.6117744891467096	0.2868557511450771
SLC50A1	0.25758116483185073	0.23932205667067136
SLC51A	1.2286615105536622	0.3241386070800257
SLC51B	1.0081082211900518	0.23822300830628695
SLC52A2	0.2861130683108971	0.12844539553984893
SLC52A3	0.9302486105305626	0.3149179095202711
SLC5A1	0.5005422691271699	0.14279993453724665
SLC5A10	1.6291195007697667	0.20859370635822427
SLC5A11	0.5990976759278562	0.09787321800189898
SLC5A12	1.391450369821825	0.19666522201172065
SLC5A2	0.8132277830917459	0.2670114801404412
SLC5A3	0.5358098273144941	0.16775386253540162
SLC5A5	1.1115500646385168	NA
SLC5A6	0.9305431698173863	0.40093765337042386
SLC5A8	2.415784040693214	0.22883927879805752
SLC5A9	0.948649104810474	0.05936930271385247
SLC60A1	0.9187132203796999	0.2065088477262001
SLC61A1	NA	0.090001542176505
SLC66A1	0.5256465989123029	0.16086804447732903
SLC66A2	0.3521518069657977	0.08953767348838229
SLC66A3	0.7877566657924407	NA
SLC67A1	1.2990894618755389	0.15052804314268084
SLC67A2	0.422393294669158	0.21434383772520452
SLC68A1	0.35163969218598606	0.1444912250634577
SLC6A1	0.9236639262962199	NA
SLC6A11	1.1228479652266399	NA
SLC6A12	1.1113772685326546	NA
SLC6A13	0.773972285221494	0.09180787105375995
SLC6A14	NA	0.0896158078827281
SLC6A15	NA	0.15782914246214896
SLC6A17	0.6175937214884003	0.05673544711719776
SLC6A18	1.0000666534219207	0.1419533381739353
SLC6A19	1.7402563286855	0.4439834757798595
SLC6A2	1.4881339927908246	NA
SLC6A20	1.0380182172019514	NA
SLC6A20A	NA	0.11953816674273608
SLC6A20B	NA	0.12526434209436693
SLC6A4	0.5538392299994547	NA
SLC6A6	0.40447506781046455	0.07857046869398122
SLC6A7	1.0098901941795115	NA
SLC6A8	0.6090995303862112	0.10012584646521443
SLC6A9	0.9872502544691805	0.3050021477667868
SLC71A1	NA	0.06810980399826014
SLC71A2	0.0764444372351162	0.07622172063455201
SLC75A1	NA	0.2839339580285193
SLC7A1	0.38140719261013756	0.08142480672745984
SLC7A11	0.9800374518026179	NA
SLC7A12	NA	0.9231330574695211
SLC7A13	1.5403461634249456	0.20789576581767466
SLC7A2	0.5219539648528341	0.24021416462661171
SLC7A4	NA	0.09892641845955541
SLC7A5	0.6520959539505414	0.16430145784741773
SLC7A6	0.5743750650022338	0.1630338379575249
SLC7A6OS	0.13705137332072237	0.0863645712805916
SLC7A7	0.5152468660799328	0.16785394599358303
SLC7A8	0.43077626181658946	0.22282541207066794
SLC7A9	0.9111713505580444	0.07147918727010387
SLC8A1	0.6449798479051727	0.2253505751657305
SLC8A2	0.8319291827850458	NA
SLC8B1	0.8003022229341908	0.12037030246945116
SLC9A1	0.32724251725523334	0.14525964766368163
SLC9A2	0.637078101738377	0.22301194986040848
SLC9A3	1.3641907237549347	0.19556563001096589
SLC9A3R1	NA	0.07672379610698044
SLC9A3R2	0.4254456709394736	0.10159404722655853
SLC9A4	1.0604620320256675	0.10220360400106362
SLC9A5	0.85453931946704	NA
SLC9A6	0.23394133540684442	0.15454093877244632
SLC9A7	0.3460729125869336	0.07011768488353579
SLC9A8	0.20493672418164655	0.2541571185545523
SLC9A9	0.6776233727345748	NA
SLC9B2	0.7782512484258421	NA
SLC9D1	0.25956580410859653	0.07994835682552698
SLCO1A1	NA	0.27107188659111053
SLCO1A2	2.1957333154620495	NA
SLCO1A6	NA	0.13013816725157606
SLCO1C1	0.5048166154136862	NA
SLCO2A1	0.5995893426202834	0.22245387236123512
SLCO2B1	0.9389438709613168	0.07030277390029564
SLCO3A1	0.8358022513100645	0.05971354155286118
SLCO4A1	0.5732515473328981	0.24622200366782349
SLCO4C1	0.8317081384588826	0.11937261178422046
SLF1	0.3597019892280533	0.15241517797927742
SLF2	0.21775044186543974	0.1632221731263463
SLFN1	NA	0.092383950183677
SLFN10-PS	NA	0.09440953308850226
SLFN2	NA	0.29678412428776574
SLFN5	NA	0.12825081364090973
SLFN8	NA	0.11660476298336328
SLFN9	NA	0.10614620077782967
SLIRP	NA	0.19762304508884204
SLIT1	2.320057914073093	NA
SLIT2	0.6441242239710937	0.11075411578731865
SLIT3	0.4029826979574511	0.14173014958949226
SLITRK1	0.8134960000618667	NA
SLITRK2	0.6446556918612434	NA
SLITRK4	0.633816609768119	NA
SLITRK6	NA	0.2686625099659259
SLK	0.3268681030627364	0.1290004897368438
SLMAP	0.17564092312509147	0.05945947112477464
SLN	0.5889758724754143	NA
SLPI	NA	0.5625712617341732
SLTM	0.19063469331729727	0.0630365315518968
SLU7	0.1769862479644823	0.10130850230137804
SLX1A	0.2949956344048691	NA
SLX1B	NA	0.1697084736236843
SLX4	0.42372775035770344	0.1278440867459544
SLX4IP	0.20189428862247172	0.061984565211362974
SLX9	0.24457440673039815	NA
SMAD1	0.3094616044764946	0.1422775930369246
SMAD2	0.1842272582872077	0.07619474651315629
SMAD3	0.3064218826176801	0.10832784321228277
SMAD4	0.12638937819096915	0.04021027125413053
SMAD5	0.20976443214500368	0.08031229638573542
SMAD6	0.29823023087001616	0.09255105497009569
SMAD7	0.2845508908084543	0.12324654062705079
SMAD9	0.4893546719062873	NA
SMAGP	0.3765884360620762	0.12983567004054097
SMAP1	0.1967858391626883	0.08749445438299841
SMAP2	0.29547925247420076	0.1870552971218305
SMARCA1	0.3227571035687071	NA
SMARCA2	0.162003917339499	0.05986791138953826
SMARCA4	0.11472827942769281	0.09257160278791127
SMARCA5	0.16470175077598498	0.0796519041024803
SMARCAD1	0.2852315219677097	0.054812754165202135
SMARCAL1	0.24723062486845945	0.09814268692689088
SMARCB1	0.23259262933218383	0.06801263481701814
SMARCC1	0.1493745349278513	0.06389045406586838
SMARCC2	0.20645551269968848	0.054604432833935734
SMARCD1	0.16837816437587363	0.10735567740002214
SMARCD2	0.2852187279172645	0.037824389262839105
SMARCD3	0.4726366004817976	0.1260657255861874
SMARCE1	0.15981604741678815	0.04438418017192995
SMARCE1-PS1	NA	0.21001733254181354
SMC1A	0.27903487880407396	0.1264161490082781
SMC2	0.3299209472702674	0.07623042167242591
SMC3	0.15151266344477285	0.05267342287242917
SMC4	0.34174046658038004	0.06345612572221722
SMC5	0.4077596351480299	0.1362108752800672
SMC6	0.6142127826544088	0.09911704375892241
SMCHD1	0.21839242219841612	0.13351781506650143
SMCO3	0.7361566563147504	NA
SMCO4	NA	0.3222114115152502
SMCP	NA	0.18384076480823183
SMCR8	0.2617568850554953	0.12470612888834008
SMDT1	0.4950914992446719	0.18693064762597342
SMG1	0.17761735023797062	0.15241932431534097
SMG5	0.1646233267883015	0.08183314103194529
SMG6	0.22926247637198624	0.12757169912630642
SMG7	0.12217833923323089	0.14964966798213294
SMG8	0.28352145958380937	0.11801499743123657
SMG9	0.23290774946678194	0.11776150279327709
SMIM1	1.00462611219334	0.08548737687285914
SMIM10L1	0.17895695733824618	0.08012258636191483
SMIM11	0.4048883810853033	0.07863030693395189
SMIM12	0.24521644738676746	0.18828391501461036
SMIM13	0.23360086379858205	0.21605222705590227
SMIM14	0.17244344882288112	0.09657602319005167
SMIM15	0.17270018605952914	0.07064863825590437
SMIM17	1.7509052274293253	NA
SMIM19	0.2546868450225655	0.22790907635006596
SMIM20	0.3727162819359189	0.09424662470720038
SMIM22	0.8135960738699821	0.5161040184240732
SMIM24	0.9557154817632362	0.1780987970690947
SMIM26	0.32664609692938995	0.20660923817268656
SMIM27	0.40326093346146585	0.20933320902518116
SMIM29	0.3208024163158315	NA
SMIM3	0.6475929628612032	0.10296200460714575
SMIM30	0.15902312528567325	NA
SMIM38	0.9639183829834997	NA
SMIM4	0.3539723336752007	0.20983478153999552
SMIM43	0.6752172326651967	NA
SMIM5	1.5176516957155815	0.17343990310552604
SMIM6	1.1601618212475955	0.2951299816681355
SMIM7	0.15747610223184866	0.16852426524181155
SMIM8	0.21673534192961852	0.1645710538050546
SMLR1	NA	0.1261596664407075
SMN1	NA	0.13426128236966323
SMN2	0.12206590047998217	NA
SMNDC1	0.1780122064606167	0.05767149539033262
SMO	0.27272817411253053	0.10173868051947724
SMOC1	0.9748041900298735	0.764698990460335
SMOC2	1.0207678608457196	0.46435677022064203
SMOX	0.4360612257036266	0.061287219590873104
SMPD1	0.11631032890089718	0.1405667090946844
SMPD2	0.2655177451236306	0.1481032018884079
SMPD4	NA	0.06990588715324278
SMPDL3A	1.6296779345800902	0.10886709791191586
SMPDL3B	1.3175504763652544	0.12316302547301596
SMPX	1.09720595343484	NA
SMS	0.4908431932985554	0.11081520704706534
SMS-PS	NA	0.3273069506422911
SMT3H2-PS4	NA	0.21580764818215115
SMTN	0.41130551755840994	0.06411130151430038
SMTNL2	0.4658710802800887	0.19903154417095836
SMU1	0.18852788253013827	0.09211296060661091
SMUG1	0.20994701938232924	0.1131909309359278
SMURF1	0.17981628980592843	0.07454918382015092
SMURF2	0.2711530397917958	0.13698891146981848
SMYD1	0.39972481662018355	NA
SMYD2	0.19108802038488984	0.046792090301007436
SMYD3	0.4395454183203959	0.1176209444130859
SMYD4	0.26095464853757044	0.1188575033166603
SMYD5	0.17874033571085565	0.16311806250706337
SNAI1	0.48709262649695373	0.1386442497921906
SNAI2	0.3268605628024187	0.3257044926465469
SNAP23	0.20956467672456516	0.07197457051187052
SNAP29	0.22349086077613323	0.14537386714822864
SNAP47	0.15011106348065587	0.09124033243370862
SNAPC1	0.3049341540800746	0.09721514719499028
SNAPC1L	NA	0.2809942300319756
SNAPC2	0.25991015435549697	0.1291490178125329
SNAPC3	0.27016800619823306	0.13036345078371836
SNAPC4	0.3617259270186904	0.07522035480502934
SNAPC5	0.44274942395519257	0.11827077719784838
SNAPIN	0.2811521600447985	0.07078376480861928
SNCAIP	0.5809556954936661	NA
SNCG	NA	0.2994131339636969
SND1	0.18982763907062453	0.05071777369516116
SNED1	0.7957129573927993	0.180646441040788
SNF8	0.27829720119760937	0.12365289738181144
SNHG1	NA	0.12882278503855069
SNHG10	NA	0.15434587947751482
SNHG11	NA	0.2576369761059804
SNHG12	NA	0.24214480389766738
SNHG15	NA	0.170544761382944
SNHG16	NA	0.1407393322901988
SNHG17	NA	0.11392904711845286
SNHG18	NA	0.12402569184116448
SNHG20	NA	0.1540280584207828
SNHG3	NA	0.2343825418346823
SNHG4	NA	0.1531724439170966
SNHG5	NA	0.09318403618464383
SNHG6	NA	0.279232731615313
SNHG8	NA	0.06654413608313209
SNHG9	NA	0.35065959385692413
SNIP1	0.172000081858039	0.1932998300668534
SNN	0.605030284693137	0.16169902081336537
SNORA108	NA	0.4283495158905732
SNORA16A	NA	0.4868094185281174
SNORA17	NA	0.6724333247915942
SNORA18	NA	0.40275003276901533
SNORA21	NA	0.8351975002329063
SNORA21B	NA	0.6579660547790103
SNORA24	NA	0.17147389192759335
SNORA26	NA	0.520761677471671
SNORA28	NA	0.1724717313933892
SNORA29	NA	0.5271677461571536
SNORA2C	NA	0.19662355319066077
SNORA3	NA	0.4073346662313602
SNORA31	NA	3.3656592106976753
SNORA33	NA	0.47544546760046796
SNORA4	NA	0.43555612747629824
SNORA41	NA	0.7305873446176032
SNORA43	NA	0.2758889741549267
SNORA44	NA	0.47577359641304556
SNORA52	NA	0.3044049244598726
SNORA53	NA	0.44104783818928817
SNORA57	NA	0.2742145962010045
SNORA5C	NA	0.1766683726891986
SNORA6	NA	0.2930432196579562
SNORA61	NA	0.5552781996632106
SNORA62	NA	0.33141462269784433
SNORA63	NA	0.5244342733582465
SNORA63B	NA	0.3026811766503212
SNORA64	NA	0.541448104337331
SNORA65	NA	0.31271034138470155
SNORA68	NA	0.28551070934820066
SNORA70	NA	0.3163188750564779
SNORA73A	NA	0.3745103226613513
SNORA73B	NA	0.35936957784845636
SNORA75	NA	0.35726553467135863
SNORA78	NA	0.26614620305225645
SNORA7A	NA	1.1386577068504036
SNORA81	NA	0.4264165132410352
SNORA9	NA	0.5558272897586523
SNORD10	NA	0.38488071337245294
SNORD100	NA	0.703292962414641
SNORD101	NA	0.172083745663125
SNORD102	NA	1.3038293491190223
SNORD104	NA	0.29351509333047693
SNORD117	NA	0.8628239310007116
SNORD12	NA	0.5838983410404796
SNORD123	NA	0.7558310869071132
SNORD12C	NA	0.7451116966124444
SNORD14	NA	0.5790276710357998
SNORD14A	NA	0.25576932240367906
SNORD15B	NA	0.454118691813587
SNORD16	NA	1.0105321374226754
SNORD18A	NA	0.6261561017824127
SNORD18C	NA	2.198128314289993
SNORD19	NA	0.8395666863605767
SNORD1A	NA	0.1482578911687176
SNORD1B	NA	0.7370098437136421
SNORD2	NA	0.4432123825564654
SNORD20	NA	0.5913803330330762
SNORD21	NA	0.8294717021780834
SNORD22	NA	0.4431231302888132
SNORD24	NA	0.46377960631207504
SNORD25	NA	0.5860550376530176
SNORD26	NA	0.5632477386759214
SNORD27	NA	0.6297999316445655
SNORD30	NA	0.5814746485190327
SNORD32A	NA	0.6595483110560146
SNORD33	NA	0.8256545702022301
SNORD34	NA	1.0205690426842098
SNORD35A	NA	0.5120812038224183
SNORD35B	NA	0.5283454870724721
SNORD36B	NA	1.1456430896221437
SNORD37	NA	0.44664894992290244
SNORD38B	NA	0.7472579610121027
SNORD42B	NA	0.6300437747721824
SNORD44	NA	0.5644741899225899
SNORD45A	NA	0.114559413720717
SNORD45B	NA	0.42440916990029565
SNORD45C	NA	0.5669880996664263
SNORD47	NA	0.35331628849957314
SNORD48	NA	0.6286430311889953
SNORD49A	NA	0.6709666092784236
SNORD49B	NA	0.46373336069084814
SNORD4A	NA	1.0474346950899327
SNORD5	NA	0.6351738564949793
SNORD51	NA	0.3384642703462505
SNORD52	NA	0.6840736263790391
SNORD53	NA	1.0110704204677368
SNORD54	NA	0.7912590431783032
SNORD55	NA	0.22095883914558018
SNORD56	NA	0.5699211026359853
SNORD57	NA	0.5726351151786664
SNORD58A	NA	0.6696217671905251
SNORD58B	NA	0.6563394133595883
SNORD59A	NA	0.33930923680397757
SNORD62	NA	0.7668066576021964
SNORD65	NA	0.9550386570668605
SNORD66	NA	0.618107608552807
SNORD68	NA	0.6891880768503001
SNORD69	NA	0.5255839390965376
SNORD70B	NA	0.6612557024241427
SNORD72	NA	0.5222518067357087
SNORD73B	NA	0.5698534339328338
SNORD74	NA	0.6564318167386644
SNORD78	NA	0.15817161427068474
SNORD79	NA	0.3314321429851168
SNORD80	NA	0.3826335454813115
SNORD82	NA	0.45640925842009106
SNORD83A	NA	0.4701162446190057
SNORD83B	NA	0.5634406854719657
SNORD84	NA	0.7262361946600284
SNORD86	NA	0.6926396777752188
SNORD87	NA	0.08347751929500023
SNORD88C	NA	0.810965621400939
SNORD89	NA	0.572713482954804
SNORD95	NA	2.256206500654174
SNORD96A	NA	0.20852562809275807
SNORD97	NA	0.29880715086173243
SNORD98	NA	0.3230672894804724
SNORD99	NA	0.3514793784344317
SNOZ196	NA	0.34257502015678687
SNPH	0.6200107666450935	NA
SNRK	0.2081713766861055	0.18248908504118458
SNRNP200	0.1604469299076875	0.10453470143565428
SNRNP25	0.46917130272472	0.16893438150092097
SNRNP27	0.15737598415248857	0.10807250287248539
SNRNP35	0.2915269637972694	0.1811917640686636
SNRNP40	0.17700453464564628	0.06698869035124477
SNRNP48	0.33442608695393417	0.07368332790034161
SNRNP70	0.3353616194216435	0.15860268615958578
SNRPA	0.2794774415578225	0.20396422873211664
SNRPA1	0.2875308699155248	0.1222378632502796
SNRPB	0.1648239781010439	0.11967373688432344
SNRPB2	0.1908942028469326	0.058507248470028354
SNRPC	0.1747946892269656	0.0923335323240019
SNRPD1	0.16955790230228546	0.11049100922504079
SNRPD2	0.31358239824941403	0.25812062870283997
SNRPD3	0.2781162967357325	0.04869916871111804
SNRPE	0.20030412391660002	0.07588665748972986
SNRPERT	NA	0.8592794250776267
SNRPF	0.22131787351821747	0.11362677990136315
SNRPG	0.21566310973194844	0.09774125777846297
SNRPN	0.41705661437419983	0.1600421098271237
SNTA1	0.33766501683944083	0.19028307830517957
SNTB1	0.4589754766013744	0.21221606267692808
SNTB2	0.2615638435584494	0.09627274507298127
SNU13	0.2332118292721779	0.12065455377820404
SNUPN	0.13973255005564902	0.14919431097224192
SNURF	0.26441471650640813	0.33356766697121865
SNW1	0.12062599302154084	0.06935761087661141
SNX1	0.1308942722910854	0.031071192371538228
SNX10	0.4746166297867977	0.09403597989972265
SNX11	0.1403567650048715	0.11738953148834833
SNX12	0.400773263529824	0.18400306355585683
SNX13	0.34805237641053866	0.08648239345811967
SNX14	0.17782670774604012	0.09012223461875979
SNX15	0.21441330821862944	0.05941652563360902
SNX16	0.48896691974938383	0.27427260430654904
SNX17	0.21967432991313016	0.04480442452701415
SNX18	0.29021612052740825	0.0508528029695923
SNX19	0.1580858689377073	0.03336280454779576
SNX2	0.21122405201918906	0.08975389368546058
SNX20	0.41366717273671255	0.06790154863171709
SNX21	0.18636673841800136	0.02440053509108101
SNX22	1.0771458890291266	NA
SNX24	0.5407789474589106	0.08619737196856343
SNX25	0.3825816220467705	0.19198668562649993
SNX27	0.12396564225146131	0.04754286238695083
SNX29	0.5447471741721841	0.2093811663720648
SNX3	0.26654761781852576	0.12650070789436058
SNX30	0.5414569174130155	0.09852648688545652
SNX31	0.5473063869822208	0.7472250833356805
SNX32	0.4734492537308678	0.16534067590283288
SNX33	0.16991823295119707	0.08778364222869571
SNX4	0.3623305995823953	0.07532147121550967
SNX5	0.3657442474944947	0.06709921365950329
SNX6	0.23479623830012109	0.18673927631198228
SNX7	0.3566786415792336	0.06050505107421162
SNX8	0.5255557632555294	0.20805229775514017
SNX9	0.31837837054837764	0.04746521622711973
SOAT1	0.6752015663135738	0.12021035096829645
SOAT2	1.0965091758825403	NA
SOBP	0.799659819927995	NA
SOCS1	0.7500718470467979	0.0907479168668097
SOCS2	0.5037993032964283	0.49022870707747035
SOCS3	1.103215170935863	0.20337363941250056
SOCS4	0.35050490475541535	0.049506167501966084
SOCS5	0.22488789034198622	0.09806668143254642
SOCS6	0.5074882282640037	0.07512776718032256
SOCS7	0.3172866786581941	0.17518441098673365
SOD1	0.7509587042151042	0.1146686519214119
SOD2	0.5428993613269287	0.05545230393454379
SOD3	0.9388497484358538	0.05207967896305845
SOGA1	NA	0.09696718216477586
SON	0.10863474217645012	0.06813329889183034
SORBS1	0.40636788885519254	0.21595360304994948
SORBS2	0.2563388048747112	0.0685061150756504
SORBS3	0.24551062640323373	0.2114699298939934
SORCS1	0.6192026150070161	0.14386295517162406
SORCS2	1.1828602533492074	0.05872016872848542
SORCS3	0.9083878008574625	NA
SORD	0.8622325049433656	0.13476603941092768
SORL1	0.3760855537150239	0.15268138979368776
SORT1	0.5198942959574575	0.12781546309917613
SOS1	0.12327004962978085	0.07462246949047367
SOS2	0.21211067976481418	0.09368231603059461
SOSTDC1	0.49886831524397607	0.2854166235791918
SOWAHB	0.7875920099392318	0.13366478658913017
SOWAHC	0.3907194735618941	0.15218770082019792
SOWAHD	0.40432906185245115	NA
SOX12	0.49598834136175535	0.17823964241873116
SOX13	0.43408229202119086	0.17263199651125266
SOX15	NA	0.2076628759459471
SOX17	0.6351915613485857	0.11536543411579869
SOX18	0.5354314331002893	0.3820891228256346
SOX4	0.8409835517967439	0.21246938350508826
SOX5	0.49362968100495097	NA
SOX6	0.4800552925913299	0.05979874332861432
SOX7	0.3708333021538656	NA
SOX9	1.305968426058633	0.15042687870005145
SP1	0.1651963558146106	0.07128704014078513
SP100	0.719342156041682	NA
SP110	NA	0.05006116128969099
SP140	NA	0.1711950806452494
SP2	0.21346131852603262	0.05675034819165219
SP3	0.2111553463467432	0.059158239616547606
SP3OS	NA	0.21146887387715937
SP4	0.36956978015945136	0.14256933495603136
SP5	NA	0.1738980147142302
SP6	0.4451037461166584	NA
SPA17	0.8712250758500665	0.13961522018723585
SPAAR	1.0895535926498034	NA
SPACA6	0.37376117764592764	0.09480382424430914
SPACA7	NA	0.1292671624445879
SPACA9	0.299657828982944	NA
SPAG1	0.3646206003150004	0.16340939716467565
SPAG5	0.5476980143069451	0.14116330536043428
SPAG6	1.532677297732858	NA
SPAG7	0.24276841403442356	0.14821823748710786
SPAG8	0.5106640622461376	NA
SPAG9	0.2583072629274235	0.09833487097886277
SPARC	0.8202686680838529	0.33767422981168094
SPARCL1	0.7089826634882593	0.28453598568758237
SPART	0.35921088343047913	NA
SPAST	0.0868779785194757	0.0660973307466845
SPATA1	0.602923515101891	NA
SPATA13	0.30851810804939556	0.11520159963106574
SPATA16	1.6448340372808572	NA
SPATA17	0.4143395522735722	NA
SPATA2	0.35807383357977474	0.10155561149495296
SPATA20	0.3493420331768858	NA
SPATA24	0.4746138551944405	0.28161199384715396
SPATA25	0.5128359361100536	NA
SPATA2L	0.39000612075564406	0.11984376680618145
SPATA5	NA	0.1329105807175257
SPATA5L1	NA	0.1608735658697055
SPATA6	0.3353862505491827	0.14628741120133518
SPATA7	0.3114636327950967	NA
SPATC1	1.286194082604769	NA
SPATS2	0.13420815094710337	0.06884359490723051
SPATS2L	0.3587709515978785	0.13099536560973596
SPC24	0.6784169124672035	0.18619293796767222
SPC25	NA	0.29096283867149747
SPCS1	0.21452743357695112	0.11956418097601408
SPCS2	0.15430788514669838	0.09051649555019924
SPCS3	0.274363049655848	0.02221040694112799
SPDL1	0.6799357793443057	0.11422083502854298
SPDYC	0.7241806156931768	NA
SPECC1	0.42587697502838634	0.07808452670902395
SPECC1L	0.23803211338148794	0.06470972313315873
SPEF1	0.7147470484646435	0.10286104389870512
SPEF2	0.5881354706516149	NA
SPEG	0.6604182056846714	NA
SPEN	0.18194594468814693	0.20706785249437124
SPG11	0.1916729983312994	0.13172080365398414
SPG20	NA	0.04332241779405647
SPG21	0.16286307794462374	0.1116785368766068
SPG7	0.2366378319229646	0.07824924599792782
SPHK1	0.5421558395309879	0.20981399949038013
SPHK2	0.27893311168516116	0.13063631806150308
SPI1	1.2963704502524342	0.1916052179737605
SPIB	2.4125576146078274	0.16975414740533534
SPICE1	0.2786137080944358	0.1338865635601477
SPIDR	0.509511439949631	0.06196632306369209
SPIN1	0.1709059844103645	0.10920677042018935
SPINDOC	0.23033436615965627	0.22979747046472612
SPINK1	NA	0.4760251563680564
SPINK12	NA	0.13224244153259823
SPINK5	0.881816330417415	NA
SPINK8	NA	0.10524442879393191
SPINT1	0.3689388193571816	0.11024233499427583
SPINT2	0.2741924594601726	0.08633825930887135
SPIRE1	0.5383750011874052	0.11340968067623644
SPIRE2	0.4835320407132186	0.09218035988136503
SPN	1.5491969561682928	0.10682713169149971
SPNS1	0.2476096779059495	0.17782771773235684
SPNS2	0.4282680985211926	0.2018534442880594
SPNS3	0.648926020876447	0.3102401283429973
SPOCD1	0.9514895217878683	NA
SPOCK2	0.5507506757458441	NA
SPOCK3	0.7912422432498236	NA
SPON1	0.7200130605867112	0.09351350475215128
SPON2	0.9970261184991929	NA
SPOP	0.13088510991682564	0.07854406512828589
SPOPL	0.32243222247262254	0.05207094266952077
SPOUT1	0.3138400301942614	0.13378536224086254
SPP1	2.0919334547911497	0.20041153915419088
SPP2	3.4354235555245336	0.4536525914761282
SPPL2A	0.32624605190044775	0.05183804133789494
SPPL2B	0.3044017524981653	0.08048744833750769
SPPL3	0.16115431490402873	0.14301060179814343
SPR	0.45904618053484786	0.10132672827205207
SPRED1	0.25216716266177025	0.07737558107957447
SPRED2	0.1759160800335281	0.13020734861569444
SPRED3	0.489308654998839	NA
SPRING1	0.31816147549276386	0.19313299722761715
SPRN	0.9051866616555555	NA
SPRR1A	NA	0.5736332934672052
SPRR2A1	NA	1.4958995257310517
SPRR2A2	NA	1.5356442945890416
SPRR2A3	NA	1.123115138558412
SPRR2B	NA	0.13990637965899871
SPRR2D	NA	0.0376696720650717
SPRR2E	NA	0.08408258259655373
SPRR2F	NA	0.4432051187317018
SPRR2G	NA	0.5119076417839392
SPRTN	0.27416991483237957	0.090049712700414
SPRY1	0.25603327002009724	0.2761748477518302
SPRY2	0.3340426859904542	0.18812375901837802
SPRY4	0.36688699691979854	0.20546847091014625
SPRYD3	0.14544903360576825	0.062126906022487195
SPRYD4	0.29011762905120453	0.06912570375894032
SPRYD7	0.20021804714321698	0.07927782054556547
SPSB1	0.8995700842304593	0.13040325518273677
SPSB2	0.2949215359417432	0.15561870276148787
SPSB3	0.21171245393424915	0.24695469484971086
SPSB4	NA	0.28853442368818827
SPTA1	1.7337494962576203	NA
SPTAN1	0.27800828120534316	0.12570040003922267
SPTB	0.564405611320336	NA
SPTBN1	0.21938285265916288	0.1303694013351415
SPTBN2	0.6397035292020737	0.19819057720737596
SPTBN4	0.8241761145239891	0.05321277783911178
SPTBN5	2.069901261072838	NA
SPTLC1	0.08967666393165799	0.04322247401029636
SPTLC2	0.36575338395438234	0.02333001798646776
SPTLC3	0.6808082508376337	NA
SPTSSA	0.31630612326251134	0.0426068887028843
SPTSSB	NA	1.457179140122468
SPTY2D1	0.1932871824729432	0.06764254661441346
SPX	0.41400606813219004	NA
SQLE	0.5065364801934433	0.07376553832292967
SQOR	2.723907801981819	0.07329224136833573
SQSTM1	0.28652156832361586	0.1275804875718525
SRA1	0.20216236001092588	0.1837269384858901
SRBD1	0.17891370023191425	0.08869417536331609
SRC	0.24967624370975303	0.07733305954735914
SRCAP	NA	0.015110095693625897
SRCIN1	1.316114623970514	0.12364594525054325
SRD5A1	0.3151851350249227	0.10081492766788544
SRD5A2	0.7507240553366084	0.3892952899274052
SRD5A3	0.2573928418136626	0.14490200943634346
SREBF1	1.1318716475071857	0.2388811914326095
SREBF2	0.2834910837131409	0.06400943935893359
SREK1	0.15242579411685	0.11119750807686622
SREK1IP1	0.2020138588536262	0.09279921105586732
SRF	0.18756225904600637	0.21002761046191626
SRFBP1	0.1612600147246837	0.08307021646722523
SRGAP1	0.2159051804624693	0.12428892790888676
SRGAP2	0.3077668805783744	0.04540627057872397
SRGAP3	0.30877292404240175	0.09089316120789505
SRGN	0.8215665135133527	0.09141684557259089
SRI	0.428733168252387	0.18019660294346504
SRL	0.38904350524693165	0.17555218634525527
SRM	0.2658398690923998	0.19716809564411344
SRP14	0.27372267036162495	0.16974506097320607
SRP19	0.15868659289916529	0.11442909201946426
SRP54	0.3182297567262768	NA
SRP54A	NA	0.08970647797980405
SRP54B	NA	0.09129396503931385
SRP54C	NA	0.1474186366020838
SRP68	0.2067728942698593	0.10122691536350556
SRP72	0.224813845054156	0.10642986278792903
SRP9	0.270165441346688	0.12490006940871645
SRPK1	0.15725116621941396	0.1310412565302463
SRPK2	0.12938596403316152	0.06886365897984585
SRPK3	0.6270688434749815	NA
SRPR	NA	0.08840335321562788
SRPRA	0.2853175417442468	NA
SRPRB	0.1853033841814021	0.06794554701751372
SRPX	0.8743030634406143	0.07893271393405969
SRPX2	NA	0.25948785075257225
SRR	0.3268734655672405	0.06838097974069579
SRRD	0.23321722101550255	0.1396721073267253
SRRM1	0.241205184588086	0.16958043064104095
SRRM2	0.15513885217530485	0.09746107155722286
SRRM3	0.9196257659351168	NA
SRRT	0.21732956667866263	0.13869369936749001
SRSF1	0.1050485961248339	0.07568008681605175
SRSF10	0.19436868197216034	0.10678754872706923
SRSF11	0.163868936550752	0.1984523176586356
SRSF12	0.24744308766127088	NA
SRSF2	0.1710485958398707	0.15622928575943082
SRSF3	NA	0.11362857074791402
SRSF3-PS	NA	0.3304559448605797
SRSF4	0.2162351746378097	0.236481894266475
SRSF5	0.2791210575805765	0.36074212731518357
SRSF6	0.3122562817495028	0.1266389033152095
SRSF7	0.28347445712885744	0.10783891154061728
SRSF9	0.2146783989797155	0.273124926736974
SRXN1	0.5021626178174455	0.09918663096334047
SS18	0.20051081001666585	0.030255711714763378
SS18L1	0.3159438145113195	0.1496366081910465
SS18L2	0.3183836423991518	0.15796404037419431
SSB	0.11997781536622447	0.021124487992009316
SSBP1	0.13575579576878696	0.08462809805837702
SSBP2	0.2881094177718399	0.09998418059541832
SSBP3	0.15872379560303201	0.16062636845921757
SSBP4	0.539113018921612	0.18867152499731746
SSC4D	1.3143346551567472	NA
SSC5D	0.6646264444529688	NA
SSH1	0.19074212071401725	0.10766424160612094
SSH2	0.5480557667575245	0.35896215343371857
SSH3	0.15616424051824548	0.10422878244565084
SSNA1	0.31883418720591944	0.16056227090789288
SSPN	0.6612512330005774	0.22356889293004245
SSR1	0.26714586570333704	0.048357848682480754
SSR2	0.2088845781130353	0.1286775870320818
SSR3	0.3541821259607021	0.04786900860280226
SSR4	0.37866047064312264	0.10486021850654
SSRP1	0.12064299956796229	0.07769975831843283
SSTR2	1.4247174941442864	NA
SSU72	0.18717882413803494	0.08533752406472898
SSUH2	0.8460474438418555	NA
SSX2IP	0.4204249491797203	0.05343649316306504
ST13	0.3480551236730833	0.1991458881113001
ST14	0.4680627568585846	0.13053546240452815
ST3GAL1	0.2987460127997235	0.11214368854679348
ST3GAL2	0.2963948660135436	0.06356453533534569
ST3GAL3	0.4086976204683349	0.15838144224663286
ST3GAL4	0.5867926281714401	0.07530826507569345
ST3GAL5	0.2152655459117741	0.09217802954423715
ST3GAL6	0.4233850529154908	0.11092488909849932
ST6GAL1	0.3946103215084133	0.05527320301866395
ST6GAL2	0.8427590277921712	NA
ST6GALNAC2	0.5515827321752745	0.08238656336053478
ST6GALNAC3	0.7655678651334894	NA
ST6GALNAC4	0.6868915808391375	0.08552645741606367
ST6GALNAC5	0.5639901804131525	NA
ST6GALNAC6	0.4638429735910748	0.12000507975250757
ST7	0.16845983839086587	0.1265254070605802
ST7L	0.3016610032828389	0.11151390521619875
ST8SIA1	1.1977882902135435	0.12500823701275174
ST8SIA4	0.9370679928955515	NA
ST8SIA5	0.6607149960586082	NA
ST8SIA6	NA	0.12297025585674021
STAB1	0.512497420854529	0.10294354799926389
STAB2	0.7240289672825032	NA
STAC	0.7651088645734013	NA
STAC2	0.8726283486879938	NA
STAC3	0.6777699226648874	NA
STAG1	0.2236037995204925	0.10182003282011495
STAG2	0.1335566855632884	0.1267774293017421
STAG3	1.2835178102369433	NA
STAM	0.19667172354498133	0.06660778487844392
STAM2	0.1726763542476073	0.12963999081874555
STAMBP	0.13214650493083854	0.07333397921626962
STAMBPL1	0.5345236042717092	NA
STAP1	0.7751640393641795	NA
STAP2	0.590411264625171	0.1831902021662626
STAR	NA	0.047738038431856575
STARD10	0.6183947977479837	0.04007330633798388
STARD13	0.3736502322750625	0.08273063914659551
STARD3	0.30252851594112085	0.10678774341766181
STARD3NL	0.27735655052360025	0.09520032652714232
STARD4	0.6032474992920519	0.10718860195412658
STARD5	0.33378776170258295	0.14957551869869803
STARD7	0.1441689852782406	0.18148794226388731
STARD8	0.37683423766719737	0.09428072166252104
STARD9	0.7449050936810229	NA
STAT1	0.45940404331718465	0.11598183459321758
STAT2	0.36770729138716424	0.11850004451694962
STAT3	0.33782442087401343	0.11717183830759677
STAT4	1.1012114880608963	NA
STAT5A	0.31970356519949544	0.21338915273847114
STAT5B	0.20342614047122284	0.22780904272222224
STAT6	0.45344620863894686	0.08264402965746093
STAU1	0.15342437382879992	0.043555252778100746
STAU2	0.1897437845555113	0.07599397987406216
STBD1	0.7657618780867146	0.12892764129603296
STC1	0.7965793589598963	0.2296159022163479
STC2	0.3466171339032449	0.08909332123175133
STEAP1	0.7727406862012391	0.1406201146943178
STEAP2	0.5235091961209907	0.13499894778592478
STEAP3	0.3144833484230085	0.13971005514302798
STEAP4	1.1860064968181445	0.6528464656412939
STEEP1	0.11352881359091913	NA
STFA2L1	NA	0.18844900212261717
STIL	0.551915025687229	NA
STIM1	0.28052222270162086	0.1317246845772692
STIM2	0.12208800260524569	0.13147844557057045
STIMATE	0.1556847090058329	0.16234252858094086
STING1	0.8865359058500221	0.13217540812191017
STIP1	0.3521954643632292	0.3041703791218948
STK10	0.739003114066426	0.08801463944762632
STK11	0.27595093931079745	0.07752695091779231
STK11IP	0.42774197309868384	0.1098782367575987
STK16	0.2450034574808635	0.06676344782118307
STK17A	0.43849092546626517	NA
STK17B	1.2853835357729664	0.15306721558721265
STK24	0.21767696893460123	0.02408299082275708
STK25	0.2092986338713977	0.10997034064267965
STK26	0.5882694308607127	0.16980717754416072
STK3	0.26859723860075285	0.11405025968527344
STK32A	1.3125371089427342	0.08747006638579277
STK32B	0.33329362027965	0.08790204842587748
STK32C	0.5078865479289095	NA
STK33	0.4188585258126998	NA
STK35	0.22798937960275656	0.14595464318698406
STK36	0.34091013189146124	NA
STK38	0.3471197422709026	0.07421641283327542
STK38L	0.1647126523226139	0.07851226570071496
STK39	0.2948869032000615	0.09739255589187104
STK4	0.1511623552477431	0.09165492921526018
STK40	0.20490994987438596	0.16213840791931752
STMN1	0.78762448059667	0.2061289031257374
STMN3	0.6008862774970956	NA
STMP1	0.1731269742586969	NA
STN1	0.24266339771028647	0.12942756023115282
STOM	0.40552969821837337	0.15022837870409936
STOML1	0.27223295304472683	0.21029006662281782
STOML2	0.22800183972610644	0.048700539419614795
STON1	0.5630117909695125	0.22443012569379964
STON2	0.5589037120237319	0.14318606352972996
STOX1	0.3443322234991358	NA
STOX2	0.3673642213509319	NA
STPG1	0.8249765606102806	NA
STPG3	0.7203026272126918	NA
STRA6	0.9087901258711889	0.2731189656431351
STRA6L	NA	0.239971388042178
STRA8	0.18126203984629052	NA
STRADA	0.2911823635268108	0.11404644865960883
STRADB	0.6111742507340492	0.06301523683813848
STRAP	NA	0.09419908988796909
STRBP	NA	0.07770520661820245
STRC	0.6853087408513244	NA
STRIP1	0.17519561930486355	0.096530731368904
STRIP2	0.7234914891338533	NA
STRN	0.1771620469681421	0.054020291902592714
STRN3	0.331639087139335	0.12393253735495934
STRN4	0.1370697727395944	0.051186382197789725
STS	0.31076360700951516	NA
STT3A	0.158749467881976	0.07929076907795188
STT3B	0.25651024330357086	0.09379827607581354
STUB1	0.24539045014556496	0.03276260885531471
STUM	0.6814654710004473	NA
STX10	0.42218114401677803	NA
STX11	0.8513319890423162	0.11450464669148372
STX12	0.20655768606550334	0.1300029096412255
STX16	0.17546690389793004	0.17456848090787627
STX17	0.2638756111098119	0.08226639611555815
STX18	0.3751145908292089	0.11497682958517454
STX1A	0.7654145248407712	NA
STX1B	0.40521203520789706	NA
STX2	0.20224105403259207	0.030670418896655626
STX3	0.3544993386444978	0.11436776895385783
STX4	0.23895244801150903	0.0941512745341238
STX5	0.12658929854809686	0.07455652208676569
STX6	0.3110100299196966	0.09130841884422551
STX7	0.32629881436876756	0.06917500676836065
STX8	0.2625887760388248	0.078257617807645
STXBP1	0.2616246212225494	0.1995518429194421
STXBP2	0.2610136750788669	0.10511785606095422
STXBP3	0.18373391078919935	0.07138327148496605
STXBP3-PS	NA	0.44136475076584153
STXBP4	0.4175397879193526	0.16689202998082447
STXBP5	0.2549521244113399	0.034438512767811125
STXBP5L	1.5052678821926664	0.13538937096248838
STXBP6	0.5935544602372019	0.15296890130532348
STYK1	0.6132244157772845	NA
STYX	0.2709271421416214	0.060695459111936155
SUB1	0.1184476365772285	0.12647562621104702
SUCLA2	0.5632965386631595	0.11572517785075394
SUCLG1	0.5417507934402355	0.11748228368750811
SUCLG2	0.4413445592982706	0.08563540377368666
SUCNR1	1.7638192599474452	0.1889795794158456
SUCO	0.3791790466613866	0.10276642257882472
SUDS3	0.13131525955428486	0.023507814860007543
SUFU	0.2281303344690216	0.11655327781079627
SUGCT	0.597165506650175	0.19676333949389144
SUGP1	0.18589864272581633	0.19988726355276054
SUGP2	0.20695007851880026	0.07395409006058594
SUGT1	0.3556761968719926	0.04802677364182925
SULF1	0.7644946704820631	0.07252036687902362
SULF2	0.7637394553117777	0.22821646142660298
SULT1A1	NA	0.3989014285428093
SULT1B1	1.4953897343286526	0.13065770103367774
SULT1C2	0.9739513551523651	0.12971263771886296
SULT1C4	1.1855009320556138	NA
SULT1D1	NA	0.27153639229505194
SULT2B1	1.7474455656430044	NA
SULT4A1	0.6677560702143963	NA
SULT6B1	NA	0.09882797256804203
SUMF1	0.24213678176244924	0.041016946890219064
SUMF2	0.37575741952531827	0.08032506495100084
SUMO1	0.2385031958891912	0.08662519107819701
SUMO2	0.15554474905263008	0.2540170368425947
SUMO3	0.24039888730768155	0.10805845268219537
SUN1	0.21729171572820125	0.14524299927279674
SUN2	0.38994386422619054	0.1357454217154344
SUN3	NA	0.18185177468336666
SUOX	0.19414208885413953	0.2017406076837157
SUPT16H	0.2089554396920897	0.028969891177209644
SUPT20H	0.18821744851367414	0.1099459838323821
SUPT3H	0.4257387113369846	0.10816083205974696
SUPT4B	NA	0.4453516825101759
SUPT4H1	0.18750340871817942	0.1860759196748447
SUPT5H	0.15283787079043112	0.07145600655008337
SUPT6H	0.12488515891745569	0.12215091295248748
SUPT7L	0.4083166179223059	0.08302718545610557
SUPV3L1	0.27994200073090814	0.09976976298607637
SURF1	0.31032449878190504	0.11141082900329029
SURF2	0.2930968457624544	0.12181443534446755
SURF4	0.25624175439166963	0.09338267459272569
SURF6	0.2194472427257867	0.09702261887411905
SUSD1	0.3673430590473094	0.09813479084235212
SUSD2	0.7937271044974691	0.1841928397796067
SUSD3	0.44620769236821545	0.21433144862536838
SUSD4	0.5625334204984712	0.08007458924659852
SUSD5	0.486376891599845	NA
SUSD6	0.2541185414092447	0.08991812983195134
SUV39H1	0.4456549609313263	0.07898468640372333
SUV39H2	0.7571375925881155	NA
SUZ12	0.30165361688101067	0.09747175048146305
SV2A	0.5579757908158087	0.2443070063461835
SV2B	0.9449625050368429	NA
SV2C	0.5860632515360739	NA
SVBP	0.38313474672258824	0.34441766414884584
SVEP1	1.2769244637607968	0.12534837792685707
SVIL	0.38284800481017445	0.17362388496501055
SVIP	NA	0.1775976498452496
SVOP	0.9206818680347127	NA
SVOPL	0.39042522083799636	0.1112069335333296
SWAP70	0.29520886909635113	0.09501618555241734
SWI5	0.41864277807215794	0.07663971895143626
SWSAP1	0.28641885672047823	0.08914182488032485
SWT1	0.321512430457489	0.10480414133550386
SYAP1	0.5964961523403142	0.039389536254698536
SYBU	0.7543185303473663	NA
SYCE1L	1.3949521434728296	0.2739596033083099
SYCE2	0.6670549823622723	0.16374457533024253
SYCP2	0.935033503562161	NA
SYDE1	0.22942304356112372	0.14367864866795285
SYDE2	0.42144616240355637	0.08397699246219134
SYF2	0.16994425087484644	0.12526611801381718
SYK	1.715509088296404	0.0865417942410061
SYMPK	0.2180508204540645	0.11556112643772527
SYN1	0.6507377833933851	NA
SYN2	1.2051502302353234	NA
SYN3	1.0669723005454925	NA
SYNC	0.4785689794437643	NA
SYNCRIP	0.16549584674641485	0.04158514955516753
SYNE1	0.48749660013665014	NA
SYNE2	0.3598793496292963	0.3268547251852649
SYNE3	0.6787827758528372	0.15266079961192375
SYNE4	0.44624255373125277	0.182022664480395
SYNGAP1	0.6462211901994118	0.0665140261285806
SYNGR1	0.26367413419155633	0.18294366336614024
SYNGR2	NA	0.22119528254553256
SYNGR3	0.6460488945198891	NA
SYNJ1	0.22274918810430364	0.051680974438891664
SYNJ2	0.6429921564816085	0.035337567135203175
SYNJ2BP	NA	0.060804828257868614
SYNM	0.4624683869485047	NA
SYNPO	0.32985664479474675	0.1070803636587152
SYNPO2	0.8173579757437538	NA
SYNRG	0.32281361711853723	0.08240142327944874
SYP	0.5449619250261364	NA
SYPL	NA	0.07428570753070207
SYPL1	0.35947644057494144	NA
SYPL2	0.6845825269205627	0.19123542948517278
SYS1	0.41641609745795644	0.10516459488145934
SYT1	1.2943428334635458	NA
SYT10	0.6609036021874646	NA
SYT11	0.5996186637680655	0.14923540746573025
SYT12	1.427587235734809	0.10663540545984558
SYT13	1.3232724912116511	NA
SYT14	0.5504379059127643	0.09529891399081232
SYT17	0.42600663221601415	0.1389893033857873
SYT2	1.1639267040274008	NA
SYT3	0.7136401890747566	0.06524704470088366
SYT4	2.0319647624282386	NA
SYT5	0.5995917437903517	NA
SYT7	0.389999907620745	NA
SYT8	0.5413890754512871	0.317455110115254
SYT9	0.5741997207529281	NA
SYTL1	0.8203275012822708	0.26172595115002356
SYTL2	0.38883031261753903	0.0948161032202641
SYTL3	1.288854419310741	NA
SYTL4	0.37026573905512294	0.07830315220361758
SYTL5	1.8016293121338751	NA
SYVN1	0.1738813783735159	0.3498597804753593
SZRD1	0.12317822958126462	0.11400928674054173
SZT2	0.33790875077981436	0.07991067090614846
TAAR1	0.8566519196963479	NA
TAB1	0.15322502621638087	0.2237948337124616
TAB2	0.11598084652242255	0.11257522468678513
TAB3	0.5373704131568806	0.09131943700321633
TACC1	0.30569402059860945	0.12991903772234775
TACC2	0.5496917141606981	0.0953959261650124
TACC3	0.6855820576574159	0.17605579927438997
TACO1	0.4608261908779802	0.13658842547491787
TACO1OS	NA	0.11436894343554634
TACSTD2	1.3951477847640106	0.35565976689145756
TADA1	0.13241448208804904	0.1535981804562951
TADA2A	0.14216507448009327	0.07679820435515962
TADA2B	0.28679635697561684	0.10433339048463214
TADA3	0.2137208055471724	0.13969441786470216
TAF1	0.13633510933169962	0.09470803141638154
TAF10	0.37846254067820395	0.049536587606600416
TAF11	0.22181059867774316	0.05900958868061291
TAF12	0.17958720090089836	0.21215673191908294
TAF13	0.3071691781617325	0.07015134529986092
TAF15	0.15447569450415036	0.18244492492190031
TAF1A	0.2587964693215573	0.2009389498863563
TAF1B	0.2132746885334613	0.20044129042517664
TAF1C	0.2756940063564811	0.15739655875208233
TAF1D	0.30120683204003806	0.1870465808771413
TAF2	0.18935504409968498	0.08317046815819773
TAF3	0.1438404701392448	0.09685217817158097
TAF4	0.12441095772635813	0.10286731998308972
TAF4B	0.5691752567576746	0.08467590393548202
TAF5	0.25067776208374903	0.11654108546394319
TAF5L	0.24350764152038604	0.12652154947460706
TAF6	0.17248517232792585	0.07383199537264544
TAF6L	0.27828604125115175	0.11818745049576615
TAF7	0.18934080734381825	0.21482825871400368
TAF8	0.19291009062465472	0.0789478899925404
TAF9	0.3381552046879099	0.04087631032724926
TAF9-PS	NA	0.5172720869176161
TAF9B	0.28759073135351987	0.10194044789326592
TAFA5	0.5685310332977915	0.18595603695599913
TAFAZZIN	0.21891392853786923	NA
TAGAP	1.405601408940016	0.1238075753224377
TAGAP1	NA	0.09051686731196834
TAGLN	0.5402255617821082	0.3108706770472884
TAGLN2	0.14359077965173145	0.36480883217710236
TAL1	0.6448284721204882	NA
TALDO1	0.24793165118022178	0.058865970261842815
TAMALIN	0.6439667883988764	0.18615756284289714
TAMM41	0.45527138017783436	0.17722566651579436
TANC1	0.4892331719592464	0.13381489341835587
TANC2	0.2621936635085531	0.17431735088757966
TANGO2	0.2125330019982818	0.09799066594782926
TANGO6	0.21876542688533118	0.09314303344678825
TANK	0.21137216960907723	0.09475792577712149
TAOK1	0.22583214016011124	0.06589457778588155
TAOK2	0.2185647359227589	0.03492924600854066
TAOK3	0.21704699195707608	0.11791273343312106
TAP1	0.4225845673189739	0.19237199753793327
TAP2	0.6578991041599584	0.07657020806899557
TAPBP	NA	0.12218473970613042
TAPBPL	0.7040406364385481	0.1605093588241992
TAPT1	0.44478587253610147	0.13746228475889613
TARBP1	0.2977834749000414	0.14912805913282517
TARBP2	0.3332955628645508	0.07210246120533358
TARDBP	0.15630330535456435	0.15851486761210765
TARS	NA	0.07620487059890639
TARS1	0.1523163874201657	NA
TARS2	0.356133010223393	0.09058152651065503
TARS3	0.28559289420939266	NA
TARSL2	NA	0.12869848491617653
TAS1R3	0.6343842180732103	NA
TASOR	0.2806166842276006	0.07967889631081486
TASOR2	0.2895660925578395	0.08054593076848508
TASP1	0.17230222566069703	0.09154273511445389
TAT	0.7096827867422352	NA
TATDN1	0.16401525872705733	0.11373766443030271
TATDN2	0.344682170325249	0.09233117010997413
TATDN3	0.41528394986392314	0.1771583482833912
TAX1BP1	0.32759373739400316	0.10523114767859985
TAX1BP3	0.27127018509994216	0.08218614041312715
TAZ	NA	0.1211244866808936
TBC1D1	0.485971518784225	0.11629104081700659
TBC1D10A	0.4216251577460089	0.11944578663889473
TBC1D10B	0.19733044293804394	0.17291897213058138
TBC1D10C	1.061838465078774	NA
TBC1D12	0.34200216063031763	0.06561869068694991
TBC1D13	0.4951053304474855	0.09967629583318606
TBC1D14	NA	0.12782451820249613
TBC1D15	0.4981733584736841	0.10278332973829052
TBC1D16	0.48241108033957947	0.15316711490227142
TBC1D17	0.17301228545533054	0.1390387209899339
TBC1D19	0.2646470324162911	0.10421439341327207
TBC1D2	0.2519612003406366	0.17450823478235797
TBC1D20	0.12409817808463443	0.05063204386327911
TBC1D22A	0.20107428301073169	0.13536913995011843
TBC1D22B	0.16901069379996925	0.11443285875321169
TBC1D23	0.2931540880620037	0.1415500985070568
TBC1D24	0.4084980533606311	0.07642799750090232
TBC1D25	0.15806252303236518	0.15441062706082395
TBC1D2B	0.5286801660824378	0.06094852982124957
TBC1D30	0.5354930479567719	NA
TBC1D31	0.4329521571498045	0.06520833551244688
TBC1D32	0.2714633440556879	0.08579884826791055
TBC1D4	0.5601691219744616	0.17221837901176898
TBC1D5	0.2321829296125953	0.060758576236844386
TBC1D7	0.2317709607055965	0.14044434766635047
TBC1D8	0.38374486385273093	0.05815366355745216
TBC1D8B	1.256297299080356	0.07197810016568669
TBC1D9	0.45974955671594797	0.07213974820470674
TBC1D9B	0.19726624345667423	0.09514392443259508
TBCA	0.24920549227742703	0.24799348777535557
TBCB	0.23390137373029748	0.13953970486137074
TBCC	0.2908310039948607	0.15778451532882964
TBCCD1	0.22487277870139644	0.13567122655876276
TBCD	0.20954142564190434	0.12894083597540007
TBCE	0.3911708249466368	0.08776063421223568
TBCEL	NA	0.13782194010542956
TBCK	0.27282172991279025	0.16634348021465273
TBK1	0.21449596769812013	0.11538296673027164
TBKBP1	0.332255347670424	0.09857700510218777
TBL1X	0.24734755686176368	0.11745146628772679
TBL1XR1	0.27371687073533035	0.13771177559465098
TBL2	0.24036581860429432	0.03806661737876843
TBL3	0.25657619905867307	0.13558616258657777
TBP	0.29841404447619096	0.07443026260468749
TBPL1	0.3277933712839475	0.15800092717704856
TBRG1	0.42692463341933634	0.07792804900173604
TBRG4	0.17090784965299008	0.04534228857131065
TBX1	1.407668657636681	NA
TBX19	0.4470019183349074	NA
TBX2	0.26901883670546384	0.07175512761281141
TBX21	1.4213800812345672	NA
TBX3	0.3993420099058208	0.24378121051484375
TBX6	0.6193997759580536	NA
TBXA2R	0.5073246055974282	0.1267893797918552
TBXAS1	0.8161545515891786	0.0742527625695724
TC2N	0.562945375637132	0.1370972776410742
TCAF1	0.5436776632890169	0.16469254929400098
TCAF2	NA	0.06721186675073793
TCAIM	0.4382358318791594	0.12041958327152666
TCAP	0.7054438817498838	NA
TCEA1	0.24222320889039495	0.1330856879155123
TCEA1-PS1	NA	0.33905780979356676
TCEA2	0.3294661558688433	0.18467343610662726
TCEA3	0.9038586365444686	0.23113778605712293
TCEAL1	0.20236382683790355	0.17003609946915293
TCEAL2	0.42121873246333197	NA
TCEAL4	0.15731617632282846	NA
TCEAL8	0.11424675609651351	0.08264041006547654
TCEAL9	NA	0.1645836532926883
TCEANC	0.5234158408071383	NA
TCEANC2	0.14489222869929255	0.047125645965221966
TCERG1	0.22825002330186517	0.05165883229285282
TCF12	0.15544950625601722	0.06793406288436209
TCF19	0.8264682431286003	0.3006850074097301
TCF20	0.0995338760789782	0.10643047512089218
TCF21	0.6945880554078581	0.27848444716332144
TCF23	1.2382955981971446	NA
TCF24	NA	0.12630852033972662
TCF25	0.13882173341668838	0.08432130550186592
TCF3	0.4955646996409855	0.07704458263177437
TCF4	0.5672519132506308	0.1631986183979398
TCF7	1.1049175307140078	0.12097350675366925
TCF7L1	0.3094881405470339	0.1961705751636495
TCF7L2	0.20660693171939642	0.10768590367358848
TCFL5	0.25165163974288135	NA
TCHH	NA	0.2825277130527779
TCHHL1	NA	0.13913356159719825
TCHP	0.2734310866023742	0.039341541355645895
TCIM	0.5898148852470735	0.14090090487899068
TCIRG1	0.646213682669256	0.12731777168831981
TCN2	0.5545450549592079	0.07916277049976368
TCOF1	0.3868511234750271	0.12569151301110684
TCP1	0.7509139551335631	0.11474026703684129
TCP11L1	0.27950770641874584	0.09353280532057777
TCP11L2	0.3633213302308288	0.20126819883666291
TCTA	0.5216408250733772	0.14537332468040626
TCTE1	1.1493358952865846	NA
TCTN1	0.22550038738684033	0.06380589429858287
TCTN2	0.2568270850131769	0.060790968427226366
TCTN3	0.22496161672326975	0.17947518180271993
TDG	0.2639690834293325	0.18489443815712012
TDG-PS2	NA	0.2194130387649282
TDP1	0.2296134708207493	0.14368634292675206
TDP2	0.32064882342326106	0.09801606181302501
TDRD1	0.7046569868915198	NA
TDRD3	0.15248693454883297	0.054383430226187926
TDRD5	0.6814358602038858	NA
TDRD7	0.29429863573565906	0.11376048122608988
TDRD9	1.135441625353534	NA
TDRKH	0.440820289644899	0.12408815835062609
TDRP	0.35083171079533015	0.09681115860387896
TEAD1	0.5803357931013803	0.21042927829155617
TEAD2	0.3849543195162803	0.09102253303404767
TEAD3	0.19005463916590032	0.0905523196400207
TEAD4	0.4509457670768999	NA
TEC	0.3979242166726416	0.06602942138165155
TECPR1	0.3739930249263223	0.10452873493565729
TECPR2	0.17812440411804792	0.040422594922125535
TECR	0.38215480156213855	0.1515174500674986
TECTA	0.2432570434825744	NA
TEDC1	0.5163907007525242	0.07341567502141146
TEDC2	0.41835081165072324	0.09727802278180217
TEF	0.42240000969973934	0.24460331779910405
TEFM	0.2915791677921089	0.1524367561649159
TEK	0.33360363105535384	0.08764142055189048
TELO2	0.2761084602823995	0.09832978585151711
TEN1	NA	0.05597761976453847
TENM1	1.4389465275065179	NA
TENM3	0.761594995356517	NA
TENM4	0.7686083873798175	NA
TENT2	0.10478805980289914	0.09483293122590891
TENT4A	0.20630550781830484	0.1778100051984448
TENT4B	0.36863961992090394	0.08083737514701878
TENT5A	0.36597987331031123	0.27064681110697075
TENT5B	0.4507598835171736	0.18644558254071206
TENT5C	0.4306977568242716	0.15550935646736097
TEP1	0.36791064762546205	0.10626037323026465
TEPSIN	NA	0.17004326511049556
TERF1	0.19090971529401304	0.12169072356541154
TERF2	0.13078850693532523	0.06589813393674938
TERF2IP	0.16577861011338738	0.05097782816019175
TERT	0.8218561283707952	NA
TES	0.4293486596490678	0.10332838700908432
TES3-PS	NA	0.20922769896419902
TESC	1.0597677123446445	0.2424202807902699
TESK1	0.16714361570461073	0.1485109546462591
TESK2	0.3640279748168454	0.12906909374486966
TESPA1	0.8978058227720775	NA
TET1	0.9314933415682062	NA
TET2	0.3810875563710064	0.23603380294802198
TET3	0.16723879899137217	0.14750890479567816
TEX10	0.14525095298196194	0.1904871739018507
TEX14	0.42647472003141396	NA
TEX2	0.41244572205570607	0.08957948342527886
TEX22	0.5091169666827565	NA
TEX261	0.13888146571524634	0.08691282487108891
TEX264	0.2531108279829989	0.06670324781462408
TEX30	0.2165619877307018	0.2093342465842896
TEX35	0.4854674875297386	NA
TEX9	0.533878176265448	NA
TF	NA	0.7399305541075234
TFAM	0.3056680323322506	0.13962962604772766
TFAP2A	0.37091130267694455	0.19427176945042746
TFAP2B	0.651832105320168	0.25737539730818054
TFAP4	0.5184107388255208	0.21089086883880329
TFB1M	0.23513586028897662	0.09907448019926353
TFB2M	0.41229067667605657	0.023349987897022657
TFCP2	0.12362025479833966	0.15468160596781447
TFCP2L1	0.6159294794532361	0.24055367317150705
TFDP1	0.16195837389165132	0.14706337348991752
TFDP2	0.24493821370865304	0.10008364062451193
TFE3	0.12161516840817997	0.08921145172111854
TFEB	0.3187461658580493	0.1120240801026652
TFEC	0.5462699681867919	0.24875959742050402
TFG	0.1786347049412836	0.09201522111896436
TFIP11	0.1482518997080504	0.10024580804750174
TFPI	0.5214216973477886	0.2262970320062189
TFPI2	0.7084902292815887	0.14370594893193703
TFPT	0.26668952116445266	0.0760224587006221
TFRC	0.8796787771991244	0.32007955825813383
TGDS	0.37877139441628754	0.11909235225384764
TGFA	NA	0.11630175778718319
TGFB1	0.7248678505435535	0.10964801383436559
TGFB1I1	0.44931204487738907	0.13371210839034664
TGFB2	0.7010572786148523	0.11774502649429004
TGFB3	0.54876412979287	0.06515481863449459
TGFBI	0.4990633833263963	0.06586199584883438
TGFBR1	0.2943924818548101	0.12645035184266765
TGFBR2	0.19675492818943435	0.06071382192955961
TGFBR3	0.3603580852946559	0.21395718482679701
TGFBRAP1	0.17869887560330797	0.08978836170812075
TGIF1	0.4955347706133959	0.17648737619897276
TGIF2	0.31506876584593885	0.19141359343574557
TGM1	0.5955511060964298	0.4644985712963801
TGM2	0.798448899167661	0.14064815547985252
TGM3	1.6950871639767162	NA
TGM7	NA	0.19387247148644157
TGOLN2	0.18803133264085514	0.0888930210273618
TGS1	0.18159214641919977	0.13367194880389577
TGTP1	NA	0.36888571176038715
TGTP2	NA	0.4064324863613305
THA1	NA	0.15284404378466018
THADA	0.2730975924656921	0.048074232027423364
THAP1	0.28278160262023916	0.18068865161437528
THAP10	0.4405278024662742	NA
THAP11	0.24304792379725823	0.09984476592348354
THAP12	0.29266359427871574	0.119653214612782
THAP2	0.3612112161504767	0.12216698144717116
THAP3	0.38104166762830105	0.10272993194960456
THAP4	0.35464574121211423	0.183130865774351
THAP5	0.5268009503702197	NA
THAP6	0.3850618443848078	0.09816743890552435
THAP7	0.32653569149524264	0.16415083449933987
THAP8	0.2869918171500939	NA
THAP9	0.2466072537207942	NA
THBD	0.5692164333613587	0.13515436656597635
THBS1	0.7133290320007767	0.1662840432130901
THBS2	1.3913034218331743	0.04623598728187288
THBS3	0.5389739193929114	0.11300389476412183
THBS4	0.7219199678799847	0.4433252532672704
THEM4	0.8934230895975159	0.14521838391070563
THEM6	0.6179799374958598	0.2375439197094157
THEM7	NA	0.13160261561826553
THEMIS2	0.5474701993149863	0.08491606632213643
THG1L	0.28382090998150766	0.06411051742868258
THNSL1	0.19184338435088846	0.09971311039320012
THNSL2	0.24329716456074574	0.11668803316302716
THOC1	0.22299090830869236	0.07201364306431163
THOC2	0.11340532419639388	0.03923574836989513
THOC2L	NA	0.10108530990497322
THOC3	0.15475864771905928	0.07813431889375402
THOC5	0.14913597312017893	0.09955705813650266
THOC6	0.21349228938524445	0.07745172330896126
THOC7	0.33693178194227075	0.08585178129969412
THOP1	0.29394289036734755	0.10380301853109071
THPO	NA	0.12771742502676442
THRA	0.22728738805923612	0.12852398952928315
THRAP3	0.09457409799652242	0.09617029249652487
THRB	0.5566168264146089	0.07749220497397617
THRSP	NA	2.3643564360967497
THSD1	0.7899632319149876	NA
THSD4	0.508838076314697	0.12058510369438591
THSD7A	0.37187615406343777	NA
THSD7B	1.6555200638427001	NA
THSD8	NA	0.31529920959456836
THTPA	0.15084219591656006	0.15224433619816027
THUMPD1	0.3173499043149876	0.1546057818310188
THUMPD2	0.2575674238472067	0.10555332658693926
THUMPD3	0.20114189373101718	0.18867248575770465
THY1	0.6317896371096761	0.15766207953082065
THYN1	0.2330625055727093	0.06707285065013253
TIA1	0.19868183145961138	0.05916121613510869
TIAL1	0.17553429177311675	0.07574285963695247
TIAM1	0.31159676716507906	0.09653871803362656
TIAM2	0.4070035876600352	NA
TICAM1	0.21568509291567417	0.23741572916592318
TICRR	0.6727113191731519	NA
TIE1	0.40056714100993807	0.0952793005020296
TIFA	1.0254021206843205	0.0683488787914745
TIFAB	1.4146586712179372	0.08631662234678192
TIGAR	0.37535354373576824	0.12400153622168272
TIGD2	0.30976783492096605	0.16974493793862647
TIGD4	0.6076424557964061	NA
TIGD5	0.27569158686780115	NA
TIGD6	0.496160657047112	NA
TIGIT	1.518197901770762	NA
TIMD2	NA	0.2413732323185308
TIMD4	1.420728215955986	NA
TIMELESS	0.7941672231608783	0.11353960431196126
TIMM10	0.42332637072065776	0.04203960438733187
TIMM10B	0.29461892582809035	0.08786880898181394
TIMM13	0.22618929599176604	0.18284840899228477
TIMM17A	0.5106533668371185	0.16619087292872559
TIMM17B	0.21835115566253258	0.2623023662373795
TIMM21	0.2463313530858572	0.04706481032297716
TIMM22	0.23815067274201787	0.06966347964340124
TIMM23	NA	0.04150331899571506
TIMM29	0.21849091344126212	0.07531509792895265
TIMM44	0.33066649886253413	0.08358708354598393
TIMM50	0.2601012622210519	0.056092759202764964
TIMM8A	0.2711527760104225	0.15025881060311413
TIMM8B	0.6009265045172675	0.09097493341720143
TIMM9	0.27049131676061533	0.1768190918740751
TIMMDC1	0.458431158198982	0.16232270835203544
TIMP1	1.0084290169320178	0.24178232618770298
TIMP2	0.6444346207957925	0.24101034444106942
TIMP3	0.5890225618468302	0.13044494769505127
TINAG	0.9536453238839744	0.13772146148444087
TINAGL1	0.39696146050211406	0.11500549742919149
TINCR	NA	0.23636966327493014
TINF2	0.16363715373112378	0.05629803802334445
TIPARP	0.23076823552235237	0.12171627238974154
TIPIN	0.2509690703258009	0.23275220263536806
TIPRL	0.3039834209932308	0.07947717708541954
TIRAP	0.19323048648804	0.12702647549311483
TJAP1	0.1612029194948585	0.035835288661706086
TJP1	0.3264687891924355	0.08557148175787492
TJP2	0.298261463491992	0.10877709489620789
TJP3	0.35440786122003076	0.13585945890038542
TK1	0.7582112963258392	0.08452067150478938
TK2	0.28523997066649803	0.15856673603169102
TKFC	0.49980907276502173	0.12357028022783999
TKT	0.2755474852851149	0.10271088684229868
TLCD1	0.7384513322552179	0.1072800952857552
TLCD2	0.5200105635169568	0.12968021301185284
TLCD3A	0.321812268786318	0.11503085125663091
TLCD4	0.7254713367064306	0.11926948069829214
TLCD5	0.5293653506083434	0.06447855340029153
TLDC2	0.986788267063697	0.2804466175891785
TLE1	0.3282344280330695	0.06955525569468096
TLE2	0.4957426667184735	0.17726259964421345
TLE3	0.28540297718793556	0.0829861167583315
TLE4	0.26909596834582045	0.1801104403137487
TLE5	0.2024820009879747	0.1725224364401293
TLE6	1.6146795897086241	NA
TLK1	0.2052590185463339	0.05912288372243843
TLK2	0.13219597928530857	0.05029215455319587
TLL1	0.6588022484987017	NA
TLL2	0.666818660712842	NA
TLN1	0.09707559914900364	0.11805156671293625
TLN2	0.31442788041947944	0.3031852470638847
TLNRD1	0.2598316284590395	0.09617984768211903
TLR1	0.8635655945099101	0.09610973093553936
TLR10	1.464190927920818	NA
TLR12	NA	0.40049144075539467
TLR13	NA	0.07242043052634639
TLR2	0.936449311108483	0.15934761297978842
TLR3	0.6348839509933248	0.14964572360324133
TLR4	0.31192505575751944	0.11152545277844014
TLR5	0.42213580939416867	NA
TLR6	0.7454753634603377	NA
TLR7	1.095435498899237	0.101362244642295
TLR8	0.8268419909910695	0.07210005567367932
TLR9	0.5148451026814289	0.03369614811125731
TM2D1	0.27609611862481376	0.0983112618316851
TM2D2	0.1584985003657525	0.13693469719230747
TM2D3	0.2041514223040484	0.23821011606926099
TM4SF1	0.45292565835019677	0.22693374939191002
TM4SF18	0.441536095543918	NA
TM4SF19	2.638625709567737	NA
TM4SF5	1.185580918226308	NA
TM6SF1	0.6859701031715802	0.11244142926097608
TM6SF2	0.7309923499591302	0.2575922590087327
TM7SF2	0.5062420920779865	0.07942797449881965
TM7SF3	0.45601031154840027	0.13077605555527438
TM9SF1	0.08702147549187182	0.07559263559625645
TM9SF2	0.349212420130611	0.13998245643368054
TM9SF3	0.3297965477024117	0.10320323061769619
TM9SF4	0.14237971209848913	0.0863286091289604
TMA16	0.19339058539601647	0.06637670429227271
TMA7	NA	0.04705726480715283
TMA7-PS	NA	0.23373170002767707
TMBIM1	0.24603934348616394	0.04782599683420506
TMBIM4	0.32603900558826215	0.16857151095806883
TMBIM6	0.48319551729191695	0.0698546400677719
TMC4	0.7977666224423574	0.07823816855278898
TMC5	1.7968626746791667	0.05849635890354867
TMC6	0.24732530224608928	0.07367646127960531
TMC7	0.6808497667389529	NA
TMC8	0.6548400531536714	NA
TMCC1	0.2211855585946953	0.015691020887180895
TMCC2	0.8259090193667945	NA
TMCC3	0.6892275670692471	0.14759928720544682
TMCO1	0.49858404463264283	0.09468411174952936
TMCO4	0.317408125932273	0.09473737428866487
TMCO6	0.35406277127289404	0.10190888292090121
TMED1	0.19958829579469278	0.1742257419507308
TMED10	0.19696537671160907	0.06511780361852045
TMED10-PS	NA	0.20711692535911572
TMED2	0.29511241262978294	0.06612696518316062
TMED3	0.22140318518951896	0.12389568115853689
TMED4	0.6102867287149729	0.04694628456521907
TMED5	0.36103576440062424	0.09009572622498609
TMED6	1.480413131163195	0.30405488725626906
TMED7	0.33486500766865196	0.0625404851038249
TMED8	0.2548140667956774	0.07440055609316998
TMED9	0.1008913110355532	0.27574306904103535
TMEFF1	NA	0.22673026646602168
TMEFF2	0.8019964275206977	NA
TMEM100	0.6186938719709737	NA
TMEM101	0.2750271493510486	0.05770527378681476
TMEM102	0.4845897251338678	0.15663897877459493
TMEM106A	0.29047225592412007	0.16181515222758105
TMEM106B	0.2898197959959149	0.08661343745768273
TMEM106C	0.273304492678889	0.11819489668438861
TMEM107	0.43599924186426714	0.1344430768507781
TMEM108	0.40762244808953174	NA
TMEM109	0.17236796402647306	0.13628631939071478
TMEM11	0.19640896627157886	0.07531244321275744
TMEM115	0.19751226856871085	0.14753112556951645
TMEM116	0.5964875721557835	0.06747838724867583
TMEM117	0.53278180452248	0.15077958592030416
TMEM119	0.9986822988405406	0.11154841496884849
TMEM120A	0.3606433891440024	0.12044967495925152
TMEM120B	0.5222614220066857	0.33681832092873476
TMEM121	0.598673485964441	NA
TMEM123	0.6679184355351447	0.11235315783461054
TMEM125	0.7335144525637086	0.17419937644935304
TMEM126A	0.40724865718308717	0.08856073867254116
TMEM126B	0.2819771099177108	0.11465824866571324
TMEM127	0.1945872942926059	0.07939635120057179
TMEM128	0.1552736202880059	0.24503858529045736
TMEM129	0.12968097647385163	0.08344085327014195
TMEM130	0.8177068461828542	NA
TMEM131	0.24444144781932228	0.06890462715796314
TMEM131L	0.9028695720134192	0.10884549231238103
TMEM132A	0.366338003875744	0.17735056971541796
TMEM132E	1.1200521941756532	NA
TMEM134	0.35041573415082716	0.15394291673146945
TMEM135	0.42826338439882816	0.09233966686856404
TMEM138	0.3503167156111041	0.08844936453447791
TMEM139	0.77330706671844	0.10212935413042896
TMEM140	0.4312209210014254	0.24279742711478336
TMEM141	0.45209982091250694	0.3429228437293307
TMEM143	0.30479455326494564	0.10416362589753277
TMEM144	0.8292304505934864	0.24106229338688062
TMEM145	0.5432230125026951	NA
TMEM147	0.42325644064376644	0.3177800889338295
TMEM147OS	NA	0.3951260078353846
TMEM14A	0.38673814252082866	0.11343952524173308
TMEM14C	NA	0.20487636141548046
TMEM150A	0.20212855405396346	0.10971279976307974
TMEM150B	0.88454822744453	NA
TMEM150C	1.1142894280051676	0.1640868012907253
TMEM151A	0.9438901930670361	NA
TMEM151B	1.0292767491046022	NA
TMEM154	0.9414975354267079	0.16093165870940906
TMEM156	1.4209443003544084	NA
TMEM158	0.8362899263388295	0.18517231230098835
TMEM159	NA	0.13646065396514306
TMEM160	0.2974912833877367	0.39448932169983125
TMEM161A	0.2895640762308886	0.1341341022185755
TMEM161B	0.30994034799965886	0.19789203095239977
TMEM163	0.496135082915432	NA
TMEM164	0.23329745266634555	0.17757665514287538
TMEM165	0.27515322489500604	0.07661476487211608
TMEM167	NA	0.09425866937161868
TMEM167A	0.2663952550884549	NA
TMEM167B	0.24425630644651317	0.08772534937070893
TMEM168	0.4030156457445083	0.03932460085340029
TMEM169	NA	0.20491853351311967
TMEM17	0.349071649922059	0.10360810709194426
TMEM170A	0.5028164583234086	0.10859696802700983
TMEM170B	0.24818596694744838	0.11062598068096927
TMEM171	0.8068890273404612	0.11964959903430453
TMEM174	0.9632024560298287	0.25530267338439633
TMEM175	0.27795686334065495	0.0785205417960562
TMEM176A	1.3400184720639812	0.12395481083760153
TMEM176B	1.2327782994224106	0.13170670474162954
TMEM177	0.6455198174526077	0.1382417620020545
TMEM178A	0.8375403460389402	0.2689825491570427
TMEM178B	0.6815858264133531	NA
TMEM179	1.052209536874681	NA
TMEM179B	0.1913893203719702	0.21583624077603095
TMEM18	0.15234351856296421	0.08355716050096444
TMEM181	0.37246072978815786	0.14847460260217415
TMEM181B-PS	NA	0.03619570287205532
TMEM181C-PS	NA	0.25564856492481
TMEM182	0.6684074666839036	NA
TMEM183A	0.2617763507331894	0.10433254319102445
TMEM184A	0.5403264113394666	0.14972084886166226
TMEM184B	0.2086862921962517	0.07851231562330856
TMEM184C	0.33968810428414353	0.10781284540911468
TMEM185A	0.21229974670350313	0.12151038493692888
TMEM185B	0.1671837746898427	0.19498660135233062
TMEM186	0.333074631022922	0.1222914597963834
TMEM187	0.34516909900275294	NA
TMEM189	NA	0.20787335434629997
TMEM19	0.3925528092548282	0.06655541506793702
TMEM191C	NA	0.10032887951232804
TMEM192	NA	0.1516688352952692
TMEM198B	NA	0.23931049548628625
TMEM199	0.3978477880659957	NA
TMEM200B	0.8293791784827371	0.16786180133786097
TMEM200C	1.1403939808611032	NA
TMEM201	0.21258858582501491	0.05986052402258335
TMEM203	0.25835931022701875	0.24995347177647873
TMEM204	0.2782537957665311	0.0609527640599853
TMEM205	0.41162570109996377	0.14517302240386729
TMEM207	1.4637903281160791	0.23865292854103715
TMEM208	0.2994987677677828	0.11085158457987347
TMEM209	0.32403124401608663	0.11916629655339368
TMEM213	0.4591127680983174	0.41951621249009197
TMEM214	0.20371675783678908	0.08037808276464659
TMEM216	0.582888893700108	0.09171620859645833
TMEM218	0.24254383568200608	0.10422019702672396
TMEM219	0.25203900214625147	0.05688946863137262
TMEM220	0.4054941893974241	0.13313586853278536
TMEM221	1.0520903116327471	0.18669468119810165
TMEM222	0.1771043931492582	0.16863872915750086
TMEM223	0.4322909347950296	0.16728959229207427
TMEM225B	0.3455609711363115	NA
TMEM229A	NA	0.14588809337067
TMEM229B	0.5337847370830571	0.11805782445584224
TMEM230	0.24046131128875778	0.048913796594488065
TMEM231	0.35435664581955384	0.12164961635988884
TMEM234	0.24564235463914819	0.07470086258768674
TMEM237	NA	0.2214493270285375
TMEM238	0.4758839611557071	0.22289733748918567
TMEM238L	NA	0.2966426596488054
TMEM242	0.2918966695210598	0.1518380115257562
TMEM243	0.12876740894338637	0.13397992190420152
TMEM245	0.3475764754970553	0.14573457869216044
TMEM248	0.117619349333062	0.0817403674671679
TMEM249	0.49267068414848303	NA
TMEM25	0.34215501402208304	0.04897581429375666
TMEM250	0.20914858440128622	NA
TMEM250-PS	NA	0.10196328460520437
TMEM251	0.36594211704229557	0.11971062783064246
TMEM252	1.1950248594850448	0.26786693717396665
TMEM253	1.1842449800264188	0.12730484238106757
TMEM254	0.3142854858443389	NA
TMEM254A	NA	0.3635231366078001
TMEM256	0.4484485035864687	0.13213036806115325
TMEM258	0.27617120655474664	0.4183247635277139
TMEM259	0.151592351806111	0.10734414251766713
TMEM26	0.6071628707493215	0.21050017756397457
TMEM260	0.18822267543381171	0.05828708172377148
TMEM263	0.26513900240598615	0.13707384701458547
TMEM265	0.27306302634081747	0.16297309204580002
TMEM266	0.7505328359894363	NA
TMEM267	0.22047515436705356	0.404250903975041
TMEM268	0.9337889922359989	0.15720935241470552
TMEM269	1.0765727910012426	NA
TMEM273	1.2083974005707638	0.14848138814253875
TMEM29	NA	0.042247211990660574
TMEM30A	0.25490130840884356	0.06855410023675532
TMEM30B	0.6140075673438424	0.0810893484204863
TMEM33	0.5298941247437332	0.06563230517786293
TMEM35A	0.4559913639785313	0.1611457425889226
TMEM35B	0.7415614599375391	0.07585108055870461
TMEM37	0.5560996374541326	0.3828372945229017
TMEM38A	0.2557568971368686	0.19189828870569794
TMEM38B	0.38168602970059745	0.19868758113284612
TMEM39A	0.2298841366976802	0.0840889743418448
TMEM39B	0.42296043121318666	0.21018730174726535
TMEM40	NA	0.191200688520311
TMEM41A	0.43728565581033135	0.15345269446960924
TMEM41B	0.45393758436260223	0.0984671365842475
TMEM42	0.27485627482628106	0.23780804007837889
TMEM43	0.27804885637754156	0.05131163071994519
TMEM44	0.6618810505270811	NA
TMEM45A	0.7534085026957026	0.09270842065044833
TMEM45B	0.5336279489118771	0.10297353297655108
TMEM47	0.44731859003398133	0.16971584123529543
TMEM50A	0.2988122873453914	0.06966198592024173
TMEM50B	0.26522305097437415	0.07956309803819375
TMEM51	0.43355566901435855	0.06011965861124254
TMEM52	NA	0.2702948783296422
TMEM52B	0.9627433930440944	0.4240115853559766
TMEM53	0.5479798471559665	0.20475645760483027
TMEM54	0.30288858385703377	NA
TMEM59	0.2183204364944333	0.0734883631671481
TMEM59L	1.306328887618428	NA
TMEM60	0.39538303671228386	0.12239404951721196
TMEM61	0.9809136300928155	NA
TMEM62	0.1973664814530453	0.07319468959651712
TMEM63A	0.28809146442061695	0.12372531840077813
TMEM63B	0.21572273961397181	0.14073477705898937
TMEM63C	0.840754442017339	NA
TMEM64	0.5681437331725633	0.12453969950724345
TMEM65	0.3409903888673519	0.08442693660690202
TMEM67	0.37948663546635303	0.08789860649782645
TMEM68	0.13915141225835892	0.11269358396052369
TMEM69	0.3390438094794711	0.07083258810416222
TMEM70	0.36661815878128917	0.13941179158758274
TMEM71	NA	0.12696199957257992
TMEM72	0.807456936355486	0.13372600695663048
TMEM79	0.6254435278527659	0.1265494913231349
TMEM80	0.22785305628866506	0.06434356341630483
TMEM81	NA	0.20946552458210824
TMEM82	0.6871512092092031	0.07098107209594663
TMEM86A	0.45880813388091135	0.5533027484456536
TMEM86B	0.3296944645406029	0.1161746887364929
TMEM87A	0.15730718866296842	0.1709832366147836
TMEM87B	0.3860131021500373	0.13914334328200248
TMEM88	0.39907762205237013	0.27422930051951705
TMEM8B	0.393838905995756	0.1379686172022157
TMEM9	0.28754604889018487	0.27311795222882507
TMEM94	0.17860246265857269	0.06905593135161447
TMEM97	0.2738405268825898	0.2690355734387522
TMEM98	0.34983630795816156	0.21230637893166643
TMEM9B	0.1539053988359892	0.04224728328792259
TMF1	0.15781950150227814	0.08569409328837795
TMIE	NA	0.15421289846329625
TMIGD1	0.6064628198226542	0.1367268230030489
TMLHE	0.5355072387107165	NA
TMOD1	0.4048713639300402	NA
TMOD2	0.7086802081871365	NA
TMOD3	0.18741848606240516	0.10131437419402517
TMPO	0.15480800818822898	0.06707893589283437
TMPPE	NA	0.13179099396062816
TMPRSS11G	NA	0.005643327131854476
TMPRSS13	1.1455426712185097	0.25630978004511984
TMPRSS15	1.847201797808509	NA
TMPRSS2	0.5267095168108306	0.12144381568964036
TMPRSS4	NA	0.15337273356447537
TMPRSS5	0.15408512459804513	NA
TMPRSS7	1.1918689768354567	NA
TMPRSS9	0.8124455581217765	NA
TMSB10	0.594740323958997	0.24642692687817286
TMSB15B1	NA	0.22873949778781674
TMSB15B2	NA	0.26027891081558674
TMSB15L	NA	0.24478763232919315
TMSB4X	0.7480755661017597	0.15387355920569223
TMT1A	0.3058593932580563	NA
TMTC1	0.32036213124691093	0.12656936752982348
TMTC2	0.840554161700917	NA
TMTC3	0.45623675893329035	0.08054644580685515
TMTC4	0.3007548523784068	0.07209109008126725
TMUB1	0.332430143823552	0.09907228146948538
TMUB2	0.13494938201513165	0.13901571782571087
TMX1	0.20225325236531538	0.06855275374258203
TMX2	0.4065906688590829	0.058601224828683934
TMX3	0.24760089925147985	0.17715002692281817
TMX4	0.24405403406657863	0.15960960743123515
TNC	1.8471662382607423	0.16009567202228675
TNF	NA	0.08964625695370575
TNFAIP1	0.15287017410006676	0.1064279741412194
TNFAIP2	0.5697327756269477	0.31102265259528455
TNFAIP3	0.5024432548952976	0.08762491236547187
TNFAIP8	0.7532493010120309	0.20113294836273976
TNFAIP8L1	1.6083453902620555	NA
TNFAIP8L2	1.026591586141417	0.23857899215405082
TNFRSF10B	NA	0.08090926355725855
TNFRSF11A	0.7484071640180914	0.18631589545533367
TNFRSF11B	0.7785196987109089	0.05082710060692585
TNFRSF12A	0.8996023093511525	0.19264071515557687
TNFRSF13B	1.9299131022654576	0.10688716498024953
TNFRSF13C	2.023035249323772	NA
TNFRSF14	0.510189826875911	0.1286272485006327
TNFRSF17	0.6926881134097728	NA
TNFRSF19	0.6701186549883494	0.1793860265550238
TNFRSF1A	0.20535615269774896	0.16730859179678179
TNFRSF1B	0.5522025713276882	0.056000709246111086
TNFRSF21	0.9004297719667523	0.3815301819804636
TNFRSF22	NA	0.09497724185511702
TNFRSF23	NA	0.17949341851294254
TNFRSF25	0.9730759740090871	NA
TNFRSF4	2.1905317644250895	0.18237829779683193
TNFRSF6B	0.5344882206811681	NA
TNFRSF8	1.7450665931543046	NA
TNFRSF9	0.49972919227122364	0.0790712391421508
TNFSF10	0.6736782086184124	0.20179832978255174
TNFSF12	NA	0.15764296683393567
TNFSF13	0.37689678932453574	0.07324758980849379
TNFSF13B	0.8847628359491123	0.06581718919990719
TNFSF15	0.7388535960846697	0.07865573658192954
TNFSF8	1.8130062251252832	0.12137104821006157
TNFSF9	0.9392791975990451	NA
TNFSFM13	NA	0.0988317664856776
TNIK	0.8441470151069975	NA
TNIP1	0.2902946763674268	0.0712459157055847
TNIP2	0.2619291398344848	0.12310838410043569
TNIP3	NA	0.021862600914370305
TNK1	0.37557533523710185	0.26277695117069066
TNK2	0.28752146187745703	0.13596110972943723
TNKS	0.2809578153555421	0.08759596261115338
TNKS1BP1	0.40736750197595223	0.14650498496507733
TNKS2	0.382129253860346	0.09464548986030658
TNNC1	NA	0.1601917646349476
TNNC2	NA	1.7188595605751766
TNNI2	0.8040639797968435	0.7640392301362882
TNNI3	0.5412355499131579	NA
TNNT2	0.7335838861325019	NA
TNNT3	NA	1.542839378376712
TNPO1	0.2949028429232462	0.11613382946875254
TNPO2	0.08798917932288422	0.15508236334880224
TNPO3	0.08902758819969364	0.07965877982623185
TNRC18	0.16969384553626227	0.29846862267460983
TNRC6A	0.18907903707310983	0.10579505271162948
TNRC6B	0.2628693963776753	0.0825827393537368
TNRC6C	0.11158948362626682	0.07842078707350493
TNS1	0.48423573721900515	0.18895884581962605
TNS2	0.33733232173984085	0.1380578996408078
TNS3	0.2804421809968353	0.04528587310675181
TNS4	NA	0.08469886855108508
TNXB	0.6169680763465565	0.1269842280021879
TOB1	0.36533756110932925	0.050411277592567035
TOB2	0.6079864330605155	0.34467711890441716
TOE1	0.20025275154477548	0.1309836234407959
TOGARAM1	0.20750772482053606	0.07962707671198167
TOLLIP	0.29441858447877617	0.07017422957551639
TOM1	0.38526914436599186	0.0399896296124602
TOM1L1	0.5431696008289982	0.07568348271885243
TOM1L2	0.26841244754511917	0.0815868993842717
TOMM20	0.2556911696332848	0.10543841046529757
TOMM22	0.2639156788841901	0.13840728729931392
TOMM34	0.4997874360590607	0.1759150642492046
TOMM40	0.44573311992777465	0.054186548594591516
TOMM40L	0.49332355588288973	0.08660866843201956
TOMM5	0.636294533090069	0.10881748914253654
TOMM6	0.3260557551683507	0.08046768865695865
TOMM7	0.2656328368057861	0.33515863512290534
TOMM70	0.31885169426897936	0.0801782907427977
TOMT	0.95373539933535	NA
TONSL	0.22870917207734875	0.09266303385994014
TOP1	0.1635159296630306	0.27051565623313256
TOP1MT	NA	0.1033588448416236
TOP2A	1.1629728199642773	0.13989303256043759
TOP2B	0.2441067173437699	0.11555837508201082
TOP3A	0.1458691879757434	0.09764778190093086
TOP3B	0.2354038895067602	0.03552335535968925
TOPAZ1	0.9038756452285686	NA
TOPBP1	0.32061172448977876	0.08541592384200575
TOPORS	0.16326177529995253	0.11568651251320393
TOR1A	0.17710038995234917	0.20404235171543378
TOR1AIP1	0.21359167063379605	0.014314754472590143
TOR1AIP2	NA	0.06373077236678124
TOR1B	0.22379176214461646	0.07998110941165981
TOR2A	0.30508183079330137	0.15700193018734523
TOR3A	0.16581773325720042	0.0875977904955097
TOR4A	0.29888685657815667	0.13121179345146408
TOX	1.604167264399056	NA
TOX2	0.5593242910147334	NA
TOX3	0.4142894041756185	0.21289405202796752
TOX4	0.1818917184572848	0.07103274461215069
TP53	0.37073520112965735	0.22734961931841025
TP53BP1	0.26372223030136405	0.06834197806967485
TP53BP2	0.151520018102104	0.2121028806021734
TP53I11	0.35888687392546453	0.27121926216037856
TP53I13	0.37981661279569195	0.2500136584066638
TP53I3	1.0516934679988474	NA
TP53INP1	0.5291876554490481	0.23923022492073956
TP53INP2	0.4266371349110319	0.13770611041326908
TP53RK	0.4761396968397621	NA
TP53TG5	0.6747199403864443	NA
TP63	NA	0.11470199359001662
TP73	0.5981653410971834	NA
TPBG	0.801412031384848	0.11112791233306378
TPCN1	0.3609004080548001	0.10762707377033952
TPCN2	0.30757565464789355	0.11102736455081519
TPD52	0.4978281586838823	0.08568643260681852
TPD52-PS	NA	0.36607695802245555
TPD52L1	1.024419544628354	0.24021623427473934
TPD52L2	0.18030825230676711	0.10735760869156416
TPGS1	0.2685764656891777	0.10256574071487291
TPGS2	0.18924377421550725	0.10783203081848844
TPI-RS11	NA	0.6618322991980289
TPI1	0.3793945205083681	0.0630281800987951
TPK1	0.34257598023535385	0.06381958007777203
TPM1	0.5320944557302035	0.07904724537851848
TPM2	0.4985355001445854	0.20126802556931825
TPM3	0.1954966199964711	0.030987503288279653
TPM3-RS7	NA	0.2851995775316243
TPM4	0.396912307808679	0.09326743276544915
TPMT	0.3042809700465459	0.07713430129819683
TPP1	0.3500844063958177	0.10369342322384502
TPP2	0.18791567796148492	0.09790510982836662
TPPP	0.3331592213667116	NA
TPPP3	0.5827986707346812	0.18324239644663123
TPR	0.07103489942053064	0.09702348450251028
TPRA1	0.19780992034100356	0.12272689412100218
TPRGL	NA	0.033283776305357775
TPRKB	0.18491480909249783	0.08470419544048687
TPRN	0.5991380100394854	0.15852946645218735
TPST1	0.5840576825464022	0.15644846829501108
TPST2	0.20195580992719406	0.15825966630823035
TPT1	0.255493406562107	0.09534860802661389
TPT1-PS3	NA	0.13045368626983847
TPT1-PS6	NA	0.5527958369921412
TPX2	0.7083588400919381	0.1194614722199337
TRA2A	0.2919184742731136	0.31439126962861524
TRA2B	0.07687943011593784	0.12535313219299427
TRABD	0.23817395953871442	0.13310047208814005
TRABD2B	0.5784279338536863	0.08779023500663526
TRAC	NA	0.19081971671060433
TRADD	0.345317937174954	0.1328049874734398
TRAF1	0.5356624668687507	0.13129087742529
TRAF2	0.4846128744295899	0.12361617590226018
TRAF3	0.35643226468478556	0.0603293268399108
TRAF3IP1	0.5184020284569151	0.1622815268679464
TRAF3IP2	0.3096363270065807	0.09586636075890537
TRAF3IP3	1.202641944809647	NA
TRAF4	0.4582079174022348	0.15724649389784612
TRAF5	0.7385659531379138	0.10375834325290063
TRAF6	0.15911685982524124	0.044081796692660685
TRAF7	0.3468881086160198	0.06866890052522721
TRAFD1	0.1476611527631384	0.13453125764840643
TRAJ12	NA	0.5616306066029388
TRAJ15	NA	0.5880459076707794
TRAJ18	NA	0.0
TRAJ23	NA	0.43073875860568733
TRAJ37	NA	0.09366371164698666
TRAK1	0.16275608400420805	0.1468180920963331
TRAK2	0.19234179320740924	0.10818789468819552
TRAM1	0.2937008987863171	0.126006602284516
TRAM2	0.4727322065748493	0.1434272326222344
TRANK1	0.6620963411790107	NA
TRAP1	0.5569773569100184	0.06955417429247863
TRAPPC1	0.3016818945475415	0.08872927841770685
TRAPPC10	0.31128430242100724	0.030219185293858142
TRAPPC11	0.18615943298011353	0.104227423226538
TRAPPC12	0.2779611258753712	0.09039989390698051
TRAPPC13	0.23999856436794254	0.11943181120584831
TRAPPC14	0.17827172669566682	NA
TRAPPC2	0.44926073529130695	0.08341503849275628
TRAPPC2L	0.4088517895460048	0.17557188924854084
TRAPPC3	0.1261129615001889	0.15486891583892237
TRAPPC4	0.12532301011771568	0.06109693825703622
TRAPPC5	0.2782687903679994	0.14345091581861075
TRAPPC6A	0.5259180426842601	0.149616283652544
TRAPPC6B	0.3591695055059226	0.12100651561190459
TRAPPC8	0.32282129595739706	0.1029242500606911
TRAPPC9	0.23853697249901662	0.0386209385064969
TRARG1	1.1756217022770303	NA
TRAT1	1.719036511105636	NA
TRAV5	1.0534747214448894	NA
TRBC1	NA	0.4954686095673588
TRBC2	NA	0.3721545456812212
TRBD1	NA	1.8558181182499691
TRBD2	NA	1.189869743167357
TRBJ1-1	NA	0.9280819263369801
TRBJ1-2	NA	0.9279781817370412
TRBJ1-3	NA	0.43102874319049145
TRBJ1-4	NA	1.6379365607006375
TRBJ1-5	NA	1.5563818257228499
TRBJ1-6	NA	0.0
TRBJ2-1	NA	0.6969713739698449
TRBJ2-2	NA	0.6349387643319371
TRBJ2-3	NA	0.44057937102223693
TRBJ2-4	NA	1.371769869512471
TRBJ2-5	NA	0.47121354590391373
TRBJ2-7	NA	0.9908751041502946
TRBV13-2	NA	0.24065941866594145
TRDJ2	NA	0.09448047703508254
TRDMT1	0.33876837073883154	0.11652177682973007
TREH	NA	0.22484966947732407
TREM1	0.7686680394856652	0.0554422242191939
TREM2	1.9567514423339356	0.07952522702751581
TREML1	1.334256424612129	NA
TREML2	1.4968366857707671	NA
TRERF1	0.7259111714809037	0.11648782922710017
TREX1	0.3511726913825724	0.1615387822090558
TREX2	0.2767432554416504	NA
TRGJ2	NA	0.6344686700035761
TRIAP1	0.29911647212833137	0.18849178700722402
TRIB1	0.6554523854258423	0.19110781101848706
TRIB2	0.4412375011729918	0.22932929912325037
TRIB3	0.7904605235907204	0.15071492037076487
TRIL	0.5535308741808089	0.1347566143660542
TRIM11	0.21653509189114983	0.13940128155072148
TRIM12A	NA	0.15550354082868711
TRIM12C	NA	0.1626787509529076
TRIM13	0.26510820620302933	0.055436289400506156
TRIM14	0.5635172740569099	0.07731962289624653
TRIM15	0.325149800069564	0.08156849101358346
TRIM16	0.3526631914465433	0.0856174042508757
TRIM17	NA	0.12800284182227548
TRIM2	0.6156917256102431	0.08270471848902015
TRIM21	0.35634607997498724	0.07894180711638327
TRIM23	0.2340706145858883	0.11949957916191704
TRIM24	0.18405143387469827	0.16848976320534365
TRIM25	0.3719826290595533	0.10811773623608747
TRIM26	NA	0.10137211137218369
TRIM27	0.1792134305236721	0.16214834055973767
TRIM28	0.17038774990990316	0.14367525426676797
TRIM29	1.1573845573091295	0.327452877134999
TRIM3	0.26963377400245275	0.07258856018059931
TRIM30A	NA	0.06384520341644447
TRIM30D	NA	0.06763548678596107
TRIM32	0.34437066473335953	0.13585383760545197
TRIM33	0.24008287853763002	0.034111375731613394
TRIM34	0.46071776652561347	NA
TRIM34A	NA	0.18765176751035392
TRIM34B	NA	0.235285799362342
TRIM35	0.48742555800436593	0.03084909185037439
TRIM36	0.5517032512935309	NA
TRIM37	0.2865462276178866	0.08819724406619697
TRIM38	0.5530783908107522	NA
TRIM39	NA	0.1010517303598045
TRIM4	0.3016817140271274	NA
TRIM41	0.1368188783203214	0.12161715445370888
TRIM44	0.20429421286598257	0.11460911277105082
TRIM45	0.7336484279863658	NA
TRIM46	0.7113564953239708	NA
TRIM47	0.22025058148452079	0.1177361229147437
TRIM5	NA	0.09333761798269813
TRIM50	1.104135599347106	NA
TRIM52	0.6537387196780087	NA
TRIM55	1.5364465245136927	NA
TRIM56	0.14543641853768166	0.08056285093421967
TRIM59	0.4202887512134352	0.17435397148890533
TRIM62	0.38751711092530555	NA
TRIM63	0.8330059696666952	0.09838920563433065
TRIM65	0.1857286996451688	0.18397445641948496
TRIM66	0.42581120761397345	NA
TRIM68	0.2575694760843941	0.1219381832156457
TRIM7	0.27421081997855373	0.09732641364311946
TRIM72	0.7812227449643699	NA
TRIM8	0.2549986653110734	0.15438992814249816
TRIO	0.43755420614328244	0.12786738858498387
TRIOBP	NA	0.06866819330714155
TRIP10	0.3400110608432453	0.12470682500596408
TRIP11	0.12533991781534268	0.13117962092207877
TRIP12	0.1959759155246886	0.12877560581954173
TRIP13	0.5353510069834038	0.07775891375531886
TRIP4	0.12242981781710832	0.08269256681836172
TRIP6	0.2844925946223169	0.1040138143867586
TRIQK	0.2741090786012148	0.24640904393896107
TRIR	0.2239344713910178	0.12921995109369172
TRIT1	0.24920216130560335	0.17538410396150955
TRMO	0.24945746056983137	0.15055375628478213
TRMT1	0.22417078508023855	0.10574145526872257
TRMT10A	0.5707411939772246	NA
TRMT10B	0.13744143658508134	0.1505399381325236
TRMT10C	0.4244250694516062	0.10282115625530018
TRMT11	0.2954990252624299	0.0515779600593519
TRMT112	0.3812082823324606	0.12300468658809428
TRMT112-PS1	NA	0.20364512579057611
TRMT112-PS2	NA	0.17048458134501904
TRMT13	0.18478097459087456	NA
TRMT1L	0.19193858174551817	0.19865335975000956
TRMT2A	0.20666370714642587	0.046821533755940115
TRMT2B	NA	0.09508409828816551
TRMT44	0.33372538278202013	0.10943171129592942
TRMT5	0.3995816795702916	0.07511866789655247
TRMT6	0.3536023458309778	0.10831393723363213
TRMT61A	0.2434741420028482	0.1875606742627198
TRMT61B	0.2509574252840608	0.09730238471579904
TRMU	0.19705738800791345	0.10545176471412102
TRNAU1AP	0.35227903570845054	0.1453331540225935
TRNP1	0.8271720290733401	NA
TRNT1	0.2577666135708455	0.031867596907568775
TROAP	1.2769777199480796	NA
TRP53-PS	NA	0.9072343997950159
TRP53RKA	NA	0.12316323809122444
TRPA1	1.4590714074726598	NA
TRPC1	0.2832656156361289	0.1345783299883763
TRPC4AP	0.15988921807927148	0.05976285236694148
TRPC6	0.9146748328024417	NA
TRPM2	0.761060165193337	NA
TRPM3	0.8319437005715818	NA
TRPM4	0.37357069216019695	0.07178625583928355
TRPM5	1.2002984096811589	NA
TRPM6	0.7514500190078359	0.4116056098958681
TRPM7	0.18364578000196197	0.07766245720218595
TRPM8	2.3114973205816502	NA
TRPS1	0.33992304839157866	0.09177025531151896
TRPT1	0.4000970214941515	0.1702589474721403
TRPV1	0.3015465566997557	NA
TRPV2	0.8941426872047822	0.08400821992110531
TRPV3	0.6406680874737175	NA
TRPV4	0.37063488173597897	0.13241127172629463
TRPV5	0.7756037554690758	0.37164407488290785
TRPV6	0.6344008990823398	0.1903100342689549
TRRAP	0.172123756758509	0.12520206505092615
TRUB1	0.3993866431956424	0.1027960858984387
TRUB2	0.3559480605091072	0.21251011240538417
TSACC	0.6559339812857959	0.19375069649391266
TSC1	0.17384081227666118	0.16403742646579764
TSC2	0.19410106186725884	0.05692868670359132
TSC22D1	0.38277279112512674	0.13264030201686625
TSC22D2	0.23932353310888918	0.157395750160758
TSC22D3	0.8316711200254737	0.5094809248800001
TSC22D4	0.21816037108665473	0.10874775996622806
TSEN15	0.2623533590567427	0.20138715351314773
TSEN2	0.20072175278424578	NA
TSEN34	0.2761261461973426	0.21258655605513702
TSEN54	0.25425856196111934	0.08304504123016836
TSFM	0.49280186982910346	0.12197889835343331
TSG101	0.17432627171706463	0.09437507654973379
TSGA10	0.27568244345679965	NA
TSHZ1	0.1654133953036983	0.0555751551061143
TSHZ2	0.5388790977705374	0.15318346080456535
TSHZ3	0.5368793901694047	NA
TSKU	0.40346322723715966	0.3302226055168454
TSLP	NA	0.1534779952284317
TSN	0.13727244512402814	0.04955761162012611
TSNARE1	0.23721615131499288	NA
TSNAX	0.25134855204481027	0.05648193134702631
TSNAXIP1	0.7377595914068963	NA
TSPAN1	0.43945604185846393	0.21668483130212685
TSPAN10	0.7335657858990544	NA
TSPAN11	0.38438188082894953	NA
TSPAN12	0.2821965730975672	0.1816683997992875
TSPAN13	0.4004502648782935	0.2899630067600562
TSPAN14	0.23543767243171299	0.023895986234444697
TSPAN15	0.5213651094123565	0.08130283253305534
TSPAN17	0.23115581008658972	0.10107960900047006
TSPAN18	0.6818217617510111	0.05600582499546428
TSPAN2	0.4636005721958953	0.198663143403096
TSPAN3	0.1955555844193922	0.04068468153059315
TSPAN31	0.12983546071189006	0.06704214129103289
TSPAN32	0.8635850409386716	NA
TSPAN33	0.5440845873210154	0.08359303554026042
TSPAN4	0.418163234077603	0.21388162212420755
TSPAN5	0.49507410795639545	0.15975233554217758
TSPAN6	0.29944201021203676	0.12472158162982377
TSPAN7	0.29320196731312737	0.21526890936096216
TSPAN8	0.7720771977322618	0.2624927022209588
TSPAN9	0.23490851814475852	0.06124479746875971
TSPO	0.35267650937766565	0.18493971594575626
TSPOAP1	0.39897845425796297	NA
TSPYL1	0.21901114528929197	0.09995523309315753
TSPYL2	0.5310044689070301	0.15152945846186514
TSPYL4	0.3345223484306335	0.06334223061041257
TSPYL5	0.2808295484628055	NA
TSR1	0.34622838124120836	0.15074928766086604
TSR2	0.22337670462006504	0.10601679012926521
TSR3	0.3532750481519773	0.0798268252759439
TSSC4	0.20880380410588117	0.1629296499288484
TSSK4	0.21279807178679425	NA
TST	0.41989904758339525	0.23745973714324028
TSTD1	0.35130416564879835	0.34162362632128523
TSTD2	0.16515722899756743	0.3080952841544273
TSTD3	0.4319436393062143	0.1330868706535915
TTBK2	0.20445300288098253	0.14063763390415565
TTC1	0.1600498738307923	0.10585644612530193
TTC12	0.6919514031005382	0.2022553168473131
TTC13	0.23505219783692005	0.08442722370224787
TTC14	0.24703240028337736	0.12195982747258469
TTC16	0.4192330233117032	NA
TTC17	0.1826182073517091	0.11530446102905312
TTC19	0.2538150641515581	0.12582564973501015
TTC21A	0.813294970342873	NA
TTC21B	0.2167575052361037	0.09134657191693527
TTC22	0.842657532345234	0.13562178459075944
TTC23	0.20037337148998077	0.13261821688953754
TTC23L	0.7708643776130818	NA
TTC26	NA	0.04948439811944735
TTC27	0.2059007031472398	0.10089725464078345
TTC28	0.415234967835904	0.04372983720271301
TTC3	0.23379313577338387	0.09348072464821332
TTC30A1	NA	0.23863641052486928
TTC30A2	NA	0.29543860545769796
TTC30B	0.4949662632132127	0.21854730416469442
TTC31	0.33891004402120606	NA
TTC32	0.49926857535541297	0.06726647819994697
TTC33	0.17013110786384217	0.10427962693300488
TTC34	0.64975380124776	NA
TTC36	1.1008997226614765	0.11486073706964586
TTC37	NA	0.08399756754510765
TTC38	0.7761068899594673	0.14419164070693022
TTC39A	0.9153927607599249	0.118463711715465
TTC39B	0.5543864045228887	0.121447425427967
TTC39C	0.4173431846381239	0.28414766135127223
TTC4	0.14759177888179706	0.1472649236345234
TTC5	0.2297293515468253	0.21686700139863468
TTC7A	0.5544310302798171	0.10260741636912168
TTC7B	0.4188796839191338	0.045274902052780196
TTC8	0.2609583807941407	0.0349197771605459
TTC9	0.39220061273783047	0.0772246258903143
TTC9C	NA	0.18085638197721224
TTF1	0.18418545344749634	0.06534617566869588
TTF2	0.13946386733237928	0.0952128635013122
TTI1	0.28299216336498934	0.0447786854477316
TTI2	0.12359092012731066	0.037953414400394965
TTK	NA	0.04337861000337541
TTL	0.23712947999577375	0.0873589911885338
TTLL1	0.20907630772904276	0.0948897742313149
TTLL10	0.7488899654491675	NA
TTLL12	0.35266044125881396	0.0898706128859936
TTLL3	NA	0.18217568871707102
TTLL4	0.32901863396063424	0.06101462055159916
TTLL5	0.3198049866172728	NA
TTLL6	1.0120398638773191	NA
TTLL7	0.45241186795679494	0.08830634368563622
TTPA	NA	0.14800238029251012
TTPAL	0.29638713519114085	0.057008213639537966
TTR	2.976556839652681	0.3549913651452408
TTYH2	0.4491427761335552	0.24117157375540144
TTYH3	0.2862690892512341	0.1803986442654936
TUB	0.30837681009274104	NA
TUBA1A	0.35182636442079235	0.4771789110348888
TUBA1B	NA	0.3300120783130316
TUBA1C	NA	0.2648755535050253
TUBA4A	0.8816646145375873	0.2719547118476151
TUBA8	NA	0.3672964050818341
TUBAL3	0.6195004403852609	NA
TUBB	0.3713155589215013	0.16164496032506911
TUBB2A	0.5009552952381084	0.24229185674741793
TUBB2B	0.9671887589598385	0.223360211248782
TUBB4A	0.4330844209300033	NA
TUBB4B	0.5812062352019587	0.1986145449811061
TUBB4B-PS1	NA	0.5416314855847955
TUBB6	0.511888060620644	0.04770517202629321
TUBD1	NA	0.12722336267475953
TUBE1	0.6164117305555449	NA
TUBG1	NA	0.11493484882105123
TUBG2	0.2611693274374861	NA
TUBGCP2	0.10876709935979197	0.18661271197912102
TUBGCP3	0.18785640819566607	0.09964329293116302
TUBGCP4	0.32264443437369533	0.14513674161242807
TUBGCP5	0.15870726182997477	0.06125265137016045
TUBGCP6	0.19721585818132767	0.13878396473697036
TUFM	0.34945695700103935	0.08503072566641356
TUFT1	0.4751698749304626	0.13862508462464762
TUG1	NA	0.03075394135135656
TULP2	0.6940217852728094	NA
TULP3	0.3445886337520505	0.07684667583713885
TULP4	0.29399078499388304	0.09127049977833634
TUSC1	0.27239261522411773	0.2734921201160202
TUSC2	0.3722762796956083	0.08240959051859745
TUSC3	0.33826054624384566	0.1399107780251554
TUT1	0.15787097381962206	0.14663477576229256
TUT4	0.26223831414594495	0.09195115605222502
TUT7	0.3072503136522031	0.10627390727806497
TVP23A	0.9718096918362418	NA
TVP23B	0.09778272035226343	0.12836112169692435
TWF1	0.4587215922014658	0.04552371190720966
TWF2	NA	0.25173658528240916
TWIST1	0.5093895961899223	0.3118890263476836
TWNK	0.1884433784276182	0.11331030542506562
TWSG1	0.1798154455086384	0.11300378683873036
TXLNA	0.11526213710299361	0.0931977506071197
TXLNG	0.36543632075149385	0.24910177064482253
TXN	0.24619374744823716	0.17637823433168426
TXN2	0.3873158935980804	0.18866256058123587
TXNDC11	0.17310657664925316	0.1631240741952051
TXNDC12	0.21761431414320737	0.1187279624074971
TXNDC15	0.23963503298993707	0.08221372769818926
TXNDC16	0.4063489965689809	0.1676378812713614
TXNDC17	0.4189629221495296	0.037123312896597545
TXNDC5	0.3385886265963175	0.06051377351244901
TXNDC9	0.2562636503299496	0.0740867683997602
TXNIP	0.821409482517153	0.5559868115069674
TXNL1	0.25842020199925336	0.08033924170408184
TXNL4A	0.2909576292792707	0.07953943059368392
TXNL4B	0.18914187042434472	0.06427879402236109
TXNRD1	0.47119408354420494	0.11786152195931732
TXNRD2	0.41772332214706065	0.04686007209286573
TXNRD3	0.39357436608497587	0.2541898727277718
TYK2	0.3803455160894264	0.09150517643780813
TYMP	NA	0.12389665932825951
TYMS	0.4850142514333068	0.13750673861224377
TYRO3	0.5641380967464469	0.15053587982225855
TYROBP	1.0814780018673498	0.2914058497742746
TYSND1	0.3412128908455542	0.13420701103135688
TYW1	NA	0.11459814005396723
TYW2	NA	0.03730235141717795
TYW3	0.42224862885328895	0.23523911019248486
TYW5	0.11858637218611519	0.05312597188194972
U1	NA	1.1053054654339451
U2	NA	1.428171069206506
U2AF1	0.1910227229864134	0.21428774589698613
U2AF1L4	0.3068182885768211	0.140263787314821
U2AF2	0.15907896630340057	0.04426742540676229
U2SURP	0.12406879147970444	0.03002842834070281
U3	NA	1.2414101794854728
U6	NA	0.36800942116249485
UACA	0.3174325731331029	0.10320222126709759
UAP1	0.16288789635984338	0.14337009902254572
UAP1L1	0.5789192373183073	0.08220407555583342
UBA1	0.18432054120995975	0.05929477013674914
UBA2	0.1407747307894832	0.07633701421103348
UBA3	0.29484336309899317	0.06225494264914646
UBA5	0.28537398220126714	0.11263818303021199
UBA52	0.3356706565397822	0.04784629127485208
UBA52-PS	NA	0.31302733139669975
UBA6	0.22837892369290624	0.18446830078584964
UBA7	NA	0.05654389434744803
UBAC1	0.1986336108602873	0.0630563628588796
UBAC2	0.08419174424933729	0.08850917306464572
UBALD1	0.3088884854761354	0.09424161569592335
UBALD2	0.30890779818215097	0.2701607924255807
UBAP1	0.11321346766266785	0.04635629660956318
UBAP2	0.12890485024022372	0.19759350933005077
UBAP2L	0.13008333507480835	0.08899419938645843
UBASH3A	1.6675783484833773	NA
UBASH3B	0.9977539068029421	0.08863872572550603
UBB	0.3112511895877445	0.1725446291379709
UBB-PS	NA	0.3936746062524194
UBC	1.0808992074715267	0.1804503781385997
UBD	NA	0.11091363215283982
UBE2A	0.1452944248483237	0.10596434461722982
UBE2B	0.3058705431403075	0.08113739941590578
UBE2C	0.9441737225419128	0.15638127631056445
UBE2CBP	NA	0.1154187377916487
UBE2D-PS	NA	0.06962130083688672
UBE2D1	0.23794024549445533	0.23688129188744209
UBE2D2	0.06353784519677268	0.11859281998516896
UBE2D3	0.3101488062185932	0.07374113910976421
UBE2E1	0.16236386040129958	0.06188098741326294
UBE2E2	NA	0.17302152577604618
UBE2E3	0.16170534547592916	0.03386138465721223
UBE2F	0.14670834041500144	0.12712983147329882
UBE2G1	0.25037729538896464	0.059401383373673
UBE2G2	0.18888066040454574	0.17890701393838737
UBE2H	0.19625335715980965	0.11271703087229645
UBE2I	0.1695220311521958	0.12802398848673777
UBE2J1	0.1841569240659055	0.09471363240554644
UBE2J2	0.19636996552453054	0.10982747752933289
UBE2K	0.22860383785527896	0.08431378071712853
UBE2L3	0.19625472739793492	0.14672799587447888
UBE2L6	0.4588301663466185	0.21349283906034702
UBE2M	0.22395823269944562	0.05278658012156488
UBE2N	0.2513233779542438	0.11665676609959001
UBE2N-PS1	NA	0.4136908350899895
UBE2O	0.2547096366877775	0.15244193517426122
UBE2Q1	0.20577359469660644	0.09756591428623461
UBE2Q2	0.30664876820105674	0.048155649500570975
UBE2QL1	0.5549481196438237	NA
UBE2R2	0.18462314435436755	0.12404237996841631
UBE2S	0.2204421447479287	0.11719614614826016
UBE2T	0.47329450282303925	NA
UBE2U	0.4191406446588612	0.12433159229466759
UBE2V1	0.19389583925465997	0.12777982124772008
UBE2V2	0.3097868742244506	0.0933181994254396
UBE2W	0.39274854169489926	0.07046610922679648
UBE2Z	0.13908960795221317	0.16444897217503282
UBE3A	0.22334379924427247	0.09589482844811328
UBE3B	0.22219270536172506	0.08572074771000104
UBE3C	0.20483943362635126	0.06254931060810309
UBE3D	0.42803955059041	NA
UBE4A	0.24324649293958786	0.047806055620523626
UBE4B	0.12253022302624042	0.07900793657394686
UBFD1	0.1229720110916366	0.12048746861641749
UBIAD1	NA	0.13289893576613848
UBL3	0.17018018922951367	0.04749046696854916
UBL4A	0.44064407127276234	0.11854259849856268
UBL5	0.30421959228864665	0.21195989003133525
UBL7	0.25063834420795955	0.1990672578420623
UBLCP1	0.18070187540153812	0.09838408668117227
UBN1	0.222642748480813	0.10745411581824188
UBN2	0.23927038631185626	0.06779995899502994
UBOX5	0.26063037466406036	0.12260684264468807
UBP1	0.10401689449775153	0.11717907550382334
UBQLN1	0.32411043692741076	0.11568869993839541
UBQLN2	0.26108350175795453	0.09616638046841666
UBQLN4	0.3226414414545736	0.08521409817178213
UBR1	0.3671252160179485	0.1662428136544149
UBR2	0.09846344052157269	0.10842726646730835
UBR3	0.316916434494694	0.16488731276583796
UBR4	0.13259461978069778	0.13802129681110042
UBR5	0.1975263266977764	0.13372248344307597
UBR7	0.22811286550120677	0.0670568106730412
UBTD1	0.3764145462420452	0.15419533466990426
UBTD2	0.18102490202377505	0.21420947585924116
UBTF	0.279613179256722	0.11175249023295444
UBXN1	0.24376591599802616	0.14244642266020763
UBXN10	1.3583817731921821	0.07912395659670954
UBXN11	0.49832131143490643	NA
UBXN2A	0.325546498862601	0.06488557801902292
UBXN2B	0.20513474021978834	0.15361179415918327
UBXN4	0.20233810332353167	0.1058593846400351
UBXN6	0.3288974501353738	0.10002671286000318
UBXN7	0.2333101425749914	0.1350859088098745
UBXN8	0.38010146005248585	0.04723523547407872
UCHL1	0.34318322750955327	0.23668538263495298
UCHL3	0.18357282051530152	0.08460652198511752
UCHL5	0.41369641772706695	0.1264526462565826
UCK1	0.47018198415889667	0.18580475451795217
UCK2	0.25959861783886623	0.1553099529242024
UCKL1	0.4321520268649366	0.0957350674271452
UCMA	1.0041734655705918	NA
UCP1	NA	2.071177361808712
UCP2	1.2643469833928993	0.30606958204886486
UEVLD	0.35729413569772583	0.16003586948800613
UFC1	0.21389691466602112	0.09557969719302759
UFD1	0.16703567080842055	0.09721393079271341
UFL1	0.270946508851503	0.14763147748732144
UFM1	0.24874382018996619	0.07968074068651043
UFSP1	0.38673738706736643	0.20142591286752334
UFSP2	0.14367792369250545	0.09032267056617745
UGCG	0.39207993211933173	0.08915710963212256
UGDH	0.18226935591566473	0.15453017521528242
UGGT1	0.2654156004056846	0.11891761713145561
UGGT2	0.7684801244586867	NA
UGP2	0.46413927819886314	0.08280401462652283
UGT1A1	NA	0.10259916423964266
UGT1A10	NA	0.1011210640852653
UGT1A2	NA	0.10366047802762557
UGT1A5	NA	0.10270776785550445
UGT1A6A	NA	0.1009547035911959
UGT1A6B	NA	0.10271275146201393
UGT1A7C	NA	0.10653057770350872
UGT1A8	NA	0.10269431837781423
UGT1A9	NA	0.1021944942789019
UGT2B34	NA	0.2707938475530707
UGT2B36	NA	1.5608654389648946
UGT2B37	NA	0.28478343730277766
UGT2B38	NA	0.08773544007556033
UGT2B5	NA	0.09801481478988446
UGT3A1	NA	0.22982251266564802
UGT3A2	NA	0.20740163045536614
UGT8	0.6152335317703586	0.19735198260804387
UHMK1	0.2406150201868869	0.11986268598814913
UHRF1	NA	0.16547440911218791
UHRF1BP1	NA	0.12192517327698135
UHRF1BP1L	NA	0.19004653095992963
UHRF2	0.3822248185690238	0.12351121014444608
UIMC1	0.36086386490350364	0.1083362982995991
ULK1	0.39652354854115696	0.09767240452948059
ULK2	0.22101899861532467	0.09580088410256557
ULK3	0.45373944369747804	0.04671915215547109
ULK4	0.40023262965834344	NA
UMAD1	0.32942624896221595	0.0836488814032028
UMOD	1.4778646551928436	0.18916862493747516
UMPS	0.19235068887715406	0.08450918240722069
UNC119	0.26716773526866944	0.17537753134334835
UNC119B	0.11832816541884927	0.12336980828795112
UNC13A	0.7470618192894963	NA
UNC13B	0.28027234234605763	0.04667847322584676
UNC13D	0.43496376791771313	NA
UNC45A	0.172637005425378	0.09843994117461434
UNC50	0.1330875779931156	0.1724357107946506
UNC5A	NA	0.003536752070176349
UNC5B	0.5548700243648822	0.18898551197845936
UNC5C	0.9326736178437125	NA
UNC5CL	1.4288375645499343	NA
UNC93B1	0.4720529274441744	0.06669407488516366
UNG	0.39805294086942616	NA
UNK	0.2542105581859958	0.21846867892047606
UNKL	0.5247900789090164	0.13098184156469742
UPB1	1.3400045649899783	0.07162108571632532
UPF1	0.11708403155690972	0.09057441504476772
UPF2	0.20698038044283742	0.12071670231949513
UPF3A	0.227641941020804	0.09793006295118452
UPF3B	0.32406952769120456	0.11973801482038947
UPK1A	NA	1.070979013041804
UPK1B	NA	1.3408963608252327
UPK2	NA	0.848462235911815
UPK3A	0.7303528483453172	1.2219906726115328
UPK3B	0.6735756602275296	0.7561992137621621
UPK3BL2	0.8713638894107029	NA
UPP1	0.5087371114446564	0.3286801511584497
UPP2	NA	0.6172385912010833
UPRT	0.28835825428595274	0.08431912875899142
UQCC1	0.3364976495691005	0.12402110964031629
UQCC2	0.3898849319585078	0.24351315925350098
UQCC3	0.2800015030611789	0.08447394408904851
UQCC6	1.0116557871666456	NA
UQCR10	0.3835422328144891	0.1755538824017324
UQCR11	NA	0.13037553655568884
UQCRB	NA	0.0866807133675835
UQCRC1	0.531891017252072	0.06623265866592233
UQCRC2	0.49904400900089724	0.10333276046288775
UQCRFS1	NA	0.16736264097315393
UQCRH	NA	0.19925312854325952
UQCRQ	0.5939214023996026	0.11937482634064471
URAH	NA	0.25549715945971135
URB1	0.2912463703128315	0.021014282527706585
URB2	0.2912750010851951	0.07511789963373532
URGCP	0.1357889748804975	0.0777498923019987
URI1	0.15615562762464563	0.19894658673471852
URM1	0.20618235895521544	0.13993376104454944
UROC1	NA	0.14069609810442663
UROD	0.25266952471239135	0.08400620197939249
UROS	0.4155759103720125	0.09925184148531423
USB1	0.3852660121896599	0.19430099094578115
USE1	0.21960040888904447	0.1323878898425334
USF1	0.3414054503598166	0.13181299376866154
USF2	0.2566614916018647	0.09528430557541201
USF2-PS1	NA	0.3866684018640792
USF3	0.1825309594405029	0.10364803456951167
USH1C	0.49262385356413435	0.16743420637205852
USH1G	2.323619195793036	NA
USHBP1	0.5968204706445602	0.13513610215416066
USO1	0.2423402386077606	0.06334908919516574
USP1	0.17880164741933646	0.047195286889288084
USP10	0.2677042943206633	0.1638635699351493
USP11	0.23888531094561874	0.027126819570932215
USP12	0.2844033107643467	0.0977349810653135
USP13	0.2936954754734496	NA
USP14	0.3137551654206958	0.05114733439643257
USP15	0.1497914771738691	0.10353978050109076
USP16	0.1256188644106391	0.06274867721942878
USP18	1.0360973801390236	0.09915190439754902
USP19	0.09825852806875086	0.16447717121067779
USP2	1.1057821446186613	0.4272752497951679
USP20	0.2592088113028939	0.11882201496608044
USP21	0.22033758338158588	0.07603416709903653
USP22	0.4874186900061359	0.1587314706787391
USP24	0.2086900386218263	0.13573533780307043
USP25	0.1663154946491205	0.1184379386413338
USP27X	0.48337330957234453	0.08551440133401216
USP28	0.2676969188747554	0.22885538279517556
USP3	0.23069849216603794	0.0732344148298468
USP30	0.38151679189495935	0.07202466767631503
USP31	0.1948917788667408	0.10856508302271256
USP32	0.2905215024218381	0.051568370409467885
USP33	0.31120828838636816	0.13741005967856024
USP34	0.1526964015192262	0.09098091131438546
USP35	0.7421364832655847	NA
USP36	0.22593485220390316	0.11652545598253637
USP37	0.13698897294863888	0.042378297487895976
USP38	0.3047665024134287	0.058347678246542675
USP39	0.16058721903948775	0.09112834753795822
USP4	0.10767678774323751	0.09387092114025851
USP40	0.1458686724783883	0.10984533716959755
USP42	0.17691885747040928	0.10723267682279827
USP43	0.6969676502996844	0.11186499065888825
USP45	0.36054733708445563	0.07281917980889047
USP46	0.28855285733023694	0.054214043928693695
USP47	0.15273490475702287	0.1090019996382119
USP48	0.18279189962482023	0.07169223862785293
USP49	0.4613915810427458	0.12845362865149654
USP5	0.31720787485254703	0.0411211532080653
USP50	NA	0.34339851379176245
USP51	0.26056509205223627	NA
USP53	0.7568313315810176	0.17595007439950883
USP54	0.4891477680086819	0.10478130883169044
USP6NL	0.20052288618893027	0.08008848198120899
USP7	0.08448620033927356	0.06930686595261148
USP8	0.2818166925086109	0.09466933008281236
USP9X	0.3808524736868609	0.09622228566181579
USPL1	0.1179938291284665	0.09567078015093304
UST	0.3921431216768407	NA
UTP11	0.16967903298956222	0.030716283712254166
UTP14A	0.17214857715861293	0.07812345048529325
UTP15	0.21258355922885203	0.05007192569914646
UTP18	0.15911551825177137	0.17130230829038912
UTP20	0.25789995665775467	0.18742798996673327
UTP23	0.2883520363194485	0.09387192464405676
UTP25	0.1705551794501388	0.03512063304515446
UTP3	0.21394652587960086	0.06594404820619464
UTP4	0.18666763989129698	0.18525141652899058
UTP6	0.3565247398349371	0.07053977550301184
UTRN	0.28879796676223496	0.14541532774602411
UTS2R	0.8093916151683103	NA
UTY	NA	0.10477489890946842
UVRAG	0.17271603590672474	0.038767631801159864
UVSSA	0.30405282800940975	0.2141225214176368
UXS1	0.16427291445253064	0.08254446405480123
UXT	0.332644698024292	0.12168050258041838
VAC14	0.15408490613259135	0.13598778419449356
VAMP1	1.1692158070990548	NA
VAMP2	0.26534631128551334	0.25843351984458107
VAMP3	0.25878878801108024	0.07679029697818732
VAMP4	0.17700644555965553	0.08891111569635761
VAMP5	0.6930405600342227	0.2523033595291307
VAMP7	0.47956059540800566	NA
VAMP8	0.2671706440443276	0.1693410551993748
VANGL1	0.33121321929045344	0.1718253906274322
VANGL2	0.9130124105842097	NA
VAPA	0.31116082309367604	0.09310331548923083
VAPB	0.42126086584900513	0.07454920797513716
VARS	NA	0.04756884648679979
VARS1	0.1620661978380181	NA
VARS2	0.17975140238575035	0.09727609284724703
VASH1	0.7238021865617794	NA
VASH2	0.5627554877020319	NA
VASN	0.3705788763098448	0.2374699064047284
VASP	0.2640473910035771	0.17693925440207725
VAT1	0.27762981737952397	0.0716951311024554
VAT1L	0.9985133614418251	NA
VAV1	1.1746374522461462	0.07720912589067971
VAV2	0.15138456371770484	0.06337207585988427
VAV3	0.3734576595481358	0.13134541628649715
VAX1	2.334594939671427	NA
VBP1	0.1510163448634581	0.11067538396654242
VCAM1	1.0508742128927258	0.1679316306521501
VCAN	1.4861161018521898	0.05439884991385205
VCF1	0.15448131932610012	NA
VCL	0.4770713071856259	0.10269848079480083
VCP	0.16979504150827815	0.06889759726794047
VCP-RS	NA	0.3067625299532853
VCPIP1	0.2631293175779187	0.04534175639224593
VCPKMT	0.26437190929177035	0.06685956658866692
VDAC1	0.41137780460288237	0.09787484917592705
VDAC2	0.41601646139972065	0.09296280364960217
VDAC3	0.3665465681640814	0.06206176939736499
VDAC3-PS1	NA	0.2108413615429834
VDR	0.7303569758298073	0.07219655260617554
VEGFA	0.2919061367224182	0.11322395860893437
VEGFB	0.5011692362123198	0.09646846761216697
VEGFC	0.5559746882362816	0.1879399677097646
VEGFD	0.9045523141892821	0.20568586610781944
VEPH1	0.6962567363140655	0.13041148886824022
VEZF1	0.22403339858763227	0.04713692447122374
VEZT	0.1738560487590886	0.07126059243675176
VGLL3	0.6734719382129865	0.06629774584153561
VGLL4	0.17799339014529378	0.23448826960042707
VHL	0.21647738501066163	NA
VHLL	NA	0.12863894686310992
VIL1	0.8416569897485382	0.11311231795993378
VILL	0.7157302211056876	0.1568195331808731
VIM	0.693955026400089	0.17869379663834778
VIP	0.9412325038294137	NA
VIPAS39	0.2833250644086994	0.06635828076947067
VIPR1	0.9810654215572869	NA
VIPR2	0.39765160949171563	NA
VIRMA	0.11268178940684356	0.10298540772234219
VIT	0.9187262982308974	NA
VKORC1	0.4545024930575487	0.1775517296418648
VKORC1L1	0.2772515537503056	0.06971419607091033
VLDLR	0.43887233997833064	0.16211182065000362
VMA12	NA	0.09518934962142339
VMA21	0.3887893665528054	0.04469542339368005
VMA22	0.106385944141646	0.04889291865590117
VMAC	0.2966696914518807	0.11716361015982056
VMO1	0.6244050288952967	NA
VMP1	0.30316707119625796	0.14598316515996387
VNN1	NA	0.17316296065328438
VNN3	NA	0.2846191589416948
VOPP1	0.44302998669746885	0.10909558617537463
VPS11	0.10999116473550126	0.1507091598091546
VPS13A	0.4523239091162284	0.13454562456794136
VPS13B	0.15403292280607267	0.11494639698122315
VPS13C	0.25259226339739393	0.17165343370987918
VPS13D	0.30328405670476877	0.13998459768307694
VPS16	0.3135436080097652	0.08808174588580467
VPS18	0.33427014244065734	0.05493080719461911
VPS25	0.14845447308880091	0.08458434311551584
VPS26A	0.25561521431033707	0.09380845086421
VPS26B	0.1356148635513013	0.08724022931479548
VPS26C	0.21232013107234748	0.04971143208379656
VPS28	0.24360785372221416	0.11180519641401876
VPS29	0.3027666611520122	0.07832481410355081
VPS33A	0.16529541772569115	0.08835990504086391
VPS33B	0.19077281029598583	0.1173408672462286
VPS35	0.2526719234625821	0.0970556590522592
VPS35L	0.3597937043772172	0.03155623280500479
VPS36	0.36906606586799895	0.10075531373639163
VPS37A	0.6232996643945928	0.08774669928811525
VPS37B	0.159599055401452	0.19833945663922636
VPS37C	0.2575946799532228	0.11738575415753351
VPS37D	0.5181606497374576	0.16198104182355544
VPS39	0.13467662805623165	0.09936350690926823
VPS41	0.17097601308806082	0.09547244128474476
VPS45	0.18533233085971212	0.05928642572261238
VPS4A	0.2466168053811626	0.10293330363013811
VPS4B	0.1776952510857063	0.07910413701134708
VPS50	0.2653642825819573	0.10106477656036099
VPS51	0.18683741167660298	0.03750753658592661
VPS52	0.1891701824187935	0.06558793934567606
VPS53	0.18983910939942852	0.07728045484541439
VPS54	0.27261801845960076	0.06340517639508851
VPS72	0.19740510190109878	0.12405844370824762
VPS8	0.2420251052937451	0.04061956077459585
VPS9D1	0.32037187225483627	0.08870257072153497
VRK1	0.4234290012873373	0.12461620557977071
VRK2	0.2896562158290815	0.12244604024191726
VRK3	0.2671700814644147	0.05732897567172849
VSIG10	0.555337830293516	0.14058345925267393
VSIG10L	1.3260535180190585	NA
VSIG2	0.8331983475426373	0.6341154995165803
VSIG4	0.8208302266638027	NA
VSIR	0.47875473997225426	0.05490122983197244
VSTM2A	NA	0.14416357524597914
VSTM2L	0.8085982002244534	NA
VSTM4	0.4218008828013034	0.08018200415930904
VSTM5	0.8790342430998612	0.2767063321475988
VTA1	0.2330731859658674	0.12226262569009055
VTCN1	NA	0.16866133933016322
VTI1A	0.15561833512399845	0.15036190429220594
VTI1B	0.2525121526857986	0.04007193789176411
VTN	0.86339235777849	NA
VWA1	0.280522939299905	0.47104589182812545
VWA2	NA	0.09873376321646929
VWA3A	0.9251613634339872	NA
VWA5A	0.7088477087760117	0.11146506747183614
VWA5B2	0.25132421127710747	NA
VWA8	0.48558646917159376	0.10412009810858264
VWCE	1.0146309002425802	0.1127137665741025
VWDE	0.8230013917119836	NA
VWF	0.5735081004516136	NA
WAC	0.12273899629587429	0.10719786915155778
WAPL	0.15472565928030824	0.10152721436162813
WARS	NA	0.10540305534147656
WARS1	0.27388662046935286	NA
WARS2	0.22869594619437425	0.1775777228431177
WAS	1.0735848310539426	0.13737226019267032
WASF1	NA	0.10308344090641881
WASF2	0.16480749306542863	0.061637493322718666
WASF3	0.25357614540680024	0.14319984055859167
WASHC1	0.15454798241337556	0.17178221743877262
WASHC2	NA	0.08742813301980072
WASHC3	0.33583474021680093	0.13807487927634815
WASHC4	0.27849658134364685	0.053928212776698826
WASHC5	0.4330514742217001	0.0775748992729679
WASL	0.29346024763378664	0.08065582299117917
WBP1	0.3962468154867881	0.08815784919358774
WBP11	0.25986157834216966	0.12187671808739176
WBP1L	0.2038229747541799	0.02477566249107698
WBP2	0.48865216648147874	0.2751245776508087
WBP4	0.241795569009576	0.07446178734591995
WDCP	0.21961509188248812	0.018838532244408592
WDFY1	0.2368224974405752	0.11893117176785063
WDFY2	0.17667755790168174	0.10915375292526146
WDFY3	0.22288235530572506	0.21160365639895187
WDFY4	1.379274449725431	0.018905964684913408
WDHD1	0.5321038553128123	0.07251886492096622
WDPCP	0.298930184211866	0.06741234242893769
WDR1	0.1522162632201163	0.05473839471267356
WDR11	0.29271568832041417	0.10414413618814924
WDR12	0.2483850010083357	0.06304068687552473
WDR13	0.16274722472822278	0.09788152039271289
WDR17	0.6620396841848831	NA
WDR18	0.2147506685500828	0.06533710660516545
WDR19	0.2956196731452356	0.15046778972841743
WDR20	0.2092010781574736	0.1023921587780565
WDR24	NA	0.03609413830916318
WDR25	0.23664950952167194	NA
WDR26	0.1129870239879695	0.08549841538806476
WDR27	0.3482834213757185	NA
WDR3	0.137348192759319	0.12899024160798528
WDR31	0.3777140668361601	0.1522343740474909
WDR33	0.18160406995028547	0.06330148701575926
WDR35	0.3428466611010421	0.16626771754552927
WDR36	0.3097477928924709	0.0647268424461234
WDR37	0.17251908944745514	0.06669822899810103
WDR38	0.8774191074240255	0.07066322229229367
WDR4	0.18672192410349764	0.038061248353682055
WDR41	0.31826091327127043	0.07077346174195907
WDR43	0.37576606745207136	0.12435092687680073
WDR44	0.3776496289840619	0.052435259108754
WDR45	0.16921766152855927	0.13486640006929967
WDR45B	0.17553109130544425	0.15916915031522555
WDR46	0.2093724167814225	0.10193858858221932
WDR47	0.21123544083921744	0.15175285734740374
WDR48	0.11491152096666894	0.04743821415065251
WDR5	0.1001887817632447	0.06891988784473407
WDR53	0.16664659764710554	0.1629961226678837
WDR54	0.39129508027396814	NA
WDR55	0.1802694311140536	0.08835751276598876
WDR59	0.23917745863087078	0.08508053791327541
WDR5B	0.24429790500936763	0.11669930614461745
WDR6	0.43419045164709336	0.28804632565955485
WDR61	NA	0.1305694669212358
WDR62	0.5918119711339958	NA
WDR7	0.19634147325382256	0.06790235081935508
WDR70	0.1713143155736955	0.07933172387764865
WDR72	0.8130717766157716	0.12984450462716926
WDR73	0.401337445196038	0.16842709309000017
WDR74	0.2231984077472066	0.17971077955900538
WDR75	0.14063072202443927	0.06287396874203743
WDR76	NA	0.06839344501015247
WDR77	0.282089182790408	0.15146099437351118
WDR81	0.20409338719416262	0.09815082402505751
WDR82	0.09518367380807344	0.06295027215508715
WDR83	0.3540782325937447	0.12224941840207303
WDR83OS	0.26537286514326947	0.26078062504739824
WDR86	0.9455091593110594	NA
WDR87	0.46622445509866717	NA
WDR89	0.33232283267407237	0.16616216683446167
WDR90	0.32144895604916407	0.018551461080141697
WDR91	0.48011705211109046	0.1272495360116882
WDR92	NA	0.11112814101804705
WDR93	0.4767257968618438	NA
WDR97	0.4480763725687382	NA
WDSUB1	NA	0.11115465651639066
WDTC1	0.11696423726149241	0.10906002835247113
WDYHV1	NA	0.20712403760636
WEE1	0.8857311687619458	0.18999952970611275
WEE2	1.3423789594254225	NA
WFDC1	0.500666429263688	0.30524245226322944
WFDC15B	NA	0.148996797701922
WFDC16	NA	0.31935287601540274
WFDC17	NA	0.5207413753159414
WFDC2	0.8373328554913138	0.19551842325537724
WFDC21	NA	0.497323505906633
WFIKKN1	1.0044526451286264	NA
WFIKKN2	1.0803364393181223	NA
WFS1	0.21982056798592925	0.13071401790519588
WHAMM	0.6523405176181379	0.09561505399091853
WHR1	0.2009623071406291	0.10709263612915249
WHRN	0.814098463565809	0.06429839669069554
WIPF1	0.9338843602221003	0.08848754711512337
WIPF2	0.23444650975541054	0.09300153205302278
WIPF3	0.39277835136411743	NA
WIPI1	0.4586115196393715	0.2553105582965196
WIPI2	0.19180117733971322	0.036312864889766
WIZ	0.09970548174990004	0.04711903882003957
WLS	0.3584740079091748	0.076123117306071
WNK1	0.3555011437182195	0.23205678296961155
WNK2	0.5007492836033308	NA
WNK3	0.6288386443968764	NA
WNK4	0.6350148968008672	0.06977170977364418
WNT10A	1.1657504585306853	0.14156371322822775
WNT2B	1.175313250029753	NA
WNT4	1.4693547088965353	0.5476206683371893
WNT5A	0.4474740665007031	0.1735190873504652
WNT5B	0.8616394242807788	0.40302558744003875
WNT7B	1.2646008011200531	0.2553682246132963
WNT9A	0.4042519400545953	0.15710146893478208
WNT9B	0.8610586333808142	0.2922444071904005
WRAP53	0.26450099113079545	0.12853613098893962
WRAP73	0.2940254360866059	0.14336015202953167
WRN	0.23975546665439754	0.15738608033254306
WRNIP1	0.08827122646732617	0.08397430557264328
WSB1	0.40084457812763	0.2900877840646435
WSB2	0.28610528368912835	0.03734592648287406
WSCD1	0.40505783226104425	0.11852665872252563
WSCD2	0.6657417098161861	NA
WT1	0.6040495014527387	0.08025286322815628
WTAP	0.18934482814320552	0.04807299053624112
WTIP	NA	0.272659767418642
WWC1	0.33790368178638513	0.0826688657047333
WWC2	0.27335721579482875	0.046839158409010755
WWC3	0.2225032218326378	NA
WWOX	0.39189995779531345	0.09192970229070871
WWP1	0.556467844258251	0.08183248023150584
WWP2	0.1373686148556548	0.058453142104304814
WWTR1	0.2645770674510292	0.026191856506955685
XAB2	0.2066340415262702	0.08784930527103918
XAF1	NA	0.09301624595593364
XBP1	0.23283927251693684	0.47758900906372115
XCR1	1.7461253078613772	NA
XDH	0.8386086508016946	0.2391344385876766
XG	0.8053673764661275	NA
XIAP	NA	0.09688727648015957
XK	0.45835158067092946	NA
XKR8	0.4189544408223595	NA
XKRX	0.6002737429576935	NA
XLR3B	NA	0.8067447941934554
XNDC1N	0.7034106715758358	0.052898930196220925
XNTRPC	NA	0.055209383146183816
XPA	0.3022233307299609	0.26527248568536294
XPC	0.26481617820113773	0.07991294828720083
XPNPEP1	0.4017873078977977	0.18236229541675691
XPNPEP2	1.6861672930937088	0.25781012552766575
XPNPEP3	0.22401221497512525	0.14431574155459725
XPO1	0.3075813634696594	0.15172676475938981
XPO4	0.3021689767371578	0.049430895451866186
XPO5	0.18221167504705402	0.07914575700162746
XPO6	0.15150148804300526	0.07631170659518555
XPO7	0.3717398772555966	0.10431435009370756
XPOT	0.49784116292698466	0.07598631201032995
XPR1	0.3654220079028704	0.08808892706072632
XRCC1	0.3553003509301152	0.07805484799522158
XRCC3	0.39658452591724647	NA
XRCC4	0.36346489572969864	0.10524412823588643
XRCC5	0.28654266807446555	0.09581522373862454
XRCC6	0.15153941841801197	0.09380412904061779
XRN1	0.2402897976577286	0.1344334035166546
XRN2	0.09882264106631491	0.16257717600319774
XRRA1	0.3091150203517847	NA
XXYLT1	0.4204986601406925	0.15601096696336006
XYLB	0.6299541392156575	0.0690190074245529
XYLT1	0.5583136268518083	0.13150923840461226
XYLT2	0.220790052385919	0.32121406053254314
YAE1	0.2614643984377589	0.05266431000539485
YAF2	0.2418183522449791	0.02987075948995789
YAP1	0.1678111857684507	0.08542880541775508
YARS	NA	0.11388284328502801
YARS1	0.2633451664264277	NA
YARS2	0.2426994833306341	0.11801390841336926
YBEY	0.14149947492674594	NA
YBX1	0.27931378000717844	0.07534825516158013
YBX1-PS2	NA	0.6645274696384234
YBX2	0.758593011560422	0.2712157463914477
YBX3	0.39080067543225117	0.03847004932935035
YDJC	0.34688804969376463	NA
YEATS2	0.20484976354308523	0.10033529661507418
YEATS4	0.20149057224517336	0.08578858111279443
YES1	0.2952669107454537	0.06337764899543828
YIF1A	0.5207122117949904	0.10335171641468775
YIF1B	0.24454557771429086	0.20407902632858707
YIPF1	0.31198973811946495	0.14523474790845955
YIPF2	0.26257010306010675	0.17349083851600722
YIPF3	0.1868204097920673	0.05432119957570552
YIPF4	0.270294077292614	0.14359228928417808
YIPF5	0.2820527460513748	0.1445344535341205
YIPF6	0.31799968655165045	0.09013335734747549
YJEFN3	NA	0.1256517972356673
YJU2	0.23002009943404053	0.10617618718811858
YJU2B	0.3342348205099397	NA
YKT6	0.26911873414231596	0.16491070018520584
YLPM1	0.11818872127568253	0.13265703285016248
YME1L1	0.29629430756882547	0.0958268950037633
YOD1	0.22361526642557952	0.08080890186967023
YPEL1	0.47466249284327516	NA
YPEL2	0.41607211239822933	0.06355930032774076
YPEL3	0.5536097135187598	0.24298098630150297
YPEL4	0.7971731380128108	NA
YPEL5	0.2510394560903909	0.1460392869297052
YRDC	0.2995396573868447	0.23319861327441127
YTHDC1	0.10346646601301898	0.0495996768610577
YTHDC2	0.22893386709403812	0.10846390947120818
YTHDF1	0.14075820741996298	0.1460961959837068
YTHDF2	0.22830144958561766	0.12827581760637052
YTHDF3	0.2424889024650843	0.05913014011486985
YWHAB	0.19860219793140035	0.08688711789648589
YWHAE	0.28806249490109415	0.0758621005784143
YWHAG	0.2697427966631664	0.16576551247503574
YWHAH	0.3257808073077845	0.09519148232922796
YWHAQ	0.17031274154488749	0.07259459310311428
YWHAQ-PS3	NA	0.17814906892639074
YWHAZ	0.16546051475025528	0.09735563245356253
YY1	0.14189615739136965	0.04507345855142396
ZADH2	NA	0.09789076730410005
ZAN	0.8371481701415269	NA
ZAP70	1.3460125190973267	NA
ZBBX	1.6625197264129572	NA
ZBED1	0.25441083375201773	NA
ZBED3	0.3751075198599002	0.25647026762162817
ZBED4	0.21005291796663628	0.22651653888251366
ZBED5	0.21513318948256083	NA
ZBED9	0.3677719167692984	NA
ZBP1	1.777488742242708	0.1460483721431391
ZBTB1	0.256775727160046	0.13929831461496314
ZBTB10	0.28405160944508506	0.104118781029311
ZBTB11	0.18450198314582278	0.15245827487544714
ZBTB11OS1	NA	0.2793359785077406
ZBTB12	0.5192296259811027	0.22052897325732812
ZBTB14	0.19330344107445732	0.07949986021559617
ZBTB16	1.1675196271592383	0.2978284748888198
ZBTB17	0.22406242965156503	0.1267264519376521
ZBTB18	0.2475635032544151	0.07420331362020467
ZBTB2	0.17642328123221607	0.10115941618908122
ZBTB20	0.2670024630928922	0.14810573271283414
ZBTB21	0.3029074549092669	0.10971861607053154
ZBTB22	0.20408657646091402	0.19867176619402077
ZBTB24	0.35284847961693877	0.1464204014066721
ZBTB25	0.4066243304827259	0.15612992180513058
ZBTB26	0.2418483707115564	0.11084084024887741
ZBTB3	0.27146139176421724	NA
ZBTB33	0.3155665138447109	0.12247702866681529
ZBTB34	0.38878613331573914	0.09438705115627016
ZBTB37	NA	0.09653717550948238
ZBTB38	0.1945862721976446	0.10774683620594767
ZBTB39	0.22907418180707564	0.055657371710520494
ZBTB4	0.2877172195855598	0.07627161737825137
ZBTB40	0.2872708670806166	0.3562034687447796
ZBTB41	0.38845155413047905	0.09275783738923561
ZBTB42	0.3880258630646368	0.05866730356230917
ZBTB43	0.1925125547664502	0.06995723012059718
ZBTB44	0.17792201721214976	0.12325891838302412
ZBTB45	0.24483608310734856	0.12185470559256614
ZBTB46	0.3937570214177368	0.0500553071210346
ZBTB47	0.15423568388037842	NA
ZBTB48	0.34166995853982435	0.14001117436200594
ZBTB49	0.1888850011710855	NA
ZBTB5	0.2260891645690923	0.09224876883771316
ZBTB6	0.3044803129476569	0.13670611941210045
ZBTB7A	0.12138958069156021	0.13042907219677483
ZBTB7B	0.6218943777616793	0.1029755631834704
ZBTB7C	0.779828359064151	0.025957918074066156
ZBTB8A	0.2723309757460224	0.08272360382847657
ZBTB8OS	0.26658408076759693	0.09750208275258018
ZBTB9	0.2646804688062718	0.07085529472609339
ZC2HC1A	0.317731265835691	0.1034044669052198
ZC2HC1B	1.2410111424468553	NA
ZC2HC1C	0.34869904754181597	0.09396658138784973
ZC3H10	0.16168464029071095	0.2261182070055288
ZC3H11A	0.20436335366495964	0.044012338030288436
ZC3H12A	0.4717877776354398	0.1891969761668129
ZC3H12C	0.3050260352674258	0.28106284631367384
ZC3H12D	0.92642981492801	NA
ZC3H13	0.14647164110560917	0.10955179715540242
ZC3H14	0.18152361330857522	0.1211606811866989
ZC3H15	0.22579848182423254	0.08002807913372367
ZC3H18	0.17728198096914027	0.11744097859660971
ZC3H3	0.19201188418246634	0.06080682445651636
ZC3H4	0.14384493136282644	0.0875249627853743
ZC3H6	0.3999531263412265	0.3431801037314816
ZC3H7A	0.11006428416684641	0.07456295770996971
ZC3H7B	0.16510455981129296	0.07976021798701846
ZC3H8	0.27412987165214914	0.14911173582756243
ZC3HAV1	0.15282242390745224	0.05130187951223228
ZC3HAV1L	0.3816321615079681	NA
ZC3HC1	0.14812548763975034	0.09324870612396594
ZC4H2	0.32527972394156407	0.18897323142107367
ZCCHC10	0.19148755129602008	0.07541379502447144
ZCCHC12	0.6867806905472332	NA
ZCCHC14	0.2839736287219277	0.16683852725373555
ZCCHC17	0.20754544360050012	0.11483981077759664
ZCCHC2	0.20646534888310566	0.0649474524580436
ZCCHC24	0.5480597998113816	0.0968460329505361
ZCCHC3	0.18157225134036215	0.18776001303105308
ZCCHC4	0.23758274227845955	0.06366133924844967
ZCCHC7	0.2554978956172094	0.15612798525163799
ZCCHC8	0.16264825028230606	0.0701779485774292
ZCCHC9	0.1537542563861533	0.0737795811711079
ZCRB1	0.22282707902783722	0.06978013753365424
ZCWPW1	0.4451725566226557	NA
ZCWPW2	0.465046059325144	NA
ZDBF2	0.6983877804562302	NA
ZDHHC1	0.19882089238957973	0.08398140663260059
ZDHHC12	0.15013409943484676	0.08976731505382896
ZDHHC13	0.2211323648907677	0.1311352544883992
ZDHHC14	0.5185509943163749	0.1564990920254359
ZDHHC15	0.5928829529343757	0.10550072776418734
ZDHHC16	0.17864740284966313	0.0781610714945559
ZDHHC17	0.18665593834928354	0.07822644746068871
ZDHHC18	0.3893500586005899	0.0803887136251132
ZDHHC2	0.47261159985802204	0.08457507891985146
ZDHHC20	0.301700702394801	0.1979306046802886
ZDHHC21	0.19616974953091074	0.08715525437185552
ZDHHC23	0.3708425248509896	0.16919589595015633
ZDHHC24	0.20374878131886365	0.09022499181294563
ZDHHC3	0.22682309041805432	0.0486709852387635
ZDHHC4	0.20197538596274953	0.07997438194721884
ZDHHC5	0.27618208718677834	0.09134119465749158
ZDHHC6	0.1759482044114278	0.06922962711695949
ZDHHC7	0.17026101913703184	0.06617510268366822
ZDHHC8	0.5404217441939441	0.194920262664754
ZDHHC9	0.41309962141617435	0.08953918981239646
ZEB1	0.39566722896532963	0.054552368820094184
ZEB2	0.579990837509214	0.12218590585559463
ZEB2OS	NA	0.23342300212787773
ZER1	0.16020183765112855	0.17823579575909315
ZFAND1	0.2944317744270037	0.1943505081567869
ZFAND2A	NA	0.09121560360202571
ZFAND2B	0.2891067859483634	0.13975527315717373
ZFAND3	0.12007282119422491	0.05729644403287475
ZFAND4	0.628828425062446	NA
ZFAND5	0.5873435497994847	0.04715989113755776
ZFAND6	0.12419577093844442	0.04899111967521982
ZFAS1	NA	0.29548621757866933
ZFAT	0.5715412989394116	NA
ZFC3H1	0.2807925691158751	0.06911250249760227
ZFHX2	0.4553485796349998	NA
ZFHX3	0.44398102734285855	NA
ZFP1	0.2601856824312197	0.21058862530467987
ZFP101	NA	0.10444825814753222
ZFP108	NA	0.13494430174833302
ZFP109	NA	0.15784573370145707
ZFP110	NA	0.08069423829143846
ZFP113	NA	0.17771518271966655
ZFP119A	NA	0.18706421167946075
ZFP119B	NA	0.11636335615640989
ZFP120	NA	0.08194258097191824
ZFP125	NA	0.1617880085267066
ZFP14	NA	0.23167026298040358
ZFP157	NA	0.08749407075011806
ZFP160	NA	0.14139825137222928
ZFP2	0.1966767681108678	0.1015820391264794
ZFP229	NA	0.14601962301861923
ZFP235	NA	0.08725695221135868
ZFP26	NA	0.10092422726706286
ZFP267	NA	0.0964340349095218
ZFP268	NA	0.12179075071373488
ZFP27	NA	0.06524867871642061
ZFP273	NA	0.0999571212564602
ZFP3	0.2820685140232075	0.1462898878693132
ZFP30	NA	0.06139960110726848
ZFP324	NA	0.08728115659974112
ZFP335OS	NA	0.15598679008881391
ZFP35	NA	0.1665043052863395
ZFP36	0.981772073869039	0.39574257926097517
ZFP369	NA	0.07780166689643948
ZFP36L1	0.44159222754914956	0.16291149134175467
ZFP36L2	0.5236468779719594	0.05347581823877234
ZFP37	0.35378743683636826	0.10587102953219392
ZFP386	NA	0.15254140544054479
ZFP40	NA	0.1713042163825487
ZFP41	0.1407669803310965	NA
ZFP42	0.7157121501317003	NA
ZFP429	NA	0.13138627830082766
ZFP433	NA	0.20033436394967113
ZFP442	NA	0.34766089884036216
ZFP455	NA	0.12594131453826732
ZFP456	NA	0.05512196991785412
ZFP472	NA	0.08613597662194337
ZFP51	NA	0.1638664364868766
ZFP52	NA	0.09394015568293809
ZFP53	NA	0.1260662239289739
ZFP54	NA	0.0761111907141039
ZFP563	NA	0.0866095980126996
ZFP568	NA	0.15654526440943717
ZFP57	0.1905495254555461	NA
ZFP58	NA	0.060560528293103995
ZFP59	NA	0.15970767404325448
ZFP595	NA	0.08099097249955856
ZFP60	NA	0.12180645473212282
ZFP617	NA	0.11302554648426642
ZFP62	0.17558579640096106	0.16050195550354038
ZFP626	NA	0.030006556277026177
ZFP64	0.20378138932105475	0.14495238774568883
ZFP65	NA	0.10141311452651008
ZFP651	NA	0.16504057927860838
ZFP658	NA	0.05509067399011273
ZFP677	NA	0.1536315565870581
ZFP68	NA	0.06939412541310112
ZFP69	0.46047740896064804	NA
ZFP707	NA	0.14137402474896607
ZFP708	NA	0.22807987391854279
ZFP710	NA	0.15616990842052972
ZFP715	NA	0.057197809131378
ZFP719	NA	0.1474556285789292
ZFP72	NA	0.08589723835605254
ZFP729A	NA	0.09012349726525443
ZFP729B	NA	0.09170292855681467
ZFP738	NA	0.07906927051834599
ZFP747	NA	0.07911150855344144
ZFP748	NA	0.1735052836055491
ZFP758	NA	0.1725804148675723
ZFP759	NA	0.20332916444437107
ZFP760	NA	0.11884080499258325
ZFP763	NA	0.14903768951643223
ZFP764	NA	0.10168808276687176
ZFP772	NA	0.12183986749730334
ZFP775	NA	0.09904180268506087
ZFP780B	NA	0.08581913559208197
ZFP781	NA	0.25918263557951027
ZFP788	NA	0.13072034264715462
ZFP790	NA	0.10722241513815216
ZFP799	NA	0.09142546910676443
ZFP809	NA	0.2302987714607984
ZFP81	NA	0.09326997888467413
ZFP810	NA	0.4856057588985415
ZFP820	NA	0.17392232512373265
ZFP825	NA	0.1482857914393747
ZFP84	NA	0.12226482427881817
ZFP85	NA	0.26516009844689825
ZFP866	NA	0.0804459701098244
ZFP868	NA	0.14549851214989215
ZFP869	NA	0.06534425677592108
ZFP87	NA	0.12317983404214876
ZFP870	NA	0.11486427883935882
ZFP871	NA	0.19139696527477654
ZFP873	NA	0.22785605791375985
ZFP874A	NA	0.14157941468721102
ZFP874B	NA	0.07248439283843344
ZFP882	NA	0.11599823963609245
ZFP90	0.43194428907836674	0.052310603154320415
ZFP91	NA	0.0862902838116415
ZFP93	NA	0.17482866030738442
ZFP930	NA	0.04789306607644054
ZFP931	NA	0.29191900451484665
ZFP932	NA	0.05032521860910294
ZFP933	NA	0.17882233814279105
ZFP934	NA	0.11034244645006606
ZFP935	NA	0.2792712841246344
ZFP937	NA	0.31583831823403385
ZFP938	NA	0.07320695508952685
ZFP939	NA	0.18802553507930508
ZFP942	NA	0.11255452838631158
ZFP943	NA	0.11460102867351218
ZFP944	NA	0.15701509834964378
ZFP945	NA	0.06427666052251622
ZFP946	NA	0.09802681237787018
ZFP947	NA	0.2027794671880998
ZFP948	NA	0.12792528552580223
ZFP949	NA	0.08366602651608755
ZFP950	NA	0.07126421345338757
ZFP952	NA	0.18226659439021936
ZFP953	NA	0.1296802507860172
ZFP954	NA	0.12222116940376379
ZFP955A	NA	0.12412742979972259
ZFP955B	NA	0.08922451059585411
ZFP956	NA	0.1546873527411387
ZFP958	NA	0.1529127063322105
ZFP959	NA	0.07274465475396527
ZFP960	NA	0.24268473821932515
ZFP963	NA	0.16057791611238062
ZFP965	NA	0.23393067916194957
ZFP966	NA	0.6879543640888754
ZFP967	NA	0.32200208626869364
ZFP968	NA	0.34590938421182726
ZFP968-PS	NA	0.307405587005473
ZFP969	NA	0.24346215476927158
ZFP97	NA	0.28729298542609255
ZFP970	NA	0.18861607911800074
ZFP971	NA	0.16621346640329604
ZFP973	NA	0.25128899449621467
ZFP974	NA	0.06832842709658918
ZFP975	NA	0.08090843081780776
ZFP976	NA	0.09490099295135239
ZFP982	NA	0.24924253426266135
ZFP983	NA	0.054642874356048574
ZFP984	NA	0.057328348984721895
ZFP991	NA	0.18039489655182
ZFP992	NA	0.1497072499641715
ZFP993	NA	0.09546862069422254
ZFP994	NA	0.03653387554795571
ZFP995	NA	0.15495343310998075
ZFPL1	0.1406884049102209	0.18557605802287278
ZFPM1	0.2072539149873461	0.12778698796090585
ZFPM2	0.6676288460780089	NA
ZFR	0.17754269318948407	0.17456197940291077
ZFTRAF1	0.24822671854624706	NA
ZFX	0.17385825664054538	0.05345497874971981
ZFYVE1	0.20259347385748738	0.1553778086144525
ZFYVE16	0.23495896835326555	0.12434627518693067
ZFYVE19	0.3000974103899318	0.09422049836144362
ZFYVE21	0.21057055834764962	0.1684674205403338
ZFYVE26	0.5289549772980865	0.0595743910385662
ZFYVE27	0.14383198534989505	0.0472912408325983
ZFYVE28	0.5513708497040596	NA
ZFYVE9	0.17325915253656432	0.10360403370623546
ZGPAT	0.23802576791533667	0.14642545018276787
ZHX1	0.2225843316861639	0.09828693587666357
ZHX2	0.21248315265584414	0.11979866364300379
ZHX3	0.5704185885245203	0.25754836209019055
ZKSCAN1	0.2866545684648575	0.11429476327225248
ZKSCAN2	0.5550119078001233	NA
ZKSCAN3	NA	0.11133224645401026
ZKSCAN4	0.34254438145288973	NA
ZKSCAN5	0.212917983302205	0.16639298701153218
ZKSCAN7	NA	0.16536524285251156
ZKSCAN8	0.30759205719519267	0.15914958601829648
ZMAT1	0.2386137748805853	NA
ZMAT2	0.18591493528259223	0.1710954002585361
ZMAT3	0.3357615385616874	0.07715470880730006
ZMAT4	1.29589160108463	NA
ZMAT5	0.24485191062934672	0.2357522484296793
ZMIZ1	0.2051705994127232	0.04723506230879388
ZMIZ2	0.18862855363323489	0.10888020718576175
ZMPSTE24	0.34000223641142036	0.09161807684597806
ZMYM1	0.2989013980085122	0.14210455703608624
ZMYM2	0.13331990550186	0.06269120830392412
ZMYM3	0.25790147445504386	0.12954725023245658
ZMYM4	0.16834251312032047	0.1254603841260177
ZMYM5	0.20489326739044733	0.04193724260028775
ZMYM6	0.1981241325419991	0.1106138330476291
ZMYND10	0.3579204816755725	0.21453927151119928
ZMYND11	0.1287788769516084	0.09276013589071634
ZMYND12	0.5859184478917139	NA
ZMYND15	0.7655759222220889	0.1172683900602977
ZMYND19	0.3674194325740909	0.08254519399622612
ZMYND8	0.29300909545485293	0.09775533189451256
ZNF10	0.27787331316309216	NA
ZNF106	0.182391653014841	0.10983493938772813
ZNF112	0.18789143670782296	0.03624628425622258
ZNF114	2.3124960423233034	NA
ZNF12	0.18639586668007876	0.125714353440895
ZNF121	NA	0.198205247558554
ZNF131	0.12663201236740898	0.051111419117675076
ZNF132	0.3217202832063521	NA
ZNF133	0.2877907671222989	NA
ZNF134	0.2910699333027442	NA
ZNF140	0.48671825457636164	NA
ZNF142	0.23089573027915247	0.06551208252738247
ZNF143	0.1286093073843597	0.17341927689454234
ZNF146	0.18579892784162383	0.09116596875353038
ZNF148	0.09024652975872353	0.07159634661495025
ZNF16	0.18428080807285155	NA
ZNF165	0.5184431007931163	NA
ZNF169	0.24983083673043507	NA
ZNF174	0.21469318022157258	NA
ZNF175	0.3268367729377431	NA
ZNF18	0.4278187803970601	0.09990735560974301
ZNF180	NA	0.15415269071876447
ZNF181	0.2265811030377421	NA
ZNF182	0.36058158709139215	0.11877346922118606
ZNF184	0.23891641882568032	NA
ZNF185	NA	0.2521854523028366
ZNF189	0.3039694375551718	0.1361274482068669
ZNF197	0.2579625931682093	NA
ZNF2	0.1418376406074605	NA
ZNF200	0.20321204071220095	NA
ZNF202	0.27419795824564175	0.10640158829856944
ZNF205	0.2053250267180665	0.3158024673955713
ZNF207	0.11873809642457071	0.09931980265929592
ZNF212	0.2338817306209476	0.12788517373956662
ZNF213	0.2791305825822586	0.128802786076278
ZNF214	0.6782660179262319	NA
ZNF217	0.34743258581787173	0.07518321156846437
ZNF219	0.26484482192571074	0.05064058601993827
ZNF22	NA	0.12075117850673578
ZNF226	NA	0.1193628135262262
ZNF227	0.31591055084689734	NA
ZNF23	NA	0.08856417707627906
ZNF235	0.26393962029732876	NA
ZNF236	0.19359334992900873	0.12155174249366553
ZNF239	0.3195442693205891	0.24314822895065455
ZNF24	0.1907691286498445	0.17108939843569812
ZNF248	0.17719209292980787	NA
ZNF250	0.4380797833470398	NA
ZNF251	NA	0.1430011972710624
ZNF260	0.17471850943220382	0.09139801641491761
ZNF263	0.2867915762065083	0.07605570901451096
ZNF266	NA	0.0693538583714162
ZNF268	0.18991793114095012	NA
ZNF274	0.3798108331571892	NA
ZNF276	0.1921293004949046	0.10997933479135963
ZNF277	0.33793170639899506	0.07054117301073992
ZNF280B	0.26957455733033775	0.10656117013097963
ZNF280C	0.1449691814294962	0.1024251823017361
ZNF280D	0.38480706910850315	0.03794930270019049
ZNF281	0.2870392746287294	0.14549697177721435
ZNF282	0.18145170658821427	0.04510111135271452
ZNF283	0.3943883911885794	NA
ZNF286A	0.5551283204903333	NA
ZNF287	0.2933941074981526	NA
ZNF292	0.24200850304110616	0.08748181627605014
ZNF296	1.364459938236083	NA
ZNF300	0.6227473713377167	NA
ZNF304	0.32604479262911124	NA
ZNF311	0.3286299306619346	NA
ZNF316	0.190190662819431	0.09981873720838584
ZNF317	0.11834480890662091	0.09291760549959154
ZNF318	0.1292154958074358	0.09723905280349508
ZNF319	0.12445335023010042	0.11139946403354573
ZNF32	0.24895456011134234	0.06767334914712125
ZNF322	0.12058784547974552	0.17633477326647873
ZNF324	0.18427348141567615	NA
ZNF326	0.14927499051758364	0.133335370611888
ZNF329	0.2403700507361172	0.0955059950129213
ZNF330	0.18150526168359093	0.1440477866497566
ZNF331	0.3724966657328273	NA
ZNF333	0.4054740826280175	NA
ZNF335	0.19120873517875708	0.24793767176687906
ZNF34	0.1615895723344895	NA
ZNF341	0.29324620470584273	0.11246974060941024
ZNF345	NA	0.10448294350332639
ZNF346	0.22516663365918846	0.07509612589343428
ZNF35	0.3353506951845657	0.2480147620141316
ZNF350	0.4442254665678522	NA
ZNF354A	NA	0.06801269737211448
ZNF354B	0.2123215790083471	NA
ZNF354C	NA	0.087900296639653
ZNF358	0.20554324336461544	0.1798773680044794
ZNF362	0.1869667287905122	0.1934221773385105
ZNF365	0.7653192264278005	NA
ZNF366	0.4153475855849652	NA
ZNF367	1.1339221005587994	0.09648404779930207
ZNF382	0.3777859284735168	NA
ZNF383	NA	0.11458042003501633
ZNF384	0.16414140733630012	0.040243890357140356
ZNF385A	0.7633029458533676	0.11233517769608718
ZNF385B	0.4241167876190341	NA
ZNF385D	0.6772500171144898	NA
ZNF391	0.352799865410546	NA
ZNF394	0.23770067786940682	0.132934867890515
ZNF395	0.24047965201587512	0.11316595833074876
ZNF397	0.23098524970493575	0.17779038016276752
ZNF398	0.14190335684893934	0.11497179953206339
ZNF407	0.10768606414105981	NA
ZNF408	0.11385573317974759	0.096225753511119
ZNF41	0.47532813006571545	NA
ZNF41-PS	NA	0.1421818890946432
ZNF410	0.18288873959690183	0.12095526734865211
ZNF414	0.4009753905906988	0.10266196802364214
ZNF423	0.5591843840072154	NA
ZNF425	0.14549517646132318	NA
ZNF426	NA	0.12368789918502246
ZNF428	0.30804723018105706	0.2208052522708576
ZNF432	0.17285148694448738	NA
ZNF436	0.23719353931287854	0.0902806505736624
ZNF438	0.18400654129016453	NA
ZNF444	0.2260540951751197	0.09745046455188311
ZNF445	0.23396801792932662	0.13719957236911282
ZNF446	0.3448603485528936	NA
ZNF449	0.5469291717780916	0.09851127974031487
ZNF45	0.36986598280979555	0.1606325305667196
ZNF451	0.20118061510648494	0.09636168912295068
ZNF454	0.23776021060490102	NA
ZNF461	0.45999121627499245	NA
ZNF462	0.4319441052321992	0.11244648243080388
ZNF467	0.36836376168105633	0.22923933279769293
ZNF469	0.5578488056279449	NA
ZNF473	0.1595434766047073	NA
ZNF48	0.163922639298654	0.10650719248875899
ZNF483	0.6460388181077769	NA
ZNF484	0.5681092895633092	NA
ZNF485	0.35445871339113727	NA
ZNF496	0.5588459154224905	0.3161322801560628
ZNF500	0.21446445760904392	NA
ZNF501	0.3056115656057498	NA
ZNF502	0.18345569827723493	NA
ZNF503	0.226800718863421	0.13339323792103314
ZNF507	0.20307607791329682	0.18639700728208375
ZNF511	0.20539769384039375	0.13785279259754102
ZNF512	0.35792593311911053	0.06675174255313507
ZNF512B	0.16243834977873298	0.14144860694958716
ZNF513	0.18414020716132523	0.20459458400230274
ZNF514	0.45640129996010637	NA
ZNF516	0.45714214253470137	0.08045976069749933
ZNF517	0.2391309669907375	NA
ZNF518A	0.3013708143152896	0.17777715771975464
ZNF518B	0.210345794246953	0.135623878529731
ZNF521	0.7209484352524596	NA
ZNF524	0.23516237931940467	0.14517724170598761
ZNF526	0.2599099086568731	0.058932575003017004
ZNF527	0.28123747345169003	NA
ZNF532	0.36104742850288524	0.13266889253184758
ZNF544	0.3302884728887274	NA
ZNF550	0.4575150943832381	NA
ZNF555	0.264703359014665	NA
ZNF565	0.33334545702731316	NA
ZNF566	0.29038066436429905	0.13116337055851882
ZNF567	0.1472972713643516	NA
ZNF569	0.25180603291902054	0.05618037916102849
ZNF570	NA	0.10806506671377707
ZNF572	0.2491543863396695	NA
ZNF574	0.1761947921567213	0.1069821743268152
ZNF575	0.4160159835082381	NA
ZNF576	0.2723142247179315	NA
ZNF579	0.30668836426820895	0.20771008354077092
ZNF580	0.2541815950817875	0.18931258623048947
ZNF581	0.2562477455013368	NA
ZNF582	0.30246915655542017	NA
ZNF583	0.2112079709737545	NA
ZNF584	0.32384910413434725	NA
ZNF592	0.12651191010680438	0.07795055511757408
ZNF593	0.36690192188579135	0.1650077367818735
ZNF596	0.1894088748814505	NA
ZNF597	0.4005501320042479	0.13068451632833628
ZNF598	0.26362165489810374	0.1108111282693778
ZNF599	0.42743154152961554	NA
ZNF605	0.2612867285072849	0.22522543275050988
ZNF606	0.0999974025379758	0.09168738484547223
ZNF608	0.34021375991211456	0.09886663053218074
ZNF609	0.3252052501972435	0.07203455715101743
ZNF613	0.27673142423454833	NA
ZNF618	0.2645215275572732	0.10424505942575513
ZNF619	0.6621603899583761	NA
ZNF620	0.27756692760771334	NA
ZNF621	0.26226484117375276	NA
ZNF622	0.16011347633268136	0.034709326062878985
ZNF623	0.10774601777771534	0.15064461799665113
ZNF624	0.25264291731701555	NA
ZNF628	0.24601631282164801	0.08141750691518458
ZNF629	0.2207334231053806	0.13013209663239056
ZNF630	0.852364492408053	NA
ZNF638	0.06980717724018938	0.21554302616965615
ZNF639	0.26323196739466254	0.07482078816487435
ZNF641	0.27975177194654033	0.0943773561318671
ZNF644	0.16669727758441696	0.037162410829485334
ZNF646	0.12104875814834903	0.06730583583880727
ZNF648	NA	0.15345855155819094
ZNF652	0.2951924592493173	0.0929406163048508
ZNF653	0.29069629929128293	0.08363636957564809
ZNF654	0.18205516473519373	0.10395814073978066
ZNF655	0.09494068295590624	0.1800041819420201
ZNF658	0.2937580311410938	NA
ZNF662	0.2117954551845495	NA
ZNF664	0.15471172137135714	0.12694042019023286
ZNF668	0.16976999400586523	0.09933503310064327
ZNF671	0.5911297981921482	NA
ZNF672	0.23682340141535715	0.08524529065615816
ZNF674	0.2862648986481287	NA
ZNF684	0.3674374664973445	NA
ZNF687	0.18533113682141983	0.08563448748394199
ZNF688	0.21694024776550583	0.13668349932796073
ZNF691	0.25488537281094037	0.1328161940428664
ZNF692	0.2924948457852093	0.13178306228549516
ZNF697	0.4332362290203288	0.2965359888105109
ZNF7	0.18653252415689653	0.17021132847933745
ZNF70	0.32347274545548055	NA
ZNF700	NA	0.13318561541862609
ZNF703	0.5452748847847996	0.16483129709863753
ZNF704	0.42120400409373004	0.14806226760124028
ZNF706	0.3571357895439728	0.06824632345352064
ZNF710	0.2586743656304676	NA
ZNF74	0.3642723765337125	NA
ZNF740	NA	0.10057680317530161
ZNF746	0.27584702450504106	0.04749366542799334
ZNF750	NA	0.11029493847118663
ZNF75D	0.1814075803983931	NA
ZNF76	0.2409175284375281	0.11573740946480081
ZNF764	0.18013552717168785	NA
ZNF768	0.17475943418968418	0.06742084041721087
ZNF770	0.6746086051113419	0.045981280490994064
ZNF771	0.3859095100644088	0.099613754492476
ZNF772	0.37642601460839464	NA
ZNF774	0.5040343502970493	NA
ZNF775	0.29121852276140614	0.23393631982970872
ZNF777	0.1208263135630487	0.08423699199943453
ZNF783	0.21632622369450907	NA
ZNF784	0.3681815655549161	0.12870322080477514
ZNF786	0.1563295334513221	NA
ZNF787	0.18504052765801654	0.16601063276349604
ZNF789	0.574596835855229	NA
ZNF790	0.2867252954492579	NA
ZNF792	0.1858670727901741	NA
ZNF793	0.22188815365439407	NA
ZNF8	0.2647857752920796	0.03766173020728113
ZNF800	0.26779470696940505	0.11361067858113104
ZNF804B	1.2062911095828397	NA
ZNF81	0.4420270170665027	NA
ZNF821	0.31988043340027467	0.10306482858164923
ZNF827	0.20488540702751676	0.05342641784581697
ZNF829	0.4207904976043882	NA
ZNF830	0.20194956401223924	0.09080677802700977
ZNF831	2.0082145533987026	NA
ZNF835	0.5200335632592341	NA
ZNF839	0.13889824055525057	0.17561891449688585
ZNF852	0.2974432465682178	NA
ZNF853	0.4760247482639217	NA
ZNF862	0.42476637535955014	NA
ZNF865	0.23163810852964195	0.07267171913058541
ZNF878	NA	0.16184396162926165
ZNF879	0.2928710327535061	NA
ZNF883	NA	0.11437058443218803
ZNF892	0.3982273740757343	NA
ZNFX1	0.18790702409523743	0.19646647829959404
ZNHIT1	NA	0.06328544854797989
ZNHIT2	0.3658752462520632	0.1340878149839251
ZNHIT3	0.4101673673902384	0.042025274389356784
ZNHIT6	0.29470240328337877	0.2284986889632186
ZNRD2	0.1819694288927092	0.14145514822755226
ZNRF1	0.32686208769107156	0.11524755973373928
ZNRF2	0.3049233670717592	0.03386295485837438
ZNRF3	0.456010907139285	0.10291810620419738
ZP1	1.1513201905736288	NA
ZPR1	0.24503811550807778	0.1087758989205681
ZRANB1	0.16407390620852397	0.1642639372302908
ZRANB2	0.16388656108336724	0.1944296388268234
ZRANB3	0.4206527688474973	NA
ZRSR1	NA	0.18127120364755492
ZRSR2	0.316766586840658	0.09071584717234485
ZSCAN1	0.22596249066744975	NA
ZSCAN12	0.48086597134557413	0.06152306213603623
ZSCAN16	0.21552803720372984	NA
ZSCAN18	0.1905113653802507	NA
ZSCAN2	0.31719387280610967	0.20933611906861826
ZSCAN20	0.5485318200613147	NA
ZSCAN21	NA	0.06883063720350246
ZSCAN22	0.13316312855929058	0.1810331661347444
ZSCAN23	0.6869382610004555	NA
ZSCAN25	0.18990000983801633	0.09501937207463197
ZSCAN26	0.7657539427553548	0.12144617990307326
ZSCAN29	0.2090527008047089	0.10219694930025815
ZSCAN31	0.4281846482801611	NA
ZSWIM1	0.3440747523063348	0.20901235265337226
ZSWIM3	0.12827649549328984	0.18159428123060495
ZSWIM4	0.4130003572250577	0.2532234849692482
ZSWIM5	0.6755110315823742	0.12670214563408824
ZSWIM6	0.3533923070861015	0.10169075829164177
ZSWIM7	0.3891966226912992	0.33171678585724496
ZSWIM8	0.1470445471941616	0.07533406179860909
ZSWIM9	0.38068192182959537	NA
ZUP1	0.30132249795926574	0.055200157622429025
ZW10	0.2447929225132897	0.0555441160485696
ZWILCH	0.45293955156072074	0.11492203364116677
ZWINT	NA	0.06792494424490679
ZXDA	NA	0.12107996404937559
ZXDB	NA	0.11667198752552044
ZXDC	0.28053976418226967	0.1142053511195323
ZYG11B	0.48659233305786526	0.09583344765403981
ZYX	0.328305369124672	0.23030144988853093
ZZEF1	0.38108121177986753	0.11426497584783842
ZZZ3	0.15040137161077816	0.1532285832591674
