gene	cat_cortex_frac_nonmissing	cat_cortex_n_nonmissing	cat_cortex_n_samples	cat_medulla_frac_nonmissing	cat_medulla_n_nonmissing	cat_medulla_n_samples	podtreck_frac_nonmissing	podtreck_n_nonmissing	podtreck_n_samples	cat_cortex_detected	cat_medulla_detected	podtreck_detected	groupA_intersection	groupA_union	in_delta_matrix	complete_in_16_states
-							1.0	9.0	9.0	False	False	True	False	False	True	False
2010315B03RIK							1.0	9.0	9.0	False	False	True	False	False	True	False
2410002F23RIK							1.0	9.0	9.0	False	False	True	False	False	True	False
2610008E11RIK							0.8889	8.0	9.0	False	False	True	False	False	True	False
2700097O09RIK							1.0	9.0	9.0	False	False	True	False	False	True	False
4930522L14RIK							1.0	9.0	9.0	False	False	True	False	False	True	False
5430401F13RIK							0.2222	2.0	9.0	False	False	False	False	False	False	False
5730507C01RIK							0.8889	8.0	9.0	False	False	True	False	False	False	False
9930111J21RIK1							1.0	9.0	9.0	False	False	True	False	False	True	False
A1BG	1.0	23.0	23.0	1.0	19.0	19.0				True	True	False	False	False	False	False
A1CF							1.0	9.0	9.0	False	False	True	False	False	True	True
A2M	1.0	23.0	23.0	1.0	19.0	19.0	1.0	9.0	9.0	True	True	True	True	True	True	False
A4GALT							1.0	9.0	9.0	False	False	True	False	False	True	True
A4GNT							0.4444	4.0	9.0	False	False	False	False	False	True	False
A630001G21RIK							0.8889	8.0	9.0	False	False	True	False	False	True	False
A630089N07RIK							1.0	9.0	9.0	False	False	True	False	False	False	False
A930007A09RIK							1.0	9.0	9.0	False	False	True	False	False	True	False
AAAS							1.0	9.0	9.0	False	False	True	False	False	True	True
AACS							1.0	9.0	9.0	False	False	True	False	False	True	True
AADAC							1.0	9.0	9.0	False	False	True	False	False	True	False
AADAT	1.0	23.0	23.0	1.0	19.0	19.0	1.0	9.0	9.0	True	True	True	True	True	True	True
AAGAB							1.0	9.0	9.0	False	False	True	False	False	True	True
AAK1	1.0	23.0	23.0	1.0	19.0	19.0	1.0	9.0	9.0	True	True	True	True	True	True	True
AAMDC							1.0	9.0	9.0	False	False	True	False	False	True	True
AAMP							1.0	9.0	9.0	False	False	True	False	False	True	True
AAR2							1.0	9.0	9.0	False	False	True	False	False	True	True
AARS1	1.0	23.0	23.0	1.0	19.0	19.0	1.0	9.0	9.0	True	True	True	True	True	True	False
AARS2	0.5217	12.0	23.0				1.0	9.0	9.0	True	False	True	False	True	True	True
AARSD1							1.0	9.0	9.0	False	False	True	False	False	True	False
AASDH							1.0	9.0	9.0	False	False	True	False	False	True	False
AASDHPPT	1.0	23.0	23.0				1.0	9.0	9.0	True	False	True	False	True	True	True
AASS	0.9565	22.0	23.0	1.0	19.0	19.0	1.0	9.0	9.0	True	True	True	True	True	True	True
AATF							1.0	9.0	9.0	False	False	True	False	False	True	True
AATK							0.8889	8.0	9.0	False	False	True	False	False	True	False
ABAT	1.0	23.0	23.0	0.9474	18.0	19.0	1.0	9.0	9.0	True	True	True	True	True	True	True
ABCA1							1.0	9.0	9.0	False	False	True	False	False	True	True
ABCA13							1.0	9.0	9.0	False	False	True	False	False	True	False
ABCA2							1.0	9.0	9.0	False	False	True	False	False	True	True
ABCA3							1.0	9.0	9.0	False	False	True	False	False	True	True
ABCA4							1.0	9.0	9.0	False	False	True	False	False	True	False
ABCA5							1.0	9.0	9.0	False	False	True	False	False	True	True
ABCA6							1.0	9.0	9.0	False	False	True	False	False	True	False
ABCA7							1.0	9.0	9.0	False	False	True	False	False	True	False
ABCA8							1.0	9.0	9.0	False	False	True	False	False	True	False
ABCA8A							1.0	9.0	9.0	False	False	True	False	False	True	False
ABCA9							1.0	9.0	9.0	False	False	True	False	False	True	True
ABCB10							1.0	9.0	9.0	False	False	True	False	False	True	True
ABCB11							1.0	9.0	9.0	False	False	True	False	False	False	False
ABCB1A							1.0	9.0	9.0	False	False	True	False	False	True	False
ABCB1B							1.0	9.0	9.0	False	False	True	False	False	True	False
ABCB6							1.0	9.0	9.0	False	False	True	False	False	True	False
ABCB7	1.0	23.0	23.0	0.8947	17.0	19.0	1.0	9.0	9.0	True	True	True	True	True	True	True
ABCB8							1.0	9.0	9.0	False	False	True	False	False	True	True
ABCB9							1.0	9.0	9.0	False	False	True	False	False	True	True
ABCC1							1.0	9.0	9.0	False	False	True	False	False	True	True
ABCC10							1.0	9.0	9.0	False	False	True	False	False	True	True
ABCC2							1.0	9.0	9.0	False	False	True	False	False	True	True
ABCC3							1.0	9.0	9.0	False	False	True	False	False	True	False
ABCC4							1.0	9.0	9.0	False	False	True	False	False	True	True
ABCC5							1.0	9.0	9.0	False	False	True	False	False	True	True
ABCC6							1.0	9.0	9.0	False	False	True	False	False	True	True
ABCC9							1.0	9.0	9.0	False	False	True	False	False	True	True
ABCD1	1.0	23.0	23.0				1.0	9.0	9.0	True	False	True	False	True	True	True
ABCD2							0.8889	8.0	9.0	False	False	True	False	False	True	False
ABCD3	1.0	23.0	23.0	1.0	19.0	19.0	1.0	9.0	9.0	True	True	True	True	True	True	True
ABCD4							1.0	9.0	9.0	False	False	True	False	False	True	True
ABCE1	1.0	23.0	23.0	1.0	19.0	19.0	1.0	9.0	9.0	True	True	True	True	True	True	True
ABCF1				0.5789	11.0	19.0	1.0	9.0	9.0	False	True	True	False	True	True	True
ABCF2							1.0	9.0	9.0	False	False	True	False	False	True	True
ABCF3							1.0	9.0	9.0	False	False	True	False	False	True	True
ABCG1							1.0	9.0	9.0	False	False	True	False	False	True	True
ABCG2							1.0	9.0	9.0	False	False	True	False	False	True	True
ABHD10							1.0	9.0	9.0	False	False	True	False	False	True	True
ABHD11	1.0	23.0	23.0	1.0	19.0	19.0	1.0	9.0	9.0	True	True	True	True	True	True	True
ABHD12							1.0	9.0	9.0	False	False	True	False	False	True	True
ABHD13							1.0	9.0	9.0	False	False	True	False	False	True	True
ABHD14A							1.0	9.0	9.0	False	False	True	False	False	True	False
ABHD14B	1.0	23.0	23.0	1.0	19.0	19.0	1.0	9.0	9.0	True	True	True	True	True	True	True
ABHD15							1.0	9.0	9.0	False	False	True	False	False	True	False
ABHD16A	1.0	23.0	23.0				1.0	9.0	9.0	True	False	True	False	True	True	True
ABHD17A							1.0	9.0	9.0	False	False	True	False	False	True	True
ABHD17B							1.0	9.0	9.0	False	False	True	False	False	True	True
ABHD17C							1.0	9.0	9.0	False	False	True	False	False	True	True
ABHD18							1.0	9.0	9.0	False	False	True	False	False	True	False
ABHD2							1.0	9.0	9.0	False	False	True	False	False	True	True
ABHD3							1.0	9.0	9.0	False	False	True	False	False	True	True
ABHD4							1.0	9.0	9.0	False	False	True	False	False	True	True
ABHD5	1.0	23.0	23.0	0.8421	16.0	19.0	1.0	9.0	9.0	True	True	True	True	True	True	True
ABHD6							1.0	9.0	9.0	False	False	True	False	False	True	True
ABI1	0.5652	13.0	23.0	1.0	19.0	19.0	1.0	9.0	9.0	True	True	True	True	True	True	True
ABI2							1.0	9.0	9.0	False	False	True	False	False	True	True
ABI3							1.0	9.0	9.0	False	False	True	False	False	True	False
ABI3BP							1.0	9.0	9.0	False	False	True	False	False	True	True
ABITRAM							1.0	9.0	9.0	False	False	True	False	False	True	False
ABL1							1.0	9.0	9.0	False	False	True	False	False	True	True
ABL2							1.0	9.0	9.0	False	False	True	False	False	True	True
ABLIM1	1.0	23.0	23.0	1.0	19.0	19.0	1.0	9.0	9.0	True	True	True	True	True	True	True
ABLIM2							1.0	9.0	9.0	False	False	True	False	False	True	False
ABLIM3							1.0	9.0	9.0	False	False	True	False	False	True	True
ABR				1.0	19.0	19.0	1.0	9.0	9.0	False	True	True	False	True	True	True
ABRACL	0.9565	22.0	23.0	0.9474	18.0	19.0	1.0	9.0	9.0	True	True	True	True	True	True	True
ABRAXAS1							1.0	9.0	9.0	False	False	True	False	False	True	False
ABRAXAS2							1.0	9.0	9.0	False	False	True	False	False	True	False
ABT1							1.0	9.0	9.0	False	False	True	False	False	True	True
ABTB1							0.8889	8.0	9.0	False	False	True	False	False	True	True
ABTB2							1.0	9.0	9.0	False	False	True	False	False	True	True
ABTB3							1.0	9.0	9.0	False	False	True	False	False	False	False
ACAA1	1.0	23.0	23.0	1.0	19.0	19.0				True	True	False	False	False	True	False
ACAA1A							1.0	9.0	9.0	False	False	True	False	False	True	False
ACAA1B							1.0	9.0	9.0	False	False	True	False	False	True	False
ACAA2							1.0	9.0	9.0	False	False	True	False	False	True	True
ACACA	1.0	23.0	23.0	1.0	19.0	19.0	1.0	9.0	9.0	True	True	True	True	True	True	True
ACACB	1.0	23.0	23.0	1.0	19.0	19.0	1.0	9.0	9.0	True	True	True	True	True	True	True
ACAD10							1.0	9.0	9.0	False	False	True	False	False	True	False
ACAD11							1.0	9.0	9.0	False	False	True	False	False	True	False
ACAD12							1.0	9.0	9.0	False	False	True	False	False	True	False
ACAD8	1.0	23.0	23.0	1.0	19.0	19.0	1.0	9.0	9.0	True	True	True	True	True	True	True
ACAD9	0.9565	22.0	23.0	1.0	19.0	19.0	1.0	9.0	9.0	True	True	True	True	True	True	True
ACADL							1.0	9.0	9.0	False	False	True	False	False	True	True
ACADM	0.9565	22.0	23.0	1.0	19.0	19.0	1.0	9.0	9.0	True	True	True	True	True	True	True
ACADS	1.0	23.0	23.0	1.0	19.0	19.0	1.0	9.0	9.0	True	True	True	True	True	True	True
ACADSB	1.0	23.0	23.0	1.0	19.0	19.0	1.0	9.0	9.0	True	True	True	True	True	True	True
ACADVL	0.9565	22.0	23.0	1.0	19.0	19.0	1.0	9.0	9.0	True	True	True	True	True	True	True
ACAN							0.4444	4.0	9.0	False	False	False	False	False	False	False
ACAP1							1.0	9.0	9.0	False	False	True	False	False	True	False
ACAP2	0.8261	19.0	23.0				1.0	9.0	9.0	True	False	True	False	True	True	True
ACAP3							1.0	9.0	9.0	False	False	True	False	False	True	True
ACAT1	0.9565	22.0	23.0	1.0	19.0	19.0	1.0	9.0	9.0	True	True	True	True	True	True	True
ACAT2	1.0	23.0	23.0	1.0	19.0	19.0	1.0	9.0	9.0	True	True	True	True	True	True	True
ACAT3							1.0	9.0	9.0	False	False	True	False	False	True	False
ACBD3	1.0	23.0	23.0	1.0	19.0	19.0	1.0	9.0	9.0	True	True	True	True	True	True	True
ACBD4							1.0	9.0	9.0	False	False	True	False	False	True	True
ACBD5	1.0	23.0	23.0				1.0	9.0	9.0	True	False	True	False	True	True	True
ACBD6							1.0	9.0	9.0	False	False	True	False	False	True	True
ACCS							1.0	9.0	9.0	False	False	True	False	False	True	False
ACCSL							0.7778	7.0	9.0	False	False	True	False	False	False	False
ACD							1.0	9.0	9.0	False	False	True	False	False	True	True
ACE	1.0	23.0	23.0	0.8421	16.0	19.0	1.0	9.0	9.0	True	True	True	True	True	True	True
ACE2	1.0	23.0	23.0	1.0	19.0	19.0	1.0	9.0	9.0	True	True	True	True	True	True	True
ACER2							1.0	9.0	9.0	False	False	True	False	False	True	True
ACER3							1.0	9.0	9.0	False	False	True	False	False	True	True
ACHE							1.0	9.0	9.0	False	False	True	False	False	True	True
ACIN1	1.0	23.0	23.0	1.0	19.0	19.0	1.0	9.0	9.0	True	True	True	True	True	True	True
ACKR3							1.0	9.0	9.0	False	False	True	False	False	True	True
ACKR5							1.0	9.0	9.0	False	False	True	False	False	True	False
ACLY	1.0	23.0	23.0	1.0	19.0	19.0	1.0	9.0	9.0	True	True	True	True	True	True	True
ACMSD	0.9565	22.0	23.0	0.9474	18.0	19.0	1.0	9.0	9.0	True	True	True	True	True	True	True
ACNAT1							1.0	9.0	9.0	False	False	True	False	False	True	False
ACNAT2							1.0	9.0	9.0	False	False	True	False	False	True	False
ACO1	1.0	23.0	23.0	1.0	19.0	19.0	1.0	9.0	9.0	True	True	True	True	True	True	True
ACO2	1.0	23.0	23.0	1.0	19.0	19.0	1.0	9.0	9.0	True	True	True	True	True	True	True
ACOT1							1.0	9.0	9.0	False	False	True	False	False	True	False
ACOT11							1.0	9.0	9.0	False	False	True	False	False	True	True
ACOT12							1.0	9.0	9.0	False	False	True	False	False	True	False
ACOT13	1.0	23.0	23.0	1.0	19.0	19.0	1.0	9.0	9.0	True	True	True	True	True	True	True
ACOT2							1.0	9.0	9.0	False	False	True	False	False	True	False
ACOT3							1.0	9.0	9.0	False	False	True	False	False	True	False
ACOT4	1.0	23.0	23.0	1.0	19.0	19.0	1.0	9.0	9.0	True	True	True	True	True	True	False
ACOT6							1.0	9.0	9.0	False	False	True	False	False	True	False
ACOT7	0.6957	16.0	23.0				1.0	9.0	9.0	True	False	True	False	True	True	True
ACOT8							1.0	9.0	9.0	False	False	True	False	False	True	True
ACOT9	1.0	23.0	23.0	1.0	19.0	19.0	1.0	9.0	9.0	True	True	True	True	True	True	True
ACOX1	1.0	23.0	23.0	1.0	19.0	19.0	1.0	9.0	9.0	True	True	True	True	True	True	True
ACOX2	1.0	23.0	23.0	1.0	19.0	19.0	1.0	9.0	9.0	True	True	True	True	True	True	True
ACOX3	0.9565	22.0	23.0	0.8421	16.0	19.0	1.0	9.0	9.0	True	True	True	True	True	True	True
ACP1	1.0	23.0	23.0	1.0	19.0	19.0	1.0	9.0	9.0	True	True	True	True	True	True	True
ACP2							1.0	9.0	9.0	False	False	True	False	False	True	True
ACP3							1.0	9.0	9.0	False	False	True	False	False	True	False
ACP5							1.0	9.0	9.0	False	False	True	False	False	True	True
ACP6							1.0	9.0	9.0	False	False	True	False	False	True	True
ACSBG1	0.9565	22.0	23.0	1.0	19.0	19.0	1.0	9.0	9.0	True	True	True	True	True	True	False
ACSF2	1.0	23.0	23.0	1.0	19.0	19.0	1.0	9.0	9.0	True	True	True	True	True	True	True
ACSF3	1.0	23.0	23.0	0.9474	18.0	19.0	1.0	9.0	9.0	True	True	True	True	True	True	True
ACSL1	0.9565	22.0	23.0	1.0	19.0	19.0	1.0	9.0	9.0	True	True	True	True	True	True	True
ACSL3	0.6957	16.0	23.0	1.0	19.0	19.0	1.0	9.0	9.0	True	True	True	True	True	True	True
ACSL4	1.0	23.0	23.0	1.0	19.0	19.0	1.0	9.0	9.0	True	True	True	True	True	True	True
ACSL5	1.0	23.0	23.0	0.9474	18.0	19.0	1.0	9.0	9.0	True	True	True	True	True	True	True
ACSL6							1.0	9.0	9.0	False	False	True	False	False	False	False
ACSM1	0.9565	22.0	23.0	0.9474	18.0	19.0	1.0	9.0	9.0	True	True	True	True	True	True	False
ACSM2							1.0	9.0	9.0	False	False	True	False	False	True	False
ACSM3							1.0	9.0	9.0	False	False	True	False	False	True	False
ACSM5	1.0	23.0	23.0	1.0	19.0	19.0	1.0	9.0	9.0	True	True	True	True	True	True	True
ACSS1	1.0	23.0	23.0	1.0	19.0	19.0	1.0	9.0	9.0	True	True	True	True	True	True	True
ACSS2	1.0	23.0	23.0	1.0	19.0	19.0	1.0	9.0	9.0	True	True	True	True	True	True	True
ACSS3	1.0	23.0	23.0	1.0	19.0	19.0	1.0	9.0	9.0	True	True	True	True	True	True	True
ACTA1							1.0	9.0	9.0	False	False	True	False	False	True	False
ACTB	1.0	23.0	23.0				1.0	9.0	9.0	True	False	True	False	True	True	True
ACTBL2							1.0	9.0	9.0	False	False	True	False	False	False	False
ACTC1				1.0	19.0	19.0				False	True	False	False	False	True	False
ACTG1	1.0	23.0	23.0	1.0	19.0	19.0	1.0	9.0	9.0	True	True	True	True	True	True	True
ACTG2	1.0	23.0	23.0							True	False	False	False	False	True	False
ACTL6A	0.8696	20.0	23.0				1.0	9.0	9.0	True	False	True	False	True	True	True
ACTMAP							1.0	9.0	9.0	False	False	True	False	False	False	False
ACTN1	1.0	23.0	23.0	1.0	19.0	19.0	1.0	9.0	9.0	True	True	True	True	True	True	True
ACTN3							1.0	9.0	9.0	False	False	True	False	False	True	False
ACTN4	1.0	23.0	23.0	1.0	19.0	19.0	1.0	9.0	9.0	True	True	True	True	True	True	True
ACTR10	1.0	23.0	23.0	0.8947	17.0	19.0	1.0	9.0	9.0	True	True	True	True	True	True	True
ACTR1A	1.0	23.0	23.0	1.0	19.0	19.0	1.0	9.0	9.0	True	True	True	True	True	True	True
ACTR1B	1.0	23.0	23.0				1.0	9.0	9.0	True	False	True	False	True	True	True
ACTR2	1.0	23.0	23.0	1.0	19.0	19.0	1.0	9.0	9.0	True	True	True	True	True	True	True
ACTR3	1.0	23.0	23.0	1.0	19.0	19.0	1.0	9.0	9.0	True	True	True	True	True	True	True
ACTR3B							1.0	9.0	9.0	False	False	True	False	False	True	False
ACTR5							1.0	9.0	9.0	False	False	True	False	False	True	True
ACTR6							1.0	9.0	9.0	False	False	True	False	False	True	True
ACTR8							1.0	9.0	9.0	False	False	True	False	False	True	True
ACVR1							1.0	9.0	9.0	False	False	True	False	False	True	True
ACVR1B							1.0	9.0	9.0	False	False	True	False	False	True	True
ACVR2A							1.0	9.0	9.0	False	False	True	False	False	True	True
ACVRL1							1.0	9.0	9.0	False	False	True	False	False	True	True
ACY1							1.0	9.0	9.0	False	False	True	False	False	True	False
ACY3							1.0	9.0	9.0	False	False	True	False	False	True	False
ACYP1							1.0	9.0	9.0	False	False	True	False	False	True	True
ACYP2				0.7368	14.0	19.0	1.0	9.0	9.0	False	True	True	False	True	True	True
ADA	1.0	23.0	23.0	1.0	19.0	19.0	1.0	9.0	9.0	True	True	True	True	True	True	True
ADAM10	1.0	23.0	23.0	1.0	19.0	19.0	1.0	9.0	9.0	True	True	True	True	True	True	True
ADAM11							1.0	9.0	9.0	False	False	True	False	False	True	True
ADAM12							1.0	9.0	9.0	False	False	True	False	False	True	False
ADAM15							1.0	9.0	9.0	False	False	True	False	False	True	True
ADAM17							1.0	9.0	9.0	False	False	True	False	False	True	True
ADAM19							0.4444	4.0	9.0	False	False	False	False	False	True	False
ADAM22							1.0	9.0	9.0	False	False	True	False	False	True	False
ADAM23							0.4444	4.0	9.0	False	False	False	False	False	True	False
ADAM8							0.6667	6.0	9.0	False	False	True	False	False	True	False
ADAM9							1.0	9.0	9.0	False	False	True	False	False	True	True
ADAMDEC1							1.0	9.0	9.0	False	False	True	False	False	True	False
ADAMTS1							1.0	9.0	9.0	False	False	True	False	False	True	True
ADAMTS12							1.0	9.0	9.0	False	False	True	False	False	True	False
ADAMTS13							0.7778	7.0	9.0	False	False	True	False	False	True	False
ADAMTS15							1.0	9.0	9.0	False	False	True	False	False	True	True
ADAMTS16							0.6667	6.0	9.0	False	False	True	False	False	True	False
ADAMTS2							1.0	9.0	9.0	False	False	True	False	False	True	True
ADAMTS4							0.7778	7.0	9.0	False	False	True	False	False	True	True
ADAMTS5							1.0	9.0	9.0	False	False	True	False	False	True	True
ADAMTS7							0.8889	8.0	9.0	False	False	True	False	False	True	True
ADAMTS9							1.0	9.0	9.0	False	False	True	False	False	True	True
ADAMTSL1							1.0	9.0	9.0	False	False	True	False	False	True	False
ADAMTSL2							1.0	9.0	9.0	False	False	True	False	False	True	True
ADAMTSL4							1.0	9.0	9.0	False	False	True	False	False	True	True
ADAMTSL5							1.0	9.0	9.0	False	False	True	False	False	True	False
ADAP1							1.0	9.0	9.0	False	False	True	False	False	True	True
ADAP2							1.0	9.0	9.0	False	False	True	False	False	True	True
ADAR	0.6522	15.0	23.0				1.0	9.0	9.0	True	False	True	False	True	True	True
ADARB1							1.0	9.0	9.0	False	False	True	False	False	True	True
ADAT1							1.0	9.0	9.0	False	False	True	False	False	True	False
ADAT2							1.0	9.0	9.0	False	False	True	False	False	True	True
ADAT3							1.0	9.0	9.0	False	False	True	False	False	True	False
ADCK1							1.0	9.0	9.0	False	False	True	False	False	True	True
ADCK2							1.0	9.0	9.0	False	False	True	False	False	True	True
ADCK5							1.0	9.0	9.0	False	False	True	False	False	True	True
ADCY3							1.0	9.0	9.0	False	False	True	False	False	True	False
ADCY4							1.0	9.0	9.0	False	False	True	False	False	True	True
ADCY5							1.0	9.0	9.0	False	False	True	False	False	True	False
ADCY6							1.0	9.0	9.0	False	False	True	False	False	True	True
ADCY7							0.8889	8.0	9.0	False	False	True	False	False	True	True
ADCY9							1.0	9.0	9.0	False	False	True	False	False	True	True
ADCYAP1R1							0.7778	7.0	9.0	False	False	True	False	False	True	False
ADD1	1.0	23.0	23.0	1.0	19.0	19.0	1.0	9.0	9.0	True	True	True	True	True	True	True
ADD2							1.0	9.0	9.0	False	False	True	False	False	True	False
ADD3	1.0	23.0	23.0	1.0	19.0	19.0	1.0	9.0	9.0	True	True	True	True	True	True	True
ADGB	1.0	23.0	23.0	1.0	19.0	19.0				True	True	False	False	False	True	False
ADGRA1							0.6667	6.0	9.0	False	False	True	False	False	True	False
ADGRA2							1.0	9.0	9.0	False	False	True	False	False	True	False
ADGRA3							1.0	9.0	9.0	False	False	True	False	False	True	False
ADGRE1							1.0	9.0	9.0	False	False	True	False	False	True	False
ADGRE4							0.6667	6.0	9.0	False	False	True	False	False	False	False
ADGRE5				0.7895	15.0	19.0	1.0	9.0	9.0	False	True	True	False	True	True	False
ADGRF1							0.6667	6.0	9.0	False	False	True	False	False	True	False
ADGRF5							1.0	9.0	9.0	False	False	True	False	False	True	False
ADGRG1							1.0	9.0	9.0	False	False	True	False	False	True	False
ADGRG2							1.0	9.0	9.0	False	False	True	False	False	True	False
ADGRG3							0.5556	5.0	9.0	False	False	True	False	False	True	False
ADGRG6							1.0	9.0	9.0	False	False	True	False	False	True	False
ADGRL1							1.0	9.0	9.0	False	False	True	False	False	True	False
ADGRL2							1.0	9.0	9.0	False	False	True	False	False	True	False
ADGRL3							1.0	9.0	9.0	False	False	True	False	False	True	False
ADGRL4							1.0	9.0	9.0	False	False	True	False	False	True	False
ADH1							1.0	9.0	9.0	False	False	True	False	False	True	False
ADH5	0.9565	22.0	23.0	1.0	19.0	19.0	1.0	9.0	9.0	True	True	True	True	True	True	True
ADH6A							1.0	9.0	9.0	False	False	True	False	False	True	False
ADH7							1.0	9.0	9.0	False	False	True	False	False	True	False
ADHFE1	0.8261	19.0	23.0				1.0	9.0	9.0	True	False	True	False	True	True	True
ADI1	1.0	23.0	23.0				1.0	9.0	9.0	True	False	True	False	True	True	True
ADIPOQ							1.0	9.0	9.0	False	False	True	False	False	True	False
ADIPOR1							1.0	9.0	9.0	False	False	True	False	False	True	True
ADIPOR2							0.2222	2.0	9.0	False	False	False	False	False	True	True
ADIRF	1.0	23.0	23.0	1.0	19.0	19.0				True	True	False	False	False	True	False
ADISSP							1.0	9.0	9.0	False	False	True	False	False	False	False
ADK	1.0	23.0	23.0	1.0	19.0	19.0	1.0	9.0	9.0	True	True	True	True	True	True	True
ADNP							1.0	9.0	9.0	False	False	True	False	False	True	True
ADNP2							1.0	9.0	9.0	False	False	True	False	False	True	True
ADO							1.0	9.0	9.0	False	False	True	False	False	True	True
ADORA2A							0.4444	4.0	9.0	False	False	False	False	False	True	True
ADPGK							1.0	9.0	9.0	False	False	True	False	False	True	True
ADPRH							1.0	9.0	9.0	False	False	True	False	False	True	False
ADPRM							1.0	9.0	9.0	False	False	True	False	False	True	True
ADPRS	1.0	23.0	23.0				1.0	9.0	9.0	True	False	True	False	True	True	False
ADRA1A							1.0	9.0	9.0	False	False	True	False	False	True	True
ADRA1B							1.0	9.0	9.0	False	False	True	False	False	True	False
ADRA2A							0.8889	8.0	9.0	False	False	True	False	False	True	False
ADRA2B							1.0	9.0	9.0	False	False	True	False	False	True	True
ADRB2							1.0	9.0	9.0	False	False	True	False	False	True	True
ADSL	1.0	23.0	23.0	1.0	19.0	19.0	1.0	9.0	9.0	True	True	True	True	True	True	True
ADSS1							1.0	9.0	9.0	False	False	True	False	False	True	False
ADSS2	1.0	23.0	23.0	1.0	19.0	19.0	1.0	9.0	9.0	True	True	True	True	True	True	False
ADTRP	1.0	23.0	23.0				1.0	9.0	9.0	True	False	True	False	True	True	True
AEBP1	1.0	23.0	23.0	1.0	19.0	19.0	1.0	9.0	9.0	True	True	True	True	True	True	True
AEBP2							1.0	9.0	9.0	False	False	True	False	False	True	True
AEN							1.0	9.0	9.0	False	False	True	False	False	True	True
AFAP1							1.0	9.0	9.0	False	False	True	False	False	True	True
AFAP1L1							1.0	9.0	9.0	False	False	True	False	False	True	True
AFAP1L2	1.0	23.0	23.0	1.0	19.0	19.0	1.0	9.0	9.0	True	True	True	True	True	True	True
AFDN	1.0	23.0	23.0	1.0	19.0	19.0	1.0	9.0	9.0	True	True	True	True	True	True	False
AFF1							1.0	9.0	9.0	False	False	True	False	False	True	True
AFF4							1.0	9.0	9.0	False	False	True	False	False	True	True
AFG1L							1.0	9.0	9.0	False	False	True	False	False	True	False
AFG2A							1.0	9.0	9.0	False	False	True	False	False	True	False
AFG2B							1.0	9.0	9.0	False	False	True	False	False	True	False
AFG3L1							1.0	9.0	9.0	False	False	True	False	False	True	False
AFG3L2	1.0	23.0	23.0	1.0	19.0	19.0	1.0	9.0	9.0	True	True	True	True	True	True	True
AFM	1.0	23.0	23.0	1.0	19.0	19.0	1.0	9.0	9.0	True	True	True	True	True	True	False
AFMID	1.0	23.0	23.0	1.0	19.0	19.0	1.0	9.0	9.0	True	True	True	True	True	True	True
AFP							0.6667	6.0	9.0	False	False	True	False	False	True	False
AFTPH							1.0	9.0	9.0	False	False	True	False	False	True	True
AG2							1.0	9.0	9.0	False	False	True	False	False	False	False
AGA							1.0	9.0	9.0	False	False	True	False	False	True	True
AGAP1							1.0	9.0	9.0	False	False	True	False	False	True	True
AGAP2							1.0	9.0	9.0	False	False	True	False	False	True	False
AGAP3							1.0	9.0	9.0	False	False	True	False	False	True	True
AGER							1.0	9.0	9.0	False	False	True	False	False	True	False
AGFG1				0.7895	15.0	19.0	1.0	9.0	9.0	False	True	True	False	True	True	True
AGFG2							1.0	9.0	9.0	False	False	True	False	False	True	True
AGGF1							1.0	9.0	9.0	False	False	True	False	False	True	True
AGK	1.0	23.0	23.0	1.0	19.0	19.0	1.0	9.0	9.0	True	True	True	True	True	True	True
AGL	1.0	23.0	23.0	1.0	19.0	19.0	1.0	9.0	9.0	True	True	True	True	True	True	True
AGMAT	0.8696	20.0	23.0				1.0	9.0	9.0	True	False	True	False	True	True	True
AGMO							1.0	9.0	9.0	False	False	True	False	False	True	False
AGO1							1.0	9.0	9.0	False	False	True	False	False	True	True
AGO2							1.0	9.0	9.0	False	False	True	False	False	True	True
AGO3				0.8421	16.0	19.0	1.0	9.0	9.0	False	True	True	False	True	True	True
AGO4							0.8889	8.0	9.0	False	False	True	False	False	True	True
AGPAT1	0.6957	16.0	23.0				1.0	9.0	9.0	True	False	True	False	True	True	True
AGPAT2	1.0	23.0	23.0	1.0	19.0	19.0	1.0	9.0	9.0	True	True	True	True	True	True	True
AGPAT3	1.0	23.0	23.0				1.0	9.0	9.0	True	False	True	False	True	True	True
AGPAT4							1.0	9.0	9.0	False	False	True	False	False	True	True
AGPAT5	1.0	23.0	23.0	1.0	19.0	19.0	1.0	9.0	9.0	True	True	True	True	True	True	True
AGPS	1.0	23.0	23.0	1.0	19.0	19.0	1.0	9.0	9.0	True	True	True	True	True	True	True
AGRN	1.0	23.0	23.0	1.0	19.0	19.0	1.0	9.0	9.0	True	True	True	True	True	True	True
AGT	1.0	23.0	23.0	1.0	19.0	19.0	1.0	9.0	9.0	True	True	True	True	True	True	True
AGTPBP1							1.0	9.0	9.0	False	False	True	False	False	True	True
AGTR1A							1.0	9.0	9.0	False	False	True	False	False	True	False
AGTRAP							1.0	9.0	9.0	False	False	True	False	False	True	False
AGXT	1.0	23.0	23.0	1.0	19.0	19.0				True	True	False	False	False	True	False
AGXT2	0.9565	22.0	23.0	1.0	19.0	19.0	1.0	9.0	9.0	True	True	True	True	True	True	True
AHCTF1							1.0	9.0	9.0	False	False	True	False	False	True	True
AHCY	1.0	23.0	23.0	1.0	19.0	19.0	1.0	9.0	9.0	True	True	True	True	True	True	True
AHCYL1	1.0	23.0	23.0	1.0	19.0	19.0	1.0	9.0	9.0	True	True	True	True	True	True	True
AHCYL2	1.0	23.0	23.0	1.0	19.0	19.0	1.0	9.0	9.0	True	True	True	True	True	True	True
AHDC1							1.0	9.0	9.0	False	False	True	False	False	True	True
AHI1							1.0	9.0	9.0	False	False	True	False	False	True	True
AHNAK							1.0	9.0	9.0	False	False	True	False	False	True	True
AHNAK2							1.0	9.0	9.0	False	False	True	False	False	True	False
AHR							1.0	9.0	9.0	False	False	True	False	False	True	True
AHSA1	1.0	23.0	23.0	1.0	19.0	19.0	1.0	9.0	9.0	True	True	True	True	True	True	True
AHSA2							1.0	9.0	9.0	False	False	True	False	False	True	False
AHSG	1.0	23.0	23.0	1.0	19.0	19.0	1.0	9.0	9.0	True	True	True	True	True	False	False
AHSP							0.6667	6.0	9.0	False	False	True	False	False	False	False
AI182371							1.0	9.0	9.0	False	False	True	False	False	False	False
AI854703							1.0	9.0	9.0	False	False	True	False	False	True	False
AI987944							1.0	9.0	9.0	False	False	True	False	False	True	False
AIDA							1.0	9.0	9.0	False	False	True	False	False	True	True
AIF1	1.0	23.0	23.0				1.0	9.0	9.0	True	False	True	False	True	True	True
AIF1L	0.9565	22.0	23.0	1.0	19.0	19.0	1.0	9.0	9.0	True	True	True	True	True	True	True
AIFM1	1.0	23.0	23.0	1.0	19.0	19.0	1.0	9.0	9.0	True	True	True	True	True	True	True
AIFM2							1.0	9.0	9.0	False	False	True	False	False	True	True
AIFM3							0.7778	7.0	9.0	False	False	True	False	False	True	True
AIG1							1.0	9.0	9.0	False	False	True	False	False	True	True
AIM2							1.0	9.0	9.0	False	False	True	False	False	True	False
AIMP1	1.0	23.0	23.0	1.0	19.0	19.0	1.0	9.0	9.0	True	True	True	True	True	True	True
AIMP2	1.0	23.0	23.0	1.0	19.0	19.0	1.0	9.0	9.0	True	True	True	True	True	True	True
AIP	1.0	23.0	23.0	1.0	19.0	19.0	1.0	9.0	9.0	True	True	True	True	True	True	True
AIRIM							1.0	9.0	9.0	False	False	True	False	False	False	False
AJUBA							1.0	9.0	9.0	False	False	True	False	False	True	True
AK1	1.0	23.0	23.0	1.0	19.0	19.0	1.0	9.0	9.0	True	True	True	True	True	True	True
AK2	1.0	23.0	23.0	1.0	19.0	19.0	1.0	9.0	9.0	True	True	True	True	True	True	True
AK3	1.0	23.0	23.0	1.0	19.0	19.0	1.0	9.0	9.0	True	True	True	True	True	True	True
AK4	0.9565	22.0	23.0	1.0	19.0	19.0	1.0	9.0	9.0	True	True	True	True	True	True	True
AK5							1.0	9.0	9.0	False	False	True	False	False	True	False
AK6							1.0	9.0	9.0	False	False	True	False	False	True	True
AKAP1				0.8421	16.0	19.0	1.0	9.0	9.0	False	True	True	False	True	True	True
AKAP10							1.0	9.0	9.0	False	False	True	False	False	True	True
AKAP11							1.0	9.0	9.0	False	False	True	False	False	True	True
AKAP12	1.0	23.0	23.0	1.0	19.0	19.0	1.0	9.0	9.0	True	True	True	True	True	True	True
AKAP13							1.0	9.0	9.0	False	False	True	False	False	True	True
AKAP17A							1.0	9.0	9.0	False	False	True	False	False	True	False
AKAP17B							1.0	9.0	9.0	False	False	True	False	False	True	False
AKAP5							1.0	9.0	9.0	False	False	True	False	False	True	False
AKAP7							1.0	9.0	9.0	False	False	True	False	False	True	True
AKAP8							1.0	9.0	9.0	False	False	True	False	False	True	True
AKAP8L							1.0	9.0	9.0	False	False	True	False	False	True	True
AKAP9							1.0	9.0	9.0	False	False	True	False	False	True	True
AKIP1							1.0	9.0	9.0	False	False	True	False	False	True	True
AKIRIN1							0.6667	6.0	9.0	False	False	True	False	False	True	True
AKIRIN2							1.0	9.0	9.0	False	False	True	False	False	True	True
AKNA							0.7778	7.0	9.0	False	False	True	False	False	True	True
AKR1A1	1.0	23.0	23.0	1.0	19.0	19.0	1.0	9.0	9.0	True	True	True	True	True	True	True
AKR1B1	1.0	23.0	23.0	1.0	19.0	19.0	1.0	9.0	9.0	True	True	True	True	True	True	False
AKR1B10							1.0	9.0	9.0	False	False	True	False	False	True	False
AKR1B7							1.0	9.0	9.0	False	False	True	False	False	True	False
AKR1B8							1.0	9.0	9.0	False	False	True	False	False	True	False
AKR1C12							1.0	9.0	9.0	False	False	True	False	False	True	False
AKR1C13							1.0	9.0	9.0	False	False	True	False	False	True	False
AKR1C14							1.0	9.0	9.0	False	False	True	False	False	True	False
AKR1C18							1.0	9.0	9.0	False	False	True	False	False	True	False
AKR1C19							1.0	9.0	9.0	False	False	True	False	False	True	False
AKR1C20							1.0	9.0	9.0	False	False	True	False	False	True	False
AKR1C21							1.0	9.0	9.0	False	False	True	False	False	True	False
AKR1C3	0.9565	22.0	23.0	0.8421	16.0	19.0				True	True	False	False	False	True	False
AKR1C6							0.8889	8.0	9.0	False	False	True	False	False	False	False
AKR1CL							0.1111	1.0	9.0	False	False	False	False	False	True	False
AKR1E2	1.0	23.0	23.0				1.0	9.0	9.0	True	False	True	False	True	True	True
AKR7A2							1.0	9.0	9.0	False	False	True	False	False	False	False
AKR7L	0.9565	22.0	23.0	0.9474	18.0	19.0				True	True	False	False	False	True	False
AKT1							1.0	9.0	9.0	False	False	True	False	False	True	True
AKT1S1							1.0	9.0	9.0	False	False	True	False	False	True	True
AKT2							1.0	9.0	9.0	False	False	True	False	False	True	True
AKT3							1.0	9.0	9.0	False	False	True	False	False	True	True
AKTIP							1.0	9.0	9.0	False	False	True	False	False	True	True
ALAD	1.0	23.0	23.0	1.0	19.0	19.0	1.0	9.0	9.0	True	True	True	True	True	True	True
ALAS1							1.0	9.0	9.0	False	False	True	False	False	True	True
ALB	1.0	23.0	23.0	1.0	19.0	19.0	1.0	9.0	9.0	True	True	True	True	True	True	False
ALBFM1							1.0	9.0	9.0	False	False	True	False	False	False	False
ALCAM	1.0	23.0	23.0				1.0	9.0	9.0	True	False	True	False	True	True	True
ALDH16A1	1.0	23.0	23.0	1.0	19.0	19.0	1.0	9.0	9.0	True	True	True	True	True	True	True
ALDH18A1	1.0	23.0	23.0	1.0	19.0	19.0	1.0	9.0	9.0	True	True	True	True	True	True	True
ALDH1A1	0.9565	22.0	23.0	1.0	19.0	19.0	1.0	9.0	9.0	True	True	True	True	True	True	True
ALDH1A2	1.0	23.0	23.0	1.0	19.0	19.0	1.0	9.0	9.0	True	True	True	True	True	True	True
ALDH1A3							1.0	9.0	9.0	False	False	True	False	False	True	False
ALDH1A7							1.0	9.0	9.0	False	False	True	False	False	True	False
ALDH1B1	0.6957	16.0	23.0	0.8421	16.0	19.0	1.0	9.0	9.0	True	True	True	True	True	True	True
ALDH1L1	1.0	23.0	23.0	1.0	19.0	19.0	1.0	9.0	9.0	True	True	True	True	True	True	True
ALDH1L2							1.0	9.0	9.0	False	False	True	False	False	True	False
ALDH2	1.0	23.0	23.0	1.0	19.0	19.0	1.0	9.0	9.0	True	True	True	True	True	True	True
ALDH3A1				1.0	19.0	19.0	1.0	9.0	9.0	False	True	True	False	True	True	False
ALDH3A2	0.9565	22.0	23.0	1.0	19.0	19.0	1.0	9.0	9.0	True	True	True	True	True	True	True
ALDH3B1							1.0	9.0	9.0	False	False	True	False	False	True	True
ALDH3B2							1.0	9.0	9.0	False	False	True	False	False	True	False
ALDH4A1	0.9565	22.0	23.0	0.9474	18.0	19.0	1.0	9.0	9.0	True	True	True	True	True	True	True
ALDH5A1	1.0	23.0	23.0	1.0	19.0	19.0	1.0	9.0	9.0	True	True	True	True	True	True	True
ALDH6A1	0.9565	22.0	23.0	1.0	19.0	19.0	1.0	9.0	9.0	True	True	True	True	True	True	True
ALDH7A1	1.0	23.0	23.0	1.0	19.0	19.0	1.0	9.0	9.0	True	True	True	True	True	True	True
ALDH8A1	1.0	23.0	23.0	1.0	19.0	19.0	1.0	9.0	9.0	True	True	True	True	True	True	True
ALDH9A1	1.0	23.0	23.0	1.0	19.0	19.0	1.0	9.0	9.0	True	True	True	True	True	True	True
ALDOA	1.0	23.0	23.0	1.0	19.0	19.0	1.0	9.0	9.0	True	True	True	True	True	True	True
ALDOART1							0.6667	6.0	9.0	False	False	True	False	False	False	False
ALDOART2							1.0	9.0	9.0	False	False	True	False	False	False	False
ALDOB	1.0	23.0	23.0	1.0	19.0	19.0	1.0	9.0	9.0	True	True	True	True	True	True	True
ALDOC	1.0	23.0	23.0	0.6842	13.0	19.0	1.0	9.0	9.0	True	True	True	True	True	True	True
ALG1							1.0	9.0	9.0	False	False	True	False	False	True	True
ALG10B							1.0	9.0	9.0	False	False	True	False	False	True	False
ALG11							1.0	9.0	9.0	False	False	True	False	False	True	True
ALG12							1.0	9.0	9.0	False	False	True	False	False	True	True
ALG13							1.0	9.0	9.0	False	False	True	False	False	True	True
ALG14							1.0	9.0	9.0	False	False	True	False	False	True	True
ALG2	1.0	23.0	23.0	0.6842	13.0	19.0	1.0	9.0	9.0	True	True	True	True	True	True	True
ALG3							1.0	9.0	9.0	False	False	True	False	False	True	True
ALG5							1.0	9.0	9.0	False	False	True	False	False	True	True
ALG6							1.0	9.0	9.0	False	False	True	False	False	True	True
ALG8							1.0	9.0	9.0	False	False	True	False	False	True	True
ALG9							1.0	9.0	9.0	False	False	True	False	False	True	True
ALKBH1							1.0	9.0	9.0	False	False	True	False	False	True	True
ALKBH2							1.0	9.0	9.0	False	False	True	False	False	True	True
ALKBH3							1.0	9.0	9.0	False	False	True	False	False	True	True
ALKBH4							1.0	9.0	9.0	False	False	True	False	False	True	True
ALKBH5							1.0	9.0	9.0	False	False	True	False	False	True	True
ALKBH6							1.0	9.0	9.0	False	False	True	False	False	True	True
ALKBH7							1.0	9.0	9.0	False	False	True	False	False	True	True
ALKBH8							1.0	9.0	9.0	False	False	True	False	False	True	True
ALMS1							1.0	9.0	9.0	False	False	True	False	False	True	False
ALOX12							1.0	9.0	9.0	False	False	True	False	False	True	False
ALOX15							0.8889	8.0	9.0	False	False	True	False	False	False	False
ALOX5							1.0	9.0	9.0	False	False	True	False	False	True	False
ALOX5AP							1.0	9.0	9.0	False	False	True	False	False	True	True
ALPK1							0.6667	6.0	9.0	False	False	True	False	False	True	False
ALPL	1.0	23.0	23.0	0.8421	16.0	19.0	1.0	9.0	9.0	True	True	True	True	True	True	True
ALS2							1.0	9.0	9.0	False	False	True	False	False	True	True
ALS2CL							1.0	9.0	9.0	False	False	True	False	False	True	True
ALX1							1.0	9.0	9.0	False	False	True	False	False	True	False
ALYREF	1.0	23.0	23.0	1.0	19.0	19.0	1.0	9.0	9.0	True	True	True	True	True	True	True
ALYREF2							1.0	9.0	9.0	False	False	True	False	False	True	False
AMACR	0.9565	22.0	23.0	0.9474	18.0	19.0	1.0	9.0	9.0	True	True	True	True	True	True	True
AMBP							1.0	9.0	9.0	False	False	True	False	False	True	False
AMBRA1							1.0	9.0	9.0	False	False	True	False	False	True	True
AMD2							1.0	9.0	9.0	False	False	True	False	False	True	False
AMDHD1	1.0	23.0	23.0	1.0	19.0	19.0	1.0	9.0	9.0	True	True	True	True	True	True	False
AMDHD2	1.0	23.0	23.0	1.0	19.0	19.0	1.0	9.0	9.0	True	True	True	True	True	True	True
AMER1							1.0	9.0	9.0	False	False	True	False	False	True	True
AMFR							1.0	9.0	9.0	False	False	True	False	False	True	True
AMIGO1							0.7778	7.0	9.0	False	False	True	False	False	True	True
AMIGO2							1.0	9.0	9.0	False	False	True	False	False	True	True
AMMECR1							1.0	9.0	9.0	False	False	True	False	False	True	True
AMMECR1L							1.0	9.0	9.0	False	False	True	False	False	True	True
AMN	1.0	23.0	23.0	1.0	19.0	19.0	1.0	9.0	9.0	True	True	True	True	True	True	True
AMN1							1.0	9.0	9.0	False	False	True	False	False	True	False
AMOT							1.0	9.0	9.0	False	False	True	False	False	True	True
AMOTL1							1.0	9.0	9.0	False	False	True	False	False	True	True
AMOTL2							1.0	9.0	9.0	False	False	True	False	False	True	True
AMPD2				1.0	19.0	19.0	1.0	9.0	9.0	False	True	True	False	True	True	True
AMPD3							1.0	9.0	9.0	False	False	True	False	False	True	True
AMPH							1.0	9.0	9.0	False	False	True	False	False	True	False
AMT	1.0	23.0	23.0	0.8421	16.0	19.0	1.0	9.0	9.0	True	True	True	True	True	True	True
AMY1							1.0	9.0	9.0	False	False	True	False	False	True	False
AMY2A5							1.0	9.0	9.0	False	False	True	False	False	False	False
AMY2B	1.0	23.0	23.0	0.9474	18.0	19.0				True	True	False	False	False	True	False
AMZ1							0.2222	2.0	9.0	False	False	False	False	False	True	False
AMZ2							1.0	9.0	9.0	False	False	True	False	False	True	True
ANAPC1							1.0	9.0	9.0	False	False	True	False	False	True	True
ANAPC10							1.0	9.0	9.0	False	False	True	False	False	True	True
ANAPC11							1.0	9.0	9.0	False	False	True	False	False	True	True
ANAPC13							1.0	9.0	9.0	False	False	True	False	False	True	True
ANAPC15							1.0	9.0	9.0	False	False	True	False	False	True	True
ANAPC16							1.0	9.0	9.0	False	False	True	False	False	True	True
ANAPC2							1.0	9.0	9.0	False	False	True	False	False	True	True
ANAPC4							1.0	9.0	9.0	False	False	True	False	False	True	True
ANAPC5							1.0	9.0	9.0	False	False	True	False	False	True	True
ANAPC7							1.0	9.0	9.0	False	False	True	False	False	True	True
ANG							1.0	9.0	9.0	False	False	True	False	False	True	False
ANGEL1							1.0	9.0	9.0	False	False	True	False	False	True	True
ANGEL2							1.0	9.0	9.0	False	False	True	False	False	True	True
ANGPT1							1.0	9.0	9.0	False	False	True	False	False	True	True
ANGPT2							1.0	9.0	9.0	False	False	True	False	False	True	True
ANGPT4							1.0	9.0	9.0	False	False	True	False	False	True	False
ANGPTL2							1.0	9.0	9.0	False	False	True	False	False	True	True
ANGPTL3							1.0	9.0	9.0	False	False	True	False	False	True	False
ANGPTL4							1.0	9.0	9.0	False	False	True	False	False	True	True
ANGPTL6							1.0	9.0	9.0	False	False	True	False	False	True	False
ANGPTL7							0.8889	8.0	9.0	False	False	True	False	False	True	False
ANGPTL8							0.7778	7.0	9.0	False	False	True	False	False	True	False
ANK1	0.6087	14.0	23.0	1.0	19.0	19.0	1.0	9.0	9.0	True	True	True	True	True	True	False
ANK2	1.0	23.0	23.0	1.0	19.0	19.0	1.0	9.0	9.0	True	True	True	True	True	True	False
ANK3	0.9565	22.0	23.0	1.0	19.0	19.0	1.0	9.0	9.0	True	True	True	True	True	True	True
ANKFY1	1.0	23.0	23.0	1.0	19.0	19.0	1.0	9.0	9.0	True	True	True	True	True	True	True
ANKH							1.0	9.0	9.0	False	False	True	False	False	True	True
ANKHD1							1.0	9.0	9.0	False	False	True	False	False	True	False
ANKIB1							1.0	9.0	9.0	False	False	True	False	False	True	True
ANKLE2							1.0	9.0	9.0	False	False	True	False	False	True	True
ANKMY2	0.6957	16.0	23.0				1.0	9.0	9.0	True	False	True	False	True	True	True
ANKRD10							1.0	9.0	9.0	False	False	True	False	False	True	True
ANKRD11							1.0	9.0	9.0	False	False	True	False	False	True	True
ANKRD12							1.0	9.0	9.0	False	False	True	False	False	True	True
ANKRD13A							1.0	9.0	9.0	False	False	True	False	False	True	True
ANKRD13B							0.4444	4.0	9.0	False	False	False	False	False	True	True
ANKRD13C							1.0	9.0	9.0	False	False	True	False	False	True	True
ANKRD13D							0.8889	8.0	9.0	False	False	True	False	False	True	False
ANKRD16							1.0	9.0	9.0	False	False	True	False	False	True	True
ANKRD17							1.0	9.0	9.0	False	False	True	False	False	True	True
ANKRD24							1.0	9.0	9.0	False	False	True	False	False	True	True
ANKRD26							1.0	9.0	9.0	False	False	True	False	False	True	False
ANKRD27							1.0	9.0	9.0	False	False	True	False	False	True	True
ANKRD28							1.0	9.0	9.0	False	False	True	False	False	True	True
ANKRD29							1.0	9.0	9.0	False	False	True	False	False	True	True
ANKRD33B							1.0	9.0	9.0	False	False	True	False	False	True	True
ANKRD34B							0.5556	5.0	9.0	False	False	True	False	False	True	False
ANKRD35							0.8889	8.0	9.0	False	False	True	False	False	False	False
ANKRD39							1.0	9.0	9.0	False	False	True	False	False	True	True
ANKRD40							1.0	9.0	9.0	False	False	True	False	False	True	True
ANKRD44							1.0	9.0	9.0	False	False	True	False	False	True	True
ANKRD45							0.3333	3.0	9.0	False	False	False	False	False	True	False
ANKRD46							1.0	9.0	9.0	False	False	True	False	False	True	True
ANKRD49							1.0	9.0	9.0	False	False	True	False	False	True	True
ANKRD50							1.0	9.0	9.0	False	False	True	False	False	True	True
ANKRD52							1.0	9.0	9.0	False	False	True	False	False	True	True
ANKRD54							1.0	9.0	9.0	False	False	True	False	False	True	True
ANKRD6							0.6667	6.0	9.0	False	False	True	False	False	True	True
ANKRD9							1.0	9.0	9.0	False	False	True	False	False	True	True
ANKS1A	1.0	23.0	23.0	0.9474	18.0	19.0	1.0	9.0	9.0	True	True	True	True	True	True	True
ANKS3							1.0	9.0	9.0	False	False	True	False	False	True	True
ANKS4B	0.8261	19.0	23.0				1.0	9.0	9.0	True	False	True	False	True	True	True
ANKS6							1.0	9.0	9.0	False	False	True	False	False	True	True
ANKZF1							1.0	9.0	9.0	False	False	True	False	False	True	True
ANLN							1.0	9.0	9.0	False	False	True	False	False	True	False
ANO1							1.0	9.0	9.0	False	False	True	False	False	True	True
ANO10	1.0	23.0	23.0	0.7895	15.0	19.0	1.0	9.0	9.0	True	True	True	True	True	True	True
ANO6	0.8696	20.0	23.0	0.8947	17.0	19.0	1.0	9.0	9.0	True	True	True	True	True	True	True
ANO8							1.0	9.0	9.0	False	False	True	False	False	True	True
ANO9							1.0	9.0	9.0	False	False	True	False	False	True	True
ANP32A	1.0	23.0	23.0	1.0	19.0	19.0	1.0	9.0	9.0	True	True	True	True	True	True	True
ANP32B	1.0	23.0	23.0	1.0	19.0	19.0	1.0	9.0	9.0	True	True	True	True	True	True	True
ANP32E	1.0	23.0	23.0	1.0	19.0	19.0	1.0	9.0	9.0	True	True	True	True	True	True	True
ANPEP	0.9565	22.0	23.0	1.0	19.0	19.0	1.0	9.0	9.0	True	True	True	True	True	True	True
ANTKMT							1.0	9.0	9.0	False	False	True	False	False	True	False
ANTXR1							1.0	9.0	9.0	False	False	True	False	False	True	True
ANTXR2							1.0	9.0	9.0	False	False	True	False	False	True	True
ANXA1	1.0	23.0	23.0	1.0	19.0	19.0	1.0	9.0	9.0	True	True	True	True	True	True	True
ANXA11	1.0	23.0	23.0	1.0	19.0	19.0	1.0	9.0	9.0	True	True	True	True	True	True	True
ANXA13	1.0	23.0	23.0	1.0	19.0	19.0	1.0	9.0	9.0	True	True	True	True	True	True	True
ANXA2	1.0	23.0	23.0	1.0	19.0	19.0	1.0	9.0	9.0	True	True	True	True	True	True	True
ANXA3	1.0	23.0	23.0	1.0	19.0	19.0	1.0	9.0	9.0	True	True	True	True	True	True	True
ANXA4	1.0	23.0	23.0	1.0	19.0	19.0	1.0	9.0	9.0	True	True	True	True	True	True	True
ANXA5	1.0	23.0	23.0	1.0	19.0	19.0	1.0	9.0	9.0	True	True	True	True	True	True	True
ANXA6	1.0	23.0	23.0	1.0	19.0	19.0	1.0	9.0	9.0	True	True	True	True	True	True	True
ANXA7							1.0	9.0	9.0	False	False	True	False	False	True	False
ANXA8							1.0	9.0	9.0	False	False	True	False	False	True	False
ANXA9				0.7895	15.0	19.0	1.0	9.0	9.0	False	True	True	False	True	True	False
AOAH							1.0	9.0	9.0	False	False	True	False	False	True	True
AOC1	1.0	23.0	23.0	1.0	19.0	19.0	1.0	9.0	9.0	True	True	True	True	True	True	True
AOC1L3							0.3333	3.0	9.0	False	False	False	False	False	False	False
AOC3							1.0	9.0	9.0	False	False	True	False	False	True	True
AOPEP							1.0	9.0	9.0	False	False	True	False	False	True	False
AOX1							1.0	9.0	9.0	False	False	True	False	False	True	False
AOX2							0.5556	5.0	9.0	False	False	True	False	False	False	False
AOX3							1.0	9.0	9.0	False	False	True	False	False	True	False
AP1AR							1.0	9.0	9.0	False	False	True	False	False	True	True
AP1B1	1.0	23.0	23.0	1.0	19.0	19.0	1.0	9.0	9.0	True	True	True	True	True	True	True
AP1G1	1.0	23.0	23.0	1.0	19.0	19.0	1.0	9.0	9.0	True	True	True	True	True	True	True
AP1G2							1.0	9.0	9.0	False	False	True	False	False	True	True
AP1M1	1.0	23.0	23.0	1.0	19.0	19.0	1.0	9.0	9.0	True	True	True	True	True	True	True
AP1M2				0.7368	14.0	19.0	1.0	9.0	9.0	False	True	True	False	True	True	True
AP1S1	1.0	23.0	23.0	0.8421	16.0	19.0	1.0	9.0	9.0	True	True	True	True	True	True	True
AP1S2							1.0	9.0	9.0	False	False	True	False	False	True	True
AP1S3							1.0	9.0	9.0	False	False	True	False	False	True	False
AP2A1	1.0	23.0	23.0	1.0	19.0	19.0	1.0	9.0	9.0	True	True	True	True	True	True	True
AP2A2	1.0	23.0	23.0	1.0	19.0	19.0	1.0	9.0	9.0	True	True	True	True	True	True	True
AP2B1	1.0	23.0	23.0	1.0	19.0	19.0	1.0	9.0	9.0	True	True	True	True	True	True	True
AP2M1	1.0	23.0	23.0	1.0	19.0	19.0	1.0	9.0	9.0	True	True	True	True	True	True	True
AP2S1	1.0	23.0	23.0	0.9474	18.0	19.0	1.0	9.0	9.0	True	True	True	True	True	True	True
AP3B1	1.0	23.0	23.0	1.0	19.0	19.0	1.0	9.0	9.0	True	True	True	True	True	True	True
AP3B2							0.8889	8.0	9.0	False	False	True	False	False	True	False
AP3D1	1.0	23.0	23.0	0.8421	16.0	19.0	1.0	9.0	9.0	True	True	True	True	True	True	True
AP3M1	1.0	23.0	23.0	1.0	19.0	19.0	1.0	9.0	9.0	True	True	True	True	True	True	True
AP3M2							1.0	9.0	9.0	False	False	True	False	False	True	True
AP3S1							1.0	9.0	9.0	False	False	True	False	False	True	True
AP3S2							1.0	9.0	9.0	False	False	True	False	False	True	True
AP4B1							1.0	9.0	9.0	False	False	True	False	False	True	True
AP4E1							1.0	9.0	9.0	False	False	True	False	False	True	True
AP4M1							1.0	9.0	9.0	False	False	True	False	False	True	True
AP4S1							1.0	9.0	9.0	False	False	True	False	False	True	True
AP5B1							1.0	9.0	9.0	False	False	True	False	False	True	True
AP5M1							1.0	9.0	9.0	False	False	True	False	False	True	True
AP5S1							1.0	9.0	9.0	False	False	True	False	False	True	True
AP5Z1							1.0	9.0	9.0	False	False	True	False	False	True	True
APAF1							1.0	9.0	9.0	False	False	True	False	False	True	True
APBA1							1.0	9.0	9.0	False	False	True	False	False	True	False
APBA3							1.0	9.0	9.0	False	False	True	False	False	True	True
APBB1	1.0	23.0	23.0	1.0	19.0	19.0	1.0	9.0	9.0	True	True	True	True	True	True	True
APBB1IP							1.0	9.0	9.0	False	False	True	False	False	True	False
APBB2							1.0	9.0	9.0	False	False	True	False	False	True	True
APC							1.0	9.0	9.0	False	False	True	False	False	True	True
APC2							0.7778	7.0	9.0	False	False	True	False	False	False	False
APCDD1							1.0	9.0	9.0	False	False	True	False	False	True	False
APCS							1.0	9.0	9.0	False	False	True	False	False	True	False
APEH	1.0	23.0	23.0	1.0	19.0	19.0	1.0	9.0	9.0	True	True	True	True	True	True	True
APEX1	1.0	23.0	23.0	1.0	19.0	19.0	1.0	9.0	9.0	True	True	True	True	True	True	True
APEX2							1.0	9.0	9.0	False	False	True	False	False	True	True
APH1A							1.0	9.0	9.0	False	False	True	False	False	True	True
APH1B							1.0	9.0	9.0	False	False	True	False	False	True	True
APH1C							1.0	9.0	9.0	False	False	True	False	False	True	False
API5	1.0	23.0	23.0	1.0	19.0	19.0	1.0	9.0	9.0	True	True	True	True	True	True	True
APIP	1.0	23.0	23.0	1.0	19.0	19.0	1.0	9.0	9.0	True	True	True	True	True	True	True
APLF							1.0	9.0	9.0	False	False	True	False	False	True	True
APLNR							0.7778	7.0	9.0	False	False	True	False	False	True	True
APLP1							0.7778	7.0	9.0	False	False	True	False	False	True	True
APLP2	0.5652	13.0	23.0				1.0	9.0	9.0	True	False	True	False	True	True	True
APMAP	1.0	23.0	23.0	1.0	19.0	19.0	1.0	9.0	9.0	True	True	True	True	True	True	True
APOA1	1.0	23.0	23.0	1.0	19.0	19.0	1.0	9.0	9.0	True	True	True	True	True	True	False
APOA1BP	1.0	23.0	23.0	1.0	19.0	19.0				True	True	False	False	False	True	False
APOA2							1.0	9.0	9.0	False	False	True	False	False	True	True
APOA4	1.0	23.0	23.0	1.0	19.0	19.0	1.0	9.0	9.0	True	True	True	True	True	True	True
APOA5							1.0	9.0	9.0	False	False	True	False	False	False	False
APOB	0.6087	14.0	23.0	1.0	19.0	19.0	1.0	9.0	9.0	True	True	True	True	True	True	True
APOBEC1							1.0	9.0	9.0	False	False	True	False	False	True	False
APOBEC2							0.6667	6.0	9.0	False	False	True	False	False	True	False
APOBEC3H							1.0	9.0	9.0	False	False	True	False	False	True	False
APOBR							1.0	9.0	9.0	False	False	True	False	False	True	False
APOC1	1.0	23.0	23.0	1.0	19.0	19.0	1.0	9.0	9.0	True	True	True	True	True	True	False
APOC2	1.0	23.0	23.0	0.8421	16.0	19.0				True	True	False	False	False	True	False
APOC3	1.0	23.0	23.0	1.0	19.0	19.0	0.8889	8.0	9.0	True	True	True	True	True	True	True
APOC4							1.0	9.0	9.0	False	False	True	False	False	False	False
APOD				0.8421	16.0	19.0	1.0	9.0	9.0	False	True	True	False	True	True	False
APOE							1.0	9.0	9.0	False	False	True	False	False	True	True
APOF							1.0	9.0	9.0	False	False	True	False	False	False	False
APOH	1.0	23.0	23.0	1.0	19.0	19.0	1.0	9.0	9.0	True	True	True	True	True	True	True
APOM				1.0	19.0	19.0	1.0	9.0	9.0	False	True	True	False	True	True	True
APON							1.0	9.0	9.0	False	False	True	False	False	False	False
APOO	1.0	23.0	23.0	1.0	19.0	19.0	1.0	9.0	9.0	True	True	True	True	True	True	True
APOOL				0.6842	13.0	19.0	1.0	9.0	9.0	False	True	True	False	True	True	True
APP	0.8696	20.0	23.0				1.0	9.0	9.0	True	False	True	False	True	True	True
APPBP2							1.0	9.0	9.0	False	False	True	False	False	True	True
APPL1	1.0	23.0	23.0	1.0	19.0	19.0	1.0	9.0	9.0	True	True	True	True	True	True	True
APPL2							1.0	9.0	9.0	False	False	True	False	False	True	True
APRT	1.0	23.0	23.0	1.0	19.0	19.0	1.0	9.0	9.0	True	True	True	True	True	True	True
APTX							1.0	9.0	9.0	False	False	True	False	False	True	True
AQP1	1.0	23.0	23.0	0.9474	18.0	19.0	1.0	9.0	9.0	True	True	True	True	True	True	True
AQP11							0.7778	7.0	9.0	False	False	True	False	False	True	True
AQP2				1.0	19.0	19.0	1.0	9.0	9.0	False	True	True	False	True	True	True
AQP3							1.0	9.0	9.0	False	False	True	False	False	True	True
AQP4							1.0	9.0	9.0	False	False	True	False	False	True	False
AQP6							1.0	9.0	9.0	False	False	True	False	False	True	True
AQP7							1.0	9.0	9.0	False	False	True	False	False	True	True
AQR							1.0	9.0	9.0	False	False	True	False	False	True	True
AR							1.0	9.0	9.0	False	False	True	False	False	True	True
ARAF							1.0	9.0	9.0	False	False	True	False	False	True	True
ARAP1	0.6957	16.0	23.0				1.0	9.0	9.0	True	False	True	False	True	True	True
ARAP2							1.0	9.0	9.0	False	False	True	False	False	True	True
ARAP3							1.0	9.0	9.0	False	False	True	False	False	True	True
ARB2A							1.0	9.0	9.0	False	False	True	False	False	True	False
ARCN1	1.0	23.0	23.0	1.0	19.0	19.0	1.0	9.0	9.0	True	True	True	True	True	True	True
AREL1							1.0	9.0	9.0	False	False	True	False	False	True	True
ARF1	1.0	23.0	23.0	0.7368	14.0	19.0	1.0	9.0	9.0	True	True	True	True	True	True	True
ARF2							1.0	9.0	9.0	False	False	True	False	False	True	False
ARF3							1.0	9.0	9.0	False	False	True	False	False	True	True
ARF4							1.0	9.0	9.0	False	False	True	False	False	True	True
ARF5							1.0	9.0	9.0	False	False	True	False	False	True	True
ARF6							1.0	9.0	9.0	False	False	True	False	False	True	True
ARFGAP1				0.8421	16.0	19.0	1.0	9.0	9.0	False	True	True	False	True	True	True
ARFGAP2							1.0	9.0	9.0	False	False	True	False	False	True	True
ARFGAP3	1.0	23.0	23.0	1.0	19.0	19.0	1.0	9.0	9.0	True	True	True	True	True	True	True
ARFGEF1	1.0	23.0	23.0	0.8421	16.0	19.0	1.0	9.0	9.0	True	True	True	True	True	True	True
ARFGEF2	0.8696	20.0	23.0	1.0	19.0	19.0	1.0	9.0	9.0	True	True	True	True	True	True	True
ARFGEF3							1.0	9.0	9.0	False	False	True	False	False	True	False
ARFIP1	1.0	23.0	23.0	1.0	19.0	19.0	1.0	9.0	9.0	True	True	True	True	True	True	True
ARFIP2							1.0	9.0	9.0	False	False	True	False	False	True	True
ARFRP1							1.0	9.0	9.0	False	False	True	False	False	True	True
ARG1							1.0	9.0	9.0	False	False	True	False	False	True	False
ARG2	1.0	23.0	23.0	0.7895	15.0	19.0	1.0	9.0	9.0	True	True	True	True	True	True	True
ARGLU1							1.0	9.0	9.0	False	False	True	False	False	True	True
ARHGAP1	1.0	23.0	23.0	1.0	19.0	19.0	1.0	9.0	9.0	True	True	True	True	True	True	True
ARHGAP10							1.0	9.0	9.0	False	False	True	False	False	True	True
ARHGAP11A							0.6667	6.0	9.0	False	False	True	False	False	True	True
ARHGAP12							1.0	9.0	9.0	False	False	True	False	False	True	True
ARHGAP15							1.0	9.0	9.0	False	False	True	False	False	True	True
ARHGAP17	1.0	23.0	23.0	1.0	19.0	19.0	1.0	9.0	9.0	True	True	True	True	True	True	True
ARHGAP18							1.0	9.0	9.0	False	False	True	False	False	True	True
ARHGAP21							1.0	9.0	9.0	False	False	True	False	False	True	True
ARHGAP22							1.0	9.0	9.0	False	False	True	False	False	True	True
ARHGAP23							1.0	9.0	9.0	False	False	True	False	False	True	True
ARHGAP24							1.0	9.0	9.0	False	False	True	False	False	True	True
ARHGAP25							1.0	9.0	9.0	False	False	True	False	False	True	False
ARHGAP26							1.0	9.0	9.0	False	False	True	False	False	True	True
ARHGAP27							1.0	9.0	9.0	False	False	True	False	False	True	True
ARHGAP28							1.0	9.0	9.0	False	False	True	False	False	True	False
ARHGAP29							1.0	9.0	9.0	False	False	True	False	False	True	True
ARHGAP30							1.0	9.0	9.0	False	False	True	False	False	True	True
ARHGAP31							1.0	9.0	9.0	False	False	True	False	False	True	True
ARHGAP32							1.0	9.0	9.0	False	False	True	False	False	True	True
ARHGAP35							1.0	9.0	9.0	False	False	True	False	False	True	True
ARHGAP36							0.6667	6.0	9.0	False	False	True	False	False	True	False
ARHGAP39							1.0	9.0	9.0	False	False	True	False	False	True	True
ARHGAP4							1.0	9.0	9.0	False	False	True	False	False	True	True
ARHGAP42							1.0	9.0	9.0	False	False	True	False	False	True	True
ARHGAP44							1.0	9.0	9.0	False	False	True	False	False	True	True
ARHGAP45							1.0	9.0	9.0	False	False	True	False	False	True	False
ARHGAP5							1.0	9.0	9.0	False	False	True	False	False	True	True
ARHGAP6							1.0	9.0	9.0	False	False	True	False	False	True	True
ARHGAP8							1.0	9.0	9.0	False	False	True	False	False	True	True
ARHGAP9							1.0	9.0	9.0	False	False	True	False	False	True	True
ARHGDIA	1.0	23.0	23.0	1.0	19.0	19.0	1.0	9.0	9.0	True	True	True	True	True	True	True
ARHGDIB	1.0	23.0	23.0	1.0	19.0	19.0	1.0	9.0	9.0	True	True	True	True	True	True	True
ARHGEF1	0.8261	19.0	23.0				1.0	9.0	9.0	True	False	True	False	True	True	True
ARHGEF10							1.0	9.0	9.0	False	False	True	False	False	True	True
ARHGEF10L							1.0	9.0	9.0	False	False	True	False	False	True	True
ARHGEF11							1.0	9.0	9.0	False	False	True	False	False	True	True
ARHGEF12				0.5789	11.0	19.0	1.0	9.0	9.0	False	True	True	False	True	True	True
ARHGEF15							1.0	9.0	9.0	False	False	True	False	False	True	True
ARHGEF16	0.6957	16.0	23.0	0.8421	16.0	19.0	1.0	9.0	9.0	True	True	True	True	True	True	True
ARHGEF17							1.0	9.0	9.0	False	False	True	False	False	True	True
ARHGEF18							1.0	9.0	9.0	False	False	True	False	False	True	True
ARHGEF19							1.0	9.0	9.0	False	False	True	False	False	True	True
ARHGEF2							1.0	9.0	9.0	False	False	True	False	False	True	True
ARHGEF25							1.0	9.0	9.0	False	False	True	False	False	True	False
ARHGEF26							1.0	9.0	9.0	False	False	True	False	False	True	False
ARHGEF28							1.0	9.0	9.0	False	False	True	False	False	True	True
ARHGEF3							1.0	9.0	9.0	False	False	True	False	False	True	True
ARHGEF37							1.0	9.0	9.0	False	False	True	False	False	True	False
ARHGEF38							1.0	9.0	9.0	False	False	True	False	False	True	False
ARHGEF39							1.0	9.0	9.0	False	False	True	False	False	True	True
ARHGEF4							0.6667	6.0	9.0	False	False	True	False	False	True	False
ARHGEF40							1.0	9.0	9.0	False	False	True	False	False	True	True
ARHGEF5							1.0	9.0	9.0	False	False	True	False	False	True	True
ARHGEF6							1.0	9.0	9.0	False	False	True	False	False	True	True
ARHGEF7	1.0	23.0	23.0				1.0	9.0	9.0	True	False	True	False	True	True	True
ARID1A							1.0	9.0	9.0	False	False	True	False	False	True	True
ARID1B							1.0	9.0	9.0	False	False	True	False	False	True	True
ARID2							1.0	9.0	9.0	False	False	True	False	False	True	True
ARID3A							1.0	9.0	9.0	False	False	True	False	False	True	True
ARID3B							1.0	9.0	9.0	False	False	True	False	False	True	False
ARID4A							1.0	9.0	9.0	False	False	True	False	False	True	True
ARID4B							1.0	9.0	9.0	False	False	True	False	False	True	True
ARID5A							0.8889	8.0	9.0	False	False	True	False	False	True	False
ARID5B							1.0	9.0	9.0	False	False	True	False	False	True	True
ARIH1							1.0	9.0	9.0	False	False	True	False	False	True	False
ARIH2							1.0	9.0	9.0	False	False	True	False	False	True	True
ARK2N							1.0	9.0	9.0	False	False	True	False	False	False	False
ARL1				0.9474	18.0	19.0	1.0	9.0	9.0	False	True	True	False	True	True	True
ARL10							1.0	9.0	9.0	False	False	True	False	False	True	True
ARL11							0.7778	7.0	9.0	False	False	True	False	False	True	False
ARL13B							1.0	9.0	9.0	False	False	True	False	False	True	True
ARL14EP							1.0	9.0	9.0	False	False	True	False	False	True	True
ARL15				0.9474	18.0	19.0	1.0	9.0	9.0	False	True	True	False	True	True	True
ARL2							1.0	9.0	9.0	False	False	True	False	False	True	True
ARL2BP							1.0	9.0	9.0	False	False	True	False	False	True	False
ARL3	1.0	23.0	23.0	1.0	19.0	19.0	1.0	9.0	9.0	True	True	True	True	True	True	True
ARL4A							1.0	9.0	9.0	False	False	True	False	False	True	True
ARL4C							1.0	9.0	9.0	False	False	True	False	False	True	True
ARL4D							1.0	9.0	9.0	False	False	True	False	False	True	True
ARL5A							1.0	9.0	9.0	False	False	True	False	False	True	True
ARL5B							1.0	9.0	9.0	False	False	True	False	False	True	True
ARL6							1.0	9.0	9.0	False	False	True	False	False	True	True
ARL6IP1	0.5217	12.0	23.0				1.0	9.0	9.0	True	False	True	False	True	True	True
ARL6IP4							1.0	9.0	9.0	False	False	True	False	False	True	True
ARL6IP5	1.0	23.0	23.0	1.0	19.0	19.0	1.0	9.0	9.0	True	True	True	True	True	True	True
ARL6IP6							1.0	9.0	9.0	False	False	True	False	False	True	True
ARL8A							1.0	9.0	9.0	False	False	True	False	False	True	True
ARL8B	1.0	23.0	23.0	1.0	19.0	19.0	1.0	9.0	9.0	True	True	True	True	True	True	True
ARLN							1.0	9.0	9.0	False	False	True	False	False	False	False
ARMC1	1.0	23.0	23.0				1.0	9.0	9.0	True	False	True	False	True	True	True
ARMC10	1.0	23.0	23.0	1.0	19.0	19.0	1.0	9.0	9.0	True	True	True	True	True	True	True
ARMC5							1.0	9.0	9.0	False	False	True	False	False	True	False
ARMC6	0.5652	13.0	23.0				1.0	9.0	9.0	True	False	True	False	True	True	True
ARMC7							0.6667	6.0	9.0	False	False	True	False	False	True	True
ARMC8							1.0	9.0	9.0	False	False	True	False	False	True	True
ARMC9							1.0	9.0	9.0	False	False	True	False	False	True	True
ARMCX1							1.0	9.0	9.0	False	False	True	False	False	True	True
ARMCX2							1.0	9.0	9.0	False	False	True	False	False	True	True
ARMCX3							1.0	9.0	9.0	False	False	True	False	False	True	True
ARMCX4							1.0	9.0	9.0	False	False	True	False	False	True	False
ARMCX5							1.0	9.0	9.0	False	False	True	False	False	True	True
ARMH3							1.0	9.0	9.0	False	False	True	False	False	True	False
ARNT							1.0	9.0	9.0	False	False	True	False	False	True	True
ARNT2							1.0	9.0	9.0	False	False	True	False	False	True	True
ARPC1A	1.0	23.0	23.0	1.0	19.0	19.0	1.0	9.0	9.0	True	True	True	True	True	True	True
ARPC1B							1.0	9.0	9.0	False	False	True	False	False	True	True
ARPC2	1.0	23.0	23.0	1.0	19.0	19.0	1.0	9.0	9.0	True	True	True	True	True	True	True
ARPC3	1.0	23.0	23.0	1.0	19.0	19.0	1.0	9.0	9.0	True	True	True	True	True	True	True
ARPC4	1.0	23.0	23.0	1.0	19.0	19.0	1.0	9.0	9.0	True	True	True	True	True	True	True
ARPC5	1.0	23.0	23.0	1.0	19.0	19.0	1.0	9.0	9.0	True	True	True	True	True	True	True
ARPC5L	1.0	23.0	23.0	1.0	19.0	19.0	1.0	9.0	9.0	True	True	True	True	True	True	True
ARPIN							1.0	9.0	9.0	False	False	True	False	False	True	False
ARPP19							1.0	9.0	9.0	False	False	True	False	False	True	False
ARRB1	1.0	23.0	23.0	1.0	19.0	19.0	1.0	9.0	9.0	True	True	True	True	True	True	True
ARRB2							1.0	9.0	9.0	False	False	True	False	False	True	True
ARRDC1							1.0	9.0	9.0	False	False	True	False	False	True	True
ARRDC3							1.0	9.0	9.0	False	False	True	False	False	True	True
ARRDC4							0.2222	2.0	9.0	False	False	False	False	False	True	True
ARSA							1.0	9.0	9.0	False	False	True	False	False	True	True
ARSB							1.0	9.0	9.0	False	False	True	False	False	True	True
ARSG							1.0	9.0	9.0	False	False	True	False	False	True	True
ARSK							1.0	9.0	9.0	False	False	True	False	False	True	True
ART2B							0.5556	5.0	9.0	False	False	True	False	False	False	False
ART3							1.0	9.0	9.0	False	False	True	False	False	True	False
ART4	0.8696	20.0	23.0	0.6316	12.0	19.0	1.0	9.0	9.0	True	True	True	True	True	True	True
ARV1							1.0	9.0	9.0	False	False	True	False	False	True	False
ARVCF							1.0	9.0	9.0	False	False	True	False	False	True	True
ARXES1							1.0	9.0	9.0	False	False	True	False	False	True	False
AS3MT	1.0	23.0	23.0				1.0	9.0	9.0	True	False	True	False	True	True	True
ASAH1	1.0	23.0	23.0	1.0	19.0	19.0	1.0	9.0	9.0	True	True	True	True	True	True	True
ASAH2							1.0	9.0	9.0	False	False	True	False	False	True	True
ASAP1							1.0	9.0	9.0	False	False	True	False	False	True	True
ASAP2							1.0	9.0	9.0	False	False	True	False	False	True	True
ASAP3							1.0	9.0	9.0	False	False	True	False	False	True	True
ASB1							1.0	9.0	9.0	False	False	True	False	False	True	True
ASB13							1.0	9.0	9.0	False	False	True	False	False	True	True
ASB3							1.0	9.0	9.0	False	False	True	False	False	True	True
ASB6							1.0	9.0	9.0	False	False	True	False	False	True	True
ASB7							1.0	9.0	9.0	False	False	True	False	False	True	True
ASB8							1.0	9.0	9.0	False	False	True	False	False	True	True
ASB9							1.0	9.0	9.0	False	False	True	False	False	True	True
ASCC1							1.0	9.0	9.0	False	False	True	False	False	True	True
ASCC2							1.0	9.0	9.0	False	False	True	False	False	True	True
ASCC3							1.0	9.0	9.0	False	False	True	False	False	True	True
ASDURF							1.0	9.0	9.0	False	False	True	False	False	True	False
ASF1A							1.0	9.0	9.0	False	False	True	False	False	True	True
ASF1B							0.6667	6.0	9.0	False	False	True	False	False	True	False
ASGR1							1.0	9.0	9.0	False	False	True	False	False	False	False
ASH1L							1.0	9.0	9.0	False	False	True	False	False	True	True
ASH2L							1.0	9.0	9.0	False	False	True	False	False	True	True
ASL	1.0	23.0	23.0	1.0	19.0	19.0	1.0	9.0	9.0	True	True	True	True	True	True	True
ASMTL	1.0	23.0	23.0	1.0	19.0	19.0				True	True	False	False	False	True	False
ASNS							1.0	9.0	9.0	False	False	True	False	False	True	True
ASNSD1							1.0	9.0	9.0	False	False	True	False	False	True	True
ASPA	1.0	23.0	23.0	0.8421	16.0	19.0	1.0	9.0	9.0	True	True	True	True	True	True	True
ASPDH	1.0	23.0	23.0	1.0	19.0	19.0	1.0	9.0	9.0	True	True	True	True	True	True	True
ASPG							1.0	9.0	9.0	False	False	True	False	False	True	False
ASPH	1.0	23.0	23.0	1.0	19.0	19.0	1.0	9.0	9.0	True	True	True	True	True	True	True
ASPN	1.0	23.0	23.0	1.0	19.0	19.0	1.0	9.0	9.0	True	True	True	True	True	True	True
ASPRV1							0.7778	7.0	9.0	False	False	True	False	False	True	False
ASPSCR1	1.0	23.0	23.0	1.0	19.0	19.0	1.0	9.0	9.0	True	True	True	True	True	True	True
ASRGL1	0.6957	16.0	23.0				1.0	9.0	9.0	True	False	True	False	True	True	True
ASS1	1.0	23.0	23.0	1.0	19.0	19.0	1.0	9.0	9.0	True	True	True	True	True	True	True
ASTE1							1.0	9.0	9.0	False	False	True	False	False	True	True
ASXL1							1.0	9.0	9.0	False	False	True	False	False	True	True
ASXL2							1.0	9.0	9.0	False	False	True	False	False	True	True
ATAD1	1.0	23.0	23.0	0.8421	16.0	19.0	1.0	9.0	9.0	True	True	True	True	True	True	True
ATAD2							1.0	9.0	9.0	False	False	True	False	False	True	True
ATAD2B							1.0	9.0	9.0	False	False	True	False	False	True	True
ATAD3A	1.0	23.0	23.0	0.8947	17.0	19.0	1.0	9.0	9.0	True	True	True	True	True	True	False
ATAD5							0.7778	7.0	9.0	False	False	True	False	False	True	False
ATAT1							1.0	9.0	9.0	False	False	True	False	False	True	True
ATE1							1.0	9.0	9.0	False	False	True	False	False	True	True
ATF1							1.0	9.0	9.0	False	False	True	False	False	True	True
ATF2							1.0	9.0	9.0	False	False	True	False	False	True	True
ATF3							0.7778	7.0	9.0	False	False	True	False	False	True	True
ATF6							1.0	9.0	9.0	False	False	True	False	False	True	True
ATF6B							1.0	9.0	9.0	False	False	True	False	False	True	True
ATF7							1.0	9.0	9.0	False	False	True	False	False	True	False
ATF7IP							1.0	9.0	9.0	False	False	True	False	False	True	True
ATG10							1.0	9.0	9.0	False	False	True	False	False	True	True
ATG101							1.0	9.0	9.0	False	False	True	False	False	True	True
ATG12							1.0	9.0	9.0	False	False	True	False	False	True	True
ATG13							1.0	9.0	9.0	False	False	True	False	False	True	True
ATG14							1.0	9.0	9.0	False	False	True	False	False	True	True
ATG16L1							1.0	9.0	9.0	False	False	True	False	False	True	True
ATG16L2							1.0	9.0	9.0	False	False	True	False	False	True	True
ATG2A							1.0	9.0	9.0	False	False	True	False	False	True	True
ATG2B							1.0	9.0	9.0	False	False	True	False	False	True	True
ATG3	1.0	23.0	23.0	1.0	19.0	19.0	1.0	9.0	9.0	True	True	True	True	True	True	True
ATG4A							1.0	9.0	9.0	False	False	True	False	False	True	True
ATG4B	0.6087	14.0	23.0				1.0	9.0	9.0	True	False	True	False	True	True	True
ATG4C							1.0	9.0	9.0	False	False	True	False	False	True	True
ATG4D							1.0	9.0	9.0	False	False	True	False	False	True	True
ATG5							1.0	9.0	9.0	False	False	True	False	False	True	True
ATG7	1.0	23.0	23.0	1.0	19.0	19.0	1.0	9.0	9.0	True	True	True	True	True	True	True
ATG9A							1.0	9.0	9.0	False	False	True	False	False	True	True
ATIC	1.0	23.0	23.0	1.0	19.0	19.0	1.0	9.0	9.0	True	True	True	True	True	True	True
ATL1							1.0	9.0	9.0	False	False	True	False	False	True	False
ATL2	0.8696	20.0	23.0				1.0	9.0	9.0	True	False	True	False	True	True	True
ATL3	1.0	23.0	23.0	1.0	19.0	19.0	1.0	9.0	9.0	True	True	True	True	True	True	True
ATM							1.0	9.0	9.0	False	False	True	False	False	True	True
ATMIN							0.6667	6.0	9.0	False	False	True	False	False	True	True
ATN1							1.0	9.0	9.0	False	False	True	False	False	True	True
ATOSA							0.4444	4.0	9.0	False	False	False	False	False	True	False
ATOSB							0.7778	7.0	9.0	False	False	True	False	False	True	False
ATOX1	1.0	23.0	23.0	1.0	19.0	19.0	1.0	9.0	9.0	True	True	True	True	True	True	True
ATP10A							0.5556	5.0	9.0	False	False	True	False	False	True	False
ATP10B							0.8889	8.0	9.0	False	False	True	False	False	True	False
ATP11A	0.7391	17.0	23.0				1.0	9.0	9.0	True	False	True	False	True	True	True
ATP11B							1.0	9.0	9.0	False	False	True	False	False	True	True
ATP11C				0.8947	17.0	19.0	1.0	9.0	9.0	False	True	True	False	True	True	True
ATP12A							1.0	9.0	9.0	False	False	True	False	False	True	False
ATP13A1	0.5217	12.0	23.0				1.0	9.0	9.0	True	False	True	False	True	True	True
ATP13A2							1.0	9.0	9.0	False	False	True	False	False	True	True
ATP13A3							1.0	9.0	9.0	False	False	True	False	False	True	True
ATP1A1	1.0	23.0	23.0	1.0	19.0	19.0	1.0	9.0	9.0	True	True	True	True	True	True	True
ATP1A2							1.0	9.0	9.0	False	False	True	False	False	True	False
ATP1A3							1.0	9.0	9.0	False	False	True	False	False	True	False
ATP1B1	1.0	23.0	23.0	1.0	19.0	19.0	1.0	9.0	9.0	True	True	True	True	True	True	True
ATP1B2							1.0	9.0	9.0	False	False	True	False	False	True	True
ATP1B3	1.0	23.0	23.0	1.0	19.0	19.0	1.0	9.0	9.0	True	True	True	True	True	True	True
ATP23							1.0	9.0	9.0	False	False	True	False	False	True	False
ATP2A1							1.0	9.0	9.0	False	False	True	False	False	True	False
ATP2A2	1.0	23.0	23.0	1.0	19.0	19.0	1.0	9.0	9.0	True	True	True	True	True	True	True
ATP2A3							1.0	9.0	9.0	False	False	True	False	False	True	True
ATP2B1	1.0	23.0	23.0	0.8947	17.0	19.0	1.0	9.0	9.0	True	True	True	True	True	True	True
ATP2B2							1.0	9.0	9.0	False	False	True	False	False	True	False
ATP2B3	1.0	23.0	23.0	1.0	19.0	19.0	1.0	9.0	9.0	True	True	True	True	True	False	False
ATP2B4	1.0	23.0	23.0	1.0	19.0	19.0	1.0	9.0	9.0	True	True	True	True	True	True	True
ATP2C1							1.0	9.0	9.0	False	False	True	False	False	True	True
ATP4A							0.7778	7.0	9.0	False	False	True	False	False	True	False
ATP5F1A	1.0	23.0	23.0	1.0	19.0	19.0	1.0	9.0	9.0	True	True	True	True	True	True	False
ATP5F1B	1.0	23.0	23.0	1.0	19.0	19.0	1.0	9.0	9.0	True	True	True	True	True	True	False
ATP5F1C	1.0	23.0	23.0	1.0	19.0	19.0	1.0	9.0	9.0	True	True	True	True	True	True	False
ATP5F1D	1.0	23.0	23.0	1.0	19.0	19.0	1.0	9.0	9.0	True	True	True	True	True	True	False
ATP5F1E							1.0	9.0	9.0	False	False	True	False	False	True	False
ATP5IF1	1.0	23.0	23.0	1.0	19.0	19.0	1.0	9.0	9.0	True	True	True	True	True	True	False
ATP5MC1							1.0	9.0	9.0	False	False	True	False	False	True	False
ATP5MD	1.0	23.0	23.0	1.0	19.0	19.0				True	True	False	False	False	True	False
ATP5ME	1.0	23.0	23.0	1.0	19.0	19.0	1.0	9.0	9.0	True	True	True	True	True	False	False
ATP5MF	0.9565	22.0	23.0	0.9474	18.0	19.0	1.0	9.0	9.0	True	True	True	True	True	True	False
ATP5MG	1.0	23.0	23.0	0.9474	18.0	19.0	1.0	9.0	9.0	True	True	True	True	True	True	False
ATP5MJ							1.0	9.0	9.0	False	False	True	False	False	True	False
ATP5MK							1.0	9.0	9.0	False	False	True	False	False	True	False
ATP5PB	1.0	23.0	23.0	1.0	19.0	19.0	1.0	9.0	9.0	True	True	True	True	True	True	False
ATP5PD	1.0	23.0	23.0	1.0	19.0	19.0	1.0	9.0	9.0	True	True	True	True	True	True	False
ATP5PF	1.0	23.0	23.0	1.0	19.0	19.0	1.0	9.0	9.0	True	True	True	True	True	True	False
ATP5PO	1.0	23.0	23.0	1.0	19.0	19.0	1.0	9.0	9.0	True	True	True	True	True	True	False
ATP6AP1							1.0	9.0	9.0	False	False	True	False	False	True	True
ATP6AP2							1.0	9.0	9.0	False	False	True	False	False	True	True
ATP6V0A1	1.0	23.0	23.0	0.8421	16.0	19.0	1.0	9.0	9.0	True	True	True	True	True	True	True
ATP6V0A2							1.0	9.0	9.0	False	False	True	False	False	True	True
ATP6V0A4	1.0	23.0	23.0	0.6842	13.0	19.0	1.0	9.0	9.0	True	True	True	True	True	True	True
ATP6V0C							1.0	9.0	9.0	False	False	True	False	False	True	True
ATP6V0D1	0.9565	22.0	23.0	1.0	19.0	19.0	1.0	9.0	9.0	True	True	True	True	True	True	True
ATP6V0D2							1.0	9.0	9.0	False	False	True	False	False	True	True
ATP6V1A	1.0	23.0	23.0	1.0	19.0	19.0	1.0	9.0	9.0	True	True	True	True	True	True	True
ATP6V1B1	1.0	23.0	23.0	1.0	19.0	19.0	1.0	9.0	9.0	True	True	True	True	True	True	True
ATP6V1B2	1.0	23.0	23.0	1.0	19.0	19.0	1.0	9.0	9.0	True	True	True	True	True	True	True
ATP6V1C1	1.0	23.0	23.0	1.0	19.0	19.0	1.0	9.0	9.0	True	True	True	True	True	True	True
ATP6V1C2	0.8261	19.0	23.0				1.0	9.0	9.0	True	False	True	False	True	True	True
ATP6V1D	1.0	23.0	23.0	1.0	19.0	19.0	1.0	9.0	9.0	True	True	True	True	True	True	True
ATP6V1E1	1.0	23.0	23.0	1.0	19.0	19.0	1.0	9.0	9.0	True	True	True	True	True	True	True
ATP6V1F	1.0	23.0	23.0	1.0	19.0	19.0	1.0	9.0	9.0	True	True	True	True	True	True	True
ATP6V1G1	0.9565	22.0	23.0				1.0	9.0	9.0	True	False	True	False	True	True	True
ATP6V1G2							0.8889	8.0	9.0	False	False	True	False	False	True	False
ATP6V1G3	0.6087	14.0	23.0				1.0	9.0	9.0	True	False	True	False	True	True	True
ATP6V1H	1.0	23.0	23.0	1.0	19.0	19.0	1.0	9.0	9.0	True	True	True	True	True	True	True
ATP7A							1.0	9.0	9.0	False	False	True	False	False	True	True
ATP7B							1.0	9.0	9.0	False	False	True	False	False	True	False
ATP8A1							1.0	9.0	9.0	False	False	True	False	False	True	True
ATP8B1							1.0	9.0	9.0	False	False	True	False	False	True	True
ATP8B2							1.0	9.0	9.0	False	False	True	False	False	True	True
ATP9A							1.0	9.0	9.0	False	False	True	False	False	True	True
ATP9B							1.0	9.0	9.0	False	False	True	False	False	True	True
ATPAF1	1.0	23.0	23.0	0.7368	14.0	19.0	1.0	9.0	9.0	True	True	True	True	True	True	True
ATPAF2	0.7826	18.0	23.0				1.0	9.0	9.0	True	False	True	False	True	True	True
ATPSCKMT							1.0	9.0	9.0	False	False	True	False	False	True	False
ATR							1.0	9.0	9.0	False	False	True	False	False	True	True
ATRAID							1.0	9.0	9.0	False	False	True	False	False	True	True
ATRIP							1.0	9.0	9.0	False	False	True	False	False	True	True
ATRN							1.0	9.0	9.0	False	False	True	False	False	True	True
ATRNL1							1.0	9.0	9.0	False	False	True	False	False	True	True
ATRX							1.0	9.0	9.0	False	False	True	False	False	True	True
ATXN1							1.0	9.0	9.0	False	False	True	False	False	True	True
ATXN10							1.0	9.0	9.0	False	False	True	False	False	True	True
ATXN1L							1.0	9.0	9.0	False	False	True	False	False	True	True
ATXN2	0.7391	17.0	23.0				1.0	9.0	9.0	True	False	True	False	True	True	True
ATXN2L	0.8696	20.0	23.0	0.7368	14.0	19.0	1.0	9.0	9.0	True	True	True	True	True	True	True
ATXN3							1.0	9.0	9.0	False	False	True	False	False	True	True
ATXN7							1.0	9.0	9.0	False	False	True	False	False	True	True
ATXN7L1							0.2222	2.0	9.0	False	False	False	False	False	True	True
ATXN7L2							1.0	9.0	9.0	False	False	True	False	False	True	True
ATXN7L3							1.0	9.0	9.0	False	False	True	False	False	True	True
ATXN7L3B							1.0	9.0	9.0	False	False	True	False	False	True	True
AU041133							0.5556	5.0	9.0	False	False	True	False	False	True	False
AUH	1.0	23.0	23.0	1.0	19.0	19.0	1.0	9.0	9.0	True	True	True	True	True	True	True
AUP1	0.6957	16.0	23.0	0.6316	12.0	19.0	1.0	9.0	9.0	True	True	True	True	True	True	True
AURKA							0.8889	8.0	9.0	False	False	True	False	False	True	True
AURKAIP1							1.0	9.0	9.0	False	False	True	False	False	True	True
AURKB							0.7778	7.0	9.0	False	False	True	False	False	True	False
AUTS2							1.0	9.0	9.0	False	False	True	False	False	True	True
AVEN							1.0	9.0	9.0	False	False	True	False	False	True	False
AVIL							1.0	9.0	9.0	False	False	True	False	False	True	False
AVL9							1.0	9.0	9.0	False	False	True	False	False	True	True
AVPI1							1.0	9.0	9.0	False	False	True	False	False	True	True
AVPR1A							1.0	9.0	9.0	False	False	True	False	False	True	True
AVPR2							1.0	9.0	9.0	False	False	True	False	False	True	False
AW146154							0.6667	6.0	9.0	False	False	True	False	False	True	False
AW551984							0.7778	7.0	9.0	False	False	True	False	False	False	False
AXIN1							1.0	9.0	9.0	False	False	True	False	False	True	True
AXL							1.0	9.0	9.0	False	False	True	False	False	True	True
AZGP1							1.0	9.0	9.0	False	False	True	False	False	True	True
AZI2							1.0	9.0	9.0	False	False	True	False	False	True	True
B230307C23RIK							0.8889	8.0	9.0	False	False	True	False	False	True	False
B2M							1.0	9.0	9.0	False	False	True	False	False	True	True
B3GALNT1							1.0	9.0	9.0	False	False	True	False	False	True	True
B3GALNT2							1.0	9.0	9.0	False	False	True	False	False	True	True
B3GALT4							1.0	9.0	9.0	False	False	True	False	False	True	False
B3GALT5							1.0	9.0	9.0	False	False	True	False	False	True	False
B3GALT6							1.0	9.0	9.0	False	False	True	False	False	True	True
B3GAT2							1.0	9.0	9.0	False	False	True	False	False	True	False
B3GAT3							1.0	9.0	9.0	False	False	True	False	False	True	True
B3GLCT							1.0	9.0	9.0	False	False	True	False	False	True	True
B3GNT2							1.0	9.0	9.0	False	False	True	False	False	True	False
B3GNT3							1.0	9.0	9.0	False	False	True	False	False	True	True
B3GNT7							1.0	9.0	9.0	False	False	True	False	False	True	True
B3GNT8							1.0	9.0	9.0	False	False	True	False	False	True	False
B3GNT9							0.6667	6.0	9.0	False	False	True	False	False	True	False
B4GALNT1							1.0	9.0	9.0	False	False	True	False	False	True	False
B4GALNT2							0.6667	6.0	9.0	False	False	True	False	False	False	False
B4GALNT3							1.0	9.0	9.0	False	False	True	False	False	True	True
B4GALT1							1.0	9.0	9.0	False	False	True	False	False	True	True
B4GALT3							1.0	9.0	9.0	False	False	True	False	False	True	True
B4GALT4							1.0	9.0	9.0	False	False	True	False	False	True	True
B4GALT5							1.0	9.0	9.0	False	False	True	False	False	True	True
B4GALT6							1.0	9.0	9.0	False	False	True	False	False	True	True
B4GALT7							1.0	9.0	9.0	False	False	True	False	False	True	True
B4GAT1							1.0	9.0	9.0	False	False	True	False	False	True	False
B630019K06RIK							0.8889	8.0	9.0	False	False	True	False	False	True	False
B9D1							1.0	9.0	9.0	False	False	True	False	False	True	True
B9D2							1.0	9.0	9.0	False	False	True	False	False	True	True
BAAT	1.0	23.0	23.0	0.9474	18.0	19.0	1.0	9.0	9.0	True	True	True	True	True	True	False
BABAM1							1.0	9.0	9.0	False	False	True	False	False	True	True
BABAM2							1.0	9.0	9.0	False	False	True	False	False	True	False
BACC1							1.0	9.0	9.0	False	False	True	False	False	False	False
BACE1							1.0	9.0	9.0	False	False	True	False	False	True	True
BACE2							0.6667	6.0	9.0	False	False	True	False	False	True	False
BACH1							1.0	9.0	9.0	False	False	True	False	False	True	True
BACH2							0.8889	8.0	9.0	False	False	True	False	False	True	False
BAD							1.0	9.0	9.0	False	False	True	False	False	True	True
BAG1							1.0	9.0	9.0	False	False	True	False	False	True	True
BAG2							1.0	9.0	9.0	False	False	True	False	False	True	True
BAG3	0.9565	22.0	23.0				1.0	9.0	9.0	True	False	True	False	True	True	True
BAG4							1.0	9.0	9.0	False	False	True	False	False	True	True
BAG5	0.8696	20.0	23.0				1.0	9.0	9.0	True	False	True	False	True	True	True
BAG6	1.0	23.0	23.0				1.0	9.0	9.0	True	False	True	False	True	True	True
BAHCC1							0.7778	7.0	9.0	False	False	True	False	False	True	True
BAHD1							1.0	9.0	9.0	False	False	True	False	False	True	True
BAIAP2	1.0	23.0	23.0	0.8421	16.0	19.0	1.0	9.0	9.0	True	True	True	True	True	True	True
BAIAP2L1							1.0	9.0	9.0	False	False	True	False	False	True	True
BAIAP2L2							1.0	9.0	9.0	False	False	True	False	False	True	True
BAIAP3							1.0	9.0	9.0	False	False	True	False	False	True	False
BAK1	0.8696	20.0	23.0				1.0	9.0	9.0	True	False	True	False	True	True	True
BANF1	1.0	23.0	23.0	1.0	19.0	19.0	1.0	9.0	9.0	True	True	True	True	True	True	True
BANK1							0.4444	4.0	9.0	False	False	False	False	False	True	False
BANP							1.0	9.0	9.0	False	False	True	False	False	True	True
BAP1							1.0	9.0	9.0	False	False	True	False	False	True	True
BASP1	0.9565	22.0	23.0				1.0	9.0	9.0	True	False	True	False	True	True	True
BATF3							0.5556	5.0	9.0	False	False	True	False	False	True	True
BAX							1.0	9.0	9.0	False	False	True	False	False	True	False
BAZ1A							1.0	9.0	9.0	False	False	True	False	False	True	True
BAZ1B							1.0	9.0	9.0	False	False	True	False	False	True	True
BAZ2A							1.0	9.0	9.0	False	False	True	False	False	True	True
BAZ2B							1.0	9.0	9.0	False	False	True	False	False	True	True
BBC3							1.0	9.0	9.0	False	False	True	False	False	True	True
BBIP1							1.0	9.0	9.0	False	False	True	False	False	True	True
BBLN							1.0	9.0	9.0	False	False	True	False	False	True	False
BBOX1	1.0	23.0	23.0	1.0	19.0	19.0	0.6667	6.0	9.0	True	True	True	True	True	True	False
BBS1							1.0	9.0	9.0	False	False	True	False	False	True	True
BBS2							1.0	9.0	9.0	False	False	True	False	False	True	True
BBS4							1.0	9.0	9.0	False	False	True	False	False	True	True
BBS5							1.0	9.0	9.0	False	False	True	False	False	True	True
BBS7							1.0	9.0	9.0	False	False	True	False	False	True	True
BBS9							1.0	9.0	9.0	False	False	True	False	False	True	True
BBX							1.0	9.0	9.0	False	False	True	False	False	True	True
BC024063							1.0	9.0	9.0	False	False	True	False	False	True	False
BC035947							1.0	9.0	9.0	False	False	True	False	False	True	False
BCAM	1.0	23.0	23.0	1.0	19.0	19.0	1.0	9.0	9.0	True	True	True	True	True	True	True
BCAP29							1.0	9.0	9.0	False	False	True	False	False	True	True
BCAP31	1.0	23.0	23.0	1.0	19.0	19.0	1.0	9.0	9.0	True	True	True	True	True	True	True
BCAR1	1.0	23.0	23.0				1.0	9.0	9.0	True	False	True	False	True	True	True
BCAR3							1.0	9.0	9.0	False	False	True	False	False	True	True
BCAS2	0.8696	20.0	23.0				1.0	9.0	9.0	True	False	True	False	True	True	True
BCAS3							1.0	9.0	9.0	False	False	True	False	False	True	True
BCAT1	1.0	23.0	23.0	1.0	19.0	19.0	1.0	9.0	9.0	True	True	True	True	True	True	True
BCAT2	1.0	23.0	23.0	1.0	19.0	19.0	1.0	9.0	9.0	True	True	True	True	True	True	True
BCCIP							1.0	9.0	9.0	False	False	True	False	False	True	False
BCDIN3D							1.0	9.0	9.0	False	False	True	False	False	True	True
BCHE							1.0	9.0	9.0	False	False	True	False	False	False	False
BCKDHA	1.0	23.0	23.0	1.0	19.0	19.0	1.0	9.0	9.0	True	True	True	True	True	True	True
BCKDHB	1.0	23.0	23.0	1.0	19.0	19.0	1.0	9.0	9.0	True	True	True	True	True	True	True
BCKDK	1.0	23.0	23.0	1.0	19.0	19.0	1.0	9.0	9.0	True	True	True	True	True	True	True
BCL10							1.0	9.0	9.0	False	False	True	False	False	True	True
BCL2							1.0	9.0	9.0	False	False	True	False	False	True	True
BCL2L1							1.0	9.0	9.0	False	False	True	False	False	True	True
BCL2L11							1.0	9.0	9.0	False	False	True	False	False	True	True
BCL2L12							0.7778	7.0	9.0	False	False	True	False	False	True	True
BCL2L13	1.0	23.0	23.0	1.0	19.0	19.0	1.0	9.0	9.0	True	True	True	True	True	True	True
BCL2L14							1.0	9.0	9.0	False	False	True	False	False	True	False
BCL2L2							1.0	9.0	9.0	False	False	True	False	False	True	True
BCL3							0.6667	6.0	9.0	False	False	True	False	False	True	True
BCL6							1.0	9.0	9.0	False	False	True	False	False	True	True
BCL7A							1.0	9.0	9.0	False	False	True	False	False	True	True
BCL7B							1.0	9.0	9.0	False	False	True	False	False	True	True
BCL7C							1.0	9.0	9.0	False	False	True	False	False	True	True
BCL9							1.0	9.0	9.0	False	False	True	False	False	True	True
BCL9L							1.0	9.0	9.0	False	False	True	False	False	True	True
BCLAF1	1.0	23.0	23.0				1.0	9.0	9.0	True	False	True	False	True	True	True
BCLAF3							1.0	9.0	9.0	False	False	True	False	False	True	False
BCO1							1.0	9.0	9.0	False	False	True	False	False	True	True
BCO2							1.0	9.0	9.0	False	False	True	False	False	True	True
BCOR							1.0	9.0	9.0	False	False	True	False	False	True	True
BCORL1							1.0	9.0	9.0	False	False	True	False	False	True	True
BCR							1.0	9.0	9.0	False	False	True	False	False	True	True
BCS1L	0.8261	19.0	23.0	1.0	19.0	19.0	1.0	9.0	9.0	True	True	True	True	True	True	True
BDH1	0.8696	20.0	23.0	1.0	19.0	19.0	1.0	9.0	9.0	True	True	True	True	True	True	True
BDH2	1.0	23.0	23.0	1.0	19.0	19.0	1.0	9.0	9.0	True	True	True	True	True	True	True
BDP1							1.0	9.0	9.0	False	False	True	False	False	True	True
BECN1							1.0	9.0	9.0	False	False	True	False	False	True	True
BEND3							1.0	9.0	9.0	False	False	True	False	False	True	True
BEND5							1.0	9.0	9.0	False	False	True	False	False	True	False
BEND7							1.0	9.0	9.0	False	False	True	False	False	True	True
BET1							1.0	9.0	9.0	False	False	True	False	False	True	True
BET1L							1.0	9.0	9.0	False	False	True	False	False	True	True
BEX4							0.7778	7.0	9.0	False	False	True	False	False	True	False
BFAR							1.0	9.0	9.0	False	False	True	False	False	True	True
BGN							1.0	9.0	9.0	False	False	True	False	False	True	True
BHLHE40							1.0	9.0	9.0	False	False	True	False	False	True	True
BHLHE41							0.5556	5.0	9.0	False	False	True	False	False	True	True
BHMT	1.0	23.0	23.0	1.0	19.0	19.0	0.6667	6.0	9.0	True	True	True	True	True	True	False
BHMT2							0.3333	3.0	9.0	False	False	False	False	False	True	True
BICC1							1.0	9.0	9.0	False	False	True	False	False	True	True
BICD1							1.0	9.0	9.0	False	False	True	False	False	True	False
BICD2							1.0	9.0	9.0	False	False	True	False	False	True	True
BICDL1							1.0	9.0	9.0	False	False	True	False	False	True	False
BICDL2							1.0	9.0	9.0	False	False	True	False	False	True	False
BICRA							1.0	9.0	9.0	False	False	True	False	False	True	False
BICRAL							1.0	9.0	9.0	False	False	True	False	False	True	False
BID	1.0	23.0	23.0				1.0	9.0	9.0	True	False	True	False	True	True	True
BIK							0.6667	6.0	9.0	False	False	True	False	False	True	True
BIN1	1.0	23.0	23.0	1.0	19.0	19.0	1.0	9.0	9.0	True	True	True	True	True	True	True
BIN2							1.0	9.0	9.0	False	False	True	False	False	True	True
BIN3							1.0	9.0	9.0	False	False	True	False	False	True	True
BIRC2							1.0	9.0	9.0	False	False	True	False	False	True	True
BIRC3							1.0	9.0	9.0	False	False	True	False	False	True	False
BIRC6							1.0	9.0	9.0	False	False	True	False	False	True	True
BIVM							1.0	9.0	9.0	False	False	True	False	False	True	False
BLES03							1.0	9.0	9.0	False	False	True	False	False	False	False
BLMH	1.0	23.0	23.0	1.0	19.0	19.0	1.0	9.0	9.0	True	True	True	True	True	True	True
BLNK							1.0	9.0	9.0	False	False	True	False	False	True	True
BLOC1S1				0.5789	11.0	19.0	1.0	9.0	9.0	False	True	True	False	True	True	True
BLOC1S2							1.0	9.0	9.0	False	False	True	False	False	True	True
BLOC1S3	0.6087	14.0	23.0				1.0	9.0	9.0	True	False	True	False	True	True	True
BLOC1S4							1.0	9.0	9.0	False	False	True	False	False	True	True
BLOC1S5	1.0	23.0	23.0				1.0	9.0	9.0	True	False	True	False	True	True	True
BLOC1S6							1.0	9.0	9.0	False	False	True	False	False	True	True
BLTP1							1.0	9.0	9.0	False	False	True	False	False	True	False
BLTP2							1.0	9.0	9.0	False	False	True	False	False	True	False
BLTP3A							1.0	9.0	9.0	False	False	True	False	False	True	False
BLTP3B							1.0	9.0	9.0	False	False	True	False	False	True	False
BLVRA	1.0	23.0	23.0	1.0	19.0	19.0	1.0	9.0	9.0	True	True	True	True	True	True	True
BLVRB	1.0	23.0	23.0	1.0	19.0	19.0	1.0	9.0	9.0	True	True	True	True	True	True	True
BLZF1							1.0	9.0	9.0	False	False	True	False	False	True	True
BMAL1							1.0	9.0	9.0	False	False	True	False	False	True	False
BMF							1.0	9.0	9.0	False	False	True	False	False	True	True
BMI1							1.0	9.0	9.0	False	False	True	False	False	True	True
BMP1							1.0	9.0	9.0	False	False	True	False	False	True	True
BMP2K							1.0	9.0	9.0	False	False	True	False	False	True	True
BMP3							0.8889	8.0	9.0	False	False	True	False	False	True	False
BMP4							0.7778	7.0	9.0	False	False	True	False	False	True	True
BMP6							0.7778	7.0	9.0	False	False	True	False	False	True	True
BMP7							0.7778	7.0	9.0	False	False	True	False	False	True	True
BMPER							1.0	9.0	9.0	False	False	True	False	False	True	False
BMPR1A							1.0	9.0	9.0	False	False	True	False	False	True	True
BMPR1B							1.0	9.0	9.0	False	False	True	False	False	True	True
BMPR2							1.0	9.0	9.0	False	False	True	False	False	True	True
BMS1							1.0	9.0	9.0	False	False	True	False	False	True	True
BMX							1.0	9.0	9.0	False	False	True	False	False	True	False
BNC2							1.0	9.0	9.0	False	False	True	False	False	True	True
BNIP1							1.0	9.0	9.0	False	False	True	False	False	True	True
BNIP2							1.0	9.0	9.0	False	False	True	False	False	True	True
BNIP3							1.0	9.0	9.0	False	False	True	False	False	True	True
BNIP3L							1.0	9.0	9.0	False	False	True	False	False	True	True
BNIPL							0.6667	6.0	9.0	False	False	True	False	False	True	False
BOC							1.0	9.0	9.0	False	False	True	False	False	True	True
BOD1							1.0	9.0	9.0	False	False	True	False	False	True	True
BOD1L1							1.0	9.0	9.0	False	False	True	False	False	True	True
BOK							1.0	9.0	9.0	False	False	True	False	False	True	True
BOLA1							1.0	9.0	9.0	False	False	True	False	False	True	True
BOLA2							1.0	9.0	9.0	False	False	True	False	False	True	False
BOLA3							1.0	9.0	9.0	False	False	True	False	False	True	True
BOP1							1.0	9.0	9.0	False	False	True	False	False	True	True
BORCS5							1.0	9.0	9.0	False	False	True	False	False	True	False
BORCS6							1.0	9.0	9.0	False	False	True	False	False	True	False
BORCS7							1.0	9.0	9.0	False	False	True	False	False	True	False
BORCS8							0.8889	8.0	9.0	False	False	True	False	False	True	False
BPGM							1.0	9.0	9.0	False	False	True	False	False	True	True
BPHL	1.0	23.0	23.0	0.9474	18.0	19.0	1.0	9.0	9.0	True	True	True	True	True	True	True
BPIFA2							0.6667	6.0	9.0	False	False	True	False	False	False	False
BPIFB5							0.6667	6.0	9.0	False	False	True	False	False	False	False
BPNT1	1.0	23.0	23.0	1.0	19.0	19.0	1.0	9.0	9.0	True	True	True	True	True	True	True
BPNT2							1.0	9.0	9.0	False	False	True	False	False	True	False
BPTF							1.0	9.0	9.0	False	False	True	False	False	True	True
BRAF							1.0	9.0	9.0	False	False	True	False	False	True	True
BRAP							1.0	9.0	9.0	False	False	True	False	False	True	True
BRAT1							1.0	9.0	9.0	False	False	True	False	False	True	True
BRCA1							0.5556	5.0	9.0	False	False	True	False	False	True	False
BRCC3							1.0	9.0	9.0	False	False	True	False	False	True	True
BRD1							1.0	9.0	9.0	False	False	True	False	False	True	True
BRD10							0.8889	8.0	9.0	False	False	True	False	False	True	False
BRD2							1.0	9.0	9.0	False	False	True	False	False	True	True
BRD3							1.0	9.0	9.0	False	False	True	False	False	True	True
BRD3OS							1.0	9.0	9.0	False	False	True	False	False	True	False
BRD4							1.0	9.0	9.0	False	False	True	False	False	True	True
BRD7							1.0	9.0	9.0	False	False	True	False	False	True	True
BRD8							1.0	9.0	9.0	False	False	True	False	False	True	True
BRD9							1.0	9.0	9.0	False	False	True	False	False	True	True
BRF1							1.0	9.0	9.0	False	False	True	False	False	True	True
BRF2							1.0	9.0	9.0	False	False	True	False	False	True	True
BRI3							1.0	9.0	9.0	False	False	True	False	False	True	True
BRI3BP							1.0	9.0	9.0	False	False	True	False	False	True	True
BRIP1							0.4444	4.0	9.0	False	False	False	False	False	True	False
BRIX1							1.0	9.0	9.0	False	False	True	False	False	True	True
BRK1				1.0	19.0	19.0	1.0	9.0	9.0	False	True	True	False	True	True	True
BRMS1							1.0	9.0	9.0	False	False	True	False	False	True	True
BRMS1L							1.0	9.0	9.0	False	False	True	False	False	True	True
BROX				1.0	19.0	19.0	1.0	9.0	9.0	False	True	True	False	True	True	True
BRPF1							1.0	9.0	9.0	False	False	True	False	False	True	True
BRPF3							1.0	9.0	9.0	False	False	True	False	False	True	True
BRSK1							1.0	9.0	9.0	False	False	True	False	False	True	False
BRWD1							1.0	9.0	9.0	False	False	True	False	False	True	True
BRWD3							1.0	9.0	9.0	False	False	True	False	False	True	True
BSCL2							1.0	9.0	9.0	False	False	True	False	False	True	True
BSDC1							1.0	9.0	9.0	False	False	True	False	False	True	True
BSG	1.0	23.0	23.0	1.0	19.0	19.0	1.0	9.0	9.0	True	True	True	True	True	True	True
BSND	1.0	23.0	23.0	1.0	19.0	19.0	1.0	9.0	9.0	True	True	True	True	True	True	True
BSPRY							1.0	9.0	9.0	False	False	True	False	False	True	True
BST1	1.0	23.0	23.0	0.8947	17.0	19.0	1.0	9.0	9.0	True	True	True	True	True	True	True
BST2							1.0	9.0	9.0	False	False	True	False	False	True	True
BTAF1							1.0	9.0	9.0	False	False	True	False	False	True	True
BTBD1							1.0	9.0	9.0	False	False	True	False	False	True	True
BTBD10							1.0	9.0	9.0	False	False	True	False	False	True	True
BTBD2							1.0	9.0	9.0	False	False	True	False	False	True	True
BTBD3							1.0	9.0	9.0	False	False	True	False	False	True	True
BTBD6							1.0	9.0	9.0	False	False	True	False	False	True	True
BTBD7							1.0	9.0	9.0	False	False	True	False	False	True	True
BTBD8							1.0	9.0	9.0	False	False	True	False	False	True	False
BTBD9							1.0	9.0	9.0	False	False	True	False	False	True	True
BTC							1.0	9.0	9.0	False	False	True	False	False	True	True
BTD	1.0	23.0	23.0	1.0	19.0	19.0	1.0	9.0	9.0	True	True	True	True	True	True	True
BTF3	1.0	23.0	23.0	1.0	19.0	19.0	1.0	9.0	9.0	True	True	True	True	True	True	True
BTF3L4	1.0	23.0	23.0	0.7368	14.0	19.0	1.0	9.0	9.0	True	True	True	True	True	True	True
BTG1							0.8889	8.0	9.0	False	False	True	False	False	True	True
BTG3							0.8889	8.0	9.0	False	False	True	False	False	True	True
BTK							1.0	9.0	9.0	False	False	True	False	False	True	False
BTN3A1							0.4444	4.0	9.0	False	False	False	False	False	False	False
BTNL10							0.5556	5.0	9.0	False	False	True	False	False	False	False
BTNL9							1.0	9.0	9.0	False	False	True	False	False	True	True
BTRC							1.0	9.0	9.0	False	False	True	False	False	True	True
BUB1B							1.0	9.0	9.0	False	False	True	False	False	True	False
BUB3	1.0	23.0	23.0	1.0	19.0	19.0	1.0	9.0	9.0	True	True	True	True	True	True	True
BUD13							1.0	9.0	9.0	False	False	True	False	False	True	True
BUD23							1.0	9.0	9.0	False	False	True	False	False	True	False
BUD31							1.0	9.0	9.0	False	False	True	False	False	True	True
BYSL							1.0	9.0	9.0	False	False	True	False	False	True	True
BZW1	1.0	23.0	23.0	1.0	19.0	19.0	1.0	9.0	9.0	True	True	True	True	True	True	True
BZW2							1.0	9.0	9.0	False	False	True	False	False	True	True
C11ORF54	1.0	23.0	23.0	0.9474	18.0	19.0				True	True	False	False	False	True	True
C12ORF57							1.0	9.0	9.0	False	False	True	False	False	True	False
C130050O18RIK							1.0	9.0	9.0	False	False	True	False	False	True	False
C17ORF78							0.5556	5.0	9.0	False	False	True	False	False	False	False
C19ORF33							1.0	9.0	9.0	False	False	True	False	False	True	False
C19ORF53							1.0	9.0	9.0	False	False	True	False	False	True	False
C1D							1.0	9.0	9.0	False	False	True	False	False	True	True
C1GALT1							1.0	9.0	9.0	False	False	True	False	False	True	True
C1GALT1C1							1.0	9.0	9.0	False	False	True	False	False	True	True
C1ORF116				0.7368	14.0	19.0				False	True	False	False	False	True	False
C1ORF50	1.0	23.0	23.0	1.0	19.0	19.0				True	True	False	False	False	True	False
C1ORF53							1.0	9.0	9.0	False	False	True	False	False	True	False
C1QA							1.0	9.0	9.0	False	False	True	False	False	True	True
C1QB							1.0	9.0	9.0	False	False	True	False	False	True	True
C1QBP	1.0	23.0	23.0	1.0	19.0	19.0	1.0	9.0	9.0	True	True	True	True	True	True	True
C1QC	0.7391	17.0	23.0	1.0	19.0	19.0	1.0	9.0	9.0	True	True	True	True	True	True	True
C1QL3							0.5556	5.0	9.0	False	False	True	False	False	True	False
C1QTNF1							1.0	9.0	9.0	False	False	True	False	False	True	True
C1QTNF12							1.0	9.0	9.0	False	False	True	False	False	True	False
C1QTNF2							1.0	9.0	9.0	False	False	True	False	False	True	True
C1QTNF3							1.0	9.0	9.0	False	False	True	False	False	True	True
C1QTNF5							1.0	9.0	9.0	False	False	True	False	False	True	False
C1QTNF6							1.0	9.0	9.0	False	False	True	False	False	True	True
C1QTNF7							1.0	9.0	9.0	False	False	True	False	False	True	True
C1QTNF9							0.7778	7.0	9.0	False	False	True	False	False	False	False
C1RA							1.0	9.0	9.0	False	False	True	False	False	True	False
C1RL							1.0	9.0	9.0	False	False	True	False	False	True	True
C1S				1.0	19.0	19.0				False	True	False	False	False	True	False
C1S1							1.0	9.0	9.0	False	False	True	False	False	True	False
C2	0.9565	22.0	23.0	1.0	19.0	19.0	1.0	9.0	9.0	True	True	True	True	True	True	False
C2CD2							1.0	9.0	9.0	False	False	True	False	False	True	True
C2CD2L							1.0	9.0	9.0	False	False	True	False	False	True	True
C2CD3							1.0	9.0	9.0	False	False	True	False	False	True	True
C2CD5							1.0	9.0	9.0	False	False	True	False	False	True	True
C3							1.0	9.0	9.0	False	False	True	False	False	True	False
C3AR1							0.7778	7.0	9.0	False	False	True	False	False	True	False
C4A							0.8889	8.0	9.0	False	False	True	False	False	True	False
C4B							1.0	9.0	9.0	False	False	True	False	False	True	False
C4BPA	1.0	23.0	23.0	1.0	19.0	19.0	1.0	9.0	9.0	True	True	True	True	True	False	False
C4ORF33							1.0	9.0	9.0	False	False	True	False	False	True	False
C5	1.0	23.0	23.0	1.0	19.0	19.0	1.0	9.0	9.0	True	True	True	True	True	True	False
C5AR1							1.0	9.0	9.0	False	False	True	False	False	True	False
C5ORF34	1.0	23.0	23.0	0.8421	16.0	19.0				True	True	False	False	False	True	False
C5ORF46							0.6667	6.0	9.0	False	False	True	False	False	False	False
C6	1.0	23.0	23.0	1.0	19.0	19.0	1.0	9.0	9.0	True	True	True	True	True	True	False
C6ORF136							1.0	9.0	9.0	False	False	True	False	False	True	False
C7	1.0	23.0	23.0	1.0	19.0	19.0	1.0	9.0	9.0	True	True	True	True	True	True	True
C7ORF50							1.0	9.0	9.0	False	False	True	False	False	False	False
C7ORF57							1.0	9.0	9.0	False	False	True	False	False	True	False
C8A	1.0	23.0	23.0	1.0	19.0	19.0	1.0	9.0	9.0	True	True	True	True	True	True	False
C8B	0.8261	19.0	23.0	1.0	19.0	19.0	1.0	9.0	9.0	True	True	True	True	True	False	False
C8G				1.0	19.0	19.0	1.0	9.0	9.0	False	True	True	False	True	True	True
C8ORF82	1.0	23.0	23.0	1.0	19.0	19.0				True	True	False	False	False	True	False
C9	1.0	23.0	23.0	1.0	19.0	19.0	1.0	9.0	9.0	True	True	True	True	True	True	False
C9ORF152							0.6667	6.0	9.0	False	False	True	False	False	True	False
C9ORF72							1.0	9.0	9.0	False	False	True	False	False	True	False
CA1							1.0	9.0	9.0	False	False	True	False	False	False	False
CA12	1.0	23.0	23.0	1.0	19.0	19.0	1.0	9.0	9.0	True	True	True	True	True	True	True
CA13							1.0	9.0	9.0	False	False	True	False	False	True	False
CA14							1.0	9.0	9.0	False	False	True	False	False	True	True
CA15							1.0	9.0	9.0	False	False	True	False	False	True	False
CA2	1.0	23.0	23.0	1.0	19.0	19.0	1.0	9.0	9.0	True	True	True	True	True	True	True
CA3	1.0	23.0	23.0	0.9474	18.0	19.0	1.0	9.0	9.0	True	True	True	True	True	True	True
CA4	1.0	23.0	23.0	1.0	19.0	19.0	1.0	9.0	9.0	True	True	True	True	True	True	True
CA5A							1.0	9.0	9.0	False	False	True	False	False	True	True
CA5B	1.0	23.0	23.0	1.0	19.0	19.0	1.0	9.0	9.0	True	True	True	True	True	True	True
CA7							1.0	9.0	9.0	False	False	True	False	False	True	False
CA8	0.6957	16.0	23.0	0.6316	12.0	19.0	1.0	9.0	9.0	True	True	True	True	True	True	True
CA9							1.0	9.0	9.0	False	False	True	False	False	True	True
CAAP1							1.0	9.0	9.0	False	False	True	False	False	True	True
CAB39	1.0	23.0	23.0	1.0	19.0	19.0	1.0	9.0	9.0	True	True	True	True	True	True	True
CAB39L							1.0	9.0	9.0	False	False	True	False	False	True	True
CABIN1							1.0	9.0	9.0	False	False	True	False	False	True	True
CABLES1							1.0	9.0	9.0	False	False	True	False	False	True	True
CABLES2							1.0	9.0	9.0	False	False	True	False	False	True	True
CACFD1							1.0	9.0	9.0	False	False	True	False	False	True	True
CACHD1							1.0	9.0	9.0	False	False	True	False	False	True	True
CACNA1C							1.0	9.0	9.0	False	False	True	False	False	True	False
CACNA2D1	1.0	23.0	23.0				1.0	9.0	9.0	True	False	True	False	True	True	False
CACNB2							1.0	9.0	9.0	False	False	True	False	False	True	False
CACNB3							1.0	9.0	9.0	False	False	True	False	False	True	True
CACNB4							0.4444	4.0	9.0	False	False	False	False	False	True	True
CACTIN							1.0	9.0	9.0	False	False	True	False	False	True	True
CACUL1							1.0	9.0	9.0	False	False	True	False	False	True	True
CACYBP	1.0	23.0	23.0	1.0	19.0	19.0	1.0	9.0	9.0	True	True	True	True	True	True	True
CAD	0.7826	18.0	23.0				1.0	9.0	9.0	True	False	True	False	True	True	True
CADM1	1.0	23.0	23.0	0.8421	16.0	19.0	1.0	9.0	9.0	True	True	True	True	True	True	True
CADM2							0.8889	8.0	9.0	False	False	True	False	False	False	False
CADM3							1.0	9.0	9.0	False	False	True	False	False	True	False
CADM4							1.0	9.0	9.0	False	False	True	False	False	True	True
CADPS							0.7778	7.0	9.0	False	False	True	False	False	False	False
CADPS2							1.0	9.0	9.0	False	False	True	False	False	True	True
CALB1	0.9565	22.0	23.0	0.8947	17.0	19.0	1.0	9.0	9.0	True	True	True	True	True	True	True
CALB2							1.0	9.0	9.0	False	False	True	False	False	True	False
CALCOCO1							1.0	9.0	9.0	False	False	True	False	False	True	True
CALCR							0.8889	8.0	9.0	False	False	True	False	False	True	False
CALCRL							1.0	9.0	9.0	False	False	True	False	False	True	True
CALD1	1.0	23.0	23.0	1.0	19.0	19.0	1.0	9.0	9.0	True	True	True	True	True	True	True
CALHM2							1.0	9.0	9.0	False	False	True	False	False	True	False
CALHM5							0.7778	7.0	9.0	False	False	True	False	False	True	False
CALHM6							0.6667	6.0	9.0	False	False	True	False	False	True	False
CALM1							1.0	9.0	9.0	False	False	True	False	False	True	True
CALM2	1.0	23.0	23.0	0.9474	18.0	19.0				True	True	False	False	False	True	True
CALM4							1.0	9.0	9.0	False	False	True	False	False	False	False
CALML3							1.0	9.0	9.0	False	False	True	False	False	True	False
CALML4	0.7826	18.0	23.0				1.0	9.0	9.0	True	False	True	False	True	True	True
CALR	1.0	23.0	23.0	1.0	19.0	19.0	1.0	9.0	9.0	True	True	True	True	True	True	True
CALR4							1.0	9.0	9.0	False	False	True	False	False	False	False
CALU	1.0	23.0	23.0	1.0	19.0	19.0	1.0	9.0	9.0	True	True	True	True	True	True	True
CAMK1				0.7895	15.0	19.0	1.0	9.0	9.0	False	True	True	False	True	True	True
CAMK1D							1.0	9.0	9.0	False	False	True	False	False	True	False
CAMK1G							0.5556	5.0	9.0	False	False	True	False	False	True	False
CAMK2A	1.0	23.0	23.0	1.0	19.0	19.0	0.2222	2.0	9.0	True	True	False	False	False	False	False
CAMK2D							1.0	9.0	9.0	False	False	True	False	False	True	True
CAMK2G							1.0	9.0	9.0	False	False	True	False	False	True	True
CAMK2N1							1.0	9.0	9.0	False	False	True	False	False	True	True
CAMK4							0.6667	6.0	9.0	False	False	True	False	False	True	False
CAMKK1							1.0	9.0	9.0	False	False	True	False	False	True	False
CAMKK2							1.0	9.0	9.0	False	False	True	False	False	True	True
CAMKMT							1.0	9.0	9.0	False	False	True	False	False	True	True
CAMLG							1.0	9.0	9.0	False	False	True	False	False	True	True
CAMP	1.0	23.0	23.0	1.0	19.0	19.0	1.0	9.0	9.0	True	True	True	True	True	True	False
CAMSAP1							1.0	9.0	9.0	False	False	True	False	False	True	True
CAMSAP2							1.0	9.0	9.0	False	False	True	False	False	True	True
CAMSAP3							1.0	9.0	9.0	False	False	True	False	False	True	True
CAMTA2							1.0	9.0	9.0	False	False	True	False	False	True	True
CAND1	1.0	23.0	23.0	1.0	19.0	19.0	1.0	9.0	9.0	True	True	True	True	True	True	True
CAND2							1.0	9.0	9.0	False	False	True	False	False	True	False
CANT1							1.0	9.0	9.0	False	False	True	False	False	True	True
CANX	1.0	23.0	23.0	1.0	19.0	19.0	1.0	9.0	9.0	True	True	True	True	True	True	True
CAP1	1.0	23.0	23.0	1.0	19.0	19.0	1.0	9.0	9.0	True	True	True	True	True	True	True
CAP2	0.7826	18.0	23.0	1.0	19.0	19.0	1.0	9.0	9.0	True	True	True	True	True	True	False
CAPG	1.0	23.0	23.0	1.0	19.0	19.0	1.0	9.0	9.0	True	True	True	True	True	True	True
CAPN1	1.0	23.0	23.0	1.0	19.0	19.0	1.0	9.0	9.0	True	True	True	True	True	True	True
CAPN10							0.8889	8.0	9.0	False	False	True	False	False	True	True
CAPN13							0.8889	8.0	9.0	False	False	True	False	False	True	False
CAPN15							1.0	9.0	9.0	False	False	True	False	False	True	True
CAPN2	1.0	23.0	23.0	1.0	19.0	19.0	1.0	9.0	9.0	True	True	True	True	True	True	True
CAPN5	0.4783	11.0	23.0	0.7368	14.0	19.0	1.0	9.0	9.0	False	True	True	False	True	True	True
CAPN6							1.0	9.0	9.0	False	False	True	False	False	True	False
CAPN7							1.0	9.0	9.0	False	False	True	False	False	True	True
CAPNS1	1.0	23.0	23.0	1.0	19.0	19.0	1.0	9.0	9.0	True	True	True	True	True	True	True
CAPRIN1	1.0	23.0	23.0	1.0	19.0	19.0	1.0	9.0	9.0	True	True	True	True	True	True	True
CAPRIN2							1.0	9.0	9.0	False	False	True	False	False	True	False
CAPS				1.0	19.0	19.0				False	True	False	False	False	True	False
CAPZA1	1.0	23.0	23.0	1.0	19.0	19.0	1.0	9.0	9.0	True	True	True	True	True	True	True
CAPZA2	1.0	23.0	23.0	1.0	19.0	19.0	1.0	9.0	9.0	True	True	True	True	True	True	True
CAPZB	1.0	23.0	23.0	1.0	19.0	19.0	1.0	9.0	9.0	True	True	True	True	True	True	True
CARD10							1.0	9.0	9.0	False	False	True	False	False	True	True
CARD11							1.0	9.0	9.0	False	False	True	False	False	True	False
CARD14							1.0	9.0	9.0	False	False	True	False	False	True	True
CARD18	1.0	23.0	23.0	1.0	19.0	19.0				True	True	False	False	False	True	False
CARD19							1.0	9.0	9.0	False	False	True	False	False	True	False
CARD6							1.0	9.0	9.0	False	False	True	False	False	True	True
CARD9							1.0	9.0	9.0	False	False	True	False	False	True	False
CARHSP1	1.0	23.0	23.0	1.0	19.0	19.0	1.0	9.0	9.0	True	True	True	True	True	True	True
CARM1							1.0	9.0	9.0	False	False	True	False	False	True	True
CARMIL1	1.0	23.0	23.0				1.0	9.0	9.0	True	False	True	False	True	True	False
CARNMT1							1.0	9.0	9.0	False	False	True	False	False	True	False
CARS1	0.8261	19.0	23.0				1.0	9.0	9.0	True	False	True	False	True	True	False
CARS2	1.0	23.0	23.0	0.6842	13.0	19.0	1.0	9.0	9.0	True	True	True	True	True	True	True
CASC3							1.0	9.0	9.0	False	False	True	False	False	True	True
CASD1							1.0	9.0	9.0	False	False	True	False	False	True	True
CASK	1.0	23.0	23.0	1.0	19.0	19.0	1.0	9.0	9.0	True	True	True	True	True	True	True
CASKIN1							1.0	9.0	9.0	False	False	True	False	False	True	False
CASKIN2							1.0	9.0	9.0	False	False	True	False	False	True	True
CASP1							1.0	9.0	9.0	False	False	True	False	False	True	False
CASP12							1.0	9.0	9.0	False	False	True	False	False	True	False
CASP2							1.0	9.0	9.0	False	False	True	False	False	True	True
CASP3				0.7895	15.0	19.0	1.0	9.0	9.0	False	True	True	False	True	True	True
CASP4	1.0	23.0	23.0	0.8947	17.0	19.0	0.7778	7.0	9.0	True	True	True	True	True	True	True
CASP6	0.8261	19.0	23.0	0.3684	7.0	19.0	1.0	9.0	9.0	True	False	True	False	True	True	False
CASP7							1.0	9.0	9.0	False	False	True	False	False	True	True
CASP8							1.0	9.0	9.0	False	False	True	False	False	True	True
CASP8AP2							0.8889	8.0	9.0	False	False	True	False	False	True	True
CASP9							1.0	9.0	9.0	False	False	True	False	False	True	True
CASR	0.3913	9.0	23.0	1.0	19.0	19.0	1.0	9.0	9.0	False	True	True	False	True	True	True
CASS4							0.5556	5.0	9.0	False	False	True	False	False	True	False
CAST	1.0	23.0	23.0	1.0	19.0	19.0	1.0	9.0	9.0	True	True	True	True	True	True	True
CASTOR1							1.0	9.0	9.0	False	False	True	False	False	True	False
CASTOR2							1.0	9.0	9.0	False	False	True	False	False	True	False
CASZ1							1.0	9.0	9.0	False	False	True	False	False	True	True
CAT	1.0	23.0	23.0	1.0	19.0	19.0	1.0	9.0	9.0	True	True	True	True	True	True	True
CATSPER3	0.8261	19.0	23.0							True	False	False	False	False	False	False
CAV1	1.0	23.0	23.0	1.0	19.0	19.0	1.0	9.0	9.0	True	True	True	True	True	True	True
CAV2							1.0	9.0	9.0	False	False	True	False	False	True	False
CAVIN1	1.0	23.0	23.0	1.0	19.0	19.0	1.0	9.0	9.0	True	True	True	True	True	True	False
CAVIN2	1.0	23.0	23.0	1.0	19.0	19.0	1.0	9.0	9.0	True	True	True	True	True	True	False
CAVIN3	0.8261	19.0	23.0	0.6316	12.0	19.0	1.0	9.0	9.0	True	True	True	True	True	True	False
CB4H12ORF57				1.0	19.0	19.0				False	True	False	False	False	True	False
CBARP							1.0	9.0	9.0	False	False	True	False	False	True	False
CBFA2T2							1.0	9.0	9.0	False	False	True	False	False	True	True
CBFA2T3							0.6667	6.0	9.0	False	False	True	False	False	True	False
CBFB							1.0	9.0	9.0	False	False	True	False	False	True	True
CBL							1.0	9.0	9.0	False	False	True	False	False	True	True
CBLB							1.0	9.0	9.0	False	False	True	False	False	True	True
CBLC							1.0	9.0	9.0	False	False	True	False	False	True	True
CBLL1							1.0	9.0	9.0	False	False	True	False	False	True	True
CBR1							1.0	9.0	9.0	False	False	True	False	False	True	False
CBR2							1.0	9.0	9.0	False	False	True	False	False	True	False
CBR3	1.0	23.0	23.0	1.0	19.0	19.0	1.0	9.0	9.0	True	True	True	True	True	True	True
CBR4	1.0	23.0	23.0	1.0	19.0	19.0	1.0	9.0	9.0	True	True	True	True	True	True	True
CBS	1.0	23.0	23.0	1.0	19.0	19.0	1.0	9.0	9.0	True	True	True	True	True	True	True
CBX1							1.0	9.0	9.0	False	False	True	False	False	True	False
CBX2							1.0	9.0	9.0	False	False	True	False	False	True	True
CBX3	1.0	23.0	23.0	1.0	19.0	19.0	1.0	9.0	9.0	True	True	True	True	True	True	True
CBX4							1.0	9.0	9.0	False	False	True	False	False	True	True
CBX5	1.0	23.0	23.0	0.6316	12.0	19.0	1.0	9.0	9.0	True	True	True	True	True	True	True
CBX6							1.0	9.0	9.0	False	False	True	False	False	True	True
CBX7							1.0	9.0	9.0	False	False	True	False	False	True	True
CBX8							1.0	9.0	9.0	False	False	True	False	False	True	True
CBY1							1.0	9.0	9.0	False	False	True	False	False	True	True
CC2D1A							1.0	9.0	9.0	False	False	True	False	False	True	True
CC2D1B							1.0	9.0	9.0	False	False	True	False	False	True	True
CC2D2A							1.0	9.0	9.0	False	False	True	False	False	True	True
CCAR1				1.0	19.0	19.0	1.0	9.0	9.0	False	True	True	False	True	True	True
CCAR2	1.0	23.0	23.0	1.0	19.0	19.0	1.0	9.0	9.0	True	True	True	True	True	True	True
CCBE1							1.0	9.0	9.0	False	False	True	False	False	True	True
CCDC102A							1.0	9.0	9.0	False	False	True	False	False	True	True
CCDC107							1.0	9.0	9.0	False	False	True	False	False	True	True
CCDC112							0.4444	4.0	9.0	False	False	False	False	False	True	True
CCDC117							1.0	9.0	9.0	False	False	True	False	False	True	True
CCDC12							1.0	9.0	9.0	False	False	True	False	False	True	True
CCDC120							1.0	9.0	9.0	False	False	True	False	False	True	True
CCDC124				1.0	19.0	19.0	1.0	9.0	9.0	False	True	True	False	True	True	True
CCDC125							1.0	9.0	9.0	False	False	True	False	False	True	True
CCDC126							1.0	9.0	9.0	False	False	True	False	False	True	True
CCDC127							1.0	9.0	9.0	False	False	True	False	False	True	True
CCDC134							1.0	9.0	9.0	False	False	True	False	False	True	True
CCDC137							1.0	9.0	9.0	False	False	True	False	False	True	True
CCDC141							1.0	9.0	9.0	False	False	True	False	False	True	True
CCDC142							1.0	9.0	9.0	False	False	True	False	False	True	True
CCDC149							1.0	9.0	9.0	False	False	True	False	False	True	True
CCDC15							1.0	9.0	9.0	False	False	True	False	False	True	False
CCDC160							1.0	9.0	9.0	False	False	True	False	False	True	True
CCDC167							1.0	9.0	9.0	False	False	True	False	False	True	False
CCDC171							1.0	9.0	9.0	False	False	True	False	False	True	False
CCDC174							1.0	9.0	9.0	False	False	True	False	False	True	True
CCDC181							1.0	9.0	9.0	False	False	True	False	False	True	True
CCDC186							1.0	9.0	9.0	False	False	True	False	False	True	True
CCDC191							1.0	9.0	9.0	False	False	True	False	False	True	False
CCDC198							1.0	9.0	9.0	False	False	True	False	False	True	False
CCDC22	1.0	23.0	23.0	0.8421	16.0	19.0	1.0	9.0	9.0	True	True	True	True	True	True	False
CCDC25							1.0	9.0	9.0	False	False	True	False	False	True	True
CCDC28A							1.0	9.0	9.0	False	False	True	False	False	True	True
CCDC28B							1.0	9.0	9.0	False	False	True	False	False	True	True
CCDC32							1.0	9.0	9.0	False	False	True	False	False	True	True
CCDC34							1.0	9.0	9.0	False	False	True	False	False	True	True
CCDC43							1.0	9.0	9.0	False	False	True	False	False	True	True
CCDC47	0.9565	22.0	23.0	0.6316	12.0	19.0	1.0	9.0	9.0	True	True	True	True	True	True	True
CCDC50							1.0	9.0	9.0	False	False	True	False	False	True	True
CCDC51	1.0	23.0	23.0	1.0	19.0	19.0	1.0	9.0	9.0	True	True	True	True	True	True	True
CCDC57							1.0	9.0	9.0	False	False	True	False	False	True	True
CCDC59							1.0	9.0	9.0	False	False	True	False	False	True	True
CCDC6	1.0	23.0	23.0				1.0	9.0	9.0	True	False	True	False	True	True	True
CCDC61							1.0	9.0	9.0	False	False	True	False	False	True	True
CCDC66							1.0	9.0	9.0	False	False	True	False	False	True	True
CCDC68							1.0	9.0	9.0	False	False	True	False	False	True	True
CCDC69							1.0	9.0	9.0	False	False	True	False	False	True	False
CCDC71							1.0	9.0	9.0	False	False	True	False	False	True	True
CCDC71L							1.0	9.0	9.0	False	False	True	False	False	True	True
CCDC77							1.0	9.0	9.0	False	False	True	False	False	True	False
CCDC7B							0.3333	3.0	9.0	False	False	False	False	False	False	False
CCDC8							1.0	9.0	9.0	False	False	True	False	False	True	False
CCDC80							1.0	9.0	9.0	False	False	True	False	False	True	True
CCDC82							0.8889	8.0	9.0	False	False	True	False	False	True	True
CCDC85A							1.0	9.0	9.0	False	False	True	False	False	True	False
CCDC85B							1.0	9.0	9.0	False	False	True	False	False	True	True
CCDC85C							1.0	9.0	9.0	False	False	True	False	False	True	True
CCDC86							1.0	9.0	9.0	False	False	True	False	False	True	True
CCDC88A							1.0	9.0	9.0	False	False	True	False	False	True	False
CCDC88B							1.0	9.0	9.0	False	False	True	False	False	True	False
CCDC88C							1.0	9.0	9.0	False	False	True	False	False	True	True
CCDC9							1.0	9.0	9.0	False	False	True	False	False	True	True
CCDC90B	0.7391	17.0	23.0	0.6316	12.0	19.0	1.0	9.0	9.0	True	True	True	True	True	True	True
CCDC91							1.0	9.0	9.0	False	False	True	False	False	True	True
CCDC92							1.0	9.0	9.0	False	False	True	False	False	True	True
CCDC93	1.0	23.0	23.0	0.6842	13.0	19.0	1.0	9.0	9.0	True	True	True	True	True	True	True
CCDC97							1.0	9.0	9.0	False	False	True	False	False	True	True
CCDC9B							1.0	9.0	9.0	False	False	True	False	False	True	False
CCER2							0.3333	3.0	9.0	False	False	False	False	False	True	False
CCHCR1							1.0	9.0	9.0	False	False	True	False	False	True	True
CCKAR							1.0	9.0	9.0	False	False	True	False	False	True	False
CCL16				1.0	19.0	19.0				False	True	False	False	False	False	False
CCL2							0.6667	6.0	9.0	False	False	True	False	False	True	False
CCL21A							0.8889	8.0	9.0	False	False	True	False	False	True	False
CCL21B							0.4444	4.0	9.0	False	False	False	False	False	True	False
CCL28							1.0	9.0	9.0	False	False	True	False	False	True	True
CCL6							1.0	9.0	9.0	False	False	True	False	False	True	False
CCL8							1.0	9.0	9.0	False	False	True	False	False	True	True
CCL9							1.0	9.0	9.0	False	False	True	False	False	True	False
CCM2							1.0	9.0	9.0	False	False	True	False	False	True	True
CCM2L							1.0	9.0	9.0	False	False	True	False	False	True	True
CCN1							1.0	9.0	9.0	False	False	True	False	False	True	False
CCN2							1.0	9.0	9.0	False	False	True	False	False	True	False
CCN3							1.0	9.0	9.0	False	False	True	False	False	True	False
CCN4							1.0	9.0	9.0	False	False	True	False	False	True	False
CCNA2							0.7778	7.0	9.0	False	False	True	False	False	True	True
CCNB1							0.5556	5.0	9.0	False	False	True	False	False	True	True
CCNB2							0.4444	4.0	9.0	False	False	False	False	False	True	False
CCNC							1.0	9.0	9.0	False	False	True	False	False	True	True
CCND1							1.0	9.0	9.0	False	False	True	False	False	True	True
CCND2							0.8889	8.0	9.0	False	False	True	False	False	True	True
CCND3							1.0	9.0	9.0	False	False	True	False	False	True	True
CCNDBP1							1.0	9.0	9.0	False	False	True	False	False	True	True
CCNE1							0.5556	5.0	9.0	False	False	True	False	False	True	False
CCNH							1.0	9.0	9.0	False	False	True	False	False	True	True
CCNJ							0.8889	8.0	9.0	False	False	True	False	False	True	True
CCNK							1.0	9.0	9.0	False	False	True	False	False	True	True
CCNL1							1.0	9.0	9.0	False	False	True	False	False	True	True
CCNL2							1.0	9.0	9.0	False	False	True	False	False	True	True
CCNQ							1.0	9.0	9.0	False	False	True	False	False	True	False
CCNT1							1.0	9.0	9.0	False	False	True	False	False	True	True
CCNT2							1.0	9.0	9.0	False	False	True	False	False	True	True
CCNY							1.0	9.0	9.0	False	False	True	False	False	True	True
CCNYL1							1.0	9.0	9.0	False	False	True	False	False	True	True
CCP110							1.0	9.0	9.0	False	False	True	False	False	True	True
CCPG1							1.0	9.0	9.0	False	False	True	False	False	True	False
CCR1							1.0	9.0	9.0	False	False	True	False	False	True	False
CCR2							0.8889	8.0	9.0	False	False	True	False	False	True	True
CCR5							1.0	9.0	9.0	False	False	True	False	False	True	True
CCRL2							0.8889	8.0	9.0	False	False	True	False	False	True	True
CCS							1.0	9.0	9.0	False	False	True	False	False	True	True
CCSAP							1.0	9.0	9.0	False	False	True	False	False	True	False
CCSER1							1.0	9.0	9.0	False	False	True	False	False	True	False
CCSER2							1.0	9.0	9.0	False	False	True	False	False	True	True
CCT2	1.0	23.0	23.0	1.0	19.0	19.0	1.0	9.0	9.0	True	True	True	True	True	True	True
CCT3	1.0	23.0	23.0	1.0	19.0	19.0	1.0	9.0	9.0	True	True	True	True	True	True	True
CCT4	1.0	23.0	23.0	1.0	19.0	19.0	1.0	9.0	9.0	True	True	True	True	True	True	True
CCT5	1.0	23.0	23.0	1.0	19.0	19.0	1.0	9.0	9.0	True	True	True	True	True	True	True
CCT6A	1.0	23.0	23.0	1.0	19.0	19.0	1.0	9.0	9.0	True	True	True	True	True	True	True
CCT6B							1.0	9.0	9.0	False	False	True	False	False	True	False
CCT7	1.0	23.0	23.0	1.0	19.0	19.0	1.0	9.0	9.0	True	True	True	True	True	True	True
CCT8	1.0	23.0	23.0	1.0	19.0	19.0	1.0	9.0	9.0	True	True	True	True	True	True	True
CCZ1							1.0	9.0	9.0	False	False	True	False	False	True	True
CD109	0.4348	10.0	23.0				1.0	9.0	9.0	False	False	True	False	False	True	False
CD14							1.0	9.0	9.0	False	False	True	False	False	True	True
CD151	1.0	23.0	23.0	1.0	19.0	19.0	1.0	9.0	9.0	True	True	True	True	True	True	True
CD163				0.9474	18.0	19.0	1.0	9.0	9.0	False	True	True	False	True	True	False
CD164L2							1.0	9.0	9.0	False	False	True	False	False	True	False
CD177							1.0	9.0	9.0	False	False	True	False	False	True	False
CD180							1.0	9.0	9.0	False	False	True	False	False	True	False
CD1D1							1.0	9.0	9.0	False	False	True	False	False	True	False
CD1H11ORF58	1.0	23.0	23.0	1.0	19.0	19.0				True	True	False	False	False	True	False
CD2							0.4444	4.0	9.0	False	False	False	False	False	True	False
CD200							1.0	9.0	9.0	False	False	True	False	False	True	True
CD200R1							0.3333	3.0	9.0	False	False	False	False	False	True	False
CD209A							0.8889	8.0	9.0	False	False	True	False	False	True	False
CD209B							0.5556	5.0	9.0	False	False	True	False	False	False	False
CD209D							0.8889	8.0	9.0	False	False	True	False	False	False	False
CD22							0.6667	6.0	9.0	False	False	True	False	False	True	False
CD226							0.7778	7.0	9.0	False	False	True	False	False	True	False
CD244							0.6667	6.0	9.0	False	False	True	False	False	True	False
CD247							0.7778	7.0	9.0	False	False	True	False	False	True	False
CD248							1.0	9.0	9.0	False	False	True	False	False	True	True
CD27							0.4444	4.0	9.0	False	False	False	False	False	True	False
CD274							1.0	9.0	9.0	False	False	True	False	False	True	True
CD276							0.8889	8.0	9.0	False	False	True	False	False	True	False
CD2AP	1.0	23.0	23.0	1.0	19.0	19.0	1.0	9.0	9.0	True	True	True	True	True	True	True
CD2BP2							1.0	9.0	9.0	False	False	True	False	False	True	True
CD300A							1.0	9.0	9.0	False	False	True	False	False	True	False
CD300LB							0.3333	3.0	9.0	False	False	False	False	False	True	False
CD300LD							0.3333	3.0	9.0	False	False	False	False	False	True	False
CD300LF							0.6667	6.0	9.0	False	False	True	False	False	True	False
CD300LG							1.0	9.0	9.0	False	False	True	False	False	True	True
CD302	0.6957	16.0	23.0				1.0	9.0	9.0	True	False	True	False	True	True	False
CD320							1.0	9.0	9.0	False	False	True	False	False	True	True
CD33							0.6667	6.0	9.0	False	False	True	False	False	True	False
CD34	1.0	23.0	23.0	1.0	19.0	19.0	1.0	9.0	9.0	True	True	True	True	True	True	True
CD36							1.0	9.0	9.0	False	False	True	False	False	True	True
CD37							0.7778	7.0	9.0	False	False	True	False	False	True	False
CD38	1.0	23.0	23.0	1.0	19.0	19.0	1.0	9.0	9.0	True	True	True	True	True	True	True
CD3D							0.5556	5.0	9.0	False	False	True	False	False	True	False
CD3E							0.3333	3.0	9.0	False	False	False	False	False	True	False
CD3G							0.6667	6.0	9.0	False	False	True	False	False	True	False
CD4							0.7778	7.0	9.0	False	False	True	False	False	True	False
CD40							1.0	9.0	9.0	False	False	True	False	False	True	False
CD44	1.0	23.0	23.0	1.0	19.0	19.0	1.0	9.0	9.0	True	True	True	True	True	True	False
CD47	1.0	23.0	23.0				1.0	9.0	9.0	True	False	True	False	True	True	True
CD48							1.0	9.0	9.0	False	False	True	False	False	True	True
CD4H9ORF64	1.0	23.0	23.0	0.9474	18.0	19.0				True	True	False	False	False	True	False
CD5							0.7778	7.0	9.0	False	False	True	False	False	True	False
CD55							1.0	9.0	9.0	False	False	True	False	False	True	True
CD58				0.8421	16.0	19.0				False	True	False	False	False	True	False
CD59	1.0	23.0	23.0	1.0	19.0	19.0				True	True	False	False	False	True	False
CD59A							1.0	9.0	9.0	False	False	True	False	False	True	False
CD59B							0.6667	6.0	9.0	False	False	True	False	False	True	False
CD5L				1.0	19.0	19.0	1.0	9.0	9.0	False	True	True	False	True	True	False
CD6							0.7778	7.0	9.0	False	False	True	False	False	True	False
CD63	1.0	23.0	23.0	1.0	19.0	19.0	1.0	9.0	9.0	True	True	True	True	True	True	True
CD68							1.0	9.0	9.0	False	False	True	False	False	True	True
CD69							0.6667	6.0	9.0	False	False	True	False	False	True	False
CD72							1.0	9.0	9.0	False	False	True	False	False	True	True
CD74							1.0	9.0	9.0	False	False	True	False	False	True	True
CD80							0.6667	6.0	9.0	False	False	True	False	False	True	False
CD81	1.0	23.0	23.0	1.0	19.0	19.0	1.0	9.0	9.0	True	True	True	True	True	True	True
CD82							1.0	9.0	9.0	False	False	True	False	False	True	True
CD83							0.4444	4.0	9.0	False	False	False	False	False	True	False
CD84							1.0	9.0	9.0	False	False	True	False	False	True	False
CD86							1.0	9.0	9.0	False	False	True	False	False	True	True
CD8B							0.6667	6.0	9.0	False	False	True	False	False	True	False
CD9	1.0	23.0	23.0	0.8947	17.0	19.0	1.0	9.0	9.0	True	True	True	True	True	True	True
CD93	1.0	23.0	23.0	1.0	19.0	19.0	1.0	9.0	9.0	True	True	True	True	True	True	True
CD99L2							1.0	9.0	9.0	False	False	True	False	False	True	True
CDA							1.0	9.0	9.0	False	False	True	False	False	True	True
CDADC1							1.0	9.0	9.0	False	False	True	False	False	True	True
CDAN1							1.0	9.0	9.0	False	False	True	False	False	True	True
CDC123							1.0	9.0	9.0	False	False	True	False	False	True	True
CDC14A							1.0	9.0	9.0	False	False	True	False	False	True	False
CDC14B							1.0	9.0	9.0	False	False	True	False	False	True	True
CDC16							1.0	9.0	9.0	False	False	True	False	False	True	True
CDC23							1.0	9.0	9.0	False	False	True	False	False	True	True
CDC26							1.0	9.0	9.0	False	False	True	False	False	True	True
CDC27							1.0	9.0	9.0	False	False	True	False	False	True	True
CDC34							1.0	9.0	9.0	False	False	True	False	False	True	True
CDC37	1.0	23.0	23.0	1.0	19.0	19.0	1.0	9.0	9.0	True	True	True	True	True	True	True
CDC37L1							1.0	9.0	9.0	False	False	True	False	False	True	True
CDC40							1.0	9.0	9.0	False	False	True	False	False	True	True
CDC42	1.0	23.0	23.0	1.0	19.0	19.0	1.0	9.0	9.0	True	True	True	True	True	True	True
CDC42BPA							1.0	9.0	9.0	False	False	True	False	False	True	True
CDC42BPB	0.7391	17.0	23.0	0.8421	16.0	19.0	1.0	9.0	9.0	True	True	True	True	True	True	True
CDC42BPG							1.0	9.0	9.0	False	False	True	False	False	True	True
CDC42EP1							1.0	9.0	9.0	False	False	True	False	False	True	True
CDC42EP2							1.0	9.0	9.0	False	False	True	False	False	True	True
CDC42EP3							1.0	9.0	9.0	False	False	True	False	False	True	True
CDC42EP4							1.0	9.0	9.0	False	False	True	False	False	True	True
CDC42EP5							1.0	9.0	9.0	False	False	True	False	False	True	True
CDC42SE1							1.0	9.0	9.0	False	False	True	False	False	True	True
CDC42SE2							1.0	9.0	9.0	False	False	True	False	False	True	True
CDC5L				1.0	19.0	19.0	1.0	9.0	9.0	False	True	True	False	True	True	True
CDC73							1.0	9.0	9.0	False	False	True	False	False	True	True
CDCA3							0.8889	8.0	9.0	False	False	True	False	False	True	True
CDCA5							0.7778	7.0	9.0	False	False	True	False	False	True	False
CDCA7L							0.8889	8.0	9.0	False	False	True	False	False	True	True
CDCA8							0.7778	7.0	9.0	False	False	True	False	False	True	False
CDCP1							1.0	9.0	9.0	False	False	True	False	False	True	True
CDH1	1.0	23.0	23.0	1.0	19.0	19.0	1.0	9.0	9.0	True	True	True	True	True	True	True
CDH11							1.0	9.0	9.0	False	False	True	False	False	True	False
CDH13	1.0	23.0	23.0	1.0	19.0	19.0	1.0	9.0	9.0	True	True	True	True	True	True	False
CDH16	1.0	23.0	23.0	1.0	19.0	19.0	1.0	9.0	9.0	True	True	True	True	True	True	True
CDH17							0.6667	6.0	9.0	False	False	True	False	False	False	False
CDH19							1.0	9.0	9.0	False	False	True	False	False	True	False
CDH2	0.8696	20.0	23.0				1.0	9.0	9.0	True	False	True	False	True	True	True
CDH24							0.3333	3.0	9.0	False	False	False	False	False	True	False
CDH3							1.0	9.0	9.0	False	False	True	False	False	True	True
CDH4							1.0	9.0	9.0	False	False	True	False	False	True	False
CDH5							1.0	9.0	9.0	False	False	True	False	False	True	True
CDH6	1.0	23.0	23.0				1.0	9.0	9.0	True	False	True	False	True	True	True
CDHR2	1.0	23.0	23.0	0.6842	13.0	19.0	1.0	9.0	9.0	True	True	True	True	True	True	True
CDHR5							1.0	9.0	9.0	False	False	True	False	False	True	True
CDIN1							1.0	9.0	9.0	False	False	True	False	False	True	False
CDIP1							0.7778	7.0	9.0	False	False	True	False	False	True	True
CDIPT							1.0	9.0	9.0	False	False	True	False	False	True	True
CDK1							1.0	9.0	9.0	False	False	True	False	False	True	True
CDK10							1.0	9.0	9.0	False	False	True	False	False	True	True
CDK11B							1.0	9.0	9.0	False	False	True	False	False	True	False
CDK12							1.0	9.0	9.0	False	False	True	False	False	True	True
CDK13							1.0	9.0	9.0	False	False	True	False	False	True	True
CDK14							1.0	9.0	9.0	False	False	True	False	False	True	False
CDK15							0.1111	1.0	9.0	False	False	False	False	False	False	False
CDK16							1.0	9.0	9.0	False	False	True	False	False	True	True
CDK17							1.0	9.0	9.0	False	False	True	False	False	True	True
CDK18							1.0	9.0	9.0	False	False	True	False	False	True	True
CDK19							1.0	9.0	9.0	False	False	True	False	False	True	True
CDK2							1.0	9.0	9.0	False	False	True	False	False	True	True
CDK20							1.0	9.0	9.0	False	False	True	False	False	True	False
CDK2AP1							1.0	9.0	9.0	False	False	True	False	False	True	True
CDK4							1.0	9.0	9.0	False	False	True	False	False	True	True
CDK5							1.0	9.0	9.0	False	False	True	False	False	True	True
CDK5RAP1							1.0	9.0	9.0	False	False	True	False	False	True	True
CDK5RAP2							1.0	9.0	9.0	False	False	True	False	False	True	True
CDK5RAP3	1.0	23.0	23.0	1.0	19.0	19.0	1.0	9.0	9.0	True	True	True	True	True	True	True
CDK6							1.0	9.0	9.0	False	False	True	False	False	True	True
CDK7							1.0	9.0	9.0	False	False	True	False	False	True	True
CDK8							1.0	9.0	9.0	False	False	True	False	False	True	True
CDK9							1.0	9.0	9.0	False	False	True	False	False	True	True
CDKAL1							1.0	9.0	9.0	False	False	True	False	False	True	True
CDKL1							1.0	9.0	9.0	False	False	True	False	False	True	True
CDKL2							0.7778	7.0	9.0	False	False	True	False	False	True	True
CDKL5							1.0	9.0	9.0	False	False	True	False	False	True	False
CDKN1A							0.7778	7.0	9.0	False	False	True	False	False	True	True
CDKN1B							1.0	9.0	9.0	False	False	True	False	False	True	True
CDKN1C							1.0	9.0	9.0	False	False	True	False	False	True	True
CDKN2AIP							1.0	9.0	9.0	False	False	True	False	False	True	True
CDKN2AIPNL							1.0	9.0	9.0	False	False	True	False	False	True	True
CDKN2B							0.7778	7.0	9.0	False	False	True	False	False	True	True
CDKN2C							1.0	9.0	9.0	False	False	True	False	False	True	True
CDNF	1.0	23.0	23.0	1.0	19.0	19.0	1.0	9.0	9.0	True	True	True	True	True	True	False
CDO1							1.0	9.0	9.0	False	False	True	False	False	True	True
CDON							0.6667	6.0	9.0	False	False	True	False	False	True	True
CDPF1							1.0	9.0	9.0	False	False	True	False	False	True	True
CDR2							1.0	9.0	9.0	False	False	True	False	False	True	True
CDR2L							1.0	9.0	9.0	False	False	True	False	False	True	True
CDS1	1.0	23.0	23.0				1.0	9.0	9.0	True	False	True	False	True	True	True
CDS2							1.0	9.0	9.0	False	False	True	False	False	True	True
CDSN							0.6667	6.0	9.0	False	False	True	False	False	True	False
CDT1							1.0	9.0	9.0	False	False	True	False	False	True	True
CDV3	1.0	23.0	23.0	1.0	19.0	19.0	1.0	9.0	9.0	True	True	True	True	True	True	True
CDYL							1.0	9.0	9.0	False	False	True	False	False	True	True
CDYL2							1.0	9.0	9.0	False	False	True	False	False	True	True
CE1H17ORF75	0.4348	10.0	23.0							False	False	False	False	False	True	False
CE3H16ORF58	0.5217	12.0	23.0							True	False	False	False	False	True	False
CEACAM1							1.0	9.0	9.0	False	False	True	False	False	True	True
CEACAM2							1.0	9.0	9.0	False	False	True	False	False	True	False
CEBPA							1.0	9.0	9.0	False	False	True	False	False	True	True
CEBPB							1.0	9.0	9.0	False	False	True	False	False	True	True
CEBPD							1.0	9.0	9.0	False	False	True	False	False	True	True
CEBPG							0.1111	1.0	9.0	False	False	False	False	False	True	True
CEBPZ							1.0	9.0	9.0	False	False	True	False	False	True	True
CEBPZOS							1.0	9.0	9.0	False	False	True	False	False	True	True
CELA1							1.0	9.0	9.0	False	False	True	False	False	True	False
CELA2A							1.0	9.0	9.0	False	False	True	False	False	False	False
CELA3B							0.8889	8.0	9.0	False	False	True	False	False	False	False
CELF1							1.0	9.0	9.0	False	False	True	False	False	True	True
CELF2							1.0	9.0	9.0	False	False	True	False	False	True	False
CELSR1							1.0	9.0	9.0	False	False	True	False	False	True	True
CELSR2							1.0	9.0	9.0	False	False	True	False	False	True	True
CEMIP2							1.0	9.0	9.0	False	False	True	False	False	True	False
CENATAC							1.0	9.0	9.0	False	False	True	False	False	True	False
CEND1							1.0	9.0	9.0	False	False	True	False	False	True	False
CENPA							1.0	9.0	9.0	False	False	True	False	False	True	True
CENPB							1.0	9.0	9.0	False	False	True	False	False	True	True
CENPC							1.0	9.0	9.0	False	False	True	False	False	True	True
CENPE							1.0	9.0	9.0	False	False	True	False	False	True	False
CENPH	1.0	23.0	23.0	1.0	19.0	19.0	0.8889	8.0	9.0	True	True	True	True	True	True	False
CENPI							0.8889	8.0	9.0	False	False	True	False	False	True	False
CENPK							0.7778	7.0	9.0	False	False	True	False	False	True	False
CENPL							1.0	9.0	9.0	False	False	True	False	False	True	False
CENPN							0.6667	6.0	9.0	False	False	True	False	False	True	True
CENPO							0.6667	6.0	9.0	False	False	True	False	False	True	False
CENPP							1.0	9.0	9.0	False	False	True	False	False	True	False
CENPQ							1.0	9.0	9.0	False	False	True	False	False	True	True
CENPS							0.6667	6.0	9.0	False	False	True	False	False	True	False
CENPT							1.0	9.0	9.0	False	False	True	False	False	True	False
CENPU							1.0	9.0	9.0	False	False	True	False	False	True	False
CENPV	1.0	23.0	23.0	1.0	19.0	19.0	1.0	9.0	9.0	True	True	True	True	True	True	True
CEP104							1.0	9.0	9.0	False	False	True	False	False	True	True
CEP112							1.0	9.0	9.0	False	False	True	False	False	True	False
CEP120							1.0	9.0	9.0	False	False	True	False	False	True	True
CEP128							1.0	9.0	9.0	False	False	True	False	False	True	False
CEP131							1.0	9.0	9.0	False	False	True	False	False	True	True
CEP135							1.0	9.0	9.0	False	False	True	False	False	True	True
CEP152							1.0	9.0	9.0	False	False	True	False	False	True	False
CEP162							1.0	9.0	9.0	False	False	True	False	False	True	True
CEP164							1.0	9.0	9.0	False	False	True	False	False	True	True
CEP170							1.0	9.0	9.0	False	False	True	False	False	True	True
CEP170B							1.0	9.0	9.0	False	False	True	False	False	True	True
CEP19							1.0	9.0	9.0	False	False	True	False	False	True	True
CEP192							1.0	9.0	9.0	False	False	True	False	False	True	True
CEP20							1.0	9.0	9.0	False	False	True	False	False	True	False
CEP250							1.0	9.0	9.0	False	False	True	False	False	True	True
CEP290							1.0	9.0	9.0	False	False	True	False	False	True	True
CEP350							1.0	9.0	9.0	False	False	True	False	False	True	True
CEP41							1.0	9.0	9.0	False	False	True	False	False	True	False
CEP43							1.0	9.0	9.0	False	False	True	False	False	True	False
CEP44							1.0	9.0	9.0	False	False	True	False	False	True	True
CEP55							0.6667	6.0	9.0	False	False	True	False	False	True	False
CEP57							1.0	9.0	9.0	False	False	True	False	False	True	True
CEP57L1							0.3333	3.0	9.0	False	False	False	False	False	True	False
CEP63							1.0	9.0	9.0	False	False	True	False	False	True	True
CEP68							1.0	9.0	9.0	False	False	True	False	False	True	True
CEP70							1.0	9.0	9.0	False	False	True	False	False	True	True
CEP76							1.0	9.0	9.0	False	False	True	False	False	True	True
CEP78							1.0	9.0	9.0	False	False	True	False	False	True	True
CEP83							1.0	9.0	9.0	False	False	True	False	False	True	True
CEP85							1.0	9.0	9.0	False	False	True	False	False	True	True
CEP85L							1.0	9.0	9.0	False	False	True	False	False	True	True
CEP89							1.0	9.0	9.0	False	False	True	False	False	True	True
CEP95							1.0	9.0	9.0	False	False	True	False	False	True	True
CEP97							1.0	9.0	9.0	False	False	True	False	False	True	True
CEPT1							1.0	9.0	9.0	False	False	True	False	False	True	True
CERCAM							0.8889	8.0	9.0	False	False	True	False	False	True	False
CERK							1.0	9.0	9.0	False	False	True	False	False	True	True
CERS1	1.0	23.0	23.0	0.9474	18.0	19.0	0.5556	5.0	9.0	True	True	True	True	True	True	False
CERS2							1.0	9.0	9.0	False	False	True	False	False	True	True
CERS4							1.0	9.0	9.0	False	False	True	False	False	True	True
CERS5							1.0	9.0	9.0	False	False	True	False	False	True	True
CERS6							1.0	9.0	9.0	False	False	True	False	False	True	True
CERT1							1.0	9.0	9.0	False	False	True	False	False	True	False
CES1							1.0	9.0	9.0	False	False	True	False	False	True	False
CES1B							1.0	9.0	9.0	False	False	True	False	False	False	False
CES1C							1.0	9.0	9.0	False	False	True	False	False	False	False
CES1D							1.0	9.0	9.0	False	False	True	False	False	True	False
CES1E							1.0	9.0	9.0	False	False	True	False	False	True	False
CES1F							1.0	9.0	9.0	False	False	True	False	False	True	False
CES2	1.0	23.0	23.0	1.0	19.0	19.0				True	True	False	False	False	True	False
CES2A							1.0	9.0	9.0	False	False	True	False	False	False	False
CES2B							1.0	9.0	9.0	False	False	True	False	False	True	False
CES2C							1.0	9.0	9.0	False	False	True	False	False	True	False
CES2E							1.0	9.0	9.0	False	False	True	False	False	True	False
CES2F							1.0	9.0	9.0	False	False	True	False	False	True	False
CES2G							1.0	9.0	9.0	False	False	True	False	False	True	False
CES2H							0.3333	3.0	9.0	False	False	False	False	False	True	False
CES3A							1.0	9.0	9.0	False	False	True	False	False	False	False
CES5A	1.0	23.0	23.0	1.0	19.0	19.0				True	True	False	False	False	True	False
CETN2	0.7391	17.0	23.0	1.0	19.0	19.0	1.0	9.0	9.0	True	True	True	True	True	True	True
CETN3							1.0	9.0	9.0	False	False	True	False	False	True	True
CETN4							1.0	9.0	9.0	False	False	True	False	False	True	False
CFAP20							1.0	9.0	9.0	False	False	True	False	False	True	True
CFAP298							1.0	9.0	9.0	False	False	True	False	False	True	False
CFAP300							1.0	9.0	9.0	False	False	True	False	False	True	False
CFAP36							1.0	9.0	9.0	False	False	True	False	False	True	True
CFAP410							1.0	9.0	9.0	False	False	True	False	False	True	False
CFAP418							1.0	9.0	9.0	False	False	True	False	False	True	False
CFAP97							1.0	9.0	9.0	False	False	True	False	False	True	True
CFB	1.0	23.0	23.0	1.0	19.0	19.0	1.0	9.0	9.0	True	True	True	True	True	True	False
CFD	1.0	23.0	23.0	1.0	19.0	19.0	1.0	9.0	9.0	True	True	True	True	True	True	True
CFDP1	0.8261	19.0	23.0	0.9474	18.0	19.0	1.0	9.0	9.0	True	True	True	True	True	True	True
CFH							1.0	9.0	9.0	False	False	True	False	False	True	False
CFHR1							1.0	9.0	9.0	False	False	True	False	False	False	False
CFHR2							1.0	9.0	9.0	False	False	True	False	False	True	False
CFHR4							1.0	9.0	9.0	False	False	True	False	False	True	False
CFHR5	0.6522	15.0	23.0	0.8421	16.0	19.0				True	True	False	False	False	False	False
CFI	1.0	23.0	23.0	1.0	19.0	19.0	1.0	9.0	9.0	True	True	True	True	True	True	True
CFL1	1.0	23.0	23.0	1.0	19.0	19.0	1.0	9.0	9.0	True	True	True	True	True	True	True
CFL2	1.0	23.0	23.0	1.0	19.0	19.0	1.0	9.0	9.0	True	True	True	True	True	True	True
CFLAR							1.0	9.0	9.0	False	False	True	False	False	True	True
CFP							1.0	9.0	9.0	False	False	True	False	False	True	True
CFTR							1.0	9.0	9.0	False	False	True	False	False	True	True
CGA							0.4444	4.0	9.0	False	False	False	False	False	False	False
CGAS							0.8889	8.0	9.0	False	False	True	False	False	False	False
CGGBP1							1.0	9.0	9.0	False	False	True	False	False	True	True
CGN							1.0	9.0	9.0	False	False	True	False	False	True	True
CGNL1	1.0	23.0	23.0	1.0	19.0	19.0	1.0	9.0	9.0	True	True	True	True	True	True	True
CGREF1							1.0	9.0	9.0	False	False	True	False	False	True	True
CGRRF1							1.0	9.0	9.0	False	False	True	False	False	True	True
CHAC2							1.0	9.0	9.0	False	False	True	False	False	True	False
CHAD							1.0	9.0	9.0	False	False	True	False	False	False	False
CHAF1A							0.7778	7.0	9.0	False	False	True	False	False	True	True
CHAF1B							1.0	9.0	9.0	False	False	True	False	False	True	True
CHAMP1							1.0	9.0	9.0	False	False	True	False	False	True	True
CHCHD1							1.0	9.0	9.0	False	False	True	False	False	True	True
CHCHD10	0.8696	20.0	23.0	1.0	19.0	19.0	0.6667	6.0	9.0	True	True	True	True	True	True	True
CHCHD2	1.0	23.0	23.0	1.0	19.0	19.0				True	True	False	False	False	True	True
CHCHD3	1.0	23.0	23.0	1.0	19.0	19.0	1.0	9.0	9.0	True	True	True	True	True	True	True
CHCHD4	0.9565	22.0	23.0				1.0	9.0	9.0	True	False	True	False	True	True	True
CHCHD5							1.0	9.0	9.0	False	False	True	False	False	True	True
CHCHD6							1.0	9.0	9.0	False	False	True	False	False	True	True
CHCHD7							1.0	9.0	9.0	False	False	True	False	False	True	True
CHD1							1.0	9.0	9.0	False	False	True	False	False	True	True
CHD1L							1.0	9.0	9.0	False	False	True	False	False	True	True
CHD2							1.0	9.0	9.0	False	False	True	False	False	True	True
CHD3							1.0	9.0	9.0	False	False	True	False	False	True	True
CHD4				0.6316	12.0	19.0	1.0	9.0	9.0	False	True	True	False	True	True	True
CHD6							1.0	9.0	9.0	False	False	True	False	False	True	True
CHD7							1.0	9.0	9.0	False	False	True	False	False	True	True
CHD8							1.0	9.0	9.0	False	False	True	False	False	True	True
CHD9							1.0	9.0	9.0	False	False	True	False	False	True	True
CHDH	1.0	23.0	23.0	1.0	19.0	19.0	1.0	9.0	9.0	True	True	True	True	True	True	True
CHEK1							1.0	9.0	9.0	False	False	True	False	False	True	False
CHEK2							1.0	9.0	9.0	False	False	True	False	False	True	True
CHERP							1.0	9.0	9.0	False	False	True	False	False	True	True
CHFR							1.0	9.0	9.0	False	False	True	False	False	True	True
CHGA							1.0	9.0	9.0	False	False	True	False	False	True	False
CHGB							1.0	9.0	9.0	False	False	True	False	False	True	False
CHI3L1							1.0	9.0	9.0	False	False	True	False	False	True	False
CHIA							1.0	9.0	9.0	False	False	True	False	False	False	False
CHIC1							1.0	9.0	9.0	False	False	True	False	False	True	True
CHIC2							1.0	9.0	9.0	False	False	True	False	False	True	True
CHID1	1.0	23.0	23.0	1.0	19.0	19.0	1.0	9.0	9.0	True	True	True	True	True	True	True
CHIL3							1.0	9.0	9.0	False	False	True	False	False	True	False
CHIL4							0.4444	4.0	9.0	False	False	False	False	False	False	False
CHIT1							1.0	9.0	9.0	False	False	True	False	False	True	False
CHKA							1.0	9.0	9.0	False	False	True	False	False	True	True
CHKB							1.0	9.0	9.0	False	False	True	False	False	True	True
CHL1							1.0	9.0	9.0	False	False	True	False	False	True	False
CHM							1.0	9.0	9.0	False	False	True	False	False	True	True
CHML							1.0	9.0	9.0	False	False	True	False	False	True	True
CHMP1A	1.0	23.0	23.0				1.0	9.0	9.0	True	False	True	False	True	True	True
CHMP1B1							1.0	9.0	9.0	False	False	True	False	False	False	False
CHMP1B2							1.0	9.0	9.0	False	False	True	False	False	False	False
CHMP2A	1.0	23.0	23.0				1.0	9.0	9.0	True	False	True	False	True	True	True
CHMP2B							1.0	9.0	9.0	False	False	True	False	False	True	True
CHMP3							1.0	9.0	9.0	False	False	True	False	False	True	False
CHMP4B	1.0	23.0	23.0				1.0	9.0	9.0	True	False	True	False	True	True	True
CHMP4C							1.0	9.0	9.0	False	False	True	False	False	True	True
CHMP5	1.0	23.0	23.0				1.0	9.0	9.0	True	False	True	False	True	True	True
CHMP6	1.0	23.0	23.0				1.0	9.0	9.0	True	False	True	False	True	True	True
CHMP7							1.0	9.0	9.0	False	False	True	False	False	True	True
CHN1							1.0	9.0	9.0	False	False	True	False	False	True	True
CHN2							1.0	9.0	9.0	False	False	True	False	False	True	True
CHORDC1				1.0	19.0	19.0	1.0	9.0	9.0	False	True	True	False	True	True	True
CHP1	1.0	23.0	23.0				1.0	9.0	9.0	True	False	True	False	True	True	True
CHP2							0.4444	4.0	9.0	False	False	False	False	False	True	False
CHPF							1.0	9.0	9.0	False	False	True	False	False	True	True
CHPF2							1.0	9.0	9.0	False	False	True	False	False	True	True
CHPT1							1.0	9.0	9.0	False	False	True	False	False	True	True
CHRAC1							1.0	9.0	9.0	False	False	True	False	False	True	True
CHRD							0.8889	8.0	9.0	False	False	True	False	False	True	False
CHRDL1							0.4444	4.0	9.0	False	False	False	False	False	True	True
CHRM3							0.8889	8.0	9.0	False	False	True	False	False	True	False
CHRNA4							0.3333	3.0	9.0	False	False	False	False	False	True	True
CHRNB1							0.6667	6.0	9.0	False	False	True	False	False	True	True
CHRNE							0.4444	4.0	9.0	False	False	False	False	False	True	False
CHST11							1.0	9.0	9.0	False	False	True	False	False	True	True
CHST12							1.0	9.0	9.0	False	False	True	False	False	True	True
CHST14							1.0	9.0	9.0	False	False	True	False	False	True	True
CHST15							1.0	9.0	9.0	False	False	True	False	False	True	True
CHST2							1.0	9.0	9.0	False	False	True	False	False	True	False
CHST3							1.0	9.0	9.0	False	False	True	False	False	True	True
CHST7							1.0	9.0	9.0	False	False	True	False	False	True	True
CHSY1							1.0	9.0	9.0	False	False	True	False	False	True	True
CHSY3							0.7778	7.0	9.0	False	False	True	False	False	True	False
CHTF18							1.0	9.0	9.0	False	False	True	False	False	True	False
CHTF8							0.6667	6.0	9.0	False	False	True	False	False	True	False
CHTOP							1.0	9.0	9.0	False	False	True	False	False	True	True
CHUK							1.0	9.0	9.0	False	False	True	False	False	True	True
CHURC1							1.0	9.0	9.0	False	False	True	False	False	True	True
CIAO1	0.9565	22.0	23.0				1.0	9.0	9.0	True	False	True	False	True	True	True
CIAO2A							1.0	9.0	9.0	False	False	True	False	False	True	False
CIAO2B							1.0	9.0	9.0	False	False	True	False	False	True	False
CIAO3	0.6522	15.0	23.0				1.0	9.0	9.0	True	False	True	False	True	True	False
CIAPIN1	1.0	23.0	23.0	1.0	19.0	19.0	1.0	9.0	9.0	True	True	True	True	True	True	True
CIB1							1.0	9.0	9.0	False	False	True	False	False	True	True
CIBAR1							1.0	9.0	9.0	False	False	True	False	False	True	False
CIC							1.0	9.0	9.0	False	False	True	False	False	True	True
CIDEB							1.0	9.0	9.0	False	False	True	False	False	True	True
CIDEC							0.3333	3.0	9.0	False	False	False	False	False	True	False
CILK1							1.0	9.0	9.0	False	False	True	False	False	True	False
CINP							1.0	9.0	9.0	False	False	True	False	False	True	True
CIP2A							1.0	9.0	9.0	False	False	True	False	False	True	False
CIPC							0.2222	2.0	9.0	False	False	False	False	False	True	True
CIRBP	0.8696	20.0	23.0	1.0	19.0	19.0	1.0	9.0	9.0	True	True	True	True	True	True	True
CIRSR							1.0	9.0	9.0	False	False	True	False	False	True	True
CISD1	1.0	23.0	23.0	1.0	19.0	19.0	1.0	9.0	9.0	True	True	True	True	True	True	True
CISD2	1.0	23.0	23.0	1.0	19.0	19.0	1.0	9.0	9.0	True	True	True	True	True	True	True
CISD3	1.0	23.0	23.0	1.0	19.0	19.0	1.0	9.0	9.0	True	True	True	True	True	True	True
CISH							1.0	9.0	9.0	False	False	True	False	False	True	True
CIT							1.0	9.0	9.0	False	False	True	False	False	True	False
CITED2							1.0	9.0	9.0	False	False	True	False	False	True	True
CIZ1							1.0	9.0	9.0	False	False	True	False	False	True	True
CKAP2							1.0	9.0	9.0	False	False	True	False	False	True	False
CKAP2L							0.7778	7.0	9.0	False	False	True	False	False	True	False
CKAP4	1.0	23.0	23.0	1.0	19.0	19.0	1.0	9.0	9.0	True	True	True	True	True	True	True
CKAP5	1.0	23.0	23.0	0.4211	8.0	19.0	1.0	9.0	9.0	True	False	True	False	True	True	True
CKB							1.0	9.0	9.0	False	False	True	False	False	True	False
CKM	1.0	23.0	23.0	1.0	19.0	19.0	1.0	9.0	9.0	True	True	True	True	True	True	False
CKMT1							1.0	9.0	9.0	False	False	True	False	False	True	False
CKMT1A	1.0	23.0	23.0	1.0	19.0	19.0				True	True	False	False	False	False	False
CKMT2							0.2222	2.0	9.0	False	False	False	False	False	True	False
CKS2							0.8889	8.0	9.0	False	False	True	False	False	True	True
CLASP1							1.0	9.0	9.0	False	False	True	False	False	True	True
CLASP2	0.8696	20.0	23.0				1.0	9.0	9.0	True	False	True	False	True	True	True
CLASRP							1.0	9.0	9.0	False	False	True	False	False	True	False
CLBA1							1.0	9.0	9.0	False	False	True	False	False	True	False
CLCA3A1							1.0	9.0	9.0	False	False	True	False	False	True	False
CLCA3A2							0.6667	6.0	9.0	False	False	True	False	False	True	False
CLCC1	1.0	23.0	23.0	1.0	19.0	19.0	1.0	9.0	9.0	True	True	True	True	True	True	True
CLCN2							1.0	9.0	9.0	False	False	True	False	False	True	True
CLCN3							1.0	9.0	9.0	False	False	True	False	False	True	True
CLCN4							1.0	9.0	9.0	False	False	True	False	False	True	False
CLCN5							1.0	9.0	9.0	False	False	True	False	False	True	True
CLCN6							1.0	9.0	9.0	False	False	True	False	False	True	True
CLCN7							1.0	9.0	9.0	False	False	True	False	False	True	True
CLCNKA							1.0	9.0	9.0	False	False	True	False	False	True	False
CLCNKB							1.0	9.0	9.0	False	False	True	False	False	True	False
CLDN1							1.0	9.0	9.0	False	False	True	False	False	True	True
CLDN10							1.0	9.0	9.0	False	False	True	False	False	True	True
CLDN12							1.0	9.0	9.0	False	False	True	False	False	True	True
CLDN15							1.0	9.0	9.0	False	False	True	False	False	True	True
CLDN16							1.0	9.0	9.0	False	False	True	False	False	True	True
CLDN19							1.0	9.0	9.0	False	False	True	False	False	True	True
CLDN2							1.0	9.0	9.0	False	False	True	False	False	True	True
CLDN23							0.7778	7.0	9.0	False	False	True	False	False	True	False
CLDN3							1.0	9.0	9.0	False	False	True	False	False	True	True
CLDN4							1.0	9.0	9.0	False	False	True	False	False	True	True
CLDN5							1.0	9.0	9.0	False	False	True	False	False	True	False
CLDN6							0.8889	8.0	9.0	False	False	True	False	False	True	False
CLDN7							1.0	9.0	9.0	False	False	True	False	False	True	True
CLDN8							1.0	9.0	9.0	False	False	True	False	False	True	True
CLDND1							1.0	9.0	9.0	False	False	True	False	False	True	False
CLEC10A							1.0	9.0	9.0	False	False	True	False	False	True	False
CLEC11A	0.5652	13.0	23.0				1.0	9.0	9.0	True	False	True	False	True	True	True
CLEC12A							1.0	9.0	9.0	False	False	True	False	False	True	False
CLEC14A							1.0	9.0	9.0	False	False	True	False	False	True	True
CLEC16A							1.0	9.0	9.0	False	False	True	False	False	True	True
CLEC1A							1.0	9.0	9.0	False	False	True	False	False	True	False
CLEC1B							1.0	9.0	9.0	False	False	True	False	False	False	False
CLEC2D							1.0	9.0	9.0	False	False	True	False	False	True	True
CLEC2H							0.4444	4.0	9.0	False	False	False	False	False	True	False
CLEC3A							0.5556	5.0	9.0	False	False	True	False	False	True	False
CLEC3B							1.0	9.0	9.0	False	False	True	False	False	True	True
CLEC4A							0.7778	7.0	9.0	False	False	True	False	False	True	True
CLEC4A3							0.7778	7.0	9.0	False	False	True	False	False	True	False
CLEC4B1							0.5556	5.0	9.0	False	False	True	False	False	True	False
CLEC5A							1.0	9.0	9.0	False	False	True	False	False	True	False
CLEC6A							0.6667	6.0	9.0	False	False	True	False	False	True	False
CLEC7A							1.0	9.0	9.0	False	False	True	False	False	True	False
CLEC9A							0.4444	4.0	9.0	False	False	False	False	False	True	False
CLGN							1.0	9.0	9.0	False	False	True	False	False	True	False
CLIC1	1.0	23.0	23.0	1.0	19.0	19.0	1.0	9.0	9.0	True	True	True	True	True	True	True
CLIC2	0.9565	22.0	23.0	1.0	19.0	19.0				True	True	False	False	False	True	False
CLIC3							1.0	9.0	9.0	False	False	True	False	False	True	True
CLIC4	1.0	23.0	23.0	1.0	19.0	19.0	1.0	9.0	9.0	True	True	True	True	True	True	True
CLIC5	0.9565	22.0	23.0	1.0	19.0	19.0	1.0	9.0	9.0	True	True	True	True	True	True	True
CLIC6				1.0	19.0	19.0	1.0	9.0	9.0	False	True	True	False	True	True	False
CLINT1	1.0	23.0	23.0	1.0	19.0	19.0	1.0	9.0	9.0	True	True	True	True	True	True	True
CLIP1	1.0	23.0	23.0				1.0	9.0	9.0	True	False	True	False	True	True	True
CLIP2							1.0	9.0	9.0	False	False	True	False	False	True	True
CLIP3							0.4444	4.0	9.0	False	False	False	False	False	True	False
CLIP4							1.0	9.0	9.0	False	False	True	False	False	True	True
CLK1							1.0	9.0	9.0	False	False	True	False	False	True	True
CLK2							1.0	9.0	9.0	False	False	True	False	False	True	True
CLK3							1.0	9.0	9.0	False	False	True	False	False	True	True
CLK4							1.0	9.0	9.0	False	False	True	False	False	True	True
CLMN							1.0	9.0	9.0	False	False	True	False	False	True	True
CLMP							1.0	9.0	9.0	False	False	True	False	False	True	False
CLN3							1.0	9.0	9.0	False	False	True	False	False	True	True
CLN5							1.0	9.0	9.0	False	False	True	False	False	True	True
CLN6							1.0	9.0	9.0	False	False	True	False	False	True	True
CLN8							1.0	9.0	9.0	False	False	True	False	False	True	True
CLNK							0.8889	8.0	9.0	False	False	True	False	False	False	False
CLNS1A	1.0	23.0	23.0				1.0	9.0	9.0	True	False	True	False	True	True	True
CLOCK							1.0	9.0	9.0	False	False	True	False	False	True	True
CLP1							1.0	9.0	9.0	False	False	True	False	False	True	True
CLPB	1.0	23.0	23.0	0.8947	17.0	19.0	1.0	9.0	9.0	True	True	True	True	True	True	True
CLPP	1.0	23.0	23.0	1.0	19.0	19.0	1.0	9.0	9.0	True	True	True	True	True	True	True
CLPS							0.8889	8.0	9.0	False	False	True	False	False	False	False
CLPTM1	1.0	23.0	23.0	1.0	19.0	19.0	1.0	9.0	9.0	True	True	True	True	True	True	True
CLPTM1L							1.0	9.0	9.0	False	False	True	False	False	True	True
CLPX	0.8261	19.0	23.0	1.0	19.0	19.0	1.0	9.0	9.0	True	True	True	True	True	True	True
CLRN3	0.7826	18.0	23.0				1.0	9.0	9.0	True	False	True	False	True	True	True
CLSTN1							1.0	9.0	9.0	False	False	True	False	False	True	True
CLTA	1.0	23.0	23.0	1.0	19.0	19.0	1.0	9.0	9.0	True	True	True	True	True	True	True
CLTB	1.0	23.0	23.0	0.4737	9.0	19.0	1.0	9.0	9.0	True	False	True	False	True	True	True
CLTC	1.0	23.0	23.0	1.0	19.0	19.0	1.0	9.0	9.0	True	True	True	True	True	True	True
CLTRN							1.0	9.0	9.0	False	False	True	False	False	True	False
CLU	1.0	23.0	23.0	1.0	19.0	19.0	1.0	9.0	9.0	True	True	True	True	True	True	True
CLUAP1							1.0	9.0	9.0	False	False	True	False	False	True	True
CLUH	1.0	23.0	23.0	0.6842	13.0	19.0	1.0	9.0	9.0	True	True	True	True	True	True	True
CLYBL	1.0	23.0	23.0	1.0	19.0	19.0	1.0	9.0	9.0	True	True	True	True	True	True	True
CMA1							0.8889	8.0	9.0	False	False	True	False	False	False	False
CMAH							1.0	9.0	9.0	False	False	True	False	False	True	True
CMAS	1.0	23.0	23.0	1.0	19.0	19.0	1.0	9.0	9.0	True	True	True	True	True	True	True
CMBL	1.0	23.0	23.0	1.0	19.0	19.0	1.0	9.0	9.0	True	True	True	True	True	True	True
CMC1	1.0	23.0	23.0				1.0	9.0	9.0	True	False	True	False	True	True	True
CMC2							1.0	9.0	9.0	False	False	True	False	False	True	True
CMC4							1.0	9.0	9.0	False	False	True	False	False	True	False
CMIP							1.0	9.0	9.0	False	False	True	False	False	True	True
CMKLR1							1.0	9.0	9.0	False	False	True	False	False	True	True
CML1							1.0	9.0	9.0	False	False	True	False	False	True	False
CMPK1	1.0	23.0	23.0	1.0	19.0	19.0	1.0	9.0	9.0	True	True	True	True	True	True	True
CMPK2							1.0	9.0	9.0	False	False	True	False	False	True	True
CMSS1							1.0	9.0	9.0	False	False	True	False	False	True	True
CMTM3							1.0	9.0	9.0	False	False	True	False	False	True	False
CMTM4							1.0	9.0	9.0	False	False	True	False	False	True	True
CMTM6							1.0	9.0	9.0	False	False	True	False	False	True	True
CMTM7							0.7778	7.0	9.0	False	False	True	False	False	True	True
CMTM8							1.0	9.0	9.0	False	False	True	False	False	True	True
CMTR1							1.0	9.0	9.0	False	False	True	False	False	True	False
CMTR2							1.0	9.0	9.0	False	False	True	False	False	True	True
CNBP	0.5217	12.0	23.0	1.0	19.0	19.0	1.0	9.0	9.0	True	True	True	True	True	True	True
CNDP1	1.0	23.0	23.0	1.0	19.0	19.0	1.0	9.0	9.0	True	True	True	True	True	True	True
CNDP2	1.0	23.0	23.0	1.0	19.0	19.0	1.0	9.0	9.0	True	True	True	True	True	True	True
CNEP1R1							1.0	9.0	9.0	False	False	True	False	False	True	True
CNIH4							1.0	9.0	9.0	False	False	True	False	False	True	True
CNKSR1							1.0	9.0	9.0	False	False	True	False	False	True	True
CNKSR3							1.0	9.0	9.0	False	False	True	False	False	True	True
CNN1	1.0	23.0	23.0	1.0	19.0	19.0	1.0	9.0	9.0	True	True	True	True	True	True	True
CNN2	1.0	23.0	23.0	1.0	19.0	19.0	1.0	9.0	9.0	True	True	True	True	True	True	True
CNN3	1.0	23.0	23.0	1.0	19.0	19.0	1.0	9.0	9.0	True	True	True	True	True	True	True
CNNM2							1.0	9.0	9.0	False	False	True	False	False	True	True
CNNM3							1.0	9.0	9.0	False	False	True	False	False	True	True
CNNM4							1.0	9.0	9.0	False	False	True	False	False	True	True
CNOT1	0.5652	13.0	23.0				1.0	9.0	9.0	True	False	True	False	True	True	True
CNOT10							1.0	9.0	9.0	False	False	True	False	False	True	True
CNOT11							1.0	9.0	9.0	False	False	True	False	False	True	True
CNOT2							1.0	9.0	9.0	False	False	True	False	False	True	True
CNOT3							1.0	9.0	9.0	False	False	True	False	False	True	True
CNOT4							1.0	9.0	9.0	False	False	True	False	False	True	True
CNOT6							1.0	9.0	9.0	False	False	True	False	False	True	True
CNOT6L							1.0	9.0	9.0	False	False	True	False	False	True	True
CNOT7							1.0	9.0	9.0	False	False	True	False	False	True	True
CNOT8							1.0	9.0	9.0	False	False	True	False	False	True	True
CNOT9							1.0	9.0	9.0	False	False	True	False	False	True	False
CNP	1.0	23.0	23.0	1.0	19.0	19.0	1.0	9.0	9.0	True	True	True	True	True	True	True
CNPY2	1.0	23.0	23.0	1.0	19.0	19.0	1.0	9.0	9.0	True	True	True	True	True	True	True
CNPY3	1.0	23.0	23.0	1.0	19.0	19.0	1.0	9.0	9.0	True	True	True	True	True	True	True
CNPY4	1.0	23.0	23.0	1.0	19.0	19.0	1.0	9.0	9.0	True	True	True	True	True	True	True
CNRIP1	1.0	23.0	23.0	1.0	19.0	19.0	1.0	9.0	9.0	True	True	True	True	True	True	False
CNST							1.0	9.0	9.0	False	False	True	False	False	True	True
CNTF							1.0	9.0	9.0	False	False	True	False	False	True	False
CNTFR							1.0	9.0	9.0	False	False	True	False	False	True	True
CNTLN							1.0	9.0	9.0	False	False	True	False	False	True	True
CNTN1							1.0	9.0	9.0	False	False	True	False	False	True	False
CNTRL							1.0	9.0	9.0	False	False	True	False	False	True	True
CNTROB							1.0	9.0	9.0	False	False	True	False	False	True	False
COA3	1.0	23.0	23.0	1.0	19.0	19.0	1.0	9.0	9.0	True	True	True	True	True	True	True
COA4							1.0	9.0	9.0	False	False	True	False	False	True	True
COA5							1.0	9.0	9.0	False	False	True	False	False	True	True
COA6							1.0	9.0	9.0	False	False	True	False	False	True	False
COA7	0.8696	20.0	23.0				1.0	9.0	9.0	True	False	True	False	True	True	True
COA8							1.0	9.0	9.0	False	False	True	False	False	True	False
COASY	1.0	23.0	23.0	1.0	19.0	19.0	1.0	9.0	9.0	True	True	True	True	True	True	True
COBL							1.0	9.0	9.0	False	False	True	False	False	True	True
COBLL1	1.0	23.0	23.0	1.0	19.0	19.0	1.0	9.0	9.0	True	True	True	True	True	True	True
COCH							1.0	9.0	9.0	False	False	True	False	False	True	False
COG1							1.0	9.0	9.0	False	False	True	False	False	True	True
COG2							1.0	9.0	9.0	False	False	True	False	False	True	True
COG3							1.0	9.0	9.0	False	False	True	False	False	True	True
COG4				0.8421	16.0	19.0	1.0	9.0	9.0	False	True	True	False	True	True	True
COG5							1.0	9.0	9.0	False	False	True	False	False	True	True
COG6							1.0	9.0	9.0	False	False	True	False	False	True	True
COG7							1.0	9.0	9.0	False	False	True	False	False	True	True
COG8							1.0	9.0	9.0	False	False	True	False	False	True	True
COIL							1.0	9.0	9.0	False	False	True	False	False	True	False
COL11A1							1.0	9.0	9.0	False	False	True	False	False	True	False
COL11A2							1.0	9.0	9.0	False	False	True	False	False	False	False
COL12A1	1.0	23.0	23.0	1.0	19.0	19.0	1.0	9.0	9.0	True	True	True	True	True	True	True
COL13A1							0.8889	8.0	9.0	False	False	True	False	False	True	False
COL14A1	1.0	23.0	23.0	1.0	19.0	19.0	1.0	9.0	9.0	True	True	True	True	True	True	True
COL15A1				1.0	19.0	19.0	1.0	9.0	9.0	False	True	True	False	True	True	True
COL16A1							1.0	9.0	9.0	False	False	True	False	False	True	True
COL18A1	1.0	23.0	23.0	1.0	19.0	19.0	1.0	9.0	9.0	True	True	True	True	True	True	True
COL19A1							0.1111	1.0	9.0	False	False	False	False	False	False	False
COL1A1	1.0	23.0	23.0	1.0	19.0	19.0	1.0	9.0	9.0	True	True	True	True	True	True	True
COL1A2				1.0	19.0	19.0	1.0	9.0	9.0	False	True	True	False	True	True	True
COL26A1							1.0	9.0	9.0	False	False	True	False	False	True	False
COL28A1							0.7778	7.0	9.0	False	False	True	False	False	True	False
COL2A1							1.0	9.0	9.0	False	False	True	False	False	True	False
COL3A1							1.0	9.0	9.0	False	False	True	False	False	True	True
COL4A1							1.0	9.0	9.0	False	False	True	False	False	True	True
COL4A2	1.0	23.0	23.0	1.0	19.0	19.0	1.0	9.0	9.0	True	True	True	True	True	True	True
COL4A3							1.0	9.0	9.0	False	False	True	False	False	True	True
COL4A4							1.0	9.0	9.0	False	False	True	False	False	True	True
COL4A5	1.0	23.0	23.0	1.0	19.0	19.0	1.0	9.0	9.0	True	True	True	True	True	True	True
COL4A6							1.0	9.0	9.0	False	False	True	False	False	True	False
COL5A1							1.0	9.0	9.0	False	False	True	False	False	True	True
COL5A2							1.0	9.0	9.0	False	False	True	False	False	True	True
COL5A3							1.0	9.0	9.0	False	False	True	False	False	True	False
COL6A1	1.0	23.0	23.0	1.0	19.0	19.0	1.0	9.0	9.0	True	True	True	True	True	True	True
COL6A2	1.0	23.0	23.0	1.0	19.0	19.0	1.0	9.0	9.0	True	True	True	True	True	True	True
COL6A3	1.0	23.0	23.0	1.0	19.0	19.0	1.0	9.0	9.0	True	True	True	True	True	True	True
COL6A4							1.0	9.0	9.0	False	False	True	False	False	True	False
COL6A5				1.0	19.0	19.0	1.0	9.0	9.0	False	True	True	False	True	True	False
COL6A6							1.0	9.0	9.0	False	False	True	False	False	False	False
COL7A1							1.0	9.0	9.0	False	False	True	False	False	True	False
COL8A1							1.0	9.0	9.0	False	False	True	False	False	True	True
COLEC10							0.8889	8.0	9.0	False	False	True	False	False	False	False
COLEC11							1.0	9.0	9.0	False	False	True	False	False	True	False
COLEC12							1.0	9.0	9.0	False	False	True	False	False	True	True
COLGALT1							1.0	9.0	9.0	False	False	True	False	False	True	True
COLGALT2							1.0	9.0	9.0	False	False	True	False	False	True	True
COMMD1	0.8696	20.0	23.0				1.0	9.0	9.0	True	False	True	False	True	True	True
COMMD10	1.0	23.0	23.0				1.0	9.0	9.0	True	False	True	False	True	True	True
COMMD2							1.0	9.0	9.0	False	False	True	False	False	True	True
COMMD3	1.0	23.0	23.0	1.0	19.0	19.0	1.0	9.0	9.0	True	True	True	True	True	True	True
COMMD4	1.0	23.0	23.0				1.0	9.0	9.0	True	False	True	False	True	True	True
COMMD5	1.0	23.0	23.0				1.0	9.0	9.0	True	False	True	False	True	True	True
COMMD6							1.0	9.0	9.0	False	False	True	False	False	True	True
COMMD7	0.8261	19.0	23.0				1.0	9.0	9.0	True	False	True	False	True	True	True
COMMD8	1.0	23.0	23.0				1.0	9.0	9.0	True	False	True	False	True	True	True
COMMD9	0.8696	20.0	23.0	0.6842	13.0	19.0	1.0	9.0	9.0	True	True	True	True	True	True	True
COMP							1.0	9.0	9.0	False	False	True	False	False	False	False
COMT	1.0	23.0	23.0	1.0	19.0	19.0	1.0	9.0	9.0	True	True	True	True	True	True	True
COMTD1	0.7391	17.0	23.0	0.7895	15.0	19.0	1.0	9.0	9.0	True	True	True	True	True	True	False
COP1							1.0	9.0	9.0	False	False	True	False	False	True	False
COPA	1.0	23.0	23.0	1.0	19.0	19.0	1.0	9.0	9.0	True	True	True	True	True	True	True
COPB1	1.0	23.0	23.0	1.0	19.0	19.0	1.0	9.0	9.0	True	True	True	True	True	True	True
COPB2	1.0	23.0	23.0	1.0	19.0	19.0	1.0	9.0	9.0	True	True	True	True	True	True	True
COPE							1.0	9.0	9.0	False	False	True	False	False	True	True
COPG1	1.0	23.0	23.0	1.0	19.0	19.0	1.0	9.0	9.0	True	True	True	True	True	True	True
COPG2	1.0	23.0	23.0	0.6842	13.0	19.0	1.0	9.0	9.0	True	True	True	True	True	True	True
COPRS							1.0	9.0	9.0	False	False	True	False	False	True	True
COPS2	1.0	23.0	23.0	1.0	19.0	19.0	1.0	9.0	9.0	True	True	True	True	True	True	True
COPS3	1.0	23.0	23.0	1.0	19.0	19.0	1.0	9.0	9.0	True	True	True	True	True	True	True
COPS4	1.0	23.0	23.0	1.0	19.0	19.0	1.0	9.0	9.0	True	True	True	True	True	True	True
COPS5	1.0	23.0	23.0	0.9474	18.0	19.0	1.0	9.0	9.0	True	True	True	True	True	True	True
COPS6	1.0	23.0	23.0	1.0	19.0	19.0	1.0	9.0	9.0	True	True	True	True	True	True	True
COPS7A	1.0	23.0	23.0	1.0	19.0	19.0	1.0	9.0	9.0	True	True	True	True	True	True	True
COPS7B							1.0	9.0	9.0	False	False	True	False	False	True	True
COPS8							1.0	9.0	9.0	False	False	True	False	False	True	False
COPS9	0.7826	18.0	23.0							True	False	False	False	False	True	False
COPZ1	1.0	23.0	23.0	1.0	19.0	19.0	1.0	9.0	9.0	True	True	True	True	True	True	True
COPZ2							1.0	9.0	9.0	False	False	True	False	False	True	True
COQ10A							1.0	9.0	9.0	False	False	True	False	False	True	True
COQ10B							1.0	9.0	9.0	False	False	True	False	False	True	True
COQ2							1.0	9.0	9.0	False	False	True	False	False	True	True
COQ3	1.0	23.0	23.0	1.0	19.0	19.0	1.0	9.0	9.0	True	True	True	True	True	True	True
COQ4	1.0	23.0	23.0	0.5263	10.0	19.0	1.0	9.0	9.0	True	True	True	True	True	True	True
COQ5	1.0	23.0	23.0	1.0	19.0	19.0	1.0	9.0	9.0	True	True	True	True	True	True	True
COQ6	1.0	23.0	23.0	1.0	19.0	19.0	1.0	9.0	9.0	True	True	True	True	True	True	True
COQ7	1.0	23.0	23.0	1.0	19.0	19.0	1.0	9.0	9.0	True	True	True	True	True	True	True
COQ8A	1.0	23.0	23.0	1.0	19.0	19.0	1.0	9.0	9.0	True	True	True	True	True	True	False
COQ8B							1.0	9.0	9.0	False	False	True	False	False	True	False
COQ9	1.0	23.0	23.0	0.9474	18.0	19.0	1.0	9.0	9.0	True	True	True	True	True	True	True
CORIN							0.5556	5.0	9.0	False	False	True	False	False	True	False
CORO1A	1.0	23.0	23.0	1.0	19.0	19.0	1.0	9.0	9.0	True	True	True	True	True	True	True
CORO1B	1.0	23.0	23.0	1.0	19.0	19.0	1.0	9.0	9.0	True	True	True	True	True	True	True
CORO1C	1.0	23.0	23.0	1.0	19.0	19.0	1.0	9.0	9.0	True	True	True	True	True	True	True
CORO2A							1.0	9.0	9.0	False	False	True	False	False	True	True
CORO2B							1.0	9.0	9.0	False	False	True	False	False	True	False
CORO7							1.0	9.0	9.0	False	False	True	False	False	True	False
COTL1	1.0	23.0	23.0	1.0	19.0	19.0	1.0	9.0	9.0	True	True	True	True	True	True	True
COX10							1.0	9.0	9.0	False	False	True	False	False	True	False
COX11							1.0	9.0	9.0	False	False	True	False	False	True	True
COX14							1.0	9.0	9.0	False	False	True	False	False	True	False
COX15	1.0	23.0	23.0	0.9474	18.0	19.0	1.0	9.0	9.0	True	True	True	True	True	True	True
COX16							1.0	9.0	9.0	False	False	True	False	False	True	True
COX17	1.0	23.0	23.0	0.7895	15.0	19.0	1.0	9.0	9.0	True	True	True	True	True	True	True
COX18							1.0	9.0	9.0	False	False	True	False	False	True	True
COX19							1.0	9.0	9.0	False	False	True	False	False	True	True
COX20							1.0	9.0	9.0	False	False	True	False	False	True	False
COX4I1	1.0	23.0	23.0	1.0	19.0	19.0	1.0	9.0	9.0	True	True	True	True	True	True	False
COX4I2							1.0	9.0	9.0	False	False	True	False	False	True	False
COX5A	1.0	23.0	23.0	1.0	19.0	19.0	1.0	9.0	9.0	True	True	True	True	True	True	False
COX5B	1.0	23.0	23.0	1.0	19.0	19.0	1.0	9.0	9.0	True	True	True	True	True	True	True
COX6A1							1.0	9.0	9.0	False	False	True	False	False	True	False
COX6B1							1.0	9.0	9.0	False	False	True	False	False	True	False
COX6C							1.0	9.0	9.0	False	False	True	False	False	True	False
COX7A1	1.0	23.0	23.0	0.9474	18.0	19.0	1.0	9.0	9.0	True	True	True	True	True	True	True
COX7A2	1.0	23.0	23.0	1.0	19.0	19.0	1.0	9.0	9.0	True	True	True	True	True	True	True
COX7A2L							1.0	9.0	9.0	False	False	True	False	False	True	False
COX7B							1.0	9.0	9.0	False	False	True	False	False	True	False
COX7C							1.0	9.0	9.0	False	False	True	False	False	True	False
COXFA4							1.0	9.0	9.0	False	False	True	False	False	True	False
COXFA4L2							1.0	9.0	9.0	False	False	True	False	False	True	True
CP	1.0	23.0	23.0	1.0	19.0	19.0	1.0	9.0	9.0	True	True	True	True	True	True	False
CPA3							0.8889	8.0	9.0	False	False	True	False	False	False	False
CPAP							0.8889	8.0	9.0	False	False	True	False	False	True	False
CPB1							1.0	9.0	9.0	False	False	True	False	False	True	False
CPB2				0.7895	15.0	19.0	1.0	9.0	9.0	False	True	True	False	True	True	False
CPD	1.0	23.0	23.0	0.8421	16.0	19.0	1.0	9.0	9.0	True	True	True	True	True	True	True
CPE							1.0	9.0	9.0	False	False	True	False	False	True	True
CPEB1							0.7778	7.0	9.0	False	False	True	False	False	True	True
CPEB2							1.0	9.0	9.0	False	False	True	False	False	True	True
CPEB3							1.0	9.0	9.0	False	False	True	False	False	True	True
CPEB4							1.0	9.0	9.0	False	False	True	False	False	True	True
CPED1							0.7778	7.0	9.0	False	False	True	False	False	True	True
CPLANE1							1.0	9.0	9.0	False	False	True	False	False	True	False
CPLX2							1.0	9.0	9.0	False	False	True	False	False	True	False
CPLX3							0.3333	3.0	9.0	False	False	False	False	False	False	False
CPM							1.0	9.0	9.0	False	False	True	False	False	True	True
CPN1	0.8261	19.0	23.0	0.5789	11.0	19.0	1.0	9.0	9.0	True	True	True	True	True	True	True
CPN2	0.8261	19.0	23.0	1.0	19.0	19.0	1.0	9.0	9.0	True	True	True	True	True	True	False
CPNE1	1.0	23.0	23.0	1.0	19.0	19.0	1.0	9.0	9.0	True	True	True	True	True	True	False
CPNE2							1.0	9.0	9.0	False	False	True	False	False	True	True
CPNE3	1.0	23.0	23.0	1.0	19.0	19.0	1.0	9.0	9.0	True	True	True	True	True	True	True
CPNE4							1.0	9.0	9.0	False	False	True	False	False	True	False
CPNE7							1.0	9.0	9.0	False	False	True	False	False	True	False
CPNE8							1.0	9.0	9.0	False	False	True	False	False	True	True
CPOX	1.0	23.0	23.0	0.7895	15.0	19.0	1.0	9.0	9.0	True	True	True	True	True	True	True
CPPED1	1.0	23.0	23.0	1.0	19.0	19.0	1.0	9.0	9.0	True	True	True	True	True	True	True
CPQ							1.0	9.0	9.0	False	False	True	False	False	True	True
CPS1							0.4444	4.0	9.0	False	False	False	False	False	False	False
CPSF1							1.0	9.0	9.0	False	False	True	False	False	True	True
CPSF2	0.3913	9.0	23.0				1.0	9.0	9.0	False	False	True	False	False	True	True
CPSF3							1.0	9.0	9.0	False	False	True	False	False	True	True
CPSF4							1.0	9.0	9.0	False	False	True	False	False	True	True
CPSF6				0.8421	16.0	19.0	1.0	9.0	9.0	False	True	True	False	True	True	True
CPSF7				0.3684	7.0	19.0	1.0	9.0	9.0	False	False	True	False	False	True	True
CPT1A	1.0	23.0	23.0	1.0	19.0	19.0	1.0	9.0	9.0	True	True	True	True	True	True	True
CPT1B							1.0	9.0	9.0	False	False	True	False	False	True	False
CPT1C							1.0	9.0	9.0	False	False	True	False	False	True	False
CPT2							1.0	9.0	9.0	False	False	True	False	False	True	False
CPTP							1.0	9.0	9.0	False	False	True	False	False	True	True
CPXM1							1.0	9.0	9.0	False	False	True	False	False	True	True
CPXM2							1.0	9.0	9.0	False	False	True	False	False	True	False
CPZ							0.3333	3.0	9.0	False	False	False	False	False	True	False
CR1							1.0	9.0	9.0	False	False	True	False	False	True	False
CRABP1	1.0	23.0	23.0	1.0	19.0	19.0	0.3333	3.0	9.0	True	True	False	False	False	True	False
CRABP2							0.6667	6.0	9.0	False	False	True	False	False	True	False
CRACD							1.0	9.0	9.0	False	False	True	False	False	True	False
CRACDL							1.0	9.0	9.0	False	False	True	False	False	True	False
CRACR2A							1.0	9.0	9.0	False	False	True	False	False	True	False
CRACR2B							1.0	9.0	9.0	False	False	True	False	False	True	True
CRADD							1.0	9.0	9.0	False	False	True	False	False	True	True
CRAMP1							1.0	9.0	9.0	False	False	True	False	False	True	False
CRAT	1.0	23.0	23.0	1.0	19.0	19.0	1.0	9.0	9.0	True	True	True	True	True	True	True
CRB2							0.8889	8.0	9.0	False	False	True	False	False	True	False
CRB3							1.0	9.0	9.0	False	False	True	False	False	True	True
CRBN							1.0	9.0	9.0	False	False	True	False	False	True	True
CRCP							1.0	9.0	9.0	False	False	True	False	False	True	True
CREB1							1.0	9.0	9.0	False	False	True	False	False	True	True
CREB3							1.0	9.0	9.0	False	False	True	False	False	True	True
CREB3L2							1.0	9.0	9.0	False	False	True	False	False	True	True
CREB3L3							0.6667	6.0	9.0	False	False	True	False	False	True	False
CREB5							0.7778	7.0	9.0	False	False	True	False	False	True	False
CREBBP							1.0	9.0	9.0	False	False	True	False	False	True	True
CREBL2							1.0	9.0	9.0	False	False	True	False	False	True	True
CREBRF							1.0	9.0	9.0	False	False	True	False	False	True	True
CREBZF							1.0	9.0	9.0	False	False	True	False	False	True	True
CREG1							1.0	9.0	9.0	False	False	True	False	False	True	True
CRELD1							1.0	9.0	9.0	False	False	True	False	False	True	True
CRELD2							1.0	9.0	9.0	False	False	True	False	False	True	True
CREM							1.0	9.0	9.0	False	False	True	False	False	True	True
CRIM1							1.0	9.0	9.0	False	False	True	False	False	True	True
CRIP1	1.0	23.0	23.0	1.0	19.0	19.0	1.0	9.0	9.0	True	True	True	True	True	True	True
CRIP2	1.0	23.0	23.0	1.0	19.0	19.0	1.0	9.0	9.0	True	True	True	True	True	True	True
CRIPT							1.0	9.0	9.0	False	False	True	False	False	True	True
CRISP1							0.6667	6.0	9.0	False	False	True	False	False	True	False
CRISPLD2							1.0	9.0	9.0	False	False	True	False	False	True	True
CRK	1.0	23.0	23.0	1.0	19.0	19.0	1.0	9.0	9.0	True	True	True	True	True	True	True
CRKL	1.0	23.0	23.0	1.0	19.0	19.0	1.0	9.0	9.0	True	True	True	True	True	True	True
CRLF1							0.6667	6.0	9.0	False	False	True	False	False	True	False
CRLF2							1.0	9.0	9.0	False	False	True	False	False	True	True
CRLF3							1.0	9.0	9.0	False	False	True	False	False	True	True
CRLS1							1.0	9.0	9.0	False	False	True	False	False	True	True
CRMP1							1.0	9.0	9.0	False	False	True	False	False	False	False
CRNKL1				0.8421	16.0	19.0	1.0	9.0	9.0	False	True	True	False	True	True	True
CROCC							1.0	9.0	9.0	False	False	True	False	False	True	True
CROCC2							0.8889	8.0	9.0	False	False	True	False	False	True	False
CROT							1.0	9.0	9.0	False	False	True	False	False	True	True
CRP	1.0	23.0	23.0	0.9474	18.0	19.0	1.0	9.0	9.0	True	True	True	True	True	False	False
CRPPA							1.0	9.0	9.0	False	False	True	False	False	True	False
CRTAC1							0.2222	2.0	9.0	False	False	False	False	False	True	False
CRTAP							1.0	9.0	9.0	False	False	True	False	False	True	True
CRTC1							1.0	9.0	9.0	False	False	True	False	False	True	True
CRTC2							1.0	9.0	9.0	False	False	True	False	False	True	True
CRTC3							1.0	9.0	9.0	False	False	True	False	False	True	True
CRY1							1.0	9.0	9.0	False	False	True	False	False	True	True
CRY2							1.0	9.0	9.0	False	False	True	False	False	True	True
CRYAB	1.0	23.0	23.0	1.0	19.0	19.0	1.0	9.0	9.0	True	True	True	True	True	True	True
CRYBB3							0.6667	6.0	9.0	False	False	True	False	False	True	False
CRYBG1				1.0	19.0	19.0	1.0	9.0	9.0	False	True	True	False	True	True	False
CRYBG3							1.0	9.0	9.0	False	False	True	False	False	True	True
CRYGS							1.0	9.0	9.0	False	False	True	False	False	False	False
CRYL1	1.0	23.0	23.0	1.0	19.0	19.0	1.0	9.0	9.0	True	True	True	True	True	True	True
CRYM	1.0	23.0	23.0	0.9474	18.0	19.0	1.0	9.0	9.0	True	True	True	True	True	True	True
CRYZ	1.0	23.0	23.0	1.0	19.0	19.0	1.0	9.0	9.0	True	True	True	True	True	True	True
CRYZL1							1.0	9.0	9.0	False	False	True	False	False	True	True
CRYZL2							1.0	9.0	9.0	False	False	True	False	False	True	False
CS	1.0	23.0	23.0	1.0	19.0	19.0	1.0	9.0	9.0	True	True	True	True	True	True	True
CSAD	1.0	23.0	23.0	0.6316	12.0	19.0	1.0	9.0	9.0	True	True	True	True	True	True	True
CSDC2							1.0	9.0	9.0	False	False	True	False	False	True	False
CSDE1	1.0	23.0	23.0	1.0	19.0	19.0	1.0	9.0	9.0	True	True	True	True	True	True	True
CSE1L	1.0	23.0	23.0	0.8947	17.0	19.0	1.0	9.0	9.0	True	True	True	True	True	True	True
CSF1							1.0	9.0	9.0	False	False	True	False	False	True	True
CSF1R							1.0	9.0	9.0	False	False	True	False	False	True	True
CSF2RA							1.0	9.0	9.0	False	False	True	False	False	True	False
CSGALNACT1							1.0	9.0	9.0	False	False	True	False	False	True	True
CSGALNACT2							1.0	9.0	9.0	False	False	True	False	False	True	True
CSK	1.0	23.0	23.0	1.0	19.0	19.0	1.0	9.0	9.0	True	True	True	True	True	True	True
CSL							0.8889	8.0	9.0	False	False	True	False	False	False	False
CSMD1							1.0	9.0	9.0	False	False	True	False	False	False	False
CSNK1A1							1.0	9.0	9.0	False	False	True	False	False	True	True
CSNK1D							1.0	9.0	9.0	False	False	True	False	False	True	True
CSNK1E							1.0	9.0	9.0	False	False	True	False	False	True	False
CSNK1G1							1.0	9.0	9.0	False	False	True	False	False	True	True
CSNK1G2							1.0	9.0	9.0	False	False	True	False	False	True	True
CSNK1G3							1.0	9.0	9.0	False	False	True	False	False	True	True
CSNK2A1	1.0	23.0	23.0	1.0	19.0	19.0	1.0	9.0	9.0	True	True	True	True	True	True	True
CSNK2A2	0.6522	15.0	23.0				1.0	9.0	9.0	True	False	True	False	True	True	True
CSNK2B	1.0	23.0	23.0	1.0	19.0	19.0	1.0	9.0	9.0	True	True	True	True	True	True	True
CSPG4	0.4783	11.0	23.0	0.5263	10.0	19.0	1.0	9.0	9.0	False	True	True	False	True	True	True
CSPG4B							1.0	9.0	9.0	False	False	True	False	False	True	False
CSPP1							1.0	9.0	9.0	False	False	True	False	False	True	True
CSRNP2							0.6667	6.0	9.0	False	False	True	False	False	True	True
CSRP1	1.0	23.0	23.0	1.0	19.0	19.0	1.0	9.0	9.0	True	True	True	True	True	True	True
CSRP2	1.0	23.0	23.0	1.0	19.0	19.0	1.0	9.0	9.0	True	True	True	True	True	True	True
CST3	1.0	23.0	23.0	1.0	19.0	19.0	1.0	9.0	9.0	True	True	True	True	True	True	True
CST6	1.0	23.0	23.0				1.0	9.0	9.0	True	False	True	False	True	True	False
CST7							0.4444	4.0	9.0	False	False	False	False	False	True	False
CSTA							0.6667	6.0	9.0	False	False	True	False	False	False	False
CSTB	0.9565	22.0	23.0	1.0	19.0	19.0	1.0	9.0	9.0	True	True	True	True	True	True	True
CSTDC4							0.6667	6.0	9.0	False	False	True	False	False	False	False
CSTF1							1.0	9.0	9.0	False	False	True	False	False	True	True
CSTF2	0.7826	18.0	23.0				1.0	9.0	9.0	True	False	True	False	True	True	True
CSTF2T							1.0	9.0	9.0	False	False	True	False	False	True	True
CSTF3	1.0	23.0	23.0				1.0	9.0	9.0	True	False	True	False	True	True	True
CSTPP1							1.0	9.0	9.0	False	False	True	False	False	False	False
CTBP1	1.0	23.0	23.0	1.0	19.0	19.0	1.0	9.0	9.0	True	True	True	True	True	True	True
CTBP2							1.0	9.0	9.0	False	False	True	False	False	True	True
CTBS							1.0	9.0	9.0	False	False	True	False	False	True	False
CTC1	1.0	23.0	23.0	1.0	19.0	19.0	1.0	9.0	9.0	True	True	True	True	True	True	True
CTCF							1.0	9.0	9.0	False	False	True	False	False	True	True
CTDNEP1							1.0	9.0	9.0	False	False	True	False	False	True	True
CTDP1							1.0	9.0	9.0	False	False	True	False	False	True	True
CTDSP1							1.0	9.0	9.0	False	False	True	False	False	True	True
CTDSP2							1.0	9.0	9.0	False	False	True	False	False	True	True
CTDSPL							1.0	9.0	9.0	False	False	True	False	False	True	True
CTDSPL2							1.0	9.0	9.0	False	False	True	False	False	True	True
CTF1							1.0	9.0	9.0	False	False	True	False	False	True	False
CTH	1.0	23.0	23.0	1.0	19.0	19.0	1.0	9.0	9.0	True	True	True	True	True	True	True
CTHRC1							0.6667	6.0	9.0	False	False	True	False	False	True	False
CTIF							1.0	9.0	9.0	False	False	True	False	False	True	True
CTLA2A							1.0	9.0	9.0	False	False	True	False	False	True	False
CTNNA1	1.0	23.0	23.0	1.0	19.0	19.0	1.0	9.0	9.0	True	True	True	True	True	True	True
CTNNA3							1.0	9.0	9.0	False	False	True	False	False	True	False
CTNNAL1							1.0	9.0	9.0	False	False	True	False	False	True	True
CTNNB1	1.0	23.0	23.0	1.0	19.0	19.0	1.0	9.0	9.0	True	True	True	True	True	True	True
CTNNBIP1							0.8889	8.0	9.0	False	False	True	False	False	True	True
CTNNBL1	0.6957	16.0	23.0				1.0	9.0	9.0	True	False	True	False	True	True	True
CTNND1	1.0	23.0	23.0	1.0	19.0	19.0	1.0	9.0	9.0	True	True	True	True	True	True	True
CTNND2							0.7778	7.0	9.0	False	False	True	False	False	True	False
CTPS1							1.0	9.0	9.0	False	False	True	False	False	True	False
CTPS2	1.0	23.0	23.0	0.6316	12.0	19.0	1.0	9.0	9.0	True	True	True	True	True	True	True
CTR9							1.0	9.0	9.0	False	False	True	False	False	True	True
CTRB1							1.0	9.0	9.0	False	False	True	False	False	False	False
CTRL							0.8889	8.0	9.0	False	False	True	False	False	False	False
CTSA							1.0	9.0	9.0	False	False	True	False	False	True	True
CTSB	1.0	23.0	23.0	1.0	19.0	19.0	1.0	9.0	9.0	True	True	True	True	True	True	True
CTSC	1.0	23.0	23.0	0.9474	18.0	19.0	1.0	9.0	9.0	True	True	True	True	True	True	True
CTSD	1.0	23.0	23.0	1.0	19.0	19.0	1.0	9.0	9.0	True	True	True	True	True	True	True
CTSE							1.0	9.0	9.0	False	False	True	False	False	True	False
CTSF							1.0	9.0	9.0	False	False	True	False	False	True	True
CTSG							1.0	9.0	9.0	False	False	True	False	False	False	False
CTSH	1.0	23.0	23.0	0.6842	13.0	19.0	1.0	9.0	9.0	True	True	True	True	True	True	True
CTSK							1.0	9.0	9.0	False	False	True	False	False	True	True
CTSL							1.0	9.0	9.0	False	False	True	False	False	True	False
CTSO							1.0	9.0	9.0	False	False	True	False	False	True	True
CTSS							1.0	9.0	9.0	False	False	True	False	False	True	True
CTSV	1.0	23.0	23.0	1.0	19.0	19.0				True	True	False	False	False	False	False
CTSW							0.7778	7.0	9.0	False	False	True	False	False	True	False
CTSZ	1.0	23.0	23.0	1.0	19.0	19.0	1.0	9.0	9.0	True	True	True	True	True	True	True
CTTN	1.0	23.0	23.0	1.0	19.0	19.0	1.0	9.0	9.0	True	True	True	True	True	True	True
CTTNBP2							1.0	9.0	9.0	False	False	True	False	False	True	True
CTTNBP2NL							1.0	9.0	9.0	False	False	True	False	False	True	True
CTU1							1.0	9.0	9.0	False	False	True	False	False	True	False
CTU2							1.0	9.0	9.0	False	False	True	False	False	True	True
CUBN	1.0	23.0	23.0	1.0	19.0	19.0	1.0	9.0	9.0	True	True	True	True	True	True	True
CUEDC1							1.0	9.0	9.0	False	False	True	False	False	True	True
CUEDC2							1.0	9.0	9.0	False	False	True	False	False	True	True
CUL1	0.8261	19.0	23.0				1.0	9.0	9.0	True	False	True	False	True	True	True
CUL2	1.0	23.0	23.0				1.0	9.0	9.0	True	False	True	False	True	True	True
CUL3	0.8261	19.0	23.0	0.8421	16.0	19.0	1.0	9.0	9.0	True	True	True	True	True	True	True
CUL4A							1.0	9.0	9.0	False	False	True	False	False	True	True
CUL4B	0.9565	22.0	23.0	0.3684	7.0	19.0	1.0	9.0	9.0	True	False	True	False	True	True	True
CUL5	0.9565	22.0	23.0	0.8421	16.0	19.0	1.0	9.0	9.0	True	True	True	True	True	True	True
CUL7							1.0	9.0	9.0	False	False	True	False	False	True	True
CUL9							1.0	9.0	9.0	False	False	True	False	False	True	True
CUSTOS							1.0	9.0	9.0	False	False	True	False	False	False	False
CUTA	1.0	23.0	23.0	0.6842	13.0	19.0	1.0	9.0	9.0	True	True	True	True	True	True	True
CUTAL							0.8889	8.0	9.0	False	False	True	False	False	True	False
CUTC							1.0	9.0	9.0	False	False	True	False	False	True	True
CUX1							1.0	9.0	9.0	False	False	True	False	False	True	True
CWC15							1.0	9.0	9.0	False	False	True	False	False	True	True
CWC22							1.0	9.0	9.0	False	False	True	False	False	True	True
CWC25							1.0	9.0	9.0	False	False	True	False	False	True	True
CWC27							1.0	9.0	9.0	False	False	True	False	False	True	True
CWF19L1							1.0	9.0	9.0	False	False	True	False	False	True	True
CWF19L2							1.0	9.0	9.0	False	False	True	False	False	True	True
CWH43							1.0	9.0	9.0	False	False	True	False	False	True	False
CX3CL1							1.0	9.0	9.0	False	False	True	False	False	True	True
CX3CR1							0.7778	7.0	9.0	False	False	True	False	False	True	True
CXADR	0.7391	17.0	23.0				1.0	9.0	9.0	True	False	True	False	True	True	True
CXCL10							0.7778	7.0	9.0	False	False	True	False	False	True	True
CXCL12							1.0	9.0	9.0	False	False	True	False	False	True	True
CXCL14							1.0	9.0	9.0	False	False	True	False	False	True	True
CXCL16							1.0	9.0	9.0	False	False	True	False	False	True	True
CXCL17							0.6667	6.0	9.0	False	False	True	False	False	True	False
CXCL6							0.6667	6.0	9.0	False	False	True	False	False	True	False
CXCL9							0.2222	2.0	9.0	False	False	False	False	False	True	True
CXCR4							1.0	9.0	9.0	False	False	True	False	False	True	True
CXXC1							1.0	9.0	9.0	False	False	True	False	False	True	True
CXXC5							1.0	9.0	9.0	False	False	True	False	False	True	True
CYB561							1.0	9.0	9.0	False	False	True	False	False	True	True
CYB561A3							1.0	9.0	9.0	False	False	True	False	False	True	True
CYB561D2							1.0	9.0	9.0	False	False	True	False	False	True	False
CYB5A	1.0	23.0	23.0	1.0	19.0	19.0	1.0	9.0	9.0	True	True	True	True	True	True	True
CYB5B	1.0	23.0	23.0	0.9474	18.0	19.0	1.0	9.0	9.0	True	True	True	True	True	True	False
CYB5D2							1.0	9.0	9.0	False	False	True	False	False	True	False
CYB5R1	1.0	23.0	23.0	1.0	19.0	19.0	1.0	9.0	9.0	True	True	True	True	True	True	False
CYB5R3	1.0	23.0	23.0	1.0	19.0	19.0	1.0	9.0	9.0	True	True	True	True	True	True	True
CYB5R4							1.0	9.0	9.0	False	False	True	False	False	True	True
CYB5RL							0.8889	8.0	9.0	False	False	True	False	False	True	False
CYBA							1.0	9.0	9.0	False	False	True	False	False	True	True
CYBB							1.0	9.0	9.0	False	False	True	False	False	True	True
CYBC1	0.5217	12.0	23.0				1.0	9.0	9.0	True	False	True	False	True	True	False
CYC1	1.0	23.0	23.0	1.0	19.0	19.0	1.0	9.0	9.0	True	True	True	True	True	True	True
CYCS							1.0	9.0	9.0	False	False	True	False	False	True	False
CYFIP1	1.0	23.0	23.0	1.0	19.0	19.0	1.0	9.0	9.0	True	True	True	True	True	True	True
CYFIP2							1.0	9.0	9.0	False	False	True	False	False	True	True
CYGB	1.0	23.0	23.0	1.0	19.0	19.0	1.0	9.0	9.0	True	True	True	True	True	True	True
CYLD							1.0	9.0	9.0	False	False	True	False	False	True	True
CYP11A1							0.2222	2.0	9.0	False	False	False	False	False	True	False
CYP11B1							0.1111	1.0	9.0	False	False	False	False	False	True	False
CYP11B2							0.1111	1.0	9.0	False	False	False	False	False	True	False
CYP1A1	0.5217	12.0	23.0							True	False	False	False	False	True	False
CYP1B1							1.0	9.0	9.0	False	False	True	False	False	True	True
CYP20A1	1.0	23.0	23.0	0.7368	14.0	19.0	1.0	9.0	9.0	True	True	True	True	True	True	True
CYP21							0.3333	3.0	9.0	False	False	False	False	False	False	False
CYP24A1							1.0	9.0	9.0	False	False	True	False	False	True	True
CYP26B1							1.0	9.0	9.0	False	False	True	False	False	True	True
CYP27A1	1.0	23.0	23.0	1.0	19.0	19.0	1.0	9.0	9.0	True	True	True	True	True	True	True
CYP27B1							1.0	9.0	9.0	False	False	True	False	False	True	True
CYP2A4							1.0	9.0	9.0	False	False	True	False	False	True	False
CYP2A5							1.0	9.0	9.0	False	False	True	False	False	True	False
CYP2AB1							1.0	9.0	9.0	False	False	True	False	False	False	False
CYP2B23							0.8889	8.0	9.0	False	False	True	False	False	False	False
CYP2C23							1.0	9.0	9.0	False	False	True	False	False	True	False
CYP2C65							0.7778	7.0	9.0	False	False	True	False	False	False	False
CYP2D12							0.3333	3.0	9.0	False	False	False	False	False	True	False
CYP2D22							1.0	9.0	9.0	False	False	True	False	False	True	False
CYP2D26							1.0	9.0	9.0	False	False	True	False	False	True	False
CYP2D34							1.0	9.0	9.0	False	False	True	False	False	False	False
CYP2D9							1.0	9.0	9.0	False	False	True	False	False	True	False
CYP2E1							1.0	9.0	9.0	False	False	True	False	False	True	False
CYP2F1							1.0	9.0	9.0	False	False	True	False	False	True	False
CYP2J11							1.0	9.0	9.0	False	False	True	False	False	True	False
CYP2J13							1.0	9.0	9.0	False	False	True	False	False	True	False
CYP2J5							1.0	9.0	9.0	False	False	True	False	False	True	False
CYP2J6							1.0	9.0	9.0	False	False	True	False	False	True	False
CYP2J7							1.0	9.0	9.0	False	False	True	False	False	False	False
CYP2J9							1.0	9.0	9.0	False	False	True	False	False	True	False
CYP2S1							1.0	9.0	9.0	False	False	True	False	False	True	True
CYP2T4							0.8889	8.0	9.0	False	False	True	False	False	True	False
CYP2U1							1.0	9.0	9.0	False	False	True	False	False	True	True
CYP39A1	1.0	23.0	23.0	0.8421	16.0	19.0	1.0	9.0	9.0	True	True	True	True	True	True	True
CYP3A13							1.0	9.0	9.0	False	False	True	False	False	True	False
CYP4A10							1.0	9.0	9.0	False	False	True	False	False	True	False
CYP4A106	0.9565	22.0	23.0	0.7895	15.0	19.0				True	True	False	False	False	True	False
CYP4A12A							1.0	9.0	9.0	False	False	True	False	False	True	False
CYP4A12B							1.0	9.0	9.0	False	False	True	False	False	True	False
CYP4A14							1.0	9.0	9.0	False	False	True	False	False	True	False
CYP4A31							1.0	9.0	9.0	False	False	True	False	False	True	False
CYP4A37	1.0	23.0	23.0	1.0	19.0	19.0				True	True	False	False	False	True	False
CYP4B1							1.0	9.0	9.0	False	False	True	False	False	True	True
CYP4F13							1.0	9.0	9.0	False	False	True	False	False	True	False
CYP4F140	0.9565	22.0	23.0	0.8947	17.0	19.0				True	True	False	False	False	True	False
CYP4F16							1.0	9.0	9.0	False	False	True	False	False	True	False
CYP4F17							1.0	9.0	9.0	False	False	True	False	False	True	False
CYP4F3							1.0	9.0	9.0	False	False	True	False	False	True	False
CYP4V2							1.0	9.0	9.0	False	False	True	False	False	True	True
CYP51A1							1.0	9.0	9.0	False	False	True	False	False	True	True
CYP7B1	1.0	23.0	23.0				1.0	9.0	9.0	True	False	True	False	True	True	True
CYREN							0.5556	5.0	9.0	False	False	True	False	False	True	False
CYRIA							1.0	9.0	9.0	False	False	True	False	False	True	False
CYRIB	1.0	23.0	23.0				1.0	9.0	9.0	True	False	True	False	True	True	False
CYS1							1.0	9.0	9.0	False	False	True	False	False	True	True
CYSLTR1							0.4444	4.0	9.0	False	False	False	False	False	True	False
CYSTM1							1.0	9.0	9.0	False	False	True	False	False	True	True
CYTH1							1.0	9.0	9.0	False	False	True	False	False	True	True
CYTH2							1.0	9.0	9.0	False	False	True	False	False	True	True
CYTH3							1.0	9.0	9.0	False	False	True	False	False	True	True
CYTH4							1.0	9.0	9.0	False	False	True	False	False	True	True
CYTIP							1.0	9.0	9.0	False	False	True	False	False	True	True
CYTL1							1.0	9.0	9.0	False	False	True	False	False	True	False
CYYR1							1.0	9.0	9.0	False	False	True	False	False	True	True
CZIB	1.0	23.0	23.0	1.0	19.0	19.0	1.0	9.0	9.0	True	True	True	True	True	True	False
D17H6S53E							1.0	9.0	9.0	False	False	True	False	False	False	False
D2HGDH	1.0	23.0	23.0	1.0	19.0	19.0	1.0	9.0	9.0	True	True	True	True	True	True	True
DAAM1							1.0	9.0	9.0	False	False	True	False	False	True	True
DAAM2							1.0	9.0	9.0	False	False	True	False	False	True	True
DAB1	0.9565	22.0	23.0				1.0	9.0	9.0	True	False	True	False	True	True	False
DAB2	1.0	23.0	23.0	1.0	19.0	19.0	1.0	9.0	9.0	True	True	True	True	True	True	True
DAB2IP							1.0	9.0	9.0	False	False	True	False	False	True	True
DACH1							1.0	9.0	9.0	False	False	True	False	False	True	True
DACT1							1.0	9.0	9.0	False	False	True	False	False	True	True
DACT3							1.0	9.0	9.0	False	False	True	False	False	True	True
DAD1	1.0	23.0	23.0	1.0	19.0	19.0	1.0	9.0	9.0	True	True	True	True	True	True	True
DAG1	0.8261	19.0	23.0	1.0	19.0	19.0	1.0	9.0	9.0	True	True	True	True	True	True	True
DAGLA							1.0	9.0	9.0	False	False	True	False	False	True	False
DAGLB							1.0	9.0	9.0	False	False	True	False	False	True	True
DALRD3							1.0	9.0	9.0	False	False	True	False	False	True	True
DAO	1.0	23.0	23.0	1.0	19.0	19.0	1.0	9.0	9.0	True	True	True	True	True	True	True
DAP	1.0	23.0	23.0	1.0	19.0	19.0	1.0	9.0	9.0	True	True	True	True	True	True	False
DAP3	0.8696	20.0	23.0	0.8421	16.0	19.0	1.0	9.0	9.0	True	True	True	True	True	True	True
DAPK1							1.0	9.0	9.0	False	False	True	False	False	True	True
DAPK2							1.0	9.0	9.0	False	False	True	False	False	True	True
DAPK3							1.0	9.0	9.0	False	False	True	False	False	True	True
DAPP1							1.0	9.0	9.0	False	False	True	False	False	True	False
DARS1	1.0	23.0	23.0	1.0	19.0	19.0	1.0	9.0	9.0	True	True	True	True	True	True	False
DARS2	1.0	23.0	23.0				1.0	9.0	9.0	True	False	True	False	True	True	True
DAXX							1.0	9.0	9.0	False	False	True	False	False	True	True
DAZAP1	0.8261	19.0	23.0	1.0	19.0	19.0	1.0	9.0	9.0	True	True	True	True	True	True	True
DBH							1.0	9.0	9.0	False	False	True	False	False	False	False
DBI	1.0	23.0	23.0	1.0	19.0	19.0	1.0	9.0	9.0	True	True	True	True	True	True	True
DBN1	1.0	23.0	23.0	0.8421	16.0	19.0	1.0	9.0	9.0	True	True	True	True	True	True	True
DBNDD2							1.0	9.0	9.0	False	False	True	False	False	True	False
DBNL	1.0	23.0	23.0	1.0	19.0	19.0	1.0	9.0	9.0	True	True	True	True	True	True	True
DBP							0.8889	8.0	9.0	False	False	True	False	False	True	False
DBR1							1.0	9.0	9.0	False	False	True	False	False	True	True
DBT	1.0	23.0	23.0	1.0	19.0	19.0	1.0	9.0	9.0	True	True	True	True	True	True	True
DCAF1							1.0	9.0	9.0	False	False	True	False	False	True	False
DCAF10							1.0	9.0	9.0	False	False	True	False	False	True	True
DCAF11							1.0	9.0	9.0	False	False	True	False	False	True	True
DCAF12							1.0	9.0	9.0	False	False	True	False	False	True	True
DCAF13							1.0	9.0	9.0	False	False	True	False	False	True	True
DCAF15							1.0	9.0	9.0	False	False	True	False	False	True	True
DCAF17							1.0	9.0	9.0	False	False	True	False	False	True	True
DCAF4							1.0	9.0	9.0	False	False	True	False	False	True	True
DCAF5							1.0	9.0	9.0	False	False	True	False	False	True	True
DCAF6							1.0	9.0	9.0	False	False	True	False	False	True	True
DCAF7							1.0	9.0	9.0	False	False	True	False	False	True	True
DCAF8							1.0	9.0	9.0	False	False	True	False	False	True	True
DCAKD				0.8947	17.0	19.0	1.0	9.0	9.0	False	True	True	False	True	True	True
DCBLD1							1.0	9.0	9.0	False	False	True	False	False	True	True
DCBLD2							1.0	9.0	9.0	False	False	True	False	False	True	True
DCDC2							1.0	9.0	9.0	False	False	True	False	False	True	True
DCHS1							1.0	9.0	9.0	False	False	True	False	False	True	False
DCK							1.0	9.0	9.0	False	False	True	False	False	True	False
DCLK1							1.0	9.0	9.0	False	False	True	False	False	True	False
DCLK2							1.0	9.0	9.0	False	False	True	False	False	True	False
DCLK3							1.0	9.0	9.0	False	False	True	False	False	True	False
DCLRE1A							0.8889	8.0	9.0	False	False	True	False	False	True	True
DCLRE1B							0.4444	4.0	9.0	False	False	False	False	False	True	False
DCLRE1C							0.4444	4.0	9.0	False	False	False	False	False	True	False
DCN	1.0	23.0	23.0	1.0	19.0	19.0	1.0	9.0	9.0	True	True	True	True	True	True	True
DCP1A							1.0	9.0	9.0	False	False	True	False	False	True	True
DCP1B							1.0	9.0	9.0	False	False	True	False	False	True	True
DCP2							1.0	9.0	9.0	False	False	True	False	False	True	True
DCPH1	1.0	23.0	23.0				1.0	9.0	9.0	True	False	True	False	True	True	False
DCPP1							0.1111	1.0	9.0	False	False	False	False	False	False	False
DCPP3							0.6667	6.0	9.0	False	False	True	False	False	False	False
DCPS							1.0	9.0	9.0	False	False	True	False	False	True	True
DCTN1	1.0	23.0	23.0	1.0	19.0	19.0	1.0	9.0	9.0	True	True	True	True	True	True	True
DCTN2	1.0	23.0	23.0	1.0	19.0	19.0	1.0	9.0	9.0	True	True	True	True	True	True	True
DCTN3	1.0	23.0	23.0	1.0	19.0	19.0	1.0	9.0	9.0	True	True	True	True	True	True	True
DCTN4	1.0	23.0	23.0	1.0	19.0	19.0	1.0	9.0	9.0	True	True	True	True	True	True	True
DCTN5	1.0	23.0	23.0				1.0	9.0	9.0	True	False	True	False	True	True	True
DCTN6	0.8261	19.0	23.0				1.0	9.0	9.0	True	False	True	False	True	True	True
DCTPP1							1.0	9.0	9.0	False	False	True	False	False	True	True
DCUN1D1	1.0	23.0	23.0				1.0	9.0	9.0	True	False	True	False	True	True	True
DCUN1D2							1.0	9.0	9.0	False	False	True	False	False	True	True
DCUN1D3							1.0	9.0	9.0	False	False	True	False	False	True	True
DCUN1D4							1.0	9.0	9.0	False	False	True	False	False	True	True
DCUN1D5							1.0	9.0	9.0	False	False	True	False	False	True	True
DCXR	1.0	23.0	23.0	1.0	19.0	19.0	1.0	9.0	9.0	True	True	True	True	True	True	True
DDA1							1.0	9.0	9.0	False	False	True	False	False	True	True
DDAH1	1.0	23.0	23.0	0.9474	18.0	19.0	1.0	9.0	9.0	True	True	True	True	True	True	True
DDAH2	1.0	23.0	23.0	1.0	19.0	19.0	1.0	9.0	9.0	True	True	True	True	True	True	True
DDB1	1.0	23.0	23.0	1.0	19.0	19.0	1.0	9.0	9.0	True	True	True	True	True	True	True
DDB2							1.0	9.0	9.0	False	False	True	False	False	True	True
DDC	1.0	23.0	23.0	0.4211	8.0	19.0	1.0	9.0	9.0	True	False	True	False	True	True	True
DDHD1							1.0	9.0	9.0	False	False	True	False	False	True	True
DDHD2							1.0	9.0	9.0	False	False	True	False	False	True	True
DDIT4							0.8889	8.0	9.0	False	False	True	False	False	True	True
DDIT4L							0.6667	6.0	9.0	False	False	True	False	False	True	True
DDN							0.4444	4.0	9.0	False	False	False	False	False	True	True
DDO	1.0	23.0	23.0	1.0	19.0	19.0	1.0	9.0	9.0	True	True	True	True	True	True	True
DDOST	1.0	23.0	23.0	1.0	19.0	19.0	1.0	9.0	9.0	True	True	True	True	True	True	True
DDR1							1.0	9.0	9.0	False	False	True	False	False	True	True
DDR2							1.0	9.0	9.0	False	False	True	False	False	True	True
DDRGK1	1.0	23.0	23.0				1.0	9.0	9.0	True	False	True	False	True	True	True
DDT							1.0	9.0	9.0	False	False	True	False	False	True	True
DDX1	1.0	23.0	23.0	1.0	19.0	19.0	1.0	9.0	9.0	True	True	True	True	True	True	True
DDX10							1.0	9.0	9.0	False	False	True	False	False	True	True
DDX11							1.0	9.0	9.0	False	False	True	False	False	True	False
DDX17	1.0	23.0	23.0	1.0	19.0	19.0	1.0	9.0	9.0	True	True	True	True	True	True	True
DDX18							1.0	9.0	9.0	False	False	True	False	False	True	True
DDX19A							1.0	9.0	9.0	False	False	True	False	False	True	False
DDX19B	1.0	23.0	23.0	1.0	19.0	19.0	1.0	9.0	9.0	True	True	True	True	True	True	True
DDX20							1.0	9.0	9.0	False	False	True	False	False	True	True
DDX21							1.0	9.0	9.0	False	False	True	False	False	True	True
DDX23				0.6842	13.0	19.0	1.0	9.0	9.0	False	True	True	False	True	True	True
DDX24							1.0	9.0	9.0	False	False	True	False	False	True	True
DDX27							1.0	9.0	9.0	False	False	True	False	False	True	True
DDX28							1.0	9.0	9.0	False	False	True	False	False	True	True
DDX31							1.0	9.0	9.0	False	False	True	False	False	True	True
DDX39A							1.0	9.0	9.0	False	False	True	False	False	True	False
DDX39B	1.0	23.0	23.0	1.0	19.0	19.0	1.0	9.0	9.0	True	True	True	True	True	True	True
DDX3X	1.0	23.0	23.0	1.0	19.0	19.0	1.0	9.0	9.0	True	True	True	True	True	True	True
DDX3Y							1.0	9.0	9.0	False	False	True	False	False	True	False
DDX41							1.0	9.0	9.0	False	False	True	False	False	True	True
DDX42	1.0	23.0	23.0	0.6842	13.0	19.0	1.0	9.0	9.0	True	True	True	True	True	True	True
DDX46	1.0	23.0	23.0	0.6842	13.0	19.0	1.0	9.0	9.0	True	True	True	True	True	True	True
DDX47							1.0	9.0	9.0	False	False	True	False	False	True	True
DDX49							1.0	9.0	9.0	False	False	True	False	False	True	True
DDX5	1.0	23.0	23.0	1.0	19.0	19.0	1.0	9.0	9.0	True	True	True	True	True	True	True
DDX50							1.0	9.0	9.0	False	False	True	False	False	True	True
DDX51							1.0	9.0	9.0	False	False	True	False	False	True	True
DDX52							1.0	9.0	9.0	False	False	True	False	False	True	False
DDX54							1.0	9.0	9.0	False	False	True	False	False	True	True
DDX55							1.0	9.0	9.0	False	False	True	False	False	True	True
DDX56							1.0	9.0	9.0	False	False	True	False	False	True	True
DDX58	0.8696	20.0	23.0	0.7895	15.0	19.0				True	True	False	False	False	True	True
DDX59							1.0	9.0	9.0	False	False	True	False	False	True	True
DDX6	1.0	23.0	23.0	1.0	19.0	19.0	1.0	9.0	9.0	True	True	True	True	True	True	True
DDX60							1.0	9.0	9.0	False	False	True	False	False	True	False
DEAF1							1.0	9.0	9.0	False	False	True	False	False	True	True
DECR1	1.0	23.0	23.0	1.0	19.0	19.0	1.0	9.0	9.0	True	True	True	True	True	True	True
DECR2	1.0	23.0	23.0	0.8421	16.0	19.0	1.0	9.0	9.0	True	True	True	True	True	True	True
DEDD							1.0	9.0	9.0	False	False	True	False	False	True	True
DEF6							1.0	9.0	9.0	False	False	True	False	False	True	True
DEF8							1.0	9.0	9.0	False	False	True	False	False	True	True
DEFA15							0.8889	8.0	9.0	False	False	True	False	False	False	False
DEFA20							1.0	9.0	9.0	False	False	True	False	False	False	False
DEFB1							1.0	9.0	9.0	False	False	True	False	False	True	True
DEFB116							0.6667	6.0	9.0	False	False	True	False	False	True	False
DEGS1							1.0	9.0	9.0	False	False	True	False	False	True	True
DEGS2							1.0	9.0	9.0	False	False	True	False	False	True	True
DEK	0.7826	18.0	23.0	0.6316	12.0	19.0	1.0	9.0	9.0	True	True	True	True	True	True	True
DENND10	1.0	23.0	23.0	0.8947	17.0	19.0	1.0	9.0	9.0	True	True	True	True	True	True	False
DENND11							1.0	9.0	9.0	False	False	True	False	False	True	False
DENND1A				0.7895	15.0	19.0	1.0	9.0	9.0	False	True	True	False	True	True	True
DENND1B							1.0	9.0	9.0	False	False	True	False	False	True	True
DENND1C							1.0	9.0	9.0	False	False	True	False	False	True	False
DENND2A							1.0	9.0	9.0	False	False	True	False	False	True	True
DENND2B							1.0	9.0	9.0	False	False	True	False	False	True	False
DENND2D							1.0	9.0	9.0	False	False	True	False	False	True	True
DENND3							1.0	9.0	9.0	False	False	True	False	False	True	True
DENND4A							1.0	9.0	9.0	False	False	True	False	False	True	True
DENND4B							1.0	9.0	9.0	False	False	True	False	False	True	True
DENND4C							1.0	9.0	9.0	False	False	True	False	False	True	True
DENND5A							1.0	9.0	9.0	False	False	True	False	False	True	True
DENND5B							1.0	9.0	9.0	False	False	True	False	False	True	True
DENND6A	1.0	23.0	23.0	1.0	19.0	19.0	1.0	9.0	9.0	True	True	True	True	True	True	True
DENND6B							0.3333	3.0	9.0	False	False	False	False	False	True	False
DENR	1.0	23.0	23.0	0.8421	16.0	19.0	1.0	9.0	9.0	True	True	True	True	True	True	True
DEPDC5							1.0	9.0	9.0	False	False	True	False	False	True	True
DEPDC7							1.0	9.0	9.0	False	False	True	False	False	True	True
DEPTOR							1.0	9.0	9.0	False	False	True	False	False	True	True
DERA	1.0	23.0	23.0	1.0	19.0	19.0	1.0	9.0	9.0	True	True	True	True	True	True	True
DERL1							1.0	9.0	9.0	False	False	True	False	False	True	True
DERL2							0.8889	8.0	9.0	False	False	True	False	False	True	True
DERPC							1.0	9.0	9.0	False	False	True	False	False	True	False
DES	1.0	23.0	23.0	1.0	19.0	19.0	1.0	9.0	9.0	True	True	True	True	True	True	True
DESI1							1.0	9.0	9.0	False	False	True	False	False	True	True
DESI2							1.0	9.0	9.0	False	False	True	False	False	True	True
DET1							1.0	9.0	9.0	False	False	True	False	False	True	True
DFFA				0.8421	16.0	19.0	1.0	9.0	9.0	False	True	True	False	True	True	True
DFFB							1.0	9.0	9.0	False	False	True	False	False	True	True
DGAT1							1.0	9.0	9.0	False	False	True	False	False	True	True
DGAT2							1.0	9.0	9.0	False	False	True	False	False	True	False
DGCR2							1.0	9.0	9.0	False	False	True	False	False	True	False
DGCR6							1.0	9.0	9.0	False	False	True	False	False	True	False
DGCR8							1.0	9.0	9.0	False	False	True	False	False	True	True
DGKA							1.0	9.0	9.0	False	False	True	False	False	True	True
DGKB							1.0	9.0	9.0	False	False	True	False	False	False	False
DGKD							1.0	9.0	9.0	False	False	True	False	False	True	True
DGKE							1.0	9.0	9.0	False	False	True	False	False	True	False
DGKG							1.0	9.0	9.0	False	False	True	False	False	True	False
DGKH							1.0	9.0	9.0	False	False	True	False	False	True	True
DGKQ							1.0	9.0	9.0	False	False	True	False	False	True	True
DGKZ							1.0	9.0	9.0	False	False	True	False	False	True	True
DGLUCY							1.0	9.0	9.0	False	False	True	False	False	True	False
DGUOK							1.0	9.0	9.0	False	False	True	False	False	True	True
DHCR24							1.0	9.0	9.0	False	False	True	False	False	True	True
DHCR7							1.0	9.0	9.0	False	False	True	False	False	True	True
DHDDS							1.0	9.0	9.0	False	False	True	False	False	True	True
DHDH	0.9565	22.0	23.0	0.9474	18.0	19.0	1.0	9.0	9.0	True	True	True	True	True	True	True
DHFR							1.0	9.0	9.0	False	False	True	False	False	True	True
DHODH	1.0	23.0	23.0	1.0	19.0	19.0	1.0	9.0	9.0	True	True	True	True	True	True	True
DHPS							1.0	9.0	9.0	False	False	True	False	False	True	True
DHRS1	1.0	23.0	23.0	1.0	19.0	19.0	1.0	9.0	9.0	True	True	True	True	True	True	True
DHRS11							1.0	9.0	9.0	False	False	True	False	False	True	False
DHRS13							1.0	9.0	9.0	False	False	True	False	False	True	True
DHRS3							1.0	9.0	9.0	False	False	True	False	False	True	True
DHRS4							1.0	9.0	9.0	False	False	True	False	False	True	False
DHRS7	1.0	23.0	23.0	1.0	19.0	19.0	1.0	9.0	9.0	True	True	True	True	True	True	True
DHRS7B							1.0	9.0	9.0	False	False	True	False	False	True	True
DHRSX							1.0	9.0	9.0	False	False	True	False	False	True	False
DHTKD1	1.0	23.0	23.0	1.0	19.0	19.0	1.0	9.0	9.0	True	True	True	True	True	True	True
DHX15	1.0	23.0	23.0	1.0	19.0	19.0	1.0	9.0	9.0	True	True	True	True	True	True	True
DHX16							1.0	9.0	9.0	False	False	True	False	False	True	True
DHX29							1.0	9.0	9.0	False	False	True	False	False	True	True
DHX30							1.0	9.0	9.0	False	False	True	False	False	True	False
DHX32							1.0	9.0	9.0	False	False	True	False	False	True	True
DHX33							1.0	9.0	9.0	False	False	True	False	False	True	True
DHX34							1.0	9.0	9.0	False	False	True	False	False	True	True
DHX35							1.0	9.0	9.0	False	False	True	False	False	True	True
DHX36							1.0	9.0	9.0	False	False	True	False	False	True	True
DHX37							1.0	9.0	9.0	False	False	True	False	False	True	True
DHX38							1.0	9.0	9.0	False	False	True	False	False	True	True
DHX40							1.0	9.0	9.0	False	False	True	False	False	True	True
DHX57							1.0	9.0	9.0	False	False	True	False	False	True	True
DHX58							1.0	9.0	9.0	False	False	True	False	False	True	True
DHX8							1.0	9.0	9.0	False	False	True	False	False	True	True
DHX9	1.0	23.0	23.0	1.0	19.0	19.0	1.0	9.0	9.0	True	True	True	True	True	True	True
DIABLO	1.0	23.0	23.0	1.0	19.0	19.0	1.0	9.0	9.0	True	True	True	True	True	True	True
DIAPH1	1.0	23.0	23.0	1.0	19.0	19.0	1.0	9.0	9.0	True	True	True	True	True	True	False
DIAPH2							1.0	9.0	9.0	False	False	True	False	False	True	False
DIAPH3							0.8889	8.0	9.0	False	False	True	False	False	True	False
DICER1							1.0	9.0	9.0	False	False	True	False	False	True	True
DIDO1							1.0	9.0	9.0	False	False	True	False	False	True	True
DIMT1							1.0	9.0	9.0	False	False	True	False	False	True	True
DIO1	0.8696	20.0	23.0				1.0	9.0	9.0	True	False	True	False	True	True	True
DIP2A							1.0	9.0	9.0	False	False	True	False	False	True	True
DIP2B	0.6522	15.0	23.0				1.0	9.0	9.0	True	False	True	False	True	True	True
DIP2C							1.0	9.0	9.0	False	False	True	False	False	True	True
DIPK1A							1.0	9.0	9.0	False	False	True	False	False	True	False
DIPK1B							1.0	9.0	9.0	False	False	True	False	False	False	False
DIPK2A							1.0	9.0	9.0	False	False	True	False	False	True	False
DIS3							1.0	9.0	9.0	False	False	True	False	False	True	True
DIS3L							1.0	9.0	9.0	False	False	True	False	False	True	True
DIS3L2							1.0	9.0	9.0	False	False	True	False	False	True	True
DISC1							0.8889	8.0	9.0	False	False	True	False	False	True	False
DISP1							0.6667	6.0	9.0	False	False	True	False	False	True	False
DIXDC1							1.0	9.0	9.0	False	False	True	False	False	True	True
DKC1							1.0	9.0	9.0	False	False	True	False	False	True	True
DKK2							1.0	9.0	9.0	False	False	True	False	False	True	True
DKK3							1.0	9.0	9.0	False	False	True	False	False	True	True
DLAT	1.0	23.0	23.0	1.0	19.0	19.0	1.0	9.0	9.0	True	True	True	True	True	True	True
DLC1							1.0	9.0	9.0	False	False	True	False	False	True	True
DLD	1.0	23.0	23.0	1.0	19.0	19.0	1.0	9.0	9.0	True	True	True	True	True	True	True
DLEU7							0.8889	8.0	9.0	False	False	True	False	False	True	False
DLG1	1.0	23.0	23.0	1.0	19.0	19.0	1.0	9.0	9.0	True	True	True	True	True	True	True
DLG2							1.0	9.0	9.0	False	False	True	False	False	True	False
DLG3							1.0	9.0	9.0	False	False	True	False	False	True	True
DLG4							1.0	9.0	9.0	False	False	True	False	False	True	False
DLG5							1.0	9.0	9.0	False	False	True	False	False	True	True
DLGAP4							1.0	9.0	9.0	False	False	True	False	False	True	True
DLGAP5							0.6667	6.0	9.0	False	False	True	False	False	True	False
DLK1							0.7778	7.0	9.0	False	False	True	False	False	False	False
DLL1							1.0	9.0	9.0	False	False	True	False	False	True	True
DLL4							1.0	9.0	9.0	False	False	True	False	False	True	True
DLST	0.9565	22.0	23.0	1.0	19.0	19.0	1.0	9.0	9.0	True	True	True	True	True	True	True
DMAC1							1.0	9.0	9.0	False	False	True	False	False	True	False
DMAC2							1.0	9.0	9.0	False	False	True	False	False	True	False
DMAC2L							1.0	9.0	9.0	False	False	True	False	False	True	False
DMAP1							1.0	9.0	9.0	False	False	True	False	False	True	True
DMD							1.0	9.0	9.0	False	False	True	False	False	True	False
DMGDH	0.9565	22.0	23.0	1.0	19.0	19.0	1.0	9.0	9.0	True	True	True	True	True	True	True
DMKN							0.5556	5.0	9.0	False	False	True	False	False	True	False
DMP1							0.8889	8.0	9.0	False	False	True	False	False	False	False
DMPK							0.7778	7.0	9.0	False	False	True	False	False	True	True
DMRT2							1.0	9.0	9.0	False	False	True	False	False	True	True
DMRTC2	1.0	23.0	23.0	1.0	19.0	19.0				True	True	False	False	False	False	False
DMTF1							1.0	9.0	9.0	False	False	True	False	False	True	True
DMTN	1.0	23.0	23.0	0.8421	16.0	19.0	1.0	9.0	9.0	True	True	True	True	True	True	True
DMWD							1.0	9.0	9.0	False	False	True	False	False	True	True
DMXL1							1.0	9.0	9.0	False	False	True	False	False	True	True
DMXL2							1.0	9.0	9.0	False	False	True	False	False	True	True
DNA2							1.0	9.0	9.0	False	False	True	False	False	True	False
DNAAF10							1.0	9.0	9.0	False	False	True	False	False	True	False
DNAAF19							0.7778	7.0	9.0	False	False	True	False	False	True	False
DNAAF2							1.0	9.0	9.0	False	False	True	False	False	True	True
DNAAF3							0.6667	6.0	9.0	False	False	True	False	False	True	False
DNAAF5							1.0	9.0	9.0	False	False	True	False	False	True	False
DNAAF9							1.0	9.0	9.0	False	False	True	False	False	False	False
DNAJA1	1.0	23.0	23.0	1.0	19.0	19.0	1.0	9.0	9.0	True	True	True	True	True	True	True
DNAJA2	1.0	23.0	23.0	1.0	19.0	19.0	1.0	9.0	9.0	True	True	True	True	True	True	True
DNAJA3	1.0	23.0	23.0	1.0	19.0	19.0	1.0	9.0	9.0	True	True	True	True	True	True	True
DNAJA4	1.0	23.0	23.0	0.8947	17.0	19.0	1.0	9.0	9.0	True	True	True	True	True	True	True
DNAJB1	1.0	23.0	23.0				1.0	9.0	9.0	True	False	True	False	True	True	True
DNAJB11	1.0	23.0	23.0				1.0	9.0	9.0	True	False	True	False	True	True	True
DNAJB12							1.0	9.0	9.0	False	False	True	False	False	True	True
DNAJB14							1.0	9.0	9.0	False	False	True	False	False	True	True
DNAJB2							1.0	9.0	9.0	False	False	True	False	False	True	True
DNAJB3							0.5556	5.0	9.0	False	False	True	False	False	True	False
DNAJB4				1.0	19.0	19.0	1.0	9.0	9.0	False	True	True	False	True	True	True
DNAJB5							1.0	9.0	9.0	False	False	True	False	False	True	True
DNAJB6							1.0	9.0	9.0	False	False	True	False	False	True	True
DNAJB9							1.0	9.0	9.0	False	False	True	False	False	True	True
DNAJC1							1.0	9.0	9.0	False	False	True	False	False	True	True
DNAJC10							1.0	9.0	9.0	False	False	True	False	False	True	True
DNAJC11	1.0	23.0	23.0	1.0	19.0	19.0	1.0	9.0	9.0	True	True	True	True	True	True	True
DNAJC12							1.0	9.0	9.0	False	False	True	False	False	True	True
DNAJC13	1.0	23.0	23.0	0.7368	14.0	19.0	1.0	9.0	9.0	True	True	True	True	True	True	True
DNAJC14							1.0	9.0	9.0	False	False	True	False	False	True	True
DNAJC15							1.0	9.0	9.0	False	False	True	False	False	True	True
DNAJC16							1.0	9.0	9.0	False	False	True	False	False	True	True
DNAJC17							1.0	9.0	9.0	False	False	True	False	False	True	True
DNAJC18							1.0	9.0	9.0	False	False	True	False	False	True	True
DNAJC19	1.0	23.0	23.0				1.0	9.0	9.0	True	False	True	False	True	True	True
DNAJC2							1.0	9.0	9.0	False	False	True	False	False	True	True
DNAJC21							1.0	9.0	9.0	False	False	True	False	False	True	True
DNAJC22							1.0	9.0	9.0	False	False	True	False	False	True	True
DNAJC24							1.0	9.0	9.0	False	False	True	False	False	True	True
DNAJC25							1.0	9.0	9.0	False	False	True	False	False	True	False
DNAJC28							1.0	9.0	9.0	False	False	True	False	False	True	True
DNAJC3	1.0	23.0	23.0	0.8421	16.0	19.0	1.0	9.0	9.0	True	True	True	True	True	True	True
DNAJC30							1.0	9.0	9.0	False	False	True	False	False	True	True
DNAJC4							1.0	9.0	9.0	False	False	True	False	False	True	True
DNAJC5							1.0	9.0	9.0	False	False	True	False	False	True	False
DNAJC6							1.0	9.0	9.0	False	False	True	False	False	True	True
DNAJC7							1.0	9.0	9.0	False	False	True	False	False	True	True
DNAJC8	1.0	23.0	23.0	1.0	19.0	19.0	1.0	9.0	9.0	True	True	True	True	True	True	True
DNAJC9							1.0	9.0	9.0	False	False	True	False	False	True	True
DNAL1							1.0	9.0	9.0	False	False	True	False	False	True	True
DNAL4							1.0	9.0	9.0	False	False	True	False	False	True	True
DNASE1				0.6316	12.0	19.0	1.0	9.0	9.0	False	True	True	False	True	True	True
DNASE1L1							1.0	9.0	9.0	False	False	True	False	False	True	True
DNASE1L2							0.8889	8.0	9.0	False	False	True	False	False	True	True
DNASE1L3							1.0	9.0	9.0	False	False	True	False	False	True	False
DNASE2	0.8696	20.0	23.0	1.0	19.0	19.0	1.0	9.0	9.0	True	True	True	True	True	True	True
DNASE2B							0.8889	8.0	9.0	False	False	True	False	False	False	False
DNLZ							1.0	9.0	9.0	False	False	True	False	False	True	True
DNM1							1.0	9.0	9.0	False	False	True	False	False	True	False
DNM1L							1.0	9.0	9.0	False	False	True	False	False	True	True
DNM2	1.0	23.0	23.0	1.0	19.0	19.0	1.0	9.0	9.0	True	True	True	True	True	True	True
DNM3							1.0	9.0	9.0	False	False	True	False	False	True	False
DNMBP							1.0	9.0	9.0	False	False	True	False	False	True	False
DNMT1							1.0	9.0	9.0	False	False	True	False	False	True	True
DNMT3A							1.0	9.0	9.0	False	False	True	False	False	True	True
DNMT3B							0.6667	6.0	9.0	False	False	True	False	False	True	False
DNPEP	0.9565	22.0	23.0	1.0	19.0	19.0	1.0	9.0	9.0	True	True	True	True	True	True	True
DNPH1							1.0	9.0	9.0	False	False	True	False	False	True	True
DNTTIP1							1.0	9.0	9.0	False	False	True	False	False	True	True
DNTTIP2							1.0	9.0	9.0	False	False	True	False	False	True	True
DOCK1							1.0	9.0	9.0	False	False	True	False	False	True	True
DOCK10							1.0	9.0	9.0	False	False	True	False	False	True	True
DOCK11							1.0	9.0	9.0	False	False	True	False	False	True	False
DOCK2							1.0	9.0	9.0	False	False	True	False	False	True	False
DOCK4							1.0	9.0	9.0	False	False	True	False	False	True	False
DOCK5							1.0	9.0	9.0	False	False	True	False	False	True	True
DOCK6							1.0	9.0	9.0	False	False	True	False	False	True	True
DOCK7	0.8261	19.0	23.0				1.0	9.0	9.0	True	False	True	False	True	True	True
DOCK8							1.0	9.0	9.0	False	False	True	False	False	True	True
DOCK9							1.0	9.0	9.0	False	False	True	False	False	True	True
DOHH							1.0	9.0	9.0	False	False	True	False	False	True	True
DOK1							1.0	9.0	9.0	False	False	True	False	False	True	True
DOK2							1.0	9.0	9.0	False	False	True	False	False	True	True
DOK3							1.0	9.0	9.0	False	False	True	False	False	True	True
DOK4							1.0	9.0	9.0	False	False	True	False	False	True	True
DOLK							1.0	9.0	9.0	False	False	True	False	False	True	True
DOLPP1							1.0	9.0	9.0	False	False	True	False	False	True	True
DOP1A							1.0	9.0	9.0	False	False	True	False	False	True	False
DOP1B							1.0	9.0	9.0	False	False	True	False	False	True	False
DOT1L							1.0	9.0	9.0	False	False	True	False	False	True	True
DPAGT1	0.8696	20.0	23.0				1.0	9.0	9.0	True	False	True	False	True	True	True
DPCD							1.0	9.0	9.0	False	False	True	False	False	True	False
DPEP1	1.0	23.0	23.0	1.0	19.0	19.0	1.0	9.0	9.0	True	True	True	True	True	True	True
DPEP2							0.8889	8.0	9.0	False	False	True	False	False	True	False
DPF2							1.0	9.0	9.0	False	False	True	False	False	True	True
DPF3							1.0	9.0	9.0	False	False	True	False	False	True	False
DPH1							1.0	9.0	9.0	False	False	True	False	False	True	True
DPH2							1.0	9.0	9.0	False	False	True	False	False	True	True
DPH3							1.0	9.0	9.0	False	False	True	False	False	True	True
DPH5							1.0	9.0	9.0	False	False	True	False	False	True	True
DPH6							1.0	9.0	9.0	False	False	True	False	False	True	True
DPH7							1.0	9.0	9.0	False	False	True	False	False	True	True
DPM1	1.0	23.0	23.0	1.0	19.0	19.0	1.0	9.0	9.0	True	True	True	True	True	True	True
DPM3							1.0	9.0	9.0	False	False	True	False	False	True	True
DPP3	1.0	23.0	23.0	1.0	19.0	19.0	1.0	9.0	9.0	True	True	True	True	True	True	True
DPP4	1.0	23.0	23.0	0.8421	16.0	19.0	1.0	9.0	9.0	True	True	True	True	True	True	True
DPP7	1.0	23.0	23.0	1.0	19.0	19.0	1.0	9.0	9.0	True	True	True	True	True	True	True
DPP8							1.0	9.0	9.0	False	False	True	False	False	True	True
DPP9							1.0	9.0	9.0	False	False	True	False	False	True	True
DPT							1.0	9.0	9.0	False	False	True	False	False	True	False
DPY19L1							1.0	9.0	9.0	False	False	True	False	False	True	True
DPY19L3							1.0	9.0	9.0	False	False	True	False	False	True	True
DPY19L4							1.0	9.0	9.0	False	False	True	False	False	True	True
DPY30	1.0	23.0	23.0	1.0	19.0	19.0	1.0	9.0	9.0	True	True	True	True	True	True	True
DPYD	1.0	23.0	23.0	1.0	19.0	19.0	1.0	9.0	9.0	True	True	True	True	True	True	True
DPYS	1.0	23.0	23.0	1.0	19.0	19.0	1.0	9.0	9.0	True	True	True	True	True	True	True
DPYSL2	1.0	23.0	23.0	1.0	19.0	19.0	1.0	9.0	9.0	True	True	True	True	True	True	False
DPYSL3	1.0	23.0	23.0	1.0	19.0	19.0	1.0	9.0	9.0	True	True	True	True	True	True	True
DPYSL4							0.8889	8.0	9.0	False	False	True	False	False	True	False
DPYSL5							1.0	9.0	9.0	False	False	True	False	False	True	False
DQX1							1.0	9.0	9.0	False	False	True	False	False	True	True
DR1							1.0	9.0	9.0	False	False	True	False	False	True	True
DRAM2							1.0	9.0	9.0	False	False	True	False	False	True	True
DRAP1							1.0	9.0	9.0	False	False	True	False	False	True	True
DRC4							1.0	9.0	9.0	False	False	True	False	False	True	True
DRC8							1.0	9.0	9.0	False	False	True	False	False	True	True
DRG1	1.0	23.0	23.0	0.8947	17.0	19.0	1.0	9.0	9.0	True	True	True	True	True	True	True
DRG2	1.0	23.0	23.0	0.9474	18.0	19.0	1.0	9.0	9.0	True	True	True	True	True	True	True
DROSHA							1.0	9.0	9.0	False	False	True	False	False	True	True
DSC1							0.8889	8.0	9.0	False	False	True	False	False	True	False
DSC2							1.0	9.0	9.0	False	False	True	False	False	True	False
DSC3							1.0	9.0	9.0	False	False	True	False	False	False	False
DSCC1							0.6667	6.0	9.0	False	False	True	False	False	True	False
DSE							1.0	9.0	9.0	False	False	True	False	False	True	True
DSG2							1.0	9.0	9.0	False	False	True	False	False	True	True
DSN1							0.7778	7.0	9.0	False	False	True	False	False	True	False
DSP							1.0	9.0	9.0	False	False	True	False	False	True	True
DSPP							1.0	9.0	9.0	False	False	True	False	False	False	False
DST							1.0	9.0	9.0	False	False	True	False	False	True	True
DSTN	1.0	23.0	23.0	1.0	19.0	19.0	1.0	9.0	9.0	True	True	True	True	True	True	True
DSTYK							1.0	9.0	9.0	False	False	True	False	False	True	True
DTD1							1.0	9.0	9.0	False	False	True	False	False	True	True
DTD2							1.0	9.0	9.0	False	False	True	False	False	True	True
DTNA							1.0	9.0	9.0	False	False	True	False	False	True	False
DTNB	1.0	23.0	23.0				1.0	9.0	9.0	True	False	True	False	True	True	True
DTNBP1							1.0	9.0	9.0	False	False	True	False	False	True	True
DTWD1							1.0	9.0	9.0	False	False	True	False	False	True	True
DTX2							1.0	9.0	9.0	False	False	True	False	False	True	True
DTX3							1.0	9.0	9.0	False	False	True	False	False	True	True
DTX3L							1.0	9.0	9.0	False	False	True	False	False	True	True
DTX4							1.0	9.0	9.0	False	False	True	False	False	True	True
DTYMK							1.0	9.0	9.0	False	False	True	False	False	True	True
DUS1L							1.0	9.0	9.0	False	False	True	False	False	True	True
DUS2							1.0	9.0	9.0	False	False	True	False	False	True	True
DUS3L							1.0	9.0	9.0	False	False	True	False	False	True	True
DUS4L							1.0	9.0	9.0	False	False	True	False	False	True	True
DUSP11							1.0	9.0	9.0	False	False	True	False	False	True	True
DUSP12							1.0	9.0	9.0	False	False	True	False	False	True	True
DUSP14							1.0	9.0	9.0	False	False	True	False	False	True	True
DUSP15							0.5556	5.0	9.0	False	False	True	False	False	True	False
DUSP16							1.0	9.0	9.0	False	False	True	False	False	True	True
DUSP19							1.0	9.0	9.0	False	False	True	False	False	True	True
DUSP22							1.0	9.0	9.0	False	False	True	False	False	True	True
DUSP23							1.0	9.0	9.0	False	False	True	False	False	True	True
DUSP28							1.0	9.0	9.0	False	False	True	False	False	True	True
DUSP3	1.0	23.0	23.0				1.0	9.0	9.0	True	False	True	False	True	True	True
DUSP4							0.4444	4.0	9.0	False	False	False	False	False	True	True
DUSP5							0.2222	2.0	9.0	False	False	False	False	False	True	True
DUSP6							1.0	9.0	9.0	False	False	True	False	False	True	True
DUSP7							1.0	9.0	9.0	False	False	True	False	False	True	True
DUSP9							1.0	9.0	9.0	False	False	True	False	False	True	True
DUT							1.0	9.0	9.0	False	False	True	False	False	True	True
DVL1							1.0	9.0	9.0	False	False	True	False	False	True	True
DVL2							1.0	9.0	9.0	False	False	True	False	False	True	True
DVL3							1.0	9.0	9.0	False	False	True	False	False	True	True
DXO							1.0	9.0	9.0	False	False	True	False	False	True	True
DYM							1.0	9.0	9.0	False	False	True	False	False	True	True
DYNC1H1	1.0	23.0	23.0	1.0	19.0	19.0	1.0	9.0	9.0	True	True	True	True	True	True	True
DYNC1I1							0.3333	3.0	9.0	False	False	False	False	False	True	False
DYNC1I2	1.0	23.0	23.0	1.0	19.0	19.0	1.0	9.0	9.0	True	True	True	True	True	True	True
DYNC1LI1	1.0	23.0	23.0	1.0	19.0	19.0	1.0	9.0	9.0	True	True	True	True	True	True	True
DYNC1LI2	1.0	23.0	23.0	1.0	19.0	19.0	1.0	9.0	9.0	True	True	True	True	True	True	True
DYNC2H1							1.0	9.0	9.0	False	False	True	False	False	True	True
DYNC2I1							1.0	9.0	9.0	False	False	True	False	False	True	False
DYNC2I2							1.0	9.0	9.0	False	False	True	False	False	True	False
DYNC2LI1							1.0	9.0	9.0	False	False	True	False	False	True	True
DYNLL1	1.0	23.0	23.0				1.0	9.0	9.0	True	False	True	False	True	True	True
DYNLL2	1.0	23.0	23.0	1.0	19.0	19.0	1.0	9.0	9.0	True	True	True	True	True	True	True
DYNLRB1	1.0	23.0	23.0	1.0	19.0	19.0	1.0	9.0	9.0	True	True	True	True	True	True	True
DYNLT1				1.0	19.0	19.0	1.0	9.0	9.0	False	True	True	False	True	True	False
DYNLT2B							1.0	9.0	9.0	False	False	True	False	False	True	False
DYNLT3	1.0	23.0	23.0	0.9474	18.0	19.0	1.0	9.0	9.0	True	True	True	True	True	True	True
DYRK1A							1.0	9.0	9.0	False	False	True	False	False	True	True
DYRK1B							1.0	9.0	9.0	False	False	True	False	False	True	True
DYRK2							1.0	9.0	9.0	False	False	True	False	False	True	True
DYSF	1.0	23.0	23.0	1.0	19.0	19.0	1.0	9.0	9.0	True	True	True	True	True	True	True
DZANK1							1.0	9.0	9.0	False	False	True	False	False	True	False
DZIP1							1.0	9.0	9.0	False	False	True	False	False	True	False
DZIP1L							1.0	9.0	9.0	False	False	True	False	False	True	True
DZIP3							1.0	9.0	9.0	False	False	True	False	False	True	True
E2F1	1.0	23.0	23.0	0.7368	14.0	19.0				True	True	False	False	False	True	True
E2F3							1.0	9.0	9.0	False	False	True	False	False	True	True
E2F4							1.0	9.0	9.0	False	False	True	False	False	True	True
E2F5							1.0	9.0	9.0	False	False	True	False	False	True	True
E4F1							1.0	9.0	9.0	False	False	True	False	False	True	True
EAF1							1.0	9.0	9.0	False	False	True	False	False	True	True
EAF2							0.2222	2.0	9.0	False	False	False	False	False	True	True
EAPP							1.0	9.0	9.0	False	False	True	False	False	True	True
EAR1							1.0	9.0	9.0	False	False	True	False	False	False	False
EAR2							1.0	9.0	9.0	False	False	True	False	False	True	False
EAR6							1.0	9.0	9.0	False	False	True	False	False	False	False
EARS2							1.0	9.0	9.0	False	False	True	False	False	True	True
EBAG9							1.0	9.0	9.0	False	False	True	False	False	True	True
EBF1							1.0	9.0	9.0	False	False	True	False	False	True	True
EBNA1BP2							1.0	9.0	9.0	False	False	True	False	False	True	True
EBP							1.0	9.0	9.0	False	False	True	False	False	True	False
EBPL							1.0	9.0	9.0	False	False	True	False	False	True	False
ECD							1.0	9.0	9.0	False	False	True	False	False	True	True
ECE1							1.0	9.0	9.0	False	False	True	False	False	True	True
ECH1	1.0	23.0	23.0	1.0	19.0	19.0	1.0	9.0	9.0	True	True	True	True	True	True	True
ECHDC1	1.0	23.0	23.0	1.0	19.0	19.0	1.0	9.0	9.0	True	True	True	True	True	True	True
ECHDC2	1.0	23.0	23.0	1.0	19.0	19.0	1.0	9.0	9.0	True	True	True	True	True	True	True
ECHDC3	1.0	23.0	23.0	1.0	19.0	19.0	1.0	9.0	9.0	True	True	True	True	True	True	True
ECHS1	0.9565	22.0	23.0	0.9474	18.0	19.0	1.0	9.0	9.0	True	True	True	True	True	True	True
ECI1	0.9565	22.0	23.0	0.9474	18.0	19.0	1.0	9.0	9.0	True	True	True	True	True	True	True
ECI2	0.9565	22.0	23.0	0.9474	18.0	19.0	1.0	9.0	9.0	True	True	True	True	True	True	True
ECI3							1.0	9.0	9.0	False	False	True	False	False	True	False
ECM1	1.0	23.0	23.0	0.8947	17.0	19.0	1.0	9.0	9.0	True	True	True	True	True	True	True
ECM2							1.0	9.0	9.0	False	False	True	False	False	True	True
ECPAS	1.0	23.0	23.0	1.0	19.0	19.0	1.0	9.0	9.0	True	True	True	True	True	True	False
ECSCR							1.0	9.0	9.0	False	False	True	False	False	True	True
ECSIT	1.0	23.0	23.0				1.0	9.0	9.0	True	False	True	False	True	True	True
ECT2							0.7778	7.0	9.0	False	False	True	False	False	True	True
EDA2R							0.7778	7.0	9.0	False	False	True	False	False	True	False
EDARADD							0.6667	6.0	9.0	False	False	True	False	False	True	False
EDC3							1.0	9.0	9.0	False	False	True	False	False	True	True
EDC4				1.0	19.0	19.0	1.0	9.0	9.0	False	True	True	False	True	True	True
EDEM1							1.0	9.0	9.0	False	False	True	False	False	True	True
EDEM2							1.0	9.0	9.0	False	False	True	False	False	True	True
EDEM3							1.0	9.0	9.0	False	False	True	False	False	True	True
EDF1	1.0	23.0	23.0	1.0	19.0	19.0	1.0	9.0	9.0	True	True	True	True	True	True	True
EDNRA							0.8889	8.0	9.0	False	False	True	False	False	True	False
EDNRB							1.0	9.0	9.0	False	False	True	False	False	True	True
EDRF1							1.0	9.0	9.0	False	False	True	False	False	True	True
EEA1	1.0	23.0	23.0	1.0	19.0	19.0	1.0	9.0	9.0	True	True	True	True	True	True	True
EED							1.0	9.0	9.0	False	False	True	False	False	True	True
EEF1A1	1.0	23.0	23.0	1.0	19.0	19.0	1.0	9.0	9.0	True	True	True	True	True	True	True
EEF1A2							1.0	9.0	9.0	False	False	True	False	False	True	False
EEF1AKMT1							1.0	9.0	9.0	False	False	True	False	False	True	False
EEF1AKMT2							1.0	9.0	9.0	False	False	True	False	False	True	False
EEF1AKMT4							1.0	9.0	9.0	False	False	True	False	False	True	False
EEF1B							1.0	9.0	9.0	False	False	True	False	False	False	False
EEF1B2	1.0	23.0	23.0	1.0	19.0	19.0				True	True	False	False	False	True	True
EEF1D	1.0	23.0	23.0	1.0	19.0	19.0	1.0	9.0	9.0	True	True	True	True	True	True	True
EEF1E1							1.0	9.0	9.0	False	False	True	False	False	True	True
EEF1G	1.0	23.0	23.0	1.0	19.0	19.0	1.0	9.0	9.0	True	True	True	True	True	True	True
EEF2	1.0	23.0	23.0	1.0	19.0	19.0	1.0	9.0	9.0	True	True	True	True	True	True	True
EEF2K							1.0	9.0	9.0	False	False	True	False	False	True	True
EEF2KMT							1.0	9.0	9.0	False	False	True	False	False	True	False
EEFSEC				0.5263	10.0	19.0	1.0	9.0	9.0	False	True	True	False	True	True	True
EEIG1							1.0	9.0	9.0	False	False	True	False	False	True	False
EEIG2							1.0	9.0	9.0	False	False	True	False	False	True	False
EEPD1							1.0	9.0	9.0	False	False	True	False	False	True	True
EFCAB14							1.0	9.0	9.0	False	False	True	False	False	True	True
EFCAB7	1.0	23.0	23.0	1.0	19.0	19.0	0.5556	5.0	9.0	True	True	True	True	True	True	False
EFCC1							1.0	9.0	9.0	False	False	True	False	False	True	False
EFEMP1	1.0	23.0	23.0	1.0	19.0	19.0	1.0	9.0	9.0	True	True	True	True	True	True	True
EFEMP2	1.0	23.0	23.0	0.9474	18.0	19.0	1.0	9.0	9.0	True	True	True	True	True	True	True
EFHD1	1.0	23.0	23.0	1.0	19.0	19.0	1.0	9.0	9.0	True	True	True	True	True	True	True
EFHD2	1.0	23.0	23.0	1.0	19.0	19.0	1.0	9.0	9.0	True	True	True	True	True	True	True
EFL1							1.0	9.0	9.0	False	False	True	False	False	True	False
EFNA1							1.0	9.0	9.0	False	False	True	False	False	True	True
EFNA2							0.6667	6.0	9.0	False	False	True	False	False	True	False
EFNA5							1.0	9.0	9.0	False	False	True	False	False	True	True
EFNB1							1.0	9.0	9.0	False	False	True	False	False	True	True
EFNB2							1.0	9.0	9.0	False	False	True	False	False	True	True
EFR3A							1.0	9.0	9.0	False	False	True	False	False	True	True
EFR3B							1.0	9.0	9.0	False	False	True	False	False	True	False
EFS							0.6667	6.0	9.0	False	False	True	False	False	True	False
EFTUD2	1.0	23.0	23.0	1.0	19.0	19.0	1.0	9.0	9.0	True	True	True	True	True	True	True
EGF							1.0	9.0	9.0	False	False	True	False	False	True	True
EGFL6							1.0	9.0	9.0	False	False	True	False	False	True	False
EGFL7							1.0	9.0	9.0	False	False	True	False	False	True	True
EGFL8							0.7778	7.0	9.0	False	False	True	False	False	True	False
EGFLAM							1.0	9.0	9.0	False	False	True	False	False	True	True
EGFR							1.0	9.0	9.0	False	False	True	False	False	True	True
EGLN1	0.6522	15.0	23.0				1.0	9.0	9.0	True	False	True	False	True	True	True
EGR1							0.8889	8.0	9.0	False	False	True	False	False	True	True
EGR2							0.6667	6.0	9.0	False	False	True	False	False	True	True
EHBP1							1.0	9.0	9.0	False	False	True	False	False	True	True
EHBP1L1							1.0	9.0	9.0	False	False	True	False	False	True	True
EHD1	1.0	23.0	23.0	1.0	19.0	19.0	1.0	9.0	9.0	True	True	True	True	True	True	True
EHD2	1.0	23.0	23.0	1.0	19.0	19.0	1.0	9.0	9.0	True	True	True	True	True	True	True
EHD3	1.0	23.0	23.0	1.0	19.0	19.0	1.0	9.0	9.0	True	True	True	True	True	True	True
EHD4	1.0	23.0	23.0	1.0	19.0	19.0	1.0	9.0	9.0	True	True	True	True	True	True	True
EHF							1.0	9.0	9.0	False	False	True	False	False	True	True
EHHADH	1.0	23.0	23.0	1.0	19.0	19.0	1.0	9.0	9.0	True	True	True	True	True	True	True
EHMT1							1.0	9.0	9.0	False	False	True	False	False	True	True
EHMT2	1.0	23.0	23.0				1.0	9.0	9.0	True	False	True	False	True	True	True
EI24							1.0	9.0	9.0	False	False	True	False	False	True	True
EID1							0.4444	4.0	9.0	False	False	False	False	False	True	True
EID2							0.7778	7.0	9.0	False	False	True	False	False	True	False
EIF1				1.0	19.0	19.0	1.0	9.0	9.0	False	True	True	False	True	True	True
EIF1AD							1.0	9.0	9.0	False	False	True	False	False	True	True
EIF1AX							1.0	9.0	9.0	False	False	True	False	False	True	False
EIF1B	1.0	23.0	23.0				1.0	9.0	9.0	True	False	True	False	True	True	True
EIF2A	0.8696	20.0	23.0	0.8421	16.0	19.0	1.0	9.0	9.0	True	True	True	True	True	True	True
EIF2AK1							1.0	9.0	9.0	False	False	True	False	False	True	True
EIF2AK2	1.0	23.0	23.0	0.5789	11.0	19.0	1.0	9.0	9.0	True	True	True	True	True	True	True
EIF2AK3							1.0	9.0	9.0	False	False	True	False	False	True	True
EIF2AK4							1.0	9.0	9.0	False	False	True	False	False	True	True
EIF2B1	1.0	23.0	23.0				1.0	9.0	9.0	True	False	True	False	True	True	True
EIF2B2							1.0	9.0	9.0	False	False	True	False	False	True	True
EIF2B3	0.6522	15.0	23.0				1.0	9.0	9.0	True	False	True	False	True	True	True
EIF2B4							1.0	9.0	9.0	False	False	True	False	False	True	True
EIF2B5				1.0	19.0	19.0	1.0	9.0	9.0	False	True	True	False	True	True	True
EIF2D							1.0	9.0	9.0	False	False	True	False	False	True	True
EIF2S1	1.0	23.0	23.0	1.0	19.0	19.0	1.0	9.0	9.0	True	True	True	True	True	True	True
EIF2S2	1.0	23.0	23.0	0.8947	17.0	19.0	1.0	9.0	9.0	True	True	True	True	True	True	True
EIF2S3	1.0	23.0	23.0	1.0	19.0	19.0				True	True	False	False	False	True	False
EIF2S3X							1.0	9.0	9.0	False	False	True	False	False	True	False
EIF2S3Y							1.0	9.0	9.0	False	False	True	False	False	True	False
EIF3A	1.0	23.0	23.0	1.0	19.0	19.0	1.0	9.0	9.0	True	True	True	True	True	True	True
EIF3B	1.0	23.0	23.0	1.0	19.0	19.0	1.0	9.0	9.0	True	True	True	True	True	True	True
EIF3C							1.0	9.0	9.0	False	False	True	False	False	True	False
EIF3D	1.0	23.0	23.0	1.0	19.0	19.0	1.0	9.0	9.0	True	True	True	True	True	True	True
EIF3E	1.0	23.0	23.0	1.0	19.0	19.0	1.0	9.0	9.0	True	True	True	True	True	True	True
EIF3F	1.0	23.0	23.0	1.0	19.0	19.0	1.0	9.0	9.0	True	True	True	True	True	True	True
EIF3G	1.0	23.0	23.0	1.0	19.0	19.0	1.0	9.0	9.0	True	True	True	True	True	True	True
EIF3H	1.0	23.0	23.0	1.0	19.0	19.0	1.0	9.0	9.0	True	True	True	True	True	True	True
EIF3I	1.0	23.0	23.0	1.0	19.0	19.0	1.0	9.0	9.0	True	True	True	True	True	True	True
EIF3J	1.0	23.0	23.0	1.0	19.0	19.0				True	True	False	False	False	True	False
EIF3J2							1.0	9.0	9.0	False	False	True	False	False	True	False
EIF3K	1.0	23.0	23.0	1.0	19.0	19.0	1.0	9.0	9.0	True	True	True	True	True	True	True
EIF3L	1.0	23.0	23.0	1.0	19.0	19.0	1.0	9.0	9.0	True	True	True	True	True	True	True
EIF3M	1.0	23.0	23.0	0.9474	18.0	19.0	1.0	9.0	9.0	True	True	True	True	True	True	True
EIF4A1	1.0	23.0	23.0	1.0	19.0	19.0	1.0	9.0	9.0	True	True	True	True	True	True	True
EIF4A2	1.0	23.0	23.0	1.0	19.0	19.0	1.0	9.0	9.0	True	True	True	True	True	True	True
EIF4A3	1.0	23.0	23.0	1.0	19.0	19.0	1.0	9.0	9.0	True	True	True	True	True	True	True
EIF4B	1.0	23.0	23.0	1.0	19.0	19.0	1.0	9.0	9.0	True	True	True	True	True	True	True
EIF4E	1.0	23.0	23.0	1.0	19.0	19.0	1.0	9.0	9.0	True	True	True	True	True	True	True
EIF4E2							1.0	9.0	9.0	False	False	True	False	False	True	True
EIF4E3							1.0	9.0	9.0	False	False	True	False	False	True	True
EIF4EBP1							1.0	9.0	9.0	False	False	True	False	False	True	True
EIF4EBP2				1.0	19.0	19.0	1.0	9.0	9.0	False	True	True	False	True	True	True
EIF4ENIF1							1.0	9.0	9.0	False	False	True	False	False	True	True
EIF4G1	1.0	23.0	23.0	0.9474	18.0	19.0	1.0	9.0	9.0	True	True	True	True	True	True	True
EIF4G2	1.0	23.0	23.0	0.7895	15.0	19.0	1.0	9.0	9.0	True	True	True	True	True	True	True
EIF4G3							1.0	9.0	9.0	False	False	True	False	False	True	True
EIF4H	1.0	23.0	23.0	1.0	19.0	19.0	1.0	9.0	9.0	True	True	True	True	True	True	True
EIF5	1.0	23.0	23.0	1.0	19.0	19.0	1.0	9.0	9.0	True	True	True	True	True	True	True
EIF5A	1.0	23.0	23.0	1.0	19.0	19.0	1.0	9.0	9.0	True	True	True	True	True	True	True
EIF5A2							1.0	9.0	9.0	False	False	True	False	False	True	True
EIF5B	1.0	23.0	23.0	0.9474	18.0	19.0	1.0	9.0	9.0	True	True	True	True	True	True	True
EIF6	1.0	23.0	23.0	0.8421	16.0	19.0	1.0	9.0	9.0	True	True	True	True	True	True	True
EIPR1							1.0	9.0	9.0	False	False	True	False	False	True	False
ELAC1							1.0	9.0	9.0	False	False	True	False	False	True	True
ELAC2							1.0	9.0	9.0	False	False	True	False	False	True	True
ELANE							1.0	9.0	9.0	False	False	True	False	False	True	False
ELAPOR1							0.8889	8.0	9.0	False	False	True	False	False	False	False
ELAVL1	1.0	23.0	23.0	1.0	19.0	19.0	1.0	9.0	9.0	True	True	True	True	True	True	True
ELF1							1.0	9.0	9.0	False	False	True	False	False	True	True
ELF2							1.0	9.0	9.0	False	False	True	False	False	True	True
ELF3							1.0	9.0	9.0	False	False	True	False	False	True	True
ELF4							1.0	9.0	9.0	False	False	True	False	False	True	True
ELFN1							1.0	9.0	9.0	False	False	True	False	False	True	False
ELK1							0.3333	3.0	9.0	False	False	False	False	False	True	True
ELK3							1.0	9.0	9.0	False	False	True	False	False	True	True
ELK4							1.0	9.0	9.0	False	False	True	False	False	True	True
ELL							1.0	9.0	9.0	False	False	True	False	False	True	True
ELL2							1.0	9.0	9.0	False	False	True	False	False	True	True
ELL3							1.0	9.0	9.0	False	False	True	False	False	True	False
ELMO1	0.8261	19.0	23.0	0.9474	18.0	19.0	1.0	9.0	9.0	True	True	True	True	True	True	False
ELMO2							1.0	9.0	9.0	False	False	True	False	False	True	True
ELMO3							1.0	9.0	9.0	False	False	True	False	False	True	True
ELMOD2							1.0	9.0	9.0	False	False	True	False	False	True	True
ELMOD3							1.0	9.0	9.0	False	False	True	False	False	True	True
ELN							1.0	9.0	9.0	False	False	True	False	False	True	True
ELOA	1.0	23.0	23.0	0.9474	18.0	19.0	1.0	9.0	9.0	True	True	True	True	True	True	False
ELOB	1.0	23.0	23.0	1.0	19.0	19.0	1.0	9.0	9.0	True	True	True	True	True	True	False
ELOC							1.0	9.0	9.0	False	False	True	False	False	True	False
ELOF1							1.0	9.0	9.0	False	False	True	False	False	True	True
ELOVL1							1.0	9.0	9.0	False	False	True	False	False	True	True
ELOVL2							1.0	9.0	9.0	False	False	True	False	False	True	False
ELOVL5							1.0	9.0	9.0	False	False	True	False	False	True	True
ELOVL6							1.0	9.0	9.0	False	False	True	False	False	True	True
ELOVL7							1.0	9.0	9.0	False	False	True	False	False	True	True
ELP1							1.0	9.0	9.0	False	False	True	False	False	True	False
ELP2							1.0	9.0	9.0	False	False	True	False	False	True	True
ELP3							1.0	9.0	9.0	False	False	True	False	False	True	True
ELP4							1.0	9.0	9.0	False	False	True	False	False	True	True
ELP5							1.0	9.0	9.0	False	False	True	False	False	True	True
ELP6							1.0	9.0	9.0	False	False	True	False	False	True	True
EMB							1.0	9.0	9.0	False	False	True	False	False	True	True
EMC1	1.0	23.0	23.0	0.7895	15.0	19.0	1.0	9.0	9.0	True	True	True	True	True	True	True
EMC10	0.6522	15.0	23.0				1.0	9.0	9.0	True	False	True	False	True	True	True
EMC2	1.0	23.0	23.0				1.0	9.0	9.0	True	False	True	False	True	True	True
EMC3	1.0	23.0	23.0				1.0	9.0	9.0	True	False	True	False	True	True	True
EMC4							1.0	9.0	9.0	False	False	True	False	False	True	True
EMC6							1.0	9.0	9.0	False	False	True	False	False	True	True
EMC7	1.0	23.0	23.0				1.0	9.0	9.0	True	False	True	False	True	True	True
EMC8	0.8696	20.0	23.0				1.0	9.0	9.0	True	False	True	False	True	True	True
EMC9							1.0	9.0	9.0	False	False	True	False	False	True	True
EMCN							1.0	9.0	9.0	False	False	True	False	False	True	True
EMD	1.0	23.0	23.0	1.0	19.0	19.0	1.0	9.0	9.0	True	True	True	True	True	True	True
EME2							1.0	9.0	9.0	False	False	True	False	False	True	True
EMG1							1.0	9.0	9.0	False	False	True	False	False	True	True
EMID1							1.0	9.0	9.0	False	False	True	False	False	True	True
EMILIN1	0.8261	19.0	23.0	1.0	19.0	19.0	1.0	9.0	9.0	True	True	True	True	True	True	True
EMILIN2							1.0	9.0	9.0	False	False	True	False	False	True	False
EML1							1.0	9.0	9.0	False	False	True	False	False	True	True
EML2	1.0	23.0	23.0	1.0	19.0	19.0	1.0	9.0	9.0	True	True	True	True	True	True	True
EML3				1.0	19.0	19.0	1.0	9.0	9.0	False	True	True	False	True	True	True
EML4	1.0	23.0	23.0	1.0	19.0	19.0	1.0	9.0	9.0	True	True	True	True	True	True	True
EML5							1.0	9.0	9.0	False	False	True	False	False	True	True
EML6							1.0	9.0	9.0	False	False	True	False	False	True	False
EMP2							1.0	9.0	9.0	False	False	True	False	False	True	True
EMP3							1.0	9.0	9.0	False	False	True	False	False	True	True
EMSY							1.0	9.0	9.0	False	False	True	False	False	True	False
EMX1							1.0	9.0	9.0	False	False	True	False	False	True	True
EMX2							1.0	9.0	9.0	False	False	True	False	False	True	True
ENAH	1.0	23.0	23.0	1.0	19.0	19.0	1.0	9.0	9.0	True	True	True	True	True	True	True
ENDOD1	1.0	23.0	23.0	0.8421	16.0	19.0	1.0	9.0	9.0	True	True	True	True	True	True	True
ENDOG	0.8696	20.0	23.0	1.0	19.0	19.0	1.0	9.0	9.0	True	True	True	True	True	True	True
ENDOV							1.0	9.0	9.0	False	False	True	False	False	True	True
ENG	1.0	23.0	23.0	1.0	19.0	19.0	1.0	9.0	9.0	True	True	True	True	True	True	True
ENGASE							1.0	9.0	9.0	False	False	True	False	False	True	True
ENKD1							0.4444	4.0	9.0	False	False	False	False	False	True	True
ENO1	1.0	23.0	23.0	1.0	19.0	19.0	1.0	9.0	9.0	True	True	True	True	True	True	True
ENO2	1.0	23.0	23.0	1.0	19.0	19.0	1.0	9.0	9.0	True	True	True	True	True	True	True
ENO3	0.9565	22.0	23.0	0.6316	12.0	19.0	1.0	9.0	9.0	True	True	True	True	True	True	True
ENOPH1	1.0	23.0	23.0	0.9474	18.0	19.0	1.0	9.0	9.0	True	True	True	True	True	True	True
ENOSF1	1.0	23.0	23.0	1.0	19.0	19.0				True	True	False	False	False	True	False
ENOX1							0.5556	5.0	9.0	False	False	True	False	False	True	False
ENOX2							1.0	9.0	9.0	False	False	True	False	False	True	True
ENPEP	1.0	23.0	23.0	1.0	19.0	19.0	1.0	9.0	9.0	True	True	True	True	True	True	True
ENPP1	1.0	23.0	23.0				1.0	9.0	9.0	True	False	True	False	True	True	True
ENPP2							1.0	9.0	9.0	False	False	True	False	False	True	True
ENPP3	1.0	23.0	23.0	1.0	19.0	19.0	1.0	9.0	9.0	True	True	True	True	True	True	True
ENPP4							1.0	9.0	9.0	False	False	True	False	False	True	True
ENPP5							1.0	9.0	9.0	False	False	True	False	False	True	True
ENPP6	1.0	23.0	23.0	1.0	19.0	19.0	1.0	9.0	9.0	True	True	True	True	True	True	True
ENSA	1.0	23.0	23.0	1.0	19.0	19.0	1.0	9.0	9.0	True	True	True	True	True	True	True
ENTPD1	0.6522	15.0	23.0	0.9474	18.0	19.0	1.0	9.0	9.0	True	True	True	True	True	True	True
ENTPD2							1.0	9.0	9.0	False	False	True	False	False	True	False
ENTPD4							1.0	9.0	9.0	False	False	True	False	False	True	False
ENTPD5							1.0	9.0	9.0	False	False	True	False	False	True	True
ENTPD6							1.0	9.0	9.0	False	False	True	False	False	True	True
ENTPD7							1.0	9.0	9.0	False	False	True	False	False	True	True
ENTR1							1.0	9.0	9.0	False	False	True	False	False	True	False
ENY2	1.0	23.0	23.0				1.0	9.0	9.0	True	False	True	False	True	True	True
EOGT	1.0	23.0	23.0				1.0	9.0	9.0	True	False	True	False	True	True	True
EOLA1							1.0	9.0	9.0	False	False	True	False	False	True	False
EP300							1.0	9.0	9.0	False	False	True	False	False	True	True
EP400							1.0	9.0	9.0	False	False	True	False	False	True	True
EPAS1							1.0	9.0	9.0	False	False	True	False	False	True	True
EPB41	1.0	23.0	23.0	0.9474	18.0	19.0	1.0	9.0	9.0	True	True	True	True	True	True	False
EPB41L1	1.0	23.0	23.0	1.0	19.0	19.0	1.0	9.0	9.0	True	True	True	True	True	True	False
EPB41L2	1.0	23.0	23.0	1.0	19.0	19.0	1.0	9.0	9.0	True	True	True	True	True	True	False
EPB41L3	1.0	23.0	23.0	1.0	19.0	19.0	1.0	9.0	9.0	True	True	True	True	True	True	False
EPB41L4A							1.0	9.0	9.0	False	False	True	False	False	True	False
EPB41L4B							1.0	9.0	9.0	False	False	True	False	False	True	False
EPB41L5	0.5217	12.0	23.0				1.0	9.0	9.0	True	False	True	False	True	True	False
EPB42				0.7368	14.0	19.0	1.0	9.0	9.0	False	True	True	False	True	True	False
EPC1							1.0	9.0	9.0	False	False	True	False	False	True	True
EPC2							1.0	9.0	9.0	False	False	True	False	False	True	True
EPCAM	1.0	23.0	23.0	1.0	19.0	19.0	1.0	9.0	9.0	True	True	True	True	True	True	True
EPDR1							1.0	9.0	9.0	False	False	True	False	False	True	True
EPG5							1.0	9.0	9.0	False	False	True	False	False	True	True
EPHA1							1.0	9.0	9.0	False	False	True	False	False	True	True
EPHA2							1.0	9.0	9.0	False	False	True	False	False	True	True
EPHA3							1.0	9.0	9.0	False	False	True	False	False	True	False
EPHA4							1.0	9.0	9.0	False	False	True	False	False	True	True
EPHA7							1.0	9.0	9.0	False	False	True	False	False	True	False
EPHB1							0.7778	7.0	9.0	False	False	True	False	False	True	False
EPHB2							1.0	9.0	9.0	False	False	True	False	False	True	True
EPHB3							1.0	9.0	9.0	False	False	True	False	False	True	True
EPHB4							1.0	9.0	9.0	False	False	True	False	False	True	True
EPHB6							0.6667	6.0	9.0	False	False	True	False	False	True	False
EPHX1	1.0	23.0	23.0	1.0	19.0	19.0	1.0	9.0	9.0	True	True	True	True	True	True	True
EPHX2	1.0	23.0	23.0	1.0	19.0	19.0	1.0	9.0	9.0	True	True	True	True	True	True	True
EPHX3							0.8889	8.0	9.0	False	False	True	False	False	True	False
EPM2A							1.0	9.0	9.0	False	False	True	False	False	True	True
EPM2AIP1							1.0	9.0	9.0	False	False	True	False	False	True	True
EPN1	1.0	23.0	23.0	1.0	19.0	19.0	1.0	9.0	9.0	True	True	True	True	True	True	True
EPN2	0.5217	12.0	23.0				1.0	9.0	9.0	True	False	True	False	True	True	True
EPN3							1.0	9.0	9.0	False	False	True	False	False	True	True
EPPK1	1.0	23.0	23.0	1.0	19.0	19.0	1.0	9.0	9.0	True	True	True	True	True	True	False
EPRS1	1.0	23.0	23.0	1.0	19.0	19.0	1.0	9.0	9.0	True	True	True	True	True	True	False
EPS15	1.0	23.0	23.0	0.8947	17.0	19.0	1.0	9.0	9.0	True	True	True	True	True	True	True
EPS15L1	1.0	23.0	23.0				1.0	9.0	9.0	True	False	True	False	True	True	True
EPS8	1.0	23.0	23.0				1.0	9.0	9.0	True	False	True	False	True	True	True
EPS8L1							1.0	9.0	9.0	False	False	True	False	False	True	False
EPS8L2	1.0	23.0	23.0	1.0	19.0	19.0	1.0	9.0	9.0	True	True	True	True	True	True	True
EPS8L3							1.0	9.0	9.0	False	False	True	False	False	True	False
EPSTI1							1.0	9.0	9.0	False	False	True	False	False	True	True
EPX							1.0	9.0	9.0	False	False	True	False	False	False	False
ERAL1							1.0	9.0	9.0	False	False	True	False	False	True	False
ERAP1	1.0	23.0	23.0	1.0	19.0	19.0	1.0	9.0	9.0	True	True	True	True	True	True	True
ERBB2							1.0	9.0	9.0	False	False	True	False	False	True	True
ERBB3							1.0	9.0	9.0	False	False	True	False	False	True	True
ERBB4							1.0	9.0	9.0	False	False	True	False	False	True	True
ERBIN							1.0	9.0	9.0	False	False	True	False	False	True	False
ERC1							1.0	9.0	9.0	False	False	True	False	False	True	True
ERC2							0.7778	7.0	9.0	False	False	True	False	False	True	False
ERCC1							1.0	9.0	9.0	False	False	True	False	False	True	True
ERCC2							1.0	9.0	9.0	False	False	True	False	False	True	True
ERCC3							1.0	9.0	9.0	False	False	True	False	False	True	True
ERCC4							1.0	9.0	9.0	False	False	True	False	False	True	True
ERCC5							1.0	9.0	9.0	False	False	True	False	False	True	False
ERCC6							1.0	9.0	9.0	False	False	True	False	False	True	True
ERCC6L							1.0	9.0	9.0	False	False	True	False	False	True	False
ERCC6L2							1.0	9.0	9.0	False	False	True	False	False	True	True
ERCC8							1.0	9.0	9.0	False	False	True	False	False	True	False
ERF							1.0	9.0	9.0	False	False	True	False	False	True	True
ERG							1.0	9.0	9.0	False	False	True	False	False	True	True
ERG28	0.4783	11.0	23.0				1.0	9.0	9.0	False	False	True	False	False	True	False
ERGIC1	1.0	23.0	23.0	1.0	19.0	19.0	1.0	9.0	9.0	True	True	True	True	True	True	True
ERGIC2							1.0	9.0	9.0	False	False	True	False	False	True	True
ERGIC3							1.0	9.0	9.0	False	False	True	False	False	True	True
ERH	1.0	23.0	23.0	1.0	19.0	19.0	1.0	9.0	9.0	True	True	True	True	True	True	True
ERI1							1.0	9.0	9.0	False	False	True	False	False	True	True
ERI3							1.0	9.0	9.0	False	False	True	False	False	True	True
ERICH1							1.0	9.0	9.0	False	False	True	False	False	True	True
ERICH4							1.0	9.0	9.0	False	False	True	False	False	True	True
ERICH5							0.6667	6.0	9.0	False	False	True	False	False	False	False
ERLEC1							1.0	9.0	9.0	False	False	True	False	False	True	True
ERLIN1							1.0	9.0	9.0	False	False	True	False	False	True	False
ERLIN2	1.0	23.0	23.0	1.0	19.0	19.0	1.0	9.0	9.0	True	True	True	True	True	True	True
ERMAP							1.0	9.0	9.0	False	False	True	False	False	False	False
ERMARD							0.7778	7.0	9.0	False	False	True	False	False	True	True
ERMP1				0.6842	13.0	19.0	1.0	9.0	9.0	False	True	True	False	True	True	True
ERN1							1.0	9.0	9.0	False	False	True	False	False	True	True
ERO1A	1.0	23.0	23.0	0.8421	16.0	19.0	1.0	9.0	9.0	True	True	True	True	True	True	False
ERO1B							1.0	9.0	9.0	False	False	True	False	False	True	False
ERP29	1.0	23.0	23.0	1.0	19.0	19.0	1.0	9.0	9.0	True	True	True	True	True	True	True
ERP44	1.0	23.0	23.0	1.0	19.0	19.0	1.0	9.0	9.0	True	True	True	True	True	True	True
ERRFI1							1.0	9.0	9.0	False	False	True	False	False	True	True
ESAM							1.0	9.0	9.0	False	False	True	False	False	True	True
ESCO1							1.0	9.0	9.0	False	False	True	False	False	True	True
ESD	1.0	23.0	23.0	1.0	19.0	19.0	1.0	9.0	9.0	True	True	True	True	True	True	True
ESF1							1.0	9.0	9.0	False	False	True	False	False	True	True
ESM1							1.0	9.0	9.0	False	False	True	False	False	True	False
ESPN	0.913	21.0	23.0				1.0	9.0	9.0	True	False	True	False	True	True	True
ESPNL	1.0	23.0	23.0	1.0	19.0	19.0				True	True	False	False	False	True	False
ESR1							1.0	9.0	9.0	False	False	True	False	False	True	True
ESRP1							1.0	9.0	9.0	False	False	True	False	False	True	True
ESRP2							1.0	9.0	9.0	False	False	True	False	False	True	True
ESRRA							1.0	9.0	9.0	False	False	True	False	False	True	True
ESRRB							1.0	9.0	9.0	False	False	True	False	False	True	True
ESRRG							1.0	9.0	9.0	False	False	True	False	False	True	True
ESS2							1.0	9.0	9.0	False	False	True	False	False	True	False
ESYT1	1.0	23.0	23.0	1.0	19.0	19.0	1.0	9.0	9.0	True	True	True	True	True	True	True
ESYT2	1.0	23.0	23.0	1.0	19.0	19.0	1.0	9.0	9.0	True	True	True	True	True	True	True
ETF1	1.0	23.0	23.0	1.0	19.0	19.0	1.0	9.0	9.0	True	True	True	True	True	True	True
ETFA	1.0	23.0	23.0	1.0	19.0	19.0	1.0	9.0	9.0	True	True	True	True	True	True	True
ETFB	0.9565	22.0	23.0	1.0	19.0	19.0	1.0	9.0	9.0	True	True	True	True	True	True	True
ETFDH	1.0	23.0	23.0	1.0	19.0	19.0	1.0	9.0	9.0	True	True	True	True	True	True	True
ETFRF1	0.9565	22.0	23.0	0.7895	15.0	19.0	1.0	9.0	9.0	True	True	True	True	True	True	False
ETHE1	1.0	23.0	23.0	1.0	19.0	19.0	1.0	9.0	9.0	True	True	True	True	True	True	True
ETNK1							1.0	9.0	9.0	False	False	True	False	False	True	True
ETNK2							1.0	9.0	9.0	False	False	True	False	False	True	True
ETNPPL							1.0	9.0	9.0	False	False	True	False	False	True	True
ETS1							1.0	9.0	9.0	False	False	True	False	False	True	True
ETS2							0.7778	7.0	9.0	False	False	True	False	False	True	True
ETV3							1.0	9.0	9.0	False	False	True	False	False	True	True
ETV6							1.0	9.0	9.0	False	False	True	False	False	True	True
EURL							1.0	9.0	9.0	False	False	True	False	False	False	False
EVA1A							1.0	9.0	9.0	False	False	True	False	False	True	False
EVA1B							1.0	9.0	9.0	False	False	True	False	False	True	True
EVA1C							1.0	9.0	9.0	False	False	True	False	False	True	False
EVC							1.0	9.0	9.0	False	False	True	False	False	True	True
EVC2							1.0	9.0	9.0	False	False	True	False	False	True	True
EVI2A							0.8889	8.0	9.0	False	False	True	False	False	True	False
EVI2B							0.8889	8.0	9.0	False	False	True	False	False	True	False
EVI5							1.0	9.0	9.0	False	False	True	False	False	True	True
EVI5L							1.0	9.0	9.0	False	False	True	False	False	True	True
EVL							1.0	9.0	9.0	False	False	True	False	False	True	True
EVPL							1.0	9.0	9.0	False	False	True	False	False	True	False
EWSR1	1.0	23.0	23.0	1.0	19.0	19.0	1.0	9.0	9.0	True	True	True	True	True	True	True
EXD2							1.0	9.0	9.0	False	False	True	False	False	True	True
EXO5							1.0	9.0	9.0	False	False	True	False	False	True	True
EXOC1				0.7895	15.0	19.0	1.0	9.0	9.0	False	True	True	False	True	True	True
EXOC2	0.6957	16.0	23.0				1.0	9.0	9.0	True	False	True	False	True	True	True
EXOC3	0.8696	20.0	23.0	0.8421	16.0	19.0	1.0	9.0	9.0	True	True	True	True	True	True	True
EXOC3L1							1.0	9.0	9.0	False	False	True	False	False	True	False
EXOC3L2							1.0	9.0	9.0	False	False	True	False	False	True	True
EXOC3L4							1.0	9.0	9.0	False	False	True	False	False	True	True
EXOC4	1.0	23.0	23.0	0.8421	16.0	19.0	1.0	9.0	9.0	True	True	True	True	True	True	True
EXOC5	0.5652	13.0	23.0	1.0	19.0	19.0	1.0	9.0	9.0	True	True	True	True	True	True	True
EXOC6							1.0	9.0	9.0	False	False	True	False	False	True	True
EXOC6B							1.0	9.0	9.0	False	False	True	False	False	True	True
EXOC7	1.0	23.0	23.0	0.7368	14.0	19.0	1.0	9.0	9.0	True	True	True	True	True	True	True
EXOC8	1.0	23.0	23.0	1.0	19.0	19.0	1.0	9.0	9.0	True	True	True	True	True	True	True
EXOG							1.0	9.0	9.0	False	False	True	False	False	True	False
EXOSC1							1.0	9.0	9.0	False	False	True	False	False	True	True
EXOSC10							1.0	9.0	9.0	False	False	True	False	False	True	True
EXOSC2							1.0	9.0	9.0	False	False	True	False	False	True	True
EXOSC3							1.0	9.0	9.0	False	False	True	False	False	True	True
EXOSC4							1.0	9.0	9.0	False	False	True	False	False	True	True
EXOSC5							1.0	9.0	9.0	False	False	True	False	False	True	True
EXOSC6							1.0	9.0	9.0	False	False	True	False	False	True	False
EXOSC7	1.0	23.0	23.0	1.0	19.0	19.0	1.0	9.0	9.0	True	True	True	True	True	True	True
EXOSC8							1.0	9.0	9.0	False	False	True	False	False	True	True
EXOSC9							1.0	9.0	9.0	False	False	True	False	False	True	True
EXPH5							1.0	9.0	9.0	False	False	True	False	False	True	True
EXT1							1.0	9.0	9.0	False	False	True	False	False	True	True
EXT2							1.0	9.0	9.0	False	False	True	False	False	True	True
EXTL1							0.6667	6.0	9.0	False	False	True	False	False	True	False
EXTL2							1.0	9.0	9.0	False	False	True	False	False	True	True
EXTL3							1.0	9.0	9.0	False	False	True	False	False	True	True
EYA3							1.0	9.0	9.0	False	False	True	False	False	True	True
EYA4							1.0	9.0	9.0	False	False	True	False	False	False	False
EZH1							1.0	9.0	9.0	False	False	True	False	False	True	True
EZH2							1.0	9.0	9.0	False	False	True	False	False	True	True
EZR	1.0	23.0	23.0	1.0	19.0	19.0	1.0	9.0	9.0	True	True	True	True	True	True	True
F10	1.0	23.0	23.0	1.0	19.0	19.0	1.0	9.0	9.0	True	True	True	True	True	True	False
F11							1.0	9.0	9.0	False	False	True	False	False	False	False
F11R	0.4783	11.0	23.0	0.7895	15.0	19.0	1.0	9.0	9.0	False	True	True	False	True	True	True
F12				1.0	19.0	19.0	1.0	9.0	9.0	False	True	True	False	True	False	False
F13A1	1.0	23.0	23.0	1.0	19.0	19.0	1.0	9.0	9.0	True	True	True	True	True	True	False
F13B				0.7368	14.0	19.0	1.0	9.0	9.0	False	True	True	False	True	True	True
F2	1.0	23.0	23.0	1.0	19.0	19.0	1.0	9.0	9.0	True	True	True	True	True	True	False
F2R							1.0	9.0	9.0	False	False	True	False	False	True	True
F2RL1							1.0	9.0	9.0	False	False	True	False	False	True	True
F3							1.0	9.0	9.0	False	False	True	False	False	True	True
F5							1.0	9.0	9.0	False	False	True	False	False	True	True
F7							1.0	9.0	9.0	False	False	True	False	False	True	False
F8							1.0	9.0	9.0	False	False	True	False	False	True	False
F830016B08RIK							0.8889	8.0	9.0	False	False	True	False	False	True	False
F8A1							1.0	9.0	9.0	False	False	True	False	False	False	False
F9	1.0	23.0	23.0	1.0	19.0	19.0	1.0	9.0	9.0	True	True	True	True	True	False	False
FA2H							0.8889	8.0	9.0	False	False	True	False	False	True	True
FAAH	0.9565	22.0	23.0	0.9474	18.0	19.0	1.0	9.0	9.0	True	True	True	True	True	True	True
FAAP100							1.0	9.0	9.0	False	False	True	False	False	True	False
FAAP20							1.0	9.0	9.0	False	False	True	False	False	True	False
FABP1	1.0	23.0	23.0	0.7368	14.0	19.0	1.0	9.0	9.0	True	True	True	True	True	True	True
FABP2							1.0	9.0	9.0	False	False	True	False	False	False	False
FABP3	1.0	23.0	23.0	1.0	19.0	19.0	1.0	9.0	9.0	True	True	True	True	True	True	True
FABP4	1.0	23.0	23.0	1.0	19.0	19.0	1.0	9.0	9.0	True	True	True	True	True	True	True
FABP5	1.0	23.0	23.0	1.0	19.0	19.0	1.0	9.0	9.0	True	True	True	True	True	True	True
FABP6							1.0	9.0	9.0	False	False	True	False	False	False	False
FABP7							1.0	9.0	9.0	False	False	True	False	False	True	False
FADD							1.0	9.0	9.0	False	False	True	False	False	True	True
FADS1							1.0	9.0	9.0	False	False	True	False	False	True	True
FADS2							1.0	9.0	9.0	False	False	True	False	False	True	True
FADS3							1.0	9.0	9.0	False	False	True	False	False	True	True
FADS6							1.0	9.0	9.0	False	False	True	False	False	True	True
FAF1							1.0	9.0	9.0	False	False	True	False	False	True	True
FAF2	1.0	23.0	23.0	1.0	19.0	19.0	1.0	9.0	9.0	True	True	True	True	True	True	True
FAH	1.0	23.0	23.0	0.4211	8.0	19.0	1.0	9.0	9.0	True	False	True	False	True	True	True
FAHD1	1.0	23.0	23.0	1.0	19.0	19.0	1.0	9.0	9.0	True	True	True	True	True	True	True
FAHD2A	1.0	23.0	23.0	1.0	19.0	19.0	1.0	9.0	9.0	True	True	True	True	True	True	True
FAIM							1.0	9.0	9.0	False	False	True	False	False	True	True
FAM107A							1.0	9.0	9.0	False	False	True	False	False	True	True
FAM107B	1.0	23.0	23.0	0.8421	16.0	19.0	1.0	9.0	9.0	True	True	True	True	True	True	True
FAM110A							1.0	9.0	9.0	False	False	True	False	False	True	True
FAM110B							1.0	9.0	9.0	False	False	True	False	False	True	False
FAM110C							1.0	9.0	9.0	False	False	True	False	False	True	True
FAM110D							0.8889	8.0	9.0	False	False	True	False	False	True	False
FAM111A							0.5556	5.0	9.0	False	False	True	False	False	True	False
FAM114A1				1.0	19.0	19.0	1.0	9.0	9.0	False	True	True	False	True	True	True
FAM114A2	1.0	23.0	23.0	1.0	19.0	19.0	1.0	9.0	9.0	True	True	True	True	True	True	True
FAM117A							1.0	9.0	9.0	False	False	True	False	False	True	True
FAM117B							1.0	9.0	9.0	False	False	True	False	False	True	True
FAM118A							1.0	9.0	9.0	False	False	True	False	False	True	True
FAM118B							1.0	9.0	9.0	False	False	True	False	False	True	True
FAM120A	1.0	23.0	23.0	1.0	19.0	19.0	1.0	9.0	9.0	True	True	True	True	True	True	True
FAM120B							1.0	9.0	9.0	False	False	True	False	False	True	True
FAM120C							1.0	9.0	9.0	False	False	True	False	False	True	True
FAM124A							1.0	9.0	9.0	False	False	True	False	False	True	True
FAM133B							1.0	9.0	9.0	False	False	True	False	False	True	True
FAM135A							1.0	9.0	9.0	False	False	True	False	False	True	True
FAM135B							0.7778	7.0	9.0	False	False	True	False	False	False	False
FAM136A	1.0	23.0	23.0	1.0	19.0	19.0	1.0	9.0	9.0	True	True	True	True	True	True	True
FAM13A							1.0	9.0	9.0	False	False	True	False	False	True	True
FAM13B							1.0	9.0	9.0	False	False	True	False	False	True	True
FAM13C							1.0	9.0	9.0	False	False	True	False	False	True	False
FAM149B1							1.0	9.0	9.0	False	False	True	False	False	True	True
FAM151A	1.0	23.0	23.0	1.0	19.0	19.0	1.0	9.0	9.0	True	True	True	True	True	True	True
FAM151B							1.0	9.0	9.0	False	False	True	False	False	True	True
FAM161B	1.0	23.0	23.0							True	False	False	False	False	True	False
FAM162A	1.0	23.0	23.0	1.0	19.0	19.0	1.0	9.0	9.0	True	True	True	True	True	True	True
FAM167A							0.6667	6.0	9.0	False	False	True	False	False	True	False
FAM167B							1.0	9.0	9.0	False	False	True	False	False	True	True
FAM168A							1.0	9.0	9.0	False	False	True	False	False	True	True
FAM169A	1.0	23.0	23.0				1.0	9.0	9.0	True	False	True	False	True	True	False
FAM169B							1.0	9.0	9.0	False	False	True	False	False	True	False
FAM171A1							1.0	9.0	9.0	False	False	True	False	False	True	True
FAM171A2							1.0	9.0	9.0	False	False	True	False	False	True	True
FAM174A							1.0	9.0	9.0	False	False	True	False	False	True	True
FAM174B							1.0	9.0	9.0	False	False	True	False	False	True	False
FAM177A1							1.0	9.0	9.0	False	False	True	False	False	True	False
FAM184A							1.0	9.0	9.0	False	False	True	False	False	True	True
FAM185A	1.0	23.0	23.0				1.0	9.0	9.0	True	False	True	False	True	True	True
FAM193A							1.0	9.0	9.0	False	False	True	False	False	True	True
FAM193B							1.0	9.0	9.0	False	False	True	False	False	True	True
FAM199X							0.6667	6.0	9.0	False	False	True	False	False	True	True
FAM204A							1.0	9.0	9.0	False	False	True	False	False	True	True
FAM20A							1.0	9.0	9.0	False	False	True	False	False	True	True
FAM20B							1.0	9.0	9.0	False	False	True	False	False	True	True
FAM20C							1.0	9.0	9.0	False	False	True	False	False	True	True
FAM210A							1.0	9.0	9.0	False	False	True	False	False	True	True
FAM210B							1.0	9.0	9.0	False	False	True	False	False	True	True
FAM219A							1.0	9.0	9.0	False	False	True	False	False	True	True
FAM219B							1.0	9.0	9.0	False	False	True	False	False	True	False
FAM221A							1.0	9.0	9.0	False	False	True	False	False	True	False
FAM222B							0.7778	7.0	9.0	False	False	True	False	False	True	True
FAM234A							1.0	9.0	9.0	False	False	True	False	False	True	False
FAM234B							1.0	9.0	9.0	False	False	True	False	False	True	False
FAM236D							0.8889	8.0	9.0	False	False	True	False	False	False	False
FAM241A							1.0	9.0	9.0	False	False	True	False	False	True	False
FAM241B							0.3333	3.0	9.0	False	False	False	False	False	True	False
FAM25A							0.8889	8.0	9.0	False	False	True	False	False	False	False
FAM32A							1.0	9.0	9.0	False	False	True	False	False	True	True
FAM3A							1.0	9.0	9.0	False	False	True	False	False	True	True
FAM3B							0.7778	7.0	9.0	False	False	True	False	False	False	False
FAM3C	1.0	23.0	23.0	0.6316	12.0	19.0	1.0	9.0	9.0	True	True	True	True	True	True	True
FAM3D							0.8889	8.0	9.0	False	False	True	False	False	False	False
FAM43A							1.0	9.0	9.0	False	False	True	False	False	True	True
FAM50A							1.0	9.0	9.0	False	False	True	False	False	True	True
FAM53B							1.0	9.0	9.0	False	False	True	False	False	True	True
FAM53C							1.0	9.0	9.0	False	False	True	False	False	True	True
FAM76A							1.0	9.0	9.0	False	False	True	False	False	True	True
FAM76B							1.0	9.0	9.0	False	False	True	False	False	True	True
FAM83B							1.0	9.0	9.0	False	False	True	False	False	True	False
FAM83F							1.0	9.0	9.0	False	False	True	False	False	True	False
FAM83G							1.0	9.0	9.0	False	False	True	False	False	True	True
FAM83H							1.0	9.0	9.0	False	False	True	False	False	True	True
FAM89B							1.0	9.0	9.0	False	False	True	False	False	True	False
FAM8A1							1.0	9.0	9.0	False	False	True	False	False	True	False
FAM91A1	0.7391	17.0	23.0				1.0	9.0	9.0	True	False	True	False	True	True	False
FAM98A							1.0	9.0	9.0	False	False	True	False	False	True	True
FAM98B	1.0	23.0	23.0	1.0	19.0	19.0	1.0	9.0	9.0	True	True	True	True	True	True	True
FAM98C							1.0	9.0	9.0	False	False	True	False	False	True	True
FAN1							1.0	9.0	9.0	False	False	True	False	False	True	True
FANCA							1.0	9.0	9.0	False	False	True	False	False	True	False
FANCB							0.6667	6.0	9.0	False	False	True	False	False	True	False
FANCC							0.7778	7.0	9.0	False	False	True	False	False	True	True
FANCE							0.6667	6.0	9.0	False	False	True	False	False	True	True
FANCG							0.6667	6.0	9.0	False	False	True	False	False	True	True
FANCI							0.7778	7.0	9.0	False	False	True	False	False	True	False
FANCL							0.3333	3.0	9.0	False	False	False	False	False	True	True
FAP							1.0	9.0	9.0	False	False	True	False	False	True	False
FAR1							1.0	9.0	9.0	False	False	True	False	False	True	True
FARP1	1.0	23.0	23.0	1.0	19.0	19.0	1.0	9.0	9.0	True	True	True	True	True	True	True
FARP2							1.0	9.0	9.0	False	False	True	False	False	True	True
FARS2							1.0	9.0	9.0	False	False	True	False	False	True	True
FARSA	1.0	23.0	23.0	1.0	19.0	19.0	1.0	9.0	9.0	True	True	True	True	True	True	True
FARSB	1.0	23.0	23.0	1.0	19.0	19.0	1.0	9.0	9.0	True	True	True	True	True	True	True
FAS							1.0	9.0	9.0	False	False	True	False	False	True	True
FASN	0.9565	22.0	23.0	0.9474	18.0	19.0	1.0	9.0	9.0	True	True	True	True	True	True	True
FASTK							1.0	9.0	9.0	False	False	True	False	False	True	True
FASTKD1							1.0	9.0	9.0	False	False	True	False	False	True	True
FASTKD2							1.0	9.0	9.0	False	False	True	False	False	True	True
FASTKD3							1.0	9.0	9.0	False	False	True	False	False	True	True
FASTKD5							1.0	9.0	9.0	False	False	True	False	False	True	True
FAT1							1.0	9.0	9.0	False	False	True	False	False	True	True
FAT4							1.0	9.0	9.0	False	False	True	False	False	True	False
FAU							1.0	9.0	9.0	False	False	True	False	False	True	True
FAXDC2	0.7391	17.0	23.0							True	False	False	False	False	True	False
FBF1							1.0	9.0	9.0	False	False	True	False	False	True	True
FBH1							1.0	9.0	9.0	False	False	True	False	False	True	False
FBL	1.0	23.0	23.0	1.0	19.0	19.0	1.0	9.0	9.0	True	True	True	True	True	True	True
FBLIM1	1.0	23.0	23.0	1.0	19.0	19.0	1.0	9.0	9.0	True	True	True	True	True	True	True
FBLN1	1.0	23.0	23.0	1.0	19.0	19.0	1.0	9.0	9.0	True	True	True	True	True	True	True
FBLN2	0.7826	18.0	23.0				1.0	9.0	9.0	True	False	True	False	True	True	True
FBLN5	1.0	23.0	23.0	1.0	19.0	19.0	1.0	9.0	9.0	True	True	True	True	True	True	True
FBLN7							1.0	9.0	9.0	False	False	True	False	False	True	True
FBN1				1.0	19.0	19.0	1.0	9.0	9.0	False	True	True	False	True	True	True
FBN2							1.0	9.0	9.0	False	False	True	False	False	True	False
FBP1	0.9565	22.0	23.0	1.0	19.0	19.0	1.0	9.0	9.0	True	True	True	True	True	True	True
FBP2	0.9565	22.0	23.0	0.9474	18.0	19.0	1.0	9.0	9.0	True	True	True	True	True	True	True
FBRS							1.0	9.0	9.0	False	False	True	False	False	True	True
FBRSL1							1.0	9.0	9.0	False	False	True	False	False	True	True
FBXL12							0.7778	7.0	9.0	False	False	True	False	False	True	True
FBXL14							1.0	9.0	9.0	False	False	True	False	False	True	True
FBXL15							1.0	9.0	9.0	False	False	True	False	False	True	True
FBXL16							0.6667	6.0	9.0	False	False	True	False	False	True	False
FBXL17							1.0	9.0	9.0	False	False	True	False	False	True	True
FBXL18							1.0	9.0	9.0	False	False	True	False	False	True	True
FBXL19							1.0	9.0	9.0	False	False	True	False	False	True	True
FBXL2							0.7778	7.0	9.0	False	False	True	False	False	True	True
FBXL20							1.0	9.0	9.0	False	False	True	False	False	True	True
FBXL3							1.0	9.0	9.0	False	False	True	False	False	True	True
FBXL4							1.0	9.0	9.0	False	False	True	False	False	True	True
FBXL6							1.0	9.0	9.0	False	False	True	False	False	True	True
FBXL7							1.0	9.0	9.0	False	False	True	False	False	True	False
FBXL8							1.0	9.0	9.0	False	False	True	False	False	True	True
FBXL9							1.0	9.0	9.0	False	False	True	False	False	False	False
FBXO10							1.0	9.0	9.0	False	False	True	False	False	True	True
FBXO11							1.0	9.0	9.0	False	False	True	False	False	True	True
FBXO2	1.0	23.0	23.0	1.0	19.0	19.0	1.0	9.0	9.0	True	True	True	True	True	True	False
FBXO21							1.0	9.0	9.0	False	False	True	False	False	True	True
FBXO22	1.0	23.0	23.0	0.6842	13.0	19.0	1.0	9.0	9.0	True	True	True	True	True	True	True
FBXO25							1.0	9.0	9.0	False	False	True	False	False	True	True
FBXO28							1.0	9.0	9.0	False	False	True	False	False	True	True
FBXO3							1.0	9.0	9.0	False	False	True	False	False	True	True
FBXO30							1.0	9.0	9.0	False	False	True	False	False	True	True
FBXO31							1.0	9.0	9.0	False	False	True	False	False	True	True
FBXO33							1.0	9.0	9.0	False	False	True	False	False	True	True
FBXO34							0.8889	8.0	9.0	False	False	True	False	False	True	True
FBXO36							1.0	9.0	9.0	False	False	True	False	False	True	True
FBXO38							1.0	9.0	9.0	False	False	True	False	False	True	True
FBXO4	1.0	23.0	23.0	0.9474	18.0	19.0	1.0	9.0	9.0	True	True	True	True	True	True	True
FBXO40							1.0	9.0	9.0	False	False	True	False	False	True	False
FBXO42							1.0	9.0	9.0	False	False	True	False	False	True	True
FBXO44							1.0	9.0	9.0	False	False	True	False	False	True	True
FBXO45							1.0	9.0	9.0	False	False	True	False	False	True	True
FBXO46							1.0	9.0	9.0	False	False	True	False	False	True	True
FBXO6	1.0	23.0	23.0	1.0	19.0	19.0	1.0	9.0	9.0	True	True	True	True	True	True	True
FBXO7							1.0	9.0	9.0	False	False	True	False	False	True	True
FBXO8							0.8889	8.0	9.0	False	False	True	False	False	True	True
FBXO9							1.0	9.0	9.0	False	False	True	False	False	True	True
FBXW11							1.0	9.0	9.0	False	False	True	False	False	True	True
FBXW17							1.0	9.0	9.0	False	False	True	False	False	True	False
FBXW2							1.0	9.0	9.0	False	False	True	False	False	True	True
FBXW4							0.8889	8.0	9.0	False	False	True	False	False	True	True
FBXW5							1.0	9.0	9.0	False	False	True	False	False	True	True
FBXW7							1.0	9.0	9.0	False	False	True	False	False	True	True
FBXW8							1.0	9.0	9.0	False	False	True	False	False	True	True
FBXW9							1.0	9.0	9.0	False	False	True	False	False	True	True
FCER1G							1.0	9.0	9.0	False	False	True	False	False	True	True
FCER2							0.6667	6.0	9.0	False	False	True	False	False	True	False
FCF1							1.0	9.0	9.0	False	False	True	False	False	True	True
FCGBP							1.0	9.0	9.0	False	False	True	False	False	True	False
FCGR1A							1.0	9.0	9.0	False	False	True	False	False	True	True
FCGR2							1.0	9.0	9.0	False	False	True	False	False	False	False
FCGR3							0.8889	8.0	9.0	False	False	True	False	False	True	False
FCGR3A				0.5789	11.0	19.0				False	True	False	False	False	True	False
FCGR4							1.0	9.0	9.0	False	False	True	False	False	True	False
FCGRT	1.0	23.0	23.0	1.0	19.0	19.0	1.0	9.0	9.0	True	True	True	True	True	True	True
FCHO1							0.7778	7.0	9.0	False	False	True	False	False	True	False
FCHO2	1.0	23.0	23.0	0.8421	16.0	19.0	1.0	9.0	9.0	True	True	True	True	True	True	True
FCHSD1							1.0	9.0	9.0	False	False	True	False	False	True	True
FCHSD2							1.0	9.0	9.0	False	False	True	False	False	True	True
FCN1							1.0	9.0	9.0	False	False	True	False	False	False	False
FCN2							0.3333	3.0	9.0	False	False	False	False	False	False	False
FCRL2							0.7778	7.0	9.0	False	False	True	False	False	True	False
FCRLA							0.7778	7.0	9.0	False	False	True	False	False	True	False
FCSK	1.0	23.0	23.0	1.0	19.0	19.0	1.0	9.0	9.0	True	True	True	True	True	True	False
FDFT1							1.0	9.0	9.0	False	False	True	False	False	True	True
FDPS	1.0	23.0	23.0	1.0	19.0	19.0	1.0	9.0	9.0	True	True	True	True	True	True	True
FDX1	1.0	23.0	23.0				1.0	9.0	9.0	True	False	True	False	True	True	True
FDX2							1.0	9.0	9.0	False	False	True	False	False	True	False
FDXACB1							1.0	9.0	9.0	False	False	True	False	False	True	False
FDXR	1.0	23.0	23.0	0.8421	16.0	19.0	1.0	9.0	9.0	True	True	True	True	True	True	True
FECH							1.0	9.0	9.0	False	False	True	False	False	True	True
FEM1AA							1.0	9.0	9.0	False	False	True	False	False	False	False
FEM1B							1.0	9.0	9.0	False	False	True	False	False	True	True
FEM1C							1.0	9.0	9.0	False	False	True	False	False	True	True
FEN1							1.0	9.0	9.0	False	False	True	False	False	True	False
FER							1.0	9.0	9.0	False	False	True	False	False	True	True
FERMT1							1.0	9.0	9.0	False	False	True	False	False	True	True
FERMT2	1.0	23.0	23.0	1.0	19.0	19.0	1.0	9.0	9.0	True	True	True	True	True	True	True
FERMT3	1.0	23.0	23.0	0.6842	13.0	19.0	1.0	9.0	9.0	True	True	True	True	True	True	True
FERRY3							1.0	9.0	9.0	False	False	True	False	False	True	False
FES							1.0	9.0	9.0	False	False	True	False	False	True	True
FETUB	1.0	23.0	23.0	1.0	19.0	19.0	1.0	9.0	9.0	True	True	True	True	True	True	False
FEZ2							1.0	9.0	9.0	False	False	True	False	False	True	True
FGA	1.0	23.0	23.0	1.0	19.0	19.0	1.0	9.0	9.0	True	True	True	True	True	True	False
FGB	1.0	23.0	23.0	1.0	19.0	19.0	1.0	9.0	9.0	True	True	True	True	True	True	False
FGD1							1.0	9.0	9.0	False	False	True	False	False	True	True
FGD2							1.0	9.0	9.0	False	False	True	False	False	True	True
FGD3							1.0	9.0	9.0	False	False	True	False	False	True	True
FGD4	1.0	23.0	23.0	1.0	19.0	19.0	1.0	9.0	9.0	True	True	True	True	True	True	True
FGD5							1.0	9.0	9.0	False	False	True	False	False	True	True
FGD6							1.0	9.0	9.0	False	False	True	False	False	True	True
FGF1							1.0	9.0	9.0	False	False	True	False	False	True	True
FGF2							1.0	9.0	9.0	False	False	True	False	False	True	False
FGF23							0.7778	7.0	9.0	False	False	True	False	False	False	False
FGF5							1.0	9.0	9.0	False	False	True	False	False	False	False
FGFBP1							0.5556	5.0	9.0	False	False	True	False	False	True	False
FGFR1							1.0	9.0	9.0	False	False	True	False	False	True	True
FGFR1OP2							1.0	9.0	9.0	False	False	True	False	False	True	True
FGFR2							1.0	9.0	9.0	False	False	True	False	False	True	True
FGFR3							1.0	9.0	9.0	False	False	True	False	False	True	True
FGFR4							1.0	9.0	9.0	False	False	True	False	False	True	True
FGFRL1							1.0	9.0	9.0	False	False	True	False	False	True	True
FGG	1.0	23.0	23.0	0.9474	18.0	19.0	1.0	9.0	9.0	True	True	True	True	True	True	True
FGGY							1.0	9.0	9.0	False	False	True	False	False	True	True
FGL1							1.0	9.0	9.0	False	False	True	False	False	True	False
FGL2	0.5652	13.0	23.0	0.8421	16.0	19.0	1.0	9.0	9.0	True	True	True	True	True	True	True
FGR							1.0	9.0	9.0	False	False	True	False	False	True	False
FH	0.9565	22.0	23.0	0.9474	18.0	19.0	1.0	9.0	9.0	True	True	True	True	True	True	True
FHIP1A							1.0	9.0	9.0	False	False	True	False	False	True	False
FHIP1B							1.0	9.0	9.0	False	False	True	False	False	True	False
FHIP2A							1.0	9.0	9.0	False	False	True	False	False	True	False
FHIP2B							1.0	9.0	9.0	False	False	True	False	False	True	False
FHIT	1.0	23.0	23.0				1.0	9.0	9.0	True	False	True	False	True	True	True
FHL1	1.0	23.0	23.0	1.0	19.0	19.0	1.0	9.0	9.0	True	True	True	True	True	True	True
FHL2	1.0	23.0	23.0	1.0	19.0	19.0	1.0	9.0	9.0	True	True	True	True	True	True	True
FHL3				1.0	19.0	19.0	1.0	9.0	9.0	False	True	True	False	True	True	True
FHL5	0.3913	9.0	23.0				1.0	9.0	9.0	False	False	True	False	False	True	False
FHOD1							1.0	9.0	9.0	False	False	True	False	False	True	False
FHOD3							1.0	9.0	9.0	False	False	True	False	False	True	True
FIBP							1.0	9.0	9.0	False	False	True	False	False	True	True
FICD							1.0	9.0	9.0	False	False	True	False	False	True	True
FIG4							1.0	9.0	9.0	False	False	True	False	False	True	True
FIGN							1.0	9.0	9.0	False	False	True	False	False	True	False
FIGNL1							0.2222	2.0	9.0	False	False	False	False	False	True	False
FIGNL2							1.0	9.0	9.0	False	False	True	False	False	True	True
FILIP1							1.0	9.0	9.0	False	False	True	False	False	True	False
FILIP1L							1.0	9.0	9.0	False	False	True	False	False	True	True
FIP1L1							1.0	9.0	9.0	False	False	True	False	False	True	True
FIS1	1.0	23.0	23.0	1.0	19.0	19.0	1.0	9.0	9.0	True	True	True	True	True	True	True
FITM1							0.3333	3.0	9.0	False	False	False	False	False	True	False
FITM2							1.0	9.0	9.0	False	False	True	False	False	True	True
FIZ1							1.0	9.0	9.0	False	False	True	False	False	True	True
FKBP10							1.0	9.0	9.0	False	False	True	False	False	True	True
FKBP11	1.0	23.0	23.0	0.8421	16.0	19.0	1.0	9.0	9.0	True	True	True	True	True	True	True
FKBP14							1.0	9.0	9.0	False	False	True	False	False	True	True
FKBP15	0.7391	17.0	23.0				1.0	9.0	9.0	True	False	True	False	True	True	True
FKBP1A	1.0	23.0	23.0	1.0	19.0	19.0	1.0	9.0	9.0	True	True	True	True	True	True	True
FKBP1B							1.0	9.0	9.0	False	False	True	False	False	True	False
FKBP2	1.0	23.0	23.0	1.0	19.0	19.0	1.0	9.0	9.0	True	True	True	True	True	True	True
FKBP3	1.0	23.0	23.0	1.0	19.0	19.0	1.0	9.0	9.0	True	True	True	True	True	True	True
FKBP4	1.0	23.0	23.0	1.0	19.0	19.0	1.0	9.0	9.0	True	True	True	True	True	True	True
FKBP5	1.0	23.0	23.0	1.0	19.0	19.0	1.0	9.0	9.0	True	True	True	True	True	True	True
FKBP7							1.0	9.0	9.0	False	False	True	False	False	True	True
FKBP8	1.0	23.0	23.0				1.0	9.0	9.0	True	False	True	False	True	True	True
FKBP9	0.7391	17.0	23.0	1.0	19.0	19.0	1.0	9.0	9.0	True	True	True	True	True	True	True
FKBPL							1.0	9.0	9.0	False	False	True	False	False	True	True
FKRP							1.0	9.0	9.0	False	False	True	False	False	True	True
FKTN							1.0	9.0	9.0	False	False	True	False	False	True	True
FLAD1	1.0	23.0	23.0	0.8421	16.0	19.0	1.0	9.0	9.0	True	True	True	True	True	True	True
FLAI-K	1.0	23.0	23.0	0.6316	12.0	19.0				True	True	False	False	False	True	False
FLCN							1.0	9.0	9.0	False	False	True	False	False	True	True
FLI1							1.0	9.0	9.0	False	False	True	False	False	True	True
FLII	1.0	23.0	23.0	1.0	19.0	19.0	1.0	9.0	9.0	True	True	True	True	True	True	True
FLNA	1.0	23.0	23.0	1.0	19.0	19.0	1.0	9.0	9.0	True	True	True	True	True	True	True
FLNB	1.0	23.0	23.0	1.0	19.0	19.0	1.0	9.0	9.0	True	True	True	True	True	True	True
FLNC	1.0	23.0	23.0	0.9474	18.0	19.0	1.0	9.0	9.0	True	True	True	True	True	True	False
FLOT1	1.0	23.0	23.0	0.9474	18.0	19.0	1.0	9.0	9.0	True	True	True	True	True	True	True
FLOT2	1.0	23.0	23.0	1.0	19.0	19.0	1.0	9.0	9.0	True	True	True	True	True	True	True
FLRT1							1.0	9.0	9.0	False	False	True	False	False	True	True
FLRT2							1.0	9.0	9.0	False	False	True	False	False	True	False
FLRT3							1.0	9.0	9.0	False	False	True	False	False	True	False
FLT1							1.0	9.0	9.0	False	False	True	False	False	True	True
FLT4							1.0	9.0	9.0	False	False	True	False	False	True	True
FLVCR1							1.0	9.0	9.0	False	False	True	False	False	True	False
FLVCR2							1.0	9.0	9.0	False	False	True	False	False	True	False
FLYWCH1							1.0	9.0	9.0	False	False	True	False	False	True	True
FLYWCH2							1.0	9.0	9.0	False	False	True	False	False	True	True
FMC1							1.0	9.0	9.0	False	False	True	False	False	True	False
FMN1							1.0	9.0	9.0	False	False	True	False	False	True	True
FMNL1							1.0	9.0	9.0	False	False	True	False	False	True	True
FMNL2	1.0	23.0	23.0				1.0	9.0	9.0	True	False	True	False	True	True	True
FMNL3				0.7895	15.0	19.0	1.0	9.0	9.0	False	True	True	False	True	True	True
FMO1	1.0	23.0	23.0	1.0	19.0	19.0	1.0	9.0	9.0	True	True	True	True	True	True	True
FMO2							1.0	9.0	9.0	False	False	True	False	False	True	True
FMO3							0.6667	6.0	9.0	False	False	True	False	False	False	False
FMO4							1.0	9.0	9.0	False	False	True	False	False	True	True
FMO5	0.9565	22.0	23.0				1.0	9.0	9.0	True	False	True	False	True	True	True
FMOD	0.6087	14.0	23.0	0.5263	10.0	19.0	1.0	9.0	9.0	True	True	True	True	True	True	True
FMR1	1.0	23.0	23.0	1.0	19.0	19.0	1.0	9.0	9.0	True	True	True	True	True	True	True
FN1	1.0	23.0	23.0	1.0	19.0	19.0	1.0	9.0	9.0	True	True	True	True	True	True	True
FN3K				0.7368	14.0	19.0	1.0	9.0	9.0	False	True	True	False	True	True	True
FN3KRP	0.7391	17.0	23.0	1.0	19.0	19.0	1.0	9.0	9.0	True	True	True	True	True	True	True
FNBP1							1.0	9.0	9.0	False	False	True	False	False	True	True
FNBP1L	1.0	23.0	23.0				1.0	9.0	9.0	True	False	True	False	True	True	True
FNBP4							1.0	9.0	9.0	False	False	True	False	False	True	True
FNDC1							0.5556	5.0	9.0	False	False	True	False	False	True	False
FNDC10							0.1111	1.0	9.0	False	False	False	False	False	True	False
FNDC3A	0.8696	20.0	23.0				1.0	9.0	9.0	True	False	True	False	True	True	True
FNDC3B							1.0	9.0	9.0	False	False	True	False	False	True	True
FNDC5	1.0	23.0	23.0	1.0	19.0	19.0				True	True	False	False	False	True	False
FNIP1							1.0	9.0	9.0	False	False	True	False	False	True	True
FNIP2							1.0	9.0	9.0	False	False	True	False	False	True	True
FNTA	1.0	23.0	23.0	1.0	19.0	19.0	1.0	9.0	9.0	True	True	True	True	True	True	True
FNTB							1.0	9.0	9.0	False	False	True	False	False	True	True
FOCAD							1.0	9.0	9.0	False	False	True	False	False	True	False
FOLH1	1.0	23.0	23.0				1.0	9.0	9.0	True	False	True	False	True	True	False
FOLR1	1.0	23.0	23.0				1.0	9.0	9.0	True	False	True	False	True	True	True
FOLR2							0.8889	8.0	9.0	False	False	True	False	False	True	False
FOSB							0.7778	7.0	9.0	False	False	True	False	False	True	False
FOSL1							0.5556	5.0	9.0	False	False	True	False	False	True	True
FOSL2							1.0	9.0	9.0	False	False	True	False	False	True	True
FOXC1							1.0	9.0	9.0	False	False	True	False	False	True	True
FOXC2							1.0	9.0	9.0	False	False	True	False	False	True	True
FOXD2							0.7778	7.0	9.0	False	False	True	False	False	True	False
FOXE3							0.1111	1.0	9.0	False	False	False	False	False	False	False
FOXH1							0.1111	1.0	9.0	False	False	False	False	False	False	False
FOXI1							1.0	9.0	9.0	False	False	True	False	False	True	True
FOXJ2							1.0	9.0	9.0	False	False	True	False	False	True	True
FOXJ3							1.0	9.0	9.0	False	False	True	False	False	True	True
FOXK1							1.0	9.0	9.0	False	False	True	False	False	True	True
FOXK2							1.0	9.0	9.0	False	False	True	False	False	True	True
FOXN2							0.7778	7.0	9.0	False	False	True	False	False	True	True
FOXN3							1.0	9.0	9.0	False	False	True	False	False	True	True
FOXO1							1.0	9.0	9.0	False	False	True	False	False	True	True
FOXO3							1.0	9.0	9.0	False	False	True	False	False	True	True
FOXO4							1.0	9.0	9.0	False	False	True	False	False	True	True
FOXP1							1.0	9.0	9.0	False	False	True	False	False	True	True
FOXP4							1.0	9.0	9.0	False	False	True	False	False	True	True
FOXQ1							0.5556	5.0	9.0	False	False	True	False	False	True	True
FOXRED1	1.0	23.0	23.0	0.8421	16.0	19.0	1.0	9.0	9.0	True	True	True	True	True	True	True
FOXRED2							1.0	9.0	9.0	False	False	True	False	False	True	True
FOXS1							1.0	9.0	9.0	False	False	True	False	False	True	True
FPGS							1.0	9.0	9.0	False	False	True	False	False	True	True
FPGT							1.0	9.0	9.0	False	False	True	False	False	True	True
FPR1							0.6667	6.0	9.0	False	False	True	False	False	True	False
FRA10AC1							1.0	9.0	9.0	False	False	True	False	False	True	True
FRAS1							1.0	9.0	9.0	False	False	True	False	False	True	True
FRAT1							0.5556	5.0	9.0	False	False	True	False	False	True	False
FREM1							1.0	9.0	9.0	False	False	True	False	False	True	False
FREM2							1.0	9.0	9.0	False	False	True	False	False	True	False
FRG1							1.0	9.0	9.0	False	False	True	False	False	True	True
FRK							1.0	9.0	9.0	False	False	True	False	False	True	True
FRMD4A							1.0	9.0	9.0	False	False	True	False	False	True	False
FRMD4B							1.0	9.0	9.0	False	False	True	False	False	True	True
FRMD6							1.0	9.0	9.0	False	False	True	False	False	True	True
FRMD8							1.0	9.0	9.0	False	False	True	False	False	True	True
FRRS1							1.0	9.0	9.0	False	False	True	False	False	True	True
FRS2							1.0	9.0	9.0	False	False	True	False	False	True	True
FRS3							0.4444	4.0	9.0	False	False	False	False	False	True	True
FRY							1.0	9.0	9.0	False	False	True	False	False	True	False
FRYL							1.0	9.0	9.0	False	False	True	False	False	True	True
FRZB							1.0	9.0	9.0	False	False	True	False	False	True	True
FSAF1							1.0	9.0	9.0	False	False	True	False	False	False	False
FSBP							0.2222	2.0	9.0	False	False	False	False	False	False	False
FSCN1	1.0	23.0	23.0	1.0	19.0	19.0	1.0	9.0	9.0	True	True	True	True	True	True	True
FSD1L							1.0	9.0	9.0	False	False	True	False	False	True	False
FST							1.0	9.0	9.0	False	False	True	False	False	True	True
FSTL1							1.0	9.0	9.0	False	False	True	False	False	True	True
FSTL3							0.8889	8.0	9.0	False	False	True	False	False	True	True
FTCD	0.7391	17.0	23.0				1.0	9.0	9.0	True	False	True	False	True	True	False
FTH1							1.0	9.0	9.0	False	False	True	False	False	True	True
FTL				0.6316	12.0	19.0				False	True	False	False	False	True	False
FTL1							1.0	9.0	9.0	False	False	True	False	False	True	False
FTO	0.6957	16.0	23.0				1.0	9.0	9.0	True	False	True	False	True	True	True
FTSJ1							1.0	9.0	9.0	False	False	True	False	False	True	True
FTSJ3							1.0	9.0	9.0	False	False	True	False	False	True	True
FUBP1	1.0	23.0	23.0	1.0	19.0	19.0	1.0	9.0	9.0	True	True	True	True	True	True	True
FUBP3	0.6957	16.0	23.0	1.0	19.0	19.0	1.0	9.0	9.0	True	True	True	True	True	True	True
FUCA1	1.0	23.0	23.0	1.0	19.0	19.0	1.0	9.0	9.0	True	True	True	True	True	True	True
FUCA2	0.8696	20.0	23.0				1.0	9.0	9.0	True	False	True	False	True	True	True
FUNDC1							1.0	9.0	9.0	False	False	True	False	False	True	True
FUNDC2	1.0	23.0	23.0	0.8947	17.0	19.0	1.0	9.0	9.0	True	True	True	True	True	True	True
FUOM	1.0	23.0	23.0	0.8947	17.0	19.0	1.0	9.0	9.0	True	True	True	True	True	True	True
FURIN							1.0	9.0	9.0	False	False	True	False	False	True	True
FUS	1.0	23.0	23.0	1.0	19.0	19.0	1.0	9.0	9.0	True	True	True	True	True	True	True
FUT11							1.0	9.0	9.0	False	False	True	False	False	True	False
FUT4							0.8889	8.0	9.0	False	False	True	False	False	True	False
FUT8							1.0	9.0	9.0	False	False	True	False	False	True	True
FUT9							1.0	9.0	9.0	False	False	True	False	False	True	False
FUZ							1.0	9.0	9.0	False	False	True	False	False	True	True
FV1							1.0	9.0	9.0	False	False	True	False	False	True	False
FV4							1.0	9.0	9.0	False	False	True	False	False	False	False
FXN	1.0	23.0	23.0	0.8421	16.0	19.0	1.0	9.0	9.0	True	True	True	True	True	True	True
FXR1	1.0	23.0	23.0				1.0	9.0	9.0	True	False	True	False	True	True	True
FXR2							1.0	9.0	9.0	False	False	True	False	False	True	True
FXYD1							1.0	9.0	9.0	False	False	True	False	False	True	True
FXYD2	1.0	23.0	23.0				1.0	9.0	9.0	True	False	True	False	True	True	True
FXYD4							1.0	9.0	9.0	False	False	True	False	False	True	False
FXYD5							1.0	9.0	9.0	False	False	True	False	False	True	True
FXYD6							0.8889	8.0	9.0	False	False	True	False	False	True	False
FYB1							1.0	9.0	9.0	False	False	True	False	False	True	False
FYB2							1.0	9.0	9.0	False	False	True	False	False	True	False
FYCO1				0.6316	12.0	19.0	1.0	9.0	9.0	False	True	True	False	True	True	True
FYN							1.0	9.0	9.0	False	False	True	False	False	True	True
FYTTD1							1.0	9.0	9.0	False	False	True	False	False	True	True
FZD1							1.0	9.0	9.0	False	False	True	False	False	True	True
FZD2							1.0	9.0	9.0	False	False	True	False	False	True	True
FZD3							1.0	9.0	9.0	False	False	True	False	False	True	False
FZD4							1.0	9.0	9.0	False	False	True	False	False	True	True
FZD5							1.0	9.0	9.0	False	False	True	False	False	True	True
FZD6							1.0	9.0	9.0	False	False	True	False	False	True	True
FZD7							1.0	9.0	9.0	False	False	True	False	False	True	True
FZD8							1.0	9.0	9.0	False	False	True	False	False	True	True
FZR1							1.0	9.0	9.0	False	False	True	False	False	True	True
G3BP1	0.7391	17.0	23.0	1.0	19.0	19.0	1.0	9.0	9.0	True	True	True	True	True	True	True
G3BP2	0.8696	20.0	23.0				1.0	9.0	9.0	True	False	True	False	True	True	True
G6PC1	0.6087	14.0	23.0				1.0	9.0	9.0	True	False	True	False	True	True	False
G6PC3							1.0	9.0	9.0	False	False	True	False	False	True	True
G6PD	1.0	23.0	23.0	1.0	19.0	19.0				True	True	False	False	False	True	False
G6PDX							1.0	9.0	9.0	False	False	True	False	False	True	False
GAA	1.0	23.0	23.0	1.0	19.0	19.0	1.0	9.0	9.0	True	True	True	True	True	True	True
GAB1							1.0	9.0	9.0	False	False	True	False	False	True	True
GAB2							1.0	9.0	9.0	False	False	True	False	False	True	True
GAB3							0.6667	6.0	9.0	False	False	True	False	False	True	False
GABARAP							1.0	9.0	9.0	False	False	True	False	False	True	False
GABARAPL1							1.0	9.0	9.0	False	False	True	False	False	True	True
GABARAPL2							1.0	9.0	9.0	False	False	True	False	False	True	True
GABPA							1.0	9.0	9.0	False	False	True	False	False	True	True
GABPB1							1.0	9.0	9.0	False	False	True	False	False	True	True
GABPB2							1.0	9.0	9.0	False	False	True	False	False	True	True
GABRA3							1.0	9.0	9.0	False	False	True	False	False	True	False
GADD45A							0.6667	6.0	9.0	False	False	True	False	False	True	True
GADD45GIP1	0.9565	22.0	23.0	0.8421	16.0	19.0	1.0	9.0	9.0	True	True	True	True	True	True	True
GAK	0.3913	9.0	23.0	0.8421	16.0	19.0	1.0	9.0	9.0	False	True	True	False	True	True	True
GAL3ST1							1.0	9.0	9.0	False	False	True	False	False	True	True
GALC							1.0	9.0	9.0	False	False	True	False	False	True	True
GALE	1.0	23.0	23.0	0.8421	16.0	19.0	1.0	9.0	9.0	True	True	True	True	True	True	True
GALK1	1.0	23.0	23.0	1.0	19.0	19.0	1.0	9.0	9.0	True	True	True	True	True	True	True
GALK2	1.0	23.0	23.0	0.5263	10.0	19.0	1.0	9.0	9.0	True	True	True	True	True	True	True
GALM	1.0	23.0	23.0	1.0	19.0	19.0	1.0	9.0	9.0	True	True	True	True	True	True	True
GALNS	1.0	23.0	23.0				1.0	9.0	9.0	True	False	True	False	True	True	True
GALNT1							1.0	9.0	9.0	False	False	True	False	False	True	True
GALNT10							1.0	9.0	9.0	False	False	True	False	False	True	True
GALNT11							1.0	9.0	9.0	False	False	True	False	False	True	True
GALNT12							1.0	9.0	9.0	False	False	True	False	False	True	True
GALNT14							1.0	9.0	9.0	False	False	True	False	False	True	False
GALNT15							0.6667	6.0	9.0	False	False	True	False	False	True	True
GALNT16							0.4444	4.0	9.0	False	False	False	False	False	True	False
GALNT17							0.8889	8.0	9.0	False	False	True	False	False	False	False
GALNT18							1.0	9.0	9.0	False	False	True	False	False	True	True
GALNT2	0.6522	15.0	23.0				1.0	9.0	9.0	True	False	True	False	True	True	False
GALNT3							1.0	9.0	9.0	False	False	True	False	False	True	True
GALNT4							1.0	9.0	9.0	False	False	True	False	False	True	True
GALNT6							0.5556	5.0	9.0	False	False	True	False	False	True	False
GALNT7							1.0	9.0	9.0	False	False	True	False	False	True	True
GALT				1.0	19.0	19.0	1.0	9.0	9.0	False	True	True	False	True	True	True
GAMT				0.7368	14.0	19.0	1.0	9.0	9.0	False	True	True	False	True	True	True
GAN							1.0	9.0	9.0	False	False	True	False	False	True	False
GANAB	1.0	23.0	23.0	1.0	19.0	19.0	1.0	9.0	9.0	True	True	True	True	True	True	True
GANC							1.0	9.0	9.0	False	False	True	False	False	True	True
GAP43							1.0	9.0	9.0	False	False	True	False	False	False	False
GAPDH	1.0	23.0	23.0	1.0	19.0	19.0	1.0	9.0	9.0	True	True	True	True	True	True	True
GAPDHRT							1.0	9.0	9.0	False	False	True	False	False	False	False
GAPDHRT2							1.0	9.0	9.0	False	False	True	False	False	False	False
GAPDHS							1.0	9.0	9.0	False	False	True	False	False	True	False
GAPVD1	1.0	23.0	23.0	1.0	19.0	19.0	1.0	9.0	9.0	True	True	True	True	True	True	True
GAR1				1.0	19.0	19.0	1.0	9.0	9.0	False	True	True	False	True	True	True
GAREM1							1.0	9.0	9.0	False	False	True	False	False	True	False
GARNL3							1.0	9.0	9.0	False	False	True	False	False	True	False
GARRE1							1.0	9.0	9.0	False	False	True	False	False	True	False
GARS1	1.0	23.0	23.0	1.0	19.0	19.0	1.0	9.0	9.0	True	True	True	True	True	True	False
GART	1.0	23.0	23.0	1.0	19.0	19.0	1.0	9.0	9.0	True	True	True	True	True	True	True
GAS1							1.0	9.0	9.0	False	False	True	False	False	True	True
GAS2							1.0	9.0	9.0	False	False	True	False	False	True	False
GAS2L1							1.0	9.0	9.0	False	False	True	False	False	True	True
GAS6							1.0	9.0	9.0	False	False	True	False	False	True	True
GAS7							1.0	9.0	9.0	False	False	True	False	False	True	True
GASK1B							0.8889	8.0	9.0	False	False	True	False	False	True	False
GATA2							1.0	9.0	9.0	False	False	True	False	False	True	True
GATA3							1.0	9.0	9.0	False	False	True	False	False	True	True
GATA6							1.0	9.0	9.0	False	False	True	False	False	True	False
GATAD1							1.0	9.0	9.0	False	False	True	False	False	True	True
GATAD2A							1.0	9.0	9.0	False	False	True	False	False	True	True
GATAD2B							1.0	9.0	9.0	False	False	True	False	False	True	True
GATB							1.0	9.0	9.0	False	False	True	False	False	True	True
GATC							1.0	9.0	9.0	False	False	True	False	False	True	True
GATD1							1.0	9.0	9.0	False	False	True	False	False	True	False
GATD3							1.0	9.0	9.0	False	False	True	False	False	True	False
GATD3A	1.0	23.0	23.0	1.0	19.0	19.0				True	True	False	False	False	False	False
GATM	1.0	23.0	23.0	0.9474	18.0	19.0	1.0	9.0	9.0	True	True	True	True	True	True	True
GBA1	0.5217	12.0	23.0	1.0	19.0	19.0	1.0	9.0	9.0	True	True	True	True	True	True	False
GBA2							1.0	9.0	9.0	False	False	True	False	False	True	True
GBA3	1.0	23.0	23.0	0.9474	18.0	19.0				True	True	False	False	False	True	False
GBE1	1.0	23.0	23.0	1.0	19.0	19.0	1.0	9.0	9.0	True	True	True	True	True	True	True
GBF1							1.0	9.0	9.0	False	False	True	False	False	True	True
GBGT1							0.6667	6.0	9.0	False	False	True	False	False	True	False
GBP1	1.0	23.0	23.0	1.0	19.0	19.0	0.3333	3.0	9.0	True	True	False	False	False	False	False
GBP2							1.0	9.0	9.0	False	False	True	False	False	True	False
GBP3							1.0	9.0	9.0	False	False	True	False	False	True	False
GBP5							1.0	9.0	9.0	False	False	True	False	False	True	True
GBP6							1.0	9.0	9.0	False	False	True	False	False	True	False
GBP7							1.0	9.0	9.0	False	False	True	False	False	True	False
GBP9							1.0	9.0	9.0	False	False	True	False	False	True	False
GC	1.0	23.0	23.0	1.0	19.0	19.0	1.0	9.0	9.0	True	True	True	True	True	True	False
GCA							1.0	9.0	9.0	False	False	True	False	False	True	True
GCAT	1.0	23.0	23.0	1.0	19.0	19.0	1.0	9.0	9.0	True	True	True	True	True	True	True
GCC1							1.0	9.0	9.0	False	False	True	False	False	True	True
GCC2							1.0	9.0	9.0	False	False	True	False	False	True	True
GCDH	0.9565	22.0	23.0	1.0	19.0	19.0	1.0	9.0	9.0	True	True	True	True	True	True	True
GCFC2							1.0	9.0	9.0	False	False	True	False	False	True	False
GCGR							1.0	9.0	9.0	False	False	True	False	False	True	True
GCH1							1.0	9.0	9.0	False	False	True	False	False	True	True
GCHFR							1.0	9.0	9.0	False	False	True	False	False	True	True
GCLC	1.0	23.0	23.0	1.0	19.0	19.0	1.0	9.0	9.0	True	True	True	True	True	True	True
GCLM	1.0	23.0	23.0	0.8421	16.0	19.0	1.0	9.0	9.0	True	True	True	True	True	True	True
GCN1	1.0	23.0	23.0	1.0	19.0	19.0	1.0	9.0	9.0	True	True	True	True	True	True	False
GCNT1							1.0	9.0	9.0	False	False	True	False	False	True	True
GCNT2							1.0	9.0	9.0	False	False	True	False	False	True	True
GCNT4							1.0	9.0	9.0	False	False	True	False	False	True	True
GCSAM							0.5556	5.0	9.0	False	False	True	False	False	True	False
GCSH	1.0	23.0	23.0	1.0	19.0	19.0	1.0	9.0	9.0	True	True	True	True	True	True	True
GDA	1.0	23.0	23.0				1.0	9.0	9.0	True	False	True	False	True	True	True
GDAP1L1							0.6667	6.0	9.0	False	False	True	False	False	True	False
GDAP2							1.0	9.0	9.0	False	False	True	False	False	True	True
GDE1							1.0	9.0	9.0	False	False	True	False	False	True	True
GDF10							1.0	9.0	9.0	False	False	True	False	False	True	False
GDF15							0.7778	7.0	9.0	False	False	True	False	False	True	True
GDF2							0.6667	6.0	9.0	False	False	True	False	False	False	False
GDI1	1.0	23.0	23.0	1.0	19.0	19.0	1.0	9.0	9.0	True	True	True	True	True	True	True
GDI2	1.0	23.0	23.0	1.0	19.0	19.0	1.0	9.0	9.0	True	True	True	True	True	True	True
GDPD1							1.0	9.0	9.0	False	False	True	False	False	True	False
GDPD3	1.0	23.0	23.0				1.0	9.0	9.0	True	False	True	False	True	True	True
GDPD5							1.0	9.0	9.0	False	False	True	False	False	True	True
GDPGP1							1.0	9.0	9.0	False	False	True	False	False	True	True
GEM							1.0	9.0	9.0	False	False	True	False	False	True	True
GEMIN2							1.0	9.0	9.0	False	False	True	False	False	True	True
GEMIN4							1.0	9.0	9.0	False	False	True	False	False	True	False
GEMIN5							1.0	9.0	9.0	False	False	True	False	False	True	True
GEMIN6							1.0	9.0	9.0	False	False	True	False	False	True	True
GEMIN7							1.0	9.0	9.0	False	False	True	False	False	True	True
GEMIN8							1.0	9.0	9.0	False	False	True	False	False	True	True
GEN1							0.7778	7.0	9.0	False	False	True	False	False	True	False
GET1							1.0	9.0	9.0	False	False	True	False	False	True	False
GET3	1.0	23.0	23.0	1.0	19.0	19.0	1.0	9.0	9.0	True	True	True	True	True	True	False
GET4							1.0	9.0	9.0	False	False	True	False	False	True	True
GFAP							0.6667	6.0	9.0	False	False	True	False	False	False	False
GFER	1.0	23.0	23.0				1.0	9.0	9.0	True	False	True	False	True	True	True
GFM1	0.9565	22.0	23.0	1.0	19.0	19.0	1.0	9.0	9.0	True	True	True	True	True	True	True
GFM2							1.0	9.0	9.0	False	False	True	False	False	True	True
GFOD1							1.0	9.0	9.0	False	False	True	False	False	True	False
GFOD2							1.0	9.0	9.0	False	False	True	False	False	True	True
GFPT1	1.0	23.0	23.0	1.0	19.0	19.0	1.0	9.0	9.0	True	True	True	True	True	True	True
GFPT2							1.0	9.0	9.0	False	False	True	False	False	True	False
GFRA1							0.7778	7.0	9.0	False	False	True	False	False	True	False
GFRA2							1.0	9.0	9.0	False	False	True	False	False	True	False
GFUS	1.0	23.0	23.0	1.0	19.0	19.0	1.0	9.0	9.0	True	True	True	True	True	True	False
GGA1	0.7826	18.0	23.0				1.0	9.0	9.0	True	False	True	False	True	True	True
GGA2							1.0	9.0	9.0	False	False	True	False	False	True	True
GGA3							1.0	9.0	9.0	False	False	True	False	False	True	True
GGACT	0.8261	19.0	23.0	0.8947	17.0	19.0	1.0	9.0	9.0	True	True	True	True	True	True	True
GGCT	0.9565	22.0	23.0				1.0	9.0	9.0	True	False	True	False	True	True	True
GGCX							1.0	9.0	9.0	False	False	True	False	False	True	True
GGH	1.0	23.0	23.0	0.8421	16.0	19.0	1.0	9.0	9.0	True	True	True	True	True	True	True
GGNBP2							1.0	9.0	9.0	False	False	True	False	False	True	True
GGPS1							1.0	9.0	9.0	False	False	True	False	False	True	True
GGT1	1.0	23.0	23.0	1.0	19.0	19.0	1.0	9.0	9.0	True	True	True	True	True	True	True
GGT5							1.0	9.0	9.0	False	False	True	False	False	True	True
GGT6							1.0	9.0	9.0	False	False	True	False	False	True	True
GGT7							1.0	9.0	9.0	False	False	True	False	False	True	False
GGTA1							1.0	9.0	9.0	False	False	True	False	False	True	True
GH1							0.4444	4.0	9.0	False	False	False	False	False	False	False
GHDC							1.0	9.0	9.0	False	False	True	False	False	True	True
GHITM							1.0	9.0	9.0	False	False	True	False	False	True	True
GHR							1.0	9.0	9.0	False	False	True	False	False	True	True
GHRL							0.8889	8.0	9.0	False	False	True	False	False	True	False
GID4							1.0	9.0	9.0	False	False	True	False	False	True	True
GID8							1.0	9.0	9.0	False	False	True	False	False	True	True
GIGYF1							1.0	9.0	9.0	False	False	True	False	False	True	True
GIGYF2							1.0	9.0	9.0	False	False	True	False	False	True	True
GIMAP1							1.0	9.0	9.0	False	False	True	False	False	True	False
GIMAP3							0.4444	4.0	9.0	False	False	False	False	False	True	False
GIMAP4							1.0	9.0	9.0	False	False	True	False	False	True	False
GIMAP5							1.0	9.0	9.0	False	False	True	False	False	True	False
GIMAP6							1.0	9.0	9.0	False	False	True	False	False	True	True
GIMAP7							1.0	9.0	9.0	False	False	True	False	False	True	False
GIMAP8							1.0	9.0	9.0	False	False	True	False	False	True	True
GIMAP9							1.0	9.0	9.0	False	False	True	False	False	True	False
GINM1							1.0	9.0	9.0	False	False	True	False	False	True	True
GINS1							0.8889	8.0	9.0	False	False	True	False	False	True	True
GINS2							0.8889	8.0	9.0	False	False	True	False	False	True	False
GINS3							1.0	9.0	9.0	False	False	True	False	False	True	True
GINS4							1.0	9.0	9.0	False	False	True	False	False	True	True
GIPC1							1.0	9.0	9.0	False	False	True	False	False	True	True
GIPC2	1.0	23.0	23.0	0.9474	18.0	19.0	1.0	9.0	9.0	True	True	True	True	True	True	True
GIPC3							1.0	9.0	9.0	False	False	True	False	False	True	False
GIT1				0.5263	10.0	19.0	1.0	9.0	9.0	False	True	True	False	True	True	True
GIT2	0.3478	8.0	23.0				1.0	9.0	9.0	False	False	True	False	False	True	True
GJA1							1.0	9.0	9.0	False	False	True	False	False	True	True
GJA4							1.0	9.0	9.0	False	False	True	False	False	True	True
GJA5							1.0	9.0	9.0	False	False	True	False	False	True	True
GJB1							1.0	9.0	9.0	False	False	True	False	False	True	True
GJB2							1.0	9.0	9.0	False	False	True	False	False	True	True
GJB3							0.6667	6.0	9.0	False	False	True	False	False	True	False
GJC2							0.2222	2.0	9.0	False	False	False	False	False	True	False
GK	0.9565	22.0	23.0	1.0	19.0	19.0	1.0	9.0	9.0	True	True	True	True	True	True	False
GK5							1.0	9.0	9.0	False	False	True	False	False	True	True
GKAP1							1.0	9.0	9.0	False	False	True	False	False	True	True
GKN1							1.0	9.0	9.0	False	False	True	False	False	False	False
GKN2							1.0	9.0	9.0	False	False	True	False	False	False	False
GLA	1.0	23.0	23.0	1.0	19.0	19.0	1.0	9.0	9.0	True	True	True	True	True	True	True
GLB1	1.0	23.0	23.0	1.0	19.0	19.0	1.0	9.0	9.0	True	True	True	True	True	True	True
GLB1L							1.0	9.0	9.0	False	False	True	False	False	True	True
GLB1L2							1.0	9.0	9.0	False	False	True	False	False	True	False
GLCCI1							1.0	9.0	9.0	False	False	True	False	False	True	False
GLCE							1.0	9.0	9.0	False	False	True	False	False	True	True
GLDC	0.9565	22.0	23.0	1.0	19.0	19.0	1.0	9.0	9.0	True	True	True	True	True	True	True
GLE1							1.0	9.0	9.0	False	False	True	False	False	True	True
GLG1	1.0	23.0	23.0	1.0	19.0	19.0	1.0	9.0	9.0	True	True	True	True	True	True	True
GLI3							0.8889	8.0	9.0	False	False	True	False	False	True	False
GLIPR1							0.8889	8.0	9.0	False	False	True	False	False	True	True
GLIPR2	1.0	23.0	23.0				1.0	9.0	9.0	True	False	True	False	True	True	True
GLIS2							0.7778	7.0	9.0	False	False	True	False	False	True	True
GLIS3							1.0	9.0	9.0	False	False	True	False	False	True	True
GLMN							1.0	9.0	9.0	False	False	True	False	False	True	True
GLMP	0.6957	16.0	23.0	0.8421	16.0	19.0	1.0	9.0	9.0	True	True	True	True	True	True	True
GLO1	1.0	23.0	23.0	1.0	19.0	19.0	1.0	9.0	9.0	True	True	True	True	True	True	True
GLOD4	1.0	23.0	23.0	1.0	19.0	19.0	1.0	9.0	9.0	True	True	True	True	True	True	True
GLOD5							1.0	9.0	9.0	False	False	True	False	False	True	False
GLRX	1.0	23.0	23.0	1.0	19.0	19.0	1.0	9.0	9.0	True	True	True	True	True	True	True
GLRX2							1.0	9.0	9.0	False	False	True	False	False	True	True
GLRX3	1.0	23.0	23.0	1.0	19.0	19.0	1.0	9.0	9.0	True	True	True	True	True	True	True
GLRX5	1.0	23.0	23.0	1.0	19.0	19.0	1.0	9.0	9.0	True	True	True	True	True	True	True
GLS	0.9565	22.0	23.0	1.0	19.0	19.0	1.0	9.0	9.0	True	True	True	True	True	True	True
GLT1D1							1.0	9.0	9.0	False	False	True	False	False	True	True
GLT28D2							1.0	9.0	9.0	False	False	True	False	False	True	False
GLT8D1							1.0	9.0	9.0	False	False	True	False	False	True	True
GLTP	1.0	23.0	23.0	0.8947	17.0	19.0	1.0	9.0	9.0	True	True	True	True	True	True	True
GLTPD2							1.0	9.0	9.0	False	False	True	False	False	True	False
GLUD1	1.0	23.0	23.0	1.0	19.0	19.0	1.0	9.0	9.0	True	True	True	True	True	True	True
GLUL							1.0	9.0	9.0	False	False	True	False	False	True	True
GLYAT	0.9565	22.0	23.0	1.0	19.0	19.0	1.0	9.0	9.0	True	True	True	True	True	True	True
GLYCAM1							1.0	9.0	9.0	False	False	True	False	False	False	False
GLYCTK	0.9565	22.0	23.0	0.9474	18.0	19.0	1.0	9.0	9.0	True	True	True	True	True	True	True
GLYR1	1.0	23.0	23.0				1.0	9.0	9.0	True	False	True	False	True	True	True
GM10033							0.8889	8.0	9.0	False	False	True	False	False	True	False
GM10778							0.8889	8.0	9.0	False	False	True	False	False	True	False
GM12250							1.0	9.0	9.0	False	False	True	False	False	True	False
GM14295							0.2222	2.0	9.0	False	False	False	False	False	True	False
GM14325							1.0	9.0	9.0	False	False	True	False	False	True	False
GM14399							1.0	9.0	9.0	False	False	True	False	False	True	False
GM14401							0.7778	7.0	9.0	False	False	True	False	False	True	False
GM14403							0.6667	6.0	9.0	False	False	True	False	False	True	False
GM15446							0.7778	7.0	9.0	False	False	True	False	False	True	False
GM17175							0.8889	8.0	9.0	False	False	True	False	False	False	False
GM17655							0.2222	2.0	9.0	False	False	False	False	False	True	False
GM17949							1.0	9.0	9.0	False	False	True	False	False	False	False
GM19965							0.7778	7.0	9.0	False	False	True	False	False	False	False
GM2A	1.0	23.0	23.0	1.0	19.0	19.0	1.0	9.0	9.0	True	True	True	True	True	True	True
GM32687							0.6667	6.0	9.0	False	False	True	False	False	True	False
GM45871							1.0	9.0	9.0	False	False	True	False	False	True	False
GM49359							1.0	9.0	9.0	False	False	True	False	False	True	False
GM4952							1.0	9.0	9.0	False	False	True	False	False	True	False
GM5431							0.6667	6.0	9.0	False	False	True	False	False	True	False
GM5478							0.4444	4.0	9.0	False	False	False	False	False	False	False
GM56451							1.0	9.0	9.0	False	False	True	False	False	False	False
GM5938							0.4444	4.0	9.0	False	False	False	False	False	False	False
GM6619							0.5556	5.0	9.0	False	False	True	False	False	False	False
GM6871							0.7778	7.0	9.0	False	False	True	False	False	False	False
GM7072							0.8889	8.0	9.0	False	False	True	False	False	True	False
GM7298							1.0	9.0	9.0	False	False	True	False	False	False	False
GM7694							1.0	9.0	9.0	False	False	True	False	False	True	False
GM8011							1.0	9.0	9.0	False	False	True	False	False	False	False
GMCL1							1.0	9.0	9.0	False	False	True	False	False	True	True
GMDS	1.0	23.0	23.0	1.0	19.0	19.0	1.0	9.0	9.0	True	True	True	True	True	True	True
GMEB1							1.0	9.0	9.0	False	False	True	False	False	True	True
GMEB2							1.0	9.0	9.0	False	False	True	False	False	True	True
GMFB	1.0	23.0	23.0	1.0	19.0	19.0	1.0	9.0	9.0	True	True	True	True	True	True	True
GMFG	1.0	23.0	23.0				1.0	9.0	9.0	True	False	True	False	True	True	True
GMIP							1.0	9.0	9.0	False	False	True	False	False	True	True
GMNN							0.8889	8.0	9.0	False	False	True	False	False	True	True
GMPPA	1.0	23.0	23.0	1.0	19.0	19.0	1.0	9.0	9.0	True	True	True	True	True	True	True
GMPPB	1.0	23.0	23.0	1.0	19.0	19.0	1.0	9.0	9.0	True	True	True	True	True	True	True
GMPR	1.0	23.0	23.0	1.0	19.0	19.0	1.0	9.0	9.0	True	True	True	True	True	True	True
GMPR2	1.0	23.0	23.0	1.0	19.0	19.0	1.0	9.0	9.0	True	True	True	True	True	True	True
GMPS	1.0	23.0	23.0	1.0	19.0	19.0	1.0	9.0	9.0	True	True	True	True	True	True	True
GNA11	1.0	23.0	23.0	1.0	19.0	19.0	1.0	9.0	9.0	True	True	True	True	True	True	True
GNA12							1.0	9.0	9.0	False	False	True	False	False	True	True
GNA13	1.0	23.0	23.0	1.0	19.0	19.0	1.0	9.0	9.0	True	True	True	True	True	True	True
GNA14							1.0	9.0	9.0	False	False	True	False	False	True	True
GNA15							1.0	9.0	9.0	False	False	True	False	False	True	False
GNAI1							1.0	9.0	9.0	False	False	True	False	False	True	True
GNAI2	1.0	23.0	23.0	1.0	19.0	19.0	1.0	9.0	9.0	True	True	True	True	True	True	True
GNAI3	1.0	23.0	23.0	1.0	19.0	19.0	1.0	9.0	9.0	True	True	True	True	True	True	True
GNAO1	1.0	23.0	23.0	0.8421	16.0	19.0	1.0	9.0	9.0	True	True	True	True	True	True	False
GNAQ	0.9565	22.0	23.0	0.8421	16.0	19.0	1.0	9.0	9.0	True	True	True	True	True	True	True
GNAS	1.0	23.0	23.0	1.0	19.0	19.0	1.0	9.0	9.0	True	True	True	True	True	True	False
GNAZ							1.0	9.0	9.0	False	False	True	False	False	True	True
GNB1	1.0	23.0	23.0	1.0	19.0	19.0	1.0	9.0	9.0	True	True	True	True	True	True	True
GNB1L							1.0	9.0	9.0	False	False	True	False	False	True	False
GNB2	1.0	23.0	23.0	1.0	19.0	19.0	1.0	9.0	9.0	True	True	True	True	True	True	True
GNB3							0.1111	1.0	9.0	False	False	False	False	False	True	False
GNB4	1.0	23.0	23.0	1.0	19.0	19.0	1.0	9.0	9.0	True	True	True	True	True	True	False
GNB5							1.0	9.0	9.0	False	False	True	False	False	True	True
GNE				1.0	19.0	19.0	1.0	9.0	9.0	False	True	True	False	True	True	True
GNG10							1.0	9.0	9.0	False	False	True	False	False	True	False
GNG11							1.0	9.0	9.0	False	False	True	False	False	True	True
GNG12	1.0	23.0	23.0	0.9474	18.0	19.0	1.0	9.0	9.0	True	True	True	True	True	True	True
GNG2	1.0	23.0	23.0				1.0	9.0	9.0	True	False	True	False	True	True	True
GNG5							1.0	9.0	9.0	False	False	True	False	False	True	True
GNGT2							1.0	9.0	9.0	False	False	True	False	False	True	True
GNL1	1.0	23.0	23.0	1.0	19.0	19.0	1.0	9.0	9.0	True	True	True	True	True	True	True
GNL2							1.0	9.0	9.0	False	False	True	False	False	True	True
GNL3							1.0	9.0	9.0	False	False	True	False	False	True	True
GNL3L							1.0	9.0	9.0	False	False	True	False	False	True	True
GNMT	1.0	23.0	23.0	0.6316	12.0	19.0	1.0	9.0	9.0	True	True	True	True	True	True	True
GNPAT	1.0	23.0	23.0	1.0	19.0	19.0	1.0	9.0	9.0	True	True	True	True	True	True	True
GNPDA1	1.0	23.0	23.0	0.8421	16.0	19.0	1.0	9.0	9.0	True	True	True	True	True	True	True
GNPDA2	1.0	23.0	23.0	1.0	19.0	19.0	1.0	9.0	9.0	True	True	True	True	True	True	True
GNPNAT1							1.0	9.0	9.0	False	False	True	False	False	True	True
GNPTAB							1.0	9.0	9.0	False	False	True	False	False	True	True
GNPTG							1.0	9.0	9.0	False	False	True	False	False	True	True
GNS	1.0	23.0	23.0	0.8421	16.0	19.0	1.0	9.0	9.0	True	True	True	True	True	True	True
GOLGA1							1.0	9.0	9.0	False	False	True	False	False	True	True
GOLGA2	0.8696	20.0	23.0				1.0	9.0	9.0	True	False	True	False	True	True	True
GOLGA3							1.0	9.0	9.0	False	False	True	False	False	True	True
GOLGA4							1.0	9.0	9.0	False	False	True	False	False	True	True
GOLGA5							1.0	9.0	9.0	False	False	True	False	False	True	True
GOLGA7							1.0	9.0	9.0	False	False	True	False	False	True	True
GOLGB1	1.0	23.0	23.0	0.8421	16.0	19.0	1.0	9.0	9.0	True	True	True	True	True	True	True
GOLIM4							1.0	9.0	9.0	False	False	True	False	False	True	True
GOLM1							1.0	9.0	9.0	False	False	True	False	False	True	True
GOLM2							1.0	9.0	9.0	False	False	True	False	False	True	False
GOLPH3							1.0	9.0	9.0	False	False	True	False	False	True	True
GOLPH3L							1.0	9.0	9.0	False	False	True	False	False	True	True
GOLT1A							1.0	9.0	9.0	False	False	True	False	False	True	False
GOLT1B							1.0	9.0	9.0	False	False	True	False	False	True	True
GON4L							1.0	9.0	9.0	False	False	True	False	False	True	False
GON7	0.8261	19.0	23.0				1.0	9.0	9.0	True	False	True	False	True	True	False
GOPC	0.4348	10.0	23.0	1.0	19.0	19.0	1.0	9.0	9.0	False	True	True	False	True	True	True
GORAB							1.0	9.0	9.0	False	False	True	False	False	True	True
GORASP1							1.0	9.0	9.0	False	False	True	False	False	True	True
GORASP2	1.0	23.0	23.0	0.9474	18.0	19.0	1.0	9.0	9.0	True	True	True	True	True	True	True
GOSR1	1.0	23.0	23.0	1.0	19.0	19.0	1.0	9.0	9.0	True	True	True	True	True	True	True
GOSR2	1.0	23.0	23.0	1.0	19.0	19.0	1.0	9.0	9.0	True	True	True	True	True	True	True
GOT1	1.0	23.0	23.0	1.0	19.0	19.0	1.0	9.0	9.0	True	True	True	True	True	True	True
GOT2	1.0	23.0	23.0	1.0	19.0	19.0	1.0	9.0	9.0	True	True	True	True	True	True	True
GP1BA							1.0	9.0	9.0	False	False	True	False	False	True	False
GP1BB							1.0	9.0	9.0	False	False	True	False	False	True	False
GP2							0.7778	7.0	9.0	False	False	True	False	False	True	True
GP5							1.0	9.0	9.0	False	False	True	False	False	False	False
GP9							1.0	9.0	9.0	False	False	True	False	False	False	False
GPA33							0.6667	6.0	9.0	False	False	True	False	False	True	False
GPAA1							1.0	9.0	9.0	False	False	True	False	False	True	True
GPALPP1							1.0	9.0	9.0	False	False	True	False	False	True	True
GPAM							1.0	9.0	9.0	False	False	True	False	False	True	True
GPANK1							1.0	9.0	9.0	False	False	True	False	False	True	False
GPAT3							1.0	9.0	9.0	False	False	True	False	False	True	False
GPAT4							1.0	9.0	9.0	False	False	True	False	False	True	False
GPATCH1							1.0	9.0	9.0	False	False	True	False	False	True	True
GPATCH11							1.0	9.0	9.0	False	False	True	False	False	True	True
GPATCH2							1.0	9.0	9.0	False	False	True	False	False	True	True
GPATCH2L							1.0	9.0	9.0	False	False	True	False	False	True	True
GPATCH3							1.0	9.0	9.0	False	False	True	False	False	True	True
GPATCH4							1.0	9.0	9.0	False	False	True	False	False	True	True
GPATCH8							1.0	9.0	9.0	False	False	True	False	False	True	True
GPBP1							1.0	9.0	9.0	False	False	True	False	False	True	True
GPBP1L1							1.0	9.0	9.0	False	False	True	False	False	True	True
GPC1							1.0	9.0	9.0	False	False	True	False	False	True	True
GPC3							1.0	9.0	9.0	False	False	True	False	False	True	True
GPC4							1.0	9.0	9.0	False	False	True	False	False	True	True
GPC6							1.0	9.0	9.0	False	False	True	False	False	True	False
GPCPD1							1.0	9.0	9.0	False	False	True	False	False	True	True
GPD1	0.9565	22.0	23.0	0.9474	18.0	19.0	1.0	9.0	9.0	True	True	True	True	True	True	True
GPD1L	1.0	23.0	23.0	1.0	19.0	19.0	1.0	9.0	9.0	True	True	True	True	True	True	True
GPD2	1.0	23.0	23.0	1.0	19.0	19.0	1.0	9.0	9.0	True	True	True	True	True	True	True
GPHN	1.0	23.0	23.0	1.0	19.0	19.0	1.0	9.0	9.0	True	True	True	True	True	True	True
GPI	1.0	23.0	23.0	1.0	19.0	19.0	1.0	9.0	9.0	True	True	True	True	True	True	True
GPIHBP1							1.0	9.0	9.0	False	False	True	False	False	True	True
GPKOW							1.0	9.0	9.0	False	False	True	False	False	True	True
GPLD1				0.9474	18.0	19.0	1.0	9.0	9.0	False	True	True	False	True	True	True
GPM6A							1.0	9.0	9.0	False	False	True	False	False	True	True
GPM6B							1.0	9.0	9.0	False	False	True	False	False	True	True
GPN1							1.0	9.0	9.0	False	False	True	False	False	True	True
GPN2							1.0	9.0	9.0	False	False	True	False	False	True	True
GPN3							1.0	9.0	9.0	False	False	True	False	False	True	True
GPNMB	1.0	23.0	23.0	1.0	19.0	19.0	0.7778	7.0	9.0	True	True	True	True	True	True	False
GPR107							1.0	9.0	9.0	False	False	True	False	False	True	True
GPR108	1.0	23.0	23.0	1.0	19.0	19.0	1.0	9.0	9.0	True	True	True	True	True	True	True
GPR137							0.1111	1.0	9.0	False	False	False	False	False	True	True
GPR137B							1.0	9.0	9.0	False	False	True	False	False	True	True
GPR143							1.0	9.0	9.0	False	False	True	False	False	True	False
GPR146							0.6667	6.0	9.0	False	False	True	False	False	True	True
GPR153							0.5556	5.0	9.0	False	False	True	False	False	True	True
GPR155							1.0	9.0	9.0	False	False	True	False	False	True	True
GPR176							0.6667	6.0	9.0	False	False	True	False	False	True	False
GPR180							1.0	9.0	9.0	False	False	True	False	False	True	True
GPR183							0.4444	4.0	9.0	False	False	False	False	False	True	False
GPR35							0.6667	6.0	9.0	False	False	True	False	False	True	False
GPR39							1.0	9.0	9.0	False	False	True	False	False	True	False
GPR82							0.3333	3.0	9.0	False	False	False	False	False	False	False
GPR89							1.0	9.0	9.0	False	False	True	False	False	True	False
GPR89A	0.4783	11.0	23.0							False	False	False	False	False	True	False
GPRASP1							1.0	9.0	9.0	False	False	True	False	False	True	False
GPRASP2							1.0	9.0	9.0	False	False	True	False	False	True	False
GPRASP3							1.0	9.0	9.0	False	False	True	False	False	True	False
GPRC5A							1.0	9.0	9.0	False	False	True	False	False	True	True
GPRC5B							1.0	9.0	9.0	False	False	True	False	False	True	True
GPRC5C	1.0	23.0	23.0	1.0	19.0	19.0	1.0	9.0	9.0	True	True	True	True	True	True	True
GPRIN3							1.0	9.0	9.0	False	False	True	False	False	True	False
GPS1	1.0	23.0	23.0	1.0	19.0	19.0	1.0	9.0	9.0	True	True	True	True	True	True	True
GPS2							1.0	9.0	9.0	False	False	True	False	False	True	True
GPSM1							1.0	9.0	9.0	False	False	True	False	False	True	True
GPSM2							1.0	9.0	9.0	False	False	True	False	False	True	True
GPSM3							1.0	9.0	9.0	False	False	True	False	False	True	True
GPT	1.0	23.0	23.0	1.0	19.0	19.0	1.0	9.0	9.0	True	True	True	True	True	True	True
GPT2	0.9565	22.0	23.0	0.9474	18.0	19.0	1.0	9.0	9.0	True	True	True	True	True	True	True
GPX1	1.0	23.0	23.0	1.0	19.0	19.0	1.0	9.0	9.0	True	True	True	True	True	True	True
GPX3	1.0	23.0	23.0	1.0	19.0	19.0	1.0	9.0	9.0	True	True	True	True	True	True	True
GPX4	1.0	23.0	23.0	1.0	19.0	19.0	1.0	9.0	9.0	True	True	True	True	True	True	True
GPX5							0.5556	5.0	9.0	False	False	True	False	False	False	False
GPX6							1.0	9.0	9.0	False	False	True	False	False	True	False
GPX7							1.0	9.0	9.0	False	False	True	False	False	True	True
GPX8							1.0	9.0	9.0	False	False	True	False	False	True	True
GRAMD1A							1.0	9.0	9.0	False	False	True	False	False	True	True
GRAMD1B							1.0	9.0	9.0	False	False	True	False	False	True	True
GRAMD1C							1.0	9.0	9.0	False	False	True	False	False	True	True
GRAMD2B							1.0	9.0	9.0	False	False	True	False	False	True	False
GRAMD4							1.0	9.0	9.0	False	False	True	False	False	True	True
GRAP							1.0	9.0	9.0	False	False	True	False	False	True	True
GRAP2							1.0	9.0	9.0	False	False	True	False	False	True	False
GRB10							1.0	9.0	9.0	False	False	True	False	False	True	True
GRB14							1.0	9.0	9.0	False	False	True	False	False	True	True
GRB2	1.0	23.0	23.0	1.0	19.0	19.0	1.0	9.0	9.0	True	True	True	True	True	True	True
GRB7							1.0	9.0	9.0	False	False	True	False	False	True	True
GREM1							0.6667	6.0	9.0	False	False	True	False	False	True	False
GREM2							0.6667	6.0	9.0	False	False	True	False	False	True	True
GRHL2							1.0	9.0	9.0	False	False	True	False	False	True	True
GRHPR	1.0	23.0	23.0	1.0	19.0	19.0	1.0	9.0	9.0	True	True	True	True	True	True	True
GRIA4							0.6667	6.0	9.0	False	False	True	False	False	True	False
GRIP1							1.0	9.0	9.0	False	False	True	False	False	True	False
GRIP2							1.0	9.0	9.0	False	False	True	False	False	True	False
GRIPAP1							1.0	9.0	9.0	False	False	True	False	False	True	True
GRK2							1.0	9.0	9.0	False	False	True	False	False	True	False
GRK3							1.0	9.0	9.0	False	False	True	False	False	True	False
GRK5							1.0	9.0	9.0	False	False	True	False	False	True	True
GRK6							1.0	9.0	9.0	False	False	True	False	False	True	True
GRN	1.0	23.0	23.0	1.0	19.0	19.0	1.0	9.0	9.0	True	True	True	True	True	True	True
GRPEL1	0.9565	22.0	23.0	1.0	19.0	19.0	1.0	9.0	9.0	True	True	True	True	True	True	True
GRPEL2							1.0	9.0	9.0	False	False	True	False	False	True	True
GRSF1							1.0	9.0	9.0	False	False	True	False	False	True	True
GRTP1							1.0	9.0	9.0	False	False	True	False	False	True	True
GRWD1							1.0	9.0	9.0	False	False	True	False	False	True	True
GSAP							1.0	9.0	9.0	False	False	True	False	False	True	True
GSDMC2							1.0	9.0	9.0	False	False	True	False	False	True	False
GSDMC3							0.6667	6.0	9.0	False	False	True	False	False	True	False
GSDMD							1.0	9.0	9.0	False	False	True	False	False	True	True
GSDME							1.0	9.0	9.0	False	False	True	False	False	True	False
GSE1							1.0	9.0	9.0	False	False	True	False	False	True	True
GSK3A	0.6957	16.0	23.0				1.0	9.0	9.0	True	False	True	False	True	True	True
GSK3B							1.0	9.0	9.0	False	False	True	False	False	True	True
GSKIP							1.0	9.0	9.0	False	False	True	False	False	True	True
GSN	1.0	23.0	23.0	1.0	19.0	19.0	1.0	9.0	9.0	True	True	True	True	True	True	True
GSPT1	1.0	23.0	23.0	1.0	19.0	19.0	1.0	9.0	9.0	True	True	True	True	True	True	True
GSPT2							1.0	9.0	9.0	False	False	True	False	False	True	True
GSR	1.0	23.0	23.0	1.0	19.0	19.0	1.0	9.0	9.0	True	True	True	True	True	True	True
GSS	1.0	23.0	23.0	1.0	19.0	19.0	1.0	9.0	9.0	True	True	True	True	True	True	True
GSTA2							0.2222	2.0	9.0	False	False	False	False	False	True	False
GSTA4	1.0	23.0	23.0	1.0	19.0	19.0	1.0	9.0	9.0	True	True	True	True	True	True	True
GSTA5							1.0	9.0	9.0	False	False	True	False	False	True	False
GSTCD							1.0	9.0	9.0	False	False	True	False	False	True	True
GSTK1	1.0	23.0	23.0	1.0	19.0	19.0	1.0	9.0	9.0	True	True	True	True	True	True	True
GSTM1							1.0	9.0	9.0	False	False	True	False	False	True	False
GSTM2							1.0	9.0	9.0	False	False	True	False	False	True	False
GSTM3				0.6842	13.0	19.0	1.0	9.0	9.0	False	True	True	False	True	True	True
GSTM4							1.0	9.0	9.0	False	False	True	False	False	True	False
GSTM6							1.0	9.0	9.0	False	False	True	False	False	True	False
GSTO1	1.0	23.0	23.0	1.0	19.0	19.0	1.0	9.0	9.0	True	True	True	True	True	True	True
GSTP1	1.0	23.0	23.0	1.0	19.0	19.0	1.0	9.0	9.0	True	True	True	True	True	True	True
GSTP2							0.6667	6.0	9.0	False	False	True	False	False	True	False
GSTP3							0.6667	6.0	9.0	False	False	True	False	False	True	False
GSTT1							1.0	9.0	9.0	False	False	True	False	False	True	False
GSTT2							1.0	9.0	9.0	False	False	True	False	False	True	False
GSTT3							1.0	9.0	9.0	False	False	True	False	False	True	False
GSTZ1	1.0	23.0	23.0	1.0	19.0	19.0	1.0	9.0	9.0	True	True	True	True	True	True	True
GTF2A1							1.0	9.0	9.0	False	False	True	False	False	True	True
GTF2A2							1.0	9.0	9.0	False	False	True	False	False	True	True
GTF2B							1.0	9.0	9.0	False	False	True	False	False	True	True
GTF2E1							1.0	9.0	9.0	False	False	True	False	False	True	True
GTF2E2							1.0	9.0	9.0	False	False	True	False	False	True	True
GTF2F1							1.0	9.0	9.0	False	False	True	False	False	True	True
GTF2F2							1.0	9.0	9.0	False	False	True	False	False	True	True
GTF2H1							1.0	9.0	9.0	False	False	True	False	False	True	True
GTF2H2							1.0	9.0	9.0	False	False	True	False	False	True	False
GTF2H3							1.0	9.0	9.0	False	False	True	False	False	True	True
GTF2H4							1.0	9.0	9.0	False	False	True	False	False	True	True
GTF2H5							0.3333	3.0	9.0	False	False	False	False	False	True	True
GTF2I	1.0	23.0	23.0	0.8421	16.0	19.0	1.0	9.0	9.0	True	True	True	True	True	True	True
GTF2IRD1							1.0	9.0	9.0	False	False	True	False	False	True	True
GTF2IRD2							1.0	9.0	9.0	False	False	True	False	False	True	False
GTF3A							1.0	9.0	9.0	False	False	True	False	False	True	True
GTF3C1							1.0	9.0	9.0	False	False	True	False	False	True	True
GTF3C2							1.0	9.0	9.0	False	False	True	False	False	True	True
GTF3C3							1.0	9.0	9.0	False	False	True	False	False	True	True
GTF3C4							1.0	9.0	9.0	False	False	True	False	False	True	True
GTF3C5							1.0	9.0	9.0	False	False	True	False	False	True	True
GTF3C6							1.0	9.0	9.0	False	False	True	False	False	True	True
GTPBP1							1.0	9.0	9.0	False	False	True	False	False	True	True
GTPBP10							1.0	9.0	9.0	False	False	True	False	False	True	True
GTPBP2							1.0	9.0	9.0	False	False	True	False	False	True	True
GTPBP3							1.0	9.0	9.0	False	False	True	False	False	True	False
GTPBP4							1.0	9.0	9.0	False	False	True	False	False	True	True
GTPBP6							1.0	9.0	9.0	False	False	True	False	False	True	False
GTPBP8							1.0	9.0	9.0	False	False	True	False	False	True	False
GTSE1							0.6667	6.0	9.0	False	False	True	False	False	True	False
GUCA2B							1.0	9.0	9.0	False	False	True	False	False	True	False
GUCD1							1.0	9.0	9.0	False	False	True	False	False	True	True
GUCY1A1							1.0	9.0	9.0	False	False	True	False	False	True	False
GUCY1A2							1.0	9.0	9.0	False	False	True	False	False	True	False
GUCY1B1	0.8696	20.0	23.0	0.6316	12.0	19.0	1.0	9.0	9.0	True	True	True	True	True	True	False
GUF1							1.0	9.0	9.0	False	False	True	False	False	True	True
GUK1	1.0	23.0	23.0	1.0	19.0	19.0	1.0	9.0	9.0	True	True	True	True	True	True	True
GULO							1.0	9.0	9.0	False	False	True	False	False	True	False
GULP1							1.0	9.0	9.0	False	False	True	False	False	True	True
GUSB	1.0	23.0	23.0	1.0	19.0	19.0	1.0	9.0	9.0	True	True	True	True	True	True	True
GVIN1							1.0	9.0	9.0	False	False	True	False	False	True	False
GXYLT1							1.0	9.0	9.0	False	False	True	False	False	True	True
GXYLT2							1.0	9.0	9.0	False	False	True	False	False	True	False
GYG1	0.9565	22.0	23.0				1.0	9.0	9.0	True	False	True	False	True	True	False
GYS1							1.0	9.0	9.0	False	False	True	False	False	True	True
GYS2							1.0	9.0	9.0	False	False	True	False	False	True	False
GZF1							1.0	9.0	9.0	False	False	True	False	False	True	True
GZMA							0.7778	7.0	9.0	False	False	True	False	False	True	False
GZMB							0.3333	3.0	9.0	False	False	False	False	False	True	False
GZMC							1.0	9.0	9.0	False	False	True	False	False	True	False
GZMK							0.4444	4.0	9.0	False	False	False	False	False	True	False
H1-0	1.0	23.0	23.0	1.0	19.0	19.0	1.0	9.0	9.0	True	True	True	True	True	True	True
H1-1	0.8261	19.0	23.0				1.0	9.0	9.0	True	False	True	False	True	False	False
H1-10	1.0	23.0	23.0	1.0	19.0	19.0	1.0	9.0	9.0	True	True	True	True	True	True	False
H1-2	0.5217	12.0	23.0	0.9474	18.0	19.0	1.0	9.0	9.0	True	True	True	True	True	True	False
H1-3	0.4783	11.0	23.0	1.0	19.0	19.0	1.0	9.0	9.0	False	True	True	False	True	False	False
H1-4	1.0	23.0	23.0	1.0	19.0	19.0	1.0	9.0	9.0	True	True	True	True	True	False	False
H1-5	1.0	23.0	23.0	1.0	19.0	19.0	1.0	9.0	9.0	True	True	True	True	True	False	False
H2-AA							1.0	9.0	9.0	False	False	True	False	False	True	False
H2-AB1							1.0	9.0	9.0	False	False	True	False	False	True	False
H2-DMB1							1.0	9.0	9.0	False	False	True	False	False	True	False
H2-DMB2							1.0	9.0	9.0	False	False	True	False	False	True	False
H2-EB1							1.0	9.0	9.0	False	False	True	False	False	True	False
H2-K1							1.0	9.0	9.0	False	False	True	False	False	True	False
H2-L							1.0	9.0	9.0	False	False	True	False	False	False	False
H2-M3							1.0	9.0	9.0	False	False	True	False	False	True	False
H2-Q10							1.0	9.0	9.0	False	False	True	False	False	True	False
H2-Q4							1.0	9.0	9.0	False	False	True	False	False	True	False
H2-Q6							0.4444	4.0	9.0	False	False	False	False	False	True	False
H2-T22							0.5556	5.0	9.0	False	False	True	False	False	True	False
H2-T23							1.0	9.0	9.0	False	False	True	False	False	True	False
H2-T24							1.0	9.0	9.0	False	False	True	False	False	True	False
H2AC20							1.0	9.0	9.0	False	False	True	False	False	False	False
H2AC21							1.0	9.0	9.0	False	False	True	False	False	False	False
H2AC4							1.0	9.0	9.0	False	False	True	False	False	True	False
H2AJ	1.0	23.0	23.0							True	False	False	False	False	True	False
H2AX	1.0	23.0	23.0	1.0	19.0	19.0	0.7778	7.0	9.0	True	True	True	True	True	True	False
H2AZ1				0.8421	16.0	19.0	1.0	9.0	9.0	False	True	True	False	True	True	False
H2AZ2	1.0	23.0	23.0							True	False	False	False	False	True	False
H2BC11							0.4444	4.0	9.0	False	False	False	False	False	True	False
H2BC26							1.0	9.0	9.0	False	False	True	False	False	False	False
H3-4							1.0	9.0	9.0	False	False	True	False	False	False	False
H3C1							1.0	9.0	9.0	False	False	True	False	False	False	False
H3C14							1.0	9.0	9.0	False	False	True	False	False	True	False
H4C8							1.0	9.0	9.0	False	False	True	False	False	True	False
H6PD	1.0	23.0	23.0	0.8421	16.0	19.0	1.0	9.0	9.0	True	True	True	True	True	True	True
HAAO	0.9565	22.0	23.0	1.0	19.0	19.0	1.0	9.0	9.0	True	True	True	True	True	True	True
HABP2							1.0	9.0	9.0	False	False	True	False	False	True	True
HABP4							1.0	9.0	9.0	False	False	True	False	False	True	True
HACD2							1.0	9.0	9.0	False	False	True	False	False	True	False
HACD3	1.0	23.0	23.0	1.0	19.0	19.0	1.0	9.0	9.0	True	True	True	True	True	True	False
HACD4							0.8889	8.0	9.0	False	False	True	False	False	True	False
HACE1							1.0	9.0	9.0	False	False	True	False	False	True	False
HACL1	1.0	23.0	23.0	1.0	19.0	19.0	1.0	9.0	9.0	True	True	True	True	True	True	True
HACL2	1.0	23.0	23.0	1.0	19.0	19.0	1.0	9.0	9.0	True	True	True	True	True	True	True
HADH	1.0	23.0	23.0	1.0	19.0	19.0	1.0	9.0	9.0	True	True	True	True	True	True	True
HADHA	1.0	23.0	23.0	1.0	19.0	19.0	1.0	9.0	9.0	True	True	True	True	True	True	True
HADHB	1.0	23.0	23.0	1.0	19.0	19.0	1.0	9.0	9.0	True	True	True	True	True	True	True
HAGH	1.0	23.0	23.0	0.9474	18.0	19.0	1.0	9.0	9.0	True	True	True	True	True	True	True
HAGHL							1.0	9.0	9.0	False	False	True	False	False	True	True
HAMP							1.0	9.0	9.0	False	False	True	False	False	False	False
HAO2	0.913	21.0	23.0	0.9474	18.0	19.0	1.0	9.0	9.0	True	True	True	True	True	True	True
HAPLN1							1.0	9.0	9.0	False	False	True	False	False	False	False
HAPSTR1							0.8889	8.0	9.0	False	False	True	False	False	False	False
HARBI1							1.0	9.0	9.0	False	False	True	False	False	True	True
HARS1	1.0	23.0	23.0	1.0	19.0	19.0	1.0	9.0	9.0	True	True	True	True	True	True	False
HARS2							1.0	9.0	9.0	False	False	True	False	False	True	True
HASPIN							1.0	9.0	9.0	False	False	True	False	False	True	False
HAT1							1.0	9.0	9.0	False	False	True	False	False	True	True
HAUS1							1.0	9.0	9.0	False	False	True	False	False	True	True
HAUS2							1.0	9.0	9.0	False	False	True	False	False	True	True
HAUS3							1.0	9.0	9.0	False	False	True	False	False	True	True
HAUS4							1.0	9.0	9.0	False	False	True	False	False	True	True
HAUS5							1.0	9.0	9.0	False	False	True	False	False	True	False
HAUS6							1.0	9.0	9.0	False	False	True	False	False	True	True
HAUS7							1.0	9.0	9.0	False	False	True	False	False	True	True
HAUS8							1.0	9.0	9.0	False	False	True	False	False	True	False
HAVCR1							1.0	9.0	9.0	False	False	True	False	False	True	True
HAVCR2							0.7778	7.0	9.0	False	False	True	False	False	True	False
HAX1							1.0	9.0	9.0	False	False	True	False	False	True	True
HBA	1.0	23.0	23.0	1.0	19.0	19.0	1.0	9.0	9.0	True	True	True	True	True	False	False
HBB	1.0	23.0	23.0	1.0	19.0	19.0				True	True	False	False	False	False	False
HBB-B1							1.0	9.0	9.0	False	False	True	False	False	False	False
HBB-B2							0.3333	3.0	9.0	False	False	False	False	False	False	False
HBB-BS							1.0	9.0	9.0	False	False	True	False	False	True	False
HBE1							1.0	9.0	9.0	False	False	True	False	False	False	False
HBEGF							1.0	9.0	9.0	False	False	True	False	False	True	True
HBP1							1.0	9.0	9.0	False	False	True	False	False	True	True
HBS1L	0.8696	20.0	23.0				1.0	9.0	9.0	True	False	True	False	True	True	True
HCAR1							1.0	9.0	9.0	False	False	True	False	False	True	False
HCCS							1.0	9.0	9.0	False	False	True	False	False	True	True
HCFC1				1.0	19.0	19.0	1.0	9.0	9.0	False	True	True	False	True	True	True
HCFC2							1.0	9.0	9.0	False	False	True	False	False	True	True
HCK							1.0	9.0	9.0	False	False	True	False	False	True	True
HCLS1	0.8696	20.0	23.0	1.0	19.0	19.0	1.0	9.0	9.0	True	True	True	True	True	True	True
HCN4							0.4444	4.0	9.0	False	False	False	False	False	False	False
HDAC1							1.0	9.0	9.0	False	False	True	False	False	True	True
HDAC10							1.0	9.0	9.0	False	False	True	False	False	True	True
HDAC11							1.0	9.0	9.0	False	False	True	False	False	True	True
HDAC2	1.0	23.0	23.0	1.0	19.0	19.0	1.0	9.0	9.0	True	True	True	True	True	True	True
HDAC3							1.0	9.0	9.0	False	False	True	False	False	True	True
HDAC4							1.0	9.0	9.0	False	False	True	False	False	True	True
HDAC5							1.0	9.0	9.0	False	False	True	False	False	True	True
HDAC6	1.0	23.0	23.0				1.0	9.0	9.0	True	False	True	False	True	True	True
HDAC7							1.0	9.0	9.0	False	False	True	False	False	True	True
HDAC8							1.0	9.0	9.0	False	False	True	False	False	True	True
HDAC9							0.5556	5.0	9.0	False	False	True	False	False	True	False
HDDC2							1.0	9.0	9.0	False	False	True	False	False	True	True
HDDC3	0.913	21.0	23.0				1.0	9.0	9.0	True	False	True	False	True	True	True
HDGF	1.0	23.0	23.0	1.0	19.0	19.0	1.0	9.0	9.0	True	True	True	True	True	True	True
HDGFL2							1.0	9.0	9.0	False	False	True	False	False	True	False
HDGFL3	1.0	23.0	23.0	1.0	19.0	19.0	1.0	9.0	9.0	True	True	True	True	True	True	False
HDHD2	1.0	23.0	23.0	1.0	19.0	19.0	1.0	9.0	9.0	True	True	True	True	True	True	True
HDHD3							1.0	9.0	9.0	False	False	True	False	False	True	True
HDHD5				1.0	19.0	19.0	1.0	9.0	9.0	False	True	True	False	True	True	False
HDLBP	1.0	23.0	23.0	1.0	19.0	19.0	1.0	9.0	9.0	True	True	True	True	True	True	True
HEATR1							1.0	9.0	9.0	False	False	True	False	False	True	True
HEATR3							1.0	9.0	9.0	False	False	True	False	False	True	True
HEATR5A							1.0	9.0	9.0	False	False	True	False	False	True	True
HEATR5B							1.0	9.0	9.0	False	False	True	False	False	True	True
HEATR6							1.0	9.0	9.0	False	False	True	False	False	True	True
HEBP1	1.0	23.0	23.0	1.0	19.0	19.0	1.0	9.0	9.0	True	True	True	True	True	True	True
HEBP2							1.0	9.0	9.0	False	False	True	False	False	True	True
HECA							1.0	9.0	9.0	False	False	True	False	False	True	True
HECTD1							1.0	9.0	9.0	False	False	True	False	False	True	True
HECTD2							1.0	9.0	9.0	False	False	True	False	False	True	False
HECTD3							1.0	9.0	9.0	False	False	True	False	False	True	True
HECTD4							1.0	9.0	9.0	False	False	True	False	False	True	False
HECW2							1.0	9.0	9.0	False	False	True	False	False	True	False
HEG1							1.0	9.0	9.0	False	False	True	False	False	True	True
HELB							1.0	9.0	9.0	False	False	True	False	False	True	True
HELLS							1.0	9.0	9.0	False	False	True	False	False	True	False
HELQ							1.0	9.0	9.0	False	False	True	False	False	True	True
HELZ							1.0	9.0	9.0	False	False	True	False	False	True	True
HELZ2							1.0	9.0	9.0	False	False	True	False	False	True	True
HEMK1							1.0	9.0	9.0	False	False	True	False	False	True	True
HEMK2	0.8261	19.0	23.0				1.0	9.0	9.0	True	False	True	False	True	True	True
HEPACAM2							1.0	9.0	9.0	False	False	True	False	False	True	True
HEPH							1.0	9.0	9.0	False	False	True	False	False	True	False
HERC1							1.0	9.0	9.0	False	False	True	False	False	True	True
HERC2							1.0	9.0	9.0	False	False	True	False	False	True	True
HERC3							1.0	9.0	9.0	False	False	True	False	False	True	True
HERC4	0.8261	19.0	23.0				1.0	9.0	9.0	True	False	True	False	True	True	True
HERC6							1.0	9.0	9.0	False	False	True	False	False	True	True
HERPUD1							1.0	9.0	9.0	False	False	True	False	False	True	True
HERPUD2							1.0	9.0	9.0	False	False	True	False	False	True	True
HES1							1.0	9.0	9.0	False	False	True	False	False	True	True
HEXA	1.0	23.0	23.0	1.0	19.0	19.0	1.0	9.0	9.0	True	True	True	True	True	True	True
HEXB	1.0	23.0	23.0	1.0	19.0	19.0	1.0	9.0	9.0	True	True	True	True	True	True	True
HEXD							1.0	9.0	9.0	False	False	True	False	False	True	False
HEXIM1							1.0	9.0	9.0	False	False	True	False	False	True	True
HEXIM2							1.0	9.0	9.0	False	False	True	False	False	True	True
HFE							1.0	9.0	9.0	False	False	True	False	False	True	True
HGD	1.0	23.0	23.0	0.9474	18.0	19.0	1.0	9.0	9.0	True	True	True	True	True	True	True
HGF							1.0	9.0	9.0	False	False	True	False	False	True	True
HGFAC				1.0	19.0	19.0	1.0	9.0	9.0	False	True	True	False	True	True	False
HGH1	0.6957	16.0	23.0	1.0	19.0	19.0	1.0	9.0	9.0	True	True	True	True	True	True	True
HGS	1.0	23.0	23.0	1.0	19.0	19.0	1.0	9.0	9.0	True	True	True	True	True	True	True
HGSNAT							1.0	9.0	9.0	False	False	True	False	False	True	True
HHAT							0.8889	8.0	9.0	False	False	True	False	False	True	False
HHATL							1.0	9.0	9.0	False	False	True	False	False	True	False
HHEX							0.8889	8.0	9.0	False	False	True	False	False	True	False
HIBADH	1.0	23.0	23.0	1.0	19.0	19.0	1.0	9.0	9.0	True	True	True	True	True	True	True
HIBCH	0.9565	22.0	23.0	1.0	19.0	19.0	1.0	9.0	9.0	True	True	True	True	True	True	True
HIC1							1.0	9.0	9.0	False	False	True	False	False	True	True
HID1							1.0	9.0	9.0	False	False	True	False	False	True	False
HIDE1							1.0	9.0	9.0	False	False	True	False	False	False	False
HIF1A							0.7778	7.0	9.0	False	False	True	False	False	True	True
HIF1AN							1.0	9.0	9.0	False	False	True	False	False	True	True
HIGD1A							0.8889	8.0	9.0	False	False	True	False	False	True	True
HIGD1B							0.8889	8.0	9.0	False	False	True	False	False	True	False
HIGD2A							0.6667	6.0	9.0	False	False	True	False	False	True	True
HIKESHI							1.0	9.0	9.0	False	False	True	False	False	True	False
HINFP							1.0	9.0	9.0	False	False	True	False	False	True	True
HINT1	1.0	23.0	23.0	1.0	19.0	19.0	1.0	9.0	9.0	True	True	True	True	True	True	True
HINT2	0.9565	22.0	23.0	0.8947	17.0	19.0	1.0	9.0	9.0	True	True	True	True	True	True	True
HINT3	1.0	23.0	23.0	0.8421	16.0	19.0	1.0	9.0	9.0	True	True	True	True	True	True	True
HIP1	1.0	23.0	23.0	1.0	19.0	19.0	1.0	9.0	9.0	True	True	True	True	True	True	True
HIP1R	1.0	23.0	23.0				1.0	9.0	9.0	True	False	True	False	True	True	True
HIPK1							1.0	9.0	9.0	False	False	True	False	False	True	True
HIPK2							1.0	9.0	9.0	False	False	True	False	False	True	True
HIPK3							1.0	9.0	9.0	False	False	True	False	False	True	True
HIRA							1.0	9.0	9.0	False	False	True	False	False	True	False
HIRIP3							1.0	9.0	9.0	False	False	True	False	False	True	True
HIVEP1							1.0	9.0	9.0	False	False	True	False	False	True	True
HIVEP2							1.0	9.0	9.0	False	False	True	False	False	True	True
HIVEP3							1.0	9.0	9.0	False	False	True	False	False	True	False
HJURP							0.8889	8.0	9.0	False	False	True	False	False	True	False
HJV							0.6667	6.0	9.0	False	False	True	False	False	True	False
HK1	1.0	23.0	23.0	1.0	19.0	19.0	1.0	9.0	9.0	True	True	True	True	True	True	True
HK2							1.0	9.0	9.0	False	False	True	False	False	True	False
HK3							1.0	9.0	9.0	False	False	True	False	False	True	False
HKDC1							1.0	9.0	9.0	False	False	True	False	False	True	True
HLA-DMA							1.0	9.0	9.0	False	False	True	False	False	True	False
HLA-DOB							0.7778	7.0	9.0	False	False	True	False	False	True	False
HLA-F							0.3333	3.0	9.0	False	False	False	False	False	True	False
HLCS							1.0	9.0	9.0	False	False	True	False	False	True	True
HLTF							1.0	9.0	9.0	False	False	True	False	False	True	True
HLX							1.0	9.0	9.0	False	False	True	False	False	True	True
HM13	1.0	23.0	23.0	0.8421	16.0	19.0	1.0	9.0	9.0	True	True	True	True	True	True	True
HMBOX1							1.0	9.0	9.0	False	False	True	False	False	True	True
HMBS	1.0	23.0	23.0	1.0	19.0	19.0	1.0	9.0	9.0	True	True	True	True	True	True	True
HMCES							1.0	9.0	9.0	False	False	True	False	False	True	True
HMCN1							1.0	9.0	9.0	False	False	True	False	False	True	False
HMG20A							1.0	9.0	9.0	False	False	True	False	False	True	True
HMG20B							1.0	9.0	9.0	False	False	True	False	False	True	True
HMGA1	0.6522	15.0	23.0				1.0	9.0	9.0	True	False	True	False	True	True	True
HMGA2							1.0	9.0	9.0	False	False	True	False	False	True	False
HMGB1	1.0	23.0	23.0	1.0	19.0	19.0	1.0	9.0	9.0	True	True	True	True	True	True	True
HMGB2	1.0	23.0	23.0	1.0	19.0	19.0	1.0	9.0	9.0	True	True	True	True	True	True	True
HMGB3	1.0	23.0	23.0	1.0	19.0	19.0	1.0	9.0	9.0	True	True	True	True	True	True	True
HMGCL							1.0	9.0	9.0	False	False	True	False	False	True	True
HMGCLL1							0.5556	5.0	9.0	False	False	True	False	False	False	False
HMGCR							1.0	9.0	9.0	False	False	True	False	False	True	True
HMGCS1							1.0	9.0	9.0	False	False	True	False	False	True	True
HMGCS2							1.0	9.0	9.0	False	False	True	False	False	True	False
HMGN2							1.0	9.0	9.0	False	False	True	False	False	True	False
HMGN3							1.0	9.0	9.0	False	False	True	False	False	True	True
HMGN5							1.0	9.0	9.0	False	False	True	False	False	True	True
HMGXB3							1.0	9.0	9.0	False	False	True	False	False	True	True
HMGXB4							1.0	9.0	9.0	False	False	True	False	False	True	True
HMMR							0.7778	7.0	9.0	False	False	True	False	False	True	False
HMOX1							1.0	9.0	9.0	False	False	True	False	False	True	True
HMOX2	1.0	23.0	23.0				1.0	9.0	9.0	True	False	True	False	True	True	True
HNF1A							1.0	9.0	9.0	False	False	True	False	False	True	True
HNF1B							1.0	9.0	9.0	False	False	True	False	False	True	True
HNF4A							1.0	9.0	9.0	False	False	True	False	False	True	True
HNF4G							1.0	9.0	9.0	False	False	True	False	False	True	True
HNMT	1.0	23.0	23.0	1.0	19.0	19.0	1.0	9.0	9.0	True	True	True	True	True	True	True
HNRNPA0							1.0	9.0	9.0	False	False	True	False	False	True	True
HNRNPA1	1.0	23.0	23.0	1.0	19.0	19.0	1.0	9.0	9.0	True	True	True	True	True	True	True
HNRNPA2B1	1.0	23.0	23.0	1.0	19.0	19.0	1.0	9.0	9.0	True	True	True	True	True	True	True
HNRNPA3	1.0	23.0	23.0	1.0	19.0	19.0	1.0	9.0	9.0	True	True	True	True	True	True	True
HNRNPAB	1.0	23.0	23.0	1.0	19.0	19.0	1.0	9.0	9.0	True	True	True	True	True	True	True
HNRNPC	1.0	23.0	23.0	1.0	19.0	19.0	1.0	9.0	9.0	True	True	True	True	True	True	True
HNRNPD	1.0	23.0	23.0	1.0	19.0	19.0	1.0	9.0	9.0	True	True	True	True	True	True	True
HNRNPDL	1.0	23.0	23.0	1.0	19.0	19.0	1.0	9.0	9.0	True	True	True	True	True	True	True
HNRNPF	1.0	23.0	23.0	1.0	19.0	19.0	1.0	9.0	9.0	True	True	True	True	True	True	True
HNRNPH1	1.0	23.0	23.0	1.0	19.0	19.0	1.0	9.0	9.0	True	True	True	True	True	True	True
HNRNPH2	1.0	23.0	23.0	1.0	19.0	19.0	1.0	9.0	9.0	True	True	True	True	True	True	True
HNRNPH3	1.0	23.0	23.0	1.0	19.0	19.0	1.0	9.0	9.0	True	True	True	True	True	True	True
HNRNPK	1.0	23.0	23.0	1.0	19.0	19.0	1.0	9.0	9.0	True	True	True	True	True	True	True
HNRNPL	1.0	23.0	23.0	1.0	19.0	19.0	1.0	9.0	9.0	True	True	True	True	True	True	True
HNRNPLL	0.8696	20.0	23.0	1.0	19.0	19.0	1.0	9.0	9.0	True	True	True	True	True	True	True
HNRNPM	1.0	23.0	23.0	1.0	19.0	19.0	1.0	9.0	9.0	True	True	True	True	True	True	True
HNRNPR	1.0	23.0	23.0	1.0	19.0	19.0	1.0	9.0	9.0	True	True	True	True	True	True	True
HNRNPU	1.0	23.0	23.0	1.0	19.0	19.0	1.0	9.0	9.0	True	True	True	True	True	True	True
HNRNPUL1	1.0	23.0	23.0	1.0	19.0	19.0	1.0	9.0	9.0	True	True	True	True	True	True	True
HNRNPUL2	1.0	23.0	23.0	1.0	19.0	19.0	1.0	9.0	9.0	True	True	True	True	True	True	True
HOGA1	0.9565	22.0	23.0	1.0	19.0	19.0	1.0	9.0	9.0	True	True	True	True	True	True	True
HOMER1							1.0	9.0	9.0	False	False	True	False	False	True	True
HOMER3							1.0	9.0	9.0	False	False	True	False	False	True	True
HOMEZ							1.0	9.0	9.0	False	False	True	False	False	True	True
HOOK1							1.0	9.0	9.0	False	False	True	False	False	True	True
HOOK2							1.0	9.0	9.0	False	False	True	False	False	True	True
HOOK3							1.0	9.0	9.0	False	False	True	False	False	True	True
HOPX							1.0	9.0	9.0	False	False	True	False	False	True	True
HOXA10							1.0	9.0	9.0	False	False	True	False	False	True	True
HOXA11							1.0	9.0	9.0	False	False	True	False	False	True	True
HOXA5							1.0	9.0	9.0	False	False	True	False	False	True	True
HOXA7							1.0	9.0	9.0	False	False	True	False	False	True	True
HOXA9							1.0	9.0	9.0	False	False	True	False	False	True	True
HOXB4							1.0	9.0	9.0	False	False	True	False	False	True	True
HOXB5							0.8889	8.0	9.0	False	False	True	False	False	True	True
HOXB6							1.0	9.0	9.0	False	False	True	False	False	True	True
HOXB7							0.7778	7.0	9.0	False	False	True	False	False	True	True
HOXB8							1.0	9.0	9.0	False	False	True	False	False	True	True
HOXB9							1.0	9.0	9.0	False	False	True	False	False	True	True
HOXC10							1.0	9.0	9.0	False	False	True	False	False	True	True
HOXC8							1.0	9.0	9.0	False	False	True	False	False	True	True
HOXC9							1.0	9.0	9.0	False	False	True	False	False	True	True
HOXD10							1.0	9.0	9.0	False	False	True	False	False	True	True
HOXD11							0.3333	3.0	9.0	False	False	False	False	False	True	False
HOXD4							0.5556	5.0	9.0	False	False	True	False	False	True	False
HOXD8							1.0	9.0	9.0	False	False	True	False	False	True	True
HOXD9							1.0	9.0	9.0	False	False	True	False	False	True	True
HP	1.0	23.0	23.0	1.0	19.0	19.0	1.0	9.0	9.0	True	True	True	True	True	True	True
HP1BP3	1.0	23.0	23.0	1.0	19.0	19.0	1.0	9.0	9.0	True	True	True	True	True	True	True
HPCAL1	1.0	23.0	23.0	1.0	19.0	19.0	1.0	9.0	9.0	True	True	True	True	True	True	True
HPCAL4							1.0	9.0	9.0	False	False	True	False	False	True	False
HPD	1.0	23.0	23.0	0.8421	16.0	19.0	1.0	9.0	9.0	True	True	True	True	True	True	True
HPDL							1.0	9.0	9.0	False	False	True	False	False	True	False
HPF1							1.0	9.0	9.0	False	False	True	False	False	True	False
HPGD	0.9565	22.0	23.0	0.9474	18.0	19.0	1.0	9.0	9.0	True	True	True	True	True	True	True
HPGDS							1.0	9.0	9.0	False	False	True	False	False	True	False
HPN							1.0	9.0	9.0	False	False	True	False	False	True	True
HPRT1	1.0	23.0	23.0	0.9474	18.0	19.0	1.0	9.0	9.0	True	True	True	True	True	True	False
HPS1							1.0	9.0	9.0	False	False	True	False	False	True	True
HPS3							1.0	9.0	9.0	False	False	True	False	False	True	True
HPS4							1.0	9.0	9.0	False	False	True	False	False	True	True
HPS5							1.0	9.0	9.0	False	False	True	False	False	True	True
HPS6							1.0	9.0	9.0	False	False	True	False	False	True	True
HPSE							0.8889	8.0	9.0	False	False	True	False	False	True	False
HPX							1.0	9.0	9.0	False	False	True	False	False	False	False
HRAS							1.0	9.0	9.0	False	False	True	False	False	True	True
HRC							1.0	9.0	9.0	False	False	True	False	False	True	False
HRG	1.0	23.0	23.0	1.0	19.0	19.0	1.0	9.0	9.0	True	True	True	True	True	True	True
HS1BP3	1.0	23.0	23.0	1.0	19.0	19.0	1.0	9.0	9.0	True	True	True	True	True	True	True
HS2ST1							1.0	9.0	9.0	False	False	True	False	False	True	True
HS3ST6							0.7778	7.0	9.0	False	False	True	False	False	True	True
HS6ST1							1.0	9.0	9.0	False	False	True	False	False	True	True
HS6ST2							1.0	9.0	9.0	False	False	True	False	False	True	True
HSBP1	1.0	23.0	23.0	0.8421	16.0	19.0	1.0	9.0	9.0	True	True	True	True	True	True	True
HSCB	1.0	23.0	23.0	1.0	19.0	19.0	1.0	9.0	9.0	True	True	True	True	True	True	True
HSD11B1	1.0	23.0	23.0	0.8947	17.0	19.0	1.0	9.0	9.0	True	True	True	True	True	True	True
HSD11B2	1.0	23.0	23.0	1.0	19.0	19.0	1.0	9.0	9.0	True	True	True	True	True	True	True
HSD17B10	1.0	23.0	23.0	1.0	19.0	19.0	1.0	9.0	9.0	True	True	True	True	True	True	True
HSD17B11	1.0	23.0	23.0	1.0	19.0	19.0	1.0	9.0	9.0	True	True	True	True	True	True	True
HSD17B12	1.0	23.0	23.0	1.0	19.0	19.0	1.0	9.0	9.0	True	True	True	True	True	True	True
HSD17B14							0.6667	6.0	9.0	False	False	True	False	False	True	False
HSD17B2							1.0	9.0	9.0	False	False	True	False	False	True	False
HSD17B4	1.0	23.0	23.0	0.9474	18.0	19.0	1.0	9.0	9.0	True	True	True	True	True	True	True
HSD17B6	1.0	23.0	23.0	0.8947	17.0	19.0				True	True	False	False	False	True	False
HSD17B7							1.0	9.0	9.0	False	False	True	False	False	True	True
HSD17B8	1.0	23.0	23.0	1.0	19.0	19.0	1.0	9.0	9.0	True	True	True	True	True	True	False
HSD3B1							0.2222	2.0	9.0	False	False	False	False	False	True	False
HSD3B2							1.0	9.0	9.0	False	False	True	False	False	True	True
HSD3B3							1.0	9.0	9.0	False	False	True	False	False	True	False
HSD3B7							1.0	9.0	9.0	False	False	True	False	False	True	True
HSDL1							1.0	9.0	9.0	False	False	True	False	False	True	True
HSDL2	1.0	23.0	23.0	1.0	19.0	19.0	1.0	9.0	9.0	True	True	True	True	True	True	True
HSF1							1.0	9.0	9.0	False	False	True	False	False	True	True
HSF2							0.6667	6.0	9.0	False	False	True	False	False	True	True
HSP90AA1	1.0	23.0	23.0	1.0	19.0	19.0	1.0	9.0	9.0	True	True	True	True	True	True	True
HSP90AB1	1.0	23.0	23.0	1.0	19.0	19.0	1.0	9.0	9.0	True	True	True	True	True	True	True
HSP90B1	1.0	23.0	23.0	1.0	19.0	19.0	1.0	9.0	9.0	True	True	True	True	True	True	True
HSPA12A	1.0	23.0	23.0	1.0	19.0	19.0	1.0	9.0	9.0	True	True	True	True	True	True	True
HSPA12B	0.6522	15.0	23.0	0.8421	16.0	19.0	1.0	9.0	9.0	True	True	True	True	True	True	True
HSPA13							1.0	9.0	9.0	False	False	True	False	False	True	True
HSPA14							1.0	9.0	9.0	False	False	True	False	False	True	True
HSPA1A							1.0	9.0	9.0	False	False	True	False	False	True	False
HSPA1B							1.0	9.0	9.0	False	False	True	False	False	True	False
HSPA1L							1.0	9.0	9.0	False	False	True	False	False	False	False
HSPA2	1.0	23.0	23.0	1.0	19.0	19.0	1.0	9.0	9.0	True	True	True	True	True	True	True
HSPA4	1.0	23.0	23.0	1.0	19.0	19.0	1.0	9.0	9.0	True	True	True	True	True	True	True
HSPA4L							1.0	9.0	9.0	False	False	True	False	False	True	False
HSPA5	1.0	23.0	23.0	1.0	19.0	19.0	1.0	9.0	9.0	True	True	True	True	True	True	True
HSPA8	1.0	23.0	23.0	1.0	19.0	19.0	1.0	9.0	9.0	True	True	True	True	True	True	True
HSPA9	1.0	23.0	23.0	1.0	19.0	19.0	1.0	9.0	9.0	True	True	True	True	True	True	True
HSPB1	1.0	23.0	23.0	1.0	19.0	19.0	1.0	9.0	9.0	True	True	True	True	True	True	True
HSPB6	1.0	23.0	23.0	1.0	19.0	19.0	0.6667	6.0	9.0	True	True	True	True	True	True	True
HSPB7							0.8889	8.0	9.0	False	False	True	False	False	True	True
HSPB8							1.0	9.0	9.0	False	False	True	False	False	True	True
HSPBAP1							1.0	9.0	9.0	False	False	True	False	False	True	True
HSPBP1							1.0	9.0	9.0	False	False	True	False	False	True	True
HSPD1	1.0	23.0	23.0	1.0	19.0	19.0	1.0	9.0	9.0	True	True	True	True	True	True	True
HSPE1	1.0	23.0	23.0	1.0	19.0	19.0	1.0	9.0	9.0	True	True	True	True	True	True	False
HSPG2	1.0	23.0	23.0	1.0	19.0	19.0	1.0	9.0	9.0	True	True	True	True	True	True	True
HSPH1	1.0	23.0	23.0	1.0	19.0	19.0	1.0	9.0	9.0	True	True	True	True	True	True	True
HTATIP2	1.0	23.0	23.0	1.0	19.0	19.0	1.0	9.0	9.0	True	True	True	True	True	True	True
HTATSF1							1.0	9.0	9.0	False	False	True	False	False	True	True
HTR1B							0.5556	5.0	9.0	False	False	True	False	False	False	False
HTRA1				1.0	19.0	19.0	1.0	9.0	9.0	False	True	True	False	True	True	True
HTRA2	1.0	23.0	23.0	0.8421	16.0	19.0	1.0	9.0	9.0	True	True	True	True	True	True	True
HTRA3							0.6667	6.0	9.0	False	False	True	False	False	True	False
HTRA4							1.0	9.0	9.0	False	False	True	False	False	True	False
HTT							1.0	9.0	9.0	False	False	True	False	False	True	True
HUNK							1.0	9.0	9.0	False	False	True	False	False	True	True
HUS1							1.0	9.0	9.0	False	False	True	False	False	True	True
HUWE1	1.0	23.0	23.0	1.0	19.0	19.0	1.0	9.0	9.0	True	True	True	True	True	True	True
HVCN1							1.0	9.0	9.0	False	False	True	False	False	True	True
HYAL1							1.0	9.0	9.0	False	False	True	False	False	True	True
HYAL2							1.0	9.0	9.0	False	False	True	False	False	True	False
HYCC1							1.0	9.0	9.0	False	False	True	False	False	True	False
HYCC2							1.0	9.0	9.0	False	False	True	False	False	False	False
HYI	1.0	23.0	23.0	1.0	19.0	19.0				True	True	False	False	False	True	True
HYKK	1.0	23.0	23.0	0.8421	16.0	19.0	1.0	9.0	9.0	True	True	True	True	True	True	True
HYLS1							1.0	9.0	9.0	False	False	True	False	False	True	False
HYOU1	1.0	23.0	23.0	1.0	19.0	19.0	1.0	9.0	9.0	True	True	True	True	True	True	True
HYPK							1.0	9.0	9.0	False	False	True	False	False	True	False
IAH1	1.0	23.0	23.0	0.7895	15.0	19.0	1.0	9.0	9.0	True	True	True	True	True	True	True
IAP							1.0	9.0	9.0	False	False	True	False	False	False	False
IARS1							1.0	9.0	9.0	False	False	True	False	False	False	False
IARS2	1.0	23.0	23.0	1.0	19.0	19.0	1.0	9.0	9.0	True	True	True	True	True	True	True
IBA57	1.0	23.0	23.0	1.0	19.0	19.0	1.0	9.0	9.0	True	True	True	True	True	True	True
IBTK							1.0	9.0	9.0	False	False	True	False	False	True	True
ICA1							1.0	9.0	9.0	False	False	True	False	False	True	True
ICAM1	1.0	23.0	23.0	1.0	19.0	19.0	1.0	9.0	9.0	True	True	True	True	True	True	True
ICAM2							1.0	9.0	9.0	False	False	True	False	False	True	True
ICE1							1.0	9.0	9.0	False	False	True	False	False	True	True
ICE2							1.0	9.0	9.0	False	False	True	False	False	True	True
ICMT							1.0	9.0	9.0	False	False	True	False	False	True	True
ICOSLG							1.0	9.0	9.0	False	False	True	False	False	True	True
ID1							1.0	9.0	9.0	False	False	True	False	False	True	True
ID2							0.8889	8.0	9.0	False	False	True	False	False	True	True
IDE	1.0	23.0	23.0	1.0	19.0	19.0	1.0	9.0	9.0	True	True	True	True	True	True	True
IDH1	1.0	23.0	23.0	0.9474	18.0	19.0	1.0	9.0	9.0	True	True	True	True	True	True	True
IDH2	1.0	23.0	23.0	1.0	19.0	19.0	1.0	9.0	9.0	True	True	True	True	True	True	True
IDH3A	1.0	23.0	23.0	1.0	19.0	19.0	1.0	9.0	9.0	True	True	True	True	True	True	True
IDH3B	1.0	23.0	23.0	1.0	19.0	19.0	1.0	9.0	9.0	True	True	True	True	True	True	True
IDH3G	1.0	23.0	23.0	1.0	19.0	19.0	1.0	9.0	9.0	True	True	True	True	True	True	True
IDI1	1.0	23.0	23.0	1.0	19.0	19.0	1.0	9.0	9.0	True	True	True	True	True	True	False
IDNK							1.0	9.0	9.0	False	False	True	False	False	True	True
IDO2	0.5652	13.0	23.0				1.0	9.0	9.0	True	False	True	False	True	True	True
IDS							1.0	9.0	9.0	False	False	True	False	False	True	True
IDUA							1.0	9.0	9.0	False	False	True	False	False	True	True
IER3IP1							0.7778	7.0	9.0	False	False	True	False	False	True	True
IER5							0.7778	7.0	9.0	False	False	True	False	False	True	True
IFFO1							0.7778	7.0	9.0	False	False	True	False	False	True	True
IFFO2							0.8889	8.0	9.0	False	False	True	False	False	True	True
IFI203							1.0	9.0	9.0	False	False	True	False	False	True	False
IFI204							1.0	9.0	9.0	False	False	True	False	False	True	False
IFI205A							1.0	9.0	9.0	False	False	True	False	False	False	False
IFI207							1.0	9.0	9.0	False	False	True	False	False	True	False
IFI208							0.1111	1.0	9.0	False	False	False	False	False	False	False
IFI211							1.0	9.0	9.0	False	False	True	False	False	True	False
IFI214							0.2222	2.0	9.0	False	False	False	False	False	False	False
IFI27L2B							0.7778	7.0	9.0	False	False	True	False	False	True	False
IFI30	1.0	23.0	23.0	1.0	19.0	19.0	1.0	9.0	9.0	True	True	True	True	True	True	True
IFI35							1.0	9.0	9.0	False	False	True	False	False	True	True
IFI44				0.4211	8.0	19.0	1.0	9.0	9.0	False	False	True	False	False	True	True
IFI47							1.0	9.0	9.0	False	False	True	False	False	True	False
IFIH1							1.0	9.0	9.0	False	False	True	False	False	True	True
IFIT1							1.0	9.0	9.0	False	False	True	False	False	True	False
IFIT1BL1							0.4444	4.0	9.0	False	False	False	False	False	True	False
IFIT2							1.0	9.0	9.0	False	False	True	False	False	True	True
IFIT3							1.0	9.0	9.0	False	False	True	False	False	True	True
IFIT3B							1.0	9.0	9.0	False	False	True	False	False	True	False
IFIT5	0.8696	20.0	23.0	1.0	19.0	19.0				True	True	False	False	False	True	False
IFITM1							0.3333	3.0	9.0	False	False	False	False	False	True	False
IFITM2							1.0	9.0	9.0	False	False	True	False	False	True	False
IFITM3							1.0	9.0	9.0	False	False	True	False	False	True	False
IFNAR1							1.0	9.0	9.0	False	False	True	False	False	True	True
IFNAR2							1.0	9.0	9.0	False	False	True	False	False	True	True
IFNGR1							1.0	9.0	9.0	False	False	True	False	False	True	True
IFNGR2							0.8889	8.0	9.0	False	False	True	False	False	True	True
IFRD1							1.0	9.0	9.0	False	False	True	False	False	True	True
IFRD2							1.0	9.0	9.0	False	False	True	False	False	True	True
IFT122							1.0	9.0	9.0	False	False	True	False	False	True	True
IFT140							1.0	9.0	9.0	False	False	True	False	False	True	True
IFT172							1.0	9.0	9.0	False	False	True	False	False	True	True
IFT20							1.0	9.0	9.0	False	False	True	False	False	True	True
IFT22							1.0	9.0	9.0	False	False	True	False	False	True	True
IFT25							1.0	9.0	9.0	False	False	True	False	False	False	False
IFT27							1.0	9.0	9.0	False	False	True	False	False	True	True
IFT43							1.0	9.0	9.0	False	False	True	False	False	True	True
IFT46							1.0	9.0	9.0	False	False	True	False	False	True	True
IFT52							1.0	9.0	9.0	False	False	True	False	False	True	True
IFT56							1.0	9.0	9.0	False	False	True	False	False	True	False
IFT57							1.0	9.0	9.0	False	False	True	False	False	True	True
IFT70A1							1.0	9.0	9.0	False	False	True	False	False	False	False
IFT70B							1.0	9.0	9.0	False	False	True	False	False	False	False
IFT74							1.0	9.0	9.0	False	False	True	False	False	True	True
IFT80							1.0	9.0	9.0	False	False	True	False	False	True	True
IFT81							1.0	9.0	9.0	False	False	True	False	False	True	True
IFT88							1.0	9.0	9.0	False	False	True	False	False	True	True
IFTAP							1.0	9.0	9.0	False	False	True	False	False	True	False
IGBP1				0.8947	17.0	19.0	1.0	9.0	9.0	False	True	True	False	True	True	True
IGDCC4							0.6667	6.0	9.0	False	False	True	False	False	True	False
IGF1							1.0	9.0	9.0	False	False	True	False	False	True	True
IGF1R							1.0	9.0	9.0	False	False	True	False	False	True	True
IGF2BP1							1.0	9.0	9.0	False	False	True	False	False	True	False
IGF2BP2							1.0	9.0	9.0	False	False	True	False	False	True	True
IGF2BP3							1.0	9.0	9.0	False	False	True	False	False	False	False
IGF2R	1.0	23.0	23.0	1.0	19.0	19.0	1.0	9.0	9.0	True	True	True	True	True	True	True
IGFALS	0.913	21.0	23.0	1.0	19.0	19.0	1.0	9.0	9.0	True	True	True	True	True	True	False
IGFBP1							1.0	9.0	9.0	False	False	True	False	False	True	True
IGFBP2	1.0	23.0	23.0	0.9474	18.0	19.0	1.0	9.0	9.0	True	True	True	True	True	True	True
IGFBP3				1.0	19.0	19.0	1.0	9.0	9.0	False	True	True	False	True	True	True
IGFBP4				0.5263	10.0	19.0	1.0	9.0	9.0	False	True	True	False	True	True	True
IGFBP5							1.0	9.0	9.0	False	False	True	False	False	True	True
IGFBP6							1.0	9.0	9.0	False	False	True	False	False	True	True
IGFBP7	1.0	23.0	23.0	1.0	19.0	19.0	1.0	9.0	9.0	True	True	True	True	True	True	True
IGHA							1.0	9.0	9.0	False	False	True	False	False	True	False
IGHG1							1.0	9.0	9.0	False	False	True	False	False	True	False
IGHG2B							1.0	9.0	9.0	False	False	True	False	False	True	False
IGHG2C							1.0	9.0	9.0	False	False	True	False	False	True	False
IGHG3							0.6667	6.0	9.0	False	False	True	False	False	True	False
IGHM							1.0	9.0	9.0	False	False	True	False	False	True	False
IGHMBP2							1.0	9.0	9.0	False	False	True	False	False	True	True
IGHV1-11							0.7778	7.0	9.0	False	False	True	False	False	False	False
IGHV1-12							0.2222	2.0	9.0	False	False	False	False	False	True	False
IGHV1-15							1.0	9.0	9.0	False	False	True	False	False	True	False
IGHV1-18							1.0	9.0	9.0	False	False	True	False	False	True	False
IGHV1-20							0.7778	7.0	9.0	False	False	True	False	False	True	False
IGHV1-36							0.5556	5.0	9.0	False	False	True	False	False	True	False
IGHV1-39							1.0	9.0	9.0	False	False	True	False	False	True	False
IGHV1-42							0.6667	6.0	9.0	False	False	True	False	False	True	False
IGHV1-43							1.0	9.0	9.0	False	False	True	False	False	True	False
IGHV1-47							0.7778	7.0	9.0	False	False	True	False	False	True	False
IGHV1-49							0.1111	1.0	9.0	False	False	False	False	False	False	False
IGHV1-5							0.6667	6.0	9.0	False	False	True	False	False	True	False
IGHV1-52							1.0	9.0	9.0	False	False	True	False	False	True	False
IGHV1-53							1.0	9.0	9.0	False	False	True	False	False	True	False
IGHV1-54							0.8889	8.0	9.0	False	False	True	False	False	True	False
IGHV1-55							1.0	9.0	9.0	False	False	True	False	False	True	False
IGHV1-56							0.5556	5.0	9.0	False	False	True	False	False	True	False
IGHV1-58							0.4444	4.0	9.0	False	False	False	False	False	True	False
IGHV1-59							1.0	9.0	9.0	False	False	True	False	False	True	False
IGHV1-61							1.0	9.0	9.0	False	False	True	False	False	True	False
IGHV1-62-1							1.0	9.0	9.0	False	False	True	False	False	False	False
IGHV1-62-2							0.7778	7.0	9.0	False	False	True	False	False	True	False
IGHV1-63							0.8889	8.0	9.0	False	False	True	False	False	True	False
IGHV1-64							1.0	9.0	9.0	False	False	True	False	False	True	False
IGHV1-66							0.8889	8.0	9.0	False	False	True	False	False	True	False
IGHV1-69							0.6667	6.0	9.0	False	False	True	False	False	True	False
IGHV1-75							0.8889	8.0	9.0	False	False	True	False	False	True	False
IGHV1-76							1.0	9.0	9.0	False	False	True	False	False	True	False
IGHV1-77							1.0	9.0	9.0	False	False	True	False	False	True	False
IGHV1-78							1.0	9.0	9.0	False	False	True	False	False	True	False
IGHV1-80							0.5556	5.0	9.0	False	False	True	False	False	True	False
IGHV1-81							1.0	9.0	9.0	False	False	True	False	False	True	False
IGHV1-82							1.0	9.0	9.0	False	False	True	False	False	True	False
IGHV1-85							0.7778	7.0	9.0	False	False	True	False	False	True	False
IGHV1-9							1.0	9.0	9.0	False	False	True	False	False	True	False
IGHV10-1							1.0	9.0	9.0	False	False	True	False	False	True	False
IGHV10-3							1.0	9.0	9.0	False	False	True	False	False	True	False
IGHV11-1							0.6667	6.0	9.0	False	False	True	False	False	False	False
IGHV13-2							0.8889	8.0	9.0	False	False	True	False	False	False	False
IGHV14-1							0.7778	7.0	9.0	False	False	True	False	False	True	False
IGHV14-2							1.0	9.0	9.0	False	False	True	False	False	True	False
IGHV14-3							1.0	9.0	9.0	False	False	True	False	False	True	False
IGHV14-4							0.6667	6.0	9.0	False	False	True	False	False	True	False
IGHV2-2							0.8889	8.0	9.0	False	False	True	False	False	True	False
IGHV2-5							1.0	9.0	9.0	False	False	True	False	False	True	False
IGHV2-6							0.8889	8.0	9.0	False	False	True	False	False	True	False
IGHV2-9							0.5556	5.0	9.0	False	False	True	False	False	True	False
IGHV3-1							0.7778	7.0	9.0	False	False	True	False	False	True	False
IGHV3-3							0.2222	2.0	9.0	False	False	False	False	False	False	False
IGHV4-1							1.0	9.0	9.0	False	False	True	False	False	True	False
IGHV5-12							0.7778	7.0	9.0	False	False	True	False	False	True	False
IGHV5-12-4							0.1111	1.0	9.0	False	False	False	False	False	False	False
IGHV5-15							0.2222	2.0	9.0	False	False	False	False	False	True	False
IGHV5-16							1.0	9.0	9.0	False	False	True	False	False	True	False
IGHV5-17							1.0	9.0	9.0	False	False	True	False	False	True	False
IGHV5-4							1.0	9.0	9.0	False	False	True	False	False	True	False
IGHV5-9							0.4444	4.0	9.0	False	False	False	False	False	True	False
IGHV5-9-1							1.0	9.0	9.0	False	False	True	False	False	True	False
IGHV6-3							1.0	9.0	9.0	False	False	True	False	False	True	False
IGHV6-4							0.1111	1.0	9.0	False	False	False	False	False	False	False
IGHV6-6							1.0	9.0	9.0	False	False	True	False	False	True	False
IGHV6-7							0.1111	1.0	9.0	False	False	False	False	False	False	False
IGHV7-1							1.0	9.0	9.0	False	False	True	False	False	True	False
IGHV7-3							1.0	9.0	9.0	False	False	True	False	False	True	False
IGHV7-4							1.0	9.0	9.0	False	False	True	False	False	False	False
IGHV8-12							0.7778	7.0	9.0	False	False	True	False	False	True	False
IGHV8-13							0.1111	1.0	9.0	False	False	False	False	False	False	False
IGHV8-5							0.5556	5.0	9.0	False	False	True	False	False	True	False
IGHV8-8							0.8889	8.0	9.0	False	False	True	False	False	True	False
IGHV9-1							0.6667	6.0	9.0	False	False	True	False	False	True	False
IGHV9-2							0.1111	1.0	9.0	False	False	False	False	False	True	False
IGHV9-3							0.7778	7.0	9.0	False	False	True	False	False	True	False
IGHV9-4							0.5556	5.0	9.0	False	False	True	False	False	True	False
IGKC							1.0	9.0	9.0	False	False	True	False	False	True	False
IGKV1-117							0.1111	1.0	9.0	False	False	False	False	False	True	False
IGKV1-132							0.2222	2.0	9.0	False	False	False	False	False	False	False
IGKV1-135							1.0	9.0	9.0	False	False	True	False	False	True	False
IGKV12-38							0.6667	6.0	9.0	False	False	True	False	False	True	False
IGKV12-41							1.0	9.0	9.0	False	False	True	False	False	True	False
IGKV12-44							1.0	9.0	9.0	False	False	True	False	False	True	False
IGKV12-46							1.0	9.0	9.0	False	False	True	False	False	True	False
IGKV12-89							0.7778	7.0	9.0	False	False	True	False	False	True	False
IGKV12-98							0.6667	6.0	9.0	False	False	True	False	False	True	False
IGKV13-84							1.0	9.0	9.0	False	False	True	False	False	True	False
IGKV14-100							1.0	9.0	9.0	False	False	True	False	False	True	False
IGKV14-126							0.7778	7.0	9.0	False	False	True	False	False	True	False
IGKV14-130							0.2222	2.0	9.0	False	False	False	False	False	True	False
IGKV15-103							1.0	9.0	9.0	False	False	True	False	False	True	False
IGKV16-104							1.0	9.0	9.0	False	False	True	False	False	True	False
IGKV17-127							1.0	9.0	9.0	False	False	True	False	False	True	False
IGKV19-93							1.0	9.0	9.0	False	False	True	False	False	True	False
IGKV2-112							0.7778	7.0	9.0	False	False	True	False	False	True	False
IGKV2-137							0.5556	5.0	9.0	False	False	True	False	False	True	False
IGKV3-1							0.4444	4.0	9.0	False	False	False	False	False	True	False
IGKV3-9							0.6667	6.0	9.0	False	False	True	False	False	False	False
IGKV4-50							0.7778	7.0	9.0	False	False	True	False	False	True	False
IGKV4-51							0.1111	1.0	9.0	False	False	False	False	False	False	False
IGKV4-53							1.0	9.0	9.0	False	False	True	False	False	True	False
IGKV4-57							1.0	9.0	9.0	False	False	True	False	False	True	False
IGKV4-57-1							0.8889	8.0	9.0	False	False	True	False	False	True	False
IGKV4-58							0.4444	4.0	9.0	False	False	False	False	False	True	False
IGKV4-61							0.1111	1.0	9.0	False	False	False	False	False	True	False
IGKV4-62							0.1111	1.0	9.0	False	False	False	False	False	True	False
IGKV4-63							1.0	9.0	9.0	False	False	True	False	False	True	False
IGKV4-68							0.6667	6.0	9.0	False	False	True	False	False	True	False
IGKV4-70							0.2222	2.0	9.0	False	False	False	False	False	True	False
IGKV4-78							0.6667	6.0	9.0	False	False	True	False	False	False	False
IGKV4-80							0.7778	7.0	9.0	False	False	True	False	False	True	False
IGKV4-90							0.2222	2.0	9.0	False	False	False	False	False	True	False
IGKV5-37							0.1111	1.0	9.0	False	False	False	False	False	True	False
IGKV5-39							1.0	9.0	9.0	False	False	True	False	False	True	False
IGKV5-43							1.0	9.0	9.0	False	False	True	False	False	True	False
IGKV5-48							1.0	9.0	9.0	False	False	True	False	False	True	False
IGKV6-13							1.0	9.0	9.0	False	False	True	False	False	True	False
IGKV6-14							0.5556	5.0	9.0	False	False	True	False	False	True	False
IGKV6-15							1.0	9.0	9.0	False	False	True	False	False	True	False
IGKV6-17							1.0	9.0	9.0	False	False	True	False	False	True	False
IGKV6-23							1.0	9.0	9.0	False	False	True	False	False	True	False
IGKV6-25							1.0	9.0	9.0	False	False	True	False	False	True	False
IGKV6-32							1.0	9.0	9.0	False	False	True	False	False	True	False
IGKV8-19							1.0	9.0	9.0	False	False	True	False	False	True	False
IGKV8-21							0.8889	8.0	9.0	False	False	True	False	False	True	False
IGKV8-24							1.0	9.0	9.0	False	False	True	False	False	True	False
IGKV8-27							1.0	9.0	9.0	False	False	True	False	False	True	False
IGKV8-28							1.0	9.0	9.0	False	False	True	False	False	True	False
IGKV8-30							1.0	9.0	9.0	False	False	True	False	False	True	False
IGKV8-34							0.6667	6.0	9.0	False	False	True	False	False	False	False
IGKV9-120							1.0	9.0	9.0	False	False	True	False	False	True	False
IGKV9-123							0.7778	7.0	9.0	False	False	True	False	False	True	False
IGKV9-124							1.0	9.0	9.0	False	False	True	False	False	True	False
IGLC2							1.0	9.0	9.0	False	False	True	False	False	True	False
IGLC3							0.8889	8.0	9.0	False	False	True	False	False	True	False
IGLON5							1.0	9.0	9.0	False	False	True	False	False	True	False
IGLV4-3							0.7778	7.0	9.0	False	False	True	False	False	True	False
IGSF10							1.0	9.0	9.0	False	False	True	False	False	True	False
IGSF11							1.0	9.0	9.0	False	False	True	False	False	True	True
IGSF3							1.0	9.0	9.0	False	False	True	False	False	True	True
IGSF5							1.0	9.0	9.0	False	False	True	False	False	True	True
IGSF6							1.0	9.0	9.0	False	False	True	False	False	True	False
IGSF8							1.0	9.0	9.0	False	False	True	False	False	True	True
IGSF9							0.8889	8.0	9.0	False	False	True	False	False	True	True
IGTP							1.0	9.0	9.0	False	False	True	False	False	True	False
IHH							1.0	9.0	9.0	False	False	True	False	False	True	True
IIGP1							1.0	9.0	9.0	False	False	True	False	False	True	False
IIGP1C							1.0	9.0	9.0	False	False	True	False	False	False	False
IK	0.5217	12.0	23.0	1.0	19.0	19.0	1.0	9.0	9.0	True	True	True	True	True	True	True
IKBIP	0.6087	14.0	23.0				1.0	9.0	9.0	True	False	True	False	True	True	False
IKBKB							1.0	9.0	9.0	False	False	True	False	False	True	True
IKBKE							1.0	9.0	9.0	False	False	True	False	False	True	True
IKBKG							1.0	9.0	9.0	False	False	True	False	False	True	True
IKZF1							1.0	9.0	9.0	False	False	True	False	False	True	False
IKZF2							1.0	9.0	9.0	False	False	True	False	False	True	False
IKZF3							0.8889	8.0	9.0	False	False	True	False	False	True	False
IKZF5							1.0	9.0	9.0	False	False	True	False	False	True	True
IL10RB							1.0	9.0	9.0	False	False	True	False	False	True	True
IL11RA2							1.0	9.0	9.0	False	False	True	False	False	True	False
IL13RA1							1.0	9.0	9.0	False	False	True	False	False	True	True
IL13RA2							0.1111	1.0	9.0	False	False	False	False	False	True	False
IL16	1.0	23.0	23.0	1.0	19.0	19.0	1.0	9.0	9.0	True	True	True	True	True	True	False
IL17RA							1.0	9.0	9.0	False	False	True	False	False	True	True
IL17RB							1.0	9.0	9.0	False	False	True	False	False	True	True
IL17RC							0.7778	7.0	9.0	False	False	True	False	False	True	True
IL17RD							1.0	9.0	9.0	False	False	True	False	False	True	True
IL18							0.7778	7.0	9.0	False	False	True	False	False	True	True
IL18BP							1.0	9.0	9.0	False	False	True	False	False	True	True
IL18R1							0.6667	6.0	9.0	False	False	True	False	False	True	False
IL1R1							1.0	9.0	9.0	False	False	True	False	False	True	True
IL1R2							0.6667	6.0	9.0	False	False	True	False	False	True	False
IL1RAP	1.0	23.0	23.0	1.0	19.0	19.0	1.0	9.0	9.0	True	True	True	True	True	True	True
IL1RL2							0.6667	6.0	9.0	False	False	True	False	False	True	False
IL1RN							1.0	9.0	9.0	False	False	True	False	False	True	False
IL27RA							0.4444	4.0	9.0	False	False	False	False	False	True	False
IL2RG							1.0	9.0	9.0	False	False	True	False	False	True	True
IL32	0.6087	14.0	23.0							True	False	False	False	False	True	False
IL33							1.0	9.0	9.0	False	False	True	False	False	True	True
IL34							1.0	9.0	9.0	False	False	True	False	False	True	True
IL36A							0.6667	6.0	9.0	False	False	True	False	False	False	False
IL36G							0.5556	5.0	9.0	False	False	True	False	False	False	False
IL3RA							1.0	9.0	9.0	False	False	True	False	False	True	True
IL4I1							0.7778	7.0	9.0	False	False	True	False	False	True	False
IL4R							1.0	9.0	9.0	False	False	True	False	False	True	True
IL6R							1.0	9.0	9.0	False	False	True	False	False	True	True
IL6ST							1.0	9.0	9.0	False	False	True	False	False	True	True
ILDR1							1.0	9.0	9.0	False	False	True	False	False	True	True
ILDR2							1.0	9.0	9.0	False	False	True	False	False	True	True
ILF2	1.0	23.0	23.0	1.0	19.0	19.0	1.0	9.0	9.0	True	True	True	True	True	True	True
ILF3	1.0	23.0	23.0	1.0	19.0	19.0	1.0	9.0	9.0	True	True	True	True	True	True	True
ILK	1.0	23.0	23.0	1.0	19.0	19.0	1.0	9.0	9.0	True	True	True	True	True	True	False
ILKAP							1.0	9.0	9.0	False	False	True	False	False	True	True
ILRUN							1.0	9.0	9.0	False	False	True	False	False	True	False
IMMP1L							1.0	9.0	9.0	False	False	True	False	False	True	True
IMMP2L							1.0	9.0	9.0	False	False	True	False	False	True	True
IMMT	1.0	23.0	23.0	1.0	19.0	19.0	1.0	9.0	9.0	True	True	True	True	True	True	True
IMP3							1.0	9.0	9.0	False	False	True	False	False	True	True
IMP4							1.0	9.0	9.0	False	False	True	False	False	True	True
IMPA1	1.0	23.0	23.0	1.0	19.0	19.0	1.0	9.0	9.0	True	True	True	True	True	True	True
IMPA2							1.0	9.0	9.0	False	False	True	False	False	True	True
IMPACT							1.0	9.0	9.0	False	False	True	False	False	True	True
IMPDH1							1.0	9.0	9.0	False	False	True	False	False	True	True
IMPDH2	1.0	23.0	23.0	1.0	19.0	19.0	1.0	9.0	9.0	True	True	True	True	True	True	True
INAFM2							1.0	9.0	9.0	False	False	True	False	False	True	True
INAVA							1.0	9.0	9.0	False	False	True	False	False	True	False
INCENP							1.0	9.0	9.0	False	False	True	False	False	True	True
INF2							1.0	9.0	9.0	False	False	True	False	False	True	True
ING1							1.0	9.0	9.0	False	False	True	False	False	True	True
ING2							1.0	9.0	9.0	False	False	True	False	False	True	True
ING3							1.0	9.0	9.0	False	False	True	False	False	True	True
ING4							1.0	9.0	9.0	False	False	True	False	False	True	True
ING5							1.0	9.0	9.0	False	False	True	False	False	True	True
INHBA							0.6667	6.0	9.0	False	False	True	False	False	True	False
INHBB							0.8889	8.0	9.0	False	False	True	False	False	True	True
INHBC							1.0	9.0	9.0	False	False	True	False	False	False	False
INHBE							1.0	9.0	9.0	False	False	True	False	False	False	False
INHCA							1.0	9.0	9.0	False	False	True	False	False	True	False
INIP							1.0	9.0	9.0	False	False	True	False	False	True	True
INKA1							0.8889	8.0	9.0	False	False	True	False	False	True	False
INMT							1.0	9.0	9.0	False	False	True	False	False	True	False
INO80							1.0	9.0	9.0	False	False	True	False	False	True	True
INO80B							1.0	9.0	9.0	False	False	True	False	False	True	True
INO80C							1.0	9.0	9.0	False	False	True	False	False	True	True
INO80D							1.0	9.0	9.0	False	False	True	False	False	True	True
INO80E							1.0	9.0	9.0	False	False	True	False	False	True	True
INPP1							1.0	9.0	9.0	False	False	True	False	False	True	True
INPP4A							1.0	9.0	9.0	False	False	True	False	False	True	True
INPP4B							1.0	9.0	9.0	False	False	True	False	False	True	False
INPP5A							1.0	9.0	9.0	False	False	True	False	False	True	True
INPP5B							1.0	9.0	9.0	False	False	True	False	False	True	True
INPP5D							1.0	9.0	9.0	False	False	True	False	False	True	True
INPP5E							1.0	9.0	9.0	False	False	True	False	False	True	True
INPP5F							1.0	9.0	9.0	False	False	True	False	False	True	True
INPP5J							1.0	9.0	9.0	False	False	True	False	False	True	False
INPP5K							1.0	9.0	9.0	False	False	True	False	False	True	True
INPPL1							1.0	9.0	9.0	False	False	True	False	False	True	True
INSIG2							1.0	9.0	9.0	False	False	True	False	False	True	True
INSL3							1.0	9.0	9.0	False	False	True	False	False	True	False
INSR	0.8696	20.0	23.0				1.0	9.0	9.0	True	False	True	False	True	True	True
INSRR							1.0	9.0	9.0	False	False	True	False	False	True	True
INTS1							1.0	9.0	9.0	False	False	True	False	False	True	True
INTS10							1.0	9.0	9.0	False	False	True	False	False	True	True
INTS11							1.0	9.0	9.0	False	False	True	False	False	True	False
INTS12							1.0	9.0	9.0	False	False	True	False	False	True	True
INTS13							1.0	9.0	9.0	False	False	True	False	False	True	False
INTS14							1.0	9.0	9.0	False	False	True	False	False	True	False
INTS15							1.0	9.0	9.0	False	False	True	False	False	False	False
INTS2							1.0	9.0	9.0	False	False	True	False	False	True	True
INTS3							1.0	9.0	9.0	False	False	True	False	False	True	True
INTS4							1.0	9.0	9.0	False	False	True	False	False	True	True
INTS5							1.0	9.0	9.0	False	False	True	False	False	True	True
INTS6							1.0	9.0	9.0	False	False	True	False	False	True	True
INTS6L							1.0	9.0	9.0	False	False	True	False	False	True	False
INTS7							1.0	9.0	9.0	False	False	True	False	False	True	True
INTS8							1.0	9.0	9.0	False	False	True	False	False	True	True
INTS9							1.0	9.0	9.0	False	False	True	False	False	True	True
INTU							1.0	9.0	9.0	False	False	True	False	False	True	True
INVS							1.0	9.0	9.0	False	False	True	False	False	True	True
IP6K1							1.0	9.0	9.0	False	False	True	False	False	True	True
IP6K2							1.0	9.0	9.0	False	False	True	False	False	True	True
IPCEF1							1.0	9.0	9.0	False	False	True	False	False	True	True
IPMK							1.0	9.0	9.0	False	False	True	False	False	True	True
IPO11							1.0	9.0	9.0	False	False	True	False	False	True	True
IPO13							1.0	9.0	9.0	False	False	True	False	False	True	True
IPO4							1.0	9.0	9.0	False	False	True	False	False	True	True
IPO5	1.0	23.0	23.0	1.0	19.0	19.0	1.0	9.0	9.0	True	True	True	True	True	True	True
IPO7	1.0	23.0	23.0	0.8947	17.0	19.0	1.0	9.0	9.0	True	True	True	True	True	True	True
IPO8							1.0	9.0	9.0	False	False	True	False	False	True	True
IPO9							1.0	9.0	9.0	False	False	True	False	False	True	True
IPP							1.0	9.0	9.0	False	False	True	False	False	True	True
IPPK							0.6667	6.0	9.0	False	False	True	False	False	True	True
IQCB1							1.0	9.0	9.0	False	False	True	False	False	True	True
IQCC							1.0	9.0	9.0	False	False	True	False	False	True	True
IQCE							1.0	9.0	9.0	False	False	True	False	False	True	True
IQCJ-SCHIP1							1.0	9.0	9.0	False	False	True	False	False	False	False
IQGAP1	1.0	23.0	23.0	1.0	19.0	19.0	1.0	9.0	9.0	True	True	True	True	True	True	True
IQGAP2	1.0	23.0	23.0	1.0	19.0	19.0	1.0	9.0	9.0	True	True	True	True	True	True	True
IQGAP3							1.0	9.0	9.0	False	False	True	False	False	True	False
IQSEC1							1.0	9.0	9.0	False	False	True	False	False	True	True
IQSEC2							1.0	9.0	9.0	False	False	True	False	False	True	True
IRAG1							1.0	9.0	9.0	False	False	True	False	False	True	False
IRAG2							1.0	9.0	9.0	False	False	True	False	False	True	False
IRAK1							1.0	9.0	9.0	False	False	True	False	False	True	True
IRAK1BP1							1.0	9.0	9.0	False	False	True	False	False	True	True
IRAK2							1.0	9.0	9.0	False	False	True	False	False	True	True
IRAK3							1.0	9.0	9.0	False	False	True	False	False	True	True
IRAK4							1.0	9.0	9.0	False	False	True	False	False	True	True
IREB2							1.0	9.0	9.0	False	False	True	False	False	True	True
IRF1							1.0	9.0	9.0	False	False	True	False	False	True	True
IRF2							1.0	9.0	9.0	False	False	True	False	False	True	True
IRF2BP1							1.0	9.0	9.0	False	False	True	False	False	True	True
IRF2BP2							1.0	9.0	9.0	False	False	True	False	False	True	True
IRF2BPL							1.0	9.0	9.0	False	False	True	False	False	True	True
IRF3	0.7826	18.0	23.0				1.0	9.0	9.0	True	False	True	False	True	True	True
IRF4							0.7778	7.0	9.0	False	False	True	False	False	True	False
IRF5							1.0	9.0	9.0	False	False	True	False	False	True	True
IRF6	0.8261	19.0	23.0				1.0	9.0	9.0	True	False	True	False	True	True	True
IRF7							1.0	9.0	9.0	False	False	True	False	False	True	True
IRF8							1.0	9.0	9.0	False	False	True	False	False	True	True
IRF9							1.0	9.0	9.0	False	False	True	False	False	True	True
IRGM1							1.0	9.0	9.0	False	False	True	False	False	True	False
IRGM2							1.0	9.0	9.0	False	False	True	False	False	True	False
IRGQ							1.0	9.0	9.0	False	False	True	False	False	True	True
IRS1							1.0	9.0	9.0	False	False	True	False	False	True	True
IRS2							1.0	9.0	9.0	False	False	True	False	False	True	True
IRS3							0.1111	1.0	9.0	False	False	False	False	False	True	False
IRX1							1.0	9.0	9.0	False	False	True	False	False	True	True
IRX2							1.0	9.0	9.0	False	False	True	False	False	True	True
IRX3							1.0	9.0	9.0	False	False	True	False	False	True	True
IRX5							0.5556	5.0	9.0	False	False	True	False	False	True	True
ISCA1				0.8421	16.0	19.0				False	True	False	False	False	True	True
ISCA2	1.0	23.0	23.0	1.0	19.0	19.0	1.0	9.0	9.0	True	True	True	True	True	True	True
ISCU	1.0	23.0	23.0	1.0	19.0	19.0	1.0	9.0	9.0	True	True	True	True	True	True	True
ISG15	1.0	23.0	23.0	1.0	19.0	19.0	1.0	9.0	9.0	True	True	True	True	True	True	True
ISG20							1.0	9.0	9.0	False	False	True	False	False	True	True
ISG20L2							1.0	9.0	9.0	False	False	True	False	False	True	True
ISLR							1.0	9.0	9.0	False	False	True	False	False	True	True
ISLR2							0.5556	5.0	9.0	False	False	True	False	False	True	False
ISOC1	1.0	23.0	23.0	1.0	19.0	19.0	1.0	9.0	9.0	True	True	True	True	True	True	True
ISOC2	1.0	23.0	23.0	1.0	19.0	19.0				True	True	False	False	False	True	False
ISOC2A							1.0	9.0	9.0	False	False	True	False	False	True	False
ISOC2B							1.0	9.0	9.0	False	False	True	False	False	True	False
IST1	1.0	23.0	23.0	1.0	19.0	19.0	1.0	9.0	9.0	True	True	True	True	True	True	True
ISY1							1.0	9.0	9.0	False	False	True	False	False	True	True
ISYNA1				0.8421	16.0	19.0	1.0	9.0	9.0	False	True	True	False	True	True	True
ITCH							1.0	9.0	9.0	False	False	True	False	False	True	True
ITFG1							1.0	9.0	9.0	False	False	True	False	False	True	True
ITFG2							1.0	9.0	9.0	False	False	True	False	False	True	True
ITGA1	1.0	23.0	23.0	1.0	19.0	19.0	1.0	9.0	9.0	True	True	True	True	True	True	True
ITGA10							0.6667	6.0	9.0	False	False	True	False	False	True	False
ITGA11							0.8889	8.0	9.0	False	False	True	False	False	True	False
ITGA2				0.8421	16.0	19.0	1.0	9.0	9.0	False	True	True	False	True	True	False
ITGA2B							1.0	9.0	9.0	False	False	True	False	False	True	False
ITGA3	1.0	23.0	23.0	1.0	19.0	19.0	1.0	9.0	9.0	True	True	True	True	True	True	True
ITGA4							1.0	9.0	9.0	False	False	True	False	False	True	False
ITGA5							1.0	9.0	9.0	False	False	True	False	False	True	True
ITGA6	1.0	23.0	23.0	1.0	19.0	19.0	1.0	9.0	9.0	True	True	True	True	True	True	True
ITGA7							1.0	9.0	9.0	False	False	True	False	False	True	True
ITGA8							1.0	9.0	9.0	False	False	True	False	False	True	True
ITGA9							1.0	9.0	9.0	False	False	True	False	False	True	True
ITGAE							0.6667	6.0	9.0	False	False	True	False	False	True	False
ITGAL							1.0	9.0	9.0	False	False	True	False	False	True	True
ITGAM							1.0	9.0	9.0	False	False	True	False	False	True	False
ITGAV	1.0	23.0	23.0	1.0	19.0	19.0	1.0	9.0	9.0	True	True	True	True	True	True	True
ITGAX							1.0	9.0	9.0	False	False	True	False	False	True	True
ITGB1	1.0	23.0	23.0	1.0	19.0	19.0	1.0	9.0	9.0	True	True	True	True	True	True	True
ITGB1BP1							1.0	9.0	9.0	False	False	True	False	False	True	True
ITGB2	1.0	23.0	23.0				1.0	9.0	9.0	True	False	True	False	True	True	True
ITGB2L							0.7778	7.0	9.0	False	False	True	False	False	True	False
ITGB3	0.7826	18.0	23.0	0.8421	16.0	19.0	1.0	9.0	9.0	True	True	True	True	True	True	False
ITGB3BP							0.7778	7.0	9.0	False	False	True	False	False	True	True
ITGB4							1.0	9.0	9.0	False	False	True	False	False	True	True
ITGB5	1.0	23.0	23.0	0.7895	15.0	19.0	1.0	9.0	9.0	True	True	True	True	True	True	True
ITGB6							1.0	9.0	9.0	False	False	True	False	False	True	True
ITGB7							1.0	9.0	9.0	False	False	True	False	False	True	True
ITGB8							1.0	9.0	9.0	False	False	True	False	False	True	True
ITGBL1							0.7778	7.0	9.0	False	False	True	False	False	True	False
ITIH1	1.0	23.0	23.0	1.0	19.0	19.0	1.0	9.0	9.0	True	True	True	True	True	True	False
ITIH2	1.0	23.0	23.0	1.0	19.0	19.0	1.0	9.0	9.0	True	True	True	True	True	True	False
ITIH3	1.0	23.0	23.0	1.0	19.0	19.0	1.0	9.0	9.0	True	True	True	True	True	True	False
ITIH4	1.0	23.0	23.0	1.0	19.0	19.0	1.0	9.0	9.0	True	True	True	True	True	True	False
ITIH5							1.0	9.0	9.0	False	False	True	False	False	True	True
ITM2B							1.0	9.0	9.0	False	False	True	False	False	True	True
ITM2C							1.0	9.0	9.0	False	False	True	False	False	True	True
ITPA				1.0	19.0	19.0	1.0	9.0	9.0	False	True	True	False	True	True	True
ITPK1							1.0	9.0	9.0	False	False	True	False	False	True	True
ITPKB							1.0	9.0	9.0	False	False	True	False	False	True	True
ITPKC							1.0	9.0	9.0	False	False	True	False	False	True	True
ITPR1							1.0	9.0	9.0	False	False	True	False	False	True	True
ITPR2							1.0	9.0	9.0	False	False	True	False	False	True	True
ITPR3	0.4783	11.0	23.0				1.0	9.0	9.0	False	False	True	False	False	True	True
ITPRID2							1.0	9.0	9.0	False	False	True	False	False	True	False
ITPRIP							1.0	9.0	9.0	False	False	True	False	False	True	False
ITPRIPL1							1.0	9.0	9.0	False	False	True	False	False	True	True
ITPRIPL2							1.0	9.0	9.0	False	False	True	False	False	True	True
ITSN1							1.0	9.0	9.0	False	False	True	False	False	True	True
ITSN2							1.0	9.0	9.0	False	False	True	False	False	True	True
IVD	0.9565	22.0	23.0	1.0	19.0	19.0	1.0	9.0	9.0	True	True	True	True	True	True	True
IVL							0.7778	7.0	9.0	False	False	True	False	False	True	False
IVNS1ABP	1.0	23.0	23.0				1.0	9.0	9.0	True	False	True	False	True	True	False
IWS1							1.0	9.0	9.0	False	False	True	False	False	True	True
IYD							1.0	9.0	9.0	False	False	True	False	False	True	False
IZUMO4							0.7778	7.0	9.0	False	False	True	False	False	True	True
JADE1							1.0	9.0	9.0	False	False	True	False	False	True	True
JADE2							1.0	9.0	9.0	False	False	True	False	False	True	True
JADE3							1.0	9.0	9.0	False	False	True	False	False	True	True
JAG1							1.0	9.0	9.0	False	False	True	False	False	True	True
JAG2							1.0	9.0	9.0	False	False	True	False	False	True	False
JAGN1							1.0	9.0	9.0	False	False	True	False	False	True	True
JAK1							1.0	9.0	9.0	False	False	True	False	False	True	True
JAK2							1.0	9.0	9.0	False	False	True	False	False	True	True
JAK3							1.0	9.0	9.0	False	False	True	False	False	True	True
JAM2							1.0	9.0	9.0	False	False	True	False	False	True	True
JAM3							1.0	9.0	9.0	False	False	True	False	False	True	True
JAML							0.6667	6.0	9.0	False	False	True	False	False	True	False
JARID2							1.0	9.0	9.0	False	False	True	False	False	True	True
JAZF1							0.4444	4.0	9.0	False	False	False	False	False	True	False
JCAD							1.0	9.0	9.0	False	False	True	False	False	True	False
JCHAIN	1.0	23.0	23.0	1.0	19.0	19.0	1.0	9.0	9.0	True	True	True	True	True	True	False
JDP2							0.1111	1.0	9.0	False	False	False	False	False	True	True
JKAMP							1.0	9.0	9.0	False	False	True	False	False	True	True
JMJD1C							1.0	9.0	9.0	False	False	True	False	False	True	True
JMJD4							1.0	9.0	9.0	False	False	True	False	False	True	True
JMJD6							1.0	9.0	9.0	False	False	True	False	False	True	True
JMJD7							1.0	9.0	9.0	False	False	True	False	False	True	False
JMJD8							1.0	9.0	9.0	False	False	True	False	False	True	True
JMY							1.0	9.0	9.0	False	False	True	False	False	True	True
JOSD1							1.0	9.0	9.0	False	False	True	False	False	True	True
JOSD2							1.0	9.0	9.0	False	False	True	False	False	True	True
JPH1							1.0	9.0	9.0	False	False	True	False	False	True	False
JPH2							1.0	9.0	9.0	False	False	True	False	False	True	False
JPT1							1.0	9.0	9.0	False	False	True	False	False	True	False
JPT2	1.0	23.0	23.0	1.0	19.0	19.0	1.0	9.0	9.0	True	True	True	True	True	True	False
JRKL							1.0	9.0	9.0	False	False	True	False	False	True	False
JTB							1.0	9.0	9.0	False	False	True	False	False	True	True
JUN							1.0	9.0	9.0	False	False	True	False	False	True	True
JUNB							1.0	9.0	9.0	False	False	True	False	False	True	True
JUND							1.0	9.0	9.0	False	False	True	False	False	True	True
JUP	1.0	23.0	23.0	1.0	19.0	19.0	1.0	9.0	9.0	True	True	True	True	True	True	True
KALRN							1.0	9.0	9.0	False	False	True	False	False	True	False
KANK1							1.0	9.0	9.0	False	False	True	False	False	True	True
KANK2	1.0	23.0	23.0	1.0	19.0	19.0	1.0	9.0	9.0	True	True	True	True	True	True	True
KANK3							1.0	9.0	9.0	False	False	True	False	False	True	True
KANK4							1.0	9.0	9.0	False	False	True	False	False	True	False
KANSL1							1.0	9.0	9.0	False	False	True	False	False	True	True
KANSL1L							1.0	9.0	9.0	False	False	True	False	False	True	True
KANSL2							1.0	9.0	9.0	False	False	True	False	False	True	True
KANSL3							1.0	9.0	9.0	False	False	True	False	False	True	True
KAP							1.0	9.0	9.0	False	False	True	False	False	True	False
KARS1	1.0	23.0	23.0	1.0	19.0	19.0	1.0	9.0	9.0	True	True	True	True	True	True	False
KAT14							1.0	9.0	9.0	False	False	True	False	False	True	False
KAT2A							1.0	9.0	9.0	False	False	True	False	False	True	True
KAT2B							1.0	9.0	9.0	False	False	True	False	False	True	True
KAT5							1.0	9.0	9.0	False	False	True	False	False	True	True
KAT6A							1.0	9.0	9.0	False	False	True	False	False	True	True
KAT6B							1.0	9.0	9.0	False	False	True	False	False	True	True
KAT7							1.0	9.0	9.0	False	False	True	False	False	True	True
KAT8							1.0	9.0	9.0	False	False	True	False	False	True	True
KATNA1							1.0	9.0	9.0	False	False	True	False	False	True	True
KATNAL1							1.0	9.0	9.0	False	False	True	False	False	True	True
KATNB1							1.0	9.0	9.0	False	False	True	False	False	True	True
KATNBL1							1.0	9.0	9.0	False	False	True	False	False	True	True
KATNIP							1.0	9.0	9.0	False	False	True	False	False	True	False
KAZALD1							0.7778	7.0	9.0	False	False	True	False	False	True	False
KAZN							1.0	9.0	9.0	False	False	True	False	False	True	True
KBTBD11							1.0	9.0	9.0	False	False	True	False	False	True	True
KBTBD2							1.0	9.0	9.0	False	False	True	False	False	True	True
KBTBD4							1.0	9.0	9.0	False	False	True	False	False	True	True
KBTBD7							1.0	9.0	9.0	False	False	True	False	False	True	True
KBTBD8							0.6667	6.0	9.0	False	False	True	False	False	True	False
KCMF1							1.0	9.0	9.0	False	False	True	False	False	True	True
KCNAB1							0.6667	6.0	9.0	False	False	True	False	False	True	False
KCNAB2							1.0	9.0	9.0	False	False	True	False	False	True	False
KCNB1							1.0	9.0	9.0	False	False	True	False	False	True	False
KCND3							1.0	9.0	9.0	False	False	True	False	False	True	False
KCNE4							1.0	9.0	9.0	False	False	True	False	False	True	False
KCNG3	1.0	23.0	23.0	1.0	19.0	19.0				True	True	False	False	False	True	False
KCNJ1							1.0	9.0	9.0	False	False	True	False	False	True	True
KCNJ10							1.0	9.0	9.0	False	False	True	False	False	True	True
KCNJ15							1.0	9.0	9.0	False	False	True	False	False	True	True
KCNJ16							1.0	9.0	9.0	False	False	True	False	False	True	True
KCNJ2							1.0	9.0	9.0	False	False	True	False	False	True	False
KCNJ5							1.0	9.0	9.0	False	False	True	False	False	True	False
KCNJ8							1.0	9.0	9.0	False	False	True	False	False	True	True
KCNK1							1.0	9.0	9.0	False	False	True	False	False	True	True
KCNK3							0.1111	1.0	9.0	False	False	False	False	False	True	False
KCNK5							1.0	9.0	9.0	False	False	True	False	False	True	True
KCNMA1							0.7778	7.0	9.0	False	False	True	False	False	True	False
KCNN2							0.3333	3.0	9.0	False	False	False	False	False	True	False
KCNN3							0.2222	2.0	9.0	False	False	False	False	False	True	False
KCNQ1							1.0	9.0	9.0	False	False	True	False	False	True	True
KCNT1							0.3333	3.0	9.0	False	False	False	False	False	True	False
KCNT2							0.6667	6.0	9.0	False	False	True	False	False	True	False
KCP							1.0	9.0	9.0	False	False	True	False	False	True	False
KCT2							1.0	9.0	9.0	False	False	True	False	False	False	False
KCTD1							1.0	9.0	9.0	False	False	True	False	False	True	True
KCTD10							1.0	9.0	9.0	False	False	True	False	False	True	True
KCTD12	1.0	23.0	23.0	1.0	19.0	19.0	1.0	9.0	9.0	True	True	True	True	True	True	True
KCTD12B							1.0	9.0	9.0	False	False	True	False	False	True	False
KCTD13							1.0	9.0	9.0	False	False	True	False	False	True	True
KCTD14							0.8889	8.0	9.0	False	False	True	False	False	True	False
KCTD15							1.0	9.0	9.0	False	False	True	False	False	True	True
KCTD17							1.0	9.0	9.0	False	False	True	False	False	True	True
KCTD18							1.0	9.0	9.0	False	False	True	False	False	True	False
KCTD2							1.0	9.0	9.0	False	False	True	False	False	True	False
KCTD20							1.0	9.0	9.0	False	False	True	False	False	True	True
KCTD21							1.0	9.0	9.0	False	False	True	False	False	True	True
KCTD3							1.0	9.0	9.0	False	False	True	False	False	True	True
KCTD5							1.0	9.0	9.0	False	False	True	False	False	True	True
KCTD6							1.0	9.0	9.0	False	False	True	False	False	True	True
KCTD7							1.0	9.0	9.0	False	False	True	False	False	True	False
KCTD9							1.0	9.0	9.0	False	False	True	False	False	True	True
KDELR1							1.0	9.0	9.0	False	False	True	False	False	True	True
KDELR2							1.0	9.0	9.0	False	False	True	False	False	True	True
KDELR3							0.6667	6.0	9.0	False	False	True	False	False	True	True
KDF1							1.0	9.0	9.0	False	False	True	False	False	True	True
KDM1A							1.0	9.0	9.0	False	False	True	False	False	True	True
KDM1B							1.0	9.0	9.0	False	False	True	False	False	True	True
KDM2A							1.0	9.0	9.0	False	False	True	False	False	True	True
KDM2B							1.0	9.0	9.0	False	False	True	False	False	True	True
KDM3A							1.0	9.0	9.0	False	False	True	False	False	True	True
KDM3B							1.0	9.0	9.0	False	False	True	False	False	True	True
KDM4A							1.0	9.0	9.0	False	False	True	False	False	True	True
KDM4B							1.0	9.0	9.0	False	False	True	False	False	True	False
KDM4C							1.0	9.0	9.0	False	False	True	False	False	True	True
KDM5A							1.0	9.0	9.0	False	False	True	False	False	True	True
KDM5B							1.0	9.0	9.0	False	False	True	False	False	True	True
KDM5C							1.0	9.0	9.0	False	False	True	False	False	True	False
KDM5D							0.3333	3.0	9.0	False	False	False	False	False	True	True
KDM6A							1.0	9.0	9.0	False	False	True	False	False	True	True
KDM6B							1.0	9.0	9.0	False	False	True	False	False	True	True
KDM7A							1.0	9.0	9.0	False	False	True	False	False	True	True
KDM8							1.0	9.0	9.0	False	False	True	False	False	True	True
KDR							1.0	9.0	9.0	False	False	True	False	False	True	True
KDSR	1.0	23.0	23.0				1.0	9.0	9.0	True	False	True	False	True	True	True
KEAP1							1.0	9.0	9.0	False	False	True	False	False	True	True
KEG1							1.0	9.0	9.0	False	False	True	False	False	True	False
KEL							1.0	9.0	9.0	False	False	True	False	False	True	False
KGD4							1.0	9.0	9.0	False	False	True	False	False	True	False
KHDC4							1.0	9.0	9.0	False	False	True	False	False	True	False
KHDRBS1	1.0	23.0	23.0	1.0	19.0	19.0	1.0	9.0	9.0	True	True	True	True	True	True	True
KHDRBS3							1.0	9.0	9.0	False	False	True	False	False	True	True
KHK	1.0	23.0	23.0	0.8421	16.0	19.0	1.0	9.0	9.0	True	True	True	True	True	True	True
KHNYN							1.0	9.0	9.0	False	False	True	False	False	True	True
KHSRP	1.0	23.0	23.0	1.0	19.0	19.0	1.0	9.0	9.0	True	True	True	True	True	True	True
KIAA0040							1.0	9.0	9.0	False	False	True	False	False	True	True
KIAA0232							1.0	9.0	9.0	False	False	True	False	False	True	True
KIAA0319L							1.0	9.0	9.0	False	False	True	False	False	True	True
KIAA0513							1.0	9.0	9.0	False	False	True	False	False	True	True
KIAA0753							1.0	9.0	9.0	False	False	True	False	False	True	True
KIAA1217	0.5217	12.0	23.0							True	False	False	False	False	True	True
KIAA1328							1.0	9.0	9.0	False	False	True	False	False	True	True
KIAA1549							1.0	9.0	9.0	False	False	True	False	False	True	True
KIAA1614							1.0	9.0	9.0	False	False	True	False	False	True	True
KIAA1671							1.0	9.0	9.0	False	False	True	False	False	True	True
KIAA2013							1.0	9.0	9.0	False	False	True	False	False	True	True
KICS2							1.0	9.0	9.0	False	False	True	False	False	True	False
KIDINS220							1.0	9.0	9.0	False	False	True	False	False	True	True
KIF11							1.0	9.0	9.0	False	False	True	False	False	True	False
KIF12	1.0	23.0	23.0	1.0	19.0	19.0	1.0	9.0	9.0	True	True	True	True	True	True	True
KIF13A							1.0	9.0	9.0	False	False	True	False	False	True	True
KIF13B	0.8696	20.0	23.0	1.0	19.0	19.0	1.0	9.0	9.0	True	True	True	True	True	True	True
KIF14							0.6667	6.0	9.0	False	False	True	False	False	False	False
KIF15							0.6667	6.0	9.0	False	False	True	False	False	True	False
KIF16B							1.0	9.0	9.0	False	False	True	False	False	True	True
KIF19B							0.8889	8.0	9.0	False	False	True	False	False	False	False
KIF1A							0.8889	8.0	9.0	False	False	True	False	False	True	False
KIF1B							1.0	9.0	9.0	False	False	True	False	False	True	True
KIF1C							1.0	9.0	9.0	False	False	True	False	False	True	True
KIF20A							0.7778	7.0	9.0	False	False	True	False	False	True	False
KIF20B							0.8889	8.0	9.0	False	False	True	False	False	True	True
KIF21A							1.0	9.0	9.0	False	False	True	False	False	True	True
KIF21B							0.8889	8.0	9.0	False	False	True	False	False	True	False
KIF22							0.6667	6.0	9.0	False	False	True	False	False	True	True
KIF23							1.0	9.0	9.0	False	False	True	False	False	True	True
KIF26B							1.0	9.0	9.0	False	False	True	False	False	True	False
KIF2A							1.0	9.0	9.0	False	False	True	False	False	True	True
KIF2C							1.0	9.0	9.0	False	False	True	False	False	True	False
KIF3A							1.0	9.0	9.0	False	False	True	False	False	True	True
KIF3B							1.0	9.0	9.0	False	False	True	False	False	True	True
KIF3C							1.0	9.0	9.0	False	False	True	False	False	True	True
KIF4A							1.0	9.0	9.0	False	False	True	False	False	True	False
KIF5B	1.0	23.0	23.0	1.0	19.0	19.0	1.0	9.0	9.0	True	True	True	True	True	True	True
KIF5C							1.0	9.0	9.0	False	False	True	False	False	True	False
KIF7							1.0	9.0	9.0	False	False	True	False	False	True	False
KIFAP3							1.0	9.0	9.0	False	False	True	False	False	True	True
KIFBP							1.0	9.0	9.0	False	False	True	False	False	True	False
KIFC1							0.3333	3.0	9.0	False	False	False	False	False	True	False
KIFC3							1.0	9.0	9.0	False	False	True	False	False	True	True
KIFC5B							1.0	9.0	9.0	False	False	True	False	False	True	False
KIN							1.0	9.0	9.0	False	False	True	False	False	True	True
KIRREL1							1.0	9.0	9.0	False	False	True	False	False	True	False
KIT							1.0	9.0	9.0	False	False	True	False	False	True	True
KITLG							1.0	9.0	9.0	False	False	True	False	False	True	True
KIZ							1.0	9.0	9.0	False	False	True	False	False	True	True
KL							1.0	9.0	9.0	False	False	True	False	False	True	True
KLC1	0.8696	20.0	23.0				1.0	9.0	9.0	True	False	True	False	True	True	True
KLC2							1.0	9.0	9.0	False	False	True	False	False	True	True
KLC3							1.0	9.0	9.0	False	False	True	False	False	True	True
KLC4	1.0	23.0	23.0	1.0	19.0	19.0	1.0	9.0	9.0	True	True	True	True	True	True	True
KLF10							1.0	9.0	9.0	False	False	True	False	False	True	True
KLF11							0.4444	4.0	9.0	False	False	False	False	False	True	True
KLF12							1.0	9.0	9.0	False	False	True	False	False	True	True
KLF13							1.0	9.0	9.0	False	False	True	False	False	True	True
KLF15							0.5556	5.0	9.0	False	False	True	False	False	True	True
KLF16							1.0	9.0	9.0	False	False	True	False	False	True	True
KLF2							1.0	9.0	9.0	False	False	True	False	False	True	True
KLF3							1.0	9.0	9.0	False	False	True	False	False	True	True
KLF4							1.0	9.0	9.0	False	False	True	False	False	True	True
KLF5							0.6667	6.0	9.0	False	False	True	False	False	True	True
KLF6							0.7778	7.0	9.0	False	False	True	False	False	True	True
KLF7							1.0	9.0	9.0	False	False	True	False	False	True	True
KLF9							1.0	9.0	9.0	False	False	True	False	False	True	True
KLHDC10							1.0	9.0	9.0	False	False	True	False	False	True	True
KLHDC2							1.0	9.0	9.0	False	False	True	False	False	True	True
KLHDC3							1.0	9.0	9.0	False	False	True	False	False	True	True
KLHDC4							1.0	9.0	9.0	False	False	True	False	False	True	True
KLHDC7A							1.0	9.0	9.0	False	False	True	False	False	True	True
KLHDC8A							1.0	9.0	9.0	False	False	True	False	False	True	True
KLHDC8B							0.8889	8.0	9.0	False	False	True	False	False	True	True
KLHDC9							1.0	9.0	9.0	False	False	True	False	False	True	True
KLHL11							1.0	9.0	9.0	False	False	True	False	False	True	True
KLHL12							1.0	9.0	9.0	False	False	True	False	False	True	True
KLHL13							1.0	9.0	9.0	False	False	True	False	False	True	True
KLHL14							1.0	9.0	9.0	False	False	True	False	False	True	True
KLHL15							1.0	9.0	9.0	False	False	True	False	False	True	False
KLHL17							1.0	9.0	9.0	False	False	True	False	False	True	True
KLHL18							1.0	9.0	9.0	False	False	True	False	False	True	True
KLHL2							1.0	9.0	9.0	False	False	True	False	False	True	True
KLHL20							1.0	9.0	9.0	False	False	True	False	False	True	True
KLHL21							1.0	9.0	9.0	False	False	True	False	False	True	True
KLHL22							1.0	9.0	9.0	False	False	True	False	False	True	True
KLHL24							1.0	9.0	9.0	False	False	True	False	False	True	True
KLHL25							1.0	9.0	9.0	False	False	True	False	False	True	True
KLHL26							1.0	9.0	9.0	False	False	True	False	False	True	True
KLHL28							0.7778	7.0	9.0	False	False	True	False	False	True	True
KLHL29							0.8889	8.0	9.0	False	False	True	False	False	True	False
KLHL3							1.0	9.0	9.0	False	False	True	False	False	True	True
KLHL36							1.0	9.0	9.0	False	False	True	False	False	True	True
KLHL4							0.8889	8.0	9.0	False	False	True	False	False	False	False
KLHL42							1.0	9.0	9.0	False	False	True	False	False	True	True
KLHL5							1.0	9.0	9.0	False	False	True	False	False	True	True
KLHL6							1.0	9.0	9.0	False	False	True	False	False	True	False
KLHL7							1.0	9.0	9.0	False	False	True	False	False	True	True
KLHL8							1.0	9.0	9.0	False	False	True	False	False	True	True
KLHL9							1.0	9.0	9.0	False	False	True	False	False	True	True
KLK1							1.0	9.0	9.0	False	False	True	False	False	True	True
KLK1B11							0.5556	5.0	9.0	False	False	True	False	False	True	False
KLK1B16							0.2222	2.0	9.0	False	False	False	False	False	True	False
KLK1B22							0.3333	3.0	9.0	False	False	False	False	False	True	False
KLK1B24							0.2222	2.0	9.0	False	False	False	False	False	True	False
KLK1B3							0.7778	7.0	9.0	False	False	True	False	False	True	False
KLK1B4							0.6667	6.0	9.0	False	False	True	False	False	True	False
KLK1B5							0.6667	6.0	9.0	False	False	True	False	False	True	False
KLK1B9							0.7778	7.0	9.0	False	False	True	False	False	True	False
KLKB1				0.7368	14.0	19.0	1.0	9.0	9.0	False	True	True	False	True	True	False
KLRA2							0.8889	8.0	9.0	False	False	True	False	False	True	False
KLRB1A							0.5556	5.0	9.0	False	False	True	False	False	False	False
KLRG2							1.0	9.0	9.0	False	False	True	False	False	True	True
KMO	0.9565	22.0	23.0	1.0	19.0	19.0	1.0	9.0	9.0	True	True	True	True	True	True	True
KMT2A							1.0	9.0	9.0	False	False	True	False	False	True	True
KMT2B							1.0	9.0	9.0	False	False	True	False	False	True	True
KMT2C							1.0	9.0	9.0	False	False	True	False	False	True	True
KMT2D							1.0	9.0	9.0	False	False	True	False	False	True	True
KMT2E							1.0	9.0	9.0	False	False	True	False	False	True	True
KMT5A							1.0	9.0	9.0	False	False	True	False	False	True	False
KMT5B							1.0	9.0	9.0	False	False	True	False	False	True	False
KMT5C							1.0	9.0	9.0	False	False	True	False	False	True	False
KNG1	1.0	23.0	23.0	1.0	19.0	19.0	1.0	9.0	9.0	True	True	True	True	True	True	False
KNG2							1.0	9.0	9.0	False	False	True	False	False	True	False
KNOP1							1.0	9.0	9.0	False	False	True	False	False	True	True
KNSTRN							0.8889	8.0	9.0	False	False	True	False	False	True	False
KNTC1							1.0	9.0	9.0	False	False	True	False	False	True	False
KPLCE							1.0	9.0	9.0	False	False	True	False	False	False	False
KPNA1							1.0	9.0	9.0	False	False	True	False	False	True	True
KPNA2							1.0	9.0	9.0	False	False	True	False	False	True	True
KPNA3	0.7826	18.0	23.0	0.6316	12.0	19.0	1.0	9.0	9.0	True	True	True	True	True	True	True
KPNA4	1.0	23.0	23.0				1.0	9.0	9.0	True	False	True	False	True	True	True
KPNA5				0.8947	17.0	19.0				False	True	False	False	False	True	False
KPNA6	1.0	23.0	23.0				1.0	9.0	9.0	True	False	True	False	True	True	True
KPNB1	1.0	23.0	23.0	1.0	19.0	19.0	1.0	9.0	9.0	True	True	True	True	True	True	True
KPTN							1.0	9.0	9.0	False	False	True	False	False	True	True
KRABD3							0.3333	3.0	9.0	False	False	False	False	False	True	True
KRAS				1.0	19.0	19.0	1.0	9.0	9.0	False	True	True	False	True	True	True
KRCC1							1.0	9.0	9.0	False	False	True	False	False	True	True
KREMEN1							1.0	9.0	9.0	False	False	True	False	False	True	True
KRI1							1.0	9.0	9.0	False	False	True	False	False	True	True
KRIT1							1.0	9.0	9.0	False	False	True	False	False	True	True
KRR1							1.0	9.0	9.0	False	False	True	False	False	True	True
KRT1							1.0	9.0	9.0	False	False	True	False	False	False	False
KRT10	0.6957	16.0	23.0	0.7368	14.0	19.0	1.0	9.0	9.0	True	True	True	True	True	True	True
KRT14							1.0	9.0	9.0	False	False	True	False	False	True	False
KRT15	1.0	23.0	23.0	1.0	19.0	19.0	1.0	9.0	9.0	True	True	True	True	True	True	True
KRT16							1.0	9.0	9.0	False	False	True	False	False	True	False
KRT17							0.7778	7.0	9.0	False	False	True	False	False	True	False
KRT18	1.0	23.0	23.0	1.0	19.0	19.0	1.0	9.0	9.0	True	True	True	True	True	True	True
KRT19							1.0	9.0	9.0	False	False	True	False	False	True	False
KRT2							1.0	9.0	9.0	False	False	True	False	False	False	False
KRT20							1.0	9.0	9.0	False	False	True	False	False	True	False
KRT23							1.0	9.0	9.0	False	False	True	False	False	True	True
KRT24							1.0	9.0	9.0	False	False	True	False	False	False	False
KRT3	0.9565	22.0	23.0							True	False	False	False	False	False	False
KRT4							0.6667	6.0	9.0	False	False	True	False	False	True	False
KRT42							1.0	9.0	9.0	False	False	True	False	False	False	False
KRT5							1.0	9.0	9.0	False	False	True	False	False	True	False
KRT6A							0.8889	8.0	9.0	False	False	True	False	False	True	False
KRT7	1.0	23.0	23.0	1.0	19.0	19.0	1.0	9.0	9.0	True	True	True	True	True	True	True
KRT72							1.0	9.0	9.0	False	False	True	False	False	False	False
KRT74				1.0	19.0	19.0				False	True	False	False	False	False	False
KRT76							1.0	9.0	9.0	False	False	True	False	False	False	False
KRT77	0.9565	22.0	23.0	0.6316	12.0	19.0				True	True	False	False	False	False	False
KRT78							1.0	9.0	9.0	False	False	True	False	False	False	False
KRT79							1.0	9.0	9.0	False	False	True	False	False	False	False
KRT8							1.0	9.0	9.0	False	False	True	False	False	True	True
KRT80							1.0	9.0	9.0	False	False	True	False	False	True	True
KRT9	0.7391	17.0	23.0	0.5263	10.0	19.0				True	True	False	False	False	False	False
KRTCAP2							1.0	9.0	9.0	False	False	True	False	False	True	True
KRTCAP3							0.6667	6.0	9.0	False	False	True	False	False	True	False
KSR1							1.0	9.0	9.0	False	False	True	False	False	True	True
KSR2							0.4444	4.0	9.0	False	False	False	False	False	True	False
KTI12							1.0	9.0	9.0	False	False	True	False	False	True	True
KTN1	1.0	23.0	23.0	1.0	19.0	19.0	1.0	9.0	9.0	True	True	True	True	True	True	True
KXD1							1.0	9.0	9.0	False	False	True	False	False	True	True
KYAT1	1.0	23.0	23.0	0.7368	14.0	19.0	1.0	9.0	9.0	True	True	True	True	True	True	False
KYAT3	1.0	23.0	23.0	1.0	19.0	19.0	1.0	9.0	9.0	True	True	True	True	True	True	False
KYNU	0.9565	22.0	23.0	1.0	19.0	19.0	1.0	9.0	9.0	True	True	True	True	True	True	True
L1CAM							1.0	9.0	9.0	False	False	True	False	False	True	True
L2HGDH	1.0	23.0	23.0	1.0	19.0	19.0	1.0	9.0	9.0	True	True	True	True	True	True	True
L3HYPDH	1.0	23.0	23.0	1.0	19.0	19.0	1.0	9.0	9.0	True	True	True	True	True	True	True
L3MBTL2							1.0	9.0	9.0	False	False	True	False	False	True	True
L3MBTL3							1.0	9.0	9.0	False	False	True	False	False	True	True
LACC1							1.0	9.0	9.0	False	False	True	False	False	True	True
LACTB	0.913	21.0	23.0				1.0	9.0	9.0	True	False	True	False	True	True	True
LACTB2	1.0	23.0	23.0	0.9474	18.0	19.0	1.0	9.0	9.0	True	True	True	True	True	True	True
LAD1	1.0	23.0	23.0	1.0	19.0	19.0	1.0	9.0	9.0	True	True	True	True	True	True	True
LAG3							0.6667	6.0	9.0	False	False	True	False	False	True	False
LAGE3							1.0	9.0	9.0	False	False	True	False	False	True	True
LAIR1							0.6667	6.0	9.0	False	False	True	False	False	True	True
LAMA1							1.0	9.0	9.0	False	False	True	False	False	True	True
LAMA2							1.0	9.0	9.0	False	False	True	False	False	True	True
LAMA3							1.0	9.0	9.0	False	False	True	False	False	True	True
LAMA4							1.0	9.0	9.0	False	False	True	False	False	True	False
LAMA5	1.0	23.0	23.0				1.0	9.0	9.0	True	False	True	False	True	True	True
LAMB1	1.0	23.0	23.0	1.0	19.0	19.0	1.0	9.0	9.0	True	True	True	True	True	True	True
LAMB2	0.6957	16.0	23.0	1.0	19.0	19.0	1.0	9.0	9.0	True	True	True	True	True	True	True
LAMB3							1.0	9.0	9.0	False	False	True	False	False	True	True
LAMC1	1.0	23.0	23.0	1.0	19.0	19.0	1.0	9.0	9.0	True	True	True	True	True	True	True
LAMC2							1.0	9.0	9.0	False	False	True	False	False	True	True
LAMC3							1.0	9.0	9.0	False	False	True	False	False	True	True
LAMP1	1.0	23.0	23.0	1.0	19.0	19.0	1.0	9.0	9.0	True	True	True	True	True	True	True
LAMP2	1.0	23.0	23.0	1.0	19.0	19.0	1.0	9.0	9.0	True	True	True	True	True	True	True
LAMTOR1	1.0	23.0	23.0	1.0	19.0	19.0	1.0	9.0	9.0	True	True	True	True	True	True	True
LAMTOR2	1.0	23.0	23.0				1.0	9.0	9.0	True	False	True	False	True	True	True
LAMTOR3	1.0	23.0	23.0				1.0	9.0	9.0	True	False	True	False	True	True	True
LAMTOR4							1.0	9.0	9.0	False	False	True	False	False	True	True
LAMTOR5	1.0	23.0	23.0	0.6316	12.0	19.0	1.0	9.0	9.0	True	True	True	True	True	True	True
LANCL1	1.0	23.0	23.0	1.0	19.0	19.0	1.0	9.0	9.0	True	True	True	True	True	True	False
LANCL2							1.0	9.0	9.0	False	False	True	False	False	True	True
LANCL3							1.0	9.0	9.0	False	False	True	False	False	True	False
LAP3	1.0	23.0	23.0	1.0	19.0	19.0	1.0	9.0	9.0	True	True	True	True	True	True	True
LAPTM4A							0.7778	7.0	9.0	False	False	True	False	False	True	True
LARGE1							1.0	9.0	9.0	False	False	True	False	False	True	False
LARGE2							1.0	9.0	9.0	False	False	True	False	False	True	False
LARP1	1.0	23.0	23.0	0.8421	16.0	19.0	1.0	9.0	9.0	True	True	True	True	True	True	True
LARP1B							1.0	9.0	9.0	False	False	True	False	False	True	True
LARP4							1.0	9.0	9.0	False	False	True	False	False	True	True
LARP4B							1.0	9.0	9.0	False	False	True	False	False	True	True
LARP6							1.0	9.0	9.0	False	False	True	False	False	True	False
LARP7							1.0	9.0	9.0	False	False	True	False	False	True	True
LARS1	1.0	23.0	23.0	1.0	19.0	19.0	1.0	9.0	9.0	True	True	True	True	True	True	False
LARS2	1.0	23.0	23.0				1.0	9.0	9.0	True	False	True	False	True	True	True
LAS1L							1.0	9.0	9.0	False	False	True	False	False	True	True
LAS2							0.8889	8.0	9.0	False	False	True	False	False	False	False
LASP1	1.0	23.0	23.0	1.0	19.0	19.0	1.0	9.0	9.0	True	True	True	True	True	True	True
LAT							1.0	9.0	9.0	False	False	True	False	False	True	False
LAT2							0.6667	6.0	9.0	False	False	True	False	False	True	True
LATS1							1.0	9.0	9.0	False	False	True	False	False	True	True
LATS2							1.0	9.0	9.0	False	False	True	False	False	True	True
LAYN							1.0	9.0	9.0	False	False	True	False	False	True	False
LBH							1.0	9.0	9.0	False	False	True	False	False	True	False
LBP	1.0	23.0	23.0	0.9474	18.0	19.0	1.0	9.0	9.0	True	True	True	True	True	True	False
LBR							1.0	9.0	9.0	False	False	True	False	False	True	True
LCA5							0.5556	5.0	9.0	False	False	True	False	False	True	False
LCAT							1.0	9.0	9.0	False	False	True	False	False	True	False
LCK							1.0	9.0	9.0	False	False	True	False	False	True	False
LCLAT1							1.0	9.0	9.0	False	False	True	False	False	True	True
LCMT1	0.7826	18.0	23.0				1.0	9.0	9.0	True	False	True	False	True	True	True
LCMT2							1.0	9.0	9.0	False	False	True	False	False	True	True
LCN11							0.7778	7.0	9.0	False	False	True	False	False	False	False
LCN2							1.0	9.0	9.0	False	False	True	False	False	True	False
LCOR							1.0	9.0	9.0	False	False	True	False	False	True	True
LCORL							1.0	9.0	9.0	False	False	True	False	False	True	True
LCP1	1.0	23.0	23.0	1.0	19.0	19.0	1.0	9.0	9.0	True	True	True	True	True	True	True
LCP2							1.0	9.0	9.0	False	False	True	False	False	True	False
LDAF1							0.8889	8.0	9.0	False	False	True	False	False	True	False
LDAH	0.8696	20.0	23.0				1.0	9.0	9.0	True	False	True	False	True	True	False
LDB1							1.0	9.0	9.0	False	False	True	False	False	True	True
LDB2							1.0	9.0	9.0	False	False	True	False	False	True	True
LDB3							1.0	9.0	9.0	False	False	True	False	False	True	False
LDC1							0.3333	3.0	9.0	False	False	False	False	False	True	False
LDHA	1.0	23.0	23.0	1.0	19.0	19.0	1.0	9.0	9.0	True	True	True	True	True	True	True
LDHB	1.0	23.0	23.0	1.0	19.0	19.0	1.0	9.0	9.0	True	True	True	True	True	True	True
LDHD	0.9565	22.0	23.0	1.0	19.0	19.0	1.0	9.0	9.0	True	True	True	True	True	True	True
LDLR							1.0	9.0	9.0	False	False	True	False	False	True	True
LDLRAD1							0.3333	3.0	9.0	False	False	False	False	False	False	False
LDLRAD3							1.0	9.0	9.0	False	False	True	False	False	True	True
LDLRAP1							1.0	9.0	9.0	False	False	True	False	False	True	True
LEAP2							1.0	9.0	9.0	False	False	True	False	False	True	False
LECT2							1.0	9.0	9.0	False	False	True	False	False	False	False
LEMD2	1.0	23.0	23.0	1.0	19.0	19.0	1.0	9.0	9.0	True	True	True	True	True	True	True
LEMD3							1.0	9.0	9.0	False	False	True	False	False	True	True
LENG1							1.0	9.0	9.0	False	False	True	False	False	True	True
LENG8							1.0	9.0	9.0	False	False	True	False	False	True	True
LENG9							1.0	9.0	9.0	False	False	True	False	False	True	True
LEO1							1.0	9.0	9.0	False	False	True	False	False	True	True
LEPR							1.0	9.0	9.0	False	False	True	False	False	True	True
LEPROT							1.0	9.0	9.0	False	False	True	False	False	True	True
LEPROTL1							1.0	9.0	9.0	False	False	True	False	False	True	True
LETM1	1.0	23.0	23.0	1.0	19.0	19.0	1.0	9.0	9.0	True	True	True	True	True	True	True
LETM2							0.4444	4.0	9.0	False	False	False	False	False	True	False
LETMD1							1.0	9.0	9.0	False	False	True	False	False	True	True
LFNG							1.0	9.0	9.0	False	False	True	False	False	True	True
LGALS1	1.0	23.0	23.0	1.0	19.0	19.0	1.0	9.0	9.0	True	True	True	True	True	True	True
LGALS12							0.8889	8.0	9.0	False	False	True	False	False	True	False
LGALS2	1.0	23.0	23.0	0.9474	18.0	19.0	0.4444	4.0	9.0	True	True	False	False	False	True	False
LGALS3	1.0	23.0	23.0	1.0	19.0	19.0	1.0	9.0	9.0	True	True	True	True	True	True	True
LGALS3BP							1.0	9.0	9.0	False	False	True	False	False	True	False
LGALS4							0.8889	8.0	9.0	False	False	True	False	False	True	False
LGALS7							1.0	9.0	9.0	False	False	True	False	False	False	False
LGALS8							1.0	9.0	9.0	False	False	True	False	False	True	True
LGALS9	1.0	23.0	23.0	1.0	19.0	19.0	1.0	9.0	9.0	True	True	True	True	True	True	True
LGALSL	1.0	23.0	23.0				1.0	9.0	9.0	True	False	True	False	True	True	True
LGB	1.0	23.0	23.0	1.0	19.0	19.0				True	True	False	False	False	False	False
LGI2							0.4444	4.0	9.0	False	False	False	False	False	True	False
LGMN	1.0	23.0	23.0	0.8421	16.0	19.0	1.0	9.0	9.0	True	True	True	True	True	True	True
LGR4							1.0	9.0	9.0	False	False	True	False	False	True	True
LHFPL2							0.8889	8.0	9.0	False	False	True	False	False	True	True
LHFPL6							1.0	9.0	9.0	False	False	True	False	False	True	False
LHPP	1.0	23.0	23.0	1.0	19.0	19.0	1.0	9.0	9.0	True	True	True	True	True	True	True
LHX1							1.0	9.0	9.0	False	False	True	False	False	True	True
LIAS	0.9565	22.0	23.0				1.0	9.0	9.0	True	False	True	False	True	True	True
LIF							0.6667	6.0	9.0	False	False	True	False	False	True	False
LIFR							1.0	9.0	9.0	False	False	True	False	False	True	True
LIG1							1.0	9.0	9.0	False	False	True	False	False	True	True
LIG3							1.0	9.0	9.0	False	False	True	False	False	True	True
LIG4							1.0	9.0	9.0	False	False	True	False	False	True	True
LILRA5							1.0	9.0	9.0	False	False	True	False	False	True	False
LILRB4A							1.0	9.0	9.0	False	False	True	False	False	True	False
LIMA1	1.0	23.0	23.0	1.0	19.0	19.0	1.0	9.0	9.0	True	True	True	True	True	True	True
LIMCH1				0.8947	17.0	19.0	1.0	9.0	9.0	False	True	True	False	True	True	True
LIMD1							1.0	9.0	9.0	False	False	True	False	False	True	True
LIMD2							1.0	9.0	9.0	False	False	True	False	False	True	True
LIMK1							1.0	9.0	9.0	False	False	True	False	False	True	True
LIMK2							1.0	9.0	9.0	False	False	True	False	False	True	True
LIMS1	1.0	23.0	23.0	1.0	19.0	19.0	1.0	9.0	9.0	True	True	True	True	True	True	True
LIMS2				0.6316	12.0	19.0	1.0	9.0	9.0	False	True	True	False	True	True	True
LIN37							1.0	9.0	9.0	False	False	True	False	False	True	True
LIN52							1.0	9.0	9.0	False	False	True	False	False	True	True
LIN54							1.0	9.0	9.0	False	False	True	False	False	True	True
LIN7A							1.0	9.0	9.0	False	False	True	False	False	True	False
LIN7B							0.5556	5.0	9.0	False	False	True	False	False	True	False
LIN7C	1.0	23.0	23.0	1.0	19.0	19.0	1.0	9.0	9.0	True	True	True	True	True	True	True
LIN9							1.0	9.0	9.0	False	False	True	False	False	True	True
LINS1							1.0	9.0	9.0	False	False	True	False	False	True	False
LIPA							1.0	9.0	9.0	False	False	True	False	False	True	False
LIPC							1.0	9.0	9.0	False	False	True	False	False	True	False
LIPE							1.0	9.0	9.0	False	False	True	False	False	True	True
LIPG							0.7778	7.0	9.0	False	False	True	False	False	True	False
LIPN	1.0	23.0	23.0	0.8947	17.0	19.0				True	True	False	False	False	True	False
LIPO3							1.0	9.0	9.0	False	False	True	False	False	True	False
LIPT1							1.0	9.0	9.0	False	False	True	False	False	True	True
LIPT2							1.0	9.0	9.0	False	False	True	False	False	True	True
LIRE1							0.4444	4.0	9.0	False	False	False	False	False	False	False
LITAF							1.0	9.0	9.0	False	False	True	False	False	True	True
LIX1L							1.0	9.0	9.0	False	False	True	False	False	True	True
LLGL1							1.0	9.0	9.0	False	False	True	False	False	True	True
LLGL2							1.0	9.0	9.0	False	False	True	False	False	True	True
LLPH							1.0	9.0	9.0	False	False	True	False	False	True	True
LMAN1	1.0	23.0	23.0	1.0	19.0	19.0	1.0	9.0	9.0	True	True	True	True	True	True	True
LMAN2	1.0	23.0	23.0	1.0	19.0	19.0	1.0	9.0	9.0	True	True	True	True	True	True	True
LMAN2L							1.0	9.0	9.0	False	False	True	False	False	True	True
LMBR1							1.0	9.0	9.0	False	False	True	False	False	True	True
LMBRD1							1.0	9.0	9.0	False	False	True	False	False	True	True
LMBRD2							1.0	9.0	9.0	False	False	True	False	False	True	True
LMCD1	1.0	23.0	23.0	1.0	19.0	19.0	1.0	9.0	9.0	True	True	True	True	True	True	True
LMF1							1.0	9.0	9.0	False	False	True	False	False	True	True
LMF2	1.0	23.0	23.0	0.6316	12.0	19.0	1.0	9.0	9.0	True	True	True	True	True	True	True
LMLN							0.8889	8.0	9.0	False	False	True	False	False	True	False
LMNA	1.0	23.0	23.0	1.0	19.0	19.0	1.0	9.0	9.0	True	True	True	True	True	True	True
LMNB1	1.0	23.0	23.0	1.0	19.0	19.0	1.0	9.0	9.0	True	True	True	True	True	True	True
LMNB2	1.0	23.0	23.0	1.0	19.0	19.0	1.0	9.0	9.0	True	True	True	True	True	True	True
LMO2							1.0	9.0	9.0	False	False	True	False	False	True	True
LMO4							1.0	9.0	9.0	False	False	True	False	False	True	True
LMO7	1.0	23.0	23.0	1.0	19.0	19.0	1.0	9.0	9.0	True	True	True	True	True	True	True
LMOD1	1.0	23.0	23.0	1.0	19.0	19.0	1.0	9.0	9.0	True	True	True	True	True	True	True
LMTK2							1.0	9.0	9.0	False	False	True	False	False	True	True
LMTK3							0.7778	7.0	9.0	False	False	True	False	False	True	False
LNPEP							1.0	9.0	9.0	False	False	True	False	False	True	True
LNPK							1.0	9.0	9.0	False	False	True	False	False	True	False
LNX1							1.0	9.0	9.0	False	False	True	False	False	True	True
LNX2							1.0	9.0	9.0	False	False	True	False	False	True	True
LOC100533977	0.6522	15.0	23.0							True	False	False	False	False	True	False
LOC101080592				0.5263	10.0	19.0				False	True	False	False	False	False	False
LOC101080736	1.0	23.0	23.0	0.7895	15.0	19.0				True	True	False	False	False	False	False
LOC101080845	1.0	23.0	23.0	0.7895	15.0	19.0				True	True	False	False	False	True	False
LOC101080976	1.0	23.0	23.0	1.0	19.0	19.0				True	True	False	False	False	False	False
LOC101081204	1.0	23.0	23.0	0.6842	13.0	19.0				True	True	False	False	False	True	False
LOC101082144	1.0	23.0	23.0	0.5263	10.0	19.0				True	True	False	False	False	True	False
LOC101082653	0.8261	19.0	23.0	0.6316	12.0	19.0				True	True	False	False	False	False	False
LOC101082948				1.0	19.0	19.0				False	True	False	False	False	True	False
LOC101083114	1.0	23.0	23.0	1.0	19.0	19.0				True	True	False	False	False	True	False
LOC101083370	0.6522	15.0	23.0	0.7368	14.0	19.0				True	True	False	False	False	True	False
LOC101083645				0.6842	13.0	19.0				False	True	False	False	False	True	False
LOC101083950	1.0	23.0	23.0	1.0	19.0	19.0				True	True	False	False	False	False	False
LOC101084705	1.0	23.0	23.0	1.0	19.0	19.0				True	True	False	False	False	False	False
LOC101084707				1.0	19.0	19.0				False	True	False	False	False	False	False
LOC101085428	1.0	23.0	23.0	1.0	19.0	19.0				True	True	False	False	False	False	False
LOC101085453	1.0	23.0	23.0	1.0	19.0	19.0				True	True	False	False	False	False	False
LOC101085538	1.0	23.0	23.0							True	False	False	False	False	False	False
LOC101085707				0.5263	10.0	19.0				False	True	False	False	False	False	False
LOC101086441	0.9565	22.0	23.0	1.0	19.0	19.0				True	True	False	False	False	True	False
LOC101086557	0.9565	22.0	23.0	1.0	19.0	19.0				True	True	False	False	False	True	False
LOC101088333	1.0	23.0	23.0	1.0	19.0	19.0				True	True	False	False	False	False	False
LOC101088734	1.0	23.0	23.0	1.0	19.0	19.0				True	True	False	False	False	True	False
LOC101088897	1.0	23.0	23.0							True	False	False	False	False	False	False
LOC101088902	1.0	23.0	23.0	1.0	19.0	19.0				True	True	False	False	False	True	False
LOC101088940				1.0	19.0	19.0				False	True	False	False	False	False	False
LOC101089505	1.0	23.0	23.0	1.0	19.0	19.0				True	True	False	False	False	True	False
LOC101090552	1.0	23.0	23.0	0.8421	16.0	19.0				True	True	False	False	False	True	False
LOC101090590	1.0	23.0	23.0	1.0	19.0	19.0				True	True	False	False	False	True	False
LOC101091370	1.0	23.0	23.0	0.9474	18.0	19.0				True	True	False	False	False	False	False
LOC101091418	0.9565	22.0	23.0	1.0	19.0	19.0				True	True	False	False	False	True	False
LOC101092550				0.8421	16.0	19.0				False	True	False	False	False	True	False
LOC101093429				0.5789	11.0	19.0				False	True	False	False	False	True	False
LOC101093782	1.0	23.0	23.0							True	False	False	False	False	True	False
LOC101093951	1.0	23.0	23.0	1.0	19.0	19.0				True	True	False	False	False	True	False
LOC101093982	1.0	23.0	23.0	1.0	19.0	19.0				True	True	False	False	False	True	False
LOC101093986				1.0	19.0	19.0				False	True	False	False	False	True	False
LOC101094096				1.0	19.0	19.0				False	True	False	False	False	True	False
LOC101094108	1.0	23.0	23.0	0.9474	18.0	19.0				True	True	False	False	False	True	False
LOC101094346	1.0	23.0	23.0	1.0	19.0	19.0				True	True	False	False	False	True	False
LOC101095032	0.9565	22.0	23.0	0.9474	18.0	19.0				True	True	False	False	False	True	False
LOC101095082				1.0	19.0	19.0				False	True	False	False	False	False	False
LOC101095098				0.9474	18.0	19.0				False	True	False	False	False	False	False
LOC101095392	0.8696	20.0	23.0							True	False	False	False	False	True	False
LOC101096317	0.9565	22.0	23.0	0.8947	17.0	19.0				True	True	False	False	False	True	False
LOC101096635				1.0	19.0	19.0				False	True	False	False	False	True	False
LOC101096765	1.0	23.0	23.0	1.0	19.0	19.0				True	True	False	False	False	True	False
LOC101096876	1.0	23.0	23.0	1.0	19.0	19.0				True	True	False	False	False	True	False
LOC101097198	1.0	23.0	23.0	1.0	19.0	19.0				True	True	False	False	False	True	False
LOC101097564	1.0	23.0	23.0	1.0	19.0	19.0				True	True	False	False	False	True	False
LOC101098145	0.9565	22.0	23.0	0.9474	18.0	19.0				True	True	False	False	False	True	False
LOC101098159	0.9565	22.0	23.0	1.0	19.0	19.0				True	True	False	False	False	True	False
LOC101098498	1.0	23.0	23.0	0.7895	15.0	19.0				True	True	False	False	False	True	False
LOC101099268	1.0	23.0	23.0	0.8421	16.0	19.0				True	True	False	False	False	True	False
LOC101099498	1.0	23.0	23.0	0.9474	18.0	19.0				True	True	False	False	False	False	False
LOC101099779	1.0	23.0	23.0	0.6842	13.0	19.0				True	True	False	False	False	True	False
LOC101100266	1.0	23.0	23.0	1.0	19.0	19.0				True	True	False	False	False	True	False
LOC101100387	1.0	23.0	23.0	1.0	19.0	19.0				True	True	False	False	False	True	False
LOC101100430	0.9565	22.0	23.0	0.9474	18.0	19.0				True	True	False	False	False	False	False
LOC101100947	1.0	23.0	23.0	0.7895	15.0	19.0				True	True	False	False	False	True	False
LOC101101118	0.9565	22.0	23.0	0.9474	18.0	19.0				True	True	False	False	False	True	False
LOC102638047							1.0	9.0	9.0	False	False	True	False	False	False	False
LOC102899183	1.0	23.0	23.0	1.0	19.0	19.0				True	True	False	False	False	True	False
LOC102899273	0.9565	22.0	23.0	1.0	19.0	19.0				True	True	False	False	False	True	False
LOC102899673	1.0	23.0	23.0	1.0	19.0	19.0				True	True	False	False	False	True	False
LOC102899897	1.0	23.0	23.0	1.0	19.0	19.0				True	True	False	False	False	True	False
LOC102901316	1.0	23.0	23.0	1.0	19.0	19.0				True	True	False	False	False	True	False
LOC102901344	1.0	23.0	23.0							True	False	False	False	False	True	False
LOC105259814				1.0	19.0	19.0				False	True	False	False	False	False	False
LOC105261197	1.0	23.0	23.0	0.9474	18.0	19.0				True	True	False	False	False	False	False
LOC109496317	1.0	23.0	23.0	1.0	19.0	19.0				True	True	False	False	False	False	False
LOC111556177	1.0	23.0	23.0	1.0	19.0	19.0				True	True	False	False	False	False	False
LOC111558024	1.0	23.0	23.0	1.0	19.0	19.0				True	True	False	False	False	True	False
LOC111558717	1.0	23.0	23.0	1.0	19.0	19.0				True	True	False	False	False	False	False
LOC111558772	0.8696	20.0	23.0							True	False	False	False	False	True	False
LOC111558919	1.0	23.0	23.0	1.0	19.0	19.0				True	True	False	False	False	False	False
LOC111558925	0.8696	20.0	23.0	0.9474	18.0	19.0				True	True	False	False	False	False	False
LOC111558969				0.7895	15.0	19.0				False	True	False	False	False	True	False
LOC111559111	1.0	23.0	23.0	1.0	19.0	19.0				True	True	False	False	False	False	False
LOC111559192	1.0	23.0	23.0	1.0	19.0	19.0				True	True	False	False	False	True	False
LOC111560441	0.6522	15.0	23.0							True	False	False	False	False	True	False
LOC115945195	1.0	23.0	23.0	1.0	19.0	19.0				True	True	False	False	False	False	False
LONP1	0.9565	22.0	23.0	1.0	19.0	19.0	1.0	9.0	9.0	True	True	True	True	True	True	True
LONP2	1.0	23.0	23.0	0.8421	16.0	19.0	1.0	9.0	9.0	True	True	True	True	True	True	True
LOX							1.0	9.0	9.0	False	False	True	False	False	True	True
LOXL1							1.0	9.0	9.0	False	False	True	False	False	True	True
LOXL2							1.0	9.0	9.0	False	False	True	False	False	True	True
LOXL3							1.0	9.0	9.0	False	False	True	False	False	True	False
LOXL4							1.0	9.0	9.0	False	False	True	False	False	True	True
LPAR1							1.0	9.0	9.0	False	False	True	False	False	True	True
LPAR2							1.0	9.0	9.0	False	False	True	False	False	True	True
LPAR3							0.8889	8.0	9.0	False	False	True	False	False	True	False
LPAR4							0.8889	8.0	9.0	False	False	True	False	False	False	False
LPAR6							1.0	9.0	9.0	False	False	True	False	False	True	True
LPCAT1	1.0	23.0	23.0	0.8421	16.0	19.0	1.0	9.0	9.0	True	True	True	True	True	True	True
LPCAT2							1.0	9.0	9.0	False	False	True	False	False	True	False
LPCAT3							1.0	9.0	9.0	False	False	True	False	False	True	True
LPCAT4							1.0	9.0	9.0	False	False	True	False	False	True	True
LPGAT1	0.9565	22.0	23.0	0.8421	16.0	19.0	1.0	9.0	9.0	True	True	True	True	True	True	True
LPIN1							1.0	9.0	9.0	False	False	True	False	False	True	True
LPIN2							1.0	9.0	9.0	False	False	True	False	False	True	True
LPIN3							1.0	9.0	9.0	False	False	True	False	False	True	True
LPL							1.0	9.0	9.0	False	False	True	False	False	True	True
LPO							0.8889	8.0	9.0	False	False	True	False	False	True	False
LPP	1.0	23.0	23.0	1.0	19.0	19.0	1.0	9.0	9.0	True	True	True	True	True	True	False
LPXN							1.0	9.0	9.0	False	False	True	False	False	True	True
LRATD1							1.0	9.0	9.0	False	False	True	False	False	True	False
LRATD2							1.0	9.0	9.0	False	False	True	False	False	True	False
LRBA	1.0	23.0	23.0	1.0	19.0	19.0	1.0	9.0	9.0	True	True	True	True	True	True	True
LRCH1							1.0	9.0	9.0	False	False	True	False	False	True	True
LRCH2							1.0	9.0	9.0	False	False	True	False	False	True	False
LRCH3							1.0	9.0	9.0	False	False	True	False	False	True	True
LRCH4							1.0	9.0	9.0	False	False	True	False	False	True	False
LRFN4							0.2222	2.0	9.0	False	False	False	False	False	True	True
LRG1	1.0	23.0	23.0	0.9474	18.0	19.0	1.0	9.0	9.0	True	True	True	True	True	True	True
LRIF1							1.0	9.0	9.0	False	False	True	False	False	True	True
LRIG1							1.0	9.0	9.0	False	False	True	False	False	True	True
LRIG2							1.0	9.0	9.0	False	False	True	False	False	True	True
LRMDA							1.0	9.0	9.0	False	False	True	False	False	True	False
LRP1	1.0	23.0	23.0	1.0	19.0	19.0	1.0	9.0	9.0	True	True	True	True	True	True	True
LRP10							1.0	9.0	9.0	False	False	True	False	False	True	True
LRP12							1.0	9.0	9.0	False	False	True	False	False	True	True
LRP1B							1.0	9.0	9.0	False	False	True	False	False	False	False
LRP2	1.0	23.0	23.0	1.0	19.0	19.0	1.0	9.0	9.0	True	True	True	True	True	True	True
LRP4							1.0	9.0	9.0	False	False	True	False	False	True	True
LRP5							1.0	9.0	9.0	False	False	True	False	False	True	True
LRP6							1.0	9.0	9.0	False	False	True	False	False	True	True
LRPAP1	1.0	23.0	23.0	1.0	19.0	19.0	1.0	9.0	9.0	True	True	True	True	True	True	True
LRPPRC	1.0	23.0	23.0	1.0	19.0	19.0	1.0	9.0	9.0	True	True	True	True	True	True	True
LRRC1							1.0	9.0	9.0	False	False	True	False	False	True	True
LRRC14							1.0	9.0	9.0	False	False	True	False	False	True	True
LRRC17							0.5556	5.0	9.0	False	False	True	False	False	True	False
LRRC19							1.0	9.0	9.0	False	False	True	False	False	True	True
LRRC20							1.0	9.0	9.0	False	False	True	False	False	True	False
LRRC25							1.0	9.0	9.0	False	False	True	False	False	True	True
LRRC26							0.3333	3.0	9.0	False	False	False	False	False	True	False
LRRC28							1.0	9.0	9.0	False	False	True	False	False	True	True
LRRC31							1.0	9.0	9.0	False	False	True	False	False	True	False
LRRC32							1.0	9.0	9.0	False	False	True	False	False	True	True
LRRC40							1.0	9.0	9.0	False	False	True	False	False	True	True
LRRC41							1.0	9.0	9.0	False	False	True	False	False	True	True
LRRC42							1.0	9.0	9.0	False	False	True	False	False	True	True
LRRC45							1.0	9.0	9.0	False	False	True	False	False	True	True
LRRC46							1.0	9.0	9.0	False	False	True	False	False	True	True
LRRC47	1.0	23.0	23.0	1.0	19.0	19.0	1.0	9.0	9.0	True	True	True	True	True	True	True
LRRC49							0.8889	8.0	9.0	False	False	True	False	False	True	True
LRRC57	1.0	23.0	23.0	1.0	19.0	19.0	1.0	9.0	9.0	True	True	True	True	True	True	True
LRRC58							1.0	9.0	9.0	False	False	True	False	False	True	True
LRRC59	1.0	23.0	23.0	1.0	19.0	19.0	1.0	9.0	9.0	True	True	True	True	True	True	True
LRRC66							1.0	9.0	9.0	False	False	True	False	False	True	True
LRRC7							0.7778	7.0	9.0	False	False	True	False	False	False	False
LRRC75A							1.0	9.0	9.0	False	False	True	False	False	True	True
LRRC8A							1.0	9.0	9.0	False	False	True	False	False	True	True
LRRC8B							1.0	9.0	9.0	False	False	True	False	False	True	True
LRRC8C							1.0	9.0	9.0	False	False	True	False	False	True	True
LRRC8D							1.0	9.0	9.0	False	False	True	False	False	True	True
LRRC8E							1.0	9.0	9.0	False	False	True	False	False	True	False
LRRCC1							1.0	9.0	9.0	False	False	True	False	False	True	True
LRRFIP1	1.0	23.0	23.0	1.0	19.0	19.0	1.0	9.0	9.0	True	True	True	True	True	True	True
LRRFIP2	0.8261	19.0	23.0				1.0	9.0	9.0	True	False	True	False	True	True	True
LRRK1							1.0	9.0	9.0	False	False	True	False	False	True	True
LRRK2	1.0	23.0	23.0	0.5789	11.0	19.0	1.0	9.0	9.0	True	True	True	True	True	True	True
LRRN1							1.0	9.0	9.0	False	False	True	False	False	True	True
LRRN4							0.6667	6.0	9.0	False	False	True	False	False	True	False
LRRN4CL							0.8889	8.0	9.0	False	False	True	False	False	True	False
LRSAM1							1.0	9.0	9.0	False	False	True	False	False	True	True
LRWD1							1.0	9.0	9.0	False	False	True	False	False	True	True
LSAMP							1.0	9.0	9.0	False	False	True	False	False	True	False
LSG1							1.0	9.0	9.0	False	False	True	False	False	True	True
LSM1							1.0	9.0	9.0	False	False	True	False	False	True	True
LSM10							1.0	9.0	9.0	False	False	True	False	False	True	True
LSM11							1.0	9.0	9.0	False	False	True	False	False	True	True
LSM12							1.0	9.0	9.0	False	False	True	False	False	True	True
LSM14A							1.0	9.0	9.0	False	False	True	False	False	True	True
LSM14B							1.0	9.0	9.0	False	False	True	False	False	True	True
LSM2	0.8261	19.0	23.0				1.0	9.0	9.0	True	False	True	False	True	True	True
LSM3	1.0	23.0	23.0				1.0	9.0	9.0	True	False	True	False	True	True	True
LSM4				0.8421	16.0	19.0	1.0	9.0	9.0	False	True	True	False	True	True	True
LSM5							0.4444	4.0	9.0	False	False	False	False	False	True	True
LSM6	0.8696	20.0	23.0	0.8421	16.0	19.0	1.0	9.0	9.0	True	True	True	True	True	True	True
LSM7	1.0	23.0	23.0	1.0	19.0	19.0	1.0	9.0	9.0	True	True	True	True	True	True	True
LSM8	1.0	23.0	23.0				1.0	9.0	9.0	True	False	True	False	True	True	True
LSP1	1.0	23.0	23.0	1.0	19.0	19.0	1.0	9.0	9.0	True	True	True	True	True	True	True
LSR							1.0	9.0	9.0	False	False	True	False	False	True	True
LSS							1.0	9.0	9.0	False	False	True	False	False	True	False
LST1							0.8889	8.0	9.0	False	False	True	False	False	True	False
LTA4H	1.0	23.0	23.0	1.0	19.0	19.0	1.0	9.0	9.0	True	True	True	True	True	True	True
LTB4R							0.4444	4.0	9.0	False	False	False	False	False	True	False
LTBP1				0.4737	9.0	19.0	1.0	9.0	9.0	False	False	True	False	False	True	True
LTBP2							0.8889	8.0	9.0	False	False	True	False	False	True	False
LTBP3							1.0	9.0	9.0	False	False	True	False	False	True	True
LTBP4							1.0	9.0	9.0	False	False	True	False	False	True	True
LTBR							1.0	9.0	9.0	False	False	True	False	False	True	True
LTC4S							1.0	9.0	9.0	False	False	True	False	False	True	False
LTF	1.0	23.0	23.0	1.0	19.0	19.0	1.0	9.0	9.0	True	True	True	True	True	True	False
LTN1							1.0	9.0	9.0	False	False	True	False	False	True	True
LTO1							1.0	9.0	9.0	False	False	True	False	False	True	False
LTV1							1.0	9.0	9.0	False	False	True	False	False	True	True
LUC7L							1.0	9.0	9.0	False	False	True	False	False	True	True
LUC7L2							1.0	9.0	9.0	False	False	True	False	False	True	False
LUC7L3							1.0	9.0	9.0	False	False	True	False	False	True	True
LUM	1.0	23.0	23.0	1.0	19.0	19.0	1.0	9.0	9.0	True	True	True	True	True	True	False
LURAP1							1.0	9.0	9.0	False	False	True	False	False	True	True
LURAP1L							1.0	9.0	9.0	False	False	True	False	False	True	True
LUZP1							1.0	9.0	9.0	False	False	True	False	False	True	True
LXN	0.9565	22.0	23.0	1.0	19.0	19.0	1.0	9.0	9.0	True	True	True	True	True	True	True
LY6A							1.0	9.0	9.0	False	False	True	False	False	True	False
LY6C1							1.0	9.0	9.0	False	False	True	False	False	True	False
LY6C2							1.0	9.0	9.0	False	False	True	False	False	True	False
LY6D							1.0	9.0	9.0	False	False	True	False	False	True	True
LY6E							1.0	9.0	9.0	False	False	True	False	False	True	True
LY6G							0.6667	6.0	9.0	False	False	True	False	False	False	False
LY6G2							1.0	9.0	9.0	False	False	True	False	False	True	False
LY6G6E							0.6667	6.0	9.0	False	False	True	False	False	False	False
LY6G6F							0.4444	4.0	9.0	False	False	False	False	False	False	False
LY6H							0.6667	6.0	9.0	False	False	True	False	False	False	False
LY6M							0.6667	6.0	9.0	False	False	True	False	False	False	False
LY75							1.0	9.0	9.0	False	False	True	False	False	True	False
LY86							1.0	9.0	9.0	False	False	True	False	False	True	True
LY9							1.0	9.0	9.0	False	False	True	False	False	True	False
LY96							1.0	9.0	9.0	False	False	True	False	False	True	True
LYAR							1.0	9.0	9.0	False	False	True	False	False	True	True
LYN	0.7391	17.0	23.0				1.0	9.0	9.0	True	False	True	False	True	True	True
LYNX1							1.0	9.0	9.0	False	False	True	False	False	True	False
LYPD2							0.3333	3.0	9.0	False	False	False	False	False	True	False
LYPD3							0.6667	6.0	9.0	False	False	True	False	False	True	False
LYPD6							0.7778	7.0	9.0	False	False	True	False	False	True	True
LYPD6B							0.6667	6.0	9.0	False	False	True	False	False	True	True
LYPD8L							0.4444	4.0	9.0	False	False	False	False	False	False	False
LYPLA1	0.9565	22.0	23.0	1.0	19.0	19.0	1.0	9.0	9.0	True	True	True	True	True	True	True
LYPLA2	1.0	23.0	23.0	1.0	19.0	19.0	1.0	9.0	9.0	True	True	True	True	True	True	True
LYPLAL1	0.8696	20.0	23.0	0.5263	10.0	19.0	1.0	9.0	9.0	True	True	True	True	True	True	True
LYRM1							1.0	9.0	9.0	False	False	True	False	False	True	False
LYRM2							1.0	9.0	9.0	False	False	True	False	False	True	False
LYRM4	0.9565	22.0	23.0	1.0	19.0	19.0	1.0	9.0	9.0	True	True	True	True	True	True	True
LYRM7							1.0	9.0	9.0	False	False	True	False	False	True	False
LYRM9							1.0	9.0	9.0	False	False	True	False	False	True	True
LYSMD1							1.0	9.0	9.0	False	False	True	False	False	True	True
LYSMD2							0.8889	8.0	9.0	False	False	True	False	False	True	False
LYSMD3							1.0	9.0	9.0	False	False	True	False	False	True	True
LYSMD4							1.0	9.0	9.0	False	False	True	False	False	True	True
LYST							1.0	9.0	9.0	False	False	True	False	False	True	True
LYVE1							1.0	9.0	9.0	False	False	True	False	False	True	False
LYZ	1.0	23.0	23.0							True	False	False	False	False	False	False
LYZ1							1.0	9.0	9.0	False	False	True	False	False	True	False
LYZ2							1.0	9.0	9.0	False	False	True	False	False	True	False
LZIC	1.0	23.0	23.0	1.0	19.0	19.0	1.0	9.0	9.0	True	True	True	True	True	True	True
LZTFL1	1.0	23.0	23.0				1.0	9.0	9.0	True	False	True	False	True	True	True
LZTR1							1.0	9.0	9.0	False	False	True	False	False	True	True
LZTS1							0.8889	8.0	9.0	False	False	True	False	False	True	False
LZTS2							1.0	9.0	9.0	False	False	True	False	False	True	True
LZTS3							1.0	9.0	9.0	False	False	True	False	False	True	True
M6PR	1.0	23.0	23.0	1.0	19.0	19.0	1.0	9.0	9.0	True	True	True	True	True	True	True
MAB21L3							1.0	9.0	9.0	False	False	True	False	False	True	True
MAB21L4							1.0	9.0	9.0	False	False	True	False	False	True	False
MACC1							1.0	9.0	9.0	False	False	True	False	False	True	False
MACF1	1.0	23.0	23.0	1.0	19.0	19.0	1.0	9.0	9.0	True	True	True	True	True	True	True
MACIR							1.0	9.0	9.0	False	False	True	False	False	True	False
MACO1							1.0	9.0	9.0	False	False	True	False	False	True	False
MACROD1	1.0	23.0	23.0	1.0	19.0	19.0	1.0	9.0	9.0	True	True	True	True	True	True	True
MACROD2							1.0	9.0	9.0	False	False	True	False	False	True	False
MACROH2A1	1.0	23.0	23.0	1.0	19.0	19.0	1.0	9.0	9.0	True	True	True	True	True	True	False
MACROH2A2							1.0	9.0	9.0	False	False	True	False	False	True	False
MAD1L1							1.0	9.0	9.0	False	False	True	False	False	True	True
MAD2L1							1.0	9.0	9.0	False	False	True	False	False	True	True
MAD2L1BP							1.0	9.0	9.0	False	False	True	False	False	True	False
MAD2L2							1.0	9.0	9.0	False	False	True	False	False	True	True
MADD							1.0	9.0	9.0	False	False	True	False	False	True	True
MAEA							1.0	9.0	9.0	False	False	True	False	False	True	True
MAF							1.0	9.0	9.0	False	False	True	False	False	True	True
MAF1							1.0	9.0	9.0	False	False	True	False	False	True	True
MAFB							1.0	9.0	9.0	False	False	True	False	False	True	True
MAFF							1.0	9.0	9.0	False	False	True	False	False	True	False
MAFG							1.0	9.0	9.0	False	False	True	False	False	True	True
MAFK							1.0	9.0	9.0	False	False	True	False	False	True	True
MAGED1							1.0	9.0	9.0	False	False	True	False	False	True	True
MAGED2							1.0	9.0	9.0	False	False	True	False	False	True	True
MAGEE1							1.0	9.0	9.0	False	False	True	False	False	True	False
MAGEH1							1.0	9.0	9.0	False	False	True	False	False	True	True
MAGI1							1.0	9.0	9.0	False	False	True	False	False	True	True
MAGI2							1.0	9.0	9.0	False	False	True	False	False	True	False
MAGI3							1.0	9.0	9.0	False	False	True	False	False	True	True
MAGIX							1.0	9.0	9.0	False	False	True	False	False	True	True
MAGOH				0.7895	15.0	19.0	1.0	9.0	9.0	False	True	True	False	True	True	True
MAGOHB	1.0	23.0	23.0							True	False	False	False	False	True	True
MAGT1							1.0	9.0	9.0	False	False	True	False	False	True	True
MAIP1							1.0	9.0	9.0	False	False	True	False	False	True	False
MAK16							1.0	9.0	9.0	False	False	True	False	False	True	True
MAL2	1.0	23.0	23.0				1.0	9.0	9.0	True	False	True	False	True	True	True
MALRD1							1.0	9.0	9.0	False	False	True	False	False	True	True
MALSU1							1.0	9.0	9.0	False	False	True	False	False	True	True
MALT1							1.0	9.0	9.0	False	False	True	False	False	True	True
MAMDC2							1.0	9.0	9.0	False	False	True	False	False	True	False
MAML1							1.0	9.0	9.0	False	False	True	False	False	True	True
MAML2							1.0	9.0	9.0	False	False	True	False	False	True	True
MAML3							0.8889	8.0	9.0	False	False	True	False	False	True	True
MAMLD1							1.0	9.0	9.0	False	False	True	False	False	True	False
MAN1A1							1.0	9.0	9.0	False	False	True	False	False	True	True
MAN1A2							1.0	9.0	9.0	False	False	True	False	False	True	True
MAN1B1							1.0	9.0	9.0	False	False	True	False	False	True	False
MAN1C1							1.0	9.0	9.0	False	False	True	False	False	True	True
MAN2A1	0.6957	16.0	23.0				1.0	9.0	9.0	True	False	True	False	True	True	True
MAN2A2							1.0	9.0	9.0	False	False	True	False	False	True	True
MAN2B1	1.0	23.0	23.0	1.0	19.0	19.0	1.0	9.0	9.0	True	True	True	True	True	True	True
MAN2B2							1.0	9.0	9.0	False	False	True	False	False	True	False
MAN2C1	1.0	23.0	23.0	0.7368	14.0	19.0	1.0	9.0	9.0	True	True	True	True	True	True	True
MANBA							1.0	9.0	9.0	False	False	True	False	False	True	True
MANBAL							1.0	9.0	9.0	False	False	True	False	False	True	True
MANEA							1.0	9.0	9.0	False	False	True	False	False	True	True
MANF							1.0	9.0	9.0	False	False	True	False	False	True	False
MANSC1							1.0	9.0	9.0	False	False	True	False	False	True	True
MAOA	1.0	23.0	23.0	1.0	19.0	19.0	1.0	9.0	9.0	True	True	True	True	True	True	True
MAOB	1.0	23.0	23.0	1.0	19.0	19.0	1.0	9.0	9.0	True	True	True	True	True	True	True
MAP1A							1.0	9.0	9.0	False	False	True	False	False	True	False
MAP1B				0.8421	16.0	19.0	1.0	9.0	9.0	False	True	True	False	True	True	False
MAP1LC3A							1.0	9.0	9.0	False	False	True	False	False	True	True
MAP1LC3B							1.0	9.0	9.0	False	False	True	False	False	True	True
MAP1S							1.0	9.0	9.0	False	False	True	False	False	True	True
MAP2				1.0	19.0	19.0	1.0	9.0	9.0	False	True	True	False	True	True	False
MAP2K1	0.8696	20.0	23.0	1.0	19.0	19.0	1.0	9.0	9.0	True	True	True	True	True	True	True
MAP2K2	1.0	23.0	23.0				1.0	9.0	9.0	True	False	True	False	True	True	True
MAP2K3							1.0	9.0	9.0	False	False	True	False	False	True	True
MAP2K4	1.0	23.0	23.0	0.9474	18.0	19.0	1.0	9.0	9.0	True	True	True	True	True	True	True
MAP2K5							1.0	9.0	9.0	False	False	True	False	False	True	True
MAP2K6							1.0	9.0	9.0	False	False	True	False	False	True	True
MAP2K7							1.0	9.0	9.0	False	False	True	False	False	True	True
MAP3K1							1.0	9.0	9.0	False	False	True	False	False	True	True
MAP3K11							1.0	9.0	9.0	False	False	True	False	False	True	True
MAP3K13							0.8889	8.0	9.0	False	False	True	False	False	True	True
MAP3K15							1.0	9.0	9.0	False	False	True	False	False	True	True
MAP3K2							1.0	9.0	9.0	False	False	True	False	False	True	True
MAP3K20							1.0	9.0	9.0	False	False	True	False	False	True	False
MAP3K21							1.0	9.0	9.0	False	False	True	False	False	True	False
MAP3K3							1.0	9.0	9.0	False	False	True	False	False	True	True
MAP3K4							1.0	9.0	9.0	False	False	True	False	False	True	True
MAP3K5							1.0	9.0	9.0	False	False	True	False	False	True	True
MAP3K6							1.0	9.0	9.0	False	False	True	False	False	True	True
MAP3K7							1.0	9.0	9.0	False	False	True	False	False	True	True
MAP3K7CL							1.0	9.0	9.0	False	False	True	False	False	True	True
MAP3K8							1.0	9.0	9.0	False	False	True	False	False	True	True
MAP3K9							0.8889	8.0	9.0	False	False	True	False	False	True	True
MAP4	1.0	23.0	23.0	1.0	19.0	19.0	1.0	9.0	9.0	True	True	True	True	True	True	True
MAP4K1							1.0	9.0	9.0	False	False	True	False	False	True	False
MAP4K2							1.0	9.0	9.0	False	False	True	False	False	True	True
MAP4K3							1.0	9.0	9.0	False	False	True	False	False	True	True
MAP4K4							1.0	9.0	9.0	False	False	True	False	False	True	True
MAP4K5							1.0	9.0	9.0	False	False	True	False	False	True	True
MAP6							1.0	9.0	9.0	False	False	True	False	False	True	False
MAP7	1.0	23.0	23.0				1.0	9.0	9.0	True	False	True	False	True	True	True
MAP7D1							1.0	9.0	9.0	False	False	True	False	False	True	True
MAP7D3							0.3333	3.0	9.0	False	False	False	False	False	True	False
MAP9							1.0	9.0	9.0	False	False	True	False	False	True	True
MAPDA							1.0	9.0	9.0	False	False	True	False	False	True	True
MAPK1							1.0	9.0	9.0	False	False	True	False	False	True	True
MAPK11							1.0	9.0	9.0	False	False	True	False	False	True	True
MAPK12							1.0	9.0	9.0	False	False	True	False	False	True	True
MAPK13							1.0	9.0	9.0	False	False	True	False	False	True	True
MAPK14	1.0	23.0	23.0	1.0	19.0	19.0	1.0	9.0	9.0	True	True	True	True	True	True	True
MAPK15							0.1111	1.0	9.0	False	False	False	False	False	True	True
MAPK3	1.0	23.0	23.0	0.8947	17.0	19.0	1.0	9.0	9.0	True	True	True	True	True	True	True
MAPK4							1.0	9.0	9.0	False	False	True	False	False	True	True
MAPK7							1.0	9.0	9.0	False	False	True	False	False	True	True
MAPK8							1.0	9.0	9.0	False	False	True	False	False	True	True
MAPK8IP1							0.8889	8.0	9.0	False	False	True	False	False	True	True
MAPK8IP3							1.0	9.0	9.0	False	False	True	False	False	True	True
MAPK9	1.0	23.0	23.0				1.0	9.0	9.0	True	False	True	False	True	True	True
MAPKAP1							1.0	9.0	9.0	False	False	True	False	False	True	True
MAPKAPK2	1.0	23.0	23.0				1.0	9.0	9.0	True	False	True	False	True	True	True
MAPKAPK3				0.8947	17.0	19.0	1.0	9.0	9.0	False	True	True	False	True	True	True
MAPKAPK5							1.0	9.0	9.0	False	False	True	False	False	True	True
MAPKBP1							1.0	9.0	9.0	False	False	True	False	False	True	True
MAPRE1	1.0	23.0	23.0	1.0	19.0	19.0	1.0	9.0	9.0	True	True	True	True	True	True	True
MAPRE2	1.0	23.0	23.0	0.9474	18.0	19.0	1.0	9.0	9.0	True	True	True	True	True	True	True
MAPRE3				0.6316	12.0	19.0	1.0	9.0	9.0	False	True	True	False	True	True	True
MAPT	1.0	23.0	23.0	1.0	19.0	19.0	1.0	9.0	9.0	True	True	True	True	True	True	True
MARCHF5							1.0	9.0	9.0	False	False	True	False	False	True	False
MARCHF6							1.0	9.0	9.0	False	False	True	False	False	True	False
MARCHF7							1.0	9.0	9.0	False	False	True	False	False	True	False
MARCHF8							1.0	9.0	9.0	False	False	True	False	False	True	False
MARCKS				0.6316	12.0	19.0	1.0	9.0	9.0	False	True	True	False	True	True	True
MARCKSL1							1.0	9.0	9.0	False	False	True	False	False	True	True
MARF1							1.0	9.0	9.0	False	False	True	False	False	True	True
MARK1							1.0	9.0	9.0	False	False	True	False	False	True	False
MARK2							1.0	9.0	9.0	False	False	True	False	False	True	True
MARK3							1.0	9.0	9.0	False	False	True	False	False	True	True
MARK4							1.0	9.0	9.0	False	False	True	False	False	True	True
MARS1	1.0	23.0	23.0	1.0	19.0	19.0	1.0	9.0	9.0	True	True	True	True	True	True	False
MARS2	1.0	23.0	23.0				1.0	9.0	9.0	True	False	True	False	True	True	True
MARVELD1							1.0	9.0	9.0	False	False	True	False	False	True	True
MARVELD2							1.0	9.0	9.0	False	False	True	False	False	True	True
MARVELD3							0.6667	6.0	9.0	False	False	True	False	False	True	True
MASP1							1.0	9.0	9.0	False	False	True	False	False	True	False
MASP2							1.0	9.0	9.0	False	False	True	False	False	True	False
MAST2							1.0	9.0	9.0	False	False	True	False	False	True	True
MAST3							1.0	9.0	9.0	False	False	True	False	False	True	True
MAST4							1.0	9.0	9.0	False	False	True	False	False	True	True
MASTL							1.0	9.0	9.0	False	False	True	False	False	True	False
MAT1A							0.4444	4.0	9.0	False	False	False	False	False	True	False
MAT2A	1.0	23.0	23.0	1.0	19.0	19.0	1.0	9.0	9.0	True	True	True	True	True	True	True
MAT2B	1.0	23.0	23.0	0.7895	15.0	19.0	1.0	9.0	9.0	True	True	True	True	True	True	True
MATK							0.8889	8.0	9.0	False	False	True	False	False	True	False
MATN2				1.0	19.0	19.0	1.0	9.0	9.0	False	True	True	False	True	True	True
MATN4							1.0	9.0	9.0	False	False	True	False	False	True	False
MATR3	1.0	23.0	23.0	1.0	19.0	19.0	1.0	9.0	9.0	True	True	True	True	True	True	True
MAU2							1.0	9.0	9.0	False	False	True	False	False	True	True
MAVS	1.0	23.0	23.0	1.0	19.0	19.0	1.0	9.0	9.0	True	True	True	True	True	True	True
MAX							1.0	9.0	9.0	False	False	True	False	False	True	True
MAZ							1.0	9.0	9.0	False	False	True	False	False	True	True
MB							1.0	9.0	9.0	False	False	True	False	False	False	False
MB21D2							1.0	9.0	9.0	False	False	True	False	False	True	True
MBD1							1.0	9.0	9.0	False	False	True	False	False	True	True
MBD2							1.0	9.0	9.0	False	False	True	False	False	True	True
MBD3							1.0	9.0	9.0	False	False	True	False	False	True	True
MBD4							1.0	9.0	9.0	False	False	True	False	False	True	False
MBD5							0.8889	8.0	9.0	False	False	True	False	False	True	False
MBD6							1.0	9.0	9.0	False	False	True	False	False	True	True
MBIP							1.0	9.0	9.0	False	False	True	False	False	True	True
MBL1							1.0	9.0	9.0	False	False	True	False	False	True	False
MBL2	1.0	23.0	23.0				1.0	9.0	9.0	True	False	True	False	True	True	False
MBLAC1							1.0	9.0	9.0	False	False	True	False	False	True	True
MBLAC2							1.0	9.0	9.0	False	False	True	False	False	True	True
MBNL1	1.0	23.0	23.0				1.0	9.0	9.0	True	False	True	False	True	True	True
MBNL2				0.9474	18.0	19.0	1.0	9.0	9.0	False	True	True	False	True	True	True
MBNL3							1.0	9.0	9.0	False	False	True	False	False	True	False
MBOAT1							1.0	9.0	9.0	False	False	True	False	False	True	True
MBOAT2							1.0	9.0	9.0	False	False	True	False	False	True	True
MBOAT7	1.0	23.0	23.0				1.0	9.0	9.0	True	False	True	False	True	True	True
MBP							1.0	9.0	9.0	False	False	True	False	False	True	True
MBTD1							1.0	9.0	9.0	False	False	True	False	False	True	True
MBTPS1							1.0	9.0	9.0	False	False	True	False	False	True	True
MBTPS2							1.0	9.0	9.0	False	False	True	False	False	True	True
MCAM	1.0	23.0	23.0	1.0	19.0	19.0	1.0	9.0	9.0	True	True	True	True	True	True	True
MCAT	0.8696	20.0	23.0	1.0	19.0	19.0	1.0	9.0	9.0	True	True	True	True	True	True	True
MCC							1.0	9.0	9.0	False	False	True	False	False	True	False
MCCC1	1.0	23.0	23.0	1.0	19.0	19.0	1.0	9.0	9.0	True	True	True	True	True	True	True
MCCC2	1.0	23.0	23.0	1.0	19.0	19.0	1.0	9.0	9.0	True	True	True	True	True	True	True
MCEE	1.0	23.0	23.0	1.0	19.0	19.0	1.0	9.0	9.0	True	True	True	True	True	True	True
MCEMP1							1.0	9.0	9.0	False	False	True	False	False	True	False
MCF2L							1.0	9.0	9.0	False	False	True	False	False	True	True
MCFD2	0.9565	22.0	23.0	0.9474	18.0	19.0	1.0	9.0	9.0	True	True	True	True	True	True	True
MCL1							1.0	9.0	9.0	False	False	True	False	False	True	True
MCM2							1.0	9.0	9.0	False	False	True	False	False	True	True
MCM3							1.0	9.0	9.0	False	False	True	False	False	True	True
MCM3AP							1.0	9.0	9.0	False	False	True	False	False	True	True
MCM4							1.0	9.0	9.0	False	False	True	False	False	True	True
MCM5							1.0	9.0	9.0	False	False	True	False	False	True	True
MCM6							1.0	9.0	9.0	False	False	True	False	False	True	True
MCM7							1.0	9.0	9.0	False	False	True	False	False	True	True
MCM9							1.0	9.0	9.0	False	False	True	False	False	True	True
MCMBP							1.0	9.0	9.0	False	False	True	False	False	True	True
MCOLN1							1.0	9.0	9.0	False	False	True	False	False	True	True
MCOLN3							1.0	9.0	9.0	False	False	True	False	False	True	True
MCPH1							1.0	9.0	9.0	False	False	True	False	False	True	True
MCPT4							0.8889	8.0	9.0	False	False	True	False	False	False	False
MCRIP1				0.4211	8.0	19.0	1.0	9.0	9.0	False	False	True	False	False	True	False
MCRIP2							1.0	9.0	9.0	False	False	True	False	False	True	False
MCRS1							1.0	9.0	9.0	False	False	True	False	False	True	True
MCTP2							1.0	9.0	9.0	False	False	True	False	False	True	False
MCTS1							1.0	9.0	9.0	False	False	True	False	False	True	False
MCTS2							1.0	9.0	9.0	False	False	True	False	False	True	True
MCU	0.8696	20.0	23.0	0.8421	16.0	19.0	1.0	9.0	9.0	True	True	True	True	True	True	True
MCUB							1.0	9.0	9.0	False	False	True	False	False	True	False
MCUR1							1.0	9.0	9.0	False	False	True	False	False	True	True
MDC1							1.0	9.0	9.0	False	False	True	False	False	True	True
MDFIC							1.0	9.0	9.0	False	False	True	False	False	True	True
MDH1	1.0	23.0	23.0	1.0	19.0	19.0	1.0	9.0	9.0	True	True	True	True	True	True	True
MDH2	1.0	23.0	23.0	1.0	19.0	19.0	1.0	9.0	9.0	True	True	True	True	True	True	True
MDK							1.0	9.0	9.0	False	False	True	False	False	True	True
MDM1							1.0	9.0	9.0	False	False	True	False	False	True	True
MDM2							1.0	9.0	9.0	False	False	True	False	False	True	True
MDM4							1.0	9.0	9.0	False	False	True	False	False	True	True
MDN1							1.0	9.0	9.0	False	False	True	False	False	True	True
MDP1							1.0	9.0	9.0	False	False	True	False	False	True	True
ME1	1.0	23.0	23.0	1.0	19.0	19.0	1.0	9.0	9.0	True	True	True	True	True	True	True
ME2	1.0	23.0	23.0	0.7895	15.0	19.0	1.0	9.0	9.0	True	True	True	True	True	True	True
ME3	1.0	23.0	23.0	1.0	19.0	19.0	1.0	9.0	9.0	True	True	True	True	True	True	True
MEA1							1.0	9.0	9.0	False	False	True	False	False	True	True
MEAF6							1.0	9.0	9.0	False	False	True	False	False	True	True
MEAK7							1.0	9.0	9.0	False	False	True	False	False	True	False
MECOM							1.0	9.0	9.0	False	False	True	False	False	True	True
MECP2	1.0	23.0	23.0	1.0	19.0	19.0	1.0	9.0	9.0	True	True	True	True	True	True	True
MECR	1.0	23.0	23.0	1.0	19.0	19.0	1.0	9.0	9.0	True	True	True	True	True	True	True
MED1							1.0	9.0	9.0	False	False	True	False	False	True	True
MED10							1.0	9.0	9.0	False	False	True	False	False	True	False
MED11							1.0	9.0	9.0	False	False	True	False	False	True	True
MED12							1.0	9.0	9.0	False	False	True	False	False	True	True
MED13							1.0	9.0	9.0	False	False	True	False	False	True	True
MED13L							1.0	9.0	9.0	False	False	True	False	False	True	True
MED14							1.0	9.0	9.0	False	False	True	False	False	True	True
MED15							1.0	9.0	9.0	False	False	True	False	False	True	False
MED16							1.0	9.0	9.0	False	False	True	False	False	True	True
MED17							1.0	9.0	9.0	False	False	True	False	False	True	True
MED18							1.0	9.0	9.0	False	False	True	False	False	True	False
MED19							1.0	9.0	9.0	False	False	True	False	False	True	True
MED20							1.0	9.0	9.0	False	False	True	False	False	True	True
MED21							1.0	9.0	9.0	False	False	True	False	False	True	True
MED22							1.0	9.0	9.0	False	False	True	False	False	True	True
MED23							1.0	9.0	9.0	False	False	True	False	False	True	True
MED24							1.0	9.0	9.0	False	False	True	False	False	True	True
MED25							1.0	9.0	9.0	False	False	True	False	False	True	True
MED26							1.0	9.0	9.0	False	False	True	False	False	True	True
MED27							1.0	9.0	9.0	False	False	True	False	False	True	True
MED28							1.0	9.0	9.0	False	False	True	False	False	True	True
MED29							1.0	9.0	9.0	False	False	True	False	False	True	True
MED30							1.0	9.0	9.0	False	False	True	False	False	True	True
MED31							1.0	9.0	9.0	False	False	True	False	False	True	True
MED4							1.0	9.0	9.0	False	False	True	False	False	True	True
MED6							1.0	9.0	9.0	False	False	True	False	False	True	True
MED7							1.0	9.0	9.0	False	False	True	False	False	True	True
MED8							1.0	9.0	9.0	False	False	True	False	False	True	True
MED9							1.0	9.0	9.0	False	False	True	False	False	True	True
MEF2A							1.0	9.0	9.0	False	False	True	False	False	True	True
MEF2C							1.0	9.0	9.0	False	False	True	False	False	True	True
MEF2D							1.0	9.0	9.0	False	False	True	False	False	True	True
MEGF10							0.6667	6.0	9.0	False	False	True	False	False	True	False
MEGF6							0.8889	8.0	9.0	False	False	True	False	False	True	False
MEGF8							1.0	9.0	9.0	False	False	True	False	False	True	True
MEGF9							1.0	9.0	9.0	False	False	True	False	False	True	True
MEIOC							0.7778	7.0	9.0	False	False	True	False	False	False	False
MEIS1							1.0	9.0	9.0	False	False	True	False	False	True	False
MEIS2							1.0	9.0	9.0	False	False	True	False	False	True	True
MEIS3							1.0	9.0	9.0	False	False	True	False	False	True	False
MELK							0.6667	6.0	9.0	False	False	True	False	False	True	False
MELTF							0.6667	6.0	9.0	False	False	True	False	False	True	False
MEMO1				0.6316	12.0	19.0	1.0	9.0	9.0	False	True	True	False	True	True	True
MEN1							1.0	9.0	9.0	False	False	True	False	False	True	True
MEOX1							0.4444	4.0	9.0	False	False	False	False	False	True	False
MEP1A							1.0	9.0	9.0	False	False	True	False	False	True	False
MEP1B							1.0	9.0	9.0	False	False	True	False	False	True	False
MEPCE							1.0	9.0	9.0	False	False	True	False	False	True	True
MEPE							0.4444	4.0	9.0	False	False	False	False	False	False	False
MERTK							1.0	9.0	9.0	False	False	True	False	False	True	True
MESD	1.0	23.0	23.0	1.0	19.0	19.0	1.0	9.0	9.0	True	True	True	True	True	True	False
MEST							1.0	9.0	9.0	False	False	True	False	False	True	False
MET							1.0	9.0	9.0	False	False	True	False	False	True	True
METAP1	1.0	23.0	23.0	1.0	19.0	19.0	1.0	9.0	9.0	True	True	True	True	True	True	True
METAP1D							1.0	9.0	9.0	False	False	True	False	False	True	True
METAP2				0.7368	14.0	19.0	1.0	9.0	9.0	False	True	True	False	True	True	True
METRNL							1.0	9.0	9.0	False	False	True	False	False	True	True
METTL1							1.0	9.0	9.0	False	False	True	False	False	True	True
METTL13							1.0	9.0	9.0	False	False	True	False	False	True	False
METTL14							1.0	9.0	9.0	False	False	True	False	False	True	True
METTL15							1.0	9.0	9.0	False	False	True	False	False	True	True
METTL16							1.0	9.0	9.0	False	False	True	False	False	True	True
METTL17							1.0	9.0	9.0	False	False	True	False	False	True	True
METTL18							1.0	9.0	9.0	False	False	True	False	False	True	True
METTL2							1.0	9.0	9.0	False	False	True	False	False	True	False
METTL20							1.0	9.0	9.0	False	False	True	False	False	True	False
METTL21A							1.0	9.0	9.0	False	False	True	False	False	True	True
METTL22							1.0	9.0	9.0	False	False	True	False	False	True	False
METTL23							1.0	9.0	9.0	False	False	True	False	False	True	True
METTL24							0.7778	7.0	9.0	False	False	True	False	False	True	False
METTL25							1.0	9.0	9.0	False	False	True	False	False	True	True
METTL25B							1.0	9.0	9.0	False	False	True	False	False	True	False
METTL26	1.0	23.0	23.0				1.0	9.0	9.0	True	False	True	False	True	True	False
METTL27	1.0	23.0	23.0	0.9474	18.0	19.0	1.0	9.0	9.0	True	True	True	True	True	True	False
METTL3							1.0	9.0	9.0	False	False	True	False	False	True	True
METTL4							1.0	9.0	9.0	False	False	True	False	False	True	False
METTL5							1.0	9.0	9.0	False	False	True	False	False	True	True
METTL6							1.0	9.0	9.0	False	False	True	False	False	True	True
METTL8							1.0	9.0	9.0	False	False	True	False	False	True	True
METTL9							1.0	9.0	9.0	False	False	True	False	False	True	True
MEX3A							0.7778	7.0	9.0	False	False	True	False	False	True	False
MEX3B							0.6667	6.0	9.0	False	False	True	False	False	True	True
MEX3C							1.0	9.0	9.0	False	False	True	False	False	True	True
MEX3D							1.0	9.0	9.0	False	False	True	False	False	True	True
MFAP1A							1.0	9.0	9.0	False	False	True	False	False	True	False
MFAP2							1.0	9.0	9.0	False	False	True	False	False	True	True
MFAP3							1.0	9.0	9.0	False	False	True	False	False	True	True
MFAP3L							1.0	9.0	9.0	False	False	True	False	False	True	True
MFAP4							1.0	9.0	9.0	False	False	True	False	False	True	True
MFAP5							1.0	9.0	9.0	False	False	True	False	False	True	False
MFF	1.0	23.0	23.0	1.0	19.0	19.0	1.0	9.0	9.0	True	True	True	True	True	True	True
MFGE8	1.0	23.0	23.0	1.0	19.0	19.0	1.0	9.0	9.0	True	True	True	True	True	True	True
MFHAS1							1.0	9.0	9.0	False	False	True	False	False	True	True
MFN1							1.0	9.0	9.0	False	False	True	False	False	True	True
MFN2	1.0	23.0	23.0	0.7895	15.0	19.0	1.0	9.0	9.0	True	True	True	True	True	True	True
MFSD1							1.0	9.0	9.0	False	False	True	False	False	True	True
MFSD11							1.0	9.0	9.0	False	False	True	False	False	True	True
MFSD12							1.0	9.0	9.0	False	False	True	False	False	True	True
MFSD2A							0.5556	5.0	9.0	False	False	True	False	False	True	True
MFSD2B							0.3333	3.0	9.0	False	False	False	False	False	True	False
MFSD4B1							0.6667	6.0	9.0	False	False	True	False	False	True	False
MFSD4B4							1.0	9.0	9.0	False	False	True	False	False	True	False
MFSD4B5							1.0	9.0	9.0	False	False	True	False	False	True	False
MFSD6							1.0	9.0	9.0	False	False	True	False	False	True	True
MFSD8							1.0	9.0	9.0	False	False	True	False	False	True	False
MGA							1.0	9.0	9.0	False	False	True	False	False	True	True
MGAM	1.0	23.0	23.0	0.8421	16.0	19.0	1.0	9.0	9.0	True	True	True	True	True	True	True
MGARP	1.0	23.0	23.0	1.0	19.0	19.0	0.7778	7.0	9.0	True	True	True	True	True	True	False
MGAT1							1.0	9.0	9.0	False	False	True	False	False	True	True
MGAT2							1.0	9.0	9.0	False	False	True	False	False	True	True
MGAT3							1.0	9.0	9.0	False	False	True	False	False	True	True
MGAT4A							1.0	9.0	9.0	False	False	True	False	False	True	True
MGAT4B							1.0	9.0	9.0	False	False	True	False	False	True	True
MGAT5							1.0	9.0	9.0	False	False	True	False	False	True	True
MGL2							1.0	9.0	9.0	False	False	True	False	False	True	False
MGLL	0.5652	13.0	23.0				1.0	9.0	9.0	True	False	True	False	True	True	True
MGME1							1.0	9.0	9.0	False	False	True	False	False	True	True
MGMT							1.0	9.0	9.0	False	False	True	False	False	True	True
MGP	0.8261	19.0	23.0	1.0	19.0	19.0	1.0	9.0	9.0	True	True	True	True	True	True	False
MGRN1							1.0	9.0	9.0	False	False	True	False	False	True	True
MGST1							1.0	9.0	9.0	False	False	True	False	False	True	True
MGST3	1.0	23.0	23.0	1.0	19.0	19.0	1.0	9.0	9.0	True	True	True	True	True	True	True
MIA							1.0	9.0	9.0	False	False	True	False	False	False	False
MIA2							1.0	9.0	9.0	False	False	True	False	False	True	True
MIA3	1.0	23.0	23.0				1.0	9.0	9.0	True	False	True	False	True	True	True
MIB1							1.0	9.0	9.0	False	False	True	False	False	True	True
MIB2							1.0	9.0	9.0	False	False	True	False	False	True	True
MICAL1							1.0	9.0	9.0	False	False	True	False	False	True	False
MICAL2							1.0	9.0	9.0	False	False	True	False	False	True	True
MICAL3							1.0	9.0	9.0	False	False	True	False	False	True	True
MICALL1							1.0	9.0	9.0	False	False	True	False	False	True	True
MICALL2				0.6316	12.0	19.0	1.0	9.0	9.0	False	True	True	False	True	True	True
MICOS10							1.0	9.0	9.0	False	False	True	False	False	True	False
MICOS13	0.9565	22.0	23.0	1.0	19.0	19.0	1.0	9.0	9.0	True	True	True	True	True	True	False
MICU1							1.0	9.0	9.0	False	False	True	False	False	True	True
MICU2							1.0	9.0	9.0	False	False	True	False	False	True	True
MICU3							1.0	9.0	9.0	False	False	True	False	False	True	True
MID1							1.0	9.0	9.0	False	False	True	False	False	True	True
MID1IP1							1.0	9.0	9.0	False	False	True	False	False	True	True
MID2							1.0	9.0	9.0	False	False	True	False	False	True	True
MIDEAS							1.0	9.0	9.0	False	False	True	False	False	True	False
MIDN							1.0	9.0	9.0	False	False	True	False	False	True	True
MIEF1							1.0	9.0	9.0	False	False	True	False	False	True	True
MIEF2							1.0	9.0	9.0	False	False	True	False	False	True	True
MIEN1	1.0	23.0	23.0				1.0	9.0	9.0	True	False	True	False	True	True	True
MIER1							1.0	9.0	9.0	False	False	True	False	False	True	True
MIER2							1.0	9.0	9.0	False	False	True	False	False	True	True
MIER3							1.0	9.0	9.0	False	False	True	False	False	True	True
MIF	1.0	23.0	23.0	1.0	19.0	19.0	1.0	9.0	9.0	True	True	True	True	True	True	True
MIF4GD							1.0	9.0	9.0	False	False	True	False	False	True	True
MIGA1							1.0	9.0	9.0	False	False	True	False	False	True	False
MIGA2							1.0	9.0	9.0	False	False	True	False	False	True	False
MILL2							1.0	9.0	9.0	False	False	True	False	False	True	False
MILR1							1.0	9.0	9.0	False	False	True	False	False	True	False
MINDY1							1.0	9.0	9.0	False	False	True	False	False	True	False
MINDY2							1.0	9.0	9.0	False	False	True	False	False	True	False
MINDY3							1.0	9.0	9.0	False	False	True	False	False	True	False
MINDY4							1.0	9.0	9.0	False	False	True	False	False	True	False
MINK1							1.0	9.0	9.0	False	False	True	False	False	True	True
MINPP1							1.0	9.0	9.0	False	False	True	False	False	True	False
MIOS							1.0	9.0	9.0	False	False	True	False	False	True	True
MIOX	0.9565	22.0	23.0	0.8421	16.0	19.0	1.0	9.0	9.0	True	True	True	True	True	True	True
MIPEP	1.0	23.0	23.0				1.0	9.0	9.0	True	False	True	False	True	True	True
MIPOL1							1.0	9.0	9.0	False	False	True	False	False	True	True
MIS12							0.7778	7.0	9.0	False	False	True	False	False	True	True
MISP	0.9565	22.0	23.0				1.0	9.0	9.0	True	False	True	False	True	True	True
MISP3							1.0	9.0	9.0	False	False	True	False	False	True	False
MITD1							1.0	9.0	9.0	False	False	True	False	False	True	True
MITF							1.0	9.0	9.0	False	False	True	False	False	True	True
MIURF							1.0	9.0	9.0	False	False	True	False	False	False	False
MIX23	1.0	23.0	23.0	1.0	19.0	19.0	1.0	9.0	9.0	True	True	True	True	True	True	False
MKI67							1.0	9.0	9.0	False	False	True	False	False	True	False
MKKS							0.2222	2.0	9.0	False	False	False	False	False	True	True
MKLN1							1.0	9.0	9.0	False	False	True	False	False	True	True
MKNK1							1.0	9.0	9.0	False	False	True	False	False	True	True
MKNK2							1.0	9.0	9.0	False	False	True	False	False	True	True
MKRN1							1.0	9.0	9.0	False	False	True	False	False	True	True
MKRN2							1.0	9.0	9.0	False	False	True	False	False	True	True
MKRN2OS							0.7778	7.0	9.0	False	False	True	False	False	True	False
MKS1							1.0	9.0	9.0	False	False	True	False	False	True	True
MLEC	1.0	23.0	23.0	1.0	19.0	19.0	1.0	9.0	9.0	True	True	True	True	True	True	True
MLF2							1.0	9.0	9.0	False	False	True	False	False	True	True
MLH1							1.0	9.0	9.0	False	False	True	False	False	True	True
MLH3							1.0	9.0	9.0	False	False	True	False	False	True	True
MLKL							1.0	9.0	9.0	False	False	True	False	False	True	False
MLLT1							1.0	9.0	9.0	False	False	True	False	False	True	True
MLLT10							1.0	9.0	9.0	False	False	True	False	False	True	True
MLLT3							1.0	9.0	9.0	False	False	True	False	False	True	True
MLLT6							1.0	9.0	9.0	False	False	True	False	False	True	False
MLPH							1.0	9.0	9.0	False	False	True	False	False	True	True
MLST8							1.0	9.0	9.0	False	False	True	False	False	True	True
MLX							1.0	9.0	9.0	False	False	True	False	False	True	True
MLXIP							1.0	9.0	9.0	False	False	True	False	False	True	True
MLXIPL							1.0	9.0	9.0	False	False	True	False	False	True	True
MLYCD	1.0	23.0	23.0	1.0	19.0	19.0	1.0	9.0	9.0	True	True	True	True	True	True	True
MMAA	0.8261	19.0	23.0	0.8421	16.0	19.0	1.0	9.0	9.0	True	True	True	True	True	True	True
MMAB	1.0	23.0	23.0	1.0	19.0	19.0	1.0	9.0	9.0	True	True	True	True	True	True	True
MMACHC							1.0	9.0	9.0	False	False	True	False	False	True	True
MMADHC							1.0	9.0	9.0	False	False	True	False	False	True	True
MMD							0.6667	6.0	9.0	False	False	True	False	False	True	True
MME	0.9565	22.0	23.0	1.0	19.0	19.0	1.0	9.0	9.0	True	True	True	True	True	True	True
MMGT1							1.0	9.0	9.0	False	False	True	False	False	True	True
MMP11							0.8889	8.0	9.0	False	False	True	False	False	True	True
MMP12							0.6667	6.0	9.0	False	False	True	False	False	True	False
MMP14							1.0	9.0	9.0	False	False	True	False	False	True	True
MMP17							1.0	9.0	9.0	False	False	True	False	False	True	False
MMP19							1.0	9.0	9.0	False	False	True	False	False	True	False
MMP2							1.0	9.0	9.0	False	False	True	False	False	True	True
MMP23B							1.0	9.0	9.0	False	False	True	False	False	True	False
MMP25							0.5556	5.0	9.0	False	False	True	False	False	True	False
MMP3							1.0	9.0	9.0	False	False	True	False	False	True	False
MMP7	1.0	23.0	23.0	1.0	19.0	19.0	0.6667	6.0	9.0	True	True	True	True	True	True	False
MMP8							1.0	9.0	9.0	False	False	True	False	False	True	False
MMP9							1.0	9.0	9.0	False	False	True	False	False	True	False
MMRN1							1.0	9.0	9.0	False	False	True	False	False	True	False
MMRN2	0.4783	11.0	23.0	1.0	19.0	19.0	1.0	9.0	9.0	False	True	True	False	True	True	True
MMS19				0.6842	13.0	19.0	1.0	9.0	9.0	False	True	True	False	True	True	True
MMS22L							0.8889	8.0	9.0	False	False	True	False	False	True	False
MMTAG2							1.0	9.0	9.0	False	False	True	False	False	False	False
MMUT	0.9565	22.0	23.0	1.0	19.0	19.0	1.0	9.0	9.0	True	True	True	True	True	True	False
MNAT1							1.0	9.0	9.0	False	False	True	False	False	True	True
MND1							0.7778	7.0	9.0	False	False	True	False	False	True	False
MNDAL							1.0	9.0	9.0	False	False	True	False	False	True	False
MNS1							0.5556	5.0	9.0	False	False	True	False	False	True	False
MNT							1.0	9.0	9.0	False	False	True	False	False	True	True
MOB1A	1.0	23.0	23.0				1.0	9.0	9.0	True	False	True	False	True	True	True
MOB1B				1.0	19.0	19.0	1.0	9.0	9.0	False	True	True	False	True	True	True
MOB2	0.6522	15.0	23.0				1.0	9.0	9.0	True	False	True	False	True	True	True
MOB3A							1.0	9.0	9.0	False	False	True	False	False	True	True
MOB3B							1.0	9.0	9.0	False	False	True	False	False	True	True
MOB3C							1.0	9.0	9.0	False	False	True	False	False	True	True
MOB4							1.0	9.0	9.0	False	False	True	False	False	True	False
MOCOS							1.0	9.0	9.0	False	False	True	False	False	True	True
MOCS1	1.0	23.0	23.0				1.0	9.0	9.0	True	False	True	False	True	True	True
MOCS2							1.0	9.0	9.0	False	False	True	False	False	True	True
MOCS3							1.0	9.0	9.0	False	False	True	False	False	True	True
MOGAT1							1.0	9.0	9.0	False	False	True	False	False	True	True
MOGAT2							1.0	9.0	9.0	False	False	True	False	False	True	False
MOGAT3	1.0	23.0	23.0	0.7368	14.0	19.0				True	True	False	False	False	True	False
MOGS	1.0	23.0	23.0	1.0	19.0	19.0	1.0	9.0	9.0	True	True	True	True	True	True	True
MON1A							1.0	9.0	9.0	False	False	True	False	False	True	True
MON1B							1.0	9.0	9.0	False	False	True	False	False	True	True
MON2							1.0	9.0	9.0	False	False	True	False	False	True	True
MORC2A							1.0	9.0	9.0	False	False	True	False	False	True	False
MORC3							1.0	9.0	9.0	False	False	True	False	False	True	True
MORF4L1							1.0	9.0	9.0	False	False	True	False	False	True	True
MORF4L2							1.0	9.0	9.0	False	False	True	False	False	True	True
MORN1							1.0	9.0	9.0	False	False	True	False	False	True	True
MOSPD1							1.0	9.0	9.0	False	False	True	False	False	True	True
MOSPD2							1.0	9.0	9.0	False	False	True	False	False	True	True
MOSPD3							1.0	9.0	9.0	False	False	True	False	False	True	True
MOV10							1.0	9.0	9.0	False	False	True	False	False	True	True
MOXD1							1.0	9.0	9.0	False	False	True	False	False	True	False
MPC1							1.0	9.0	9.0	False	False	True	False	False	True	True
MPC2				0.7368	14.0	19.0	1.0	9.0	9.0	False	True	True	False	True	True	True
MPDU1	0.9565	22.0	23.0	0.9474	18.0	19.0	1.0	9.0	9.0	True	True	True	True	True	True	True
MPDZ							1.0	9.0	9.0	False	False	True	False	False	True	True
MPEG1							1.0	9.0	9.0	False	False	True	False	False	True	True
MPG							1.0	9.0	9.0	False	False	True	False	False	True	True
MPHOSPH10							1.0	9.0	9.0	False	False	True	False	False	True	True
MPHOSPH6							1.0	9.0	9.0	False	False	True	False	False	True	True
MPHOSPH8							1.0	9.0	9.0	False	False	True	False	False	True	True
MPHOSPH9							1.0	9.0	9.0	False	False	True	False	False	True	True
MPI				0.8421	16.0	19.0	1.0	9.0	9.0	False	True	True	False	True	True	True
MPIG6B							0.1111	1.0	9.0	False	False	False	False	False	True	False
MPLKIP							1.0	9.0	9.0	False	False	True	False	False	True	True
MPND							1.0	9.0	9.0	False	False	True	False	False	True	True
MPO	0.6957	16.0	23.0				1.0	9.0	9.0	True	False	True	False	True	False	False
MPP1	1.0	23.0	23.0	0.7368	14.0	19.0	1.0	9.0	9.0	True	True	True	True	True	True	True
MPP2	1.0	23.0	23.0	0.8421	16.0	19.0	1.0	9.0	9.0	True	True	True	True	True	True	False
MPP3							1.0	9.0	9.0	False	False	True	False	False	True	False
MPP4							0.5556	5.0	9.0	False	False	True	False	False	True	False
MPP7							1.0	9.0	9.0	False	False	True	False	False	True	True
MPPE1							1.0	9.0	9.0	False	False	True	False	False	True	True
MPPED2							1.0	9.0	9.0	False	False	True	False	False	True	True
MPRIP	1.0	23.0	23.0	1.0	19.0	19.0	1.0	9.0	9.0	True	True	True	True	True	True	True
MPST	1.0	23.0	23.0	1.0	19.0	19.0	1.0	9.0	9.0	True	True	True	True	True	True	True
MPV17							1.0	9.0	9.0	False	False	True	False	False	True	True
MPV17L							1.0	9.0	9.0	False	False	True	False	False	True	True
MPV17L2							1.0	9.0	9.0	False	False	True	False	False	True	True
MPZ							1.0	9.0	9.0	False	False	True	False	False	False	False
MPZL1							1.0	9.0	9.0	False	False	True	False	False	True	True
MPZL2							1.0	9.0	9.0	False	False	True	False	False	True	True
MPZL3							1.0	9.0	9.0	False	False	True	False	False	True	True
MR1							0.7778	7.0	9.0	False	False	True	False	False	True	False
MRAS							1.0	9.0	9.0	False	False	True	False	False	True	True
MRC1	1.0	23.0	23.0	1.0	19.0	19.0	1.0	9.0	9.0	True	True	True	True	True	True	True
MRC2	1.0	23.0	23.0	1.0	19.0	19.0	1.0	9.0	9.0	True	True	True	True	True	True	True
MRE11							1.0	9.0	9.0	False	False	True	False	False	True	True
MREG							0.6667	6.0	9.0	False	False	True	False	False	True	True
MRFAP1							1.0	9.0	9.0	False	False	True	False	False	True	True
MRGBP							1.0	9.0	9.0	False	False	True	False	False	True	True
MRGPRF							1.0	9.0	9.0	False	False	True	False	False	True	False
MRI1	1.0	23.0	23.0				1.0	9.0	9.0	True	False	True	False	True	True	True
MRM1							1.0	9.0	9.0	False	False	True	False	False	True	True
MRM2							1.0	9.0	9.0	False	False	True	False	False	True	False
MRM3							1.0	9.0	9.0	False	False	True	False	False	True	False
MRNIP							1.0	9.0	9.0	False	False	True	False	False	True	False
MROH1				0.6316	12.0	19.0	1.0	9.0	9.0	False	True	True	False	True	True	True
MRPL1	1.0	23.0	23.0	0.8421	16.0	19.0	1.0	9.0	9.0	True	True	True	True	True	True	True
MRPL10							1.0	9.0	9.0	False	False	True	False	False	True	True
MRPL11	1.0	23.0	23.0				1.0	9.0	9.0	True	False	True	False	True	True	True
MRPL12							1.0	9.0	9.0	False	False	True	False	False	True	False
MRPL13							1.0	9.0	9.0	False	False	True	False	False	True	True
MRPL14							1.0	9.0	9.0	False	False	True	False	False	True	True
MRPL15				0.8421	16.0	19.0	1.0	9.0	9.0	False	True	True	False	True	True	True
MRPL16	1.0	23.0	23.0				1.0	9.0	9.0	True	False	True	False	True	True	True
MRPL17							1.0	9.0	9.0	False	False	True	False	False	True	True
MRPL18							1.0	9.0	9.0	False	False	True	False	False	True	True
MRPL19	0.8696	20.0	23.0				1.0	9.0	9.0	True	False	True	False	True	True	True
MRPL2							1.0	9.0	9.0	False	False	True	False	False	True	True
MRPL20	1.0	23.0	23.0	0.8421	16.0	19.0	1.0	9.0	9.0	True	True	True	True	True	True	True
MRPL21							1.0	9.0	9.0	False	False	True	False	False	True	True
MRPL22							1.0	9.0	9.0	False	False	True	False	False	True	True
MRPL23				0.7368	14.0	19.0	1.0	9.0	9.0	False	True	True	False	True	True	True
MRPL24							1.0	9.0	9.0	False	False	True	False	False	True	True
MRPL27							1.0	9.0	9.0	False	False	True	False	False	True	True
MRPL28	1.0	23.0	23.0	1.0	19.0	19.0	1.0	9.0	9.0	True	True	True	True	True	True	True
MRPL3	0.8261	19.0	23.0				1.0	9.0	9.0	True	False	True	False	True	True	True
MRPL30	0.8261	19.0	23.0				1.0	9.0	9.0	True	False	True	False	True	True	True
MRPL32							1.0	9.0	9.0	False	False	True	False	False	True	True
MRPL33							1.0	9.0	9.0	False	False	True	False	False	True	True
MRPL34							1.0	9.0	9.0	False	False	True	False	False	True	True
MRPL35							1.0	9.0	9.0	False	False	True	False	False	True	True
MRPL37	1.0	23.0	23.0				1.0	9.0	9.0	True	False	True	False	True	True	True
MRPL38	0.8261	19.0	23.0	1.0	19.0	19.0	1.0	9.0	9.0	True	True	True	True	True	True	True
MRPL39	0.8261	19.0	23.0				1.0	9.0	9.0	True	False	True	False	True	True	True
MRPL4	0.4783	11.0	23.0				1.0	9.0	9.0	False	False	True	False	False	True	True
MRPL40							1.0	9.0	9.0	False	False	True	False	False	True	True
MRPL41							1.0	9.0	9.0	False	False	True	False	False	True	True
MRPL42							1.0	9.0	9.0	False	False	True	False	False	True	True
MRPL43							1.0	9.0	9.0	False	False	True	False	False	True	True
MRPL44	0.6957	16.0	23.0	0.8421	16.0	19.0	1.0	9.0	9.0	True	True	True	True	True	True	True
MRPL45	1.0	23.0	23.0	0.8421	16.0	19.0	1.0	9.0	9.0	True	True	True	True	True	True	True
MRPL46							1.0	9.0	9.0	False	False	True	False	False	True	True
MRPL47				0.6842	13.0	19.0	1.0	9.0	9.0	False	True	True	False	True	True	True
MRPL48	1.0	23.0	23.0	0.8421	16.0	19.0	1.0	9.0	9.0	True	True	True	True	True	True	True
MRPL49	1.0	23.0	23.0				1.0	9.0	9.0	True	False	True	False	True	True	True
MRPL50							1.0	9.0	9.0	False	False	True	False	False	True	False
MRPL51							1.0	9.0	9.0	False	False	True	False	False	True	True
MRPL52							1.0	9.0	9.0	False	False	True	False	False	True	True
MRPL53							1.0	9.0	9.0	False	False	True	False	False	True	False
MRPL54							1.0	9.0	9.0	False	False	True	False	False	True	True
MRPL55							1.0	9.0	9.0	False	False	True	False	False	True	True
MRPL57							1.0	9.0	9.0	False	False	True	False	False	True	False
MRPL58	1.0	23.0	23.0				1.0	9.0	9.0	True	False	True	False	True	True	False
MRPL9				0.9474	18.0	19.0	1.0	9.0	9.0	False	True	True	False	True	True	True
MRPS10							1.0	9.0	9.0	False	False	True	False	False	True	True
MRPS11							1.0	9.0	9.0	False	False	True	False	False	True	True
MRPS12							1.0	9.0	9.0	False	False	True	False	False	True	True
MRPS14							1.0	9.0	9.0	False	False	True	False	False	True	True
MRPS15							1.0	9.0	9.0	False	False	True	False	False	True	True
MRPS16							1.0	9.0	9.0	False	False	True	False	False	True	True
MRPS17	1.0	23.0	23.0	0.5263	10.0	19.0	1.0	9.0	9.0	True	True	True	True	True	True	True
MRPS18A							1.0	9.0	9.0	False	False	True	False	False	True	True
MRPS18B							1.0	9.0	9.0	False	False	True	False	False	True	True
MRPS18C							1.0	9.0	9.0	False	False	True	False	False	True	True
MRPS2							1.0	9.0	9.0	False	False	True	False	False	True	True
MRPS21							1.0	9.0	9.0	False	False	True	False	False	True	True
MRPS22	0.8261	19.0	23.0				1.0	9.0	9.0	True	False	True	False	True	True	True
MRPS23	1.0	23.0	23.0				1.0	9.0	9.0	True	False	True	False	True	True	True
MRPS24							1.0	9.0	9.0	False	False	True	False	False	True	True
MRPS25							1.0	9.0	9.0	False	False	True	False	False	True	True
MRPS26							1.0	9.0	9.0	False	False	True	False	False	True	True
MRPS27	1.0	23.0	23.0				1.0	9.0	9.0	True	False	True	False	True	True	True
MRPS28							1.0	9.0	9.0	False	False	True	False	False	True	True
MRPS30							1.0	9.0	9.0	False	False	True	False	False	True	True
MRPS31				0.6842	13.0	19.0	1.0	9.0	9.0	False	True	True	False	True	True	True
MRPS33							1.0	9.0	9.0	False	False	True	False	False	True	True
MRPS34	1.0	23.0	23.0	0.6316	12.0	19.0	1.0	9.0	9.0	True	True	True	True	True	True	True
MRPS35							1.0	9.0	9.0	False	False	True	False	False	True	True
MRPS5				0.4211	8.0	19.0	1.0	9.0	9.0	False	False	True	False	False	True	True
MRPS6							1.0	9.0	9.0	False	False	True	False	False	True	True
MRPS7							1.0	9.0	9.0	False	False	True	False	False	True	True
MRPS9							1.0	9.0	9.0	False	False	True	False	False	True	True
MRRF							1.0	9.0	9.0	False	False	True	False	False	True	True
MRS2							1.0	9.0	9.0	False	False	True	False	False	True	True
MRTFA							1.0	9.0	9.0	False	False	True	False	False	True	False
MRTFB							1.0	9.0	9.0	False	False	True	False	False	True	False
MRTO4							1.0	9.0	9.0	False	False	True	False	False	True	True
MS4A4A							0.6667	6.0	9.0	False	False	True	False	False	True	False
MS4A4C							0.4444	4.0	9.0	False	False	False	False	False	True	False
MS4A6B							0.4444	4.0	9.0	False	False	False	False	False	True	False
MSANTD2							1.0	9.0	9.0	False	False	True	False	False	True	True
MSANTD3							1.0	9.0	9.0	False	False	True	False	False	True	True
MSANTD4							1.0	9.0	9.0	False	False	True	False	False	True	True
MSH2							1.0	9.0	9.0	False	False	True	False	False	True	True
MSH3							1.0	9.0	9.0	False	False	True	False	False	True	True
MSH6							1.0	9.0	9.0	False	False	True	False	False	True	True
MSI1							0.8889	8.0	9.0	False	False	True	False	False	True	False
MSI2	1.0	23.0	23.0	1.0	19.0	19.0	1.0	9.0	9.0	True	True	True	True	True	True	True
MSL1							1.0	9.0	9.0	False	False	True	False	False	True	True
MSL2							1.0	9.0	9.0	False	False	True	False	False	True	True
MSL3							1.0	9.0	9.0	False	False	True	False	False	True	True
MSL3B							1.0	9.0	9.0	False	False	True	False	False	False	False
MSLN							1.0	9.0	9.0	False	False	True	False	False	True	False
MSMO1							1.0	9.0	9.0	False	False	True	False	False	True	True
MSN	1.0	23.0	23.0	1.0	19.0	19.0	1.0	9.0	9.0	True	True	True	True	True	True	True
MSR1							1.0	9.0	9.0	False	False	True	False	False	True	False
MSRA	1.0	23.0	23.0	1.0	19.0	19.0	1.0	9.0	9.0	True	True	True	True	True	True	True
MSRB1							1.0	9.0	9.0	False	False	True	False	False	True	True
MSRB2							1.0	9.0	9.0	False	False	True	False	False	True	False
MSRB3							1.0	9.0	9.0	False	False	True	False	False	True	True
MST1							1.0	9.0	9.0	False	False	True	False	False	True	False
MST1R							0.5556	5.0	9.0	False	False	True	False	False	True	False
MSTN							1.0	9.0	9.0	False	False	True	False	False	False	False
MSTO1							1.0	9.0	9.0	False	False	True	False	False	True	True
MT-ATP8	1.0	23.0	23.0	1.0	19.0	19.0				True	True	False	False	False	True	False
MT-CO1	0.7826	18.0	23.0							True	False	False	False	False	True	False
MT-CO2	1.0	23.0	23.0	1.0	19.0	19.0				True	True	False	False	False	True	False
MT-CO3							1.0	9.0	9.0	False	False	True	False	False	True	False
MT-CYB							1.0	9.0	9.0	False	False	True	False	False	True	False
MT-ND2							1.0	9.0	9.0	False	False	True	False	False	True	False
MT-ND3							1.0	9.0	9.0	False	False	True	False	False	True	False
MT-ND4	0.9565	22.0	23.0	0.8421	16.0	19.0				True	True	False	False	False	True	False
MT1B							1.0	9.0	9.0	False	False	True	False	False	True	False
MT2							1.0	9.0	9.0	False	False	True	False	False	True	False
MT3							1.0	9.0	9.0	False	False	True	False	False	True	False
MT4							1.0	9.0	9.0	False	False	True	False	False	False	False
MTA1							1.0	9.0	9.0	False	False	True	False	False	True	True
MTA2	0.9565	22.0	23.0				1.0	9.0	9.0	True	False	True	False	True	True	True
MTA3							1.0	9.0	9.0	False	False	True	False	False	True	True
MTAP	1.0	23.0	23.0	1.0	19.0	19.0	1.0	9.0	9.0	True	True	True	True	True	True	True
MTARC1	1.0	23.0	23.0	1.0	19.0	19.0	1.0	9.0	9.0	True	True	True	True	True	True	False
MTARC2							1.0	9.0	9.0	False	False	True	False	False	True	False
MTATP6							1.0	9.0	9.0	False	False	True	False	False	False	False
MTATP8							1.0	9.0	9.0	False	False	True	False	False	False	False
MTCH1	1.0	23.0	23.0				1.0	9.0	9.0	True	False	True	False	True	True	True
MTCH2	1.0	23.0	23.0	1.0	19.0	19.0	1.0	9.0	9.0	True	True	True	True	True	True	True
MTCL1							1.0	9.0	9.0	False	False	True	False	False	True	True
MTCL2							1.0	9.0	9.0	False	False	True	False	False	True	False
MTCL3							1.0	9.0	9.0	False	False	True	False	False	False	False
MTCO1							1.0	9.0	9.0	False	False	True	False	False	False	False
MTCO2							1.0	9.0	9.0	False	False	True	False	False	False	False
MTCP1							1.0	9.0	9.0	False	False	True	False	False	True	False
MTDH	1.0	23.0	23.0	1.0	19.0	19.0	1.0	9.0	9.0	True	True	True	True	True	True	True
MTERF1A							0.8889	8.0	9.0	False	False	True	False	False	True	False
MTERF2							1.0	9.0	9.0	False	False	True	False	False	True	True
MTERF3							1.0	9.0	9.0	False	False	True	False	False	True	True
MTERF4							1.0	9.0	9.0	False	False	True	False	False	True	True
MTF1							1.0	9.0	9.0	False	False	True	False	False	True	True
MTF2							1.0	9.0	9.0	False	False	True	False	False	True	True
MTFMT							1.0	9.0	9.0	False	False	True	False	False	True	True
MTFP1							1.0	9.0	9.0	False	False	True	False	False	True	True
MTFR1							1.0	9.0	9.0	False	False	True	False	False	True	True
MTFR1L				0.8421	16.0	19.0	1.0	9.0	9.0	False	True	True	False	True	True	True
MTG1							1.0	9.0	9.0	False	False	True	False	False	True	True
MTG2							1.0	9.0	9.0	False	False	True	False	False	True	True
MTHFD1	1.0	23.0	23.0	1.0	19.0	19.0	1.0	9.0	9.0	True	True	True	True	True	True	True
MTHFD1L							1.0	9.0	9.0	False	False	True	False	False	True	True
MTHFD2							1.0	9.0	9.0	False	False	True	False	False	True	True
MTHFD2L							1.0	9.0	9.0	False	False	True	False	False	True	True
MTHFR							1.0	9.0	9.0	False	False	True	False	False	True	True
MTHFS	1.0	23.0	23.0				1.0	9.0	9.0	True	False	True	False	True	True	False
MTHFSD							1.0	9.0	9.0	False	False	True	False	False	True	True
MTHFSL							1.0	9.0	9.0	False	False	True	False	False	True	False
MTIF2							1.0	9.0	9.0	False	False	True	False	False	True	True
MTIF3							1.0	9.0	9.0	False	False	True	False	False	True	True
MTM1	0.6522	15.0	23.0				1.0	9.0	9.0	True	False	True	False	True	True	False
MTMR1							1.0	9.0	9.0	False	False	True	False	False	True	True
MTMR10							1.0	9.0	9.0	False	False	True	False	False	True	True
MTMR11							1.0	9.0	9.0	False	False	True	False	False	True	True
MTMR12	1.0	23.0	23.0	0.9474	18.0	19.0	1.0	9.0	9.0	True	True	True	True	True	True	True
MTMR14							1.0	9.0	9.0	False	False	True	False	False	True	True
MTMR2							1.0	9.0	9.0	False	False	True	False	False	True	True
MTMR3							1.0	9.0	9.0	False	False	True	False	False	True	True
MTMR4							1.0	9.0	9.0	False	False	True	False	False	True	True
MTMR6							1.0	9.0	9.0	False	False	True	False	False	True	True
MTMR7							1.0	9.0	9.0	False	False	True	False	False	True	False
MTMR9	0.6087	14.0	23.0				1.0	9.0	9.0	True	False	True	False	True	True	True
MTNAP1							1.0	9.0	9.0	False	False	True	False	False	False	False
MTND1							1.0	9.0	9.0	False	False	True	False	False	False	False
MTND4							1.0	9.0	9.0	False	False	True	False	False	False	False
MTND5							1.0	9.0	9.0	False	False	True	False	False	False	False
MTO1							1.0	9.0	9.0	False	False	True	False	False	True	True
MTOR	0.6522	15.0	23.0	0.5263	10.0	19.0	1.0	9.0	9.0	True	True	True	True	True	True	True
MTPAP	0.8696	20.0	23.0				1.0	9.0	9.0	True	False	True	False	True	True	False
MTPN	1.0	23.0	23.0	0.9474	18.0	19.0	1.0	9.0	9.0	True	True	True	True	True	True	True
MTR							1.0	9.0	9.0	False	False	True	False	False	True	True
MTRES1	0.8696	20.0	23.0				1.0	9.0	9.0	True	False	True	False	True	True	False
MTREX				0.6842	13.0	19.0	1.0	9.0	9.0	False	True	True	False	True	True	False
MTRF1							1.0	9.0	9.0	False	False	True	False	False	True	True
MTRF1L							1.0	9.0	9.0	False	False	True	False	False	True	True
MTRFR							1.0	9.0	9.0	False	False	True	False	False	True	False
MTRR							1.0	9.0	9.0	False	False	True	False	False	True	True
MTSS1							1.0	9.0	9.0	False	False	True	False	False	True	True
MTSS2							1.0	9.0	9.0	False	False	True	False	False	True	False
MTTP							1.0	9.0	9.0	False	False	True	False	False	True	False
MTURN							1.0	9.0	9.0	False	False	True	False	False	True	True
MTUS1							1.0	9.0	9.0	False	False	True	False	False	True	True
MTX1	1.0	23.0	23.0	1.0	19.0	19.0	1.0	9.0	9.0	True	True	True	True	True	True	True
MTX2	1.0	23.0	23.0	0.7895	15.0	19.0	1.0	9.0	9.0	True	True	True	True	True	True	True
MTX3	1.0	23.0	23.0				1.0	9.0	9.0	True	False	True	False	True	True	True
MUC1							1.0	9.0	9.0	False	False	True	False	False	True	True
MUC20							0.6667	6.0	9.0	False	False	True	False	False	True	True
MUC4							0.6667	6.0	9.0	False	False	True	False	False	True	False
MUC5AC	0.6957	16.0	23.0							True	False	False	False	False	True	False
MUG1							1.0	9.0	9.0	False	False	True	False	False	False	False
MUG2							1.0	9.0	9.0	False	False	True	False	False	False	False
MUL1							1.0	9.0	9.0	False	False	True	False	False	True	True
MUP13							1.0	9.0	9.0	False	False	True	False	False	False	False
MUP2							1.0	9.0	9.0	False	False	True	False	False	False	False
MUP20							1.0	9.0	9.0	False	False	True	False	False	False	False
MUP21							1.0	9.0	9.0	False	False	True	False	False	False	False
MUP3							1.0	9.0	9.0	False	False	True	False	False	False	False
MUP4							1.0	9.0	9.0	False	False	True	False	False	False	False
MUP5							0.6667	6.0	9.0	False	False	True	False	False	False	False
MUS81							1.0	9.0	9.0	False	False	True	False	False	True	True
MUSTN1							1.0	9.0	9.0	False	False	True	False	False	True	True
MVB12A	0.4783	11.0	23.0				1.0	9.0	9.0	False	False	True	False	False	True	True
MVB12B							1.0	9.0	9.0	False	False	True	False	False	True	True
MVD	0.5217	12.0	23.0				1.0	9.0	9.0	True	False	True	False	True	True	True
MVK							1.0	9.0	9.0	False	False	True	False	False	True	True
MVP	1.0	23.0	23.0	1.0	19.0	19.0	1.0	9.0	9.0	True	True	True	True	True	True	True
MX1	0.8696	20.0	23.0	1.0	19.0	19.0				True	True	False	False	False	True	False
MXD4							0.8889	8.0	9.0	False	False	True	False	False	True	True
MXI1							0.8889	8.0	9.0	False	False	True	False	False	True	True
MXRA7							1.0	9.0	9.0	False	False	True	False	False	True	True
MXRA8							1.0	9.0	9.0	False	False	True	False	False	True	True
MYADM				1.0	19.0	19.0	1.0	9.0	9.0	False	True	True	False	True	True	False
MYBBP1A	0.6957	16.0	23.0	0.8421	16.0	19.0	1.0	9.0	9.0	True	True	True	True	True	True	True
MYBPC2							0.7778	7.0	9.0	False	False	True	False	False	True	False
MYBPH							0.3333	3.0	9.0	False	False	False	False	False	False	False
MYCB							0.4444	4.0	9.0	False	False	False	False	False	False	False
MYCBP							1.0	9.0	9.0	False	False	True	False	False	True	False
MYCBP2							1.0	9.0	9.0	False	False	True	False	False	True	True
MYCT1							1.0	9.0	9.0	False	False	True	False	False	True	True
MYD88							1.0	9.0	9.0	False	False	True	False	False	True	True
MYDGF	1.0	23.0	23.0				1.0	9.0	9.0	True	False	True	False	True	True	False
MYEF2				0.7368	14.0	19.0	1.0	9.0	9.0	False	True	True	False	True	True	True
MYG1	1.0	23.0	23.0				1.0	9.0	9.0	True	False	True	False	True	True	True
MYH1							0.4444	4.0	9.0	False	False	False	False	False	False	False
MYH10	1.0	23.0	23.0	1.0	19.0	19.0	1.0	9.0	9.0	True	True	True	True	True	True	True
MYH11	1.0	23.0	23.0	1.0	19.0	19.0	1.0	9.0	9.0	True	True	True	True	True	True	True
MYH14	1.0	23.0	23.0	1.0	19.0	19.0	1.0	9.0	9.0	True	True	True	True	True	True	True
MYH4							0.7778	7.0	9.0	False	False	True	False	False	True	False
MYH9	1.0	23.0	23.0	1.0	19.0	19.0	1.0	9.0	9.0	True	True	True	True	True	True	True
MYL1							0.7778	7.0	9.0	False	False	True	False	False	False	False
MYL11							0.6667	6.0	9.0	False	False	True	False	False	True	False
MYL12A	1.0	23.0	23.0	1.0	19.0	19.0				True	True	False	False	False	True	False
MYL12B							1.0	9.0	9.0	False	False	True	False	False	True	False
MYL3							1.0	9.0	9.0	False	False	True	False	False	True	False
MYL4							1.0	9.0	9.0	False	False	True	False	False	True	False
MYL6	1.0	23.0	23.0	1.0	19.0	19.0	1.0	9.0	9.0	True	True	True	True	True	True	True
MYL6B							1.0	9.0	9.0	False	False	True	False	False	True	False
MYL9	1.0	23.0	23.0	1.0	19.0	19.0	1.0	9.0	9.0	True	True	True	True	True	True	True
MYLIP							0.8889	8.0	9.0	False	False	True	False	False	True	True
MYLK	1.0	23.0	23.0	1.0	19.0	19.0	1.0	9.0	9.0	True	True	True	True	True	True	True
MYLK3							0.6667	6.0	9.0	False	False	True	False	False	True	False
MYMX							0.8889	8.0	9.0	False	False	True	False	False	True	False
MYNN							1.0	9.0	9.0	False	False	True	False	False	True	True
MYO10							1.0	9.0	9.0	False	False	True	False	False	True	True
MYO15B							1.0	9.0	9.0	False	False	True	False	False	True	True
MYO18A	1.0	23.0	23.0	1.0	19.0	19.0	1.0	9.0	9.0	True	True	True	True	True	True	True
MYO19							1.0	9.0	9.0	False	False	True	False	False	True	True
MYO1B	1.0	23.0	23.0	1.0	19.0	19.0	1.0	9.0	9.0	True	True	True	True	True	True	True
MYO1C	1.0	23.0	23.0	1.0	19.0	19.0	1.0	9.0	9.0	True	True	True	True	True	True	True
MYO1D	1.0	23.0	23.0	1.0	19.0	19.0	1.0	9.0	9.0	True	True	True	True	True	True	True
MYO1E	0.5217	12.0	23.0				1.0	9.0	9.0	True	False	True	False	True	True	True
MYO1F							1.0	9.0	9.0	False	False	True	False	False	True	True
MYO1G							1.0	9.0	9.0	False	False	True	False	False	True	True
MYO3B							1.0	9.0	9.0	False	False	True	False	False	True	False
MYO5A							1.0	9.0	9.0	False	False	True	False	False	True	True
MYO5B	0.7391	17.0	23.0				1.0	9.0	9.0	True	False	True	False	True	True	True
MYO5C							1.0	9.0	9.0	False	False	True	False	False	True	True
MYO6	1.0	23.0	23.0	1.0	19.0	19.0	1.0	9.0	9.0	True	True	True	True	True	True	True
MYO7A							1.0	9.0	9.0	False	False	True	False	False	True	True
MYO7B	0.8696	20.0	23.0				1.0	9.0	9.0	True	False	True	False	True	True	True
MYO9A							1.0	9.0	9.0	False	False	True	False	False	True	True
MYO9B							1.0	9.0	9.0	False	False	True	False	False	True	True
MYOC							1.0	9.0	9.0	False	False	True	False	False	True	False
MYOF	1.0	23.0	23.0	1.0	19.0	19.0	1.0	9.0	9.0	True	True	True	True	True	True	True
MYOM1							0.6667	6.0	9.0	False	False	True	False	False	True	False
MYOM2							1.0	9.0	9.0	False	False	True	False	False	True	False
MYORG							1.0	9.0	9.0	False	False	True	False	False	True	False
MYRIP							0.6667	6.0	9.0	False	False	True	False	False	True	False
MYSM1							1.0	9.0	9.0	False	False	True	False	False	True	True
MYZAP							1.0	9.0	9.0	False	False	True	False	False	False	False
MZB1	0.8261	19.0	23.0	0.7368	14.0	19.0	0.7778	7.0	9.0	True	True	True	True	True	True	False
MZT1							1.0	9.0	9.0	False	False	True	False	False	True	True
MZT2							1.0	9.0	9.0	False	False	True	False	False	True	False
N4BP1							1.0	9.0	9.0	False	False	True	False	False	True	True
N4BP2							1.0	9.0	9.0	False	False	True	False	False	True	True
N4BP2L1							1.0	9.0	9.0	False	False	True	False	False	True	True
N4BP2L2							1.0	9.0	9.0	False	False	True	False	False	True	False
N4BP3							1.0	9.0	9.0	False	False	True	False	False	True	True
NAA10	1.0	23.0	23.0				1.0	9.0	9.0	True	False	True	False	True	True	True
NAA12							1.0	9.0	9.0	False	False	True	False	False	False	False
NAA15	0.8261	19.0	23.0	0.9474	18.0	19.0	1.0	9.0	9.0	True	True	True	True	True	True	True
NAA16							1.0	9.0	9.0	False	False	True	False	False	True	False
NAA20							1.0	9.0	9.0	False	False	True	False	False	True	True
NAA25							1.0	9.0	9.0	False	False	True	False	False	True	True
NAA30							1.0	9.0	9.0	False	False	True	False	False	True	True
NAA35							1.0	9.0	9.0	False	False	True	False	False	True	True
NAA38							1.0	9.0	9.0	False	False	True	False	False	True	True
NAA40							1.0	9.0	9.0	False	False	True	False	False	True	True
NAA50							1.0	9.0	9.0	False	False	True	False	False	True	True
NAA60							1.0	9.0	9.0	False	False	True	False	False	True	True
NAA80							1.0	9.0	9.0	False	False	True	False	False	True	False
NAAA	0.9565	22.0	23.0	0.7895	15.0	19.0	1.0	9.0	9.0	True	True	True	True	True	True	True
NAALAD2							1.0	9.0	9.0	False	False	True	False	False	True	True
NAALADL1							0.3333	3.0	9.0	False	False	False	False	False	True	False
NAALADL2							1.0	9.0	9.0	False	False	True	False	False	True	False
NAB1							1.0	9.0	9.0	False	False	True	False	False	True	True
NAB2							1.0	9.0	9.0	False	False	True	False	False	True	True
NABP1							1.0	9.0	9.0	False	False	True	False	False	True	True
NABP2							1.0	9.0	9.0	False	False	True	False	False	True	True
NACA	1.0	23.0	23.0				1.0	9.0	9.0	True	False	True	False	True	True	True
NACAD							1.0	9.0	9.0	False	False	True	False	False	True	False
NACC1							1.0	9.0	9.0	False	False	True	False	False	True	True
NACC2							1.0	9.0	9.0	False	False	True	False	False	True	True
NADK							1.0	9.0	9.0	False	False	True	False	False	True	True
NADK2	1.0	23.0	23.0	1.0	19.0	19.0	1.0	9.0	9.0	True	True	True	True	True	True	True
NADSYN1	1.0	23.0	23.0				1.0	9.0	9.0	True	False	True	False	True	True	True
NAE1	1.0	23.0	23.0	0.9474	18.0	19.0	1.0	9.0	9.0	True	True	True	True	True	True	True
NAF1							1.0	9.0	9.0	False	False	True	False	False	True	True
NAGA	1.0	23.0	23.0	1.0	19.0	19.0	1.0	9.0	9.0	True	True	True	True	True	True	True
NAGK	1.0	23.0	23.0	1.0	19.0	19.0	1.0	9.0	9.0	True	True	True	True	True	True	True
NAGLU	0.9565	22.0	23.0	0.6842	13.0	19.0	1.0	9.0	9.0	True	True	True	True	True	True	True
NAGPA							1.0	9.0	9.0	False	False	True	False	False	True	True
NAIF1							1.0	9.0	9.0	False	False	True	False	False	True	True
NAIP2							1.0	9.0	9.0	False	False	True	False	False	True	False
NAMPT	1.0	23.0	23.0	1.0	19.0	19.0	1.0	9.0	9.0	True	True	True	True	True	True	True
NANP							1.0	9.0	9.0	False	False	True	False	False	True	False
NANS	1.0	23.0	23.0	1.0	19.0	19.0	1.0	9.0	9.0	True	True	True	True	True	True	True
NAP1L1	1.0	23.0	23.0	1.0	19.0	19.0	1.0	9.0	9.0	True	True	True	True	True	True	True
NAP1L4	1.0	23.0	23.0	1.0	19.0	19.0	1.0	9.0	9.0	True	True	True	True	True	True	True
NAP1L5							1.0	9.0	9.0	False	False	True	False	False	True	True
NAPA	1.0	23.0	23.0	1.0	19.0	19.0	1.0	9.0	9.0	True	True	True	True	True	True	True
NAPB							0.8889	8.0	9.0	False	False	True	False	False	True	False
NAPEPLD							1.0	9.0	9.0	False	False	True	False	False	True	True
NAPG	1.0	23.0	23.0	1.0	19.0	19.0	1.0	9.0	9.0	True	True	True	True	True	True	True
NAPRT	1.0	23.0	23.0	1.0	19.0	19.0	1.0	9.0	9.0	True	True	True	True	True	True	True
NAPSA	1.0	23.0	23.0	1.0	19.0	19.0	1.0	9.0	9.0	True	True	True	True	True	True	True
NARF							1.0	9.0	9.0	False	False	True	False	False	True	True
NARS1	1.0	23.0	23.0	1.0	19.0	19.0	1.0	9.0	9.0	True	True	True	True	True	True	False
NARS2							1.0	9.0	9.0	False	False	True	False	False	True	True
NASP	1.0	23.0	23.0	1.0	19.0	19.0	1.0	9.0	9.0	True	True	True	True	True	True	True
NAT1							1.0	9.0	9.0	False	False	True	False	False	True	False
NAT10							1.0	9.0	9.0	False	False	True	False	False	True	True
NAT14							1.0	9.0	9.0	False	False	True	False	False	True	True
NAT2							1.0	9.0	9.0	False	False	True	False	False	True	False
NAT8							1.0	9.0	9.0	False	False	True	False	False	True	False
NAT8F2							1.0	9.0	9.0	False	False	True	False	False	True	False
NAT8F3							1.0	9.0	9.0	False	False	True	False	False	True	False
NAT8F4							1.0	9.0	9.0	False	False	True	False	False	True	False
NAT8F5							1.0	9.0	9.0	False	False	True	False	False	True	False
NAT8F7							0.4444	4.0	9.0	False	False	False	False	False	True	False
NAT9							1.0	9.0	9.0	False	False	True	False	False	True	True
NATD1							1.0	9.0	9.0	False	False	True	False	False	True	True
NAV1							1.0	9.0	9.0	False	False	True	False	False	True	True
NAV2							1.0	9.0	9.0	False	False	True	False	False	True	True
NAV3							1.0	9.0	9.0	False	False	True	False	False	True	False
NAXD	1.0	23.0	23.0	1.0	19.0	19.0	1.0	9.0	9.0	True	True	True	True	True	True	False
NAXE							1.0	9.0	9.0	False	False	True	False	False	True	False
NBAS							1.0	9.0	9.0	False	False	True	False	False	True	True
NBDY							1.0	9.0	9.0	False	False	True	False	False	True	False
NBEA							1.0	9.0	9.0	False	False	True	False	False	True	False
NBEAL1							1.0	9.0	9.0	False	False	True	False	False	True	True
NBEAL2							1.0	9.0	9.0	False	False	True	False	False	True	True
NBL1							1.0	9.0	9.0	False	False	True	False	False	True	True
NBN							1.0	9.0	9.0	False	False	True	False	False	True	True
NBR1							1.0	9.0	9.0	False	False	True	False	False	True	True
NCALD	1.0	23.0	23.0	1.0	19.0	19.0	1.0	9.0	9.0	True	True	True	True	True	True	True
NCAM1				0.7895	15.0	19.0	1.0	9.0	9.0	False	True	True	False	True	True	False
NCAM2							1.0	9.0	9.0	False	False	True	False	False	True	False
NCAPD2							1.0	9.0	9.0	False	False	True	False	False	True	True
NCAPD3							1.0	9.0	9.0	False	False	True	False	False	True	True
NCAPG							1.0	9.0	9.0	False	False	True	False	False	True	False
NCAPG2							1.0	9.0	9.0	False	False	True	False	False	True	False
NCAPH							1.0	9.0	9.0	False	False	True	False	False	True	False
NCAPH2							1.0	9.0	9.0	False	False	True	False	False	True	True
NCBP1	1.0	23.0	23.0				1.0	9.0	9.0	True	False	True	False	True	True	True
NCBP2							1.0	9.0	9.0	False	False	True	False	False	True	True
NCBP2AS2							1.0	9.0	9.0	False	False	True	False	False	True	False
NCBP3							1.0	9.0	9.0	False	False	True	False	False	True	False
NCCRP1							1.0	9.0	9.0	False	False	True	False	False	True	True
NCDN							1.0	9.0	9.0	False	False	True	False	False	True	True
NCEH1	1.0	23.0	23.0	1.0	19.0	19.0	1.0	9.0	9.0	True	True	True	True	True	True	True
NCF1							1.0	9.0	9.0	False	False	True	False	False	True	True
NCF2							1.0	9.0	9.0	False	False	True	False	False	True	True
NCF4							1.0	9.0	9.0	False	False	True	False	False	True	False
NCK1							1.0	9.0	9.0	False	False	True	False	False	True	True
NCK2							1.0	9.0	9.0	False	False	True	False	False	True	True
NCKAP1	1.0	23.0	23.0	1.0	19.0	19.0	1.0	9.0	9.0	True	True	True	True	True	True	True
NCKAP1L							1.0	9.0	9.0	False	False	True	False	False	True	True
NCKAP5							1.0	9.0	9.0	False	False	True	False	False	True	False
NCKAP5L							1.0	9.0	9.0	False	False	True	False	False	True	False
NCKIPSD							1.0	9.0	9.0	False	False	True	False	False	True	True
NCL	1.0	23.0	23.0	1.0	19.0	19.0	1.0	9.0	9.0	True	True	True	True	True	True	True
NCLN	1.0	23.0	23.0	1.0	19.0	19.0	1.0	9.0	9.0	True	True	True	True	True	True	True
NCOA1							1.0	9.0	9.0	False	False	True	False	False	True	True
NCOA2							1.0	9.0	9.0	False	False	True	False	False	True	True
NCOA3							1.0	9.0	9.0	False	False	True	False	False	True	False
NCOA4							1.0	9.0	9.0	False	False	True	False	False	True	True
NCOA5							1.0	9.0	9.0	False	False	True	False	False	True	True
NCOA6							1.0	9.0	9.0	False	False	True	False	False	True	True
NCOA7							1.0	9.0	9.0	False	False	True	False	False	True	True
NCOR1							1.0	9.0	9.0	False	False	True	False	False	True	True
NCOR2							1.0	9.0	9.0	False	False	True	False	False	True	True
NCS1							1.0	9.0	9.0	False	False	True	False	False	True	True
NCSTN							1.0	9.0	9.0	False	False	True	False	False	True	True
NDC1							1.0	9.0	9.0	False	False	True	False	False	True	True
NDC80							0.8889	8.0	9.0	False	False	True	False	False	True	False
NDE1							1.0	9.0	9.0	False	False	True	False	False	True	True
NDEL1							1.0	9.0	9.0	False	False	True	False	False	True	True
NDFIP1							1.0	9.0	9.0	False	False	True	False	False	True	True
NDFIP2							1.0	9.0	9.0	False	False	True	False	False	True	True
NDOR1							1.0	9.0	9.0	False	False	True	False	False	True	True
NDRG1	1.0	23.0	23.0	1.0	19.0	19.0	1.0	9.0	9.0	True	True	True	True	True	True	True
NDRG2	1.0	23.0	23.0	1.0	19.0	19.0	1.0	9.0	9.0	True	True	True	True	True	True	True
NDRG3	0.5217	12.0	23.0	1.0	19.0	19.0	1.0	9.0	9.0	True	True	True	True	True	True	True
NDRG4							1.0	9.0	9.0	False	False	True	False	False	True	False
NDST1							1.0	9.0	9.0	False	False	True	False	False	True	True
NDST2							1.0	9.0	9.0	False	False	True	False	False	True	True
NDUFA1							1.0	9.0	9.0	False	False	True	False	False	True	True
NDUFA10	1.0	23.0	23.0	1.0	19.0	19.0	1.0	9.0	9.0	True	True	True	True	True	True	True
NDUFA11	0.9565	22.0	23.0	0.8947	17.0	19.0	1.0	9.0	9.0	True	True	True	True	True	True	True
NDUFA12	1.0	23.0	23.0	0.9474	18.0	19.0	1.0	9.0	9.0	True	True	True	True	True	True	True
NDUFA13	1.0	23.0	23.0	1.0	19.0	19.0	1.0	9.0	9.0	True	True	True	True	True	True	True
NDUFA2	1.0	23.0	23.0	1.0	19.0	19.0	1.0	9.0	9.0	True	True	True	True	True	True	True
NDUFA3							1.0	9.0	9.0	False	False	True	False	False	True	True
NDUFA4	1.0	23.0	23.0	1.0	19.0	19.0				True	True	False	False	False	True	False
NDUFA5	0.9565	22.0	23.0	0.8421	16.0	19.0	1.0	9.0	9.0	True	True	True	True	True	True	True
NDUFA6	1.0	23.0	23.0	1.0	19.0	19.0	1.0	9.0	9.0	True	True	True	True	True	True	True
NDUFA7	1.0	23.0	23.0	1.0	19.0	19.0	1.0	9.0	9.0	True	True	True	True	True	True	True
NDUFA8	1.0	23.0	23.0	1.0	19.0	19.0	1.0	9.0	9.0	True	True	True	True	True	True	True
NDUFA9	1.0	23.0	23.0	1.0	19.0	19.0	1.0	9.0	9.0	True	True	True	True	True	True	True
NDUFAB1	1.0	23.0	23.0	0.8421	16.0	19.0	1.0	9.0	9.0	True	True	True	True	True	True	True
NDUFAF1							1.0	9.0	9.0	False	False	True	False	False	True	True
NDUFAF2							1.0	9.0	9.0	False	False	True	False	False	True	True
NDUFAF3							1.0	9.0	9.0	False	False	True	False	False	True	True
NDUFAF4							1.0	9.0	9.0	False	False	True	False	False	True	True
NDUFAF5							1.0	9.0	9.0	False	False	True	False	False	True	True
NDUFAF6				0.5263	10.0	19.0	1.0	9.0	9.0	False	True	True	False	True	True	True
NDUFAF7	0.8696	20.0	23.0				1.0	9.0	9.0	True	False	True	False	True	True	True
NDUFAF8							1.0	9.0	9.0	False	False	True	False	False	True	False
NDUFB1	1.0	23.0	23.0	0.4737	9.0	19.0	1.0	9.0	9.0	True	False	True	False	True	True	False
NDUFB10	1.0	23.0	23.0	1.0	19.0	19.0	1.0	9.0	9.0	True	True	True	True	True	True	True
NDUFB11	1.0	23.0	23.0				1.0	9.0	9.0	True	False	True	False	True	True	True
NDUFB2							1.0	9.0	9.0	False	False	True	False	False	True	True
NDUFB3	1.0	23.0	23.0				1.0	9.0	9.0	True	False	True	False	True	True	True
NDUFB4	1.0	23.0	23.0	0.9474	18.0	19.0	1.0	9.0	9.0	True	True	True	True	True	True	True
NDUFB5	0.9565	22.0	23.0	1.0	19.0	19.0	1.0	9.0	9.0	True	True	True	True	True	True	True
NDUFB6	0.9565	22.0	23.0	0.9474	18.0	19.0	1.0	9.0	9.0	True	True	True	True	True	True	True
NDUFB7	0.9565	22.0	23.0	1.0	19.0	19.0	1.0	9.0	9.0	True	True	True	True	True	True	True
NDUFB8	1.0	23.0	23.0	1.0	19.0	19.0	1.0	9.0	9.0	True	True	True	True	True	True	True
NDUFB9	1.0	23.0	23.0	1.0	19.0	19.0	1.0	9.0	9.0	True	True	True	True	True	True	True
NDUFC2							1.0	9.0	9.0	False	False	True	False	False	True	True
NDUFS1	1.0	23.0	23.0	1.0	19.0	19.0	1.0	9.0	9.0	True	True	True	True	True	True	True
NDUFS2	1.0	23.0	23.0	1.0	19.0	19.0	1.0	9.0	9.0	True	True	True	True	True	True	True
NDUFS3	1.0	23.0	23.0	1.0	19.0	19.0	1.0	9.0	9.0	True	True	True	True	True	True	True
NDUFS4	1.0	23.0	23.0	0.9474	18.0	19.0	1.0	9.0	9.0	True	True	True	True	True	True	True
NDUFS5	1.0	23.0	23.0	0.9474	18.0	19.0	1.0	9.0	9.0	True	True	True	True	True	True	True
NDUFS6	1.0	23.0	23.0	1.0	19.0	19.0	1.0	9.0	9.0	True	True	True	True	True	True	True
NDUFS7	1.0	23.0	23.0	1.0	19.0	19.0	1.0	9.0	9.0	True	True	True	True	True	True	True
NDUFS8	1.0	23.0	23.0	1.0	19.0	19.0	1.0	9.0	9.0	True	True	True	True	True	True	True
NDUFV1	1.0	23.0	23.0	1.0	19.0	19.0	1.0	9.0	9.0	True	True	True	True	True	True	True
NDUFV2	1.0	23.0	23.0	1.0	19.0	19.0	1.0	9.0	9.0	True	True	True	True	True	True	True
NDUFV3	1.0	23.0	23.0	1.0	19.0	19.0	1.0	9.0	9.0	True	True	True	True	True	True	True
NEB							1.0	9.0	9.0	False	False	True	False	False	True	False
NEBL	1.0	23.0	23.0	0.8421	16.0	19.0				True	True	False	False	False	True	False
NECAP1	1.0	23.0	23.0	1.0	19.0	19.0	1.0	9.0	9.0	True	True	True	True	True	True	True
NECAP2							1.0	9.0	9.0	False	False	True	False	False	True	True
NECTIN1							1.0	9.0	9.0	False	False	True	False	False	True	False
NECTIN2	1.0	23.0	23.0				1.0	9.0	9.0	True	False	True	False	True	True	False
NECTIN3							1.0	9.0	9.0	False	False	True	False	False	True	False
NECTIN4							1.0	9.0	9.0	False	False	True	False	False	True	False
NEDD1							1.0	9.0	9.0	False	False	True	False	False	True	True
NEDD4							1.0	9.0	9.0	False	False	True	False	False	True	True
NEDD4L							1.0	9.0	9.0	False	False	True	False	False	True	True
NEDD8				0.4737	9.0	19.0	1.0	9.0	9.0	False	False	True	False	False	True	True
NEDD9							1.0	9.0	9.0	False	False	True	False	False	True	True
NEFH							0.2222	2.0	9.0	False	False	False	False	False	False	False
NEFL							1.0	9.0	9.0	False	False	True	False	False	False	False
NEFM							1.0	9.0	9.0	False	False	True	False	False	True	False
NEGR1							1.0	9.0	9.0	False	False	True	False	False	True	False
NEIL1							1.0	9.0	9.0	False	False	True	False	False	True	True
NEIL2							1.0	9.0	9.0	False	False	True	False	False	True	False
NEK1							1.0	9.0	9.0	False	False	True	False	False	True	True
NEK10							1.0	9.0	9.0	False	False	True	False	False	True	False
NEK3							1.0	9.0	9.0	False	False	True	False	False	True	True
NEK4							1.0	9.0	9.0	False	False	True	False	False	True	True
NEK6							1.0	9.0	9.0	False	False	True	False	False	True	True
NEK7							1.0	9.0	9.0	False	False	True	False	False	True	True
NEK8							1.0	9.0	9.0	False	False	True	False	False	True	True
NEK9				0.6842	13.0	19.0	1.0	9.0	9.0	False	True	True	False	True	True	True
NELFA							1.0	9.0	9.0	False	False	True	False	False	True	True
NELFB							1.0	9.0	9.0	False	False	True	False	False	True	True
NELFCD				0.7895	15.0	19.0	1.0	9.0	9.0	False	True	True	False	True	True	True
NELFE							1.0	9.0	9.0	False	False	True	False	False	True	True
NEMF							1.0	9.0	9.0	False	False	True	False	False	True	True
NEMP1							1.0	9.0	9.0	False	False	True	False	False	True	False
NEMP2							1.0	9.0	9.0	False	False	True	False	False	True	False
NENF	1.0	23.0	23.0	0.8421	16.0	19.0	1.0	9.0	9.0	True	True	True	True	True	True	True
NEO1							1.0	9.0	9.0	False	False	True	False	False	True	True
NEPN							0.3333	3.0	9.0	False	False	False	False	False	True	False
NES	1.0	23.0	23.0	1.0	19.0	19.0	1.0	9.0	9.0	True	True	True	True	True	True	True
NET1							1.0	9.0	9.0	False	False	True	False	False	True	True
NEU1							1.0	9.0	9.0	False	False	True	False	False	True	True
NEU2							0.6667	6.0	9.0	False	False	True	False	False	True	False
NEU3							1.0	9.0	9.0	False	False	True	False	False	True	True
NEURL1B							1.0	9.0	9.0	False	False	True	False	False	True	True
NEURL2							0.3333	3.0	9.0	False	False	False	False	False	True	True
NEURL3							1.0	9.0	9.0	False	False	True	False	False	True	True
NEURL4							1.0	9.0	9.0	False	False	True	False	False	True	True
NEXN	1.0	23.0	23.0	1.0	19.0	19.0	1.0	9.0	9.0	True	True	True	True	True	True	True
NF1							1.0	9.0	9.0	False	False	True	False	False	True	True
NF2							1.0	9.0	9.0	False	False	True	False	False	True	True
NFAM1							1.0	9.0	9.0	False	False	True	False	False	True	False
NFAT5							1.0	9.0	9.0	False	False	True	False	False	True	True
NFATC1							1.0	9.0	9.0	False	False	True	False	False	True	True
NFATC2							1.0	9.0	9.0	False	False	True	False	False	True	False
NFATC2IP							1.0	9.0	9.0	False	False	True	False	False	True	True
NFATC3							1.0	9.0	9.0	False	False	True	False	False	True	True
NFATC4							1.0	9.0	9.0	False	False	True	False	False	True	False
NFE2L1							1.0	9.0	9.0	False	False	True	False	False	True	True
NFE2L2							1.0	9.0	9.0	False	False	True	False	False	True	True
NFIA							1.0	9.0	9.0	False	False	True	False	False	True	True
NFIB							1.0	9.0	9.0	False	False	True	False	False	True	True
NFIC							1.0	9.0	9.0	False	False	True	False	False	True	True
NFIL3							1.0	9.0	9.0	False	False	True	False	False	True	True
NFIX							1.0	9.0	9.0	False	False	True	False	False	True	True
NFKB1	1.0	23.0	23.0	1.0	19.0	19.0	1.0	9.0	9.0	True	True	True	True	True	True	True
NFKB2							1.0	9.0	9.0	False	False	True	False	False	True	True
NFKBIA							1.0	9.0	9.0	False	False	True	False	False	True	True
NFKBIB							1.0	9.0	9.0	False	False	True	False	False	True	True
NFKBID							0.6667	6.0	9.0	False	False	True	False	False	True	False
NFKBIE							1.0	9.0	9.0	False	False	True	False	False	True	True
NFKBIL1							1.0	9.0	9.0	False	False	True	False	False	True	False
NFKBIZ							0.4444	4.0	9.0	False	False	False	False	False	True	True
NFRKB							1.0	9.0	9.0	False	False	True	False	False	True	True
NFS1	1.0	23.0	23.0	0.8421	16.0	19.0	1.0	9.0	9.0	True	True	True	True	True	True	True
NFU1	1.0	23.0	23.0	1.0	19.0	19.0	1.0	9.0	9.0	True	True	True	True	True	True	True
NFX1							1.0	9.0	9.0	False	False	True	False	False	True	True
NFXL1							1.0	9.0	9.0	False	False	True	False	False	True	True
NFYA							1.0	9.0	9.0	False	False	True	False	False	True	True
NFYB							1.0	9.0	9.0	False	False	True	False	False	True	True
NFYC							1.0	9.0	9.0	False	False	True	False	False	True	True
NGDN							1.0	9.0	9.0	False	False	True	False	False	True	True
NGEF							1.0	9.0	9.0	False	False	True	False	False	True	True
NGF							0.6667	6.0	9.0	False	False	True	False	False	True	True
NGFR				0.5263	10.0	19.0	1.0	9.0	9.0	False	True	True	False	True	True	False
NGLY1				0.4737	9.0	19.0	1.0	9.0	9.0	False	False	True	False	False	True	True
NGP							1.0	9.0	9.0	False	False	True	False	False	True	False
NGRN							1.0	9.0	9.0	False	False	True	False	False	True	True
NHEJ1							1.0	9.0	9.0	False	False	True	False	False	True	True
NHERF1	1.0	23.0	23.0	1.0	19.0	19.0	1.0	9.0	9.0	True	True	True	True	True	True	False
NHERF2							1.0	9.0	9.0	False	False	True	False	False	False	False
NHERF4							1.0	9.0	9.0	False	False	True	False	False	False	False
NHLRC1							0.6667	6.0	9.0	False	False	True	False	False	True	False
NHLRC2	1.0	23.0	23.0	0.9474	18.0	19.0	1.0	9.0	9.0	True	True	True	True	True	True	True
NHLRC3							1.0	9.0	9.0	False	False	True	False	False	True	True
NHP2							1.0	9.0	9.0	False	False	True	False	False	True	True
NHS							1.0	9.0	9.0	False	False	True	False	False	True	True
NHSL1							1.0	9.0	9.0	False	False	True	False	False	True	True
NHSL2							1.0	9.0	9.0	False	False	True	False	False	True	False
NHSL3							1.0	9.0	9.0	False	False	True	False	False	True	False
NIBAN1	1.0	23.0	23.0	0.9474	18.0	19.0	1.0	9.0	9.0	True	True	True	True	True	True	False
NIBAN2	1.0	23.0	23.0	1.0	19.0	19.0	1.0	9.0	9.0	True	True	True	True	True	True	False
NID1	1.0	23.0	23.0	1.0	19.0	19.0	1.0	9.0	9.0	True	True	True	True	True	True	True
NID2							1.0	9.0	9.0	False	False	True	False	False	True	True
NIF3L1	1.0	23.0	23.0	1.0	19.0	19.0	1.0	9.0	9.0	True	True	True	True	True	True	True
NIFK							1.0	9.0	9.0	False	False	True	False	False	True	True
NIN							1.0	9.0	9.0	False	False	True	False	False	True	True
NINJ1							1.0	9.0	9.0	False	False	True	False	False	True	True
NINL							1.0	9.0	9.0	False	False	True	False	False	True	True
NIP7							1.0	9.0	9.0	False	False	True	False	False	True	True
NIPA1							1.0	9.0	9.0	False	False	True	False	False	True	True
NIPA2							1.0	9.0	9.0	False	False	True	False	False	True	True
NIPAL2							0.6667	6.0	9.0	False	False	True	False	False	True	True
NIPAL3							1.0	9.0	9.0	False	False	True	False	False	True	True
NIPBL							1.0	9.0	9.0	False	False	True	False	False	True	True
NIPSNAP1	1.0	23.0	23.0	1.0	19.0	19.0	1.0	9.0	9.0	True	True	True	True	True	True	True
NIPSNAP2	1.0	23.0	23.0	1.0	19.0	19.0	1.0	9.0	9.0	True	True	True	True	True	True	False
NIPSNAP3A	1.0	23.0	23.0	1.0	19.0	19.0				True	True	False	False	False	True	False
NIPSNAP3B							1.0	9.0	9.0	False	False	True	False	False	True	False
NISCH							1.0	9.0	9.0	False	False	True	False	False	True	True
NIT1	1.0	23.0	23.0	1.0	19.0	19.0	1.0	9.0	9.0	True	True	True	True	True	True	True
NIT2	1.0	23.0	23.0	1.0	19.0	19.0	1.0	9.0	9.0	True	True	True	True	True	True	True
NKAP							1.0	9.0	9.0	False	False	True	False	False	True	True
NKAPD1							1.0	9.0	9.0	False	False	True	False	False	True	False
NKD1							0.7778	7.0	9.0	False	False	True	False	False	True	True
NKD2							0.1111	1.0	9.0	False	False	False	False	False	True	False
NKIRAS1							1.0	9.0	9.0	False	False	True	False	False	True	True
NKIRAS2							1.0	9.0	9.0	False	False	True	False	False	True	True
NKRF							1.0	9.0	9.0	False	False	True	False	False	True	True
NKTR							1.0	9.0	9.0	False	False	True	False	False	True	True
NLE1							1.0	9.0	9.0	False	False	True	False	False	True	True
NLGN2							0.7778	7.0	9.0	False	False	True	False	False	True	True
NLGN3							1.0	9.0	9.0	False	False	True	False	False	True	False
NLGN4L							0.7778	7.0	9.0	False	False	True	False	False	False	False
NLK							1.0	9.0	9.0	False	False	True	False	False	True	True
NLN	0.9565	22.0	23.0				1.0	9.0	9.0	True	False	True	False	True	True	True
NLRC3							1.0	9.0	9.0	False	False	True	False	False	True	False
NLRC4							1.0	9.0	9.0	False	False	True	False	False	True	False
NLRC5							0.7778	7.0	9.0	False	False	True	False	False	True	True
NLRP1A							0.5556	5.0	9.0	False	False	True	False	False	False	False
NLRP3							0.6667	6.0	9.0	False	False	True	False	False	True	False
NLRP6							0.3333	3.0	9.0	False	False	False	False	False	True	False
NLRX1	1.0	23.0	23.0	0.8421	16.0	19.0	1.0	9.0	9.0	True	True	True	True	True	True	True
NMD3							1.0	9.0	9.0	False	False	True	False	False	True	True
NME1	1.0	23.0	23.0	1.0	19.0	19.0	1.0	9.0	9.0	True	True	True	True	True	True	True
NME2	1.0	23.0	23.0	1.0	19.0	19.0	1.0	9.0	9.0	True	True	True	True	True	True	False
NME3	1.0	23.0	23.0	1.0	19.0	19.0	1.0	9.0	9.0	True	True	True	True	True	True	False
NME4							1.0	9.0	9.0	False	False	True	False	False	True	True
NME6							1.0	9.0	9.0	False	False	True	False	False	True	True
NME7							1.0	9.0	9.0	False	False	True	False	False	True	True
NMES1							0.6667	6.0	9.0	False	False	True	False	False	False	False
NMI							1.0	9.0	9.0	False	False	True	False	False	True	False
NMNAT1							1.0	9.0	9.0	False	False	True	False	False	True	True
NMNAT3	1.0	23.0	23.0	0.8421	16.0	19.0	1.0	9.0	9.0	True	True	True	True	True	True	True
NMRAL1				0.6316	12.0	19.0	1.0	9.0	9.0	False	True	True	False	True	True	True
NMRK1							1.0	9.0	9.0	False	False	True	False	False	True	True
NMT1	1.0	23.0	23.0	0.9474	18.0	19.0	1.0	9.0	9.0	True	True	True	True	True	True	True
NMT2							1.0	9.0	9.0	False	False	True	False	False	True	True
NNMT							1.0	9.0	9.0	False	False	True	False	False	True	False
NNT	1.0	23.0	23.0	1.0	19.0	19.0	1.0	9.0	9.0	True	True	True	True	True	True	True
NOA1							1.0	9.0	9.0	False	False	True	False	False	True	True
NOB1							1.0	9.0	9.0	False	False	True	False	False	True	True
NOC2L							1.0	9.0	9.0	False	False	True	False	False	True	True
NOC3L							1.0	9.0	9.0	False	False	True	False	False	True	True
NOC4L							1.0	9.0	9.0	False	False	True	False	False	True	True
NOCT							1.0	9.0	9.0	False	False	True	False	False	True	False
NOD1							1.0	9.0	9.0	False	False	True	False	False	True	True
NOL10							1.0	9.0	9.0	False	False	True	False	False	True	True
NOL11							1.0	9.0	9.0	False	False	True	False	False	True	True
NOL12							1.0	9.0	9.0	False	False	True	False	False	True	True
NOL3				0.7895	15.0	19.0	1.0	9.0	9.0	False	True	True	False	True	True	True
NOL4L							1.0	9.0	9.0	False	False	True	False	False	True	True
NOL6							1.0	9.0	9.0	False	False	True	False	False	True	True
NOL7							1.0	9.0	9.0	False	False	True	False	False	True	True
NOL8							1.0	9.0	9.0	False	False	True	False	False	True	True
NOL9							1.0	9.0	9.0	False	False	True	False	False	True	True
NOLC1							1.0	9.0	9.0	False	False	True	False	False	True	True
NOM1							1.0	9.0	9.0	False	False	True	False	False	True	True
NOMO1							1.0	9.0	9.0	False	False	True	False	False	True	False
NONO	1.0	23.0	23.0	1.0	19.0	19.0	1.0	9.0	9.0	True	True	True	True	True	True	True
NOP10							1.0	9.0	9.0	False	False	True	False	False	True	True
NOP14							1.0	9.0	9.0	False	False	True	False	False	True	True
NOP16							1.0	9.0	9.0	False	False	True	False	False	True	True
NOP2							1.0	9.0	9.0	False	False	True	False	False	True	True
NOP53							1.0	9.0	9.0	False	False	True	False	False	True	False
NOP56	0.8696	20.0	23.0	0.9474	18.0	19.0	1.0	9.0	9.0	True	True	True	True	True	True	True
NOP58							1.0	9.0	9.0	False	False	True	False	False	True	True
NOP9							1.0	9.0	9.0	False	False	True	False	False	True	True
NOPCHAP1							1.0	9.0	9.0	False	False	True	False	False	False	False
NOS1							1.0	9.0	9.0	False	False	True	False	False	False	False
NOS1AP							1.0	9.0	9.0	False	False	True	False	False	True	False
NOS3							1.0	9.0	9.0	False	False	True	False	False	True	True
NOSIP							1.0	9.0	9.0	False	False	True	False	False	True	True
NOSTRIN							1.0	9.0	9.0	False	False	True	False	False	True	True
NOTCH1							1.0	9.0	9.0	False	False	True	False	False	True	True
NOTCH2							1.0	9.0	9.0	False	False	True	False	False	True	True
NOTCH3							1.0	9.0	9.0	False	False	True	False	False	True	True
NOTCH4							1.0	9.0	9.0	False	False	True	False	False	True	True
NOTUM							0.8889	8.0	9.0	False	False	True	False	False	True	True
NOVA1							0.6667	6.0	9.0	False	False	True	False	False	True	False
NOVA2							1.0	9.0	9.0	False	False	True	False	False	True	False
NOX4							1.0	9.0	9.0	False	False	True	False	False	True	True
NOXO1							0.5556	5.0	9.0	False	False	True	False	False	True	False
NPAS2							1.0	9.0	9.0	False	False	True	False	False	True	False
NPAT							1.0	9.0	9.0	False	False	True	False	False	True	True
NPC1							1.0	9.0	9.0	False	False	True	False	False	True	True
NPC1L1							1.0	9.0	9.0	False	False	True	False	False	True	False
NPC2	1.0	23.0	23.0	1.0	19.0	19.0	1.0	9.0	9.0	True	True	True	True	True	True	True
NPDC1							1.0	9.0	9.0	False	False	True	False	False	True	True
NPEPL1	1.0	23.0	23.0	0.8421	16.0	19.0	1.0	9.0	9.0	True	True	True	True	True	True	True
NPEPPS	1.0	23.0	23.0	1.0	19.0	19.0	1.0	9.0	9.0	True	True	True	True	True	True	True
NPHP1							1.0	9.0	9.0	False	False	True	False	False	True	True
NPHP3	1.0	23.0	23.0	1.0	19.0	19.0	1.0	9.0	9.0	True	True	True	True	True	True	True
NPHP4							1.0	9.0	9.0	False	False	True	False	False	True	False
NPHS1							1.0	9.0	9.0	False	False	True	False	False	True	True
NPHS2							1.0	9.0	9.0	False	False	True	False	False	True	True
NPL	1.0	23.0	23.0	1.0	19.0	19.0	1.0	9.0	9.0	True	True	True	True	True	True	True
NPLOC4	1.0	23.0	23.0	0.8947	17.0	19.0	1.0	9.0	9.0	True	True	True	True	True	True	True
NPM1	1.0	23.0	23.0	1.0	19.0	19.0	1.0	9.0	9.0	True	True	True	True	True	True	True
NPM3							1.0	9.0	9.0	False	False	True	False	False	True	True
NPNT							1.0	9.0	9.0	False	False	True	False	False	True	True
NPR1							1.0	9.0	9.0	False	False	True	False	False	True	True
NPR2							1.0	9.0	9.0	False	False	True	False	False	True	True
NPR3							1.0	9.0	9.0	False	False	True	False	False	True	True
NPRL2							1.0	9.0	9.0	False	False	True	False	False	True	True
NPRL3							1.0	9.0	9.0	False	False	True	False	False	True	True
NPTN	1.0	23.0	23.0	1.0	19.0	19.0	1.0	9.0	9.0	True	True	True	True	True	True	True
NPTXR							0.6667	6.0	9.0	False	False	True	False	False	True	False
NPY1R							0.7778	7.0	9.0	False	False	True	False	False	True	True
NQO1	0.9565	22.0	23.0	0.6842	13.0	19.0	1.0	9.0	9.0	True	True	True	True	True	True	True
NQO2	0.9565	22.0	23.0	1.0	19.0	19.0	1.0	9.0	9.0	True	True	True	True	True	True	True
NR1D1							1.0	9.0	9.0	False	False	True	False	False	True	True
NR1D2							1.0	9.0	9.0	False	False	True	False	False	True	True
NR1H2							1.0	9.0	9.0	False	False	True	False	False	True	True
NR1H3							1.0	9.0	9.0	False	False	True	False	False	True	True
NR1H4							1.0	9.0	9.0	False	False	True	False	False	True	True
NR1I3	1.0	23.0	23.0	1.0	19.0	19.0				True	True	False	False	False	True	False
NR2C1							1.0	9.0	9.0	False	False	True	False	False	True	True
NR2C2							1.0	9.0	9.0	False	False	True	False	False	True	True
NR2C2AP							1.0	9.0	9.0	False	False	True	False	False	True	True
NR2F1							1.0	9.0	9.0	False	False	True	False	False	True	False
NR2F2							1.0	9.0	9.0	False	False	True	False	False	True	True
NR2F6							1.0	9.0	9.0	False	False	True	False	False	True	True
NR3C1							1.0	9.0	9.0	False	False	True	False	False	True	True
NR3C2							1.0	9.0	9.0	False	False	True	False	False	True	True
NR4A1							0.7778	7.0	9.0	False	False	True	False	False	True	True
NR5A1							0.1111	1.0	9.0	False	False	False	False	False	True	False
NRADD							1.0	9.0	9.0	False	False	True	False	False	True	False
NRAS	1.0	23.0	23.0				1.0	9.0	9.0	True	False	True	False	True	True	True
NRBF2							1.0	9.0	9.0	False	False	True	False	False	True	True
NRBP1				0.8947	17.0	19.0	1.0	9.0	9.0	False	True	True	False	True	True	True
NRBP2							1.0	9.0	9.0	False	False	True	False	False	True	True
NRCAM							1.0	9.0	9.0	False	False	True	False	False	True	False
NRDC	0.7391	17.0	23.0	0.8947	17.0	19.0	1.0	9.0	9.0	True	True	True	True	True	True	False
NRDE2							1.0	9.0	9.0	False	False	True	False	False	True	True
NRF1							1.0	9.0	9.0	False	False	True	False	False	True	True
NRG1							1.0	9.0	9.0	False	False	True	False	False	True	True
NRGN							1.0	9.0	9.0	False	False	True	False	False	True	False
NRIF1							1.0	9.0	9.0	False	False	True	False	False	False	False
NRIP1							1.0	9.0	9.0	False	False	True	False	False	True	True
NRIP2							1.0	9.0	9.0	False	False	True	False	False	True	True
NRM							1.0	9.0	9.0	False	False	True	False	False	True	False
NRN1							0.7778	7.0	9.0	False	False	True	False	False	True	False
NRP1	0.4783	11.0	23.0	0.7895	15.0	19.0	1.0	9.0	9.0	False	True	True	False	True	True	True
NRP2							1.0	9.0	9.0	False	False	True	False	False	True	True
NRROS							0.6667	6.0	9.0	False	False	True	False	False	True	True
NRXN2							0.8889	8.0	9.0	False	False	True	False	False	True	False
NRXN3							0.1111	1.0	9.0	False	False	False	False	False	True	False
NSA2							1.0	9.0	9.0	False	False	True	False	False	True	True
NSD1							1.0	9.0	9.0	False	False	True	False	False	True	True
NSD2							1.0	9.0	9.0	False	False	True	False	False	True	False
NSD3							1.0	9.0	9.0	False	False	True	False	False	True	False
NSDHL							1.0	9.0	9.0	False	False	True	False	False	True	True
NSF	1.0	23.0	23.0	1.0	19.0	19.0	1.0	9.0	9.0	True	True	True	True	True	True	True
NSFL1C	1.0	23.0	23.0	1.0	19.0	19.0	1.0	9.0	9.0	True	True	True	True	True	True	True
NSL1	1.0	23.0	23.0	1.0	19.0	19.0	0.6667	6.0	9.0	True	True	True	True	True	True	False
NSMAF							1.0	9.0	9.0	False	False	True	False	False	True	True
NSMCE1							1.0	9.0	9.0	False	False	True	False	False	True	True
NSMCE2							1.0	9.0	9.0	False	False	True	False	False	True	True
NSMCE3							1.0	9.0	9.0	False	False	True	False	False	True	False
NSMCE4A							1.0	9.0	9.0	False	False	True	False	False	True	True
NSRP1							1.0	9.0	9.0	False	False	True	False	False	True	False
NSUN2							1.0	9.0	9.0	False	False	True	False	False	True	True
NSUN3							1.0	9.0	9.0	False	False	True	False	False	True	True
NSUN5							1.0	9.0	9.0	False	False	True	False	False	True	True
NSUN6							1.0	9.0	9.0	False	False	True	False	False	True	True
NT5C							1.0	9.0	9.0	False	False	True	False	False	True	True
NT5C1A							1.0	9.0	9.0	False	False	True	False	False	True	False
NT5C2	0.9565	22.0	23.0	0.8421	16.0	19.0	1.0	9.0	9.0	True	True	True	True	True	True	True
NT5C3A	0.8696	20.0	23.0	0.7895	15.0	19.0	1.0	9.0	9.0	True	True	True	True	True	True	True
NT5C3B	0.9565	22.0	23.0	0.8421	16.0	19.0	1.0	9.0	9.0	True	True	True	True	True	True	True
NT5DC1	1.0	23.0	23.0				1.0	9.0	9.0	True	False	True	False	True	True	True
NT5DC2							1.0	9.0	9.0	False	False	True	False	False	True	True
NT5DC3							1.0	9.0	9.0	False	False	True	False	False	True	True
NT5E							1.0	9.0	9.0	False	False	True	False	False	True	True
NT5M							1.0	9.0	9.0	False	False	True	False	False	True	False
NTAN1							1.0	9.0	9.0	False	False	True	False	False	True	True
NTAQ1							1.0	9.0	9.0	False	False	True	False	False	True	False
NTHL1							1.0	9.0	9.0	False	False	True	False	False	True	True
NTM							0.8889	8.0	9.0	False	False	True	False	False	True	False
NTMT1							1.0	9.0	9.0	False	False	True	False	False	True	True
NTN1							1.0	9.0	9.0	False	False	True	False	False	True	True
NTN3							0.3333	3.0	9.0	False	False	False	False	False	False	False
NTN4	1.0	23.0	23.0				1.0	9.0	9.0	True	False	True	False	True	True	True
NTNG2							1.0	9.0	9.0	False	False	True	False	False	True	True
NTPCR				0.6316	12.0	19.0	1.0	9.0	9.0	False	True	True	False	True	True	True
NTRK2							0.6667	6.0	9.0	False	False	True	False	False	True	False
NUAK2							1.0	9.0	9.0	False	False	True	False	False	True	True
NUB1							1.0	9.0	9.0	False	False	True	False	False	True	True
NUBP1				0.8421	16.0	19.0	1.0	9.0	9.0	False	True	True	False	True	True	True
NUBP2							1.0	9.0	9.0	False	False	True	False	False	True	True
NUBPL							1.0	9.0	9.0	False	False	True	False	False	True	True
NUCB1	1.0	23.0	23.0	1.0	19.0	19.0	1.0	9.0	9.0	True	True	True	True	True	True	True
NUCB2	1.0	23.0	23.0	1.0	19.0	19.0	1.0	9.0	9.0	True	True	True	True	True	True	True
NUCKS1	1.0	23.0	23.0	1.0	19.0	19.0	1.0	9.0	9.0	True	True	True	True	True	True	True
NUDC	1.0	23.0	23.0	1.0	19.0	19.0	1.0	9.0	9.0	True	True	True	True	True	True	True
NUDCD1							1.0	9.0	9.0	False	False	True	False	False	True	True
NUDCD2	1.0	23.0	23.0				1.0	9.0	9.0	True	False	True	False	True	True	True
NUDCD3							1.0	9.0	9.0	False	False	True	False	False	True	True
NUDT1							1.0	9.0	9.0	False	False	True	False	False	True	True
NUDT10							1.0	9.0	9.0	False	False	True	False	False	True	False
NUDT12	1.0	23.0	23.0	0.4737	9.0	19.0	1.0	9.0	9.0	True	False	True	False	True	True	True
NUDT13	1.0	23.0	23.0	1.0	19.0	19.0	1.0	9.0	9.0	True	True	True	True	True	True	True
NUDT14							1.0	9.0	9.0	False	False	True	False	False	True	True
NUDT15							1.0	9.0	9.0	False	False	True	False	False	True	False
NUDT16	1.0	23.0	23.0	0.9474	18.0	19.0	1.0	9.0	9.0	True	True	True	True	True	True	True
NUDT16L1							1.0	9.0	9.0	False	False	True	False	False	True	True
NUDT17							1.0	9.0	9.0	False	False	True	False	False	True	False
NUDT18							1.0	9.0	9.0	False	False	True	False	False	True	True
NUDT19	1.0	23.0	23.0	1.0	19.0	19.0	1.0	9.0	9.0	True	True	True	True	True	True	True
NUDT2				1.0	19.0	19.0	1.0	9.0	9.0	False	True	True	False	True	True	True
NUDT21	1.0	23.0	23.0	1.0	19.0	19.0	1.0	9.0	9.0	True	True	True	True	True	True	True
NUDT22							1.0	9.0	9.0	False	False	True	False	False	True	True
NUDT3							1.0	9.0	9.0	False	False	True	False	False	True	False
NUDT4							1.0	9.0	9.0	False	False	True	False	False	True	True
NUDT5	1.0	23.0	23.0	1.0	19.0	19.0	1.0	9.0	9.0	True	True	True	True	True	True	True
NUDT6							1.0	9.0	9.0	False	False	True	False	False	True	True
NUDT7	1.0	23.0	23.0	0.8421	16.0	19.0	1.0	9.0	9.0	True	True	True	True	True	True	True
NUDT8							1.0	9.0	9.0	False	False	True	False	False	True	True
NUDT9	0.5217	12.0	23.0	0.6316	12.0	19.0	1.0	9.0	9.0	True	True	True	True	True	True	True
NUF2							0.7778	7.0	9.0	False	False	True	False	False	True	False
NUFIP1							1.0	9.0	9.0	False	False	True	False	False	True	True
NUFIP2							1.0	9.0	9.0	False	False	True	False	False	True	True
NUMA1	1.0	23.0	23.0	1.0	19.0	19.0	1.0	9.0	9.0	True	True	True	True	True	True	True
NUMB	1.0	23.0	23.0	0.6316	12.0	19.0	1.0	9.0	9.0	True	True	True	True	True	True	True
NUMBL							1.0	9.0	9.0	False	False	True	False	False	True	False
NUP107				0.4737	9.0	19.0	1.0	9.0	9.0	False	False	True	False	False	True	True
NUP133	1.0	23.0	23.0				1.0	9.0	9.0	True	False	True	False	True	True	True
NUP153							1.0	9.0	9.0	False	False	True	False	False	True	True
NUP155	0.8696	20.0	23.0	0.7368	14.0	19.0	1.0	9.0	9.0	True	True	True	True	True	True	True
NUP160							1.0	9.0	9.0	False	False	True	False	False	True	True
NUP188							1.0	9.0	9.0	False	False	True	False	False	True	True
NUP205							1.0	9.0	9.0	False	False	True	False	False	True	True
NUP210	0.5217	12.0	23.0	1.0	19.0	19.0	1.0	9.0	9.0	True	True	True	True	True	True	True
NUP214							1.0	9.0	9.0	False	False	True	False	False	True	True
NUP35							1.0	9.0	9.0	False	False	True	False	False	True	True
NUP37							1.0	9.0	9.0	False	False	True	False	False	True	True
NUP42							1.0	9.0	9.0	False	False	True	False	False	True	False
NUP43							1.0	9.0	9.0	False	False	True	False	False	True	True
NUP50							1.0	9.0	9.0	False	False	True	False	False	True	True
NUP54							1.0	9.0	9.0	False	False	True	False	False	True	True
NUP58							1.0	9.0	9.0	False	False	True	False	False	True	False
NUP62							1.0	9.0	9.0	False	False	True	False	False	True	True
NUP85				0.5263	10.0	19.0	1.0	9.0	9.0	False	True	True	False	True	True	True
NUP88							1.0	9.0	9.0	False	False	True	False	False	True	True
NUP93	1.0	23.0	23.0				1.0	9.0	9.0	True	False	True	False	True	True	True
NUP98	0.6957	16.0	23.0				1.0	9.0	9.0	True	False	True	False	True	True	True
NUPR1							1.0	9.0	9.0	False	False	True	False	False	True	True
NUS1							1.0	9.0	9.0	False	False	True	False	False	True	True
NUSAP1							1.0	9.0	9.0	False	False	True	False	False	True	True
NUTF2	1.0	23.0	23.0	1.0	19.0	19.0	1.0	9.0	9.0	True	True	True	True	True	True	True
NVL							1.0	9.0	9.0	False	False	True	False	False	True	True
NXF1							1.0	9.0	9.0	False	False	True	False	False	True	True
NXN	0.6957	16.0	23.0	0.7895	15.0	19.0	1.0	9.0	9.0	True	True	True	True	True	True	True
NXPE3							0.6667	6.0	9.0	False	False	True	False	False	True	True
NXPE4							0.4444	4.0	9.0	False	False	False	False	False	True	False
NXPH3							0.2222	2.0	9.0	False	False	False	False	False	True	False
NXT1							1.0	9.0	9.0	False	False	True	False	False	True	True
NXT2							1.0	9.0	9.0	False	False	True	False	False	True	True
NYNRIN							1.0	9.0	9.0	False	False	True	False	False	True	False
OAF							1.0	9.0	9.0	False	False	True	False	False	True	True
OARD1							1.0	9.0	9.0	False	False	True	False	False	True	True
OAS1A							1.0	9.0	9.0	False	False	True	False	False	True	False
OAS1G							0.4444	4.0	9.0	False	False	False	False	False	True	False
OAS2				0.7895	15.0	19.0	1.0	9.0	9.0	False	True	True	False	True	True	False
OAS3							1.0	9.0	9.0	False	False	True	False	False	True	False
OASL							1.0	9.0	9.0	False	False	True	False	False	True	True
OASL2							1.0	9.0	9.0	False	False	True	False	False	True	False
OAT	0.9565	22.0	23.0	1.0	19.0	19.0	1.0	9.0	9.0	True	True	True	True	True	True	True
OAZ1							0.7778	7.0	9.0	False	False	True	False	False	True	True
OAZ2							0.7778	7.0	9.0	False	False	True	False	False	True	True
OBI1							1.0	9.0	9.0	False	False	True	False	False	True	False
OBP1A							1.0	9.0	9.0	False	False	True	False	False	False	False
OBP1B							1.0	9.0	9.0	False	False	True	False	False	False	False
OBP2A							1.0	9.0	9.0	False	False	True	False	False	False	False
OBSL1							1.0	9.0	9.0	False	False	True	False	False	True	False
OCIAD1	1.0	23.0	23.0	1.0	19.0	19.0	1.0	9.0	9.0	True	True	True	True	True	True	True
OCIAD2							1.0	9.0	9.0	False	False	True	False	False	True	True
OCLN							1.0	9.0	9.0	False	False	True	False	False	True	True
OCRL							1.0	9.0	9.0	False	False	True	False	False	True	True
ODC1							1.0	9.0	9.0	False	False	True	False	False	True	True
ODF2							1.0	9.0	9.0	False	False	True	False	False	True	True
ODR4	0.9565	22.0	23.0				1.0	9.0	9.0	True	False	True	False	True	True	False
OFD1							1.0	9.0	9.0	False	False	True	False	False	True	True
OGA	0.6957	16.0	23.0	0.8421	16.0	19.0	1.0	9.0	9.0	True	True	True	True	True	True	False
OGDH	1.0	23.0	23.0	1.0	19.0	19.0	1.0	9.0	9.0	True	True	True	True	True	True	True
OGDHL	1.0	23.0	23.0	0.8947	17.0	19.0	1.0	9.0	9.0	True	True	True	True	True	True	True
OGFOD1							1.0	9.0	9.0	False	False	True	False	False	True	True
OGFOD2							1.0	9.0	9.0	False	False	True	False	False	True	True
OGFOD3							1.0	9.0	9.0	False	False	True	False	False	True	True
OGFR							1.0	9.0	9.0	False	False	True	False	False	True	True
OGFRL1							1.0	9.0	9.0	False	False	True	False	False	True	True
OGG1							1.0	9.0	9.0	False	False	True	False	False	True	True
OGN	1.0	23.0	23.0	0.9474	18.0	19.0	1.0	9.0	9.0	True	True	True	True	True	True	True
OGT							1.0	9.0	9.0	False	False	True	False	False	True	True
OIT3							0.7778	7.0	9.0	False	False	True	False	False	True	False
OLA1	1.0	23.0	23.0	1.0	19.0	19.0	1.0	9.0	9.0	True	True	True	True	True	True	True
OLFM1							1.0	9.0	9.0	False	False	True	False	False	True	True
OLFM3							0.4444	4.0	9.0	False	False	False	False	False	True	False
OLFM4							1.0	9.0	9.0	False	False	True	False	False	True	True
OLFML1	1.0	23.0	23.0	1.0	19.0	19.0	0.5556	5.0	9.0	True	True	True	True	True	True	True
OLFML2B							0.7778	7.0	9.0	False	False	True	False	False	True	True
OLFML3	1.0	23.0	23.0	1.0	19.0	19.0	1.0	9.0	9.0	True	True	True	True	True	True	True
OMA1							1.0	9.0	9.0	False	False	True	False	False	True	True
OMD							0.2222	2.0	9.0	False	False	False	False	False	True	True
OPA1	1.0	23.0	23.0	1.0	19.0	19.0	1.0	9.0	9.0	True	True	True	True	True	True	True
OPA3	0.6957	16.0	23.0				1.0	9.0	9.0	True	False	True	False	True	True	True
OPHN1							1.0	9.0	9.0	False	False	True	False	False	True	False
OPLAH	1.0	23.0	23.0	1.0	19.0	19.0	1.0	9.0	9.0	True	True	True	True	True	True	True
OPTN	1.0	23.0	23.0	1.0	19.0	19.0	1.0	9.0	9.0	True	True	True	True	True	True	True
OR14C41							0.6667	6.0	9.0	False	False	True	False	False	False	False
OR4A80							1.0	9.0	9.0	False	False	True	False	False	False	False
OR4C118							0.7778	7.0	9.0	False	False	True	False	False	False	False
OR51B4							1.0	9.0	9.0	False	False	True	False	False	False	False
OR5B105							0.2222	2.0	9.0	False	False	False	False	False	False	False
OR8G21							0.6667	6.0	9.0	False	False	True	False	False	False	False
ORAI1							1.0	9.0	9.0	False	False	True	False	False	True	True
ORAI2							1.0	9.0	9.0	False	False	True	False	False	True	True
ORAI3							0.8889	8.0	9.0	False	False	True	False	False	True	True
ORC1							0.7778	7.0	9.0	False	False	True	False	False	True	False
ORC2							1.0	9.0	9.0	False	False	True	False	False	True	True
ORC3							1.0	9.0	9.0	False	False	True	False	False	True	True
ORC4							1.0	9.0	9.0	False	False	True	False	False	True	True
ORC5							1.0	9.0	9.0	False	False	True	False	False	True	True
ORC6							1.0	9.0	9.0	False	False	True	False	False	True	False
ORM1							1.0	9.0	9.0	False	False	True	False	False	True	False
ORM2	1.0	23.0	23.0	1.0	19.0	19.0	1.0	9.0	9.0	True	True	True	True	True	True	False
ORM3							0.6667	6.0	9.0	False	False	True	False	False	True	False
ORMDL1							0.8889	8.0	9.0	False	False	True	False	False	True	True
OS9							1.0	9.0	9.0	False	False	True	False	False	True	True
OSBP	1.0	23.0	23.0	1.0	19.0	19.0	1.0	9.0	9.0	True	True	True	True	True	True	True
OSBP2							1.0	9.0	9.0	False	False	True	False	False	True	True
OSBPL10							1.0	9.0	9.0	False	False	True	False	False	True	True
OSBPL11							1.0	9.0	9.0	False	False	True	False	False	True	True
OSBPL1A	1.0	23.0	23.0	0.8421	16.0	19.0	1.0	9.0	9.0	True	True	True	True	True	True	True
OSBPL2	1.0	23.0	23.0				1.0	9.0	9.0	True	False	True	False	True	True	True
OSBPL3							1.0	9.0	9.0	False	False	True	False	False	True	True
OSBPL5							1.0	9.0	9.0	False	False	True	False	False	True	True
OSBPL6							1.0	9.0	9.0	False	False	True	False	False	True	True
OSBPL7							1.0	9.0	9.0	False	False	True	False	False	True	True
OSBPL8	1.0	23.0	23.0	0.8421	16.0	19.0	1.0	9.0	9.0	True	True	True	True	True	True	True
OSBPL9							1.0	9.0	9.0	False	False	True	False	False	True	True
OSCP1							1.0	9.0	9.0	False	False	True	False	False	True	True
OSER1							0.6667	6.0	9.0	False	False	True	False	False	True	True
OSGEP	1.0	23.0	23.0	0.6842	13.0	19.0	1.0	9.0	9.0	True	True	True	True	True	True	True
OSGEPL1							1.0	9.0	9.0	False	False	True	False	False	True	True
OSGIN1							0.8889	8.0	9.0	False	False	True	False	False	True	True
OSMR							1.0	9.0	9.0	False	False	True	False	False	True	True
OSTC							1.0	9.0	9.0	False	False	True	False	False	True	True
OSTF1	1.0	23.0	23.0	1.0	19.0	19.0	1.0	9.0	9.0	True	True	True	True	True	True	True
OSTM1							1.0	9.0	9.0	False	False	True	False	False	True	True
OTUB1	1.0	23.0	23.0	1.0	19.0	19.0	1.0	9.0	9.0	True	True	True	True	True	True	True
OTUB2							1.0	9.0	9.0	False	False	True	False	False	True	False
OTUD1							1.0	9.0	9.0	False	False	True	False	False	True	True
OTUD3							1.0	9.0	9.0	False	False	True	False	False	True	True
OTUD4							1.0	9.0	9.0	False	False	True	False	False	True	True
OTUD5							1.0	9.0	9.0	False	False	True	False	False	True	True
OTUD6B							1.0	9.0	9.0	False	False	True	False	False	True	True
OTUD7B							1.0	9.0	9.0	False	False	True	False	False	True	True
OTULIN							1.0	9.0	9.0	False	False	True	False	False	True	True
OTULINL							1.0	9.0	9.0	False	False	True	False	False	True	False
OVCA2							1.0	9.0	9.0	False	False	True	False	False	True	True
OVOL2							0.4444	4.0	9.0	False	False	False	False	False	True	False
OXA1L	1.0	23.0	23.0				1.0	9.0	9.0	True	False	True	False	True	True	True
OXCT1	1.0	23.0	23.0	1.0	19.0	19.0	1.0	9.0	9.0	True	True	True	True	True	True	True
OXLD1							1.0	9.0	9.0	False	False	True	False	False	True	True
OXNAD1	0.8696	20.0	23.0				1.0	9.0	9.0	True	False	True	False	True	True	True
OXR1							1.0	9.0	9.0	False	False	True	False	False	True	True
OXSM	1.0	23.0	23.0	1.0	19.0	19.0	1.0	9.0	9.0	True	True	True	True	True	True	True
OXSR1	1.0	23.0	23.0	0.9474	18.0	19.0	1.0	9.0	9.0	True	True	True	True	True	True	True
P2RX1							1.0	9.0	9.0	False	False	True	False	False	True	False
P2RX4							1.0	9.0	9.0	False	False	True	False	False	True	True
P2RX5							1.0	9.0	9.0	False	False	True	False	False	True	True
P2RX7							1.0	9.0	9.0	False	False	True	False	False	True	False
P2RY1							0.8889	8.0	9.0	False	False	True	False	False	True	True
P2RY12							0.7778	7.0	9.0	False	False	True	False	False	True	False
P2RY13							0.4444	4.0	9.0	False	False	False	False	False	True	False
P2RY14							0.8889	8.0	9.0	False	False	True	False	False	True	False
P2RY2							1.0	9.0	9.0	False	False	True	False	False	True	True
P2RY6							0.7778	7.0	9.0	False	False	True	False	False	True	True
P33MONOX							1.0	9.0	9.0	False	False	True	False	False	False	False
P3H1							1.0	9.0	9.0	False	False	True	False	False	True	False
P3H2							1.0	9.0	9.0	False	False	True	False	False	True	False
P3H3							1.0	9.0	9.0	False	False	True	False	False	True	False
P3H4							1.0	9.0	9.0	False	False	True	False	False	True	False
P4HA1	1.0	23.0	23.0	1.0	19.0	19.0	1.0	9.0	9.0	True	True	True	True	True	True	True
P4HA2							1.0	9.0	9.0	False	False	True	False	False	True	True
P4HB	1.0	23.0	23.0	1.0	19.0	19.0	1.0	9.0	9.0	True	True	True	True	True	True	True
P4HTM							1.0	9.0	9.0	False	False	True	False	False	True	False
PA2G4	1.0	23.0	23.0	1.0	19.0	19.0	1.0	9.0	9.0	True	True	True	True	True	True	True
PAAT							1.0	9.0	9.0	False	False	True	False	False	False	False
PABIR1							1.0	9.0	9.0	False	False	True	False	False	True	False
PABPC1	1.0	23.0	23.0	1.0	19.0	19.0	1.0	9.0	9.0	True	True	True	True	True	True	True
PABPC4	1.0	23.0	23.0	1.0	19.0	19.0	1.0	9.0	9.0	True	True	True	True	True	True	True
PABPN1	0.5217	12.0	23.0	1.0	19.0	19.0	1.0	9.0	9.0	True	True	True	True	True	True	True
PACC1							1.0	9.0	9.0	False	False	True	False	False	True	False
PACRGL							1.0	9.0	9.0	False	False	True	False	False	True	False
PACS1							1.0	9.0	9.0	False	False	True	False	False	True	True
PACS2							1.0	9.0	9.0	False	False	True	False	False	True	True
PACSIN1							1.0	9.0	9.0	False	False	True	False	False	True	False
PACSIN2	1.0	23.0	23.0	1.0	19.0	19.0	1.0	9.0	9.0	True	True	True	True	True	True	True
PACSIN3	0.7391	17.0	23.0	1.0	19.0	19.0	1.0	9.0	9.0	True	True	True	True	True	True	True
PADI2	0.6522	15.0	23.0				1.0	9.0	9.0	True	False	True	False	True	True	False
PADI4							0.6667	6.0	9.0	False	False	True	False	False	False	False
PAF1							1.0	9.0	9.0	False	False	True	False	False	True	True
PAFAH1B1	1.0	23.0	23.0	1.0	19.0	19.0	1.0	9.0	9.0	True	True	True	True	True	True	True
PAFAH1B2	1.0	23.0	23.0	1.0	19.0	19.0	1.0	9.0	9.0	True	True	True	True	True	True	True
PAFAH1B3				1.0	19.0	19.0	1.0	9.0	9.0	False	True	True	False	True	True	True
PAFAH2	1.0	23.0	23.0				1.0	9.0	9.0	True	False	True	False	True	True	True
PAG1							1.0	9.0	9.0	False	False	True	False	False	True	True
PAGR1A							1.0	9.0	9.0	False	False	True	False	False	True	False
PAH	1.0	23.0	23.0	1.0	19.0	19.0	1.0	9.0	9.0	True	True	True	True	True	True	True
PAICS							1.0	9.0	9.0	False	False	True	False	False	True	True
PAIP1							1.0	9.0	9.0	False	False	True	False	False	True	True
PAIP2							1.0	9.0	9.0	False	False	True	False	False	True	True
PAIP2B							1.0	9.0	9.0	False	False	True	False	False	True	True
PAK1							1.0	9.0	9.0	False	False	True	False	False	True	True
PAK1IP1							1.0	9.0	9.0	False	False	True	False	False	True	True
PAK2	1.0	23.0	23.0	1.0	19.0	19.0	1.0	9.0	9.0	True	True	True	True	True	True	True
PAK4							1.0	9.0	9.0	False	False	True	False	False	True	True
PAK6							1.0	9.0	9.0	False	False	True	False	False	True	True
PALD1							1.0	9.0	9.0	False	False	True	False	False	True	True
PALLD	1.0	23.0	23.0	1.0	19.0	19.0	1.0	9.0	9.0	True	True	True	True	True	True	True
PALM	1.0	23.0	23.0	0.8421	16.0	19.0	1.0	9.0	9.0	True	True	True	True	True	True	True
PALM2AKAP2	1.0	23.0	23.0	1.0	19.0	19.0	1.0	9.0	9.0	True	True	True	True	True	True	False
PALM3	1.0	23.0	23.0	1.0	19.0	19.0	1.0	9.0	9.0	True	True	True	True	True	True	True
PALMD							1.0	9.0	9.0	False	False	True	False	False	True	False
PALS1	1.0	23.0	23.0	0.8421	16.0	19.0	1.0	9.0	9.0	True	True	True	True	True	True	False
PALS2							1.0	9.0	9.0	False	False	True	False	False	True	False
PAM							1.0	9.0	9.0	False	False	True	False	False	True	True
PAM16				0.4737	9.0	19.0	1.0	9.0	9.0	False	False	True	False	False	True	True
PAMR1							1.0	9.0	9.0	False	False	True	False	False	True	True
PAN2							1.0	9.0	9.0	False	False	True	False	False	True	True
PAN3							1.0	9.0	9.0	False	False	True	False	False	True	True
PANK1							1.0	9.0	9.0	False	False	True	False	False	True	True
PANK2							1.0	9.0	9.0	False	False	True	False	False	True	False
PANK3							1.0	9.0	9.0	False	False	True	False	False	True	True
PANK4							1.0	9.0	9.0	False	False	True	False	False	True	True
PANX1							0.8889	8.0	9.0	False	False	True	False	False	True	False
PAOX	1.0	23.0	23.0	0.9474	18.0	19.0	1.0	9.0	9.0	True	True	True	True	True	True	True
PAPLN	0.9565	22.0	23.0				1.0	9.0	9.0	True	False	True	False	True	True	False
PAPOLA							1.0	9.0	9.0	False	False	True	False	False	True	True
PAPOLG							1.0	9.0	9.0	False	False	True	False	False	True	True
PAPPA							1.0	9.0	9.0	False	False	True	False	False	True	True
PAPPA2							0.7778	7.0	9.0	False	False	True	False	False	True	False
PAPSS1	1.0	23.0	23.0	1.0	19.0	19.0	1.0	9.0	9.0	True	True	True	True	True	True	True
PAPSS2	1.0	23.0	23.0	1.0	19.0	19.0	1.0	9.0	9.0	True	True	True	True	True	True	True
PAQR3							0.7778	7.0	9.0	False	False	True	False	False	True	False
PAQR4							1.0	9.0	9.0	False	False	True	False	False	True	True
PAQR5							1.0	9.0	9.0	False	False	True	False	False	True	True
PAQR7							0.7778	7.0	9.0	False	False	True	False	False	True	False
PAQR9							1.0	9.0	9.0	False	False	True	False	False	True	False
PARD3							1.0	9.0	9.0	False	False	True	False	False	True	True
PARD3B							1.0	9.0	9.0	False	False	True	False	False	True	True
PARD6B							1.0	9.0	9.0	False	False	True	False	False	True	True
PARD6G							1.0	9.0	9.0	False	False	True	False	False	True	False
PARG							1.0	9.0	9.0	False	False	True	False	False	True	True
PARK7	1.0	23.0	23.0	1.0	19.0	19.0	1.0	9.0	9.0	True	True	True	True	True	True	True
PARL	0.6957	16.0	23.0				1.0	9.0	9.0	True	False	True	False	True	True	True
PARM1							1.0	9.0	9.0	False	False	True	False	False	True	True
PARN							1.0	9.0	9.0	False	False	True	False	False	True	True
PARP1	1.0	23.0	23.0	1.0	19.0	19.0	1.0	9.0	9.0	True	True	True	True	True	True	True
PARP10							1.0	9.0	9.0	False	False	True	False	False	True	False
PARP12							1.0	9.0	9.0	False	False	True	False	False	True	True
PARP14							1.0	9.0	9.0	False	False	True	False	False	True	True
PARP16							1.0	9.0	9.0	False	False	True	False	False	True	True
PARP2							1.0	9.0	9.0	False	False	True	False	False	True	True
PARP3							1.0	9.0	9.0	False	False	True	False	False	True	True
PARP4							1.0	9.0	9.0	False	False	True	False	False	True	True
PARP8							1.0	9.0	9.0	False	False	True	False	False	True	True
PARP9							1.0	9.0	9.0	False	False	True	False	False	True	True
PARS2				0.5263	10.0	19.0	1.0	9.0	9.0	False	True	True	False	True	True	True
PARVA	1.0	23.0	23.0	1.0	19.0	19.0	1.0	9.0	9.0	True	True	True	True	True	True	True
PARVB							1.0	9.0	9.0	False	False	True	False	False	True	True
PARVG							1.0	9.0	9.0	False	False	True	False	False	True	True
PASK							0.6667	6.0	9.0	False	False	True	False	False	True	False
PATE4							0.2222	2.0	9.0	False	False	False	False	False	False	False
PATJ	0.9565	22.0	23.0	0.7895	15.0	19.0	1.0	9.0	9.0	True	True	True	True	True	True	False
PATL1							1.0	9.0	9.0	False	False	True	False	False	True	True
PATZ1							1.0	9.0	9.0	False	False	True	False	False	True	True
PAWR	1.0	23.0	23.0	0.9474	18.0	19.0	1.0	9.0	9.0	True	True	True	True	True	True	True
PAX2							1.0	9.0	9.0	False	False	True	False	False	True	True
PAX8							1.0	9.0	9.0	False	False	True	False	False	True	True
PAXBP1							1.0	9.0	9.0	False	False	True	False	False	True	True
PAXIP1							1.0	9.0	9.0	False	False	True	False	False	True	True
PAXX							1.0	9.0	9.0	False	False	True	False	False	True	False
PBDC1	0.8261	19.0	23.0				1.0	9.0	9.0	True	False	True	False	True	True	True
PBK							1.0	9.0	9.0	False	False	True	False	False	True	False
PBLD	1.0	23.0	23.0	1.0	19.0	19.0				True	True	False	False	False	True	False
PBLD1							1.0	9.0	9.0	False	False	True	False	False	True	False
PBLD2							1.0	9.0	9.0	False	False	True	False	False	True	False
PBRM1							1.0	9.0	9.0	False	False	True	False	False	True	True
PBX1							1.0	9.0	9.0	False	False	True	False	False	True	True
PBX2							1.0	9.0	9.0	False	False	True	False	False	True	True
PBX3							1.0	9.0	9.0	False	False	True	False	False	True	True
PBXIP1							1.0	9.0	9.0	False	False	True	False	False	True	True
PC	1.0	23.0	23.0	1.0	19.0	19.0	1.0	9.0	9.0	True	True	True	True	True	True	True
PCBD1	1.0	23.0	23.0	0.9474	18.0	19.0	1.0	9.0	9.0	True	True	True	True	True	True	True
PCBD2							1.0	9.0	9.0	False	False	True	False	False	True	True
PCBP1	1.0	23.0	23.0	1.0	19.0	19.0	1.0	9.0	9.0	True	True	True	True	True	True	True
PCBP2	1.0	23.0	23.0	1.0	19.0	19.0	1.0	9.0	9.0	True	True	True	True	True	True	True
PCBP3							1.0	9.0	9.0	False	False	True	False	False	True	False
PCBP4							1.0	9.0	9.0	False	False	True	False	False	True	True
PCCA	1.0	23.0	23.0	1.0	19.0	19.0	1.0	9.0	9.0	True	True	True	True	True	True	True
PCCB	0.9565	22.0	23.0	1.0	19.0	19.0	1.0	9.0	9.0	True	True	True	True	True	True	True
PCDH1				1.0	19.0	19.0	1.0	9.0	9.0	False	True	True	False	True	True	True
PCDH12							1.0	9.0	9.0	False	False	True	False	False	True	True
PCDH17							1.0	9.0	9.0	False	False	True	False	False	True	True
PCDH18							1.0	9.0	9.0	False	False	True	False	False	True	True
PCDH7							1.0	9.0	9.0	False	False	True	False	False	True	True
PCDH8							0.6667	6.0	9.0	False	False	True	False	False	True	False
PCDH9							0.7778	7.0	9.0	False	False	True	False	False	True	False
PCDHB13							0.4444	4.0	9.0	False	False	False	False	False	False	False
PCDHB14							0.6667	6.0	9.0	False	False	True	False	False	True	False
PCDHB16							0.1111	1.0	9.0	False	False	False	False	False	True	False
PCDHGA1							0.2222	2.0	9.0	False	False	False	False	False	True	False
PCDHGA10							1.0	9.0	9.0	False	False	True	False	False	True	False
PCDHGA2							0.6667	6.0	9.0	False	False	True	False	False	True	False
PCDHGA5							1.0	9.0	9.0	False	False	True	False	False	True	False
PCDHGA6							1.0	9.0	9.0	False	False	True	False	False	True	False
PCDHGA7							0.5556	5.0	9.0	False	False	True	False	False	True	False
PCDHGB2							0.6667	6.0	9.0	False	False	True	False	False	True	False
PCDHGB5							0.3333	3.0	9.0	False	False	False	False	False	True	False
PCDHGB6							1.0	9.0	9.0	False	False	True	False	False	True	False
PCDHGB7							0.8889	8.0	9.0	False	False	True	False	False	True	False
PCDHGC3							1.0	9.0	9.0	False	False	True	False	False	True	False
PCED1B							0.6667	6.0	9.0	False	False	True	False	False	True	True
PCF11							1.0	9.0	9.0	False	False	True	False	False	True	True
PCGF1							1.0	9.0	9.0	False	False	True	False	False	True	True
PCGF2							1.0	9.0	9.0	False	False	True	False	False	True	True
PCGF3							1.0	9.0	9.0	False	False	True	False	False	True	True
PCGF5							1.0	9.0	9.0	False	False	True	False	False	True	True
PCGF6							1.0	9.0	9.0	False	False	True	False	False	True	True
PCID2							1.0	9.0	9.0	False	False	True	False	False	True	True
PCIF1							1.0	9.0	9.0	False	False	True	False	False	True	True
PCK1	1.0	23.0	23.0	0.8421	16.0	19.0	1.0	9.0	9.0	True	True	True	True	True	True	True
PCK2	0.9565	22.0	23.0	1.0	19.0	19.0	1.0	9.0	9.0	True	True	True	True	True	True	True
PCLAF							0.8889	8.0	9.0	False	False	True	False	False	True	False
PCLO							1.0	9.0	9.0	False	False	True	False	False	True	False
PCM1							1.0	9.0	9.0	False	False	True	False	False	True	True
PCMT1	1.0	23.0	23.0	1.0	19.0	19.0	1.0	9.0	9.0	True	True	True	True	True	True	True
PCMTD1							1.0	9.0	9.0	False	False	True	False	False	True	True
PCMTD2							1.0	9.0	9.0	False	False	True	False	False	True	True
PCNA	1.0	23.0	23.0	0.7895	15.0	19.0	1.0	9.0	9.0	True	True	True	True	True	True	True
PCNP	0.8261	19.0	23.0	0.6842	13.0	19.0	1.0	9.0	9.0	True	True	True	True	True	True	True
PCNT							1.0	9.0	9.0	False	False	True	False	False	True	True
PCNX1							1.0	9.0	9.0	False	False	True	False	False	True	False
PCNX3							1.0	9.0	9.0	False	False	True	False	False	True	False
PCOLCE	0.8261	19.0	23.0	1.0	19.0	19.0	1.0	9.0	9.0	True	True	True	True	True	True	True
PCP4							0.6667	6.0	9.0	False	False	True	False	False	True	False
PCP4L1							1.0	9.0	9.0	False	False	True	False	False	True	True
PCSK1							0.3333	3.0	9.0	False	False	False	False	False	False	False
PCSK1N							1.0	9.0	9.0	False	False	True	False	False	True	False
PCSK5							1.0	9.0	9.0	False	False	True	False	False	True	True
PCSK6							1.0	9.0	9.0	False	False	True	False	False	True	True
PCSK7							1.0	9.0	9.0	False	False	True	False	False	True	True
PCSK9							1.0	9.0	9.0	False	False	True	False	False	True	False
PCTP							1.0	9.0	9.0	False	False	True	False	False	True	True
PCYOX1							1.0	9.0	9.0	False	False	True	False	False	True	False
PCYOX1L							1.0	9.0	9.0	False	False	True	False	False	True	True
PCYT1A				0.9474	18.0	19.0	1.0	9.0	9.0	False	True	True	False	True	True	True
PCYT2	1.0	23.0	23.0	1.0	19.0	19.0	1.0	9.0	9.0	True	True	True	True	True	True	True
PDAP1	1.0	23.0	23.0	1.0	19.0	19.0	1.0	9.0	9.0	True	True	True	True	True	True	True
PDCD1							0.5556	5.0	9.0	False	False	True	False	False	True	False
PDCD10	1.0	23.0	23.0	1.0	19.0	19.0	1.0	9.0	9.0	True	True	True	True	True	True	True
PDCD11							1.0	9.0	9.0	False	False	True	False	False	True	True
PDCD2							1.0	9.0	9.0	False	False	True	False	False	True	False
PDCD2L							1.0	9.0	9.0	False	False	True	False	False	True	True
PDCD4	1.0	23.0	23.0	1.0	19.0	19.0	1.0	9.0	9.0	True	True	True	True	True	True	True
PDCD5	1.0	23.0	23.0	1.0	19.0	19.0	1.0	9.0	9.0	True	True	True	True	True	True	True
PDCD6	1.0	23.0	23.0	1.0	19.0	19.0	1.0	9.0	9.0	True	True	True	True	True	True	True
PDCD6IP	1.0	23.0	23.0	1.0	19.0	19.0	1.0	9.0	9.0	True	True	True	True	True	True	True
PDCD7							1.0	9.0	9.0	False	False	True	False	False	True	True
PDCL							1.0	9.0	9.0	False	False	True	False	False	True	True
PDCL3	0.8696	20.0	23.0	0.8421	16.0	19.0	1.0	9.0	9.0	True	True	True	True	True	True	True
PDE10A							1.0	9.0	9.0	False	False	True	False	False	True	False
PDE12	1.0	23.0	23.0				1.0	9.0	9.0	True	False	True	False	True	True	True
PDE1A							1.0	9.0	9.0	False	False	True	False	False	True	True
PDE1B							1.0	9.0	9.0	False	False	True	False	False	True	False
PDE1C							1.0	9.0	9.0	False	False	True	False	False	True	False
PDE2A							1.0	9.0	9.0	False	False	True	False	False	True	True
PDE3A							1.0	9.0	9.0	False	False	True	False	False	True	True
PDE3B							1.0	9.0	9.0	False	False	True	False	False	True	True
PDE4A							1.0	9.0	9.0	False	False	True	False	False	True	True
PDE4B							0.8889	8.0	9.0	False	False	True	False	False	True	True
PDE4C							1.0	9.0	9.0	False	False	True	False	False	True	True
PDE4D							1.0	9.0	9.0	False	False	True	False	False	True	True
PDE4DIP							1.0	9.0	9.0	False	False	True	False	False	True	False
PDE5A							1.0	9.0	9.0	False	False	True	False	False	True	True
PDE6D	1.0	23.0	23.0				1.0	9.0	9.0	True	False	True	False	True	True	True
PDE7A							1.0	9.0	9.0	False	False	True	False	False	True	True
PDE7B							1.0	9.0	9.0	False	False	True	False	False	True	False
PDE8A							1.0	9.0	9.0	False	False	True	False	False	True	True
PDE8B							1.0	9.0	9.0	False	False	True	False	False	True	True
PDE9A							1.0	9.0	9.0	False	False	True	False	False	True	True
PDF							1.0	9.0	9.0	False	False	True	False	False	True	False
PDGFA							1.0	9.0	9.0	False	False	True	False	False	True	True
PDGFB							1.0	9.0	9.0	False	False	True	False	False	True	True
PDGFC							1.0	9.0	9.0	False	False	True	False	False	True	True
PDGFD							1.0	9.0	9.0	False	False	True	False	False	True	True
PDGFRA							1.0	9.0	9.0	False	False	True	False	False	True	True
PDGFRB	1.0	23.0	23.0	1.0	19.0	19.0	1.0	9.0	9.0	True	True	True	True	True	True	True
PDHA1	1.0	23.0	23.0	1.0	19.0	19.0	1.0	9.0	9.0	True	True	True	True	True	True	True
PDHB	1.0	23.0	23.0	1.0	19.0	19.0	1.0	9.0	9.0	True	True	True	True	True	True	True
PDHX	1.0	23.0	23.0	1.0	19.0	19.0	1.0	9.0	9.0	True	True	True	True	True	True	True
PDIA3	1.0	23.0	23.0	1.0	19.0	19.0	1.0	9.0	9.0	True	True	True	True	True	True	True
PDIA4	1.0	23.0	23.0	1.0	19.0	19.0	1.0	9.0	9.0	True	True	True	True	True	True	True
PDIA5	0.8261	19.0	23.0	0.8421	16.0	19.0	1.0	9.0	9.0	True	True	True	True	True	True	True
PDIA6	1.0	23.0	23.0	1.0	19.0	19.0	1.0	9.0	9.0	True	True	True	True	True	True	True
PDIK1L							1.0	9.0	9.0	False	False	True	False	False	True	True
PDK1	0.5652	13.0	23.0				1.0	9.0	9.0	True	False	True	False	True	True	True
PDK2							1.0	9.0	9.0	False	False	True	False	False	True	True
PDK3	1.0	23.0	23.0	1.0	19.0	19.0	1.0	9.0	9.0	True	True	True	True	True	True	True
PDK4							1.0	9.0	9.0	False	False	True	False	False	True	True
PDLIM1	1.0	23.0	23.0	1.0	19.0	19.0	1.0	9.0	9.0	True	True	True	True	True	True	True
PDLIM2	1.0	23.0	23.0	1.0	19.0	19.0	1.0	9.0	9.0	True	True	True	True	True	True	True
PDLIM3				0.4211	8.0	19.0	1.0	9.0	9.0	False	False	True	False	False	True	True
PDLIM4				1.0	19.0	19.0	1.0	9.0	9.0	False	True	True	False	True	True	True
PDLIM5	1.0	23.0	23.0	1.0	19.0	19.0	1.0	9.0	9.0	True	True	True	True	True	True	True
PDLIM7	1.0	23.0	23.0	1.0	19.0	19.0	1.0	9.0	9.0	True	True	True	True	True	True	True
PDP1	0.8696	20.0	23.0				1.0	9.0	9.0	True	False	True	False	True	True	True
PDP2							1.0	9.0	9.0	False	False	True	False	False	True	True
PDPK1							1.0	9.0	9.0	False	False	True	False	False	True	True
PDPN							1.0	9.0	9.0	False	False	True	False	False	True	True
PDPR	1.0	23.0	23.0	1.0	19.0	19.0	1.0	9.0	9.0	True	True	True	True	True	True	True
PDRG1							1.0	9.0	9.0	False	False	True	False	False	True	True
PDS5A							1.0	9.0	9.0	False	False	True	False	False	True	True
PDS5B				1.0	19.0	19.0	1.0	9.0	9.0	False	True	True	False	True	True	True
PDSS1							1.0	9.0	9.0	False	False	True	False	False	True	True
PDSS2							1.0	9.0	9.0	False	False	True	False	False	True	True
PDXDC1	1.0	23.0	23.0	0.8947	17.0	19.0	1.0	9.0	9.0	True	True	True	True	True	True	True
PDXK	1.0	23.0	23.0	1.0	19.0	19.0	1.0	9.0	9.0	True	True	True	True	True	True	True
PDXP							1.0	9.0	9.0	False	False	True	False	False	False	False
PDZD11							1.0	9.0	9.0	False	False	True	False	False	True	True
PDZD2							1.0	9.0	9.0	False	False	True	False	False	True	True
PDZD8	0.7826	18.0	23.0				1.0	9.0	9.0	True	False	True	False	True	True	True
PDZK1	1.0	23.0	23.0	1.0	19.0	19.0	1.0	9.0	9.0	True	True	True	True	True	True	True
PDZK1IP1	1.0	23.0	23.0				1.0	9.0	9.0	True	False	True	False	True	True	True
PDZRN3							1.0	9.0	9.0	False	False	True	False	False	True	True
PEA15	1.0	23.0	23.0	1.0	19.0	19.0	1.0	9.0	9.0	True	True	True	True	True	True	True
PEAK1							1.0	9.0	9.0	False	False	True	False	False	True	True
PEAR1							1.0	9.0	9.0	False	False	True	False	False	True	True
PEBP1	1.0	23.0	23.0	1.0	19.0	19.0	1.0	9.0	9.0	True	True	True	True	True	True	True
PECAM1	1.0	23.0	23.0	1.0	19.0	19.0	1.0	9.0	9.0	True	True	True	True	True	True	True
PECR	0.8696	20.0	23.0				1.0	9.0	9.0	True	False	True	False	True	True	True
PEDS1							1.0	9.0	9.0	False	False	True	False	False	True	False
PEF1							1.0	9.0	9.0	False	False	True	False	False	True	True
PEG12							0.7778	7.0	9.0	False	False	True	False	False	False	False
PEG3							1.0	9.0	9.0	False	False	True	False	False	True	True
PELI1							1.0	9.0	9.0	False	False	True	False	False	True	True
PELI2							1.0	9.0	9.0	False	False	True	False	False	True	True
PELO				0.5263	10.0	19.0	1.0	9.0	9.0	False	True	True	False	True	True	True
PELP1							1.0	9.0	9.0	False	False	True	False	False	True	True
PEPD	1.0	23.0	23.0	1.0	19.0	19.0	1.0	9.0	9.0	True	True	True	True	True	True	True
PER1							1.0	9.0	9.0	False	False	True	False	False	True	True
PER2							1.0	9.0	9.0	False	False	True	False	False	True	True
PER3							1.0	9.0	9.0	False	False	True	False	False	True	True
PERM1							0.3333	3.0	9.0	False	False	False	False	False	True	False
PES1							1.0	9.0	9.0	False	False	True	False	False	True	True
PET100							1.0	9.0	9.0	False	False	True	False	False	True	True
PET117							1.0	9.0	9.0	False	False	True	False	False	True	False
PEX1							1.0	9.0	9.0	False	False	True	False	False	True	True
PEX10							1.0	9.0	9.0	False	False	True	False	False	True	True
PEX11A							1.0	9.0	9.0	False	False	True	False	False	True	True
PEX11B	0.8696	20.0	23.0				1.0	9.0	9.0	True	False	True	False	True	True	True
PEX11G	0.9565	22.0	23.0	0.5263	10.0	19.0	1.0	9.0	9.0	True	True	True	True	True	True	True
PEX12							1.0	9.0	9.0	False	False	True	False	False	True	True
PEX13							1.0	9.0	9.0	False	False	True	False	False	True	True
PEX14	1.0	23.0	23.0	0.7895	15.0	19.0	1.0	9.0	9.0	True	True	True	True	True	True	True
PEX16							1.0	9.0	9.0	False	False	True	False	False	True	True
PEX19	1.0	23.0	23.0	0.8421	16.0	19.0	1.0	9.0	9.0	True	True	True	True	True	True	True
PEX2							1.0	9.0	9.0	False	False	True	False	False	True	True
PEX26							1.0	9.0	9.0	False	False	True	False	False	True	True
PEX3							1.0	9.0	9.0	False	False	True	False	False	True	True
PEX39							1.0	9.0	9.0	False	False	True	False	False	False	False
PEX5	1.0	23.0	23.0	0.8421	16.0	19.0	1.0	9.0	9.0	True	True	True	True	True	True	True
PEX6							1.0	9.0	9.0	False	False	True	False	False	True	True
PEX7							1.0	9.0	9.0	False	False	True	False	False	True	True
PF4							1.0	9.0	9.0	False	False	True	False	False	True	False
PFAS	1.0	23.0	23.0	1.0	19.0	19.0	1.0	9.0	9.0	True	True	True	True	True	True	True
PFDN1	1.0	23.0	23.0	1.0	19.0	19.0	1.0	9.0	9.0	True	True	True	True	True	True	True
PFDN2	1.0	23.0	23.0	1.0	19.0	19.0	1.0	9.0	9.0	True	True	True	True	True	True	True
PFDN4							1.0	9.0	9.0	False	False	True	False	False	True	True
PFDN5	1.0	23.0	23.0	1.0	19.0	19.0	1.0	9.0	9.0	True	True	True	True	True	True	True
PFDN6							1.0	9.0	9.0	False	False	True	False	False	True	True
PFKFB1							1.0	9.0	9.0	False	False	True	False	False	True	False
PFKFB2							1.0	9.0	9.0	False	False	True	False	False	True	True
PFKFB3							1.0	9.0	9.0	False	False	True	False	False	True	True
PFKFB4							1.0	9.0	9.0	False	False	True	False	False	True	True
PFKL	1.0	23.0	23.0	1.0	19.0	19.0	1.0	9.0	9.0	True	True	True	True	True	True	True
PFKM	1.0	23.0	23.0	1.0	19.0	19.0	1.0	9.0	9.0	True	True	True	True	True	True	True
PFKP	1.0	23.0	23.0	1.0	19.0	19.0	1.0	9.0	9.0	True	True	True	True	True	True	False
PFN1	1.0	23.0	23.0	1.0	19.0	19.0	1.0	9.0	9.0	True	True	True	True	True	True	True
PFN2	1.0	23.0	23.0	1.0	19.0	19.0	1.0	9.0	9.0	True	True	True	True	True	True	True
PFN3							1.0	9.0	9.0	False	False	True	False	False	True	False
PGAM1	1.0	23.0	23.0	1.0	19.0	19.0	1.0	9.0	9.0	True	True	True	True	True	True	True
PGAM2				1.0	19.0	19.0	1.0	9.0	9.0	False	True	True	False	True	True	True
PGAM5	1.0	23.0	23.0	0.7368	14.0	19.0	1.0	9.0	9.0	True	True	True	True	True	True	True
PGAP1							1.0	9.0	9.0	False	False	True	False	False	True	True
PGAP2							1.0	9.0	9.0	False	False	True	False	False	True	True
PGAP3							1.0	9.0	9.0	False	False	True	False	False	True	True
PGAP4							1.0	9.0	9.0	False	False	True	False	False	True	False
PGAP6							0.5556	5.0	9.0	False	False	True	False	False	True	False
PGC							0.8889	8.0	9.0	False	False	True	False	False	False	False
PGD	1.0	23.0	23.0	1.0	19.0	19.0	1.0	9.0	9.0	True	True	True	True	True	True	True
PGGHG							1.0	9.0	9.0	False	False	True	False	False	True	False
PGGT1B							1.0	9.0	9.0	False	False	True	False	False	True	True
PGK1	1.0	23.0	23.0	1.0	19.0	19.0	1.0	9.0	9.0	True	True	True	True	True	True	True
PGK2							1.0	9.0	9.0	False	False	True	False	False	False	False
PGLS	1.0	23.0	23.0	1.0	19.0	19.0	1.0	9.0	9.0	True	True	True	True	True	True	True
PGLYRP1							1.0	9.0	9.0	False	False	True	False	False	True	False
PGLYRP2				1.0	19.0	19.0	1.0	9.0	9.0	False	True	True	False	True	True	False
PGM1							1.0	9.0	9.0	False	False	True	False	False	True	False
PGM2	1.0	23.0	23.0	1.0	19.0	19.0	1.0	9.0	9.0	True	True	True	True	True	True	True
PGM2L1							1.0	9.0	9.0	False	False	True	False	False	True	True
PGM3	1.0	23.0	23.0	1.0	19.0	19.0	1.0	9.0	9.0	True	True	True	True	True	True	True
PGM5	0.9565	22.0	23.0	1.0	19.0	19.0	1.0	9.0	9.0	True	True	True	True	True	True	True
PGP	1.0	23.0	23.0	0.7368	14.0	19.0	1.0	9.0	9.0	True	True	True	True	True	True	True
PGPEP1				0.7368	14.0	19.0	1.0	9.0	9.0	False	True	True	False	True	True	True
PGR							0.8889	8.0	9.0	False	False	True	False	False	True	False
PGRMC1	1.0	23.0	23.0	1.0	19.0	19.0	1.0	9.0	9.0	True	True	True	True	True	True	True
PGRMC2	1.0	23.0	23.0	1.0	19.0	19.0	1.0	9.0	9.0	True	True	True	True	True	True	True
PGS1							1.0	9.0	9.0	False	False	True	False	False	True	True
PHACTR1							1.0	9.0	9.0	False	False	True	False	False	True	True
PHACTR2							1.0	9.0	9.0	False	False	True	False	False	True	True
PHACTR4							1.0	9.0	9.0	False	False	True	False	False	True	True
PHAF1							1.0	9.0	9.0	False	False	True	False	False	False	False
PHAX							1.0	9.0	9.0	False	False	True	False	False	True	False
PHB1	1.0	23.0	23.0	1.0	19.0	19.0	1.0	9.0	9.0	True	True	True	True	True	True	False
PHB2	1.0	23.0	23.0	1.0	19.0	19.0	1.0	9.0	9.0	True	True	True	True	True	True	True
PHC1							1.0	9.0	9.0	False	False	True	False	False	True	True
PHC2							1.0	9.0	9.0	False	False	True	False	False	True	True
PHC3							1.0	9.0	9.0	False	False	True	False	False	True	True
PHETA1							1.0	9.0	9.0	False	False	True	False	False	True	False
PHETA2							1.0	9.0	9.0	False	False	True	False	False	True	False
PHF1							1.0	9.0	9.0	False	False	True	False	False	True	True
PHF10							1.0	9.0	9.0	False	False	True	False	False	True	True
PHF11							1.0	9.0	9.0	False	False	True	False	False	True	False
PHF11A							0.1111	1.0	9.0	False	False	False	False	False	True	False
PHF11B							1.0	9.0	9.0	False	False	True	False	False	True	False
PHF12							1.0	9.0	9.0	False	False	True	False	False	True	True
PHF14							1.0	9.0	9.0	False	False	True	False	False	True	True
PHF2							1.0	9.0	9.0	False	False	True	False	False	True	True
PHF20							1.0	9.0	9.0	False	False	True	False	False	True	True
PHF20L1							1.0	9.0	9.0	False	False	True	False	False	True	True
PHF21A							1.0	9.0	9.0	False	False	True	False	False	True	True
PHF23							1.0	9.0	9.0	False	False	True	False	False	True	True
PHF24							1.0	9.0	9.0	False	False	True	False	False	False	False
PHF3							1.0	9.0	9.0	False	False	True	False	False	True	True
PHF5A	1.0	23.0	23.0	0.8947	17.0	19.0	1.0	9.0	9.0	True	True	True	True	True	True	True
PHF6							1.0	9.0	9.0	False	False	True	False	False	True	True
PHF8							1.0	9.0	9.0	False	False	True	False	False	True	True
PHGDH				0.8947	17.0	19.0	1.0	9.0	9.0	False	True	True	False	True	True	True
PHIP							1.0	9.0	9.0	False	False	True	False	False	True	True
PHKA1							1.0	9.0	9.0	False	False	True	False	False	True	True
PHKA2	0.6957	16.0	23.0				1.0	9.0	9.0	True	False	True	False	True	True	True
PHKB	0.9565	22.0	23.0	0.5263	10.0	19.0	1.0	9.0	9.0	True	True	True	True	True	True	True
PHKG1							1.0	9.0	9.0	False	False	True	False	False	True	False
PHKG2							1.0	9.0	9.0	False	False	True	False	False	True	True
PHLDA1							1.0	9.0	9.0	False	False	True	False	False	True	True
PHLDA2							1.0	9.0	9.0	False	False	True	False	False	True	True
PHLDA3							1.0	9.0	9.0	False	False	True	False	False	True	True
PHLDB1	1.0	23.0	23.0	1.0	19.0	19.0	1.0	9.0	9.0	True	True	True	True	True	True	True
PHLDB2							1.0	9.0	9.0	False	False	True	False	False	True	True
PHLDB3							1.0	9.0	9.0	False	False	True	False	False	True	True
PHLPP1							1.0	9.0	9.0	False	False	True	False	False	True	True
PHLPP2							1.0	9.0	9.0	False	False	True	False	False	True	True
PHOSPHO1							1.0	9.0	9.0	False	False	True	False	False	True	False
PHOSPHO2							1.0	9.0	9.0	False	False	True	False	False	True	True
PHPT1	1.0	23.0	23.0	1.0	19.0	19.0	1.0	9.0	9.0	True	True	True	True	True	True	False
PHRF1							1.0	9.0	9.0	False	False	True	False	False	True	True
PHTF1							0.6667	6.0	9.0	False	False	True	False	False	True	True
PHYH	1.0	23.0	23.0	1.0	19.0	19.0	1.0	9.0	9.0	True	True	True	True	True	True	True
PHYHD1	1.0	23.0	23.0	0.8421	16.0	19.0	1.0	9.0	9.0	True	True	True	True	True	True	True
PHYHIP							1.0	9.0	9.0	False	False	True	False	False	True	False
PHYHIPL	1.0	23.0	23.0	1.0	19.0	19.0	1.0	9.0	9.0	True	True	True	True	True	True	True
PHYKPL	1.0	23.0	23.0	0.7368	14.0	19.0	1.0	9.0	9.0	True	True	True	True	True	True	True
PI16							1.0	9.0	9.0	False	False	True	False	False	True	True
PI3	0.5217	12.0	23.0							True	False	False	False	False	True	False
PI4K2A				0.7368	14.0	19.0	1.0	9.0	9.0	False	True	True	False	True	True	True
PI4K2B							1.0	9.0	9.0	False	False	True	False	False	True	True
PI4KA	0.8261	19.0	23.0	0.4211	8.0	19.0	1.0	9.0	9.0	True	False	True	False	True	True	True
PI4KB							1.0	9.0	9.0	False	False	True	False	False	True	True
PIAS1							1.0	9.0	9.0	False	False	True	False	False	True	True
PIAS2							1.0	9.0	9.0	False	False	True	False	False	True	True
PIAS3							1.0	9.0	9.0	False	False	True	False	False	True	True
PIAS4							1.0	9.0	9.0	False	False	True	False	False	True	True
PIBF1							1.0	9.0	9.0	False	False	True	False	False	True	False
PICALM	1.0	23.0	23.0	1.0	19.0	19.0	1.0	9.0	9.0	True	True	True	True	True	True	True
PICK1							1.0	9.0	9.0	False	False	True	False	False	True	True
PID1							1.0	9.0	9.0	False	False	True	False	False	True	True
PIEZO1							1.0	9.0	9.0	False	False	True	False	False	True	True
PIEZO2							0.7778	7.0	9.0	False	False	True	False	False	True	False
PIGA							0.8889	8.0	9.0	False	False	True	False	False	True	True
PIGB							1.0	9.0	9.0	False	False	True	False	False	True	True
PIGC							0.8889	8.0	9.0	False	False	True	False	False	True	True
PIGG							1.0	9.0	9.0	False	False	True	False	False	True	True
PIGH							1.0	9.0	9.0	False	False	True	False	False	True	True
PIGK							1.0	9.0	9.0	False	False	True	False	False	True	True
PIGL							1.0	9.0	9.0	False	False	True	False	False	True	True
PIGM							1.0	9.0	9.0	False	False	True	False	False	True	True
PIGN							1.0	9.0	9.0	False	False	True	False	False	True	True
PIGO							1.0	9.0	9.0	False	False	True	False	False	True	True
PIGP							0.6667	6.0	9.0	False	False	True	False	False	True	False
PIGQ							1.0	9.0	9.0	False	False	True	False	False	True	True
PIGR	1.0	23.0	23.0	1.0	19.0	19.0	1.0	9.0	9.0	True	True	True	True	True	True	True
PIGS	0.6957	16.0	23.0				1.0	9.0	9.0	True	False	True	False	True	True	True
PIGT	0.9565	22.0	23.0	0.7368	14.0	19.0	1.0	9.0	9.0	True	True	True	True	True	True	True
PIGU							1.0	9.0	9.0	False	False	True	False	False	True	True
PIGV							0.8889	8.0	9.0	False	False	True	False	False	True	True
PIGW							1.0	9.0	9.0	False	False	True	False	False	True	True
PIGX							1.0	9.0	9.0	False	False	True	False	False	True	True
PIGZ							0.7778	7.0	9.0	False	False	True	False	False	True	False
PIH1D1							1.0	9.0	9.0	False	False	True	False	False	True	True
PIK3AP1							1.0	9.0	9.0	False	False	True	False	False	True	True
PIK3C2A							1.0	9.0	9.0	False	False	True	False	False	True	True
PIK3C2B							1.0	9.0	9.0	False	False	True	False	False	True	False
PIK3C3							1.0	9.0	9.0	False	False	True	False	False	True	True
PIK3CA							1.0	9.0	9.0	False	False	True	False	False	True	True
PIK3CB							1.0	9.0	9.0	False	False	True	False	False	True	True
PIK3CD							1.0	9.0	9.0	False	False	True	False	False	True	False
PIK3CG							1.0	9.0	9.0	False	False	True	False	False	True	False
PIK3IP1							1.0	9.0	9.0	False	False	True	False	False	True	True
PIK3R1							1.0	9.0	9.0	False	False	True	False	False	True	True
PIK3R2							1.0	9.0	9.0	False	False	True	False	False	True	True
PIK3R3							1.0	9.0	9.0	False	False	True	False	False	True	False
PIK3R4							1.0	9.0	9.0	False	False	True	False	False	True	True
PIK3R5							0.6667	6.0	9.0	False	False	True	False	False	True	False
PIK3R6							1.0	9.0	9.0	False	False	True	False	False	True	False
PIKFYVE							1.0	9.0	9.0	False	False	True	False	False	True	True
PILRA							0.8889	8.0	9.0	False	False	True	False	False	True	False
PIM1							0.3333	3.0	9.0	False	False	False	False	False	True	True
PIM3							1.0	9.0	9.0	False	False	True	False	False	True	True
PIN1	1.0	23.0	23.0	0.6316	12.0	19.0	1.0	9.0	9.0	True	True	True	True	True	True	True
PIN4							1.0	9.0	9.0	False	False	True	False	False	True	True
PINK1							0.8889	8.0	9.0	False	False	True	False	False	True	True
PINLYP							0.7778	7.0	9.0	False	False	True	False	False	False	False
PINX1							1.0	9.0	9.0	False	False	True	False	False	True	True
PIP							1.0	9.0	9.0	False	False	True	False	False	False	False
PIP4K2A	1.0	23.0	23.0	1.0	19.0	19.0	1.0	9.0	9.0	True	True	True	True	True	True	True
PIP4K2B							1.0	9.0	9.0	False	False	True	False	False	True	True
PIP4K2C							1.0	9.0	9.0	False	False	True	False	False	True	True
PIP4P1				1.0	19.0	19.0	1.0	9.0	9.0	False	True	True	False	True	True	False
PIP4P2							1.0	9.0	9.0	False	False	True	False	False	True	False
PIP5K1A							1.0	9.0	9.0	False	False	True	False	False	True	True
PIP5K1B							1.0	9.0	9.0	False	False	True	False	False	True	True
PIP5K1C							1.0	9.0	9.0	False	False	True	False	False	True	True
PIPOX	1.0	23.0	23.0	1.0	19.0	19.0	1.0	9.0	9.0	True	True	True	True	True	True	True
PIR							1.0	9.0	9.0	False	False	True	False	False	True	False
PIRA12							0.4444	4.0	9.0	False	False	False	False	False	False	False
PIRB							0.8889	8.0	9.0	False	False	True	False	False	True	False
PISD							1.0	9.0	9.0	False	False	True	False	False	True	True
PITHD1							1.0	9.0	9.0	False	False	True	False	False	True	True
PITPNA	1.0	23.0	23.0	1.0	19.0	19.0	1.0	9.0	9.0	True	True	True	True	True	True	True
PITPNB	1.0	23.0	23.0	1.0	19.0	19.0	1.0	9.0	9.0	True	True	True	True	True	True	True
PITPNC1							1.0	9.0	9.0	False	False	True	False	False	True	True
PITPNM1							1.0	9.0	9.0	False	False	True	False	False	True	True
PITPNM2							1.0	9.0	9.0	False	False	True	False	False	True	True
PITPNM3							1.0	9.0	9.0	False	False	True	False	False	True	False
PITRM1	1.0	23.0	23.0	1.0	19.0	19.0	1.0	9.0	9.0	True	True	True	True	True	True	True
PITX2							0.8889	8.0	9.0	False	False	True	False	False	True	False
PJA1							1.0	9.0	9.0	False	False	True	False	False	True	True
PJA2							1.0	9.0	9.0	False	False	True	False	False	True	True
PKD1							1.0	9.0	9.0	False	False	True	False	False	True	True
PKD2							1.0	9.0	9.0	False	False	True	False	False	True	True
PKHD1							1.0	9.0	9.0	False	False	True	False	False	True	True
PKIA							1.0	9.0	9.0	False	False	True	False	False	True	False
PKIG							1.0	9.0	9.0	False	False	True	False	False	True	True
PKLR				0.7368	14.0	19.0	1.0	9.0	9.0	False	True	True	False	True	True	True
PKM	1.0	23.0	23.0	1.0	19.0	19.0	1.0	9.0	9.0	True	True	True	True	True	True	True
PKN1							1.0	9.0	9.0	False	False	True	False	False	True	True
PKN2	0.5217	12.0	23.0	1.0	19.0	19.0	1.0	9.0	9.0	True	True	True	True	True	True	True
PKN3							1.0	9.0	9.0	False	False	True	False	False	True	False
PKNOX1							1.0	9.0	9.0	False	False	True	False	False	True	True
PKNOX2							1.0	9.0	9.0	False	False	True	False	False	True	False
PKP1							1.0	9.0	9.0	False	False	True	False	False	True	False
PKP2							1.0	9.0	9.0	False	False	True	False	False	True	True
PKP3							1.0	9.0	9.0	False	False	True	False	False	True	True
PKP4							1.0	9.0	9.0	False	False	True	False	False	True	True
PLA1A							1.0	9.0	9.0	False	False	True	False	False	True	False
PLA2G12A							1.0	9.0	9.0	False	False	True	False	False	True	True
PLA2G12B							0.7778	7.0	9.0	False	False	True	False	False	True	False
PLA2G15							1.0	9.0	9.0	False	False	True	False	False	True	True
PLA2G4A							1.0	9.0	9.0	False	False	True	False	False	True	True
PLA2G4C							0.7778	7.0	9.0	False	False	True	False	False	False	False
PLA2G6							1.0	9.0	9.0	False	False	True	False	False	True	True
PLA2G7							1.0	9.0	9.0	False	False	True	False	False	True	True
PLA2R1							1.0	9.0	9.0	False	False	True	False	False	True	False
PLAA	1.0	23.0	23.0	1.0	19.0	19.0	1.0	9.0	9.0	True	True	True	True	True	True	True
PLAAT3							1.0	9.0	9.0	False	False	True	False	False	True	False
PLAC9							1.0	9.0	9.0	False	False	True	False	False	True	False
PLAGL2							0.4444	4.0	9.0	False	False	False	False	False	True	True
PLAT							1.0	9.0	9.0	False	False	True	False	False	True	True
PLAU							1.0	9.0	9.0	False	False	True	False	False	True	True
PLAUR							1.0	9.0	9.0	False	False	True	False	False	True	True
PLBD1	1.0	23.0	23.0				1.0	9.0	9.0	True	False	True	False	True	True	True
PLBD2	1.0	23.0	23.0	1.0	19.0	19.0	1.0	9.0	9.0	True	True	True	True	True	True	True
PLCB1				0.5263	10.0	19.0	1.0	9.0	9.0	False	True	True	False	True	True	True
PLCB2							1.0	9.0	9.0	False	False	True	False	False	True	False
PLCB3							1.0	9.0	9.0	False	False	True	False	False	True	True
PLCB4							1.0	9.0	9.0	False	False	True	False	False	True	True
PLCD1	1.0	23.0	23.0	1.0	19.0	19.0	1.0	9.0	9.0	True	True	True	True	True	True	True
PLCD3							1.0	9.0	9.0	False	False	True	False	False	True	True
PLCD4							0.7778	7.0	9.0	False	False	True	False	False	True	False
PLCE1							1.0	9.0	9.0	False	False	True	False	False	True	False
PLCG1							1.0	9.0	9.0	False	False	True	False	False	True	True
PLCG2	0.8696	20.0	23.0				1.0	9.0	9.0	True	False	True	False	True	True	True
PLCH1							1.0	9.0	9.0	False	False	True	False	False	True	False
PLCL1							1.0	9.0	9.0	False	False	True	False	False	True	True
PLCL2							1.0	9.0	9.0	False	False	True	False	False	True	True
PLCXD2							0.2222	2.0	9.0	False	False	False	False	False	True	True
PLCXD3							1.0	9.0	9.0	False	False	True	False	False	True	False
PLD1							1.0	9.0	9.0	False	False	True	False	False	True	True
PLD2							1.0	9.0	9.0	False	False	True	False	False	True	True
PLD3							1.0	9.0	9.0	False	False	True	False	False	True	True
PLD4							1.0	9.0	9.0	False	False	True	False	False	True	True
PLEC	1.0	23.0	23.0	1.0	19.0	19.0	1.0	9.0	9.0	True	True	True	True	True	True	True
PLEK	1.0	23.0	23.0	0.7895	15.0	19.0	1.0	9.0	9.0	True	True	True	True	True	True	True
PLEK2							1.0	9.0	9.0	False	False	True	False	False	True	True
PLEKHA1							1.0	9.0	9.0	False	False	True	False	False	True	True
PLEKHA2							1.0	9.0	9.0	False	False	True	False	False	True	True
PLEKHA3							1.0	9.0	9.0	False	False	True	False	False	True	True
PLEKHA4							1.0	9.0	9.0	False	False	True	False	False	True	False
PLEKHA5	0.6957	16.0	23.0	0.7368	14.0	19.0	1.0	9.0	9.0	True	True	True	True	True	True	True
PLEKHA6	0.8696	20.0	23.0				1.0	9.0	9.0	True	False	True	False	True	True	True
PLEKHA7	1.0	23.0	23.0	1.0	19.0	19.0	1.0	9.0	9.0	True	True	True	True	True	True	True
PLEKHA8							1.0	9.0	9.0	False	False	True	False	False	True	True
PLEKHB1							0.5556	5.0	9.0	False	False	True	False	False	True	True
PLEKHB2							1.0	9.0	9.0	False	False	True	False	False	True	True
PLEKHD1							1.0	9.0	9.0	False	False	True	False	False	True	True
PLEKHF1							1.0	9.0	9.0	False	False	True	False	False	True	True
PLEKHF2	0.8696	20.0	23.0	0.5789	11.0	19.0	1.0	9.0	9.0	True	True	True	True	True	True	True
PLEKHG1							1.0	9.0	9.0	False	False	True	False	False	True	True
PLEKHG2							1.0	9.0	9.0	False	False	True	False	False	True	True
PLEKHG3				0.7895	15.0	19.0	1.0	9.0	9.0	False	True	True	False	True	True	True
PLEKHG5							1.0	9.0	9.0	False	False	True	False	False	True	True
PLEKHG6							1.0	9.0	9.0	False	False	True	False	False	True	True
PLEKHH1							1.0	9.0	9.0	False	False	True	False	False	True	True
PLEKHH2							1.0	9.0	9.0	False	False	True	False	False	True	True
PLEKHH3							1.0	9.0	9.0	False	False	True	False	False	True	True
PLEKHJ1							1.0	9.0	9.0	False	False	True	False	False	True	True
PLEKHM1							1.0	9.0	9.0	False	False	True	False	False	True	True
PLEKHM2							1.0	9.0	9.0	False	False	True	False	False	True	True
PLEKHM3							1.0	9.0	9.0	False	False	True	False	False	True	True
PLEKHO1							1.0	9.0	9.0	False	False	True	False	False	True	True
PLEKHO2				0.9474	18.0	19.0	1.0	9.0	9.0	False	True	True	False	True	True	True
PLET1							1.0	9.0	9.0	False	False	True	False	False	True	True
PLG	1.0	23.0	23.0	1.0	19.0	19.0	1.0	9.0	9.0	True	True	True	True	True	False	False
PLGRKT							1.0	9.0	9.0	False	False	True	False	False	True	True
PLIN1							1.0	9.0	9.0	False	False	True	False	False	True	True
PLIN2	1.0	23.0	23.0	1.0	19.0	19.0	1.0	9.0	9.0	True	True	True	True	True	True	True
PLIN3	1.0	23.0	23.0	1.0	19.0	19.0	1.0	9.0	9.0	True	True	True	True	True	True	True
PLIN4							1.0	9.0	9.0	False	False	True	False	False	True	False
PLIN5							1.0	9.0	9.0	False	False	True	False	False	True	True
PLK1							0.8889	8.0	9.0	False	False	True	False	False	True	False
PLK3							0.5556	5.0	9.0	False	False	True	False	False	True	True
PLK4							0.5556	5.0	9.0	False	False	True	False	False	True	False
PLLP							1.0	9.0	9.0	False	False	True	False	False	True	False
PLOD1							1.0	9.0	9.0	False	False	True	False	False	True	True
PLOD2							1.0	9.0	9.0	False	False	True	False	False	True	True
PLOD3							1.0	9.0	9.0	False	False	True	False	False	True	True
PLP2							1.0	9.0	9.0	False	False	True	False	False	True	True
PLPBP	1.0	23.0	23.0	1.0	19.0	19.0	1.0	9.0	9.0	True	True	True	True	True	True	False
PLPP1				0.7895	15.0	19.0	1.0	9.0	9.0	False	True	True	False	True	True	False
PLPP2							1.0	9.0	9.0	False	False	True	False	False	True	False
PLPP3							1.0	9.0	9.0	False	False	True	False	False	True	False
PLPP5	1.0	23.0	23.0	0.8421	16.0	19.0	0.4444	4.0	9.0	True	True	False	False	False	True	False
PLPP6							1.0	9.0	9.0	False	False	True	False	False	True	False
PLPP7							1.0	9.0	9.0	False	False	True	False	False	True	False
PLPPR3							0.6667	6.0	9.0	False	False	True	False	False	True	False
PLPPR4							0.5556	5.0	9.0	False	False	True	False	False	True	False
PLRG1							1.0	9.0	9.0	False	False	True	False	False	True	True
PLS1	1.0	23.0	23.0	0.8421	16.0	19.0	1.0	9.0	9.0	True	True	True	True	True	True	True
PLS3	1.0	23.0	23.0	1.0	19.0	19.0	1.0	9.0	9.0	True	True	True	True	True	True	True
PLSCR1							1.0	9.0	9.0	False	False	True	False	False	True	False
PLSCR2							1.0	9.0	9.0	False	False	True	False	False	True	False
PLSCR3							1.0	9.0	9.0	False	False	True	False	False	True	True
PLSCR4							1.0	9.0	9.0	False	False	True	False	False	True	True
PLTP				0.5263	10.0	19.0	1.0	9.0	9.0	False	True	True	False	True	True	False
PLVAP	1.0	23.0	23.0	1.0	19.0	19.0	1.0	9.0	9.0	True	True	True	True	True	True	True
PLXDC1							0.8889	8.0	9.0	False	False	True	False	False	True	False
PLXDC2							1.0	9.0	9.0	False	False	True	False	False	True	True
PLXNA1	0.9565	22.0	23.0	1.0	19.0	19.0	1.0	9.0	9.0	True	True	True	True	True	True	True
PLXNA2							1.0	9.0	9.0	False	False	True	False	False	True	True
PLXNA4							1.0	9.0	9.0	False	False	True	False	False	True	False
PLXNB1							1.0	9.0	9.0	False	False	True	False	False	True	True
PLXNB2	1.0	23.0	23.0	1.0	19.0	19.0	1.0	9.0	9.0	True	True	True	True	True	True	True
PLXNB3							1.0	9.0	9.0	False	False	True	False	False	True	False
PLXNC1							1.0	9.0	9.0	False	False	True	False	False	True	False
PLXND1							1.0	9.0	9.0	False	False	True	False	False	True	True
PM20D1	0.9565	22.0	23.0	0.8421	16.0	19.0	1.0	9.0	9.0	True	True	True	True	True	True	True
PM20D2	1.0	23.0	23.0	1.0	19.0	19.0	1.0	9.0	9.0	True	True	True	True	True	True	True
PMEPA1							1.0	9.0	9.0	False	False	True	False	False	True	True
PMF1							1.0	9.0	9.0	False	False	True	False	False	True	False
PML	1.0	23.0	23.0	0.4737	9.0	19.0	1.0	9.0	9.0	True	False	True	False	True	True	True
PMM1							1.0	9.0	9.0	False	False	True	False	False	True	True
PMM2	1.0	23.0	23.0	1.0	19.0	19.0	1.0	9.0	9.0	True	True	True	True	True	True	True
PMPCA	1.0	23.0	23.0	1.0	19.0	19.0	1.0	9.0	9.0	True	True	True	True	True	True	True
PMPCB	1.0	23.0	23.0	1.0	19.0	19.0	1.0	9.0	9.0	True	True	True	True	True	True	True
PMS1							1.0	9.0	9.0	False	False	True	False	False	True	False
PMS2							1.0	9.0	9.0	False	False	True	False	False	True	False
PMVK	0.7391	17.0	23.0				1.0	9.0	9.0	True	False	True	False	True	True	True
PNISR							1.0	9.0	9.0	False	False	True	False	False	True	True
PNKD							1.0	9.0	9.0	False	False	True	False	False	True	True
PNKP							1.0	9.0	9.0	False	False	True	False	False	True	True
PNLIP							1.0	9.0	9.0	False	False	True	False	False	False	False
PNLIPRP1							0.7778	7.0	9.0	False	False	True	False	False	True	False
PNMA8B							1.0	9.0	9.0	False	False	True	False	False	False	False
PNMT							0.1111	1.0	9.0	False	False	False	False	False	True	False
PNN							1.0	9.0	9.0	False	False	True	False	False	True	True
PNO1							1.0	9.0	9.0	False	False	True	False	False	True	True
PNP	1.0	23.0	23.0	1.0	19.0	19.0	1.0	9.0	9.0	True	True	True	True	True	True	True
PNP2							1.0	9.0	9.0	False	False	True	False	False	True	False
PNPLA2							1.0	9.0	9.0	False	False	True	False	False	True	True
PNPLA3	1.0	23.0	23.0	1.0	19.0	19.0				True	True	False	False	False	True	False
PNPLA6				0.7368	14.0	19.0	1.0	9.0	9.0	False	True	True	False	True	True	True
PNPLA7							1.0	9.0	9.0	False	False	True	False	False	True	True
PNPLA8							1.0	9.0	9.0	False	False	True	False	False	True	True
PNPO	1.0	23.0	23.0	1.0	19.0	19.0	1.0	9.0	9.0	True	True	True	True	True	True	True
PNPT1	1.0	23.0	23.0	1.0	19.0	19.0	1.0	9.0	9.0	True	True	True	True	True	True	True
PNRC1							1.0	9.0	9.0	False	False	True	False	False	True	True
POC1A							1.0	9.0	9.0	False	False	True	False	False	True	True
POC1B							1.0	9.0	9.0	False	False	True	False	False	True	True
POC5							1.0	9.0	9.0	False	False	True	False	False	True	True
PODN							1.0	9.0	9.0	False	False	True	False	False	True	True
PODXL	1.0	23.0	23.0	1.0	19.0	19.0	1.0	9.0	9.0	True	True	True	True	True	True	True
PODXL2							0.6667	6.0	9.0	False	False	True	False	False	True	False
POF1B							1.0	9.0	9.0	False	False	True	False	False	True	False
POFUT1	0.8696	20.0	23.0	0.7368	14.0	19.0	1.0	9.0	9.0	True	True	True	True	True	True	True
POFUT2							1.0	9.0	9.0	False	False	True	False	False	True	True
POGK							1.0	9.0	9.0	False	False	True	False	False	True	True
POGLUT1							1.0	9.0	9.0	False	False	True	False	False	True	True
POGLUT2							1.0	9.0	9.0	False	False	True	False	False	True	False
POGLUT3	1.0	23.0	23.0				1.0	9.0	9.0	True	False	True	False	True	True	False
POGZ							1.0	9.0	9.0	False	False	True	False	False	True	True
POL							0.6667	6.0	9.0	False	False	True	False	False	False	False
POLA1							1.0	9.0	9.0	False	False	True	False	False	True	True
POLA2							1.0	9.0	9.0	False	False	True	False	False	True	True
POLB							1.0	9.0	9.0	False	False	True	False	False	True	True
POLD1							1.0	9.0	9.0	False	False	True	False	False	True	True
POLD2							1.0	9.0	9.0	False	False	True	False	False	True	True
POLD3							1.0	9.0	9.0	False	False	True	False	False	True	True
POLD4							1.0	9.0	9.0	False	False	True	False	False	True	True
POLDIP2	1.0	23.0	23.0				1.0	9.0	9.0	True	False	True	False	True	True	True
POLDIP3							1.0	9.0	9.0	False	False	True	False	False	True	True
POLE							1.0	9.0	9.0	False	False	True	False	False	True	False
POLE2							0.4444	4.0	9.0	False	False	False	False	False	True	False
POLE3							1.0	9.0	9.0	False	False	True	False	False	True	True
POLE4							1.0	9.0	9.0	False	False	True	False	False	True	True
POLG							1.0	9.0	9.0	False	False	True	False	False	True	True
POLG2							1.0	9.0	9.0	False	False	True	False	False	True	False
POLH							1.0	9.0	9.0	False	False	True	False	False	True	True
POLI							1.0	9.0	9.0	False	False	True	False	False	True	True
POLK							1.0	9.0	9.0	False	False	True	False	False	True	True
POLL							1.0	9.0	9.0	False	False	True	False	False	True	True
POLM							1.0	9.0	9.0	False	False	True	False	False	True	True
POLR1A							1.0	9.0	9.0	False	False	True	False	False	True	True
POLR1B							1.0	9.0	9.0	False	False	True	False	False	True	True
POLR1C				0.7895	15.0	19.0	1.0	9.0	9.0	False	True	True	False	True	True	True
POLR1D							1.0	9.0	9.0	False	False	True	False	False	True	True
POLR1E							1.0	9.0	9.0	False	False	True	False	False	True	True
POLR1F							1.0	9.0	9.0	False	False	True	False	False	True	False
POLR1G							1.0	9.0	9.0	False	False	True	False	False	True	False
POLR1H							1.0	9.0	9.0	False	False	True	False	False	True	False
POLR2A							1.0	9.0	9.0	False	False	True	False	False	True	True
POLR2B	0.5652	13.0	23.0				1.0	9.0	9.0	True	False	True	False	True	True	True
POLR2C							1.0	9.0	9.0	False	False	True	False	False	True	True
POLR2D							1.0	9.0	9.0	False	False	True	False	False	True	True
POLR2E							1.0	9.0	9.0	False	False	True	False	False	True	True
POLR2F							1.0	9.0	9.0	False	False	True	False	False	True	True
POLR2G							1.0	9.0	9.0	False	False	True	False	False	True	True
POLR2H							1.0	9.0	9.0	False	False	True	False	False	True	True
POLR2I							1.0	9.0	9.0	False	False	True	False	False	True	True
POLR2J							1.0	9.0	9.0	False	False	True	False	False	True	True
POLR2K							1.0	9.0	9.0	False	False	True	False	False	True	True
POLR2L							1.0	9.0	9.0	False	False	True	False	False	True	True
POLR2M							1.0	9.0	9.0	False	False	True	False	False	True	True
POLR3A							1.0	9.0	9.0	False	False	True	False	False	True	True
POLR3B							1.0	9.0	9.0	False	False	True	False	False	True	True
POLR3C							1.0	9.0	9.0	False	False	True	False	False	True	True
POLR3D							1.0	9.0	9.0	False	False	True	False	False	True	True
POLR3E							1.0	9.0	9.0	False	False	True	False	False	True	True
POLR3F							1.0	9.0	9.0	False	False	True	False	False	True	True
POLR3G							1.0	9.0	9.0	False	False	True	False	False	True	False
POLR3GL							0.8889	8.0	9.0	False	False	True	False	False	True	True
POLR3H							1.0	9.0	9.0	False	False	True	False	False	True	True
POLR3K							1.0	9.0	9.0	False	False	True	False	False	True	True
POLRMT							1.0	9.0	9.0	False	False	True	False	False	True	True
POM121							1.0	9.0	9.0	False	False	True	False	False	True	False
POMGNT1							1.0	9.0	9.0	False	False	True	False	False	True	True
POMGNT2							1.0	9.0	9.0	False	False	True	False	False	True	True
POMK							1.0	9.0	9.0	False	False	True	False	False	True	True
POMP							1.0	9.0	9.0	False	False	True	False	False	True	True
POMT1							1.0	9.0	9.0	False	False	True	False	False	True	True
POMT2							1.0	9.0	9.0	False	False	True	False	False	True	True
PON1	1.0	23.0	23.0	1.0	19.0	19.0	1.0	9.0	9.0	True	True	True	True	True	True	False
PON2							1.0	9.0	9.0	False	False	True	False	False	True	True
PON3							1.0	9.0	9.0	False	False	True	False	False	True	False
POP1							1.0	9.0	9.0	False	False	True	False	False	True	True
POP4							1.0	9.0	9.0	False	False	True	False	False	True	True
POP5							1.0	9.0	9.0	False	False	True	False	False	True	True
POP7							1.0	9.0	9.0	False	False	True	False	False	True	True
POR	1.0	23.0	23.0	1.0	19.0	19.0	1.0	9.0	9.0	True	True	True	True	True	True	True
PORCN							1.0	9.0	9.0	False	False	True	False	False	True	True
POSTN							1.0	9.0	9.0	False	False	True	False	False	True	False
POT1							1.0	9.0	9.0	False	False	True	False	False	True	False
POT1B							1.0	9.0	9.0	False	False	True	False	False	True	False
POU2F1							1.0	9.0	9.0	False	False	True	False	False	True	True
POU2F2							0.6667	6.0	9.0	False	False	True	False	False	True	False
POU3F3							1.0	9.0	9.0	False	False	True	False	False	True	True
POU6F1							1.0	9.0	9.0	False	False	True	False	False	True	True
PPA1	1.0	23.0	23.0	1.0	19.0	19.0	1.0	9.0	9.0	True	True	True	True	True	True	True
PPA2	1.0	23.0	23.0	1.0	19.0	19.0	1.0	9.0	9.0	True	True	True	True	True	True	True
PPAN							1.0	9.0	9.0	False	False	True	False	False	True	False
PPARA							1.0	9.0	9.0	False	False	True	False	False	True	True
PPARD							1.0	9.0	9.0	False	False	True	False	False	True	True
PPARGC1A							1.0	9.0	9.0	False	False	True	False	False	True	True
PPAT	0.8696	20.0	23.0				1.0	9.0	9.0	True	False	True	False	True	True	True
PPBP							1.0	9.0	9.0	False	False	True	False	False	True	False
PPCDC							1.0	9.0	9.0	False	False	True	False	False	True	False
PPCS	1.0	23.0	23.0	0.5789	11.0	19.0	1.0	9.0	9.0	True	True	True	True	True	True	True
PPDPF							0.7778	7.0	9.0	False	False	True	False	False	True	True
PPFIA1							1.0	9.0	9.0	False	False	True	False	False	True	True
PPFIA2							1.0	9.0	9.0	False	False	True	False	False	False	False
PPFIA3							0.6667	6.0	9.0	False	False	True	False	False	False	False
PPFIA4							1.0	9.0	9.0	False	False	True	False	False	True	False
PPFIBP1	0.4348	10.0	23.0	1.0	19.0	19.0	1.0	9.0	9.0	False	True	True	False	True	True	True
PPFIBP2							1.0	9.0	9.0	False	False	True	False	False	True	True
PPHLN1							1.0	9.0	9.0	False	False	True	False	False	True	True
PPIA	1.0	23.0	23.0	1.0	19.0	19.0	1.0	9.0	9.0	True	True	True	True	True	True	True
PPIB	1.0	23.0	23.0	1.0	19.0	19.0	1.0	9.0	9.0	True	True	True	True	True	True	True
PPIC							1.0	9.0	9.0	False	False	True	False	False	True	True
PPID	1.0	23.0	23.0	1.0	19.0	19.0	1.0	9.0	9.0	True	True	True	True	True	True	True
PPIE							1.0	9.0	9.0	False	False	True	False	False	True	True
PPIF	1.0	23.0	23.0	1.0	19.0	19.0	1.0	9.0	9.0	True	True	True	True	True	True	True
PPIG							1.0	9.0	9.0	False	False	True	False	False	True	True
PPIH	0.9565	22.0	23.0	0.8421	16.0	19.0	1.0	9.0	9.0	True	True	True	True	True	True	True
PPIL1	1.0	23.0	23.0				1.0	9.0	9.0	True	False	True	False	True	True	True
PPIL2							1.0	9.0	9.0	False	False	True	False	False	True	True
PPIL3	1.0	23.0	23.0	1.0	19.0	19.0	1.0	9.0	9.0	True	True	True	True	True	True	True
PPIL4							1.0	9.0	9.0	False	False	True	False	False	True	True
PPIL6							0.8889	8.0	9.0	False	False	True	False	False	True	True
PPIP5K1							1.0	9.0	9.0	False	False	True	False	False	True	True
PPIP5K2							1.0	9.0	9.0	False	False	True	False	False	True	True
PPL	0.8696	20.0	23.0	1.0	19.0	19.0	1.0	9.0	9.0	True	True	True	True	True	True	True
PPM1A	1.0	23.0	23.0	1.0	19.0	19.0	1.0	9.0	9.0	True	True	True	True	True	True	True
PPM1B	1.0	23.0	23.0	0.8421	16.0	19.0	1.0	9.0	9.0	True	True	True	True	True	True	True
PPM1D							1.0	9.0	9.0	False	False	True	False	False	True	True
PPM1E							1.0	9.0	9.0	False	False	True	False	False	True	False
PPM1F	1.0	23.0	23.0	1.0	19.0	19.0	1.0	9.0	9.0	True	True	True	True	True	True	True
PPM1G	1.0	23.0	23.0	1.0	19.0	19.0	1.0	9.0	9.0	True	True	True	True	True	True	True
PPM1H							1.0	9.0	9.0	False	False	True	False	False	True	True
PPM1J	1.0	23.0	23.0	1.0	19.0	19.0	1.0	9.0	9.0	True	True	True	True	True	True	True
PPM1K	1.0	23.0	23.0	1.0	19.0	19.0	1.0	9.0	9.0	True	True	True	True	True	True	True
PPM1L							1.0	9.0	9.0	False	False	True	False	False	True	True
PPM1M							1.0	9.0	9.0	False	False	True	False	False	True	True
PPME1	1.0	23.0	23.0	0.8947	17.0	19.0	1.0	9.0	9.0	True	True	True	True	True	True	True
PPOX							1.0	9.0	9.0	False	False	True	False	False	True	True
PPP1CA				0.9474	18.0	19.0	1.0	9.0	9.0	False	True	True	False	True	True	True
PPP1CB	1.0	23.0	23.0	1.0	19.0	19.0	1.0	9.0	9.0	True	True	True	True	True	True	True
PPP1CC	0.8696	20.0	23.0				1.0	9.0	9.0	True	False	True	False	True	True	True
PPP1R10							1.0	9.0	9.0	False	False	True	False	False	True	True
PPP1R11							1.0	9.0	9.0	False	False	True	False	False	True	True
PPP1R12A	1.0	23.0	23.0	1.0	19.0	19.0	1.0	9.0	9.0	True	True	True	True	True	True	True
PPP1R12B	1.0	23.0	23.0				1.0	9.0	9.0	True	False	True	False	True	True	True
PPP1R12C							1.0	9.0	9.0	False	False	True	False	False	True	True
PPP1R13B							1.0	9.0	9.0	False	False	True	False	False	True	True
PPP1R13L							1.0	9.0	9.0	False	False	True	False	False	True	True
PPP1R14A							1.0	9.0	9.0	False	False	True	False	False	True	True
PPP1R14B	1.0	23.0	23.0	1.0	19.0	19.0	1.0	9.0	9.0	True	True	True	True	True	True	True
PPP1R15B							1.0	9.0	9.0	False	False	True	False	False	True	True
PPP1R16A							1.0	9.0	9.0	False	False	True	False	False	True	True
PPP1R16B							1.0	9.0	9.0	False	False	True	False	False	True	True
PPP1R18							1.0	9.0	9.0	False	False	True	False	False	True	True
PPP1R1A	0.5217	12.0	23.0	1.0	19.0	19.0	1.0	9.0	9.0	True	True	True	True	True	True	True
PPP1R1B							1.0	9.0	9.0	False	False	True	False	False	True	True
PPP1R2				1.0	19.0	19.0	1.0	9.0	9.0	False	True	True	False	True	True	True
PPP1R21	1.0	23.0	23.0				1.0	9.0	9.0	True	False	True	False	True	True	True
PPP1R35							1.0	9.0	9.0	False	False	True	False	False	True	True
PPP1R37							1.0	9.0	9.0	False	False	True	False	False	True	True
PPP1R3D							1.0	9.0	9.0	False	False	True	False	False	True	False
PPP1R3F							1.0	9.0	9.0	False	False	True	False	False	True	False
PPP1R7	1.0	23.0	23.0	1.0	19.0	19.0	1.0	9.0	9.0	True	True	True	True	True	True	True
PPP1R8	1.0	23.0	23.0	1.0	19.0	19.0	1.0	9.0	9.0	True	True	True	True	True	True	True
PPP1R9A							1.0	9.0	9.0	False	False	True	False	False	True	True
PPP1R9B							1.0	9.0	9.0	False	False	True	False	False	True	True
PPP2CA	1.0	23.0	23.0	1.0	19.0	19.0	1.0	9.0	9.0	True	True	True	True	True	True	True
PPP2CB							1.0	9.0	9.0	False	False	True	False	False	True	True
PPP2R1A	1.0	23.0	23.0	1.0	19.0	19.0	1.0	9.0	9.0	True	True	True	True	True	True	True
PPP2R1B							1.0	9.0	9.0	False	False	True	False	False	True	True
PPP2R2A	1.0	23.0	23.0	1.0	19.0	19.0	1.0	9.0	9.0	True	True	True	True	True	True	True
PPP2R2D							1.0	9.0	9.0	False	False	True	False	False	True	True
PPP2R3A							1.0	9.0	9.0	False	False	True	False	False	True	True
PPP2R3C							1.0	9.0	9.0	False	False	True	False	False	True	True
PPP2R3D							1.0	9.0	9.0	False	False	True	False	False	True	False
PPP2R5A	1.0	23.0	23.0	1.0	19.0	19.0	1.0	9.0	9.0	True	True	True	True	True	True	True
PPP2R5B							1.0	9.0	9.0	False	False	True	False	False	True	True
PPP2R5C							1.0	9.0	9.0	False	False	True	False	False	True	True
PPP2R5D	0.8696	20.0	23.0				1.0	9.0	9.0	True	False	True	False	True	True	True
PPP2R5E	1.0	23.0	23.0				1.0	9.0	9.0	True	False	True	False	True	True	True
PPP3CA	1.0	23.0	23.0	1.0	19.0	19.0	1.0	9.0	9.0	True	True	True	True	True	True	True
PPP3CB	1.0	23.0	23.0	1.0	19.0	19.0	1.0	9.0	9.0	True	True	True	True	True	True	True
PPP3CC							1.0	9.0	9.0	False	False	True	False	False	True	True
PPP3R1							1.0	9.0	9.0	False	False	True	False	False	True	True
PPP4C							1.0	9.0	9.0	False	False	True	False	False	True	True
PPP4R1							1.0	9.0	9.0	False	False	True	False	False	True	True
PPP4R2							1.0	9.0	9.0	False	False	True	False	False	True	True
PPP4R3A							1.0	9.0	9.0	False	False	True	False	False	True	False
PPP4R3B							1.0	9.0	9.0	False	False	True	False	False	True	False
PPP4R4							1.0	9.0	9.0	False	False	True	False	False	True	True
PPP5C	1.0	23.0	23.0	1.0	19.0	19.0	1.0	9.0	9.0	True	True	True	True	True	True	True
PPP6C	0.8696	20.0	23.0	0.8421	16.0	19.0	1.0	9.0	9.0	True	True	True	True	True	True	True
PPP6R1				0.6316	12.0	19.0	1.0	9.0	9.0	False	True	True	False	True	True	True
PPP6R2							1.0	9.0	9.0	False	False	True	False	False	True	True
PPP6R3	0.7391	17.0	23.0				1.0	9.0	9.0	True	False	True	False	True	True	True
PPT1	1.0	23.0	23.0	1.0	19.0	19.0	1.0	9.0	9.0	True	True	True	True	True	True	True
PPT2							1.0	9.0	9.0	False	False	True	False	False	True	False
PPTC7							1.0	9.0	9.0	False	False	True	False	False	True	True
PPWD1							1.0	9.0	9.0	False	False	True	False	False	True	True
PQBP1							1.0	9.0	9.0	False	False	True	False	False	True	True
PRADC1							0.6667	6.0	9.0	False	False	True	False	False	True	True
PRAF2							1.0	9.0	9.0	False	False	True	False	False	True	True
PRAG1							1.0	9.0	9.0	False	False	True	False	False	True	False
PRAM1							0.8889	8.0	9.0	False	False	True	False	False	True	False
PRAP1							1.0	9.0	9.0	False	False	True	False	False	True	False
PRC1							1.0	9.0	9.0	False	False	True	False	False	True	False
PRCC							1.0	9.0	9.0	False	False	True	False	False	True	True
PRCP							1.0	9.0	9.0	False	False	True	False	False	True	True
PRDM10							1.0	9.0	9.0	False	False	True	False	False	True	True
PRDM11							1.0	9.0	9.0	False	False	True	False	False	True	False
PRDM15							1.0	9.0	9.0	False	False	True	False	False	True	False
PRDM16							1.0	9.0	9.0	False	False	True	False	False	True	True
PRDM2							1.0	9.0	9.0	False	False	True	False	False	True	True
PRDM5							1.0	9.0	9.0	False	False	True	False	False	True	False
PRDM7							0.7778	7.0	9.0	False	False	True	False	False	True	False
PRDX1	1.0	23.0	23.0	1.0	19.0	19.0	1.0	9.0	9.0	True	True	True	True	True	True	True
PRDX2	1.0	23.0	23.0	1.0	19.0	19.0	1.0	9.0	9.0	True	True	True	True	True	True	True
PRDX3	0.9565	22.0	23.0	1.0	19.0	19.0	1.0	9.0	9.0	True	True	True	True	True	True	True
PRDX4	1.0	23.0	23.0	1.0	19.0	19.0	1.0	9.0	9.0	True	True	True	True	True	True	True
PRDX5	1.0	23.0	23.0	1.0	19.0	19.0	1.0	9.0	9.0	True	True	True	True	True	True	True
PRDX6	1.0	23.0	23.0	1.0	19.0	19.0	1.0	9.0	9.0	True	True	True	True	True	True	True
PREB							1.0	9.0	9.0	False	False	True	False	False	True	True
PRELID1							1.0	9.0	9.0	False	False	True	False	False	True	True
PRELID2							1.0	9.0	9.0	False	False	True	False	False	True	True
PRELID3B							1.0	9.0	9.0	False	False	True	False	False	True	False
PRELP	1.0	23.0	23.0	1.0	19.0	19.0	1.0	9.0	9.0	True	True	True	True	True	True	True
PREP	1.0	23.0	23.0	1.0	19.0	19.0	1.0	9.0	9.0	True	True	True	True	True	True	True
PREPL							1.0	9.0	9.0	False	False	True	False	False	True	True
PREX1							1.0	9.0	9.0	False	False	True	False	False	True	True
PREX2							1.0	9.0	9.0	False	False	True	False	False	True	True
PRG2							1.0	9.0	9.0	False	False	True	False	False	True	False
PRG3	1.0	23.0	23.0	0.7895	15.0	19.0	0.3333	3.0	9.0	True	True	False	False	False	False	False
PRG4							0.6667	6.0	9.0	False	False	True	False	False	True	False
PRICKLE1							1.0	9.0	9.0	False	False	True	False	False	True	True
PRICKLE2							1.0	9.0	9.0	False	False	True	False	False	True	False
PRICKLE3							1.0	9.0	9.0	False	False	True	False	False	True	True
PRIM1							1.0	9.0	9.0	False	False	True	False	False	True	True
PRIM2							1.0	9.0	9.0	False	False	True	False	False	True	True
PRIMPOL							0.5556	5.0	9.0	False	False	True	False	False	True	True
PRKAA1	1.0	23.0	23.0	0.5263	10.0	19.0	1.0	9.0	9.0	True	True	True	True	True	True	True
PRKAA2							1.0	9.0	9.0	False	False	True	False	False	True	True
PRKAB1							1.0	9.0	9.0	False	False	True	False	False	True	True
PRKAB2							1.0	9.0	9.0	False	False	True	False	False	True	True
PRKACA	1.0	23.0	23.0	1.0	19.0	19.0	1.0	9.0	9.0	True	True	True	True	True	True	True
PRKACB				0.8421	16.0	19.0	1.0	9.0	9.0	False	True	True	False	True	True	True
PRKAG1	1.0	23.0	23.0	0.8421	16.0	19.0	1.0	9.0	9.0	True	True	True	True	True	True	True
PRKAG2							1.0	9.0	9.0	False	False	True	False	False	True	True
PRKAR1A	1.0	23.0	23.0	1.0	19.0	19.0	1.0	9.0	9.0	True	True	True	True	True	True	True
PRKAR1B							1.0	9.0	9.0	False	False	True	False	False	True	True
PRKAR2A	1.0	23.0	23.0	1.0	19.0	19.0	1.0	9.0	9.0	True	True	True	True	True	True	True
PRKAR2B	1.0	23.0	23.0	1.0	19.0	19.0	1.0	9.0	9.0	True	True	True	True	True	True	True
PRKCA	1.0	23.0	23.0	0.6842	13.0	19.0	1.0	9.0	9.0	True	True	True	True	True	True	True
PRKCB							1.0	9.0	9.0	False	False	True	False	False	True	False
PRKCD							1.0	9.0	9.0	False	False	True	False	False	True	True
PRKCE							1.0	9.0	9.0	False	False	True	False	False	True	True
PRKCH							1.0	9.0	9.0	False	False	True	False	False	True	True
PRKCI							1.0	9.0	9.0	False	False	True	False	False	True	True
PRKCQ							1.0	9.0	9.0	False	False	True	False	False	True	False
PRKCSH	1.0	23.0	23.0	1.0	19.0	19.0	1.0	9.0	9.0	True	True	True	True	True	True	True
PRKCZ							1.0	9.0	9.0	False	False	True	False	False	True	True
PRKD1							1.0	9.0	9.0	False	False	True	False	False	True	True
PRKD2							1.0	9.0	9.0	False	False	True	False	False	True	True
PRKD3							1.0	9.0	9.0	False	False	True	False	False	True	True
PRKDC							1.0	9.0	9.0	False	False	True	False	False	True	True
PRKG1	0.6522	15.0	23.0				1.0	9.0	9.0	True	False	True	False	True	True	False
PRKG2							1.0	9.0	9.0	False	False	True	False	False	True	False
PRKN							1.0	9.0	9.0	False	False	True	False	False	True	False
PRKRA							1.0	9.0	9.0	False	False	True	False	False	True	True
PRKRIP1							1.0	9.0	9.0	False	False	True	False	False	True	False
PRKX							1.0	9.0	9.0	False	False	True	False	False	True	True
PRL							0.3333	3.0	9.0	False	False	False	False	False	False	False
PRLR							0.8889	8.0	9.0	False	False	True	False	False	True	True
PRMT1	1.0	23.0	23.0	1.0	19.0	19.0	1.0	9.0	9.0	True	True	True	True	True	True	True
PRMT2							0.8889	8.0	9.0	False	False	True	False	False	True	True
PRMT3							1.0	9.0	9.0	False	False	True	False	False	True	True
PRMT5	1.0	23.0	23.0	1.0	19.0	19.0	1.0	9.0	9.0	True	True	True	True	True	True	True
PRMT6							1.0	9.0	9.0	False	False	True	False	False	True	True
PRMT7							1.0	9.0	9.0	False	False	True	False	False	True	True
PRMT9							1.0	9.0	9.0	False	False	True	False	False	True	False
PRNP	1.0	23.0	23.0				1.0	9.0	9.0	True	False	True	False	True	True	True
PROB1							1.0	9.0	9.0	False	False	True	False	False	True	True
PROC	0.7391	17.0	23.0	1.0	19.0	19.0	1.0	9.0	9.0	True	True	True	True	True	True	True
PROCR				0.6842	13.0	19.0	1.0	9.0	9.0	False	True	True	False	True	True	True
PRODH							1.0	9.0	9.0	False	False	True	False	False	True	False
PRODH2	0.8696	20.0	23.0	0.6842	13.0	19.0	1.0	9.0	9.0	True	True	True	True	True	True	True
PROM1							1.0	9.0	9.0	False	False	True	False	False	True	True
PROM2	0.8261	19.0	23.0	1.0	19.0	19.0	1.0	9.0	9.0	True	True	True	True	True	True	True
PRORP							1.0	9.0	9.0	False	False	True	False	False	True	False
PRORSD1							1.0	9.0	9.0	False	False	True	False	False	True	False
PROS1	0.8696	20.0	23.0	1.0	19.0	19.0	1.0	9.0	9.0	True	True	True	True	True	True	True
PROSER1							1.0	9.0	9.0	False	False	True	False	False	True	True
PROSER2							1.0	9.0	9.0	False	False	True	False	False	True	False
PROSER3							1.0	9.0	9.0	False	False	True	False	False	True	False
PROX1							1.0	9.0	9.0	False	False	True	False	False	True	False
PROZ							1.0	9.0	9.0	False	False	True	False	False	True	False
PRP4K							1.0	9.0	9.0	False	False	True	False	False	True	False
PRPF18							1.0	9.0	9.0	False	False	True	False	False	True	True
PRPF19	1.0	23.0	23.0	1.0	19.0	19.0	1.0	9.0	9.0	True	True	True	True	True	True	True
PRPF3							1.0	9.0	9.0	False	False	True	False	False	True	True
PRPF31	0.8696	20.0	23.0	1.0	19.0	19.0	1.0	9.0	9.0	True	True	True	True	True	True	True
PRPF38A							1.0	9.0	9.0	False	False	True	False	False	True	True
PRPF38B							1.0	9.0	9.0	False	False	True	False	False	True	True
PRPF39							1.0	9.0	9.0	False	False	True	False	False	True	True
PRPF4	1.0	23.0	23.0				1.0	9.0	9.0	True	False	True	False	True	True	True
PRPF40A							1.0	9.0	9.0	False	False	True	False	False	True	True
PRPF40B							1.0	9.0	9.0	False	False	True	False	False	True	True
PRPF6							1.0	9.0	9.0	False	False	True	False	False	True	True
PRPF8	1.0	23.0	23.0	0.9474	18.0	19.0	1.0	9.0	9.0	True	True	True	True	True	True	True
PRPH							1.0	9.0	9.0	False	False	True	False	False	True	False
PRPS1	0.8696	20.0	23.0	1.0	19.0	19.0				True	True	False	False	False	True	True
PRPS2	1.0	23.0	23.0	1.0	19.0	19.0	1.0	9.0	9.0	True	True	True	True	True	True	True
PRPSAP1	1.0	23.0	23.0	1.0	19.0	19.0	1.0	9.0	9.0	True	True	True	True	True	True	True
PRPSAP2	0.8261	19.0	23.0	0.7368	14.0	19.0	1.0	9.0	9.0	True	True	True	True	True	True	True
PRR12							1.0	9.0	9.0	False	False	True	False	False	True	True
PRR14							1.0	9.0	9.0	False	False	True	False	False	True	True
PRR14L							1.0	9.0	9.0	False	False	True	False	False	True	True
PRR15							1.0	9.0	9.0	False	False	True	False	False	True	True
PRR15L							1.0	9.0	9.0	False	False	True	False	False	True	True
PRR3							1.0	9.0	9.0	False	False	True	False	False	True	True
PRR35							1.0	9.0	9.0	False	False	True	False	False	True	False
PRR5							1.0	9.0	9.0	False	False	True	False	False	True	False
PRR5L							1.0	9.0	9.0	False	False	True	False	False	True	True
PRRC1	1.0	23.0	23.0	1.0	19.0	19.0	1.0	9.0	9.0	True	True	True	True	True	True	True
PRRC2A							1.0	9.0	9.0	False	False	True	False	False	True	True
PRRC2B							1.0	9.0	9.0	False	False	True	False	False	True	True
PRRC2C	0.8261	19.0	23.0				1.0	9.0	9.0	True	False	True	False	True	True	True
PRRG2							0.8889	8.0	9.0	False	False	True	False	False	True	True
PRRG4							0.7778	7.0	9.0	False	False	True	False	False	True	True
PRRT1B							1.0	9.0	9.0	False	False	True	False	False	True	False
PRRX1							1.0	9.0	9.0	False	False	True	False	False	True	False
PRSS1							0.8889	8.0	9.0	False	False	True	False	False	False	False
PRSS2							0.8889	8.0	9.0	False	False	True	False	False	False	False
PRSS22							0.6667	6.0	9.0	False	False	True	False	False	True	False
PRSS23							1.0	9.0	9.0	False	False	True	False	False	True	True
PRSS3							0.4444	4.0	9.0	False	False	False	False	False	False	False
PRSS30							0.5556	5.0	9.0	False	False	True	False	False	True	False
PRSS3B							1.0	9.0	9.0	False	False	True	False	False	False	False
PRSS8							1.0	9.0	9.0	False	False	True	False	False	True	True
PRTFDC1	1.0	23.0	23.0							True	False	False	False	False	True	False
PRTN3							1.0	9.0	9.0	False	False	True	False	False	True	False
PRUNE1	0.6957	16.0	23.0				1.0	9.0	9.0	True	False	True	False	True	True	False
PRUNE2							1.0	9.0	9.0	False	False	True	False	False	True	False
PRX							0.8889	8.0	9.0	False	False	True	False	False	True	False
PRXL2A	1.0	23.0	23.0	1.0	19.0	19.0	1.0	9.0	9.0	True	True	True	True	True	True	False
PRXL2B							1.0	9.0	9.0	False	False	True	False	False	True	False
PRXL2C							1.0	9.0	9.0	False	False	True	False	False	True	False
PSAP	1.0	23.0	23.0	1.0	19.0	19.0	1.0	9.0	9.0	True	True	True	True	True	True	True
PSAPL1							1.0	9.0	9.0	False	False	True	False	False	False	False
PSAT1	0.8261	19.0	23.0				1.0	9.0	9.0	True	False	True	False	True	True	True
PSCA							1.0	9.0	9.0	False	False	True	False	False	True	False
PSD3							1.0	9.0	9.0	False	False	True	False	False	True	True
PSD4							1.0	9.0	9.0	False	False	True	False	False	True	False
PSEN1							1.0	9.0	9.0	False	False	True	False	False	True	True
PSEN2							1.0	9.0	9.0	False	False	True	False	False	True	True
PSIP1	1.0	23.0	23.0	0.4737	9.0	19.0	1.0	9.0	9.0	True	False	True	False	True	True	True
PSKH1							1.0	9.0	9.0	False	False	True	False	False	True	True
PSMA1	1.0	23.0	23.0	1.0	19.0	19.0	1.0	9.0	9.0	True	True	True	True	True	True	True
PSMA2	1.0	23.0	23.0	1.0	19.0	19.0	1.0	9.0	9.0	True	True	True	True	True	True	True
PSMA3	0.9565	22.0	23.0	1.0	19.0	19.0	1.0	9.0	9.0	True	True	True	True	True	True	True
PSMA4	1.0	23.0	23.0	1.0	19.0	19.0	1.0	9.0	9.0	True	True	True	True	True	True	True
PSMA5	1.0	23.0	23.0	1.0	19.0	19.0	1.0	9.0	9.0	True	True	True	True	True	True	True
PSMA6	1.0	23.0	23.0	1.0	19.0	19.0	1.0	9.0	9.0	True	True	True	True	True	True	True
PSMA7	1.0	23.0	23.0	1.0	19.0	19.0	1.0	9.0	9.0	True	True	True	True	True	True	True
PSMB1	1.0	23.0	23.0	1.0	19.0	19.0	1.0	9.0	9.0	True	True	True	True	True	True	True
PSMB10							1.0	9.0	9.0	False	False	True	False	False	True	True
PSMB2	1.0	23.0	23.0	0.6316	12.0	19.0	1.0	9.0	9.0	True	True	True	True	True	True	True
PSMB3	1.0	23.0	23.0	0.8947	17.0	19.0	1.0	9.0	9.0	True	True	True	True	True	True	True
PSMB4	1.0	23.0	23.0	1.0	19.0	19.0	1.0	9.0	9.0	True	True	True	True	True	True	True
PSMB5	1.0	23.0	23.0	1.0	19.0	19.0	1.0	9.0	9.0	True	True	True	True	True	True	True
PSMB6	1.0	23.0	23.0	1.0	19.0	19.0	1.0	9.0	9.0	True	True	True	True	True	True	True
PSMB7	1.0	23.0	23.0	0.4737	9.0	19.0	1.0	9.0	9.0	True	False	True	False	True	True	True
PSMB8							1.0	9.0	9.0	False	False	True	False	False	True	True
PSMB9							1.0	9.0	9.0	False	False	True	False	False	True	True
PSMC1	1.0	23.0	23.0	1.0	19.0	19.0	1.0	9.0	9.0	True	True	True	True	True	True	True
PSMC2	1.0	23.0	23.0	0.9474	18.0	19.0	1.0	9.0	9.0	True	True	True	True	True	True	True
PSMC3							1.0	9.0	9.0	False	False	True	False	False	True	False
PSMC3IP							1.0	9.0	9.0	False	False	True	False	False	True	True
PSMC4	1.0	23.0	23.0	1.0	19.0	19.0	1.0	9.0	9.0	True	True	True	True	True	True	True
PSMC5	1.0	23.0	23.0	1.0	19.0	19.0	1.0	9.0	9.0	True	True	True	True	True	True	True
PSMC6	1.0	23.0	23.0	1.0	19.0	19.0	1.0	9.0	9.0	True	True	True	True	True	True	True
PSMD1	1.0	23.0	23.0	1.0	19.0	19.0	1.0	9.0	9.0	True	True	True	True	True	True	True
PSMD10	1.0	23.0	23.0				1.0	9.0	9.0	True	False	True	False	True	True	True
PSMD11	1.0	23.0	23.0	1.0	19.0	19.0	1.0	9.0	9.0	True	True	True	True	True	True	True
PSMD12	1.0	23.0	23.0	1.0	19.0	19.0	1.0	9.0	9.0	True	True	True	True	True	True	True
PSMD13	1.0	23.0	23.0	1.0	19.0	19.0	1.0	9.0	9.0	True	True	True	True	True	True	True
PSMD14	1.0	23.0	23.0	1.0	19.0	19.0	1.0	9.0	9.0	True	True	True	True	True	True	True
PSMD2	1.0	23.0	23.0	1.0	19.0	19.0	1.0	9.0	9.0	True	True	True	True	True	True	True
PSMD3	1.0	23.0	23.0	1.0	19.0	19.0	1.0	9.0	9.0	True	True	True	True	True	True	True
PSMD4							1.0	9.0	9.0	False	False	True	False	False	True	False
PSMD5	1.0	23.0	23.0	1.0	19.0	19.0	1.0	9.0	9.0	True	True	True	True	True	True	True
PSMD6	1.0	23.0	23.0	1.0	19.0	19.0	1.0	9.0	9.0	True	True	True	True	True	True	True
PSMD7	1.0	23.0	23.0	1.0	19.0	19.0	1.0	9.0	9.0	True	True	True	True	True	True	True
PSMD8	1.0	23.0	23.0	0.8421	16.0	19.0	1.0	9.0	9.0	True	True	True	True	True	True	True
PSMD9	1.0	23.0	23.0	1.0	19.0	19.0	1.0	9.0	9.0	True	True	True	True	True	True	True
PSME1	1.0	23.0	23.0	1.0	19.0	19.0	1.0	9.0	9.0	True	True	True	True	True	True	True
PSME2	1.0	23.0	23.0	1.0	19.0	19.0	1.0	9.0	9.0	True	True	True	True	True	True	True
PSME3	1.0	23.0	23.0	1.0	19.0	19.0	1.0	9.0	9.0	True	True	True	True	True	True	True
PSME3IP1							1.0	9.0	9.0	False	False	True	False	False	True	False
PSME4							1.0	9.0	9.0	False	False	True	False	False	True	True
PSMF1							1.0	9.0	9.0	False	False	True	False	False	True	True
PSMG1							1.0	9.0	9.0	False	False	True	False	False	True	True
PSMG2							1.0	9.0	9.0	False	False	True	False	False	True	True
PSMG3							1.0	9.0	9.0	False	False	True	False	False	True	True
PSMG4							1.0	9.0	9.0	False	False	True	False	False	True	True
PSPC1	1.0	23.0	23.0	1.0	19.0	19.0	1.0	9.0	9.0	True	True	True	True	True	True	True
PSPH	1.0	23.0	23.0	0.7368	14.0	19.0	1.0	9.0	9.0	True	True	True	True	True	True	True
PSRC1							0.2222	2.0	9.0	False	False	False	False	False	True	False
PSTK							1.0	9.0	9.0	False	False	True	False	False	True	True
PSTPIP1							1.0	9.0	9.0	False	False	True	False	False	True	False
PSTPIP2							1.0	9.0	9.0	False	False	True	False	False	True	True
PTAFR							0.8889	8.0	9.0	False	False	True	False	False	True	False
PTAR1							1.0	9.0	9.0	False	False	True	False	False	True	True
PTBP1	1.0	23.0	23.0	0.9474	18.0	19.0	1.0	9.0	9.0	True	True	True	True	True	True	True
PTBP2							1.0	9.0	9.0	False	False	True	False	False	True	True
PTBP3				0.4737	9.0	19.0	1.0	9.0	9.0	False	False	True	False	False	True	True
PTCD1							1.0	9.0	9.0	False	False	True	False	False	True	False
PTCD2							1.0	9.0	9.0	False	False	True	False	False	True	True
PTCD3	0.8696	20.0	23.0				1.0	9.0	9.0	True	False	True	False	True	True	True
PTDSS1							1.0	9.0	9.0	False	False	True	False	False	True	True
PTDSS2							1.0	9.0	9.0	False	False	True	False	False	True	True
PTEN							1.0	9.0	9.0	False	False	True	False	False	True	True
PTER	1.0	23.0	23.0	1.0	19.0	19.0	1.0	9.0	9.0	True	True	True	True	True	True	True
PTF1A							0.3333	3.0	9.0	False	False	False	False	False	False	False
PTGDS							1.0	9.0	9.0	False	False	True	False	False	True	True
PTGER3							1.0	9.0	9.0	False	False	True	False	False	True	True
PTGER4							0.6667	6.0	9.0	False	False	True	False	False	True	True
PTGES				0.4737	9.0	19.0	1.0	9.0	9.0	False	False	True	False	False	True	True
PTGES2	1.0	23.0	23.0	1.0	19.0	19.0	1.0	9.0	9.0	True	True	True	True	True	True	True
PTGES3	1.0	23.0	23.0	1.0	19.0	19.0	1.0	9.0	9.0	True	True	True	True	True	True	True
PTGES3L							1.0	9.0	9.0	False	False	True	False	False	True	False
PTGFR							0.8889	8.0	9.0	False	False	True	False	False	True	True
PTGFRN							1.0	9.0	9.0	False	False	True	False	False	True	True
PTGIR							1.0	9.0	9.0	False	False	True	False	False	True	False
PTGIS	1.0	23.0	23.0	1.0	19.0	19.0	1.0	9.0	9.0	True	True	True	True	True	True	True
PTGR1	1.0	23.0	23.0	1.0	19.0	19.0	1.0	9.0	9.0	True	True	True	True	True	True	True
PTGR2	1.0	23.0	23.0	0.9474	18.0	19.0	1.0	9.0	9.0	True	True	True	True	True	True	True
PTGR3	1.0	23.0	23.0	1.0	19.0	19.0	1.0	9.0	9.0	True	True	True	True	True	True	False
PTGS1	1.0	23.0	23.0	0.6316	12.0	19.0	1.0	9.0	9.0	True	True	True	True	True	True	True
PTGS2							0.4444	4.0	9.0	False	False	False	False	False	True	False
PTH1R							1.0	9.0	9.0	False	False	True	False	False	True	True
PTK2	0.8696	20.0	23.0	1.0	19.0	19.0	1.0	9.0	9.0	True	True	True	True	True	True	True
PTK2B							1.0	9.0	9.0	False	False	True	False	False	True	True
PTK7	1.0	23.0	23.0	1.0	19.0	19.0	1.0	9.0	9.0	True	True	True	True	True	True	True
PTMA							1.0	9.0	9.0	False	False	True	False	False	True	True
PTMS	1.0	23.0	23.0				1.0	9.0	9.0	True	False	True	False	True	True	True
PTN				0.3158	6.0	19.0	1.0	9.0	9.0	False	False	True	False	False	True	True
PTOV1							1.0	9.0	9.0	False	False	True	False	False	True	True
PTP4A1							1.0	9.0	9.0	False	False	True	False	False	True	True
PTP4A2							1.0	9.0	9.0	False	False	True	False	False	True	True
PTP4A3							1.0	9.0	9.0	False	False	True	False	False	True	True
PTPA	1.0	23.0	23.0	1.0	19.0	19.0	1.0	9.0	9.0	True	True	True	True	True	True	False
PTPDC1							1.0	9.0	9.0	False	False	True	False	False	True	True
PTPMT1							1.0	9.0	9.0	False	False	True	False	False	True	True
PTPN1							1.0	9.0	9.0	False	False	True	False	False	True	True
PTPN11	1.0	23.0	23.0	0.9474	18.0	19.0	1.0	9.0	9.0	True	True	True	True	True	True	True
PTPN12							1.0	9.0	9.0	False	False	True	False	False	True	True
PTPN13							1.0	9.0	9.0	False	False	True	False	False	True	True
PTPN14							1.0	9.0	9.0	False	False	True	False	False	True	True
PTPN18							1.0	9.0	9.0	False	False	True	False	False	True	True
PTPN2							1.0	9.0	9.0	False	False	True	False	False	True	True
PTPN21							1.0	9.0	9.0	False	False	True	False	False	True	True
PTPN22							1.0	9.0	9.0	False	False	True	False	False	True	True
PTPN23	0.8261	19.0	23.0	0.6316	12.0	19.0	1.0	9.0	9.0	True	True	True	True	True	True	True
PTPN3							1.0	9.0	9.0	False	False	True	False	False	True	True
PTPN4							1.0	9.0	9.0	False	False	True	False	False	True	True
PTPN6	1.0	23.0	23.0	1.0	19.0	19.0	1.0	9.0	9.0	True	True	True	True	True	True	True
PTPN7							1.0	9.0	9.0	False	False	True	False	False	True	False
PTPN9							1.0	9.0	9.0	False	False	True	False	False	True	True
PTPRA							1.0	9.0	9.0	False	False	True	False	False	True	True
PTPRB							1.0	9.0	9.0	False	False	True	False	False	True	True
PTPRC				0.3684	7.0	19.0	1.0	9.0	9.0	False	False	True	False	False	True	True
PTPRCAP							0.6667	6.0	9.0	False	False	True	False	False	True	False
PTPRD							1.0	9.0	9.0	False	False	True	False	False	True	True
PTPRE							1.0	9.0	9.0	False	False	True	False	False	True	False
PTPRF							1.0	9.0	9.0	False	False	True	False	False	True	True
PTPRG							1.0	9.0	9.0	False	False	True	False	False	True	False
PTPRJ							1.0	9.0	9.0	False	False	True	False	False	True	True
PTPRK							1.0	9.0	9.0	False	False	True	False	False	True	True
PTPRM							1.0	9.0	9.0	False	False	True	False	False	True	True
PTPRN							0.7778	7.0	9.0	False	False	True	False	False	True	False
PTPRO							1.0	9.0	9.0	False	False	True	False	False	True	True
PTPRS							1.0	9.0	9.0	False	False	True	False	False	True	True
PTPRU							1.0	9.0	9.0	False	False	True	False	False	True	True
PTRH1							1.0	9.0	9.0	False	False	True	False	False	True	True
PTRH2	1.0	23.0	23.0				1.0	9.0	9.0	True	False	True	False	True	True	True
PTRHD1	1.0	23.0	23.0	0.6316	12.0	19.0	1.0	9.0	9.0	True	True	True	True	True	True	True
PTS							1.0	9.0	9.0	False	False	True	False	False	True	True
PTTG1							1.0	9.0	9.0	False	False	True	False	False	True	False
PTTG1IP							1.0	9.0	9.0	False	False	True	False	False	True	True
PUDP				0.9474	18.0	19.0				False	True	False	False	False	False	False
PUF60	1.0	23.0	23.0	1.0	19.0	19.0	1.0	9.0	9.0	True	True	True	True	True	True	True
PUM1	1.0	23.0	23.0				1.0	9.0	9.0	True	False	True	False	True	True	True
PUM2							1.0	9.0	9.0	False	False	True	False	False	True	True
PUM3							1.0	9.0	9.0	False	False	True	False	False	True	False
PURA							1.0	9.0	9.0	False	False	True	False	False	True	True
PURB	1.0	23.0	23.0	1.0	19.0	19.0	1.0	9.0	9.0	True	True	True	True	True	True	True
PURG							1.0	9.0	9.0	False	False	True	False	False	True	True
PUS1							1.0	9.0	9.0	False	False	True	False	False	True	True
PUS10							1.0	9.0	9.0	False	False	True	False	False	True	True
PUS3							1.0	9.0	9.0	False	False	True	False	False	True	False
PUS7							1.0	9.0	9.0	False	False	True	False	False	True	True
PUS7L							1.0	9.0	9.0	False	False	True	False	False	True	False
PUSL1							1.0	9.0	9.0	False	False	True	False	False	True	True
PVALB	0.7826	18.0	23.0				1.0	9.0	9.0	True	False	True	False	True	True	False
PVR							1.0	9.0	9.0	False	False	True	False	False	True	True
PWP1							1.0	9.0	9.0	False	False	True	False	False	True	True
PWP2							1.0	9.0	9.0	False	False	True	False	False	True	True
PWWP2A							1.0	9.0	9.0	False	False	True	False	False	True	True
PWWP2B							1.0	9.0	9.0	False	False	True	False	False	True	True
PWWP3A							1.0	9.0	9.0	False	False	True	False	False	True	False
PWWP3B							1.0	9.0	9.0	False	False	True	False	False	True	False
PWWP4A							0.5556	5.0	9.0	False	False	True	False	False	False	False
PXDC1							1.0	9.0	9.0	False	False	True	False	False	True	True
PXDN				0.4737	9.0	19.0	1.0	9.0	9.0	False	False	True	False	False	True	True
PXK							1.0	9.0	9.0	False	False	True	False	False	True	True
PXMP2							1.0	9.0	9.0	False	False	True	False	False	True	True
PXMP4							1.0	9.0	9.0	False	False	True	False	False	True	True
PXN	1.0	23.0	23.0	1.0	19.0	19.0	1.0	9.0	9.0	True	True	True	True	True	True	True
PXYLP1							1.0	9.0	9.0	False	False	True	False	False	True	True
PYCARD	1.0	23.0	23.0	1.0	19.0	19.0	1.0	9.0	9.0	True	True	True	True	True	True	True
PYCR1							0.8889	8.0	9.0	False	False	True	False	False	True	False
PYCR2							1.0	9.0	9.0	False	False	True	False	False	True	True
PYCR3	1.0	23.0	23.0	1.0	19.0	19.0	1.0	9.0	9.0	True	True	True	True	True	True	False
PYGB	1.0	23.0	23.0	1.0	19.0	19.0	1.0	9.0	9.0	True	True	True	True	True	True	True
PYGL							1.0	9.0	9.0	False	False	True	False	False	True	False
PYGM	1.0	23.0	23.0				1.0	9.0	9.0	True	False	True	False	True	True	True
PYGO2							1.0	9.0	9.0	False	False	True	False	False	True	True
PYHIN1							1.0	9.0	9.0	False	False	True	False	False	True	False
PYM1							1.0	9.0	9.0	False	False	True	False	False	True	False
PYROXD1							1.0	9.0	9.0	False	False	True	False	False	True	True
PYROXD2	1.0	23.0	23.0	1.0	19.0	19.0	1.0	9.0	9.0	True	True	True	True	True	True	True
PYURF							1.0	9.0	9.0	False	False	True	False	False	True	True
PZP							1.0	9.0	9.0	False	False	True	False	False	True	False
QARS1	1.0	23.0	23.0	0.9474	18.0	19.0	1.0	9.0	9.0	True	True	True	True	True	True	False
QDPR	1.0	23.0	23.0	1.0	19.0	19.0	1.0	9.0	9.0	True	True	True	True	True	True	True
QKI							1.0	9.0	9.0	False	False	True	False	False	True	False
QNG1							1.0	9.0	9.0	False	False	True	False	False	False	False
QPCT							1.0	9.0	9.0	False	False	True	False	False	True	False
QPCTL							1.0	9.0	9.0	False	False	True	False	False	True	True
QPRT	1.0	23.0	23.0	1.0	19.0	19.0	1.0	9.0	9.0	True	True	True	True	True	True	True
QRICH1							1.0	9.0	9.0	False	False	True	False	False	True	True
QRSL1	0.6087	14.0	23.0				1.0	9.0	9.0	True	False	True	False	True	True	True
QSER1							1.0	9.0	9.0	False	False	True	False	False	True	True
QSOX1							1.0	9.0	9.0	False	False	True	False	False	True	True
QSOX2							1.0	9.0	9.0	False	False	True	False	False	True	True
QTGAL							0.8889	8.0	9.0	False	False	True	False	False	True	True
QTMAN							1.0	9.0	9.0	False	False	True	False	False	True	True
QTRT1							1.0	9.0	9.0	False	False	True	False	False	True	True
QTRT2							1.0	9.0	9.0	False	False	True	False	False	True	False
R3HCC1							1.0	9.0	9.0	False	False	True	False	False	True	True
R3HCC1L							1.0	9.0	9.0	False	False	True	False	False	True	True
R3HDM1							1.0	9.0	9.0	False	False	True	False	False	True	True
R3HDM2							1.0	9.0	9.0	False	False	True	False	False	True	True
R3HDM4							1.0	9.0	9.0	False	False	True	False	False	True	True
RAB10	1.0	23.0	23.0	1.0	19.0	19.0	1.0	9.0	9.0	True	True	True	True	True	True	True
RAB11A							1.0	9.0	9.0	False	False	True	False	False	True	True
RAB11B	1.0	23.0	23.0	1.0	19.0	19.0	1.0	9.0	9.0	True	True	True	True	True	True	True
RAB11FIP1	1.0	23.0	23.0				1.0	9.0	9.0	True	False	True	False	True	True	True
RAB11FIP2							1.0	9.0	9.0	False	False	True	False	False	True	True
RAB11FIP3							1.0	9.0	9.0	False	False	True	False	False	True	True
RAB11FIP4							1.0	9.0	9.0	False	False	True	False	False	True	True
RAB11FIP5	1.0	23.0	23.0	1.0	19.0	19.0	1.0	9.0	9.0	True	True	True	True	True	True	True
RAB12							1.0	9.0	9.0	False	False	True	False	False	True	True
RAB13							1.0	9.0	9.0	False	False	True	False	False	True	True
RAB14	1.0	23.0	23.0	1.0	19.0	19.0	1.0	9.0	9.0	True	True	True	True	True	True	True
RAB15							1.0	9.0	9.0	False	False	True	False	False	True	True
RAB17							1.0	9.0	9.0	False	False	True	False	False	True	True
RAB18	1.0	23.0	23.0	1.0	19.0	19.0	1.0	9.0	9.0	True	True	True	True	True	True	True
RAB19							1.0	9.0	9.0	False	False	True	False	False	True	True
RAB1A	1.0	23.0	23.0	1.0	19.0	19.0	1.0	9.0	9.0	True	True	True	True	True	True	False
RAB1B	1.0	23.0	23.0	1.0	19.0	19.0	1.0	9.0	9.0	True	True	True	True	True	True	True
RAB20							1.0	9.0	9.0	False	False	True	False	False	True	True
RAB21							1.0	9.0	9.0	False	False	True	False	False	True	False
RAB22A							1.0	9.0	9.0	False	False	True	False	False	True	True
RAB23							1.0	9.0	9.0	False	False	True	False	False	True	True
RAB24							1.0	9.0	9.0	False	False	True	False	False	True	True
RAB25							1.0	9.0	9.0	False	False	True	False	False	True	True
RAB27A							1.0	9.0	9.0	False	False	True	False	False	True	True
RAB27B							1.0	9.0	9.0	False	False	True	False	False	True	False
RAB28							1.0	9.0	9.0	False	False	True	False	False	True	True
RAB29	0.5217	12.0	23.0				1.0	9.0	9.0	True	False	True	False	True	True	True
RAB2A	1.0	23.0	23.0	1.0	19.0	19.0	1.0	9.0	9.0	True	True	True	True	True	True	True
RAB2B							1.0	9.0	9.0	False	False	True	False	False	True	True
RAB30							1.0	9.0	9.0	False	False	True	False	False	True	False
RAB31							1.0	9.0	9.0	False	False	True	False	False	True	True
RAB32							1.0	9.0	9.0	False	False	True	False	False	True	True
RAB33B							1.0	9.0	9.0	False	False	True	False	False	True	True
RAB34							1.0	9.0	9.0	False	False	True	False	False	True	True
RAB35							1.0	9.0	9.0	False	False	True	False	False	True	False
RAB36							1.0	9.0	9.0	False	False	True	False	False	True	False
RAB37							1.0	9.0	9.0	False	False	True	False	False	True	False
RAB38							1.0	9.0	9.0	False	False	True	False	False	True	True
RAB39A							0.8889	8.0	9.0	False	False	True	False	False	True	False
RAB39B							1.0	9.0	9.0	False	False	True	False	False	False	False
RAB3A				1.0	19.0	19.0	1.0	9.0	9.0	False	True	True	False	True	True	True
RAB3B							1.0	9.0	9.0	False	False	True	False	False	True	False
RAB3C							1.0	9.0	9.0	False	False	True	False	False	False	False
RAB3D							1.0	9.0	9.0	False	False	True	False	False	True	True
RAB3GAP1	1.0	23.0	23.0	1.0	19.0	19.0	1.0	9.0	9.0	True	True	True	True	True	True	True
RAB3GAP2	0.8696	20.0	23.0	0.8421	16.0	19.0	1.0	9.0	9.0	True	True	True	True	True	True	True
RAB3IL1	1.0	23.0	23.0				1.0	9.0	9.0	True	False	True	False	True	True	True
RAB3IP							1.0	9.0	9.0	False	False	True	False	False	True	False
RAB40C							1.0	9.0	9.0	False	False	True	False	False	True	True
RAB42							1.0	9.0	9.0	False	False	True	False	False	True	False
RAB43							1.0	9.0	9.0	False	False	True	False	False	True	True
RAB44							0.4444	4.0	9.0	False	False	False	False	False	False	False
RAB4A	0.6957	16.0	23.0				1.0	9.0	9.0	True	False	True	False	True	True	True
RAB4B							1.0	9.0	9.0	False	False	True	False	False	True	False
RAB5A	1.0	23.0	23.0	1.0	19.0	19.0	1.0	9.0	9.0	True	True	True	True	True	True	True
RAB5B	1.0	23.0	23.0	1.0	19.0	19.0	1.0	9.0	9.0	True	True	True	True	True	True	True
RAB5C	1.0	23.0	23.0	1.0	19.0	19.0	1.0	9.0	9.0	True	True	True	True	True	True	True
RAB5IF							1.0	9.0	9.0	False	False	True	False	False	True	False
RAB6A	1.0	23.0	23.0	0.9474	18.0	19.0	1.0	9.0	9.0	True	True	True	True	True	True	True
RAB6B							1.0	9.0	9.0	False	False	True	False	False	True	True
RAB7A							1.0	9.0	9.0	False	False	True	False	False	True	False
RAB7B							0.6667	6.0	9.0	False	False	True	False	False	True	False
RAB8A							1.0	9.0	9.0	False	False	True	False	False	True	False
RAB8B	1.0	23.0	23.0	1.0	19.0	19.0	1.0	9.0	9.0	True	True	True	True	True	True	True
RAB9A	1.0	23.0	23.0				1.0	9.0	9.0	True	False	True	False	True	True	True
RABAC1							1.0	9.0	9.0	False	False	True	False	False	True	True
RABEP1							1.0	9.0	9.0	False	False	True	False	False	True	True
RABEP2							1.0	9.0	9.0	False	False	True	False	False	True	True
RABEPK							1.0	9.0	9.0	False	False	True	False	False	True	True
RABGAP1	1.0	23.0	23.0	0.5263	10.0	19.0	1.0	9.0	9.0	True	True	True	True	True	True	True
RABGAP1L							1.0	9.0	9.0	False	False	True	False	False	True	True
RABGEF1							1.0	9.0	9.0	False	False	True	False	False	True	True
RABGGTA	0.7391	17.0	23.0	0.8421	16.0	19.0	1.0	9.0	9.0	True	True	True	True	True	True	True
RABGGTB							1.0	9.0	9.0	False	False	True	False	False	True	True
RABIF							1.0	9.0	9.0	False	False	True	False	False	True	True
RABL2							1.0	9.0	9.0	False	False	True	False	False	True	False
RABL3	1.0	23.0	23.0				1.0	9.0	9.0	True	False	True	False	True	True	True
RABL6							1.0	9.0	9.0	False	False	True	False	False	True	True
RAC1	1.0	23.0	23.0	1.0	19.0	19.0	1.0	9.0	9.0	True	True	True	True	True	True	True
RAC2	0.8261	19.0	23.0				1.0	9.0	9.0	True	False	True	False	True	True	True
RAC3							1.0	9.0	9.0	False	False	True	False	False	True	True
RACGAP1							1.0	9.0	9.0	False	False	True	False	False	True	False
RACK1	1.0	23.0	23.0	1.0	19.0	19.0	1.0	9.0	9.0	True	True	True	True	True	True	False
RAD1							1.0	9.0	9.0	False	False	True	False	False	True	True
RAD17							1.0	9.0	9.0	False	False	True	False	False	True	True
RAD18							1.0	9.0	9.0	False	False	True	False	False	True	True
RAD21	0.8696	20.0	23.0				1.0	9.0	9.0	True	False	True	False	True	True	True
RAD23A	1.0	23.0	23.0	1.0	19.0	19.0	1.0	9.0	9.0	True	True	True	True	True	True	True
RAD23B	1.0	23.0	23.0	1.0	19.0	19.0	1.0	9.0	9.0	True	True	True	True	True	True	True
RAD50							1.0	9.0	9.0	False	False	True	False	False	True	True
RAD51							0.4444	4.0	9.0	False	False	False	False	False	True	False
RAD51AP1							0.5556	5.0	9.0	False	False	True	False	False	True	False
RAD51B							1.0	9.0	9.0	False	False	True	False	False	True	False
RAD51C							1.0	9.0	9.0	False	False	True	False	False	True	False
RAD51D							1.0	9.0	9.0	False	False	True	False	False	True	True
RAD52							0.8889	8.0	9.0	False	False	True	False	False	True	True
RAD54L2							1.0	9.0	9.0	False	False	True	False	False	True	True
RAD9A							1.0	9.0	9.0	False	False	True	False	False	True	True
RADIL							0.6667	6.0	9.0	False	False	True	False	False	True	False
RADX							0.6667	6.0	9.0	False	False	True	False	False	True	False
RAE1							1.0	9.0	9.0	False	False	True	False	False	True	True
RAET1D							0.6667	6.0	9.0	False	False	True	False	False	False	False
RAET1E							0.6667	6.0	9.0	False	False	True	False	False	True	False
RAF1							1.0	9.0	9.0	False	False	True	False	False	True	True
RAI1							1.0	9.0	9.0	False	False	True	False	False	True	True
RAI14	1.0	23.0	23.0	1.0	19.0	19.0	1.0	9.0	9.0	True	True	True	True	True	True	True
RAI2							0.5556	5.0	9.0	False	False	True	False	False	True	True
RALA	1.0	23.0	23.0	1.0	19.0	19.0	1.0	9.0	9.0	True	True	True	True	True	True	True
RALB	0.6957	16.0	23.0	0.8421	16.0	19.0	1.0	9.0	9.0	True	True	True	True	True	True	True
RALBP1							1.0	9.0	9.0	False	False	True	False	False	True	True
RALGAPA1							1.0	9.0	9.0	False	False	True	False	False	True	True
RALGAPA2							1.0	9.0	9.0	False	False	True	False	False	True	True
RALGAPB							1.0	9.0	9.0	False	False	True	False	False	True	True
RALGDS							0.6667	6.0	9.0	False	False	True	False	False	True	True
RALGPS1							1.0	9.0	9.0	False	False	True	False	False	True	True
RALGPS2							1.0	9.0	9.0	False	False	True	False	False	True	True
RALY	1.0	23.0	23.0	1.0	19.0	19.0	1.0	9.0	9.0	True	True	True	True	True	True	True
RAMAC							1.0	9.0	9.0	False	False	True	False	False	True	False
RAMP2							1.0	9.0	9.0	False	False	True	False	False	True	True
RAMP3							1.0	9.0	9.0	False	False	True	False	False	True	True
RAN	1.0	23.0	23.0	0.9474	18.0	19.0	1.0	9.0	9.0	True	True	True	True	True	True	True
RANBP1	1.0	23.0	23.0	1.0	19.0	19.0	1.0	9.0	9.0	True	True	True	True	True	True	True
RANBP10							1.0	9.0	9.0	False	False	True	False	False	True	True
RANBP17							1.0	9.0	9.0	False	False	True	False	False	True	False
RANBP2	1.0	23.0	23.0	0.8947	17.0	19.0	1.0	9.0	9.0	True	True	True	True	True	True	True
RANBP3							1.0	9.0	9.0	False	False	True	False	False	True	True
RANBP3L							1.0	9.0	9.0	False	False	True	False	False	True	True
RANBP6							1.0	9.0	9.0	False	False	True	False	False	True	True
RANBP9							1.0	9.0	9.0	False	False	True	False	False	True	True
RANGAP1	0.9565	22.0	23.0				1.0	9.0	9.0	True	False	True	False	True	True	True
RAP1A	1.0	23.0	23.0	1.0	19.0	19.0	1.0	9.0	9.0	True	True	True	True	True	True	True
RAP1B	1.0	23.0	23.0	1.0	19.0	19.0	1.0	9.0	9.0	True	True	True	True	True	True	True
RAP1GAP				0.9474	18.0	19.0	1.0	9.0	9.0	False	True	True	False	True	True	True
RAP1GAP2							1.0	9.0	9.0	False	False	True	False	False	True	True
RAP1GDS1	0.6522	15.0	23.0	0.6842	13.0	19.0	1.0	9.0	9.0	True	True	True	True	True	True	True
RAP2A							1.0	9.0	9.0	False	False	True	False	False	True	True
RAP2B							1.0	9.0	9.0	False	False	True	False	False	True	False
RAP2C	1.0	23.0	23.0				1.0	9.0	9.0	True	False	True	False	True	True	True
RAPGEF1							1.0	9.0	9.0	False	False	True	False	False	True	True
RAPGEF2							1.0	9.0	9.0	False	False	True	False	False	True	True
RAPGEF3							1.0	9.0	9.0	False	False	True	False	False	True	True
RAPGEF4							1.0	9.0	9.0	False	False	True	False	False	True	True
RAPGEF5							1.0	9.0	9.0	False	False	True	False	False	True	True
RAPGEF6							1.0	9.0	9.0	False	False	True	False	False	True	True
RAPH1							1.0	9.0	9.0	False	False	True	False	False	True	True
RAPSN							0.4444	4.0	9.0	False	False	False	False	False	True	False
RARA							1.0	9.0	9.0	False	False	True	False	False	True	True
RARB							0.5556	5.0	9.0	False	False	True	False	False	True	True
RARG							1.0	9.0	9.0	False	False	True	False	False	True	True
RARRES1							0.7778	7.0	9.0	False	False	True	False	False	True	False
RARRES2	0.8696	20.0	23.0				1.0	9.0	9.0	True	False	True	False	True	True	True
RARS1	1.0	23.0	23.0	1.0	19.0	19.0	1.0	9.0	9.0	True	True	True	True	True	True	False
RARS2							1.0	9.0	9.0	False	False	True	False	False	True	True
RASA1							1.0	9.0	9.0	False	False	True	False	False	True	True
RASA2							1.0	9.0	9.0	False	False	True	False	False	True	True
RASA3							1.0	9.0	9.0	False	False	True	False	False	True	True
RASA4							1.0	9.0	9.0	False	False	True	False	False	True	False
RASAL1							1.0	9.0	9.0	False	False	True	False	False	True	False
RASAL2							1.0	9.0	9.0	False	False	True	False	False	True	True
RASAL3							1.0	9.0	9.0	False	False	True	False	False	True	False
RASD1							0.4444	4.0	9.0	False	False	False	False	False	True	True
RASEF							0.8889	8.0	9.0	False	False	True	False	False	True	False
RASGEF1B							0.6667	6.0	9.0	False	False	True	False	False	True	False
RASGRF2							1.0	9.0	9.0	False	False	True	False	False	True	False
RASGRP2							1.0	9.0	9.0	False	False	True	False	False	True	True
RASGRP3							1.0	9.0	9.0	False	False	True	False	False	True	True
RASGRP4							0.3333	3.0	9.0	False	False	False	False	False	True	False
RASIP1							1.0	9.0	9.0	False	False	True	False	False	True	True
RASL11A							1.0	9.0	9.0	False	False	True	False	False	True	True
RASL11B							1.0	9.0	9.0	False	False	True	False	False	True	True
RASL12							1.0	9.0	9.0	False	False	True	False	False	True	True
RASSF1							1.0	9.0	9.0	False	False	True	False	False	True	True
RASSF10							0.6667	6.0	9.0	False	False	True	False	False	True	False
RASSF2							1.0	9.0	9.0	False	False	True	False	False	True	True
RASSF3							1.0	9.0	9.0	False	False	True	False	False	True	False
RASSF4							1.0	9.0	9.0	False	False	True	False	False	True	True
RASSF5							1.0	9.0	9.0	False	False	True	False	False	True	True
RASSF6							1.0	9.0	9.0	False	False	True	False	False	True	True
RASSF7							1.0	9.0	9.0	False	False	True	False	False	True	True
RASSF8							1.0	9.0	9.0	False	False	True	False	False	True	True
RASSF9							1.0	9.0	9.0	False	False	True	False	False	True	True
RAVER1	1.0	23.0	23.0	1.0	19.0	19.0	1.0	9.0	9.0	True	True	True	True	True	True	True
RAVER2							1.0	9.0	9.0	False	False	True	False	False	True	False
RB1							1.0	9.0	9.0	False	False	True	False	False	True	True
RB1CC1							1.0	9.0	9.0	False	False	True	False	False	True	True
RBAK							0.8889	8.0	9.0	False	False	True	False	False	True	True
RBBP4	1.0	23.0	23.0	1.0	19.0	19.0	1.0	9.0	9.0	True	True	True	True	True	True	True
RBBP5							1.0	9.0	9.0	False	False	True	False	False	True	True
RBBP6							1.0	9.0	9.0	False	False	True	False	False	True	True
RBBP7	1.0	23.0	23.0	0.7895	15.0	19.0	1.0	9.0	9.0	True	True	True	True	True	True	True
RBBP8							1.0	9.0	9.0	False	False	True	False	False	True	True
RBBP9	1.0	23.0	23.0	1.0	19.0	19.0	1.0	9.0	9.0	True	True	True	True	True	True	True
RBCK1							1.0	9.0	9.0	False	False	True	False	False	True	True
RBFA							1.0	9.0	9.0	False	False	True	False	False	True	True
RBFOX2							1.0	9.0	9.0	False	False	True	False	False	True	True
RBIS							1.0	9.0	9.0	False	False	True	False	False	True	False
RBKS	1.0	23.0	23.0				1.0	9.0	9.0	True	False	True	False	True	True	True
RBL1							1.0	9.0	9.0	False	False	True	False	False	True	True
RBL2							1.0	9.0	9.0	False	False	True	False	False	True	True
RBM10							1.0	9.0	9.0	False	False	True	False	False	True	True
RBM11							1.0	9.0	9.0	False	False	True	False	False	True	False
RBM12							1.0	9.0	9.0	False	False	True	False	False	True	False
RBM12B1							1.0	9.0	9.0	False	False	True	False	False	True	False
RBM12B2							1.0	9.0	9.0	False	False	True	False	False	True	False
RBM14	1.0	23.0	23.0	1.0	19.0	19.0	1.0	9.0	9.0	True	True	True	True	True	True	True
RBM15							1.0	9.0	9.0	False	False	True	False	False	True	True
RBM15B							1.0	9.0	9.0	False	False	True	False	False	True	True
RBM17							1.0	9.0	9.0	False	False	True	False	False	True	True
RBM18							1.0	9.0	9.0	False	False	True	False	False	True	True
RBM19							1.0	9.0	9.0	False	False	True	False	False	True	True
RBM20							1.0	9.0	9.0	False	False	True	False	False	True	True
RBM22	0.8261	19.0	23.0				1.0	9.0	9.0	True	False	True	False	True	True	True
RBM25	0.6522	15.0	23.0	1.0	19.0	19.0	1.0	9.0	9.0	True	True	True	True	True	True	True
RBM26							1.0	9.0	9.0	False	False	True	False	False	True	True
RBM27							1.0	9.0	9.0	False	False	True	False	False	True	True
RBM28							1.0	9.0	9.0	False	False	True	False	False	True	True
RBM3				0.6316	12.0	19.0	1.0	9.0	9.0	False	True	True	False	True	True	True
RBM33							1.0	9.0	9.0	False	False	True	False	False	True	True
RBM34							1.0	9.0	9.0	False	False	True	False	False	True	True
RBM38							0.8889	8.0	9.0	False	False	True	False	False	True	True
RBM39	0.8261	19.0	23.0	1.0	19.0	19.0	1.0	9.0	9.0	True	True	True	True	True	True	True
RBM4	1.0	23.0	23.0				1.0	9.0	9.0	True	False	True	False	True	True	False
RBM41							1.0	9.0	9.0	False	False	True	False	False	True	True
RBM42							1.0	9.0	9.0	False	False	True	False	False	True	False
RBM43							1.0	9.0	9.0	False	False	True	False	False	True	True
RBM45				1.0	19.0	19.0	1.0	9.0	9.0	False	True	True	False	True	True	True
RBM46							0.1111	1.0	9.0	False	False	False	False	False	False	False
RBM47	1.0	23.0	23.0	1.0	19.0	19.0	1.0	9.0	9.0	True	True	True	True	True	True	True
RBM48							1.0	9.0	9.0	False	False	True	False	False	True	True
RBM4B				1.0	19.0	19.0	1.0	9.0	9.0	False	True	True	False	True	True	True
RBM5							1.0	9.0	9.0	False	False	True	False	False	True	True
RBM6							1.0	9.0	9.0	False	False	True	False	False	True	True
RBM7							1.0	9.0	9.0	False	False	True	False	False	True	True
RBM8A	0.9565	22.0	23.0	0.6316	12.0	19.0	1.0	9.0	9.0	True	True	True	True	True	True	True
RBMS1				1.0	19.0	19.0	1.0	9.0	9.0	False	True	True	False	True	True	True
RBMS2							1.0	9.0	9.0	False	False	True	False	False	True	True
RBMS3							1.0	9.0	9.0	False	False	True	False	False	True	True
RBMX	1.0	23.0	23.0	1.0	19.0	19.0	1.0	9.0	9.0	True	True	True	True	True	True	True
RBMX2							1.0	9.0	9.0	False	False	True	False	False	True	True
RBP1	1.0	23.0	23.0	1.0	19.0	19.0	1.0	9.0	9.0	True	True	True	True	True	True	True
RBP2							0.5556	5.0	9.0	False	False	True	False	False	True	False
RBP4	1.0	23.0	23.0	1.0	19.0	19.0	1.0	9.0	9.0	True	True	True	True	True	True	True
RBP7							0.7778	7.0	9.0	False	False	True	False	False	True	False
RBPJ							1.0	9.0	9.0	False	False	True	False	False	True	True
RBPMS	1.0	23.0	23.0	1.0	19.0	19.0	1.0	9.0	9.0	True	True	True	True	True	True	True
RBPMS2							1.0	9.0	9.0	False	False	True	False	False	True	False
RBSN							1.0	9.0	9.0	False	False	True	False	False	True	False
RBX1							1.0	9.0	9.0	False	False	True	False	False	True	True
RC3H1							1.0	9.0	9.0	False	False	True	False	False	True	True
RC3H2							1.0	9.0	9.0	False	False	True	False	False	True	True
RCAN1							1.0	9.0	9.0	False	False	True	False	False	True	True
RCAN3							1.0	9.0	9.0	False	False	True	False	False	True	True
RCBTB1							1.0	9.0	9.0	False	False	True	False	False	True	True
RCBTB2							1.0	9.0	9.0	False	False	True	False	False	True	True
RCC1	0.8261	19.0	23.0	0.8947	17.0	19.0	1.0	9.0	9.0	True	True	True	True	True	True	True
RCC1L							1.0	9.0	9.0	False	False	True	False	False	True	False
RCC2	1.0	23.0	23.0	1.0	19.0	19.0	1.0	9.0	9.0	True	True	True	True	True	True	True
RCCD1							1.0	9.0	9.0	False	False	True	False	False	True	False
RCE1							1.0	9.0	9.0	False	False	True	False	False	True	True
RCHY1							1.0	9.0	9.0	False	False	True	False	False	True	True
RCL1							1.0	9.0	9.0	False	False	True	False	False	True	True
RCN1	1.0	23.0	23.0	1.0	19.0	19.0	1.0	9.0	9.0	True	True	True	True	True	True	True
RCN2	1.0	23.0	23.0	1.0	19.0	19.0	1.0	9.0	9.0	True	True	True	True	True	True	True
RCN3				0.9474	18.0	19.0	1.0	9.0	9.0	False	True	True	False	True	True	True
RCOR1							1.0	9.0	9.0	False	False	True	False	False	True	True
RCOR2							0.6667	6.0	9.0	False	False	True	False	False	True	False
RCOR3							1.0	9.0	9.0	False	False	True	False	False	True	True
RCSD1	0.4783	11.0	23.0	1.0	19.0	19.0	1.0	9.0	9.0	False	True	True	False	True	True	True
RDH1							0.3333	3.0	9.0	False	False	False	False	False	False	False
RDH10							1.0	9.0	9.0	False	False	True	False	False	True	True
RDH11							1.0	9.0	9.0	False	False	True	False	False	True	True
RDH12							1.0	9.0	9.0	False	False	True	False	False	True	False
RDH13							1.0	9.0	9.0	False	False	True	False	False	True	True
RDH14	1.0	23.0	23.0	0.8421	16.0	19.0	1.0	9.0	9.0	True	True	True	True	True	True	True
RDH16	1.0	23.0	23.0	0.6842	13.0	19.0	1.0	9.0	9.0	True	True	True	True	True	True	True
RDH16F2							1.0	9.0	9.0	False	False	True	False	False	True	False
RDH5							0.3333	3.0	9.0	False	False	False	False	False	True	True
RDH7							1.0	9.0	9.0	False	False	True	False	False	False	False
RDH9							0.4444	4.0	9.0	False	False	False	False	False	True	False
RDX	1.0	23.0	23.0	1.0	19.0	19.0	1.0	9.0	9.0	True	True	True	True	True	True	True
RECK							1.0	9.0	9.0	False	False	True	False	False	True	True
RECQL							1.0	9.0	9.0	False	False	True	False	False	True	True
RECQL5							1.0	9.0	9.0	False	False	True	False	False	True	True
REEP1							0.1111	1.0	9.0	False	False	False	False	False	True	False
REEP2							1.0	9.0	9.0	False	False	True	False	False	True	False
REEP3							1.0	9.0	9.0	False	False	True	False	False	True	True
REEP4							1.0	9.0	9.0	False	False	True	False	False	True	True
REEP5	1.0	23.0	23.0	1.0	19.0	19.0	1.0	9.0	9.0	True	True	True	True	True	True	True
REEP6	1.0	23.0	23.0				1.0	9.0	9.0	True	False	True	False	True	True	True
REG1							1.0	9.0	9.0	False	False	True	False	False	False	False
REG2							0.8889	8.0	9.0	False	False	True	False	False	False	False
REG3A							0.8889	8.0	9.0	False	False	True	False	False	False	False
REG3B							1.0	9.0	9.0	False	False	True	False	False	False	False
REG3G							1.0	9.0	9.0	False	False	True	False	False	True	False
REL							1.0	9.0	9.0	False	False	True	False	False	True	False
RELA							1.0	9.0	9.0	False	False	True	False	False	True	True
RELB							1.0	9.0	9.0	False	False	True	False	False	True	True
RELCH	1.0	23.0	23.0				1.0	9.0	9.0	True	False	True	False	True	True	False
RELL1							1.0	9.0	9.0	False	False	True	False	False	True	True
RELN							1.0	9.0	9.0	False	False	True	False	False	True	False
REM1							1.0	9.0	9.0	False	False	True	False	False	True	True
REM2							1.0	9.0	9.0	False	False	True	False	False	True	False
REN	1.0	23.0	23.0				1.0	9.0	9.0	True	False	True	False	True	True	True
RENBP	1.0	23.0	23.0	1.0	19.0	19.0	1.0	9.0	9.0	True	True	True	True	True	True	True
REPIN1							1.0	9.0	9.0	False	False	True	False	False	True	True
REPS1							1.0	9.0	9.0	False	False	True	False	False	True	True
REPS2							1.0	9.0	9.0	False	False	True	False	False	True	True
RER1	1.0	23.0	23.0				1.0	9.0	9.0	True	False	True	False	True	True	True
RERE							1.0	9.0	9.0	False	False	True	False	False	True	True
RERG							1.0	9.0	9.0	False	False	True	False	False	True	True
RERGL							0.7778	7.0	9.0	False	False	True	False	False	True	True
RESF1							1.0	9.0	9.0	False	False	True	False	False	True	False
REST							1.0	9.0	9.0	False	False	True	False	False	True	True
RETN							1.0	9.0	9.0	False	False	True	False	False	True	False
RETNLB							1.0	9.0	9.0	False	False	True	False	False	False	False
RETNLG							1.0	9.0	9.0	False	False	True	False	False	True	False
RETREG1							1.0	9.0	9.0	False	False	True	False	False	True	False
RETREG2							1.0	9.0	9.0	False	False	True	False	False	True	False
RETREG3							1.0	9.0	9.0	False	False	True	False	False	True	False
RETSAT	1.0	23.0	23.0	1.0	19.0	19.0	1.0	9.0	9.0	True	True	True	True	True	True	True
REV1							0.6667	6.0	9.0	False	False	True	False	False	True	True
REV3L							1.0	9.0	9.0	False	False	True	False	False	True	True
REX1BD							1.0	9.0	9.0	False	False	True	False	False	True	False
REXO1							1.0	9.0	9.0	False	False	True	False	False	True	True
REXO2	1.0	23.0	23.0	1.0	19.0	19.0	1.0	9.0	9.0	True	True	True	True	True	True	True
REXO4							1.0	9.0	9.0	False	False	True	False	False	True	True
RFC1							1.0	9.0	9.0	False	False	True	False	False	True	True
RFC2							1.0	9.0	9.0	False	False	True	False	False	True	True
RFC3							1.0	9.0	9.0	False	False	True	False	False	True	True
RFC4							1.0	9.0	9.0	False	False	True	False	False	True	True
RFC5							1.0	9.0	9.0	False	False	True	False	False	True	True
RFESD							1.0	9.0	9.0	False	False	True	False	False	True	True
RFFL							1.0	9.0	9.0	False	False	True	False	False	True	True
RFK							1.0	9.0	9.0	False	False	True	False	False	True	True
RFLNA							1.0	9.0	9.0	False	False	True	False	False	False	False
RFLNB							1.0	9.0	9.0	False	False	True	False	False	True	False
RFNG							1.0	9.0	9.0	False	False	True	False	False	True	True
RFT1							1.0	9.0	9.0	False	False	True	False	False	True	True
RFTN1	1.0	23.0	23.0	1.0	19.0	19.0	1.0	9.0	9.0	True	True	True	True	True	True	True
RFTN2							1.0	9.0	9.0	False	False	True	False	False	True	False
RFWD3							1.0	9.0	9.0	False	False	True	False	False	True	True
RFX1							1.0	9.0	9.0	False	False	True	False	False	True	True
RFX2							1.0	9.0	9.0	False	False	True	False	False	True	False
RFX3							1.0	9.0	9.0	False	False	True	False	False	True	False
RFX5							1.0	9.0	9.0	False	False	True	False	False	True	True
RFX7							1.0	9.0	9.0	False	False	True	False	False	True	True
RFXANK							1.0	9.0	9.0	False	False	True	False	False	True	True
RFXAP							1.0	9.0	9.0	False	False	True	False	False	True	True
RGCC							1.0	9.0	9.0	False	False	True	False	False	True	True
RGL1							1.0	9.0	9.0	False	False	True	False	False	True	True
RGL2							1.0	9.0	9.0	False	False	True	False	False	True	True
RGL3							1.0	9.0	9.0	False	False	True	False	False	True	True
RGMA							0.8889	8.0	9.0	False	False	True	False	False	True	False
RGMB							1.0	9.0	9.0	False	False	True	False	False	True	True
RGN	1.0	23.0	23.0	1.0	19.0	19.0	1.0	9.0	9.0	True	True	True	True	True	True	True
RGP1							1.0	9.0	9.0	False	False	True	False	False	True	True
RGS10				0.6316	12.0	19.0	1.0	9.0	9.0	False	True	True	False	True	True	True
RGS12							1.0	9.0	9.0	False	False	True	False	False	True	True
RGS14							0.8889	8.0	9.0	False	False	True	False	False	True	False
RGS18							0.7778	7.0	9.0	False	False	True	False	False	True	False
RGS19							1.0	9.0	9.0	False	False	True	False	False	True	True
RGS2							1.0	9.0	9.0	False	False	True	False	False	True	True
RGS20							0.8889	8.0	9.0	False	False	True	False	False	False	False
RGS3							1.0	9.0	9.0	False	False	True	False	False	True	True
RGS6							1.0	9.0	9.0	False	False	True	False	False	True	False
RHAG							1.0	9.0	9.0	False	False	True	False	False	False	False
RHBDD1							1.0	9.0	9.0	False	False	True	False	False	True	True
RHBDD2							1.0	9.0	9.0	False	False	True	False	False	True	True
RHBDD3							1.0	9.0	9.0	False	False	True	False	False	True	True
RHBDF1							1.0	9.0	9.0	False	False	True	False	False	True	True
RHBDF2							1.0	9.0	9.0	False	False	True	False	False	True	True
RHBDL2							1.0	9.0	9.0	False	False	True	False	False	True	True
RHBDL3							1.0	9.0	9.0	False	False	True	False	False	True	True
RHBG	1.0	23.0	23.0	0.5789	11.0	19.0	1.0	9.0	9.0	True	True	True	True	True	True	True
RHCG	1.0	23.0	23.0	1.0	19.0	19.0	1.0	9.0	9.0	True	True	True	True	True	True	True
RHD							0.6667	6.0	9.0	False	False	True	False	False	False	False
RHEB	1.0	23.0	23.0	1.0	19.0	19.0	1.0	9.0	9.0	True	True	True	True	True	True	True
RHOA	1.0	23.0	23.0	1.0	19.0	19.0	1.0	9.0	9.0	True	True	True	True	True	True	True
RHOB							1.0	9.0	9.0	False	False	True	False	False	True	True
RHOBTB1							1.0	9.0	9.0	False	False	True	False	False	True	True
RHOBTB2							1.0	9.0	9.0	False	False	True	False	False	True	True
RHOBTB3							1.0	9.0	9.0	False	False	True	False	False	True	True
RHOC							1.0	9.0	9.0	False	False	True	False	False	True	True
RHOD							1.0	9.0	9.0	False	False	True	False	False	True	True
RHOF							1.0	9.0	9.0	False	False	True	False	False	True	False
RHOG	1.0	23.0	23.0	1.0	19.0	19.0	1.0	9.0	9.0	True	True	True	True	True	True	True
RHOH							0.6667	6.0	9.0	False	False	True	False	False	True	False
RHOJ							1.0	9.0	9.0	False	False	True	False	False	True	True
RHOQ							1.0	9.0	9.0	False	False	True	False	False	True	True
RHOT1	0.9565	22.0	23.0	0.9474	18.0	19.0	1.0	9.0	9.0	True	True	True	True	True	True	True
RHOT2							1.0	9.0	9.0	False	False	True	False	False	True	True
RHOU							0.6667	6.0	9.0	False	False	True	False	False	True	True
RHOX6							0.4444	4.0	9.0	False	False	False	False	False	True	False
RHPN1							1.0	9.0	9.0	False	False	True	False	False	True	True
RHPN2							1.0	9.0	9.0	False	False	True	False	False	True	True
RIC1							1.0	9.0	9.0	False	False	True	False	False	True	True
RIC8A							1.0	9.0	9.0	False	False	True	False	False	True	False
RIC8B							1.0	9.0	9.0	False	False	True	False	False	True	True
RICTOR							1.0	9.0	9.0	False	False	True	False	False	True	True
RIDA	1.0	23.0	23.0	1.0	19.0	19.0	1.0	9.0	9.0	True	True	True	True	True	True	False
RIF1							1.0	9.0	9.0	False	False	True	False	False	True	False
RIGI							1.0	9.0	9.0	False	False	True	False	False	False	False
RILP							1.0	9.0	9.0	False	False	True	False	False	True	True
RILPL1							1.0	9.0	9.0	False	False	True	False	False	True	True
RILPL2							1.0	9.0	9.0	False	False	True	False	False	True	True
RIMKLA							0.5556	5.0	9.0	False	False	True	False	False	True	False
RIMOC1							1.0	9.0	9.0	False	False	True	False	False	True	False
RIMS2							0.5556	5.0	9.0	False	False	True	False	False	True	False
RIN1							1.0	9.0	9.0	False	False	True	False	False	True	False
RIN2							1.0	9.0	9.0	False	False	True	False	False	True	True
RIN3							1.0	9.0	9.0	False	False	True	False	False	True	True
RING1							1.0	9.0	9.0	False	False	True	False	False	True	True
RINT1							1.0	9.0	9.0	False	False	True	False	False	True	True
RIOK1							1.0	9.0	9.0	False	False	True	False	False	True	True
RIOK2							1.0	9.0	9.0	False	False	True	False	False	True	True
RIOK3							1.0	9.0	9.0	False	False	True	False	False	True	True
RIOX1							1.0	9.0	9.0	False	False	True	False	False	True	False
RIOX2							1.0	9.0	9.0	False	False	True	False	False	True	False
RIPK1							1.0	9.0	9.0	False	False	True	False	False	True	True
RIPK2							1.0	9.0	9.0	False	False	True	False	False	True	True
RIPK3							1.0	9.0	9.0	False	False	True	False	False	True	False
RIPK4							1.0	9.0	9.0	False	False	True	False	False	True	True
RIPOR1							1.0	9.0	9.0	False	False	True	False	False	True	False
RIPOR2							1.0	9.0	9.0	False	False	True	False	False	True	False
RIPOR3							1.0	9.0	9.0	False	False	True	False	False	True	False
RIPPLY3							0.5556	5.0	9.0	False	False	True	False	False	True	False
RIT1							1.0	9.0	9.0	False	False	True	False	False	True	True
RITA1							1.0	9.0	9.0	False	False	True	False	False	True	True
RLF							1.0	9.0	9.0	False	False	True	False	False	True	True
RLIG1							1.0	9.0	9.0	False	False	True	False	False	False	False
RLIM							1.0	9.0	9.0	False	False	True	False	False	True	True
RMC1							1.0	9.0	9.0	False	False	True	False	False	True	False
RMDN1	1.0	23.0	23.0	1.0	19.0	19.0	1.0	9.0	9.0	True	True	True	True	True	True	True
RMDN2	1.0	23.0	23.0	0.8421	16.0	19.0	1.0	9.0	9.0	True	True	True	True	True	True	True
RMDN3	1.0	23.0	23.0	1.0	19.0	19.0	1.0	9.0	9.0	True	True	True	True	True	True	True
RMI1							1.0	9.0	9.0	False	False	True	False	False	True	True
RMND1	1.0	23.0	23.0	1.0	19.0	19.0	1.0	9.0	9.0	True	True	True	True	True	True	True
RMND5A							1.0	9.0	9.0	False	False	True	False	False	True	True
RMND5B							1.0	9.0	9.0	False	False	True	False	False	True	True
RMP64							1.0	9.0	9.0	False	False	True	False	False	True	False
RNASE1							1.0	9.0	9.0	False	False	True	False	False	False	False
RNASE4	1.0	23.0	23.0	1.0	19.0	19.0	1.0	9.0	9.0	True	True	True	True	True	True	True
RNASE6	0.8696	20.0	23.0				1.0	9.0	9.0	True	False	True	False	True	True	False
RNASEH1							1.0	9.0	9.0	False	False	True	False	False	True	True
RNASEH2A							1.0	9.0	9.0	False	False	True	False	False	True	True
RNASEH2B							1.0	9.0	9.0	False	False	True	False	False	True	True
RNASEH2C							1.0	9.0	9.0	False	False	True	False	False	True	True
RNASEK							0.7778	7.0	9.0	False	False	True	False	False	True	False
RNASEL							1.0	9.0	9.0	False	False	True	False	False	True	True
RNASET2A							1.0	9.0	9.0	False	False	True	False	False	True	False
RND3							1.0	9.0	9.0	False	False	True	False	False	True	True
RNF10							1.0	9.0	9.0	False	False	True	False	False	True	True
RNF11							1.0	9.0	9.0	False	False	True	False	False	True	True
RNF111							1.0	9.0	9.0	False	False	True	False	False	True	True
RNF113A							1.0	9.0	9.0	False	False	True	False	False	True	False
RNF113B							1.0	9.0	9.0	False	False	True	False	False	True	False
RNF114	1.0	23.0	23.0	0.8947	17.0	19.0	1.0	9.0	9.0	True	True	True	True	True	True	True
RNF115							1.0	9.0	9.0	False	False	True	False	False	True	True
RNF121							1.0	9.0	9.0	False	False	True	False	False	True	True
RNF123							1.0	9.0	9.0	False	False	True	False	False	True	True
RNF126							1.0	9.0	9.0	False	False	True	False	False	True	True
RNF128							1.0	9.0	9.0	False	False	True	False	False	True	True
RNF13							1.0	9.0	9.0	False	False	True	False	False	True	True
RNF130							1.0	9.0	9.0	False	False	True	False	False	True	True
RNF135							1.0	9.0	9.0	False	False	True	False	False	True	True
RNF138							1.0	9.0	9.0	False	False	True	False	False	True	True
RNF139							1.0	9.0	9.0	False	False	True	False	False	True	True
RNF14							1.0	9.0	9.0	False	False	True	False	False	True	True
RNF141							1.0	9.0	9.0	False	False	True	False	False	True	True
RNF145							1.0	9.0	9.0	False	False	True	False	False	True	True
RNF146							1.0	9.0	9.0	False	False	True	False	False	True	True
RNF149							1.0	9.0	9.0	False	False	True	False	False	True	True
RNF150							1.0	9.0	9.0	False	False	True	False	False	True	False
RNF166							1.0	9.0	9.0	False	False	True	False	False	True	True
RNF167							1.0	9.0	9.0	False	False	True	False	False	True	True
RNF168							1.0	9.0	9.0	False	False	True	False	False	True	True
RNF169							1.0	9.0	9.0	False	False	True	False	False	True	True
RNF170							1.0	9.0	9.0	False	False	True	False	False	True	True
RNF180							0.6667	6.0	9.0	False	False	True	False	False	True	True
RNF181							1.0	9.0	9.0	False	False	True	False	False	True	True
RNF185							1.0	9.0	9.0	False	False	True	False	False	True	True
RNF186							1.0	9.0	9.0	False	False	True	False	False	True	False
RNF187							1.0	9.0	9.0	False	False	True	False	False	True	True
RNF19A							1.0	9.0	9.0	False	False	True	False	False	True	True
RNF19B							1.0	9.0	9.0	False	False	True	False	False	True	True
RNF2							1.0	9.0	9.0	False	False	True	False	False	True	True
RNF20							1.0	9.0	9.0	False	False	True	False	False	True	True
RNF213							1.0	9.0	9.0	False	False	True	False	False	True	True
RNF214							1.0	9.0	9.0	False	False	True	False	False	True	True
RNF216							1.0	9.0	9.0	False	False	True	False	False	True	True
RNF217							0.2222	2.0	9.0	False	False	False	False	False	True	True
RNF220							1.0	9.0	9.0	False	False	True	False	False	True	True
RNF25							1.0	9.0	9.0	False	False	True	False	False	True	True
RNF26							1.0	9.0	9.0	False	False	True	False	False	True	True
RNF31							1.0	9.0	9.0	False	False	True	False	False	True	True
RNF34							1.0	9.0	9.0	False	False	True	False	False	True	True
RNF39							0.7778	7.0	9.0	False	False	True	False	False	True	False
RNF4							1.0	9.0	9.0	False	False	True	False	False	True	True
RNF40							1.0	9.0	9.0	False	False	True	False	False	True	True
RNF41							1.0	9.0	9.0	False	False	True	False	False	True	True
RNF5							1.0	9.0	9.0	False	False	True	False	False	True	True
RNF6							1.0	9.0	9.0	False	False	True	False	False	True	True
RNF7							1.0	9.0	9.0	False	False	True	False	False	True	True
RNF8							1.0	9.0	9.0	False	False	True	False	False	True	True
RNFT1							1.0	9.0	9.0	False	False	True	False	False	True	True
RNFT2							0.1111	1.0	9.0	False	False	False	False	False	True	False
RNGTT							1.0	9.0	9.0	False	False	True	False	False	True	True
RNH1	1.0	23.0	23.0	1.0	19.0	19.0	1.0	9.0	9.0	True	True	True	True	True	True	True
RNMT	0.6957	16.0	23.0	0.6842	13.0	19.0	1.0	9.0	9.0	True	True	True	True	True	True	True
RNPC3							1.0	9.0	9.0	False	False	True	False	False	True	True
RNPEP	1.0	23.0	23.0	1.0	19.0	19.0	1.0	9.0	9.0	True	True	True	True	True	True	True
RNPEPL1							1.0	9.0	9.0	False	False	True	False	False	True	True
RNPS1							1.0	9.0	9.0	False	False	True	False	False	True	True
RO60	1.0	23.0	23.0	1.0	19.0	19.0	1.0	9.0	9.0	True	True	True	True	True	True	False
ROBO1							1.0	9.0	9.0	False	False	True	False	False	True	False
ROBO2							1.0	9.0	9.0	False	False	True	False	False	True	True
ROBO3							0.4444	4.0	9.0	False	False	False	False	False	True	False
ROBO4							1.0	9.0	9.0	False	False	True	False	False	True	True
ROCK1				0.8421	16.0	19.0	1.0	9.0	9.0	False	True	True	False	True	True	True
ROCK2	1.0	23.0	23.0	0.9474	18.0	19.0	1.0	9.0	9.0	True	True	True	True	True	True	True
ROGDI							1.0	9.0	9.0	False	False	True	False	False	True	True
ROMO1							1.0	9.0	9.0	False	False	True	False	False	True	True
ROPN1L							1.0	9.0	9.0	False	False	True	False	False	True	True
ROR1							1.0	9.0	9.0	False	False	True	False	False	True	True
ROR2							1.0	9.0	9.0	False	False	True	False	False	True	False
RORA							1.0	9.0	9.0	False	False	True	False	False	True	True
RORC							1.0	9.0	9.0	False	False	True	False	False	True	True
RP2							1.0	9.0	9.0	False	False	True	False	False	True	False
RP9							1.0	9.0	9.0	False	False	True	False	False	True	False
RPA1	1.0	23.0	23.0	1.0	19.0	19.0	1.0	9.0	9.0	True	True	True	True	True	True	True
RPA2	0.8696	20.0	23.0	0.7368	14.0	19.0	1.0	9.0	9.0	True	True	True	True	True	True	True
RPA3	1.0	23.0	23.0	0.8421	16.0	19.0	1.0	9.0	9.0	True	True	True	True	True	True	True
RPAIN							1.0	9.0	9.0	False	False	True	False	False	True	True
RPAP1							1.0	9.0	9.0	False	False	True	False	False	True	True
RPAP2							1.0	9.0	9.0	False	False	True	False	False	True	True
RPAP3							1.0	9.0	9.0	False	False	True	False	False	True	True
RPE							1.0	9.0	9.0	False	False	True	False	False	True	True
RPF1							1.0	9.0	9.0	False	False	True	False	False	True	True
RPF2							1.0	9.0	9.0	False	False	True	False	False	True	True
RPGR							1.0	9.0	9.0	False	False	True	False	False	True	True
RPGRIP1L							1.0	9.0	9.0	False	False	True	False	False	True	True
RPH3AL							0.8889	8.0	9.0	False	False	True	False	False	True	True
RPIA							1.0	9.0	9.0	False	False	True	False	False	True	True
RPL10	1.0	23.0	23.0	1.0	19.0	19.0	1.0	9.0	9.0	True	True	True	True	True	True	True
RPL10A	1.0	23.0	23.0	1.0	19.0	19.0	1.0	9.0	9.0	True	True	True	True	True	True	True
RPL11							1.0	9.0	9.0	False	False	True	False	False	True	True
RPL12	1.0	23.0	23.0	1.0	19.0	19.0	1.0	9.0	9.0	True	True	True	True	True	True	True
RPL13	1.0	23.0	23.0	1.0	19.0	19.0	1.0	9.0	9.0	True	True	True	True	True	True	True
RPL13A	1.0	23.0	23.0	1.0	19.0	19.0	1.0	9.0	9.0	True	True	True	True	True	True	True
RPL14	1.0	23.0	23.0	1.0	19.0	19.0	1.0	9.0	9.0	True	True	True	True	True	True	True
RPL15	1.0	23.0	23.0	1.0	19.0	19.0	1.0	9.0	9.0	True	True	True	True	True	True	True
RPL17	1.0	23.0	23.0	1.0	19.0	19.0	1.0	9.0	9.0	True	True	True	True	True	True	True
RPL18	1.0	23.0	23.0	1.0	19.0	19.0	1.0	9.0	9.0	True	True	True	True	True	True	True
RPL18A	1.0	23.0	23.0	1.0	19.0	19.0	1.0	9.0	9.0	True	True	True	True	True	True	True
RPL19	1.0	23.0	23.0	1.0	19.0	19.0	1.0	9.0	9.0	True	True	True	True	True	True	True
RPL21	1.0	23.0	23.0	1.0	19.0	19.0	1.0	9.0	9.0	True	True	True	True	True	True	True
RPL22	1.0	23.0	23.0	1.0	19.0	19.0	1.0	9.0	9.0	True	True	True	True	True	True	True
RPL22L1							1.0	9.0	9.0	False	False	True	False	False	True	True
RPL23	1.0	23.0	23.0	1.0	19.0	19.0	1.0	9.0	9.0	True	True	True	True	True	True	True
RPL23A	1.0	23.0	23.0	1.0	19.0	19.0	1.0	9.0	9.0	True	True	True	True	True	True	True
RPL24	1.0	23.0	23.0	1.0	19.0	19.0	1.0	9.0	9.0	True	True	True	True	True	True	False
RPL26	1.0	23.0	23.0	1.0	19.0	19.0	1.0	9.0	9.0	True	True	True	True	True	True	True
RPL27	1.0	23.0	23.0	1.0	19.0	19.0	1.0	9.0	9.0	True	True	True	True	True	True	True
RPL27A	1.0	23.0	23.0	1.0	19.0	19.0	1.0	9.0	9.0	True	True	True	True	True	True	True
RPL28	1.0	23.0	23.0	1.0	19.0	19.0	1.0	9.0	9.0	True	True	True	True	True	True	True
RPL29							1.0	9.0	9.0	False	False	True	False	False	True	True
RPL3	1.0	23.0	23.0	1.0	19.0	19.0	1.0	9.0	9.0	True	True	True	True	True	True	True
RPL30	1.0	23.0	23.0	1.0	19.0	19.0	1.0	9.0	9.0	True	True	True	True	True	True	True
RPL31	1.0	23.0	23.0	1.0	19.0	19.0	1.0	9.0	9.0	True	True	True	True	True	True	True
RPL32	1.0	23.0	23.0	0.9474	18.0	19.0	1.0	9.0	9.0	True	True	True	True	True	True	True
RPL32-PS							1.0	9.0	9.0	False	False	True	False	False	False	False
RPL34	1.0	23.0	23.0	1.0	19.0	19.0	1.0	9.0	9.0	True	True	True	True	True	True	True
RPL35				0.9474	18.0	19.0	1.0	9.0	9.0	False	True	True	False	True	True	True
RPL35A	0.9565	22.0	23.0	1.0	19.0	19.0	1.0	9.0	9.0	True	True	True	True	True	True	True
RPL36	1.0	23.0	23.0	1.0	19.0	19.0	1.0	9.0	9.0	True	True	True	True	True	True	True
RPL36A							1.0	9.0	9.0	False	False	True	False	False	True	False
RPL37							1.0	9.0	9.0	False	False	True	False	False	True	True
RPL37A							1.0	9.0	9.0	False	False	True	False	False	True	True
RPL38							1.0	9.0	9.0	False	False	True	False	False	True	True
RPL39							1.0	9.0	9.0	False	False	True	False	False	True	True
RPL4	1.0	23.0	23.0	1.0	19.0	19.0	1.0	9.0	9.0	True	True	True	True	True	True	True
RPL5	1.0	23.0	23.0	1.0	19.0	19.0	1.0	9.0	9.0	True	True	True	True	True	True	True
RPL6	1.0	23.0	23.0	1.0	19.0	19.0	1.0	9.0	9.0	True	True	True	True	True	True	True
RPL7	1.0	23.0	23.0	1.0	19.0	19.0	1.0	9.0	9.0	True	True	True	True	True	True	True
RPL7A	1.0	23.0	23.0	1.0	19.0	19.0	1.0	9.0	9.0	True	True	True	True	True	True	True
RPL7L1							1.0	9.0	9.0	False	False	True	False	False	True	True
RPL8	1.0	23.0	23.0	1.0	19.0	19.0	1.0	9.0	9.0	True	True	True	True	True	True	True
RPL9	1.0	23.0	23.0	0.9474	18.0	19.0	1.0	9.0	9.0	True	True	True	True	True	True	True
RPLP0	1.0	23.0	23.0	1.0	19.0	19.0	1.0	9.0	9.0	True	True	True	True	True	True	True
RPLP1	1.0	23.0	23.0	1.0	19.0	19.0	1.0	9.0	9.0	True	True	True	True	True	True	True
RPLP1RT							1.0	9.0	9.0	False	False	True	False	False	False	False
RPLP2	1.0	23.0	23.0	1.0	19.0	19.0	1.0	9.0	9.0	True	True	True	True	True	True	True
RPN1	1.0	23.0	23.0	1.0	19.0	19.0	1.0	9.0	9.0	True	True	True	True	True	True	True
RPN2	1.0	23.0	23.0	1.0	19.0	19.0	1.0	9.0	9.0	True	True	True	True	True	True	True
RPP14							1.0	9.0	9.0	False	False	True	False	False	True	True
RPP21							1.0	9.0	9.0	False	False	True	False	False	True	True
RPP25							1.0	9.0	9.0	False	False	True	False	False	True	False
RPP25L							1.0	9.0	9.0	False	False	True	False	False	True	True
RPP30							1.0	9.0	9.0	False	False	True	False	False	True	True
RPP38							1.0	9.0	9.0	False	False	True	False	False	True	True
RPP40							1.0	9.0	9.0	False	False	True	False	False	True	True
RPRD1A							1.0	9.0	9.0	False	False	True	False	False	True	True
RPRD1B				1.0	19.0	19.0	1.0	9.0	9.0	False	True	True	False	True	True	True
RPRD2							1.0	9.0	9.0	False	False	True	False	False	True	True
RPS10	1.0	23.0	23.0	1.0	19.0	19.0	1.0	9.0	9.0	True	True	True	True	True	True	True
RPS11	1.0	23.0	23.0	1.0	19.0	19.0	1.0	9.0	9.0	True	True	True	True	True	True	True
RPS12	1.0	23.0	23.0	1.0	19.0	19.0	1.0	9.0	9.0	True	True	True	True	True	True	True
RPS13	1.0	23.0	23.0	1.0	19.0	19.0	1.0	9.0	9.0	True	True	True	True	True	True	True
RPS14							1.0	9.0	9.0	False	False	True	False	False	True	True
RPS15	1.0	23.0	23.0	1.0	19.0	19.0	1.0	9.0	9.0	True	True	True	True	True	True	True
RPS15A	1.0	23.0	23.0	1.0	19.0	19.0	1.0	9.0	9.0	True	True	True	True	True	True	True
RPS16	1.0	23.0	23.0	1.0	19.0	19.0	1.0	9.0	9.0	True	True	True	True	True	True	True
RPS17	1.0	23.0	23.0	1.0	19.0	19.0	1.0	9.0	9.0	True	True	True	True	True	True	True
RPS18	1.0	23.0	23.0	1.0	19.0	19.0	1.0	9.0	9.0	True	True	True	True	True	True	True
RPS19							1.0	9.0	9.0	False	False	True	False	False	True	True
RPS19BP1							1.0	9.0	9.0	False	False	True	False	False	True	True
RPS2	1.0	23.0	23.0	1.0	19.0	19.0	1.0	9.0	9.0	True	True	True	True	True	True	True
RPS20	1.0	23.0	23.0	1.0	19.0	19.0	1.0	9.0	9.0	True	True	True	True	True	True	True
RPS21	1.0	23.0	23.0	1.0	19.0	19.0	1.0	9.0	9.0	True	True	True	True	True	True	True
RPS23	1.0	23.0	23.0	1.0	19.0	19.0	1.0	9.0	9.0	True	True	True	True	True	True	True
RPS24	1.0	23.0	23.0	1.0	19.0	19.0	1.0	9.0	9.0	True	True	True	True	True	True	True
RPS25	1.0	23.0	23.0	1.0	19.0	19.0	1.0	9.0	9.0	True	True	True	True	True	True	True
RPS26	1.0	23.0	23.0	1.0	19.0	19.0	1.0	9.0	9.0	True	True	True	True	True	True	True
RPS27							1.0	9.0	9.0	False	False	True	False	False	True	True
RPS27A	1.0	23.0	23.0	1.0	19.0	19.0	1.0	9.0	9.0	True	True	True	True	True	True	True
RPS27L	1.0	23.0	23.0				1.0	9.0	9.0	True	False	True	False	True	True	True
RPS28	1.0	23.0	23.0	1.0	19.0	19.0	1.0	9.0	9.0	True	True	True	True	True	True	True
RPS29							1.0	9.0	9.0	False	False	True	False	False	True	True
RPS3	1.0	23.0	23.0	1.0	19.0	19.0	1.0	9.0	9.0	True	True	True	True	True	True	True
RPS3A	1.0	23.0	23.0	1.0	19.0	19.0	1.0	9.0	9.0	True	True	True	True	True	True	True
RPS4L							1.0	9.0	9.0	False	False	True	False	False	True	False
RPS4X							1.0	9.0	9.0	False	False	True	False	False	True	True
RPS5	1.0	23.0	23.0	1.0	19.0	19.0	1.0	9.0	9.0	True	True	True	True	True	True	True
RPS6	1.0	23.0	23.0	1.0	19.0	19.0	1.0	9.0	9.0	True	True	True	True	True	True	True
RPS6KA1	1.0	23.0	23.0	1.0	19.0	19.0	1.0	9.0	9.0	True	True	True	True	True	True	True
RPS6KA2							1.0	9.0	9.0	False	False	True	False	False	True	False
RPS6KA3	1.0	23.0	23.0	1.0	19.0	19.0	1.0	9.0	9.0	True	True	True	True	True	True	True
RPS6KA4							1.0	9.0	9.0	False	False	True	False	False	True	True
RPS6KA5							1.0	9.0	9.0	False	False	True	False	False	True	False
RPS6KA6							1.0	9.0	9.0	False	False	True	False	False	True	False
RPS6KB1							1.0	9.0	9.0	False	False	True	False	False	True	True
RPS6KB2							1.0	9.0	9.0	False	False	True	False	False	True	True
RPS6KC1							1.0	9.0	9.0	False	False	True	False	False	True	True
RPS7	1.0	23.0	23.0	1.0	19.0	19.0	1.0	9.0	9.0	True	True	True	True	True	True	True
RPS8	1.0	23.0	23.0	1.0	19.0	19.0	1.0	9.0	9.0	True	True	True	True	True	True	True
RPS9	1.0	23.0	23.0	0.9474	18.0	19.0	1.0	9.0	9.0	True	True	True	True	True	True	True
RPSA	1.0	23.0	23.0	1.0	19.0	19.0	1.0	9.0	9.0	True	True	True	True	True	True	True
RPTOR							1.0	9.0	9.0	False	False	True	False	False	True	True
RPUSD1							1.0	9.0	9.0	False	False	True	False	False	True	True
RPUSD2							1.0	9.0	9.0	False	False	True	False	False	True	True
RPUSD3							1.0	9.0	9.0	False	False	True	False	False	True	True
RPUSD4							1.0	9.0	9.0	False	False	True	False	False	True	True
RRAD							1.0	9.0	9.0	False	False	True	False	False	True	True
RRAGA	1.0	23.0	23.0				1.0	9.0	9.0	True	False	True	False	True	True	True
RRAGB							1.0	9.0	9.0	False	False	True	False	False	True	False
RRAGC	0.7826	18.0	23.0				1.0	9.0	9.0	True	False	True	False	True	True	True
RRAGD							1.0	9.0	9.0	False	False	True	False	False	True	True
RRAS	1.0	23.0	23.0	1.0	19.0	19.0	1.0	9.0	9.0	True	True	True	True	True	True	True
RRAS2	1.0	23.0	23.0	0.8421	16.0	19.0	1.0	9.0	9.0	True	True	True	True	True	True	True
RRBP1	1.0	23.0	23.0	1.0	19.0	19.0	1.0	9.0	9.0	True	True	True	True	True	True	True
RREB1							1.0	9.0	9.0	False	False	True	False	False	True	True
RRM1							1.0	9.0	9.0	False	False	True	False	False	True	True
RRM2							1.0	9.0	9.0	False	False	True	False	False	True	True
RRM2B							1.0	9.0	9.0	False	False	True	False	False	True	True
RRN3							1.0	9.0	9.0	False	False	True	False	False	True	True
RRP1							1.0	9.0	9.0	False	False	True	False	False	True	True
RRP12							1.0	9.0	9.0	False	False	True	False	False	True	True
RRP15							1.0	9.0	9.0	False	False	True	False	False	True	True
RRP1B							1.0	9.0	9.0	False	False	True	False	False	True	True
RRP36							1.0	9.0	9.0	False	False	True	False	False	True	False
RRP7A							1.0	9.0	9.0	False	False	True	False	False	True	True
RRP8							1.0	9.0	9.0	False	False	True	False	False	True	True
RRP9							1.0	9.0	9.0	False	False	True	False	False	True	True
RRS1							1.0	9.0	9.0	False	False	True	False	False	True	True
RSAD1							1.0	9.0	9.0	False	False	True	False	False	True	True
RSAD2							1.0	9.0	9.0	False	False	True	False	False	True	True
RSBN1							1.0	9.0	9.0	False	False	True	False	False	True	False
RSBN1L							1.0	9.0	9.0	False	False	True	False	False	True	True
RSC1A1							1.0	9.0	9.0	False	False	True	False	False	True	False
RSF1							1.0	9.0	9.0	False	False	True	False	False	True	True
RSL1							1.0	9.0	9.0	False	False	True	False	False	True	False
RSL1D1							1.0	9.0	9.0	False	False	True	False	False	True	True
RSL24D1							1.0	9.0	9.0	False	False	True	False	False	True	True
RSLCAN18							0.5556	5.0	9.0	False	False	True	False	False	False	False
RSPH1							0.4444	4.0	9.0	False	False	False	False	False	True	False
RSPH3A							0.2222	2.0	9.0	False	False	False	False	False	True	False
RSPH9							1.0	9.0	9.0	False	False	True	False	False	True	False
RSPRY1							1.0	9.0	9.0	False	False	True	False	False	True	True
RSRC1							1.0	9.0	9.0	False	False	True	False	False	True	True
RSRC2							1.0	9.0	9.0	False	False	True	False	False	True	True
RSRP1							1.0	9.0	9.0	False	False	True	False	False	True	True
RSU1	1.0	23.0	23.0	1.0	19.0	19.0	1.0	9.0	9.0	True	True	True	True	True	True	True
RTCA	1.0	23.0	23.0	0.7895	15.0	19.0	1.0	9.0	9.0	True	True	True	True	True	True	True
RTCB	1.0	23.0	23.0	1.0	19.0	19.0	1.0	9.0	9.0	True	True	True	True	True	True	True
RTEL1							1.0	9.0	9.0	False	False	True	False	False	True	True
RTF1							1.0	9.0	9.0	False	False	True	False	False	True	True
RTF2							1.0	9.0	9.0	False	False	True	False	False	True	False
RTKN							1.0	9.0	9.0	False	False	True	False	False	True	True
RTL1							0.8889	8.0	9.0	False	False	True	False	False	True	False
RTL5	1.0	23.0	23.0	1.0	19.0	19.0				True	True	False	False	False	True	False
RTL8B							1.0	9.0	9.0	False	False	True	False	False	True	False
RTL8C							1.0	9.0	9.0	False	False	True	False	False	True	False
RTN1							1.0	9.0	9.0	False	False	True	False	False	True	False
RTN2							0.8889	8.0	9.0	False	False	True	False	False	True	False
RTN3	1.0	23.0	23.0	1.0	19.0	19.0	1.0	9.0	9.0	True	True	True	True	True	True	True
RTN4	1.0	23.0	23.0	1.0	19.0	19.0	1.0	9.0	9.0	True	True	True	True	True	True	True
RTN4IP1							1.0	9.0	9.0	False	False	True	False	False	True	True
RTN4R							0.8889	8.0	9.0	False	False	True	False	False	True	False
RTN4RL1							1.0	9.0	9.0	False	False	True	False	False	True	True
RTN4RL2							1.0	9.0	9.0	False	False	True	False	False	True	True
RTP3							1.0	9.0	9.0	False	False	True	False	False	True	False
RTP4							1.0	9.0	9.0	False	False	True	False	False	True	True
RTRAF	1.0	23.0	23.0	1.0	19.0	19.0	1.0	9.0	9.0	True	True	True	True	True	True	False
RTTN							1.0	9.0	9.0	False	False	True	False	False	True	False
RUBCN							1.0	9.0	9.0	False	False	True	False	False	True	False
RUBCNL							0.3333	3.0	9.0	False	False	False	False	False	True	False
RUFY1	1.0	23.0	23.0				1.0	9.0	9.0	True	False	True	False	True	True	True
RUFY2							1.0	9.0	9.0	False	False	True	False	False	True	True
RUFY3	0.9565	22.0	23.0				1.0	9.0	9.0	True	False	True	False	True	True	True
RUNDC1							1.0	9.0	9.0	False	False	True	False	False	True	True
RUNDC3A							1.0	9.0	9.0	False	False	True	False	False	True	True
RUNX1							1.0	9.0	9.0	False	False	True	False	False	True	False
RUNX1T1							0.6667	6.0	9.0	False	False	True	False	False	True	False
RUNX2							0.8889	8.0	9.0	False	False	True	False	False	True	False
RUNX3							1.0	9.0	9.0	False	False	True	False	False	True	False
RUSC1							1.0	9.0	9.0	False	False	True	False	False	True	True
RUSC2							1.0	9.0	9.0	False	False	True	False	False	True	True
RUSF1							1.0	9.0	9.0	False	False	True	False	False	True	False
RUVBL1	1.0	23.0	23.0	1.0	19.0	19.0	1.0	9.0	9.0	True	True	True	True	True	True	True
RUVBL2	1.0	23.0	23.0	1.0	19.0	19.0	1.0	9.0	9.0	True	True	True	True	True	True	True
RWDD1							1.0	9.0	9.0	False	False	True	False	False	True	True
RWDD2A							0.8889	8.0	9.0	False	False	True	False	False	True	False
RWDD2B							1.0	9.0	9.0	False	False	True	False	False	True	True
RWDD3							1.0	9.0	9.0	False	False	True	False	False	True	False
RWDD4							1.0	9.0	9.0	False	False	True	False	False	True	True
RXRA							1.0	9.0	9.0	False	False	True	False	False	True	True
RXRB							1.0	9.0	9.0	False	False	True	False	False	True	True
RXYLT1							1.0	9.0	9.0	False	False	True	False	False	True	False
RYBP							1.0	9.0	9.0	False	False	True	False	False	True	True
RYK							1.0	9.0	9.0	False	False	True	False	False	True	True
S100A1	1.0	23.0	23.0				1.0	9.0	9.0	True	False	True	False	True	True	True
S100A10	1.0	23.0	23.0	0.9474	18.0	19.0	1.0	9.0	9.0	True	True	True	True	True	True	True
S100A11							1.0	9.0	9.0	False	False	True	False	False	True	True
S100A12	1.0	23.0	23.0							True	False	False	False	False	True	False
S100A13	1.0	23.0	23.0	1.0	19.0	19.0	1.0	9.0	9.0	True	True	True	True	True	True	True
S100A14							1.0	9.0	9.0	False	False	True	False	False	True	False
S100A16							1.0	9.0	9.0	False	False	True	False	False	True	True
S100A4	1.0	23.0	23.0	1.0	19.0	19.0	1.0	9.0	9.0	True	True	True	True	True	True	True
S100A6				1.0	19.0	19.0	1.0	9.0	9.0	False	True	True	False	True	True	True
S100A8	1.0	23.0	23.0	0.6842	13.0	19.0	1.0	9.0	9.0	True	True	True	True	True	True	True
S100A9							1.0	9.0	9.0	False	False	True	False	False	True	True
S100B				1.0	19.0	19.0	1.0	9.0	9.0	False	True	True	False	True	True	False
S100G							1.0	9.0	9.0	False	False	True	False	False	True	False
S100P	0.6522	15.0	23.0	1.0	19.0	19.0				True	True	False	False	False	True	False
S100PBP							1.0	9.0	9.0	False	False	True	False	False	True	True
S1PR1							1.0	9.0	9.0	False	False	True	False	False	True	True
S1PR2							1.0	9.0	9.0	False	False	True	False	False	True	True
S1PR3							1.0	9.0	9.0	False	False	True	False	False	True	True
SAA1				0.5263	10.0	19.0	1.0	9.0	9.0	False	True	True	False	True	True	False
SAA2							0.7778	7.0	9.0	False	False	True	False	False	True	False
SAA4							1.0	9.0	9.0	False	False	True	False	False	False	False
SAAL1							1.0	9.0	9.0	False	False	True	False	False	True	True
SAC3D1							0.8889	8.0	9.0	False	False	True	False	False	True	False
SACM1L	0.6957	16.0	23.0	0.8947	17.0	19.0	1.0	9.0	9.0	True	True	True	True	True	True	True
SACS							1.0	9.0	9.0	False	False	True	False	False	True	False
SAE1	1.0	23.0	23.0	1.0	19.0	19.0	1.0	9.0	9.0	True	True	True	True	True	True	True
SAFB	1.0	23.0	23.0	1.0	19.0	19.0	1.0	9.0	9.0	True	True	True	True	True	True	True
SAFB2							1.0	9.0	9.0	False	False	True	False	False	True	True
SALL1							1.0	9.0	9.0	False	False	True	False	False	True	True
SALL2							1.0	9.0	9.0	False	False	True	False	False	True	True
SALL3							1.0	9.0	9.0	False	False	True	False	False	True	False
SAMD1							1.0	9.0	9.0	False	False	True	False	False	True	True
SAMD10							1.0	9.0	9.0	False	False	True	False	False	True	True
SAMD12							1.0	9.0	9.0	False	False	True	False	False	True	False
SAMD14							0.8889	8.0	9.0	False	False	True	False	False	True	True
SAMD4A							1.0	9.0	9.0	False	False	True	False	False	True	True
SAMD4B							1.0	9.0	9.0	False	False	True	False	False	True	False
SAMD5							0.5556	5.0	9.0	False	False	True	False	False	True	False
SAMD8							1.0	9.0	9.0	False	False	True	False	False	True	True
SAMD9L				0.6316	12.0	19.0	1.0	9.0	9.0	False	True	True	False	True	True	True
SAMHD1	1.0	23.0	23.0	1.0	19.0	19.0	1.0	9.0	9.0	True	True	True	True	True	True	True
SAMM50							1.0	9.0	9.0	False	False	True	False	False	True	True
SAMSN1							0.8889	8.0	9.0	False	False	True	False	False	True	False
SAMTOR							1.0	9.0	9.0	False	False	True	False	False	True	False
SANBR							1.0	9.0	9.0	False	False	True	False	False	True	False
SAP130							1.0	9.0	9.0	False	False	True	False	False	True	True
SAP18	1.0	23.0	23.0	1.0	19.0	19.0	1.0	9.0	9.0	True	True	True	True	True	True	True
SAP30							1.0	9.0	9.0	False	False	True	False	False	True	True
SAP30BP							1.0	9.0	9.0	False	False	True	False	False	True	True
SAP30L							1.0	9.0	9.0	False	False	True	False	False	True	True
SAR1A	1.0	23.0	23.0	1.0	19.0	19.0	1.0	9.0	9.0	True	True	True	True	True	True	True
SAR1B	1.0	23.0	23.0	1.0	19.0	19.0	1.0	9.0	9.0	True	True	True	True	True	True	True
SARAF							1.0	9.0	9.0	False	False	True	False	False	True	True
SARDH	1.0	23.0	23.0	1.0	19.0	19.0	1.0	9.0	9.0	True	True	True	True	True	True	True
SARG							1.0	9.0	9.0	False	False	True	False	False	False	False
SARM1							0.7778	7.0	9.0	False	False	True	False	False	True	False
SARNP	1.0	23.0	23.0	1.0	19.0	19.0	1.0	9.0	9.0	True	True	True	True	True	True	False
SARS1	1.0	23.0	23.0	1.0	19.0	19.0	1.0	9.0	9.0	True	True	True	True	True	True	False
SARS2							1.0	9.0	9.0	False	False	True	False	False	True	True
SART1							1.0	9.0	9.0	False	False	True	False	False	True	True
SART3	1.0	23.0	23.0	1.0	19.0	19.0	1.0	9.0	9.0	True	True	True	True	True	True	True
SASH1							1.0	9.0	9.0	False	False	True	False	False	True	True
SASH3							1.0	9.0	9.0	False	False	True	False	False	True	True
SAT1							1.0	9.0	9.0	False	False	True	False	False	True	True
SAT2	1.0	23.0	23.0				1.0	9.0	9.0	True	False	True	False	True	True	True
SATB2							1.0	9.0	9.0	False	False	True	False	False	True	True
SAV1							1.0	9.0	9.0	False	False	True	False	False	True	True
SAYSD1							1.0	9.0	9.0	False	False	True	False	False	True	True
SBDS	1.0	23.0	23.0	1.0	19.0	19.0	1.0	9.0	9.0	True	True	True	True	True	True	True
SBF1							1.0	9.0	9.0	False	False	True	False	False	True	True
SBF2							1.0	9.0	9.0	False	False	True	False	False	True	True
SBK1							0.1111	1.0	9.0	False	False	False	False	False	True	True
SBNO1							1.0	9.0	9.0	False	False	True	False	False	True	True
SBNO2							1.0	9.0	9.0	False	False	True	False	False	True	True
SBP							0.3333	3.0	9.0	False	False	False	False	False	False	False
SBSN							1.0	9.0	9.0	False	False	True	False	False	True	False
SBSPON							1.0	9.0	9.0	False	False	True	False	False	True	False
SC5D							1.0	9.0	9.0	False	False	True	False	False	True	True
SCAF1							1.0	9.0	9.0	False	False	True	False	False	True	True
SCAF11							1.0	9.0	9.0	False	False	True	False	False	True	True
SCAF4							1.0	9.0	9.0	False	False	True	False	False	True	True
SCAF8							1.0	9.0	9.0	False	False	True	False	False	True	True
SCAI							1.0	9.0	9.0	False	False	True	False	False	True	True
SCAMP1	1.0	23.0	23.0	1.0	19.0	19.0	1.0	9.0	9.0	True	True	True	True	True	True	True
SCAMP2	1.0	23.0	23.0	1.0	19.0	19.0	1.0	9.0	9.0	True	True	True	True	True	True	True
SCAMP3	1.0	23.0	23.0	1.0	19.0	19.0	1.0	9.0	9.0	True	True	True	True	True	True	True
SCAMP4							1.0	9.0	9.0	False	False	True	False	False	True	False
SCAMP5	0.5652	13.0	23.0				1.0	9.0	9.0	True	False	True	False	True	True	True
SCAND1							1.0	9.0	9.0	False	False	True	False	False	True	True
SCAP							1.0	9.0	9.0	False	False	True	False	False	True	True
SCAPER							1.0	9.0	9.0	False	False	True	False	False	True	True
SCARA3							0.6667	6.0	9.0	False	False	True	False	False	True	False
SCARA5							1.0	9.0	9.0	False	False	True	False	False	True	False
SCARB1							1.0	9.0	9.0	False	False	True	False	False	True	True
SCARB2	1.0	23.0	23.0	1.0	19.0	19.0	1.0	9.0	9.0	True	True	True	True	True	True	True
SCARF1							1.0	9.0	9.0	False	False	True	False	False	True	True
SCARF2							1.0	9.0	9.0	False	False	True	False	False	True	True
SCART2							0.5556	5.0	9.0	False	False	True	False	False	False	False
SCCPDH	1.0	23.0	23.0				1.0	9.0	9.0	True	False	True	False	True	True	True
SCD1							1.0	9.0	9.0	False	False	True	False	False	True	False
SCD2							1.0	9.0	9.0	False	False	True	False	False	True	False
SCEL							1.0	9.0	9.0	False	False	True	False	False	True	True
SCFD1	1.0	23.0	23.0	1.0	19.0	19.0	1.0	9.0	9.0	True	True	True	True	True	True	True
SCFD2							1.0	9.0	9.0	False	False	True	False	False	True	True
SCG2							1.0	9.0	9.0	False	False	True	False	False	True	False
SCG3							0.8889	8.0	9.0	False	False	True	False	False	True	False
SCG5							0.7778	7.0	9.0	False	False	True	False	False	True	True
SCGB1A1							1.0	9.0	9.0	False	False	True	False	False	False	False
SCGB1B2							1.0	9.0	9.0	False	False	True	False	False	False	False
SCGB1B27							0.6667	6.0	9.0	False	False	True	False	False	False	False
SCGB1B29							1.0	9.0	9.0	False	False	True	False	False	False	False
SCGB1B3							0.6667	6.0	9.0	False	False	True	False	False	False	False
SCGB1C1							0.5556	5.0	9.0	False	False	True	False	False	False	False
SCGB2B2							1.0	9.0	9.0	False	False	True	False	False	False	False
SCGB2B24							0.7778	7.0	9.0	False	False	True	False	False	False	False
SCGB2B26							0.2222	2.0	9.0	False	False	False	False	False	False	False
SCGB2B27							1.0	9.0	9.0	False	False	True	False	False	False	False
SCGB2B7							0.7778	7.0	9.0	False	False	True	False	False	False	False
SCIMP							1.0	9.0	9.0	False	False	True	False	False	True	False
SCIN	1.0	23.0	23.0	1.0	19.0	19.0	1.0	9.0	9.0	True	True	True	True	True	True	True
SCLT1							1.0	9.0	9.0	False	False	True	False	False	True	True
SCLY	1.0	23.0	23.0	1.0	19.0	19.0	1.0	9.0	9.0	True	True	True	True	True	True	True
SCMH1							1.0	9.0	9.0	False	False	True	False	False	True	True
SCN1B							0.7778	7.0	9.0	False	False	True	False	False	True	True
SCN2B							0.2222	2.0	9.0	False	False	False	False	False	True	False
SCN4B							0.7778	7.0	9.0	False	False	True	False	False	True	False
SCN7A							1.0	9.0	9.0	False	False	True	False	False	True	False
SCNM1							1.0	9.0	9.0	False	False	True	False	False	True	True
SCNN1A							1.0	9.0	9.0	False	False	True	False	False	True	True
SCNN1B							1.0	9.0	9.0	False	False	True	False	False	True	True
SCNN1G							1.0	9.0	9.0	False	False	True	False	False	True	True
SCO1							1.0	9.0	9.0	False	False	True	False	False	True	True
SCO2	0.8696	20.0	23.0				1.0	9.0	9.0	True	False	True	False	True	True	False
SCOC							1.0	9.0	9.0	False	False	True	False	False	True	True
SCP2	1.0	23.0	23.0	1.0	19.0	19.0	1.0	9.0	9.0	True	True	True	True	True	True	True
SCPEP1	1.0	23.0	23.0	1.0	19.0	19.0	1.0	9.0	9.0	True	True	True	True	True	True	True
SCRIB	1.0	23.0	23.0	1.0	19.0	19.0	1.0	9.0	9.0	True	True	True	True	True	True	True
SCRN1	1.0	23.0	23.0	0.9474	18.0	19.0	1.0	9.0	9.0	True	True	True	True	True	True	False
SCRN2	1.0	23.0	23.0	1.0	19.0	19.0	1.0	9.0	9.0	True	True	True	True	True	True	True
SCRN3	1.0	23.0	23.0				1.0	9.0	9.0	True	False	True	False	True	True	True
SCUBE1							1.0	9.0	9.0	False	False	True	False	False	True	False
SCUBE2							0.6667	6.0	9.0	False	False	True	False	False	True	False
SCUBE3							1.0	9.0	9.0	False	False	True	False	False	True	False
SCYL1							1.0	9.0	9.0	False	False	True	False	False	True	True
SCYL2							1.0	9.0	9.0	False	False	True	False	False	True	True
SCYL3							1.0	9.0	9.0	False	False	True	False	False	True	True
SDAD1							1.0	9.0	9.0	False	False	True	False	False	True	True
SDC1	1.0	23.0	23.0				1.0	9.0	9.0	True	False	True	False	True	True	True
SDC2							1.0	9.0	9.0	False	False	True	False	False	True	True
SDC3							1.0	9.0	9.0	False	False	True	False	False	True	False
SDC4	1.0	23.0	23.0	1.0	19.0	19.0	1.0	9.0	9.0	True	True	True	True	True	True	True
SDCBP	1.0	23.0	23.0	1.0	19.0	19.0	1.0	9.0	9.0	True	True	True	True	True	True	True
SDCBP2							0.4444	4.0	9.0	False	False	False	False	False	True	False
SDCCAG8							1.0	9.0	9.0	False	False	True	False	False	True	True
SDE2							1.0	9.0	9.0	False	False	True	False	False	True	True
SDF2	0.8261	19.0	23.0				1.0	9.0	9.0	True	False	True	False	True	True	True
SDF2L1	1.0	23.0	23.0				1.0	9.0	9.0	True	False	True	False	True	True	True
SDF4	1.0	23.0	23.0	0.7368	14.0	19.0	1.0	9.0	9.0	True	True	True	True	True	True	True
SDHA	1.0	23.0	23.0	1.0	19.0	19.0	1.0	9.0	9.0	True	True	True	True	True	True	True
SDHAF1							1.0	9.0	9.0	False	False	True	False	False	True	True
SDHAF2							1.0	9.0	9.0	False	False	True	False	False	True	True
SDHAF3							1.0	9.0	9.0	False	False	True	False	False	True	False
SDHAF4	0.6522	15.0	23.0				1.0	9.0	9.0	True	False	True	False	True	True	False
SDHB	1.0	23.0	23.0	1.0	19.0	19.0	1.0	9.0	9.0	True	True	True	True	True	True	True
SDHC	1.0	23.0	23.0	0.9474	18.0	19.0	1.0	9.0	9.0	True	True	True	True	True	True	True
SDHD							1.0	9.0	9.0	False	False	True	False	False	True	True
SDK1							1.0	9.0	9.0	False	False	True	False	False	True	False
SDK2							1.0	9.0	9.0	False	False	True	False	False	True	False
SDR39U1	1.0	23.0	23.0	1.0	19.0	19.0	1.0	9.0	9.0	True	True	True	True	True	True	True
SDR42E1							1.0	9.0	9.0	False	False	True	False	False	True	True
SDSL	0.6957	16.0	23.0	0.7368	14.0	19.0	1.0	9.0	9.0	True	True	True	True	True	True	True
SEC11A	1.0	23.0	23.0	1.0	19.0	19.0	1.0	9.0	9.0	True	True	True	True	True	True	True
SEC11C							1.0	9.0	9.0	False	False	True	False	False	True	True
SEC13	1.0	23.0	23.0	1.0	19.0	19.0	1.0	9.0	9.0	True	True	True	True	True	True	True
SEC14L1							1.0	9.0	9.0	False	False	True	False	False	True	True
SEC14L2	1.0	23.0	23.0	1.0	19.0	19.0	1.0	9.0	9.0	True	True	True	True	True	True	True
SEC14L3							0.8889	8.0	9.0	False	False	True	False	False	True	False
SEC16A	0.8261	19.0	23.0				1.0	9.0	9.0	True	False	True	False	True	True	True
SEC16B							1.0	9.0	9.0	False	False	True	False	False	True	False
SEC22A							1.0	9.0	9.0	False	False	True	False	False	True	True
SEC22B	1.0	23.0	23.0	1.0	19.0	19.0	1.0	9.0	9.0	True	True	True	True	True	True	True
SEC23A	1.0	23.0	23.0	1.0	19.0	19.0	1.0	9.0	9.0	True	True	True	True	True	True	True
SEC23B	1.0	23.0	23.0	0.9474	18.0	19.0	1.0	9.0	9.0	True	True	True	True	True	True	True
SEC23IP	1.0	23.0	23.0	0.7895	15.0	19.0	1.0	9.0	9.0	True	True	True	True	True	True	True
SEC24A							1.0	9.0	9.0	False	False	True	False	False	True	True
SEC24B	0.8696	20.0	23.0	0.5263	10.0	19.0	1.0	9.0	9.0	True	True	True	True	True	True	True
SEC24C	1.0	23.0	23.0	1.0	19.0	19.0	1.0	9.0	9.0	True	True	True	True	True	True	True
SEC24D	0.8261	19.0	23.0				1.0	9.0	9.0	True	False	True	False	True	True	True
SEC31A	1.0	23.0	23.0	1.0	19.0	19.0	1.0	9.0	9.0	True	True	True	True	True	True	True
SEC31B							1.0	9.0	9.0	False	False	True	False	False	True	False
SEC61A1	1.0	23.0	23.0	1.0	19.0	19.0	1.0	9.0	9.0	True	True	True	True	True	True	True
SEC61A2							1.0	9.0	9.0	False	False	True	False	False	True	True
SEC61B	1.0	23.0	23.0				1.0	9.0	9.0	True	False	True	False	True	True	True
SEC61G							1.0	9.0	9.0	False	False	True	False	False	True	True
SEC62	1.0	23.0	23.0				1.0	9.0	9.0	True	False	True	False	True	True	True
SEC63	0.6957	16.0	23.0				1.0	9.0	9.0	True	False	True	False	True	True	True
SECISBP2							1.0	9.0	9.0	False	False	True	False	False	True	True
SECISBP2L							1.0	9.0	9.0	False	False	True	False	False	True	True
SECTM1A							0.8889	8.0	9.0	False	False	True	False	False	True	False
SEH1L	1.0	23.0	23.0	0.7368	14.0	19.0	1.0	9.0	9.0	True	True	True	True	True	True	True
SEL1L							1.0	9.0	9.0	False	False	True	False	False	True	True
SEL1L3							1.0	9.0	9.0	False	False	True	False	False	True	True
SELE							0.6667	6.0	9.0	False	False	True	False	False	True	False
SELENBP1	1.0	23.0	23.0	1.0	19.0	19.0	1.0	9.0	9.0	True	True	True	True	True	True	True
SELENBP2							1.0	9.0	9.0	False	False	True	False	False	True	False
SELENOF	1.0	23.0	23.0	1.0	19.0	19.0	1.0	9.0	9.0	True	True	True	True	True	True	False
SELENOH							1.0	9.0	9.0	False	False	True	False	False	True	False
SELENOI							1.0	9.0	9.0	False	False	True	False	False	True	False
SELENOK							1.0	9.0	9.0	False	False	True	False	False	True	False
SELENOM							1.0	9.0	9.0	False	False	True	False	False	True	False
SELENON							1.0	9.0	9.0	False	False	True	False	False	True	False
SELENOO	1.0	23.0	23.0	1.0	19.0	19.0	1.0	9.0	9.0	True	True	True	True	True	True	False
SELENOP							1.0	9.0	9.0	False	False	True	False	False	True	False
SELENOS							1.0	9.0	9.0	False	False	True	False	False	True	False
SELENOT							1.0	9.0	9.0	False	False	True	False	False	True	False
SELENOW							1.0	9.0	9.0	False	False	True	False	False	True	False
SELL							1.0	9.0	9.0	False	False	True	False	False	True	False
SELP							1.0	9.0	9.0	False	False	True	False	False	True	False
SELPLG							1.0	9.0	9.0	False	False	True	False	False	True	True
SEMA3B							1.0	9.0	9.0	False	False	True	False	False	True	True
SEMA3C							1.0	9.0	9.0	False	False	True	False	False	True	True
SEMA3D							1.0	9.0	9.0	False	False	True	False	False	True	True
SEMA3E							0.4444	4.0	9.0	False	False	False	False	False	True	False
SEMA3F							1.0	9.0	9.0	False	False	True	False	False	True	True
SEMA3G							1.0	9.0	9.0	False	False	True	False	False	True	True
SEMA4A							1.0	9.0	9.0	False	False	True	False	False	True	True
SEMA4B							1.0	9.0	9.0	False	False	True	False	False	True	True
SEMA4C							1.0	9.0	9.0	False	False	True	False	False	True	True
SEMA4D				1.0	19.0	19.0	1.0	9.0	9.0	False	True	True	False	True	True	True
SEMA4G							1.0	9.0	9.0	False	False	True	False	False	True	True
SEMA5A							1.0	9.0	9.0	False	False	True	False	False	True	True
SEMA6A							1.0	9.0	9.0	False	False	True	False	False	True	True
SEMA6B							1.0	9.0	9.0	False	False	True	False	False	True	True
SEMA6D							1.0	9.0	9.0	False	False	True	False	False	True	False
SEMA7A							1.0	9.0	9.0	False	False	True	False	False	True	True
SEMG1							0.4444	4.0	9.0	False	False	False	False	False	False	False
SENP1							1.0	9.0	9.0	False	False	True	False	False	True	True
SENP2							1.0	9.0	9.0	False	False	True	False	False	True	True
SENP3							1.0	9.0	9.0	False	False	True	False	False	True	True
SENP5							1.0	9.0	9.0	False	False	True	False	False	True	True
SENP6							1.0	9.0	9.0	False	False	True	False	False	True	True
SENP7							1.0	9.0	9.0	False	False	True	False	False	True	True
SENP8				0.5263	10.0	19.0	1.0	9.0	9.0	False	True	True	False	True	True	True
SEPHS1	1.0	23.0	23.0				1.0	9.0	9.0	True	False	True	False	True	True	True
SEPHS2	1.0	23.0	23.0				1.0	9.0	9.0	True	False	True	False	True	True	True
SEPSECS							1.0	9.0	9.0	False	False	True	False	False	True	True
SEPTIN1							1.0	9.0	9.0	False	False	True	False	False	True	False
SEPTIN10	0.8261	19.0	23.0	1.0	19.0	19.0	1.0	9.0	9.0	True	True	True	True	True	True	False
SEPTIN11	1.0	23.0	23.0	1.0	19.0	19.0	1.0	9.0	9.0	True	True	True	True	True	True	False
SEPTIN2	1.0	23.0	23.0	1.0	19.0	19.0	1.0	9.0	9.0	True	True	True	True	True	True	False
SEPTIN3							1.0	9.0	9.0	False	False	True	False	False	True	False
SEPTIN4							1.0	9.0	9.0	False	False	True	False	False	True	False
SEPTIN5							1.0	9.0	9.0	False	False	True	False	False	True	False
SEPTIN6	0.6957	16.0	23.0	0.8421	16.0	19.0	1.0	9.0	9.0	True	True	True	True	True	True	False
SEPTIN7	1.0	23.0	23.0	1.0	19.0	19.0	1.0	9.0	9.0	True	True	True	True	True	True	False
SEPTIN8	1.0	23.0	23.0	1.0	19.0	19.0	1.0	9.0	9.0	True	True	True	True	True	True	False
SEPTIN9	1.0	23.0	23.0	1.0	19.0	19.0	1.0	9.0	9.0	True	True	True	True	True	True	False
SERAC1							1.0	9.0	9.0	False	False	True	False	False	True	True
SERBP1	1.0	23.0	23.0	1.0	19.0	19.0	1.0	9.0	9.0	True	True	True	True	True	True	True
SERF1A							1.0	9.0	9.0	False	False	True	False	False	True	False
SERF2							1.0	9.0	9.0	False	False	True	False	False	True	True
SERGEF							1.0	9.0	9.0	False	False	True	False	False	True	True
SERHL2	1.0	23.0	23.0				1.0	9.0	9.0	True	False	True	False	True	True	True
SERINC1							1.0	9.0	9.0	False	False	True	False	False	True	True
SERINC2							0.7778	7.0	9.0	False	False	True	False	False	True	True
SERINC3							1.0	9.0	9.0	False	False	True	False	False	True	True
SERINC5							1.0	9.0	9.0	False	False	True	False	False	True	True
SERPINA1	1.0	23.0	23.0	1.0	19.0	19.0				True	True	False	False	False	False	False
SERPINA10							1.0	9.0	9.0	False	False	True	False	False	True	False
SERPINA11							1.0	9.0	9.0	False	False	True	False	False	True	False
SERPINA1A							1.0	9.0	9.0	False	False	True	False	False	True	False
SERPINA1B							1.0	9.0	9.0	False	False	True	False	False	True	False
SERPINA1C							1.0	9.0	9.0	False	False	True	False	False	True	False
SERPINA1D							1.0	9.0	9.0	False	False	True	False	False	True	False
SERPINA1E							1.0	9.0	9.0	False	False	True	False	False	True	False
SERPINA2							1.0	9.0	9.0	False	False	True	False	False	True	False
SERPINA3				0.5789	11.0	19.0				False	True	False	False	False	False	False
SERPINA3B							0.7778	7.0	9.0	False	False	True	False	False	False	False
SERPINA3C							1.0	9.0	9.0	False	False	True	False	False	True	False
SERPINA3F							0.6667	6.0	9.0	False	False	True	False	False	True	False
SERPINA3J							0.4444	4.0	9.0	False	False	False	False	False	False	False
SERPINA3K							1.0	9.0	9.0	False	False	True	False	False	True	False
SERPINA3M							1.0	9.0	9.0	False	False	True	False	False	True	False
SERPINA3N							1.0	9.0	9.0	False	False	True	False	False	True	False
SERPINA4				0.8421	16.0	19.0				False	True	False	False	False	False	False
SERPINA6							1.0	9.0	9.0	False	False	True	False	False	True	False
SERPINA7							1.0	9.0	9.0	False	False	True	False	False	True	False
SERPINB1	1.0	23.0	23.0	1.0	19.0	19.0				True	True	False	False	False	True	False
SERPINB10	1.0	23.0	23.0	1.0	19.0	19.0				True	True	False	False	False	True	False
SERPINB12							0.5556	5.0	9.0	False	False	True	False	False	False	False
SERPINB1A							1.0	9.0	9.0	False	False	True	False	False	True	False
SERPINB2							0.7778	7.0	9.0	False	False	True	False	False	False	False
SERPINB5							1.0	9.0	9.0	False	False	True	False	False	True	False
SERPINB6	1.0	23.0	23.0	1.0	19.0	19.0	1.0	9.0	9.0	True	True	True	True	True	True	False
SERPINB6B							1.0	9.0	9.0	False	False	True	False	False	True	False
SERPINB6C							0.6667	6.0	9.0	False	False	True	False	False	False	False
SERPINB8							1.0	9.0	9.0	False	False	True	False	False	True	True
SERPINB9	1.0	23.0	23.0	1.0	19.0	19.0	1.0	9.0	9.0	True	True	True	True	True	True	True
SERPINB9B							0.6667	6.0	9.0	False	False	True	False	False	True	False
SERPINC1	1.0	23.0	23.0	1.0	19.0	19.0	1.0	9.0	9.0	True	True	True	True	True	False	False
SERPIND1	1.0	23.0	23.0	1.0	19.0	19.0	1.0	9.0	9.0	True	True	True	True	True	True	False
SERPINE1							0.6667	6.0	9.0	False	False	True	False	False	True	True
SERPINE2							1.0	9.0	9.0	False	False	True	False	False	True	True
SERPINF1	1.0	23.0	23.0	1.0	19.0	19.0	1.0	9.0	9.0	True	True	True	True	True	True	True
SERPINF2	1.0	23.0	23.0	1.0	19.0	19.0	1.0	9.0	9.0	True	True	True	True	True	True	True
SERPING1	1.0	23.0	23.0	1.0	19.0	19.0	1.0	9.0	9.0	True	True	True	True	True	True	True
SERPINH1	1.0	23.0	23.0	1.0	19.0	19.0	1.0	9.0	9.0	True	True	True	True	True	True	True
SERPINI1							1.0	9.0	9.0	False	False	True	False	False	True	False
SESN1							1.0	9.0	9.0	False	False	True	False	False	True	True
SESN2							1.0	9.0	9.0	False	False	True	False	False	True	True
SESN3							1.0	9.0	9.0	False	False	True	False	False	True	True
SESTD1							1.0	9.0	9.0	False	False	True	False	False	True	True
SET				0.9474	18.0	19.0	1.0	9.0	9.0	False	True	True	False	True	True	True
SETBP1							1.0	9.0	9.0	False	False	True	False	False	True	True
SETD1A							1.0	9.0	9.0	False	False	True	False	False	True	True
SETD1B							1.0	9.0	9.0	False	False	True	False	False	True	True
SETD2							1.0	9.0	9.0	False	False	True	False	False	True	True
SETD3							1.0	9.0	9.0	False	False	True	False	False	True	True
SETD5							1.0	9.0	9.0	False	False	True	False	False	True	True
SETD6							1.0	9.0	9.0	False	False	True	False	False	True	True
SETD7							1.0	9.0	9.0	False	False	True	False	False	True	True
SETDB1							1.0	9.0	9.0	False	False	True	False	False	True	True
SETDB2							1.0	9.0	9.0	False	False	True	False	False	True	True
SETMAR							1.0	9.0	9.0	False	False	True	False	False	True	False
SETX							1.0	9.0	9.0	False	False	True	False	False	True	True
SF1	1.0	23.0	23.0	1.0	19.0	19.0	1.0	9.0	9.0	True	True	True	True	True	True	True
SF3A1	1.0	23.0	23.0	1.0	19.0	19.0	1.0	9.0	9.0	True	True	True	True	True	True	True
SF3A2							1.0	9.0	9.0	False	False	True	False	False	True	True
SF3A3	1.0	23.0	23.0	0.9474	18.0	19.0	1.0	9.0	9.0	True	True	True	True	True	True	True
SF3B1	1.0	23.0	23.0	1.0	19.0	19.0	1.0	9.0	9.0	True	True	True	True	True	True	True
SF3B2	1.0	23.0	23.0	1.0	19.0	19.0	1.0	9.0	9.0	True	True	True	True	True	True	True
SF3B3	1.0	23.0	23.0	1.0	19.0	19.0	1.0	9.0	9.0	True	True	True	True	True	True	True
SF3B4							1.0	9.0	9.0	False	False	True	False	False	True	True
SF3B5							1.0	9.0	9.0	False	False	True	False	False	True	True
SF3B6	1.0	23.0	23.0	0.6842	13.0	19.0	1.0	9.0	9.0	True	True	True	True	True	True	True
SFI1							1.0	9.0	9.0	False	False	True	False	False	True	True
SFMBT1							1.0	9.0	9.0	False	False	True	False	False	True	True
SFN	0.8261	19.0	23.0				1.0	9.0	9.0	True	False	True	False	True	True	True
SFPQ	1.0	23.0	23.0	1.0	19.0	19.0	1.0	9.0	9.0	True	True	True	True	True	True	True
SFR1							1.0	9.0	9.0	False	False	True	False	False	True	True
SFRP1				1.0	19.0	19.0	1.0	9.0	9.0	False	True	True	False	True	True	True
SFRP2							0.6667	6.0	9.0	False	False	True	False	False	True	True
SFRP5							1.0	9.0	9.0	False	False	True	False	False	True	False
SFSWAP							1.0	9.0	9.0	False	False	True	False	False	True	True
SFT2D2							1.0	9.0	9.0	False	False	True	False	False	True	True
SFTPB							0.5556	5.0	9.0	False	False	True	False	False	False	False
SFTPD							0.6667	6.0	9.0	False	False	True	False	False	True	False
SFXN1	1.0	23.0	23.0	1.0	19.0	19.0	1.0	9.0	9.0	True	True	True	True	True	True	True
SFXN2							1.0	9.0	9.0	False	False	True	False	False	True	True
SFXN3	1.0	23.0	23.0	1.0	19.0	19.0	1.0	9.0	9.0	True	True	True	True	True	True	True
SFXN4							1.0	9.0	9.0	False	False	True	False	False	True	True
SFXN5	0.9565	22.0	23.0	0.8421	16.0	19.0	1.0	9.0	9.0	True	True	True	True	True	True	True
SGCB							1.0	9.0	9.0	False	False	True	False	False	True	True
SGCD							1.0	9.0	9.0	False	False	True	False	False	True	False
SGCE							1.0	9.0	9.0	False	False	True	False	False	True	False
SGCG							0.3333	3.0	9.0	False	False	False	False	False	True	False
SGF29							1.0	9.0	9.0	False	False	True	False	False	True	False
SGIP1							0.5556	5.0	9.0	False	False	True	False	False	True	False
SGK1							1.0	9.0	9.0	False	False	True	False	False	True	True
SGK2	1.0	23.0	23.0				1.0	9.0	9.0	True	False	True	False	True	True	True
SGK3							1.0	9.0	9.0	False	False	True	False	False	True	True
SGMS1							1.0	9.0	9.0	False	False	True	False	False	True	True
SGMS2							1.0	9.0	9.0	False	False	True	False	False	True	True
SGPL1	1.0	23.0	23.0	1.0	19.0	19.0	1.0	9.0	9.0	True	True	True	True	True	True	True
SGPP1	0.8696	20.0	23.0				1.0	9.0	9.0	True	False	True	False	True	True	True
SGPP2							0.4444	4.0	9.0	False	False	False	False	False	True	True
SGSH							1.0	9.0	9.0	False	False	True	False	False	True	True
SGSM1							1.0	9.0	9.0	False	False	True	False	False	True	False
SGSM2							1.0	9.0	9.0	False	False	True	False	False	True	True
SGSM3							1.0	9.0	9.0	False	False	True	False	False	True	False
SGTA	1.0	23.0	23.0	1.0	19.0	19.0	1.0	9.0	9.0	True	True	True	True	True	True	True
SGTB							1.0	9.0	9.0	False	False	True	False	False	True	True
SH2B1							1.0	9.0	9.0	False	False	True	False	False	True	True
SH2B2							1.0	9.0	9.0	False	False	True	False	False	True	False
SH2B3							1.0	9.0	9.0	False	False	True	False	False	True	True
SH2D1A							0.4444	4.0	9.0	False	False	False	False	False	True	False
SH2D2A							0.3333	3.0	9.0	False	False	False	False	False	True	False
SH2D3C							1.0	9.0	9.0	False	False	True	False	False	True	True
SH2D4A							1.0	9.0	9.0	False	False	True	False	False	True	True
SH3BGR							1.0	9.0	9.0	False	False	True	False	False	True	False
SH3BGRL	1.0	23.0	23.0	1.0	19.0	19.0	1.0	9.0	9.0	True	True	True	True	True	True	True
SH3BGRL2	1.0	23.0	23.0				1.0	9.0	9.0	True	False	True	False	True	True	True
SH3BGRL3	1.0	23.0	23.0	1.0	19.0	19.0	1.0	9.0	9.0	True	True	True	True	True	True	True
SH3BP1	0.6957	16.0	23.0				1.0	9.0	9.0	True	False	True	False	True	True	True
SH3BP2							1.0	9.0	9.0	False	False	True	False	False	True	True
SH3BP4							1.0	9.0	9.0	False	False	True	False	False	True	True
SH3BP5							1.0	9.0	9.0	False	False	True	False	False	True	True
SH3BP5L							1.0	9.0	9.0	False	False	True	False	False	True	True
SH3D19							1.0	9.0	9.0	False	False	True	False	False	True	True
SH3D21							1.0	9.0	9.0	False	False	True	False	False	True	True
SH3GL1	1.0	23.0	23.0	1.0	19.0	19.0	1.0	9.0	9.0	True	True	True	True	True	True	True
SH3GL2							1.0	9.0	9.0	False	False	True	False	False	True	True
SH3GLB1	1.0	23.0	23.0	1.0	19.0	19.0	1.0	9.0	9.0	True	True	True	True	True	True	True
SH3GLB2	1.0	23.0	23.0	0.6842	13.0	19.0	1.0	9.0	9.0	True	True	True	True	True	True	True
SH3KBP1							1.0	9.0	9.0	False	False	True	False	False	True	False
SH3PXD2A							1.0	9.0	9.0	False	False	True	False	False	True	True
SH3PXD2B							1.0	9.0	9.0	False	False	True	False	False	True	True
SH3RF1							1.0	9.0	9.0	False	False	True	False	False	True	True
SH3TC1							1.0	9.0	9.0	False	False	True	False	False	True	True
SH3TC2							1.0	9.0	9.0	False	False	True	False	False	True	True
SH3YL1							1.0	9.0	9.0	False	False	True	False	False	True	True
SHANK1							1.0	9.0	9.0	False	False	True	False	False	True	False
SHANK2							1.0	9.0	9.0	False	False	True	False	False	True	True
SHANK3							1.0	9.0	9.0	False	False	True	False	False	True	True
SHARPIN							1.0	9.0	9.0	False	False	True	False	False	True	True
SHB							1.0	9.0	9.0	False	False	True	False	False	True	True
SHBG				1.0	19.0	19.0				False	True	False	False	False	True	False
SHC1							1.0	9.0	9.0	False	False	True	False	False	True	True
SHCBP1							0.5556	5.0	9.0	False	False	True	False	False	True	False
SHD							1.0	9.0	9.0	False	False	True	False	False	True	False
SHE							1.0	9.0	9.0	False	False	True	False	False	True	True
SHF							1.0	9.0	9.0	False	False	True	False	False	True	True
SHFL							1.0	9.0	9.0	False	False	True	False	False	True	False
SHISA2							0.5556	5.0	9.0	False	False	True	False	False	True	False
SHISA3							1.0	9.0	9.0	False	False	True	False	False	True	True
SHISA4							1.0	9.0	9.0	False	False	True	False	False	True	True
SHISA5							1.0	9.0	9.0	False	False	True	False	False	True	True
SHKBP1							1.0	9.0	9.0	False	False	True	False	False	True	True
SHLD1							0.1111	1.0	9.0	False	False	False	False	False	True	False
SHLD2							1.0	9.0	9.0	False	False	True	False	False	True	False
SHMT1	1.0	23.0	23.0	1.0	19.0	19.0	1.0	9.0	9.0	True	True	True	True	True	True	True
SHMT2	0.9565	22.0	23.0	1.0	19.0	19.0	1.0	9.0	9.0	True	True	True	True	True	True	True
SHOC1							0.7778	7.0	9.0	False	False	True	False	False	False	False
SHOC2							1.0	9.0	9.0	False	False	True	False	False	True	True
SHPK	1.0	23.0	23.0	0.8421	16.0	19.0	1.0	9.0	9.0	True	True	True	True	True	True	True
SHPRH							1.0	9.0	9.0	False	False	True	False	False	True	True
SHQ1							1.0	9.0	9.0	False	False	True	False	False	True	True
SHROOM1							1.0	9.0	9.0	False	False	True	False	False	True	False
SHROOM2							1.0	9.0	9.0	False	False	True	False	False	True	True
SHROOM3							1.0	9.0	9.0	False	False	True	False	False	True	True
SHROOM4							1.0	9.0	9.0	False	False	True	False	False	True	True
SHTN1	1.0	23.0	23.0				1.0	9.0	9.0	True	False	True	False	True	True	False
SIAE							1.0	9.0	9.0	False	False	True	False	False	True	True
SIAH1A							1.0	9.0	9.0	False	False	True	False	False	True	False
SIAH2							1.0	9.0	9.0	False	False	True	False	False	True	True
SIDT2	1.0	23.0	23.0	1.0	19.0	19.0	1.0	9.0	9.0	True	True	True	True	True	True	True
SIGIRR	1.0	23.0	23.0				1.0	9.0	9.0	True	False	True	False	True	True	True
SIGLEC1							1.0	9.0	9.0	False	False	True	False	False	True	False
SIGLEC12							1.0	9.0	9.0	False	False	True	False	False	False	False
SIGMAR1							1.0	9.0	9.0	False	False	True	False	False	True	True
SIK1							1.0	9.0	9.0	False	False	True	False	False	True	True
SIK2							1.0	9.0	9.0	False	False	True	False	False	True	True
SIK3							1.0	9.0	9.0	False	False	True	False	False	True	True
SIKE1							1.0	9.0	9.0	False	False	True	False	False	True	True
SIL1							1.0	9.0	9.0	False	False	True	False	False	True	True
SIM1							1.0	9.0	9.0	False	False	True	False	False	True	True
SIM2							1.0	9.0	9.0	False	False	True	False	False	True	True
SIMC1							1.0	9.0	9.0	False	False	True	False	False	True	True
SIN3A							1.0	9.0	9.0	False	False	True	False	False	True	True
SIN3B							1.0	9.0	9.0	False	False	True	False	False	True	True
SINHCAF							1.0	9.0	9.0	False	False	True	False	False	True	False
SIPA1							1.0	9.0	9.0	False	False	True	False	False	True	True
SIPA1L1	0.8261	19.0	23.0				1.0	9.0	9.0	True	False	True	False	True	True	True
SIPA1L2							1.0	9.0	9.0	False	False	True	False	False	True	True
SIPA1L3							1.0	9.0	9.0	False	False	True	False	False	True	True
SIRPA							1.0	9.0	9.0	False	False	True	False	False	True	True
SIRPB1A							0.5556	5.0	9.0	False	False	True	False	False	True	False
SIRPB1B							0.6667	6.0	9.0	False	False	True	False	False	True	False
SIRPB1C							0.6667	6.0	9.0	False	False	True	False	False	True	False
SIRT1							1.0	9.0	9.0	False	False	True	False	False	True	True
SIRT2	1.0	23.0	23.0	0.5789	11.0	19.0	1.0	9.0	9.0	True	True	True	True	True	True	True
SIRT3	1.0	23.0	23.0	0.4737	9.0	19.0	1.0	9.0	9.0	True	False	True	False	True	True	True
SIRT4							1.0	9.0	9.0	False	False	True	False	False	True	True
SIRT5	1.0	23.0	23.0	1.0	19.0	19.0	1.0	9.0	9.0	True	True	True	True	True	True	True
SIRT6							1.0	9.0	9.0	False	False	True	False	False	True	True
SIRT7							1.0	9.0	9.0	False	False	True	False	False	True	True
SIT1							0.5556	5.0	9.0	False	False	True	False	False	True	False
SIVA1							0.7778	7.0	9.0	False	False	True	False	False	True	True
SIX4							0.7778	7.0	9.0	False	False	True	False	False	True	False
SIX5							1.0	9.0	9.0	False	False	True	False	False	True	True
SKAP1							0.7778	7.0	9.0	False	False	True	False	False	True	False
SKAP2							1.0	9.0	9.0	False	False	True	False	False	True	True
SKI							1.0	9.0	9.0	False	False	True	False	False	True	True
SKIC2	0.8696	20.0	23.0				1.0	9.0	9.0	True	False	True	False	True	True	False
SKIC3	0.6957	16.0	23.0				1.0	9.0	9.0	True	False	True	False	True	True	False
SKIC8	1.0	23.0	23.0	1.0	19.0	19.0	1.0	9.0	9.0	True	True	True	True	True	True	False
SKIL							1.0	9.0	9.0	False	False	True	False	False	True	True
SKP1	1.0	23.0	23.0	1.0	19.0	19.0	1.0	9.0	9.0	True	True	True	True	True	True	False
SKT							1.0	9.0	9.0	False	False	True	False	False	False	False
SLA							0.7778	7.0	9.0	False	False	True	False	False	True	True
SLAIN1							1.0	9.0	9.0	False	False	True	False	False	True	True
SLAIN2							1.0	9.0	9.0	False	False	True	False	False	True	True
SLAMF1							0.4444	4.0	9.0	False	False	False	False	False	True	False
SLAMF6							0.5556	5.0	9.0	False	False	True	False	False	True	False
SLAMF7							1.0	9.0	9.0	False	False	True	False	False	True	False
SLAMF9							1.0	9.0	9.0	False	False	True	False	False	True	False
SLBP							1.0	9.0	9.0	False	False	True	False	False	True	True
SLC10A1							0.4444	4.0	9.0	False	False	False	False	False	False	False
SLC10A2							1.0	9.0	9.0	False	False	True	False	False	True	True
SLC10A5							1.0	9.0	9.0	False	False	True	False	False	True	True
SLC10A6							0.6667	6.0	9.0	False	False	True	False	False	True	False
SLC10A7							1.0	9.0	9.0	False	False	True	False	False	True	True
SLC11A1							0.6667	6.0	9.0	False	False	True	False	False	True	True
SLC11A2							1.0	9.0	9.0	False	False	True	False	False	True	True
SLC12A1	1.0	23.0	23.0	1.0	19.0	19.0	1.0	9.0	9.0	True	True	True	True	True	True	True
SLC12A2	1.0	23.0	23.0	1.0	19.0	19.0	1.0	9.0	9.0	True	True	True	True	True	True	True
SLC12A3	0.6522	15.0	23.0				1.0	9.0	9.0	True	False	True	False	True	True	True
SLC12A4							1.0	9.0	9.0	False	False	True	False	False	True	True
SLC12A6							1.0	9.0	9.0	False	False	True	False	False	True	True
SLC12A7	0.8696	20.0	23.0				1.0	9.0	9.0	True	False	True	False	True	True	True
SLC12A9							1.0	9.0	9.0	False	False	True	False	False	True	True
SLC13A1							1.0	9.0	9.0	False	False	True	False	False	True	True
SLC13A2							1.0	9.0	9.0	False	False	True	False	False	True	True
SLC13A3	1.0	23.0	23.0				1.0	9.0	9.0	True	False	True	False	True	True	True
SLC14A1							1.0	9.0	9.0	False	False	True	False	False	True	True
SLC14A2							1.0	9.0	9.0	False	False	True	False	False	True	False
SLC15A1							0.2222	2.0	9.0	False	False	False	False	False	True	False
SLC15A2							1.0	9.0	9.0	False	False	True	False	False	True	True
SLC15A3							0.5556	5.0	9.0	False	False	True	False	False	True	True
SLC15A4							1.0	9.0	9.0	False	False	True	False	False	True	True
SLC16A1	1.0	23.0	23.0				1.0	9.0	9.0	True	False	True	False	True	True	False
SLC16A10							1.0	9.0	9.0	False	False	True	False	False	True	True
SLC16A11							1.0	9.0	9.0	False	False	True	False	False	True	False
SLC16A12							1.0	9.0	9.0	False	False	True	False	False	True	True
SLC16A13							1.0	9.0	9.0	False	False	True	False	False	True	True
SLC16A14							0.8889	8.0	9.0	False	False	True	False	False	True	True
SLC16A2							1.0	9.0	9.0	False	False	True	False	False	True	True
SLC16A3							1.0	9.0	9.0	False	False	True	False	False	True	False
SLC16A4	0.8261	19.0	23.0				1.0	9.0	9.0	True	False	True	False	True	True	True
SLC16A5							1.0	9.0	9.0	False	False	True	False	False	True	True
SLC16A6							1.0	9.0	9.0	False	False	True	False	False	True	False
SLC16A7							1.0	9.0	9.0	False	False	True	False	False	True	True
SLC16A9							0.8889	8.0	9.0	False	False	True	False	False	True	True
SLC17A1							1.0	9.0	9.0	False	False	True	False	False	True	True
SLC17A3							1.0	9.0	9.0	False	False	True	False	False	True	True
SLC17A4							0.5556	5.0	9.0	False	False	True	False	False	True	False
SLC17A5							1.0	9.0	9.0	False	False	True	False	False	True	True
SLC18A1							1.0	9.0	9.0	False	False	True	False	False	True	False
SLC18A2							0.8889	8.0	9.0	False	False	True	False	False	False	False
SLC19A1							1.0	9.0	9.0	False	False	True	False	False	True	True
SLC19A2							1.0	9.0	9.0	False	False	True	False	False	True	True
SLC19A3							1.0	9.0	9.0	False	False	True	False	False	True	True
SLC1A1							1.0	9.0	9.0	False	False	True	False	False	True	True
SLC1A2							0.8889	8.0	9.0	False	False	True	False	False	True	False
SLC1A3							1.0	9.0	9.0	False	False	True	False	False	True	False
SLC1A4							1.0	9.0	9.0	False	False	True	False	False	True	True
SLC1A5	0.9565	22.0	23.0				1.0	9.0	9.0	True	False	True	False	True	True	True
SLC20A1							1.0	9.0	9.0	False	False	True	False	False	True	True
SLC20A2							1.0	9.0	9.0	False	False	True	False	False	True	True
SLC22A1	1.0	23.0	23.0				1.0	9.0	9.0	True	False	True	False	True	True	True
SLC22A12	1.0	23.0	23.0	0.8421	16.0	19.0	1.0	9.0	9.0	True	True	True	True	True	True	True
SLC22A13	1.0	23.0	23.0	0.9474	18.0	19.0	1.0	9.0	9.0	True	True	True	True	True	True	True
SLC22A15							0.7778	7.0	9.0	False	False	True	False	False	True	False
SLC22A17							0.2222	2.0	9.0	False	False	False	False	False	True	True
SLC22A19							1.0	9.0	9.0	False	False	True	False	False	True	False
SLC22A2	0.8696	20.0	23.0	0.6842	13.0	19.0	1.0	9.0	9.0	True	True	True	True	True	True	True
SLC22A22							1.0	9.0	9.0	False	False	True	False	False	True	False
SLC22A23							1.0	9.0	9.0	False	False	True	False	False	True	True
SLC22A26							1.0	9.0	9.0	False	False	True	False	False	True	False
SLC22A29							0.3333	3.0	9.0	False	False	False	False	False	True	False
SLC22A3							0.6667	6.0	9.0	False	False	True	False	False	True	False
SLC22A4							1.0	9.0	9.0	False	False	True	False	False	True	False
SLC22A5							1.0	9.0	9.0	False	False	True	False	False	True	False
SLC22A6	1.0	23.0	23.0				1.0	9.0	9.0	True	False	True	False	True	True	True
SLC22A7							1.0	9.0	9.0	False	False	True	False	False	True	False
SLC22A8							1.0	9.0	9.0	False	False	True	False	False	True	False
SLC23A1	0.6957	16.0	23.0	0.7368	14.0	19.0	1.0	9.0	9.0	True	True	True	True	True	True	True
SLC23A2							1.0	9.0	9.0	False	False	True	False	False	True	True
SLC23A3							1.0	9.0	9.0	False	False	True	False	False	True	True
SLC24A3							0.6667	6.0	9.0	False	False	True	False	False	True	False
SLC25A1	1.0	23.0	23.0	0.9474	18.0	19.0	1.0	9.0	9.0	True	True	True	True	True	True	True
SLC25A10	0.9565	22.0	23.0	1.0	19.0	19.0	1.0	9.0	9.0	True	True	True	True	True	True	True
SLC25A11	1.0	23.0	23.0	1.0	19.0	19.0	1.0	9.0	9.0	True	True	True	True	True	True	True
SLC25A12	1.0	23.0	23.0	1.0	19.0	19.0	1.0	9.0	9.0	True	True	True	True	True	True	True
SLC25A13	1.0	23.0	23.0	0.9474	18.0	19.0	1.0	9.0	9.0	True	True	True	True	True	True	True
SLC25A14							0.8889	8.0	9.0	False	False	True	False	False	True	True
SLC25A15							1.0	9.0	9.0	False	False	True	False	False	True	True
SLC25A16							1.0	9.0	9.0	False	False	True	False	False	True	True
SLC25A17							1.0	9.0	9.0	False	False	True	False	False	True	True
SLC25A19							1.0	9.0	9.0	False	False	True	False	False	True	True
SLC25A20	0.9565	22.0	23.0	1.0	19.0	19.0	1.0	9.0	9.0	True	True	True	True	True	True	True
SLC25A21	0.7391	17.0	23.0				1.0	9.0	9.0	True	False	True	False	True	True	True
SLC25A22	1.0	23.0	23.0	0.7895	15.0	19.0	1.0	9.0	9.0	True	True	True	True	True	True	True
SLC25A23							1.0	9.0	9.0	False	False	True	False	False	True	True
SLC25A24	0.6522	15.0	23.0	0.8947	17.0	19.0	1.0	9.0	9.0	True	True	True	True	True	True	True
SLC25A25							1.0	9.0	9.0	False	False	True	False	False	True	True
SLC25A26							1.0	9.0	9.0	False	False	True	False	False	True	True
SLC25A28							1.0	9.0	9.0	False	False	True	False	False	True	True
SLC25A29							1.0	9.0	9.0	False	False	True	False	False	True	False
SLC25A3	1.0	23.0	23.0	1.0	19.0	19.0	1.0	9.0	9.0	True	True	True	True	True	True	True
SLC25A30							1.0	9.0	9.0	False	False	True	False	False	True	True
SLC25A31							1.0	9.0	9.0	False	False	True	False	False	False	False
SLC25A32							1.0	9.0	9.0	False	False	True	False	False	True	True
SLC25A33							1.0	9.0	9.0	False	False	True	False	False	True	True
SLC25A34							1.0	9.0	9.0	False	False	True	False	False	True	True
SLC25A35	1.0	23.0	23.0				1.0	9.0	9.0	True	False	True	False	True	True	True
SLC25A36							1.0	9.0	9.0	False	False	True	False	False	True	True
SLC25A37							1.0	9.0	9.0	False	False	True	False	False	True	True
SLC25A38							1.0	9.0	9.0	False	False	True	False	False	True	True
SLC25A39							1.0	9.0	9.0	False	False	True	False	False	True	True
SLC25A4	1.0	23.0	23.0	1.0	19.0	19.0	1.0	9.0	9.0	True	True	True	True	True	True	True
SLC25A40							1.0	9.0	9.0	False	False	True	False	False	True	True
SLC25A42							1.0	9.0	9.0	False	False	True	False	False	True	True
SLC25A44							1.0	9.0	9.0	False	False	True	False	False	True	False
SLC25A45							1.0	9.0	9.0	False	False	True	False	False	True	True
SLC25A46							1.0	9.0	9.0	False	False	True	False	False	True	True
SLC25A48							1.0	9.0	9.0	False	False	True	False	False	True	True
SLC25A5							1.0	9.0	9.0	False	False	True	False	False	True	True
SLC25A51							1.0	9.0	9.0	False	False	True	False	False	True	True
SLC25A6	1.0	23.0	23.0	1.0	19.0	19.0				True	True	False	False	False	True	False
SLC26A1							1.0	9.0	9.0	False	False	True	False	False	True	False
SLC26A11							1.0	9.0	9.0	False	False	True	False	False	True	True
SLC26A2							1.0	9.0	9.0	False	False	True	False	False	True	True
SLC26A4							1.0	9.0	9.0	False	False	True	False	False	True	True
SLC26A6	1.0	23.0	23.0	0.4211	8.0	19.0	1.0	9.0	9.0	True	False	True	False	True	True	False
SLC27A1							1.0	9.0	9.0	False	False	True	False	False	True	True
SLC27A2							1.0	9.0	9.0	False	False	True	False	False	True	True
SLC27A3							1.0	9.0	9.0	False	False	True	False	False	True	True
SLC27A4	0.5652	13.0	23.0				1.0	9.0	9.0	True	False	True	False	True	True	True
SLC27A6							0.6667	6.0	9.0	False	False	True	False	False	False	False
SLC28A1							1.0	9.0	9.0	False	False	True	False	False	True	True
SLC29A1							1.0	9.0	9.0	False	False	True	False	False	True	True
SLC29A2							1.0	9.0	9.0	False	False	True	False	False	True	True
SLC29A3							1.0	9.0	9.0	False	False	True	False	False	True	True
SLC2A1							1.0	9.0	9.0	False	False	True	False	False	True	True
SLC2A12							0.6667	6.0	9.0	False	False	True	False	False	True	True
SLC2A13							1.0	9.0	9.0	False	False	True	False	False	True	False
SLC2A2							1.0	9.0	9.0	False	False	True	False	False	True	True
SLC2A3							1.0	9.0	9.0	False	False	True	False	False	True	False
SLC2A4							1.0	9.0	9.0	False	False	True	False	False	True	False
SLC2A5							1.0	9.0	9.0	False	False	True	False	False	True	False
SLC2A6							0.6667	6.0	9.0	False	False	True	False	False	True	False
SLC2A8							1.0	9.0	9.0	False	False	True	False	False	True	True
SLC2A9							1.0	9.0	9.0	False	False	True	False	False	True	True
SLC30A1							1.0	9.0	9.0	False	False	True	False	False	True	True
SLC30A2							1.0	9.0	9.0	False	False	True	False	False	True	True
SLC30A4							1.0	9.0	9.0	False	False	True	False	False	True	True
SLC30A5							1.0	9.0	9.0	False	False	True	False	False	True	True
SLC30A6							1.0	9.0	9.0	False	False	True	False	False	True	True
SLC30A7							1.0	9.0	9.0	False	False	True	False	False	True	True
SLC30A9							1.0	9.0	9.0	False	False	True	False	False	True	True
SLC31A1	0.6087	14.0	23.0				1.0	9.0	9.0	True	False	True	False	True	True	True
SLC31A2							0.8889	8.0	9.0	False	False	True	False	False	True	True
SLC33A1							1.0	9.0	9.0	False	False	True	False	False	True	True
SLC33A2							1.0	9.0	9.0	False	False	True	False	False	True	True
SLC34A1	0.8261	19.0	23.0				1.0	9.0	9.0	True	False	True	False	True	True	True
SLC34A2	0.8261	19.0	23.0				1.0	9.0	9.0	True	False	True	False	True	True	True
SLC34A3							0.4444	4.0	9.0	False	False	False	False	False	True	True
SLC35A1							1.0	9.0	9.0	False	False	True	False	False	True	True
SLC35A2							1.0	9.0	9.0	False	False	True	False	False	True	True
SLC35A3							1.0	9.0	9.0	False	False	True	False	False	True	True
SLC35A5							1.0	9.0	9.0	False	False	True	False	False	True	True
SLC35B1							1.0	9.0	9.0	False	False	True	False	False	True	True
SLC35B2							1.0	9.0	9.0	False	False	True	False	False	True	True
SLC35B3							1.0	9.0	9.0	False	False	True	False	False	True	True
SLC35B4							1.0	9.0	9.0	False	False	True	False	False	True	True
SLC35C1							1.0	9.0	9.0	False	False	True	False	False	True	True
SLC35D1							1.0	9.0	9.0	False	False	True	False	False	True	True
SLC35D2							1.0	9.0	9.0	False	False	True	False	False	True	True
SLC35E1							1.0	9.0	9.0	False	False	True	False	False	True	True
SLC35E2A							1.0	9.0	9.0	False	False	True	False	False	False	False
SLC35F2							1.0	9.0	9.0	False	False	True	False	False	True	True
SLC35F3							1.0	9.0	9.0	False	False	True	False	False	True	False
SLC35F5							1.0	9.0	9.0	False	False	True	False	False	True	True
SLC35F6							1.0	9.0	9.0	False	False	True	False	False	True	True
SLC35G1							1.0	9.0	9.0	False	False	True	False	False	True	True
SLC35G2							0.8889	8.0	9.0	False	False	True	False	False	True	False
SLC35H1							1.0	9.0	9.0	False	False	True	False	False	True	True
SLC36A1							1.0	9.0	9.0	False	False	True	False	False	True	True
SLC36A2							0.7778	7.0	9.0	False	False	True	False	False	True	False
SLC36A4							1.0	9.0	9.0	False	False	True	False	False	True	True
SLC37A1							1.0	9.0	9.0	False	False	True	False	False	True	False
SLC37A2							1.0	9.0	9.0	False	False	True	False	False	True	False
SLC37A4	0.9565	22.0	23.0	0.7368	14.0	19.0	1.0	9.0	9.0	True	True	True	True	True	True	True
SLC38A10							1.0	9.0	9.0	False	False	True	False	False	True	True
SLC38A12							1.0	9.0	9.0	False	False	True	False	False	True	True
SLC38A2							1.0	9.0	9.0	False	False	True	False	False	True	True
SLC38A3							1.0	9.0	9.0	False	False	True	False	False	True	True
SLC38A7							1.0	9.0	9.0	False	False	True	False	False	True	True
SLC38A9							1.0	9.0	9.0	False	False	True	False	False	True	False
SLC39A1							1.0	9.0	9.0	False	False	True	False	False	True	True
SLC39A10							1.0	9.0	9.0	False	False	True	False	False	True	True
SLC39A11	0.8696	20.0	23.0				1.0	9.0	9.0	True	False	True	False	True	True	True
SLC39A13							1.0	9.0	9.0	False	False	True	False	False	True	True
SLC39A14							1.0	9.0	9.0	False	False	True	False	False	True	True
SLC39A3							1.0	9.0	9.0	False	False	True	False	False	True	True
SLC39A4							0.3333	3.0	9.0	False	False	False	False	False	True	False
SLC39A5							0.6667	6.0	9.0	False	False	True	False	False	True	True
SLC39A6							1.0	9.0	9.0	False	False	True	False	False	True	True
SLC39A7							1.0	9.0	9.0	False	False	True	False	False	True	False
SLC39A8							1.0	9.0	9.0	False	False	True	False	False	True	True
SLC39A9							0.7778	7.0	9.0	False	False	True	False	False	True	True
SLC3A1	1.0	23.0	23.0	0.8947	17.0	19.0	1.0	9.0	9.0	True	True	True	True	True	True	True
SLC3A2	1.0	23.0	23.0	0.9474	18.0	19.0	1.0	9.0	9.0	True	True	True	True	True	True	True
SLC40A1							1.0	9.0	9.0	False	False	True	False	False	True	True
SLC41A1							1.0	9.0	9.0	False	False	True	False	False	True	True
SLC41A2							1.0	9.0	9.0	False	False	True	False	False	True	True
SLC41A3							1.0	9.0	9.0	False	False	True	False	False	True	False
SLC43A1							1.0	9.0	9.0	False	False	True	False	False	True	False
SLC43A2							1.0	9.0	9.0	False	False	True	False	False	True	True
SLC43A3							1.0	9.0	9.0	False	False	True	False	False	True	True
SLC44A1				0.6316	12.0	19.0	1.0	9.0	9.0	False	True	True	False	True	True	True
SLC44A2	1.0	23.0	23.0	1.0	19.0	19.0	1.0	9.0	9.0	True	True	True	True	True	True	True
SLC44A3							1.0	9.0	9.0	False	False	True	False	False	True	True
SLC44A4							1.0	9.0	9.0	False	False	True	False	False	True	True
SLC45A3							1.0	9.0	9.0	False	False	True	False	False	True	True
SLC45A4							1.0	9.0	9.0	False	False	True	False	False	True	True
SLC46A1							1.0	9.0	9.0	False	False	True	False	False	True	True
SLC46A3							0.8889	8.0	9.0	False	False	True	False	False	True	True
SLC47A1							1.0	9.0	9.0	False	False	True	False	False	True	False
SLC48A1							1.0	9.0	9.0	False	False	True	False	False	True	True
SLC49A3							1.0	9.0	9.0	False	False	True	False	False	True	False
SLC49A4							1.0	9.0	9.0	False	False	True	False	False	True	False
SLC4A1	1.0	23.0	23.0	1.0	19.0	19.0	1.0	9.0	9.0	True	True	True	True	True	True	True
SLC4A11							1.0	9.0	9.0	False	False	True	False	False	True	True
SLC4A1AP							1.0	9.0	9.0	False	False	True	False	False	True	True
SLC4A2							1.0	9.0	9.0	False	False	True	False	False	True	True
SLC4A4	1.0	23.0	23.0	1.0	19.0	19.0	1.0	9.0	9.0	True	True	True	True	True	True	True
SLC4A7							1.0	9.0	9.0	False	False	True	False	False	True	True
SLC4A8							1.0	9.0	9.0	False	False	True	False	False	True	False
SLC4A9							1.0	9.0	9.0	False	False	True	False	False	True	True
SLC50A1							1.0	9.0	9.0	False	False	True	False	False	True	True
SLC51A							1.0	9.0	9.0	False	False	True	False	False	True	True
SLC51B							1.0	9.0	9.0	False	False	True	False	False	True	False
SLC52A2							1.0	9.0	9.0	False	False	True	False	False	True	True
SLC52A3							1.0	9.0	9.0	False	False	True	False	False	True	True
SLC5A1				0.7895	15.0	19.0	1.0	9.0	9.0	False	True	True	False	True	True	True
SLC5A10				0.6842	13.0	19.0	1.0	9.0	9.0	False	True	True	False	True	True	True
SLC5A11							1.0	9.0	9.0	False	False	True	False	False	True	True
SLC5A12	0.9565	22.0	23.0	1.0	19.0	19.0	1.0	9.0	9.0	True	True	True	True	True	True	True
SLC5A2	1.0	23.0	23.0	0.8421	16.0	19.0	1.0	9.0	9.0	True	True	True	True	True	True	True
SLC5A3							1.0	9.0	9.0	False	False	True	False	False	True	True
SLC5A6							1.0	9.0	9.0	False	False	True	False	False	True	True
SLC5A8	0.6522	15.0	23.0	0.7895	15.0	19.0	1.0	9.0	9.0	True	True	True	True	True	True	True
SLC5A9	1.0	23.0	23.0				1.0	9.0	9.0	True	False	True	False	True	True	True
SLC60A1							1.0	9.0	9.0	False	False	True	False	False	True	False
SLC61A1							1.0	9.0	9.0	False	False	True	False	False	True	False
SLC66A2							0.6667	6.0	9.0	False	False	True	False	False	True	False
SLC66A3							0.8889	8.0	9.0	False	False	True	False	False	True	False
SLC67A1							1.0	9.0	9.0	False	False	True	False	False	True	True
SLC67A2							1.0	9.0	9.0	False	False	True	False	False	True	True
SLC6A1	0.9565	22.0	23.0							True	False	False	False	False	True	False
SLC6A12							0.3333	3.0	9.0	False	False	False	False	False	True	False
SLC6A13							1.0	9.0	9.0	False	False	True	False	False	True	True
SLC6A14							0.6667	6.0	9.0	False	False	True	False	False	True	False
SLC6A15							0.6667	6.0	9.0	False	False	True	False	False	True	False
SLC6A17							1.0	9.0	9.0	False	False	True	False	False	True	True
SLC6A18	0.7391	17.0	23.0	0.7368	14.0	19.0	1.0	9.0	9.0	True	True	True	True	True	True	True
SLC6A19	1.0	23.0	23.0				1.0	9.0	9.0	True	False	True	False	True	True	True
SLC6A2							1.0	9.0	9.0	False	False	True	False	False	True	False
SLC6A20A							1.0	9.0	9.0	False	False	True	False	False	True	False
SLC6A20B							1.0	9.0	9.0	False	False	True	False	False	True	False
SLC6A4							0.4444	4.0	9.0	False	False	False	False	False	True	False
SLC6A6							1.0	9.0	9.0	False	False	True	False	False	True	True
SLC6A8							1.0	9.0	9.0	False	False	True	False	False	True	True
SLC6A9							1.0	9.0	9.0	False	False	True	False	False	True	True
SLC71A1							1.0	9.0	9.0	False	False	True	False	False	True	False
SLC71A2							1.0	9.0	9.0	False	False	True	False	False	True	False
SLC75A1							1.0	9.0	9.0	False	False	True	False	False	True	False
SLC7A1							1.0	9.0	9.0	False	False	True	False	False	True	True
SLC7A13							1.0	9.0	9.0	False	False	True	False	False	True	False
SLC7A2							1.0	9.0	9.0	False	False	True	False	False	True	True
SLC7A4							1.0	9.0	9.0	False	False	True	False	False	True	False
SLC7A5							1.0	9.0	9.0	False	False	True	False	False	True	True
SLC7A6							1.0	9.0	9.0	False	False	True	False	False	True	True
SLC7A6OS							1.0	9.0	9.0	False	False	True	False	False	True	True
SLC7A7							1.0	9.0	9.0	False	False	True	False	False	True	True
SLC7A8	0.913	21.0	23.0				1.0	9.0	9.0	True	False	True	False	True	True	True
SLC7A9							1.0	9.0	9.0	False	False	True	False	False	True	True
SLC8A1							1.0	9.0	9.0	False	False	True	False	False	True	True
SLC8A2							1.0	9.0	9.0	False	False	True	False	False	True	False
SLC8A3							1.0	9.0	9.0	False	False	True	False	False	True	False
SLC8B1							1.0	9.0	9.0	False	False	True	False	False	True	True
SLC9A1							1.0	9.0	9.0	False	False	True	False	False	True	True
SLC9A2							1.0	9.0	9.0	False	False	True	False	False	True	True
SLC9A3							1.0	9.0	9.0	False	False	True	False	False	True	True
SLC9A3R2	1.0	23.0	23.0	1.0	19.0	19.0				True	True	False	False	False	True	True
SLC9A4							0.5556	5.0	9.0	False	False	True	False	False	True	False
SLC9A6							1.0	9.0	9.0	False	False	True	False	False	True	True
SLC9A7							1.0	9.0	9.0	False	False	True	False	False	True	True
SLC9A8							1.0	9.0	9.0	False	False	True	False	False	True	True
SLC9A9							1.0	9.0	9.0	False	False	True	False	False	True	False
SLC9D1							1.0	9.0	9.0	False	False	True	False	False	True	True
SLCO1A1							1.0	9.0	9.0	False	False	True	False	False	True	False
SLCO1A4							1.0	9.0	9.0	False	False	True	False	False	True	False
SLCO1A5							0.6667	6.0	9.0	False	False	True	False	False	False	False
SLCO1A6							1.0	9.0	9.0	False	False	True	False	False	True	False
SLCO2A1							1.0	9.0	9.0	False	False	True	False	False	True	True
SLCO2B1							1.0	9.0	9.0	False	False	True	False	False	True	True
SLCO3A1							1.0	9.0	9.0	False	False	True	False	False	True	True
SLCO4A1							1.0	9.0	9.0	False	False	True	False	False	True	True
SLCO4C1	0.7391	17.0	23.0	1.0	19.0	19.0	1.0	9.0	9.0	True	True	True	True	True	True	True
SLF2							1.0	9.0	9.0	False	False	True	False	False	True	False
SLFN1							0.8889	8.0	9.0	False	False	True	False	False	True	False
SLFN14							0.4444	4.0	9.0	False	False	False	False	False	False	False
SLFN2							0.7778	7.0	9.0	False	False	True	False	False	True	False
SLFN5							1.0	9.0	9.0	False	False	True	False	False	True	False
SLFN8							0.4444	4.0	9.0	False	False	False	False	False	True	False
SLFN9							1.0	9.0	9.0	False	False	True	False	False	True	False
SLIRP	0.9565	22.0	23.0				1.0	9.0	9.0	True	False	True	False	True	True	False
SLIT2							1.0	9.0	9.0	False	False	True	False	False	True	True
SLIT3							1.0	9.0	9.0	False	False	True	False	False	True	True
SLITRK4							0.7778	7.0	9.0	False	False	True	False	False	True	False
SLITRK6							0.3333	3.0	9.0	False	False	False	False	False	True	False
SLK	1.0	23.0	23.0	0.8421	16.0	19.0	1.0	9.0	9.0	True	True	True	True	True	True	True
SLMAP				0.7368	14.0	19.0	1.0	9.0	9.0	False	True	True	False	True	True	True
SLPI							1.0	9.0	9.0	False	False	True	False	False	True	False
SLTM							1.0	9.0	9.0	False	False	True	False	False	True	True
SLU7							1.0	9.0	9.0	False	False	True	False	False	True	True
SLX1B							1.0	9.0	9.0	False	False	True	False	False	True	False
SLX4							1.0	9.0	9.0	False	False	True	False	False	True	True
SLX4IP							1.0	9.0	9.0	False	False	True	False	False	True	True
SLX9							1.0	9.0	9.0	False	False	True	False	False	True	False
SMAD1							1.0	9.0	9.0	False	False	True	False	False	True	True
SMAD2							1.0	9.0	9.0	False	False	True	False	False	True	True
SMAD3							1.0	9.0	9.0	False	False	True	False	False	True	True
SMAD4							1.0	9.0	9.0	False	False	True	False	False	True	True
SMAD5							1.0	9.0	9.0	False	False	True	False	False	True	True
SMAD6							1.0	9.0	9.0	False	False	True	False	False	True	True
SMAGP							1.0	9.0	9.0	False	False	True	False	False	True	True
SMAP							1.0	9.0	9.0	False	False	True	False	False	False	False
SMAP1							1.0	9.0	9.0	False	False	True	False	False	True	True
SMAP2							1.0	9.0	9.0	False	False	True	False	False	True	True
SMARCA1							1.0	9.0	9.0	False	False	True	False	False	True	False
SMARCA2							1.0	9.0	9.0	False	False	True	False	False	True	True
SMARCA4							1.0	9.0	9.0	False	False	True	False	False	True	True
SMARCA5	0.8696	20.0	23.0				1.0	9.0	9.0	True	False	True	False	True	True	True
SMARCAD1							1.0	9.0	9.0	False	False	True	False	False	True	True
SMARCAL1							1.0	9.0	9.0	False	False	True	False	False	True	True
SMARCB1							1.0	9.0	9.0	False	False	True	False	False	True	True
SMARCC1							1.0	9.0	9.0	False	False	True	False	False	True	True
SMARCC2	0.8696	20.0	23.0	1.0	19.0	19.0	1.0	9.0	9.0	True	True	True	True	True	True	True
SMARCD1							1.0	9.0	9.0	False	False	True	False	False	True	True
SMARCD2							1.0	9.0	9.0	False	False	True	False	False	True	True
SMARCD3							1.0	9.0	9.0	False	False	True	False	False	True	True
SMARCE1							1.0	9.0	9.0	False	False	True	False	False	True	True
SMC1A	0.8696	20.0	23.0	0.8947	17.0	19.0	1.0	9.0	9.0	True	True	True	True	True	True	True
SMC2							1.0	9.0	9.0	False	False	True	False	False	True	True
SMC3	0.8696	20.0	23.0	1.0	19.0	19.0	1.0	9.0	9.0	True	True	True	True	True	True	True
SMC4							1.0	9.0	9.0	False	False	True	False	False	True	True
SMC5							1.0	9.0	9.0	False	False	True	False	False	True	True
SMC6							1.0	9.0	9.0	False	False	True	False	False	True	True
SMCHD1							1.0	9.0	9.0	False	False	True	False	False	True	True
SMCO3	0.8696	20.0	23.0	0.8421	16.0	19.0	1.0	9.0	9.0	True	True	True	True	True	True	False
SMCO4							1.0	9.0	9.0	False	False	True	False	False	True	False
SMCP							0.4444	4.0	9.0	False	False	False	False	False	True	False
SMCR8							1.0	9.0	9.0	False	False	True	False	False	True	True
SMDT1							1.0	9.0	9.0	False	False	True	False	False	True	True
SMG1							1.0	9.0	9.0	False	False	True	False	False	True	True
SMG5							1.0	9.0	9.0	False	False	True	False	False	True	True
SMG6							1.0	9.0	9.0	False	False	True	False	False	True	True
SMG7							1.0	9.0	9.0	False	False	True	False	False	True	True
SMG8							1.0	9.0	9.0	False	False	True	False	False	True	False
SMG9							1.0	9.0	9.0	False	False	True	False	False	True	True
SMIM1							1.0	9.0	9.0	False	False	True	False	False	True	True
SMIM11							1.0	9.0	9.0	False	False	True	False	False	True	True
SMIM12							1.0	9.0	9.0	False	False	True	False	False	True	True
SMIM14							1.0	9.0	9.0	False	False	True	False	False	True	True
SMIM19							1.0	9.0	9.0	False	False	True	False	False	True	True
SMIM20							0.8889	8.0	9.0	False	False	True	False	False	True	True
SMIM22							0.7778	7.0	9.0	False	False	True	False	False	True	True
SMIM24							1.0	9.0	9.0	False	False	True	False	False	True	True
SMIM26							1.0	9.0	9.0	False	False	True	False	False	True	False
SMIM29							1.0	9.0	9.0	False	False	True	False	False	True	False
SMIM8							1.0	9.0	9.0	False	False	True	False	False	True	True
SMN1							1.0	9.0	9.0	False	False	True	False	False	True	False
SMNDC1							1.0	9.0	9.0	False	False	True	False	False	True	True
SMO							1.0	9.0	9.0	False	False	True	False	False	True	True
SMOC1							1.0	9.0	9.0	False	False	True	False	False	True	False
SMOC2				0.4211	8.0	19.0	1.0	9.0	9.0	False	False	True	False	False	True	True
SMOX							1.0	9.0	9.0	False	False	True	False	False	True	True
SMPD1							1.0	9.0	9.0	False	False	True	False	False	True	True
SMPD2	1.0	23.0	23.0				1.0	9.0	9.0	True	False	True	False	True	True	True
SMPD3							1.0	9.0	9.0	False	False	True	False	False	False	False
SMPD4							1.0	9.0	9.0	False	False	True	False	False	True	False
SMPDL3A							1.0	9.0	9.0	False	False	True	False	False	True	True
SMPDL3B							1.0	9.0	9.0	False	False	True	False	False	True	False
SMPX							0.8889	8.0	9.0	False	False	True	False	False	True	False
SMS	1.0	23.0	23.0	1.0	19.0	19.0	1.0	9.0	9.0	True	True	True	True	True	True	True
SMTN				1.0	19.0	19.0	1.0	9.0	9.0	False	True	True	False	True	True	True
SMTNL2							1.0	9.0	9.0	False	False	True	False	False	True	True
SMU1	1.0	23.0	23.0				1.0	9.0	9.0	True	False	True	False	True	True	True
SMUG1							1.0	9.0	9.0	False	False	True	False	False	True	True
SMURF1							1.0	9.0	9.0	False	False	True	False	False	True	True
SMURF2							1.0	9.0	9.0	False	False	True	False	False	True	True
SMYD2							1.0	9.0	9.0	False	False	True	False	False	True	True
SMYD3							1.0	9.0	9.0	False	False	True	False	False	True	True
SMYD4							1.0	9.0	9.0	False	False	True	False	False	True	True
SMYD5							1.0	9.0	9.0	False	False	True	False	False	True	True
SNAI1							0.5556	5.0	9.0	False	False	True	False	False	True	True
SNAI2							0.2222	2.0	9.0	False	False	False	False	False	True	True
SNAP23	1.0	23.0	23.0				1.0	9.0	9.0	True	False	True	False	True	True	True
SNAP25							1.0	9.0	9.0	False	False	True	False	False	False	False
SNAP29							1.0	9.0	9.0	False	False	True	False	False	True	True
SNAP47							1.0	9.0	9.0	False	False	True	False	False	True	True
SNAP91							1.0	9.0	9.0	False	False	True	False	False	False	False
SNAPC1							1.0	9.0	9.0	False	False	True	False	False	True	True
SNAPC2							1.0	9.0	9.0	False	False	True	False	False	True	True
SNAPC3							1.0	9.0	9.0	False	False	True	False	False	True	True
SNAPC4							1.0	9.0	9.0	False	False	True	False	False	True	True
SNAPC5							1.0	9.0	9.0	False	False	True	False	False	True	True
SNAPIN							1.0	9.0	9.0	False	False	True	False	False	True	True
SNCA	1.0	23.0	23.0	1.0	19.0	19.0	1.0	9.0	9.0	True	True	True	True	True	True	False
SNCAIP							0.4444	4.0	9.0	False	False	False	False	False	True	False
SNCG							1.0	9.0	9.0	False	False	True	False	False	True	False
SND1	1.0	23.0	23.0	1.0	19.0	19.0	1.0	9.0	9.0	True	True	True	True	True	True	True
SNED1							1.0	9.0	9.0	False	False	True	False	False	True	True
SNF8	1.0	23.0	23.0	0.7895	15.0	19.0	1.0	9.0	9.0	True	True	True	True	True	True	True
SNIP1							1.0	9.0	9.0	False	False	True	False	False	True	True
SNN							1.0	9.0	9.0	False	False	True	False	False	True	True
SNRK							1.0	9.0	9.0	False	False	True	False	False	True	True
SNRNP200	1.0	23.0	23.0	1.0	19.0	19.0	1.0	9.0	9.0	True	True	True	True	True	True	True
SNRNP27							1.0	9.0	9.0	False	False	True	False	False	True	True
SNRNP35							1.0	9.0	9.0	False	False	True	False	False	True	True
SNRNP40							1.0	9.0	9.0	False	False	True	False	False	True	True
SNRNP48							1.0	9.0	9.0	False	False	True	False	False	True	True
SNRNP70	1.0	23.0	23.0	1.0	19.0	19.0	1.0	9.0	9.0	True	True	True	True	True	True	True
SNRPA	0.8261	19.0	23.0	0.8421	16.0	19.0	1.0	9.0	9.0	True	True	True	True	True	True	True
SNRPA1	1.0	23.0	23.0	1.0	19.0	19.0	1.0	9.0	9.0	True	True	True	True	True	True	True
SNRPB	1.0	23.0	23.0	1.0	19.0	19.0	1.0	9.0	9.0	True	True	True	True	True	True	True
SNRPB2	0.5217	12.0	23.0				1.0	9.0	9.0	True	False	True	False	True	True	True
SNRPC	0.5217	12.0	23.0	1.0	19.0	19.0	1.0	9.0	9.0	True	True	True	True	True	True	True
SNRPD1	1.0	23.0	23.0	1.0	19.0	19.0	1.0	9.0	9.0	True	True	True	True	True	True	True
SNRPD2	1.0	23.0	23.0	1.0	19.0	19.0	1.0	9.0	9.0	True	True	True	True	True	True	True
SNRPD3	1.0	23.0	23.0	0.8947	17.0	19.0	1.0	9.0	9.0	True	True	True	True	True	True	True
SNRPE	1.0	23.0	23.0	1.0	19.0	19.0	1.0	9.0	9.0	True	True	True	True	True	True	True
SNRPF							1.0	9.0	9.0	False	False	True	False	False	True	False
SNRPG							1.0	9.0	9.0	False	False	True	False	False	True	True
SNTA1							1.0	9.0	9.0	False	False	True	False	False	True	True
SNTB1				1.0	19.0	19.0	1.0	9.0	9.0	False	True	True	False	True	True	True
SNTB2	1.0	23.0	23.0	1.0	19.0	19.0	1.0	9.0	9.0	True	True	True	True	True	True	True
SNTG2							1.0	9.0	9.0	False	False	True	False	False	True	False
SNU13	1.0	23.0	23.0	1.0	19.0	19.0	1.0	9.0	9.0	True	True	True	True	True	True	False
SNUPN							1.0	9.0	9.0	False	False	True	False	False	True	True
SNW1	1.0	23.0	23.0				1.0	9.0	9.0	True	False	True	False	True	True	True
SNX1	1.0	23.0	23.0	1.0	19.0	19.0	1.0	9.0	9.0	True	True	True	True	True	True	True
SNX10							1.0	9.0	9.0	False	False	True	False	False	True	True
SNX11							1.0	9.0	9.0	False	False	True	False	False	True	True
SNX12	1.0	23.0	23.0	1.0	19.0	19.0	1.0	9.0	9.0	True	True	True	True	True	True	True
SNX13							1.0	9.0	9.0	False	False	True	False	False	True	True
SNX14							1.0	9.0	9.0	False	False	True	False	False	True	True
SNX15							1.0	9.0	9.0	False	False	True	False	False	True	True
SNX16							1.0	9.0	9.0	False	False	True	False	False	True	True
SNX17	1.0	23.0	23.0				1.0	9.0	9.0	True	False	True	False	True	True	True
SNX18	1.0	23.0	23.0				1.0	9.0	9.0	True	False	True	False	True	True	True
SNX19							1.0	9.0	9.0	False	False	True	False	False	True	True
SNX2	1.0	23.0	23.0	1.0	19.0	19.0	1.0	9.0	9.0	True	True	True	True	True	True	True
SNX20							1.0	9.0	9.0	False	False	True	False	False	True	True
SNX21							1.0	9.0	9.0	False	False	True	False	False	True	True
SNX24							1.0	9.0	9.0	False	False	True	False	False	True	True
SNX25							1.0	9.0	9.0	False	False	True	False	False	True	True
SNX27	1.0	23.0	23.0	0.9474	18.0	19.0	1.0	9.0	9.0	True	True	True	True	True	True	True
SNX29							1.0	9.0	9.0	False	False	True	False	False	True	True
SNX3	1.0	23.0	23.0	1.0	19.0	19.0	1.0	9.0	9.0	True	True	True	True	True	True	True
SNX30							1.0	9.0	9.0	False	False	True	False	False	True	True
SNX32							1.0	9.0	9.0	False	False	True	False	False	True	True
SNX33							1.0	9.0	9.0	False	False	True	False	False	True	True
SNX4							1.0	9.0	9.0	False	False	True	False	False	True	True
SNX5	1.0	23.0	23.0	1.0	19.0	19.0	1.0	9.0	9.0	True	True	True	True	True	True	True
SNX6	1.0	23.0	23.0	1.0	19.0	19.0	1.0	9.0	9.0	True	True	True	True	True	True	True
SNX7	0.8261	19.0	23.0				1.0	9.0	9.0	True	False	True	False	True	True	True
SNX8							1.0	9.0	9.0	False	False	True	False	False	True	True
SNX9	1.0	23.0	23.0	1.0	19.0	19.0	1.0	9.0	9.0	True	True	True	True	True	True	True
SOAT1							1.0	9.0	9.0	False	False	True	False	False	True	True
SOAT2							0.8889	8.0	9.0	False	False	True	False	False	True	False
SOCS2							1.0	9.0	9.0	False	False	True	False	False	True	True
SOCS4							0.4444	4.0	9.0	False	False	False	False	False	True	True
SOCS6							1.0	9.0	9.0	False	False	True	False	False	True	True
SOCS7							1.0	9.0	9.0	False	False	True	False	False	True	True
SOD1	1.0	23.0	23.0	1.0	19.0	19.0	1.0	9.0	9.0	True	True	True	True	True	True	True
SOD2	1.0	23.0	23.0	1.0	19.0	19.0	1.0	9.0	9.0	True	True	True	True	True	True	True
SOD3							1.0	9.0	9.0	False	False	True	False	False	True	True
SON							1.0	9.0	9.0	False	False	True	False	False	True	True
SORBS1	1.0	23.0	23.0	1.0	19.0	19.0	1.0	9.0	9.0	True	True	True	True	True	True	True
SORBS2	1.0	23.0	23.0	1.0	19.0	19.0	1.0	9.0	9.0	True	True	True	True	True	True	True
SORBS3	1.0	23.0	23.0	1.0	19.0	19.0	1.0	9.0	9.0	True	True	True	True	True	True	True
SORCS1							0.6667	6.0	9.0	False	False	True	False	False	True	False
SORCS2							1.0	9.0	9.0	False	False	True	False	False	True	False
SORD	1.0	23.0	23.0	1.0	19.0	19.0	1.0	9.0	9.0	True	True	True	True	True	True	True
SORL1							1.0	9.0	9.0	False	False	True	False	False	True	True
SORT1							1.0	9.0	9.0	False	False	True	False	False	True	True
SOS1							1.0	9.0	9.0	False	False	True	False	False	True	True
SOS2							1.0	9.0	9.0	False	False	True	False	False	True	True
SOSTDC1							1.0	9.0	9.0	False	False	True	False	False	True	True
SOWAHA							0.8889	8.0	9.0	False	False	True	False	False	True	False
SOWAHB							1.0	9.0	9.0	False	False	True	False	False	True	True
SOWAHC							1.0	9.0	9.0	False	False	True	False	False	True	False
SOWAHD							0.3333	3.0	9.0	False	False	False	False	False	True	False
SOX13							1.0	9.0	9.0	False	False	True	False	False	True	True
SOX17							1.0	9.0	9.0	False	False	True	False	False	True	True
SOX18							1.0	9.0	9.0	False	False	True	False	False	True	True
SOX5							1.0	9.0	9.0	False	False	True	False	False	True	False
SOX6							1.0	9.0	9.0	False	False	True	False	False	True	True
SOX9							0.7778	7.0	9.0	False	False	True	False	False	True	True
SP1							1.0	9.0	9.0	False	False	True	False	False	True	True
SP110							1.0	9.0	9.0	False	False	True	False	False	True	False
SP140							1.0	9.0	9.0	False	False	True	False	False	True	False
SP2							1.0	9.0	9.0	False	False	True	False	False	True	True
SP3							1.0	9.0	9.0	False	False	True	False	False	True	True
SP4							1.0	9.0	9.0	False	False	True	False	False	True	True
SP5							0.3333	3.0	9.0	False	False	False	False	False	True	False
SPA17							1.0	9.0	9.0	False	False	True	False	False	True	True
SPAG1							1.0	9.0	9.0	False	False	True	False	False	True	False
SPAG7							1.0	9.0	9.0	False	False	True	False	False	True	True
SPAG9	1.0	23.0	23.0	1.0	19.0	19.0	1.0	9.0	9.0	True	True	True	True	True	True	True
SPARC							1.0	9.0	9.0	False	False	True	False	False	True	True
SPARCL1				0.5263	10.0	19.0	1.0	9.0	9.0	False	True	True	False	True	True	True
SPART	1.0	23.0	23.0	1.0	19.0	19.0	1.0	9.0	9.0	True	True	True	True	True	True	False
SPAST							1.0	9.0	9.0	False	False	True	False	False	True	True
SPATA13							1.0	9.0	9.0	False	False	True	False	False	True	True
SPATA2							1.0	9.0	9.0	False	False	True	False	False	True	True
SPATA2L							1.0	9.0	9.0	False	False	True	False	False	True	True
SPATA6							1.0	9.0	9.0	False	False	True	False	False	True	True
SPATA7							1.0	9.0	9.0	False	False	True	False	False	True	False
SPATS2							1.0	9.0	9.0	False	False	True	False	False	True	True
SPATS2L							1.0	9.0	9.0	False	False	True	False	False	True	True
SPC24							0.8889	8.0	9.0	False	False	True	False	False	True	True
SPC25							1.0	9.0	9.0	False	False	True	False	False	True	False
SPCS1							1.0	9.0	9.0	False	False	True	False	False	True	True
SPCS2	1.0	23.0	23.0	1.0	19.0	19.0	1.0	9.0	9.0	True	True	True	True	True	True	True
SPCS3	1.0	23.0	23.0				1.0	9.0	9.0	True	False	True	False	True	True	True
SPECC1							1.0	9.0	9.0	False	False	True	False	False	True	True
SPECC1L	0.9565	22.0	23.0	0.8421	16.0	19.0	1.0	9.0	9.0	True	True	True	True	True	True	True
SPEG							1.0	9.0	9.0	False	False	True	False	False	True	False
SPEN							1.0	9.0	9.0	False	False	True	False	False	True	True
SPG11							1.0	9.0	9.0	False	False	True	False	False	True	True
SPG21							1.0	9.0	9.0	False	False	True	False	False	True	True
SPG7	0.7826	18.0	23.0	0.7368	14.0	19.0	1.0	9.0	9.0	True	True	True	True	True	True	True
SPHK1							1.0	9.0	9.0	False	False	True	False	False	True	True
SPHK2							1.0	9.0	9.0	False	False	True	False	False	True	True
SPI1							1.0	9.0	9.0	False	False	True	False	False	True	True
SPICE1							1.0	9.0	9.0	False	False	True	False	False	True	True
SPIDR							1.0	9.0	9.0	False	False	True	False	False	True	True
SPIN1							1.0	9.0	9.0	False	False	True	False	False	True	True
SPIN4							0.7778	7.0	9.0	False	False	True	False	False	False	False
SPINDOC							1.0	9.0	9.0	False	False	True	False	False	True	False
SPINK1	1.0	23.0	23.0	0.8947	17.0	19.0	1.0	9.0	9.0	True	True	True	True	True	True	False
SPINK12							0.6667	6.0	9.0	False	False	True	False	False	True	False
SPINK5							1.0	9.0	9.0	False	False	True	False	False	True	False
SPINK8							0.8889	8.0	9.0	False	False	True	False	False	True	False
SPINT1							1.0	9.0	9.0	False	False	True	False	False	True	True
SPINT2							1.0	9.0	9.0	False	False	True	False	False	True	True
SPIRE1							1.0	9.0	9.0	False	False	True	False	False	True	True
SPIRE2							1.0	9.0	9.0	False	False	True	False	False	True	True
SPN							1.0	9.0	9.0	False	False	True	False	False	True	True
SPNS1	1.0	23.0	23.0	1.0	19.0	19.0	1.0	9.0	9.0	True	True	True	True	True	True	True
SPNS2							1.0	9.0	9.0	False	False	True	False	False	True	True
SPO11				1.0	19.0	19.0				False	True	False	False	False	False	False
SPOCK2							0.7778	7.0	9.0	False	False	True	False	False	True	False
SPON1	1.0	23.0	23.0	1.0	19.0	19.0	1.0	9.0	9.0	True	True	True	True	True	True	True
SPON2							1.0	9.0	9.0	False	False	True	False	False	True	False
SPOP							1.0	9.0	9.0	False	False	True	False	False	True	True
SPOUT1							1.0	9.0	9.0	False	False	True	False	False	True	False
SPP1	1.0	23.0	23.0	1.0	19.0	19.0	1.0	9.0	9.0	True	True	True	True	True	True	True
SPP2	1.0	23.0	23.0	1.0	19.0	19.0	1.0	9.0	9.0	True	True	True	True	True	True	True
SPPL2A							1.0	9.0	9.0	False	False	True	False	False	True	True
SPPL2B							1.0	9.0	9.0	False	False	True	False	False	True	True
SPPL3							1.0	9.0	9.0	False	False	True	False	False	True	True
SPR	1.0	23.0	23.0	1.0	19.0	19.0	1.0	9.0	9.0	True	True	True	True	True	True	True
SPRED1							1.0	9.0	9.0	False	False	True	False	False	True	True
SPRED2							1.0	9.0	9.0	False	False	True	False	False	True	True
SPRED3							0.6667	6.0	9.0	False	False	True	False	False	True	False
SPRING1							1.0	9.0	9.0	False	False	True	False	False	True	False
SPRR1A							1.0	9.0	9.0	False	False	True	False	False	True	False
SPRR1B							0.4444	4.0	9.0	False	False	False	False	False	False	False
SPRR2F							0.6667	6.0	9.0	False	False	True	False	False	True	False
SPRTN							1.0	9.0	9.0	False	False	True	False	False	True	True
SPRY1							1.0	9.0	9.0	False	False	True	False	False	True	True
SPRY2							1.0	9.0	9.0	False	False	True	False	False	True	True
SPRY3							0.2222	2.0	9.0	False	False	False	False	False	False	False
SPRY4							1.0	9.0	9.0	False	False	True	False	False	True	True
SPRYD3							1.0	9.0	9.0	False	False	True	False	False	True	True
SPRYD4	1.0	23.0	23.0	1.0	19.0	19.0	1.0	9.0	9.0	True	True	True	True	True	True	True
SPRYD7							1.0	9.0	9.0	False	False	True	False	False	True	True
SPSB1							0.6667	6.0	9.0	False	False	True	False	False	True	True
SPSB2							1.0	9.0	9.0	False	False	True	False	False	True	True
SPSB3							0.4444	4.0	9.0	False	False	False	False	False	True	True
SPSB4							0.3333	3.0	9.0	False	False	False	False	False	True	False
SPTA1	0.8261	19.0	23.0	1.0	19.0	19.0	1.0	9.0	9.0	True	True	True	True	True	True	False
SPTAN1	1.0	23.0	23.0	0.8947	17.0	19.0	1.0	9.0	9.0	True	True	True	True	True	True	True
SPTB	0.6087	14.0	23.0	0.9474	18.0	19.0	1.0	9.0	9.0	True	True	True	True	True	True	False
SPTBN1	1.0	23.0	23.0	1.0	19.0	19.0	1.0	9.0	9.0	True	True	True	True	True	True	True
SPTBN2	1.0	23.0	23.0	1.0	19.0	19.0	1.0	9.0	9.0	True	True	True	True	True	True	True
SPTLC1							1.0	9.0	9.0	False	False	True	False	False	True	True
SPTLC2							1.0	9.0	9.0	False	False	True	False	False	True	True
SPTY2D1							1.0	9.0	9.0	False	False	True	False	False	True	True
SQLE							1.0	9.0	9.0	False	False	True	False	False	True	True
SQOR	1.0	23.0	23.0	1.0	19.0	19.0	1.0	9.0	9.0	True	True	True	True	True	True	False
SQSTM1							1.0	9.0	9.0	False	False	True	False	False	True	True
SRA1							1.0	9.0	9.0	False	False	True	False	False	True	True
SRBD1							1.0	9.0	9.0	False	False	True	False	False	True	True
SRC	0.7391	17.0	23.0	1.0	19.0	19.0	1.0	9.0	9.0	True	True	True	True	True	True	True
SRCAP							1.0	9.0	9.0	False	False	True	False	False	True	False
SRCIN1							1.0	9.0	9.0	False	False	True	False	False	True	True
SRD5A1							0.6667	6.0	9.0	False	False	True	False	False	True	True
SRD5A2							0.5556	5.0	9.0	False	False	True	False	False	True	True
SRD5A3							1.0	9.0	9.0	False	False	True	False	False	True	True
SREBF1							1.0	9.0	9.0	False	False	True	False	False	True	True
SREBF2							1.0	9.0	9.0	False	False	True	False	False	True	True
SREK1							1.0	9.0	9.0	False	False	True	False	False	True	True
SREK1IP1							1.0	9.0	9.0	False	False	True	False	False	True	True
SRF							1.0	9.0	9.0	False	False	True	False	False	True	True
SRFBP1							1.0	9.0	9.0	False	False	True	False	False	True	True
SRGAP1							1.0	9.0	9.0	False	False	True	False	False	True	False
SRGAP2							1.0	9.0	9.0	False	False	True	False	False	True	True
SRGAP3							1.0	9.0	9.0	False	False	True	False	False	True	True
SRGN							1.0	9.0	9.0	False	False	True	False	False	True	True
SRI	1.0	23.0	23.0	1.0	19.0	19.0	1.0	9.0	9.0	True	True	True	True	True	True	True
SRL							0.4444	4.0	9.0	False	False	False	False	False	True	False
SRM	0.6957	16.0	23.0				1.0	9.0	9.0	True	False	True	False	True	True	True
SRP14	1.0	23.0	23.0				1.0	9.0	9.0	True	False	True	False	True	True	True
SRP19	0.5652	13.0	23.0				1.0	9.0	9.0	True	False	True	False	True	True	True
SRP54	1.0	23.0	23.0	0.8421	16.0	19.0	1.0	9.0	9.0	True	True	True	True	True	True	False
SRP54C							0.8889	8.0	9.0	False	False	True	False	False	True	False
SRP68	1.0	23.0	23.0	1.0	19.0	19.0	1.0	9.0	9.0	True	True	True	True	True	True	True
SRP72	0.8261	19.0	23.0	0.8421	16.0	19.0	1.0	9.0	9.0	True	True	True	True	True	True	True
SRP9							1.0	9.0	9.0	False	False	True	False	False	True	True
SRPK1							1.0	9.0	9.0	False	False	True	False	False	True	True
SRPK2							1.0	9.0	9.0	False	False	True	False	False	True	True
SRPK3							0.6667	6.0	9.0	False	False	True	False	False	True	False
SRPRA							1.0	9.0	9.0	False	False	True	False	False	True	False
SRPRB	1.0	23.0	23.0	1.0	19.0	19.0	1.0	9.0	9.0	True	True	True	True	True	True	True
SRPX							1.0	9.0	9.0	False	False	True	False	False	True	False
SRPX2							1.0	9.0	9.0	False	False	True	False	False	True	False
SRR							1.0	9.0	9.0	False	False	True	False	False	True	True
SRRD							1.0	9.0	9.0	False	False	True	False	False	True	True
SRRM1							1.0	9.0	9.0	False	False	True	False	False	True	True
SRRM2				1.0	19.0	19.0	1.0	9.0	9.0	False	True	True	False	True	True	True
SRRT	1.0	23.0	23.0	1.0	19.0	19.0	1.0	9.0	9.0	True	True	True	True	True	True	True
SRSF1	1.0	23.0	23.0	1.0	19.0	19.0	1.0	9.0	9.0	True	True	True	True	True	True	True
SRSF10				1.0	19.0	19.0	1.0	9.0	9.0	False	True	True	False	True	True	True
SRSF11							1.0	9.0	9.0	False	False	True	False	False	True	True
SRSF2	1.0	23.0	23.0	1.0	19.0	19.0	1.0	9.0	9.0	True	True	True	True	True	True	True
SRSF3							1.0	9.0	9.0	False	False	True	False	False	True	False
SRSF4				1.0	19.0	19.0	1.0	9.0	9.0	False	True	True	False	True	True	True
SRSF5							1.0	9.0	9.0	False	False	True	False	False	True	True
SRSF6	1.0	23.0	23.0				1.0	9.0	9.0	True	False	True	False	True	True	True
SRSF7	0.8696	20.0	23.0	1.0	19.0	19.0	1.0	9.0	9.0	True	True	True	True	True	True	True
SRSF9							1.0	9.0	9.0	False	False	True	False	False	True	True
SRXN1							1.0	9.0	9.0	False	False	True	False	False	True	True
SS18							1.0	9.0	9.0	False	False	True	False	False	True	True
SS18L1							1.0	9.0	9.0	False	False	True	False	False	True	True
SSB	1.0	23.0	23.0	1.0	19.0	19.0	1.0	9.0	9.0	True	True	True	True	True	True	True
SSBP1	1.0	23.0	23.0	0.8421	16.0	19.0	1.0	9.0	9.0	True	True	True	True	True	True	True
SSBP2							1.0	9.0	9.0	False	False	True	False	False	True	True
SSBP3							1.0	9.0	9.0	False	False	True	False	False	True	True
SSBP4							1.0	9.0	9.0	False	False	True	False	False	True	True
SSC5D							0.6667	6.0	9.0	False	False	True	False	False	True	False
SSH1							1.0	9.0	9.0	False	False	True	False	False	True	True
SSH2							1.0	9.0	9.0	False	False	True	False	False	True	True
SSH3							1.0	9.0	9.0	False	False	True	False	False	True	True
SSNA1							1.0	9.0	9.0	False	False	True	False	False	True	True
SSR1	1.0	23.0	23.0	0.6842	13.0	19.0	1.0	9.0	9.0	True	True	True	True	True	True	True
SSR2							1.0	9.0	9.0	False	False	True	False	False	True	True
SSR3							1.0	9.0	9.0	False	False	True	False	False	True	True
SSR4	1.0	23.0	23.0	1.0	19.0	19.0	1.0	9.0	9.0	True	True	True	True	True	True	True
SSRP1							1.0	9.0	9.0	False	False	True	False	False	True	True
SSU72							1.0	9.0	9.0	False	False	True	False	False	True	True
SSX2IP							1.0	9.0	9.0	False	False	True	False	False	True	True
ST13	1.0	23.0	23.0	1.0	19.0	19.0	1.0	9.0	9.0	True	True	True	True	True	True	True
ST14							1.0	9.0	9.0	False	False	True	False	False	True	True
ST3GAL1							1.0	9.0	9.0	False	False	True	False	False	True	True
ST3GAL2							1.0	9.0	9.0	False	False	True	False	False	True	True
ST3GAL3							1.0	9.0	9.0	False	False	True	False	False	True	True
ST3GAL4	1.0	23.0	23.0	1.0	19.0	19.0	1.0	9.0	9.0	True	True	True	True	True	True	True
ST3GAL5							0.8889	8.0	9.0	False	False	True	False	False	True	True
ST3GAL6							1.0	9.0	9.0	False	False	True	False	False	True	True
ST6GAL1							1.0	9.0	9.0	False	False	True	False	False	True	True
ST6GALNAC2							1.0	9.0	9.0	False	False	True	False	False	True	True
ST6GALNAC3							1.0	9.0	9.0	False	False	True	False	False	True	False
ST6GALNAC4							1.0	9.0	9.0	False	False	True	False	False	True	True
ST7							1.0	9.0	9.0	False	False	True	False	False	True	True
ST7L							1.0	9.0	9.0	False	False	True	False	False	True	True
ST8SIA1							1.0	9.0	9.0	False	False	True	False	False	True	True
ST8SIA4							0.6667	6.0	9.0	False	False	True	False	False	True	False
ST8SIA6							1.0	9.0	9.0	False	False	True	False	False	True	False
STAB1				0.6316	12.0	19.0	1.0	9.0	9.0	False	True	True	False	True	True	True
STAC							0.3333	3.0	9.0	False	False	False	False	False	True	False
STAG1							1.0	9.0	9.0	False	False	True	False	False	True	True
STAG2				0.9474	18.0	19.0	1.0	9.0	9.0	False	True	True	False	True	True	True
STAM	1.0	23.0	23.0	1.0	19.0	19.0	1.0	9.0	9.0	True	True	True	True	True	True	True
STAM2							1.0	9.0	9.0	False	False	True	False	False	True	True
STAMBP							1.0	9.0	9.0	False	False	True	False	False	True	True
STAMBPL1							1.0	9.0	9.0	False	False	True	False	False	True	False
STAP1							1.0	9.0	9.0	False	False	True	False	False	True	False
STAP2							1.0	9.0	9.0	False	False	True	False	False	True	True
STAR							0.1111	1.0	9.0	False	False	False	False	False	True	False
STARD10							1.0	9.0	9.0	False	False	True	False	False	True	True
STARD13							1.0	9.0	9.0	False	False	True	False	False	True	True
STARD3							1.0	9.0	9.0	False	False	True	False	False	True	True
STARD3NL							1.0	9.0	9.0	False	False	True	False	False	True	True
STARD4							1.0	9.0	9.0	False	False	True	False	False	True	True
STARD5							1.0	9.0	9.0	False	False	True	False	False	True	True
STARD7							1.0	9.0	9.0	False	False	True	False	False	True	True
STARD8							1.0	9.0	9.0	False	False	True	False	False	True	True
STARD9							1.0	9.0	9.0	False	False	True	False	False	True	False
STAT1	1.0	23.0	23.0	1.0	19.0	19.0	1.0	9.0	9.0	True	True	True	True	True	True	True
STAT2							1.0	9.0	9.0	False	False	True	False	False	True	True
STAT3	1.0	23.0	23.0	1.0	19.0	19.0	1.0	9.0	9.0	True	True	True	True	True	True	True
STAT4							1.0	9.0	9.0	False	False	True	False	False	True	False
STAT5A							1.0	9.0	9.0	False	False	True	False	False	True	True
STAT5B	1.0	23.0	23.0	1.0	19.0	19.0	1.0	9.0	9.0	True	True	True	True	True	True	True
STAT6	0.6957	16.0	23.0				1.0	9.0	9.0	True	False	True	False	True	True	True
STAU1	0.5217	12.0	23.0				1.0	9.0	9.0	True	False	True	False	True	True	True
STAU2							1.0	9.0	9.0	False	False	True	False	False	True	True
STBD1							1.0	9.0	9.0	False	False	True	False	False	True	True
STC1							0.6667	6.0	9.0	False	False	True	False	False	True	True
STC2							0.8889	8.0	9.0	False	False	True	False	False	True	True
STEAP1							1.0	9.0	9.0	False	False	True	False	False	True	True
STEAP2							1.0	9.0	9.0	False	False	True	False	False	True	True
STEAP3							1.0	9.0	9.0	False	False	True	False	False	True	True
STEAP4							1.0	9.0	9.0	False	False	True	False	False	True	True
STEEP1							1.0	9.0	9.0	False	False	True	False	False	True	False
STFA1							0.4444	4.0	9.0	False	False	False	False	False	True	False
STFA3							0.5556	5.0	9.0	False	False	True	False	False	False	False
STIM1							1.0	9.0	9.0	False	False	True	False	False	True	True
STIM2							1.0	9.0	9.0	False	False	True	False	False	True	True
STING1							1.0	9.0	9.0	False	False	True	False	False	True	False
STIP1	1.0	23.0	23.0	1.0	19.0	19.0	1.0	9.0	9.0	True	True	True	True	True	True	True
STK10							1.0	9.0	9.0	False	False	True	False	False	True	True
STK11							1.0	9.0	9.0	False	False	True	False	False	True	True
STK11IP							1.0	9.0	9.0	False	False	True	False	False	True	True
STK16							1.0	9.0	9.0	False	False	True	False	False	True	True
STK17B							1.0	9.0	9.0	False	False	True	False	False	True	True
STK24	1.0	23.0	23.0	1.0	19.0	19.0	1.0	9.0	9.0	True	True	True	True	True	True	True
STK25							1.0	9.0	9.0	False	False	True	False	False	True	True
STK26							1.0	9.0	9.0	False	False	True	False	False	True	True
STK3							1.0	9.0	9.0	False	False	True	False	False	True	True
STK32A							1.0	9.0	9.0	False	False	True	False	False	True	True
STK32B							1.0	9.0	9.0	False	False	True	False	False	True	True
STK32C							1.0	9.0	9.0	False	False	True	False	False	True	False
STK35							1.0	9.0	9.0	False	False	True	False	False	True	True
STK38							1.0	9.0	9.0	False	False	True	False	False	True	True
STK38L							1.0	9.0	9.0	False	False	True	False	False	True	True
STK39	0.9565	22.0	23.0	1.0	19.0	19.0	1.0	9.0	9.0	True	True	True	True	True	True	True
STK4							1.0	9.0	9.0	False	False	True	False	False	True	True
STK40							1.0	9.0	9.0	False	False	True	False	False	True	True
STMN1							1.0	9.0	9.0	False	False	True	False	False	True	True
STN1							1.0	9.0	9.0	False	False	True	False	False	True	False
STOM	0.8696	20.0	23.0	0.7368	14.0	19.0	1.0	9.0	9.0	True	True	True	True	True	True	True
STOML1							1.0	9.0	9.0	False	False	True	False	False	True	True
STOML2	1.0	23.0	23.0	1.0	19.0	19.0	1.0	9.0	9.0	True	True	True	True	True	True	True
STON1							1.0	9.0	9.0	False	False	True	False	False	True	True
STON2							1.0	9.0	9.0	False	False	True	False	False	True	True
STOX2							1.0	9.0	9.0	False	False	True	False	False	True	False
STRA6	0.6957	16.0	23.0				1.0	9.0	9.0	True	False	True	False	True	True	True
STRA6L							1.0	9.0	9.0	False	False	True	False	False	True	False
STRADA							1.0	9.0	9.0	False	False	True	False	False	True	True
STRADB							1.0	9.0	9.0	False	False	True	False	False	True	True
STRAP	1.0	23.0	23.0	1.0	19.0	19.0	1.0	9.0	9.0	True	True	True	True	True	True	False
STRBP							1.0	9.0	9.0	False	False	True	False	False	True	False
STRIP1							1.0	9.0	9.0	False	False	True	False	False	True	True
STRIP2							1.0	9.0	9.0	False	False	True	False	False	True	False
STRN	0.8261	19.0	23.0				1.0	9.0	9.0	True	False	True	False	True	True	True
STRN3	0.9565	22.0	23.0	1.0	19.0	19.0	1.0	9.0	9.0	True	True	True	True	True	True	True
STRN4							1.0	9.0	9.0	False	False	True	False	False	True	True
STS							1.0	9.0	9.0	False	False	True	False	False	True	False
STT3A	1.0	23.0	23.0	0.8947	17.0	19.0	1.0	9.0	9.0	True	True	True	True	True	True	True
STT3B	0.6957	16.0	23.0	0.8947	17.0	19.0	1.0	9.0	9.0	True	True	True	True	True	True	True
STUB1							1.0	9.0	9.0	False	False	True	False	False	True	True
STX11							1.0	9.0	9.0	False	False	True	False	False	True	False
STX12	0.9565	22.0	23.0	1.0	19.0	19.0	1.0	9.0	9.0	True	True	True	True	True	True	True
STX16							1.0	9.0	9.0	False	False	True	False	False	True	True
STX17							1.0	9.0	9.0	False	False	True	False	False	True	True
STX18							1.0	9.0	9.0	False	False	True	False	False	True	True
STX1A							0.7778	7.0	9.0	False	False	True	False	False	True	False
STX1B							1.0	9.0	9.0	False	False	True	False	False	True	False
STX2							1.0	9.0	9.0	False	False	True	False	False	True	True
STX3	1.0	23.0	23.0				1.0	9.0	9.0	True	False	True	False	True	True	True
STX4	1.0	23.0	23.0				1.0	9.0	9.0	True	False	True	False	True	True	True
STX5							1.0	9.0	9.0	False	False	True	False	False	True	True
STX6							1.0	9.0	9.0	False	False	True	False	False	True	True
STX7	1.0	23.0	23.0	1.0	19.0	19.0	1.0	9.0	9.0	True	True	True	True	True	True	True
STX8							1.0	9.0	9.0	False	False	True	False	False	True	True
STXBP1				1.0	19.0	19.0	1.0	9.0	9.0	False	True	True	False	True	True	True
STXBP2	1.0	23.0	23.0	1.0	19.0	19.0	1.0	9.0	9.0	True	True	True	True	True	True	True
STXBP3	1.0	23.0	23.0	0.6842	13.0	19.0	1.0	9.0	9.0	True	True	True	True	True	True	False
STXBP4							1.0	9.0	9.0	False	False	True	False	False	True	True
STXBP5							1.0	9.0	9.0	False	False	True	False	False	True	True
STXBP5L							1.0	9.0	9.0	False	False	True	False	False	True	True
STXBP6							1.0	9.0	9.0	False	False	True	False	False	True	True
STYK1							0.7778	7.0	9.0	False	False	True	False	False	True	False
STYX							1.0	9.0	9.0	False	False	True	False	False	True	True
SUB1	1.0	23.0	23.0	1.0	19.0	19.0	1.0	9.0	9.0	True	True	True	True	True	True	True
SUCLA2	1.0	23.0	23.0	1.0	19.0	19.0	1.0	9.0	9.0	True	True	True	True	True	True	True
SUCLG1	1.0	23.0	23.0	1.0	19.0	19.0	1.0	9.0	9.0	True	True	True	True	True	True	True
SUCLG2	1.0	23.0	23.0	1.0	19.0	19.0	1.0	9.0	9.0	True	True	True	True	True	True	True
SUCNR1							0.6667	6.0	9.0	False	False	True	False	False	True	True
SUCO							1.0	9.0	9.0	False	False	True	False	False	True	True
SUDS3							1.0	9.0	9.0	False	False	True	False	False	True	True
SUFU							1.0	9.0	9.0	False	False	True	False	False	True	True
SUGCT	1.0	23.0	23.0	1.0	19.0	19.0	1.0	9.0	9.0	True	True	True	True	True	True	True
SUGP1							1.0	9.0	9.0	False	False	True	False	False	True	True
SUGP2							1.0	9.0	9.0	False	False	True	False	False	True	True
SUGT1	1.0	23.0	23.0	0.7368	14.0	19.0	1.0	9.0	9.0	True	True	True	True	True	True	True
SULF1							1.0	9.0	9.0	False	False	True	False	False	True	False
SULF2							1.0	9.0	9.0	False	False	True	False	False	True	True
SULT1A1							1.0	9.0	9.0	False	False	True	False	False	True	False
SULT1B1	1.0	23.0	23.0	0.9474	18.0	19.0	1.0	9.0	9.0	True	True	True	True	True	True	True
SULT1C2							1.0	9.0	9.0	False	False	True	False	False	True	True
SULT1C4	1.0	23.0	23.0	1.0	19.0	19.0				True	True	False	False	False	True	False
SULT1D1							1.0	9.0	9.0	False	False	True	False	False	True	False
SULT2B1							1.0	9.0	9.0	False	False	True	False	False	True	False
SULT5A1							1.0	9.0	9.0	False	False	True	False	False	True	False
SUMF1	0.7391	17.0	23.0				1.0	9.0	9.0	True	False	True	False	True	True	True
SUMF2							1.0	9.0	9.0	False	False	True	False	False	True	True
SUMO1	0.7826	18.0	23.0	1.0	19.0	19.0	1.0	9.0	9.0	True	True	True	True	True	True	True
SUMO2	1.0	23.0	23.0	1.0	19.0	19.0	1.0	9.0	9.0	True	True	True	True	True	True	True
SUMO3							1.0	9.0	9.0	False	False	True	False	False	True	True
SUN1							1.0	9.0	9.0	False	False	True	False	False	True	True
SUN2	1.0	23.0	23.0	1.0	19.0	19.0	1.0	9.0	9.0	True	True	True	True	True	True	True
SUOX							1.0	9.0	9.0	False	False	True	False	False	True	True
SUPT16H							1.0	9.0	9.0	False	False	True	False	False	True	True
SUPT20H							1.0	9.0	9.0	False	False	True	False	False	True	True
SUPT3H							1.0	9.0	9.0	False	False	True	False	False	True	True
SUPT4H1A							1.0	9.0	9.0	False	False	True	False	False	False	False
SUPT5H	0.9565	22.0	23.0	0.5263	10.0	19.0	1.0	9.0	9.0	True	True	True	True	True	True	True
SUPT6H							1.0	9.0	9.0	False	False	True	False	False	True	True
SUPT7L							1.0	9.0	9.0	False	False	True	False	False	True	True
SUPV3L1	1.0	23.0	23.0				1.0	9.0	9.0	True	False	True	False	True	True	True
SURF1	0.9565	22.0	23.0				1.0	9.0	9.0	True	False	True	False	True	True	True
SURF2							1.0	9.0	9.0	False	False	True	False	False	True	True
SURF4	1.0	23.0	23.0	0.8947	17.0	19.0	1.0	9.0	9.0	True	True	True	True	True	True	True
SURF6							1.0	9.0	9.0	False	False	True	False	False	True	True
SUSD1							0.6667	6.0	9.0	False	False	True	False	False	True	True
SUSD2	1.0	23.0	23.0	1.0	19.0	19.0	1.0	9.0	9.0	True	True	True	True	True	True	True
SUSD3							1.0	9.0	9.0	False	False	True	False	False	True	True
SUSD5							1.0	9.0	9.0	False	False	True	False	False	True	False
SUSD6							1.0	9.0	9.0	False	False	True	False	False	True	False
SUV39H1							1.0	9.0	9.0	False	False	True	False	False	True	True
SUV39H2							1.0	9.0	9.0	False	False	True	False	False	True	False
SUZ12							1.0	9.0	9.0	False	False	True	False	False	True	True
SV2A							1.0	9.0	9.0	False	False	True	False	False	True	True
SVAL1							0.6667	6.0	9.0	False	False	True	False	False	False	False
SVBP							1.0	9.0	9.0	False	False	True	False	False	True	False
SVEP1							1.0	9.0	9.0	False	False	True	False	False	True	True
SVIL							1.0	9.0	9.0	False	False	True	False	False	True	True
SVIP							1.0	9.0	9.0	False	False	True	False	False	True	False
SVS4							0.3333	3.0	9.0	False	False	False	False	False	False	False
SVS5							0.5556	5.0	9.0	False	False	True	False	False	False	False
SVS6							0.2222	2.0	9.0	False	False	False	False	False	False	False
SWAP70	1.0	23.0	23.0	1.0	19.0	19.0	1.0	9.0	9.0	True	True	True	True	True	True	True
SWI5							1.0	9.0	9.0	False	False	True	False	False	True	True
SWSAP1							1.0	9.0	9.0	False	False	True	False	False	True	True
SWT1							1.0	9.0	9.0	False	False	True	False	False	True	True
SYAP1	1.0	23.0	23.0	0.8421	16.0	19.0	1.0	9.0	9.0	True	True	True	True	True	True	True
SYCN							0.7778	7.0	9.0	False	False	True	False	False	True	False
SYDE1							1.0	9.0	9.0	False	False	True	False	False	True	True
SYDE2							1.0	9.0	9.0	False	False	True	False	False	True	True
SYF2							1.0	9.0	9.0	False	False	True	False	False	True	True
SYK							1.0	9.0	9.0	False	False	True	False	False	True	False
SYMPK							1.0	9.0	9.0	False	False	True	False	False	True	True
SYN1							1.0	9.0	9.0	False	False	True	False	False	True	False
SYN2							1.0	9.0	9.0	False	False	True	False	False	True	False
SYN3							1.0	9.0	9.0	False	False	True	False	False	True	False
SYNC							0.7778	7.0	9.0	False	False	True	False	False	True	False
SYNCRIP	1.0	23.0	23.0	1.0	19.0	19.0	1.0	9.0	9.0	True	True	True	True	True	True	True
SYNE1	0.8261	19.0	23.0				1.0	9.0	9.0	True	False	True	False	True	True	False
SYNE2	1.0	23.0	23.0	0.7895	15.0	19.0	1.0	9.0	9.0	True	True	True	True	True	True	True
SYNE3							1.0	9.0	9.0	False	False	True	False	False	True	True
SYNE4							0.7778	7.0	9.0	False	False	True	False	False	True	True
SYNGR1							1.0	9.0	9.0	False	False	True	False	False	True	True
SYNGR2							1.0	9.0	9.0	False	False	True	False	False	True	False
SYNGR3							1.0	9.0	9.0	False	False	True	False	False	True	False
SYNJ1							1.0	9.0	9.0	False	False	True	False	False	True	True
SYNJ2							1.0	9.0	9.0	False	False	True	False	False	True	False
SYNJ2BP	1.0	23.0	23.0	0.3158	6.0	19.0	1.0	9.0	9.0	True	False	True	False	True	True	False
SYNM							1.0	9.0	9.0	False	False	True	False	False	True	False
SYNPO	0.6957	16.0	23.0	0.7368	14.0	19.0	1.0	9.0	9.0	True	True	True	True	True	True	True
SYNPO2	0.7391	17.0	23.0	1.0	19.0	19.0	1.0	9.0	9.0	True	True	True	True	True	True	False
SYNPO2L							1.0	9.0	9.0	False	False	True	False	False	True	False
SYNRG							1.0	9.0	9.0	False	False	True	False	False	True	True
SYP							1.0	9.0	9.0	False	False	True	False	False	True	False
SYPL1	1.0	23.0	23.0	1.0	19.0	19.0	1.0	9.0	9.0	True	True	True	True	True	True	False
SYPL2							1.0	9.0	9.0	False	False	True	False	False	True	True
SYS1							1.0	9.0	9.0	False	False	True	False	False	True	True
SYT1							1.0	9.0	9.0	False	False	True	False	False	True	False
SYT11							1.0	9.0	9.0	False	False	True	False	False	True	True
SYT12							0.7778	7.0	9.0	False	False	True	False	False	True	True
SYT14							0.6667	6.0	9.0	False	False	True	False	False	True	True
SYT15							0.1111	1.0	9.0	False	False	False	False	False	False	False
SYT17							1.0	9.0	9.0	False	False	True	False	False	True	True
SYT2							1.0	9.0	9.0	False	False	True	False	False	True	False
SYT5							0.2222	2.0	9.0	False	False	False	False	False	True	False
SYT7							1.0	9.0	9.0	False	False	True	False	False	True	False
SYTL1							1.0	9.0	9.0	False	False	True	False	False	True	True
SYTL2							1.0	9.0	9.0	False	False	True	False	False	True	True
SYTL4							1.0	9.0	9.0	False	False	True	False	False	True	True
SYTL5							1.0	9.0	9.0	False	False	True	False	False	True	False
SYVN1							1.0	9.0	9.0	False	False	True	False	False	True	True
SZRD1	1.0	23.0	23.0	1.0	19.0	19.0	1.0	9.0	9.0	True	True	True	True	True	True	True
SZT2							1.0	9.0	9.0	False	False	True	False	False	True	True
TAB1							1.0	9.0	9.0	False	False	True	False	False	True	True
TAB2							1.0	9.0	9.0	False	False	True	False	False	True	True
TAB3							1.0	9.0	9.0	False	False	True	False	False	True	True
TACC1							1.0	9.0	9.0	False	False	True	False	False	True	True
TACC2							1.0	9.0	9.0	False	False	True	False	False	True	True
TACC3							1.0	9.0	9.0	False	False	True	False	False	True	True
TACO1							1.0	9.0	9.0	False	False	True	False	False	True	True
TACSTD2							1.0	9.0	9.0	False	False	True	False	False	True	True
TADA1							1.0	9.0	9.0	False	False	True	False	False	True	True
TADA2A							1.0	9.0	9.0	False	False	True	False	False	True	True
TADA2B							1.0	9.0	9.0	False	False	True	False	False	True	True
TADA3							1.0	9.0	9.0	False	False	True	False	False	True	True
TAF1							1.0	9.0	9.0	False	False	True	False	False	True	True
TAF10							1.0	9.0	9.0	False	False	True	False	False	True	True
TAF11							1.0	9.0	9.0	False	False	True	False	False	True	True
TAF12							1.0	9.0	9.0	False	False	True	False	False	True	True
TAF13							1.0	9.0	9.0	False	False	True	False	False	True	True
TAF15	0.7826	18.0	23.0	0.7895	15.0	19.0	1.0	9.0	9.0	True	True	True	True	True	True	True
TAF1A							0.8889	8.0	9.0	False	False	True	False	False	True	True
TAF1B							1.0	9.0	9.0	False	False	True	False	False	True	True
TAF1C							1.0	9.0	9.0	False	False	True	False	False	True	True
TAF2							1.0	9.0	9.0	False	False	True	False	False	True	True
TAF3							1.0	9.0	9.0	False	False	True	False	False	True	True
TAF4							1.0	9.0	9.0	False	False	True	False	False	True	False
TAF4B							0.6667	6.0	9.0	False	False	True	False	False	True	True
TAF5							1.0	9.0	9.0	False	False	True	False	False	True	True
TAF5L							1.0	9.0	9.0	False	False	True	False	False	True	True
TAF6							1.0	9.0	9.0	False	False	True	False	False	True	True
TAF6L							1.0	9.0	9.0	False	False	True	False	False	True	True
TAF7							1.0	9.0	9.0	False	False	True	False	False	True	True
TAF8							1.0	9.0	9.0	False	False	True	False	False	True	True
TAF9							1.0	9.0	9.0	False	False	True	False	False	True	False
TAF9B							1.0	9.0	9.0	False	False	True	False	False	True	True
TAFAZZIN							1.0	9.0	9.0	False	False	True	False	False	True	False
TAGAP							0.6667	6.0	9.0	False	False	True	False	False	True	False
TAGLN							1.0	9.0	9.0	False	False	True	False	False	True	True
TAGLN2	1.0	23.0	23.0	1.0	19.0	19.0	1.0	9.0	9.0	True	True	True	True	True	True	True
TAGLN3							1.0	9.0	9.0	False	False	True	False	False	True	False
TAL1							0.8889	8.0	9.0	False	False	True	False	False	True	False
TALDO1	1.0	23.0	23.0	1.0	19.0	19.0	1.0	9.0	9.0	True	True	True	True	True	True	True
TALPID3							1.0	9.0	9.0	False	False	True	False	False	False	False
TAMALIN							1.0	9.0	9.0	False	False	True	False	False	True	False
TAMM41							1.0	9.0	9.0	False	False	True	False	False	True	True
TANC1							1.0	9.0	9.0	False	False	True	False	False	True	True
TANC2							1.0	9.0	9.0	False	False	True	False	False	True	True
TANGO2							1.0	9.0	9.0	False	False	True	False	False	True	True
TANGO6							1.0	9.0	9.0	False	False	True	False	False	True	True
TANK							1.0	9.0	9.0	False	False	True	False	False	True	True
TAOK1							1.0	9.0	9.0	False	False	True	False	False	True	True
TAOK2							1.0	9.0	9.0	False	False	True	False	False	True	True
TAOK3							1.0	9.0	9.0	False	False	True	False	False	True	True
TAP1							1.0	9.0	9.0	False	False	True	False	False	True	True
TAP2							1.0	9.0	9.0	False	False	True	False	False	True	True
TAPBP				0.6842	13.0	19.0	1.0	9.0	9.0	False	True	True	False	True	True	False
TAPBPL							1.0	9.0	9.0	False	False	True	False	False	True	True
TAPT1							1.0	9.0	9.0	False	False	True	False	False	True	True
TARBP1							1.0	9.0	9.0	False	False	True	False	False	True	False
TARBP2							1.0	9.0	9.0	False	False	True	False	False	True	True
TARDBP	1.0	23.0	23.0	1.0	19.0	19.0	1.0	9.0	9.0	True	True	True	True	True	True	True
TARS1	1.0	23.0	23.0	1.0	19.0	19.0	1.0	9.0	9.0	True	True	True	True	True	True	False
TARS2							1.0	9.0	9.0	False	False	True	False	False	True	True
TARS3							1.0	9.0	9.0	False	False	True	False	False	True	False
TASOR							1.0	9.0	9.0	False	False	True	False	False	True	False
TASOR2							1.0	9.0	9.0	False	False	True	False	False	True	False
TASP1							1.0	9.0	9.0	False	False	True	False	False	True	True
TATDN1	1.0	23.0	23.0				1.0	9.0	9.0	True	False	True	False	True	True	True
TATDN2							1.0	9.0	9.0	False	False	True	False	False	True	True
TATDN3							1.0	9.0	9.0	False	False	True	False	False	True	True
TAX1BP1							1.0	9.0	9.0	False	False	True	False	False	True	True
TAX1BP3	1.0	23.0	23.0				1.0	9.0	9.0	True	False	True	False	True	True	True
TBC1D1							1.0	9.0	9.0	False	False	True	False	False	True	True
TBC1D10A	1.0	23.0	23.0	1.0	19.0	19.0	1.0	9.0	9.0	True	True	True	True	True	True	True
TBC1D10B							1.0	9.0	9.0	False	False	True	False	False	True	True
TBC1D10C							0.8889	8.0	9.0	False	False	True	False	False	True	False
TBC1D12							1.0	9.0	9.0	False	False	True	False	False	True	True
TBC1D13	0.8696	20.0	23.0	0.4737	9.0	19.0	1.0	9.0	9.0	True	False	True	False	True	True	True
TBC1D14							1.0	9.0	9.0	False	False	True	False	False	True	False
TBC1D15	0.5217	12.0	23.0				1.0	9.0	9.0	True	False	True	False	True	True	True
TBC1D16							1.0	9.0	9.0	False	False	True	False	False	True	True
TBC1D17							1.0	9.0	9.0	False	False	True	False	False	True	True
TBC1D19							1.0	9.0	9.0	False	False	True	False	False	True	True
TBC1D2							1.0	9.0	9.0	False	False	True	False	False	True	True
TBC1D20							1.0	9.0	9.0	False	False	True	False	False	True	True
TBC1D22A							1.0	9.0	9.0	False	False	True	False	False	True	True
TBC1D22B							1.0	9.0	9.0	False	False	True	False	False	True	True
TBC1D23	1.0	23.0	23.0				1.0	9.0	9.0	True	False	True	False	True	True	True
TBC1D24							1.0	9.0	9.0	False	False	True	False	False	True	True
TBC1D25							1.0	9.0	9.0	False	False	True	False	False	True	True
TBC1D2B							1.0	9.0	9.0	False	False	True	False	False	True	True
TBC1D31							1.0	9.0	9.0	False	False	True	False	False	True	True
TBC1D32							1.0	9.0	9.0	False	False	True	False	False	True	True
TBC1D4	0.8696	20.0	23.0				1.0	9.0	9.0	True	False	True	False	True	True	True
TBC1D5	0.7826	18.0	23.0	0.9474	18.0	19.0	1.0	9.0	9.0	True	True	True	True	True	True	True
TBC1D7							1.0	9.0	9.0	False	False	True	False	False	True	True
TBC1D8							1.0	9.0	9.0	False	False	True	False	False	True	True
TBC1D8B							1.0	9.0	9.0	False	False	True	False	False	True	True
TBC1D9							1.0	9.0	9.0	False	False	True	False	False	True	True
TBC1D9B	0.4348	10.0	23.0	0.6842	13.0	19.0	1.0	9.0	9.0	False	True	True	False	True	True	True
TBCA	1.0	23.0	23.0	1.0	19.0	19.0	1.0	9.0	9.0	True	True	True	True	True	True	True
TBCB	1.0	23.0	23.0				1.0	9.0	9.0	True	False	True	False	True	True	True
TBCC	0.8696	20.0	23.0				1.0	9.0	9.0	True	False	True	False	True	True	True
TBCD	1.0	23.0	23.0	0.8421	16.0	19.0	1.0	9.0	9.0	True	True	True	True	True	True	True
TBCE							1.0	9.0	9.0	False	False	True	False	False	True	True
TBCEL							1.0	9.0	9.0	False	False	True	False	False	True	False
TBCK							1.0	9.0	9.0	False	False	True	False	False	True	True
TBK1							1.0	9.0	9.0	False	False	True	False	False	True	True
TBKBP1							1.0	9.0	9.0	False	False	True	False	False	True	True
TBL1X							1.0	9.0	9.0	False	False	True	False	False	True	True
TBL1XR1	1.0	23.0	23.0				1.0	9.0	9.0	True	False	True	False	True	True	True
TBL2	0.8261	19.0	23.0	0.8421	16.0	19.0	1.0	9.0	9.0	True	True	True	True	True	True	True
TBL3							1.0	9.0	9.0	False	False	True	False	False	True	True
TBP							1.0	9.0	9.0	False	False	True	False	False	True	True
TBPL1							1.0	9.0	9.0	False	False	True	False	False	True	True
TBRG1							1.0	9.0	9.0	False	False	True	False	False	True	True
TBRG4				0.8947	17.0	19.0	1.0	9.0	9.0	False	True	True	False	True	True	True
TBX10							1.0	9.0	9.0	False	False	True	False	False	True	False
TBX2							1.0	9.0	9.0	False	False	True	False	False	True	True
TBX21							0.3333	3.0	9.0	False	False	False	False	False	True	False
TBX3							1.0	9.0	9.0	False	False	True	False	False	True	True
TBXA2R							1.0	9.0	9.0	False	False	True	False	False	True	True
TBXAS1							1.0	9.0	9.0	False	False	True	False	False	True	True
TCAF1							1.0	9.0	9.0	False	False	True	False	False	True	False
TCAF2							1.0	9.0	9.0	False	False	True	False	False	True	False
TCAIM							1.0	9.0	9.0	False	False	True	False	False	True	True
TCEA1	1.0	23.0	23.0	0.9474	18.0	19.0	1.0	9.0	9.0	True	True	True	True	True	True	True
TCEA2							1.0	9.0	9.0	False	False	True	False	False	True	True
TCEA3							1.0	9.0	9.0	False	False	True	False	False	True	True
TCEAL1							1.0	9.0	9.0	False	False	True	False	False	True	True
TCEAL5							1.0	9.0	9.0	False	False	True	False	False	False	False
TCEAL8							1.0	9.0	9.0	False	False	True	False	False	True	True
TCEAL9							1.0	9.0	9.0	False	False	True	False	False	True	False
TCEANC							0.7778	7.0	9.0	False	False	True	False	False	True	False
TCEANC2							1.0	9.0	9.0	False	False	True	False	False	True	True
TCEB1	1.0	23.0	23.0	1.0	19.0	19.0				True	True	False	False	False	True	False
TCERG1	1.0	23.0	23.0	1.0	19.0	19.0	1.0	9.0	9.0	True	True	True	True	True	True	True
TCF12							1.0	9.0	9.0	False	False	True	False	False	True	True
TCF20							1.0	9.0	9.0	False	False	True	False	False	True	True
TCF21							0.6667	6.0	9.0	False	False	True	False	False	True	True
TCF25							1.0	9.0	9.0	False	False	True	False	False	True	True
TCF3							1.0	9.0	9.0	False	False	True	False	False	True	True
TCF4							1.0	9.0	9.0	False	False	True	False	False	True	True
TCF7L1							1.0	9.0	9.0	False	False	True	False	False	True	True
TCF7L2							1.0	9.0	9.0	False	False	True	False	False	True	True
TCHH							0.5556	5.0	9.0	False	False	True	False	False	True	False
TCHP							1.0	9.0	9.0	False	False	True	False	False	True	True
TCIM							1.0	9.0	9.0	False	False	True	False	False	True	False
TCIRG1							1.0	9.0	9.0	False	False	True	False	False	True	True
TCN2							1.0	9.0	9.0	False	False	True	False	False	True	True
TCOF1							1.0	9.0	9.0	False	False	True	False	False	True	True
TCP1	1.0	23.0	23.0	1.0	19.0	19.0	1.0	9.0	9.0	True	True	True	True	True	True	True
TCP11							0.6667	6.0	9.0	False	False	True	False	False	False	False
TCP11L1							1.0	9.0	9.0	False	False	True	False	False	True	True
TCP11L2							1.0	9.0	9.0	False	False	True	False	False	True	True
TCTN1							1.0	9.0	9.0	False	False	True	False	False	True	True
TCTN2							1.0	9.0	9.0	False	False	True	False	False	True	True
TCTN3							1.0	9.0	9.0	False	False	True	False	False	True	True
TDG							1.0	9.0	9.0	False	False	True	False	False	True	True
TDP1							1.0	9.0	9.0	False	False	True	False	False	True	True
TDP2							1.0	9.0	9.0	False	False	True	False	False	True	True
TDRD3							1.0	9.0	9.0	False	False	True	False	False	True	True
TDRD5							0.1111	1.0	9.0	False	False	False	False	False	True	False
TDRD7							1.0	9.0	9.0	False	False	True	False	False	True	True
TDRKH	1.0	23.0	23.0	0.6842	13.0	19.0	1.0	9.0	9.0	True	True	True	True	True	True	False
TDRP							1.0	9.0	9.0	False	False	True	False	False	True	True
TEAD1							1.0	9.0	9.0	False	False	True	False	False	True	True
TEAD3							1.0	9.0	9.0	False	False	True	False	False	True	True
TEC							1.0	9.0	9.0	False	False	True	False	False	True	True
TECPR1							1.0	9.0	9.0	False	False	True	False	False	True	True
TECPR2							1.0	9.0	9.0	False	False	True	False	False	True	True
TECR	1.0	23.0	23.0	1.0	19.0	19.0	1.0	9.0	9.0	True	True	True	True	True	True	True
TEF							1.0	9.0	9.0	False	False	True	False	False	True	True
TEFM							1.0	9.0	9.0	False	False	True	False	False	True	True
TEK							1.0	9.0	9.0	False	False	True	False	False	True	True
TELO2							1.0	9.0	9.0	False	False	True	False	False	True	True
TEN1							1.0	9.0	9.0	False	False	True	False	False	True	False
TENM3							1.0	9.0	9.0	False	False	True	False	False	True	False
TENM4							0.7778	7.0	9.0	False	False	True	False	False	True	False
TENT2							1.0	9.0	9.0	False	False	True	False	False	True	False
TENT4A							1.0	9.0	9.0	False	False	True	False	False	True	False
TENT4B							1.0	9.0	9.0	False	False	True	False	False	True	False
TENT5A							1.0	9.0	9.0	False	False	True	False	False	True	False
TEP1							1.0	9.0	9.0	False	False	True	False	False	True	True
TEPSIN							1.0	9.0	9.0	False	False	True	False	False	True	False
TERF1							1.0	9.0	9.0	False	False	True	False	False	True	True
TERF2							1.0	9.0	9.0	False	False	True	False	False	True	True
TERF2IP							1.0	9.0	9.0	False	False	True	False	False	True	True
TES	0.7391	17.0	23.0	1.0	19.0	19.0	1.0	9.0	9.0	True	True	True	True	True	True	True
TESC							1.0	9.0	9.0	False	False	True	False	False	True	True
TESK1							1.0	9.0	9.0	False	False	True	False	False	True	True
TESK2							1.0	9.0	9.0	False	False	True	False	False	True	True
TESL1							1.0	9.0	9.0	False	False	True	False	False	False	False
TET2							1.0	9.0	9.0	False	False	True	False	False	True	True
TET3							1.0	9.0	9.0	False	False	True	False	False	True	True
TEX10							1.0	9.0	9.0	False	False	True	False	False	True	True
TEX2							1.0	9.0	9.0	False	False	True	False	False	True	True
TEX261							1.0	9.0	9.0	False	False	True	False	False	True	True
TEX264	1.0	23.0	23.0				1.0	9.0	9.0	True	False	True	False	True	True	True
TEX30							1.0	9.0	9.0	False	False	True	False	False	True	True
TEX9							1.0	9.0	9.0	False	False	True	False	False	True	False
TF	1.0	23.0	23.0	1.0	19.0	19.0	1.0	9.0	9.0	True	True	True	True	True	True	False
TFAM	1.0	23.0	23.0	1.0	19.0	19.0	1.0	9.0	9.0	True	True	True	True	True	True	True
TFAP2A							1.0	9.0	9.0	False	False	True	False	False	True	True
TFAP2B							1.0	9.0	9.0	False	False	True	False	False	True	True
TFAP4							1.0	9.0	9.0	False	False	True	False	False	True	True
TFB1M							1.0	9.0	9.0	False	False	True	False	False	True	True
TFB2M							1.0	9.0	9.0	False	False	True	False	False	True	True
TFCP2							1.0	9.0	9.0	False	False	True	False	False	True	True
TFCP2L1							1.0	9.0	9.0	False	False	True	False	False	True	True
TFDP1							1.0	9.0	9.0	False	False	True	False	False	True	True
TFDP2							1.0	9.0	9.0	False	False	True	False	False	True	True
TFE3							1.0	9.0	9.0	False	False	True	False	False	True	True
TFEB							1.0	9.0	9.0	False	False	True	False	False	True	True
TFEC							1.0	9.0	9.0	False	False	True	False	False	True	True
TFF1	0.6522	15.0	23.0				1.0	9.0	9.0	True	False	True	False	True	False	False
TFF2							0.7778	7.0	9.0	False	False	True	False	False	True	False
TFF3							0.6667	6.0	9.0	False	False	True	False	False	False	False
TFG	1.0	23.0	23.0	0.8947	17.0	19.0	1.0	9.0	9.0	True	True	True	True	True	True	True
TFIP11							1.0	9.0	9.0	False	False	True	False	False	True	True
TFPI							1.0	9.0	9.0	False	False	True	False	False	True	True
TFPT							1.0	9.0	9.0	False	False	True	False	False	True	True
TFRC							1.0	9.0	9.0	False	False	True	False	False	True	True
TGFA							0.2222	2.0	9.0	False	False	False	False	False	True	False
TGFB1							1.0	9.0	9.0	False	False	True	False	False	True	True
TGFB1I1	1.0	23.0	23.0	0.9474	18.0	19.0	1.0	9.0	9.0	True	True	True	True	True	True	True
TGFB2							1.0	9.0	9.0	False	False	True	False	False	True	False
TGFB3							0.6667	6.0	9.0	False	False	True	False	False	True	True
TGFBI	1.0	23.0	23.0	1.0	19.0	19.0	1.0	9.0	9.0	True	True	True	True	True	True	True
TGFBR1							1.0	9.0	9.0	False	False	True	False	False	True	True
TGFBR2							1.0	9.0	9.0	False	False	True	False	False	True	True
TGFBR3							1.0	9.0	9.0	False	False	True	False	False	True	True
TGFBRAP1							1.0	9.0	9.0	False	False	True	False	False	True	True
TGIF1							0.8889	8.0	9.0	False	False	True	False	False	True	True
TGIF2							0.7778	7.0	9.0	False	False	True	False	False	True	False
TGM1							1.0	9.0	9.0	False	False	True	False	False	True	True
TGM2	1.0	23.0	23.0	1.0	19.0	19.0	1.0	9.0	9.0	True	True	True	True	True	True	True
TGOLN2							1.0	9.0	9.0	False	False	True	False	False	True	True
TGS1							1.0	9.0	9.0	False	False	True	False	False	True	True
TGTP2							1.0	9.0	9.0	False	False	True	False	False	True	False
TH							1.0	9.0	9.0	False	False	True	False	False	False	False
THA1							1.0	9.0	9.0	False	False	True	False	False	True	False
THADA							1.0	9.0	9.0	False	False	True	False	False	True	True
THAP1							1.0	9.0	9.0	False	False	True	False	False	True	True
THAP11							1.0	9.0	9.0	False	False	True	False	False	True	True
THAP12							1.0	9.0	9.0	False	False	True	False	False	True	False
THAP3							1.0	9.0	9.0	False	False	True	False	False	True	True
THAP4							1.0	9.0	9.0	False	False	True	False	False	True	True
THAP7							0.5556	5.0	9.0	False	False	True	False	False	True	True
THBD							1.0	9.0	9.0	False	False	True	False	False	True	True
THBS1	1.0	23.0	23.0	1.0	19.0	19.0	1.0	9.0	9.0	True	True	True	True	True	True	True
THBS2							1.0	9.0	9.0	False	False	True	False	False	True	True
THBS3							1.0	9.0	9.0	False	False	True	False	False	True	False
THBS4							1.0	9.0	9.0	False	False	True	False	False	True	False
THEM4	0.9565	22.0	23.0	1.0	19.0	19.0	1.0	9.0	9.0	True	True	True	True	True	True	True
THEM6							1.0	9.0	9.0	False	False	True	False	False	True	True
THEM7							1.0	9.0	9.0	False	False	True	False	False	True	False
THEMIS							0.6667	6.0	9.0	False	False	True	False	False	False	False
THEMIS2							1.0	9.0	9.0	False	False	True	False	False	True	True
THG1L							1.0	9.0	9.0	False	False	True	False	False	True	True
THNSL1				0.8421	16.0	19.0	1.0	9.0	9.0	False	True	True	False	True	True	True
THNSL2	0.7826	18.0	23.0				1.0	9.0	9.0	True	False	True	False	True	True	True
THOC1							1.0	9.0	9.0	False	False	True	False	False	True	True
THOC2							1.0	9.0	9.0	False	False	True	False	False	True	True
THOC2L							0.8889	8.0	9.0	False	False	True	False	False	True	False
THOC3							1.0	9.0	9.0	False	False	True	False	False	True	True
THOC5							1.0	9.0	9.0	False	False	True	False	False	True	True
THOC6							1.0	9.0	9.0	False	False	True	False	False	True	True
THOC7							1.0	9.0	9.0	False	False	True	False	False	True	True
THOP1	1.0	23.0	23.0	0.8947	17.0	19.0	1.0	9.0	9.0	True	True	True	True	True	True	True
THRA							1.0	9.0	9.0	False	False	True	False	False	True	True
THRAP3	1.0	23.0	23.0	1.0	19.0	19.0	1.0	9.0	9.0	True	True	True	True	True	True	True
THRB							0.8889	8.0	9.0	False	False	True	False	False	True	True
THRSP							1.0	9.0	9.0	False	False	True	False	False	True	False
THSD1							1.0	9.0	9.0	False	False	True	False	False	True	False
THSD4							1.0	9.0	9.0	False	False	True	False	False	True	True
THSD7A				0.6842	13.0	19.0	1.0	9.0	9.0	False	True	True	False	True	True	False
THTPA							1.0	9.0	9.0	False	False	True	False	False	True	True
THUMPD1	1.0	23.0	23.0	1.0	19.0	19.0	1.0	9.0	9.0	True	True	True	True	True	True	True
THUMPD2							1.0	9.0	9.0	False	False	True	False	False	True	True
THUMPD3							1.0	9.0	9.0	False	False	True	False	False	True	True
THY1	1.0	23.0	23.0	1.0	19.0	19.0	1.0	9.0	9.0	True	True	True	True	True	True	True
THYN1	0.8696	20.0	23.0	1.0	19.0	19.0	1.0	9.0	9.0	True	True	True	True	True	True	True
TIA1							1.0	9.0	9.0	False	False	True	False	False	True	True
TIAL1	1.0	23.0	23.0				1.0	9.0	9.0	True	False	True	False	True	True	True
TIAM1							1.0	9.0	9.0	False	False	True	False	False	True	True
TIAM2							1.0	9.0	9.0	False	False	True	False	False	True	False
TICAM1							1.0	9.0	9.0	False	False	True	False	False	True	True
TICAM2							0.7778	7.0	9.0	False	False	True	False	False	False	False
TIE1							1.0	9.0	9.0	False	False	True	False	False	True	True
TIFA							1.0	9.0	9.0	False	False	True	False	False	True	True
TIFAB							0.7778	7.0	9.0	False	False	True	False	False	True	False
TIGAR							1.0	9.0	9.0	False	False	True	False	False	True	False
TIGD2							1.0	9.0	9.0	False	False	True	False	False	True	True
TIGD5							0.2222	2.0	9.0	False	False	False	False	False	True	False
TIMD2							1.0	9.0	9.0	False	False	True	False	False	True	False
TIMELESS							1.0	9.0	9.0	False	False	True	False	False	True	True
TIMM10	1.0	23.0	23.0	1.0	19.0	19.0	1.0	9.0	9.0	True	True	True	True	True	True	True
TIMM10B							1.0	9.0	9.0	False	False	True	False	False	True	True
TIMM13	1.0	23.0	23.0	1.0	19.0	19.0	1.0	9.0	9.0	True	True	True	True	True	True	True
TIMM17A							1.0	9.0	9.0	False	False	True	False	False	True	True
TIMM17B							1.0	9.0	9.0	False	False	True	False	False	True	True
TIMM21							1.0	9.0	9.0	False	False	True	False	False	True	True
TIMM22	1.0	23.0	23.0				1.0	9.0	9.0	True	False	True	False	True	True	True
TIMM23	0.8696	20.0	23.0				1.0	9.0	9.0	True	False	True	False	True	True	False
TIMM29							1.0	9.0	9.0	False	False	True	False	False	True	False
TIMM44	1.0	23.0	23.0	1.0	19.0	19.0	1.0	9.0	9.0	True	True	True	True	True	True	True
TIMM50	1.0	23.0	23.0	1.0	19.0	19.0	1.0	9.0	9.0	True	True	True	True	True	True	True
TIMM8A	1.0	23.0	23.0	1.0	19.0	19.0	1.0	9.0	9.0	True	True	True	True	True	True	True
TIMM8B							1.0	9.0	9.0	False	False	True	False	False	True	True
TIMM9	1.0	23.0	23.0	1.0	19.0	19.0	1.0	9.0	9.0	True	True	True	True	True	True	True
TIMMDC1	1.0	23.0	23.0	1.0	19.0	19.0	1.0	9.0	9.0	True	True	True	True	True	True	True
TIMP1	0.4783	11.0	23.0				0.6667	6.0	9.0	False	False	True	False	False	True	True
TIMP2							1.0	9.0	9.0	False	False	True	False	False	True	True
TIMP3							1.0	9.0	9.0	False	False	True	False	False	True	True
TINAG	0.8261	19.0	23.0				1.0	9.0	9.0	True	False	True	False	True	True	True
TINAGL1				0.6842	13.0	19.0	1.0	9.0	9.0	False	True	True	False	True	True	True
TINF2							1.0	9.0	9.0	False	False	True	False	False	True	True
TIPIN							1.0	9.0	9.0	False	False	True	False	False	True	True
TIPRL							1.0	9.0	9.0	False	False	True	False	False	True	True
TIRAP							1.0	9.0	9.0	False	False	True	False	False	True	True
TJAP1							1.0	9.0	9.0	False	False	True	False	False	True	True
TJP1	1.0	23.0	23.0	1.0	19.0	19.0	1.0	9.0	9.0	True	True	True	True	True	True	True
TJP2	1.0	23.0	23.0	0.9474	18.0	19.0	1.0	9.0	9.0	True	True	True	True	True	True	True
TJP3							1.0	9.0	9.0	False	False	True	False	False	True	True
TK1							1.0	9.0	9.0	False	False	True	False	False	True	True
TK2	1.0	23.0	23.0	0.8421	16.0	19.0	1.0	9.0	9.0	True	True	True	True	True	True	True
TKFC	1.0	23.0	23.0	1.0	19.0	19.0	1.0	9.0	9.0	True	True	True	True	True	True	False
TKT	1.0	23.0	23.0	1.0	19.0	19.0	1.0	9.0	9.0	True	True	True	True	True	True	True
TLCD1							1.0	9.0	9.0	False	False	True	False	False	True	True
TLCD2							1.0	9.0	9.0	False	False	True	False	False	True	True
TLCD3A							0.7778	7.0	9.0	False	False	True	False	False	True	False
TLCD4							1.0	9.0	9.0	False	False	True	False	False	True	False
TLE1							1.0	9.0	9.0	False	False	True	False	False	True	True
TLE2							1.0	9.0	9.0	False	False	True	False	False	True	True
TLE3							1.0	9.0	9.0	False	False	True	False	False	True	True
TLE4							1.0	9.0	9.0	False	False	True	False	False	True	True
TLE5							1.0	9.0	9.0	False	False	True	False	False	True	False
TLK1							1.0	9.0	9.0	False	False	True	False	False	True	True
TLK2							1.0	9.0	9.0	False	False	True	False	False	True	True
TLN1	1.0	23.0	23.0	1.0	19.0	19.0	1.0	9.0	9.0	True	True	True	True	True	True	True
TLN2	1.0	23.0	23.0	1.0	19.0	19.0	1.0	9.0	9.0	True	True	True	True	True	True	True
TLNRD1							1.0	9.0	9.0	False	False	True	False	False	True	False
TLR1							0.6667	6.0	9.0	False	False	True	False	False	True	False
TLR12							0.8889	8.0	9.0	False	False	True	False	False	True	False
TLR13							0.7778	7.0	9.0	False	False	True	False	False	True	False
TLR2							1.0	9.0	9.0	False	False	True	False	False	True	True
TLR3							1.0	9.0	9.0	False	False	True	False	False	True	True
TLR4							1.0	9.0	9.0	False	False	True	False	False	True	True
TLR6							0.3333	3.0	9.0	False	False	False	False	False	True	False
TLR7							1.0	9.0	9.0	False	False	True	False	False	True	True
TLR8							0.6667	6.0	9.0	False	False	True	False	False	True	False
TLR9	1.0	23.0	23.0	0.9474	18.0	19.0	1.0	9.0	9.0	True	True	True	True	True	True	False
TM2D1							1.0	9.0	9.0	False	False	True	False	False	True	True
TM2D2							1.0	9.0	9.0	False	False	True	False	False	True	True
TM2D3							1.0	9.0	9.0	False	False	True	False	False	True	True
TM4SF1							1.0	9.0	9.0	False	False	True	False	False	True	True
TM6SF1							1.0	9.0	9.0	False	False	True	False	False	True	True
TM6SF2							1.0	9.0	9.0	False	False	True	False	False	True	True
TM7SF2							1.0	9.0	9.0	False	False	True	False	False	True	True
TM7SF3							1.0	9.0	9.0	False	False	True	False	False	True	True
TM9SF1	1.0	23.0	23.0	1.0	19.0	19.0	1.0	9.0	9.0	True	True	True	True	True	True	True
TM9SF2	0.8261	19.0	23.0	1.0	19.0	19.0	1.0	9.0	9.0	True	True	True	True	True	True	True
TM9SF3	1.0	23.0	23.0	1.0	19.0	19.0	1.0	9.0	9.0	True	True	True	True	True	True	True
TM9SF4	1.0	23.0	23.0	0.8421	16.0	19.0	1.0	9.0	9.0	True	True	True	True	True	True	True
TMA16							1.0	9.0	9.0	False	False	True	False	False	True	True
TMA7							1.0	9.0	9.0	False	False	True	False	False	True	False
TMBIM1							0.7778	7.0	9.0	False	False	True	False	False	True	True
TMBIM4							0.3333	3.0	9.0	False	False	False	False	False	True	True
TMBIM6							1.0	9.0	9.0	False	False	True	False	False	True	True
TMC4							1.0	9.0	9.0	False	False	True	False	False	True	True
TMC5							0.7778	7.0	9.0	False	False	True	False	False	True	False
TMC6							1.0	9.0	9.0	False	False	True	False	False	True	True
TMC8							0.6667	6.0	9.0	False	False	True	False	False	True	False
TMCC1							1.0	9.0	9.0	False	False	True	False	False	True	True
TMCC2							1.0	9.0	9.0	False	False	True	False	False	True	False
TMCC3							1.0	9.0	9.0	False	False	True	False	False	True	True
TMCO1							1.0	9.0	9.0	False	False	True	False	False	True	True
TMCO4							1.0	9.0	9.0	False	False	True	False	False	True	True
TMCO6							1.0	9.0	9.0	False	False	True	False	False	True	True
TMED1							1.0	9.0	9.0	False	False	True	False	False	True	True
TMED10	1.0	23.0	23.0	1.0	19.0	19.0	1.0	9.0	9.0	True	True	True	True	True	True	True
TMED2	1.0	23.0	23.0	1.0	19.0	19.0	1.0	9.0	9.0	True	True	True	True	True	True	True
TMED3							1.0	9.0	9.0	False	False	True	False	False	True	True
TMED4	1.0	23.0	23.0	1.0	19.0	19.0	1.0	9.0	9.0	True	True	True	True	True	True	True
TMED5	1.0	23.0	23.0	1.0	19.0	19.0	1.0	9.0	9.0	True	True	True	True	True	True	True
TMED7	1.0	23.0	23.0	1.0	19.0	19.0	1.0	9.0	9.0	True	True	True	True	True	True	True
TMED8	0.8261	19.0	23.0				1.0	9.0	9.0	True	False	True	False	True	True	True
TMED9	1.0	23.0	23.0	0.9474	18.0	19.0	1.0	9.0	9.0	True	True	True	True	True	True	True
TMEM100							0.7778	7.0	9.0	False	False	True	False	False	True	False
TMEM101							1.0	9.0	9.0	False	False	True	False	False	True	True
TMEM102							1.0	9.0	9.0	False	False	True	False	False	True	True
TMEM106A							1.0	9.0	9.0	False	False	True	False	False	True	True
TMEM106B							1.0	9.0	9.0	False	False	True	False	False	True	True
TMEM106C							0.8889	8.0	9.0	False	False	True	False	False	True	True
TMEM109	1.0	23.0	23.0	0.8421	16.0	19.0	1.0	9.0	9.0	True	True	True	True	True	True	True
TMEM11							1.0	9.0	9.0	False	False	True	False	False	True	True
TMEM115							1.0	9.0	9.0	False	False	True	False	False	True	True
TMEM116							1.0	9.0	9.0	False	False	True	False	False	True	True
TMEM117							1.0	9.0	9.0	False	False	True	False	False	True	True
TMEM119							1.0	9.0	9.0	False	False	True	False	False	True	True
TMEM120A							1.0	9.0	9.0	False	False	True	False	False	True	True
TMEM120B	0.8261	19.0	23.0				1.0	9.0	9.0	True	False	True	False	True	True	True
TMEM123							1.0	9.0	9.0	False	False	True	False	False	True	True
TMEM126A	0.4348	10.0	23.0				1.0	9.0	9.0	False	False	True	False	False	True	True
TMEM126B							1.0	9.0	9.0	False	False	True	False	False	True	True
TMEM127							1.0	9.0	9.0	False	False	True	False	False	True	True
TMEM128							0.7778	7.0	9.0	False	False	True	False	False	True	True
TMEM129							1.0	9.0	9.0	False	False	True	False	False	True	True
TMEM131							1.0	9.0	9.0	False	False	True	False	False	True	True
TMEM131L							0.7778	7.0	9.0	False	False	True	False	False	True	False
TMEM132A							1.0	9.0	9.0	False	False	True	False	False	True	True
TMEM134							1.0	9.0	9.0	False	False	True	False	False	True	True
TMEM135	0.5652	13.0	23.0				1.0	9.0	9.0	True	False	True	False	True	True	True
TMEM138							0.7778	7.0	9.0	False	False	True	False	False	True	True
TMEM139							1.0	9.0	9.0	False	False	True	False	False	True	True
TMEM141							1.0	9.0	9.0	False	False	True	False	False	True	True
TMEM143							1.0	9.0	9.0	False	False	True	False	False	True	True
TMEM144							1.0	9.0	9.0	False	False	True	False	False	True	True
TMEM147							1.0	9.0	9.0	False	False	True	False	False	True	True
TMEM14C							1.0	9.0	9.0	False	False	True	False	False	True	False
TMEM150A							1.0	9.0	9.0	False	False	True	False	False	True	True
TMEM150C							1.0	9.0	9.0	False	False	True	False	False	True	True
TMEM154							0.6667	6.0	9.0	False	False	True	False	False	True	False
TMEM160							1.0	9.0	9.0	False	False	True	False	False	True	True
TMEM161A							1.0	9.0	9.0	False	False	True	False	False	True	True
TMEM161B							1.0	9.0	9.0	False	False	True	False	False	True	True
TMEM163							0.5556	5.0	9.0	False	False	True	False	False	True	False
TMEM164							1.0	9.0	9.0	False	False	True	False	False	True	True
TMEM165							1.0	9.0	9.0	False	False	True	False	False	True	True
TMEM167A							1.0	9.0	9.0	False	False	True	False	False	True	False
TMEM167B							0.8889	8.0	9.0	False	False	True	False	False	True	True
TMEM168							1.0	9.0	9.0	False	False	True	False	False	True	True
TMEM169							1.0	9.0	9.0	False	False	True	False	False	True	False
TMEM170A							1.0	9.0	9.0	False	False	True	False	False	True	True
TMEM171							1.0	9.0	9.0	False	False	True	False	False	True	True
TMEM174							0.6667	6.0	9.0	False	False	True	False	False	True	True
TMEM175							1.0	9.0	9.0	False	False	True	False	False	True	True
TMEM176A							1.0	9.0	9.0	False	False	True	False	False	True	True
TMEM176B							1.0	9.0	9.0	False	False	True	False	False	True	True
TMEM177							1.0	9.0	9.0	False	False	True	False	False	True	True
TMEM178A							1.0	9.0	9.0	False	False	True	False	False	True	True
TMEM179B							1.0	9.0	9.0	False	False	True	False	False	True	False
TMEM18							1.0	9.0	9.0	False	False	True	False	False	True	True
TMEM181							1.0	9.0	9.0	False	False	True	False	False	True	True
TMEM182							1.0	9.0	9.0	False	False	True	False	False	True	False
TMEM183							1.0	9.0	9.0	False	False	True	False	False	False	False
TMEM184A							1.0	9.0	9.0	False	False	True	False	False	True	True
TMEM184B							0.8889	8.0	9.0	False	False	True	False	False	True	True
TMEM185A							1.0	9.0	9.0	False	False	True	False	False	True	False
TMEM185B							0.3333	3.0	9.0	False	False	False	False	False	True	False
TMEM186							1.0	9.0	9.0	False	False	True	False	False	True	True
TMEM19							1.0	9.0	9.0	False	False	True	False	False	True	True
TMEM192							1.0	9.0	9.0	False	False	True	False	False	True	False
TMEM200B							0.4444	4.0	9.0	False	False	False	False	False	True	True
TMEM201							1.0	9.0	9.0	False	False	True	False	False	True	True
TMEM204							1.0	9.0	9.0	False	False	True	False	False	True	True
TMEM205							1.0	9.0	9.0	False	False	True	False	False	True	True
TMEM208							1.0	9.0	9.0	False	False	True	False	False	True	True
TMEM209							1.0	9.0	9.0	False	False	True	False	False	True	True
TMEM214							1.0	9.0	9.0	False	False	True	False	False	True	True
TMEM219							1.0	9.0	9.0	False	False	True	False	False	True	True
TMEM222							1.0	9.0	9.0	False	False	True	False	False	True	True
TMEM223							1.0	9.0	9.0	False	False	True	False	False	True	False
TMEM229A							1.0	9.0	9.0	False	False	True	False	False	True	False
TMEM230							1.0	9.0	9.0	False	False	True	False	False	True	True
TMEM231							1.0	9.0	9.0	False	False	True	False	False	True	True
TMEM237							1.0	9.0	9.0	False	False	True	False	False	True	False
TMEM238							1.0	9.0	9.0	False	False	True	False	False	True	True
TMEM242							1.0	9.0	9.0	False	False	True	False	False	True	True
TMEM245							1.0	9.0	9.0	False	False	True	False	False	True	True
TMEM248							1.0	9.0	9.0	False	False	True	False	False	True	True
TMEM250							1.0	9.0	9.0	False	False	True	False	False	True	False
TMEM252							1.0	9.0	9.0	False	False	True	False	False	True	True
TMEM254							1.0	9.0	9.0	False	False	True	False	False	True	False
TMEM256							1.0	9.0	9.0	False	False	True	False	False	True	True
TMEM258							0.6667	6.0	9.0	False	False	True	False	False	True	True
TMEM259							1.0	9.0	9.0	False	False	True	False	False	True	True
TMEM26							1.0	9.0	9.0	False	False	True	False	False	True	True
TMEM260							1.0	9.0	9.0	False	False	True	False	False	True	True
TMEM263							1.0	9.0	9.0	False	False	True	False	False	True	True
TMEM267							1.0	9.0	9.0	False	False	True	False	False	True	False
TMEM268							1.0	9.0	9.0	False	False	True	False	False	True	False
TMEM276							0.8889	8.0	9.0	False	False	True	False	False	False	False
TMEM30A							1.0	9.0	9.0	False	False	True	False	False	True	True
TMEM30B							1.0	9.0	9.0	False	False	True	False	False	True	True
TMEM33	1.0	23.0	23.0				1.0	9.0	9.0	True	False	True	False	True	True	True
TMEM35A							1.0	9.0	9.0	False	False	True	False	False	True	False
TMEM35B							1.0	9.0	9.0	False	False	True	False	False	True	False
TMEM37							1.0	9.0	9.0	False	False	True	False	False	True	True
TMEM38A							1.0	9.0	9.0	False	False	True	False	False	True	True
TMEM38B							1.0	9.0	9.0	False	False	True	False	False	True	True
TMEM39A							0.7778	7.0	9.0	False	False	True	False	False	True	True
TMEM39B							1.0	9.0	9.0	False	False	True	False	False	True	True
TMEM40							0.6667	6.0	9.0	False	False	True	False	False	True	False
TMEM41A							1.0	9.0	9.0	False	False	True	False	False	True	True
TMEM41B							1.0	9.0	9.0	False	False	True	False	False	True	True
TMEM43	1.0	23.0	23.0	1.0	19.0	19.0	1.0	9.0	9.0	True	True	True	True	True	True	True
TMEM45B							1.0	9.0	9.0	False	False	True	False	False	True	True
TMEM47							1.0	9.0	9.0	False	False	True	False	False	True	True
TMEM50A							1.0	9.0	9.0	False	False	True	False	False	True	True
TMEM50B							0.6667	6.0	9.0	False	False	True	False	False	True	True
TMEM51	0.8696	20.0	23.0				1.0	9.0	9.0	True	False	True	False	True	True	True
TMEM52B							1.0	9.0	9.0	False	False	True	False	False	True	True
TMEM53							1.0	9.0	9.0	False	False	True	False	False	True	True
TMEM59							1.0	9.0	9.0	False	False	True	False	False	True	True
TMEM62							1.0	9.0	9.0	False	False	True	False	False	True	True
TMEM63A							1.0	9.0	9.0	False	False	True	False	False	True	True
TMEM63B							1.0	9.0	9.0	False	False	True	False	False	True	True
TMEM64							0.4444	4.0	9.0	False	False	False	False	False	True	True
TMEM65	1.0	23.0	23.0	1.0	19.0	19.0	1.0	9.0	9.0	True	True	True	True	True	True	True
TMEM67							1.0	9.0	9.0	False	False	True	False	False	True	True
TMEM68							1.0	9.0	9.0	False	False	True	False	False	True	True
TMEM70							1.0	9.0	9.0	False	False	True	False	False	True	True
TMEM71							0.6667	6.0	9.0	False	False	True	False	False	True	False
TMEM72							1.0	9.0	9.0	False	False	True	False	False	True	True
TMEM79							1.0	9.0	9.0	False	False	True	False	False	True	True
TMEM82							1.0	9.0	9.0	False	False	True	False	False	True	True
TMEM86A							1.0	9.0	9.0	False	False	True	False	False	True	True
TMEM87A							1.0	9.0	9.0	False	False	True	False	False	True	True
TMEM87B							1.0	9.0	9.0	False	False	True	False	False	True	True
TMEM9							1.0	9.0	9.0	False	False	True	False	False	True	True
TMEM94							1.0	9.0	9.0	False	False	True	False	False	True	False
TMEM97							1.0	9.0	9.0	False	False	True	False	False	True	True
TMEM98							1.0	9.0	9.0	False	False	True	False	False	True	True
TMEM9B							1.0	9.0	9.0	False	False	True	False	False	True	True
TMF1							1.0	9.0	9.0	False	False	True	False	False	True	True
TMIGD1							1.0	9.0	9.0	False	False	True	False	False	True	True
TMLHE	1.0	23.0	23.0	1.0	19.0	19.0	1.0	9.0	9.0	True	True	True	True	True	True	False
TMOD1							1.0	9.0	9.0	False	False	True	False	False	True	False
TMOD2							1.0	9.0	9.0	False	False	True	False	False	True	False
TMOD3	1.0	23.0	23.0	1.0	19.0	19.0	1.0	9.0	9.0	True	True	True	True	True	True	True
TMPO	1.0	23.0	23.0	1.0	19.0	19.0	1.0	9.0	9.0	True	True	True	True	True	True	True
TMPPE							1.0	9.0	9.0	False	False	True	False	False	True	False
TMPRSS13							1.0	9.0	9.0	False	False	True	False	False	True	False
TMPRSS2							1.0	9.0	9.0	False	False	True	False	False	True	True
TMPRSS4							0.6667	6.0	9.0	False	False	True	False	False	True	False
TMSB10	1.0	23.0	23.0	0.7368	14.0	19.0	1.0	9.0	9.0	True	True	True	True	True	True	True
TMSB15B1							1.0	9.0	9.0	False	False	True	False	False	True	False
TMSB15B2							0.7778	7.0	9.0	False	False	True	False	False	True	False
TMT1A	1.0	23.0	23.0	1.0	19.0	19.0	1.0	9.0	9.0	True	True	True	True	True	True	False
TMT1B							1.0	9.0	9.0	False	False	True	False	False	False	False
TMTC1							1.0	9.0	9.0	False	False	True	False	False	True	True
TMTC2							0.7778	7.0	9.0	False	False	True	False	False	True	False
TMTC3							1.0	9.0	9.0	False	False	True	False	False	True	True
TMTC4							1.0	9.0	9.0	False	False	True	False	False	True	True
TMUB1							1.0	9.0	9.0	False	False	True	False	False	True	True
TMUB2							1.0	9.0	9.0	False	False	True	False	False	True	True
TMX1	1.0	23.0	23.0	1.0	19.0	19.0	1.0	9.0	9.0	True	True	True	True	True	True	True
TMX2	0.8696	20.0	23.0				1.0	9.0	9.0	True	False	True	False	True	True	True
TMX3	1.0	23.0	23.0	0.8421	16.0	19.0	1.0	9.0	9.0	True	True	True	True	True	True	True
TMX4	1.0	23.0	23.0				1.0	9.0	9.0	True	False	True	False	True	True	True
TNC				1.0	19.0	19.0	1.0	9.0	9.0	False	True	True	False	True	True	True
TNFAIP1							1.0	9.0	9.0	False	False	True	False	False	True	True
TNFAIP2							1.0	9.0	9.0	False	False	True	False	False	True	True
TNFAIP3							1.0	9.0	9.0	False	False	True	False	False	True	True
TNFAIP8	1.0	23.0	23.0				1.0	9.0	9.0	True	False	True	False	True	True	True
TNFAIP8L1							1.0	9.0	9.0	False	False	True	False	False	True	False
TNFAIP8L2							1.0	9.0	9.0	False	False	True	False	False	True	True
TNFAIP8L3							0.4444	4.0	9.0	False	False	False	False	False	False	False
TNFRSF10B							1.0	9.0	9.0	False	False	True	False	False	True	False
TNFRSF11A							1.0	9.0	9.0	False	False	True	False	False	True	True
TNFRSF14							1.0	9.0	9.0	False	False	True	False	False	True	False
TNFRSF18							0.6667	6.0	9.0	False	False	True	False	False	True	False
TNFRSF1A							1.0	9.0	9.0	False	False	True	False	False	True	True
TNFRSF1B							1.0	9.0	9.0	False	False	True	False	False	True	True
TNFRSF21							1.0	9.0	9.0	False	False	True	False	False	True	True
TNFRSF23							1.0	9.0	9.0	False	False	True	False	False	True	False
TNFRSF9							0.4444	4.0	9.0	False	False	False	False	False	True	False
TNFSF10							1.0	9.0	9.0	False	False	True	False	False	True	True
TNFSF12							1.0	9.0	9.0	False	False	True	False	False	True	False
TNFSF13							0.6667	6.0	9.0	False	False	True	False	False	True	False
TNFSF13B							0.6667	6.0	9.0	False	False	True	False	False	True	True
TNFSF8							0.6667	6.0	9.0	False	False	True	False	False	True	False
TNIK							1.0	9.0	9.0	False	False	True	False	False	True	False
TNIP1							1.0	9.0	9.0	False	False	True	False	False	True	True
TNIP2							1.0	9.0	9.0	False	False	True	False	False	True	True
TNIP3							0.3333	3.0	9.0	False	False	False	False	False	True	False
TNK1							1.0	9.0	9.0	False	False	True	False	False	True	True
TNK2							1.0	9.0	9.0	False	False	True	False	False	True	True
TNKS							1.0	9.0	9.0	False	False	True	False	False	True	True
TNKS1BP1	1.0	23.0	23.0	1.0	19.0	19.0	1.0	9.0	9.0	True	True	True	True	True	True	True
TNKS2							1.0	9.0	9.0	False	False	True	False	False	True	True
TNMD							0.6667	6.0	9.0	False	False	True	False	False	False	False
TNN							0.4444	4.0	9.0	False	False	False	False	False	True	False
TNNC2							0.5556	5.0	9.0	False	False	True	False	False	True	False
TNNI2							0.5556	5.0	9.0	False	False	True	False	False	True	False
TNNT3							0.3333	3.0	9.0	False	False	False	False	False	True	False
TNPO1	1.0	23.0	23.0	1.0	19.0	19.0	1.0	9.0	9.0	True	True	True	True	True	True	True
TNPO2							1.0	9.0	9.0	False	False	True	False	False	True	True
TNPO3	0.8696	20.0	23.0	0.8947	17.0	19.0	1.0	9.0	9.0	True	True	True	True	True	True	True
TNRC18							1.0	9.0	9.0	False	False	True	False	False	True	True
TNRC6A							1.0	9.0	9.0	False	False	True	False	False	True	True
TNRC6B							1.0	9.0	9.0	False	False	True	False	False	True	True
TNRC6C							1.0	9.0	9.0	False	False	True	False	False	True	True
TNS1	1.0	23.0	23.0	1.0	19.0	19.0	1.0	9.0	9.0	True	True	True	True	True	True	True
TNS2	0.913	21.0	23.0	1.0	19.0	19.0	1.0	9.0	9.0	True	True	True	True	True	True	False
TNS3				0.9474	18.0	19.0	1.0	9.0	9.0	False	True	True	False	True	True	True
TNXB							1.0	9.0	9.0	False	False	True	False	False	True	False
TOB1							1.0	9.0	9.0	False	False	True	False	False	True	True
TOB2							1.0	9.0	9.0	False	False	True	False	False	True	True
TOE1							1.0	9.0	9.0	False	False	True	False	False	True	True
TOGARAM1							1.0	9.0	9.0	False	False	True	False	False	True	False
TOLLIP	1.0	23.0	23.0	1.0	19.0	19.0	1.0	9.0	9.0	True	True	True	True	True	True	True
TOM1	1.0	23.0	23.0	1.0	19.0	19.0	1.0	9.0	9.0	True	True	True	True	True	True	True
TOM1L1							1.0	9.0	9.0	False	False	True	False	False	True	True
TOM1L2	1.0	23.0	23.0	1.0	19.0	19.0	1.0	9.0	9.0	True	True	True	True	True	True	True
TOMM20							1.0	9.0	9.0	False	False	True	False	False	True	True
TOMM22				1.0	19.0	19.0	1.0	9.0	9.0	False	True	True	False	True	True	True
TOMM34							1.0	9.0	9.0	False	False	True	False	False	True	True
TOMM40	1.0	23.0	23.0	0.8421	16.0	19.0	1.0	9.0	9.0	True	True	True	True	True	True	True
TOMM40L							1.0	9.0	9.0	False	False	True	False	False	True	True
TOMM5							1.0	9.0	9.0	False	False	True	False	False	True	True
TOMM7							0.2222	2.0	9.0	False	False	False	False	False	True	True
TOMM70	1.0	23.0	23.0	1.0	19.0	19.0	1.0	9.0	9.0	True	True	True	True	True	True	True
TOMT							1.0	9.0	9.0	False	False	True	False	False	True	False
TONSL							0.7778	7.0	9.0	False	False	True	False	False	True	True
TOP1				0.6316	12.0	19.0	1.0	9.0	9.0	False	True	True	False	True	True	True
TOP1MT							1.0	9.0	9.0	False	False	True	False	False	True	False
TOP2A							1.0	9.0	9.0	False	False	True	False	False	True	True
TOP2B							1.0	9.0	9.0	False	False	True	False	False	True	True
TOP3A							1.0	9.0	9.0	False	False	True	False	False	True	True
TOP3B							1.0	9.0	9.0	False	False	True	False	False	True	True
TOPBP1							1.0	9.0	9.0	False	False	True	False	False	True	True
TOPORS							1.0	9.0	9.0	False	False	True	False	False	True	True
TOR1A							1.0	9.0	9.0	False	False	True	False	False	True	True
TOR1AIP1	1.0	23.0	23.0	1.0	19.0	19.0	1.0	9.0	9.0	True	True	True	True	True	True	True
TOR1AIP2							1.0	9.0	9.0	False	False	True	False	False	True	False
TOR1B							1.0	9.0	9.0	False	False	True	False	False	True	True
TOR2A							1.0	9.0	9.0	False	False	True	False	False	True	True
TOR3A							1.0	9.0	9.0	False	False	True	False	False	True	True
TOR4A							1.0	9.0	9.0	False	False	True	False	False	True	True
TOX3							1.0	9.0	9.0	False	False	True	False	False	True	True
TOX4							1.0	9.0	9.0	False	False	True	False	False	True	True
TP53							1.0	9.0	9.0	False	False	True	False	False	True	True
TP53BP1							1.0	9.0	9.0	False	False	True	False	False	True	True
TP53BP2							1.0	9.0	9.0	False	False	True	False	False	True	True
TP53I11							1.0	9.0	9.0	False	False	True	False	False	True	True
TP53I3	1.0	23.0	23.0							True	False	False	False	False	True	False
TP53INP2							1.0	9.0	9.0	False	False	True	False	False	True	True
TP53RKB							1.0	9.0	9.0	False	False	True	False	False	False	False
TP63							0.7778	7.0	9.0	False	False	True	False	False	True	False
TPBG							1.0	9.0	9.0	False	False	True	False	False	True	False
TPBGL							1.0	9.0	9.0	False	False	True	False	False	False	False
TPCN1							1.0	9.0	9.0	False	False	True	False	False	True	True
TPCN2							0.7778	7.0	9.0	False	False	True	False	False	True	True
TPD52	1.0	23.0	23.0	1.0	19.0	19.0	1.0	9.0	9.0	True	True	True	True	True	True	True
TPD52L1							1.0	9.0	9.0	False	False	True	False	False	True	True
TPD52L2	1.0	23.0	23.0	1.0	19.0	19.0	1.0	9.0	9.0	True	True	True	True	True	True	True
TPGS1							1.0	9.0	9.0	False	False	True	False	False	True	True
TPGS2							0.8889	8.0	9.0	False	False	True	False	False	True	True
TPI1	1.0	23.0	23.0	1.0	19.0	19.0	1.0	9.0	9.0	True	True	True	True	True	True	True
TPK1	1.0	23.0	23.0	0.4737	9.0	19.0	1.0	9.0	9.0	True	False	True	False	True	True	True
TPM1	1.0	23.0	23.0	1.0	19.0	19.0	1.0	9.0	9.0	True	True	True	True	True	True	True
TPM2	1.0	23.0	23.0	1.0	19.0	19.0	1.0	9.0	9.0	True	True	True	True	True	True	True
TPM3	1.0	23.0	23.0	1.0	19.0	19.0	1.0	9.0	9.0	True	True	True	True	True	True	True
TPM3-RS7							1.0	9.0	9.0	False	False	True	False	False	True	False
TPM4	1.0	23.0	23.0	1.0	19.0	19.0	1.0	9.0	9.0	True	True	True	True	True	True	True
TPMT							1.0	9.0	9.0	False	False	True	False	False	True	True
TPP1							1.0	9.0	9.0	False	False	True	False	False	True	True
TPP2	0.8261	19.0	23.0	0.8421	16.0	19.0	1.0	9.0	9.0	True	True	True	True	True	True	True
TPPP							1.0	9.0	9.0	False	False	True	False	False	True	False
TPPP3	0.6957	16.0	23.0	0.7368	14.0	19.0	1.0	9.0	9.0	True	True	True	True	True	True	True
TPR	1.0	23.0	23.0	1.0	19.0	19.0	1.0	9.0	9.0	True	True	True	True	True	True	True
TPRG1L							1.0	9.0	9.0	False	False	True	False	False	False	False
TPRKB	1.0	23.0	23.0	0.7895	15.0	19.0	1.0	9.0	9.0	True	True	True	True	True	True	True
TPRN							1.0	9.0	9.0	False	False	True	False	False	True	True
TPSB2							0.8889	8.0	9.0	False	False	True	False	False	False	False
TPST1							1.0	9.0	9.0	False	False	True	False	False	True	True
TPST2							1.0	9.0	9.0	False	False	True	False	False	True	True
TPT1	1.0	23.0	23.0	1.0	19.0	19.0	1.0	9.0	9.0	True	True	True	True	True	True	True
TPTE							1.0	9.0	9.0	False	False	True	False	False	False	False
TPX2							1.0	9.0	9.0	False	False	True	False	False	True	False
TRA2A							1.0	9.0	9.0	False	False	True	False	False	True	True
TRA2B	1.0	23.0	23.0	0.9474	18.0	19.0	1.0	9.0	9.0	True	True	True	True	True	True	True
TRABD							1.0	9.0	9.0	False	False	True	False	False	True	True
TRABD2B							1.0	9.0	9.0	False	False	True	False	False	True	True
TRAC							0.5556	5.0	9.0	False	False	True	False	False	True	False
TRADD							1.0	9.0	9.0	False	False	True	False	False	True	True
TRAF1							0.8889	8.0	9.0	False	False	True	False	False	True	False
TRAF2							1.0	9.0	9.0	False	False	True	False	False	True	True
TRAF3							1.0	9.0	9.0	False	False	True	False	False	True	True
TRAF3IP1							1.0	9.0	9.0	False	False	True	False	False	True	True
TRAF3IP2							1.0	9.0	9.0	False	False	True	False	False	True	True
TRAF3IP3							1.0	9.0	9.0	False	False	True	False	False	True	False
TRAF4							1.0	9.0	9.0	False	False	True	False	False	True	True
TRAF5							1.0	9.0	9.0	False	False	True	False	False	True	True
TRAF6							1.0	9.0	9.0	False	False	True	False	False	True	True
TRAF7							1.0	9.0	9.0	False	False	True	False	False	True	True
TRAFD1							1.0	9.0	9.0	False	False	True	False	False	True	True
TRAJ5							0.2222	2.0	9.0	False	False	False	False	False	False	False
TRAK1							1.0	9.0	9.0	False	False	True	False	False	True	True
TRAK2							1.0	9.0	9.0	False	False	True	False	False	True	True
TRAM1							1.0	9.0	9.0	False	False	True	False	False	True	True
TRAM2							1.0	9.0	9.0	False	False	True	False	False	True	True
TRAP1	1.0	23.0	23.0	1.0	19.0	19.0	1.0	9.0	9.0	True	True	True	True	True	True	True
TRAPPC1							1.0	9.0	9.0	False	False	True	False	False	True	True
TRAPPC10							1.0	9.0	9.0	False	False	True	False	False	True	True
TRAPPC11							1.0	9.0	9.0	False	False	True	False	False	True	True
TRAPPC12							1.0	9.0	9.0	False	False	True	False	False	True	True
TRAPPC13	0.3913	9.0	23.0	0.7895	15.0	19.0	1.0	9.0	9.0	False	True	True	False	True	True	True
TRAPPC14							1.0	9.0	9.0	False	False	True	False	False	True	False
TRAPPC2							0.6667	6.0	9.0	False	False	True	False	False	True	True
TRAPPC2B							1.0	9.0	9.0	False	False	True	False	False	False	False
TRAPPC2L							1.0	9.0	9.0	False	False	True	False	False	True	True
TRAPPC3	1.0	23.0	23.0	1.0	19.0	19.0	1.0	9.0	9.0	True	True	True	True	True	True	True
TRAPPC4				0.7895	15.0	19.0	1.0	9.0	9.0	False	True	True	False	True	True	True
TRAPPC5	0.6522	15.0	23.0				1.0	9.0	9.0	True	False	True	False	True	True	True
TRAPPC6A							1.0	9.0	9.0	False	False	True	False	False	True	True
TRAPPC6B				0.8421	16.0	19.0	1.0	9.0	9.0	False	True	True	False	True	True	True
TRAPPC8							1.0	9.0	9.0	False	False	True	False	False	True	True
TRAPPC9							1.0	9.0	9.0	False	False	True	False	False	True	True
TRARG1							1.0	9.0	9.0	False	False	True	False	False	True	False
TRAV7N-6							0.2222	2.0	9.0	False	False	False	False	False	False	False
TRDMT1							1.0	9.0	9.0	False	False	True	False	False	True	True
TREH							1.0	9.0	9.0	False	False	True	False	False	True	False
TREM2							0.6667	6.0	9.0	False	False	True	False	False	True	False
TREML1							1.0	9.0	9.0	False	False	True	False	False	True	False
TRERF1							1.0	9.0	9.0	False	False	True	False	False	True	True
TREX1							1.0	9.0	9.0	False	False	True	False	False	True	False
TRIAP1	0.7826	18.0	23.0				1.0	9.0	9.0	True	False	True	False	True	True	True
TRIL							1.0	9.0	9.0	False	False	True	False	False	True	True
TRIM11							1.0	9.0	9.0	False	False	True	False	False	True	True
TRIM12A							1.0	9.0	9.0	False	False	True	False	False	True	False
TRIM12C							1.0	9.0	9.0	False	False	True	False	False	True	False
TRIM13							1.0	9.0	9.0	False	False	True	False	False	True	True
TRIM14							1.0	9.0	9.0	False	False	True	False	False	True	False
TRIM16							1.0	9.0	9.0	False	False	True	False	False	True	True
TRIM2							1.0	9.0	9.0	False	False	True	False	False	True	True
TRIM21	0.5217	12.0	23.0	0.8421	16.0	19.0	1.0	9.0	9.0	True	True	True	True	True	True	True
TRIM23							1.0	9.0	9.0	False	False	True	False	False	True	True
TRIM24							1.0	9.0	9.0	False	False	True	False	False	True	True
TRIM25							1.0	9.0	9.0	False	False	True	False	False	True	True
TRIM26							1.0	9.0	9.0	False	False	True	False	False	True	False
TRIM27							1.0	9.0	9.0	False	False	True	False	False	True	True
TRIM28	1.0	23.0	23.0	1.0	19.0	19.0	1.0	9.0	9.0	True	True	True	True	True	True	True
TRIM3							1.0	9.0	9.0	False	False	True	False	False	True	True
TRIM30A							1.0	9.0	9.0	False	False	True	False	False	True	False
TRIM30D							1.0	9.0	9.0	False	False	True	False	False	True	False
TRIM32							1.0	9.0	9.0	False	False	True	False	False	True	True
TRIM33							1.0	9.0	9.0	False	False	True	False	False	True	True
TRIM34A							1.0	9.0	9.0	False	False	True	False	False	True	False
TRIM35							1.0	9.0	9.0	False	False	True	False	False	True	True
TRIM36							1.0	9.0	9.0	False	False	True	False	False	True	False
TRIM37							1.0	9.0	9.0	False	False	True	False	False	True	True
TRIM39							1.0	9.0	9.0	False	False	True	False	False	True	False
TRIM41							1.0	9.0	9.0	False	False	True	False	False	True	True
TRIM44							1.0	9.0	9.0	False	False	True	False	False	True	True
TRIM47							1.0	9.0	9.0	False	False	True	False	False	True	True
TRIM5							0.7778	7.0	9.0	False	False	True	False	False	True	False
TRIM56							1.0	9.0	9.0	False	False	True	False	False	True	True
TRIM59							0.7778	7.0	9.0	False	False	True	False	False	True	True
TRIM62							0.8889	8.0	9.0	False	False	True	False	False	True	False
TRIM65							1.0	9.0	9.0	False	False	True	False	False	True	True
TRIM68							0.8889	8.0	9.0	False	False	True	False	False	True	True
TRIM7							1.0	9.0	9.0	False	False	True	False	False	True	True
TRIM8							1.0	9.0	9.0	False	False	True	False	False	True	True
TRIO							1.0	9.0	9.0	False	False	True	False	False	True	True
TRIOBP							1.0	9.0	9.0	False	False	True	False	False	True	False
TRIP10	0.4783	11.0	23.0	0.6316	12.0	19.0	1.0	9.0	9.0	False	True	True	False	True	True	True
TRIP11	0.8261	19.0	23.0				1.0	9.0	9.0	True	False	True	False	True	True	True
TRIP12							1.0	9.0	9.0	False	False	True	False	False	True	True
TRIP13							1.0	9.0	9.0	False	False	True	False	False	True	False
TRIP4							1.0	9.0	9.0	False	False	True	False	False	True	True
TRIP6				0.7368	14.0	19.0	1.0	9.0	9.0	False	True	True	False	True	True	True
TRIQK							1.0	9.0	9.0	False	False	True	False	False	True	True
TRIR	0.3478	8.0	23.0				1.0	9.0	9.0	False	False	True	False	False	True	False
TRIT1							1.0	9.0	9.0	False	False	True	False	False	True	True
TRMO							0.6667	6.0	9.0	False	False	True	False	False	True	False
TRMT1							1.0	9.0	9.0	False	False	True	False	False	True	True
TRMT10A							1.0	9.0	9.0	False	False	True	False	False	True	False
TRMT10C							1.0	9.0	9.0	False	False	True	False	False	True	True
TRMT11							1.0	9.0	9.0	False	False	True	False	False	True	True
TRMT112				0.6316	12.0	19.0	1.0	9.0	9.0	False	True	True	False	True	True	True
TRMT13							0.8889	8.0	9.0	False	False	True	False	False	True	False
TRMT1L							1.0	9.0	9.0	False	False	True	False	False	True	True
TRMT2A							1.0	9.0	9.0	False	False	True	False	False	True	True
TRMT2B							1.0	9.0	9.0	False	False	True	False	False	True	False
TRMT44							1.0	9.0	9.0	False	False	True	False	False	True	True
TRMT5							1.0	9.0	9.0	False	False	True	False	False	True	True
TRMT6							1.0	9.0	9.0	False	False	True	False	False	True	True
TRMT61A							1.0	9.0	9.0	False	False	True	False	False	True	True
TRMU							1.0	9.0	9.0	False	False	True	False	False	True	True
TRNAU1AP							1.0	9.0	9.0	False	False	True	False	False	True	True
TRNT1				1.0	19.0	19.0	1.0	9.0	9.0	False	True	True	False	True	True	True
TRP53RKA							1.0	9.0	9.0	False	False	True	False	False	True	False
TRPC1							1.0	9.0	9.0	False	False	True	False	False	True	True
TRPC2							0.8889	8.0	9.0	False	False	True	False	False	False	False
TRPC4AP							1.0	9.0	9.0	False	False	True	False	False	True	True
TRPC6							0.5556	5.0	9.0	False	False	True	False	False	True	False
TRPM4							1.0	9.0	9.0	False	False	True	False	False	True	True
TRPM6							1.0	9.0	9.0	False	False	True	False	False	True	True
TRPM7							1.0	9.0	9.0	False	False	True	False	False	True	True
TRPS1							1.0	9.0	9.0	False	False	True	False	False	True	True
TRPT1							1.0	9.0	9.0	False	False	True	False	False	True	True
TRPV2							1.0	9.0	9.0	False	False	True	False	False	True	False
TRPV4							1.0	9.0	9.0	False	False	True	False	False	True	True
TRPV5							1.0	9.0	9.0	False	False	True	False	False	True	True
TRRAP							1.0	9.0	9.0	False	False	True	False	False	True	True
TRUB1							1.0	9.0	9.0	False	False	True	False	False	True	True
TRUB2							1.0	9.0	9.0	False	False	True	False	False	True	True
TRY10							1.0	9.0	9.0	False	False	True	False	False	False	False
TSC1							1.0	9.0	9.0	False	False	True	False	False	True	True
TSC2							1.0	9.0	9.0	False	False	True	False	False	True	True
TSC22D1							1.0	9.0	9.0	False	False	True	False	False	True	True
TSC22D2							1.0	9.0	9.0	False	False	True	False	False	True	True
TSC22D3							1.0	9.0	9.0	False	False	True	False	False	True	True
TSC22D4	0.6957	16.0	23.0				1.0	9.0	9.0	True	False	True	False	True	True	True
TSEN15							1.0	9.0	9.0	False	False	True	False	False	True	True
TSEN2							1.0	9.0	9.0	False	False	True	False	False	True	False
TSEN34							1.0	9.0	9.0	False	False	True	False	False	True	True
TSEN54							1.0	9.0	9.0	False	False	True	False	False	True	True
TSFM	1.0	23.0	23.0	1.0	19.0	19.0	1.0	9.0	9.0	True	True	True	True	True	True	True
TSG101	1.0	23.0	23.0	1.0	19.0	19.0	1.0	9.0	9.0	True	True	True	True	True	True	True
TSHR							1.0	9.0	9.0	False	False	True	False	False	True	False
TSHZ1							1.0	9.0	9.0	False	False	True	False	False	True	True
TSHZ2							1.0	9.0	9.0	False	False	True	False	False	True	False
TSHZ3							0.8889	8.0	9.0	False	False	True	False	False	True	False
TSKU							1.0	9.0	9.0	False	False	True	False	False	True	True
TSN	1.0	23.0	23.0	1.0	19.0	19.0	1.0	9.0	9.0	True	True	True	True	True	True	True
TSNAX	0.8696	20.0	23.0				1.0	9.0	9.0	True	False	True	False	True	True	True
TSPAN1	1.0	23.0	23.0	0.8421	16.0	19.0				True	True	False	False	False	True	True
TSPAN12							0.6667	6.0	9.0	False	False	True	False	False	True	True
TSPAN13							1.0	9.0	9.0	False	False	True	False	False	True	True
TSPAN14							1.0	9.0	9.0	False	False	True	False	False	True	True
TSPAN15							1.0	9.0	9.0	False	False	True	False	False	True	True
TSPAN18							1.0	9.0	9.0	False	False	True	False	False	True	True
TSPAN2							1.0	9.0	9.0	False	False	True	False	False	True	True
TSPAN3							1.0	9.0	9.0	False	False	True	False	False	True	True
TSPAN31							1.0	9.0	9.0	False	False	True	False	False	True	True
TSPAN33							1.0	9.0	9.0	False	False	True	False	False	True	True
TSPAN4							1.0	9.0	9.0	False	False	True	False	False	True	True
TSPAN5							1.0	9.0	9.0	False	False	True	False	False	True	True
TSPAN6	1.0	23.0	23.0				1.0	9.0	9.0	True	False	True	False	True	True	True
TSPAN7							1.0	9.0	9.0	False	False	True	False	False	True	True
TSPAN8	1.0	23.0	23.0	1.0	19.0	19.0	1.0	9.0	9.0	True	True	True	True	True	True	True
TSPAN9				1.0	19.0	19.0	1.0	9.0	9.0	False	True	True	False	True	True	True
TSPO							1.0	9.0	9.0	False	False	True	False	False	True	True
TSPYL1							1.0	9.0	9.0	False	False	True	False	False	True	True
TSPYL4							1.0	9.0	9.0	False	False	True	False	False	True	True
TSPYL5							1.0	9.0	9.0	False	False	True	False	False	True	False
TSR1							1.0	9.0	9.0	False	False	True	False	False	True	True
TSR2							1.0	9.0	9.0	False	False	True	False	False	True	True
TSR3							1.0	9.0	9.0	False	False	True	False	False	True	True
TSSC4							1.0	9.0	9.0	False	False	True	False	False	True	True
TST							1.0	9.0	9.0	False	False	True	False	False	True	True
TSTD1	1.0	23.0	23.0	1.0	19.0	19.0	1.0	9.0	9.0	True	True	True	True	True	True	True
TSTD2							1.0	9.0	9.0	False	False	True	False	False	True	True
TSTD3							1.0	9.0	9.0	False	False	True	False	False	True	True
TTBK1							0.7778	7.0	9.0	False	False	True	False	False	True	False
TTBK2							1.0	9.0	9.0	False	False	True	False	False	True	True
TTC1							1.0	9.0	9.0	False	False	True	False	False	True	True
TTC12							1.0	9.0	9.0	False	False	True	False	False	True	True
TTC13							1.0	9.0	9.0	False	False	True	False	False	True	True
TTC14							1.0	9.0	9.0	False	False	True	False	False	True	True
TTC17							1.0	9.0	9.0	False	False	True	False	False	True	True
TTC19	1.0	23.0	23.0				1.0	9.0	9.0	True	False	True	False	True	True	True
TTC21B							1.0	9.0	9.0	False	False	True	False	False	True	True
TTC23							1.0	9.0	9.0	False	False	True	False	False	True	True
TTC27							1.0	9.0	9.0	False	False	True	False	False	True	True
TTC28							1.0	9.0	9.0	False	False	True	False	False	True	True
TTC3							1.0	9.0	9.0	False	False	True	False	False	True	True
TTC32							1.0	9.0	9.0	False	False	True	False	False	True	True
TTC33							1.0	9.0	9.0	False	False	True	False	False	True	True
TTC36	0.8261	19.0	23.0				1.0	9.0	9.0	True	False	True	False	True	True	True
TTC38	1.0	23.0	23.0	1.0	19.0	19.0	1.0	9.0	9.0	True	True	True	True	True	True	True
TTC39A							1.0	9.0	9.0	False	False	True	False	False	True	False
TTC39B	0.6957	16.0	23.0				1.0	9.0	9.0	True	False	True	False	True	True	True
TTC39C							1.0	9.0	9.0	False	False	True	False	False	True	True
TTC4							1.0	9.0	9.0	False	False	True	False	False	True	True
TTC5							1.0	9.0	9.0	False	False	True	False	False	True	True
TTC7A							1.0	9.0	9.0	False	False	True	False	False	True	True
TTC7B							1.0	9.0	9.0	False	False	True	False	False	True	True
TTC8							1.0	9.0	9.0	False	False	True	False	False	True	True
TTC9							0.7778	7.0	9.0	False	False	True	False	False	True	False
TTC9C							1.0	9.0	9.0	False	False	True	False	False	True	False
TTF1							1.0	9.0	9.0	False	False	True	False	False	True	True
TTF2							1.0	9.0	9.0	False	False	True	False	False	True	True
TTI1							1.0	9.0	9.0	False	False	True	False	False	True	True
TTI2							1.0	9.0	9.0	False	False	True	False	False	True	True
TTK							0.6667	6.0	9.0	False	False	True	False	False	True	False
TTL							1.0	9.0	9.0	False	False	True	False	False	True	True
TTLL1							0.8889	8.0	9.0	False	False	True	False	False	True	True
TTLL12	1.0	23.0	23.0	1.0	19.0	19.0	1.0	9.0	9.0	True	True	True	True	True	True	True
TTLL4							1.0	9.0	9.0	False	False	True	False	False	True	True
TTN	0.6957	16.0	23.0				0.7778	7.0	9.0	True	False	True	False	True	False	False
TTPA							1.0	9.0	9.0	False	False	True	False	False	True	False
TTPAL							1.0	9.0	9.0	False	False	True	False	False	True	True
TTR	1.0	23.0	23.0	1.0	19.0	19.0	1.0	9.0	9.0	True	True	True	True	True	True	True
TTYH2							1.0	9.0	9.0	False	False	True	False	False	True	True
TTYH3							1.0	9.0	9.0	False	False	True	False	False	True	True
TUBA1C	1.0	23.0	23.0	1.0	19.0	19.0	1.0	9.0	9.0	True	True	True	True	True	True	False
TUBA4A	1.0	23.0	23.0	1.0	19.0	19.0	1.0	9.0	9.0	True	True	True	True	True	True	True
TUBA8							1.0	9.0	9.0	False	False	True	False	False	True	False
TUBAL3							1.0	9.0	9.0	False	False	True	False	False	True	False
TUBB	1.0	23.0	23.0	1.0	19.0	19.0	1.0	9.0	9.0	True	True	True	True	True	True	True
TUBB1							1.0	9.0	9.0	False	False	True	False	False	False	False
TUBB2A							1.0	9.0	9.0	False	False	True	False	False	True	True
TUBB2B	1.0	23.0	23.0	1.0	19.0	19.0	1.0	9.0	9.0	True	True	True	True	True	True	True
TUBB3				0.9474	18.0	19.0	1.0	9.0	9.0	False	True	True	False	True	True	False
TUBB4A	0.6087	14.0	23.0				1.0	9.0	9.0	True	False	True	False	True	True	False
TUBB4B	1.0	23.0	23.0	1.0	19.0	19.0	1.0	9.0	9.0	True	True	True	True	True	True	True
TUBB6	1.0	23.0	23.0	1.0	19.0	19.0	1.0	9.0	9.0	True	True	True	True	True	True	True
TUBE1							0.2222	2.0	9.0	False	False	False	False	False	True	False
TUBG1							1.0	9.0	9.0	False	False	True	False	False	True	False
TUBGCP2							1.0	9.0	9.0	False	False	True	False	False	True	True
TUBGCP3							1.0	9.0	9.0	False	False	True	False	False	True	True
TUBGCP4							1.0	9.0	9.0	False	False	True	False	False	True	True
TUBGCP5							1.0	9.0	9.0	False	False	True	False	False	True	True
TUBGCP6							1.0	9.0	9.0	False	False	True	False	False	True	True
TUFM	1.0	23.0	23.0	1.0	19.0	19.0	1.0	9.0	9.0	True	True	True	True	True	True	True
TUFT1							1.0	9.0	9.0	False	False	True	False	False	True	True
TUG1							0.7778	7.0	9.0	False	False	True	False	False	True	False
TULP3							1.0	9.0	9.0	False	False	True	False	False	True	True
TULP4							1.0	9.0	9.0	False	False	True	False	False	True	True
TUSC1							1.0	9.0	9.0	False	False	True	False	False	True	True
TUSC2							1.0	9.0	9.0	False	False	True	False	False	True	True
TUSC3							1.0	9.0	9.0	False	False	True	False	False	True	True
TUT1							1.0	9.0	9.0	False	False	True	False	False	True	True
TUT4							1.0	9.0	9.0	False	False	True	False	False	True	False
TUT7							1.0	9.0	9.0	False	False	True	False	False	True	False
TVP23B							1.0	9.0	9.0	False	False	True	False	False	True	True
TWF1	1.0	23.0	23.0	1.0	19.0	19.0	1.0	9.0	9.0	True	True	True	True	True	True	True
TWF2							1.0	9.0	9.0	False	False	True	False	False	True	False
TWNK							1.0	9.0	9.0	False	False	True	False	False	True	False
TWSG1							1.0	9.0	9.0	False	False	True	False	False	True	True
TXLNA	0.9565	22.0	23.0				1.0	9.0	9.0	True	False	True	False	True	True	True
TXLNG							1.0	9.0	9.0	False	False	True	False	False	True	True
TXN	1.0	23.0	23.0	1.0	19.0	19.0	1.0	9.0	9.0	True	True	True	True	True	True	True
TXN2	1.0	23.0	23.0	1.0	19.0	19.0	1.0	9.0	9.0	True	True	True	True	True	True	True
TXNDC11							1.0	9.0	9.0	False	False	True	False	False	True	True
TXNDC12	1.0	23.0	23.0	1.0	19.0	19.0	1.0	9.0	9.0	True	True	True	True	True	True	True
TXNDC15							1.0	9.0	9.0	False	False	True	False	False	True	True
TXNDC16							1.0	9.0	9.0	False	False	True	False	False	True	True
TXNDC17	1.0	23.0	23.0	1.0	19.0	19.0	1.0	9.0	9.0	True	True	True	True	True	True	True
TXNDC5	1.0	23.0	23.0	1.0	19.0	19.0	1.0	9.0	9.0	True	True	True	True	True	True	True
TXNDC9							1.0	9.0	9.0	False	False	True	False	False	True	True
TXNIP							1.0	9.0	9.0	False	False	True	False	False	True	True
TXNL1	1.0	23.0	23.0	1.0	19.0	19.0	1.0	9.0	9.0	True	True	True	True	True	True	True
TXNL4A							1.0	9.0	9.0	False	False	True	False	False	True	True
TXNL4B							1.0	9.0	9.0	False	False	True	False	False	True	True
TXNRD1	1.0	23.0	23.0	1.0	19.0	19.0	1.0	9.0	9.0	True	True	True	True	True	True	True
TXNRD2	1.0	23.0	23.0	1.0	19.0	19.0	1.0	9.0	9.0	True	True	True	True	True	True	True
TXNRD3	1.0	23.0	23.0				1.0	9.0	9.0	True	False	True	False	True	True	True
TYK2							1.0	9.0	9.0	False	False	True	False	False	True	True
TYMS							1.0	9.0	9.0	False	False	True	False	False	True	True
TYRO3							0.8889	8.0	9.0	False	False	True	False	False	True	True
TYROBP							0.6667	6.0	9.0	False	False	True	False	False	True	True
TYSND1							1.0	9.0	9.0	False	False	True	False	False	True	True
TYW1							1.0	9.0	9.0	False	False	True	False	False	True	False
TYW2							1.0	9.0	9.0	False	False	True	False	False	True	False
TYW3	0.7826	18.0	23.0				1.0	9.0	9.0	True	False	True	False	True	True	True
TYW5							1.0	9.0	9.0	False	False	True	False	False	True	True
U2AF1	0.8696	20.0	23.0	1.0	19.0	19.0	1.0	9.0	9.0	True	True	True	True	True	True	True
U2AF1L4							1.0	9.0	9.0	False	False	True	False	False	True	True
U2AF2							1.0	9.0	9.0	False	False	True	False	False	True	True
U2SURP							1.0	9.0	9.0	False	False	True	False	False	True	True
UACA							1.0	9.0	9.0	False	False	True	False	False	True	True
UAP1							1.0	9.0	9.0	False	False	True	False	False	True	True
UAP1L1	0.913	21.0	23.0	1.0	19.0	19.0	1.0	9.0	9.0	True	True	True	True	True	True	True
UBA1	1.0	23.0	23.0	1.0	19.0	19.0	1.0	9.0	9.0	True	True	True	True	True	True	True
UBA2	1.0	23.0	23.0	1.0	19.0	19.0	1.0	9.0	9.0	True	True	True	True	True	True	True
UBA3	1.0	23.0	23.0	1.0	19.0	19.0	1.0	9.0	9.0	True	True	True	True	True	True	True
UBA5	0.8696	20.0	23.0				1.0	9.0	9.0	True	False	True	False	True	True	True
UBA52							1.0	9.0	9.0	False	False	True	False	False	True	True
UBA6	1.0	23.0	23.0	1.0	19.0	19.0	1.0	9.0	9.0	True	True	True	True	True	True	True
UBA7							1.0	9.0	9.0	False	False	True	False	False	True	False
UBAC1							1.0	9.0	9.0	False	False	True	False	False	True	True
UBAC2							1.0	9.0	9.0	False	False	True	False	False	True	True
UBAP1							1.0	9.0	9.0	False	False	True	False	False	True	True
UBAP2							1.0	9.0	9.0	False	False	True	False	False	True	True
UBAP2L	1.0	23.0	23.0	1.0	19.0	19.0	1.0	9.0	9.0	True	True	True	True	True	True	True
UBASH3A							0.6667	6.0	9.0	False	False	True	False	False	True	False
UBASH3B							1.0	9.0	9.0	False	False	True	False	False	True	True
UBB							0.8889	8.0	9.0	False	False	True	False	False	True	True
UBE2A							1.0	9.0	9.0	False	False	True	False	False	True	True
UBE2B							1.0	9.0	9.0	False	False	True	False	False	True	True
UBE2C							1.0	9.0	9.0	False	False	True	False	False	True	True
UBE2D1							1.0	9.0	9.0	False	False	True	False	False	True	True
UBE2D2	1.0	23.0	23.0				1.0	9.0	9.0	True	False	True	False	True	True	True
UBE2D3				1.0	19.0	19.0				False	True	False	False	False	True	True
UBE2E1							1.0	9.0	9.0	False	False	True	False	False	True	True
UBE2E2							1.0	9.0	9.0	False	False	True	False	False	True	False
UBE2E3							1.0	9.0	9.0	False	False	True	False	False	True	True
UBE2F							1.0	9.0	9.0	False	False	True	False	False	True	True
UBE2G1							1.0	9.0	9.0	False	False	True	False	False	True	True
UBE2G2	1.0	23.0	23.0				1.0	9.0	9.0	True	False	True	False	True	True	True
UBE2H							1.0	9.0	9.0	False	False	True	False	False	True	True
UBE2I	0.9565	22.0	23.0	1.0	19.0	19.0	1.0	9.0	9.0	True	True	True	True	True	True	True
UBE2J1							1.0	9.0	9.0	False	False	True	False	False	True	True
UBE2J2							1.0	9.0	9.0	False	False	True	False	False	True	True
UBE2K	1.0	23.0	23.0				1.0	9.0	9.0	True	False	True	False	True	True	True
UBE2L3	1.0	23.0	23.0	1.0	19.0	19.0	1.0	9.0	9.0	True	True	True	True	True	True	True
UBE2L6							1.0	9.0	9.0	False	False	True	False	False	True	True
UBE2M	1.0	23.0	23.0	1.0	19.0	19.0	1.0	9.0	9.0	True	True	True	True	True	True	True
UBE2N	1.0	23.0	23.0	1.0	19.0	19.0	1.0	9.0	9.0	True	True	True	True	True	True	True
UBE2O							1.0	9.0	9.0	False	False	True	False	False	True	True
UBE2Q1							1.0	9.0	9.0	False	False	True	False	False	True	True
UBE2Q2							1.0	9.0	9.0	False	False	True	False	False	True	True
UBE2Q2L							1.0	9.0	9.0	False	False	True	False	False	False	False
UBE2R2							1.0	9.0	9.0	False	False	True	False	False	True	True
UBE2S							1.0	9.0	9.0	False	False	True	False	False	True	True
UBE2T							0.7778	7.0	9.0	False	False	True	False	False	True	False
UBE2V1	0.8696	20.0	23.0				1.0	9.0	9.0	True	False	True	False	True	True	False
UBE2V2	1.0	23.0	23.0	1.0	19.0	19.0	1.0	9.0	9.0	True	True	True	True	True	True	True
UBE2W							1.0	9.0	9.0	False	False	True	False	False	True	True
UBE2Z							1.0	9.0	9.0	False	False	True	False	False	True	True
UBE3A	0.8696	20.0	23.0				1.0	9.0	9.0	True	False	True	False	True	True	True
UBE3B							1.0	9.0	9.0	False	False	True	False	False	True	True
UBE3C							1.0	9.0	9.0	False	False	True	False	False	True	True
UBE3D							1.0	9.0	9.0	False	False	True	False	False	True	False
UBE4A				0.8421	16.0	19.0	1.0	9.0	9.0	False	True	True	False	True	True	True
UBE4B							1.0	9.0	9.0	False	False	True	False	False	True	True
UBFD1	0.8261	19.0	23.0	0.8421	16.0	19.0	1.0	9.0	9.0	True	True	True	True	True	True	True
UBIAD1							1.0	9.0	9.0	False	False	True	False	False	True	False
UBL3							1.0	9.0	9.0	False	False	True	False	False	True	True
UBL4A							1.0	9.0	9.0	False	False	True	False	False	True	False
UBL5	0.6522	15.0	23.0							True	False	False	False	False	True	True
UBL7							1.0	9.0	9.0	False	False	True	False	False	True	True
UBLCP1	0.4348	10.0	23.0				1.0	9.0	9.0	False	False	True	False	False	True	True
UBN1							1.0	9.0	9.0	False	False	True	False	False	True	True
UBN2							1.0	9.0	9.0	False	False	True	False	False	True	True
UBOX5							1.0	9.0	9.0	False	False	True	False	False	True	True
UBP1							1.0	9.0	9.0	False	False	True	False	False	True	True
UBQLN1	1.0	23.0	23.0	1.0	19.0	19.0	1.0	9.0	9.0	True	True	True	True	True	True	True
UBQLN2	0.6087	14.0	23.0				1.0	9.0	9.0	True	False	True	False	True	True	True
UBQLN4							1.0	9.0	9.0	False	False	True	False	False	True	True
UBR1							1.0	9.0	9.0	False	False	True	False	False	True	True
UBR2							1.0	9.0	9.0	False	False	True	False	False	True	True
UBR3							1.0	9.0	9.0	False	False	True	False	False	True	True
UBR4	1.0	23.0	23.0	1.0	19.0	19.0	1.0	9.0	9.0	True	True	True	True	True	True	True
UBR5							1.0	9.0	9.0	False	False	True	False	False	True	True
UBR7							1.0	9.0	9.0	False	False	True	False	False	True	True
UBTD1							1.0	9.0	9.0	False	False	True	False	False	True	True
UBTD2							1.0	9.0	9.0	False	False	True	False	False	True	True
UBTF				0.4211	8.0	19.0	1.0	9.0	9.0	False	False	True	False	False	True	True
UBXN1							1.0	9.0	9.0	False	False	True	False	False	True	True
UBXN10							1.0	9.0	9.0	False	False	True	False	False	True	True
UBXN2A							1.0	9.0	9.0	False	False	True	False	False	True	True
UBXN2B							1.0	9.0	9.0	False	False	True	False	False	True	True
UBXN4	1.0	23.0	23.0	1.0	19.0	19.0	1.0	9.0	9.0	True	True	True	True	True	True	True
UBXN6							1.0	9.0	9.0	False	False	True	False	False	True	True
UBXN7							1.0	9.0	9.0	False	False	True	False	False	True	True
UBXN8							1.0	9.0	9.0	False	False	True	False	False	True	True
UCHL1	1.0	23.0	23.0	1.0	19.0	19.0	1.0	9.0	9.0	True	True	True	True	True	True	True
UCHL3	1.0	23.0	23.0	1.0	19.0	19.0	1.0	9.0	9.0	True	True	True	True	True	True	True
UCHL5	1.0	23.0	23.0	1.0	19.0	19.0	1.0	9.0	9.0	True	True	True	True	True	True	True
UCK1							1.0	9.0	9.0	False	False	True	False	False	True	True
UCK2							1.0	9.0	9.0	False	False	True	False	False	True	True
UCKL1							1.0	9.0	9.0	False	False	True	False	False	True	True
UCP1							0.7778	7.0	9.0	False	False	True	False	False	True	False
UCP2							1.0	9.0	9.0	False	False	True	False	False	True	True
UCP3							0.3333	3.0	9.0	False	False	False	False	False	True	False
UEVLD							1.0	9.0	9.0	False	False	True	False	False	True	True
UFC1				0.6316	12.0	19.0	1.0	9.0	9.0	False	True	True	False	True	True	True
UFD1	1.0	23.0	23.0	1.0	19.0	19.0	1.0	9.0	9.0	True	True	True	True	True	True	False
UFL1	1.0	23.0	23.0	1.0	19.0	19.0	1.0	9.0	9.0	True	True	True	True	True	True	True
UFM1	0.8261	19.0	23.0	1.0	19.0	19.0	1.0	9.0	9.0	True	True	True	True	True	True	True
UFSP1							1.0	9.0	9.0	False	False	True	False	False	True	True
UFSP2							1.0	9.0	9.0	False	False	True	False	False	True	True
UGCG							1.0	9.0	9.0	False	False	True	False	False	True	True
UGDH	1.0	23.0	23.0	1.0	19.0	19.0	1.0	9.0	9.0	True	True	True	True	True	True	True
UGGT1	1.0	23.0	23.0	1.0	19.0	19.0	1.0	9.0	9.0	True	True	True	True	True	True	True
UGGT2							1.0	9.0	9.0	False	False	True	False	False	True	False
UGP2	1.0	23.0	23.0	1.0	19.0	19.0	1.0	9.0	9.0	True	True	True	True	True	True	True
UGT1A1							1.0	9.0	9.0	False	False	True	False	False	True	False
UGT1A2							1.0	9.0	9.0	False	False	True	False	False	True	False
UGT1A6							1.0	9.0	9.0	False	False	True	False	False	False	False
UGT1A6B							1.0	9.0	9.0	False	False	True	False	False	True	False
UGT1A7							1.0	9.0	9.0	False	False	True	False	False	False	False
UGT1A9							1.0	9.0	9.0	False	False	True	False	False	True	False
UGT2A3							1.0	9.0	9.0	False	False	True	False	False	True	False
UGT2B1							1.0	9.0	9.0	False	False	True	False	False	False	False
UGT2B34							1.0	9.0	9.0	False	False	True	False	False	True	False
UGT2B37							1.0	9.0	9.0	False	False	True	False	False	True	False
UGT2B38							1.0	9.0	9.0	False	False	True	False	False	True	False
UGT3A1							1.0	9.0	9.0	False	False	True	False	False	True	False
UGT3A2							1.0	9.0	9.0	False	False	True	False	False	True	False
UGT8							1.0	9.0	9.0	False	False	True	False	False	True	True
UHMK1							1.0	9.0	9.0	False	False	True	False	False	True	True
UHRF1							1.0	9.0	9.0	False	False	True	False	False	True	False
UHRF2							1.0	9.0	9.0	False	False	True	False	False	True	True
UIMC1							1.0	9.0	9.0	False	False	True	False	False	True	True
ULK1							1.0	9.0	9.0	False	False	True	False	False	True	True
ULK2							1.0	9.0	9.0	False	False	True	False	False	True	True
ULK3							1.0	9.0	9.0	False	False	True	False	False	True	True
ULK4							0.6667	6.0	9.0	False	False	True	False	False	True	False
UMAD1							1.0	9.0	9.0	False	False	True	False	False	True	False
UMOD	1.0	23.0	23.0	1.0	19.0	19.0	1.0	9.0	9.0	True	True	True	True	True	True	True
UMPS	1.0	23.0	23.0	0.7895	15.0	19.0	1.0	9.0	9.0	True	True	True	True	True	True	True
UNC119							1.0	9.0	9.0	False	False	True	False	False	True	True
UNC119B	0.8261	19.0	23.0				1.0	9.0	9.0	True	False	True	False	True	True	True
UNC13B							1.0	9.0	9.0	False	False	True	False	False	True	True
UNC13D							1.0	9.0	9.0	False	False	True	False	False	True	False
UNC45A	0.6957	16.0	23.0				1.0	9.0	9.0	True	False	True	False	True	True	True
UNC5B							1.0	9.0	9.0	False	False	True	False	False	True	True
UNC5C							1.0	9.0	9.0	False	False	True	False	False	True	False
UNC93B1							1.0	9.0	9.0	False	False	True	False	False	True	True
UNG							1.0	9.0	9.0	False	False	True	False	False	True	False
UNK							1.0	9.0	9.0	False	False	True	False	False	True	True
UNKL							1.0	9.0	9.0	False	False	True	False	False	True	True
UOX							0.1111	1.0	9.0	False	False	False	False	False	False	False
UPB1	1.0	23.0	23.0	1.0	19.0	19.0	1.0	9.0	9.0	True	True	True	True	True	True	True
UPF1	1.0	23.0	23.0	1.0	19.0	19.0	1.0	9.0	9.0	True	True	True	True	True	True	True
UPF2							1.0	9.0	9.0	False	False	True	False	False	True	True
UPF3A							1.0	9.0	9.0	False	False	True	False	False	True	True
UPF3B							1.0	9.0	9.0	False	False	True	False	False	True	True
UPK1A							1.0	9.0	9.0	False	False	True	False	False	True	False
UPK1B							1.0	9.0	9.0	False	False	True	False	False	True	False
UPK2							1.0	9.0	9.0	False	False	True	False	False	True	False
UPK3A							1.0	9.0	9.0	False	False	True	False	False	True	True
UPK3B							0.3333	3.0	9.0	False	False	False	False	False	True	True
UPP1	1.0	23.0	23.0	1.0	19.0	19.0	1.0	9.0	9.0	True	True	True	True	True	True	True
UPP2							0.3333	3.0	9.0	False	False	False	False	False	True	False
UPRT				0.8421	16.0	19.0	1.0	9.0	9.0	False	True	True	False	True	True	True
UQCC1							1.0	9.0	9.0	False	False	True	False	False	True	True
UQCC2	0.9565	22.0	23.0				1.0	9.0	9.0	True	False	True	False	True	True	True
UQCC3							1.0	9.0	9.0	False	False	True	False	False	True	True
UQCC4							1.0	9.0	9.0	False	False	True	False	False	False	False
UQCC5							1.0	9.0	9.0	False	False	True	False	False	False	False
UQCC6							0.8889	8.0	9.0	False	False	True	False	False	True	False
UQCR10							1.0	9.0	9.0	False	False	True	False	False	True	True
UQCR11							1.0	9.0	9.0	False	False	True	False	False	True	False
UQCRB							1.0	9.0	9.0	False	False	True	False	False	True	False
UQCRC1	1.0	23.0	23.0	1.0	19.0	19.0	1.0	9.0	9.0	True	True	True	True	True	True	True
UQCRC2	1.0	23.0	23.0	1.0	19.0	19.0	1.0	9.0	9.0	True	True	True	True	True	True	True
UQCRFS1	1.0	23.0	23.0	1.0	19.0	19.0	1.0	9.0	9.0	True	True	True	True	True	True	False
UQCRH							1.0	9.0	9.0	False	False	True	False	False	True	False
UQCRQ	1.0	23.0	23.0	1.0	19.0	19.0	1.0	9.0	9.0	True	True	True	True	True	True	True
URB1							1.0	9.0	9.0	False	False	True	False	False	True	True
URB2							1.0	9.0	9.0	False	False	True	False	False	True	True
URGCP							1.0	9.0	9.0	False	False	True	False	False	True	True
URI1							1.0	9.0	9.0	False	False	True	False	False	True	True
URM1							1.0	9.0	9.0	False	False	True	False	False	True	True
UROC1							1.0	9.0	9.0	False	False	True	False	False	True	False
UROD	0.8261	19.0	23.0	1.0	19.0	19.0	1.0	9.0	9.0	True	True	True	True	True	True	True
UROS							1.0	9.0	9.0	False	False	True	False	False	True	True
USB1							1.0	9.0	9.0	False	False	True	False	False	True	True
USE1							1.0	9.0	9.0	False	False	True	False	False	True	True
USF1							1.0	9.0	9.0	False	False	True	False	False	True	True
USF2							1.0	9.0	9.0	False	False	True	False	False	True	True
USF3							1.0	9.0	9.0	False	False	True	False	False	True	False
USH1C	1.0	23.0	23.0	0.8421	16.0	19.0	1.0	9.0	9.0	True	True	True	True	True	True	True
USHBP1							1.0	9.0	9.0	False	False	True	False	False	True	True
USO1	1.0	23.0	23.0	1.0	19.0	19.0	1.0	9.0	9.0	True	True	True	True	True	True	True
USP1							1.0	9.0	9.0	False	False	True	False	False	True	True
USP10	0.6957	16.0	23.0				1.0	9.0	9.0	True	False	True	False	True	True	True
USP11							1.0	9.0	9.0	False	False	True	False	False	True	True
USP12							1.0	9.0	9.0	False	False	True	False	False	True	True
USP14	1.0	23.0	23.0	1.0	19.0	19.0	1.0	9.0	9.0	True	True	True	True	True	True	True
USP15							1.0	9.0	9.0	False	False	True	False	False	True	True
USP16							1.0	9.0	9.0	False	False	True	False	False	True	True
USP18							1.0	9.0	9.0	False	False	True	False	False	True	True
USP19							1.0	9.0	9.0	False	False	True	False	False	True	True
USP2							1.0	9.0	9.0	False	False	True	False	False	True	True
USP20							1.0	9.0	9.0	False	False	True	False	False	True	True
USP21							1.0	9.0	9.0	False	False	True	False	False	True	True
USP22							1.0	9.0	9.0	False	False	True	False	False	True	True
USP24	1.0	23.0	23.0	0.8421	16.0	19.0	1.0	9.0	9.0	True	True	True	True	True	True	True
USP25							1.0	9.0	9.0	False	False	True	False	False	True	True
USP27X							0.7778	7.0	9.0	False	False	True	False	False	True	False
USP28							1.0	9.0	9.0	False	False	True	False	False	True	True
USP3							1.0	9.0	9.0	False	False	True	False	False	True	True
USP30							1.0	9.0	9.0	False	False	True	False	False	True	True
USP31							1.0	9.0	9.0	False	False	True	False	False	True	True
USP32							1.0	9.0	9.0	False	False	True	False	False	True	True
USP33							1.0	9.0	9.0	False	False	True	False	False	True	True
USP34							1.0	9.0	9.0	False	False	True	False	False	True	True
USP35							1.0	9.0	9.0	False	False	True	False	False	True	False
USP36							1.0	9.0	9.0	False	False	True	False	False	True	True
USP37							1.0	9.0	9.0	False	False	True	False	False	True	True
USP38							1.0	9.0	9.0	False	False	True	False	False	True	True
USP39				0.9474	18.0	19.0	1.0	9.0	9.0	False	True	True	False	True	True	True
USP4	1.0	23.0	23.0	1.0	19.0	19.0	1.0	9.0	9.0	True	True	True	True	True	True	True
USP40							1.0	9.0	9.0	False	False	True	False	False	True	True
USP42							1.0	9.0	9.0	False	False	True	False	False	True	True
USP43							1.0	9.0	9.0	False	False	True	False	False	True	True
USP45							1.0	9.0	9.0	False	False	True	False	False	True	True
USP46							1.0	9.0	9.0	False	False	True	False	False	True	True
USP47	1.0	23.0	23.0	1.0	19.0	19.0	1.0	9.0	9.0	True	True	True	True	True	True	True
USP48							1.0	9.0	9.0	False	False	True	False	False	True	True
USP5	1.0	23.0	23.0	1.0	19.0	19.0	1.0	9.0	9.0	True	True	True	True	True	True	True
USP53							1.0	9.0	9.0	False	False	True	False	False	True	True
USP54							1.0	9.0	9.0	False	False	True	False	False	True	True
USP6NL							1.0	9.0	9.0	False	False	True	False	False	True	True
USP7	1.0	23.0	23.0	1.0	19.0	19.0	1.0	9.0	9.0	True	True	True	True	True	True	True
USP8							1.0	9.0	9.0	False	False	True	False	False	True	True
USP9X	1.0	23.0	23.0	1.0	19.0	19.0	1.0	9.0	9.0	True	True	True	True	True	True	True
UST							1.0	9.0	9.0	False	False	True	False	False	True	False
UTP11							1.0	9.0	9.0	False	False	True	False	False	True	False
UTP14A							1.0	9.0	9.0	False	False	True	False	False	True	True
UTP15							1.0	9.0	9.0	False	False	True	False	False	True	True
UTP18							1.0	9.0	9.0	False	False	True	False	False	True	True
UTP20							1.0	9.0	9.0	False	False	True	False	False	True	True
UTP23							1.0	9.0	9.0	False	False	True	False	False	True	True
UTP25							1.0	9.0	9.0	False	False	True	False	False	True	False
UTP3							1.0	9.0	9.0	False	False	True	False	False	True	True
UTP4							1.0	9.0	9.0	False	False	True	False	False	True	False
UTP6							1.0	9.0	9.0	False	False	True	False	False	True	True
UTRN	1.0	23.0	23.0	1.0	19.0	19.0	1.0	9.0	9.0	True	True	True	True	True	True	True
UTY							1.0	9.0	9.0	False	False	True	False	False	True	False
UVRAG							1.0	9.0	9.0	False	False	True	False	False	True	True
UVSSA							1.0	9.0	9.0	False	False	True	False	False	True	True
UXS1							1.0	9.0	9.0	False	False	True	False	False	True	True
UXT							1.0	9.0	9.0	False	False	True	False	False	True	True
VAC14				0.7895	15.0	19.0	1.0	9.0	9.0	False	True	True	False	True	True	True
VAMP2							1.0	9.0	9.0	False	False	True	False	False	True	True
VAMP3	1.0	23.0	23.0	1.0	19.0	19.0	1.0	9.0	9.0	True	True	True	True	True	True	True
VAMP4							1.0	9.0	9.0	False	False	True	False	False	True	True
VAMP5							1.0	9.0	9.0	False	False	True	False	False	True	True
VAMP7	1.0	23.0	23.0	0.4211	8.0	19.0	1.0	9.0	9.0	True	False	True	False	True	True	False
VAMP8	1.0	23.0	23.0				1.0	9.0	9.0	True	False	True	False	True	True	True
VANGL1							1.0	9.0	9.0	False	False	True	False	False	True	True
VANGL2							1.0	9.0	9.0	False	False	True	False	False	True	False
VAPA	1.0	23.0	23.0	1.0	19.0	19.0	1.0	9.0	9.0	True	True	True	True	True	True	True
VAPB	1.0	23.0	23.0	1.0	19.0	19.0	1.0	9.0	9.0	True	True	True	True	True	True	True
VARS1	1.0	23.0	23.0	1.0	19.0	19.0	1.0	9.0	9.0	True	True	True	True	True	True	False
VARS2	0.7391	17.0	23.0	0.5789	11.0	19.0	1.0	9.0	9.0	True	True	True	True	True	True	True
VASH1							1.0	9.0	9.0	False	False	True	False	False	True	False
VASN							1.0	9.0	9.0	False	False	True	False	False	True	True
VASP	1.0	23.0	23.0	1.0	19.0	19.0	1.0	9.0	9.0	True	True	True	True	True	True	True
VAT1	1.0	23.0	23.0	1.0	19.0	19.0	1.0	9.0	9.0	True	True	True	True	True	True	True
VAT1L							1.0	9.0	9.0	False	False	True	False	False	True	False
VAV1							1.0	9.0	9.0	False	False	True	False	False	True	True
VAV2							1.0	9.0	9.0	False	False	True	False	False	True	True
VAV3							1.0	9.0	9.0	False	False	True	False	False	True	True
VBP1	1.0	23.0	23.0	1.0	19.0	19.0	1.0	9.0	9.0	True	True	True	True	True	True	True
VCAM1	0.5652	13.0	23.0	1.0	19.0	19.0	1.0	9.0	9.0	True	True	True	True	True	True	True
VCAN				1.0	19.0	19.0	1.0	9.0	9.0	False	True	True	False	True	True	False
VCF2							1.0	9.0	9.0	False	False	True	False	False	False	False
VCL	1.0	23.0	23.0	1.0	19.0	19.0	1.0	9.0	9.0	True	True	True	True	True	True	True
VCP	1.0	23.0	23.0	1.0	19.0	19.0	1.0	9.0	9.0	True	True	True	True	True	True	True
VCPIP1							1.0	9.0	9.0	False	False	True	False	False	True	True
VCPKMT							1.0	9.0	9.0	False	False	True	False	False	True	True
VDAC1	1.0	23.0	23.0	0.9474	18.0	19.0	1.0	9.0	9.0	True	True	True	True	True	True	True
VDAC2	1.0	23.0	23.0	0.9474	18.0	19.0	1.0	9.0	9.0	True	True	True	True	True	True	True
VDAC3	1.0	23.0	23.0	1.0	19.0	19.0	1.0	9.0	9.0	True	True	True	True	True	True	True
VDR							1.0	9.0	9.0	False	False	True	False	False	True	True
VEGFA							1.0	9.0	9.0	False	False	True	False	False	True	True
VEGFC							0.6667	6.0	9.0	False	False	True	False	False	True	True
VEGFD							1.0	9.0	9.0	False	False	True	False	False	True	False
VEPH1							1.0	9.0	9.0	False	False	True	False	False	True	True
VEZF1							1.0	9.0	9.0	False	False	True	False	False	True	True
VEZT							1.0	9.0	9.0	False	False	True	False	False	True	True
VGF							1.0	9.0	9.0	False	False	True	False	False	True	False
VGLL3							0.6667	6.0	9.0	False	False	True	False	False	True	False
VGLL4							1.0	9.0	9.0	False	False	True	False	False	True	True
VHLL							1.0	9.0	9.0	False	False	True	False	False	True	False
VIL1	1.0	23.0	23.0	1.0	19.0	19.0	1.0	9.0	9.0	True	True	True	True	True	True	True
VILL							1.0	9.0	9.0	False	False	True	False	False	True	True
VIM	1.0	23.0	23.0	1.0	19.0	19.0	1.0	9.0	9.0	True	True	True	True	True	True	True
VIPAS39							1.0	9.0	9.0	False	False	True	False	False	True	True
VIRMA							1.0	9.0	9.0	False	False	True	False	False	True	False
VKORC1							1.0	9.0	9.0	False	False	True	False	False	True	True
VKORC1L1							1.0	9.0	9.0	False	False	True	False	False	True	True
VLDLR							1.0	9.0	9.0	False	False	True	False	False	True	True
VMA12							1.0	9.0	9.0	False	False	True	False	False	True	False
VMA21							0.5556	5.0	9.0	False	False	True	False	False	True	True
VMA22							1.0	9.0	9.0	False	False	True	False	False	True	True
VMAC							1.0	9.0	9.0	False	False	True	False	False	True	True
VMN1R68							1.0	9.0	9.0	False	False	True	False	False	False	False
VMO1							1.0	9.0	9.0	False	False	True	False	False	True	False
VMP1							1.0	9.0	9.0	False	False	True	False	False	True	True
VNN1	1.0	23.0	23.0	1.0	19.0	19.0	1.0	9.0	9.0	True	True	True	True	True	True	False
VNN3							0.6667	6.0	9.0	False	False	True	False	False	True	False
VPS11	1.0	23.0	23.0				1.0	9.0	9.0	True	False	True	False	True	True	True
VPS13A	1.0	23.0	23.0	0.8421	16.0	19.0	1.0	9.0	9.0	True	True	True	True	True	True	True
VPS13B							1.0	9.0	9.0	False	False	True	False	False	True	True
VPS13C	1.0	23.0	23.0				1.0	9.0	9.0	True	False	True	False	True	True	True
VPS13D							1.0	9.0	9.0	False	False	True	False	False	True	True
VPS16							1.0	9.0	9.0	False	False	True	False	False	True	True
VPS18				0.6842	13.0	19.0	1.0	9.0	9.0	False	True	True	False	True	True	True
VPS25	1.0	23.0	23.0	1.0	19.0	19.0	1.0	9.0	9.0	True	True	True	True	True	True	False
VPS26A	1.0	23.0	23.0	1.0	19.0	19.0	1.0	9.0	9.0	True	True	True	True	True	True	True
VPS26B	1.0	23.0	23.0				1.0	9.0	9.0	True	False	True	False	True	True	True
VPS26C	1.0	23.0	23.0	0.8421	16.0	19.0	1.0	9.0	9.0	True	True	True	True	True	True	False
VPS28	0.6957	16.0	23.0	0.7895	15.0	19.0	1.0	9.0	9.0	True	True	True	True	True	True	False
VPS29	1.0	23.0	23.0	1.0	19.0	19.0	1.0	9.0	9.0	True	True	True	True	True	True	True
VPS33A							1.0	9.0	9.0	False	False	True	False	False	True	True
VPS33B							1.0	9.0	9.0	False	False	True	False	False	True	True
VPS35	1.0	23.0	23.0	1.0	19.0	19.0	1.0	9.0	9.0	True	True	True	True	True	True	True
VPS35L	0.8696	20.0	23.0	0.8421	16.0	19.0	1.0	9.0	9.0	True	True	True	True	True	True	False
VPS36	1.0	23.0	23.0	0.7895	15.0	19.0	1.0	9.0	9.0	True	True	True	True	True	True	True
VPS37A	0.8696	20.0	23.0	0.8421	16.0	19.0	1.0	9.0	9.0	True	True	True	True	True	True	True
VPS37B							1.0	9.0	9.0	False	False	True	False	False	True	True
VPS37C							1.0	9.0	9.0	False	False	True	False	False	True	True
VPS39							1.0	9.0	9.0	False	False	True	False	False	True	True
VPS41							1.0	9.0	9.0	False	False	True	False	False	True	True
VPS45	0.9565	22.0	23.0				1.0	9.0	9.0	True	False	True	False	True	True	True
VPS4A	1.0	23.0	23.0	1.0	19.0	19.0	1.0	9.0	9.0	True	True	True	True	True	True	True
VPS4B	1.0	23.0	23.0	1.0	19.0	19.0	1.0	9.0	9.0	True	True	True	True	True	True	True
VPS50							1.0	9.0	9.0	False	False	True	False	False	True	False
VPS51							1.0	9.0	9.0	False	False	True	False	False	True	True
VPS52							1.0	9.0	9.0	False	False	True	False	False	True	True
VPS53							1.0	9.0	9.0	False	False	True	False	False	True	True
VPS54							1.0	9.0	9.0	False	False	True	False	False	True	True
VPS72							1.0	9.0	9.0	False	False	True	False	False	True	True
VPS8							1.0	9.0	9.0	False	False	True	False	False	True	True
VPS9D1							1.0	9.0	9.0	False	False	True	False	False	True	True
VRK1							1.0	9.0	9.0	False	False	True	False	False	True	True
VRK2							1.0	9.0	9.0	False	False	True	False	False	True	True
VRK3							1.0	9.0	9.0	False	False	True	False	False	True	True
VSIG1							0.1111	1.0	9.0	False	False	False	False	False	False	False
VSIG10							1.0	9.0	9.0	False	False	True	False	False	True	True
VSIG4							0.7778	7.0	9.0	False	False	True	False	False	True	False
VSIR							1.0	9.0	9.0	False	False	True	False	False	True	False
VSNL1							0.1111	1.0	9.0	False	False	False	False	False	False	False
VSTM2A							0.7778	7.0	9.0	False	False	True	False	False	True	False
VSTM4							1.0	9.0	9.0	False	False	True	False	False	True	True
VSTM5							1.0	9.0	9.0	False	False	True	False	False	True	True
VTA1	0.8696	20.0	23.0				1.0	9.0	9.0	True	False	True	False	True	True	True
VTCN1							0.7778	7.0	9.0	False	False	True	False	False	True	False
VTI1A							1.0	9.0	9.0	False	False	True	False	False	True	True
VTI1B	0.7826	18.0	23.0				1.0	9.0	9.0	True	False	True	False	True	True	True
VTN	1.0	23.0	23.0	1.0	19.0	19.0	1.0	9.0	9.0	True	True	True	True	True	True	False
VWA1							1.0	9.0	9.0	False	False	True	False	False	True	True
VWA2							1.0	9.0	9.0	False	False	True	False	False	True	False
VWA5A	0.8696	20.0	23.0	0.9474	18.0	19.0	1.0	9.0	9.0	True	True	True	True	True	True	True
VWA8	1.0	23.0	23.0	1.0	19.0	19.0	1.0	9.0	9.0	True	True	True	True	True	True	True
VWCE							1.0	9.0	9.0	False	False	True	False	False	True	True
VWF				1.0	19.0	19.0	1.0	9.0	9.0	False	True	True	False	True	True	False
WAC							1.0	9.0	9.0	False	False	True	False	False	True	True
WAPL							1.0	9.0	9.0	False	False	True	False	False	True	False
WARS1	1.0	23.0	23.0	1.0	19.0	19.0	1.0	9.0	9.0	True	True	True	True	True	True	False
WARS2	0.9565	22.0	23.0	0.8421	16.0	19.0	1.0	9.0	9.0	True	True	True	True	True	True	True
WAS							1.0	9.0	9.0	False	False	True	False	False	True	True
WASF1							1.0	9.0	9.0	False	False	True	False	False	True	False
WASF2	1.0	23.0	23.0	1.0	19.0	19.0	1.0	9.0	9.0	True	True	True	True	True	True	True
WASF3							1.0	9.0	9.0	False	False	True	False	False	True	True
WASHC1	0.8261	19.0	23.0	0.9474	18.0	19.0	1.0	9.0	9.0	True	True	True	True	True	True	False
WASHC2							1.0	9.0	9.0	False	False	True	False	False	True	False
WASHC3	1.0	23.0	23.0				1.0	9.0	9.0	True	False	True	False	True	True	False
WASHC4	1.0	23.0	23.0				1.0	9.0	9.0	True	False	True	False	True	True	False
WASHC5	0.8696	20.0	23.0	0.7895	15.0	19.0	1.0	9.0	9.0	True	True	True	True	True	True	False
WASL	1.0	23.0	23.0	1.0	19.0	19.0	1.0	9.0	9.0	True	True	True	True	True	True	True
WBP11							1.0	9.0	9.0	False	False	True	False	False	True	True
WBP1L	1.0	23.0	23.0	1.0	19.0	19.0	1.0	9.0	9.0	True	True	True	True	True	True	True
WBP2							1.0	9.0	9.0	False	False	True	False	False	True	True
WBP4							1.0	9.0	9.0	False	False	True	False	False	True	True
WDCP							1.0	9.0	9.0	False	False	True	False	False	True	False
WDFY1	1.0	23.0	23.0	0.8421	16.0	19.0	1.0	9.0	9.0	True	True	True	True	True	True	True
WDFY2							1.0	9.0	9.0	False	False	True	False	False	True	True
WDFY3							1.0	9.0	9.0	False	False	True	False	False	True	True
WDFY4							1.0	9.0	9.0	False	False	True	False	False	True	False
WDHD1							1.0	9.0	9.0	False	False	True	False	False	True	False
WDPCP							1.0	9.0	9.0	False	False	True	False	False	True	True
WDR1	1.0	23.0	23.0	1.0	19.0	19.0	1.0	9.0	9.0	True	True	True	True	True	True	True
WDR11	0.3913	9.0	23.0				1.0	9.0	9.0	False	False	True	False	False	True	True
WDR12							1.0	9.0	9.0	False	False	True	False	False	True	True
WDR13							1.0	9.0	9.0	False	False	True	False	False	True	True
WDR18							1.0	9.0	9.0	False	False	True	False	False	True	True
WDR19							1.0	9.0	9.0	False	False	True	False	False	True	True
WDR20							1.0	9.0	9.0	False	False	True	False	False	True	True
WDR24							1.0	9.0	9.0	False	False	True	False	False	True	False
WDR25							1.0	9.0	9.0	False	False	True	False	False	True	False
WDR26							1.0	9.0	9.0	False	False	True	False	False	True	True
WDR3							1.0	9.0	9.0	False	False	True	False	False	True	True
WDR33							1.0	9.0	9.0	False	False	True	False	False	True	True
WDR35							1.0	9.0	9.0	False	False	True	False	False	True	True
WDR36							1.0	9.0	9.0	False	False	True	False	False	True	True
WDR37				0.5263	10.0	19.0	1.0	9.0	9.0	False	True	True	False	True	True	True
WDR4							1.0	9.0	9.0	False	False	True	False	False	True	True
WDR41							1.0	9.0	9.0	False	False	True	False	False	True	True
WDR43							1.0	9.0	9.0	False	False	True	False	False	True	True
WDR44							1.0	9.0	9.0	False	False	True	False	False	True	True
WDR45	1.0	23.0	23.0				1.0	9.0	9.0	True	False	True	False	True	True	True
WDR45B							1.0	9.0	9.0	False	False	True	False	False	True	True
WDR46							1.0	9.0	9.0	False	False	True	False	False	True	True
WDR47							1.0	9.0	9.0	False	False	True	False	False	True	True
WDR48							1.0	9.0	9.0	False	False	True	False	False	True	True
WDR5	0.8696	20.0	23.0	0.3684	7.0	19.0	1.0	9.0	9.0	True	False	True	False	True	True	True
WDR53							1.0	9.0	9.0	False	False	True	False	False	True	True
WDR54							1.0	9.0	9.0	False	False	True	False	False	True	False
WDR55							1.0	9.0	9.0	False	False	True	False	False	True	True
WDR59							1.0	9.0	9.0	False	False	True	False	False	True	True
WDR5B							0.6667	6.0	9.0	False	False	True	False	False	True	True
WDR6							1.0	9.0	9.0	False	False	True	False	False	True	True
WDR62							1.0	9.0	9.0	False	False	True	False	False	True	False
WDR7	0.6957	16.0	23.0				1.0	9.0	9.0	True	False	True	False	True	True	True
WDR70							1.0	9.0	9.0	False	False	True	False	False	True	True
WDR72							1.0	9.0	9.0	False	False	True	False	False	True	True
WDR73							1.0	9.0	9.0	False	False	True	False	False	True	True
WDR74							1.0	9.0	9.0	False	False	True	False	False	True	True
WDR75							1.0	9.0	9.0	False	False	True	False	False	True	True
WDR76							1.0	9.0	9.0	False	False	True	False	False	True	False
WDR77	1.0	23.0	23.0				1.0	9.0	9.0	True	False	True	False	True	True	True
WDR81	0.9565	22.0	23.0				1.0	9.0	9.0	True	False	True	False	True	True	True
WDR82							1.0	9.0	9.0	False	False	True	False	False	True	True
WDR83							1.0	9.0	9.0	False	False	True	False	False	True	True
WDR89							1.0	9.0	9.0	False	False	True	False	False	True	False
WDR90							1.0	9.0	9.0	False	False	True	False	False	True	True
WDR91	0.8261	19.0	23.0				1.0	9.0	9.0	True	False	True	False	True	True	True
WDSUB1							1.0	9.0	9.0	False	False	True	False	False	True	False
WDTC1							1.0	9.0	9.0	False	False	True	False	False	True	True
WEE1							1.0	9.0	9.0	False	False	True	False	False	True	True
WFDC1							1.0	9.0	9.0	False	False	True	False	False	True	True
WFDC12							0.6667	6.0	9.0	False	False	True	False	False	False	False
WFDC15A							0.4444	4.0	9.0	False	False	False	False	False	False	False
WFDC15B							1.0	9.0	9.0	False	False	True	False	False	True	False
WFDC17							0.7778	7.0	9.0	False	False	True	False	False	True	False
WFDC18							1.0	9.0	9.0	False	False	True	False	False	False	False
WFDC2	1.0	23.0	23.0	1.0	19.0	19.0	1.0	9.0	9.0	True	True	True	True	True	True	True
WFDC21							0.7778	7.0	9.0	False	False	True	False	False	True	False
WFDC3							0.5556	5.0	9.0	False	False	True	False	False	False	False
WFIKKN2							0.5556	5.0	9.0	False	False	True	False	False	True	False
WFS1							1.0	9.0	9.0	False	False	True	False	False	True	True
WHAMM							1.0	9.0	9.0	False	False	True	False	False	True	True
WHR1							1.0	9.0	9.0	False	False	True	False	False	True	True
WIPF1							1.0	9.0	9.0	False	False	True	False	False	True	True
WIPF2							1.0	9.0	9.0	False	False	True	False	False	True	True
WIPF3							1.0	9.0	9.0	False	False	True	False	False	True	False
WIPI1							1.0	9.0	9.0	False	False	True	False	False	True	True
WIPI2							1.0	9.0	9.0	False	False	True	False	False	True	True
WIZ							1.0	9.0	9.0	False	False	True	False	False	True	True
WLS							1.0	9.0	9.0	False	False	True	False	False	True	True
WNK1							1.0	9.0	9.0	False	False	True	False	False	True	True
WNK2							1.0	9.0	9.0	False	False	True	False	False	True	False
WNK4							1.0	9.0	9.0	False	False	True	False	False	True	True
WNT2B							0.7778	7.0	9.0	False	False	True	False	False	True	False
WNT5A							1.0	9.0	9.0	False	False	True	False	False	True	True
WNT6							0.7778	7.0	9.0	False	False	True	False	False	False	False
WNT7B							0.4444	4.0	9.0	False	False	False	False	False	True	True
WNT9B							0.7778	7.0	9.0	False	False	True	False	False	True	True
WRAP53							1.0	9.0	9.0	False	False	True	False	False	True	True
WRAP73							1.0	9.0	9.0	False	False	True	False	False	True	True
WRN							1.0	9.0	9.0	False	False	True	False	False	True	True
WRNIP1							1.0	9.0	9.0	False	False	True	False	False	True	True
WSB1							0.7778	7.0	9.0	False	False	True	False	False	True	True
WSB2							1.0	9.0	9.0	False	False	True	False	False	True	True
WT1							1.0	9.0	9.0	False	False	True	False	False	True	True
WTAP							1.0	9.0	9.0	False	False	True	False	False	True	True
WTIP							1.0	9.0	9.0	False	False	True	False	False	True	False
WWC1							1.0	9.0	9.0	False	False	True	False	False	True	True
WWC2							1.0	9.0	9.0	False	False	True	False	False	True	True
WWOX							1.0	9.0	9.0	False	False	True	False	False	True	True
WWP1							1.0	9.0	9.0	False	False	True	False	False	True	True
WWP2							1.0	9.0	9.0	False	False	True	False	False	True	True
WWTR1							1.0	9.0	9.0	False	False	True	False	False	True	True
XAB2							1.0	9.0	9.0	False	False	True	False	False	True	True
XAF1							1.0	9.0	9.0	False	False	True	False	False	True	False
XBP1							1.0	9.0	9.0	False	False	True	False	False	True	True
XDH	1.0	23.0	23.0	1.0	19.0	19.0	1.0	9.0	9.0	True	True	True	True	True	True	True
XIAP							1.0	9.0	9.0	False	False	True	False	False	True	False
XIRP1							1.0	9.0	9.0	False	False	True	False	False	False	False
XPA							1.0	9.0	9.0	False	False	True	False	False	True	True
XPC							1.0	9.0	9.0	False	False	True	False	False	True	True
XPNPEP1	1.0	23.0	23.0	1.0	19.0	19.0	1.0	9.0	9.0	True	True	True	True	True	True	True
XPNPEP2	1.0	23.0	23.0	0.8421	16.0	19.0	1.0	9.0	9.0	True	True	True	True	True	True	True
XPNPEP3	1.0	23.0	23.0				1.0	9.0	9.0	True	False	True	False	True	True	True
XPO1	1.0	23.0	23.0	1.0	19.0	19.0	1.0	9.0	9.0	True	True	True	True	True	True	True
XPO4							1.0	9.0	9.0	False	False	True	False	False	True	True
XPO5							1.0	9.0	9.0	False	False	True	False	False	True	True
XPO6							1.0	9.0	9.0	False	False	True	False	False	True	True
XPO7	1.0	23.0	23.0	1.0	19.0	19.0	1.0	9.0	9.0	True	True	True	True	True	True	True
XPOT	0.8261	19.0	23.0				1.0	9.0	9.0	True	False	True	False	True	True	True
XPR1							1.0	9.0	9.0	False	False	True	False	False	True	True
XRCC1							1.0	9.0	9.0	False	False	True	False	False	True	True
XRCC4							1.0	9.0	9.0	False	False	True	False	False	True	True
XRCC5	0.8261	19.0	23.0	0.8421	16.0	19.0	1.0	9.0	9.0	True	True	True	True	True	True	True
XRCC6							1.0	9.0	9.0	False	False	True	False	False	True	True
XRN1							1.0	9.0	9.0	False	False	True	False	False	True	True
XRN2							1.0	9.0	9.0	False	False	True	False	False	True	True
XXYLT1							1.0	9.0	9.0	False	False	True	False	False	True	True
XYLB	1.0	23.0	23.0	1.0	19.0	19.0	1.0	9.0	9.0	True	True	True	True	True	True	True
XYLT1							1.0	9.0	9.0	False	False	True	False	False	True	True
XYLT2							1.0	9.0	9.0	False	False	True	False	False	True	True
YAE1							1.0	9.0	9.0	False	False	True	False	False	True	True
YAF2							1.0	9.0	9.0	False	False	True	False	False	True	True
YAP1	1.0	23.0	23.0				1.0	9.0	9.0	True	False	True	False	True	True	True
YARS1	1.0	23.0	23.0	0.8421	16.0	19.0	1.0	9.0	9.0	True	True	True	True	True	True	False
YARS2							1.0	9.0	9.0	False	False	True	False	False	True	True
YBEY							1.0	9.0	9.0	False	False	True	False	False	True	False
YBX1	1.0	23.0	23.0	1.0	19.0	19.0	1.0	9.0	9.0	True	True	True	True	True	True	True
YBX2							1.0	9.0	9.0	False	False	True	False	False	True	True
YBX3							1.0	9.0	9.0	False	False	True	False	False	True	True
YDJC							1.0	9.0	9.0	False	False	True	False	False	True	False
YEATS2							1.0	9.0	9.0	False	False	True	False	False	True	True
YEATS4							1.0	9.0	9.0	False	False	True	False	False	True	True
YES1							1.0	9.0	9.0	False	False	True	False	False	True	True
YIF1A							1.0	9.0	9.0	False	False	True	False	False	True	True
YIF1B							1.0	9.0	9.0	False	False	True	False	False	True	True
YIPF1							1.0	9.0	9.0	False	False	True	False	False	True	True
YIPF2							1.0	9.0	9.0	False	False	True	False	False	True	True
YIPF3							1.0	9.0	9.0	False	False	True	False	False	True	True
YIPF4							1.0	9.0	9.0	False	False	True	False	False	True	True
YIPF5							1.0	9.0	9.0	False	False	True	False	False	True	True
YIPF6							1.0	9.0	9.0	False	False	True	False	False	True	True
YJU2							1.0	9.0	9.0	False	False	True	False	False	True	False
YJU2B							1.0	9.0	9.0	False	False	True	False	False	True	False
YKT6	1.0	23.0	23.0				1.0	9.0	9.0	True	False	True	False	True	True	True
YLPM1							1.0	9.0	9.0	False	False	True	False	False	True	True
YME1L1	1.0	23.0	23.0				1.0	9.0	9.0	True	False	True	False	True	True	True
YOD1							1.0	9.0	9.0	False	False	True	False	False	True	True
YPEL2							1.0	9.0	9.0	False	False	True	False	False	True	False
YPEL3							1.0	9.0	9.0	False	False	True	False	False	True	True
YPEL5							1.0	9.0	9.0	False	False	True	False	False	True	True
YRDC							1.0	9.0	9.0	False	False	True	False	False	True	True
YTHDC1							1.0	9.0	9.0	False	False	True	False	False	True	True
YTHDC2							1.0	9.0	9.0	False	False	True	False	False	True	True
YTHDF1							1.0	9.0	9.0	False	False	True	False	False	True	True
YTHDF2							1.0	9.0	9.0	False	False	True	False	False	True	True
YTHDF3	0.9565	22.0	23.0				1.0	9.0	9.0	True	False	True	False	True	True	True
YWHAB	1.0	23.0	23.0	1.0	19.0	19.0	1.0	9.0	9.0	True	True	True	True	True	True	True
YWHAE	1.0	23.0	23.0	1.0	19.0	19.0	1.0	9.0	9.0	True	True	True	True	True	True	True
YWHAG	1.0	23.0	23.0	0.9474	18.0	19.0	1.0	9.0	9.0	True	True	True	True	True	True	True
YWHAH	1.0	23.0	23.0	0.4737	9.0	19.0	1.0	9.0	9.0	True	False	True	False	True	True	True
YWHAQ	1.0	23.0	23.0	1.0	19.0	19.0	1.0	9.0	9.0	True	True	True	True	True	True	True
YWHAZ	1.0	23.0	23.0	1.0	19.0	19.0	1.0	9.0	9.0	True	True	True	True	True	True	True
YY1							1.0	9.0	9.0	False	False	True	False	False	True	True
ZAP70							1.0	9.0	9.0	False	False	True	False	False	True	False
ZBED3							1.0	9.0	9.0	False	False	True	False	False	True	True
ZBED6							1.0	9.0	9.0	False	False	True	False	False	False	False
ZBP1							1.0	9.0	9.0	False	False	True	False	False	True	True
ZBTB1							1.0	9.0	9.0	False	False	True	False	False	True	True
ZBTB10							1.0	9.0	9.0	False	False	True	False	False	True	True
ZBTB11							1.0	9.0	9.0	False	False	True	False	False	True	True
ZBTB12							1.0	9.0	9.0	False	False	True	False	False	True	False
ZBTB14							1.0	9.0	9.0	False	False	True	False	False	True	True
ZBTB16							1.0	9.0	9.0	False	False	True	False	False	True	True
ZBTB17							1.0	9.0	9.0	False	False	True	False	False	True	True
ZBTB18							1.0	9.0	9.0	False	False	True	False	False	True	True
ZBTB2							1.0	9.0	9.0	False	False	True	False	False	True	True
ZBTB20							1.0	9.0	9.0	False	False	True	False	False	True	True
ZBTB21							1.0	9.0	9.0	False	False	True	False	False	True	True
ZBTB22							1.0	9.0	9.0	False	False	True	False	False	True	False
ZBTB24							1.0	9.0	9.0	False	False	True	False	False	True	True
ZBTB25							0.6667	6.0	9.0	False	False	True	False	False	True	True
ZBTB3							1.0	9.0	9.0	False	False	True	False	False	True	False
ZBTB33							1.0	9.0	9.0	False	False	True	False	False	True	True
ZBTB34							0.7778	7.0	9.0	False	False	True	False	False	True	True
ZBTB37							0.8889	8.0	9.0	False	False	True	False	False	True	False
ZBTB38							1.0	9.0	9.0	False	False	True	False	False	True	True
ZBTB39							0.8889	8.0	9.0	False	False	True	False	False	True	True
ZBTB4							1.0	9.0	9.0	False	False	True	False	False	True	True
ZBTB40							1.0	9.0	9.0	False	False	True	False	False	True	True
ZBTB41							1.0	9.0	9.0	False	False	True	False	False	True	True
ZBTB43							1.0	9.0	9.0	False	False	True	False	False	True	True
ZBTB44							1.0	9.0	9.0	False	False	True	False	False	True	True
ZBTB45							1.0	9.0	9.0	False	False	True	False	False	True	True
ZBTB46							1.0	9.0	9.0	False	False	True	False	False	True	True
ZBTB47							1.0	9.0	9.0	False	False	True	False	False	True	False
ZBTB48							1.0	9.0	9.0	False	False	True	False	False	True	True
ZBTB49							0.8889	8.0	9.0	False	False	True	False	False	True	False
ZBTB5							1.0	9.0	9.0	False	False	True	False	False	True	True
ZBTB7A							1.0	9.0	9.0	False	False	True	False	False	True	True
ZBTB7B							1.0	9.0	9.0	False	False	True	False	False	True	True
ZBTB7C							0.7778	7.0	9.0	False	False	True	False	False	True	True
ZBTB8A							0.6667	6.0	9.0	False	False	True	False	False	True	False
ZBTB8OS							1.0	9.0	9.0	False	False	True	False	False	True	True
ZBTB9							1.0	9.0	9.0	False	False	True	False	False	True	False
ZC2HC1A							1.0	9.0	9.0	False	False	True	False	False	True	True
ZC2HC1C							0.7778	7.0	9.0	False	False	True	False	False	True	True
ZC3H10							1.0	9.0	9.0	False	False	True	False	False	True	True
ZC3H11A							1.0	9.0	9.0	False	False	True	False	False	True	True
ZC3H12A							1.0	9.0	9.0	False	False	True	False	False	True	True
ZC3H12C							1.0	9.0	9.0	False	False	True	False	False	True	True
ZC3H12D							0.8889	8.0	9.0	False	False	True	False	False	True	False
ZC3H13							1.0	9.0	9.0	False	False	True	False	False	True	True
ZC3H14							1.0	9.0	9.0	False	False	True	False	False	True	True
ZC3H15	1.0	23.0	23.0	1.0	19.0	19.0	1.0	9.0	9.0	True	True	True	True	True	True	True
ZC3H18							1.0	9.0	9.0	False	False	True	False	False	True	True
ZC3H3							1.0	9.0	9.0	False	False	True	False	False	True	True
ZC3H4							1.0	9.0	9.0	False	False	True	False	False	True	True
ZC3H6							1.0	9.0	9.0	False	False	True	False	False	True	True
ZC3H7A							1.0	9.0	9.0	False	False	True	False	False	True	True
ZC3H7B							1.0	9.0	9.0	False	False	True	False	False	True	True
ZC3H8							1.0	9.0	9.0	False	False	True	False	False	True	True
ZC3HAV1							1.0	9.0	9.0	False	False	True	False	False	True	True
ZC3HAV1L							1.0	9.0	9.0	False	False	True	False	False	True	False
ZC3HC1							1.0	9.0	9.0	False	False	True	False	False	True	True
ZC4H2							1.0	9.0	9.0	False	False	True	False	False	True	True
ZCCHC10							1.0	9.0	9.0	False	False	True	False	False	True	True
ZCCHC13							1.0	9.0	9.0	False	False	True	False	False	False	False
ZCCHC14							1.0	9.0	9.0	False	False	True	False	False	True	True
ZCCHC17							1.0	9.0	9.0	False	False	True	False	False	True	True
ZCCHC2							1.0	9.0	9.0	False	False	True	False	False	True	True
ZCCHC24							1.0	9.0	9.0	False	False	True	False	False	True	True
ZCCHC3							0.6667	6.0	9.0	False	False	True	False	False	True	True
ZCCHC4							1.0	9.0	9.0	False	False	True	False	False	True	True
ZCCHC7							1.0	9.0	9.0	False	False	True	False	False	True	True
ZCCHC8							1.0	9.0	9.0	False	False	True	False	False	True	True
ZCCHC9							1.0	9.0	9.0	False	False	True	False	False	True	True
ZCRB1							1.0	9.0	9.0	False	False	True	False	False	True	True
ZDHHC12							1.0	9.0	9.0	False	False	True	False	False	True	True
ZDHHC13							1.0	9.0	9.0	False	False	True	False	False	True	True
ZDHHC14							1.0	9.0	9.0	False	False	True	False	False	True	True
ZDHHC15							1.0	9.0	9.0	False	False	True	False	False	True	False
ZDHHC16							1.0	9.0	9.0	False	False	True	False	False	True	True
ZDHHC17							1.0	9.0	9.0	False	False	True	False	False	True	True
ZDHHC18							1.0	9.0	9.0	False	False	True	False	False	True	True
ZDHHC20							1.0	9.0	9.0	False	False	True	False	False	True	True
ZDHHC21							1.0	9.0	9.0	False	False	True	False	False	True	True
ZDHHC23							0.7778	7.0	9.0	False	False	True	False	False	True	True
ZDHHC24							0.7778	7.0	9.0	False	False	True	False	False	True	True
ZDHHC3							1.0	9.0	9.0	False	False	True	False	False	True	True
ZDHHC4							1.0	9.0	9.0	False	False	True	False	False	True	True
ZDHHC5							1.0	9.0	9.0	False	False	True	False	False	True	True
ZDHHC6							1.0	9.0	9.0	False	False	True	False	False	True	True
ZDHHC7							1.0	9.0	9.0	False	False	True	False	False	True	True
ZDHHC8							1.0	9.0	9.0	False	False	True	False	False	True	True
ZDHHC9							1.0	9.0	9.0	False	False	True	False	False	True	True
ZEB1							1.0	9.0	9.0	False	False	True	False	False	True	True
ZEB2							1.0	9.0	9.0	False	False	True	False	False	True	True
ZER1							1.0	9.0	9.0	False	False	True	False	False	True	True
ZFAND1							1.0	9.0	9.0	False	False	True	False	False	True	True
ZFAND2A							1.0	9.0	9.0	False	False	True	False	False	True	False
ZFAND2B							1.0	9.0	9.0	False	False	True	False	False	True	True
ZFAND3							1.0	9.0	9.0	False	False	True	False	False	True	True
ZFAND5							1.0	9.0	9.0	False	False	True	False	False	True	True
ZFAND6							1.0	9.0	9.0	False	False	True	False	False	True	True
ZFAT							1.0	9.0	9.0	False	False	True	False	False	True	False
ZFC3H1							1.0	9.0	9.0	False	False	True	False	False	True	True
ZFHX2							0.8889	8.0	9.0	False	False	True	False	False	True	False
ZFHX3							1.0	9.0	9.0	False	False	True	False	False	True	False
ZFP1							0.8889	8.0	9.0	False	False	True	False	False	True	True
ZFP1006							1.0	9.0	9.0	False	False	True	False	False	False	False
ZFP101							1.0	9.0	9.0	False	False	True	False	False	True	False
ZFP1010							0.2222	2.0	9.0	False	False	False	False	False	False	False
ZFP113							0.1111	1.0	9.0	False	False	False	False	False	True	False
ZFP119B							0.7778	7.0	9.0	False	False	True	False	False	True	False
ZFP120							0.7778	7.0	9.0	False	False	True	False	False	True	False
ZFP160							0.8889	8.0	9.0	False	False	True	False	False	True	False
ZFP2							0.8889	8.0	9.0	False	False	True	False	False	True	True
ZFP235							0.7778	7.0	9.0	False	False	True	False	False	True	False
ZFP26							1.0	9.0	9.0	False	False	True	False	False	True	False
ZFP267							0.8889	8.0	9.0	False	False	True	False	False	True	False
ZFP3							1.0	9.0	9.0	False	False	True	False	False	True	False
ZFP30							0.3333	3.0	9.0	False	False	False	False	False	True	False
ZFP36							1.0	9.0	9.0	False	False	True	False	False	True	True
ZFP36L1							1.0	9.0	9.0	False	False	True	False	False	True	True
ZFP36L2							1.0	9.0	9.0	False	False	True	False	False	True	True
ZFP37							1.0	9.0	9.0	False	False	True	False	False	True	False
ZFP41							1.0	9.0	9.0	False	False	True	False	False	True	False
ZFP429							0.7778	7.0	9.0	False	False	True	False	False	True	False
ZFP433							0.7778	7.0	9.0	False	False	True	False	False	True	False
ZFP442							0.4444	4.0	9.0	False	False	False	False	False	True	False
ZFP455							0.8889	8.0	9.0	False	False	True	False	False	True	False
ZFP472							0.6667	6.0	9.0	False	False	True	False	False	True	False
ZFP51							1.0	9.0	9.0	False	False	True	False	False	True	False
ZFP53							1.0	9.0	9.0	False	False	True	False	False	True	False
ZFP54							0.8889	8.0	9.0	False	False	True	False	False	True	False
ZFP57							0.7778	7.0	9.0	False	False	True	False	False	True	False
ZFP59							0.7778	7.0	9.0	False	False	True	False	False	True	False
ZFP60							1.0	9.0	9.0	False	False	True	False	False	True	False
ZFP607B							0.7778	7.0	9.0	False	False	True	False	False	False	False
ZFP617							1.0	9.0	9.0	False	False	True	False	False	True	False
ZFP619							0.1111	1.0	9.0	False	False	False	False	False	False	False
ZFP62							1.0	9.0	9.0	False	False	True	False	False	True	True
ZFP626							0.7778	7.0	9.0	False	False	True	False	False	True	False
ZFP64							1.0	9.0	9.0	False	False	True	False	False	True	True
ZFP65							0.8889	8.0	9.0	False	False	True	False	False	True	False
ZFP68							1.0	9.0	9.0	False	False	True	False	False	True	False
ZFP696							1.0	9.0	9.0	False	False	True	False	False	False	False
ZFP707							1.0	9.0	9.0	False	False	True	False	False	True	False
ZFP715							1.0	9.0	9.0	False	False	True	False	False	True	False
ZFP719							1.0	9.0	9.0	False	False	True	False	False	True	False
ZFP729A							0.7778	7.0	9.0	False	False	True	False	False	True	False
ZFP729B							0.6667	6.0	9.0	False	False	True	False	False	True	False
ZFP747							0.8889	8.0	9.0	False	False	True	False	False	True	False
ZFP747L1							0.7778	7.0	9.0	False	False	True	False	False	False	False
ZFP748							1.0	9.0	9.0	False	False	True	False	False	True	False
ZFP758							1.0	9.0	9.0	False	False	True	False	False	True	False
ZFP760							0.3333	3.0	9.0	False	False	False	False	False	True	False
ZFP763							0.7778	7.0	9.0	False	False	True	False	False	True	False
ZFP764							0.6667	6.0	9.0	False	False	True	False	False	True	False
ZFP780B							1.0	9.0	9.0	False	False	True	False	False	True	False
ZFP788							0.8889	8.0	9.0	False	False	True	False	False	True	False
ZFP799							1.0	9.0	9.0	False	False	True	False	False	True	False
ZFP808							0.6667	6.0	9.0	False	False	True	False	False	True	False
ZFP809							1.0	9.0	9.0	False	False	True	False	False	True	False
ZFP81							0.7778	7.0	9.0	False	False	True	False	False	True	False
ZFP825							1.0	9.0	9.0	False	False	True	False	False	True	False
ZFP84							1.0	9.0	9.0	False	False	True	False	False	True	False
ZFP85							0.2222	2.0	9.0	False	False	False	False	False	True	False
ZFP866							1.0	9.0	9.0	False	False	True	False	False	True	False
ZFP868							1.0	9.0	9.0	False	False	True	False	False	True	False
ZFP869							1.0	9.0	9.0	False	False	True	False	False	True	False
ZFP87							0.7778	7.0	9.0	False	False	True	False	False	True	False
ZFP871							1.0	9.0	9.0	False	False	True	False	False	True	False
ZFP873							0.6667	6.0	9.0	False	False	True	False	False	True	False
ZFP874B							1.0	9.0	9.0	False	False	True	False	False	True	False
ZFP90							0.8889	8.0	9.0	False	False	True	False	False	True	False
ZFP91							1.0	9.0	9.0	False	False	True	False	False	True	False
ZFP930							1.0	9.0	9.0	False	False	True	False	False	True	False
ZFP933							1.0	9.0	9.0	False	False	True	False	False	True	False
ZFP943							1.0	9.0	9.0	False	False	True	False	False	True	False
ZFP948							0.8889	8.0	9.0	False	False	True	False	False	True	False
ZFP950							0.4444	4.0	9.0	False	False	False	False	False	True	False
ZFP951							0.8889	8.0	9.0	False	False	True	False	False	True	False
ZFP952							0.7778	7.0	9.0	False	False	True	False	False	True	False
ZFP953							1.0	9.0	9.0	False	False	True	False	False	True	False
ZFP954							0.8889	8.0	9.0	False	False	True	False	False	True	False
ZFP955B							0.4444	4.0	9.0	False	False	False	False	False	True	False
ZFP958							1.0	9.0	9.0	False	False	True	False	False	True	False
ZFP959							0.2222	2.0	9.0	False	False	False	False	False	True	False
ZFP960							0.2222	2.0	9.0	False	False	False	False	False	True	False
ZFP963							1.0	9.0	9.0	False	False	True	False	False	True	False
ZFP964							1.0	9.0	9.0	False	False	True	False	False	True	False
ZFP970							1.0	9.0	9.0	False	False	True	False	False	True	False
ZFP971							1.0	9.0	9.0	False	False	True	False	False	True	False
ZFP976							0.2222	2.0	9.0	False	False	False	False	False	True	False
ZFP977							0.6667	6.0	9.0	False	False	True	False	False	False	False
ZFP992							0.5556	5.0	9.0	False	False	True	False	False	True	False
ZFP998							0.3333	3.0	9.0	False	False	False	False	False	False	False
ZFPL1							1.0	9.0	9.0	False	False	True	False	False	True	True
ZFPM1							1.0	9.0	9.0	False	False	True	False	False	True	True
ZFR							1.0	9.0	9.0	False	False	True	False	False	True	True
ZFR2							0.8889	8.0	9.0	False	False	True	False	False	True	False
ZFTA							1.0	9.0	9.0	False	False	True	False	False	False	False
ZFTRAF1							1.0	9.0	9.0	False	False	True	False	False	True	False
ZFX							1.0	9.0	9.0	False	False	True	False	False	True	True
ZFYVE1							1.0	9.0	9.0	False	False	True	False	False	True	True
ZFYVE16							1.0	9.0	9.0	False	False	True	False	False	True	True
ZFYVE19							1.0	9.0	9.0	False	False	True	False	False	True	True
ZFYVE21							1.0	9.0	9.0	False	False	True	False	False	True	True
ZFYVE26							1.0	9.0	9.0	False	False	True	False	False	True	True
ZFYVE27							1.0	9.0	9.0	False	False	True	False	False	True	True
ZFYVE9							1.0	9.0	9.0	False	False	True	False	False	True	True
ZG16							1.0	9.0	9.0	False	False	True	False	False	False	False
ZGPAT							1.0	9.0	9.0	False	False	True	False	False	True	True
ZHX1							1.0	9.0	9.0	False	False	True	False	False	True	True
ZHX2							1.0	9.0	9.0	False	False	True	False	False	True	True
ZHX3							1.0	9.0	9.0	False	False	True	False	False	True	True
ZIK1							0.7778	7.0	9.0	False	False	True	False	False	False	False
ZIM1							0.7778	7.0	9.0	False	False	True	False	False	True	False
ZKSCAN1	1.0	23.0	23.0	1.0	19.0	19.0	1.0	9.0	9.0	True	True	True	True	True	True	True
ZKSCAN3							1.0	9.0	9.0	False	False	True	False	False	True	False
ZKSCAN4							1.0	9.0	9.0	False	False	True	False	False	True	False
ZKSCAN7							0.8889	8.0	9.0	False	False	True	False	False	True	False
ZKSCAN8							1.0	9.0	9.0	False	False	True	False	False	True	True
ZMAT1							1.0	9.0	9.0	False	False	True	False	False	True	False
ZMAT2							1.0	9.0	9.0	False	False	True	False	False	True	True
ZMAT3							1.0	9.0	9.0	False	False	True	False	False	True	True
ZMAT5							1.0	9.0	9.0	False	False	True	False	False	True	True
ZMIZ1							1.0	9.0	9.0	False	False	True	False	False	True	True
ZMIZ2							1.0	9.0	9.0	False	False	True	False	False	True	True
ZMPSTE24	1.0	23.0	23.0	0.7895	15.0	19.0	1.0	9.0	9.0	True	True	True	True	True	True	True
ZMYM1							1.0	9.0	9.0	False	False	True	False	False	True	True
ZMYM2							1.0	9.0	9.0	False	False	True	False	False	True	True
ZMYM3							1.0	9.0	9.0	False	False	True	False	False	True	True
ZMYM4							1.0	9.0	9.0	False	False	True	False	False	True	True
ZMYM5							1.0	9.0	9.0	False	False	True	False	False	True	True
ZMYM6							1.0	9.0	9.0	False	False	True	False	False	True	True
ZMYND10							1.0	9.0	9.0	False	False	True	False	False	True	True
ZMYND11							1.0	9.0	9.0	False	False	True	False	False	True	True
ZMYND8							1.0	9.0	9.0	False	False	True	False	False	True	True
ZNF106							1.0	9.0	9.0	False	False	True	False	False	True	True
ZNF112							1.0	9.0	9.0	False	False	True	False	False	True	True
ZNF12							1.0	9.0	9.0	False	False	True	False	False	True	True
ZNF131							1.0	9.0	9.0	False	False	True	False	False	True	True
ZNF142							0.8889	8.0	9.0	False	False	True	False	False	True	True
ZNF143							1.0	9.0	9.0	False	False	True	False	False	True	True
ZNF146							1.0	9.0	9.0	False	False	True	False	False	True	True
ZNF148							1.0	9.0	9.0	False	False	True	False	False	True	True
ZNF169							1.0	9.0	9.0	False	False	True	False	False	True	False
ZNF180							1.0	9.0	9.0	False	False	True	False	False	True	False
ZNF185				0.6316	12.0	19.0	1.0	9.0	9.0	False	True	True	False	True	True	False
ZNF189							1.0	9.0	9.0	False	False	True	False	False	True	True
ZNF2							0.7778	7.0	9.0	False	False	True	False	False	True	False
ZNF202							0.7778	7.0	9.0	False	False	True	False	False	True	False
ZNF207	1.0	23.0	23.0				1.0	9.0	9.0	True	False	True	False	True	True	True
ZNF212							1.0	9.0	9.0	False	False	True	False	False	True	True
ZNF213							1.0	9.0	9.0	False	False	True	False	False	True	True
ZNF217							1.0	9.0	9.0	False	False	True	False	False	True	True
ZNF219							1.0	9.0	9.0	False	False	True	False	False	True	True
ZNF22							1.0	9.0	9.0	False	False	True	False	False	True	False
ZNF226							1.0	9.0	9.0	False	False	True	False	False	True	False
ZNF236							1.0	9.0	9.0	False	False	True	False	False	True	True
ZNF24							1.0	9.0	9.0	False	False	True	False	False	True	False
ZNF25							0.5556	5.0	9.0	False	False	True	False	False	True	False
ZNF250							0.2222	2.0	9.0	False	False	False	False	False	True	False
ZNF260							1.0	9.0	9.0	False	False	True	False	False	True	True
ZNF263							1.0	9.0	9.0	False	False	True	False	False	True	True
ZNF266							1.0	9.0	9.0	False	False	True	False	False	True	False
ZNF271							1.0	9.0	9.0	False	False	True	False	False	False	False
ZNF276							1.0	9.0	9.0	False	False	True	False	False	True	True
ZNF277							1.0	9.0	9.0	False	False	True	False	False	True	True
ZNF280B							1.0	9.0	9.0	False	False	True	False	False	True	True
ZNF280C							1.0	9.0	9.0	False	False	True	False	False	True	True
ZNF280D							1.0	9.0	9.0	False	False	True	False	False	True	True
ZNF281							1.0	9.0	9.0	False	False	True	False	False	True	True
ZNF292							1.0	9.0	9.0	False	False	True	False	False	True	True
ZNF316							1.0	9.0	9.0	False	False	True	False	False	True	True
ZNF317							1.0	9.0	9.0	False	False	True	False	False	True	True
ZNF318							1.0	9.0	9.0	False	False	True	False	False	True	True
ZNF319							1.0	9.0	9.0	False	False	True	False	False	True	True
ZNF32							1.0	9.0	9.0	False	False	True	False	False	True	True
ZNF326							1.0	9.0	9.0	False	False	True	False	False	True	True
ZNF329							1.0	9.0	9.0	False	False	True	False	False	True	True
ZNF330							1.0	9.0	9.0	False	False	True	False	False	True	True
ZNF334							1.0	9.0	9.0	False	False	True	False	False	True	False
ZNF335							1.0	9.0	9.0	False	False	True	False	False	True	True
ZNF345							1.0	9.0	9.0	False	False	True	False	False	True	False
ZNF346							1.0	9.0	9.0	False	False	True	False	False	True	True
ZNF35							0.8889	8.0	9.0	False	False	True	False	False	True	True
ZNF354A							1.0	9.0	9.0	False	False	True	False	False	True	False
ZNF354B							0.3333	3.0	9.0	False	False	False	False	False	True	False
ZNF354C							0.8889	8.0	9.0	False	False	True	False	False	True	False
ZNF358							1.0	9.0	9.0	False	False	True	False	False	True	True
ZNF362							1.0	9.0	9.0	False	False	True	False	False	True	True
ZNF366							1.0	9.0	9.0	False	False	True	False	False	True	False
ZNF383							1.0	9.0	9.0	False	False	True	False	False	True	False
ZNF384							1.0	9.0	9.0	False	False	True	False	False	True	True
ZNF385A							1.0	9.0	9.0	False	False	True	False	False	True	True
ZNF385B							1.0	9.0	9.0	False	False	True	False	False	True	False
ZNF394							1.0	9.0	9.0	False	False	True	False	False	True	True
ZNF395							1.0	9.0	9.0	False	False	True	False	False	True	True
ZNF397							1.0	9.0	9.0	False	False	True	False	False	True	True
ZNF398							0.8889	8.0	9.0	False	False	True	False	False	True	True
ZNF407							1.0	9.0	9.0	False	False	True	False	False	True	False
ZNF410							0.8889	8.0	9.0	False	False	True	False	False	True	True
ZNF414							1.0	9.0	9.0	False	False	True	False	False	True	True
ZNF423							1.0	9.0	9.0	False	False	True	False	False	True	False
ZNF428							1.0	9.0	9.0	False	False	True	False	False	True	True
ZNF436							1.0	9.0	9.0	False	False	True	False	False	True	True
ZNF438							1.0	9.0	9.0	False	False	True	False	False	True	False
ZNF444							1.0	9.0	9.0	False	False	True	False	False	True	True
ZNF445							1.0	9.0	9.0	False	False	True	False	False	True	True
ZNF446							1.0	9.0	9.0	False	False	True	False	False	True	False
ZNF449							1.0	9.0	9.0	False	False	True	False	False	True	True
ZNF45							0.4444	4.0	9.0	False	False	False	False	False	True	True
ZNF451							1.0	9.0	9.0	False	False	True	False	False	True	True
ZNF462							1.0	9.0	9.0	False	False	True	False	False	True	True
ZNF467							1.0	9.0	9.0	False	False	True	False	False	True	True
ZNF48							1.0	9.0	9.0	False	False	True	False	False	True	True
ZNF496							1.0	9.0	9.0	False	False	True	False	False	True	True
ZNF503							1.0	9.0	9.0	False	False	True	False	False	True	True
ZNF507							1.0	9.0	9.0	False	False	True	False	False	True	True
ZNF511							1.0	9.0	9.0	False	False	True	False	False	True	True
ZNF512							1.0	9.0	9.0	False	False	True	False	False	True	True
ZNF512B							1.0	9.0	9.0	False	False	True	False	False	True	True
ZNF513							1.0	9.0	9.0	False	False	True	False	False	True	True
ZNF516							1.0	9.0	9.0	False	False	True	False	False	True	True
ZNF518A							1.0	9.0	9.0	False	False	True	False	False	True	True
ZNF518B							0.8889	8.0	9.0	False	False	True	False	False	True	True
ZNF521							0.8889	8.0	9.0	False	False	True	False	False	True	False
ZNF524							1.0	9.0	9.0	False	False	True	False	False	True	True
ZNF526							1.0	9.0	9.0	False	False	True	False	False	True	True
ZNF532							1.0	9.0	9.0	False	False	True	False	False	True	True
ZNF558							0.3333	3.0	9.0	False	False	False	False	False	False	False
ZNF568							1.0	9.0	9.0	False	False	True	False	False	False	False
ZNF569							1.0	9.0	9.0	False	False	True	False	False	True	True
ZNF574							1.0	9.0	9.0	False	False	True	False	False	True	True
ZNF579							1.0	9.0	9.0	False	False	True	False	False	True	True
ZNF580							0.8889	8.0	9.0	False	False	True	False	False	True	True
ZNF583							0.1111	1.0	9.0	False	False	False	False	False	True	False
ZNF592							1.0	9.0	9.0	False	False	True	False	False	True	True
ZNF593							1.0	9.0	9.0	False	False	True	False	False	True	False
ZNF597							1.0	9.0	9.0	False	False	True	False	False	True	True
ZNF598							1.0	9.0	9.0	False	False	True	False	False	True	True
ZNF606							1.0	9.0	9.0	False	False	True	False	False	True	True
ZNF608							1.0	9.0	9.0	False	False	True	False	False	True	True
ZNF609							1.0	9.0	9.0	False	False	True	False	False	True	True
ZNF618							1.0	9.0	9.0	False	False	True	False	False	True	True
ZNF622							1.0	9.0	9.0	False	False	True	False	False	True	True
ZNF623							1.0	9.0	9.0	False	False	True	False	False	True	True
ZNF628							1.0	9.0	9.0	False	False	True	False	False	True	True
ZNF629							1.0	9.0	9.0	False	False	True	False	False	True	True
ZNF638							1.0	9.0	9.0	False	False	True	False	False	True	False
ZNF639							1.0	9.0	9.0	False	False	True	False	False	True	True
ZNF644							1.0	9.0	9.0	False	False	True	False	False	True	True
ZNF646							1.0	9.0	9.0	False	False	True	False	False	True	True
ZNF648							0.6667	6.0	9.0	False	False	True	False	False	True	False
ZNF652							1.0	9.0	9.0	False	False	True	False	False	True	True
ZNF653							0.4444	4.0	9.0	False	False	False	False	False	True	True
ZNF654							1.0	9.0	9.0	False	False	True	False	False	True	True
ZNF655							1.0	9.0	9.0	False	False	True	False	False	True	True
ZNF664							1.0	9.0	9.0	False	False	True	False	False	True	True
ZNF667							0.8889	8.0	9.0	False	False	True	False	False	True	False
ZNF668							1.0	9.0	9.0	False	False	True	False	False	True	True
ZNF672							1.0	9.0	9.0	False	False	True	False	False	True	True
ZNF687							1.0	9.0	9.0	False	False	True	False	False	True	True
ZNF688							1.0	9.0	9.0	False	False	True	False	False	True	True
ZNF689							0.4444	4.0	9.0	False	False	False	False	False	True	False
ZNF691							1.0	9.0	9.0	False	False	True	False	False	True	True
ZNF692							1.0	9.0	9.0	False	False	True	False	False	True	True
ZNF697							0.5556	5.0	9.0	False	False	True	False	False	True	True
ZNF7							1.0	9.0	9.0	False	False	True	False	False	True	True
ZNF703							1.0	9.0	9.0	False	False	True	False	False	True	True
ZNF704							1.0	9.0	9.0	False	False	True	False	False	True	True
ZNF706							1.0	9.0	9.0	False	False	True	False	False	True	True
ZNF710							1.0	9.0	9.0	False	False	True	False	False	True	False
ZNF721							1.0	9.0	9.0	False	False	True	False	False	True	False
ZNF740							1.0	9.0	9.0	False	False	True	False	False	True	False
ZNF746							1.0	9.0	9.0	False	False	True	False	False	True	True
ZNF750							0.6667	6.0	9.0	False	False	True	False	False	True	False
ZNF76							1.0	9.0	9.0	False	False	True	False	False	True	True
ZNF768							1.0	9.0	9.0	False	False	True	False	False	True	True
ZNF771							1.0	9.0	9.0	False	False	True	False	False	True	True
ZNF777							1.0	9.0	9.0	False	False	True	False	False	True	True
ZNF784							1.0	9.0	9.0	False	False	True	False	False	True	True
ZNF787							1.0	9.0	9.0	False	False	True	False	False	True	True
ZNF791							0.8889	8.0	9.0	False	False	True	False	False	True	False
ZNF8							1.0	9.0	9.0	False	False	True	False	False	True	False
ZNF800							1.0	9.0	9.0	False	False	True	False	False	True	True
ZNF821							1.0	9.0	9.0	False	False	True	False	False	True	True
ZNF827							1.0	9.0	9.0	False	False	True	False	False	True	True
ZNF830							1.0	9.0	9.0	False	False	True	False	False	True	True
ZNF839							1.0	9.0	9.0	False	False	True	False	False	True	True
ZNF865	1.0	23.0	23.0	1.0	19.0	19.0	1.0	9.0	9.0	True	True	True	True	True	True	True
ZNFX1							1.0	9.0	9.0	False	False	True	False	False	True	True
ZNG1							1.0	9.0	9.0	False	False	True	False	False	False	False
ZNHIT1							1.0	9.0	9.0	False	False	True	False	False	True	False
ZNHIT2							1.0	9.0	9.0	False	False	True	False	False	True	True
ZNHIT3							1.0	9.0	9.0	False	False	True	False	False	True	True
ZNHIT6	0.3478	8.0	23.0				1.0	9.0	9.0	False	False	True	False	False	True	True
ZNRD2	1.0	23.0	23.0				1.0	9.0	9.0	True	False	True	False	True	True	False
ZNRF1							1.0	9.0	9.0	False	False	True	False	False	True	True
ZNRF2	0.8261	19.0	23.0				1.0	9.0	9.0	True	False	True	False	True	True	True
ZPR1							1.0	9.0	9.0	False	False	True	False	False	True	True
ZRANB1							0.8889	8.0	9.0	False	False	True	False	False	True	True
ZRANB2				0.5789	11.0	19.0	1.0	9.0	9.0	False	True	True	False	True	True	True
ZRANB3							0.8889	8.0	9.0	False	False	True	False	False	True	False
ZRSR2							1.0	9.0	9.0	False	False	True	False	False	True	True
ZRSR2-PS1							1.0	9.0	9.0	False	False	True	False	False	False	False
ZSCAN12							0.1111	1.0	9.0	False	False	False	False	False	True	True
ZSCAN2							1.0	9.0	9.0	False	False	True	False	False	True	True
ZSCAN20							0.7778	7.0	9.0	False	False	True	False	False	True	False
ZSCAN21							1.0	9.0	9.0	False	False	True	False	False	True	False
ZSCAN22							0.8889	8.0	9.0	False	False	True	False	False	True	True
ZSCAN25							1.0	9.0	9.0	False	False	True	False	False	True	True
ZSCAN26							1.0	9.0	9.0	False	False	True	False	False	True	True
ZSCAN29							1.0	9.0	9.0	False	False	True	False	False	True	True
ZSWIM1							0.5556	5.0	9.0	False	False	True	False	False	True	True
ZSWIM3							0.8889	8.0	9.0	False	False	True	False	False	True	True
ZSWIM6							0.8889	8.0	9.0	False	False	True	False	False	True	True
ZSWIM7							1.0	9.0	9.0	False	False	True	False	False	True	True
ZSWIM8							1.0	9.0	9.0	False	False	True	False	False	True	True
ZSWIM9							1.0	9.0	9.0	False	False	True	False	False	True	False
ZUP1							0.5556	5.0	9.0	False	False	True	False	False	True	False
ZW10							1.0	9.0	9.0	False	False	True	False	False	True	True
ZWILCH							1.0	9.0	9.0	False	False	True	False	False	True	False
ZWINT							1.0	9.0	9.0	False	False	True	False	False	True	False
ZXDB							1.0	9.0	9.0	False	False	True	False	False	True	False
ZXDC							1.0	9.0	9.0	False	False	True	False	False	True	True
ZYG11B							1.0	9.0	9.0	False	False	True	False	False	True	True
ZYX	1.0	23.0	23.0	1.0	19.0	19.0	1.0	9.0	9.0	True	True	True	True	True	True	True
ZZEF1							1.0	9.0	9.0	False	False	True	False	False	True	True
ZZZ3							1.0	9.0	9.0	False	False	True	False	False	True	True
