panel	panel_title	artist	series	reference	index	sub	x	y	w	h	value
0	(A)  No mouse state is consistently closest: ranks reshuffle across pathways   (Kendall's $W$ = 0.320)	line	_nolegend_	True	0	0	2.0	1.0			
0	(A)  No mouse state is consistently closest: ranks reshuffle across pathways   (Kendall's $W$ = 0.320)	line	_nolegend_	True	1	0	1.0	1.0			
0	(A)  No mouse state is consistently closest: ranks reshuffle across pathways   (Kendall's $W$ = 0.320)	line	_nolegend_	True	0	0	6.0	1.0			
0	(A)  No mouse state is consistently closest: ranks reshuffle across pathways   (Kendall's $W$ = 0.320)	line	_nolegend_	True	1	0	12.0	1.0			
0	(A)  No mouse state is consistently closest: ranks reshuffle across pathways   (Kendall's $W$ = 0.320)	line	_nolegend_	True	0	0	1.0	0.845			
0	(A)  No mouse state is consistently closest: ranks reshuffle across pathways   (Kendall's $W$ = 0.320)	line	_nolegend_	True	1	0	1.0	1.155			
0	(A)  No mouse state is consistently closest: ranks reshuffle across pathways   (Kendall's $W$ = 0.320)	line	_nolegend_	True	0	0	12.0	0.845			
0	(A)  No mouse state is consistently closest: ranks reshuffle across pathways   (Kendall's $W$ = 0.320)	line	_nolegend_	True	1	0	12.0	1.155			
0	(A)  No mouse state is consistently closest: ranks reshuffle across pathways   (Kendall's $W$ = 0.320)	line	_nolegend_	True	0	0	3.0	0.69			
0	(A)  No mouse state is consistently closest: ranks reshuffle across pathways   (Kendall's $W$ = 0.320)	line	_nolegend_	True	1	0	3.0	1.31			
0	(A)  No mouse state is consistently closest: ranks reshuffle across pathways   (Kendall's $W$ = 0.320)	line	_nolegend_	True	0	0	3.0	2.0			
0	(A)  No mouse state is consistently closest: ranks reshuffle across pathways   (Kendall's $W$ = 0.320)	line	_nolegend_	True	1	0	1.0	2.0			
0	(A)  No mouse state is consistently closest: ranks reshuffle across pathways   (Kendall's $W$ = 0.320)	line	_nolegend_	True	0	0	7.0	2.0			
0	(A)  No mouse state is consistently closest: ranks reshuffle across pathways   (Kendall's $W$ = 0.320)	line	_nolegend_	True	1	0	12.0	2.0			
0	(A)  No mouse state is consistently closest: ranks reshuffle across pathways   (Kendall's $W$ = 0.320)	line	_nolegend_	True	0	0	1.0	1.845			
0	(A)  No mouse state is consistently closest: ranks reshuffle across pathways   (Kendall's $W$ = 0.320)	line	_nolegend_	True	1	0	1.0	2.155			
0	(A)  No mouse state is consistently closest: ranks reshuffle across pathways   (Kendall's $W$ = 0.320)	line	_nolegend_	True	0	0	12.0	1.845			
0	(A)  No mouse state is consistently closest: ranks reshuffle across pathways   (Kendall's $W$ = 0.320)	line	_nolegend_	True	1	0	12.0	2.155			
0	(A)  No mouse state is consistently closest: ranks reshuffle across pathways   (Kendall's $W$ = 0.320)	line	_nolegend_	True	0	0	4.0	1.69			
0	(A)  No mouse state is consistently closest: ranks reshuffle across pathways   (Kendall's $W$ = 0.320)	line	_nolegend_	True	1	0	4.0	2.31			
0	(A)  No mouse state is consistently closest: ranks reshuffle across pathways   (Kendall's $W$ = 0.320)	line	_nolegend_	True	0	0	3.0	3.0			
0	(A)  No mouse state is consistently closest: ranks reshuffle across pathways   (Kendall's $W$ = 0.320)	line	_nolegend_	True	1	0	1.0	3.0			
0	(A)  No mouse state is consistently closest: ranks reshuffle across pathways   (Kendall's $W$ = 0.320)	line	_nolegend_	True	0	0	5.0	3.0			
0	(A)  No mouse state is consistently closest: ranks reshuffle across pathways   (Kendall's $W$ = 0.320)	line	_nolegend_	True	1	0	8.0	3.0			
0	(A)  No mouse state is consistently closest: ranks reshuffle across pathways   (Kendall's $W$ = 0.320)	line	_nolegend_	True	0	0	1.0	2.845			
0	(A)  No mouse state is consistently closest: ranks reshuffle across pathways   (Kendall's $W$ = 0.320)	line	_nolegend_	True	1	0	1.0	3.155			
0	(A)  No mouse state is consistently closest: ranks reshuffle across pathways   (Kendall's $W$ = 0.320)	line	_nolegend_	True	0	0	8.0	2.845			
0	(A)  No mouse state is consistently closest: ranks reshuffle across pathways   (Kendall's $W$ = 0.320)	line	_nolegend_	True	1	0	8.0	3.155			
0	(A)  No mouse state is consistently closest: ranks reshuffle across pathways   (Kendall's $W$ = 0.320)	line	_nolegend_	True	0	0	4.0	2.69			
0	(A)  No mouse state is consistently closest: ranks reshuffle across pathways   (Kendall's $W$ = 0.320)	line	_nolegend_	True	1	0	4.0	3.31			
0	(A)  No mouse state is consistently closest: ranks reshuffle across pathways   (Kendall's $W$ = 0.320)	line	_nolegend_	True	0	0	2.0	4.0			
0	(A)  No mouse state is consistently closest: ranks reshuffle across pathways   (Kendall's $W$ = 0.320)	line	_nolegend_	True	1	0	1.0	4.0			
0	(A)  No mouse state is consistently closest: ranks reshuffle across pathways   (Kendall's $W$ = 0.320)	line	_nolegend_	True	0	0	7.0	4.0			
0	(A)  No mouse state is consistently closest: ranks reshuffle across pathways   (Kendall's $W$ = 0.320)	line	_nolegend_	True	1	0	12.0	4.0			
0	(A)  No mouse state is consistently closest: ranks reshuffle across pathways   (Kendall's $W$ = 0.320)	line	_nolegend_	True	0	0	1.0	3.845			
0	(A)  No mouse state is consistently closest: ranks reshuffle across pathways   (Kendall's $W$ = 0.320)	line	_nolegend_	True	1	0	1.0	4.155			
0	(A)  No mouse state is consistently closest: ranks reshuffle across pathways   (Kendall's $W$ = 0.320)	line	_nolegend_	True	0	0	12.0	3.845			
0	(A)  No mouse state is consistently closest: ranks reshuffle across pathways   (Kendall's $W$ = 0.320)	line	_nolegend_	True	1	0	12.0	4.155			
0	(A)  No mouse state is consistently closest: ranks reshuffle across pathways   (Kendall's $W$ = 0.320)	line	_nolegend_	True	0	0	5.0	3.69			
0	(A)  No mouse state is consistently closest: ranks reshuffle across pathways   (Kendall's $W$ = 0.320)	line	_nolegend_	True	1	0	5.0	4.31			
0	(A)  No mouse state is consistently closest: ranks reshuffle across pathways   (Kendall's $W$ = 0.320)	line	_nolegend_	True	0	0	3.0	5.0			
0	(A)  No mouse state is consistently closest: ranks reshuffle across pathways   (Kendall's $W$ = 0.320)	line	_nolegend_	True	1	0	1.0	5.0			
0	(A)  No mouse state is consistently closest: ranks reshuffle across pathways   (Kendall's $W$ = 0.320)	line	_nolegend_	True	0	0	6.0	5.0			
0	(A)  No mouse state is consistently closest: ranks reshuffle across pathways   (Kendall's $W$ = 0.320)	line	_nolegend_	True	1	0	10.0	5.0			
0	(A)  No mouse state is consistently closest: ranks reshuffle across pathways   (Kendall's $W$ = 0.320)	line	_nolegend_	True	0	0	1.0	4.845			
0	(A)  No mouse state is consistently closest: ranks reshuffle across pathways   (Kendall's $W$ = 0.320)	line	_nolegend_	True	1	0	1.0	5.155			
0	(A)  No mouse state is consistently closest: ranks reshuffle across pathways   (Kendall's $W$ = 0.320)	line	_nolegend_	True	0	0	10.0	4.845			
0	(A)  No mouse state is consistently closest: ranks reshuffle across pathways   (Kendall's $W$ = 0.320)	line	_nolegend_	True	1	0	10.0	5.155			
0	(A)  No mouse state is consistently closest: ranks reshuffle across pathways   (Kendall's $W$ = 0.320)	line	_nolegend_	True	0	0	5.0	4.69			
0	(A)  No mouse state is consistently closest: ranks reshuffle across pathways   (Kendall's $W$ = 0.320)	line	_nolegend_	True	1	0	5.0	5.31			
0	(A)  No mouse state is consistently closest: ranks reshuffle across pathways   (Kendall's $W$ = 0.320)	line	_nolegend_	True	0	0	4.0	6.0			
0	(A)  No mouse state is consistently closest: ranks reshuffle across pathways   (Kendall's $W$ = 0.320)	line	_nolegend_	True	1	0	1.0	6.0			
0	(A)  No mouse state is consistently closest: ranks reshuffle across pathways   (Kendall's $W$ = 0.320)	line	_nolegend_	True	0	0	8.0	6.0			
0	(A)  No mouse state is consistently closest: ranks reshuffle across pathways   (Kendall's $W$ = 0.320)	line	_nolegend_	True	1	0	12.0	6.0			
0	(A)  No mouse state is consistently closest: ranks reshuffle across pathways   (Kendall's $W$ = 0.320)	line	_nolegend_	True	0	0	1.0	5.845			
0	(A)  No mouse state is consistently closest: ranks reshuffle across pathways   (Kendall's $W$ = 0.320)	line	_nolegend_	True	1	0	1.0	6.155			
0	(A)  No mouse state is consistently closest: ranks reshuffle across pathways   (Kendall's $W$ = 0.320)	line	_nolegend_	True	0	0	12.0	5.845			
0	(A)  No mouse state is consistently closest: ranks reshuffle across pathways   (Kendall's $W$ = 0.320)	line	_nolegend_	True	1	0	12.0	6.155			
0	(A)  No mouse state is consistently closest: ranks reshuffle across pathways   (Kendall's $W$ = 0.320)	line	_nolegend_	True	0	0	6.0	5.69			
0	(A)  No mouse state is consistently closest: ranks reshuffle across pathways   (Kendall's $W$ = 0.320)	line	_nolegend_	True	1	0	6.0	6.31			
0	(A)  No mouse state is consistently closest: ranks reshuffle across pathways   (Kendall's $W$ = 0.320)	line	_nolegend_	True	0	0	5.0	7.0			
0	(A)  No mouse state is consistently closest: ranks reshuffle across pathways   (Kendall's $W$ = 0.320)	line	_nolegend_	True	1	0	1.0	7.0			
0	(A)  No mouse state is consistently closest: ranks reshuffle across pathways   (Kendall's $W$ = 0.320)	line	_nolegend_	True	0	0	9.0	7.0			
0	(A)  No mouse state is consistently closest: ranks reshuffle across pathways   (Kendall's $W$ = 0.320)	line	_nolegend_	True	1	0	12.0	7.0			
0	(A)  No mouse state is consistently closest: ranks reshuffle across pathways   (Kendall's $W$ = 0.320)	line	_nolegend_	True	0	0	1.0	6.845			
0	(A)  No mouse state is consistently closest: ranks reshuffle across pathways   (Kendall's $W$ = 0.320)	line	_nolegend_	True	1	0	1.0	7.155			
0	(A)  No mouse state is consistently closest: ranks reshuffle across pathways   (Kendall's $W$ = 0.320)	line	_nolegend_	True	0	0	12.0	6.845			
0	(A)  No mouse state is consistently closest: ranks reshuffle across pathways   (Kendall's $W$ = 0.320)	line	_nolegend_	True	1	0	12.0	7.155			
0	(A)  No mouse state is consistently closest: ranks reshuffle across pathways   (Kendall's $W$ = 0.320)	line	_nolegend_	True	0	0	7.0	6.69			
0	(A)  No mouse state is consistently closest: ranks reshuffle across pathways   (Kendall's $W$ = 0.320)	line	_nolegend_	True	1	0	7.0	7.31			
0	(A)  No mouse state is consistently closest: ranks reshuffle across pathways   (Kendall's $W$ = 0.320)	line	_nolegend_	True	0	0	6.0	8.0			
0	(A)  No mouse state is consistently closest: ranks reshuffle across pathways   (Kendall's $W$ = 0.320)	line	_nolegend_	True	1	0	2.0	8.0			
0	(A)  No mouse state is consistently closest: ranks reshuffle across pathways   (Kendall's $W$ = 0.320)	line	_nolegend_	True	0	0	9.0	8.0			
0	(A)  No mouse state is consistently closest: ranks reshuffle across pathways   (Kendall's $W$ = 0.320)	line	_nolegend_	True	1	0	12.0	8.0			
0	(A)  No mouse state is consistently closest: ranks reshuffle across pathways   (Kendall's $W$ = 0.320)	line	_nolegend_	True	0	0	2.0	7.845			
0	(A)  No mouse state is consistently closest: ranks reshuffle across pathways   (Kendall's $W$ = 0.320)	line	_nolegend_	True	1	0	2.0	8.155			
0	(A)  No mouse state is consistently closest: ranks reshuffle across pathways   (Kendall's $W$ = 0.320)	line	_nolegend_	True	0	0	12.0	7.845			
0	(A)  No mouse state is consistently closest: ranks reshuffle across pathways   (Kendall's $W$ = 0.320)	line	_nolegend_	True	1	0	12.0	8.155			
0	(A)  No mouse state is consistently closest: ranks reshuffle across pathways   (Kendall's $W$ = 0.320)	line	_nolegend_	True	0	0	8.0	7.69			
0	(A)  No mouse state is consistently closest: ranks reshuffle across pathways   (Kendall's $W$ = 0.320)	line	_nolegend_	True	1	0	8.0	8.31			
0	(A)  No mouse state is consistently closest: ranks reshuffle across pathways   (Kendall's $W$ = 0.320)	line	_nolegend_	True	0	0	7.0	9.0			
0	(A)  No mouse state is consistently closest: ranks reshuffle across pathways   (Kendall's $W$ = 0.320)	line	_nolegend_	True	1	0	3.0	9.0			
0	(A)  No mouse state is consistently closest: ranks reshuffle across pathways   (Kendall's $W$ = 0.320)	line	_nolegend_	True	0	0	10.0	9.0			
0	(A)  No mouse state is consistently closest: ranks reshuffle across pathways   (Kendall's $W$ = 0.320)	line	_nolegend_	True	1	0	12.0	9.0			
0	(A)  No mouse state is consistently closest: ranks reshuffle across pathways   (Kendall's $W$ = 0.320)	line	_nolegend_	True	0	0	3.0	8.845			
0	(A)  No mouse state is consistently closest: ranks reshuffle across pathways   (Kendall's $W$ = 0.320)	line	_nolegend_	True	1	0	3.0	9.155			
0	(A)  No mouse state is consistently closest: ranks reshuffle across pathways   (Kendall's $W$ = 0.320)	line	_nolegend_	True	0	0	12.0	8.845			
0	(A)  No mouse state is consistently closest: ranks reshuffle across pathways   (Kendall's $W$ = 0.320)	line	_nolegend_	True	1	0	12.0	9.155			
0	(A)  No mouse state is consistently closest: ranks reshuffle across pathways   (Kendall's $W$ = 0.320)	line	_nolegend_	True	0	0	8.0	8.69			
0	(A)  No mouse state is consistently closest: ranks reshuffle across pathways   (Kendall's $W$ = 0.320)	line	_nolegend_	True	1	0	8.0	9.31			
0	(A)  No mouse state is consistently closest: ranks reshuffle across pathways   (Kendall's $W$ = 0.320)	line	_nolegend_	True	0	0	9.0	10.0			
0	(A)  No mouse state is consistently closest: ranks reshuffle across pathways   (Kendall's $W$ = 0.320)	line	_nolegend_	True	1	0	5.0	10.0			
0	(A)  No mouse state is consistently closest: ranks reshuffle across pathways   (Kendall's $W$ = 0.320)	line	_nolegend_	True	0	0	12.0	10.0			
0	(A)  No mouse state is consistently closest: ranks reshuffle across pathways   (Kendall's $W$ = 0.320)	line	_nolegend_	True	1	0	12.0	10.0			
0	(A)  No mouse state is consistently closest: ranks reshuffle across pathways   (Kendall's $W$ = 0.320)	line	_nolegend_	True	0	0	5.0	9.845			
0	(A)  No mouse state is consistently closest: ranks reshuffle across pathways   (Kendall's $W$ = 0.320)	line	_nolegend_	True	1	0	5.0	10.155			
0	(A)  No mouse state is consistently closest: ranks reshuffle across pathways   (Kendall's $W$ = 0.320)	line	_nolegend_	True	0	0	12.0	9.845			
0	(A)  No mouse state is consistently closest: ranks reshuffle across pathways   (Kendall's $W$ = 0.320)	line	_nolegend_	True	1	0	12.0	10.155			
0	(A)  No mouse state is consistently closest: ranks reshuffle across pathways   (Kendall's $W$ = 0.320)	line	_nolegend_	True	0	0	10.0	9.69			
0	(A)  No mouse state is consistently closest: ranks reshuffle across pathways   (Kendall's $W$ = 0.320)	line	_nolegend_	True	1	0	10.0	10.31			
0	(A)  No mouse state is consistently closest: ranks reshuffle across pathways   (Kendall's $W$ = 0.320)	line	_nolegend_	True	0	0	7.0	11.0			
0	(A)  No mouse state is consistently closest: ranks reshuffle across pathways   (Kendall's $W$ = 0.320)	line	_nolegend_	True	1	0	1.0	11.0			
0	(A)  No mouse state is consistently closest: ranks reshuffle across pathways   (Kendall's $W$ = 0.320)	line	_nolegend_	True	0	0	12.0	11.0			
0	(A)  No mouse state is consistently closest: ranks reshuffle across pathways   (Kendall's $W$ = 0.320)	line	_nolegend_	True	1	0	12.0	11.0			
0	(A)  No mouse state is consistently closest: ranks reshuffle across pathways   (Kendall's $W$ = 0.320)	line	_nolegend_	True	0	0	1.0	10.845			
0	(A)  No mouse state is consistently closest: ranks reshuffle across pathways   (Kendall's $W$ = 0.320)	line	_nolegend_	True	1	0	1.0	11.155			
0	(A)  No mouse state is consistently closest: ranks reshuffle across pathways   (Kendall's $W$ = 0.320)	line	_nolegend_	True	0	0	12.0	10.845			
0	(A)  No mouse state is consistently closest: ranks reshuffle across pathways   (Kendall's $W$ = 0.320)	line	_nolegend_	True	1	0	12.0	11.155			
0	(A)  No mouse state is consistently closest: ranks reshuffle across pathways   (Kendall's $W$ = 0.320)	line	_nolegend_	True	0	0	11.0	10.69			
0	(A)  No mouse state is consistently closest: ranks reshuffle across pathways   (Kendall's $W$ = 0.320)	line	_nolegend_	True	1	0	11.0	11.31			
0	(A)  No mouse state is consistently closest: ranks reshuffle across pathways   (Kendall's $W$ = 0.320)	line	_nolegend_	True	0	0	6.0	12.0			
0	(A)  No mouse state is consistently closest: ranks reshuffle across pathways   (Kendall's $W$ = 0.320)	line	_nolegend_	True	1	0	1.0	12.0			
0	(A)  No mouse state is consistently closest: ranks reshuffle across pathways   (Kendall's $W$ = 0.320)	line	_nolegend_	True	0	0	11.0	12.0			
0	(A)  No mouse state is consistently closest: ranks reshuffle across pathways   (Kendall's $W$ = 0.320)	line	_nolegend_	True	1	0	12.0	12.0			
0	(A)  No mouse state is consistently closest: ranks reshuffle across pathways   (Kendall's $W$ = 0.320)	line	_nolegend_	True	0	0	1.0	11.845			
0	(A)  No mouse state is consistently closest: ranks reshuffle across pathways   (Kendall's $W$ = 0.320)	line	_nolegend_	True	1	0	1.0	12.155			
0	(A)  No mouse state is consistently closest: ranks reshuffle across pathways   (Kendall's $W$ = 0.320)	line	_nolegend_	True	0	0	12.0	11.845			
0	(A)  No mouse state is consistently closest: ranks reshuffle across pathways   (Kendall's $W$ = 0.320)	line	_nolegend_	True	1	0	12.0	12.155			
0	(A)  No mouse state is consistently closest: ranks reshuffle across pathways   (Kendall's $W$ = 0.320)	line	_nolegend_	True	0	0	11.0	11.69			
0	(A)  No mouse state is consistently closest: ranks reshuffle across pathways   (Kendall's $W$ = 0.320)	line	_nolegend_	True	1	0	11.0	12.31			
0	(A)  No mouse state is consistently closest: ranks reshuffle across pathways   (Kendall's $W$ = 0.320)	outline		False	0	0	2.0	0.69			
0	(A)  No mouse state is consistently closest: ranks reshuffle across pathways   (Kendall's $W$ = 0.320)	outline		False	0	1	2.0	1.31			
0	(A)  No mouse state is consistently closest: ranks reshuffle across pathways   (Kendall's $W$ = 0.320)	outline		False	0	2	6.0	1.31			
0	(A)  No mouse state is consistently closest: ranks reshuffle across pathways   (Kendall's $W$ = 0.320)	outline		False	0	3	6.0	0.69			
0	(A)  No mouse state is consistently closest: ranks reshuffle across pathways   (Kendall's $W$ = 0.320)	outline		False	0	4	2.0	0.69			
0	(A)  No mouse state is consistently closest: ranks reshuffle across pathways   (Kendall's $W$ = 0.320)	outline		False	0	5	2.0	0.69			
0	(A)  No mouse state is consistently closest: ranks reshuffle across pathways   (Kendall's $W$ = 0.320)	outline		False	1	0	3.0	1.69			
0	(A)  No mouse state is consistently closest: ranks reshuffle across pathways   (Kendall's $W$ = 0.320)	outline		False	1	1	3.0	2.31			
0	(A)  No mouse state is consistently closest: ranks reshuffle across pathways   (Kendall's $W$ = 0.320)	outline		False	1	2	7.0	2.31			
0	(A)  No mouse state is consistently closest: ranks reshuffle across pathways   (Kendall's $W$ = 0.320)	outline		False	1	3	7.0	1.69			
0	(A)  No mouse state is consistently closest: ranks reshuffle across pathways   (Kendall's $W$ = 0.320)	outline		False	1	4	3.0	1.69			
0	(A)  No mouse state is consistently closest: ranks reshuffle across pathways   (Kendall's $W$ = 0.320)	outline		False	1	5	3.0	1.69			
0	(A)  No mouse state is consistently closest: ranks reshuffle across pathways   (Kendall's $W$ = 0.320)	outline		False	2	0	3.0	2.69			
0	(A)  No mouse state is consistently closest: ranks reshuffle across pathways   (Kendall's $W$ = 0.320)	outline		False	2	1	3.0	3.31			
0	(A)  No mouse state is consistently closest: ranks reshuffle across pathways   (Kendall's $W$ = 0.320)	outline		False	2	2	5.0	3.31			
0	(A)  No mouse state is consistently closest: ranks reshuffle across pathways   (Kendall's $W$ = 0.320)	outline		False	2	3	5.0	2.69			
0	(A)  No mouse state is consistently closest: ranks reshuffle across pathways   (Kendall's $W$ = 0.320)	outline		False	2	4	3.0	2.69			
0	(A)  No mouse state is consistently closest: ranks reshuffle across pathways   (Kendall's $W$ = 0.320)	outline		False	2	5	3.0	2.69			
0	(A)  No mouse state is consistently closest: ranks reshuffle across pathways   (Kendall's $W$ = 0.320)	outline		False	3	0	2.0	3.69			
0	(A)  No mouse state is consistently closest: ranks reshuffle across pathways   (Kendall's $W$ = 0.320)	outline		False	3	1	2.0	4.31			
0	(A)  No mouse state is consistently closest: ranks reshuffle across pathways   (Kendall's $W$ = 0.320)	outline		False	3	2	7.0	4.31			
0	(A)  No mouse state is consistently closest: ranks reshuffle across pathways   (Kendall's $W$ = 0.320)	outline		False	3	3	7.0	3.69			
0	(A)  No mouse state is consistently closest: ranks reshuffle across pathways   (Kendall's $W$ = 0.320)	outline		False	3	4	2.0	3.69			
0	(A)  No mouse state is consistently closest: ranks reshuffle across pathways   (Kendall's $W$ = 0.320)	outline		False	3	5	2.0	3.69			
0	(A)  No mouse state is consistently closest: ranks reshuffle across pathways   (Kendall's $W$ = 0.320)	outline		False	4	0	3.0	4.69			
0	(A)  No mouse state is consistently closest: ranks reshuffle across pathways   (Kendall's $W$ = 0.320)	outline		False	4	1	3.0	5.31			
0	(A)  No mouse state is consistently closest: ranks reshuffle across pathways   (Kendall's $W$ = 0.320)	outline		False	4	2	6.0	5.31			
0	(A)  No mouse state is consistently closest: ranks reshuffle across pathways   (Kendall's $W$ = 0.320)	outline		False	4	3	6.0	4.69			
0	(A)  No mouse state is consistently closest: ranks reshuffle across pathways   (Kendall's $W$ = 0.320)	outline		False	4	4	3.0	4.69			
0	(A)  No mouse state is consistently closest: ranks reshuffle across pathways   (Kendall's $W$ = 0.320)	outline		False	4	5	3.0	4.69			
0	(A)  No mouse state is consistently closest: ranks reshuffle across pathways   (Kendall's $W$ = 0.320)	outline		False	5	0	4.0	5.69			
0	(A)  No mouse state is consistently closest: ranks reshuffle across pathways   (Kendall's $W$ = 0.320)	outline		False	5	1	4.0	6.31			
0	(A)  No mouse state is consistently closest: ranks reshuffle across pathways   (Kendall's $W$ = 0.320)	outline		False	5	2	8.0	6.31			
0	(A)  No mouse state is consistently closest: ranks reshuffle across pathways   (Kendall's $W$ = 0.320)	outline		False	5	3	8.0	5.69			
0	(A)  No mouse state is consistently closest: ranks reshuffle across pathways   (Kendall's $W$ = 0.320)	outline		False	5	4	4.0	5.69			
0	(A)  No mouse state is consistently closest: ranks reshuffle across pathways   (Kendall's $W$ = 0.320)	outline		False	5	5	4.0	5.69			
0	(A)  No mouse state is consistently closest: ranks reshuffle across pathways   (Kendall's $W$ = 0.320)	outline		False	6	0	5.0	6.69			
0	(A)  No mouse state is consistently closest: ranks reshuffle across pathways   (Kendall's $W$ = 0.320)	outline		False	6	1	5.0	7.31			
0	(A)  No mouse state is consistently closest: ranks reshuffle across pathways   (Kendall's $W$ = 0.320)	outline		False	6	2	9.0	7.31			
0	(A)  No mouse state is consistently closest: ranks reshuffle across pathways   (Kendall's $W$ = 0.320)	outline		False	6	3	9.0	6.69			
0	(A)  No mouse state is consistently closest: ranks reshuffle across pathways   (Kendall's $W$ = 0.320)	outline		False	6	4	5.0	6.69			
0	(A)  No mouse state is consistently closest: ranks reshuffle across pathways   (Kendall's $W$ = 0.320)	outline		False	6	5	5.0	6.69			
0	(A)  No mouse state is consistently closest: ranks reshuffle across pathways   (Kendall's $W$ = 0.320)	outline		False	7	0	6.0	7.69			
0	(A)  No mouse state is consistently closest: ranks reshuffle across pathways   (Kendall's $W$ = 0.320)	outline		False	7	1	6.0	8.31			
0	(A)  No mouse state is consistently closest: ranks reshuffle across pathways   (Kendall's $W$ = 0.320)	outline		False	7	2	9.0	8.31			
0	(A)  No mouse state is consistently closest: ranks reshuffle across pathways   (Kendall's $W$ = 0.320)	outline		False	7	3	9.0	7.69			
0	(A)  No mouse state is consistently closest: ranks reshuffle across pathways   (Kendall's $W$ = 0.320)	outline		False	7	4	6.0	7.69			
0	(A)  No mouse state is consistently closest: ranks reshuffle across pathways   (Kendall's $W$ = 0.320)	outline		False	7	5	6.0	7.69			
0	(A)  No mouse state is consistently closest: ranks reshuffle across pathways   (Kendall's $W$ = 0.320)	outline		False	8	0	7.0	8.69			
0	(A)  No mouse state is consistently closest: ranks reshuffle across pathways   (Kendall's $W$ = 0.320)	outline		False	8	1	7.0	9.31			
0	(A)  No mouse state is consistently closest: ranks reshuffle across pathways   (Kendall's $W$ = 0.320)	outline		False	8	2	10.0	9.31			
0	(A)  No mouse state is consistently closest: ranks reshuffle across pathways   (Kendall's $W$ = 0.320)	outline		False	8	3	10.0	8.69			
0	(A)  No mouse state is consistently closest: ranks reshuffle across pathways   (Kendall's $W$ = 0.320)	outline		False	8	4	7.0	8.69			
0	(A)  No mouse state is consistently closest: ranks reshuffle across pathways   (Kendall's $W$ = 0.320)	outline		False	8	5	7.0	8.69			
0	(A)  No mouse state is consistently closest: ranks reshuffle across pathways   (Kendall's $W$ = 0.320)	outline		False	9	0	9.0	9.69			
0	(A)  No mouse state is consistently closest: ranks reshuffle across pathways   (Kendall's $W$ = 0.320)	outline		False	9	1	9.0	10.31			
0	(A)  No mouse state is consistently closest: ranks reshuffle across pathways   (Kendall's $W$ = 0.320)	outline		False	9	2	12.0	10.31			
0	(A)  No mouse state is consistently closest: ranks reshuffle across pathways   (Kendall's $W$ = 0.320)	outline		False	9	3	12.0	9.69			
0	(A)  No mouse state is consistently closest: ranks reshuffle across pathways   (Kendall's $W$ = 0.320)	outline		False	9	4	9.0	9.69			
0	(A)  No mouse state is consistently closest: ranks reshuffle across pathways   (Kendall's $W$ = 0.320)	outline		False	9	5	9.0	9.69			
0	(A)  No mouse state is consistently closest: ranks reshuffle across pathways   (Kendall's $W$ = 0.320)	outline		False	10	0	7.0	10.69			
0	(A)  No mouse state is consistently closest: ranks reshuffle across pathways   (Kendall's $W$ = 0.320)	outline		False	10	1	7.0	11.31			
0	(A)  No mouse state is consistently closest: ranks reshuffle across pathways   (Kendall's $W$ = 0.320)	outline		False	10	2	12.0	11.31			
0	(A)  No mouse state is consistently closest: ranks reshuffle across pathways   (Kendall's $W$ = 0.320)	outline		False	10	3	12.0	10.69			
0	(A)  No mouse state is consistently closest: ranks reshuffle across pathways   (Kendall's $W$ = 0.320)	outline		False	10	4	7.0	10.69			
0	(A)  No mouse state is consistently closest: ranks reshuffle across pathways   (Kendall's $W$ = 0.320)	outline		False	10	5	7.0	10.69			
0	(A)  No mouse state is consistently closest: ranks reshuffle across pathways   (Kendall's $W$ = 0.320)	outline		False	11	0	6.0	11.69			
0	(A)  No mouse state is consistently closest: ranks reshuffle across pathways   (Kendall's $W$ = 0.320)	outline		False	11	1	6.0	12.31			
0	(A)  No mouse state is consistently closest: ranks reshuffle across pathways   (Kendall's $W$ = 0.320)	outline		False	11	2	11.0	12.31			
0	(A)  No mouse state is consistently closest: ranks reshuffle across pathways   (Kendall's $W$ = 0.320)	outline		False	11	3	11.0	11.69			
0	(A)  No mouse state is consistently closest: ranks reshuffle across pathways   (Kendall's $W$ = 0.320)	outline		False	11	4	6.0	11.69			
0	(A)  No mouse state is consistently closest: ranks reshuffle across pathways   (Kendall's $W$ = 0.320)	outline		False	11	5	6.0	11.69			
0	(A)  No mouse state is consistently closest: ranks reshuffle across pathways   (Kendall's $W$ = 0.320)	text	leads 22%	False	0	0	12.6	1			
0	(A)  No mouse state is consistently closest: ranks reshuffle across pathways   (Kendall's $W$ = 0.320)	text	leads 8%	False	1	0	12.6	2			
0	(A)  No mouse state is consistently closest: ranks reshuffle across pathways   (Kendall's $W$ = 0.320)	text	leads 6%	False	2	0	12.6	3			
0	(A)  No mouse state is consistently closest: ranks reshuffle across pathways   (Kendall's $W$ = 0.320)	text	leads 21%	False	3	0	12.6	4			
0	(A)  No mouse state is consistently closest: ranks reshuffle across pathways   (Kendall's $W$ = 0.320)	text	leads 8%	False	4	0	12.6	5			
0	(A)  No mouse state is consistently closest: ranks reshuffle across pathways   (Kendall's $W$ = 0.320)	text	leads 8%	False	5	0	12.6	6			
0	(A)  No mouse state is consistently closest: ranks reshuffle across pathways   (Kendall's $W$ = 0.320)	text	leads 6%	False	6	0	12.6	7			
0	(A)  No mouse state is consistently closest: ranks reshuffle across pathways   (Kendall's $W$ = 0.320)	text	leads 4%	False	7	0	12.6	8			
0	(A)  No mouse state is consistently closest: ranks reshuffle across pathways   (Kendall's $W$ = 0.320)	text	leads 1%	False	8	0	12.6	9			
0	(A)  No mouse state is consistently closest: ranks reshuffle across pathways   (Kendall's $W$ = 0.320)	text	leads 1%	False	9	0	12.6	10			
0	(A)  No mouse state is consistently closest: ranks reshuffle across pathways   (Kendall's $W$ = 0.320)	text	leads 11%	False	10	0	12.6	11			
0	(A)  No mouse state is consistently closest: ranks reshuffle across pathways   (Kendall's $W$ = 0.320)	text	leads 3%	False	11	0	12.6	12			
0	(A)  No mouse state is consistently closest: ranks reshuffle across pathways   (Kendall's $W$ = 0.320)	xtick	1	False	0	0	1				
0	(A)  No mouse state is consistently closest: ranks reshuffle across pathways   (Kendall's $W$ = 0.320)	xtick	2	False	1	0	2				
0	(A)  No mouse state is consistently closest: ranks reshuffle across pathways   (Kendall's $W$ = 0.320)	xtick	3	False	2	0	3				
0	(A)  No mouse state is consistently closest: ranks reshuffle across pathways   (Kendall's $W$ = 0.320)	xtick	4	False	3	0	4				
0	(A)  No mouse state is consistently closest: ranks reshuffle across pathways   (Kendall's $W$ = 0.320)	xtick	5	False	4	0	5				
0	(A)  No mouse state is consistently closest: ranks reshuffle across pathways   (Kendall's $W$ = 0.320)	xtick	6	False	5	0	6				
0	(A)  No mouse state is consistently closest: ranks reshuffle across pathways   (Kendall's $W$ = 0.320)	xtick	7	False	6	0	7				
0	(A)  No mouse state is consistently closest: ranks reshuffle across pathways   (Kendall's $W$ = 0.320)	xtick	8	False	7	0	8				
0	(A)  No mouse state is consistently closest: ranks reshuffle across pathways   (Kendall's $W$ = 0.320)	xtick	9	False	8	0	9				
0	(A)  No mouse state is consistently closest: ranks reshuffle across pathways   (Kendall's $W$ = 0.320)	xtick	10	False	9	0	10				
0	(A)  No mouse state is consistently closest: ranks reshuffle across pathways   (Kendall's $W$ = 0.320)	xtick	11	False	10	0	11				
0	(A)  No mouse state is consistently closest: ranks reshuffle across pathways   (Kendall's $W$ = 0.320)	xtick	12	False	11	0	12				
0	(A)  No mouse state is consistently closest: ranks reshuffle across pathways   (Kendall's $W$ = 0.320)	ytick	IRI 28 d	False	0	0		1			
0	(A)  No mouse state is consistently closest: ranks reshuffle across pathways   (Kendall's $W$ = 0.320)	ytick	IRI 14 d	False	1	0		2			
0	(A)  No mouse state is consistently closest: ranks reshuffle across pathways   (Kendall's $W$ = 0.320)	ytick	IRI 7 d	False	2	0		3			
0	(A)  No mouse state is consistently closest: ranks reshuffle across pathways   (Kendall's $W$ = 0.320)	ytick	IRI 12 mo	False	3	0		4			
0	(A)  No mouse state is consistently closest: ranks reshuffle across pathways   (Kendall's $W$ = 0.320)	ytick	IRI 72 h	False	4	0		5			
0	(A)  No mouse state is consistently closest: ranks reshuffle across pathways   (Kendall's $W$ = 0.320)	ytick	IRI 48 h	False	5	0		6			
0	(A)  No mouse state is consistently closest: ranks reshuffle across pathways   (Kendall's $W$ = 0.320)	ytick	IRI 24 h	False	6	0		7			
0	(A)  No mouse state is consistently closest: ranks reshuffle across pathways   (Kendall's $W$ = 0.320)	ytick	Pod-TRECK D14	False	7	0		8			
0	(A)  No mouse state is consistently closest: ranks reshuffle across pathways   (Kendall's $W$ = 0.320)	ytick	Pod-TRECK D21	False	8	0		9			
0	(A)  No mouse state is consistently closest: ranks reshuffle across pathways   (Kendall's $W$ = 0.320)	ytick	Pod-TRECK D5	False	9	0		10			
0	(A)  No mouse state is consistently closest: ranks reshuffle across pathways   (Kendall's $W$ = 0.320)	ytick	IRI 2 h	False	10	0		11			
0	(A)  No mouse state is consistently closest: ranks reshuffle across pathways   (Kendall's $W$ = 0.320)	ytick	IRI 4 h	False	11	0		12			
1	(B)  Pathway resolution holds it; aggregation depends on centering	segment	_child20	True	0	0	0.5112	0.0			
1	(B)  Pathway resolution holds it; aggregation depends on centering	segment	_child20	True	0	1	0.5112	78.75			
1	(B)  Pathway resolution holds it; aggregation depends on centering	segment	_child21	True	0	0	0.813	0.0			
1	(B)  Pathway resolution holds it; aggregation depends on centering	segment	_child21	True	0	1	0.813	78.75			
1	(B)  Pathway resolution holds it; aggregation depends on centering	bar	_nolegend_	True	0	0	0.30000000000000004	0.0	0.034999999999999976	0.0	
1	(B)  Pathway resolution holds it; aggregation depends on centering	bar	_nolegend_	True	1	0	0.33499999999999996	0.0	0.034999999999999976	5.0	
1	(B)  Pathway resolution holds it; aggregation depends on centering	bar	_nolegend_	True	2	0	0.37	0.0	0.034999999999999976	3.0	
1	(B)  Pathway resolution holds it; aggregation depends on centering	bar	_nolegend_	True	3	0	0.4049999999999999	0.0	0.034999999999999976	1.0	
1	(B)  Pathway resolution holds it; aggregation depends on centering	bar	_nolegend_	True	4	0	0.43999999999999995	0.0	0.034999999999999976	2.0	
1	(B)  Pathway resolution holds it; aggregation depends on centering	bar	_nolegend_	True	5	0	0.47499999999999987	0.0	0.03499999999999992	5.0	
1	(B)  Pathway resolution holds it; aggregation depends on centering	bar	_nolegend_	True	6	0	0.5099999999999998	0.0	0.03500000000000003	2.0	
1	(B)  Pathway resolution holds it; aggregation depends on centering	bar	_nolegend_	True	7	0	0.5449999999999997	0.0	0.03500000000000003	4.0	
1	(B)  Pathway resolution holds it; aggregation depends on centering	bar	_nolegend_	True	8	0	0.5799999999999998	0.0	0.03499999999999992	7.0	
1	(B)  Pathway resolution holds it; aggregation depends on centering	bar	_nolegend_	True	9	0	0.6149999999999998	0.0	0.03499999999999992	15.0	
1	(B)  Pathway resolution holds it; aggregation depends on centering	bar	_nolegend_	True	10	0	0.6499999999999997	0.0	0.03500000000000003	32.0	
1	(B)  Pathway resolution holds it; aggregation depends on centering	bar	_nolegend_	True	11	0	0.6849999999999996	0.0	0.03500000000000003	50.0	
1	(B)  Pathway resolution holds it; aggregation depends on centering	bar	_nolegend_	True	12	0	0.7199999999999998	0.0	0.03499999999999992	72.0	
1	(B)  Pathway resolution holds it; aggregation depends on centering	bar	_nolegend_	True	13	0	0.7549999999999997	0.0	0.03499999999999992	75.0	
1	(B)  Pathway resolution holds it; aggregation depends on centering	bar	_nolegend_	True	14	0	0.7899999999999996	0.0	0.03500000000000003	64.0	
1	(B)  Pathway resolution holds it; aggregation depends on centering	bar	_nolegend_	True	15	0	0.8249999999999995	0.0	0.03500000000000003	32.0	
1	(B)  Pathway resolution holds it; aggregation depends on centering	bar	_nolegend_	True	16	0	0.8599999999999997	0.0	0.03499999999999992	34.0	
1	(B)  Pathway resolution holds it; aggregation depends on centering	bar	_nolegend_	True	17	0	0.8949999999999996	0.0	0.03499999999999992	13.0	
1	(B)  Pathway resolution holds it; aggregation depends on centering	bar	_nolegend_	True	18	0	0.9299999999999995	0.0	0.03500000000000003	2.0	
1	(B)  Pathway resolution holds it; aggregation depends on centering	bar	_nolegend_	True	19	0	0.9649999999999994	0.0	0.03500000000000003	4.0	
1	(B)  Pathway resolution holds it; aggregation depends on centering	text	per pathway: median 0.760, IQR 0.707–0.808	False	0	0	0.315	85.05000000000001			
1	(B)  Pathway resolution holds it; aggregation depends on centering	xtick	0.2	False	0	0	0.2				
1	(B)  Pathway resolution holds it; aggregation depends on centering	xtick	0.4	False	1	0	0.4				
1	(B)  Pathway resolution holds it; aggregation depends on centering	xtick	0.6	False	2	0	0.6000000000000001				
1	(B)  Pathway resolution holds it; aggregation depends on centering	xtick	0.8	False	3	0	0.8				
1	(B)  Pathway resolution holds it; aggregation depends on centering	xtick	1.0	False	4	0	1.0				
1	(B)  Pathway resolution holds it; aggregation depends on centering	xtick	1.2	False	5	0	1.2				
1	(B)  Pathway resolution holds it; aggregation depends on centering	ytick	0	False	0	0		0.0			
1	(B)  Pathway resolution holds it; aggregation depends on centering	ytick	20	False	1	0		20.0			
1	(B)  Pathway resolution holds it; aggregation depends on centering	ytick	40	False	2	0		40.0			
1	(B)  Pathway resolution holds it; aggregation depends on centering	ytick	60	False	3	0		60.0			
1	(B)  Pathway resolution holds it; aggregation depends on centering	ytick	80	False	4	0		80.0			
1	(B)  Pathway resolution holds it; aggregation depends on centering	ytick	100	False	5	0		100.0			
1	(B)  Pathway resolution holds it; aggregation depends on centering	ytick	120	False	6	0		120.0			
1	(B)  Pathway resolution holds it; aggregation depends on centering	ytick	140	False	7	0		140.0			
2	(C)  Size explains part of it	line	_child1	True	0	0	0.0	0.813			
2	(C)  Size explains part of it	line	_child1	True	1	0	1.0	0.813			
2	(C)  Size explains part of it	points	_child0	True	0	0	31.0	0.6736			
2	(C)  Size explains part of it	points	_child0	True	1	0	36.0	0.6474			
2	(C)  Size explains part of it	points	_child0	True	2	0	30.0	0.6736			
2	(C)  Size explains part of it	points	_child0	True	3	0	30.0	0.6736			
2	(C)  Size explains part of it	points	_child0	True	4	0	30.0	0.6736			
2	(C)  Size explains part of it	points	_child0	True	5	0	34.0	0.7783			
2	(C)  Size explains part of it	points	_child0	True	6	0	30.0	0.6736			
2	(C)  Size explains part of it	points	_child0	True	7	0	30.0	0.6987			
2	(C)  Size explains part of it	points	_child0	True	8	0	46.0	0.7233			
2	(C)  Size explains part of it	points	_child0	True	9	0	150.0	0.8061			
2	(C)  Size explains part of it	points	_child0	True	10	0	106.0	0.4802			
2	(C)  Size explains part of it	points	_child0	True	11	0	41.0	0.5887			
2	(C)  Size explains part of it	points	_child0	True	12	0	52.0	0.7377			
2	(C)  Size explains part of it	points	_child0	True	13	0	46.0	0.7585			
2	(C)  Size explains part of it	points	_child0	True	14	0	66.0	0.8483			
2	(C)  Size explains part of it	points	_child0	True	15	0	98.0	0.8884			
2	(C)  Size explains part of it	points	_child0	True	16	0	30.0	0.7281			
2	(C)  Size explains part of it	points	_child0	True	17	0	30.0	0.7244			
2	(C)  Size explains part of it	points	_child0	True	18	0	44.0	0.7933			
2	(C)  Size explains part of it	points	_child0	True	19	0	182.0	0.7943			
2	(C)  Size explains part of it	points	_child0	True	20	0	47.0	0.8029			
2	(C)  Size explains part of it	points	_child0	True	21	0	54.0	0.8189			
2	(C)  Size explains part of it	points	_child0	True	22	0	40.0	0.7137			
2	(C)  Size explains part of it	points	_child0	True	23	0	38.0	0.6838			
2	(C)  Size explains part of it	points	_child0	True	24	0	43.0	0.8328			
2	(C)  Size explains part of it	points	_child0	True	25	0	84.0	0.7233			
2	(C)  Size explains part of it	points	_child0	True	26	0	34.0	0.68			
2	(C)  Size explains part of it	points	_child0	True	27	0	30.0	0.6736			
2	(C)  Size explains part of it	points	_child0	True	28	0	118.0	0.7997			
2	(C)  Size explains part of it	points	_child0	True	29	0	56.0	0.7692			
2	(C)  Size explains part of it	points	_child0	True	30	0	104.0	0.7847			
2	(C)  Size explains part of it	points	_child0	True	31	0	33.0	0.8114			
2	(C)  Size explains part of it	points	_child0	True	32	0	70.0	0.6763			
2	(C)  Size explains part of it	points	_child0	True	33	0	31.0	0.8948			
2	(C)  Size explains part of it	points	_child0	True	34	0	78.0	0.7484			
2	(C)  Size explains part of it	points	_child0	True	35	0	257.0	0.7965			
2	(C)  Size explains part of it	points	_child0	True	36	0	232.0	0.7831			
2	(C)  Size explains part of it	points	_child0	True	37	0	31.0	0.7959			
2	(C)  Size explains part of it	points	_child0	True	38	0	36.0	0.8007			
2	(C)  Size explains part of it	points	_child0	True	39	0	74.0	0.6811			
2	(C)  Size explains part of it	points	_child0	True	40	0	55.0	0.7837			
2	(C)  Size explains part of it	points	_child0	True	41	0	34.0	0.3734			
2	(C)  Size explains part of it	points	_child0	True	42	0	30.0	0.5545			
2	(C)  Size explains part of it	points	_child0	True	43	0	30.0	0.6902			
2	(C)  Size explains part of it	points	_child0	True	44	0	30.0	0.6902			
2	(C)  Size explains part of it	points	_child0	True	45	0	147.0	0.8056			
2	(C)  Size explains part of it	points	_child0	True	46	0	33.0	0.7169			
2	(C)  Size explains part of it	points	_child0	True	47	0	34.0	0.734			
2	(C)  Size explains part of it	points	_child0	True	48	0	33.0	0.7345			
2	(C)  Size explains part of it	points	_child0	True	49	0	31.0	0.7003			
2	(C)  Size explains part of it	points	_child0	True	50	0	31.0	0.6736			
2	(C)  Size explains part of it	points	_child0	True	51	0	30.0	0.6752			
2	(C)  Size explains part of it	points	_child0	True	52	0	31.0	0.6944			
2	(C)  Size explains part of it	points	_child0	True	53	0	30.0	0.679			
2	(C)  Size explains part of it	points	_child0	True	54	0	34.0	0.727			
2	(C)  Size explains part of it	points	_child0	True	55	0	57.0	0.6335			
2	(C)  Size explains part of it	points	_child0	True	56	0	230.0	0.836			
2	(C)  Size explains part of it	points	_child0	True	57	0	69.0	0.7596			
2	(C)  Size explains part of it	points	_child0	True	58	0	101.0	0.7196			
2	(C)  Size explains part of it	points	_child0	True	59	0	47.0	0.5208			
2	(C)  Size explains part of it	points	_child0	True	60	0	31.0	0.7137			
2	(C)  Size explains part of it	points	_child0	True	61	0	34.0	0.7399			
2	(C)  Size explains part of it	points	_child0	True	62	0	32.0	0.9081			
2	(C)  Size explains part of it	points	_child0	True	63	0	60.0	0.8894			
2	(C)  Size explains part of it	points	_child0	True	64	0	37.0	0.5657			
2	(C)  Size explains part of it	points	_child0	True	65	0	66.0	0.727			
2	(C)  Size explains part of it	points	_child0	True	66	0	84.0	0.7233			
2	(C)  Size explains part of it	points	_child0	True	67	0	65.0	0.7318			
2	(C)  Size explains part of it	points	_child0	True	68	0	59.0	0.8066			
2	(C)  Size explains part of it	points	_child0	True	69	0	31.0	0.7137			
2	(C)  Size explains part of it	points	_child0	True	70	0	67.0	0.64			
2	(C)  Size explains part of it	points	_child0	True	71	0	39.0	0.7575			
2	(C)  Size explains part of it	points	_child0	True	72	0	73.0	0.7174			
2	(C)  Size explains part of it	points	_child0	True	73	0	39.0	0.6934			
2	(C)  Size explains part of it	points	_child0	True	74	0	36.0	0.7372			
2	(C)  Size explains part of it	points	_child0	True	75	0	39.0	0.7569			
2	(C)  Size explains part of it	points	_child0	True	76	0	58.0	0.7612			
2	(C)  Size explains part of it	points	_child0	True	77	0	30.0	0.679			
2	(C)  Size explains part of it	points	_child0	True	78	0	35.0	0.883			
2	(C)  Size explains part of it	points	_child0	True	79	0	83.0	0.7228			
2	(C)  Size explains part of it	points	_child0	True	80	0	30.0	0.6181			
2	(C)  Size explains part of it	points	_child0	True	81	0	30.0	0.8216			
2	(C)  Size explains part of it	points	_child0	True	82	0	147.0	0.7735			
2	(C)  Size explains part of it	points	_child0	True	83	0	111.0	0.7842			
2	(C)  Size explains part of it	points	_child0	True	84	0	33.0	0.7719			
2	(C)  Size explains part of it	points	_child0	True	85	0	47.0	0.8007			
2	(C)  Size explains part of it	points	_child0	True	86	0	69.0	0.7762			
2	(C)  Size explains part of it	points	_child0	True	87	0	38.0	0.6629			
2	(C)  Size explains part of it	points	_child0	True	88	0	32.0	0.6843			
2	(C)  Size explains part of it	points	_child0	True	89	0	31.0	0.6859			
2	(C)  Size explains part of it	points	_child0	True	90	0	118.0	0.7457			
2	(C)  Size explains part of it	points	_child0	True	91	0	30.0	0.6875			
2	(C)  Size explains part of it	points	_child0	True	92	0	30.0	0.6875			
2	(C)  Size explains part of it	points	_child0	True	93	0	58.0	0.7778			
2	(C)  Size explains part of it	points	_child0	True	94	0	295.0	0.7714			
2	(C)  Size explains part of it	points	_child0	True	95	0	83.0	0.7473			
2	(C)  Size explains part of it	points	_child0	True	96	0	72.0	0.7201			
2	(C)  Size explains part of it	points	_child0	True	97	0	272.0	0.836			
2	(C)  Size explains part of it	points	_child0	True	98	0	54.0	0.8419			
2	(C)  Size explains part of it	points	_child0	True	99	0	42.0	0.7543			
2	(C)  Size explains part of it	points	_child0	True	100	0	38.0	0.7244			
2	(C)  Size explains part of it	points	_child0	True	101	0	34.0	0.8034			
2	(C)  Size explains part of it	points	_child0	True	102	0	31.0	0.8226			
2	(C)  Size explains part of it	points	_child0	True	103	0	53.0	0.8397			
2	(C)  Size explains part of it	points	_child0	True	104	0	59.0	0.766			
2	(C)  Size explains part of it	points	_child0	True	105	0	49.0	0.7254			
2	(C)  Size explains part of it	points	_child0	True	106	0	82.0	0.7233			
2	(C)  Size explains part of it	points	_child0	True	107	0	38.0	0.9108			
2	(C)  Size explains part of it	points	_child0	True	108	0	42.0	0.7885			
2	(C)  Size explains part of it	points	_child0	True	109	0	93.0	0.766			
2	(C)  Size explains part of it	points	_child0	True	110	0	67.0	0.6763			
2	(C)  Size explains part of it	points	_child0	True	111	0	61.0	0.6581			
2	(C)  Size explains part of it	points	_child0	True	112	0	35.0	0.7329			
2	(C)  Size explains part of it	points	_child0	True	113	0	48.0	0.9049			
2	(C)  Size explains part of it	points	_child0	True	114	0	39.0	0.7826			
2	(C)  Size explains part of it	points	_child0	True	115	0	66.0	0.7057			
2	(C)  Size explains part of it	points	_child0	True	116	0	176.0	0.8707			
2	(C)  Size explains part of it	points	_child0	True	117	0	211.0	0.7607			
2	(C)  Size explains part of it	points	_child0	True	118	0	191.0	0.8045			
2	(C)  Size explains part of it	points	_child0	True	119	0	76.0	0.7196			
2	(C)  Size explains part of it	points	_child0	True	120	0	144.0	0.7233			
2	(C)  Size explains part of it	points	_child0	True	121	0	39.0	0.6448			
2	(C)  Size explains part of it	points	_child0	True	122	0	31.0	0.6063			
2	(C)  Size explains part of it	points	_child0	True	123	0	61.0	0.7222			
2	(C)  Size explains part of it	points	_child0	True	124	0	40.0	0.7959			
2	(C)  Size explains part of it	points	_child0	True	125	0	57.0	0.688			
2	(C)  Size explains part of it	points	_child0	True	126	0	32.0	0.4476			
2	(C)  Size explains part of it	points	_child0	True	127	0	69.0	0.7521			
2	(C)  Size explains part of it	points	_child0	True	128	0	38.0	0.7409			
2	(C)  Size explains part of it	points	_child0	True	129	0	58.0	0.7612			
2	(C)  Size explains part of it	points	_child0	True	130	0	69.0	0.7521			
2	(C)  Size explains part of it	points	_child0	True	131	0	38.0	0.7495			
2	(C)  Size explains part of it	points	_child0	True	132	0	37.0	0.89			
2	(C)  Size explains part of it	points	_child0	True	133	0	31.0	0.7003			
2	(C)  Size explains part of it	points	_child0	True	134	0	54.0	0.6656			
2	(C)  Size explains part of it	points	_child0	True	135	0	30.0	0.6859			
2	(C)  Size explains part of it	points	_child0	True	136	0	184.0	0.7949			
2	(C)  Size explains part of it	points	_child0	True	137	0	51.0	0.8932			
2	(C)  Size explains part of it	points	_child0	True	138	0	35.0	0.8819			
2	(C)  Size explains part of it	points	_child0	True	139	0	179.0	0.8884			
2	(C)  Size explains part of it	points	_child0	True	140	0	72.0	0.7313			
2	(C)  Size explains part of it	points	_child0	True	141	0	67.0	0.7297			
2	(C)  Size explains part of it	points	_child0	True	142	0	72.0	0.7313			
2	(C)  Size explains part of it	points	_child0	True	143	0	42.0	0.7324			
2	(C)  Size explains part of it	points	_child0	True	144	0	52.0	0.7901			
2	(C)  Size explains part of it	points	_child0	True	145	0	41.0	0.7746			
2	(C)  Size explains part of it	points	_child0	True	146	0	53.0	0.7623			
2	(C)  Size explains part of it	points	_child0	True	147	0	41.0	0.6811			
2	(C)  Size explains part of it	points	_child0	True	148	0	42.0	0.7885			
2	(C)  Size explains part of it	points	_child0	True	149	0	64.0	0.7228			
2	(C)  Size explains part of it	points	_child0	True	150	0	33.0	0.6426			
2	(C)  Size explains part of it	points	_child0	True	151	0	70.0	0.7361			
2	(C)  Size explains part of it	points	_child0	True	152	0	43.0	0.7329			
2	(C)  Size explains part of it	points	_child0	True	153	0	281.0	0.7858			
2	(C)  Size explains part of it	points	_child0	True	154	0	79.0	0.8013			
2	(C)  Size explains part of it	points	_child0	True	155	0	74.0	0.8098			
2	(C)  Size explains part of it	points	_child0	True	156	0	33.0	0.5732			
2	(C)  Size explains part of it	points	_child0	True	157	0	33.0	0.7933			
2	(C)  Size explains part of it	points	_child0	True	158	0	74.0	0.6052			
2	(C)  Size explains part of it	points	_child0	True	159	0	60.0	0.656			
2	(C)  Size explains part of it	points	_child0	True	160	0	78.0	0.7842			
2	(C)  Size explains part of it	points	_child0	True	161	0	109.0	0.8787			
2	(C)  Size explains part of it	points	_child0	True	162	0	126.0	0.7837			
2	(C)  Size explains part of it	points	_child0	True	163	0	30.0	0.6736			
2	(C)  Size explains part of it	points	_child0	True	164	0	31.0	0.7035			
2	(C)  Size explains part of it	points	_child0	True	165	0	31.0	0.6928			
2	(C)  Size explains part of it	points	_child0	True	166	0	30.0	0.6752			
2	(C)  Size explains part of it	points	_child0	True	167	0	30.0	0.6287			
2	(C)  Size explains part of it	points	_child0	True	168	0	30.0	0.6934			
2	(C)  Size explains part of it	points	_child0	True	169	0	30.0	0.7473			
2	(C)  Size explains part of it	points	_child0	True	170	0	98.0	0.7041			
2	(C)  Size explains part of it	points	_child0	True	171	0	44.0	0.8002			
2	(C)  Size explains part of it	points	_child0	True	172	0	30.0	0.6736			
2	(C)  Size explains part of it	points	_child0	True	173	0	65.0	0.406			
2	(C)  Size explains part of it	points	_child0	True	174	0	64.0	0.7078			
2	(C)  Size explains part of it	points	_child0	True	175	0	44.0	0.7329			
2	(C)  Size explains part of it	points	_child0	True	176	0	46.0	0.7153			
2	(C)  Size explains part of it	points	_child0	True	177	0	36.0	0.7089			
2	(C)  Size explains part of it	points	_child0	True	178	0	117.0	0.7804			
2	(C)  Size explains part of it	points	_child0	True	179	0	56.0	0.7265			
2	(C)  Size explains part of it	points	_child0	True	180	0	47.0	0.7297			
2	(C)  Size explains part of it	points	_child0	True	181	0	83.0	0.7548			
2	(C)  Size explains part of it	points	_child0	True	182	0	31.0	0.7009			
2	(C)  Size explains part of it	points	_child0	True	183	0	61.0	0.7521			
2	(C)  Size explains part of it	points	_child0	True	184	0	73.0	0.7724			
2	(C)  Size explains part of it	points	_child0	True	185	0	32.0	0.7821			
2	(C)  Size explains part of it	points	_child0	True	186	0	74.0	0.766			
2	(C)  Size explains part of it	points	_child0	True	187	0	62.0	0.7233			
2	(C)  Size explains part of it	points	_child0	True	188	0	38.0	0.7516			
2	(C)  Size explains part of it	points	_child0	True	189	0	52.0	0.7099			
2	(C)  Size explains part of it	points	_child0	True	190	0	30.0	0.7569			
2	(C)  Size explains part of it	points	_child0	True	191	0	30.0	0.7569			
2	(C)  Size explains part of it	points	_child0	True	192	0	35.0	0.883			
2	(C)  Size explains part of it	points	_child0	True	193	0	42.0	0.6613			
2	(C)  Size explains part of it	points	_child0	True	194	0	100.0	0.8061			
2	(C)  Size explains part of it	points	_child0	True	195	0	41.0	0.6645			
2	(C)  Size explains part of it	points	_child0	True	196	0	31.0	0.7196			
2	(C)  Size explains part of it	points	_child0	True	197	0	37.0	0.8328			
2	(C)  Size explains part of it	points	_child0	True	198	0	112.0	0.7244			
2	(C)  Size explains part of it	points	_child0	True	199	0	98.0	0.7788			
2	(C)  Size explains part of it	points	_child0	True	200	0	166.0	0.8563			
2	(C)  Size explains part of it	points	_child0	True	201	0	170.0	0.8568			
2	(C)  Size explains part of it	points	_child0	True	202	0	63.0	0.797			
2	(C)  Size explains part of it	points	_child0	True	203	0	37.0	0.7308			
2	(C)  Size explains part of it	points	_child0	True	204	0	33.0	0.7212			
2	(C)  Size explains part of it	points	_child0	True	205	0	41.0	0.711			
2	(C)  Size explains part of it	points	_child0	True	206	0	35.0	0.6875			
2	(C)  Size explains part of it	points	_child0	True	207	0	31.0	0.7003			
2	(C)  Size explains part of it	points	_child0	True	208	0	36.0	0.6613			
2	(C)  Size explains part of it	points	_child0	True	209	0	47.0	0.8504			
2	(C)  Size explains part of it	points	_child0	True	210	0	40.0	0.8007			
2	(C)  Size explains part of it	points	_child0	True	211	0	35.0	0.6084			
2	(C)  Size explains part of it	points	_child0	True	212	0	32.0	0.5817			
2	(C)  Size explains part of it	points	_child0	True	213	0	126.0	0.75			
2	(C)  Size explains part of it	points	_child0	True	214	0	46.0	0.7233			
2	(C)  Size explains part of it	points	_child0	True	215	0	45.0	0.899			
2	(C)  Size explains part of it	points	_child0	True	216	0	132.0	0.6891			
2	(C)  Size explains part of it	points	_child0	True	217	0	62.0	0.8782			
2	(C)  Size explains part of it	points	_child0	True	218	0	33.0	0.6448			
2	(C)  Size explains part of it	points	_child0	True	219	0	48.0	0.6325			
2	(C)  Size explains part of it	points	_child0	True	220	0	185.0	0.8376			
2	(C)  Size explains part of it	points	_child0	True	221	0	30.0	0.6816			
2	(C)  Size explains part of it	points	_child0	True	222	0	239.0	0.7799			
2	(C)  Size explains part of it	points	_child0	True	223	0	63.0	0.7153			
2	(C)  Size explains part of it	points	_child0	True	224	0	70.0	0.8114			
2	(C)  Size explains part of it	points	_child0	True	225	0	70.0	0.8114			
2	(C)  Size explains part of it	points	_child0	True	226	0	68.0	0.7596			
2	(C)  Size explains part of it	points	_child0	True	227	0	67.0	0.7585			
2	(C)  Size explains part of it	points	_child0	True	228	0	30.0	0.8627			
2	(C)  Size explains part of it	points	_child0	True	229	0	35.0	0.7607			
2	(C)  Size explains part of it	points	_child0	True	230	0	37.0	0.7623			
2	(C)  Size explains part of it	points	_child0	True	231	0	30.0	0.7906			
2	(C)  Size explains part of it	points	_child0	True	232	0	57.0	0.8686			
2	(C)  Size explains part of it	points	_child0	True	233	0	48.0	0.8606			
2	(C)  Size explains part of it	points	_child0	True	234	0	30.0	0.8077			
2	(C)  Size explains part of it	points	_child0	True	235	0	55.0	0.7986			
2	(C)  Size explains part of it	points	_child0	True	236	0	44.0	0.7885			
2	(C)  Size explains part of it	points	_child0	True	237	0	36.0	0.359			
2	(C)  Size explains part of it	points	_child0	True	238	0	36.0	0.3729			
2	(C)  Size explains part of it	points	_child0	True	239	0	51.0	0.7869			
2	(C)  Size explains part of it	points	_child0	True	240	0	45.0	0.3718			
2	(C)  Size explains part of it	points	_child0	True	241	0	34.0	0.7425			
2	(C)  Size explains part of it	points	_child0	True	242	0	59.0	0.8884			
2	(C)  Size explains part of it	points	_child0	True	243	0	31.0	0.7746			
2	(C)  Size explains part of it	points	_child0	True	244	0	67.0	0.7308			
2	(C)  Size explains part of it	points	_child0	True	245	0	30.0	0.8328			
2	(C)  Size explains part of it	points	_child0	True	246	0	51.0	0.7933			
2	(C)  Size explains part of it	points	_child0	True	247	0	39.0	0.8499			
2	(C)  Size explains part of it	points	_child0	True	248	0	37.0	0.8734			
2	(C)  Size explains part of it	points	_child0	True	249	0	41.0	0.86			
2	(C)  Size explains part of it	points	_child0	True	250	0	30.0	0.969			
2	(C)  Size explains part of it	points	_child0	True	251	0	32.0	0.5075			
2	(C)  Size explains part of it	points	_child0	True	252	0	30.0	0.6084			
2	(C)  Size explains part of it	points	_child0	True	253	0	44.0	0.688			
2	(C)  Size explains part of it	points	_child0	True	254	0	97.0	0.7569			
2	(C)  Size explains part of it	points	_child0	True	255	0	30.0	0.8889			
2	(C)  Size explains part of it	points	_child0	True	256	0	87.0	0.8184			
2	(C)  Size explains part of it	points	_child0	True	257	0	61.0	0.7869			
2	(C)  Size explains part of it	points	_child0	True	258	0	61.0	0.8034			
2	(C)  Size explains part of it	points	_child0	True	259	0	77.0	0.7286			
2	(C)  Size explains part of it	points	_child0	True	260	0	58.0	0.8996			
2	(C)  Size explains part of it	points	_child0	True	261	0	37.0	0.36			
2	(C)  Size explains part of it	points	_child0	True	262	0	41.0	0.5059			
2	(C)  Size explains part of it	points	_child0	True	263	0	36.0	0.7121			
2	(C)  Size explains part of it	points	_child0	True	264	0	85.0	0.8221			
2	(C)  Size explains part of it	points	_child0	True	265	0	88.0	0.8526			
2	(C)  Size explains part of it	points	_child0	True	266	0	32.0	0.9434			
2	(C)  Size explains part of it	points	_child0	True	267	0	32.0	0.6202			
2	(C)  Size explains part of it	points	_child0	True	268	0	64.0	0.8686			
2	(C)  Size explains part of it	points	_child0	True	269	0	54.0	0.8312			
2	(C)  Size explains part of it	points	_child0	True	270	0	30.0	0.7853			
2	(C)  Size explains part of it	points	_child0	True	271	0	45.0	0.7543			
2	(C)  Size explains part of it	points	_child0	True	272	0	79.0	0.9097			
2	(C)  Size explains part of it	points	_child0	True	273	0	38.0	0.7682			
2	(C)  Size explains part of it	points	_child0	True	274	0	53.0	0.82			
2	(C)  Size explains part of it	points	_child0	True	275	0	31.0	0.8889			
2	(C)  Size explains part of it	points	_child0	True	276	0	47.0	0.7105			
2	(C)  Size explains part of it	points	_child0	True	277	0	79.0	0.7842			
2	(C)  Size explains part of it	points	_child0	True	278	0	35.0	0.3622			
2	(C)  Size explains part of it	points	_child0	True	279	0	70.0	0.7452			
2	(C)  Size explains part of it	points	_child0	True	280	0	39.0	0.8681			
2	(C)  Size explains part of it	points	_child0	True	281	0	39.0	0.7655			
2	(C)  Size explains part of it	points	_child0	True	282	0	31.0	0.836			
2	(C)  Size explains part of it	points	_child0	True	283	0	31.0	0.7447			
2	(C)  Size explains part of it	points	_child0	True	284	0	108.0	0.789			
2	(C)  Size explains part of it	points	_child0	True	285	0	30.0	0.719			
2	(C)  Size explains part of it	points	_child0	True	286	0	40.0	0.7687			
2	(C)  Size explains part of it	points	_child0	True	287	0	32.0	0.8018			
2	(C)  Size explains part of it	points	_child0	True	288	0	48.0	0.8429			
2	(C)  Size explains part of it	points	_child0	True	289	0	39.0	0.8243			
2	(C)  Size explains part of it	points	_child0	True	290	0	58.0	0.8878			
2	(C)  Size explains part of it	points	_child0	True	291	0	38.0	0.7073			
2	(C)  Size explains part of it	points	_child0	True	292	0	82.0	0.8307			
2	(C)  Size explains part of it	points	_child0	True	293	0	36.0	0.7121			
2	(C)  Size explains part of it	points	_child0	True	294	0	32.0	0.7596			
2	(C)  Size explains part of it	points	_child0	True	295	0	70.0	0.8616			
2	(C)  Size explains part of it	points	_child0	True	296	0	30.0	0.8141			
2	(C)  Size explains part of it	points	_child0	True	297	0	76.0	0.7837			
2	(C)  Size explains part of it	points	_child0	True	298	0	49.0	0.8729			
2	(C)  Size explains part of it	points	_child0	True	299	0	48.0	0.7927			
2	(C)  Size explains part of it	points	_child0	True	300	0	48.0	0.797			
2	(C)  Size explains part of it	points	_child0	True	301	0	36.0	0.7618			
2	(C)  Size explains part of it	points	_child0	True	302	0	45.0	0.8355			
2	(C)  Size explains part of it	points	_child0	True	303	0	30.0	0.7457			
2	(C)  Size explains part of it	points	_child0	True	304	0	45.0	0.8066			
2	(C)  Size explains part of it	points	_child0	True	305	0	70.0	0.7468			
2	(C)  Size explains part of it	points	_child0	True	306	0	33.0	0.805			
2	(C)  Size explains part of it	points	_child0	True	307	0	45.0	0.6309			
2	(C)  Size explains part of it	points	_child0	True	308	0	57.0	0.7196			
2	(C)  Size explains part of it	points	_child0	True	309	0	35.0	0.8392			
2	(C)  Size explains part of it	points	_child0	True	310	0	88.0	0.8125			
2	(C)  Size explains part of it	points	_child0	True	311	0	30.0	0.8526			
2	(C)  Size explains part of it	points	_child0	True	312	0	45.0	0.8419			
2	(C)  Size explains part of it	points	_child0	True	313	0	32.0	0.7527			
2	(C)  Size explains part of it	points	_child0	True	314	0	43.0	0.6271			
2	(C)  Size explains part of it	points	_child0	True	315	0	86.0	0.813			
2	(C)  Size explains part of it	points	_child0	True	316	0	42.0	0.8285			
2	(C)  Size explains part of it	points	_child0	True	317	0	59.0	0.7885			
2	(C)  Size explains part of it	points	_child0	True	318	0	85.0	0.7639			
2	(C)  Size explains part of it	points	_child0	True	319	0	32.0	0.6512			
2	(C)  Size explains part of it	points	_child0	True	320	0	45.0	0.7879			
2	(C)  Size explains part of it	points	_child0	True	321	0	74.0	0.7292			
2	(C)  Size explains part of it	points	_child0	True	322	0	53.0	0.812			
2	(C)  Size explains part of it	points	_child0	True	323	0	32.0	0.367			
2	(C)  Size explains part of it	points	_child0	True	324	0	32.0	0.367			
2	(C)  Size explains part of it	points	_child0	True	325	0	38.0	0.8125			
2	(C)  Size explains part of it	points	_child0	True	326	0	126.0	0.7991			
2	(C)  Size explains part of it	points	_child0	True	327	0	31.0	0.7639			
2	(C)  Size explains part of it	points	_child0	True	328	0	32.0	0.8851			
2	(C)  Size explains part of it	points	_child0	True	329	0	35.0	0.9145			
2	(C)  Size explains part of it	points	_child0	True	330	0	131.0	0.8499			
2	(C)  Size explains part of it	points	_child0	True	331	0	47.0	0.9738			
2	(C)  Size explains part of it	points	_child0	True	332	0	70.0	0.8333			
2	(C)  Size explains part of it	points	_child0	True	333	0	84.0	0.9012			
2	(C)  Size explains part of it	points	_child0	True	334	0	31.0	0.8034			
2	(C)  Size explains part of it	points	_child0	True	335	0	116.0	0.8451			
2	(C)  Size explains part of it	points	_child0	True	336	0	30.0	0.6902			
2	(C)  Size explains part of it	points	_child0	True	337	0	33.0	0.906			
2	(C)  Size explains part of it	points	_child0	True	338	0	31.0	0.7041			
2	(C)  Size explains part of it	points	_child0	True	339	0	40.0	0.7949			
2	(C)  Size explains part of it	points	_child0	True	340	0	32.0	0.8189			
2	(C)  Size explains part of it	points	_child0	True	341	0	36.0	0.9696			
2	(C)  Size explains part of it	points	_child0	True	342	0	63.0	0.9391			
2	(C)  Size explains part of it	points	_child0	True	343	0	60.0	0.7949			
2	(C)  Size explains part of it	points	_child0	True	344	0	93.0	0.7329			
2	(C)  Size explains part of it	points	_child0	True	345	0	61.0	0.6506			
2	(C)  Size explains part of it	points	_child0	True	346	0	83.0	0.8681			
2	(C)  Size explains part of it	points	_child0	True	347	0	108.0	0.758			
2	(C)  Size explains part of it	points	_child0	True	348	0	120.0	0.6918			
2	(C)  Size explains part of it	points	_child0	True	349	0	33.0	0.7634			
2	(C)  Size explains part of it	points	_child0	True	350	0	30.0	0.7575			
2	(C)  Size explains part of it	points	_child0	True	351	0	77.0	0.6998			
2	(C)  Size explains part of it	points	_child0	True	352	0	62.0	0.8237			
2	(C)  Size explains part of it	points	_child0	True	353	0	70.0	0.8552			
2	(C)  Size explains part of it	points	_child0	True	354	0	31.0	0.6496			
2	(C)  Size explains part of it	points	_child0	True	355	0	53.0	0.711			
2	(C)  Size explains part of it	points	_child0	True	356	0	36.0	0.7746			
2	(C)  Size explains part of it	points	_child0	True	357	0	32.0	0.8526			
2	(C)  Size explains part of it	points	_child0	True	358	0	32.0	0.8066			
2	(C)  Size explains part of it	points	_child0	True	359	0	55.0	0.758			
2	(C)  Size explains part of it	points	_child0	True	360	0	103.0	0.735			
2	(C)  Size explains part of it	points	_child0	True	361	0	30.0	0.8878			
2	(C)  Size explains part of it	points	_child0	True	362	0	31.0	0.8082			
2	(C)  Size explains part of it	points	_child0	True	363	0	43.0	0.9209			
2	(C)  Size explains part of it	points	_child0	True	364	0	34.0	0.9979			
2	(C)  Size explains part of it	points	_child0	True	365	0	46.0	0.4621			
2	(C)  Size explains part of it	points	_child0	True	366	0	55.0	0.4893			
2	(C)  Size explains part of it	points	_child0	True	367	0	52.0	0.8013			
2	(C)  Size explains part of it	points	_child0	True	368	0	100.0	0.7014			
2	(C)  Size explains part of it	points	_child0	True	369	0	54.0	0.7703			
2	(C)  Size explains part of it	points	_child0	True	370	0	61.0	0.9081			
2	(C)  Size explains part of it	points	_child0	True	371	0	131.0	0.7607			
2	(C)  Size explains part of it	points	_child0	True	372	0	42.0	0.6998			
2	(C)  Size explains part of it	points	_child0	True	373	0	44.0	0.7885			
2	(C)  Size explains part of it	points	_child0	True	374	0	99.0	0.6474			
2	(C)  Size explains part of it	points	_child0	True	375	0	30.0	0.5817			
2	(C)  Size explains part of it	points	_child0	True	376	0	32.0	0.5743			
2	(C)  Size explains part of it	points	_child0	True	377	0	59.0	0.7927			
2	(C)  Size explains part of it	points	_child0	True	378	0	47.0	0.7885			
2	(C)  Size explains part of it	points	_child0	True	379	0	32.0	0.7612			
2	(C)  Size explains part of it	points	_child0	True	380	0	33.0	0.8739			
2	(C)  Size explains part of it	points	_child0	True	381	0	46.0	0.7783			
2	(C)  Size explains part of it	points	_child0	True	382	0	31.0	0.7382			
2	(C)  Size explains part of it	points	_child0	True	383	0	62.0	0.8104			
2	(C)  Size explains part of it	points	_child0	True	384	0	40.0	0.6261			
2	(C)  Size explains part of it	points	_child0	True	385	0	66.0	0.7292			
2	(C)  Size explains part of it	points	_child0	True	386	0	79.0	0.7537			
2	(C)  Size explains part of it	points	_child0	True	387	0	51.0	0.7532			
2	(C)  Size explains part of it	points	_child0	True	388	0	44.0	0.6624			
2	(C)  Size explains part of it	points	_child0	True	389	0	52.0	0.7917			
2	(C)  Size explains part of it	points	_child0	True	390	0	60.0	0.6517			
2	(C)  Size explains part of it	points	_child0	True	391	0	47.0	0.8472			
2	(C)  Size explains part of it	points	_child0	True	392	0	37.0	0.5134			
2	(C)  Size explains part of it	points	_child0	True	393	0	36.0	0.7596			
2	(C)  Size explains part of it	points	_child0	True	394	0	34.0	0.7505			
2	(C)  Size explains part of it	points	_child0	True	395	0	53.0	0.7821			
2	(C)  Size explains part of it	points	_child0	True	396	0	45.0	0.8547			
2	(C)  Size explains part of it	points	_child0	True	397	0	36.0	0.7821			
2	(C)  Size explains part of it	points	_child0	True	398	0	34.0	0.8638			
2	(C)  Size explains part of it	points	_child0	True	399	0	40.0	0.899			
2	(C)  Size explains part of it	points	_child0	True	400	0	86.0	0.7212			
2	(C)  Size explains part of it	points	_child0	True	401	0	33.0	0.8098			
2	(C)  Size explains part of it	points	_child0	True	402	0	47.0	0.8066			
2	(C)  Size explains part of it	points	_child0	True	403	0	54.0	0.9119			
2	(C)  Size explains part of it	points	_child0	True	404	0	44.0	0.875			
2	(C)  Size explains part of it	points	_child0	True	405	0	40.0	0.8777			
2	(C)  Size explains part of it	points	_child0	True	406	0	31.0	0.8889			
2	(C)  Size explains part of it	points	_child0	True	407	0	91.0	0.8499			
2	(C)  Size explains part of it	points	_child0	True	408	0	40.0	0.7404			
2	(C)  Size explains part of it	points	_child0	True	409	0	129.0	0.7965			
2	(C)  Size explains part of it	points	_child0	True	410	0	49.0	0.765			
2	(C)  Size explains part of it	points	_child0	True	411	0	71.0	0.7938			
2	(C)  Size explains part of it	points	_child0	True	412	0	93.0	0.6907			
2	(C)  Size explains part of it	points	_child0	True	413	0	121.0	0.5011			
2	(C)  Size explains part of it	points	_child0	True	414	0	67.0	0.7217			
2	(C)  Size explains part of it	points	_child0	True	415	0	33.0	0.7762			
2	(C)  Size explains part of it	points	_child0	True	416	0	34.0	0.8707			
2	(C)  Size explains part of it	points	_child0	True	417	0	47.0	0.8323			
2	(C)  Size explains part of it	points	_child0	True	418	0	37.0	0.7853			
2	(C)  Size explains part of it	points	_child0	True	419	0	33.0	0.7334			
2	(C)  Size explains part of it	points	_child0	True	420	0	39.0	0.7431			
2	(C)  Size explains part of it	points	_child0	True	421	0	44.0	0.7222			
2	(C)  Size explains part of it	text	Spearman $\rho$ = +0.198	False	0	0	0.97	0.05			
2	(C)  Size explains part of it	xtick	0	False	0	0	0.0				
2	(C)  Size explains part of it	xtick	100	False	1	0	100.0				
2	(C)  Size explains part of it	xtick	200	False	2	0	200.0				
2	(C)  Size explains part of it	xtick	300	False	3	0	300.0				
2	(C)  Size explains part of it	xtick	400	False	4	0	400.0				
2	(C)  Size explains part of it	ytick	0.3	False	0	0		0.30000000000000004			
2	(C)  Size explains part of it	ytick	0.4	False	1	0		0.4			
2	(C)  Size explains part of it	ytick	0.5	False	2	0		0.5			
2	(C)  Size explains part of it	ytick	0.6	False	3	0		0.6000000000000001			
2	(C)  Size explains part of it	ytick	0.7	False	4	0		0.7000000000000001			
2	(C)  Size explains part of it	ytick	0.8	False	5	0		0.8			
2	(C)  Size explains part of it	ytick	0.9	False	6	0		0.9000000000000001			
2	(C)  Size explains part of it	ytick	1.0	False	7	0		1.0			
2	(C)  Size explains part of it	ytick	1.1	False	8	0		1.1			
3	(D)  Removing each state's mean change before averaging reverses what pathway means show	line	_child0	True	0	0	0.0	0.7591			
3	(D)  Removing each state's mean change before averaging reverses what pathway means show	line	_child0	True	1	0	1.0	0.7505			
3	(D)  Removing each state's mean change before averaging reverses what pathway means show	line	_child0	True	2	0	2.0	0.9007			
3	(D)  Removing each state's mean change before averaging reverses what pathway means show	line	_child1	True	0	0	0.0	0.7937			
3	(D)  Removing each state's mean change before averaging reverses what pathway means show	line	_child1	True	1	0	1.0	0.7855			
3	(D)  Removing each state's mean change before averaging reverses what pathway means show	line	_child1	True	2	0	2.0	0.8884			
3	(D)  Removing each state's mean change before averaging reverses what pathway means show	line	_child2	True	0	0	0.0	0.7898			
3	(D)  Removing each state's mean change before averaging reverses what pathway means show	line	_child2	True	1	0	1.0	0.7765			
3	(D)  Removing each state's mean change before averaging reverses what pathway means show	line	_child2	True	2	0	2.0	0.9303			
3	(D)  Removing each state's mean change before averaging reverses what pathway means show	line	_child3	True	0	0	0.0	0.8574			
3	(D)  Removing each state's mean change before averaging reverses what pathway means show	line	_child3	True	1	0	1.0	0.8515			
3	(D)  Removing each state's mean change before averaging reverses what pathway means show	line	_child3	True	2	0	2.0	0.8671			
3	(D)  Removing each state's mean change before averaging reverses what pathway means show	line	_child4	True	0	0	0.0	-0.0332			
3	(D)  Removing each state's mean change before averaging reverses what pathway means show	line	_child4	True	1	0	1.0	0.0338			
3	(D)  Removing each state's mean change before averaging reverses what pathway means show	line	_child4	True	2	0	2.0	0.1312			
3	(D)  Removing each state's mean change before averaging reverses what pathway means show	line	_child5	True	0	0	0.0	0.3414			
3	(D)  Removing each state's mean change before averaging reverses what pathway means show	line	_child5	True	1	0	1.0	0.3678			
3	(D)  Removing each state's mean change before averaging reverses what pathway means show	line	_child5	True	2	0	2.0	0.7389			
3	(D)  Removing each state's mean change before averaging reverses what pathway means show	line	_child6	True	0	0	0.0	0.7145			
3	(D)  Removing each state's mean change before averaging reverses what pathway means show	line	_child6	True	1	0	1.0	0.6939			
3	(D)  Removing each state's mean change before averaging reverses what pathway means show	line	_child6	True	2	0	2.0	0.9438			
3	(D)  Removing each state's mean change before averaging reverses what pathway means show	line	_child7	True	0	0	0.0	0.7021			
3	(D)  Removing each state's mean change before averaging reverses what pathway means show	line	_child7	True	1	0	1.0	0.6761			
3	(D)  Removing each state's mean change before averaging reverses what pathway means show	line	_child7	True	2	0	2.0	0.9035			
3	(D)  Removing each state's mean change before averaging reverses what pathway means show	line	_child8	True	0	0	0.0	0.7273			
3	(D)  Removing each state's mean change before averaging reverses what pathway means show	line	_child8	True	1	0	1.0	0.7251			
3	(D)  Removing each state's mean change before averaging reverses what pathway means show	line	_child8	True	2	0	2.0	0.8696			
3	(D)  Removing each state's mean change before averaging reverses what pathway means show	line	_child9	True	0	0	0.0	0.6827			
3	(D)  Removing each state's mean change before averaging reverses what pathway means show	line	_child9	True	1	0	1.0	0.6493			
3	(D)  Removing each state's mean change before averaging reverses what pathway means show	line	_child9	True	2	0	2.0	0.8533			
3	(D)  Removing each state's mean change before averaging reverses what pathway means show	line	_child10	True	0	0	0.0	0.4543			
3	(D)  Removing each state's mean change before averaging reverses what pathway means show	line	_child10	True	1	0	1.0	0.432			
3	(D)  Removing each state's mean change before averaging reverses what pathway means show	line	_child10	True	2	0	2.0	0.5634			
3	(D)  Removing each state's mean change before averaging reverses what pathway means show	line	_child11	True	0	0	0.0	0.595			
3	(D)  Removing each state's mean change before averaging reverses what pathway means show	line	_child11	True	1	0	1.0	0.557			
3	(D)  Removing each state's mean change before averaging reverses what pathway means show	line	_child11	True	2	0	2.0	0.6516			
3	(D)  Removing each state's mean change before averaging reverses what pathway means show	line	_child12	True	0	0	0.0	0.5505			
3	(D)  Removing each state's mean change before averaging reverses what pathway means show	line	_child12	True	1	0	1.0	0.4996			
3	(D)  Removing each state's mean change before averaging reverses what pathway means show	line	_child12	True	2	0	2.0	0.7019			
3	(D)  Removing each state's mean change before averaging reverses what pathway means show	line	_child13	True	0	0	0.0	0.1023			
3	(D)  Removing each state's mean change before averaging reverses what pathway means show	line	_child13	True	1	0	1.0	0.1809			
3	(D)  Removing each state's mean change before averaging reverses what pathway means show	line	_child13	True	2	0	2.0	0.3337			
3	(D)  Removing each state's mean change before averaging reverses what pathway means show	line	_child14	True	0	0	0.0	0.3785			
3	(D)  Removing each state's mean change before averaging reverses what pathway means show	line	_child14	True	1	0	1.0	0.4064			
3	(D)  Removing each state's mean change before averaging reverses what pathway means show	line	_child14	True	2	0	2.0	0.7787			
3	(D)  Removing each state's mean change before averaging reverses what pathway means show	line	_child15	True	0	0	0.0	0.8677			
3	(D)  Removing each state's mean change before averaging reverses what pathway means show	line	_child15	True	1	0	1.0	0.865			
3	(D)  Removing each state's mean change before averaging reverses what pathway means show	line	_child15	True	2	0	2.0	0.9729			
3	(D)  Removing each state's mean change before averaging reverses what pathway means show	line	_child16	True	0	0	0.0	0.8379			
3	(D)  Removing each state's mean change before averaging reverses what pathway means show	line	_child16	True	1	0	1.0	0.8286			
3	(D)  Removing each state's mean change before averaging reverses what pathway means show	line	_child16	True	2	0	2.0	0.934			
3	(D)  Removing each state's mean change before averaging reverses what pathway means show	line	_child17	True	0	0	0.0	0.8577			
3	(D)  Removing each state's mean change before averaging reverses what pathway means show	line	_child17	True	1	0	1.0	0.8678			
3	(D)  Removing each state's mean change before averaging reverses what pathway means show	line	_child17	True	2	0	2.0	0.9481			
3	(D)  Removing each state's mean change before averaging reverses what pathway means show	line	_child18	True	0	0	0.0	0.8841			
3	(D)  Removing each state's mean change before averaging reverses what pathway means show	line	_child18	True	1	0	1.0	0.8771			
3	(D)  Removing each state's mean change before averaging reverses what pathway means show	line	_child18	True	2	0	2.0	0.9571			
3	(D)  Removing each state's mean change before averaging reverses what pathway means show	line	_child19	True	0	0	0.0	0.7066			
3	(D)  Removing each state's mean change before averaging reverses what pathway means show	line	_child19	True	1	0	1.0	0.7092			
3	(D)  Removing each state's mean change before averaging reverses what pathway means show	line	_child19	True	2	0	2.0	0.7594			
3	(D)  Removing each state's mean change before averaging reverses what pathway means show	line	_child20	True	0	0	0.0	0.8365			
3	(D)  Removing each state's mean change before averaging reverses what pathway means show	line	_child20	True	1	0	1.0	0.8284			
3	(D)  Removing each state's mean change before averaging reverses what pathway means show	line	_child20	True	2	0	2.0	0.8314			
3	(D)  Removing each state's mean change before averaging reverses what pathway means show	line	_child21	True	0	0	0.0	0.7041			
3	(D)  Removing each state's mean change before averaging reverses what pathway means show	line	_child21	True	1	0	1.0	0.6739			
3	(D)  Removing each state's mean change before averaging reverses what pathway means show	line	_child21	True	2	0	2.0	0.7627			
3	(D)  Removing each state's mean change before averaging reverses what pathway means show	line	_child22	True	0	0	0.0	0.0839			
3	(D)  Removing each state's mean change before averaging reverses what pathway means show	line	_child22	True	1	0	1.0	0.1545			
3	(D)  Removing each state's mean change before averaging reverses what pathway means show	line	_child22	True	2	0	2.0	0.1849			
3	(D)  Removing each state's mean change before averaging reverses what pathway means show	line	_child23	True	0	0	0.0	0.3577			
3	(D)  Removing each state's mean change before averaging reverses what pathway means show	line	_child23	True	1	0	1.0	0.3799			
3	(D)  Removing each state's mean change before averaging reverses what pathway means show	line	_child23	True	2	0	2.0	0.6615			
3	(D)  Removing each state's mean change before averaging reverses what pathway means show	line	_child24	True	0	0	0.0	0.8416			
3	(D)  Removing each state's mean change before averaging reverses what pathway means show	line	_child24	True	1	0	1.0	0.8333			
3	(D)  Removing each state's mean change before averaging reverses what pathway means show	line	_child24	True	2	0	2.0	0.9448			
3	(D)  Removing each state's mean change before averaging reverses what pathway means show	line	_child25	True	0	0	0.0	0.8669			
3	(D)  Removing each state's mean change before averaging reverses what pathway means show	line	_child25	True	1	0	1.0	0.8588			
3	(D)  Removing each state's mean change before averaging reverses what pathway means show	line	_child25	True	2	0	2.0	0.9594			
3	(D)  Removing each state's mean change before averaging reverses what pathway means show	line	_child26	True	0	0	0.0	0.8739			
3	(D)  Removing each state's mean change before averaging reverses what pathway means show	line	_child26	True	1	0	1.0	0.881			
3	(D)  Removing each state's mean change before averaging reverses what pathway means show	line	_child26	True	2	0	2.0	0.929			
3	(D)  Removing each state's mean change before averaging reverses what pathway means show	line	_child27	True	0	0	0.0	0.861			
3	(D)  Removing each state's mean change before averaging reverses what pathway means show	line	_child27	True	1	0	1.0	0.8494			
3	(D)  Removing each state's mean change before averaging reverses what pathway means show	line	_child27	True	2	0	2.0	0.897			
3	(D)  Removing each state's mean change before averaging reverses what pathway means show	line	_child28	True	0	0	0.0	0.6647			
3	(D)  Removing each state's mean change before averaging reverses what pathway means show	line	_child28	True	1	0	1.0	0.6601			
3	(D)  Removing each state's mean change before averaging reverses what pathway means show	line	_child28	True	2	0	2.0	0.6024			
3	(D)  Removing each state's mean change before averaging reverses what pathway means show	line	_child29	True	0	0	0.0	0.7863			
3	(D)  Removing each state's mean change before averaging reverses what pathway means show	line	_child29	True	1	0	1.0	0.7705			
3	(D)  Removing each state's mean change before averaging reverses what pathway means show	line	_child29	True	2	0	2.0	0.6588			
3	(D)  Removing each state's mean change before averaging reverses what pathway means show	line	_child30	True	0	0	0.0	0.7178			
3	(D)  Removing each state's mean change before averaging reverses what pathway means show	line	_child30	True	1	0	1.0	0.6896			
3	(D)  Removing each state's mean change before averaging reverses what pathway means show	line	_child30	True	2	0	2.0	0.7798			
3	(D)  Removing each state's mean change before averaging reverses what pathway means show	line	_child31	True	0	0	0.0	0.2556			
3	(D)  Removing each state's mean change before averaging reverses what pathway means show	line	_child31	True	1	0	1.0	0.3156			
3	(D)  Removing each state's mean change before averaging reverses what pathway means show	line	_child31	True	2	0	2.0	0.506			
3	(D)  Removing each state's mean change before averaging reverses what pathway means show	line	_child32	True	0	0	0.0	0.3444			
3	(D)  Removing each state's mean change before averaging reverses what pathway means show	line	_child32	True	1	0	1.0	0.3552			
3	(D)  Removing each state's mean change before averaging reverses what pathway means show	line	_child32	True	2	0	2.0	0.6268			
3	(D)  Removing each state's mean change before averaging reverses what pathway means show	line	_child33	True	0	0	0.0	0.6075			
3	(D)  Removing each state's mean change before averaging reverses what pathway means show	line	_child33	True	1	0	1.0	0.5793			
3	(D)  Removing each state's mean change before averaging reverses what pathway means show	line	_child33	True	2	0	2.0	0.7146			
3	(D)  Removing each state's mean change before averaging reverses what pathway means show	line	_child34	True	0	0	0.0	0.7242			
3	(D)  Removing each state's mean change before averaging reverses what pathway means show	line	_child34	True	1	0	1.0	0.703			
3	(D)  Removing each state's mean change before averaging reverses what pathway means show	line	_child34	True	2	0	2.0	0.8528			
3	(D)  Removing each state's mean change before averaging reverses what pathway means show	line	_child35	True	0	0	0.0	0.7253			
3	(D)  Removing each state's mean change before averaging reverses what pathway means show	line	_child35	True	1	0	1.0	0.7136			
3	(D)  Removing each state's mean change before averaging reverses what pathway means show	line	_child35	True	2	0	2.0	0.8718			
3	(D)  Removing each state's mean change before averaging reverses what pathway means show	line	_child36	True	0	0	0.0	0.8084			
3	(D)  Removing each state's mean change before averaging reverses what pathway means show	line	_child36	True	1	0	1.0	0.7926			
3	(D)  Removing each state's mean change before averaging reverses what pathway means show	line	_child36	True	2	0	2.0	0.8629			
3	(D)  Removing each state's mean change before averaging reverses what pathway means show	line	_child37	True	0	0	0.0	0.7578			
3	(D)  Removing each state's mean change before averaging reverses what pathway means show	line	_child37	True	1	0	1.0	0.7524			
3	(D)  Removing each state's mean change before averaging reverses what pathway means show	line	_child37	True	2	0	2.0	0.7861			
3	(D)  Removing each state's mean change before averaging reverses what pathway means show	line	_child38	True	0	0	0.0	0.7901			
3	(D)  Removing each state's mean change before averaging reverses what pathway means show	line	_child38	True	1	0	1.0	0.7747			
3	(D)  Removing each state's mean change before averaging reverses what pathway means show	line	_child38	True	2	0	2.0	0.7562			
3	(D)  Removing each state's mean change before averaging reverses what pathway means show	line	_child40	True	0	0	-0.08	0.7242			
3	(D)  Removing each state's mean change before averaging reverses what pathway means show	line	_child40	True	1	0	0.08	0.7242			
3	(D)  Removing each state's mean change before averaging reverses what pathway means show	line	_child43	True	0	0	0.92	0.7092			
3	(D)  Removing each state's mean change before averaging reverses what pathway means show	line	_child43	True	1	0	1.08	0.7092			
3	(D)  Removing each state's mean change before averaging reverses what pathway means show	line	_child46	True	0	0	1.92	0.8314			
3	(D)  Removing each state's mean change before averaging reverses what pathway means show	line	_child46	True	1	0	2.08	0.8314			
3	(D)  Removing each state's mean change before averaging reverses what pathway means show	line	_child49	True	0	0	2.92	0.8698			
3	(D)  Removing each state's mean change before averaging reverses what pathway means show	line	_child49	True	1	0	3.08	0.8698			
3	(D)  Removing each state's mean change before averaging reverses what pathway means show	line	_child51	True	0	0	0.0	0.2864			
3	(D)  Removing each state's mean change before averaging reverses what pathway means show	line	_child51	True	1	0	1.0	0.4075			
3	(D)  Removing each state's mean change before averaging reverses what pathway means show	line	_child51	True	2	0	2.0	0.8989			
3	(D)  Removing each state's mean change before averaging reverses what pathway means show	line	_child52	True	0	0	0.0	0.4703			
3	(D)  Removing each state's mean change before averaging reverses what pathway means show	line	_child52	True	1	0	1.0	0.6071			
3	(D)  Removing each state's mean change before averaging reverses what pathway means show	line	_child52	True	2	0	2.0	0.9272			
3	(D)  Removing each state's mean change before averaging reverses what pathway means show	line	_child53	True	0	0	0.0	0.4491			
3	(D)  Removing each state's mean change before averaging reverses what pathway means show	line	_child53	True	1	0	1.0	0.5715			
3	(D)  Removing each state's mean change before averaging reverses what pathway means show	line	_child53	True	2	0	2.0	0.9476			
3	(D)  Removing each state's mean change before averaging reverses what pathway means show	line	_child54	True	0	0	0.0	0.2537			
3	(D)  Removing each state's mean change before averaging reverses what pathway means show	line	_child54	True	1	0	1.0	0.2296			
3	(D)  Removing each state's mean change before averaging reverses what pathway means show	line	_child54	True	2	0	2.0	0.2794			
3	(D)  Removing each state's mean change before averaging reverses what pathway means show	line	_child55	True	0	0	0.0	0.2922			
3	(D)  Removing each state's mean change before averaging reverses what pathway means show	line	_child55	True	1	0	1.0	0.3004			
3	(D)  Removing each state's mean change before averaging reverses what pathway means show	line	_child55	True	2	0	2.0	0.6975			
3	(D)  Removing each state's mean change before averaging reverses what pathway means show	line	_child56	True	0	0	0.0	0.4599			
3	(D)  Removing each state's mean change before averaging reverses what pathway means show	line	_child56	True	1	0	1.0	0.5351			
3	(D)  Removing each state's mean change before averaging reverses what pathway means show	line	_child56	True	2	0	2.0	0.9173			
3	(D)  Removing each state's mean change before averaging reverses what pathway means show	line	_child57	True	0	0	0.0	0.4829			
3	(D)  Removing each state's mean change before averaging reverses what pathway means show	line	_child57	True	1	0	1.0	0.5645			
3	(D)  Removing each state's mean change before averaging reverses what pathway means show	line	_child57	True	2	0	2.0	0.9468			
3	(D)  Removing each state's mean change before averaging reverses what pathway means show	line	_child58	True	0	0	0.0	0.5089			
3	(D)  Removing each state's mean change before averaging reverses what pathway means show	line	_child58	True	1	0	1.0	0.5669			
3	(D)  Removing each state's mean change before averaging reverses what pathway means show	line	_child58	True	2	0	2.0	0.9284			
3	(D)  Removing each state's mean change before averaging reverses what pathway means show	line	_child59	True	0	0	0.0	0.5134			
3	(D)  Removing each state's mean change before averaging reverses what pathway means show	line	_child59	True	1	0	1.0	0.6037			
3	(D)  Removing each state's mean change before averaging reverses what pathway means show	line	_child59	True	2	0	2.0	0.9172			
3	(D)  Removing each state's mean change before averaging reverses what pathway means show	line	_child60	True	0	0	0.0	0.4984			
3	(D)  Removing each state's mean change before averaging reverses what pathway means show	line	_child60	True	1	0	1.0	0.5476			
3	(D)  Removing each state's mean change before averaging reverses what pathway means show	line	_child60	True	2	0	2.0	0.6815			
3	(D)  Removing each state's mean change before averaging reverses what pathway means show	line	_child61	True	0	0	0.0	0.472			
3	(D)  Removing each state's mean change before averaging reverses what pathway means show	line	_child61	True	1	0	1.0	0.5506			
3	(D)  Removing each state's mean change before averaging reverses what pathway means show	line	_child61	True	2	0	2.0	0.7213			
3	(D)  Removing each state's mean change before averaging reverses what pathway means show	line	_child62	True	0	0	0.0	0.5035			
3	(D)  Removing each state's mean change before averaging reverses what pathway means show	line	_child62	True	1	0	1.0	0.5926			
3	(D)  Removing each state's mean change before averaging reverses what pathway means show	line	_child62	True	2	0	2.0	0.8482			
3	(D)  Removing each state's mean change before averaging reverses what pathway means show	line	_child63	True	0	0	0.0	0.3462			
3	(D)  Removing each state's mean change before averaging reverses what pathway means show	line	_child63	True	1	0	1.0	0.4951			
3	(D)  Removing each state's mean change before averaging reverses what pathway means show	line	_child63	True	2	0	2.0	0.9275			
3	(D)  Removing each state's mean change before averaging reverses what pathway means show	line	_child64	True	0	0	0.0	0.4984			
3	(D)  Removing each state's mean change before averaging reverses what pathway means show	line	_child64	True	1	0	1.0	0.66			
3	(D)  Removing each state's mean change before averaging reverses what pathway means show	line	_child64	True	2	0	2.0	0.9554			
3	(D)  Removing each state's mean change before averaging reverses what pathway means show	line	_child65	True	0	0	0.0	0.4801			
3	(D)  Removing each state's mean change before averaging reverses what pathway means show	line	_child65	True	1	0	1.0	0.6259			
3	(D)  Removing each state's mean change before averaging reverses what pathway means show	line	_child65	True	2	0	2.0	0.9304			
3	(D)  Removing each state's mean change before averaging reverses what pathway means show	line	_child66	True	0	0	0.0	0.193			
3	(D)  Removing each state's mean change before averaging reverses what pathway means show	line	_child66	True	1	0	1.0	0.1621			
3	(D)  Removing each state's mean change before averaging reverses what pathway means show	line	_child66	True	2	0	2.0	0.2642			
3	(D)  Removing each state's mean change before averaging reverses what pathway means show	line	_child67	True	0	0	0.0	0.3029			
3	(D)  Removing each state's mean change before averaging reverses what pathway means show	line	_child67	True	1	0	1.0	0.3144			
3	(D)  Removing each state's mean change before averaging reverses what pathway means show	line	_child67	True	2	0	2.0	0.7493			
3	(D)  Removing each state's mean change before averaging reverses what pathway means show	line	_child68	True	0	0	0.0	0.5176			
3	(D)  Removing each state's mean change before averaging reverses what pathway means show	line	_child68	True	1	0	1.0	0.6107			
3	(D)  Removing each state's mean change before averaging reverses what pathway means show	line	_child68	True	2	0	2.0	0.9502			
3	(D)  Removing each state's mean change before averaging reverses what pathway means show	line	_child69	True	0	0	0.0	0.5101			
3	(D)  Removing each state's mean change before averaging reverses what pathway means show	line	_child69	True	1	0	1.0	0.6087			
3	(D)  Removing each state's mean change before averaging reverses what pathway means show	line	_child69	True	2	0	2.0	0.9282			
3	(D)  Removing each state's mean change before averaging reverses what pathway means show	line	_child70	True	0	0	0.0	0.5482			
3	(D)  Removing each state's mean change before averaging reverses what pathway means show	line	_child70	True	1	0	1.0	0.6203			
3	(D)  Removing each state's mean change before averaging reverses what pathway means show	line	_child70	True	2	0	2.0	0.9123			
3	(D)  Removing each state's mean change before averaging reverses what pathway means show	line	_child71	True	0	0	0.0	0.5116			
3	(D)  Removing each state's mean change before averaging reverses what pathway means show	line	_child71	True	1	0	1.0	0.618			
3	(D)  Removing each state's mean change before averaging reverses what pathway means show	line	_child71	True	2	0	2.0	0.9134			
3	(D)  Removing each state's mean change before averaging reverses what pathway means show	line	_child72	True	0	0	0.0	0.4698			
3	(D)  Removing each state's mean change before averaging reverses what pathway means show	line	_child72	True	1	0	1.0	0.5286			
3	(D)  Removing each state's mean change before averaging reverses what pathway means show	line	_child72	True	2	0	2.0	0.6904			
3	(D)  Removing each state's mean change before averaging reverses what pathway means show	line	_child73	True	0	0	0.0	0.4841			
3	(D)  Removing each state's mean change before averaging reverses what pathway means show	line	_child73	True	1	0	1.0	0.5783			
3	(D)  Removing each state's mean change before averaging reverses what pathway means show	line	_child73	True	2	0	2.0	0.7533			
3	(D)  Removing each state's mean change before averaging reverses what pathway means show	line	_child74	True	0	0	0.0	0.4416			
3	(D)  Removing each state's mean change before averaging reverses what pathway means show	line	_child74	True	1	0	1.0	0.5425			
3	(D)  Removing each state's mean change before averaging reverses what pathway means show	line	_child74	True	2	0	2.0	0.79			
3	(D)  Removing each state's mean change before averaging reverses what pathway means show	line	_child75	True	0	0	0.0	0.186			
3	(D)  Removing each state's mean change before averaging reverses what pathway means show	line	_child75	True	1	0	1.0	0.3751			
3	(D)  Removing each state's mean change before averaging reverses what pathway means show	line	_child75	True	2	0	2.0	0.8901			
3	(D)  Removing each state's mean change before averaging reverses what pathway means show	line	_child76	True	0	0	0.0	0.4121			
3	(D)  Removing each state's mean change before averaging reverses what pathway means show	line	_child76	True	1	0	1.0	0.6305			
3	(D)  Removing each state's mean change before averaging reverses what pathway means show	line	_child76	True	2	0	2.0	0.8996			
3	(D)  Removing each state's mean change before averaging reverses what pathway means show	line	_child77	True	0	0	0.0	0.4132			
3	(D)  Removing each state's mean change before averaging reverses what pathway means show	line	_child77	True	1	0	1.0	0.6148			
3	(D)  Removing each state's mean change before averaging reverses what pathway means show	line	_child77	True	2	0	2.0	0.9117			
3	(D)  Removing each state's mean change before averaging reverses what pathway means show	line	_child78	True	0	0	0.0	0.1995			
3	(D)  Removing each state's mean change before averaging reverses what pathway means show	line	_child78	True	1	0	1.0	0.1563			
3	(D)  Removing each state's mean change before averaging reverses what pathway means show	line	_child78	True	2	0	2.0	0.1227			
3	(D)  Removing each state's mean change before averaging reverses what pathway means show	line	_child79	True	0	0	0.0	0.2598			
3	(D)  Removing each state's mean change before averaging reverses what pathway means show	line	_child79	True	1	0	1.0	0.2805			
3	(D)  Removing each state's mean change before averaging reverses what pathway means show	line	_child79	True	2	0	2.0	0.683			
3	(D)  Removing each state's mean change before averaging reverses what pathway means show	line	_child80	True	0	0	0.0	0.4576			
3	(D)  Removing each state's mean change before averaging reverses what pathway means show	line	_child80	True	1	0	1.0	0.5941			
3	(D)  Removing each state's mean change before averaging reverses what pathway means show	line	_child80	True	2	0	2.0	0.921			
3	(D)  Removing each state's mean change before averaging reverses what pathway means show	line	_child81	True	0	0	0.0	0.4251			
3	(D)  Removing each state's mean change before averaging reverses what pathway means show	line	_child81	True	1	0	1.0	0.566			
3	(D)  Removing each state's mean change before averaging reverses what pathway means show	line	_child81	True	2	0	2.0	0.8737			
3	(D)  Removing each state's mean change before averaging reverses what pathway means show	line	_child82	True	0	0	0.0	0.4459			
3	(D)  Removing each state's mean change before averaging reverses what pathway means show	line	_child82	True	1	0	1.0	0.5519			
3	(D)  Removing each state's mean change before averaging reverses what pathway means show	line	_child82	True	2	0	2.0	0.8167			
3	(D)  Removing each state's mean change before averaging reverses what pathway means show	line	_child83	True	0	0	0.0	0.3996			
3	(D)  Removing each state's mean change before averaging reverses what pathway means show	line	_child83	True	1	0	1.0	0.5476			
3	(D)  Removing each state's mean change before averaging reverses what pathway means show	line	_child83	True	2	0	2.0	0.8153			
3	(D)  Removing each state's mean change before averaging reverses what pathway means show	line	_child84	True	0	0	0.0	0.3721			
3	(D)  Removing each state's mean change before averaging reverses what pathway means show	line	_child84	True	1	0	1.0	0.4594			
3	(D)  Removing each state's mean change before averaging reverses what pathway means show	line	_child84	True	2	0	2.0	0.5176			
3	(D)  Removing each state's mean change before averaging reverses what pathway means show	line	_child85	True	0	0	0.0	0.3712			
3	(D)  Removing each state's mean change before averaging reverses what pathway means show	line	_child85	True	1	0	1.0	0.5033			
3	(D)  Removing each state's mean change before averaging reverses what pathway means show	line	_child85	True	2	0	2.0	0.598			
3	(D)  Removing each state's mean change before averaging reverses what pathway means show	line	_child86	True	0	0	0.0	0.2948			
3	(D)  Removing each state's mean change before averaging reverses what pathway means show	line	_child86	True	1	0	1.0	0.4308			
3	(D)  Removing each state's mean change before averaging reverses what pathway means show	line	_child86	True	2	0	2.0	0.6393			
3	(D)  Removing each state's mean change before averaging reverses what pathway means show	line	_child87	True	0	0	0.0	0.3255			
3	(D)  Removing each state's mean change before averaging reverses what pathway means show	line	_child87	True	1	0	1.0	0.4482			
3	(D)  Removing each state's mean change before averaging reverses what pathway means show	line	_child87	True	2	0	2.0	0.859			
3	(D)  Removing each state's mean change before averaging reverses what pathway means show	line	_child88	True	0	0	0.0	0.4725			
3	(D)  Removing each state's mean change before averaging reverses what pathway means show	line	_child88	True	1	0	1.0	0.6065			
3	(D)  Removing each state's mean change before averaging reverses what pathway means show	line	_child88	True	2	0	2.0	0.805			
3	(D)  Removing each state's mean change before averaging reverses what pathway means show	line	_child89	True	0	0	0.0	0.4939			
3	(D)  Removing each state's mean change before averaging reverses what pathway means show	line	_child89	True	1	0	1.0	0.6179			
3	(D)  Removing each state's mean change before averaging reverses what pathway means show	line	_child89	True	2	0	2.0	0.9281			
3	(D)  Removing each state's mean change before averaging reverses what pathway means show	line	_child90	True	0	0	0.0	0.2137			
3	(D)  Removing each state's mean change before averaging reverses what pathway means show	line	_child90	True	1	0	1.0	0.1888			
3	(D)  Removing each state's mean change before averaging reverses what pathway means show	line	_child90	True	2	0	2.0	-0.0673			
3	(D)  Removing each state's mean change before averaging reverses what pathway means show	line	_child91	True	0	0	0.0	0.2648			
3	(D)  Removing each state's mean change before averaging reverses what pathway means show	line	_child91	True	1	0	1.0	0.2721			
3	(D)  Removing each state's mean change before averaging reverses what pathway means show	line	_child91	True	2	0	2.0	0.493			
3	(D)  Removing each state's mean change before averaging reverses what pathway means show	line	_child92	True	0	0	0.0	0.506			
3	(D)  Removing each state's mean change before averaging reverses what pathway means show	line	_child92	True	1	0	1.0	0.5817			
3	(D)  Removing each state's mean change before averaging reverses what pathway means show	line	_child92	True	2	0	2.0	0.8498			
3	(D)  Removing each state's mean change before averaging reverses what pathway means show	line	_child93	True	0	0	0.0	0.5163			
3	(D)  Removing each state's mean change before averaging reverses what pathway means show	line	_child93	True	1	0	1.0	0.5977			
3	(D)  Removing each state's mean change before averaging reverses what pathway means show	line	_child93	True	2	0	2.0	0.852			
3	(D)  Removing each state's mean change before averaging reverses what pathway means show	line	_child94	True	0	0	0.0	0.5275			
3	(D)  Removing each state's mean change before averaging reverses what pathway means show	line	_child94	True	1	0	1.0	0.5845			
3	(D)  Removing each state's mean change before averaging reverses what pathway means show	line	_child94	True	2	0	2.0	0.767			
3	(D)  Removing each state's mean change before averaging reverses what pathway means show	line	_child95	True	0	0	0.0	0.4946			
3	(D)  Removing each state's mean change before averaging reverses what pathway means show	line	_child95	True	1	0	1.0	0.5816			
3	(D)  Removing each state's mean change before averaging reverses what pathway means show	line	_child95	True	2	0	2.0	0.7227			
3	(D)  Removing each state's mean change before averaging reverses what pathway means show	line	_child96	True	0	0	0.0	0.4321			
3	(D)  Removing each state's mean change before averaging reverses what pathway means show	line	_child96	True	1	0	1.0	0.4776			
3	(D)  Removing each state's mean change before averaging reverses what pathway means show	line	_child96	True	2	0	2.0	0.346			
3	(D)  Removing each state's mean change before averaging reverses what pathway means show	line	_child97	True	0	0	0.0	0.3836			
3	(D)  Removing each state's mean change before averaging reverses what pathway means show	line	_child97	True	1	0	1.0	0.4555			
3	(D)  Removing each state's mean change before averaging reverses what pathway means show	line	_child97	True	2	0	2.0	0.397			
3	(D)  Removing each state's mean change before averaging reverses what pathway means show	line	_child98	True	0	0	0.0	0.421			
3	(D)  Removing each state's mean change before averaging reverses what pathway means show	line	_child98	True	1	0	1.0	0.503			
3	(D)  Removing each state's mean change before averaging reverses what pathway means show	line	_child98	True	2	0	2.0	0.6613			
3	(D)  Removing each state's mean change before averaging reverses what pathway means show	line	_child100	True	0	0	-0.08	0.4475			
3	(D)  Removing each state's mean change before averaging reverses what pathway means show	line	_child100	True	1	0	0.08	0.4475			
3	(D)  Removing each state's mean change before averaging reverses what pathway means show	line	_child103	True	0	0	0.92	0.55125			
3	(D)  Removing each state's mean change before averaging reverses what pathway means show	line	_child103	True	1	0	1.08	0.55125			
3	(D)  Removing each state's mean change before averaging reverses what pathway means show	line	_child106	True	0	0	1.92	0.8324499999999999			
3	(D)  Removing each state's mean change before averaging reverses what pathway means show	line	_child106	True	1	0	2.08	0.8324499999999999			
3	(D)  Removing each state's mean change before averaging reverses what pathway means show	line	_child109	True	0	0	2.92	0.46185			
3	(D)  Removing each state's mean change before averaging reverses what pathway means show	line	_child109	True	1	0	3.08	0.46185			
3	(D)  Removing each state's mean change before averaging reverses what pathway means show	line	_child111	True	0	0	2.5	0.0			
3	(D)  Removing each state's mean change before averaging reverses what pathway means show	line	_child111	True	1	0	2.5	1.0			
3	(D)  Removing each state's mean change before averaging reverses what pathway means show	points	within species	False	0	0	0.0	0.7591			
3	(D)  Removing each state's mean change before averaging reverses what pathway means show	points	within species	False	1	0	0.0	0.7937			
3	(D)  Removing each state's mean change before averaging reverses what pathway means show	points	within species	False	2	0	0.0	0.7898			
3	(D)  Removing each state's mean change before averaging reverses what pathway means show	points	within species	False	3	0	0.0	0.8574			
3	(D)  Removing each state's mean change before averaging reverses what pathway means show	points	within species	False	4	0	0.0	-0.0332			
3	(D)  Removing each state's mean change before averaging reverses what pathway means show	points	within species	False	5	0	0.0	0.3414			
3	(D)  Removing each state's mean change before averaging reverses what pathway means show	points	within species	False	6	0	0.0	0.7145			
3	(D)  Removing each state's mean change before averaging reverses what pathway means show	points	within species	False	7	0	0.0	0.7021			
3	(D)  Removing each state's mean change before averaging reverses what pathway means show	points	within species	False	8	0	0.0	0.7273			
3	(D)  Removing each state's mean change before averaging reverses what pathway means show	points	within species	False	9	0	0.0	0.6827			
3	(D)  Removing each state's mean change before averaging reverses what pathway means show	points	within species	False	10	0	0.0	0.4543			
3	(D)  Removing each state's mean change before averaging reverses what pathway means show	points	within species	False	11	0	0.0	0.595			
3	(D)  Removing each state's mean change before averaging reverses what pathway means show	points	within species	False	12	0	0.0	0.5505			
3	(D)  Removing each state's mean change before averaging reverses what pathway means show	points	within species	False	13	0	0.0	0.1023			
3	(D)  Removing each state's mean change before averaging reverses what pathway means show	points	within species	False	14	0	0.0	0.3785			
3	(D)  Removing each state's mean change before averaging reverses what pathway means show	points	within species	False	15	0	0.0	0.8677			
3	(D)  Removing each state's mean change before averaging reverses what pathway means show	points	within species	False	16	0	0.0	0.8379			
3	(D)  Removing each state's mean change before averaging reverses what pathway means show	points	within species	False	17	0	0.0	0.8577			
3	(D)  Removing each state's mean change before averaging reverses what pathway means show	points	within species	False	18	0	0.0	0.8841			
3	(D)  Removing each state's mean change before averaging reverses what pathway means show	points	within species	False	19	0	0.0	0.7066			
3	(D)  Removing each state's mean change before averaging reverses what pathway means show	points	within species	False	20	0	0.0	0.8365			
3	(D)  Removing each state's mean change before averaging reverses what pathway means show	points	within species	False	21	0	0.0	0.7041			
3	(D)  Removing each state's mean change before averaging reverses what pathway means show	points	within species	False	22	0	0.0	0.0839			
3	(D)  Removing each state's mean change before averaging reverses what pathway means show	points	within species	False	23	0	0.0	0.3577			
3	(D)  Removing each state's mean change before averaging reverses what pathway means show	points	within species	False	24	0	0.0	0.8416			
3	(D)  Removing each state's mean change before averaging reverses what pathway means show	points	within species	False	25	0	0.0	0.8669			
3	(D)  Removing each state's mean change before averaging reverses what pathway means show	points	within species	False	26	0	0.0	0.8739			
3	(D)  Removing each state's mean change before averaging reverses what pathway means show	points	within species	False	27	0	0.0	0.861			
3	(D)  Removing each state's mean change before averaging reverses what pathway means show	points	within species	False	28	0	0.0	0.6647			
3	(D)  Removing each state's mean change before averaging reverses what pathway means show	points	within species	False	29	0	0.0	0.7863			
3	(D)  Removing each state's mean change before averaging reverses what pathway means show	points	within species	False	30	0	0.0	0.7178			
3	(D)  Removing each state's mean change before averaging reverses what pathway means show	points	within species	False	31	0	0.0	0.2556			
3	(D)  Removing each state's mean change before averaging reverses what pathway means show	points	within species	False	32	0	0.0	0.3444			
3	(D)  Removing each state's mean change before averaging reverses what pathway means show	points	within species	False	33	0	0.0	0.6075			
3	(D)  Removing each state's mean change before averaging reverses what pathway means show	points	within species	False	34	0	0.0	0.7242			
3	(D)  Removing each state's mean change before averaging reverses what pathway means show	points	within species	False	35	0	0.0	0.7253			
3	(D)  Removing each state's mean change before averaging reverses what pathway means show	points	within species	False	36	0	0.0	0.8084			
3	(D)  Removing each state's mean change before averaging reverses what pathway means show	points	within species	False	37	0	0.0	0.7578			
3	(D)  Removing each state's mean change before averaging reverses what pathway means show	points	within species	False	38	0	0.0	0.7901			
3	(D)  Removing each state's mean change before averaging reverses what pathway means show	points	_child42	True	0	0	1.0	0.7505			
3	(D)  Removing each state's mean change before averaging reverses what pathway means show	points	_child42	True	1	0	1.0	0.7855			
3	(D)  Removing each state's mean change before averaging reverses what pathway means show	points	_child42	True	2	0	1.0	0.7765			
3	(D)  Removing each state's mean change before averaging reverses what pathway means show	points	_child42	True	3	0	1.0	0.8515			
3	(D)  Removing each state's mean change before averaging reverses what pathway means show	points	_child42	True	4	0	1.0	0.0338			
3	(D)  Removing each state's mean change before averaging reverses what pathway means show	points	_child42	True	5	0	1.0	0.3678			
3	(D)  Removing each state's mean change before averaging reverses what pathway means show	points	_child42	True	6	0	1.0	0.6939			
3	(D)  Removing each state's mean change before averaging reverses what pathway means show	points	_child42	True	7	0	1.0	0.6761			
3	(D)  Removing each state's mean change before averaging reverses what pathway means show	points	_child42	True	8	0	1.0	0.7251			
3	(D)  Removing each state's mean change before averaging reverses what pathway means show	points	_child42	True	9	0	1.0	0.6493			
3	(D)  Removing each state's mean change before averaging reverses what pathway means show	points	_child42	True	10	0	1.0	0.432			
3	(D)  Removing each state's mean change before averaging reverses what pathway means show	points	_child42	True	11	0	1.0	0.557			
3	(D)  Removing each state's mean change before averaging reverses what pathway means show	points	_child42	True	12	0	1.0	0.4996			
3	(D)  Removing each state's mean change before averaging reverses what pathway means show	points	_child42	True	13	0	1.0	0.1809			
3	(D)  Removing each state's mean change before averaging reverses what pathway means show	points	_child42	True	14	0	1.0	0.4064			
3	(D)  Removing each state's mean change before averaging reverses what pathway means show	points	_child42	True	15	0	1.0	0.865			
3	(D)  Removing each state's mean change before averaging reverses what pathway means show	points	_child42	True	16	0	1.0	0.8286			
3	(D)  Removing each state's mean change before averaging reverses what pathway means show	points	_child42	True	17	0	1.0	0.8678			
3	(D)  Removing each state's mean change before averaging reverses what pathway means show	points	_child42	True	18	0	1.0	0.8771			
3	(D)  Removing each state's mean change before averaging reverses what pathway means show	points	_child42	True	19	0	1.0	0.7092			
3	(D)  Removing each state's mean change before averaging reverses what pathway means show	points	_child42	True	20	0	1.0	0.8284			
3	(D)  Removing each state's mean change before averaging reverses what pathway means show	points	_child42	True	21	0	1.0	0.6739			
3	(D)  Removing each state's mean change before averaging reverses what pathway means show	points	_child42	True	22	0	1.0	0.1545			
3	(D)  Removing each state's mean change before averaging reverses what pathway means show	points	_child42	True	23	0	1.0	0.3799			
3	(D)  Removing each state's mean change before averaging reverses what pathway means show	points	_child42	True	24	0	1.0	0.8333			
3	(D)  Removing each state's mean change before averaging reverses what pathway means show	points	_child42	True	25	0	1.0	0.8588			
3	(D)  Removing each state's mean change before averaging reverses what pathway means show	points	_child42	True	26	0	1.0	0.881			
3	(D)  Removing each state's mean change before averaging reverses what pathway means show	points	_child42	True	27	0	1.0	0.8494			
3	(D)  Removing each state's mean change before averaging reverses what pathway means show	points	_child42	True	28	0	1.0	0.6601			
3	(D)  Removing each state's mean change before averaging reverses what pathway means show	points	_child42	True	29	0	1.0	0.7705			
3	(D)  Removing each state's mean change before averaging reverses what pathway means show	points	_child42	True	30	0	1.0	0.6896			
3	(D)  Removing each state's mean change before averaging reverses what pathway means show	points	_child42	True	31	0	1.0	0.3156			
3	(D)  Removing each state's mean change before averaging reverses what pathway means show	points	_child42	True	32	0	1.0	0.3552			
3	(D)  Removing each state's mean change before averaging reverses what pathway means show	points	_child42	True	33	0	1.0	0.5793			
3	(D)  Removing each state's mean change before averaging reverses what pathway means show	points	_child42	True	34	0	1.0	0.703			
3	(D)  Removing each state's mean change before averaging reverses what pathway means show	points	_child42	True	35	0	1.0	0.7136			
3	(D)  Removing each state's mean change before averaging reverses what pathway means show	points	_child42	True	36	0	1.0	0.7926			
3	(D)  Removing each state's mean change before averaging reverses what pathway means show	points	_child42	True	37	0	1.0	0.7524			
3	(D)  Removing each state's mean change before averaging reverses what pathway means show	points	_child42	True	38	0	1.0	0.7747			
3	(D)  Removing each state's mean change before averaging reverses what pathway means show	points	_child45	True	0	0	2.0	0.9007			
3	(D)  Removing each state's mean change before averaging reverses what pathway means show	points	_child45	True	1	0	2.0	0.8884			
3	(D)  Removing each state's mean change before averaging reverses what pathway means show	points	_child45	True	2	0	2.0	0.9303			
3	(D)  Removing each state's mean change before averaging reverses what pathway means show	points	_child45	True	3	0	2.0	0.8671			
3	(D)  Removing each state's mean change before averaging reverses what pathway means show	points	_child45	True	4	0	2.0	0.1312			
3	(D)  Removing each state's mean change before averaging reverses what pathway means show	points	_child45	True	5	0	2.0	0.7389			
3	(D)  Removing each state's mean change before averaging reverses what pathway means show	points	_child45	True	6	0	2.0	0.9438			
3	(D)  Removing each state's mean change before averaging reverses what pathway means show	points	_child45	True	7	0	2.0	0.9035			
3	(D)  Removing each state's mean change before averaging reverses what pathway means show	points	_child45	True	8	0	2.0	0.8696			
3	(D)  Removing each state's mean change before averaging reverses what pathway means show	points	_child45	True	9	0	2.0	0.8533			
3	(D)  Removing each state's mean change before averaging reverses what pathway means show	points	_child45	True	10	0	2.0	0.5634			
3	(D)  Removing each state's mean change before averaging reverses what pathway means show	points	_child45	True	11	0	2.0	0.6516			
3	(D)  Removing each state's mean change before averaging reverses what pathway means show	points	_child45	True	12	0	2.0	0.7019			
3	(D)  Removing each state's mean change before averaging reverses what pathway means show	points	_child45	True	13	0	2.0	0.3337			
3	(D)  Removing each state's mean change before averaging reverses what pathway means show	points	_child45	True	14	0	2.0	0.7787			
3	(D)  Removing each state's mean change before averaging reverses what pathway means show	points	_child45	True	15	0	2.0	0.9729			
3	(D)  Removing each state's mean change before averaging reverses what pathway means show	points	_child45	True	16	0	2.0	0.934			
3	(D)  Removing each state's mean change before averaging reverses what pathway means show	points	_child45	True	17	0	2.0	0.9481			
3	(D)  Removing each state's mean change before averaging reverses what pathway means show	points	_child45	True	18	0	2.0	0.9571			
3	(D)  Removing each state's mean change before averaging reverses what pathway means show	points	_child45	True	19	0	2.0	0.7594			
3	(D)  Removing each state's mean change before averaging reverses what pathway means show	points	_child45	True	20	0	2.0	0.8314			
3	(D)  Removing each state's mean change before averaging reverses what pathway means show	points	_child45	True	21	0	2.0	0.7627			
3	(D)  Removing each state's mean change before averaging reverses what pathway means show	points	_child45	True	22	0	2.0	0.1849			
3	(D)  Removing each state's mean change before averaging reverses what pathway means show	points	_child45	True	23	0	2.0	0.6615			
3	(D)  Removing each state's mean change before averaging reverses what pathway means show	points	_child45	True	24	0	2.0	0.9448			
3	(D)  Removing each state's mean change before averaging reverses what pathway means show	points	_child45	True	25	0	2.0	0.9594			
3	(D)  Removing each state's mean change before averaging reverses what pathway means show	points	_child45	True	26	0	2.0	0.929			
3	(D)  Removing each state's mean change before averaging reverses what pathway means show	points	_child45	True	27	0	2.0	0.897			
3	(D)  Removing each state's mean change before averaging reverses what pathway means show	points	_child45	True	28	0	2.0	0.6024			
3	(D)  Removing each state's mean change before averaging reverses what pathway means show	points	_child45	True	29	0	2.0	0.6588			
3	(D)  Removing each state's mean change before averaging reverses what pathway means show	points	_child45	True	30	0	2.0	0.7798			
3	(D)  Removing each state's mean change before averaging reverses what pathway means show	points	_child45	True	31	0	2.0	0.506			
3	(D)  Removing each state's mean change before averaging reverses what pathway means show	points	_child45	True	32	0	2.0	0.6268			
3	(D)  Removing each state's mean change before averaging reverses what pathway means show	points	_child45	True	33	0	2.0	0.7146			
3	(D)  Removing each state's mean change before averaging reverses what pathway means show	points	_child45	True	34	0	2.0	0.8528			
3	(D)  Removing each state's mean change before averaging reverses what pathway means show	points	_child45	True	35	0	2.0	0.8718			
3	(D)  Removing each state's mean change before averaging reverses what pathway means show	points	_child45	True	36	0	2.0	0.8629			
3	(D)  Removing each state's mean change before averaging reverses what pathway means show	points	_child45	True	37	0	2.0	0.7861			
3	(D)  Removing each state's mean change before averaging reverses what pathway means show	points	_child45	True	38	0	2.0	0.7562			
3	(D)  Removing each state's mean change before averaging reverses what pathway means show	points	_child48	True	0	0	3.0	0.8208			
3	(D)  Removing each state's mean change before averaging reverses what pathway means show	points	_child48	True	1	0	3.0	0.8247			
3	(D)  Removing each state's mean change before averaging reverses what pathway means show	points	_child48	True	2	0	3.0	0.8648			
3	(D)  Removing each state's mean change before averaging reverses what pathway means show	points	_child48	True	3	0	3.0	0.7758			
3	(D)  Removing each state's mean change before averaging reverses what pathway means show	points	_child48	True	4	0	3.0	-0.4572			
3	(D)  Removing each state's mean change before averaging reverses what pathway means show	points	_child48	True	5	0	3.0	0.5743			
3	(D)  Removing each state's mean change before averaging reverses what pathway means show	points	_child48	True	6	0	3.0	0.9478			
3	(D)  Removing each state's mean change before averaging reverses what pathway means show	points	_child48	True	7	0	3.0	0.9504			
3	(D)  Removing each state's mean change before averaging reverses what pathway means show	points	_child48	True	8	0	3.0	0.8779			
3	(D)  Removing each state's mean change before averaging reverses what pathway means show	points	_child48	True	9	0	3.0	0.9083			
3	(D)  Removing each state's mean change before averaging reverses what pathway means show	points	_child48	True	10	0	3.0	0.6062			
3	(D)  Removing each state's mean change before averaging reverses what pathway means show	points	_child48	True	11	0	3.0	0.7661			
3	(D)  Removing each state's mean change before averaging reverses what pathway means show	points	_child48	True	12	0	3.0	0.8869			
3	(D)  Removing each state's mean change before averaging reverses what pathway means show	points	_child48	True	13	0	3.0	-0.307			
3	(D)  Removing each state's mean change before averaging reverses what pathway means show	points	_child48	True	14	0	3.0	0.659			
3	(D)  Removing each state's mean change before averaging reverses what pathway means show	points	_child48	True	15	0	3.0	0.9835			
3	(D)  Removing each state's mean change before averaging reverses what pathway means show	points	_child48	True	16	0	3.0	0.9741			
3	(D)  Removing each state's mean change before averaging reverses what pathway means show	points	_child48	True	17	0	3.0	0.9461			
3	(D)  Removing each state's mean change before averaging reverses what pathway means show	points	_child48	True	18	0	3.0	0.9688			
3	(D)  Removing each state's mean change before averaging reverses what pathway means show	points	_child48	True	19	0	3.0	0.7399			
3	(D)  Removing each state's mean change before averaging reverses what pathway means show	points	_child48	True	20	0	3.0	0.8707			
3	(D)  Removing each state's mean change before averaging reverses what pathway means show	points	_child48	True	21	0	3.0	0.9024			
3	(D)  Removing each state's mean change before averaging reverses what pathway means show	points	_child48	True	22	0	3.0	-0.3846			
3	(D)  Removing each state's mean change before averaging reverses what pathway means show	points	_child48	True	23	0	3.0	0.5711			
3	(D)  Removing each state's mean change before averaging reverses what pathway means show	points	_child48	True	24	0	3.0	0.9642			
3	(D)  Removing each state's mean change before averaging reverses what pathway means show	points	_child48	True	25	0	3.0	0.9804			
3	(D)  Removing each state's mean change before averaging reverses what pathway means show	points	_child48	True	26	0	3.0	0.9299			
3	(D)  Removing each state's mean change before averaging reverses what pathway means show	points	_child48	True	27	0	3.0	0.9439			
3	(D)  Removing each state's mean change before averaging reverses what pathway means show	points	_child48	True	28	0	3.0	0.6579			
3	(D)  Removing each state's mean change before averaging reverses what pathway means show	points	_child48	True	29	0	3.0	0.7906			
3	(D)  Removing each state's mean change before averaging reverses what pathway means show	points	_child48	True	30	0	3.0	0.916			
3	(D)  Removing each state's mean change before averaging reverses what pathway means show	points	_child48	True	31	0	3.0	-0.1943			
3	(D)  Removing each state's mean change before averaging reverses what pathway means show	points	_child48	True	32	0	3.0	0.5885			
3	(D)  Removing each state's mean change before averaging reverses what pathway means show	points	_child48	True	33	0	3.0	0.8698			
3	(D)  Removing each state's mean change before averaging reverses what pathway means show	points	_child48	True	34	0	3.0	0.9441			
3	(D)  Removing each state's mean change before averaging reverses what pathway means show	points	_child48	True	35	0	3.0	0.9199			
3	(D)  Removing each state's mean change before averaging reverses what pathway means show	points	_child48	True	36	0	3.0	0.9274			
3	(D)  Removing each state's mean change before averaging reverses what pathway means show	points	_child48	True	37	0	3.0	0.762			
3	(D)  Removing each state's mean change before averaging reverses what pathway means show	points	_child48	True	38	0	3.0	0.8296			
3	(D)  Removing each state's mean change before averaging reverses what pathway means show	points	cat vs mouse	False	0	0	0.0	0.2864			
3	(D)  Removing each state's mean change before averaging reverses what pathway means show	points	cat vs mouse	False	1	0	0.0	0.4703			
3	(D)  Removing each state's mean change before averaging reverses what pathway means show	points	cat vs mouse	False	2	0	0.0	0.4491			
3	(D)  Removing each state's mean change before averaging reverses what pathway means show	points	cat vs mouse	False	3	0	0.0	0.2537			
3	(D)  Removing each state's mean change before averaging reverses what pathway means show	points	cat vs mouse	False	4	0	0.0	0.2922			
3	(D)  Removing each state's mean change before averaging reverses what pathway means show	points	cat vs mouse	False	5	0	0.0	0.4599			
3	(D)  Removing each state's mean change before averaging reverses what pathway means show	points	cat vs mouse	False	6	0	0.0	0.4829			
3	(D)  Removing each state's mean change before averaging reverses what pathway means show	points	cat vs mouse	False	7	0	0.0	0.5089			
3	(D)  Removing each state's mean change before averaging reverses what pathway means show	points	cat vs mouse	False	8	0	0.0	0.5134			
3	(D)  Removing each state's mean change before averaging reverses what pathway means show	points	cat vs mouse	False	9	0	0.0	0.4984			
3	(D)  Removing each state's mean change before averaging reverses what pathway means show	points	cat vs mouse	False	10	0	0.0	0.472			
3	(D)  Removing each state's mean change before averaging reverses what pathway means show	points	cat vs mouse	False	11	0	0.0	0.5035			
3	(D)  Removing each state's mean change before averaging reverses what pathway means show	points	cat vs mouse	False	12	0	0.0	0.3462			
3	(D)  Removing each state's mean change before averaging reverses what pathway means show	points	cat vs mouse	False	13	0	0.0	0.4984			
3	(D)  Removing each state's mean change before averaging reverses what pathway means show	points	cat vs mouse	False	14	0	0.0	0.4801			
3	(D)  Removing each state's mean change before averaging reverses what pathway means show	points	cat vs mouse	False	15	0	0.0	0.193			
3	(D)  Removing each state's mean change before averaging reverses what pathway means show	points	cat vs mouse	False	16	0	0.0	0.3029			
3	(D)  Removing each state's mean change before averaging reverses what pathway means show	points	cat vs mouse	False	17	0	0.0	0.5176			
3	(D)  Removing each state's mean change before averaging reverses what pathway means show	points	cat vs mouse	False	18	0	0.0	0.5101			
3	(D)  Removing each state's mean change before averaging reverses what pathway means show	points	cat vs mouse	False	19	0	0.0	0.5482			
3	(D)  Removing each state's mean change before averaging reverses what pathway means show	points	cat vs mouse	False	20	0	0.0	0.5116			
3	(D)  Removing each state's mean change before averaging reverses what pathway means show	points	cat vs mouse	False	21	0	0.0	0.4698			
3	(D)  Removing each state's mean change before averaging reverses what pathway means show	points	cat vs mouse	False	22	0	0.0	0.4841			
3	(D)  Removing each state's mean change before averaging reverses what pathway means show	points	cat vs mouse	False	23	0	0.0	0.4416			
3	(D)  Removing each state's mean change before averaging reverses what pathway means show	points	cat vs mouse	False	24	0	0.0	0.186			
3	(D)  Removing each state's mean change before averaging reverses what pathway means show	points	cat vs mouse	False	25	0	0.0	0.4121			
3	(D)  Removing each state's mean change before averaging reverses what pathway means show	points	cat vs mouse	False	26	0	0.0	0.4132			
3	(D)  Removing each state's mean change before averaging reverses what pathway means show	points	cat vs mouse	False	27	0	0.0	0.1995			
3	(D)  Removing each state's mean change before averaging reverses what pathway means show	points	cat vs mouse	False	28	0	0.0	0.2598			
3	(D)  Removing each state's mean change before averaging reverses what pathway means show	points	cat vs mouse	False	29	0	0.0	0.4576			
3	(D)  Removing each state's mean change before averaging reverses what pathway means show	points	cat vs mouse	False	30	0	0.0	0.4251			
3	(D)  Removing each state's mean change before averaging reverses what pathway means show	points	cat vs mouse	False	31	0	0.0	0.4459			
3	(D)  Removing each state's mean change before averaging reverses what pathway means show	points	cat vs mouse	False	32	0	0.0	0.3996			
3	(D)  Removing each state's mean change before averaging reverses what pathway means show	points	cat vs mouse	False	33	0	0.0	0.3721			
3	(D)  Removing each state's mean change before averaging reverses what pathway means show	points	cat vs mouse	False	34	0	0.0	0.3712			
3	(D)  Removing each state's mean change before averaging reverses what pathway means show	points	cat vs mouse	False	35	0	0.0	0.2948			
3	(D)  Removing each state's mean change before averaging reverses what pathway means show	points	cat vs mouse	False	36	0	0.0	0.3255			
3	(D)  Removing each state's mean change before averaging reverses what pathway means show	points	cat vs mouse	False	37	0	0.0	0.4725			
3	(D)  Removing each state's mean change before averaging reverses what pathway means show	points	cat vs mouse	False	38	0	0.0	0.4939			
3	(D)  Removing each state's mean change before averaging reverses what pathway means show	points	cat vs mouse	False	39	0	0.0	0.2137			
3	(D)  Removing each state's mean change before averaging reverses what pathway means show	points	cat vs mouse	False	40	0	0.0	0.2648			
3	(D)  Removing each state's mean change before averaging reverses what pathway means show	points	cat vs mouse	False	41	0	0.0	0.506			
3	(D)  Removing each state's mean change before averaging reverses what pathway means show	points	cat vs mouse	False	42	0	0.0	0.5163			
3	(D)  Removing each state's mean change before averaging reverses what pathway means show	points	cat vs mouse	False	43	0	0.0	0.5275			
3	(D)  Removing each state's mean change before averaging reverses what pathway means show	points	cat vs mouse	False	44	0	0.0	0.4946			
3	(D)  Removing each state's mean change before averaging reverses what pathway means show	points	cat vs mouse	False	45	0	0.0	0.4321			
3	(D)  Removing each state's mean change before averaging reverses what pathway means show	points	cat vs mouse	False	46	0	0.0	0.3836			
3	(D)  Removing each state's mean change before averaging reverses what pathway means show	points	cat vs mouse	False	47	0	0.0	0.421			
3	(D)  Removing each state's mean change before averaging reverses what pathway means show	points	_child102	True	0	0	1.0	0.4075			
3	(D)  Removing each state's mean change before averaging reverses what pathway means show	points	_child102	True	1	0	1.0	0.6071			
3	(D)  Removing each state's mean change before averaging reverses what pathway means show	points	_child102	True	2	0	1.0	0.5715			
3	(D)  Removing each state's mean change before averaging reverses what pathway means show	points	_child102	True	3	0	1.0	0.2296			
3	(D)  Removing each state's mean change before averaging reverses what pathway means show	points	_child102	True	4	0	1.0	0.3004			
3	(D)  Removing each state's mean change before averaging reverses what pathway means show	points	_child102	True	5	0	1.0	0.5351			
3	(D)  Removing each state's mean change before averaging reverses what pathway means show	points	_child102	True	6	0	1.0	0.5645			
3	(D)  Removing each state's mean change before averaging reverses what pathway means show	points	_child102	True	7	0	1.0	0.5669			
3	(D)  Removing each state's mean change before averaging reverses what pathway means show	points	_child102	True	8	0	1.0	0.6037			
3	(D)  Removing each state's mean change before averaging reverses what pathway means show	points	_child102	True	9	0	1.0	0.5476			
3	(D)  Removing each state's mean change before averaging reverses what pathway means show	points	_child102	True	10	0	1.0	0.5506			
3	(D)  Removing each state's mean change before averaging reverses what pathway means show	points	_child102	True	11	0	1.0	0.5926			
3	(D)  Removing each state's mean change before averaging reverses what pathway means show	points	_child102	True	12	0	1.0	0.4951			
3	(D)  Removing each state's mean change before averaging reverses what pathway means show	points	_child102	True	13	0	1.0	0.66			
3	(D)  Removing each state's mean change before averaging reverses what pathway means show	points	_child102	True	14	0	1.0	0.6259			
3	(D)  Removing each state's mean change before averaging reverses what pathway means show	points	_child102	True	15	0	1.0	0.1621			
3	(D)  Removing each state's mean change before averaging reverses what pathway means show	points	_child102	True	16	0	1.0	0.3144			
3	(D)  Removing each state's mean change before averaging reverses what pathway means show	points	_child102	True	17	0	1.0	0.6107			
3	(D)  Removing each state's mean change before averaging reverses what pathway means show	points	_child102	True	18	0	1.0	0.6087			
3	(D)  Removing each state's mean change before averaging reverses what pathway means show	points	_child102	True	19	0	1.0	0.6203			
3	(D)  Removing each state's mean change before averaging reverses what pathway means show	points	_child102	True	20	0	1.0	0.618			
3	(D)  Removing each state's mean change before averaging reverses what pathway means show	points	_child102	True	21	0	1.0	0.5286			
3	(D)  Removing each state's mean change before averaging reverses what pathway means show	points	_child102	True	22	0	1.0	0.5783			
3	(D)  Removing each state's mean change before averaging reverses what pathway means show	points	_child102	True	23	0	1.0	0.5425			
3	(D)  Removing each state's mean change before averaging reverses what pathway means show	points	_child102	True	24	0	1.0	0.3751			
3	(D)  Removing each state's mean change before averaging reverses what pathway means show	points	_child102	True	25	0	1.0	0.6305			
3	(D)  Removing each state's mean change before averaging reverses what pathway means show	points	_child102	True	26	0	1.0	0.6148			
3	(D)  Removing each state's mean change before averaging reverses what pathway means show	points	_child102	True	27	0	1.0	0.1563			
3	(D)  Removing each state's mean change before averaging reverses what pathway means show	points	_child102	True	28	0	1.0	0.2805			
3	(D)  Removing each state's mean change before averaging reverses what pathway means show	points	_child102	True	29	0	1.0	0.5941			
3	(D)  Removing each state's mean change before averaging reverses what pathway means show	points	_child102	True	30	0	1.0	0.566			
3	(D)  Removing each state's mean change before averaging reverses what pathway means show	points	_child102	True	31	0	1.0	0.5519			
3	(D)  Removing each state's mean change before averaging reverses what pathway means show	points	_child102	True	32	0	1.0	0.5476			
3	(D)  Removing each state's mean change before averaging reverses what pathway means show	points	_child102	True	33	0	1.0	0.4594			
3	(D)  Removing each state's mean change before averaging reverses what pathway means show	points	_child102	True	34	0	1.0	0.5033			
3	(D)  Removing each state's mean change before averaging reverses what pathway means show	points	_child102	True	35	0	1.0	0.4308			
3	(D)  Removing each state's mean change before averaging reverses what pathway means show	points	_child102	True	36	0	1.0	0.4482			
3	(D)  Removing each state's mean change before averaging reverses what pathway means show	points	_child102	True	37	0	1.0	0.6065			
3	(D)  Removing each state's mean change before averaging reverses what pathway means show	points	_child102	True	38	0	1.0	0.6179			
3	(D)  Removing each state's mean change before averaging reverses what pathway means show	points	_child102	True	39	0	1.0	0.1888			
3	(D)  Removing each state's mean change before averaging reverses what pathway means show	points	_child102	True	40	0	1.0	0.2721			
3	(D)  Removing each state's mean change before averaging reverses what pathway means show	points	_child102	True	41	0	1.0	0.5817			
3	(D)  Removing each state's mean change before averaging reverses what pathway means show	points	_child102	True	42	0	1.0	0.5977			
3	(D)  Removing each state's mean change before averaging reverses what pathway means show	points	_child102	True	43	0	1.0	0.5845			
3	(D)  Removing each state's mean change before averaging reverses what pathway means show	points	_child102	True	44	0	1.0	0.5816			
3	(D)  Removing each state's mean change before averaging reverses what pathway means show	points	_child102	True	45	0	1.0	0.4776			
3	(D)  Removing each state's mean change before averaging reverses what pathway means show	points	_child102	True	46	0	1.0	0.4555			
3	(D)  Removing each state's mean change before averaging reverses what pathway means show	points	_child102	True	47	0	1.0	0.503			
3	(D)  Removing each state's mean change before averaging reverses what pathway means show	points	_child105	True	0	0	2.0	0.8989			
3	(D)  Removing each state's mean change before averaging reverses what pathway means show	points	_child105	True	1	0	2.0	0.9272			
3	(D)  Removing each state's mean change before averaging reverses what pathway means show	points	_child105	True	2	0	2.0	0.9476			
3	(D)  Removing each state's mean change before averaging reverses what pathway means show	points	_child105	True	3	0	2.0	0.2794			
3	(D)  Removing each state's mean change before averaging reverses what pathway means show	points	_child105	True	4	0	2.0	0.6975			
3	(D)  Removing each state's mean change before averaging reverses what pathway means show	points	_child105	True	5	0	2.0	0.9173			
3	(D)  Removing each state's mean change before averaging reverses what pathway means show	points	_child105	True	6	0	2.0	0.9468			
3	(D)  Removing each state's mean change before averaging reverses what pathway means show	points	_child105	True	7	0	2.0	0.9284			
3	(D)  Removing each state's mean change before averaging reverses what pathway means show	points	_child105	True	8	0	2.0	0.9172			
3	(D)  Removing each state's mean change before averaging reverses what pathway means show	points	_child105	True	9	0	2.0	0.6815			
3	(D)  Removing each state's mean change before averaging reverses what pathway means show	points	_child105	True	10	0	2.0	0.7213			
3	(D)  Removing each state's mean change before averaging reverses what pathway means show	points	_child105	True	11	0	2.0	0.8482			
3	(D)  Removing each state's mean change before averaging reverses what pathway means show	points	_child105	True	12	0	2.0	0.9275			
3	(D)  Removing each state's mean change before averaging reverses what pathway means show	points	_child105	True	13	0	2.0	0.9554			
3	(D)  Removing each state's mean change before averaging reverses what pathway means show	points	_child105	True	14	0	2.0	0.9304			
3	(D)  Removing each state's mean change before averaging reverses what pathway means show	points	_child105	True	15	0	2.0	0.2642			
3	(D)  Removing each state's mean change before averaging reverses what pathway means show	points	_child105	True	16	0	2.0	0.7493			
3	(D)  Removing each state's mean change before averaging reverses what pathway means show	points	_child105	True	17	0	2.0	0.9502			
3	(D)  Removing each state's mean change before averaging reverses what pathway means show	points	_child105	True	18	0	2.0	0.9282			
3	(D)  Removing each state's mean change before averaging reverses what pathway means show	points	_child105	True	19	0	2.0	0.9123			
3	(D)  Removing each state's mean change before averaging reverses what pathway means show	points	_child105	True	20	0	2.0	0.9134			
3	(D)  Removing each state's mean change before averaging reverses what pathway means show	points	_child105	True	21	0	2.0	0.6904			
3	(D)  Removing each state's mean change before averaging reverses what pathway means show	points	_child105	True	22	0	2.0	0.7533			
3	(D)  Removing each state's mean change before averaging reverses what pathway means show	points	_child105	True	23	0	2.0	0.79			
3	(D)  Removing each state's mean change before averaging reverses what pathway means show	points	_child105	True	24	0	2.0	0.8901			
3	(D)  Removing each state's mean change before averaging reverses what pathway means show	points	_child105	True	25	0	2.0	0.8996			
3	(D)  Removing each state's mean change before averaging reverses what pathway means show	points	_child105	True	26	0	2.0	0.9117			
3	(D)  Removing each state's mean change before averaging reverses what pathway means show	points	_child105	True	27	0	2.0	0.1227			
3	(D)  Removing each state's mean change before averaging reverses what pathway means show	points	_child105	True	28	0	2.0	0.683			
3	(D)  Removing each state's mean change before averaging reverses what pathway means show	points	_child105	True	29	0	2.0	0.921			
3	(D)  Removing each state's mean change before averaging reverses what pathway means show	points	_child105	True	30	0	2.0	0.8737			
3	(D)  Removing each state's mean change before averaging reverses what pathway means show	points	_child105	True	31	0	2.0	0.8167			
3	(D)  Removing each state's mean change before averaging reverses what pathway means show	points	_child105	True	32	0	2.0	0.8153			
3	(D)  Removing each state's mean change before averaging reverses what pathway means show	points	_child105	True	33	0	2.0	0.5176			
3	(D)  Removing each state's mean change before averaging reverses what pathway means show	points	_child105	True	34	0	2.0	0.598			
3	(D)  Removing each state's mean change before averaging reverses what pathway means show	points	_child105	True	35	0	2.0	0.6393			
3	(D)  Removing each state's mean change before averaging reverses what pathway means show	points	_child105	True	36	0	2.0	0.859			
3	(D)  Removing each state's mean change before averaging reverses what pathway means show	points	_child105	True	37	0	2.0	0.805			
3	(D)  Removing each state's mean change before averaging reverses what pathway means show	points	_child105	True	38	0	2.0	0.9281			
3	(D)  Removing each state's mean change before averaging reverses what pathway means show	points	_child105	True	39	0	2.0	-0.0673			
3	(D)  Removing each state's mean change before averaging reverses what pathway means show	points	_child105	True	40	0	2.0	0.493			
3	(D)  Removing each state's mean change before averaging reverses what pathway means show	points	_child105	True	41	0	2.0	0.8498			
3	(D)  Removing each state's mean change before averaging reverses what pathway means show	points	_child105	True	42	0	2.0	0.852			
3	(D)  Removing each state's mean change before averaging reverses what pathway means show	points	_child105	True	43	0	2.0	0.767			
3	(D)  Removing each state's mean change before averaging reverses what pathway means show	points	_child105	True	44	0	2.0	0.7227			
3	(D)  Removing each state's mean change before averaging reverses what pathway means show	points	_child105	True	45	0	2.0	0.346			
3	(D)  Removing each state's mean change before averaging reverses what pathway means show	points	_child105	True	46	0	2.0	0.397			
3	(D)  Removing each state's mean change before averaging reverses what pathway means show	points	_child105	True	47	0	2.0	0.6613			
3	(D)  Removing each state's mean change before averaging reverses what pathway means show	points	_child108	True	0	0	3.0	0.2612			
3	(D)  Removing each state's mean change before averaging reverses what pathway means show	points	_child108	True	1	0	3.0	0.4124			
3	(D)  Removing each state's mean change before averaging reverses what pathway means show	points	_child108	True	2	0	3.0	0.3795			
3	(D)  Removing each state's mean change before averaging reverses what pathway means show	points	_child108	True	3	0	3.0	0.4395			
3	(D)  Removing each state's mean change before averaging reverses what pathway means show	points	_child108	True	4	0	3.0	0.5968			
3	(D)  Removing each state's mean change before averaging reverses what pathway means show	points	_child108	True	5	0	3.0	0.4817			
3	(D)  Removing each state's mean change before averaging reverses what pathway means show	points	_child108	True	6	0	3.0	0.4416			
3	(D)  Removing each state's mean change before averaging reverses what pathway means show	points	_child108	True	7	0	3.0	0.597			
3	(D)  Removing each state's mean change before averaging reverses what pathway means show	points	_child108	True	8	0	3.0	0.5607			
3	(D)  Removing each state's mean change before averaging reverses what pathway means show	points	_child108	True	9	0	3.0	0.68			
3	(D)  Removing each state's mean change before averaging reverses what pathway means show	points	_child108	True	10	0	3.0	0.5989			
3	(D)  Removing each state's mean change before averaging reverses what pathway means show	points	_child108	True	11	0	3.0	0.4232			
3	(D)  Removing each state's mean change before averaging reverses what pathway means show	points	_child108	True	12	0	3.0	0.2396			
3	(D)  Removing each state's mean change before averaging reverses what pathway means show	points	_child108	True	13	0	3.0	0.3987			
3	(D)  Removing each state's mean change before averaging reverses what pathway means show	points	_child108	True	14	0	3.0	0.3315			
3	(D)  Removing each state's mean change before averaging reverses what pathway means show	points	_child108	True	15	0	3.0	0.4575			
3	(D)  Removing each state's mean change before averaging reverses what pathway means show	points	_child108	True	16	0	3.0	0.64			
3	(D)  Removing each state's mean change before averaging reverses what pathway means show	points	_child108	True	17	0	3.0	0.4758			
3	(D)  Removing each state's mean change before averaging reverses what pathway means show	points	_child108	True	18	0	3.0	0.3931			
3	(D)  Removing each state's mean change before averaging reverses what pathway means show	points	_child108	True	19	0	3.0	0.5554			
3	(D)  Removing each state's mean change before averaging reverses what pathway means show	points	_child108	True	20	0	3.0	0.5308			
3	(D)  Removing each state's mean change before averaging reverses what pathway means show	points	_child108	True	21	0	3.0	0.6815			
3	(D)  Removing each state's mean change before averaging reverses what pathway means show	points	_child108	True	22	0	3.0	0.6129			
3	(D)  Removing each state's mean change before averaging reverses what pathway means show	points	_child108	True	23	0	3.0	0.3508			
3	(D)  Removing each state's mean change before averaging reverses what pathway means show	points	_child108	True	24	0	3.0	-0.1237			
3	(D)  Removing each state's mean change before averaging reverses what pathway means show	points	_child108	True	25	0	3.0	0.0353			
3	(D)  Removing each state's mean change before averaging reverses what pathway means show	points	_child108	True	26	0	3.0	-0.0155			
3	(D)  Removing each state's mean change before averaging reverses what pathway means show	points	_child108	True	27	0	3.0	0.5315			
3	(D)  Removing each state's mean change before averaging reverses what pathway means show	points	_child108	True	28	0	3.0	0.4012			
3	(D)  Removing each state's mean change before averaging reverses what pathway means show	points	_child108	True	29	0	3.0	0.136			
3	(D)  Removing each state's mean change before averaging reverses what pathway means show	points	_child108	True	30	0	3.0	0.0292			
3	(D)  Removing each state's mean change before averaging reverses what pathway means show	points	_child108	True	31	0	3.0	0.1874			
3	(D)  Removing each state's mean change before averaging reverses what pathway means show	points	_child108	True	32	0	3.0	0.1593			
3	(D)  Removing each state's mean change before averaging reverses what pathway means show	points	_child108	True	33	0	3.0	0.3368			
3	(D)  Removing each state's mean change before averaging reverses what pathway means show	points	_child108	True	34	0	3.0	0.2404			
3	(D)  Removing each state's mean change before averaging reverses what pathway means show	points	_child108	True	35	0	3.0	-0.0548			
3	(D)  Removing each state's mean change before averaging reverses what pathway means show	points	_child108	True	36	0	3.0	0.5127			
3	(D)  Removing each state's mean change before averaging reverses what pathway means show	points	_child108	True	37	0	3.0	0.5998			
3	(D)  Removing each state's mean change before averaging reverses what pathway means show	points	_child108	True	38	0	3.0	0.6361			
3	(D)  Removing each state's mean change before averaging reverses what pathway means show	points	_child108	True	39	0	3.0	-0.0188			
3	(D)  Removing each state's mean change before averaging reverses what pathway means show	points	_child108	True	40	0	3.0	0.4662			
3	(D)  Removing each state's mean change before averaging reverses what pathway means show	points	_child108	True	41	0	3.0	0.6709			
3	(D)  Removing each state's mean change before averaging reverses what pathway means show	points	_child108	True	42	0	3.0	0.625			
3	(D)  Removing each state's mean change before averaging reverses what pathway means show	points	_child108	True	43	0	3.0	0.6774			
3	(D)  Removing each state's mean change before averaging reverses what pathway means show	points	_child108	True	44	0	3.0	0.6566			
3	(D)  Removing each state's mean change before averaging reverses what pathway means show	points	_child108	True	45	0	3.0	0.5074			
3	(D)  Removing each state's mean change before averaging reverses what pathway means show	points	_child108	True	46	0	3.0	0.5157			
3	(D)  Removing each state's mean change before averaging reverses what pathway means show	points	_child108	True	47	0	3.0	0.5532			
3	(D)  Removing each state's mean change before averaging reverses what pathway means show	text	0.724	False	0	0	0.11	0.7242			
3	(D)  Removing each state's mean change before averaging reverses what pathway means show	text	0.709	False	1	0	1.11	0.7092			
3	(D)  Removing each state's mean change before averaging reverses what pathway means show	text	0.831	False	2	0	2.11	0.9114			
3	(D)  Removing each state's mean change before averaging reverses what pathway means show	text	0.870	False	3	0	3.11	0.8698			
3	(D)  Removing each state's mean change before averaging reverses what pathway means show	text	0.448	False	4	0	0.11	0.4475			
3	(D)  Removing each state's mean change before averaging reverses what pathway means show	text	0.551	False	5	0	1.11	0.55125			
3	(D)  Removing each state's mean change before averaging reverses what pathway means show	text	0.832	False	6	0	2.11	0.7524499999999998			
3	(D)  Removing each state's mean change before averaging reverses what pathway means show	text	0.462	False	7	0	3.11	0.46185			
3	(D)  Removing each state's mean change before averaging reverses what pathway means show	text	AUC 0.813	False	8	0	0	1.1555350000000002			
3	(D)  Removing each state's mean change before averaging reverses what pathway means show	text	AUC 0.759	False	9	0	1	1.1555350000000002			
3	(D)  Removing each state's mean change before averaging reverses what pathway means show	text	AUC 0.511	False	10	0	2	1.1555350000000002			
3	(D)  Removing each state's mean change before averaging reverses what pathway means show	text	AUC 0.868	False	11	0	3	1.1555350000000002			
3	(D)  Removing each state's mean change before averaging reverses what pathway means show	xtick	Δ as analysed (2,016 genes)	False	0	0	0				
3	(D)  Removing each state's mean change before averaging reverses what pathway means show	xtick	Δ centered per state (= Pearson $r$ of Δ)	False	1	0	1				
3	(D)  Removing each state's mean change before averaging reverses what pathway means show	xtick	pathway means of centered Δ	False	2	0	2				
3	(D)  Removing each state's mean change before averaging reverses what pathway means show	xtick	pathway means of uncentered Δ	False	3	0	3				
3	(D)  Removing each state's mean change before averaging reverses what pathway means show	ytick	-0.75	False	0	0		-0.75			
3	(D)  Removing each state's mean change before averaging reverses what pathway means show	ytick	-0.50	False	1	0		-0.5			
3	(D)  Removing each state's mean change before averaging reverses what pathway means show	ytick	-0.25	False	2	0		-0.25			
3	(D)  Removing each state's mean change before averaging reverses what pathway means show	ytick	0.00	False	3	0		0.0			
3	(D)  Removing each state's mean change before averaging reverses what pathway means show	ytick	0.25	False	4	0		0.25			
3	(D)  Removing each state's mean change before averaging reverses what pathway means show	ytick	0.50	False	5	0		0.5			
3	(D)  Removing each state's mean change before averaging reverses what pathway means show	ytick	0.75	False	6	0		0.75			
3	(D)  Removing each state's mean change before averaging reverses what pathway means show	ytick	1.00	False	7	0		1.0			
3	(D)  Removing each state's mean change before averaging reverses what pathway means show	ytick	1.25	False	8	0		1.25			
