library,term,n_set,n_hit,expected,fold,p,q,n_tested_in_library
hallmark,Allograft Rejection,145,51,9.8,5.2,6.248607150291333e-24,2.1870125026019665e-22,35.0
hallmark,Interferon Gamma Response,169,50,11.4,4.38,9.949423721119971e-20,1.741149151195995e-18,35.0
gobp,Antigen Receptor-Mediated Signaling Pathway (GO:0050851),92,33,6.2,5.31,3.1176334983899255e-16,3.3202796757852705e-13,1065.0
gobp,Positive Regulation Of Cytokine Production (GO:0001819),219,50,14.8,3.38,1.1946129866566727e-14,6.361314153946782e-12,1065.0
gobp,B Cell Activation (GO:0042113),59,24,4.0,6.02,1.3807441394289936e-13,4.9016416949729276e-11,1065.0
kegg,Cytokine-cytokine receptor interaction,153,37,10.3,3.58,5.61637697129508e-12,1.1738227870006716e-09,209.0
gobp,Regulation Of T Cell Activation (GO:0050863),38,18,2.6,7.01,6.834394270025956e-12,1.8196574743944109e-09,1065.0
gobp,B Cell Receptor Signaling Pathway (GO:0050853),35,17,2.4,7.19,1.5860054920159387e-11,3.3781916979939493e-09,1065.0
gobp,T Cell Activation (GO:0042110),66,23,4.5,5.16,2.0014279910190758e-11,3.5525346840588596e-09,1065.0
kegg,Primary immunodeficiency,28,15,1.9,7.93,4.1008548986226685e-11,4.285393369060689e-09,209.0
gobp,T Cell Receptor Signaling Pathway (GO:0050852),64,21,4.3,4.86,5.428560185686853e-10,8.259166568223569e-08,1065.0
gobp,Defense Response To Symbiont (GO:0140546),94,25,6.4,3.94,1.867853436292557e-09,2.4865798870644667e-07,1065.0
hallmark,Interferon Alpha Response,82,23,5.5,4.15,2.6828392421066195e-09,3.1299791157910564e-08,35.0
gobp,Regulation Of B Cell Proliferation (GO:0030888),36,15,2.4,6.17,3.6474801333173246e-09,4.316184824425501e-07,1065.0
kegg,Systemic lupus erythematosus,23,12,1.6,7.72,5.721268027142793e-09,3.985816725576146e-07,209.0
gobp,Regulation Of Interleukin-6 Production (GO:0032675),80,22,5.4,4.07,8.887014779000166e-09,9.464670739635177e-07,1065.0
hallmark,Inflammatory Response,155,32,10.5,3.06,1.0391992027965071e-08,9.092993024469438e-08,35.0
gobp,Inflammatory Response (GO:0006954),149,31,10.1,3.08,1.4545564315999152e-08,1.4082750905944634e-06,1065.0
gobp,Defense Response To Virus (GO:0051607),126,28,8.5,3.29,1.600045258550383e-08,1.4200401669634652e-06,1065.0
kegg,Cell adhesion molecules,84,22,5.7,3.88,2.369889188399533e-08,1.238267100938756e-06,209.0
gobp,Positive Regulation Of Lymphocyte Activation (GO:0051251),26,12,1.8,6.83,3.3790704037148006e-08,2.7682384461202024e-06,1065.0
gobp,Positive Regulation Of Response To External Stimulus (GO:0032103),116,26,7.8,3.32,4.30581312655297e-08,3.1234389822629383e-06,1065.0
gobp,Positive Regulation Of B Cell Activation (GO:0050871),42,15,2.8,5.29,4.3992098341731524e-08,3.1234389822629383e-06,1065.0
gobp,Defense Response To Bacterium (GO:0042742),87,22,5.9,3.74,4.73202233229511e-08,3.149752364933933e-06,1065.0
hallmark,KRAS Signaling Up,165,31,11.2,2.78,1.7086147715944137e-07,1.1960303401160897e-06,35.0
gobp,Positive Regulation Of Lymphocyte Proliferation (GO:0050671),46,15,3.1,4.83,1.765861812272825e-07,1.1062604882767992e-05,1065.0
gobp,Response To Type II Interferon (GO:0034341),53,16,3.6,4.47,2.3042855748294657e-07,1.3633689651074338e-05,1065.0
kegg,Herpes simplex virus 1 infection,176,32,11.9,2.69,2.3761873069998414e-07,9.932462943259337e-06,209.0
gobp,Cellular Response To Cytokine Stimulus (GO:0071345),204,35,13.8,2.54,2.852693049012671e-07,1.599009524841313e-05,1065.0
kegg,Chemokine signaling pathway,145,28,9.8,2.86,3.725848405205744e-07,1.0269348860749782e-05,209.0
kegg,Natural killer cell mediated cytotoxicity,68,18,4.6,3.92,3.7272181903984406e-07,1.0269348860749782e-05,209.0
gobp,Defense Response To Protozoan (GO:0042832),13,8,0.9,9.11,4.008815608069958e-07,2.1346943112972526e-05,1065.0
kegg,Viral protein interaction with cytokine and cytokine receptor,55,16,3.7,4.3,4.061651768890201e-07,1.0269348860749782e-05,209.0
kegg,B cell receptor signaling pathway,69,18,4.7,3.86,4.727882031520973e-07,1.0269348860749782e-05,209.0
kegg,Hematopoietic cell lineage,56,16,3.8,4.23,5.332982488706278e-07,1.0269348860749782e-05,209.0
kegg,Staphylococcus aureus infection,32,12,2.2,5.55,5.404920453026201e-07,1.0269348860749782e-05,209.0
gobp,Alpha-Beta T Cell Activation (GO:0046631),10,7,0.7,10.36,6.312599125369175e-07,3.201389556437225e-05,1065.0
gobp,Regulation Of Immune Response (GO:0050776),57,16,3.9,4.15,6.953566152817592e-07,3.366158160341243e-05,1065.0
kegg,Th17 cell differentiation,79,19,5.3,3.56,8.933052078335302e-07,1.499384850900484e-05,209.0
kegg,Intestinal immune network for IgA production,23,10,1.6,6.43,9.645152991313834e-07,1.499384850900484e-05,209.0
kegg,Neutrophil extracellular trap formation,87,20,5.9,3.4,1.0043726273974535e-06,1.499384850900484e-05,209.0
gobp,Regulation Of T Cell Proliferation (GO:0042129),46,14,3.1,4.5,1.1746995148644118e-06,5.439369492741733e-05,1065.0
gobp,Positive Regulation Of B Cell Proliferation (GO:0030890),24,10,1.6,6.17,1.5535140343689262e-06,6.89371852751211e-05,1065.0
kegg,Antigen processing and presentation,36,12,2.4,4.93,2.3275519564032916e-06,3.24305572592192e-05,209.0
gobp,B Cell Homeostasis (GO:0001782),8,6,0.5,11.1,2.3344697162886143e-06,9.944840991389497e-05,1065.0
kegg,Osteoclast differentiation,100,21,6.8,3.11,2.6088698951379765e-06,3.4078363005239815e-05,209.0
gobp,Positive Regulation Of T Cell Activation (GO:0050870),70,17,4.7,3.59,2.8863927746197e-06,0.00011823108865269157,1065.0
gobp,Cellular Response To Type II Interferon (GO:0071346),43,13,2.9,4.47,3.078009962836199e-06,0.00012141039297853896,1065.0
gobp,Regulation Of Tumor Necrosis Factor Production (GO:0032680),94,20,6.4,3.15,3.6341503608258734e-06,0.00013186744603732996,1065.0
gobp,Positive Regulation Of Leukocyte Cell-Cell Adhesion (GO:1903039),26,10,1.8,5.69,3.71457594471352e-06,0.00013186744603732996,1065.0
gobp,Negative Regulation Of Lymphocyte Proliferation (GO:0050672),26,10,1.8,5.69,3.71457594471352e-06,0.00013186744603732996,1065.0
kegg,Inflammatory bowel disease,32,11,2.2,5.09,4.376317878571939e-06,5.380296686009031e-05,209.0
gobp,Lymphocyte Differentiation (GO:0030098),58,15,3.9,3.83,4.768327615676447e-06,0.00016381512615146505,1065.0
gobp,Regulation Of Phagocytosis (GO:0050764),45,13,3.0,4.28,5.412704321487903e-06,0.00017890775584089688,1065.0
gobp,Defense Response To Gram-negative Bacterium (GO:0050829),27,10,1.8,5.48,5.543620603520748e-06,0.00017890775584089688,1065.0
gobp,Negative Regulation Of Antigen Receptor-Mediated Signaling Pathway (GO:0050858),17,8,1.1,6.96,5.929219621366344e-06,0.00018572408519868108,1065.0
kegg,PD-L1 expression and PD-1 checkpoint pathway in cancer,82,18,5.5,3.25,6.953238508301724e-06,8.073482490194779e-05,209.0
gobp,Leukocyte Tethering Or Rolling (GO:0050901),13,7,0.9,7.97,7.533382894820302e-06,0.0002231186018005297,1065.0
gobp,Regulation Of Type II Interferon Production (GO:0032649),53,14,3.6,3.91,7.5420372439615675e-06,0.0002231186018005297,1065.0
gobp,Positive Regulation Of T Cell Proliferation (GO:0042102),40,12,2.7,4.44,8.074015081409042e-06,0.0002324007043702873,1065.0
gobp,Positive Regulation Of Type II Interferon Production (GO:0032729),34,11,2.3,4.79,8.561382779914868e-06,0.0002337916066822906,1065.0
gobp,T Cell Differentiation (GO:0030217),34,11,2.3,4.79,8.561382779914868e-06,0.0002337916066822906,1065.0
gobp,Regulation Of T Cell Receptor Signaling Pathway (GO:0050856),23,9,1.6,5.79,9.747722912497835e-06,0.00025953312254525486,1065.0
gobp,Regulation Of Interleukin-12 Production (GO:0032655),35,11,2.4,4.65,1.1727836465312474e-05,0.00030463770330628747,1065.0
kegg,T cell receptor signaling pathway,85,18,5.7,3.13,1.182257871468994e-05,0.00013004836586158933,209.0
gobp,Positive Regulation Of Interleukin-6 Production (GO:0032755),55,14,3.7,3.77,1.2029156002784625e-05,0.00030502502721346727,1065.0
gobp,Regulation Of B Cell Receptor Signaling Pathway (GO:0050855),14,7,0.9,7.4,1.4186924160042281e-05,0.0003513738193126751,1065.0
kegg,Th1 and Th2 cell differentiation,63,15,4.3,3.52,1.423124767499217e-05,0.00014871653820366817,209.0
gobp,Positive Regulation Of Interleukin-12 Production (GO:0032735),24,9,1.6,5.55,1.4664248239375169e-05,0.0003549414630666944,1065.0
gobp,Cytokine-Mediated Signaling Pathway (GO:0019221),167,27,11.3,2.39,1.9645805143678822e-05,0.00046495072173373213,1065.0
gobp,Positive Regulation Of Tumor Necrosis Factor Superfamily Cytokine Production (GO:1903557),65,15,4.4,3.41,2.127458964470138e-05,0.0004925529993827602,1065.0
kegg,Malaria,31,10,2.1,4.77,2.2729761709302128e-05,0.00022621524748781642,209.0
gobp,Negative Regulation Of T Cell Activation (GO:0050868),31,10,2.1,4.77,2.2729761709302128e-05,0.000515046728093761,1065.0
kegg,Leishmaniasis,51,13,3.4,3.77,2.4161838551950613e-05,0.00022953746624353082,209.0
gobp,Positive Regulation Of Cell Adhesion Mediated By Integrin (GO:0033630),15,7,1.0,6.91,2.504867234094906e-05,0.0005444252253696072,1065.0
gobp,Leukocyte Adhesion To Vascular Endothelial Cell (GO:0061756),15,7,1.0,6.91,2.504867234094906e-05,0.0005444252253696072,1065.0
kegg,Allograft rejection,7,5,0.5,10.57,2.611986763210282e-05,0.00023735010152649955,209.0
gobp,Positive Regulation Of Defense Response (GO:0031349),90,18,6.1,2.96,2.6940054588795008e-05,0.0005738231627413336,1065.0
gobp,Defense Response To Gram-positive Bacterium (GO:0050830),32,10,2.2,4.62,3.107223617781588e-05,0.0006488614025367433,1065.0
gobp,Negative Regulation Of Cytokine Production (GO:0001818),126,22,8.5,2.58,3.4058527400715444e-05,0.0006975448400338836,1065.0
gobp,Regulation Of Cytokine Production Involved In Immune Response (GO:0002718),16,7,1.1,6.47,4.1935774823023746e-05,0.0008426717016324582,1065.0
kegg,Rheumatoid arthritis,61,14,4.1,3.4,4.2516773536026314e-05,0.0003654629740890843,209.0
gobp,Positive Regulation Of Production Of Molecular Mediator Of Immune Response (GO:0002702),27,9,1.8,4.93,4.370388533096218e-05,0.000861937738471754,1065.0
kegg,Tuberculosis,128,22,8.6,2.54,4.37156667570675e-05,0.0003654629740890843,209.0
gobp,Positive Regulation Of Tumor Necrosis Factor Production (GO:0032760),62,14,4.2,3.34,5.154696816834732e-05,0.0009981367472598165,1065.0
gobp,Regulation Of Interleukin-8 Production (GO:0032677),55,13,3.7,3.5,5.7198730855741985e-05,0.0010560562696317413,1065.0
gobp,Regulation Of Interleukin-1 Beta Production (GO:0032651),55,13,3.7,3.5,5.7198730855741985e-05,0.0010560562696317413,1065.0
gobp,Negative Regulation Of Interleukin-6 Production (GO:0032715),22,8,1.5,5.38,5.751292360435774e-05,0.0010560562696317413,1065.0
gobp,Endolysosomal Toll-Like Receptor Signaling Pathway (GO:0140894),12,6,0.8,7.4,6.0830306225515925e-05,0.0010620373136094173,1065.0
gobp,Negative Regulation Of Neuroinflammatory Response (GO:0150079),12,6,0.8,7.4,6.0830306225515925e-05,0.0010620373136094173,1065.0
gobp,Dendritic Cell Chemotaxis (GO:0002407),12,6,0.8,7.4,6.0830306225515925e-05,0.0010620373136094173,1065.0
gobp,Negative Regulation Of Leukocyte Degranulation (GO:0043301),8,5,0.5,9.25,6.576219749179317e-05,0.0011296248440122536,1065.0
kegg,Autoimmune thyroid disease,8,5,0.5,9.25,6.576219749179317e-05,0.0005090481213253619,209.0
kegg,Graft-versus-host disease,8,5,0.5,9.25,6.576219749179317e-05,0.0005090481213253619,209.0
gobp,Phagocytosis (GO:0006909),56,13,3.8,3.44,6.994064765205851e-05,0.001182329996022894,1065.0
gobp,Positive Regulation Of Chemotaxis (GO:0050921),35,10,2.4,4.23,7.341861457081958e-05,0.0012217316330925445,1065.0
gobp,Regulation Of Interleukin-2 Production (GO:0032663),36,10,2.4,4.11,9.55550195406608e-05,0.0015143377846462299,1065.0
gobp,Regulation Of Antigen Receptor-Mediated Signaling Pathway (GO:0050854),5,4,0.3,11.84,9.808556832494767e-05,0.0015143377846462299,1065.0
gobp,Regulation Of Interleukin-18 Production (GO:0032661),5,4,0.3,11.84,9.808556832494767e-05,0.0015143377846462299,1065.0
gobp,Negative Regulation Of Myeloid Leukocyte Mediated Immunity (GO:0002887),5,4,0.3,11.84,9.808556832494767e-05,0.0015143377846462299,1065.0
gobp,Neutrophil Chemotaxis (GO:0030593),43,11,2.9,3.79,9.811202548412193e-05,0.0015143377846462299,1065.0
gobp,Cellular Defense Response (GO:0006968),30,9,2.0,4.44,0.00011096735469341784,0.0016882890392641427,1065.0
gobp,Regulation Of Inflammatory Response (GO:0050727),175,26,11.8,2.2,0.00011985747254956709,0.0017978620882435061,1065.0
gobp,Positive Regulation Of Interleukin-1 Production (GO:0032732),44,11,3.0,3.7,0.0001229164840699534,0.0018181396602013943,1065.0
gobp,B Cell Proliferation (GO:0042100),9,5,0.6,8.22,0.00013971361130971774,0.002010743189795262,1065.0
gobp,Antifungal Innate Immune Response (GO:0061760),9,5,0.6,8.22,0.00013971361130971774,0.002010743189795262,1065.0
kegg,Leukocyte transendothelial migration,93,17,6.3,2.71,0.00014499726789690516,0.0010823010353733279,209.0
gobp,Regulation Of Cytokine Production (GO:0001817),111,19,7.5,2.53,0.00015028126999539257,0.0021339940339345745,1065.0
hallmark,Complement,158,24,10.7,2.25,0.00015267078248664749,0.0008905795645054437,35.0
gobp,Positive Regulation Of Interleukin-1 Beta Production (GO:0032731),38,10,2.6,3.89,0.0001570383663472349,0.00218511366977463,1065.0
gobp,Positive Regulation Of Peptidyl-Tyrosine Phosphorylation (GO:0050731),85,16,5.7,2.79,0.0001579847441996681,0.00218511366977463,1065.0
kegg,Human immunodeficiency virus 1 infection,159,24,10.7,2.23,0.00016855864844660424,0.0012147847422531134,209.0
gobp,Immunoglobulin Mediated Immune Response (GO:0016064),14,6,0.9,6.34,0.00017575822777066467,0.002399775802253306,1065.0
gobp,Granulocyte Chemotaxis (GO:0071621),46,11,3.1,3.54,0.00018878967547289612,0.00254507600479284,1065.0
gobp,Pattern Recognition Receptor Signaling Pathway (GO:0002221),39,10,2.6,3.79,0.0001985378500710777,0.0026430351290712218,1065.0
kegg,Phagosome,105,18,7.1,2.54,0.00021801560572190458,0.0015188420531959354,209.0
gobp,Toll-Like Receptor Signaling Pathway (GO:0002224),26,8,1.8,4.55,0.00022043164026187132,0.002898267862702382,1065.0
gobp,Regulation Of Peptidase Activity (GO:0052547),20,7,1.4,5.18,0.00022363595899659331,0.0029045401991630716,1065.0
gobp,Regulation Of Natural Killer Cell Mediated Cytotoxicity (GO:0042269),10,5,0.7,7.4,0.00026387144639460715,0.003345512981074484,1065.0
gobp,Regulation Of Lymphocyte Proliferation (GO:0050670),10,5,0.7,7.4,0.00026387144639460715,0.003345512981074484,1065.0
gobp,Receptor Clustering (GO:0043113),15,6,1.0,5.92,0.0002762312647238084,0.0034074039589877883,1065.0
gobp,Dendritic Cell Migration (GO:0036336),15,6,1.0,5.92,0.0002762312647238084,0.0034074039589877883,1065.0
gobp,Regulation Of Alpha-Beta T Cell Proliferation (GO:0046640),6,4,0.4,9.87,0.00027844644340568734,0.0034074039589877883,1065.0
gobp,Regulation Of Defense Response (GO:0031347),72,14,4.9,2.88,0.00028155074966284074,0.0034074039589877883,1065.0
gobp,B Cell Differentiation (GO:0030183),41,10,2.8,3.61,0.00030945688885921935,0.0036619065181674295,1065.0
gobp,Positive Regulation Of Interleukin-8 Production (GO:0032757),41,10,2.8,3.61,0.00030945688885921935,0.0036619065181674295,1065.0
gobp,Fc-gamma Receptor Signaling Pathway (GO:0038094),21,7,1.4,4.93,0.0003160069508779525,0.0036861952777986003,1065.0
gobp,Positive Regulation Of Chemokine Production (GO:0032722),34,9,2.3,3.92,0.0003184318925422265,0.0036861952777986003,1065.0
kegg,Epstein-Barr virus infection,156,23,10.5,2.18,0.0003242140528147476,0.002185830227041363,209.0
gobp,Neutrophil Migration (GO:1990266),49,11,3.3,3.32,0.00034218513151598994,0.00391857166736053,1065.0
hallmark,IL-6/JAK/STAT3 Signaling,74,14,5.0,2.8,0.0003787444444104503,0.0018937222220522516,35.0
kegg,Platelet activation,101,17,6.8,2.49,0.0004037285838949783,0.002636852313564077,209.0
gobp,Positive Regulation Of Immune Response (GO:0050778),50,11,3.4,3.26,0.00041229741723756026,0.004514746934368893,1065.0
gobp,Antigen Processing And Presentation Of Peptide Antigen Via MHC Class I (GO:0002474),16,6,1.1,5.55,0.0004168085586642791,0.004514746934368893,1065.0
gobp,Pyroptosis (GO:0070269),16,6,1.1,5.55,0.0004168085586642791,0.004514746934368893,1065.0
gobp,Dendritic Cell Differentiation (GO:0097028),16,6,1.1,5.55,0.0004168085586642791,0.004514746934368893,1065.0
gobp,Positive Regulation Of Antigen Receptor-Mediated Signaling Pathway (GO:0050857),16,6,1.1,5.55,0.0004168085586642791,0.004514746934368893,1065.0
gobp,Positive Regulation Of MAPK Cascade (GO:0043410),210,28,14.2,1.97,0.00042796097948610666,0.004514746934368893,1065.0
gobp,Positive Regulation Of Interleukin-2 Production (GO:0032743),22,7,1.5,4.71,0.00043663749693896337,0.004514746934368893,1065.0
gobp,Heterotypic Cell-Cell Adhesion (GO:0034113),22,7,1.5,4.71,0.00043663749693896337,0.004514746934368893,1065.0
gobp,Regulation Of B Cell Activation (GO:0050864),22,7,1.5,4.71,0.00043663749693896337,0.004514746934368893,1065.0
gobp,Leukocyte Cell-Cell Adhesion (GO:0007159),22,7,1.5,4.71,0.00043663749693896337,0.004514746934368893,1065.0
gobp,Regulation Of Lymphocyte Activation (GO:0051249),11,5,0.7,6.73,0.0004568796886072195,0.004634065413016084,1065.0
gobp,T Cell Migration (GO:0072678),11,5,0.7,6.73,0.0004568796886072195,0.004634065413016084,1065.0
kegg,Toll-like receptor signaling pathway,76,14,5.1,2.73,0.0005032512635068712,0.003187258002210184,209.0
gobp,Regulation Of Chemokine Production (GO:0032642),29,8,2.0,4.08,0.0005051104624455019,0.005074930589664713,1065.0
kegg,Chagas disease,85,15,5.7,2.61,0.0005188237696095417,0.0031892402308351243,209.0
gobp,Positive Regulation Of Phagocytosis (GO:0050766),44,10,3.0,3.36,0.0005693242374571987,0.0056666384382422115,1065.0
gobp,Positive Regulation Of Endocytosis (GO:0045807),60,12,4.1,2.96,0.000577458843284802,0.005694340868048237,1065.0
kegg,Fc epsilon RI signaling pathway,52,11,3.5,3.13,0.0005889491437915344,0.0035168677443551625,209.0
gobp,Negative Regulation Of T Cell Proliferation (GO:0042130),23,7,1.6,4.5,0.0005913592842780864,0.005694340868048237,1065.0
gobp,Microglial Cell Activation (GO:0001774),17,6,1.1,5.22,0.0006075366651370586,0.005694340868048237,1065.0
gobp,Antigen Processing And Presentation Of Exogenous Peptide Antigen (GO:0002478),17,6,1.1,5.22,0.0006075366651370586,0.005694340868048237,1065.0
gobp,Regulation Of Neutrophil Migration (GO:1902622),7,4,0.5,8.46,0.0006148818777704668,0.005694340868048237,1065.0
gobp,Synapse Pruning (GO:0098883),7,4,0.5,8.46,0.0006148818777704668,0.005694340868048237,1065.0
kegg,Asthma,7,4,0.5,8.46,0.0006148818777704668,0.003569730901500766,209.0
gobp,Negative Regulation Of Leukocyte Mediated Cytotoxicity (GO:0001911),7,4,0.5,8.46,0.0006148818777704668,0.005694340868048237,1065.0
gobp,Regulation Of Lymphocyte Apoptotic Process (GO:0070228),7,4,0.5,8.46,0.0006148818777704668,0.005694340868048237,1065.0
gobp,Phospholipase C-activating G Protein-Coupled Receptor Signaling Pathway (GO:0007200),37,9,2.5,3.6,0.0006288231001472864,0.005773246566007415,1065.0
gobp,Positive Regulation Of DNA-binding Transcription Factor Activity (GO:0051091),184,25,12.4,2.01,0.000642754068667777,0.00585071011223233,1065.0
kegg,NF-kappa B signaling pathway,87,15,5.9,2.55,0.0006692301628817476,0.003780246055196899,209.0
gobp,Regulation Of Neuron Death (GO:1901214),45,10,3.0,3.29,0.000688312567028714,0.006212312575301529,1065.0
gobp,Negative Regulation Of T Cell Receptor Signaling Pathway (GO:0050860),12,5,0.8,6.17,0.0007397721045941508,0.006620649507502274,1065.0
gobp,Positive Regulation Of Intracellular Signal Transduction (GO:1902533),396,44,26.8,1.64,0.0007678630671774801,0.006814784721200135,1065.0
gobp,Positive Regulation Of Cytokine-Mediated Signaling Pathway (GO:0001961),31,8,2.1,3.82,0.0008228250296234224,0.007208178046365458,1065.0
gobp,Extracellular Matrix Organization (GO:0030198),117,18,7.9,2.28,0.0008407403660533957,0.007208178046365458,1065.0
gobp,Regulation Of T Cell Migration (GO:2000404),18,6,1.2,4.93,0.0008595667717262096,0.007208178046365458,1065.0
gobp,Negative Regulation Of B Cell Activation (GO:0050869),18,6,1.2,4.93,0.0008595667717262096,0.007208178046365458,1065.0
gobp,Activation Of Phospholipase C Activity (GO:0007202),18,6,1.2,4.93,0.0008595667717262096,0.007208178046365458,1065.0
gobp,Regulation Of B Cell Differentiation (GO:0045577),18,6,1.2,4.93,0.0008595667717262096,0.007208178046365458,1065.0
gobp,Innate Immune Response Activating Cell Surface Receptor Signaling Pathway (GO:0002220),18,6,1.2,4.93,0.0008595667717262096,0.007208178046365458,1065.0
gobp,Myeloid Leukocyte Differentiation (GO:0002573),55,11,3.7,2.96,0.0009688841514677511,0.007998927297001203,1065.0
gobp,Positive Regulation Of Type I Interferon Production (GO:0032481),55,11,3.7,2.96,0.0009688841514677511,0.007998927297001203,1065.0
kegg,Fc gamma R-mediated phagocytosis,81,14,5.5,2.56,0.0009748650853056047,0.005361757969180826,209.0
kegg,Carbohydrate digestion and absorption,32,8,2.2,3.7,0.0010329490897479727,0.00553554768608529,209.0
gobp,Regulation Of Response To External Stimulus (GO:0032101),91,15,6.1,2.44,0.001083164793440465,0.008873619269339194,1065.0
gobp,Immune Response-Activating Cell Surface Receptor Signaling Pathway (GO:0002429),13,5,0.9,5.69,0.0011355588053616745,0.008918429203757803,1065.0
gobp,Regulation Of Mast Cell Degranulation (GO:0043304),13,5,0.9,5.69,0.0011355588053616745,0.008918429203757803,1065.0
gobp,T Cell Chemotaxis (GO:0010818),8,4,0.5,7.4,0.0011640015580491405,0.008918429203757803,1065.0
gobp,Positive Regulation Of B Cell Differentiation (GO:0045579),8,4,0.5,7.4,0.0011640015580491405,0.008918429203757803,1065.0
gobp,Superoxide Anion Generation (GO:0042554),8,4,0.5,7.4,0.0011640015580491405,0.008918429203757803,1065.0
gobp,Negative Regulation Of Leukocyte Migration (GO:0002686),8,4,0.5,7.4,0.0011640015580491405,0.008918429203757803,1065.0
gobp,Regulation Of Cell Activation (GO:0050865),8,4,0.5,7.4,0.0011640015580491405,0.008918429203757803,1065.0
gobp,Negative Regulation Of B Cell Proliferation (GO:0030889),8,4,0.5,7.4,0.0011640015580491405,0.008918429203757803,1065.0
gobp,Negative Regulation Of T Cell Mediated Immunity (GO:0002710),8,4,0.5,7.4,0.0011640015580491405,0.008918429203757803,1065.0
gobp,Negative Regulation Of Lymphocyte Activation (GO:0051250),19,6,1.3,4.67,0.0011850656199588546,0.009014963466115572,1065.0
gobp,Negative Regulation Of Neuron Death (GO:1901215),65,12,4.4,2.73,0.0012174889884674232,0.009195927466083728,1065.0
gobp,Positive Regulation Of Inflammatory Response (GO:0050729),74,13,5.0,2.6,0.001251478947982763,0.009386092109870722,1065.0
kegg,NOD-like receptor signaling pathway,131,19,8.9,2.15,0.0012667119409738472,0.006544461243081028,209.0
kegg,Viral myocarditis,33,8,2.2,3.59,0.0012838416792646994,0.006544461243081028,209.0
gobp,Calcium-Mediated Signaling (GO:0019722),57,11,3.9,2.86,0.0013202974163931134,0.009832984254955704,1065.0
kegg,Human T-cell leukemia virus 1 infection,183,24,12.4,1.94,0.0013459308010833465,0.0066976080339623675,209.0
gobp,Positive Regulation Of Protein Phosphorylation (GO:0001934),281,33,19.0,1.74,0.001350320151126592,0.009986742784373753,1065.0
gobp,Negative Regulation Of Viral Process (GO:0048525),41,9,2.8,3.25,0.0013880623719732014,0.010195078801044548,1065.0
gobp,Integrin-Mediated Signaling Pathway (GO:0007229),66,12,4.5,2.69,0.0013983708329227405,0.010200444774402182,1065.0
kegg,Toxoplasmosis,84,14,5.7,2.47,0.0014056087317135051,0.006831912207630757,209.0
gobp,Response To Amyloid-Beta (GO:1904645),34,8,2.3,3.48,0.0015808908444100759,0.011453392852358713,1065.0
gobp,Positive Regulation Of Cytokine Production Involved In Immune Response (GO:0002720),20,6,1.4,4.44,0.0015971069032283945,0.01149269494552865,1065.0
gobp,Regulation Of Lymphocyte Differentiation (GO:0045619),14,5,0.9,5.29,0.0016687813484677922,0.011927866685357039,1065.0
gobp,Interferon-Mediated Signaling Pathway (GO:0140888),27,7,1.8,3.84,0.0016889911925937254,0.01199183746741545,1065.0
gobp,Cellular Response To Lipid (GO:0071396),155,21,10.5,2.0,0.0017443439612372046,0.012302823302765714,1065.0
gobp,Cellular Response To Lipopolysaccharide (GO:0071222),86,14,5.8,2.41,0.0017730674470331222,0.012423137046646547,1065.0
gobp,Regulation Of Angiogenesis (GO:0045765),156,21,10.5,1.99,0.0018908452109313836,0.01316176568393414,1065.0
gobp,Regulation Of Calcium Ion Transport (GO:0051924),35,8,2.4,3.38,0.0019298231891031964,0.013345855171395481,1065.0
gobp,T Cell Activation Involved In Immune Response (GO:0002286),9,4,0.6,6.58,0.0019834319154406785,0.013454490381810971,1065.0
gobp,Positive Regulation Of Adaptive Immune Response Based On Somatic Recombination Of Immune Receptors Built From Immunoglobulin Superfamily Domains (GO:0002824),9,4,0.6,6.58,0.0019834319154406785,0.013454490381810971,1065.0
gobp,Regulation Of Cell-Cell Adhesion Mediated By Integrin (GO:0033632),9,4,0.6,6.58,0.0019834319154406785,0.013454490381810971,1065.0
gobp,Fc Receptor Mediated Stimulatory Signaling Pathway (GO:0002431),21,6,1.4,4.23,0.002109546884168571,0.014127693229511018,1065.0
gobp,Response To Interferon-Beta (GO:0035456),21,6,1.4,4.23,0.002109546884168571,0.014127693229511018,1065.0
gobp,Macrophage Activation (GO:0042116),28,7,1.9,3.7,0.0021224703443396835,0.014127693229511018,1065.0
gobp,Negative Regulation Of Leukocyte Activation (GO:0002695),15,5,1.0,4.93,0.0023650563903397843,0.015082545243783652,1065.0
gobp,Defense Response To Fungus (GO:0050832),15,5,1.0,4.93,0.0023650563903397843,0.015082545243783652,1065.0
gobp,Stimulatory C-type Lectin Receptor Signaling Pathway (GO:0002223),15,5,1.0,4.93,0.0023650563903397843,0.015082545243783652,1065.0
gobp,Positive Regulation Of Leukocyte Mediated Cytotoxicity (GO:0001912),15,5,1.0,4.93,0.0023650563903397843,0.015082545243783652,1065.0
gobp,Lymphocyte Proliferation (GO:0046651),15,5,1.0,4.93,0.0023650563903397843,0.015082545243783652,1065.0
gobp,Cellular Response To Lectin (GO:1990858),15,5,1.0,4.93,0.0023650563903397843,0.015082545243783652,1065.0
gobp,Regulation Of Inflammatory Response To Antigenic Stimulus (GO:0002861),15,5,1.0,4.93,0.0023650563903397843,0.015082545243783652,1065.0
gobp,Response To Cytokine (GO:0034097),99,15,6.7,2.24,0.0025710327960854745,0.016298511475184702,1065.0
gobp,Regulation Of Cell Adhesion Mediated By Integrin (GO:0033628),29,7,2.0,3.57,0.0026370848522151037,0.016618315784669144,1065.0
gobp,"Phagocytosis, Engulfment (GO:0006911)",22,6,1.5,4.04,0.0027368879043796735,0.017145797753907954,1065.0
kegg,C-type lectin receptor signaling pathway,90,14,6.1,2.3,0.002748894017845653,0.013057246584766851,209.0
gobp,Response To Auditory Stimulus (GO:0010996),5,3,0.3,8.88,0.002774396271732676,0.01717867458950756,1065.0
gobp,Toll-Like Receptor 3 Signaling Pathway (GO:0034138),5,3,0.3,8.88,0.002774396271732676,0.01717867458950756,1065.0
gobp,Positive Regulation Of ERK1 And ERK2 Cascade (GO:0070374),120,17,8.1,2.1,0.0028732054032369896,0.017687651759811525,1065.0
kegg,Type I diabetes mellitus,10,4,0.7,5.92,0.0031298055614713926,0.014536208052167135,209.0
gobp,Negative Regulation Of Bone Remodeling (GO:0046851),10,4,0.7,5.92,0.0031298055614713926,0.019047102416954474,1065.0
gobp,B Cell Mediated Immunity (GO:0019724),10,4,0.7,5.92,0.0031298055614713926,0.019047102416954474,1065.0
kegg,Cholinergic synapse,73,12,4.9,2.43,0.003383620136352951,0.015373404532560147,209.0
gobp,Regulation Of MAPK Cascade (GO:0043408),153,20,10.3,1.93,0.00338594743671968,0.02048882965969579,1065.0
gobp,Negative Regulation Of Blood Vessel Morphogenesis (GO:2000181),55,10,3.7,2.69,0.0034196058440001393,0.020575594485085582,1065.0
gobp,Regulation Of Chemotaxis (GO:0050920),23,6,1.6,3.86,0.0034941332997096455,0.020905909911184115,1065.0
kegg,Complement and coagulation cascades,47,9,3.2,2.83,0.003752454606574995,0.016686447080301575,209.0
gobp,Regulation Of Cell Adhesion (GO:0030155),114,16,7.7,2.08,0.00413359791651669,0.02445712100605708,1065.0
gobp,Positive Regulation Of NF-kappaB Transcription Factor Activity (GO:0051092),114,16,7.7,2.08,0.00413359791651669,0.02445712100605708,1065.0
gobp,Positive Regulation Of Immune System Process (GO:0002684),17,5,1.1,4.35,0.004351909803813785,0.02517429255731017,1065.0
gobp,Negative Regulation Of Leukocyte Cell-Cell Adhesion (GO:1903038),17,5,1.1,4.35,0.004351909803813785,0.02517429255731017,1065.0
gobp,Positive Regulation Of Macrophage Migration (GO:1905523),17,5,1.1,4.35,0.004351909803813785,0.02517429255731017,1065.0
gobp,Regulation Of Metal Ion Transport (GO:0010959),24,6,1.6,3.7,0.0043966370100091004,0.02517429255731017,1065.0
gobp,Hematopoietic Progenitor Cell Differentiation (GO:0002244),24,6,1.6,3.7,0.0043966370100091004,0.02517429255731017,1065.0
gobp,Plasma Membrane Invagination (GO:0099024),24,6,1.6,3.7,0.0043966370100091004,0.02517429255731017,1065.0
gobp,Regulation Of Endocytosis (GO:0030100),57,10,3.9,2.6,0.004469007145743242,0.02545183214019547,1065.0
gobp,Positive Regulation Of Alpha-Beta T Cell Proliferation (GO:0046641),11,4,0.7,5.38,0.004657191774536633,0.026104785473060603,1065.0
gobp,Adaptive Immune Response Based On Somatic Recombination Of Immune Receptors Built From Immunoglobulin Superfamily Domains (GO:0002460),11,4,0.7,5.38,0.004657191774536633,0.026104785473060603,1065.0
gobp,Negative Regulation Of Cytokine Production Involved In Immune Response (GO:0002719),11,4,0.7,5.38,0.004657191774536633,0.026104785473060603,1065.0
hallmark,IL-2/STAT5 Signaling,169,21,11.4,1.84,0.004961023128325288,0.021704476186423134,35.0
kegg,Neuroactive ligand-receptor interaction,96,14,6.5,2.16,0.005003186004751012,0.02178470572902003,209.0
gobp,Negative Regulation Of Macrophage Migration (GO:1905522),6,3,0.4,7.4,0.005270346100059665,0.02820562108825901,1065.0
gobp,Regulation Of Leukocyte Degranulation (GO:0043300),6,3,0.4,7.4,0.005270346100059665,0.02820562108825901,1065.0
gobp,Positive Regulation Of Receptor Catabolic Process (GO:2000646),6,3,0.4,7.4,0.005270346100059665,0.02820562108825901,1065.0
gobp,Positive Regulation Of Lipopolysaccharide-Mediated Signaling Pathway (GO:0031666),6,3,0.4,7.4,0.005270346100059665,0.02820562108825901,1065.0
gobp,Regulation Of Granulocyte Macrophage Colony-Stimulating Factor Production (GO:0032645),6,3,0.4,7.4,0.005270346100059665,0.02820562108825901,1065.0
kegg,Nicotine addiction,6,3,0.4,7.4,0.005270346100059665,0.02247963948800959,209.0
gobp,Regulation Of Natural Killer Cell Activation (GO:0032814),6,3,0.4,7.4,0.005270346100059665,0.02820562108825901,1065.0
gobp,Gamma-Delta T Cell Activation (GO:0046629),6,3,0.4,7.4,0.005270346100059665,0.02820562108825901,1065.0
gobp,Positive Regulation Of Monocyte Chemotactic Protein-1 Production (GO:0071639),6,3,0.4,7.4,0.005270346100059665,0.02820562108825901,1065.0
gobp,Regulation Of Microglial Cell Migration (GO:1904139),6,3,0.4,7.4,0.005270346100059665,0.02820562108825901,1065.0
gobp,Regulation Of Calcium-Mediated Signaling (GO:0050848),18,5,1.2,4.11,0.0056951186623090035,0.029910551864724057,1065.0
gobp,Natural Killer Cell Activation (GO:0030101),18,5,1.2,4.11,0.0056951186623090035,0.029910551864724057,1065.0
gobp,Mononuclear Cell Differentiation (GO:1903131),18,5,1.2,4.11,0.0056951186623090035,0.029910551864724057,1065.0
gobp,Positive Regulation Of Response To Biotic Stimulus (GO:0002833),33,7,2.2,3.14,0.005701260120693882,0.029910551864724057,1065.0
gobp,Metal Ion Transport (GO:0030001),88,13,5.9,2.19,0.006006169545216475,0.03135573806693895,1065.0
gobp,Transforming Growth Factor Beta Receptor Signaling Pathway (GO:0007179),60,10,4.1,2.47,0.006500393604293646,0.03355207244821851,1065.0
gobp,Regulation Of Type I Interferon Production (GO:0032479),51,9,3.4,2.61,0.006581040851544783,0.03355207244821851,1065.0
gobp,Negative Regulation Of Macrophage Activation (GO:0043031),12,4,0.8,4.93,0.006615901609507876,0.03355207244821851,1065.0
gobp,Regulation Of Superoxide Anion Generation (GO:0032928),12,4,0.8,4.93,0.006615901609507876,0.03355207244821851,1065.0
gobp,Positive Regulation Of Superoxide Anion Generation (GO:0032930),12,4,0.8,4.93,0.006615901609507876,0.03355207244821851,1065.0
gobp,Regulation Of Leukocyte Activation (GO:0002694),12,4,0.8,4.93,0.006615901609507876,0.03355207244821851,1065.0
gobp,Positive Regulation Of Phospholipase C Activity (GO:0010863),26,6,1.8,3.41,0.00669967253978595,0.03365637384373602,1065.0
gobp,Lymphocyte Chemotaxis (GO:0048247),26,6,1.8,3.41,0.00669967253978595,0.03365637384373602,1065.0
gobp,Positive Regulation Of Innate Immune Response (GO:0045089),34,7,2.3,3.05,0.006769504007137822,0.03384752003568911,1065.0
gobp,Negative Regulation Of Signal Transduction (GO:0009968),196,23,13.2,1.74,0.006819746693232603,0.033939393590152904,1065.0
gobp,Adenylate Cyclase-Modulating G Protein-Coupled Receptor Signaling Pathway (GO:0007188),70,11,4.7,2.33,0.00696080048812927,0.034480244278407776,1065.0
gobp,Cellular Response To Transforming Growth Factor Beta Stimulus (GO:0071560),80,12,5.4,2.22,0.007197288590329431,0.035486631243985385,1065.0
gobp,Regulation Of Mononuclear Cell Migration (GO:0071675),19,5,1.3,3.89,0.0073058518917197696,0.03552845782959614,1065.0
gobp,Cellular Response To Interleukin-6 (GO:0071354),19,5,1.3,3.89,0.0073058518917197696,0.03552845782959614,1065.0
gobp,Fc-gamma Receptor Signaling Pathway Involved In Phagocytosis (GO:0038096),19,5,1.3,3.89,0.0073058518917197696,0.03552845782959614,1065.0
gobp,Second-Messenger-Mediated Signaling (GO:0019932),43,8,2.9,2.75,0.007369917808494044,0.035677102118391625,1065.0
kegg,Measles,101,14,6.8,2.05,0.007855679378438573,0.03283673980187324,209.0
gobp,Hemopoiesis (GO:0030097),81,12,5.5,2.19,0.007944494214832672,0.03828455356921627,1065.0
gobp,Negative Regulation Of NF-kappaB Transcription Factor Activity (GO:0032088),62,10,4.2,2.39,0.008209853300669527,0.03938510705050922,1065.0
gobp,Regulation Of Interferon-Beta Production (GO:0032648),44,8,3.0,2.69,0.008487431545295694,0.04016651725592399,1065.0
kegg,Yersinia infection,123,16,8.3,1.92,0.008622977815357683,0.035337301243328546,209.0
gobp,Peptide Antigen Assembly With MHC Protein Complex (GO:0002501),7,3,0.5,6.34,0.008761944266776563,0.04016651725592399,1065.0
gobp,Positive Regulation Of Natural Killer Cell Mediated Cytotoxicity (GO:0045954),7,3,0.5,6.34,0.008761944266776563,0.04016651725592399,1065.0
gobp,Response To Interleukin-6 (GO:0070741),7,3,0.5,6.34,0.008761944266776563,0.04016651725592399,1065.0
gobp,Base Conversion Or Substitution Editing (GO:0016553),7,3,0.5,6.34,0.008761944266776563,0.04016651725592399,1065.0
gobp,Positive Regulation Of Glial Cell Migration (GO:1903977),7,3,0.5,6.34,0.008761944266776563,0.04016651725592399,1065.0
gobp,Negative Regulation Of T Cell Differentiation (GO:0045581),7,3,0.5,6.34,0.008761944266776563,0.04016651725592399,1065.0
gobp,Positive Regulation Of Natural Killer Cell Mediated Immunity (GO:0002717),7,3,0.5,6.34,0.008761944266776563,0.04016651725592399,1065.0
gobp,T-helper 17 Cell Differentiation (GO:0072539),7,3,0.5,6.34,0.008761944266776563,0.04016651725592399,1065.0
gobp,Lymphocyte Mediated Immunity (GO:0002449),7,3,0.5,6.34,0.008761944266776563,0.04016651725592399,1065.0
gobp,Regulation Of T Cell Cytokine Production (GO:0002724),13,4,0.9,4.55,0.009051609522461744,0.04016651725592399,1065.0
gobp,Positive Regulation Of Interleukin-4 Production (GO:0032753),13,4,0.9,4.55,0.009051609522461744,0.04016651725592399,1065.0
gobp,Neutrophil Activation (GO:0042119),13,4,0.9,4.55,0.009051609522461744,0.04016651725592399,1065.0
gobp,Regulation Of Microglial Cell Activation (GO:1903978),13,4,0.9,4.55,0.009051609522461744,0.04016651725592399,1065.0
gobp,Myeloid Cell Activation Involved In Immune Response (GO:0002275),13,4,0.9,4.55,0.009051609522461744,0.04016651725592399,1065.0
gobp,Regulation Of Leukocyte Chemotaxis (GO:0002688),13,4,0.9,4.55,0.009051609522461744,0.04016651725592399,1065.0
gobp,Positive Regulation Of CREB Transcription Factor Activity (GO:0032793),13,4,0.9,4.55,0.009051609522461744,0.04016651725592399,1065.0
gobp,Positive Regulation Of Cytosolic Calcium Ion Concentration Involved In Phospholipase C-activating G Protein-Coupled Signaling Pathway (GO:0051482),13,4,0.9,4.55,0.009051609522461744,0.04016651725592399,1065.0
gobp,Negative Regulation Of Angiogenesis (GO:0016525),63,10,4.3,2.35,0.009184553040269888,0.040194003014737675,1065.0
gobp,Regulation Of Platelet Activation (GO:0010543),20,5,1.4,3.7,0.00920876688788356,0.040194003014737675,1065.0
gobp,Cellular Response To Low-Density Lipoprotein Particle Stimulus (GO:0071404),20,5,1.4,3.7,0.00920876688788356,0.040194003014737675,1065.0
gobp,Monoatomic Cation Transport (GO:0006812),20,5,1.4,3.7,0.00920876688788356,0.040194003014737675,1065.0
gobp,Regulation Of Apoptotic Signaling Pathway (GO:2001233),36,7,2.4,2.88,0.009341464737488725,0.040606775287450984,1065.0
kegg,Coronavirus disease,179,21,12.1,1.74,0.00947283253242259,0.0371724096875102,209.0
kegg,Human cytomegalovirus infection,179,21,12.1,1.74,0.00947283253242259,0.0371724096875102,209.0
gobp,Negative Regulation Of Immune Response (GO:0050777),54,9,3.6,2.47,0.009604354656103114,0.041454664019225686,1065.0
kegg,Insulin secretion,54,9,3.6,2.47,0.009604354656103114,0.0371724096875102,209.0
gobp,Cellular Response To Tumor Necrosis Factor (GO:0071356),83,12,5.6,2.14,0.009620104508167205,0.041454664019225686,1065.0
gobp,Cellular Component Disassembly (GO:0022411),28,6,1.9,3.17,0.009770066355704833,0.041454664019225686,1065.0
gobp,Positive Regulation Of Tyrosine Phosphorylation Of STAT Protein (GO:0042531),28,6,1.9,3.17,0.009770066355704833,0.041454664019225686,1065.0
gobp,Extracellular Matrix Disassembly (GO:0022617),28,6,1.9,3.17,0.009770066355704833,0.041454664019225686,1065.0
gobp,Cellular Response To Amyloid-Beta (GO:1904646),28,6,1.9,3.17,0.009770066355704833,0.041454664019225686,1065.0
gobp,Intracellular Monoatomic Cation Homeostasis (GO:0030003),125,16,8.4,1.89,0.010017358516010079,0.04233526515694736,1065.0
gobp,Regulation Of Endothelial Cell Migration (GO:0010594),74,11,5.0,2.2,0.010529720175908006,0.044324711412419074,1065.0
kegg,Pertussis,55,9,3.7,2.42,0.010814414206297184,0.04109477398392929,209.0
gobp,Regulation Of Interferon-Alpha Production (GO:0032647),21,5,1.4,3.52,0.01142727313904449,0.04717072051582318,1065.0
gobp,Regulation Of Monocyte Chemotaxis (GO:0090025),21,5,1.4,3.52,0.01142727313904449,0.04717072051582318,1065.0
gobp,Positive Regulation Of T Cell Migration (GO:2000406),21,5,1.4,3.52,0.01142727313904449,0.04717072051582318,1065.0
gobp,Cellular Response To Type I Interferon (GO:0071357),21,5,1.4,3.52,0.01142727313904449,0.04717072051582318,1065.0
gobp,Lymphocyte Migration (GO:0072676),21,5,1.4,3.52,0.01142727313904449,0.04717072051582318,1065.0
gobp,Negative Regulation Of Inflammatory Response (GO:0050728),85,12,5.7,2.09,0.011557805874074206,0.0475253407563283,1065.0
gobp,Regulation Of Interleukin-10 Production (GO:0032653),29,6,2.0,3.06,0.011630844139223894,0.04764172695489788,1065.0
gobp,Antigen Processing And Presentation Of Exogenous Peptide Antigen Via MHC Class II (GO:0019886),14,4,0.9,4.23,0.012004740792059326,0.04824546771148371,1065.0
gobp,Negative Regulation Of Inflammatory Response To Antigenic Stimulus (GO:0002862),14,4,0.9,4.23,0.012004740792059326,0.04824546771148371,1065.0
gobp,Negative Regulation Of Interleukin-2 Production (GO:0032703),14,4,0.9,4.23,0.012004740792059326,0.04824546771148371,1065.0
gobp,Positive Regulation Of Neutrophil Chemotaxis (GO:0090023),14,4,0.9,4.23,0.012004740792059326,0.04824546771148371,1065.0
gobp,Antigen Processing And Presentation Of Peptide Antigen Via MHC Class II (GO:0002495),14,4,0.9,4.23,0.012004740792059326,0.04824546771148371,1065.0
kegg,Kaposi sarcoma-associated herpesvirus infection,150,18,10.1,1.78,0.012502726998757917,0.046661963263221515,209.0
gobp,Regulation Of Innate Immune Response (GO:0045088),66,10,4.5,2.24,0.012643398388594696,0.05048596453734472,1065.0
gobp,Regulation Of Myeloid Leukocyte Mediated Immunity (GO:0002886),8,3,0.5,5.55,0.01332070989201302,0.05048596453734472,1065.0
gobp,Innate Immune Response-Activating Signaling Pathway (GO:0002758),8,3,0.5,5.55,0.01332070989201302,0.05048596453734472,1065.0
gobp,Negative Regulation Of Bone Resorption (GO:0045779),8,3,0.5,5.55,0.01332070989201302,0.05048596453734472,1065.0
gobp,Regulation Of T Cell Mediated Immunity (GO:0002709),8,3,0.5,5.55,0.01332070989201302,0.05048596453734472,1065.0
gobp,T-helper Cell Lineage Commitment (GO:0002295),8,3,0.5,5.55,0.01332070989201302,0.05048596453734472,1065.0
gobp,Regulation Of Toll-Like Receptor 9 Signaling Pathway (GO:0034163),8,3,0.5,5.55,0.01332070989201302,0.05048596453734472,1065.0
gobp,Positive Regulation Of Leukocyte Apoptotic Process (GO:2000108),8,3,0.5,5.55,0.01332070989201302,0.05048596453734472,1065.0
gobp,Pinocytosis (GO:0006907),8,3,0.5,5.55,0.01332070989201302,0.05048596453734472,1065.0
gobp,Myeloid Dendritic Cell Activation (GO:0001773),8,3,0.5,5.55,0.01332070989201302,0.05048596453734472,1065.0
gobp,Antigen Processing And Presentation Of Endogenous Peptide Antigen (GO:0002483),8,3,0.5,5.55,0.01332070989201302,0.05048596453734472,1065.0
gobp,Regulation Of Macrophage Migration (GO:1905521),8,3,0.5,5.55,0.01332070989201302,0.05048596453734472,1065.0
gobp,Negative Regulation Of Heart Contraction (GO:0045822),8,3,0.5,5.55,0.01332070989201302,0.05048596453734472,1065.0
gobp,Regulation Of Mast Cell Activation Involved In Immune Response (GO:0033006),8,3,0.5,5.55,0.01332070989201302,0.05048596453734472,1065.0
gobp,Negative Regulation Of Long-Term Synaptic Potentiation (GO:1900272),8,3,0.5,5.55,0.01332070989201302,0.05048596453734472,1065.0
gobp,Neutrophil Activation Involved In Immune Response (GO:0002283),8,3,0.5,5.55,0.01332070989201302,0.05048596453734472,1065.0
gobp,Receptor-Mediated Endocytosis (GO:0006898),108,14,7.3,1.92,0.013859006954469087,0.051842996785375114,1065.0
gobp,Regulation Of Bone Resorption (GO:0045124),22,5,1.5,3.36,0.013983268796298853,0.051842996785375114,1065.0
gobp,Positive Regulation Of Leukocyte Migration (GO:0002687),22,5,1.5,3.36,0.013983268796298853,0.051842996785375114,1065.0
gobp,Positive Regulation Of Receptor Signaling Pathway Via STAT (GO:1904894),22,5,1.5,3.36,0.013983268796298853,0.051842996785375114,1065.0
gobp,Fc Receptor Signaling Pathway (GO:0038093),22,5,1.5,3.36,0.013983268796298853,0.051842996785375114,1065.0
gobp,Superoxide Metabolic Process (GO:0006801),22,5,1.5,3.36,0.013983268796298853,0.051842996785375114,1065.0
gobp,Regulation Of Neuron Apoptotic Process (GO:0043523),77,11,5.2,2.11,0.014019514623650736,0.051842996785375114,1065.0
gobp,Regulation Of Endopeptidase Activity (GO:0052548),39,7,2.6,2.66,0.014443018554227373,0.05322427252682405,1065.0
gobp,Regulation Of Peptidyl-Tyrosine Phosphorylation (GO:0050730),68,10,4.6,2.18,0.015440868646830986,0.055804850715694174,1065.0
gobp,Regulation Of ERK1 And ERK2 Cascade (GO:0070372),176,20,11.9,1.68,0.015466496999519418,0.055804850715694174,1065.0
kegg,Rap1 signaling pathway,176,20,11.9,1.68,0.015466496999519418,0.056710488998237864,209.0
gobp,Regulation Of Interleukin-4 Production (GO:0032673),15,4,1.0,3.95,0.015510080574502795,0.055804850715694174,1065.0
gobp,Regulation Of Viral Transcription (GO:0046782),15,4,1.0,3.95,0.015510080574502795,0.055804850715694174,1065.0
gobp,Cellular Response To Interferon-Beta (GO:0035458),15,4,1.0,3.95,0.015510080574502795,0.055804850715694174,1065.0
gobp,Positive Regulation Of Lymphocyte Migration (GO:2000403),15,4,1.0,3.95,0.015510080574502795,0.055804850715694174,1065.0
gobp,Cell Projection Organization (GO:0030030),15,4,1.0,3.95,0.015510080574502795,0.055804850715694174,1065.0
gobp,Transmembrane Receptor Protein Serine/Threonine Kinase Signaling Pathway (GO:0007178),99,13,6.7,1.94,0.015683516408104663,0.05623887196845611,1065.0
kegg,Lipid and atherosclerosis,165,19,11.2,1.7,0.015799783886175756,0.056878689454594886,209.0
kegg,Morphine addiction,49,8,3.3,2.42,0.01605666353024449,0.056878689454594886,209.0
gobp,Positive Regulation Of Pattern Recognition Receptor Signaling Pathway (GO:0062208),31,6,2.1,2.86,0.016075164021880604,0.05744983115202297,1065.0
kegg,GnRH secretion,40,7,2.7,2.59,0.01651519565133789,0.05752793151882698,209.0
gobp,Cellular Response To Molecule Of Bacterial Origin (GO:0071219),79,11,5.3,2.06,0.016789463364255193,0.059784774703652,1065.0
gobp,Positive Regulation Of Receptor Signaling Pathway Via JAK-STAT (GO:0046427),23,5,1.6,3.22,0.01689691754535141,0.059784774703652,1065.0
gobp,Monocyte Chemotaxis (GO:0002548),23,5,1.6,3.22,0.01689691754535141,0.059784774703652,1065.0
gobp,Enzyme-Linked Receptor Protein Signaling Pathway (GO:0007167),90,12,6.1,1.97,0.017712716665769075,0.06205277384553969,1065.0
gobp,Regulation Of MAP Kinase Activity (GO:0043405),90,12,6.1,1.97,0.017712716665769075,0.06205277384553969,1065.0
gobp,Chemical Synaptic Transmission (GO:0007268),90,12,6.1,1.97,0.017712716665769075,0.06205277384553969,1065.0
kegg,Phospholipase D signaling pathway,112,14,7.6,1.85,0.018605544059574618,0.06374686407296877,209.0
gobp,Positive Regulation Of Interferon-Beta Production (GO:0032728),32,6,2.2,2.77,0.01868537911159506,0.06339704250005841,1065.0
gobp,Positive Regulation Of Cell-Cell Adhesion (GO:0022409),32,6,2.2,2.77,0.01868537911159506,0.06339704250005841,1065.0
gobp,Regulation Of Cytokine Production Involved In Inflammatory Response (GO:1900015),32,6,2.2,2.77,0.01868537911159506,0.06339704250005841,1065.0
gobp,Receptor Internalization (GO:0031623),41,7,2.8,2.53,0.018789037875595316,0.06339704250005841,1065.0
gobp,Negative Regulation Of Glucose Transmembrane Transport (GO:0010829),9,3,0.6,4.93,0.018989348880299187,0.06339704250005841,1065.0
gobp,Regulation Of Homotypic Cell-Cell Adhesion (GO:0034110),9,3,0.6,4.93,0.018989348880299187,0.06339704250005841,1065.0
gobp,Membrane Depolarization During Action Potential (GO:0086010),9,3,0.6,4.93,0.018989348880299187,0.06339704250005841,1065.0
gobp,Regulation Of Toll-Like Receptor 2 Signaling Pathway (GO:0034135),9,3,0.6,4.93,0.018989348880299187,0.06339704250005841,1065.0
gobp,Regulation Of Monocyte Chemotactic Protein-1 Production (GO:0071637),9,3,0.6,4.93,0.018989348880299187,0.06339704250005841,1065.0
gobp,I-kappaB Phosphorylation (GO:0007252),9,3,0.6,4.93,0.018989348880299187,0.06339704250005841,1065.0
gobp,T Cell Proliferation (GO:0042098),9,3,0.6,4.93,0.018989348880299187,0.06339704250005841,1065.0
gobp,Regulation Of Postsynaptic Membrane Potential (GO:0060078),9,3,0.6,4.93,0.018989348880299187,0.06339704250005841,1065.0
gobp,Positive Regulation Of T Cell Receptor Signaling Pathway (GO:0050862),9,3,0.6,4.93,0.018989348880299187,0.06339704250005841,1065.0
gobp,Negative Regulation Of Calcium Ion Transport (GO:0051926),9,3,0.6,4.93,0.018989348880299187,0.06339704250005841,1065.0
gobp,Positive Regulation Of Myeloid Leukocyte Mediated Immunity (GO:0002888),9,3,0.6,4.93,0.018989348880299187,0.06339704250005841,1065.0
kegg,AGE-RAGE signaling pathway in diabetic complications,91,12,6.1,1.95,0.019193426694083655,0.06470042224295942,209.0
hallmark,Apoptosis,146,17,9.9,1.72,0.01959655154811369,0.07620881157599768,35.0
gobp,Response To Axon Injury (GO:0048678),16,4,1.1,3.7,0.019596566237151756,0.06421644013097422,1065.0
gobp,"G Protein-Coupled Receptor Signaling Pathway, Coupled To Cyclic Nucleotide Second Messenger (GO:0007187)",16,4,1.1,3.7,0.019596566237151756,0.06421644013097422,1065.0
gobp,Regulation Of Membrane Protein Ectodomain Proteolysis (GO:0051043),16,4,1.1,3.7,0.019596566237151756,0.06421644013097422,1065.0
gobp,Positive Regulation Of Stress-Activated Protein Kinase Signaling Cascade (GO:0070304),16,4,1.1,3.7,0.019596566237151756,0.06421644013097422,1065.0
gobp,Positive Regulation Of Neutrophil Migration (GO:1902624),16,4,1.1,3.7,0.019596566237151756,0.06421644013097422,1065.0
gobp,Positive Regulation Of Granulocyte Chemotaxis (GO:0071624),16,4,1.1,3.7,0.019596566237151756,0.06421644013097422,1065.0
kegg,JAK-STAT signaling pathway,102,13,6.9,1.89,0.019717047131449096,0.06541052143607716,209.0
gobp,External Encapsulating Structure Organization (GO:0045229),71,10,4.8,2.08,0.02046525364780254,0.06665289032082478,1065.0
gobp,Extracellular Structure Organization (GO:0043062),71,10,4.8,2.08,0.02046525364780254,0.06665289032082478,1065.0
gobp,Positive Regulation Of Leukocyte Chemotaxis (GO:0002690),42,7,2.8,2.47,0.021273465487904018,0.06886395363105707,1065.0
gobp,Regulation Of Pathway-Restricted SMAD Protein Phosphorylation (GO:0060393),42,7,2.8,2.47,0.021273465487904018,0.06886395363105707,1065.0
gobp,SMAD Protein Signal Transduction (GO:0060395),33,6,2.2,2.69,0.02157073888735088,0.069195291912737,1065.0
gobp,Regulation Of Protein Tyrosine Kinase Activity (GO:0061097),33,6,2.2,2.69,0.02157073888735088,0.069195291912737,1065.0
gobp,Positive Regulation Of Pathway-Restricted SMAD Protein Phosphorylation (GO:0010862),33,6,2.2,2.69,0.02157073888735088,0.069195291912737,1065.0
gobp,Cell-Cell Adhesion Via Plasma-Membrane Adhesion Molecules (GO:0098742),82,11,5.5,1.99,0.021683744452772987,0.06934891243904874,1065.0
gobp,Cellular Response To Organic Substance (GO:0071310),52,8,3.5,2.28,0.0224471169768992,0.07157538796526242,1065.0
gobp,Positive Regulation Of Protein Secretion (GO:0050714),62,9,4.2,2.15,0.02270536204440565,0.07196788862289291,1065.0
gobp,Regulation Of NIK/NF-kappaB Signaling (GO:1901222),62,9,4.2,2.15,0.02270536204440565,0.07196788862289291,1065.0
gobp,Negative Regulation Of Innate Immune Response (GO:0045824),43,7,2.9,2.41,0.023976933092233713,0.07541078626584118,1065.0
gobp,BMP Signaling Pathway (GO:0030509),43,7,2.9,2.41,0.023976933092233713,0.07541078626584118,1065.0
gobp,Positive Regulation Of Blood Coagulation (GO:0030194),17,4,1.1,3.48,0.0242872297551019,0.07541078626584118,1065.0
gobp,Regulation Of Granulocyte Chemotaxis (GO:0071622),17,4,1.1,3.48,0.0242872297551019,0.07541078626584118,1065.0
gobp,Regulation Of Macrophage Chemotaxis (GO:0010758),17,4,1.1,3.48,0.0242872297551019,0.07541078626584118,1065.0
gobp,Lipopolysaccharide-Mediated Signaling Pathway (GO:0031663),17,4,1.1,3.48,0.0242872297551019,0.07541078626584118,1065.0
gobp,Response To Purine-Containing Compound (GO:0014074),17,4,1.1,3.48,0.0242872297551019,0.07541078626584118,1065.0
gobp,Chemokine-Mediated Signaling Pathway (GO:0070098),34,6,2.3,2.61,0.024742432075967966,0.07660084349100547,1065.0
gobp,Positive Regulation Of Phosphatidylinositol 3-Kinase Signaling (GO:0014068),53,8,3.6,2.23,0.024926729080577928,0.07672533662085403,1065.0
gobp,Negative Regulation Of Neuron Apoptotic Process (GO:0043524),53,8,3.6,2.23,0.024926729080577928,0.07672533662085403,1065.0
gobp,Positive Regulation Of Integrin Activation (GO:0033625),10,3,0.7,4.44,0.02578629601693967,0.07801819675579758,1065.0
gobp,Positive Regulation Of Syncytium Formation By Plasma Membrane Fusion (GO:0060143),10,3,0.7,4.44,0.02578629601693967,0.07801819675579758,1065.0
gobp,Regulation Of T Cell Mediated Cytotoxicity (GO:0001914),10,3,0.7,4.44,0.02578629601693967,0.07801819675579758,1065.0
gobp,Macrophage Activation Involved In Immune Response (GO:0002281),10,3,0.7,4.44,0.02578629601693967,0.07801819675579758,1065.0
gobp,"Regulation Of Phagocytosis, Engulfment (GO:0060099)",10,3,0.7,4.44,0.02578629601693967,0.07801819675579758,1065.0
gobp,Regulation Of Stress-Activated Protein Kinase Signaling Cascade (GO:0070302),10,3,0.7,4.44,0.02578629601693967,0.07801819675579758,1065.0
gobp,Positive Regulation Of Protein Kinase Activity (GO:0045860),117,14,7.9,1.77,0.02615968820176726,0.07892370519796638,1065.0
gobp,Supramolecular Fiber Organization (GO:0097435),210,22,14.2,1.55,0.02690715582252211,0.080949494211825,1065.0
kegg,Cytosolic DNA-sensing pathway,44,7,3.0,2.35,0.026907379330843625,0.08786941062728622,209.0
gobp,Positive Regulation Of Lymphocyte Differentiation (GO:0045621),35,6,2.4,2.54,0.028210640599620706,0.08463192179886211,1065.0
gobp,Cellular Response To Oxygen-Containing Compound (GO:1901701),284,28,19.2,1.46,0.028464954392043485,0.08515498996496154,1065.0
gobp,Regulation Of Toll-Like Receptor 4 Signaling Pathway (GO:0034143),18,4,1.2,3.29,0.029599261495899854,0.0880536689752328,1065.0
gobp,Negative Regulation Of Small GTPase Mediated Signal Transduction (GO:0051058),18,4,1.2,3.29,0.029599261495899854,0.0880536689752328,1065.0
gobp,Regulation Of Blood Vessel Endothelial Cell Migration (GO:0043535),45,7,3.0,2.3,0.03007218114697734,0.0889635358931413,1065.0
gobp,Regulation Of Stress-Activated MAPK Cascade (GO:0032872),45,7,3.0,2.3,0.03007218114697734,0.0889635358931413,1065.0
gobp,Regulation Of Receptor Signaling Pathway Via JAK-STAT (GO:0046425),36,6,2.4,2.47,0.03198447577204705,0.0943586335103327,1065.0
gobp,Regulation Of Protein Kinase B Signaling (GO:0051896),98,12,6.6,1.81,0.032257351805926954,0.09490077257821052,1065.0
gobp,Regulation Of Response To Biotic Stimulus (GO:0002831),27,5,1.8,2.74,0.03246138496085515,0.09523794761242627,1065.0
gobp,Endocytosis (GO:0006897),167,18,11.3,1.6,0.03329950330725229,0.09573557670626787,1065.0
gobp,Cellular Response To Peptide (GO:1901653),46,7,3.1,2.25,0.03347811281394445,0.09573557670626787,1065.0
gobp,Regulation Of Macrophage Cytokine Production (GO:0010935),11,3,0.7,4.04,0.033709710107840796,0.09573557670626787,1065.0
gobp,Regulation Of Calcium Ion Transmembrane Transport (GO:1903169),11,3,0.7,4.04,0.033709710107840796,0.09573557670626787,1065.0
gobp,High-Density Lipoprotein Particle Remodeling (GO:0034375),11,3,0.7,4.04,0.033709710107840796,0.09573557670626787,1065.0
gobp,Response To Progesterone (GO:0032570),11,3,0.7,4.04,0.033709710107840796,0.09573557670626787,1065.0
gobp,Response To Iron Ion (GO:0010039),11,3,0.7,4.04,0.033709710107840796,0.09573557670626787,1065.0
gobp,Positive Regulation Of Membrane Protein Ectodomain Proteolysis (GO:0051044),11,3,0.7,4.04,0.033709710107840796,0.09573557670626787,1065.0
gobp,Positive Regulation Of Heterotypic Cell-Cell Adhesion (GO:0034116),11,3,0.7,4.04,0.033709710107840796,0.09573557670626787,1065.0
gobp,Positive Regulation Of Type I Interferon-Mediated Signaling Pathway (GO:0060340),11,3,0.7,4.04,0.033709710107840796,0.09573557670626787,1065.0
gobp,Membrane Depolarization During Cardiac Muscle Cell Action Potential (GO:0086012),11,3,0.7,4.04,0.033709710107840796,0.09573557670626787,1065.0
gobp,Positive Regulation Of Leukocyte Degranulation (GO:0043302),11,3,0.7,4.04,0.033709710107840796,0.09573557670626787,1065.0
gobp,Positive Regulation Of Interferon-Alpha Production (GO:0032727),19,4,1.3,3.12,0.03554417072368124,0.09961721531768558,1065.0
gobp,Positive Regulation Of Interleukin-10 Production (GO:0032733),19,4,1.3,3.12,0.03554417072368124,0.09961721531768558,1065.0
gobp,Regulation Of Interleukin-17 Production (GO:0032660),19,4,1.3,3.12,0.03554417072368124,0.09961721531768558,1065.0
gobp,Myeloid Cell Development (GO:0061515),19,4,1.3,3.12,0.03554417072368124,0.09961721531768558,1065.0
gobp,Regulation Of Neutrophil Chemotaxis (GO:0090022),19,4,1.3,3.12,0.03554417072368124,0.09961721531768558,1065.0
gobp,Positive Regulation Of Smooth Muscle Cell Proliferation (GO:0048661),37,6,2.5,2.4,0.036071926172788996,0.10056701930371802,1065.0
gobp,Regulation Of Tyrosine Phosphorylation Of STAT Protein (GO:0042509),37,6,2.5,2.4,0.036071926172788996,0.10056701930371802,1065.0
gobp,Actin Filament Organization (GO:0007015),111,13,7.5,1.73,0.03648445028475602,0.10145153930356439,1065.0
gobp,Organic Substance Transport (GO:0071702),134,15,9.1,1.66,0.036930549587101395,0.10242457112047652,1065.0
gobp,Cell-Matrix Adhesion (GO:0007160),89,11,6.0,1.83,0.037044413290703515,0.10244778499857433,1065.0
gobp,Cellular Response To BMP Stimulus (GO:0071773),47,7,3.2,2.2,0.03713130986802788,0.10244778499857433,1065.0
gobp,Regulation Of Type I Interferon-Mediated Signaling Pathway (GO:0060338),28,5,1.9,2.64,0.037394280309800874,0.10264151682973693,1065.0
gobp,Negative Regulation Of Proteolysis (GO:0045861),28,5,1.9,2.64,0.037394280309800874,0.10264151682973693,1065.0
kegg,Ras signaling pathway,170,18,11.5,1.57,0.03872054001672475,0.12450142866916111,209.0
gobp,Response To Lipopolysaccharide (GO:0032496),112,13,7.6,1.72,0.038832185445638406,0.1063143380452568,1065.0
gobp,Positive Regulation Of Hydrolase Activity (GO:0051345),135,15,9.1,1.64,0.039064203735835655,0.10667532558632045,1065.0
gobp,Positive Regulation Of Proteolysis (GO:0045862),48,7,3.2,2.16,0.041037238025109744,0.10973776127779444,1065.0
gobp,Negative Regulation Of Cell Death (GO:0060548),48,7,3.2,2.16,0.041037238025109744,0.10973776127779444,1065.0
gobp,Peptidyl-Tyrosine Modification (GO:0018212),48,7,3.2,2.16,0.041037238025109744,0.10973776127779444,1065.0
kegg,Aldosterone synthesis and secretion,69,9,4.7,1.93,0.04187400427497204,0.13260101353741147,209.0
gobp,Regulation Of Protein Secretion (GO:0050708),69,9,4.7,1.93,0.04187400427497204,0.10973776127779444,1065.0
gobp,Osteoclast Differentiation (GO:0030316),20,4,1.4,2.96,0.04212802168263064,0.10973776127779444,1065.0
gobp,Regulation Of Immunoglobulin Production (GO:0002637),20,4,1.4,2.96,0.04212802168263064,0.10973776127779444,1065.0
gobp,Positive Regulation Of Protein Autophosphorylation (GO:0031954),20,4,1.4,2.96,0.04212802168263064,0.10973776127779444,1065.0
gobp,Regulation Of Neurotransmitter Secretion (GO:0046928),20,4,1.4,2.96,0.04212802168263064,0.10973776127779444,1065.0
gobp,Cellular Response To Xenobiotic Stimulus (GO:0071466),20,4,1.4,2.96,0.04212802168263064,0.10973776127779444,1065.0
gobp,Type I Interferon-Mediated Signaling Pathway (GO:0060337),20,4,1.4,2.96,0.04212802168263064,0.10973776127779444,1065.0
gobp,Fc-epsilon Receptor Signaling Pathway (GO:0038095),20,4,1.4,2.96,0.04212802168263064,0.10973776127779444,1065.0
hallmark,Apical Junction,160,17,10.8,1.57,0.04244582138033552,0.14856037483117432,35.0
gobp,Regulation Of I-kappaB kinase/NF-kappaB Signaling (GO:0043122),184,19,12.4,1.53,0.04272179449880598,0.10973776127779444,1065.0
gobp,Natural Killer Cell Mediated Immunity (GO:0002228),12,3,0.8,3.7,0.04274097960728513,0.10973776127779444,1065.0
gobp,Positive Regulation Of Stem Cell Differentiation (GO:2000738),12,3,0.8,3.7,0.04274097960728513,0.10973776127779444,1065.0
gobp,Response To Organophosphorus (GO:0046683),12,3,0.8,3.7,0.04274097960728513,0.10973776127779444,1065.0
gobp,Regulation Of Behavior (GO:0050795),12,3,0.8,3.7,0.04274097960728513,0.10973776127779444,1065.0
gobp,Negative Regulation Of ATP-dependent Activity (GO:0032780),12,3,0.8,3.7,0.04274097960728513,0.10973776127779444,1065.0
gobp,Mesoderm Development (GO:0007498),12,3,0.8,3.7,0.04274097960728513,0.10973776127779444,1065.0
gobp,Positive Regulation Of Nervous System Process (GO:0031646),12,3,0.8,3.7,0.04274097960728513,0.10973776127779444,1065.0
gobp,Adipose Tissue Development (GO:0060612),12,3,0.8,3.7,0.04274097960728513,0.10973776127779444,1065.0
gobp,Positive Regulation Of Macrophage Chemotaxis (GO:0010759),12,3,0.8,3.7,0.04274097960728513,0.10973776127779444,1065.0
gobp,Mature B Cell Differentiation Involved In Immune Response (GO:0002313),12,3,0.8,3.7,0.04274097960728513,0.10973776127779444,1065.0
gobp,Platelet Aggregation (GO:0070527),29,5,2.0,2.55,0.04276166284533774,0.10973776127779444,1065.0
kegg,Ether lipid metabolism,29,5,2.0,2.55,0.04276166284533774,0.13339085872650133,209.0
gobp,Negative Regulation Of Peptidyl-Tyrosine Phosphorylation (GO:0050732),29,5,2.0,2.55,0.04276166284533774,0.10973776127779444,1065.0
gobp,Positive Regulation Of Neuron Death (GO:1901216),29,5,2.0,2.55,0.04276166284533774,0.10973776127779444,1065.0
gobp,Protein Transport (GO:0015031),270,26,18.2,1.43,0.043154149940647105,0.11047877328555088,1065.0
gobp,Negative Regulation Of Cell Adhesion (GO:0007162),59,8,4.0,2.01,0.0438809177439591,0.11206996977773728,1065.0
gobp,Memory (GO:0007613),39,6,2.6,2.28,0.04521378031379429,0.11519778955548067,1065.0
gobp,Response To Interleukin-1 (GO:0070555),60,8,4.1,1.97,0.047763957025142946,0.12140480723574519,1065.0
gobp,Blood Circulation (GO:0008015),30,5,2.0,2.47,0.04856840068169526,0.12199374227831475,1065.0
gobp,Antimicrobial Humoral Response (GO:0019730),30,5,2.0,2.47,0.04856840068169526,0.12199374227831475,1065.0
gobp,Regulation Of Erythrocyte Differentiation (GO:0045646),30,5,2.0,2.47,0.04856840068169526,0.12199374227831475,1065.0
gobp,Negative Regulation Of Endopeptidase Activity (GO:0010951),30,5,2.0,2.47,0.04856840068169526,0.12199374227831475,1065.0
gobp,Negative Regulation Of Peptidase Activity (GO:0010466),30,5,2.0,2.47,0.04856840068169526,0.12199374227831475,1065.0
gobp,Positive Regulation Of MAP Kinase Activity (GO:0043406),71,9,4.8,1.88,0.0489015412005908,0.12254150912618636,1065.0
kegg,Taste transduction,21,4,1.4,2.82,0.049351727222297984,0.1494856665139171,209.0
kegg,African trypanosomiasis,21,4,1.4,2.82,0.049351727222297984,0.1494856665139171,209.0
gobp,Cardiac Muscle Cell Action Potential (GO:0086001),21,4,1.4,2.82,0.049351727222297984,0.12337931805574497,1065.0
gobp,Negative Regulation Of Cytokine-Mediated Signaling Pathway (GO:0001960),40,6,2.7,2.22,0.05027823643069833,0.12540122201099232,1065.0
kegg,Pancreatic secretion,61,8,4.1,1.94,0.05186399955100865,0.15485108437372583,209.0
gobp,Negative Regulation Of DNA-binding Transcription Factor Activity (GO:0043433),117,13,7.9,1.64,0.052184315590756855,0.12762561683414902,1065.0
gobp,Cellular Response To Metal Ion (GO:0071248),83,10,5.6,1.78,0.05258437633866257,0.12762561683414902,1065.0
gobp,Negative Regulation Of Type I Interferon-Mediated Signaling Pathway (GO:0060339),13,3,0.9,3.41,0.05284779063273213,0.12762561683414902,1065.0
gobp,Regulation Of Osteoblast Proliferation (GO:0033688),13,3,0.9,3.41,0.05284779063273213,0.12762561683414902,1065.0
gobp,T-helper Cell Differentiation (GO:0042093),13,3,0.9,3.41,0.05284779063273213,0.12762561683414902,1065.0
gobp,Regulation Of Tissue Remodeling (GO:0034103),13,3,0.9,3.41,0.05284779063273213,0.12762561683414902,1065.0
gobp,Embryo Development Ending In Birth Or Egg Hatching (GO:0009792),13,3,0.9,3.41,0.05284779063273213,0.12762561683414902,1065.0
gobp,Natural Killer Cell Mediated Cytotoxicity (GO:0042267),13,3,0.9,3.41,0.05284779063273213,0.12762561683414902,1065.0
gobp,Positive Regulation Of Cation Transmembrane Transport (GO:1904064),13,3,0.9,3.41,0.05284779063273213,0.12762561683414902,1065.0
gobp,Negative Regulation Of Phagocytosis (GO:0050765),13,3,0.9,3.41,0.05284779063273213,0.12762561683414902,1065.0
gobp,Negative Regulation Of Interleukin-8 Production (GO:0032717),13,3,0.9,3.41,0.05284779063273213,0.12762561683414902,1065.0
gobp,Regulation Of Lipopolysaccharide-Mediated Signaling Pathway (GO:0031664),13,3,0.9,3.41,0.05284779063273213,0.12762561683414902,1065.0
gobp,Regulation Of Cholesterol Storage (GO:0010885),13,3,0.9,3.41,0.05284779063273213,0.12762561683414902,1065.0
gobp,Negative Regulation Of Cytokine Production Involved In Inflammatory Response (GO:1900016),13,3,0.9,3.41,0.05284779063273213,0.12762561683414902,1065.0
kegg,Adrenergic signaling in cardiomyocytes,106,12,7.2,1.68,0.05383486978155142,0.15847165893442602,209.0
kegg,ABC transporters,31,5,2.1,2.39,0.054817100039351904,0.15912185983645205,209.0
gobp,Establishment Of Protein Localization To Extracellular Region (GO:0035592),31,5,2.1,2.39,0.054817100039351904,0.13119148661103322,1065.0
gobp,Negative Regulation Of Smooth Muscle Cell Proliferation (GO:0048662),31,5,2.1,2.39,0.054817100039351904,0.13119148661103322,1065.0
gobp,Substrate Adhesion-Dependent Cell Spreading (GO:0034446),31,5,2.1,2.39,0.054817100039351904,0.13119148661103322,1065.0
gobp,Negative Regulation Of Tumor Necrosis Factor Production (GO:0032720),31,5,2.1,2.39,0.054817100039351904,0.13119148661103322,1065.0
gobp,Positive Regulation Of Secretion By Cell (GO:1903532),62,8,4.2,1.91,0.056183797700135034,0.1335619298005442,1065.0
gobp,Calcium Ion Transport (GO:0006816),62,8,4.2,1.91,0.056183797700135034,0.1335619298005442,1065.0
gobp,Positive Regulation Of Cell Adhesion (GO:0045785),62,8,4.2,1.91,0.056183797700135034,0.1335619298005442,1065.0
kegg,Amoebiasis,73,9,4.9,1.82,0.056666338986058364,0.1622365047683041,209.0
gobp,Heterophilic Cell-Cell Adhesion Via Plasma Membrane Cell Adhesion Molecules (GO:0007157),22,4,1.5,2.69,0.05721138465029781,0.1345035864295081,1065.0
gobp,Carboxylic Acid Metabolic Process (GO:0019752),22,4,1.5,2.69,0.05721138465029781,0.1345035864295081,1065.0
gobp,Positive Regulation Of Cell Development (GO:0010720),22,4,1.5,2.69,0.05721138465029781,0.1345035864295081,1065.0
gobp,Response To Steroid Hormone (GO:0048545),22,4,1.5,2.69,0.05721138465029781,0.1345035864295081,1065.0
gobp,Regulation Of Defense Response To Virus By Host (GO:0050691),22,4,1.5,2.69,0.05721138465029781,0.1345035864295081,1065.0
gobp,Cellular Response To Mechanical Stimulus (GO:0071260),42,6,2.8,2.11,0.061410204632184676,0.143026615362435,1065.0
gobp,Negative Regulation Of Viral Genome Replication (GO:0045071),32,5,2.2,2.31,0.06150815947041806,0.143026615362435,1065.0
gobp,Negative Regulation Of Tumor Necrosis Factor Superfamily Cytokine Production (GO:1903556),32,5,2.2,2.31,0.06150815947041806,0.143026615362435,1065.0
gobp,Tumor Necrosis Factor-Mediated Signaling Pathway (GO:0033209),32,5,2.2,2.31,0.06150815947041806,0.143026615362435,1065.0
gobp,Regulation Of Tumor Necrosis Factor-Mediated Signaling Pathway (GO:0010803),32,5,2.2,2.31,0.06150815947041806,0.143026615362435,1065.0
gobp,Regulation Of Intracellular Signal Transduction (GO:1902531),243,23,16.4,1.4,0.06374718769379925,0.14623593669594365,1065.0
gobp,Negative Regulation Of Interleukin-1 Beta Production (GO:0032691),14,3,0.9,3.17,0.06398680422564294,0.14623593669594365,1065.0
gobp,Regulation Of Regulatory T Cell Differentiation (GO:0045589),14,3,0.9,3.17,0.06398680422564294,0.14623593669594365,1065.0
gobp,Calcium-Mediated Signaling Using Intracellular Calcium Source (GO:0035584),14,3,0.9,3.17,0.06398680422564294,0.14623593669594365,1065.0
gobp,Negative Regulation Of G Protein-Coupled Receptor Signaling Pathway (GO:0045744),14,3,0.9,3.17,0.06398680422564294,0.14623593669594365,1065.0
gobp,Regulation Of Dendritic Spine Development (GO:0060998),14,3,0.9,3.17,0.06398680422564294,0.14623593669594365,1065.0
gobp,Regulation Of Potassium Ion Transport (GO:0043266),14,3,0.9,3.17,0.06398680422564294,0.14623593669594365,1065.0
gobp,Positive Regulation Of Glial Cell Differentiation (GO:0045687),14,3,0.9,3.17,0.06398680422564294,0.14623593669594365,1065.0
kegg,Salivary secretion,53,7,3.6,1.95,0.06449938901115505,0.18086441674744888,209.0
gobp,Inorganic Cation Import Across Plasma Membrane (GO:0098659),53,7,3.6,1.95,0.06449938901115505,0.14709175438304098,1065.0
kegg,cGMP-PKG signaling pathway,121,13,8.2,1.59,0.06490349883281658,0.18086441674744888,209.0
gobp,Positive Regulation Of Protein Kinase B Signaling (GO:0051897),64,8,4.3,1.85,0.0654911989334756,0.14823951809387237,1065.0
gobp,Learning (GO:0007612),23,4,1.6,2.57,0.06569864088291809,0.14823951809387237,1065.0
gobp,Regulation Of Actin Polymerization Or Depolymerization (GO:0008064),23,4,1.6,2.57,0.06569864088291809,0.14823951809387237,1065.0
gobp,Regulation Of Osteoclast Differentiation (GO:0045670),23,4,1.6,2.57,0.06569864088291809,0.14823951809387237,1065.0
gobp,Positive Regulation Of Immunoglobulin Production (GO:0002639),23,4,1.6,2.57,0.06569864088291809,0.14823951809387237,1065.0
gobp,Negative Regulation Of MAP Kinase Activity (GO:0043407),43,6,2.9,2.06,0.06748046488190647,0.1519380446072524,1065.0
gobp,Calcium Ion Transmembrane Import Into Cytosol (GO:0097553),33,5,2.2,2.24,0.06863984171739433,0.15389775037689468,1065.0
kegg,Aldosterone-regulated sodium reabsorption,33,5,2.2,2.24,0.06863984171739433,0.18875956472283442,209.0
gobp,Regulated Exocytosis (GO:0045055),33,5,2.2,2.24,0.06863984171739433,0.15389775037689468,1065.0
gobp,Positive Regulation Of Signal Transduction (GO:0009967),196,19,13.2,1.43,0.07146712723870619,0.15990019014542456,1065.0
hallmark,Epithelial Mesenchymal Transition,172,17,11.6,1.46,0.07366817364792239,0.23439873433429848,35.0
gobp,Positive Regulation Of NIK/NF-kappaB Signaling (GO:1901224),44,6,3.0,2.02,0.07388674154786375,0.1649672531414568,1065.0
gobp,Response To Tumor Necrosis Factor (GO:0034612),77,9,5.2,1.73,0.0744733710435687,0.16592916351757464,1065.0
gobp,Regulation Of Potassium Ion Transmembrane Transport (GO:1901379),24,4,1.6,2.47,0.07480107604857128,0.16631136950256453,1065.0
gobp,Negative Regulation Of Amyloid-Beta Formation (GO:1902430),15,3,1.0,2.96,0.07610598513842794,0.1666568871898547,1065.0
gobp,Negative Regulation Of Axonogenesis (GO:0050771),15,3,1.0,2.96,0.07610598513842794,0.1666568871898547,1065.0
gobp,Heart Contraction (GO:0060047),15,3,1.0,2.96,0.07610598513842794,0.1666568871898547,1065.0
gobp,Atrioventricular Valve Morphogenesis (GO:0003181),15,3,1.0,2.96,0.07610598513842794,0.1666568871898547,1065.0
gobp,Positive Regulation Of Defense Response To Virus By Host (GO:0002230),15,3,1.0,2.96,0.07610598513842794,0.1666568871898547,1065.0
gobp,Negative Regulation Of Immune System Process (GO:0002683),34,5,2.3,2.18,0.07620836062108849,0.1666568871898547,1065.0
gobp,Positive Regulation Of Cell Death (GO:0010942),34,5,2.3,2.18,0.07620836062108849,0.1666568871898547,1065.0
gobp,Homotypic Cell-Cell Adhesion (GO:0034109),34,5,2.3,2.18,0.07620836062108849,0.1666568871898547,1065.0
gobp,Positive Regulation Of Nucleic Acid-Templated Transcription (GO:1903508),444,38,30.0,1.27,0.07843769467823876,0.1711806246564022,1065.0
gobp,Protein Secretion (GO:0009306),45,6,3.0,1.97,0.08062744314800013,0.17524127949514315,1065.0
gobp,Cell Junction Organization (GO:0034330),45,6,3.0,1.97,0.08062744314800013,0.17524127949514315,1065.0
kegg,Influenza A,114,12,7.7,1.56,0.08351188233377717,0.22667510919168088,209.0
gobp,Positive Regulation Of Receptor-Mediated Endocytosis (GO:0048260),35,5,2.4,2.11,0.0842079806246665,0.18217665038456685,1065.0
gobp,Positive Regulation Of Macromolecule Metabolic Process (GO:0010604),251,23,17.0,1.36,0.08426172905874843,0.18217665038456685,1065.0
gobp,Response To Peptide (GO:1901652),25,4,1.7,2.37,0.0845025965164094,0.18217665038456685,1065.0
gobp,Negative Regulation Of Insulin Receptor Signaling Pathway (GO:0046627),25,4,1.7,2.37,0.0845025965164094,0.18217665038456685,1065.0
gobp,Inorganic Cation Transmembrane Transport (GO:0098662),151,15,10.2,1.47,0.08593600717970243,0.1848926215078446,1065.0
gobp,Positive Regulation Of I-kappaB kinase/NF-kappaB Signaling (GO:0043123),139,14,9.4,1.49,0.08690012650164843,0.1865899893634185,1065.0
kegg,Transcriptional misregulation in cancer,139,14,9.4,1.49,0.08690012650164843,0.23284777485698102,209.0
gobp,Cellular Component Assembly (GO:0022607),189,18,12.8,1.41,0.08848604881487374,0.1872606520453819,1065.0
gobp,Positive Regulation Of Phosphoprotein Phosphatase Activity (GO:0032516),16,3,1.1,2.77,0.08914662026949166,0.1872606520453819,1065.0
gobp,Regulation Of Steroid Metabolic Process (GO:0019218),16,3,1.1,2.77,0.08914662026949166,0.1872606520453819,1065.0
gobp,Regulation Of Adaptive Immune Response (GO:0002819),16,3,1.1,2.77,0.08914662026949166,0.1872606520453819,1065.0
gobp,Negative Regulation Of Interleukin-1 Production (GO:0032692),16,3,1.1,2.77,0.08914662026949166,0.1872606520453819,1065.0
gobp,Positive Regulation Of Immune Effector Process (GO:0002699),16,3,1.1,2.77,0.08914662026949166,0.1872606520453819,1065.0
kegg,Glycosaminoglycan degradation,16,3,1.1,2.77,0.08914662026949166,0.23584359033321214,209.0
gobp,Regulation Of Monoatomic Cation Transmembrane Transport (GO:1904062),16,3,1.1,2.77,0.08914662026949166,0.1872606520453819,1065.0
gobp,Regulation Of Transferase Activity (GO:0051338),16,3,1.1,2.77,0.08914662026949166,0.1872606520453819,1065.0
gobp,Acylglycerol Homeostasis (GO:0055090),16,3,1.1,2.77,0.08914662026949166,0.1872606520453819,1065.0
gobp,Amyloid Precursor Protein Metabolic Process (GO:0042982),16,3,1.1,2.77,0.08914662026949166,0.1872606520453819,1065.0
gobp,Positive Regulation Of Epithelial Cell Apoptotic Process (GO:1904037),16,3,1.1,2.77,0.08914662026949166,0.1872606520453819,1065.0
gobp,Positive Regulation Of Protein-Containing Complex Assembly (GO:0031334),80,9,5.4,1.66,0.08985519600348488,0.18837752705454996,1065.0
gobp,Positive Regulation Of Cell Population Proliferation (GO:0008284),344,30,23.2,1.29,0.09037557391213208,0.1890962401108461,1065.0
gobp,Transmembrane Receptor Protein Tyrosine Kinase Signaling Pathway (GO:0007169),215,20,14.5,1.38,0.09096047551422529,0.18994687533852928,1065.0
gobp,Cellular Response To Chemokine (GO:1990869),36,5,2.4,2.06,0.0926311265686374,0.1928269681520843,1065.0
gobp,Regulation Of Phosphatidylinositol 3-Kinase Signaling (GO:0014066),69,8,4.7,1.72,0.0927017912618471,0.1928269681520843,1065.0
kegg,Dilated cardiomyopathy,58,7,3.9,1.79,0.09468270755117844,0.24538178026167212,209.0
gobp,Potassium Ion Transmembrane Transport (GO:0071805),58,7,3.9,1.79,0.09468270755117844,0.19639062032411855,1065.0
gobp,Negative Regulation Of Cellular Response To Insulin Stimulus (GO:1900077),26,4,1.8,2.28,0.09478382990290792,0.19639062032411855,1065.0
kegg,GABAergic synapse,47,6,3.2,1.89,0.09510011579519351,0.24538178026167212,209.0
gobp,Potassium Ion Transport (GO:0006813),47,6,3.2,1.89,0.09510011579519351,0.19666334625607979,1065.0
kegg,Oxytocin signaling pathway,105,11,7.1,1.55,0.09711643655476354,0.2475284785359217,209.0
gobp,Intracellular Iron Ion Homeostasis (GO:0006879),37,5,2.5,2.0,0.10146850163048872,0.2078465720930189,1065.0
gobp,Regulation Of Small Molecule Metabolic Process (GO:0062012),37,5,2.5,2.0,0.10146850163048872,0.2078465720930189,1065.0
gobp,Positive Regulation Of Protein Transport (GO:0051222),59,7,4.0,1.76,0.10152141002522716,0.2078465720930189,1065.0
gobp,Cellular Response To Interleukin-1 (GO:0071347),59,7,4.0,1.76,0.10152141002522716,0.2078465720930189,1065.0
gobp,Adenylate Cyclase-Activating G Protein-Coupled Receptor Signaling Pathway (GO:0007189),48,6,3.2,1.85,0.10282338404806259,0.2078465720930189,1065.0
gobp,Regulation Of Toll-Like Receptor Signaling Pathway (GO:0034121),17,3,1.1,2.61,0.10304506109400374,0.2078465720930189,1065.0
gobp,"Regulation Of Synaptic Transmission, Glutamatergic (GO:0051966)",17,3,1.1,2.61,0.10304506109400374,0.2078465720930189,1065.0
gobp,Cholesterol Efflux (GO:0033344),17,3,1.1,2.61,0.10304506109400374,0.2078465720930189,1065.0
gobp,Cellular Response To Steroid Hormone Stimulus (GO:0071383),17,3,1.1,2.61,0.10304506109400374,0.2078465720930189,1065.0
gobp,Negative Regulation Of Type II Interferon Production (GO:0032689),17,3,1.1,2.61,0.10304506109400374,0.2078465720930189,1065.0
gobp,Cytoskeleton-Dependent Intracellular Transport (GO:0030705),17,3,1.1,2.61,0.10304506109400374,0.2078465720930189,1065.0
gobp,Negative Regulation Of Amyloid Precursor Protein Catabolic Process (GO:1902992),17,3,1.1,2.61,0.10304506109400374,0.2078465720930189,1065.0
gobp,Potassium Ion Homeostasis (GO:0055075),17,3,1.1,2.61,0.10304506109400374,0.2078465720930189,1065.0
gobp,Negative Regulation Of Protein Serine/Threonine Kinase Activity (GO:0071901),71,8,4.8,1.67,0.10515721337372053,0.2117059210642956,1065.0
gobp,Actin Filament Bundle Organization (GO:0061572),27,4,1.8,2.19,0.10562251597978678,0.21224147078957156,1065.0
gobp,Regulation Of GTPase Activity (GO:0043087),169,16,11.4,1.4,0.10771946201135023,0.21604750855383803,1065.0
gobp,Positive Regulation Of Multicellular Organismal Process (GO:0051240),285,25,19.3,1.3,0.10852981051617497,0.21726362443557584,1065.0
gobp,Positive Regulation Of Reactive Oxygen Species Metabolic Process (GO:2000379),38,5,2.6,1.95,0.11070921142811288,0.22121071326630434,1065.0
gobp,Positive Regulation Of Metabolic Process (GO:0009893),84,9,5.7,1.59,0.11306060733444018,0.2246446768865276,1065.0
gobp,Positive Regulation Of Vasculature Development (GO:1904018),84,9,5.7,1.59,0.11306060733444018,0.2246446768865276,1065.0
gobp,Positive Regulation Of Stress-Activated MAPK Cascade (GO:0032874),84,9,5.7,1.59,0.11306060733444018,0.2246446768865276,1065.0
gobp,Negative Regulation Of Endothelial Cell Migration (GO:0010596),28,4,1.9,2.11,0.1169938885914511,0.22964642010899308,1065.0
gobp,Icosanoid Metabolic Process (GO:0006690),28,4,1.9,2.11,0.1169938885914511,0.22964642010899308,1065.0
gobp,Regulation Of Amyloid-Beta Formation (GO:1902003),28,4,1.9,2.11,0.1169938885914511,0.22964642010899308,1065.0
gobp,Actin Filament Bundle Assembly (GO:0051017),28,4,1.9,2.11,0.1169938885914511,0.22964642010899308,1065.0
gobp,Negative Regulation Of Endothelial Cell Proliferation (GO:0001937),28,4,1.9,2.11,0.1169938885914511,0.22964642010899308,1065.0
gobp,Monoatomic Cation Transmembrane Transport (GO:0098655),146,14,9.9,1.42,0.11712840357369385,0.22964642010899308,1065.0
gobp,Positive Regulation Of Receptor Internalization (GO:0002092),18,3,1.2,2.47,0.11773422101362463,0.22964642010899308,1065.0
gobp,Regulation Of Neuroinflammatory Response (GO:0150077),18,3,1.2,2.47,0.11773422101362463,0.22964642010899308,1065.0
gobp,Pulmonary Valve Development (GO:0003177),18,3,1.2,2.47,0.11773422101362463,0.22964642010899308,1065.0
gobp,Cortical Actin Cytoskeleton Organization (GO:0030866),18,3,1.2,2.47,0.11773422101362463,0.22964642010899308,1065.0
gobp,Regulation Of miRNA Transcription (GO:1902893),50,6,3.4,1.78,0.119214414955596,0.2321085044382262,1065.0
kegg,Calcium signaling pathway,134,13,9.1,1.44,0.1195600177061059,0.30106076747682087,209.0
gobp,Regulation Of Cellular Metabolic Process (GO:0031323),39,5,2.6,1.9,0.1203408924743363,0.23387417971746013,1065.0
kegg,Wnt signaling pathway,122,12,8.2,1.46,0.12177261341056679,0.30298185955724355,209.0
gobp,Anterograde Trans-Synaptic Signaling (GO:0098916),62,7,4.2,1.67,0.12358918393903909,0.23974950982709767,1065.0
gobp,Protein Processing (GO:0016485),86,9,5.8,1.55,0.12579571898654054,0.24358625585575577,1065.0
gobp,Regulation Of Axon Extension (GO:0030516),29,4,2.0,2.04,0.12887104471082914,0.24908831690931585,1065.0
gobp,Positive Regulation Of Gene Expression (GO:0010628),345,29,23.3,1.24,0.13135356494578732,0.2523118701900057,1065.0
gobp,Protein Maturation (GO:0051604),87,9,5.9,1.53,0.13243882343122335,0.2523118701900057,1065.0
gobp,Positive Regulation Of Endopeptidase Activity (GO:0010950),19,3,1.3,2.34,0.13314485544298893,0.2523118701900057,1065.0
gobp,Positive Regulation Of Cholesterol Efflux (GO:0010875),19,3,1.3,2.34,0.13314485544298893,0.2523118701900057,1065.0
gobp,Striated Muscle Contraction (GO:0006941),19,3,1.3,2.34,0.13314485544298893,0.2523118701900057,1065.0
gobp,Dendritic Spine Organization (GO:0097061),19,3,1.3,2.34,0.13314485544298893,0.2523118701900057,1065.0
gobp,Regulation Of Vascular Endothelial Growth Factor Receptor Signaling Pathway (GO:0030947),19,3,1.3,2.34,0.13314485544298893,0.2523118701900057,1065.0
gobp,Regulation Of Heterotypic Cell-Cell Adhesion (GO:0034114),19,3,1.3,2.34,0.13314485544298893,0.2523118701900057,1065.0
gobp,Negative Regulation Of Neurogenesis (GO:0050768),19,3,1.3,2.34,0.13314485544298893,0.2523118701900057,1065.0
gobp,Cardiac Muscle Cell Action Potential Involved In Contraction (GO:0086002),19,3,1.3,2.34,0.13314485544298893,0.2523118701900057,1065.0
gobp,Positive Regulation Of Phosphatase Activity (GO:0010922),19,3,1.3,2.34,0.13314485544298893,0.2523118701900057,1065.0
gobp,Proteolysis (GO:0006508),202,18,13.7,1.32,0.13947558438055202,0.2638392493166748,1065.0
gobp,Protein Catabolic Process (GO:0030163),76,8,5.1,1.56,0.1400845421645548,0.26452134291711143,1065.0
gobp,Positive Regulation Of Ras Protein Signal Transduction (GO:0046579),30,4,2.0,1.97,0.14122529763838818,0.26526444794512066,1065.0
hallmark,Notch Signaling,30,4,2.0,1.97,0.14122529763838818,0.4119071181119655,35.0
gobp,Response To Organonitrogen Compound (GO:0010243),30,4,2.0,1.97,0.14122529763838818,0.26526444794512066,1065.0
gobp,Regulation Of DNA Biosynthetic Process (GO:2000278),30,4,2.0,1.97,0.14122529763838818,0.26526444794512066,1065.0
gobp,Negative Regulation Of Canonical Wnt Signaling Pathway (GO:0090090),89,9,6.0,1.5,0.1462616233060514,0.27424054369884643,1065.0
gobp,Vesicle Fusion (GO:0006906),65,7,4.4,1.59,0.14788243307534374,0.27539875539399106,1065.0
gobp,Positive Regulation Of GTPase Activity (GO:0043547),178,16,12.0,1.33,0.14862252354926178,0.27539875539399106,1065.0
gobp,Synaptic Vesicle Exocytosis (GO:0016079),20,3,1.4,2.22,0.14920664963599328,0.27539875539399106,1065.0
gobp,Regulation Of Regulated Secretory Pathway (GO:1903305),20,3,1.4,2.22,0.14920664963599328,0.27539875539399106,1065.0
gobp,Negative Regulation Of Protein Tyrosine Kinase Activity (GO:0061099),20,3,1.4,2.22,0.14920664963599328,0.27539875539399106,1065.0
gobp,In Utero Embryonic Development (GO:0001701),20,3,1.4,2.22,0.14920664963599328,0.27539875539399106,1065.0
gobp,Positive Regulation Of Erythrocyte Differentiation (GO:0045648),20,3,1.4,2.22,0.14920664963599328,0.27539875539399106,1065.0
gobp,Adenylate Cyclase-Inhibiting G Protein-Coupled Receptor Signaling Pathway (GO:0007193),20,3,1.4,2.22,0.14920664963599328,0.27539875539399106,1065.0
gobp,Positive Regulation Of Neuron Apoptotic Process (GO:0043525),20,3,1.4,2.22,0.14920664963599328,0.27539875539399106,1065.0
kegg,Endocrine and other factor-regulated calcium reabsorption,42,5,2.8,1.76,0.15143885329978848,0.3723614157606564,209.0
gobp,Protein Localization To Membrane (GO:0072657),153,14,10.3,1.35,0.15278021788971657,0.28150680285907986,1065.0
gobp,Negative Regulation Of MAPK Cascade (GO:0043409),90,9,6.1,1.48,0.15343458373692284,0.28222423433475446,1065.0
gobp,Regulation Of Receptor Internalization (GO:0002090),31,4,2.1,1.91,0.15402651209750468,0.2823377545332917,1065.0
gobp,Negative Regulation Of Type I Interferon Production (GO:0032480),31,4,2.1,1.91,0.15402651209750468,0.2823377545332917,1065.0
gobp,Synapse Organization (GO:0050808),78,8,5.3,1.52,0.15549560251494698,0.2845409221278669,1065.0
gobp,Regulation Of Canonical Wnt Signaling Pathway (GO:0060828),167,15,11.3,1.33,0.15869989247794913,0.28990632159350915,1065.0
kegg,Retrograde endocannabinoid signaling,91,9,6.1,1.46,0.16077693618936198,0.39072534492530997,209.0
gobp,Regulation Of Smooth Muscle Cell Proliferation (GO:0048660),43,5,2.9,1.72,0.16248600967056243,0.2958078637592291,1065.0
gobp,Positive Regulation Of Fat Cell Differentiation (GO:0045600),43,5,2.9,1.72,0.16248600967056243,0.2958078637592291,1065.0
gobp,Regulation Of Long-Term Synaptic Potentiation (GO:1900271),21,3,1.4,2.11,0.16584913670494256,0.3003900180115031,1065.0
gobp,Negative Regulation Of Sequestering Of Calcium Ion (GO:0051283),21,3,1.4,2.11,0.16584913670494256,0.3003900180115031,1065.0
gobp,Positive Regulation Of Locomotion (GO:0040017),21,3,1.4,2.11,0.16584913670494256,0.3003900180115031,1065.0
kegg,Lysosome,117,11,7.9,1.39,0.1668631519314227,0.39720312158719245,209.0
gobp,Negative Regulation Of Transport (GO:0051051),32,4,2.2,1.85,0.16724341961566,0.3018885455774202,1065.0
kegg,Arachidonic acid metabolism,32,4,2.2,1.85,0.16724341961566,0.39720312158719245,209.0
gobp,Stem Cell Differentiation (GO:0048863),32,4,2.2,1.85,0.16724341961566,0.3018885455774202,1065.0
gobp,"Retrograde Vesicle-Mediated Transport, Golgi To Endoplasmic Reticulum (GO:0006890)",44,5,3.0,1.68,0.17384489019911348,0.3132737869070319,1065.0
gobp,Negative Regulation Of Intracellular Signal Transduction (GO:1902532),183,16,12.4,1.29,0.17456575920320824,0.3138534814480625,1065.0
gobp,Extrinsic Apoptotic Signaling Pathway (GO:0097191),56,6,3.8,1.59,0.17534537226441052,0.3138534814480625,1065.0
gobp,Negative Regulation Of Cellular Catabolic Process (GO:0031330),56,6,3.8,1.59,0.17534537226441052,0.3138534814480625,1065.0
kegg,Thyroid hormone synthesis,56,6,3.8,1.59,0.17534537226441052,0.41176609891305394,209.0
gobp,Peptidyl-Tyrosine Phosphorylation (GO:0018108),56,6,3.8,1.59,0.17534537226441052,0.3138534814480625,1065.0
kegg,Colorectal cancer,81,8,5.5,1.46,0.18003508284590017,0.4148566827892289,209.0
gobp,Positive Regulation Of Wound Healing (GO:0090303),33,4,2.2,1.79,0.18084391311886908,0.3215338355118457,1065.0
gobp,Regulation Of Vascular Associated Smooth Muscle Cell Proliferation (GO:1904705),33,4,2.2,1.79,0.18084391311886908,0.3215338355118457,1065.0
gobp,Negative Regulation Of I-kappaB kinase/NF-kappaB Signaling (GO:0043124),33,4,2.2,1.79,0.18084391311886908,0.3215338355118457,1065.0
gobp,Regulation Of p38MAPK Cascade (GO:1900744),33,4,2.2,1.79,0.18084391311886908,0.3215338355118457,1065.0
kegg,Type II diabetes mellitus,33,4,2.2,1.79,0.18084391311886908,0.4148566827892289,209.0
gobp,Regulation Of Vasculature Development (GO:1901342),22,3,1.5,2.02,0.18300246597672856,0.3232133105559136,1065.0
gobp,Regulation Of NLRP3 Inflammasome Complex Assembly (GO:1900225),22,3,1.5,2.02,0.18300246597672856,0.3232133105559136,1065.0
gobp,Positive Regulation Of Peptidase Activity (GO:0010952),22,3,1.5,2.02,0.18300246597672856,0.3232133105559136,1065.0
gobp,Negative Regulation Of Calcium Ion Transmembrane Transporter Activity (GO:1901020),22,3,1.5,2.02,0.18300246597672856,0.3232133105559136,1065.0
kegg,Glycerophospholipid metabolism,69,7,4.7,1.5,0.1834368107160296,0.4148566827892289,209.0
gobp,Actin Polymerization Or Depolymerization (GO:0008154),45,5,3.0,1.64,0.1854970710805028,0.3270767892396283,1065.0
kegg,Thyroid hormone signaling pathway,107,10,7.2,1.38,0.18609226537063767,0.4148566827892289,209.0
kegg,cAMP signaling pathway,133,12,9.0,1.34,0.18791511651508433,0.4148566827892289,209.0
kegg,Phosphatidylinositol signaling system,82,8,5.5,1.44,0.1885712194496495,0.4148566827892289,209.0
gobp,Cellular Response To Salt (GO:1902075),70,7,4.7,1.48,0.1928388401192989,0.3388999417938173,1065.0
gobp,Regulation Of Endothelial Cell Proliferation (GO:0001936),70,7,4.7,1.48,0.1928388401192989,0.3388999417938173,1065.0
gobp,Regulation Of T Cell Differentiation (GO:0045580),34,4,2.3,1.74,0.19479532011857306,0.34177432607294944,1065.0
kegg,Circadian entrainment,58,6,3.9,1.53,0.1960999602204481,0.4269259550632672,209.0
gobp,Monoatomic Cation Homeostasis (GO:0055080),58,6,3.9,1.53,0.1960999602204481,0.34293342797171955,1065.0
gobp,Modulation Of Chemical Synaptic Transmission (GO:0050804),58,6,3.9,1.53,0.1960999602204481,0.34293342797171955,1065.0
gobp,Sodium Ion Transmembrane Transport (GO:0035725),46,5,3.1,1.61,0.19742356234664846,0.34346770470088794,1065.0
gobp,Positive Regulation Of Angiogenesis (GO:0045766),96,9,6.5,1.39,0.1998775794757752,0.34346770470088794,1065.0
gobp,Regulation Of Heart Rate By Cardiac Conduction (GO:0086091),23,3,1.6,1.93,0.20059803974080026,0.34346770470088794,1065.0
gobp,Regulation Of Cell Size (GO:0008361),23,3,1.6,1.93,0.20059803974080026,0.34346770470088794,1065.0
gobp,Peptidyl-Tyrosine Dephosphorylation (GO:0035335),23,3,1.6,1.93,0.20059803974080026,0.34346770470088794,1065.0
gobp,Triglyceride Homeostasis (GO:0070328),23,3,1.6,1.93,0.20059803974080026,0.34346770470088794,1065.0
gobp,Regulation Of Myeloid Cell Differentiation (GO:0045637),23,3,1.6,1.93,0.20059803974080026,0.34346770470088794,1065.0
gobp,Positive Regulation Of Calcium Ion Transmembrane Transport (GO:1904427),23,3,1.6,1.93,0.20059803974080026,0.34346770470088794,1065.0
gobp,Lamellipodium Assembly (GO:0030032),23,3,1.6,1.93,0.20059803974080026,0.34346770470088794,1065.0
kegg,Mucin type O-glycan biosynthesis,23,3,1.6,1.93,0.20059803974080026,0.43221639490543556,209.0
gobp,Regulation Of Blood Coagulation (GO:0030193),23,3,1.6,1.93,0.20059803974080026,0.34346770470088794,1065.0
gobp,Negative Regulation Of Osteoblast Differentiation (GO:0045668),23,3,1.6,1.93,0.20059803974080026,0.34346770470088794,1065.0
gobp,Release Of Sequestered Calcium Ion Into Cytosol (GO:0051209),23,3,1.6,1.93,0.20059803974080026,0.34346770470088794,1065.0
gobp,RNA Phosphodiester Bond Hydrolysis (GO:0090501),23,3,1.6,1.93,0.20059803974080026,0.34346770470088794,1065.0
gobp,Regulation Of Wnt Signaling Pathway (GO:0030111),84,8,5.7,1.41,0.2061396551814886,0.3518248922568676,1065.0
gobp,Intracellular Calcium Ion Homeostasis (GO:0006874),84,8,5.7,1.41,0.2061396551814886,0.3518248922568676,1065.0
gobp,Regulation Of Cellular Biosynthetic Process (GO:0031326),59,6,4.0,1.5,0.20680696590292572,0.35183613208724585,1065.0
gobp,Cellular Response To Hormone Stimulus (GO:0032870),59,6,4.0,1.5,0.20680696590292572,0.35183613208724585,1065.0
gobp,Collagen Fibril Organization (GO:0030199),35,4,2.4,1.69,0.20906465424681916,0.3545443579185707,1065.0
gobp,Positive Regulation Of miRNA Transcription (GO:1902895),35,4,2.4,1.69,0.20906465424681916,0.3545443579185707,1065.0
kegg,Hepatitis B,137,12,9.3,1.3,0.21544410061164004,0.4594675206921711,209.0
gobp,Negative Regulation Of Cell Population Proliferation (GO:0008285),285,23,19.3,1.19,0.21588213995450017,0.3655238140724049,1065.0
kegg,Glutamatergic synapse,60,6,4.1,1.48,0.217716467560195,0.4596236537381895,209.0
gobp,Regulation Of Protein Phosphorylation (GO:0001932),204,17,13.8,1.23,0.21781249936346447,0.36600003427670447,1065.0
gobp,Negative Regulation Of Myeloid Leukocyte Differentiation (GO:0002762),24,3,1.6,1.85,0.21856903455397564,0.36600003427670447,1065.0
gobp,Positive Regulation Of Release Of Sequestered Calcium Ion Into Cytosol (GO:0051281),24,3,1.6,1.85,0.21856903455397564,0.36600003427670447,1065.0
gobp,Cortical Cytoskeleton Organization (GO:0030865),24,3,1.6,1.85,0.21856903455397564,0.36600003427670447,1065.0
gobp,Positive Regulation Of Cholesterol Transport (GO:0032376),24,3,1.6,1.85,0.21856903455397564,0.36600003427670447,1065.0
gobp,Negative Regulation Of Secretion By Cell (GO:1903531),24,3,1.6,1.85,0.21856903455397564,0.36600003427670447,1065.0
gobp,Regulation Of Androgen Receptor Signaling Pathway (GO:0060765),24,3,1.6,1.85,0.21856903455397564,0.36600003427670447,1065.0
gobp,Regulation Of Bone Mineralization (GO:0030500),48,5,3.2,1.54,0.22202138328521556,0.3708083227775581,1065.0
gobp,Positive Regulation Of Endothelial Cell Migration (GO:0010595),73,7,4.9,1.42,0.22213681683763575,0.3708083227775581,1065.0
kegg,Melanogenesis,73,7,4.9,1.42,0.22213681683763575,0.4642659471906587,209.0
gobp,Regulation Of Cell Development (GO:0060284),36,4,2.4,1.64,0.22361884520659187,0.3715352108346651,1065.0
gobp,Phosphatidylinositol Phosphate Biosynthetic Process (GO:0046854),36,4,2.4,1.64,0.22361884520659187,0.3715352108346651,1065.0
gobp,Regulation Of Cellular Component Size (GO:0032535),36,4,2.4,1.64,0.22361884520659187,0.3715352108346651,1065.0
gobp,Regulation Of Fat Cell Differentiation (GO:0045598),61,6,4.1,1.46,0.22881511146902306,0.37957646996029526,1065.0
kegg,Pancreatic cancer,74,7,5.0,1.4,0.23223530003891849,0.475854683413078,209.0
kegg,TGF-beta signaling pathway,74,7,5.0,1.4,0.23223530003891849,0.475854683413078,209.0
gobp,Regulation Of Protein Kinase Activity (GO:0045859),100,9,6.8,1.33,0.2337256605610441,0.38711948444403105,1065.0
gobp,Canonical Wnt Signaling Pathway (GO:0060070),49,5,3.3,1.51,0.23465293102716786,0.38747484632940055,1065.0
kegg,Bile secretion,49,5,3.3,1.51,0.23465293102716786,0.4761404134434765,209.0
gobp,Potassium Ion Import Across Plasma Membrane (GO:1990573),25,3,1.7,1.78,0.23685082155909834,0.38747484632940055,1065.0
gobp,Phosphatidylinositol 3-Kinase Signaling (GO:0014065),25,3,1.7,1.78,0.23685082155909834,0.38747484632940055,1065.0
gobp,Protein Localization To Golgi Apparatus (GO:0034067),25,3,1.7,1.78,0.23685082155909834,0.38747484632940055,1065.0
gobp,Receptor Signaling Pathway Via STAT (GO:0097696),25,3,1.7,1.78,0.23685082155909834,0.38747484632940055,1065.0
gobp,Positive Regulation Of Mononuclear Cell Migration (GO:0071677),25,3,1.7,1.78,0.23685082155909834,0.38747484632940055,1065.0
gobp,Positive Regulation Of Myeloid Leukocyte Differentiation (GO:0002763),25,3,1.7,1.78,0.23685082155909834,0.38747484632940055,1065.0
gobp,Regulation Of Cholesterol Efflux (GO:0010874),25,3,1.7,1.78,0.23685082155909834,0.38747484632940055,1065.0
gobp,Heart Morphogenesis (GO:0003007),37,4,2.5,1.6,0.2384249474582406,0.3882608089342909,1065.0
gobp,Regulation Of Insulin Receptor Signaling Pathway (GO:0046626),37,4,2.5,1.6,0.2384249474582406,0.3882608089342909,1065.0
gobp,Positive Regulation Of Biosynthetic Process (GO:0009891),37,4,2.5,1.6,0.2384249474582406,0.3882608089342909,1065.0
kegg,Hippo signaling pathway,127,11,8.6,1.28,0.2393335360972706,0.4809683561954765,209.0
gobp,Phosphatidylinositol-Mediated Signaling (GO:0048015),50,5,3.4,1.48,0.24747943281289797,0.4023902228179181,1065.0
kegg,TNF signaling pathway,102,9,6.9,1.31,0.25138302073103497,0.5003719174551077,209.0
gobp,Calcium Ion Homeostasis (GO:0055074),63,6,4.3,1.41,0.2515253377219662,0.40353276431632273,1065.0
gobp,Positive Regulation Of Neuron Projection Development (GO:0010976),63,6,4.3,1.41,0.2515253377219662,0.40353276431632273,1065.0
gobp,Positive Regulation Of Cellular Component Organization (GO:0051130),89,8,6.0,1.33,0.25262595597622683,0.40353276431632273,1065.0
gobp,Regulation Of Chromosome Organization (GO:0033044),38,4,2.6,1.56,0.25345032816766744,0.40353276431632273,1065.0
gobp,Proton Transmembrane Transport (GO:1902600),38,4,2.6,1.56,0.25345032816766744,0.40353276431632273,1065.0
gobp,Sterol Metabolic Process (GO:0016125),38,4,2.6,1.56,0.25345032816766744,0.40353276431632273,1065.0
gobp,Negative Regulation Of Protein Phosphorylation (GO:0001933),129,11,8.7,1.26,0.2550926357094855,0.40353276431632273,1065.0
gobp,Amide Transport (GO:0042886),26,3,1.8,1.71,0.2553812987316446,0.40353276431632273,1065.0
gobp,Positive Regulation Of Proteolysis Involved In Protein Catabolic Process (GO:1903052),26,3,1.8,1.71,0.2553812987316446,0.40353276431632273,1065.0
gobp,Positive Regulation Of Monoatomic Ion Transport (GO:0043270),26,3,1.8,1.71,0.2553812987316446,0.40353276431632273,1065.0
gobp,Regulation Of Lamellipodium Assembly (GO:0010591),26,3,1.8,1.71,0.2553812987316446,0.40353276431632273,1065.0
gobp,Clathrin-Dependent Endocytosis (GO:0072583),26,3,1.8,1.71,0.2553812987316446,0.40353276431632273,1065.0
gobp,Visual System Development (GO:0150063),26,3,1.8,1.71,0.2553812987316446,0.40353276431632273,1065.0
hallmark,Hedgehog Signaling,26,3,1.8,1.71,0.2553812987316446,0.6875650350467354,35.0
gobp,Regulation Of Transmembrane Receptor Protein Serine/Threonine Kinase Signaling Pathway (GO:0090092),26,3,1.8,1.71,0.2553812987316446,0.40353276431632273,1065.0
gobp,Receptor Signaling Pathway Via JAK-STAT (GO:0007259),26,3,1.8,1.71,0.2553812987316446,0.40353276431632273,1065.0
gobp,Epithelial Tube Morphogenesis (GO:0060562),26,3,1.8,1.71,0.2553812987316446,0.40353276431632273,1065.0
gobp,Odontogenesis (GO:0042476),26,3,1.8,1.71,0.2553812987316446,0.40353276431632273,1065.0
gobp,Vacuolar Acidification (GO:0007035),26,3,1.8,1.71,0.2553812987316446,0.40353276431632273,1065.0
gobp,Regulation Of Nervous System Development (GO:0051960),26,3,1.8,1.71,0.2553812987316446,0.40353276431632273,1065.0
kegg,Relaxin signaling pathway,103,9,7.0,1.29,0.260373905926436,0.5133787390436332,209.0
gobp,Positive Regulation Of Neurogenesis (GO:0050769),51,5,3.4,1.45,0.2604807186861688,0.40916219085659256,1065.0
gobp,Negative Regulation Of Autophagy (GO:0010507),51,5,3.4,1.45,0.2604807186861688,0.40916219085659256,1065.0
gobp,Regulation Of Multicellular Organismal Development (GO:2000026),51,5,3.4,1.45,0.2604807186861688,0.40916219085659256,1065.0
gobp,Positive Regulation Of Protein Binding (GO:0032092),51,5,3.4,1.45,0.2604807186861688,0.40916219085659256,1065.0
kegg,Regulation of actin cytoskeleton,171,14,11.6,1.21,0.2663834389502669,0.5203190536505213,209.0
gobp,Regulation Of Secretion By Cell (GO:1903530),39,4,2.6,1.52,0.2686628351040479,0.4195394712401921,1065.0
gobp,Phospholipid Metabolic Process (GO:0006644),39,4,2.6,1.52,0.2686628351040479,0.4195394712401921,1065.0
gobp,Negative Regulation Of Response To Stimulus (GO:0048585),39,4,2.6,1.52,0.2686628351040479,0.4195394712401921,1065.0
gobp,Erythrocyte Differentiation (GO:0030218),39,4,2.6,1.52,0.2686628351040479,0.4195394712401921,1065.0
gobp,Negative Regulation Of Blood Vessel Endothelial Cell Migration (GO:0043537),27,3,1.8,1.64,0.2741011465756274,0.42306916101890313,1065.0
gobp,Cardiac Conduction (GO:0061337),27,3,1.8,1.64,0.2741011465756274,0.42306916101890313,1065.0
gobp,Cellular Response To Retinoic Acid (GO:0071300),27,3,1.8,1.64,0.2741011465756274,0.42306916101890313,1065.0
gobp,Positive Regulation Of Myeloid Cell Differentiation (GO:0045639),27,3,1.8,1.64,0.2741011465756274,0.42306916101890313,1065.0
gobp,Lamellipodium Organization (GO:0097581),27,3,1.8,1.64,0.2741011465756274,0.42306916101890313,1065.0
gobp,Negative Regulation Of Endocytosis (GO:0045806),27,3,1.8,1.64,0.2741011465756274,0.42306916101890313,1065.0
gobp,Endodermal Cell Differentiation (GO:0035987),27,3,1.8,1.64,0.2741011465756274,0.42306916101890313,1065.0
gobp,Regulation Of Protein Autophosphorylation (GO:0031952),27,3,1.8,1.64,0.2741011465756274,0.42306916101890313,1065.0
kegg,Pathways in cancer,410,31,27.7,1.12,0.28221672884099613,0.5461416326645203,209.0
gobp,Negative Regulation Of Macromolecule Metabolic Process (GO:0010605),146,12,9.9,1.22,0.28282603002827084,0.43590408390753754,1065.0
gobp,Positive Regulation Of miRNA Metabolic Process (GO:2000630),40,4,2.7,1.48,0.28403094530030765,0.43712855020928854,1065.0
hallmark,Apical Surface,40,4,2.7,1.48,0.28403094530030765,0.7100773632507691,35.0
kegg,Inositol phosphate metabolism,66,6,4.5,1.35,0.2866653554620219,0.5470473975408298,209.0
gobp,Response To Molecule Of Bacterial Origin (GO:0002237),53,5,3.6,1.4,0.2869273161067485,0.44094890570517625,1065.0
kegg,Gastric cancer,106,9,7.2,1.26,0.2879196829162262,0.5470473975408298,209.0
gobp,Protein Phosphorylation (GO:0006468),412,31,27.8,1.11,0.2915715215603026,0.4457086123906008,1065.0
kegg,"Growth hormone synthesis, secretion and action",93,8,6.3,1.27,0.29195345666611344,0.5497141661551145,209.0
gobp,O-glycan Processing (GO:0016266),28,3,1.9,1.59,0.2929540175337282,0.4457086123906008,1065.0
gobp,Intracellular pH Reduction (GO:0051452),28,3,1.9,1.59,0.2929540175337282,0.4457086123906008,1065.0
gobp,Negative Regulation Of Cell-Matrix Adhesion (GO:0001953),28,3,1.9,1.59,0.2929540175337282,0.4457086123906008,1065.0
gobp,Connective Tissue Development (GO:0061448),28,3,1.9,1.59,0.2929540175337282,0.4457086123906008,1065.0
gobp,Acylglycerol Metabolic Process (GO:0006639),28,3,1.9,1.59,0.2929540175337282,0.4457086123906008,1065.0
gobp,Negative Regulation Of mRNA Catabolic Process (GO:1902373),28,3,1.9,1.59,0.2929540175337282,0.4457086123906008,1065.0
kegg,Choline metabolism in cancer,80,7,5.4,1.29,0.29561947745948197,0.5516470606163547,209.0
gobp,Positive Regulation Of Kinase Activity (GO:0033674),80,7,5.4,1.29,0.29561947745948197,0.4491223159691131,1065.0
gobp,Negative Regulation Of ERK1 And ERK2 Cascade (GO:0070373),41,4,2.8,1.44,0.2995238953836021,0.4528952897250528,1065.0
gobp,Regulation Of Heart Contraction (GO:0008016),41,4,2.8,1.44,0.2995238953836021,0.4528952897250528,1065.0
gobp,Cellular Response To Calcium Ion (GO:0071277),41,4,2.8,1.44,0.2995238953836021,0.4528952897250528,1065.0
gobp,Negative Regulation Of Gene Expression (GO:0010629),259,20,17.5,1.14,0.29980392418418983,0.4528952897250528,1065.0
gobp,Negative Regulation Of Epithelial Cell Proliferation (GO:0050680),54,5,3.6,1.37,0.30033288192607616,0.4530517269848032,1065.0
gobp,Positive Regulation Of Phosphorylation (GO:0042327),176,14,11.9,1.18,0.30232034590702506,0.4554047643436799,1065.0
gobp,Positive Regulation Of Cold-Induced Thermogenesis (GO:0120162),81,7,5.5,1.28,0.3065531364094158,0.46112865858196017,1065.0
gobp,Positive Regulation Of Nervous System Development (GO:0051962),29,3,2.0,1.53,0.31188666824406236,0.46717201361452376,1065.0
gobp,Regulation Of Release Of Sequestered Calcium Ion Into Cytosol (GO:0051279),29,3,2.0,1.53,0.31188666824406236,0.46717201361452376,1065.0
gobp,Vesicle Cytoskeletal Trafficking (GO:0099518),29,3,2.0,1.53,0.31188666824406236,0.46717201361452376,1065.0
kegg,Vascular smooth muscle contraction,95,8,6.4,1.25,0.31215527391455616,0.5703589760724048,209.0
kegg,Gastric acid secretion,55,5,3.7,1.35,0.3138338863556294,0.5703589760724048,209.0
kegg,Serotonergic synapse,55,5,3.7,1.35,0.3138338863556294,0.5703589760724048,209.0
gobp,Cholesterol Homeostasis (GO:0042632),55,5,3.7,1.35,0.3138338863556294,0.46942849574261986,1065.0
gobp,I-kappaB kinase/NF-kappaB Signaling (GO:0007249),42,4,2.8,1.41,0.3151117945503191,0.47001969355194656,1065.0
gobp,Regulation Of Exocytosis (GO:0017157),42,4,2.8,1.41,0.3151117945503191,0.47001969355194656,1065.0
gobp,Negative Regulation Of Wnt Signaling Pathway (GO:0030178),109,9,7.4,1.22,0.31618937438636335,0.47096738982024755,1065.0
gobp,Positive Regulation Of Ubiquitin-Dependent Protein Catabolic Process (GO:2000060),69,6,4.7,1.29,0.3227613165331333,0.4794153446412649,1065.0
gobp,Positive Regulation Of Transmembrane Receptor Protein Serine/Threonine Kinase Signaling Pathway (GO:0090100),69,6,4.7,1.29,0.3227613165331333,0.4794153446412649,1065.0
gobp,Positive Regulation Of Programmed Cell Death (GO:0043068),193,15,13.0,1.15,0.3249140827530542,0.48194080519777543,1065.0
kegg,Hypertrophic cardiomyopathy,56,5,3.8,1.32,0.3274111916586901,0.58419778559369,209.0
gobp,Sterol Homeostasis (GO:0055092),56,5,3.8,1.32,0.3274111916586901,0.4820167312379365,1065.0
gobp,Positive Regulation Of Macroautophagy (GO:0016239),56,5,3.8,1.32,0.3274111916586901,0.4820167312379365,1065.0
kegg,Prolactin signaling pathway,56,5,3.8,1.32,0.3274111916586901,0.58419778559369,209.0
gobp,Protein Autoubiquitination (GO:0051865),56,5,3.8,1.32,0.3274111916586901,0.4820167312379365,1065.0
gobp,Positive Regulation Of Epithelial Cell Migration (GO:0010634),83,7,5.6,1.25,0.3286441054954924,0.4820167312379365,1065.0
gobp,Positive Regulation Of Cell Projection Organization (GO:0031346),83,7,5.6,1.25,0.3286441054954924,0.4820167312379365,1065.0
gobp,Positive Regulation Of Cellular Metabolic Process (GO:0031325),43,4,2.9,1.38,0.3307657212046531,0.4820167312379365,1065.0
kegg,Basal cell carcinoma,43,4,2.9,1.38,0.3307657212046531,0.58419778559369,209.0
gobp,Myeloid Cell Differentiation (GO:0030099),43,4,2.9,1.38,0.3307657212046531,0.4820167312379365,1065.0
gobp,Positive Regulation Of Protein Tyrosine Kinase Activity (GO:0061098),30,3,2.0,1.48,0.3308490427558043,0.4820167312379365,1065.0
gobp,Positive Regulation Of Actin Filament Polymerization (GO:0030838),30,3,2.0,1.48,0.3308490427558043,0.4820167312379365,1065.0
gobp,Endoderm Formation (GO:0001706),30,3,2.0,1.48,0.3308490427558043,0.4820167312379365,1065.0
gobp,intra-Golgi Vesicle-Mediated Transport (GO:0006891),30,3,2.0,1.48,0.3308490427558043,0.4820167312379365,1065.0
gobp,Regulation Of Ossification (GO:0030278),30,3,2.0,1.48,0.3308490427558043,0.4820167312379365,1065.0
gobp,Positive Regulation Of Bone Mineralization (GO:0030501),30,3,2.0,1.48,0.3308490427558043,0.4820167312379365,1065.0
kegg,Purine metabolism,97,8,6.6,1.22,0.3326293611753545,0.58419778559369,209.0
gobp,Protein-Containing Complex Organization (GO:0043933),111,9,7.5,1.2,0.3353506762344462,0.48790774616077215,1065.0
gobp,Regulation Of Actin Filament Polymerization (GO:0030833),57,5,3.9,1.3,0.34104606390576186,0.4955171324142379,1065.0
gobp,Cellular Response To Organic Cyclic Compound (GO:0071407),112,9,7.6,1.19,0.3450060620374283,0.5005878148090751,1065.0
kegg,Cortisol synthesis and secretion,44,4,3.0,1.35,0.34645780430520695,0.5992378000379743,209.0
hallmark,Reactive Oxygen Species Pathway,44,4,3.0,1.35,0.34645780430520695,0.8084015433788162,35.0
gobp,Post-Translational Protein Modification (GO:0043687),44,4,3.0,1.35,0.34645780430520695,0.5006479804410385,1065.0
gobp,Positive Regulation Of Epithelial To Mesenchymal Transition (GO:0010718),44,4,3.0,1.35,0.34645780430520695,0.5006479804410385,1065.0
gobp,Peptide Metabolic Process (GO:0006518),44,4,3.0,1.35,0.34645780430520695,0.5006479804410385,1065.0
gobp,Positive Regulation Of Plasma Membrane Bounded Cell Projection Assembly (GO:0120034),71,6,4.8,1.25,0.3471734746032998,0.5010023718868757,1065.0
kegg,PI3K-Akt signaling pathway,267,20,18.0,1.11,0.34893415802285627,0.5992378000379743,209.0
gobp,Protein Destabilization (GO:0031648),31,3,2.1,1.43,0.34979431389776494,0.5013875428009686,1065.0
kegg,Glycosphingolipid biosynthesis,31,3,2.1,1.43,0.34979431389776494,0.5992378000379743,209.0
gobp,Response To Transforming Growth Factor Beta (GO:0071559),31,3,2.1,1.43,0.34979431389776494,0.5013875428009686,1065.0
gobp,Synaptic Vesicle Recycling (GO:0036465),31,3,2.1,1.43,0.34979431389776494,0.5013875428009686,1065.0
gobp,Antiviral Innate Immune Response (GO:0140374),31,3,2.1,1.43,0.34979431389776494,0.5013875428009686,1065.0
gobp,Negative Regulation Of Stress-Activated MAPK Cascade (GO:0032873),31,3,2.1,1.43,0.34979431389776494,0.5013875428009686,1065.0
gobp,Positive Regulation Of Endothelial Cell Proliferation (GO:0001938),58,5,3.9,1.28,0.3547202246307911,0.5077648376771404,1065.0
kegg,Acute myeloid leukemia,58,5,3.9,1.28,0.3547202246307911,0.6027359914458158,209.0
gobp,Positive Regulation Of Protein Localization (GO:1903829),72,6,4.9,1.23,0.35944395765620424,0.5138359931595402,1065.0
gobp,Regulation Of Macromolecule Biosynthetic Process (GO:0010556),45,4,3.0,1.32,0.36216129047347057,0.5156440833612916,1065.0
gobp,Regulation Of Neurogenesis (GO:0050767),45,4,3.0,1.32,0.36216129047347057,0.5156440833612916,1065.0
kegg,Regulation of lipolysis in adipocytes,45,4,3.0,1.32,0.36216129047347057,0.6069359331375767,209.0
gobp,Phospholipid Transport (GO:0015914),45,4,3.0,1.32,0.36216129047347057,0.5156440833612916,1065.0
gobp,Negative Regulation Of Cell Growth (GO:0030308),100,8,6.8,1.18,0.3637098092936055,0.5171574724935779,1065.0
kegg,Diabetic cardiomyopathy,156,12,10.5,1.14,0.36388876010524335,0.6069359331375767,209.0
kegg,MAPK signaling pathway,227,17,15.3,1.11,0.36590395969059647,0.6069359331375767,209.0
gobp,Aortic Valve Development (GO:0003176),32,3,2.2,1.39,0.3686788891683276,0.5193690700585567,1065.0
gobp,Positive Regulation Of Biomineral Tissue Development (GO:0070169),32,3,2.2,1.39,0.3686788891683276,0.5193690700585567,1065.0
gobp,Secondary Alcohol Metabolic Process (GO:1902652),32,3,2.2,1.39,0.3686788891683276,0.5193690700585567,1065.0
gobp,Negative Regulation Of Cell Projection Organization (GO:0031345),32,3,2.2,1.39,0.3686788891683276,0.5193690700585567,1065.0
gobp,Nucleosome Assembly (GO:0006334),32,3,2.2,1.39,0.3686788891683276,0.5193690700585567,1065.0
gobp,Mitochondrion Disassembly (GO:0061726),32,3,2.2,1.39,0.3686788891683276,0.5193690700585567,1065.0
gobp,Positive Regulation Of Developmental Growth (GO:0048639),32,3,2.2,1.39,0.3686788891683276,0.5193690700585567,1065.0
gobp,Regulation Of Nucleic Acid-Templated Transcription (GO:1903506),299,22,20.2,1.09,0.37049406041504723,0.5212366900158855,1065.0
gobp,Protein Dephosphorylation (GO:0006470),101,8,6.8,1.17,0.3741366136576419,0.5256668780282172,1065.0
gobp,Regulation Of Viral Genome Replication (GO:0045069),46,4,3.1,1.29,0.37785059791412084,0.5274061425668922,1065.0
gobp,Regulation Of Neuron Differentiation (GO:0045664),46,4,3.1,1.29,0.37785059791412084,0.5274061425668922,1065.0
gobp,Regulation Of G Protein-Coupled Receptor Signaling Pathway (GO:0008277),46,4,3.1,1.29,0.37785059791412084,0.5274061425668922,1065.0
kegg,Amphetamine addiction,46,4,3.1,1.29,0.37785059791412084,0.621817125701191,209.0
gobp,Regulation Of Protein Localization To Nucleus (GO:1900180),46,4,3.1,1.29,0.37785059791412084,0.5274061425668922,1065.0
gobp,Glycerophospholipid Metabolic Process (GO:0006650),46,4,3.1,1.29,0.37785059791412084,0.5274061425668922,1065.0
gobp,Wound Healing (GO:0042060),60,5,4.1,1.23,0.3821158448420444,0.5319651957604932,1065.0
gobp,Plasma Membrane Organization (GO:0007009),60,5,4.1,1.23,0.3821158448420444,0.5319651957604932,1065.0
kegg,Prion disease,201,15,13.6,1.1,0.38345317607543683,0.6261071390606742,209.0
gobp,Negative Regulation Of Neuron Projection Development (GO:0010977),33,3,2.2,1.35,0.3874623867732737,0.5366026552841827,1065.0
gobp,Bone Development (GO:0060348),33,3,2.2,1.35,0.3874623867732737,0.5366026552841827,1065.0
gobp,Melanosome Organization (GO:0032438),33,3,2.2,1.35,0.3874623867732737,0.5366026552841827,1065.0
gobp,Positive Regulation Of Ossification (GO:0045778),33,3,2.2,1.35,0.3874623867732737,0.5366026552841827,1065.0
gobp,Actin Cytoskeleton Reorganization (GO:0031532),47,4,3.2,1.26,0.3935013581822856,0.5425742758774361,1065.0
gobp,Regulation Of Small GTPase Mediated Signal Transduction (GO:0051056),103,8,7.0,1.15,0.3950435024354011,0.5425742758774361,1065.0
gobp,Negative Regulation Of Response To External Stimulus (GO:0032102),103,8,7.0,1.15,0.3950435024354011,0.5425742758774361,1065.0
kegg,Signaling pathways regulating pluripotency of stem cells,103,8,7.0,1.15,0.3950435024354011,0.6269627145493128,209.0
kegg,Proteoglycans in cancer,174,13,11.8,1.11,0.39515291918408146,0.6269627145493128,209.0
gobp,Wnt Signaling Pathway (GO:0016055),61,5,4.1,1.21,0.3958034103217778,0.5425742758774361,1065.0
kegg,Bacterial invasion of epithelial cells,61,5,4.1,1.21,0.3958034103217778,0.6269627145493128,209.0
gobp,Regulation Of Actin Filament-Based Process (GO:0032970),61,5,4.1,1.21,0.3958034103217778,0.5425742758774361,1065.0
gobp,Monoatomic Ion Transport (GO:0006811),61,5,4.1,1.21,0.3958034103217778,0.5425742758774361,1065.0
kegg,"Parathyroid hormone synthesis, secretion and action",89,7,6.0,1.16,0.3959764512943028,0.6269627145493128,209.0
gobp,Regulation Of JNK Cascade (GO:0046328),89,7,6.0,1.16,0.3959764512943028,0.5425742758774361,1065.0
gobp,Negative Regulation Of Protein Kinase Activity (GO:0006469),75,6,5.1,1.18,0.39635942406821156,0.5425742758774361,1065.0
gobp,Regulation Of Actin Cytoskeleton Organization (GO:0032956),75,6,5.1,1.18,0.39635942406821156,0.5425742758774361,1065.0
gobp,Positive Regulation Of Viral Process (GO:0048524),34,3,2.3,1.31,0.4061075867721152,0.551664004990182,1065.0
gobp,Regulation Of Glycolytic Process (GO:0006110),34,3,2.3,1.31,0.4061075867721152,0.551664004990182,1065.0
gobp,Regulation Of Nitric Oxide Biosynthetic Process (GO:0045428),34,3,2.3,1.31,0.4061075867721152,0.551664004990182,1065.0
gobp,Cellular Response To Ketone (GO:1901655),34,3,2.3,1.31,0.4061075867721152,0.551664004990182,1065.0
gobp,Regulation Of Intracellular Protein Transport (GO:0033157),34,3,2.3,1.31,0.4061075867721152,0.551664004990182,1065.0
gobp,Negative Regulation Of Hydrolase Activity (GO:0051346),34,3,2.3,1.31,0.4061075867721152,0.551664004990182,1065.0
kegg,HIF-1 signaling pathway,90,7,6.1,1.15,0.40725010211228346,0.638058980471209,209.0
gobp,Positive Regulation Of Protein Serine/Threonine Kinase Activity (GO:0071902),90,7,6.1,1.15,0.40725010211228346,0.5525112850313145,1065.0
gobp,Positive Regulation Of Proteasomal Protein Catabolic Process (GO:1901800),76,6,5.1,1.17,0.4086583418421847,0.5537164555495251,1065.0
kegg,Arrhythmogenic right ventricular cardiomyopathy,48,4,3.2,1.23,0.4090904468092919,0.638058980471209,209.0
gobp,Positive Regulation Of JNK Cascade (GO:0046330),62,5,4.2,1.19,0.4094625412280666,0.5541011517254014,1065.0
gobp,Ras Protein Signal Transduction (GO:0007265),119,9,8.0,1.12,0.4133847159981655,0.5586988864696019,1065.0
kegg,Sphingolipid signaling pathway,105,8,7.1,1.13,0.4159710743102692,0.6439848483766389,209.0
gobp,Positive Regulation Of Protein Modification Process (GO:0031401),177,13,12.0,1.09,0.4192835732592843,0.565953112194091,1065.0
hallmark,UV Response Up,134,10,9.1,1.1,0.42005858912808697,0.8741360387866276,35.0
kegg,Renal cell carcinoma,63,5,4.3,1.17,0.42307781739238526,0.6477413488135034,209.0
gobp,Negative Regulation Of Cellular Process (GO:0048523),395,28,26.7,1.05,0.4242495720953042,0.5687774656687113,1065.0
gobp,Phosphatidylcholine Metabolic Process (GO:0046470),35,3,2.4,1.27,0.424580361696362,0.5687774656687113,1065.0
hallmark,Wnt-beta Catenin Signaling,35,3,2.4,1.27,0.424580361696362,0.8741360387866276,35.0
gobp,Regulation Of Cell-Substrate Adhesion (GO:0010810),35,3,2.4,1.27,0.424580361696362,0.5687774656687113,1065.0
gobp,Negative Regulation Of Protein Localization (GO:1903828),35,3,2.4,1.27,0.424580361696362,0.5687774656687113,1065.0
gobp,Regulation Of JUN Kinase Activity (GO:0043506),35,3,2.4,1.27,0.424580361696362,0.5687774656687113,1065.0
gobp,Synapse Assembly (GO:0007416),35,3,2.4,1.27,0.424580361696362,0.5687774656687113,1065.0
kegg,Cardiac muscle contraction,49,4,3.3,1.21,0.4245960037677032,0.6477413488135034,209.0
gobp,Apoptotic Process (GO:0006915),178,13,12.0,1.08,0.4273366914308906,0.5717507240878121,1065.0
kegg,Dopaminergic synapse,92,7,6.2,1.13,0.4297578974177465,0.6508652214515146,209.0
gobp,Positive Regulation Of Cellular Catabolic Process (GO:0031331),121,9,8.2,1.1,0.43298735847623904,0.5778164781036479,1065.0
gobp,Positive Regulation Of Supramolecular Fiber Organization (GO:1902905),78,6,5.3,1.14,0.4331767783013239,0.5778164781036479,1065.0
gobp,Phosphorylation (GO:0016310),353,25,23.9,1.05,0.43349799624865226,0.5778164781036479,1065.0
gobp,Regulation Of Ras Protein Signal Transduction (GO:0046578),64,5,4.3,1.16,0.4366344709360348,0.5805439594842411,1065.0
gobp,Proteolysis Involved In Protein Catabolic Process (GO:0051603),64,5,4.3,1.16,0.4366344709360348,0.5805439594842411,1065.0
gobp,Positive Regulation Of Cysteine-Type Endopeptidase Activity (GO:2001056),50,4,3.4,1.18,0.43999744472029495,0.5829849367720521,1065.0
kegg,VEGF signaling pathway,50,4,3.4,1.18,0.43999744472029495,0.6544880132964176,209.0
kegg,Estrogen signaling pathway,93,7,6.3,1.11,0.44097453794404196,0.6544880132964176,209.0
gobp,Inorganic Anion Transmembrane Transport (GO:0098661),36,3,2.4,1.23,0.44284959046815975,0.5829849367720521,1065.0
gobp,mRNA 3'-End Processing (GO:0031124),36,3,2.4,1.23,0.44284959046815975,0.5829849367720521,1065.0
gobp,Cellular Response To Virus (GO:0098586),36,3,2.4,1.23,0.44284959046815975,0.5829849367720521,1065.0
gobp,Regulation Of Cell Death (GO:0010941),36,3,2.4,1.23,0.44284959046815975,0.5829849367720521,1065.0
kegg,Other types of O-glycan biosynthesis,36,3,2.4,1.23,0.44284959046815975,0.6544880132964176,209.0
gobp,Neurogenesis (GO:0022008),36,3,2.4,1.23,0.44284959046815975,0.5829849367720521,1065.0
gobp,protein-DNA Complex Assembly (GO:0065004),36,3,2.4,1.23,0.44284959046815975,0.5829849367720521,1065.0
gobp,Cholesterol Transport (GO:0030301),36,3,2.4,1.23,0.44284959046815975,0.5829849367720521,1065.0
gobp,Central Nervous System Development (GO:0007417),180,13,12.2,1.07,0.44343724932929496,0.5830378648588879,1065.0
gobp,Positive Regulation Of Binding (GO:0051099),79,6,5.3,1.12,0.4453742534755151,0.5848626139968232,1065.0
kegg,Focal adhesion,166,12,11.2,1.07,0.4476744599814051,0.6544880132964176,209.0
kegg,Cellular senescence,137,10,9.3,1.08,0.44780758804491727,0.6544880132964176,209.0
gobp,Negative Regulation Of Protein Modification Process (GO:0031400),65,5,4.4,1.14,0.45011840246308626,0.5889141260727111,1065.0
gobp,Negative Regulation Of Phosphorylation (GO:0042326),65,5,4.4,1.14,0.45011840246308626,0.5889141260727111,1065.0
gobp,Positive Regulation Of Cytoskeleton Organization (GO:0051495),65,5,4.4,1.14,0.45011840246308626,0.5889141260727111,1065.0
gobp,Positive Regulation Of Apoptotic Signaling Pathway (GO:2001235),51,4,3.4,1.16,0.4552754639572419,0.5949305142508744,1065.0
gobp,Activation Of GTPase Activity (GO:0090630),80,6,5.4,1.11,0.45751653261195024,0.5971263569016263,1065.0
gobp,Regulation Of Monoatomic Ion Transmembrane Transporter Activity (GO:0032412),37,3,2.5,1.2,0.46088705896903476,0.5985911192707585,1065.0
gobp,Homophilic Cell Adhesion Via Plasma Membrane Adhesion Molecules (GO:0007156),37,3,2.5,1.2,0.46088705896903476,0.5985911192707585,1065.0
gobp,Regulation Of Cytokine-Mediated Signaling Pathway (GO:0001959),37,3,2.5,1.2,0.46088705896903476,0.5985911192707585,1065.0
gobp,Positive Regulation Of Cell-Matrix Adhesion (GO:0001954),37,3,2.5,1.2,0.46088705896903476,0.5985911192707585,1065.0
kegg,Non-small cell lung cancer,66,5,4.5,1.12,0.4635161932008785,0.6727422526318306,209.0
gobp,Protein-Containing Complex Assembly (GO:0065003),271,19,18.3,1.04,0.46825969677625595,0.6074257942347291,1065.0
kegg,Renin secretion,52,4,3.5,1.14,0.4704120298823958,0.678042167209798,209.0
gobp,Regulation Of Osteoblast Differentiation (GO:0045667),67,5,4.5,1.1,0.4768151133551973,0.617771405989398,1065.0
gobp,Positive Regulation Of Blood Vessel Endothelial Cell Migration (GO:0043536),38,3,2.6,1.17,0.4786673501805799,0.6179160338694759,1065.0
kegg,Mineral absorption,38,3,2.6,1.17,0.4786673501805799,0.6852155903269945,209.0
gobp,Positive Regulation Of Synaptic Transmission (GO:0050806),38,3,2.6,1.17,0.4786673501805799,0.6179160338694759,1065.0
gobp,Cellular Response To Alcohol (GO:0097306),38,3,2.6,1.17,0.4786673501805799,0.6179160338694759,1065.0
kegg,Endometrial cancer,53,4,3.6,1.12,0.4853903738640813,0.6873198223601436,209.0
gobp,Regulation Of Extrinsic Apoptotic Signaling Pathway (GO:2001236),53,4,3.6,1.12,0.4853903738640813,0.625836256858652,1065.0
kegg,Salmonella infection,215,15,14.5,1.03,0.4877414925869389,0.6873198223601436,209.0
gobp,Brain Development (GO:0007420),112,8,7.6,1.06,0.4885601038520066,0.6291614396643131,1065.0
hallmark,Hypoxia,171,12,11.6,1.04,0.48938200366960644,0.9515761182464568,35.0
kegg,Inflammatory mediator regulation of TRP channels,68,5,4.6,1.09,0.4900031269457483,0.6873198223601436,209.0
gobp,Positive Regulation Of Apoptotic Process (GO:0043065),216,15,14.6,1.03,0.4951281099876077,0.6343560968251624,1065.0
gobp,Positive Regulation Of Cellular Process (GO:0048522),423,29,28.6,1.01,0.4959445488053383,0.6343560968251624,1065.0
gobp,"Regulation Of Alternative mRNA Splicing, Via Spliceosome (GO:0000381)",39,3,2.6,1.14,0.496167726436958,0.6343560968251624,1065.0
gobp,Protein Homotetramerization (GO:0051289),39,3,2.6,1.14,0.496167726436958,0.6343560968251624,1065.0
gobp,Positive Regulation Of TOR Signaling (GO:0032008),39,3,2.6,1.14,0.496167726436958,0.6343560968251624,1065.0
gobp,Protein Monoubiquitination (GO:0006513),39,3,2.6,1.14,0.496167726436958,0.6343560968251624,1065.0
kegg,Cushing syndrome,113,8,7.6,1.05,0.49875877492214415,0.6949372263915208,209.0
gobp,Positive Regulation Of Organelle Assembly (GO:1902117),54,4,3.6,1.1,0.5001949732191222,0.6372101034430205,1065.0
gobp,Phosphatidylinositol Metabolic Process (GO:0046488),54,4,3.6,1.1,0.5001949732191222,0.6372101034430205,1065.0
gobp,Positive Regulation Of Peptidyl-Serine Phosphorylation (GO:0033138),54,4,3.6,1.1,0.5001949732191222,0.6372101034430205,1065.0
gobp,Regulation Of Peptidyl-Serine Phosphorylation (GO:0033135),69,5,4.7,1.07,0.5030688933842333,0.6401055811878238,1065.0
gobp,Nitrogen Compound Transport (GO:0071705),129,9,8.7,1.03,0.5103716374794571,0.6486226657704318,1065.0
gobp,Regulation Of Signal Transduction (GO:0009966),144,10,9.7,1.03,0.5117112339748954,0.6495500169049625,1065.0
kegg,Cholesterol metabolism,40,3,2.7,1.11,0.5133680059885782,0.7058810082342951,209.0
gobp,Regulation Of Fibroblast Proliferation (GO:0048145),40,3,2.7,1.11,0.5133680059885782,0.6508772933069474,1065.0
kegg,Long-term depression,40,3,2.7,1.11,0.5133680059885782,0.7058810082342951,209.0
gobp,Negative Regulation Of Kinase Activity (GO:0033673),55,4,3.7,1.08,0.5148115290515523,0.6511571002849206,1065.0
gobp,Regulation Of Rho Protein Signal Transduction (GO:0035023),55,4,3.7,1.08,0.5148115290515523,0.6511571002849206,1065.0
gobp,Negative Regulation Of Defense Response (GO:0031348),85,6,5.7,1.04,0.517064515265711,0.6532309712431579,1065.0
kegg,FoxO signaling pathway,115,8,7.8,1.03,0.5189678231757776,0.7089168303512255,209.0
gobp,Negative Regulation Of Protein Metabolic Process (GO:0051248),115,8,7.8,1.03,0.5189678231757776,0.6548586868272549,1065.0
gobp,Protein Polyubiquitination (GO:0000209),190,13,12.8,1.01,0.5230049312990742,0.6591718956609635,1065.0
gobp,Establishment Of Protein Localization To Organelle (GO:0072594),71,5,4.8,1.04,0.5287917881319714,0.6635919084587999,1065.0
gobp,Regulation Of Phosphorylation (GO:0042325),71,5,4.8,1.04,0.5287917881319714,0.6635919084587999,1065.0
gobp,Regulation Of Epithelial To Mesenchymal Transition (GO:0010717),71,5,4.8,1.04,0.5287917881319714,0.6635919084587999,1065.0
gobp,Positive Regulation Of Protein Polymerization (GO:0032273),56,4,3.8,1.06,0.5292269396202336,0.6635919084587999,1065.0
kegg,Melanoma,56,4,3.8,1.06,0.5292269396202336,0.7149828456554517,209.0
gobp,Negative Regulation Of Protein Catabolic Process (GO:0042177),41,3,2.8,1.08,0.5302504357731819,0.6635919084587999,1065.0
gobp,Autophagy Of Mitochondrion (GO:0000422),41,3,2.8,1.08,0.5302504357731819,0.6635919084587999,1065.0
kegg,Amino sugar and nucleotide sugar metabolism,41,3,2.8,1.08,0.5302504357731819,0.7149828456554517,209.0
gobp,Positive Regulation Of Cysteine-Type Endopeptidase Activity Involved In Apoptotic Process (GO:0043280),87,6,5.9,1.02,0.5401800256923012,0.6736437088551531,1065.0
gobp,Response To Lipid (GO:0033993),87,6,5.9,1.02,0.5401800256923012,0.6736437088551531,1065.0
gobp,Neuron Differentiation (GO:0030182),87,6,5.9,1.02,0.5401800256923012,0.6736437088551531,1065.0
kegg,GnRH signaling pathway,72,5,4.9,1.03,0.5414296859286702,0.725376951019821,209.0
gobp,Positive Regulation Of Canonical Wnt Signaling Pathway (GO:0090263),72,5,4.9,1.03,0.5414296859286702,0.6744124158058875,1065.0
gobp,Fat Cell Differentiation (GO:0045444),57,4,3.9,1.04,0.543429269862836,0.6753234217081917,1065.0
gobp,Positive Regulation Of Cell-Substrate Adhesion (GO:0010811),57,4,3.9,1.04,0.543429269862836,0.6753234217081917,1065.0
kegg,Shigellosis,193,13,13.0,1.0,0.5462848046138795,0.727219899135674,209.0
gobp,Regulation Of Lipid Metabolic Process (GO:0019216),42,3,2.8,1.06,0.5467995620210948,0.6755702245388236,1065.0
gobp,Sprouting Angiogenesis (GO:0002040),42,3,2.8,1.06,0.5467995620210948,0.6755702245388236,1065.0
gobp,Response To Retinoic Acid (GO:0032526),42,3,2.8,1.06,0.5467995620210948,0.6755702245388236,1065.0
gobp,Chordate Embryonic Development (GO:0043009),42,3,2.8,1.06,0.5467995620210948,0.6755702245388236,1065.0
gobp,Positive Regulation Of Transport (GO:0051050),42,3,2.8,1.06,0.5467995620210948,0.6755702245388236,1065.0
kegg,Chronic myeloid leukemia,73,5,4.9,1.01,0.5539068599292675,0.7326995805393475,209.0
gobp,Phosphate-Containing Compound Metabolic Process (GO:0006796),134,9,9.1,0.99,0.5570773981592538,0.6854956343020315,1065.0
gobp,Negative Regulation Of Protein Binding (GO:0032091),58,4,3.9,1.02,0.5574077176578022,0.6854956343020315,1065.0
gobp,Positive Regulation Of Cell Cycle (GO:0045787),58,4,3.9,1.02,0.5574077176578022,0.6854956343020315,1065.0
gobp,Positive Regulation Of Response To Stimulus (GO:0048584),58,4,3.9,1.02,0.5574077176578022,0.6854956343020315,1065.0
gobp,Regulation Of Neuron Projection Development (GO:0010975),119,8,8.0,0.99,0.5584858186749254,0.686029292835981,1065.0
gobp,Protein Localization To Nucleus (GO:0034504),104,7,7.0,1.0,0.5603320433845458,0.6875041776550014,1065.0
gobp,RNA Modification (GO:0009451),43,3,2.9,1.03,0.5630021000823278,0.6884009604910207,1065.0
kegg,Legionellosis,43,3,2.9,1.03,0.5630021000823278,0.7400467856428081,209.0
gobp,Positive Regulation Of T Cell Differentiation (GO:0045582),43,3,2.9,1.03,0.5630021000823278,0.6884009604910207,1065.0
gobp,Membrane Lipid Biosynthetic Process (GO:0046467),43,3,2.9,1.03,0.5630021000823278,0.6884009604910207,1065.0
gobp,Negative Regulation Of Amide Metabolic Process (GO:0034249),74,5,5.0,1.0,0.5662153738155665,0.6915359783412596,1065.0
gobp,Positive Regulation Of Cell Migration (GO:0030335),226,15,15.3,0.98,0.5674400176863403,0.6922378222634048,1065.0
kegg,Apoptosis,120,8,8.1,0.99,0.5681497709196641,0.7407732925819452,209.0
kegg,Apelin signaling pathway,105,7,7.1,0.99,0.5706435411755655,0.7407732925819452,209.0
gobp,Purine Ribonucleotide Metabolic Process (GO:0009150),59,4,4.0,1.0,0.5711525773612625,0.6943807019289321,1065.0
gobp,Regulation Of Cell-Matrix Adhesion (GO:0001952),59,4,4.0,1.0,0.5711525773612625,0.6943807019289321,1065.0
gobp,Regulation Of Hydrolase Activity (GO:0051336),59,4,4.0,1.0,0.5711525773612625,0.6943807019289321,1065.0
gobp,Regulation Of Cold-Induced Thermogenesis (GO:0120161),121,8,8.2,0.98,0.5777187912696412,0.6989476722831345,1065.0
hallmark,TNF-alpha Signaling via NF-kB,182,12,12.3,0.98,0.5781036375499382,0.9700163224013556,35.0
gobp,Calcium Ion Transmembrane Transport (GO:0070588),44,3,3.0,1.01,0.5788468046513846,0.6989476722831345,1065.0
gobp,Insulin Receptor Signaling Pathway (GO:0008286),44,3,3.0,1.01,0.5788468046513846,0.6989476722831345,1065.0
kegg,Hedgehog signaling pathway,44,3,3.0,1.01,0.5788468046513846,0.7467838405687616,209.0
gobp,Intrinsic Apoptotic Signaling Pathway In Response To DNA Damage (GO:0008630),44,3,3.0,1.01,0.5788468046513846,0.6989476722831345,1065.0
gobp,Positive Regulation Of Actin Filament Bundle Assembly (GO:0032233),44,3,3.0,1.01,0.5788468046513846,0.6989476722831345,1065.0
gobp,Endosome Organization (GO:0007032),44,3,3.0,1.01,0.5788468046513846,0.6989476722831345,1065.0
hallmark,Coagulation,106,7,7.2,0.98,0.5808408648564073,0.9700163224013556,35.0
gobp,Protein Autophosphorylation (GO:0046777),137,9,9.3,0.97,0.5842085880695719,0.7030486115978369,1065.0
gobp,Negative Regulation Of Supramolecular Fiber Organization (GO:1902904),60,4,4.1,0.99,0.5846552011126351,0.7030486115978369,1065.0
gobp,Positive Regulation Of Epithelial Cell Proliferation (GO:0050679),91,6,6.1,0.98,0.5848836336860879,0.7030486115978369,1065.0
gobp,Positive Regulation Of Wnt Signaling Pathway (GO:0030177),91,6,6.1,0.98,0.5848836336860879,0.7030486115978369,1065.0
hallmark,KRAS Signaling Dn,91,6,6.1,0.98,0.5848836336860879,0.9700163224013556,35.0
gobp,Positive Regulation Of Cell Differentiation (GO:0045597),214,14,14.5,0.97,0.589875879608746,0.7079586462253964,1065.0
gobp,ERAD Pathway (GO:0036503),76,5,5.1,0.97,0.5902979134724432,0.7079586462253964,1065.0
kegg,Human papillomavirus infection,260,17,17.6,0.97,0.5924672276735452,0.7596665679985948,209.0
gobp,Regulation Of Reactive Oxygen Species Metabolic Process (GO:2000377),45,3,3.0,0.99,0.5943243413783785,0.7104448743985974,1065.0
gobp,protein-DNA Complex Organization (GO:0071824),45,3,3.0,0.99,0.5943243413783785,0.7104448743985974,1065.0
gobp,Small GTPase Mediated Signal Transduction (GO:0007264),92,6,6.2,0.97,0.5957063594722511,0.7104448743985974,1065.0
gobp,Positive Regulation Of DNA Metabolic Process (GO:0051054),92,6,6.2,0.97,0.5957063594722511,0.7104448743985974,1065.0
gobp,Skeletal System Development (GO:0001501),92,6,6.2,0.97,0.5957063594722511,0.7104448743985974,1065.0
gobp,Exocytosis (GO:0006887),61,4,4.1,0.97,0.5979079583611161,0.7122729034167659,1065.0
kegg,Mitophagy,61,4,4.1,0.97,0.5979079583611161,0.7619680688870321,209.0
kegg,Hepatocellular carcinoma,139,9,9.4,0.96,0.6018641043796911,0.762361198880942,209.0
gobp,Vesicle Organization (GO:0016050),77,5,5.2,0.96,0.6020592594077608,0.7164168840997377,1065.0
gobp,Endosome To Lysosome Transport (GO:0008333),46,3,3.1,0.97,0.6094271606898383,0.7235673646986375,1065.0
gobp,RNA Catabolic Process (GO:0006401),46,3,3.1,0.97,0.6094271606898383,0.7235673646986375,1065.0
kegg,Protein digestion and absorption,62,4,4.2,0.95,0.6109041940254648,0.769150461152543,209.0
gobp,Protein K48-linked Ubiquitination (GO:0070936),62,4,4.2,0.95,0.6109041940254648,0.7245133258765257,1065.0
gobp,Positive Regulation Of Protein Catabolic Process (GO:0045732),78,5,5.3,0.95,0.6136265526342293,0.7269324566801492,1065.0
gobp,Negative Regulation Of Growth (GO:0045926),94,6,6.4,0.94,0.6168926853723442,0.7291794782703069,1065.0
gobp,Regulation Of Cytoskeleton Organization (GO:0051493),94,6,6.4,0.94,0.6168926853723442,0.7291794782703069,1065.0
hallmark,Myogenesis,141,9,9.5,0.94,0.619145196283325,0.9700163224013556,35.0
gobp,Regulation Of DNA Metabolic Process (GO:0051052),110,7,7.4,0.94,0.6204018901236377,0.7325144268089514,1065.0
gobp,Import Into Nucleus (GO:0051170),63,4,4.3,0.94,0.6236381856616058,0.7328766084228084,1065.0
gobp,Protein Import Into Nucleus (GO:0006606),63,4,4.3,0.94,0.6236381856616058,0.7328766084228084,1065.0
kegg,Fluid shear stress and atherosclerosis,126,8,8.5,0.94,0.6240089811120065,0.7809453715713135,209.0
gobp,Sensory Perception Of Mechanical Stimulus (GO:0050954),47,3,3.2,0.94,0.6241493744971711,0.7328766084228084,1065.0
gobp,Sodium Ion Transport (GO:0006814),47,3,3.2,0.94,0.6241493744971711,0.7328766084228084,1065.0
gobp,Selective Autophagy (GO:0061912),47,3,3.2,0.94,0.6241493744971711,0.7328766084228084,1065.0
gobp,Response To Endoplasmic Reticulum Stress (GO:0034976),95,6,6.4,0.93,0.6272478257279912,0.7357036722470381,1065.0
kegg,Chemical carcinogenesis,143,9,9.7,0.93,0.6360301959354726,0.7866625200894592,209.0
gobp,Peptidyl-Serine Phosphorylation (GO:0018105),143,9,9.7,0.93,0.6360301959354726,0.7420707456487692,1065.0
gobp,Positive Regulation Of Protein Localization To Membrane (GO:1905477),64,4,4.3,0.92,0.636105099976644,0.7420707456487692,1065.0
gobp,Regulation Of TOR Signaling (GO:0032006),64,4,4.3,0.92,0.636105099976644,0.7420707456487692,1065.0
gobp,Ubiquitin-Dependent ERAD Pathway (GO:0030433),64,4,4.3,0.92,0.636105099976644,0.7420707456487692,1065.0
kegg,ECM-receptor interaction,64,4,4.3,0.92,0.636105099976644,0.7866625200894592,209.0
gobp,Cellular Response To Organonitrogen Compound (GO:0071417),80,5,5.4,0.92,0.6361601791336396,0.7420707456487692,1065.0
gobp,Regulation Of Anatomical Structure Morphogenesis (GO:0022603),96,6,6.5,0.92,0.6374392975780336,0.7427492909415819,1065.0
hallmark,PI3K/AKT/mTOR  Signaling,96,6,6.5,0.92,0.6374392975780336,0.9700163224013556,35.0
gobp,Response To Metal Ion (GO:0010038),48,3,3.2,0.92,0.6384866363430302,0.7431565767271334,1065.0
gobp,Peptidyl-Serine Modification (GO:0018209),144,9,9.7,0.92,0.6443181267328444,0.7491253329372044,1065.0
gobp,Negative Regulation Of Developmental Process (GO:0051093),81,5,5.5,0.91,0.6471185064247897,0.7515607517365334,1065.0
kegg,RNA degradation,65,4,4.4,0.91,0.6483009489939263,0.7927856355443152,209.0
gobp,Regulation Of Protein Localization To Plasma Membrane (GO:1903076),65,4,4.4,0.91,0.6483009489939263,0.7521138460550452,1065.0
kegg,Synaptic vesicle cycle,49,3,3.3,0.91,0.6524360254240298,0.7927856355443152,209.0
gobp,Cholesterol Metabolic Process (GO:0008203),49,3,3.3,0.91,0.6524360254240298,0.7560874505730052,1065.0
kegg,Notch signaling pathway,49,3,3.3,0.91,0.6524360254240298,0.7927856355443152,209.0
gobp,Heart Development (GO:0007507),114,7,7.7,0.91,0.6578249824769186,0.7615039199325199,1065.0
kegg,Gap junction,66,4,4.5,0.9,0.6602225461418647,0.7976098967841024,209.0
gobp,Regulation Of Plasma Membrane Bounded Cell Projection Assembly (GO:0120032),66,4,4.5,0.9,0.6602225461418647,0.763449524040267,1065.0
gobp,Nucleosome Organization (GO:0034728),50,3,3.4,0.89,0.6659959348306514,0.7692712192050916,1065.0
gobp,Proteasomal Protein Catabolic Process (GO:0010498),194,12,13.1,0.92,0.6667017233110794,0.7692712192050916,1065.0
gobp,MAPK Cascade (GO:0000165),83,5,5.6,0.89,0.6684021474685393,0.7703985790627644,1065.0
gobp,Nervous System Development (GO:0007399),257,16,17.4,0.92,0.6701126670771478,0.7709257750336617,1065.0
gobp,Negative Regulation Of Multicellular Organismal Process (GO:0051241),179,11,12.1,0.91,0.6717122570240711,0.7709257750336617,1065.0
gobp,Negative Regulation Of Cell Cycle (GO:0045786),67,4,4.5,0.88,0.6718674625092719,0.7709257750336617,1065.0
kegg,Glioma,67,4,4.5,0.88,0.6718674625092719,0.8070132164622864,209.0
gobp,Positive Regulation Of Protein Localization To Nucleus (GO:1900182),67,4,4.5,0.88,0.6718674625092719,0.7709257750336617,1065.0
gobp,Vesicle-Mediated Transport (GO:0016192),335,21,22.6,0.93,0.6724789154988466,0.7709257750336617,1065.0
gobp,Positive Regulation Of Cell Growth (GO:0030307),84,5,5.7,0.88,0.6787225466566089,0.7765311549561188,1065.0
gobp,Positive Regulation Of Cell Motility (GO:2000147),180,11,12.2,0.9,0.678826765506241,0.7765311549561188,1065.0
gobp,Regulation Of Vesicle-Mediated Transport (GO:0060627),68,4,4.6,0.87,0.6832339834819925,0.7807341120260967,1065.0
kegg,mTOR signaling pathway,133,8,9.0,0.89,0.6839195141612004,0.8167953054839481,209.0
gobp,Autophagosome Organization (GO:1905037),52,3,3.5,0.85,0.6919468173854132,0.7898428301344749,1065.0
gobp,Macromolecule Modification (GO:0043412),69,4,4.7,0.86,0.6943210659495469,0.7900127513207985,1065.0
gobp,Regulation Of Kinase Activity (GO:0043549),69,4,4.7,0.86,0.6943210659495469,0.7900127513207985,1065.0
gobp,Response To Calcium Ion (GO:0051592),69,4,4.7,0.86,0.6943210659495469,0.7900127513207985,1065.0
gobp,Positive Regulation Of Macromolecule Biosynthetic Process (GO:0010557),103,6,7.0,0.86,0.7039674869699186,0.7988523080473675,1065.0
gobp,Activation Of Cysteine-Type Endopeptidase Activity Involved In Apoptotic Process (GO:0006919),53,3,3.6,0.84,0.7043402039966931,0.7988523080473675,1065.0
gobp,Protein Tetramerization (GO:0051262),53,3,3.6,0.84,0.7043402039966931,0.7988523080473675,1065.0
gobp,Positive Regulation Of Proteasomal Ubiquitin-Dependent Protein Catabolic Process (GO:0032436),70,4,4.7,0.85,0.7051282962463381,0.7988953569173937,1065.0
gobp,Phosphatidylinositol Biosynthetic Process (GO:0006661),87,5,5.9,0.85,0.7083782830143018,0.801724624240416,1065.0
gobp,Regulation Of Macromolecule Metabolic Process (GO:0060255),104,6,7.0,0.85,0.7127614937200433,0.8058290772949533,1065.0
gobp,Organonitrogen Compound Catabolic Process (GO:1901565),54,3,3.6,0.82,0.7163487469836093,0.8089778081207053,1065.0
gobp,Macroautophagy (GO:0016236),88,5,5.9,0.84,0.7178253790366822,0.8089778081207053,1065.0
gobp,Cytoskeleton Organization (GO:0007010),88,5,5.9,0.84,0.7178253790366822,0.8089778081207053,1065.0
gobp,Golgi Organization (GO:0007030),105,6,7.1,0.85,0.7213747029651632,0.8121184552409078,1065.0
gobp,Negative Regulation Of Cell Motility (GO:2000146),106,6,7.2,0.84,0.7298067332516884,0.8207435806895967,1065.0
kegg,Peroxisome,73,4,4.9,0.81,0.735875321396462,0.8699733884159571,209.0
gobp,Monocarboxylic Acid Metabolic Process (GO:0032787),73,4,4.9,0.81,0.735875321396462,0.8260326816213334,1065.0
gobp,Glycerophospholipid Biosynthetic Process (GO:0046474),90,5,6.1,0.82,0.7360610468156294,0.8260326816213334,1065.0
kegg,Breast cancer,107,6,7.2,0.83,0.738057462050081,0.8699733884159571,209.0
gobp,Cell Junction Assembly (GO:0034329),56,3,3.8,0.79,0.739225834995682,0.8286291655673006,1065.0
gobp,Golgi Vesicle Transport (GO:0048193),173,10,11.7,0.86,0.7399308323516458,0.8286291655673006,1065.0
gobp,Lysosomal Transport (GO:0007041),91,5,6.1,0.81,0.7448504312999051,0.8332622997210073,1065.0
kegg,Hepatitis C,125,7,8.4,0.83,0.7485356646031214,0.8699733884159571,209.0
kegg,Autophagy,125,7,8.4,0.83,0.7485356646031214,0.8699733884159571,209.0
gobp,Positive Regulation Of Mitotic Cell Cycle Phase Transition (GO:1901992),57,3,3.9,0.78,0.7501034219475065,0.8373796062621535,1065.0
gobp,Peptidyl-Threonine Modification (GO:0018210),57,3,3.9,0.78,0.7501034219475065,0.8373796062621535,1065.0
kegg,Central carbon metabolism in cancer,57,3,3.9,0.78,0.7501034219475065,0.8699733884159571,209.0
kegg,Prostate cancer,92,5,6.2,0.8,0.7534219296808049,0.8699733884159571,209.0
gobp,Dephosphorylation (GO:0016311),109,6,7.4,0.81,0.7540157448479414,0.8408657259299033,1065.0
kegg,Endocytosis,209,12,14.1,0.85,0.7610757553295284,0.8733051154626579,209.0
gobp,Positive Regulation Of Cellular Component Biogenesis (GO:0044089),76,4,5.1,0.78,0.7641407705225505,0.8512656073289919,1065.0
kegg,Spinocerebellar ataxia,111,6,7.5,0.8,0.7692532773978956,0.8733051154626579,209.0
gobp,Generation Of Neurons (GO:0048699),94,5,6.4,0.79,0.7699162785373175,0.8568033820713093,1065.0
hallmark,Protein Secretion,94,5,6.4,0.79,0.7699162785373175,0.9967959385135446,35.0
kegg,Drug metabolism,59,3,4.0,0.75,0.7707638209786778,0.8733051154626579,209.0
gobp,Response To Reactive Oxygen Species (GO:0000302),59,3,4.0,0.75,0.7707638209786778,0.8568512206078203,1065.0
gobp,Regulation Of RNA Metabolic Process (GO:0051252),77,4,5.2,0.77,0.7730219492137717,0.8584654597629476,1065.0
kegg,Progesterone-mediated oocyte maturation,77,4,5.2,0.77,0.7730219492137717,0.8733051154626579,209.0
gobp,Regulation Of Protein Binding (GO:0043393),95,5,6.4,0.78,0.7778423036933914,0.862918805659856,1065.0
kegg,Pathogenic Escherichia coli infection,163,9,11.0,0.82,0.780147726514006,0.8733051154626579,209.0
gobp,Epigenetic Regulation Of Gene Expression (GO:0040029),60,3,4.1,0.74,0.7805590114979434,0.8644282255194381,1065.0
gobp,Negative Regulation Of Nucleic Acid-Templated Transcription (GO:1903507),358,21,24.2,0.87,0.781197128054406,0.8644282255194381,1065.0
gobp,Cellular Response To Chemical Stress (GO:0062197),78,4,5.3,0.76,0.7816379165964497,0.8644282255194381,1065.0
kegg,Viral carcinogenesis,147,8,9.9,0.81,0.7845172536217995,0.8733051154626579,209.0
kegg,Necroptosis,96,5,6.5,0.77,0.7855567545788502,0.8733051154626579,209.0
gobp,Positive Regulation Of DNA Biosynthetic Process (GO:2000573),61,3,4.1,0.73,0.790006479763641,0.8727768682036076,1065.0
gobp,Circulatory System Development (GO:0072359),97,5,6.6,0.76,0.7930618045091604,0.8752443749246175,1065.0
gobp,Protein Ubiquitination (GO:0016567),329,19,22.2,0.85,0.7939116485196155,0.8752752646722469,1065.0
kegg,Adherens junction,62,3,4.2,0.72,0.7991133756486333,0.8836756376220337,209.0
gobp,Regulation Of Autophagy (GO:0010506),201,11,13.6,0.81,0.8061296822544417,0.8878263822140439,1065.0
gobp,Protein O-linked Glycosylation (GO:0006493),63,3,4.3,0.7,0.8078871351479848,0.8879254890945344,1065.0
kegg,Epithelial cell signaling in Helicobacter pylori infection,63,3,4.3,0.7,0.8078871351479848,0.8886758486627833,209.0
gobp,Positive Regulation Of Growth (GO:0045927),63,3,4.3,0.7,0.8078871351479848,0.8879254890945344,1065.0
gobp,Positive Regulation Of Catabolic Process (GO:0009896),64,3,4.3,0.69,0.8163354319596902,0.8944415998323766,1065.0
gobp,Regulation Of DNA Replication (GO:0006275),64,3,4.3,0.69,0.8163354319596902,0.8944415998323766,1065.0
gobp,Glucose Homeostasis (GO:0042593),64,3,4.3,0.69,0.8163354319596902,0.8944415998323766,1065.0
gobp,Neuron Development (GO:0048666),102,5,6.9,0.73,0.8275353588074341,0.9057812509043344,1065.0
gobp,Regulation Of Stress Fiber Assembly (GO:0051492),66,3,4.5,0.67,0.8322872559200938,0.9091137718511794,1065.0
gobp,Regulation Of Cysteine-Type Endopeptidase Activity Involved In Apoptotic Process (GO:0043281),66,3,4.5,0.67,0.8322872559200938,0.9091137718511794,1065.0
gobp,Regulation Of Cyclin-Dependent Protein Serine/Threonine Kinase Activity (GO:0000079),67,3,4.5,0.66,0.8398069337362261,0.9137405304629467,1065.0
gobp,Vascular Transport (GO:0010232),67,3,4.5,0.66,0.8398069337362261,0.9137405304629467,1065.0
gobp,Macromolecule Catabolic Process (GO:0009057),67,3,4.5,0.66,0.8398069337362261,0.9137405304629467,1065.0
gobp,Cellular Response To Oxidative Stress (GO:0034599),104,5,7.0,0.71,0.8399549101626524,0.9137405304629467,1065.0
gobp,Regulation Of Cell Motility (GO:2000145),86,4,5.8,0.69,0.8414924731102635,0.9144790651657455,1065.0
gobp,Modification-Dependent Protein Catabolic Process (GO:0019941),175,9,11.8,0.76,0.8440213755420058,0.9162923190134926,1065.0
gobp,Positive Regulation Of Autophagy (GO:0010508),87,4,5.9,0.68,0.8479076148016349,0.9195739406962741,1065.0
gobp,Regulation Of Cell Migration (GO:0030334),344,19,23.2,0.82,0.8497334649417972,0.92061662274976,1065.0
gobp,Protein Localization (GO:0008104),295,16,19.9,0.8,0.8517224326694802,0.9206666370796338,1065.0
gobp,Transport Across Blood-Brain Barrier (GO:0150104),69,3,4.7,0.64,0.8539748463052305,0.9206666370796338,1065.0
gobp,Activation Of Protein Kinase Activity (GO:0032147),69,3,4.7,0.64,0.8539748463052305,0.9206666370796338,1065.0
kegg,Small cell lung cancer,88,4,5.9,0.67,0.8541020069809185,0.9313828234073113,209.0
gobp,Fatty Acid Metabolic Process (GO:0006631),88,4,5.9,0.67,0.8541020069809185,0.9206666370796338,1065.0
gobp,Organonitrogen Compound Biosynthetic Process (GO:1901566),88,4,5.9,0.67,0.8541020069809185,0.9206666370796338,1065.0
kegg,Neurotrophin signaling pathway,107,5,7.2,0.69,0.8571976126908908,0.9313828234073113,209.0
gobp,Protein Localization To Organelle (GO:0033365),107,5,7.2,0.69,0.8571976126908908,0.9211871279614172,1065.0
hallmark,Glycolysis,178,9,12.0,0.75,0.8574732913203023,0.9967959385135446,35.0
gobp,Endomembrane System Organization (GO:0010256),161,8,10.9,0.74,0.8593579268745402,0.9211871279614172,1065.0
kegg,Longevity regulating pathway,89,4,6.0,0.67,0.8600807890794788,0.9313828234073113,209.0
gobp,Intrinsic Apoptotic Signaling Pathway (GO:0097193),89,4,6.0,0.67,0.8600807890794788,0.9211871279614172,1065.0
gobp,Cellular Response To Insulin Stimulus (GO:0032869),89,4,6.0,0.67,0.8600807890794788,0.9211871279614172,1065.0
gobp,Sphingolipid Metabolic Process (GO:0006665),70,3,4.7,0.63,0.8606396172033898,0.9211871279614172,1065.0
gobp,Regulation Of Organelle Assembly (GO:1902115),70,3,4.7,0.63,0.8606396172033898,0.9211871279614172,1065.0
gobp,Positive Regulation Of Double-Strand Break Repair (GO:2000781),70,3,4.7,0.63,0.8606396172033898,0.9211871279614172,1065.0
gobp,Negative Regulation Of Cellular Biosynthetic Process (GO:0031327),108,5,7.3,0.69,0.8625893893618637,0.9223470880224748,1065.0
gobp,Proteasome-Mediated Ubiquitin-Dependent Protein Catabolic Process (GO:0043161),283,15,19.1,0.78,0.8677977488789652,0.9269855592337993,1065.0
gobp,Intracellular Protein Transport (GO:0006886),284,15,19.2,0.78,0.8710692127648348,0.928054108688561,1065.0
hallmark,UV Response Dn,128,6,8.6,0.69,0.8713408756653052,0.9967959385135446,35.0
gobp,Cellular Response To Growth Factor Stimulus (GO:0071363),128,6,8.6,0.69,0.8713408756653052,0.928054108688561,1065.0
gobp,Regulation Of Protein-Containing Complex Assembly (GO:0043254),91,4,6.1,0.65,0.8714123086277568,0.928054108688561,1065.0
gobp,Nuclear-Transcribed mRNA Catabolic Process (GO:0000956),73,3,4.9,0.61,0.8790562608612967,0.9343262652867077,1065.0
gobp,"Regulation Of mRNA Splicing, Via Spliceosome (GO:0048024)",73,3,4.9,0.61,0.8790562608612967,0.9343262652867077,1065.0
kegg,Axon guidance,148,7,10.0,0.7,0.8798910763622962,0.947923891544948,209.0
gobp,RNA Metabolic Process (GO:0016070),93,4,6.3,0.64,0.8819439922533351,0.9355282387946234,1065.0
gobp,Regulation Of Proteasomal Ubiquitin-Dependent Protein Catabolic Process (GO:0032434),93,4,6.3,0.64,0.8819439922533351,0.9355282387946234,1065.0
hallmark,Bile Acid Metabolism,93,4,6.3,0.64,0.8819439922533351,0.9967959385135446,35.0
kegg,ErbB signaling pathway,74,3,5.0,0.6,0.8846965179873821,0.9482131910736558,209.0
gobp,Lipid Transport (GO:0006869),74,3,5.0,0.6,0.8846965179873821,0.9357040782969619,1065.0
gobp,Regulation Of Double-Strand Break Repair (GO:2000779),74,3,5.0,0.6,0.8846965179873821,0.9357040782969619,1065.0
gobp,Negative Regulation Of Cell Migration (GO:0030336),131,6,8.9,0.68,0.8847455463333714,0.9357040782969619,1065.0
gobp,Protein Homooligomerization (GO:0051260),94,4,6.4,0.63,0.8869230017518247,0.9370763857794576,1065.0
gobp,mRNA Metabolic Process (GO:0016071),75,3,5.1,0.59,0.8901009084673864,0.939501949968054,1065.0
gobp,Regulation Of Protein Metabolic Process (GO:0051246),77,3,5.2,0.58,0.9002336526254388,0.9492562772733587,1065.0
kegg,Tight junction,136,6,9.2,0.65,0.9044585816881734,0.9644481814940217,209.0
gobp,Regulation Of Cell Cycle (GO:0051726),244,12,16.5,0.73,0.9053388509354581,0.9528058458370409,1065.0
gobp,Negative Regulation Of Apoptotic Process (GO:0043066),364,19,24.6,0.77,0.9053892168892821,0.9528058458370409,1065.0
gobp,Non-Membrane-Bounded Organelle Assembly (GO:0140694),99,4,6.7,0.6,0.9091574981286772,0.9548843545434331,1065.0
gobp,Regulation Of Protein Catabolic Process (GO:0042176),99,4,6.7,0.6,0.9091574981286772,0.9548843545434331,1065.0
kegg,MicroRNAs in cancer,158,7,10.7,0.66,0.915864760639363,0.9690092188141377,209.0
kegg,mRNA surveillance pathway,81,3,5.5,0.55,0.9180087336133935,0.9690092188141377,209.0
gobp,Positive Regulation Of Transferase Activity (GO:0051347),121,5,8.2,0.61,0.9183927813851039,0.9636338050986558,1065.0
gobp,Protein Localization To Plasma Membrane (GO:0072659),104,4,7.0,0.57,0.927420012580595,0.9721479462582024,1065.0
gobp,Ubiquitin-Dependent Protein Catabolic Process (GO:0006511),324,16,21.9,0.73,0.9293339645101434,0.9731963345165218,1065.0
gobp,Regulation Of Cellular Component Organization (GO:0051128),126,5,8.5,0.59,0.9338403762810739,0.9769548140857993,1065.0
gobp,Regulation Of Macroautophagy (GO:0016241),86,3,5.8,0.52,0.9361504271318695,0.9770887577271382,1065.0
gobp,Cytosolic Transport (GO:0016482),107,4,7.2,0.55,0.936720771492402,0.9770887577271382,1065.0
gobp,Epithelium Development (GO:0060429),107,4,7.2,0.55,0.936720771492402,0.9770887577271382,1065.0
gobp,Regulation Of Cell Growth (GO:0001558),186,8,12.6,0.64,0.9402086273232484,0.9782448718838327,1065.0
gobp,Protein Modification By Small Protein Conjugation (GO:0032446),278,13,18.8,0.69,0.9418732791343983,0.9782448718838327,1065.0
gobp,Regulation Of Mitotic Cell Cycle (GO:0007346),109,4,7.4,0.54,0.9423057957309496,0.9782448718838327,1065.0
gobp,Negative Regulation Of Translation (GO:0017148),88,3,5.9,0.5,0.9423090131729369,0.9782448718838327,1065.0
gobp,Protein Localization To Cell Periphery (GO:1990778),110,4,7.4,0.54,0.9449263561482634,0.9782448718838327,1065.0
gobp,Regulation Of Programmed Cell Death (GO:0043067),150,6,10.1,0.59,0.9449381802505182,0.9782448718838327,1065.0
gobp,Regulation Of Organelle Organization (GO:0033043),89,3,6.0,0.5,0.9451774395948017,0.9782448718838327,1065.0
gobp,Response To UV (GO:0009411),89,3,6.0,0.5,0.9451774395948017,0.9782448718838327,1065.0
hallmark,Estrogen Response Early,171,7,11.6,0.61,0.9484528681350654,0.9967959385135446,35.0
gobp,Protein Stabilization (GO:0050821),172,7,11.6,0.6,0.950417963246039,0.9827137192786715,1065.0
gobp,Regulation Of Transforming Growth Factor Beta Receptor Signaling Pathway (GO:0017015),93,3,6.3,0.48,0.955375427303003,0.9859252229435059,1065.0
gobp,Regulation Of G1/S Transition Of Mitotic Cell Cycle (GO:2000045),93,3,6.3,0.48,0.955375427303003,0.9859252229435059,1065.0
gobp,Positive Regulation Of Intracellular Protein Transport (GO:0090316),115,4,7.8,0.51,0.9564679318452367,0.9860971417378288,1065.0
kegg,Cell cycle,116,4,7.8,0.51,0.95849010986794,0.9999609489713419,209.0
gobp,Plasma Membrane Bounded Cell Projection Organization (GO:0120036),95,3,6.4,0.47,0.9597814814215954,0.988556361425531,1065.0
kegg,Insulin resistance,95,3,6.4,0.47,0.9597814814215954,0.9999609489713419,209.0
gobp,Axon Guidance (GO:0007411),96,3,6.5,0.46,0.9618281919997511,0.9897072700287294,1065.0
hallmark,Estrogen Response Late,161,6,10.9,0.55,0.965139613543713,0.9967959385135446,35.0
gobp,Positive Regulation Of Protein Metabolic Process (GO:0051247),162,6,10.9,0.55,0.9665907000606275,0.9936477756414752,1065.0
kegg,Insulin signaling pathway,121,4,8.2,0.49,0.9673588159591385,0.9999609489713419,209.0
kegg,Alzheimer disease,279,12,18.9,0.64,0.9686505889912622,0.9999609489713419,209.0
hallmark,Xenobiotic Metabolism,164,6,11.1,0.54,0.9693282640500038,0.9967959385135446,35.0
gobp,Negative Regulation Of Programmed Cell Death (GO:0043069),301,13,20.3,0.64,0.9720967709466573,0.9983443211747252,1065.0
gobp,DNA-templated Transcription (GO:0006351),168,6,11.4,0.53,0.9741951940252768,0.9995355314421193,1065.0
gobp,Negative Regulation Of Cell Differentiation (GO:0045596),149,5,10.1,0.5,0.9762036556984555,0.9999622706810019,1065.0
gobp,Neuron Projection Development (GO:0031175),130,4,8.8,0.46,0.9790318979396845,0.9999622706810019,1065.0
gobp,Plasma Membrane Bounded Cell Projection Assembly (GO:0120031),214,8,14.5,0.55,0.9796274010180791,0.9999622706810019,1065.0
gobp,Protein Glycosylation (GO:0006486),108,3,7.3,0.41,0.979848720576157,0.9999622706810019,1065.0
kegg,AMPK signaling pathway,108,3,7.3,0.41,0.979848720576157,0.9999609489713419,209.0
gobp,protein-RNA Complex Assembly (GO:0022618),131,4,8.9,0.45,0.980052787913449,0.9999622706810019,1065.0
hallmark,p53 Pathway,176,6,11.9,0.5,0.9818598331466137,0.9967959385135446,35.0
gobp,Protein Targeting (GO:0006605),110,3,7.4,0.4,0.9819201786159197,0.9999622706810019,1065.0
gobp,DNA Damage Response (GO:0006974),318,13,21.5,0.6,0.9844034485345965,0.9999622706810019,1065.0
gobp,Regulation Of Cell Differentiation (GO:0045595),136,4,9.2,0.44,0.9844906075797925,0.9999622706810019,1065.0
gobp,Membrane Organization (GO:0061024),138,4,9.3,0.43,0.985988906381487,0.9999622706810019,1065.0
gobp,Double-Strand Break Repair (GO:0006302),140,4,9.5,0.42,0.9873490080063803,0.9999622706810019,1065.0
hallmark,DNA Repair,141,4,9.5,0.42,0.9879810025182092,0.9967959385135446,35.0
gobp,Axonogenesis (GO:0007409),118,3,8.0,0.38,0.988344193981593,0.9999622706810019,1065.0
gobp,Chromatin Organization (GO:0006325),207,7,14.0,0.5,0.988400945852406,0.9999622706810019,1065.0
kegg,Pathways of neurodegeneration,347,14,23.4,0.6,0.989032270123608,0.9999609489713419,209.0
hallmark,mTORC1 Signaling,189,6,12.8,0.47,0.9899524321678965,0.9967959385135446,35.0
gobp,Positive Regulation Of Cellular Biosynthetic Process (GO:0031328),145,4,9.8,0.41,0.9902207173888133,0.9999622706810019,1065.0
gobp,Organelle Organization (GO:0006996),336,13,22.7,0.57,0.9918494038299501,0.9999622706810019,1065.0
gobp,Endosomal Transport (GO:0016197),149,4,10.1,0.4,0.9920582287810729,0.9999622706810019,1065.0
kegg,Protein processing in endoplasmic reticulum,149,4,10.1,0.4,0.9920582287810729,0.9999609489713419,209.0
gobp,Positive Regulation Of Developmental Process (GO:0051094),174,5,11.8,0.43,0.9928268924590624,0.9999622706810019,1065.0
gobp,Mitochondrion Organization (GO:0007005),131,3,8.9,0.34,0.994377412662553,0.9999622706810019,1065.0
hallmark,heme Metabolism,157,4,10.6,0.38,0.9947904879808636,0.9967959385135446,35.0
gobp,DNA Metabolic Process (GO:0006259),251,8,17.0,0.47,0.9957857905345561,0.9999622706810019,1065.0
kegg,Non-alcoholic fatty liver disease,138,3,9.3,0.32,0.9962296519231214,0.9999609489713419,209.0
gobp,Cilium Assembly (GO:0060271),166,4,11.2,0.36,0.9967839198655916,0.9999622706810019,1065.0
hallmark,Adipogenesis,190,5,12.8,0.39,0.9967959385135446,0.9967959385135446,35.0
gobp,Chromatin Remodeling (GO:0006338),192,5,13.0,0.39,0.9971083071334029,0.9999622706810019,1065.0
gobp,Regulation Of Translation (GO:0006417),171,4,11.6,0.35,0.99754818060055,0.9999622706810019,1065.0
gobp,RNA Processing (GO:0006396),160,3,10.8,0.28,0.9989550181463094,0.9999622706810019,1065.0
gobp,Cilium Organization (GO:0044782),165,3,11.2,0.27,0.9992232925416038,0.9999622706810019,1065.0
gobp,Transcription By RNA Polymerase II (GO:0006366),166,3,11.2,0.27,0.9992681889712236,0.9999622706810019,1065.0
gobp,Organelle Assembly (GO:0070925),255,6,17.2,0.35,0.9996190724062316,0.9999622706810019,1065.0
kegg,Thermogenesis,179,3,12.1,0.25,0.9996644758636122,0.9999609489713419,209.0
gobp,Gene Expression (GO:0010467),259,6,17.5,0.34,0.9996912784341935,0.9999622706810019,1065.0
kegg,Huntington disease,230,4,15.5,0.26,0.999913797585453,0.9999609489713419,209.0
kegg,Amyotrophic lateral sclerosis,271,5,18.3,0.27,0.999960948971342,0.9999609489713419,209.0
gobp,DNA Repair (GO:0006281),244,4,16.5,0.24,0.9999622706810019,0.9999622706810019,1065.0
