library,term,n_set,n_hit,expected,fold,p,q,n_tested_in_library
hallmark,Allograft Rejection,145,51,12.2,4.17,1.284492308786649e-19,5.651766158661256e-18,44.0
hallmark,Interferon Gamma Response,169,52,14.3,3.65,4.3110078885357134e-17,9.484217354778569e-16,44.0
gobp,Antigen Receptor-Mediated Signaling Pathway (GO:0050851),92,35,7.8,4.51,4.344399882925072e-15,5.838873442651297e-12,1344.0
gobp,Positive Regulation Of Cytokine Production (GO:0001819),219,55,18.5,2.98,8.671202090035817e-14,5.82704780450407e-11,1344.0
gobp,B Cell Activation (GO:0042113),59,25,5.0,5.02,2.0774870510147157e-12,9.307141988545926e-10,1344.0
gobp,B Cell Receptor Signaling Pathway (GO:0050853),35,18,3.0,6.09,4.733845782026452e-11,1.5905721827608878e-08,1344.0
hallmark,Inflammatory Response,155,40,13.1,3.06,8.71859085649365e-11,1.278726658952402e-09,44.0
hallmark,KRAS Signaling Up,165,41,13.9,2.94,1.8099850116940217e-10,1.990983512863424e-09,44.0
kegg,Cytokine-cytokine receptor interaction,153,39,12.9,3.02,2.2298680279115198e-10,5.06180042335915e-08,227.0
gobp,Regulation Of T Cell Activation (GO:0050863),38,18,3.2,5.61,2.7401879417550784e-10,7.365625187437651e-08,1344.0
kegg,Primary immunodeficiency,28,15,2.4,6.35,9.441314446971682e-10,1.0715891897312859e-07,227.0
gobp,T Cell Activation (GO:0042110),66,23,5.6,4.13,1.6664726522807125e-09,3.7328987411087957e-07,1344.0
gobp,T Cell Receptor Signaling Pathway (GO:0050852),64,22,5.4,4.07,5.052382642548928e-09,9.700574673693943e-07,1344.0
gobp,Defense Response To Bacterium (GO:0042742),87,26,7.3,3.54,6.247567770776405e-09,1.049591385490436e-06,1344.0
hallmark,TNF-alpha Signaling via NF-kB,182,39,15.4,2.54,4.3508469173280166e-08,3.828745287248655e-07,44.0
kegg,Systemic lupus erythematosus,23,12,1.9,6.18,6.959985253008291e-08,5.26638884144294e-06,227.0
gobp,Positive Regulation Of Response To External Stimulus (GO:0032103),116,29,9.8,2.96,7.1595505513468e-08,9.8663818111105e-06,1344.0
gobp,Regulation Of B Cell Proliferation (GO:0030888),36,15,3.0,4.94,7.341057895171504e-08,9.8663818111105e-06,1344.0
gobp,Regulation Of Interleukin-6 Production (GO:0032675),80,23,6.8,3.41,1.0313561723346576e-07,1.2601297232888908e-05,1344.0
gobp,Defense Response To Symbiont (GO:0140546),94,25,7.9,3.15,1.5603972844320645e-07,1.747644958563912e-05,1344.0
hallmark,Interferon Alpha Response,82,23,6.9,3.32,1.6982313966821778e-07,1.2453696909002636e-06,44.0
gobp,Inflammatory Response (GO:0006954),149,33,12.6,2.62,2.0855852815182826e-07,2.1561743218158243e-05,1344.0
kegg,Cell adhesion molecules,84,23,7.1,3.24,2.744520750931306e-07,1.557515526153516e-05,227.0
gobp,Positive Regulation Of Lymphocyte Activation (GO:0051251),26,12,2.2,5.47,3.912031676805497e-07,3.755550409733277e-05,1344.0
kegg,Antigen processing and presentation,36,14,3.0,4.61,5.570877965621605e-07,2.5291785963922088e-05,227.0
gobp,Defense Response To Gram-negative Bacterium (GO:0050829),27,12,2.3,5.27,6.501578387422683e-07,5.8254142351307244e-05,1344.0
kegg,Staphylococcus aureus infection,32,13,2.7,4.81,7.827551592449934e-07,2.9614236858102252e-05,227.0
gobp,Positive Regulation Of B Cell Activation (GO:0050871),42,15,3.5,4.23,8.008946932717604e-07,6.727515423482788e-05,1344.0
gobp,Response To Type II Interferon (GO:0034341),53,17,4.5,3.8,8.639327822815849e-07,6.830150937567353e-05,1344.0
kegg,Th17 cell differentiation,79,21,6.7,3.15,1.5281972041695506e-06,4.9557252192355425e-05,227.0
gobp,Defense Response To Virus (GO:0051607),126,28,10.6,2.63,1.593447603305342e-06,0.00011897742104679886,1344.0
kegg,Osteoclast differentiation,100,24,8.4,2.84,2.0778921081896094e-06,5.454653245213485e-05,227.0
kegg,Neutrophil extracellular trap formation,87,22,7.3,3.0,2.1626378505251703e-06,5.454653245213485e-05,227.0
gobp,Defense Response To Protozoan (GO:0042832),13,8,1.1,7.29,2.2041640891211834e-06,0.00015591560714625633,1344.0
gobp,Cellular Response To Cytokine Stimulus (GO:0071345),204,38,17.2,2.21,2.635512583014552e-06,0.0001684304274282428,1344.0
gobp,Negative Regulation Of Antigen Receptor-Mediated Signaling Pathway (GO:0050858),17,9,1.4,6.27,2.7501731872722455e-06,0.0001684304274282428,1344.0
gobp,Alpha-Beta T Cell Activation (GO:0046631),10,7,0.8,8.29,2.8671842024286723e-06,0.0001684304274282428,1344.0
gobp,Regulation Of T Cell Proliferation (GO:0042129),46,15,3.9,3.86,3.007686204075764e-06,0.0001684304274282428,1344.0
gobp,Positive Regulation Of Lymphocyte Proliferation (GO:0050671),46,15,3.9,3.86,3.007686204075764e-06,0.0001684304274282428,1344.0
gobp,Negative Regulation Of Lymphocyte Proliferation (GO:0050672),26,11,2.2,5.01,3.4817242709063746e-06,0.00018197629457019848,1344.0
gobp,Lymphocyte Differentiation (GO:0030098),58,17,4.9,3.47,3.520374746149673e-06,0.00018197629457019848,1344.0
gobp,Defense Response To Gram-positive Bacterium (GO:0050830),32,12,2.7,4.44,5.670049734571597e-06,0.0002822424756764528,1344.0
gobp,Cellular Response To Type II Interferon (GO:0071346),43,14,3.6,3.86,6.552049633416383e-06,0.0003144983824039864,1344.0
gobp,Regulation Of T Cell Receptor Signaling Pathway (GO:0050856),23,10,1.9,5.15,7.2749732153493305e-06,0.0003371573793596379,1344.0
kegg,Intestinal immune network for IgA production,23,10,1.9,5.15,7.2749732153493305e-06,0.00015440670861900302,227.0
kegg,Viral protein interaction with cytokine and cytokine receptor,55,16,4.6,3.45,7.562348530615381e-06,0.00015440670861900302,227.0
gobp,Regulation Of Tumor Necrosis Factor Production (GO:0032680),94,22,7.9,2.77,8.471442864173059e-06,0.0003736840401100826,1344.0
gobp,B Cell Homeostasis (GO:0001782),8,6,0.7,8.89,8.61920032992006e-06,0.0003736840401100826,1344.0
kegg,Natural killer cell mediated cytotoxicity,68,18,5.7,3.14,9.003989939555976e-06,0.00015440670861900302,227.0
kegg,Chemokine signaling pathway,145,29,12.2,2.37,9.613645361048e-06,0.00015440670861900302,227.0
kegg,Hematopoietic cell lineage,56,16,4.7,3.39,9.765699728673645e-06,0.00015440670861900302,227.0
kegg,Herpes simplex virus 1 infection,176,33,14.9,2.22,1.0203086472621344e-05,0.00015440670861900302,227.0
kegg,B cell receptor signaling pathway,69,18,5.8,3.09,1.123196897592567e-05,0.00015935355984594544,227.0
gobp,Positive Regulation Of B Cell Proliferation (GO:0030890),24,10,2.0,4.94,1.1529998095613553e-05,0.0004842599200157692,1344.0
gobp,Regulation Of Immune Response (GO:0050776),57,16,4.8,3.33,1.2523512935602e-05,0.0005100485268317906,1344.0
gobp,Positive Regulation Of Defense Response (GO:0031349),90,21,7.6,2.76,1.4185973088001774e-05,0.0005607631714786584,1344.0
gobp,Regulation Of Interleukin-2 Production (GO:0032663),36,12,3.0,3.95,2.2873251169940975e-05,0.0008783328449257334,1344.0
gobp,Antifungal Innate Immune Response (GO:0061760),9,6,0.8,7.9,2.4001247719306015e-05,0.0008960465815207579,1344.0
kegg,Leukocyte transendothelial migration,93,21,7.8,2.68,2.416386608627479e-05,0.0003226586824461399,227.0
gobp,Negative Regulation Of T Cell Activation (GO:0050868),31,11,2.6,4.2,2.5702697987659087e-05,0.0009336331377138869,1344.0
gobp,Positive Regulation Of Leukocyte Cell-Cell Adhesion (GO:1903039),26,10,2.2,4.56,2.6695621385133467e-05,0.0009441819774110363,1344.0
hallmark,IL-2/STAT5 Signaling,169,31,14.3,2.17,2.9304410612606914e-05,0.0001681129096197647,44.0
hallmark,Apoptosis,146,28,12.3,2.27,3.0565983567229943e-05,0.0001681129096197647,44.0
gobp,Leukocyte Tethering Or Rolling (GO:0050901),13,7,1.1,6.38,3.265030870311157e-05,0.0011251798691533834,1344.0
gobp,Positive Regulation Of Interleukin-6 Production (GO:0032755),55,15,4.6,3.23,3.389276135259398e-05,0.0011387967814471577,1344.0
kegg,Inflammatory bowel disease,32,11,2.7,4.07,3.619598992975252e-05,0.0004564716507807679,227.0
kegg,PD-L1 expression and PD-1 checkpoint pathway in cancer,82,19,6.9,2.75,3.983426166765548e-05,0.00047591459992409437,227.0
gobp,Regulation Of Angiogenesis (GO:0045765),156,29,13.2,2.2,4.061184491811542e-05,0.0013312760870718811,1344.0
gobp,Phagocytosis (GO:0006909),56,15,4.7,3.17,4.2719735117442886e-05,0.0013670315237581724,1344.0
gobp,Negative Regulation Of Cytokine Production (GO:0001818),126,25,10.6,2.35,4.45190435974739e-05,0.001391478944069882,1344.0
gobp,Positive Regulation Of T Cell Activation (GO:0050870),70,17,5.9,2.88,5.315460521125473e-05,0.0016236315773619627,1344.0
kegg,Phagosome,105,22,8.9,2.48,5.322282769897051e-05,0.0006040790943833153,227.0
kegg,Leishmaniasis,51,14,4.3,3.25,5.6929077249378786e-05,0.0006153762159813802,227.0
gobp,Regulation Of Phagocytosis (GO:0050764),45,13,3.8,3.42,5.823140394048477e-05,0.0017391779310224787,1344.0
gobp,Regulation Of B Cell Receptor Signaling Pathway (GO:0050855),14,7,1.2,5.92,6.053923035991853e-05,0.0017687983826897937,1344.0
gobp,Positive Regulation Of Type II Interferon Production (GO:0032729),34,11,2.9,3.83,6.856097863429979e-05,0.001919707401760394,1344.0
gobp,T Cell Differentiation (GO:0030217),34,11,2.9,3.83,6.856097863429979e-05,0.001919707401760394,1344.0
gobp,Positive Regulation Of Tumor Necrosis Factor Superfamily Cytokine Production (GO:1903557),65,16,5.5,2.92,7.355009191021745e-05,0.001998589035828656,1344.0
gobp,Positive Regulation Of T Cell Proliferation (GO:0042102),40,12,3.4,3.55,7.43522706781494e-05,0.001998589035828656,1344.0
kegg,Allograft rejection,7,5,0.6,8.46,7.72064699136679e-05,0.0007966303941092098,227.0
gobp,Positive Regulation Of Interleukin-12 Production (GO:0032735),24,9,2.0,4.44,8.585578807021236e-05,0.0022625525326738314,1344.0
gobp,Regulation Of Type II Interferon Production (GO:0032649),53,14,4.5,3.13,9.02296256029475e-05,0.002300186604618224,1344.0
gobp,Regulation Of Interleukin-12 Production (GO:0032655),35,11,3.0,3.72,9.241821179269651e-05,0.002300186604618224,1344.0
gobp,Positive Regulation Of Chemotaxis (GO:0050921),35,11,3.0,3.72,9.241821179269651e-05,0.002300186604618224,1344.0
kegg,Epstein-Barr virus infection,156,28,13.2,2.13,0.0001037706167761365,0.0010241708699209994,227.0
gobp,Positive Regulation Of Cell Adhesion Mediated By Integrin (GO:0033630),15,7,1.3,5.53,0.00010524529354458354,0.0025258870450700047,1344.0
gobp,Leukocyte Adhesion To Vascular Endothelial Cell (GO:0061756),15,7,1.3,5.53,0.00010524529354458354,0.0025258870450700047,1344.0
gobp,Cellular Defense Response (GO:0006968),30,10,2.5,3.95,0.00011043857121956136,0.0026040252582296575,1344.0
gobp,T Cell Migration (GO:0072678),11,6,0.9,6.46,0.0001137759908210861,0.0026364643390265467,1344.0
gobp,Regulation Of Peptidase Activity (GO:0052547),20,8,1.7,4.74,0.00012597470824228245,0.0028696611504682645,1344.0
hallmark,Complement,158,28,13.3,2.1,0.00013024744834165157,0.0006367653030036299,44.0
gobp,Regulation Of Interleukin-8 Production (GO:0032677),55,14,4.6,3.02,0.00013928902569171922,0.0030689254185191908,1344.0
gobp,Regulation Of Interleukin-1 Beta Production (GO:0032651),55,14,4.6,3.02,0.00013928902569171922,0.0030689254185191908,1344.0
kegg,Malaria,31,10,2.6,3.82,0.00015078898704427664,0.0014262125024604498,227.0
gobp,Positive Regulation Of Tumor Necrosis Factor Production (GO:0032760),62,15,5.2,2.87,0.00015116608076727267,0.0032768905250195883,1344.0
kegg,Tuberculosis,128,24,10.8,2.22,0.00015850164419930994,0.0014391949293297342,227.0
gobp,Regulation Of Cytokine Production Involved In Immune Response (GO:0002718),16,7,1.4,5.18,0.00017349630212148628,0.003701254445258374,1344.0
kegg,Th1 and Th2 cell differentiation,63,15,5.3,2.82,0.00018314014041549993,0.0015526685355804948,227.0
gobp,Positive Regulation Of Immune Response (GO:0050778),50,13,4.2,3.08,0.0001902061020119853,0.0038418056631576813,1344.0
gobp,Negative Regulation Of Leukocyte Degranulation (GO:0043301),8,5,0.7,7.41,0.00019151858588658085,0.0038418056631576813,1344.0
kegg,Graft-versus-host disease,8,5,0.7,7.41,0.00019151858588658085,0.0015526685355804948,227.0
gobp,Negative Regulation Of Leukocyte Migration (GO:0002686),8,5,0.7,7.41,0.00019151858588658085,0.0038418056631576813,1344.0
kegg,Autoimmune thyroid disease,8,5,0.7,7.41,0.00019151858588658085,0.0015526685355804948,227.0
gobp,Negative Regulation Of T Cell Mediated Immunity (GO:0002710),8,5,0.7,7.41,0.00019151858588658085,0.0038418056631576813,1344.0
gobp,Positive Regulation Of Interleukin-1 Production (GO:0032732),44,12,3.7,3.23,0.00020457783921807364,0.0038901573847415047,1344.0
gobp,Positive Regulation Of Interleukin-1 Beta Production (GO:0032731),38,11,3.2,3.43,0.0002105667509402879,0.0038901573847415047,1344.0
gobp,Dendritic Cell Chemotaxis (GO:0002407),12,6,1.0,5.92,0.00021129575080813234,0.0038901573847415047,1344.0
gobp,Negative Regulation Of T Cell Receptor Signaling Pathway (GO:0050860),12,6,1.0,5.92,0.00021129575080813234,0.0038901573847415047,1344.0
gobp,Negative Regulation Of Neuroinflammatory Response (GO:0150079),12,6,1.0,5.92,0.00021129575080813234,0.0038901573847415047,1344.0
gobp,Endolysosomal Toll-Like Receptor Signaling Pathway (GO:0140894),12,6,1.0,5.92,0.00021129575080813234,0.0038901573847415047,1344.0
kegg,T cell receptor signaling pathway,85,18,7.2,2.51,0.00021533211255735487,0.0016855306741558468,227.0
gobp,Regulation Of Interleukin-18 Production (GO:0032661),5,4,0.4,9.48,0.00023557526157401608,0.004165962520466811,1344.0
gobp,Negative Regulation Of Myeloid Leukocyte Mediated Immunity (GO:0002887),5,4,0.4,9.48,0.00023557526157401608,0.004165962520466811,1344.0
gobp,Regulation Of Antigen Receptor-Mediated Signaling Pathway (GO:0050854),5,4,0.4,9.48,0.00023557526157401608,0.004165962520466811,1344.0
gobp,Positive Regulation Of Production Of Molecular Mediator Of Immune Response (GO:0002702),27,9,2.3,3.95,0.00024402526481529305,0.004259350076776024,1344.0
gobp,Negative Regulation Of Interleukin-6 Production (GO:0032715),22,8,1.9,4.31,0.00027443249627951506,0.004668826265818585,1344.0
gobp,Leukocyte Cell-Cell Adhesion (GO:0007159),22,8,1.9,4.31,0.00027443249627951506,0.004668826265818585,1344.0
gobp,Positive Regulation Of Intracellular Signal Transduction (GO:1902533),396,54,33.4,1.62,0.00029027393802352633,0.004876602158795242,1344.0
gobp,Regulation Of Inflammatory Response (GO:0050727),175,29,14.8,1.96,0.0003287905322865318,0.005455487350532083,1344.0
gobp,Positive Regulation Of Chemokine Production (GO:0032722),34,10,2.9,3.48,0.0003528942065741989,0.005784022117508821,1344.0
gobp,Immune Response-Activating Cell Surface Receptor Signaling Pathway (GO:0002429),13,6,1.1,5.47,0.0003644204154695787,0.005900976366157997,1344.0
hallmark,IL-6/JAK/STAT3 Signaling,74,16,6.2,2.56,0.000370505617692848,0.0016302247178485313,44.0
gobp,Positive Regulation Of Protein Phosphorylation (GO:0001934),281,41,23.7,1.73,0.00038174559593439646,0.006107929534950343,1344.0
gobp,Negative Regulation Of T Cell Proliferation (GO:0042130),23,8,1.9,4.12,0.00038987189865272946,0.006164562726932569,1344.0
gobp,B Cell Proliferation (GO:0042100),9,5,0.8,6.58,0.0004009152585956745,0.006265466366890541,1344.0
gobp,B Cell Differentiation (GO:0030183),41,11,3.5,3.18,0.0004369931095056406,0.006750790105466448,1344.0
kegg,Rheumatoid arthritis,61,14,5.1,2.72,0.00044659252550633674,0.0033792167763312814,227.0
gobp,Regulation Of Chemokine Production (GO:0032642),29,9,2.4,3.68,0.00044688434006016903,0.006825142648191672,1344.0
gobp,Regulation Of Protein Kinase B Signaling (GO:0051896),98,19,8.3,2.3,0.00047917841641021693,0.007194154654241685,1344.0
gobp,Negative Regulation Of Signal Transduction (GO:0009968),196,31,16.5,1.87,0.0004817514277393986,0.007194154654241685,1344.0
gobp,Positive Regulation Of Type I Interferon Production (GO:0032481),55,13,4.6,2.8,0.0005233241149074984,0.007645082722126933,1344.0
gobp,Negative Regulation Of Blood Vessel Morphogenesis (GO:2000181),55,13,4.6,2.8,0.0005233241149074984,0.007645082722126933,1344.0
gobp,Immunoglobulin Mediated Immune Response (GO:0016064),14,6,1.2,5.08,0.0005923313043018237,0.008469077372145225,1344.0
gobp,Negative Regulation Of Interleukin-2 Production (GO:0032703),14,6,1.2,5.08,0.0005923313043018237,0.008469077372145225,1344.0
gobp,Negative Regulation Of p38MAPK Cascade (GO:1903753),6,4,0.5,7.9,0.0006592910223598662,0.009230074313038126,1344.0
gobp,Regulation Of Alpha-Beta T Cell Proliferation (GO:0046640),6,4,0.5,7.9,0.0006592910223598662,0.009230074313038126,1344.0
gobp,Neutrophil Chemotaxis (GO:0030593),43,11,3.6,3.03,0.0006803249015815604,0.009426357399233167,1344.0
kegg,Human T-cell leukemia virus 1 infection,183,29,15.4,1.88,0.0006988774440024558,0.0051175864447921765,227.0
gobp,Extracellular Matrix Organization (GO:0030198),117,21,9.9,2.13,0.0007277264926715227,0.009931498358705396,1344.0
gobp,Regulation Of Lymphocyte Proliferation (GO:0050670),10,5,0.8,5.92,0.0007461281741967269,0.009931498358705396,1344.0
gobp,Regulation Of Natural Killer Cell Mediated Cytotoxicity (GO:0042269),10,5,0.8,5.92,0.0007461281741967269,0.009931498358705396,1344.0
gobp,Positive Regulation Of Protein Kinase B Signaling (GO:0051897),64,14,5.4,2.59,0.0007479652839142186,0.009931498358705396,1344.0
gobp,Calcium-Mediated Signaling (GO:0019722),57,13,4.8,2.7,0.0007537297861517488,0.009931498358705396,1344.0
gobp,Cytokine-Mediated Signaling Pathway (GO:0019221),167,27,14.1,1.92,0.0007690996381980903,0.010035630230468284,1344.0
gobp,Regulation Of Defense Response (GO:0031347),72,15,6.1,2.47,0.0008444162764660798,0.01091245649586934,1344.0
kegg,NF-kappa B signaling pathway,87,17,7.3,2.32,0.0008496466998549197,0.006027181277095836,227.0
gobp,Negative Regulation Of Neuron Death (GO:1901215),65,14,5.5,2.55,0.0008805481282887468,0.01127101604209596,1344.0
gobp,Defense Response To Fungus (GO:0050832),15,6,1.3,4.74,0.000917055311473317,0.01141224387611239,1344.0
gobp,Receptor Clustering (GO:0043113),15,6,1.3,4.74,0.000917055311473317,0.01141224387611239,1344.0
gobp,Dendritic Cell Migration (GO:0036336),15,6,1.3,4.74,0.000917055311473317,0.01141224387611239,1344.0
gobp,Toll-Like Receptor Signaling Pathway (GO:0002224),26,8,2.2,3.65,0.0009885467883056355,0.012189053976906183,1344.0
kegg,Neuroactive ligand-receptor interaction,96,18,8.1,2.22,0.0010064495054199624,0.006923152658494893,227.0
gobp,Regulation Of MAPK Cascade (GO:0043408),153,25,12.9,1.94,0.001013128464545677,0.012378587784994453,1344.0
gobp,Regulation Of Blood Vessel Endothelial Cell Migration (GO:0043535),45,11,3.8,2.9,0.0010269142510033334,0.01238864647354375,1344.0
gobp,Integrin-Mediated Signaling Pathway (GO:0007229),66,14,5.6,2.51,0.001032387206128646,0.01238864647354375,1344.0
kegg,Fc epsilon RI signaling pathway,52,12,4.4,2.73,0.001066190970551238,0.0071183926563273825,227.0
gobp,Pattern Recognition Receptor Signaling Pathway (GO:0002221),39,10,3.3,3.04,0.0011605381909915021,0.013803215298164416,1344.0
gobp,Fc-gamma Receptor Signaling Pathway (GO:0038094),21,7,1.8,3.95,0.0012109489350869667,0.01415230755440768,1344.0
gobp,Response To Interferon-Beta (GO:0035456),21,7,1.8,3.95,0.0012109489350869667,0.01415230755440768,1344.0
gobp,Granulocyte Chemotaxis (GO:0071621),46,11,3.9,2.83,0.0012483568165594186,0.014378409340345536,1344.0
gobp,Positive Regulation Of Response To Biotic Stimulus (GO:0002833),33,9,2.8,3.23,0.0012651933336540896,0.014378409340345536,1344.0
kegg,Viral myocarditis,33,9,2.8,3.23,0.0012651933336540896,0.00820568247827081,227.0
gobp,Regulation Of Lymphocyte Activation (GO:0051249),11,5,0.9,5.39,0.001273088327009761,0.014378409340345536,1344.0
gobp,Negative Regulation Of Cytokine Production Involved In Immune Response (GO:0002719),11,5,0.9,5.39,0.001273088327009761,0.014378409340345536,1344.0
gobp,Pyroptosis (GO:0070269),16,6,1.4,4.44,0.0013631907170844162,0.014775228417431093,1344.0
gobp,Antigen Processing And Presentation Of Peptide Antigen Via MHC Class I (GO:0002474),16,6,1.4,4.44,0.0013631907170844162,0.014775228417431093,1344.0
gobp,Positive Regulation Of Phosphoprotein Phosphatase Activity (GO:0032516),16,6,1.4,4.44,0.0013631907170844162,0.014775228417431093,1344.0
gobp,Dendritic Cell Differentiation (GO:0097028),16,6,1.4,4.44,0.0013631907170844162,0.014775228417431093,1344.0
gobp,Positive Regulation Of Antigen Receptor-Mediated Signaling Pathway (GO:0050857),16,6,1.4,4.44,0.0013631907170844162,0.014775228417431093,1344.0
gobp,Regulation Of Lymphocyte Apoptotic Process (GO:0070228),7,4,0.6,6.77,0.0014354037589547975,0.01483986655411729,1344.0
gobp,Base Conversion Or Substitution Editing (GO:0016553),7,4,0.6,6.77,0.0014354037589547975,0.01483986655411729,1344.0
gobp,Negative Regulation Of Leukocyte Mediated Cytotoxicity (GO:0001911),7,4,0.6,6.77,0.0014354037589547975,0.01483986655411729,1344.0
gobp,Regulation Of Neutrophil Migration (GO:1902622),7,4,0.6,6.77,0.0014354037589547975,0.01483986655411729,1344.0
gobp,Synapse Pruning (GO:0098883),7,4,0.6,6.77,0.0014354037589547975,0.01483986655411729,1344.0
gobp,Negative Regulation Of T Cell Differentiation (GO:0045581),7,4,0.6,6.77,0.0014354037589547975,0.01483986655411729,1344.0
kegg,Asthma,7,4,0.6,6.77,0.0014354037589547975,0.00905101814674275,227.0
kegg,Toll-like receptor signaling pathway,76,15,6.4,2.34,0.001509963698127784,0.009263831337162349,227.0
gobp,Positive Regulation Of MAPK Cascade (GO:0043410),210,31,17.7,1.75,0.0015464844139670831,0.01586622177383023,1344.0
gobp,Positive Regulation Of Innate Immune Response (GO:0045089),34,9,2.9,3.14,0.0015936210194028506,0.016225959470283567,1344.0
gobp,Regulation Of B Cell Activation (GO:0050864),22,7,1.9,3.77,0.0016479899398637776,0.016406655401310498,1344.0
gobp,Positive Regulation Of Interleukin-2 Production (GO:0032743),22,7,1.9,3.77,0.0016479899398637776,0.016406655401310498,1344.0
gobp,Heterotypic Cell-Cell Adhesion (GO:0034113),22,7,1.9,3.77,0.0016479899398637776,0.016406655401310498,1344.0
gobp,Negative Regulation Of Proteolysis (GO:0045861),28,8,2.4,3.39,0.0016896806556903616,0.01657613723538574,1344.0
gobp,Macrophage Activation (GO:0042116),28,8,2.4,3.39,0.0016896806556903616,0.01657613723538574,1344.0
gobp,Intracellular Monoatomic Cation Homeostasis (GO:0030003),125,21,10.6,1.99,0.0017397977800794353,0.016829972754942253,1344.0
gobp,Negative Regulation Of Viral Process (GO:0048525),41,10,3.5,2.89,0.0017531221619731512,0.016829972754942253,1344.0
gobp,Positive Regulation Of Interleukin-8 Production (GO:0032757),41,10,3.5,2.89,0.0017531221619731512,0.016829972754942253,1344.0
kegg,Human immunodeficiency virus 1 infection,159,25,13.4,1.86,0.0017667486796337705,0.010553998691496471,227.0
gobp,Myeloid Leukocyte Differentiation (GO:0002573),55,12,4.6,2.59,0.0017913258316095112,0.017025586216007884,1344.0
gobp,Positive Regulation Of Peptidyl-Tyrosine Phosphorylation (GO:0050731),85,16,7.2,2.23,0.0017988342579413092,0.017025586216007884,1344.0
kegg,Platelet activation,101,18,8.5,2.11,0.0018378659731405319,0.010697322459048737,227.0
gobp,Microglial Cell Activation (GO:0001774),17,6,1.4,4.18,0.0019575543912302464,0.018270507651482297,1344.0
gobp,Antigen Processing And Presentation Of Exogenous Peptide Antigen (GO:0002478),17,6,1.4,4.18,0.0019575543912302464,0.018270507651482297,1344.0
gobp,Negative Regulation Of Angiogenesis (GO:0016525),63,13,5.3,2.44,0.0020076414432520103,0.0186087593084876,1344.0
gobp,Neutrophil Migration (GO:1990266),49,11,4.1,2.66,0.0021582550200728366,0.01964353050574665,1344.0
gobp,External Encapsulating Structure Organization (GO:0045229),71,14,6.0,2.34,0.002160709615709088,0.01964353050574665,1344.0
gobp,Regulation Of Cell Adhesion Mediated By Integrin (GO:0033628),29,8,2.4,3.27,0.0021631268711685297,0.01964353050574665,1344.0
gobp,Regulation Of Cytokine Production (GO:0001817),111,19,9.4,2.03,0.002261873822015981,0.02040240548180858,1344.0
gobp,Regulation Of Cell Activation (GO:0050865),8,4,0.7,5.92,0.0026792889320230136,0.02277929191254733,1344.0
gobp,T Cell Chemotaxis (GO:0010818),8,4,0.7,5.92,0.0026792889320230136,0.02277929191254733,1344.0
gobp,Negative Regulation Of B Cell Proliferation (GO:0030889),8,4,0.7,5.92,0.0026792889320230136,0.02277929191254733,1344.0
gobp,Positive Regulation Of B Cell Differentiation (GO:0045579),8,4,0.7,5.92,0.0026792889320230136,0.02277929191254733,1344.0
gobp,Superoxide Anion Generation (GO:0042554),8,4,0.7,5.92,0.0026792889320230136,0.02277929191254733,1344.0
gobp,Regulation Of B Cell Differentiation (GO:0045577),18,6,1.5,3.95,0.002728769343690566,0.02277929191254733,1344.0
gobp,Innate Immune Response Activating Cell Surface Receptor Signaling Pathway (GO:0002220),18,6,1.5,3.95,0.002728769343690566,0.02277929191254733,1344.0
gobp,Natural Killer Cell Activation (GO:0030101),18,6,1.5,3.95,0.002728769343690566,0.02277929191254733,1344.0
gobp,Negative Regulation Of B Cell Activation (GO:0050869),18,6,1.5,3.95,0.002728769343690566,0.02277929191254733,1344.0
gobp,Regulation Of T Cell Migration (GO:2000404),18,6,1.5,3.95,0.002728769343690566,0.02277929191254733,1344.0
gobp,Regulation Of Calcium-Mediated Signaling (GO:0050848),18,6,1.5,3.95,0.002728769343690566,0.02277929191254733,1344.0
gobp,Activation Of Phospholipase C Activity (GO:0007202),18,6,1.5,3.95,0.002728769343690566,0.02277929191254733,1344.0
gobp,Hemopoiesis (GO:0030097),81,15,6.8,2.19,0.002910729357603751,0.024148273189008893,1344.0
kegg,Transcriptional misregulation in cancer,139,22,11.7,1.88,0.002973301245073294,0.016873484565790943,227.0
gobp,Intracellular Iron Ion Homeostasis (GO:0006879),37,9,3.1,2.88,0.003004375939914678,0.024192322430748668,1344.0
gobp,Phospholipase C-activating G Protein-Coupled Receptor Signaling Pathway (GO:0007200),37,9,3.1,2.88,0.003004375939914678,0.024192322430748668,1344.0
gobp,Positive Regulation Of Smooth Muscle Cell Proliferation (GO:0048661),37,9,3.1,2.88,0.003004375939914678,0.024192322430748668,1344.0
gobp,Positive Regulation Of Interleukin-4 Production (GO:0032753),13,5,1.1,4.56,0.0030734435833849787,0.024192322430748668,1344.0
gobp,Embryo Development Ending In Birth Or Egg Hatching (GO:0009792),13,5,1.1,4.56,0.0030734435833849787,0.024192322430748668,1344.0
gobp,Regulation Of Mast Cell Degranulation (GO:0043304),13,5,1.1,4.56,0.0030734435833849787,0.024192322430748668,1344.0
gobp,Regulation Of T Cell Cytokine Production (GO:0002724),13,5,1.1,4.56,0.0030734435833849787,0.024192322430748668,1344.0
gobp,Regulation Of Interferon-Beta Production (GO:0032648),44,10,3.7,2.69,0.0030780410235550764,0.024192322430748668,1344.0
gobp,Positive Regulation Of Phagocytosis (GO:0050766),44,10,3.7,2.69,0.0030780410235550764,0.024192322430748668,1344.0
kegg,NOD-like receptor signaling pathway,131,21,11.1,1.9,0.0031283697025150502,0.01732048591392479,227.0
gobp,Positive Regulation Of Inflammatory Response (GO:0050729),74,14,6.2,2.24,0.0032296036047036437,0.025235972353033122,1344.0
gobp,Negative Regulation Of MAPK Cascade (GO:0043409),90,16,7.6,2.11,0.0032960451680274444,0.025459107504763708,1344.0
gobp,Enzyme-Linked Receptor Protein Signaling Pathway (GO:0007167),90,16,7.6,2.11,0.0032960451680274444,0.025459107504763708,1344.0
kegg,C-type lectin receptor signaling pathway,90,16,7.6,2.11,0.0032960451680274444,0.017814339360529282,227.0
gobp,Negative Regulation Of Smooth Muscle Cell Proliferation (GO:0048662),31,8,2.6,3.06,0.0034177695787842217,0.026099331328897694,1344.0
gobp,Positive Regulation Of Cytokine-Mediated Signaling Pathway (GO:0001961),31,8,2.6,3.06,0.0034177695787842217,0.026099331328897694,1344.0
kegg,Kaposi sarcoma-associated herpesvirus infection,150,23,12.7,1.82,0.0036525337824909244,0.019281980665707903,227.0
gobp,Regulation Of Neuron Death (GO:1901214),45,10,3.8,2.63,0.0036640772442841493,0.027822145854903373,1344.0
gobp,Regulation Of Response To External Stimulus (GO:0032101),91,16,7.7,2.08,0.003693624492747016,0.02783214490315181,1344.0
gobp,Negative Regulation Of Lymphocyte Activation (GO:0051250),19,6,1.6,3.74,0.003706810965523939,0.02783214490315181,1344.0
gobp,Transforming Growth Factor Beta Receptor Signaling Pathway (GO:0007179),60,12,5.1,2.37,0.003864705576285852,0.02869704030126069,1344.0
gobp,Positive Regulation Of Endocytosis (GO:0045807),60,12,5.1,2.37,0.003864705576285852,0.02869704030126069,1344.0
kegg,Toxoplasmosis,84,15,7.1,2.12,0.0041740395357380096,0.021316983688425523,227.0
gobp,Positive Regulation Of Interferon-Beta Production (GO:0032728),32,8,2.7,2.96,0.004225833770833253,0.031035631628414714,1344.0
gobp,Positive Regulation Of Cell-Cell Adhesion (GO:0022409),32,8,2.7,2.96,0.004225833770833253,0.031035631628414714,1344.0
kegg,Carbohydrate digestion and absorption,32,8,2.7,2.96,0.004225833770833253,0.021316983688425523,227.0
kegg,Human cytomegalovirus infection,179,26,15.1,1.72,0.0044227106520143816,0.02182511560885358,227.0
gobp,Regulation Of Lymphocyte Differentiation (GO:0045619),14,5,1.2,4.23,0.004451839293986735,0.03235653314603211,1344.0
gobp,T Cell Activation Involved In Immune Response (GO:0002286),9,4,0.8,5.27,0.0045019878707648845,0.03235653314603211,1344.0
gobp,Regulation Of Cell-Cell Adhesion Mediated By Integrin (GO:0033632),9,4,0.8,5.27,0.0045019878707648845,0.03235653314603211,1344.0
gobp,Positive Regulation Of Adaptive Immune Response Based On Somatic Recombination Of Immune Receptors Built From Immunoglobulin Superfamily Domains (GO:0002824),9,4,0.8,5.27,0.0045019878707648845,0.03235653314603211,1344.0
kegg,Chagas disease,85,15,7.2,2.09,0.004683012095265872,0.02261795203458198,227.0
gobp,Positive Regulation Of Cytokine Production Involved In Immune Response (GO:0002720),20,6,1.7,3.55,0.004922529061627521,0.03519084605759249,1344.0
gobp,SMAD Protein Signal Transduction (GO:0060395),33,8,2.8,2.87,0.005173238710730588,0.0367874752763064,1344.0
gobp,Cellular Response To Lipopolysaccharide (GO:0071222),86,15,7.3,2.07,0.005241249372891445,0.03686552113988548,1344.0
gobp,Response To Auditory Stimulus (GO:0010996),5,3,0.4,7.11,0.00526650301998364,0.03686552113988548,1344.0
gobp,Toll-Like Receptor 3 Signaling Pathway (GO:0034138),5,3,0.4,7.11,0.00526650301998364,0.03686552113988548,1344.0
gobp,Cellular Response To Lipid (GO:0071396),155,23,13.1,1.76,0.005507565356701574,0.038353201240450344,1344.0
gobp,Interferon-Mediated Signaling Pathway (GO:0140888),27,7,2.3,3.07,0.005912902930515735,0.04096361617841829,1344.0
gobp,Extracellular Structure Organization (GO:0043062),71,13,6.0,2.17,0.005947075919283282,0.0409737590557215,1344.0
gobp,Positive Regulation Of Leukocyte Mediated Cytotoxicity (GO:0001912),15,5,1.3,3.95,0.006219231285243442,0.0409737590557215,1344.0
gobp,Regulation Of Interleukin-4 Production (GO:0032673),15,5,1.3,3.95,0.006219231285243442,0.0409737590557215,1344.0
gobp,Cellular Response To Interferon-Beta (GO:0035458),15,5,1.3,3.95,0.006219231285243442,0.0409737590557215,1344.0
gobp,Negative Regulation Of Leukocyte Activation (GO:0002695),15,5,1.3,3.95,0.006219231285243442,0.0409737590557215,1344.0
gobp,Regulation Of Viral Transcription (GO:0046782),15,5,1.3,3.95,0.006219231285243442,0.0409737590557215,1344.0
gobp,Cellular Response To Lectin (GO:1990858),15,5,1.3,3.95,0.006219231285243442,0.0409737590557215,1344.0
gobp,Stimulatory C-type Lectin Receptor Signaling Pathway (GO:0002223),15,5,1.3,3.95,0.006219231285243442,0.0409737590557215,1344.0
gobp,Regulation Of Inflammatory Response To Antigenic Stimulus (GO:0002861),15,5,1.3,3.95,0.006219231285243442,0.0409737590557215,1344.0
gobp,Lymphocyte Proliferation (GO:0046651),15,5,1.3,3.95,0.006219231285243442,0.0409737590557215,1344.0
gobp,Response To Amyloid-Beta (GO:1904645),34,8,2.9,2.79,0.0062746595388314275,0.041137280098485066,1344.0
gobp,Fc Receptor Mediated Stimulatory Signaling Pathway (GO:0002431),21,6,1.8,3.39,0.006407161112243742,0.041600118525872413,1344.0
gobp,Lymphocyte Migration (GO:0072676),21,6,1.8,3.39,0.006407161112243742,0.041600118525872413,1344.0
gobp,Cellular Response To Transforming Growth Factor Beta Stimulus (GO:0071560),80,14,6.8,2.07,0.006659497376652744,0.043030598433756194,1344.0
kegg,Rap1 signaling pathway,176,25,14.9,1.68,0.006903046924372639,0.03245587783831858,227.0
gobp,Negative Regulation Of Bone Remodeling (GO:0046851),10,4,0.8,4.74,0.007005894335143659,0.04483772374491942,1344.0
kegg,Type I diabetes mellitus,10,4,0.8,4.74,0.007005894335143659,0.03245587783831858,227.0
gobp,B Cell Mediated Immunity (GO:0019724),10,4,0.8,4.74,0.007005894335143659,0.04483772374491942,1344.0
kegg,Yersinia infection,123,19,10.4,1.83,0.007195810673390121,0.03266898045719115,227.0
gobp,Regulation Of Pathway-Restricted SMAD Protein Phosphorylation (GO:0060393),42,9,3.5,2.54,0.00735781738858555,0.04686685578321791,1344.0
kegg,Fc gamma R-mediated phagocytosis,81,14,6.8,2.05,0.007442822037349557,0.03296528841957987,227.0
gobp,Regulation Of Calcium Ion Transport (GO:0051924),35,8,3.0,2.71,0.007545066077531131,0.04783287173680113,1344.0
kegg,Cholinergic synapse,73,13,6.2,2.11,0.007551519814176888,0.03296528841957987,227.0
gobp,Regulation Of MAP Kinase Activity (GO:0043405),90,15,7.6,1.97,0.008035626602994174,0.05070367208649845,1344.0
gobp,"Phagocytosis, Engulfment (GO:0006911)",22,6,1.9,3.23,0.008191850301886228,0.0512085897941167,1344.0
gobp,Regulation Of Bone Resorption (GO:0045124),22,6,1.9,3.23,0.008191850301886228,0.0512085897941167,1344.0
gobp,Positive Regulation Of Stress-Activated Protein Kinase Signaling Cascade (GO:0070304),16,5,1.4,3.7,0.008426522452588455,0.05230415495076465,1344.0
gobp,Regulation Of Endothelial Cell Migration (GO:0010594),74,13,6.2,2.08,0.008472583924392495,0.05230415495076465,1344.0
gobp,Response To Cytokine (GO:0034097),99,16,8.4,1.91,0.008502409912017634,0.05230415495076465,1344.0
gobp,Regulation Of Innate Immune Response (GO:0045088),66,12,5.6,2.15,0.008522775248673705,0.05230415495076465,1344.0
gobp,Negative Regulation Of MAP Kinase Activity (GO:0043407),43,9,3.6,2.48,0.008625406612956391,0.052454961483318505,1344.0
gobp,Second-Messenger-Mediated Signaling (GO:0019932),43,9,3.6,2.48,0.008625406612956391,0.052454961483318505,1344.0
hallmark,UV Response Up,134,20,11.3,1.77,0.0086625962751105,0.034650385100442,44.0
gobp,Platelet Aggregation (GO:0070527),29,7,2.4,2.86,0.008961671767125234,0.054239749697421985,1344.0
gobp,Regulation Of Apoptotic Signaling Pathway (GO:2001233),36,8,3.0,2.63,0.008999601326283559,0.054239749697421985,1344.0
gobp,Positive Regulation Of Protein Kinase Activity (GO:0045860),117,18,9.9,1.82,0.009114492893695205,0.054686957362171225,1344.0
gobp,Positive Regulation Of Monocyte Chemotactic Protein-1 Production (GO:0071639),6,3,0.5,5.92,0.009873715017607415,0.056229970269764264,1344.0
gobp,Regulation Of Natural Killer Cell Activation (GO:0032814),6,3,0.5,5.92,0.009873715017607415,0.056229970269764264,1344.0
gobp,Delamination (GO:0060232),6,3,0.5,5.92,0.009873715017607415,0.056229970269764264,1344.0
gobp,Positive Regulation Of Lipopolysaccharide-Mediated Signaling Pathway (GO:0031666),6,3,0.5,5.92,0.009873715017607415,0.056229970269764264,1344.0
gobp,Regulation Of Granulocyte Macrophage Colony-Stimulating Factor Production (GO:0032645),6,3,0.5,5.92,0.009873715017607415,0.056229970269764264,1344.0
gobp,Natural Killer Cell Differentiation (GO:0001779),6,3,0.5,5.92,0.009873715017607415,0.056229970269764264,1344.0
gobp,Gamma-Delta T Cell Activation (GO:0046629),6,3,0.5,5.92,0.009873715017607415,0.056229970269764264,1344.0
gobp,Negative Regulation Of Alpha-Beta T Cell Activation (GO:0046636),6,3,0.5,5.92,0.009873715017607415,0.056229970269764264,1344.0
gobp,Positive Regulation Of Receptor Catabolic Process (GO:2000646),6,3,0.5,5.92,0.009873715017607415,0.056229970269764264,1344.0
kegg,Nicotine addiction,6,3,0.5,5.92,0.009873715017607415,0.042289307716922325,227.0
gobp,Regulation Of Leukocyte Degranulation (GO:0043300),6,3,0.5,5.92,0.009873715017607415,0.056229970269764264,1344.0
gobp,Regulation Of Microglial Cell Migration (GO:1904139),6,3,0.5,5.92,0.009873715017607415,0.056229970269764264,1344.0
gobp,Negative Regulation Of Macrophage Migration (GO:1905522),6,3,0.5,5.92,0.009873715017607415,0.056229970269764264,1344.0
gobp,Positive Regulation Of Alpha-Beta T Cell Proliferation (GO:0046641),11,4,0.9,4.31,0.01028178348264874,0.05748070422442101,1344.0
gobp,Response To Iron Ion (GO:0010039),11,4,0.9,4.31,0.01028178348264874,0.05748070422442101,1344.0
gobp,Adaptive Immune Response Based On Somatic Recombination Of Immune Receptors Built From Immunoglobulin Superfamily Domains (GO:0002460),11,4,0.9,4.31,0.01028178348264874,0.05748070422442101,1344.0
gobp,Regulation Of Chemotaxis (GO:0050920),23,6,1.9,3.09,0.01030717984976597,0.05748070422442101,1344.0
gobp,Intrinsic Apoptotic Signaling Pathway In Response To Endoplasmic Reticulum Stress (GO:0070059),23,6,1.9,3.09,0.01030717984976597,0.05748070422442101,1344.0
gobp,Supramolecular Fiber Organization (GO:0097435),210,28,17.7,1.58,0.010415889612154635,0.05784692412700756,1344.0
gobp,Cellular Response To Organic Substance (GO:0071310),52,10,4.4,2.28,0.010621033499780446,0.05874349392471161,1344.0
gobp,Blood Circulation (GO:0008015),30,7,2.5,2.76,0.010856812143977872,0.05980145705535352,1344.0
gobp,Positive Regulation Of Macrophage Migration (GO:1905523),17,5,1.4,3.48,0.011121925811487701,0.06051768538720433,1344.0
gobp,Positive Regulation Of Immune System Process (GO:0002684),17,5,1.4,3.48,0.011121925811487701,0.06051768538720433,1344.0
gobp,Negative Regulation Of Leukocyte Cell-Cell Adhesion (GO:1903038),17,5,1.4,3.48,0.011121925811487701,0.06051768538720433,1344.0
kegg,JAK-STAT signaling pathway,102,16,8.6,1.86,0.011254353490585808,0.04730996745116627,227.0
kegg,Lipid and atherosclerosis,165,23,13.9,1.65,0.01156367253698035,0.04772643028899162,227.0
gobp,Regulation Of Stress-Activated MAPK Cascade (GO:0032872),45,9,3.8,2.37,0.011648820751717727,0.06312909310608317,1344.0
gobp,Positive Regulation Of ERK1 And ERK2 Cascade (GO:0070374),120,18,10.1,1.78,0.011744637932270735,0.06328957611910678,1344.0
gobp,Regulation Of Neuron Apoptotic Process (GO:0043523),77,13,6.5,2.0,0.011772614605488611,0.06328957611910678,1344.0
gobp,Positive Regulation Of DNA-binding Transcription Factor Activity (GO:0051091),184,25,15.5,1.61,0.011924637047786993,0.06385144299691521,1344.0
gobp,Positive Regulation Of Blood Vessel Endothelial Cell Migration (GO:0043536),38,8,3.2,2.49,0.01252174517725688,0.06678264094537004,1344.0
gobp,Hematopoietic Progenitor Cell Differentiation (GO:0002244),24,6,2.0,2.96,0.012782733166122495,0.06737252304026915,1344.0
gobp,Plasma Membrane Invagination (GO:0099024),24,6,2.0,2.96,0.012782733166122495,0.06737252304026915,1344.0
gobp,Regulation Of Metal Ion Transport (GO:0010959),24,6,2.0,2.96,0.012782733166122495,0.06737252304026915,1344.0
gobp,Regulation Of ERK1 And ERK2 Cascade (GO:0070372),176,24,14.9,1.62,0.013001550745901591,0.06825814141598335,1344.0
gobp,Adenylate Cyclase-Modulating G Protein-Coupled Receptor Signaling Pathway (GO:0007188),70,12,5.9,2.03,0.013509381295050834,0.07064828194765883,1344.0
gobp,Negative Regulation Of NF-kappaB Transcription Factor Activity (GO:0032088),62,11,5.2,2.1,0.013778984590927726,0.07177889647367001,1344.0
kegg,Insulin secretion,54,10,4.6,2.19,0.013791840720708945,0.05590621149287376,227.0
gobp,Negative Regulation Of Small GTPase Mediated Signal Transduction (GO:0051058),18,5,1.5,3.29,0.014350062914486615,0.07306754607053782,1344.0
gobp,Mononuclear Cell Differentiation (GO:1903131),18,5,1.5,3.29,0.014350062914486615,0.07306754607053782,1344.0
gobp,Regulation Of Superoxide Anion Generation (GO:0032928),12,4,1.0,3.95,0.014406919426110509,0.07306754607053782,1344.0
gobp,Negative Regulation Of Macrophage Activation (GO:0043031),12,4,1.0,3.95,0.014406919426110509,0.07306754607053782,1344.0
gobp,Regulation Of Leukocyte Activation (GO:0002694),12,4,1.0,3.95,0.014406919426110509,0.07306754607053782,1344.0
gobp,Natural Killer Cell Mediated Immunity (GO:0002228),12,4,1.0,3.95,0.014406919426110509,0.07306754607053782,1344.0
gobp,Positive Regulation Of Superoxide Anion Generation (GO:0032930),12,4,1.0,3.95,0.014406919426110509,0.07306754607053782,1344.0
kegg,Oxytocin signaling pathway,105,16,8.9,1.81,0.014663594891343864,0.05839712351465012,227.0
gobp,Regulation Of Cell Adhesion (GO:0030155),114,17,9.6,1.77,0.014863215410177403,0.07509835154615951,1344.0
gobp,Negative Regulation Of Protein Serine/Threonine Kinase Activity (GO:0071901),71,12,6.0,2.0,0.01504747730368151,0.07574460485448671,1344.0
gobp,Metal Ion Transport (GO:0030001),88,14,7.4,1.88,0.015175197962685264,0.0761024853054067,1344.0
kegg,Complement and coagulation cascades,47,9,4.0,2.27,0.015400375585894402,0.06027388375858671,227.0
gobp,Negative Regulation Of Cell Population Proliferation (GO:0008285),285,35,24.1,1.46,0.015704289528245294,0.07694731707556964,1344.0
gobp,Sphingosine-1-Phosphate Receptor Signaling Pathway (GO:0003376),7,3,0.6,5.08,0.01620244846159688,0.07694731707556964,1344.0
gobp,Lymphocyte Mediated Immunity (GO:0002449),7,3,0.6,5.08,0.01620244846159688,0.07694731707556964,1344.0
gobp,Positive Regulation Of Protein Localization To Cell Surface (GO:2000010),7,3,0.6,5.08,0.01620244846159688,0.07694731707556964,1344.0
gobp,Positive Regulation Of Natural Killer Cell Mediated Immunity (GO:0002717),7,3,0.6,5.08,0.01620244846159688,0.07694731707556964,1344.0
gobp,Peptide Antigen Assembly With MHC Protein Complex (GO:0002501),7,3,0.6,5.08,0.01620244846159688,0.07694731707556964,1344.0
gobp,T-helper 17 Cell Differentiation (GO:0072539),7,3,0.6,5.08,0.01620244846159688,0.07694731707556964,1344.0
gobp,Response To Interleukin-6 (GO:0070741),7,3,0.6,5.08,0.01620244846159688,0.07694731707556964,1344.0
gobp,Negative Regulation Of Smooth Muscle Cell Differentiation (GO:0051151),7,3,0.6,5.08,0.01620244846159688,0.07694731707556964,1344.0
gobp,Positive Regulation Of Natural Killer Cell Mediated Cytotoxicity (GO:0045954),7,3,0.6,5.08,0.01620244846159688,0.07694731707556964,1344.0
gobp,Positive Regulation Of Glial Cell Migration (GO:1903977),7,3,0.6,5.08,0.01620244846159688,0.07694731707556964,1344.0
gobp,Positive Regulation Of Cell Migration By Vascular Endothelial Growth Factor Signaling Pathway (GO:0038089),7,3,0.6,5.08,0.01620244846159688,0.07694731707556964,1344.0
gobp,Positive Regulation Of Calcium-Mediated Signaling (GO:0050850),7,3,0.6,5.08,0.01620244846159688,0.07694731707556964,1344.0
gobp,Positive Regulation Of Alpha-Beta T Cell Activation (GO:0046635),7,3,0.6,5.08,0.01620244846159688,0.07694731707556964,1344.0
gobp,Regulation Of Tau-Protein Kinase Activity (GO:1902947),7,3,0.6,5.08,0.01620244846159688,0.07694731707556964,1344.0
gobp,Myeloid Cell Development (GO:0061515),19,5,1.6,3.12,0.01815122432483042,0.08466511500300186,1344.0
gobp,Regulation Of Mononuclear Cell Migration (GO:0071675),19,5,1.6,3.12,0.01815122432483042,0.08466511500300186,1344.0
gobp,Cellular Response To Interleukin-6 (GO:0071354),19,5,1.6,3.12,0.01815122432483042,0.08466511500300186,1344.0
gobp,Fc-gamma Receptor Signaling Pathway Involved In Phagocytosis (GO:0038096),19,5,1.6,3.12,0.01815122432483042,0.08466511500300186,1344.0
gobp,Positive Regulation Of Phosphatase Activity (GO:0010922),19,5,1.6,3.12,0.01815122432483042,0.08466511500300186,1344.0
gobp,Positive Regulation Of Pathway-Restricted SMAD Protein Phosphorylation (GO:0010862),33,7,2.8,2.51,0.018268514397969154,0.08466511500300186,1344.0
gobp,Regulation Of p38MAPK Cascade (GO:1900744),33,7,2.8,2.51,0.018268514397969154,0.08466511500300186,1344.0
gobp,Transmembrane Receptor Protein Serine/Threonine Kinase Signaling Pathway (GO:0007178),99,15,8.4,1.8,0.01862953531385099,0.08568118889206741,1344.0
gobp,Receptor-Mediated Endocytosis (GO:0006898),108,16,9.1,1.76,0.018825182282907943,0.08568118889206741,1344.0
gobp,Lymphocyte Chemotaxis (GO:0048247),26,6,2.2,2.73,0.018925446248190852,0.08568118889206741,1344.0
gobp,Positive Regulation Of Phospholipase C Activity (GO:0010863),26,6,2.2,2.73,0.018925446248190852,0.08568118889206741,1344.0
gobp,Cell-Cell Adhesion Via Plasma-Membrane Adhesion Molecules (GO:0098742),82,13,6.9,1.88,0.01937917986864044,0.08568118889206741,1344.0
gobp,Myeloid Cell Activation Involved In Immune Response (GO:0002275),13,4,1.1,3.65,0.01944401980065518,0.08568118889206741,1344.0
gobp,Positive Regulation Of Cytosolic Calcium Ion Concentration Involved In Phospholipase C-activating G Protein-Coupled Signaling Pathway (GO:0051482),13,4,1.1,3.65,0.01944401980065518,0.08568118889206741,1344.0
gobp,Neutrophil Activation (GO:0042119),13,4,1.1,3.65,0.01944401980065518,0.08568118889206741,1344.0
gobp,Regulation Of Epithelial Cell Differentiation (GO:0030856),13,4,1.1,3.65,0.01944401980065518,0.08568118889206741,1344.0
gobp,Positive Regulation Of CREB Transcription Factor Activity (GO:0032793),13,4,1.1,3.65,0.01944401980065518,0.08568118889206741,1344.0
gobp,Natural Killer Cell Mediated Cytotoxicity (GO:0042267),13,4,1.1,3.65,0.01944401980065518,0.08568118889206741,1344.0
gobp,Negative Regulation Of Interleukin-8 Production (GO:0032717),13,4,1.1,3.65,0.01944401980065518,0.08568118889206741,1344.0
gobp,Regulation Of Lipopolysaccharide-Mediated Signaling Pathway (GO:0031664),13,4,1.1,3.65,0.01944401980065518,0.08568118889206741,1344.0
gobp,Regulation Of Microglial Cell Activation (GO:1903978),13,4,1.1,3.65,0.01944401980065518,0.08568118889206741,1344.0
gobp,Regulation Of Leukocyte Chemotaxis (GO:0002688),13,4,1.1,3.65,0.01944401980065518,0.08568118889206741,1344.0
gobp,Receptor Internalization (GO:0031623),41,8,3.5,2.31,0.019560538128737197,0.08591295178112024,1344.0
gobp,Regulation Of Endocytosis (GO:0030100),57,10,4.8,2.08,0.019807575198460468,0.0867145963085696,1344.0
gobp,Cellular Response To Tumor Necrosis Factor (GO:0071356),83,13,7.0,1.86,0.021264359153450887,0.092520639917443,1344.0
gobp,Homotypic Cell-Cell Adhesion (GO:0034109),34,7,2.9,2.44,0.02137803232441227,0.092520639917443,1344.0
gobp,Regulation Of Nitric Oxide Biosynthetic Process (GO:0045428),34,7,2.9,2.44,0.02137803232441227,0.092520639917443,1344.0
gobp,Regulation Of I-kappaB kinase/NF-kappaB Signaling (GO:0043122),184,24,15.5,1.55,0.02140916593327736,0.092520639917443,1344.0
gobp,Regulation Of Platelet Activation (GO:0010543),20,5,1.7,2.96,0.02256078941256472,0.09570005154577274,1344.0
gobp,Osteoclast Differentiation (GO:0030316),20,5,1.7,2.96,0.02256078941256472,0.09570005154577274,1344.0
gobp,Cellular Response To Low-Density Lipoprotein Particle Stimulus (GO:0071404),20,5,1.7,2.96,0.02256078941256472,0.09570005154577274,1344.0
gobp,Monoatomic Cation Transport (GO:0006812),20,5,1.7,2.96,0.02256078941256472,0.09570005154577274,1344.0
gobp,Cellular Response To Xenobiotic Stimulus (GO:0071466),20,5,1.7,2.96,0.02256078941256472,0.09570005154577274,1344.0
gobp,Regulation Of miRNA Transcription (GO:1902893),50,9,4.2,2.13,0.02259069556775671,0.09570005154577274,1344.0
gobp,Actin Filament Bundle Organization (GO:0061572),27,6,2.3,2.63,0.022643315767526588,0.09570005154577274,1344.0
gobp,Positive Regulation Of Cell Population Proliferation (GO:0008284),344,40,29.0,1.38,0.02364416183777046,0.09612107816774874,1344.0
gobp,Actin Filament Organization (GO:0007015),111,16,9.4,1.71,0.02383505079834011,0.09612107816774874,1344.0
gobp,Negative Regulation Of Heart Contraction (GO:0045822),8,3,0.7,4.44,0.024316344179341202,0.09612107816774874,1344.0
gobp,Regulation Of T-helper 17 Type Immune Response (GO:2000316),8,3,0.7,4.44,0.024316344179341202,0.09612107816774874,1344.0
gobp,Multicellular Organismal-Level Iron Ion Homeostasis (GO:0060586),8,3,0.7,4.44,0.024316344179341202,0.09612107816774874,1344.0
gobp,Regulation Of T Cell Mediated Immunity (GO:0002709),8,3,0.7,4.44,0.024316344179341202,0.09612107816774874,1344.0
gobp,Negative Regulation Of Long-Term Synaptic Potentiation (GO:1900272),8,3,0.7,4.44,0.024316344179341202,0.09612107816774874,1344.0
gobp,T-helper Cell Lineage Commitment (GO:0002295),8,3,0.7,4.44,0.024316344179341202,0.09612107816774874,1344.0
gobp,Positive Regulation Of T-helper 17 Type Immune Response (GO:2000318),8,3,0.7,4.44,0.024316344179341202,0.09612107816774874,1344.0
gobp,Regulation Of Myeloid Leukocyte Mediated Immunity (GO:0002886),8,3,0.7,4.44,0.024316344179341202,0.09612107816774874,1344.0
gobp,Negative Regulation Of Bone Resorption (GO:0045779),8,3,0.7,4.44,0.024316344179341202,0.09612107816774874,1344.0
gobp,Myeloid Dendritic Cell Activation (GO:0001773),8,3,0.7,4.44,0.024316344179341202,0.09612107816774874,1344.0
gobp,Regulation Of Mast Cell Activation Involved In Immune Response (GO:0033006),8,3,0.7,4.44,0.024316344179341202,0.09612107816774874,1344.0
gobp,Regulation Of Macrophage Migration (GO:1905521),8,3,0.7,4.44,0.024316344179341202,0.09612107816774874,1344.0
gobp,Neutrophil Activation Involved In Immune Response (GO:0002283),8,3,0.7,4.44,0.024316344179341202,0.09612107816774874,1344.0
gobp,Innate Immune Response-Activating Signaling Pathway (GO:0002758),8,3,0.7,4.44,0.024316344179341202,0.09612107816774874,1344.0
gobp,Regulation Of Toll-Like Receptor 9 Signaling Pathway (GO:0034163),8,3,0.7,4.44,0.024316344179341202,0.09612107816774874,1344.0
gobp,Cellular Response To ATP (GO:0071318),8,3,0.7,4.44,0.024316344179341202,0.09612107816774874,1344.0
gobp,Antigen Processing And Presentation Of Endogenous Peptide Antigen (GO:0002483),8,3,0.7,4.44,0.024316344179341202,0.09612107816774874,1344.0
gobp,Positive Regulation Of Leukocyte Apoptotic Process (GO:2000108),8,3,0.7,4.44,0.024316344179341202,0.09612107816774874,1344.0
gobp,Negative Regulation Of Response To Cytokine Stimulus (GO:0060761),8,3,0.7,4.44,0.024316344179341202,0.09612107816774874,1344.0
gobp,Pinocytosis (GO:0006907),8,3,0.7,4.44,0.024316344179341202,0.09612107816774874,1344.0
gobp,Positive Regulation Of miRNA Transcription (GO:1902895),35,7,3.0,2.37,0.02483627388613254,0.09769774998963143,1344.0
gobp,Negative Regulation Of Inflammatory Response (GO:0050728),85,13,7.2,1.81,0.02544044076823798,0.09769774998963143,1344.0
gobp,Regulation Of Regulatory T Cell Differentiation (GO:0045589),14,4,1.2,3.39,0.02544089200332257,0.09769774998963143,1344.0
gobp,Negative Regulation Of Inflammatory Response To Antigenic Stimulus (GO:0002862),14,4,1.2,3.39,0.02544089200332257,0.09769774998963143,1344.0
gobp,Negative Regulation Of G Protein-Coupled Receptor Signaling Pathway (GO:0045744),14,4,1.2,3.39,0.02544089200332257,0.09769774998963143,1344.0
gobp,Positive Regulation Of Neutrophil Chemotaxis (GO:0090023),14,4,1.2,3.39,0.02544089200332257,0.09769774998963143,1344.0
gobp,Antigen Processing And Presentation Of Exogenous Peptide Antigen Via MHC Class II (GO:0019886),14,4,1.2,3.39,0.02544089200332257,0.09769774998963143,1344.0
gobp,Calcium-Mediated Signaling Using Intracellular Calcium Source (GO:0035584),14,4,1.2,3.39,0.02544089200332257,0.09769774998963143,1344.0
gobp,Antigen Processing And Presentation Of Peptide Antigen Via MHC Class II (GO:0002495),14,4,1.2,3.39,0.02544089200332257,0.09769774998963143,1344.0
gobp,Regulation Of Type I Interferon Production (GO:0032479),51,9,4.3,2.09,0.025447250081110484,0.09769774998963143,1344.0
gobp,Regulation Of Smooth Muscle Cell Proliferation (GO:0048660),43,8,3.6,2.2,0.025587505949665374,0.09769774998963143,1344.0
gobp,Positive Regulation Of Fat Cell Differentiation (GO:0045600),43,8,3.6,2.2,0.025587505949665374,0.09769774998963143,1344.0
gobp,Response To Lipopolysaccharide (GO:0032496),112,16,9.5,1.69,0.02570993317777974,0.0978871110224815,1344.0
gobp,Extracellular Matrix Disassembly (GO:0022617),28,6,2.4,2.54,0.02682222633445452,0.10069573238409742,1344.0
gobp,Cellular Component Disassembly (GO:0022411),28,6,2.4,2.54,0.02682222633445452,0.10069573238409742,1344.0
gobp,Positive Regulation Of Tyrosine Phosphorylation Of STAT Protein (GO:0042531),28,6,2.4,2.54,0.02682222633445452,0.10069573238409742,1344.0
gobp,Actin Filament Bundle Assembly (GO:0051017),28,6,2.4,2.54,0.02682222633445452,0.10069573238409742,1344.0
gobp,Cellular Response To Amyloid-Beta (GO:1904646),28,6,2.4,2.54,0.02682222633445452,0.10069573238409742,1344.0
kegg,MAPK signaling pathway,227,28,19.2,1.46,0.02699469946604039,0.10386096235239269,227.0
gobp,Regulation Of Monocyte Chemotaxis (GO:0090025),21,5,1.8,2.82,0.02760879825641503,0.10250338358182817,1344.0
gobp,Cellular Response To Type I Interferon (GO:0071357),21,5,1.8,2.82,0.02760879825641503,0.10250338358182817,1344.0
gobp,Positive Regulation Of T Cell Migration (GO:2000406),21,5,1.8,2.82,0.02760879825641503,0.10250338358182817,1344.0
gobp,Regulation Of Interferon-Alpha Production (GO:0032647),21,5,1.8,2.82,0.02760879825641503,0.10250338358182817,1344.0
gobp,Regulation Of Receptor Signaling Pathway Via JAK-STAT (GO:0046425),36,7,3.0,2.3,0.028658918986785742,0.10610905542214887,1344.0
gobp,Regulation Of Peptidyl-Serine Phosphorylation (GO:0033135),69,11,5.8,1.89,0.02893412327696757,0.10654099091573813,1344.0
gobp,Regulation Of Protein Secretion (GO:0050708),69,11,5.8,1.89,0.02893412327696757,0.10654099091573813,1344.0
kegg,Cytosolic DNA-sensing pathway,44,8,3.7,2.15,0.02903986903842858,0.10986750452872146,227.0
gobp,Positive Regulation Of NF-kappaB Transcription Factor Activity (GO:0051092),114,16,9.6,1.66,0.02978768547599468,0.10938428764955423,1344.0
gobp,Regulation Of Interleukin-10 Production (GO:0032653),29,6,2.4,2.45,0.03148150143897523,0.11527923312380418,1344.0
gobp,Negative Regulation Of Neuron Apoptotic Process (GO:0043524),53,9,4.5,2.01,0.031909430594171374,0.11527923312380418,1344.0
gobp,Inorganic Cation Import Across Plasma Membrane (GO:0098659),53,9,4.5,2.01,0.031909430594171374,0.11527923312380418,1344.0
gobp,Cell Projection Organization (GO:0030030),15,4,1.3,3.16,0.0324305868098968,0.11527923312380418,1344.0
gobp,Positive Regulation Of Lymphocyte Migration (GO:2000403),15,4,1.3,3.16,0.0324305868098968,0.11527923312380418,1344.0
gobp,Positive Regulation Of Defense Response To Virus By Host (GO:0002230),15,4,1.3,3.16,0.0324305868098968,0.11527923312380418,1344.0
gobp,Cellular Response To Molecule Of Bacterial Origin (GO:0071219),79,12,6.7,1.8,0.0325136392027088,0.11527923312380418,1344.0
gobp,Organic Substance Transport (GO:0071702),134,18,11.3,1.59,0.032754715707072855,0.11527923312380418,1344.0
gobp,Positive Regulation Of Macromolecule Metabolic Process (GO:0010604),251,30,21.2,1.42,0.033055171194383455,0.11527923312380418,1344.0
gobp,Superoxide Metabolic Process (GO:0006801),22,5,1.9,2.69,0.033319665301864684,0.11527923312380418,1344.0
gobp,Negative Regulation Of Developmental Growth (GO:0048640),22,5,1.9,2.69,0.033319665301864684,0.11527923312380418,1344.0
gobp,Positive Regulation Of Leukocyte Migration (GO:0002687),22,5,1.9,2.69,0.033319665301864684,0.11527923312380418,1344.0
gobp,Fc Receptor Signaling Pathway (GO:0038093),22,5,1.9,2.69,0.033319665301864684,0.11527923312380418,1344.0
gobp,Regulation Of Vasculature Development (GO:1901342),22,5,1.9,2.69,0.033319665301864684,0.11527923312380418,1344.0
gobp,Positive Regulation Of Receptor Signaling Pathway Via STAT (GO:1904894),22,5,1.9,2.69,0.033319665301864684,0.11527923312380418,1344.0
gobp,Positive Regulation Of Nitric Oxide Biosynthetic Process (GO:0045429),22,5,1.9,2.69,0.033319665301864684,0.11527923312380418,1344.0
gobp,Regulation Of Defense Response To Virus By Host (GO:0050691),22,5,1.9,2.69,0.033319665301864684,0.11527923312380418,1344.0
gobp,Positive Regulation Of Protein Secretion (GO:0050714),62,10,5.2,1.91,0.03377273577754729,0.11527923312380418,1344.0
gobp,Regulation Of NIK/NF-kappaB Signaling (GO:1901222),62,10,5.2,1.91,0.03377273577754729,0.11527923312380418,1344.0
gobp,Positive Regulation Of Myeloid Leukocyte Mediated Immunity (GO:0002888),9,3,0.8,3.95,0.034223522333629366,0.11527923312380418,1344.0
gobp,Regulation Of Postsynaptic Membrane Potential (GO:0060078),9,3,0.8,3.95,0.034223522333629366,0.11527923312380418,1344.0
gobp,Positive Regulation Of Alpha-Beta T Cell Differentiation (GO:0046638),9,3,0.8,3.95,0.034223522333629366,0.11527923312380418,1344.0
gobp,Cellular Response To Fatty Acid (GO:0071398),9,3,0.8,3.95,0.034223522333629366,0.11527923312380418,1344.0
gobp,Regulation Of Monocyte Chemotactic Protein-1 Production (GO:0071637),9,3,0.8,3.95,0.034223522333629366,0.11527923312380418,1344.0
gobp,Regulation Of Toll-Like Receptor 2 Signaling Pathway (GO:0034135),9,3,0.8,3.95,0.034223522333629366,0.11527923312380418,1344.0
gobp,Membrane Depolarization During Action Potential (GO:0086010),9,3,0.8,3.95,0.034223522333629366,0.11527923312380418,1344.0
gobp,Negative Regulation Of Calcium Ion Transport (GO:0051926),9,3,0.8,3.95,0.034223522333629366,0.11527923312380418,1344.0
gobp,Negative Regulation Of Glucose Transmembrane Transport (GO:0010829),9,3,0.8,3.95,0.034223522333629366,0.11527923312380418,1344.0
gobp,Regulation Of Homotypic Cell-Cell Adhesion (GO:0034110),9,3,0.8,3.95,0.034223522333629366,0.11527923312380418,1344.0
gobp,T Cell Proliferation (GO:0042098),9,3,0.8,3.95,0.034223522333629366,0.11527923312380418,1344.0
gobp,I-kappaB Phosphorylation (GO:0007252),9,3,0.8,3.95,0.034223522333629366,0.11527923312380418,1344.0
gobp,Positive Regulation Of T Cell Receptor Signaling Pathway (GO:0050862),9,3,0.8,3.95,0.034223522333629366,0.11527923312380418,1344.0
gobp,Defense Response To Tumor Cell (GO:0002357),9,3,0.8,3.95,0.034223522333629366,0.11527923312380418,1344.0
gobp,Positive Regulation Of Peptidyl-Serine Phosphorylation (GO:0033138),54,9,4.6,1.97,0.03553294856886384,0.11909297475449626,1344.0
gobp,Negative Regulation Of Immune Response (GO:0050777),54,9,4.6,1.97,0.03553294856886384,0.11909297475449626,1344.0
gobp,Negative Regulation Of Peptidase Activity (GO:0010466),30,6,2.5,2.37,0.036637673762724546,0.12188374637896483,1344.0
gobp,Regulation Of Erythrocyte Differentiation (GO:0045646),30,6,2.5,2.37,0.036637673762724546,0.12188374637896483,1344.0
gobp,Antimicrobial Humoral Response (GO:0019730),30,6,2.5,2.37,0.036637673762724546,0.12188374637896483,1344.0
gobp,Negative Regulation Of DNA-binding Transcription Factor Activity (GO:0043433),117,16,9.9,1.62,0.03677366982616974,0.12203410431202995,1344.0
gobp,Cellular Response To Oxygen-Containing Compound (GO:1901701),284,33,24.0,1.38,0.03742436480911956,0.12367688245806412,1344.0
gobp,Positive Regulation Of Reactive Oxygen Species Metabolic Process (GO:2000379),38,7,3.2,2.18,0.03745274639913102,0.12367688245806412,1344.0
gobp,Chemical Synaptic Transmission (GO:0007268),90,13,7.6,1.71,0.03847681343374531,0.12674715013469043,1344.0
kegg,Pertussis,55,9,4.6,1.94,0.039428941798863665,0.1467273735793779,227.0
gobp,Transmembrane Receptor Protein Tyrosine Kinase Signaling Pathway (GO:0007169),215,26,18.1,1.43,0.03966139946925235,0.1284646087578616,1344.0
gobp,Peptidyl-Tyrosine Dephosphorylation (GO:0035335),23,5,1.9,2.58,0.039712022371892065,0.1284646087578616,1344.0
gobp,Positive Regulation Of Nitric Oxide Metabolic Process (GO:1904407),23,5,1.9,2.58,0.039712022371892065,0.1284646087578616,1344.0
gobp,Regulation Of Osteoclast Differentiation (GO:0045670),23,5,1.9,2.58,0.039712022371892065,0.1284646087578616,1344.0
gobp,Regulation Of Actin Polymerization Or Depolymerization (GO:0008064),23,5,1.9,2.58,0.039712022371892065,0.1284646087578616,1344.0
gobp,Monocyte Chemotaxis (GO:0002548),23,5,1.9,2.58,0.039712022371892065,0.1284646087578616,1344.0
gobp,Positive Regulation Of Receptor Signaling Pathway Via JAK-STAT (GO:0046427),23,5,1.9,2.58,0.039712022371892065,0.1284646087578616,1344.0
gobp,Regulation Of Membrane Protein Ectodomain Proteolysis (GO:0051043),16,4,1.4,2.96,0.04043194159566626,0.1284646087578616,1344.0
gobp,Negative Regulation Of Fibroblast Proliferation (GO:0048147),16,4,1.4,2.96,0.04043194159566626,0.1284646087578616,1344.0
gobp,Positive Regulation Of Neutrophil Migration (GO:1902624),16,4,1.4,2.96,0.04043194159566626,0.1284646087578616,1344.0
gobp,"G Protein-Coupled Receptor Signaling Pathway, Coupled To Cyclic Nucleotide Second Messenger (GO:0007187)",16,4,1.4,2.96,0.04043194159566626,0.1284646087578616,1344.0
gobp,Regulation Of Adaptive Immune Response (GO:0002819),16,4,1.4,2.96,0.04043194159566626,0.1284646087578616,1344.0
gobp,Regulation Of Epidermal Cell Differentiation (GO:0045604),16,4,1.4,2.96,0.04043194159566626,0.1284646087578616,1344.0
gobp,Response To Axon Injury (GO:0048678),16,4,1.4,2.96,0.04043194159566626,0.1284646087578616,1344.0
gobp,Positive Regulation Of Granulocyte Chemotaxis (GO:0071624),16,4,1.4,2.96,0.04043194159566626,0.1284646087578616,1344.0
kegg,AGE-RAGE signaling pathway in diabetic complications,91,13,7.7,1.69,0.04156572703298524,0.15004823279323234,227.0
kegg,Amoebiasis,73,11,6.2,1.79,0.041644165644652134,0.15004823279323234,227.0
gobp,Positive Regulation Of Pattern Recognition Receptor Signaling Pathway (GO:0062208),31,6,2.6,2.29,0.04230434757166022,0.133605391165304,1344.0
kegg,ABC transporters,31,6,2.6,2.29,0.04230434757166022,0.15004823279323234,227.0
gobp,Negative Regulation Of Stress-Activated MAPK Cascade (GO:0032873),31,6,2.6,2.29,0.04230434757166022,0.133605391165304,1344.0
gobp,Regulation Of Endopeptidase Activity (GO:0052548),39,7,3.3,2.13,0.04244754615147679,0.133605391165304,1344.0
gobp,Memory (GO:0007613),39,7,3.3,2.13,0.04244754615147679,0.133605391165304,1344.0
kegg,Measles,101,14,8.5,1.64,0.044083024529261404,0.15395148566372827,227.0
gobp,Regulation Of Leukocyte Migration (GO:0002685),10,3,0.8,3.55,0.04588822004726607,0.14048694246816765,1344.0
gobp,Regulation Of Stress-Activated Protein Kinase Signaling Cascade (GO:0070302),10,3,0.8,3.55,0.04588822004726607,0.14048694246816765,1344.0
gobp,Cellular Component Maintenance (GO:0043954),10,3,0.8,3.55,0.04588822004726607,0.14048694246816765,1344.0
gobp,Macrophage Activation Involved In Immune Response (GO:0002281),10,3,0.8,3.55,0.04588822004726607,0.14048694246816765,1344.0
gobp,"Regulation Of Phagocytosis, Engulfment (GO:0060099)",10,3,0.8,3.55,0.04588822004726607,0.14048694246816765,1344.0
gobp,Positive Regulation Of Syncytium Formation By Plasma Membrane Fusion (GO:0060143),10,3,0.8,3.55,0.04588822004726607,0.14048694246816765,1344.0
gobp,Lipid Catabolic Process (GO:0016042),10,3,0.8,3.55,0.04588822004726607,0.14048694246816765,1344.0
gobp,Regulation Of Cell Projection Organization (GO:0031344),10,3,0.8,3.55,0.04588822004726607,0.14048694246816765,1344.0
gobp,Positive Regulation Of Integrin Activation (GO:0033625),10,3,0.8,3.55,0.04588822004726607,0.14048694246816765,1344.0
gobp,Phosphate Ion Transmembrane Transport (GO:0035435),10,3,0.8,3.55,0.04588822004726607,0.14048694246816765,1344.0
gobp,Calcium Ion Import Across Plasma Membrane (GO:0098703),10,3,0.8,3.55,0.04588822004726607,0.14048694246816765,1344.0
gobp,Regulation Of T Cell Mediated Cytotoxicity (GO:0001914),10,3,0.8,3.55,0.04588822004726607,0.14048694246816765,1344.0
gobp,Regulation Of Bone Mineralization (GO:0030500),48,8,4.1,1.97,0.046025527294791486,0.14058706519136308,1344.0
gobp,Cortical Cytoskeleton Organization (GO:0030865),24,5,2.0,2.47,0.04679867742604198,0.14262454072698508,1344.0
kegg,Coronavirus disease,179,22,15.1,1.46,0.04742475328431449,0.1597472376611538,227.0
kegg,cGMP-PKG signaling pathway,121,16,10.2,1.57,0.04784007526491078,0.1597472376611538,227.0
kegg,GnRH secretion,40,7,3.4,2.07,0.04785379806589629,0.1597472376611538,227.0
gobp,Negative Regulation Of Cytokine-Mediated Signaling Pathway (GO:0001960),40,7,3.4,2.07,0.04785379806589629,0.1451817259606425,1344.0
gobp,Positive Regulation Of miRNA Metabolic Process (GO:2000630),40,7,3.4,2.07,0.04785379806589629,0.1451817259606425,1344.0
gobp,Regulation Of Cytokine Production Involved In Inflammatory Response (GO:1900015),32,6,2.7,2.22,0.04849210578524392,0.145748570920247,1344.0
gobp,Negative Regulation Of Transport (GO:0051051),32,6,2.7,2.22,0.04849210578524392,0.145748570920247,1344.0
gobp,Positive Regulation Of Vasculature Development (GO:1904018),84,12,7.1,1.69,0.048948011119892325,0.145748570920247,1344.0
gobp,Negative Regulation Of Protein Kinase Activity (GO:0006469),75,11,6.3,1.74,0.049259689575758915,0.145748570920247,1344.0
gobp,Regulation Of Granulocyte Chemotaxis (GO:0071622),17,4,1.4,2.79,0.04945040799079809,0.145748570920247,1344.0
gobp,Intracellular Monoatomic Ion Homeostasis (GO:0006873),17,4,1.4,2.79,0.04945040799079809,0.145748570920247,1344.0
gobp,Cytoskeleton-Dependent Intracellular Transport (GO:0030705),17,4,1.4,2.79,0.04945040799079809,0.145748570920247,1344.0
gobp,Regulation Of Anoikis (GO:2000209),17,4,1.4,2.79,0.04945040799079809,0.145748570920247,1344.0
gobp,Response To Purine-Containing Compound (GO:0014074),17,4,1.4,2.79,0.04945040799079809,0.145748570920247,1344.0
gobp,Retina Homeostasis (GO:0001895),17,4,1.4,2.79,0.04945040799079809,0.145748570920247,1344.0
gobp,Lipopolysaccharide-Mediated Signaling Pathway (GO:0031663),17,4,1.4,2.79,0.04945040799079809,0.145748570920247,1344.0
gobp,Positive Regulation Of Blood Coagulation (GO:0030194),17,4,1.4,2.79,0.04945040799079809,0.145748570920247,1344.0
gobp,Regulation Of Macrophage Chemotaxis (GO:0010758),17,4,1.4,2.79,0.04945040799079809,0.145748570920247,1344.0
kegg,Ras signaling pathway,170,21,14.3,1.46,0.04954880210865276,0.16300837795165476,227.0
kegg,Morphine addiction,49,8,4.1,1.93,0.05110934697402345,0.16340594032539893,227.0
kegg,Bile secretion,49,8,4.1,1.93,0.05110934697402345,0.16340594032539893,227.0
hallmark,Hypoxia,171,21,14.4,1.46,0.05219126093228296,0.18592547268899398,44.0
kegg,Dilated cardiomyopathy,58,9,4.9,1.84,0.052820496007883896,0.16653128602485617,227.0
gobp,Negative Regulation Of ERK1 And ERK2 Cascade (GO:0070373),41,7,3.5,2.02,0.05367888099413492,0.15786524301119767,1344.0
hallmark,Epithelial Mesenchymal Transition,172,21,14.5,1.45,0.05493252602174822,0.18592547268899398,44.0
gobp,Cell Chemotaxis (GO:0060326),33,6,2.8,2.15,0.055208459426860555,0.16095481446789714,1344.0
gobp,Regulation Of Vascular Associated Smooth Muscle Cell Proliferation (GO:1904705),33,6,2.8,2.15,0.055208459426860555,0.16095481446789714,1344.0
gobp,Regulation Of Protein Tyrosine Kinase Activity (GO:0061097),33,6,2.8,2.15,0.055208459426860555,0.16095481446789714,1344.0
kegg,Aldosterone-regulated sodium reabsorption,33,6,2.8,2.15,0.055208459426860555,0.17167562040955267,227.0
gobp,Calcium Ion Transmembrane Import Into Cytosol (GO:0097553),33,6,2.8,2.15,0.055208459426860555,0.16095481446789714,1344.0
gobp,Regulation Of Intracellular Signal Transduction (GO:1902531),243,28,20.5,1.37,0.05659269562583408,0.16463329636606278,1344.0
gobp,Positive Regulation Of Protein Transport (GO:0051222),59,9,5.0,1.81,0.05787113402995697,0.16482449659574486,1344.0
gobp,Purine Ribonucleotide Metabolic Process (GO:0009150),59,9,5.0,1.81,0.05787113402995697,0.16482449659574486,1344.0
gobp,Positive Regulation Of Programmed Cell Death (GO:0043068),193,23,16.3,1.41,0.05793420101398733,0.16482449659574486,1344.0
gobp,Regulation Of Peptidyl-Tyrosine Phosphorylation (GO:0050730),68,10,5.7,1.74,0.058169779211669784,0.16482449659574486,1344.0
gobp,High-Density Lipoprotein Particle Remodeling (GO:0034375),11,3,0.9,3.23,0.05924063375899759,0.16482449659574486,1344.0
gobp,Positive Regulation Of Heterotypic Cell-Cell Adhesion (GO:0034116),11,3,0.9,3.23,0.05924063375899759,0.16482449659574486,1344.0
gobp,Positive Regulation Of Type I Interferon-Mediated Signaling Pathway (GO:0060340),11,3,0.9,3.23,0.05924063375899759,0.16482449659574486,1344.0
gobp,Positive Regulation Of Membrane Protein Ectodomain Proteolysis (GO:0051044),11,3,0.9,3.23,0.05924063375899759,0.16482449659574486,1344.0
gobp,Relaxation Of Cardiac Muscle (GO:0055119),11,3,0.9,3.23,0.05924063375899759,0.16482449659574486,1344.0
gobp,Positive Regulation Of Leukocyte Degranulation (GO:0043302),11,3,0.9,3.23,0.05924063375899759,0.16482449659574486,1344.0
gobp,Regulation Of Macrophage Cytokine Production (GO:0010935),11,3,0.9,3.23,0.05924063375899759,0.16482449659574486,1344.0
gobp,Membrane Depolarization During Cardiac Muscle Cell Action Potential (GO:0086012),11,3,0.9,3.23,0.05924063375899759,0.16482449659574486,1344.0
gobp,Relaxation Of Muscle (GO:0090075),11,3,0.9,3.23,0.05924063375899759,0.16482449659574486,1344.0
gobp,Regulation Of Calcium Ion Transmembrane Transport (GO:1903169),11,3,0.9,3.23,0.05924063375899759,0.16482449659574486,1344.0
gobp,Regulation Of Lamellipodium Organization (GO:1902743),11,3,0.9,3.23,0.05924063375899759,0.16482449659574486,1344.0
gobp,Response To Progesterone (GO:0032570),11,3,0.9,3.23,0.05924063375899759,0.16482449659574486,1344.0
gobp,Regulation Of Oligodendrocyte Differentiation (GO:0048713),11,3,0.9,3.23,0.05924063375899759,0.16482449659574486,1344.0
gobp,Bone Morphogenesis (GO:0060349),11,3,0.9,3.23,0.05924063375899759,0.16482449659574486,1344.0
gobp,Negative Regulation Of Viral Transcription (GO:0032897),11,3,0.9,3.23,0.05924063375899759,0.16482449659574486,1344.0
gobp,Telomere Maintenance Via Telomerase (GO:0007004),18,4,1.5,2.63,0.05947907801260138,0.16482449659574486,1344.0
gobp,RNA-templated DNA Biosynthetic Process (GO:0006278),18,4,1.5,2.63,0.05947907801260138,0.16482449659574486,1344.0
gobp,Regulation Of Neuroinflammatory Response (GO:0150077),18,4,1.5,2.63,0.05947907801260138,0.16482449659574486,1344.0
gobp,Regulation Of Toll-Like Receptor 4 Signaling Pathway (GO:0034143),18,4,1.5,2.63,0.05947907801260138,0.16482449659574486,1344.0
gobp,Positive Regulation Of Angiogenesis (GO:0045766),96,13,8.1,1.6,0.05963334583287369,0.16491196872300873,1344.0
gobp,Cellular Response To Mechanical Stimulus (GO:0071260),42,7,3.5,1.97,0.059928303885325,0.16504844348745246,1344.0
gobp,Positive Regulation Of Leukocyte Chemotaxis (GO:0002690),42,7,3.5,1.97,0.059928303885325,0.16504844348745246,1344.0
gobp,Negative Regulation Of Hydrolase Activity (GO:0051346),34,6,2.9,2.09,0.062457836663099474,0.17096401726111138,1344.0
gobp,Chemokine-Mediated Signaling Pathway (GO:0070098),34,6,2.9,2.09,0.062457836663099474,0.17096401726111138,1344.0
gobp,Negative Regulation Of Immune System Process (GO:0002683),34,6,2.9,2.09,0.062457836663099474,0.17096401726111138,1344.0
kegg,Aldosterone synthesis and secretion,69,10,5.8,1.72,0.06312497513280577,0.19364012642090417,227.0
gobp,BMP Signaling Pathway (GO:0030509),43,7,3.6,1.93,0.06660568126170328,0.1815781655491465,1344.0
gobp,Negative Regulation Of Innate Immune Response (GO:0045824),43,7,3.6,1.93,0.06660568126170328,0.1815781655491465,1344.0
kegg,Hippo signaling pathway,127,16,10.7,1.49,0.06853440344032186,0.20572691362366893,227.0
kegg,Pancreatic secretion,61,9,5.1,1.75,0.0688777331955896,0.20572691362366893,227.0
gobp,Positive Regulation Of Lymphocyte Differentiation (GO:0045621),35,6,3.0,2.03,0.07024160827212712,0.1887485729295486,1344.0
gobp,Endocytosis (GO:0006897),167,20,14.1,1.42,0.0702463440017679,0.1887485729295486,1344.0
kegg,"Parathyroid hormone synthesis, secretion and action",89,12,7.5,1.6,0.07031096419699184,0.20728037497035257,227.0
gobp,Intrinsic Apoptotic Signaling Pathway (GO:0097193),89,12,7.5,1.6,0.07031096419699184,0.1887485729295486,1344.0
gobp,Positive Regulation Of Interferon-Alpha Production (GO:0032727),19,4,1.6,2.49,0.070499838996007,0.1887485729295486,1344.0
gobp,Regulation Of Heterotypic Cell-Cell Adhesion (GO:0034114),19,4,1.6,2.49,0.070499838996007,0.1887485729295486,1344.0
gobp,Positive Regulation Of Interleukin-10 Production (GO:0032733),19,4,1.6,2.49,0.070499838996007,0.1887485729295486,1344.0
gobp,Regulation Of Vascular Endothelial Growth Factor Production (GO:0010574),19,4,1.6,2.49,0.070499838996007,0.1887485729295486,1344.0
gobp,Regulation Of Interleukin-17 Production (GO:0032660),19,4,1.6,2.49,0.070499838996007,0.1887485729295486,1344.0
gobp,Regulation Of Neutrophil Chemotaxis (GO:0090022),19,4,1.6,2.49,0.070499838996007,0.1887485729295486,1344.0
gobp,Regulation Of Response To Biotic Stimulus (GO:0002831),27,5,2.3,2.19,0.07226701818336932,0.191740222679281,1344.0
gobp,Negative Regulation Of Blood Vessel Endothelial Cell Migration (GO:0043537),27,5,2.3,2.19,0.07226701818336932,0.191740222679281,1344.0
gobp,Apoptotic Process (GO:0006915),178,21,15.0,1.4,0.07353285152385935,0.191740222679281,1344.0
gobp,miRNA-mediated Gene Silencing By Inhibition Of Translation (GO:0035278),12,3,1.0,2.96,0.07418520520329325,0.191740222679281,1344.0
gobp,Antibacterial Humoral Response (GO:0019731),12,3,1.0,2.96,0.07418520520329325,0.191740222679281,1344.0
gobp,Regulation Of Behavior (GO:0050795),12,3,1.0,2.96,0.07418520520329325,0.191740222679281,1344.0
gobp,Negative Regulation Of ATP-dependent Activity (GO:0032780),12,3,1.0,2.96,0.07418520520329325,0.191740222679281,1344.0
gobp,Mesoderm Development (GO:0007498),12,3,1.0,2.96,0.07418520520329325,0.191740222679281,1344.0
gobp,Mature B Cell Differentiation Involved In Immune Response (GO:0002313),12,3,1.0,2.96,0.07418520520329325,0.191740222679281,1344.0
gobp,Positive Regulation Of Macrophage Chemotaxis (GO:0010759),12,3,1.0,2.96,0.07418520520329325,0.191740222679281,1344.0
gobp,Adipose Tissue Development (GO:0060612),12,3,1.0,2.96,0.07418520520329325,0.191740222679281,1344.0
gobp,Positive Regulation Of Nervous System Process (GO:0031646),12,3,1.0,2.96,0.07418520520329325,0.191740222679281,1344.0
gobp,Response To ATP (GO:0033198),12,3,1.0,2.96,0.07418520520329325,0.191740222679281,1344.0
gobp,Regulation Of Endothelial Cell Chemotaxis (GO:2001026),12,3,1.0,2.96,0.07418520520329325,0.191740222679281,1344.0
gobp,Response To Organophosphorus (GO:0046683),12,3,1.0,2.96,0.07418520520329325,0.191740222679281,1344.0
gobp,Regulation Of Amyloid-Beta Clearance (GO:1900221),12,3,1.0,2.96,0.07418520520329325,0.191740222679281,1344.0
gobp,Positive Regulation Of Stem Cell Differentiation (GO:2000738),12,3,1.0,2.96,0.07418520520329325,0.191740222679281,1344.0
gobp,Positive Regulation Of Heart Contraction (GO:0045823),12,3,1.0,2.96,0.07418520520329325,0.191740222679281,1344.0
gobp,Calcium Ion Transport (GO:0006816),62,9,5.2,1.72,0.07483895917223822,0.1922811506445565,1344.0
gobp,Positive Regulation Of Secretion By Cell (GO:1903532),62,9,5.2,1.72,0.07483895917223822,0.1922811506445565,1344.0
gobp,Positive Regulation Of Cell Adhesion (GO:0045785),62,9,5.2,1.72,0.07483895917223822,0.1922811506445565,1344.0
gobp,Positive Regulation Of Phosphatidylinositol 3-Kinase Signaling (GO:0014068),53,8,4.5,1.79,0.07496675813820507,0.1922811506445565,1344.0
gobp,Negative Regulation Of Protein Phosphorylation (GO:0001933),129,16,10.9,1.47,0.07659047859127215,0.1960716251936567,1344.0
gobp,Positive Regulation Of I-kappaB kinase/NF-kappaB Signaling (GO:0043123),139,17,11.7,1.45,0.07713326651323146,0.19708576082468268,1344.0
gobp,Regulation Of Protein Kinase Activity (GO:0045859),100,13,8.4,1.54,0.07741087917928977,0.1974197753642608,1344.0
kegg,Colorectal cancer,81,11,6.8,1.61,0.07755200433510626,0.2256962177444759,227.0
gobp,Regulation Of Cellular Component Size (GO:0032535),36,6,3.0,1.97,0.07855814612919536,0.19996619014704273,1344.0
gobp,Negative Regulation Of Endothelial Cell Proliferation (GO:0001937),28,5,2.4,2.12,0.08214632075922036,0.2064419073941713,1344.0
gobp,Regulation Of Type I Interferon-Mediated Signaling Pathway (GO:0060338),28,5,2.4,2.12,0.08214632075922036,0.2064419073941713,1344.0
gobp,Negative Regulation Of Endothelial Cell Migration (GO:0010596),28,5,2.4,2.12,0.08214632075922036,0.2064419073941713,1344.0
gobp,Fc-epsilon Receptor Signaling Pathway (GO:0038095),20,4,1.7,2.37,0.08248460139186754,0.2064419073941713,1344.0
gobp,Positive Regulation Of Neuron Apoptotic Process (GO:0043525),20,4,1.7,2.37,0.08248460139186754,0.2064419073941713,1344.0
gobp,Regulation Of Neurotransmitter Secretion (GO:0046928),20,4,1.7,2.37,0.08248460139186754,0.2064419073941713,1344.0
gobp,Regulation Of Immunoglobulin Production (GO:0002637),20,4,1.7,2.37,0.08248460139186754,0.2064419073941713,1344.0
gobp,Type I Interferon-Mediated Signaling Pathway (GO:0060337),20,4,1.7,2.37,0.08248460139186754,0.2064419073941713,1344.0
gobp,Positive Regulation Of Protein Autophosphorylation (GO:0031954),20,4,1.7,2.37,0.08248460139186754,0.2064419073941713,1344.0
gobp,Positive Regulation Of Nucleic Acid-Templated Transcription (GO:1903508),444,46,37.5,1.23,0.08481804313652952,0.21188745348605145,1344.0
gobp,Positive Regulation Of Endothelial Cell Migration (GO:0010595),73,10,6.2,1.62,0.08560486400434045,0.21345628427056318,1344.0
gobp,Regulation Of Tyrosine Phosphorylation Of STAT Protein (GO:0042509),37,6,3.1,1.92,0.08740291114598102,0.21713403434417464,1344.0
gobp,Regulation Of Small Molecule Metabolic Process (GO:0062012),37,6,3.1,1.92,0.08740291114598102,0.21713403434417464,1344.0
kegg,TNF signaling pathway,102,13,8.6,1.51,0.08745175305420855,0.24953501949514306,227.0
kegg,Phospholipase D signaling pathway,112,14,9.5,1.48,0.08867257391051099,0.24953501949514306,227.0
gobp,Cellular Response To Metal Ion (GO:0071248),83,11,7.0,1.57,0.08886584492776893,0.2178471587613057,1344.0
kegg,Gastric acid secretion,55,8,4.6,1.72,0.08904113030443431,0.24953501949514306,227.0
gobp,Cellular Response To Peptide (GO:1901653),46,7,3.9,1.8,0.0892132533317598,0.2178471587613057,1344.0
gobp,Negative Regulation Of Phagocytosis (GO:0050765),13,3,1.1,2.73,0.09060756082408473,0.2178471587613057,1344.0
gobp,Positive Regulation Of Endothelial Cell Chemotaxis (GO:2001028),13,3,1.1,2.73,0.09060756082408473,0.2178471587613057,1344.0
gobp,Regulation Of Receptor Signaling Pathway Via STAT (GO:1904892),13,3,1.1,2.73,0.09060756082408473,0.2178471587613057,1344.0
gobp,Negative Regulation Of Cell Communication (GO:0010648),13,3,1.1,2.73,0.09060756082408473,0.2178471587613057,1344.0
gobp,Negative Regulation Of Cytokine Production Involved In Inflammatory Response (GO:1900016),13,3,1.1,2.73,0.09060756082408473,0.2178471587613057,1344.0
gobp,Response To Fatty Acid (GO:0070542),13,3,1.1,2.73,0.09060756082408473,0.2178471587613057,1344.0
gobp,Negative Regulation Of Anoikis (GO:2000811),13,3,1.1,2.73,0.09060756082408473,0.2178471587613057,1344.0
gobp,T-helper Cell Differentiation (GO:0042093),13,3,1.1,2.73,0.09060756082408473,0.2178471587613057,1344.0
gobp,Regulation Of Cholesterol Storage (GO:0010885),13,3,1.1,2.73,0.09060756082408473,0.2178471587613057,1344.0
gobp,Embryonic Digestive Tract Development (GO:0048566),13,3,1.1,2.73,0.09060756082408473,0.2178471587613057,1344.0
gobp,Regulation Of Osteoblast Proliferation (GO:0033688),13,3,1.1,2.73,0.09060756082408473,0.2178471587613057,1344.0
gobp,Positive Regulation Of Cation Transmembrane Transport (GO:1904064),13,3,1.1,2.73,0.09060756082408473,0.2178471587613057,1344.0
gobp,Limb Morphogenesis (GO:0035108),13,3,1.1,2.73,0.09060756082408473,0.2178471587613057,1344.0
gobp,Negative Regulation Of Type I Interferon-Mediated Signaling Pathway (GO:0060339),13,3,1.1,2.73,0.09060756082408473,0.2178471587613057,1344.0
gobp,Positive Regulation Of Cell Migration Involved In Sprouting Angiogenesis (GO:0090050),13,3,1.1,2.73,0.09060756082408473,0.2178471587613057,1344.0
gobp,Regulation Of Tissue Remodeling (GO:0034103),13,3,1.1,2.73,0.09060756082408473,0.2178471587613057,1344.0
gobp,Negative Regulation Of Intracellular Signal Transduction (GO:1902532),183,21,15.4,1.36,0.09197434810181716,0.2207384354443612,1344.0
kegg,Ether lipid metabolism,29,5,2.4,2.04,0.09270149145093805,0.25536957522689385,227.0
gobp,Negative Regulation Of Peptidyl-Tyrosine Phosphorylation (GO:0050732),29,5,2.4,2.04,0.09270149145093805,0.22129805419193738,1344.0
gobp,Positive Regulation Of Neuron Death (GO:1901216),29,5,2.4,2.04,0.09270149145093805,0.22129805419193738,1344.0
gobp,Regulation Of Protein Polymerization (GO:0032271),29,5,2.4,2.04,0.09270149145093805,0.22129805419193738,1344.0
gobp,Positive Regulation Of Stress-Activated MAPK Cascade (GO:0032874),84,11,7.1,1.55,0.0948808609810106,0.22609907297602527,1344.0
kegg,African trypanosomiasis,21,4,1.8,2.26,0.09539655507079751,0.25536957522689385,227.0
gobp,Regulation Of Long-Term Synaptic Potentiation (GO:1900271),21,4,1.8,2.26,0.09539655507079751,0.22612516757522372,1344.0
gobp,Cardiac Muscle Cell Action Potential (GO:0086001),21,4,1.8,2.26,0.09539655507079751,0.22612516757522372,1344.0
kegg,Taste transduction,21,4,1.8,2.26,0.09539655507079751,0.25536957522689385,227.0
gobp,Regulation Of Biomineral Tissue Development (GO:0070167),21,4,1.8,2.26,0.09539655507079751,0.22612516757522372,1344.0
kegg,PI3K-Akt signaling pathway,267,29,22.5,1.29,0.09562296869729506,0.25536957522689385,227.0
gobp,Sterol Metabolic Process (GO:0016125),38,6,3.2,1.87,0.0967685670360152,0.2289735107331064,1344.0
gobp,Sensory Perception Of Mechanical Stimulus (GO:0050954),47,7,4.0,1.76,0.09760083249941723,0.2297294551299768,1344.0
gobp,Cellular Response To BMP Stimulus (GO:0071773),47,7,4.0,1.76,0.09760083249941723,0.2297294551299768,1344.0
gobp,Actin Cytoskeleton Reorganization (GO:0031532),47,7,4.0,1.76,0.09760083249941723,0.2297294551299768,1344.0
gobp,Positive Regulation Of Signal Transduction (GO:0009967),196,22,16.5,1.33,0.1029928249805387,0.24199712722700006,1344.0
gobp,Regulation Of DNA Biosynthetic Process (GO:2000278),30,5,2.5,1.97,0.1039142549885807,0.24288827600809124,1344.0
gobp,Regulation Of Ossification (GO:0030278),30,5,2.5,1.97,0.1039142549885807,0.24288827600809124,1344.0
gobp,Negative Regulation Of Endopeptidase Activity (GO:0010951),30,5,2.5,1.97,0.1039142549885807,0.24288827600809124,1344.0
gobp,Protein Catabolic Process (GO:0030163),76,10,6.4,1.56,0.10528188699860393,0.24458877959912181,1344.0
gobp,Adenylate Cyclase-Activating G Protein-Coupled Receptor Signaling Pathway (GO:0007189),48,7,4.1,1.73,0.10640637241240203,0.24458877959912181,1344.0
gobp,Peptidyl-Tyrosine Modification (GO:0018212),48,7,4.1,1.73,0.10640637241240203,0.24458877959912181,1344.0
gobp,Negative Regulation Of Cell Death (GO:0060548),48,7,4.1,1.73,0.10640637241240203,0.24458877959912181,1344.0
gobp,Positive Regulation Of Proteolysis (GO:0045862),48,7,4.1,1.73,0.10640637241240203,0.24458877959912181,1344.0
gobp,Regulation Of Cellular Metabolic Process (GO:0031323),39,6,3.3,1.82,0.10664511628774954,0.24458877959912181,1344.0
gobp,Positive Regulation Of Gene Expression (GO:0010628),345,36,29.1,1.24,0.1077111892852246,0.24458877959912181,1344.0
gobp,Regulation Of Dendritic Spine Development (GO:0060998),14,3,1.2,2.54,0.1083802886842926,0.24458877959912181,1344.0
gobp,Phosphatidylethanolamine Metabolic Process (GO:0046337),14,3,1.2,2.54,0.1083802886842926,0.24458877959912181,1344.0
gobp,Platelet-Derived Growth Factor Receptor Signaling Pathway (GO:0048008),14,3,1.2,2.54,0.1083802886842926,0.24458877959912181,1344.0
gobp,Negative Regulation Of Smooth Muscle Cell Migration (GO:0014912),14,3,1.2,2.54,0.1083802886842926,0.24458877959912181,1344.0
gobp,Positive Regulation Of Glial Cell Differentiation (GO:0045687),14,3,1.2,2.54,0.1083802886842926,0.24458877959912181,1344.0
gobp,Protein Autoprocessing (GO:0016540),14,3,1.2,2.54,0.1083802886842926,0.24458877959912181,1344.0
gobp,Negative Regulation Of Interleukin-1 Beta Production (GO:0032691),14,3,1.2,2.54,0.1083802886842926,0.24458877959912181,1344.0
gobp,Regulation Of Fibroblast Growth Factor Receptor Signaling Pathway (GO:0040036),14,3,1.2,2.54,0.1083802886842926,0.24458877959912181,1344.0
gobp,Regulation Of Potassium Ion Transport (GO:0043266),14,3,1.2,2.54,0.1083802886842926,0.24458877959912181,1344.0
gobp,Response To Steroid Hormone (GO:0048545),22,4,1.9,2.15,0.10919141946389366,0.24458877959912181,1344.0
gobp,Protein Kinase B Signaling (GO:0043491),22,4,1.9,2.15,0.10919141946389366,0.24458877959912181,1344.0
gobp,Carboxylic Acid Metabolic Process (GO:0019752),22,4,1.9,2.15,0.10919141946389366,0.24458877959912181,1344.0
gobp,Regulation Of Cardiac Muscle Contraction (GO:0055117),22,4,1.9,2.15,0.10919141946389366,0.24458877959912181,1344.0
gobp,Positive Regulation Of Cell Development (GO:0010720),22,4,1.9,2.15,0.10919141946389366,0.24458877959912181,1344.0
gobp,Heterophilic Cell-Cell Adhesion Via Plasma Membrane Cell Adhesion Molecules (GO:0007157),22,4,1.9,2.15,0.10919141946389366,0.24458877959912181,1344.0
gobp,Regulation Of calcineurin-NFAT Signaling Cascade (GO:0070884),22,4,1.9,2.15,0.10919141946389366,0.24458877959912181,1344.0
gobp,Cell Morphogenesis Involved In Differentiation (GO:0000904),22,4,1.9,2.15,0.10919141946389366,0.24458877959912181,1344.0
gobp,Negative Regulation Of Calcium Ion Transmembrane Transporter Activity (GO:1901020),22,4,1.9,2.15,0.10919141946389366,0.24458877959912181,1344.0
kegg,Adrenergic signaling in cardiomyocytes,106,13,8.9,1.45,0.1098680610123883,0.2900005796489784,227.0
gobp,Response To Tumor Necrosis Factor (GO:0034612),77,10,6.5,1.54,0.11237392269594466,0.2512987555796167,1344.0
gobp,Monoatomic Cation Homeostasis (GO:0055080),58,8,4.9,1.63,0.11281506904464814,0.25144851209951424,1344.0
gobp,Positive Regulation Of Endothelial Cell Proliferation (GO:0001938),58,8,4.9,1.63,0.11281506904464814,0.25144851209951424,1344.0
kegg,Hepatitis B,137,16,11.6,1.38,0.1148515127672369,0.2957562085004501,227.0
kegg,Cellular senescence,137,16,11.6,1.38,0.1148515127672369,0.2957562085004501,227.0
gobp,Establishment Of Protein Localization To Extracellular Region (GO:0035592),31,5,2.6,1.91,0.11576231410721931,0.2563172160792467,1344.0
gobp,Substrate Adhesion-Dependent Cell Spreading (GO:0034446),31,5,2.6,1.91,0.11576231410721931,0.2563172160792467,1344.0
gobp,Positive Regulation Of Telomerase Activity (GO:0051973),31,5,2.6,1.91,0.11576231410721931,0.2563172160792467,1344.0
gobp,Negative Regulation Of Tumor Necrosis Factor Production (GO:0032720),31,5,2.6,1.91,0.11576231410721931,0.2563172160792467,1344.0
kegg,Thyroid hormone signaling pathway,107,13,9.0,1.44,0.11595727998475797,0.2957562085004501,227.0
gobp,Regulation Of Fibroblast Proliferation (GO:0048145),40,6,3.4,1.78,0.11702005479748831,0.25867591060497414,1344.0
gobp,Cellular Component Assembly (GO:0022607),189,21,16.0,1.32,0.11775977038927446,0.25988363120391605,1344.0
kegg,MicroRNAs in cancer,158,18,13.3,1.35,0.11783205810237168,0.2971986354359819,227.0
gobp,Negative Regulation Of Cell Adhesion (GO:0007162),59,8,5.0,1.61,0.12143372551754075,0.26711444696493414,1344.0
gobp,Cellular Response To Hypoxia (GO:0071456),59,8,5.0,1.61,0.12143372551754075,0.26711444696493414,1344.0
gobp,Learning (GO:0007612),23,4,1.9,2.06,0.12381866095694676,0.2688405174897196,1344.0
gobp,Regulation Of Cell Size (GO:0008361),23,4,1.9,2.06,0.12381866095694676,0.2688405174897196,1344.0
gobp,Cyclic-Nucleotide-Mediated Signaling (GO:0019935),23,4,1.9,2.06,0.12381866095694676,0.2688405174897196,1344.0
gobp,Telomere Maintenance Via Telomere Lengthening (GO:0010833),23,4,1.9,2.06,0.12381866095694676,0.2688405174897196,1344.0
gobp,Positive Regulation Of Calcium Ion Transmembrane Transport (GO:1904427),23,4,1.9,2.06,0.12381866095694676,0.2688405174897196,1344.0
gobp,Positive Regulation Of Immunoglobulin Production (GO:0002639),23,4,1.9,2.06,0.12381866095694676,0.2688405174897196,1344.0
gobp,RNA Phosphodiester Bond Hydrolysis (GO:0090501),23,4,1.9,2.06,0.12381866095694676,0.2688405174897196,1344.0
gobp,Lamellipodium Assembly (GO:0030032),23,4,1.9,2.06,0.12381866095694676,0.2688405174897196,1344.0
gobp,Positive Regulation Of Transmembrane Receptor Protein Serine/Threonine Kinase Signaling Pathway (GO:0090100),69,9,5.8,1.55,0.12512532839480414,0.27070855861064574,1344.0
gobp,Negative Regulation Of Amyloid-Beta Formation (GO:1902430),15,3,1.3,2.37,0.12736771415289155,0.27070855861064574,1344.0
gobp,Negative Regulation Of Peptidyl-Serine Phosphorylation (GO:0033137),15,3,1.3,2.37,0.12736771415289155,0.27070855861064574,1344.0
gobp,Negative Regulation Of Axonogenesis (GO:0050771),15,3,1.3,2.37,0.12736771415289155,0.27070855861064574,1344.0
gobp,Atrioventricular Valve Morphogenesis (GO:0003181),15,3,1.3,2.37,0.12736771415289155,0.27070855861064574,1344.0
gobp,Negative Regulation Of Vascular Associated Smooth Muscle Cell Proliferation (GO:1904706),15,3,1.3,2.37,0.12736771415289155,0.27070855861064574,1344.0
gobp,Heart Contraction (GO:0060047),15,3,1.3,2.37,0.12736771415289155,0.27070855861064574,1344.0
gobp,Dorsal/Ventral Pattern Formation (GO:0009953),15,3,1.3,2.37,0.12736771415289155,0.27070855861064574,1344.0
gobp,Peptidyl-Threonine Dephosphorylation (GO:0035970),15,3,1.3,2.37,0.12736771415289155,0.27070855861064574,1344.0
gobp,Regulation Of Vascular Endothelial Cell Proliferation (GO:1905562),15,3,1.3,2.37,0.12736771415289155,0.27070855861064574,1344.0
gobp,Acute Inflammatory Response (GO:0002526),15,3,1.3,2.37,0.12736771415289155,0.27070855861064574,1344.0
gobp,Negative Regulation Of Tumor Necrosis Factor Superfamily Cytokine Production (GO:1903556),32,5,2.7,1.85,0.12821976009277042,0.27070855861064574,1344.0
gobp,Tumor Necrosis Factor-Mediated Signaling Pathway (GO:0033209),32,5,2.7,1.85,0.12821976009277042,0.27070855861064574,1344.0
kegg,Arachidonic acid metabolism,32,5,2.7,1.85,0.12821976009277042,0.31984489605559213,227.0
gobp,Negative Regulation Of Viral Genome Replication (GO:0045071),32,5,2.7,1.85,0.12821976009277042,0.27070855861064574,1344.0
gobp,Regulation Of Tumor Necrosis Factor-Mediated Signaling Pathway (GO:0010803),32,5,2.7,1.85,0.12821976009277042,0.27070855861064574,1344.0
gobp,Negative Regulation Of Cell Projection Organization (GO:0031345),32,5,2.7,1.85,0.12821976009277042,0.27070855861064574,1344.0
gobp,Positive Regulation Of Biomineral Tissue Development (GO:0070169),32,5,2.7,1.85,0.12821976009277042,0.27070855861064574,1344.0
hallmark,Apical Junction,160,18,13.5,1.33,0.12827469522351267,0.40314904213103986,44.0
gobp,Negative Regulation Of Canonical Wnt Signaling Pathway (GO:0090090),89,11,7.5,1.46,0.12850599731666068,0.27070855861064574,1344.0
gobp,Cell-Matrix Adhesion (GO:0007160),89,11,7.5,1.46,0.12850599731666068,0.27070855861064574,1344.0
gobp,Proteolysis (GO:0006508),202,22,17.0,1.29,0.12975675705400871,0.2729156204704033,1344.0
gobp,Response To Interleukin-1 (GO:0070555),60,8,5.1,1.58,0.1303892959982665,0.2738175215963597,1344.0
kegg,Apoptosis,120,14,10.1,1.38,0.13442623385088487,0.3316821204799007,227.0
gobp,Positive Regulation Of Protein-Containing Complex Assembly (GO:0031334),80,10,6.8,1.48,0.13521333436523775,0.28306342895152575,1344.0
gobp,Positive Regulation Of Kinase Activity (GO:0033674),80,10,6.8,1.48,0.13521333436523775,0.28306342895152575,1344.0
gobp,Inorganic Cation Transmembrane Transport (GO:0098662),151,17,12.7,1.33,0.13571157852287005,0.28366463691249977,1344.0
gobp,Regulation Of Cyclin-Dependent Protein Kinase Activity (GO:1904029),42,6,3.5,1.69,0.1392035813768527,0.2883131770404372,1344.0
gobp,Regulation Of Telomerase Activity (GO:0051972),42,6,3.5,1.69,0.1392035813768527,0.2883131770404372,1344.0
kegg,Endocrine and other factor-regulated calcium reabsorption,42,6,3.5,1.69,0.1392035813768527,0.33485071536564753,227.0
gobp,Regulation Of Potassium Ion Transmembrane Transport (GO:1901379),24,4,2.0,1.97,0.13922265766312777,0.2883131770404372,1344.0
gobp,Negative Regulation Of Myeloid Leukocyte Differentiation (GO:0002762),24,4,2.0,1.97,0.13922265766312777,0.2883131770404372,1344.0
gobp,Negative Regulation Of Secretion By Cell (GO:1903531),24,4,2.0,1.97,0.13922265766312777,0.2883131770404372,1344.0
gobp,Regulation Of Androgen Receptor Signaling Pathway (GO:0060765),24,4,2.0,1.97,0.13922265766312777,0.2883131770404372,1344.0
gobp,Regulation Of Actin Filament-Based Process (GO:0032970),61,8,5.1,1.55,0.13967406019489711,0.2883593500797876,1344.0
gobp,Regulation Of Fat Cell Differentiation (GO:0045598),61,8,5.1,1.55,0.13967406019489711,0.2883593500797876,1344.0
kegg,Bacterial invasion of epithelial cells,61,8,5.1,1.55,0.13967406019489711,0.33485071536564753,227.0
gobp,Bone Development (GO:0060348),33,5,2.8,1.8,0.1412574923545399,0.2898474346938957,1344.0
gobp,Establishment Or Maintenance Of Epithelial Cell Apical/Basal Polarity (GO:0045197),33,5,2.8,1.8,0.1412574923545399,0.2898474346938957,1344.0
gobp,Regulated Exocytosis (GO:0045055),33,5,2.8,1.8,0.1412574923545399,0.2898474346938957,1344.0
kegg,Ferroptosis,33,5,2.8,1.8,0.1412574923545399,0.33485071536564753,227.0
gobp,Positive Regulation Of Wound Healing (GO:0090303),33,5,2.8,1.8,0.1412574923545399,0.2898474346938957,1344.0
kegg,Salmonella infection,215,23,18.1,1.27,0.1416108752207144,0.33485071536564753,227.0
gobp,Positive Regulation Of MAP Kinase Activity (GO:0043406),71,9,6.0,1.5,0.14216513249703513,0.29126514950612076,1344.0
gobp,Protein Dephosphorylation (GO:0006470),101,12,8.5,1.41,0.1431415500130062,0.29281924386222274,1344.0
gobp,Ameboidal-Type Cell Migration (GO:0001667),16,3,1.4,2.22,0.14742981551225123,0.2952990641556865,1344.0
gobp,Regulation Of Transferase Activity (GO:0051338),16,3,1.4,2.22,0.14742981551225123,0.2952990641556865,1344.0
gobp,Response To Fibroblast Growth Factor (GO:0071774),16,3,1.4,2.22,0.14742981551225123,0.2952990641556865,1344.0
gobp,Positive Regulation Of Immune Effector Process (GO:0002699),16,3,1.4,2.22,0.14742981551225123,0.2952990641556865,1344.0
gobp,Carboxylic Acid Catabolic Process (GO:0046395),16,3,1.4,2.22,0.14742981551225123,0.2952990641556865,1344.0
gobp,Regulation Of Steroid Metabolic Process (GO:0019218),16,3,1.4,2.22,0.14742981551225123,0.2952990641556865,1344.0
gobp,Amyloid Precursor Protein Metabolic Process (GO:0042982),16,3,1.4,2.22,0.14742981551225123,0.2952990641556865,1344.0
gobp,Regulation Of Monoatomic Cation Transmembrane Transport (GO:1904062),16,3,1.4,2.22,0.14742981551225123,0.2952990641556865,1344.0
gobp,Regulation Of Vascular Endothelial Growth Factor Signaling Pathway (GO:1900746),16,3,1.4,2.22,0.14742981551225123,0.2952990641556865,1344.0
gobp,Axon Extension (GO:0048675),16,3,1.4,2.22,0.14742981551225123,0.2952990641556865,1344.0
gobp,Positive Regulation Of Epithelial Cell Apoptotic Process (GO:1904037),16,3,1.4,2.22,0.14742981551225123,0.2952990641556865,1344.0
gobp,Negative Regulation Of Interleukin-1 Production (GO:0032692),16,3,1.4,2.22,0.14742981551225123,0.2952990641556865,1344.0
gobp,Acylglycerol Homeostasis (GO:0055090),16,3,1.4,2.22,0.14742981551225123,0.2952990641556865,1344.0
gobp,Phosphate Ion Transport (GO:0006817),16,3,1.4,2.22,0.14742981551225123,0.2952990641556865,1344.0
kegg,Glycosaminoglycan degradation,16,3,1.4,2.22,0.14742981551225123,0.33917056411298874,227.0
kegg,Wnt signaling pathway,122,14,10.3,1.36,0.14761056893835947,0.33917056411298874,227.0
kegg,Proteoglycans in cancer,174,19,14.7,1.29,0.14792020196998185,0.33917056411298874,227.0
gobp,Protein Transport (GO:0015031),270,28,22.8,1.23,0.1490923474818142,0.2981148973336766,1344.0
gobp,Anterograde Trans-Synaptic Signaling (GO:0098916),62,8,5.2,1.53,0.14927926034640204,0.2981148973336766,1344.0
kegg,Chemical carcinogenesis,143,16,12.1,1.33,0.1498928222178504,0.33932277761333207,227.0
gobp,Positive Regulation Of Cellular Metabolic Process (GO:0031325),43,6,3.6,1.65,0.1509762138279583,0.30105642638690794,1344.0
kegg,Basal cell carcinoma,43,6,3.6,1.65,0.1509762138279583,0.33932277761333207,227.0
gobp,Positive Regulation Of Cell Death (GO:0010942),34,5,2.9,1.74,0.15484363988754696,0.3065815910121971,1344.0
gobp,Regulation Of Protein Localization To Cell Surface (GO:2000008),25,4,2.1,1.9,0.15534379723162667,0.3065815910121971,1344.0
gobp,Embryonic Limb Morphogenesis (GO:0030326),25,4,2.1,1.9,0.15534379723162667,0.3065815910121971,1344.0
gobp,Vascular Endothelial Growth Factor Receptor Signaling Pathway (GO:0048010),25,4,2.1,1.9,0.15534379723162667,0.3065815910121971,1344.0
gobp,Integrated Stress Response Signaling (GO:0140467),25,4,2.1,1.9,0.15534379723162667,0.3065815910121971,1344.0
gobp,Negative Regulation Of Insulin Receptor Signaling Pathway (GO:0046627),25,4,2.1,1.9,0.15534379723162667,0.3065815910121971,1344.0
gobp,Response To Peptide (GO:1901652),25,4,2.1,1.9,0.15534379723162667,0.3065815910121971,1344.0
gobp,Response To Molecule Of Bacterial Origin (GO:0002237),53,7,4.5,1.56,0.15639200131553616,0.3081977269326695,1344.0
kegg,Salivary secretion,53,7,4.5,1.56,0.15639200131553616,0.3446697504721039,227.0
kegg,Endometrial cancer,53,7,4.5,1.56,0.15639200131553616,0.3446697504721039,227.0
kegg,"Growth hormone synthesis, secretion and action",93,11,7.8,1.4,0.1595239197286385,0.34487552169905655,227.0
kegg,Estrogen signaling pathway,93,11,7.8,1.4,0.1595239197286385,0.34487552169905655,227.0
gobp,Insulin Receptor Signaling Pathway (GO:0008286),44,6,3.7,1.62,0.1631757117769848,0.3206259599828474,1344.0
gobp,Positive Regulation Of NIK/NF-kappaB Signaling (GO:1901224),44,6,3.7,1.62,0.1631757117769848,0.3206259599828474,1344.0
kegg,Influenza A,114,13,9.6,1.35,0.16385306011925435,0.35089287402896924,227.0
gobp,Positive Regulation Of Hydrolase Activity (GO:0051345),135,15,11.4,1.32,0.1657289611896027,0.3247686390454003,1344.0
gobp,Negative Regulation Of Cyclin-Dependent Protein Serine/Threonine Kinase Activity (GO:0045736),17,3,1.4,2.09,0.1684254028382768,0.3247686390454003,1344.0
gobp,Positive Regulation Of Vascular Associated Smooth Muscle Cell Proliferation (GO:1904707),17,3,1.4,2.09,0.1684254028382768,0.3247686390454003,1344.0
gobp,Potassium Ion Homeostasis (GO:0055075),17,3,1.4,2.09,0.1684254028382768,0.3247686390454003,1344.0
gobp,Cholesterol Efflux (GO:0033344),17,3,1.4,2.09,0.1684254028382768,0.3247686390454003,1344.0
gobp,Negative Regulation Of Phosphoprotein Phosphatase Activity (GO:0032515),17,3,1.4,2.09,0.1684254028382768,0.3247686390454003,1344.0
gobp,Negative Regulation Of Amyloid Precursor Protein Catabolic Process (GO:1902992),17,3,1.4,2.09,0.1684254028382768,0.3247686390454003,1344.0
gobp,Regulation Of Oxidative Stress-Induced Intrinsic Apoptotic Signaling Pathway (GO:1902175),17,3,1.4,2.09,0.1684254028382768,0.3247686390454003,1344.0
gobp,Regulation Of Toll-Like Receptor Signaling Pathway (GO:0034121),17,3,1.4,2.09,0.1684254028382768,0.3247686390454003,1344.0
gobp,Regulation Of Protein Processing (GO:0070613),17,3,1.4,2.09,0.1684254028382768,0.3247686390454003,1344.0
gobp,"Regulation Of Synaptic Transmission, Glutamatergic (GO:0051966)",17,3,1.4,2.09,0.1684254028382768,0.3247686390454003,1344.0
gobp,Negative Regulation Of Type II Interferon Production (GO:0032689),17,3,1.4,2.09,0.1684254028382768,0.3247686390454003,1344.0
gobp,Cellular Response To Steroid Hormone Stimulus (GO:0071383),17,3,1.4,2.09,0.1684254028382768,0.3247686390454003,1344.0
gobp,Positive Regulation Of Receptor-Mediated Endocytosis (GO:0048260),35,5,3.0,1.69,0.1689439784901169,0.3248053131372051,1344.0
gobp,Positive Regulation Of Metabolic Process (GO:0009893),84,10,7.1,1.41,0.1691514441495799,0.3248053131372051,1344.0
gobp,Monoatomic Cation Transmembrane Transport (GO:0098655),146,16,12.3,1.3,0.1693779187398207,0.3248053131372051,1344.0
gobp,Regulation Of Ras Protein Signal Transduction (GO:0046578),64,8,5.4,1.48,0.16941110454552144,0.3248053131372051,1344.0
kegg,TGF-beta signaling pathway,74,9,6.2,1.44,0.16979010921604706,0.3568736554818767,227.0
kegg,Pancreatic cancer,74,9,6.2,1.44,0.16979010921604706,0.3568736554818767,227.0
gobp,Negative Regulation Of Protein Metabolic Process (GO:0051248),115,13,9.7,1.34,0.17141754130494188,0.3262744783520639,1344.0
gobp,Odontogenesis (GO:0042476),26,4,2.2,1.82,0.17211949788066466,0.3262744783520639,1344.0
gobp,Regulation Of Transmembrane Receptor Protein Serine/Threonine Kinase Signaling Pathway (GO:0090092),26,4,2.2,1.82,0.17211949788066466,0.3262744783520639,1344.0
gobp,Clathrin-Dependent Endocytosis (GO:0072583),26,4,2.2,1.82,0.17211949788066466,0.3262744783520639,1344.0
gobp,Regulation Of Lamellipodium Assembly (GO:0010591),26,4,2.2,1.82,0.17211949788066466,0.3262744783520639,1344.0
gobp,Negative Regulation Of Cellular Response To Insulin Stimulus (GO:1900077),26,4,2.2,1.82,0.17211949788066466,0.3262744783520639,1344.0
gobp,Negative Regulation Of Protein Secretion (GO:0050709),26,4,2.2,1.82,0.17211949788066466,0.3262744783520639,1344.0
gobp,Regulation Of Cell Migration Involved In Sprouting Angiogenesis (GO:0090049),26,4,2.2,1.82,0.17211949788066466,0.3262744783520639,1344.0
gobp,Cell Junction Organization (GO:0034330),45,6,3.8,1.58,0.17577978064583044,0.3322757034992913,1344.0
gobp,Protein Secretion (GO:0009306),45,6,3.8,1.58,0.17577978064583044,0.3322757034992913,1344.0
kegg,Fluid shear stress and atherosclerosis,126,14,10.6,1.32,0.17596645986956605,0.3664622604623073,227.0
gobp,Response To Endoplasmic Reticulum Stress (GO:0034976),95,11,8.0,1.37,0.1763198943236968,0.33282856456607934,1344.0
gobp,Negative Regulation Of Multicellular Organismal Process (GO:0051241),179,19,15.1,1.26,0.1775110731993438,0.3346071281625779,1344.0
gobp,Regulation Of Actin Cytoskeleton Organization (GO:0032956),75,9,6.3,1.42,0.1795175932825049,0.33791546970824454,1344.0
kegg,Gastric cancer,106,12,8.9,1.34,0.18219708537598558,0.37598853073044297,227.0
gobp,Phosphatidylinositol Phosphate Biosynthetic Process (GO:0046854),36,5,3.0,1.65,0.18352233854833006,0.3444888589510553,1344.0
gobp,Cellular Response To Chemokine (GO:1990869),36,5,3.0,1.65,0.18352233854833006,0.3444888589510553,1344.0
kegg,Pathways in cancer,410,40,34.6,1.16,0.18726218214964332,0.3797274421282037,227.0
gobp,Protein Processing (GO:0016485),86,10,7.3,1.38,0.18750923143444087,0.35061691951231405,1344.0
gobp,Regulation Of G Protein-Coupled Receptor Signaling Pathway (GO:0008277),46,6,3.9,1.55,0.18876475974294096,0.35061691951231405,1344.0
gobp,Positive Regulation Of Small Molecule Metabolic Process (GO:0062013),27,4,2.3,1.76,0.18948514652367268,0.35061691951231405,1344.0
gobp,Lamellipodium Organization (GO:0097581),27,4,2.3,1.76,0.18948514652367268,0.35061691951231405,1344.0
gobp,Negative Regulation Of Catalytic Activity (GO:0043086),18,3,1.5,1.97,0.1902146678034119,0.35061691951231405,1344.0
gobp,Cortical Actin Cytoskeleton Organization (GO:0030866),18,3,1.5,1.97,0.1902146678034119,0.35061691951231405,1344.0
gobp,Positive Regulation Of Receptor Internalization (GO:0002092),18,3,1.5,1.97,0.1902146678034119,0.35061691951231405,1344.0
gobp,Purine Nucleoside Bisphosphate Metabolic Process (GO:0034032),18,3,1.5,1.97,0.1902146678034119,0.35061691951231405,1344.0
gobp,Ribonucleoside Bisphosphate Metabolic Process (GO:0033875),18,3,1.5,1.97,0.1902146678034119,0.35061691951231405,1344.0
gobp,Pulmonary Valve Development (GO:0003177),18,3,1.5,1.97,0.1902146678034119,0.35061691951231405,1344.0
gobp,Iron Ion Transport (GO:0006826),18,3,1.5,1.97,0.1902146678034119,0.35061691951231405,1344.0
gobp,Positive Regulation Of Vascular Endothelial Growth Factor Production (GO:0010575),18,3,1.5,1.97,0.1902146678034119,0.35061691951231405,1344.0
gobp,Negative Regulation Of Cyclin-Dependent Protein Kinase Activity (GO:1904030),18,3,1.5,1.97,0.1902146678034119,0.35061691951231405,1344.0
kegg,Non-small cell lung cancer,66,8,5.6,1.44,0.19069632879230236,0.3797274421282037,227.0
kegg,Hypertrophic cardiomyopathy,56,7,4.7,1.48,0.19070012512165296,0.3797274421282037,227.0
kegg,Thyroid hormone synthesis,56,7,4.7,1.48,0.19070012512165296,0.3797274421282037,227.0
gobp,Negative Regulation Of Cellular Catabolic Process (GO:0031330),56,7,4.7,1.48,0.19070012512165296,0.35061691951231405,1344.0
gobp,Extrinsic Apoptotic Signaling Pathway (GO:0097191),56,7,4.7,1.48,0.19070012512165296,0.35061691951231405,1344.0
gobp,Cellular Response To Growth Factor Stimulus (GO:0071363),128,14,10.8,1.3,0.1910894533407281,0.3508527667895336,1344.0
kegg,Hepatocellular carcinoma,139,15,11.7,1.28,0.19445585425216264,0.3838389470890515,227.0
gobp,Homophilic Cell Adhesion Via Plasma Membrane Adhesion Molecules (GO:0007156),37,5,3.1,1.6,0.19854099907994707,0.36403697512066696,1344.0
kegg,GABAergic synapse,47,6,4.0,1.51,0.2021058222663835,0.39550018667645737,227.0
gobp,Potassium Ion Transport (GO:0006813),47,6,4.0,1.51,0.2021058222663835,0.3700684266022063,1344.0
gobp,Fat Cell Differentiation (GO:0045444),57,7,4.8,1.46,0.2027625488655574,0.37026204575449606,1344.0
gobp,Regulation Of Actin Filament Polymerization (GO:0030833),57,7,4.8,1.46,0.2027625488655574,0.37026204575449606,1344.0
gobp,Positive Regulation Of Apoptotic Process (GO:0043065),216,22,18.2,1.21,0.20655192404955286,0.3751170039018213,1344.0
gobp,Icosanoid Metabolic Process (GO:0006690),28,4,2.4,1.69,0.20737495081774796,0.3751170039018213,1344.0
gobp,Regulation Of Amyloid-Beta Formation (GO:1902003),28,4,2.4,1.69,0.20737495081774796,0.3751170039018213,1344.0
gobp,Positive Regulation Of Signaling Receptor Activity (GO:2000273),28,4,2.4,1.69,0.20737495081774796,0.3751170039018213,1344.0
gobp,Cellular Response To Heat (GO:0034605),28,4,2.4,1.69,0.20737495081774796,0.3751170039018213,1344.0
gobp,Cellular Response To Vascular Endothelial Growth Factor Stimulus (GO:0035924),28,4,2.4,1.69,0.20737495081774796,0.3751170039018213,1344.0
gobp,Negative Regulation Of G1/S Transition Of Mitotic Cell Cycle (GO:2000134),28,4,2.4,1.69,0.20737495081774796,0.3751170039018213,1344.0
gobp,Synapse Organization (GO:0050808),78,9,6.6,1.37,0.210126546998616,0.37806435236408975,1344.0
gobp,Positive Regulation Of Protein Catabolic Process (GO:0045732),78,9,6.6,1.37,0.210126546998616,0.37806435236408975,1344.0
gobp,Positive Regulation Of Endopeptidase Activity (GO:0010950),19,3,1.6,1.87,0.21266119820480048,0.37806435236408975,1344.0
gobp,Cardiac Muscle Cell Action Potential Involved In Contraction (GO:0086002),19,3,1.6,1.87,0.21266119820480048,0.37806435236408975,1344.0
gobp,Regulation Of Vascular Endothelial Growth Factor Receptor Signaling Pathway (GO:0030947),19,3,1.6,1.87,0.21266119820480048,0.37806435236408975,1344.0
gobp,Positive Regulation Of Cholesterol Efflux (GO:0010875),19,3,1.6,1.87,0.21266119820480048,0.37806435236408975,1344.0
gobp,Negative Regulation Of Signaling (GO:0023057),19,3,1.6,1.87,0.21266119820480048,0.37806435236408975,1344.0
gobp,Regulation Of Cellular Response To Transforming Growth Factor Beta Stimulus (GO:1903844),19,3,1.6,1.87,0.21266119820480048,0.37806435236408975,1344.0
gobp,Striated Muscle Contraction (GO:0006941),19,3,1.6,1.87,0.21266119820480048,0.37806435236408975,1344.0
gobp,Negative Regulation Of Neurogenesis (GO:0050768),19,3,1.6,1.87,0.21266119820480048,0.37806435236408975,1344.0
gobp,Negative Regulation Of Protein Transport (GO:0051224),19,3,1.6,1.87,0.21266119820480048,0.37806435236408975,1344.0
gobp,Negative Regulation Of Ossification (GO:0030279),19,3,1.6,1.87,0.21266119820480048,0.37806435236408975,1344.0
gobp,Dendritic Spine Organization (GO:0097061),19,3,1.6,1.87,0.21266119820480048,0.37806435236408975,1344.0
kegg,Proximal tubule bicarbonate reclamation,19,3,1.6,1.87,0.21266119820480048,0.4014870336043764,227.0
kegg,Inflammatory mediator regulation of TRP channels,68,8,5.7,1.39,0.21303391817051376,0.4014870336043764,227.0
kegg,Bladder cancer,38,5,3.2,1.56,0.21396106454114885,0.4014870336043764,227.0
gobp,Regulation Of Chromosome Organization (GO:0033044),38,5,3.2,1.56,0.21396106454114885,0.37987274867015064,1344.0
kegg,Mineral absorption,38,5,3.2,1.56,0.21396106454114885,0.4014870336043764,227.0
kegg,Circadian entrainment,58,7,4.9,1.43,0.21510828138999594,0.4014870336043764,227.0
gobp,Modulation Of Chemical Synaptic Transmission (GO:0050804),58,7,4.9,1.43,0.21510828138999594,0.3809032018289256,1344.0
gobp,Potassium Ion Transmembrane Transport (GO:0071805),58,7,4.9,1.43,0.21510828138999594,0.3809032018289256,1344.0
kegg,Arrhythmogenic right ventricular cardiomyopathy,48,6,4.1,1.48,0.21577717224552384,0.4014870336043764,227.0
gobp,Sensory Perception Of Sound (GO:0007605),48,6,4.1,1.48,0.21577717224552384,0.3815848940762948,1344.0
gobp,Protein Localization To Membrane (GO:0072657),153,16,12.9,1.24,0.21952143121401807,0.38769619389177434,1344.0
gobp,Regulation Of Phosphatidylinositol 3-Kinase Signaling (GO:0014066),69,8,5.8,1.37,0.22456291355093516,0.3955603614842161,1344.0
kegg,Glycerophospholipid metabolism,69,8,5.8,1.37,0.22456291355093516,0.41443724695985595,227.0
gobp,Positive Regulation Of Ubiquitin-Dependent Protein Catabolic Process (GO:2000060),69,8,5.8,1.37,0.22456291355093516,0.3955603614842161,1344.0
gobp,Regulation Of Axon Extension (GO:0030516),29,4,2.4,1.63,0.22572270431643765,0.3970828725147804,1344.0
gobp,Regulation Of Cellular Biosynthetic Process (GO:0031326),59,7,5.0,1.41,0.22771831775744203,0.3995475444725876,1344.0
gobp,Cellular Response To Interleukin-1 (GO:0071347),59,7,5.0,1.41,0.22771831775744203,0.3995475444725876,1344.0
gobp,Negative Regulation Of Response To Stimulus (GO:0048585),39,5,3.3,1.52,0.22974282163723692,0.4020499378651646,1344.0
gobp,Protein Homotetramerization (GO:0051289),39,5,3.3,1.52,0.22974282163723692,0.4020499378651646,1344.0
gobp,Cellular Response To Organic Cyclic Compound (GO:0071407),112,12,9.5,1.27,0.23488505170061957,0.407184779765335,1344.0
gobp,Regulation Of Cardiac Muscle Hypertrophy (GO:0010611),20,3,1.7,1.78,0.2356335388188474,0.407184779765335,1344.0
gobp,In Utero Embryonic Development (GO:0001701),20,3,1.7,1.78,0.2356335388188474,0.407184779765335,1344.0
gobp,Synaptic Vesicle Exocytosis (GO:0016079),20,3,1.7,1.78,0.2356335388188474,0.407184779765335,1344.0
gobp,Negative Regulation Of Protein Tyrosine Kinase Activity (GO:0061099),20,3,1.7,1.78,0.2356335388188474,0.407184779765335,1344.0
gobp,Adenylate Cyclase-Inhibiting G Protein-Coupled Receptor Signaling Pathway (GO:0007193),20,3,1.7,1.78,0.2356335388188474,0.407184779765335,1344.0
gobp,Cellular Response To Topologically Incorrect Protein (GO:0035967),20,3,1.7,1.78,0.2356335388188474,0.407184779765335,1344.0
gobp,Regulation Of Regulated Secretory Pathway (GO:1903305),20,3,1.7,1.78,0.2356335388188474,0.407184779765335,1344.0
gobp,Positive Regulation Of Erythrocyte Differentiation (GO:0045648),20,3,1.7,1.78,0.2356335388188474,0.407184779765335,1344.0
gobp,Regulation Of Endothelial Cell Proliferation (GO:0001936),70,8,5.9,1.35,0.23631259539952482,0.407184779765335,1344.0
gobp,Positive Regulation Of Proteasomal Ubiquitin-Dependent Protein Catabolic Process (GO:0032436),70,8,5.9,1.35,0.23631259539952482,0.407184779765335,1344.0
gobp,Cellular Response To Salt (GO:1902075),70,8,5.9,1.35,0.23631259539952482,0.407184779765335,1344.0
kegg,Retrograde endocannabinoid signaling,91,10,7.7,1.3,0.23696328412834894,0.4337956894930259,227.0
gobp,Positive Regulation Of Epithelial Cell Proliferation (GO:0050679),91,10,7.7,1.3,0.23696328412834894,0.4077831675653022,1344.0
kegg,Calcium signaling pathway,134,14,11.3,1.24,0.23986476003242035,0.43559440421887535,227.0
gobp,Regulation Of Cell Migration (GO:0030334),344,33,29.0,1.14,0.24371981248975622,0.4143222622572582,1344.0
gobp,Regulation Of Canonical Wnt Signaling Pathway (GO:0060828),167,17,14.1,1.21,0.2437500147017008,0.4143222622572582,1344.0
kegg,VEGF signaling pathway,50,6,4.2,1.42,0.2440038518997955,0.4364880079464208,227.0
gobp,Phosphatidylinositol-Mediated Signaling (GO:0048015),50,6,4.2,1.42,0.2440038518997955,0.4143222622572582,1344.0
kegg,Cushing syndrome,113,12,9.5,1.26,0.2442025418907288,0.4364880079464208,227.0
gobp,Positive Regulation Of GTPase Activity (GO:0043547),178,18,15.0,1.2,0.2444053154665203,0.4143222622572582,1344.0
gobp,Positive Regulation Of Protein Tyrosine Kinase Activity (GO:0061098),30,4,2.5,1.58,0.24446246575149239,0.4143222622572582,1344.0
gobp,Import Into Cell (GO:0098657),30,4,2.5,1.58,0.24446246575149239,0.4143222622572582,1344.0
gobp,Positive Regulation Of Bone Mineralization (GO:0030501),30,4,2.5,1.58,0.24446246575149239,0.4143222622572582,1344.0
hallmark,Notch Signaling,30,4,2.5,1.58,0.24446246575149239,0.6760767036180167,44.0
gobp,Positive Regulation Of Ras Protein Signal Transduction (GO:0046579),30,4,2.5,1.58,0.24446246575149239,0.4143222622572582,1344.0
gobp,Endoderm Formation (GO:0001706),30,4,2.5,1.58,0.24446246575149239,0.4143222622572582,1344.0
gobp,Positive Regulation Of Actin Filament Polymerization (GO:0030838),30,4,2.5,1.58,0.24446246575149239,0.4143222622572582,1344.0
gobp,Embryonic Organ Morphogenesis (GO:0048562),30,4,2.5,1.58,0.24446246575149239,0.4143222622572582,1344.0
gobp,Response To Organonitrogen Compound (GO:0010243),30,4,2.5,1.58,0.24446246575149239,0.4143222622572582,1344.0
gobp,Positive Regulation Of Protein Localization To Plasma Membrane (GO:1903078),40,5,3.4,1.48,0.24584607404291517,0.41543722809564865,1344.0
hallmark,Apical Surface,40,5,3.4,1.48,0.24584607404291517,0.6760767036180167,44.0
gobp,Positive Regulation Of Protein Localization To Cell Periphery (GO:1904377),40,5,3.4,1.48,0.24584607404291517,0.41543722809564865,1344.0
gobp,Positive Regulation Of Cellular Process (GO:0048522),423,40,35.7,1.12,0.2460476440209348,0.41543722809564865,1344.0
gobp,Negative Regulation Of Macromolecule Metabolic Process (GO:0010605),146,15,12.3,1.22,0.2498068499370372,0.42125521495028606,1344.0
kegg,Relaxin signaling pathway,103,11,8.7,1.27,0.25096555684108357,0.44328429426257937,227.0
kegg,Prion disease,201,20,17.0,1.18,0.25210141112200546,0.44328429426257937,227.0
gobp,Positive Regulation Of DNA Biosynthetic Process (GO:2000573),61,7,5.1,1.36,0.25365259862636996,0.42666970282082756,1344.0
gobp,Cellular Response To Decreased Oxygen Levels (GO:0036294),61,7,5.1,1.36,0.25365259862636996,0.42666970282082756,1344.0
kegg,Phosphatidylinositol signaling system,82,9,6.9,1.3,0.2538632522208604,0.44328429426257937,227.0
gobp,Positive Regulation Of Protein Binding (GO:0032092),51,6,4.3,1.39,0.25850444151626084,0.4307438347722333,1344.0
gobp,Negative Regulation Of Autophagy (GO:0010507),51,6,4.3,1.39,0.25850444151626084,0.4307438347722333,1344.0
gobp,Antimicrobial Humoral Immune Response Mediated By Antimicrobial Peptide (GO:0061844),21,3,1.8,1.69,0.2590063694435224,0.4307438347722333,1344.0
kegg,Olfactory transduction,21,3,1.8,1.69,0.2590063694435224,0.44446450669915594,227.0
gobp,Negative Regulation Of Sequestering Of Calcium Ion (GO:0051283),21,3,1.8,1.69,0.2590063694435224,0.4307438347722333,1344.0
gobp,Positive Regulation Of Locomotion (GO:0040017),21,3,1.8,1.69,0.2590063694435224,0.4307438347722333,1344.0
gobp,Prostaglandin Metabolic Process (GO:0006693),21,3,1.8,1.69,0.2590063694435224,0.4307438347722333,1344.0
gobp,Regulation Of Actin Cytoskeleton Reorganization (GO:2000249),21,3,1.8,1.69,0.2590063694435224,0.4307438347722333,1344.0
gobp,Glutamine Family Amino Acid Metabolic Process (GO:0009064),21,3,1.8,1.69,0.2590063694435224,0.4307438347722333,1344.0
gobp,Positive Regulation Of Response To Wounding (GO:1903036),21,3,1.8,1.69,0.2590063694435224,0.4307438347722333,1344.0
gobp,Regulation Of GTPase Activity (GO:0043087),169,17,14.3,1.19,0.2592795850675125,0.4307438347722333,1344.0
kegg,IL-17 signaling pathway,72,8,6.1,1.32,0.2604131250704306,0.44446450669915594,227.0
kegg,GnRH signaling pathway,72,8,6.1,1.32,0.2604131250704306,0.44446450669915594,227.0
gobp,Negative Regulation Of Protein Modification By Small Protein Conjugation Or Removal (GO:1903321),41,5,3.5,1.44,0.2622304535300972,0.433502742367098,1344.0
gobp,Negative Regulation Of Protein Catabolic Process (GO:0042177),41,5,3.5,1.44,0.2622304535300972,0.433502742367098,1344.0
gobp,Regulation Of Heart Contraction (GO:0008016),41,5,3.5,1.44,0.2622304535300972,0.433502742367098,1344.0
gobp,Cytoplasmic Microtubule Organization (GO:0031122),41,5,3.5,1.44,0.2622304535300972,0.433502742367098,1344.0
kegg,FoxO signaling pathway,115,12,9.7,1.24,0.2632365344246749,0.445930547122397,227.0
gobp,Response To Transforming Growth Factor Beta (GO:0071559),31,4,2.6,1.53,0.2635291548839775,0.4335167492828222,1344.0
gobp,Chromosome Organization (GO:0051276),31,4,2.6,1.53,0.2635291548839775,0.4335167492828222,1344.0
gobp,Negative Regulation Of Type I Interferon Production (GO:0032480),31,4,2.6,1.53,0.2635291548839775,0.4335167492828222,1344.0
gobp,Regulation Of Receptor Internalization (GO:0002090),31,4,2.6,1.53,0.2635291548839775,0.4335167492828222,1344.0
gobp,Positive Regulation Of Epithelial Cell Migration (GO:0010634),83,9,7.0,1.28,0.2652413859703873,0.43526791543858434,1344.0
gobp,MAPK Cascade (GO:0000165),83,9,7.0,1.28,0.2652413859703873,0.43526791543858434,1344.0
gobp,Regulation Of Cytoskeleton Organization (GO:0051493),94,10,7.9,1.26,0.2687129379195372,0.4404270592242171,1344.0
gobp,Positive Regulation Of Cell Migration (GO:0030335),226,22,19.1,1.15,0.2721901669149536,0.44558292854287174,1344.0
kegg,Chronic myeloid leukemia,73,8,6.2,1.3,0.2727327122062208,0.45859500496897865,227.0
gobp,Regulation Of Protein Phosphorylation (GO:0001932),204,20,17.2,1.16,0.27373717156191096,0.44757026591144566,1344.0
kegg,Regulation of actin cytoskeleton,171,17,14.4,1.18,0.2751702764858307,0.4592915644285556,227.0
gobp,Negative Regulation Of Cellular Process (GO:0048523),395,37,33.3,1.11,0.27554398584856615,0.44997705586934744,1344.0
gobp,Regulation Of Wnt Signaling Pathway (GO:0030111),84,9,7.1,1.27,0.2767721789888842,0.4508870406800731,1344.0
gobp,Intracellular Calcium Ion Homeostasis (GO:0006874),84,9,7.1,1.27,0.2767721789888842,0.4508870406800731,1344.0
gobp,Calcium Ion Homeostasis (GO:0055074),63,7,5.3,1.32,0.2804041428433588,0.4552845364838055,1344.0
gobp,Positive Regulation Of Neuron Projection Development (GO:0010976),63,7,5.3,1.32,0.2804041428433588,0.4552845364838055,1344.0
gobp,Peroxisome Organization (GO:0007031),22,3,1.9,1.62,0.28266136154556903,0.4552845364838055,1344.0
gobp,Regulation Of NLRP3 Inflammasome Complex Assembly (GO:1900225),22,3,1.9,1.62,0.28266136154556903,0.4552845364838055,1344.0
gobp,Regulation Of Lipid Biosynthetic Process (GO:0046890),22,3,1.9,1.62,0.28266136154556903,0.4552845364838055,1344.0
gobp,Positive Regulation Of Peptidase Activity (GO:0010952),22,3,1.9,1.62,0.28266136154556903,0.4552845364838055,1344.0
kegg,Lysosome,117,12,9.9,1.22,0.2827539700433185,0.46850475328345476,227.0
gobp,Regulation Of Phosphoprotein Phosphatase Activity (GO:0043666),32,4,2.7,1.48,0.28285906842557856,0.4552845364838055,1344.0
gobp,Stem Cell Differentiation (GO:0048863),32,4,2.7,1.48,0.28285906842557856,0.4552845364838055,1344.0
gobp,Mitochondrion Disassembly (GO:0061726),32,4,2.7,1.48,0.28285906842557856,0.4552845364838055,1344.0
gobp,Positive Regulation Of Developmental Growth (GO:0048639),32,4,2.7,1.48,0.28285906842557856,0.4552845364838055,1344.0
gobp,Positive Regulation Of Protein Localization To Membrane (GO:1905477),64,7,5.4,1.3,0.29403486684484753,0.4727067715783195,1344.0
gobp,Positive Regulation Of T Cell Differentiation (GO:0045582),43,5,3.6,1.38,0.29568195556270244,0.47365500390497267,1344.0
gobp,Negative Regulation Of Protein Ubiquitination (GO:0031397),43,5,3.6,1.38,0.29568195556270244,0.47365500390497267,1344.0
gobp,Myeloid Cell Differentiation (GO:0030099),43,5,3.6,1.38,0.29568195556270244,0.47365500390497267,1344.0
hallmark,Myogenesis,141,14,11.9,1.18,0.30212186569138316,0.732404478707875,44.0
gobp,Negative Regulation Of Neuron Projection Development (GO:0010977),33,4,2.8,1.44,0.30239032029744595,0.48087629617362027,1344.0
gobp,Positive Regulation Of Ossification (GO:0045778),33,4,2.8,1.44,0.30239032029744595,0.48087629617362027,1344.0
gobp,Anterograde Axonal Transport (GO:0008089),33,4,2.8,1.44,0.30239032029744595,0.48087629617362027,1344.0
kegg,Type II diabetes mellitus,33,4,2.8,1.44,0.30239032029744595,0.4934235675594806,227.0
kegg,Thyroid cancer,33,4,2.8,1.44,0.30239032029744595,0.4934235675594806,227.0
gobp,Cartilage Development (GO:0051216),33,4,2.8,1.44,0.30239032029744595,0.48087629617362027,1344.0
gobp,Melanosome Organization (GO:0032438),33,4,2.8,1.44,0.30239032029744595,0.48087629617362027,1344.0
gobp,Negative Regulation Of I-kappaB kinase/NF-kappaB Signaling (GO:0043124),33,4,2.8,1.44,0.30239032029744595,0.48087629617362027,1344.0
gobp,Ras Protein Signal Transduction (GO:0007265),119,12,10.0,1.19,0.3026944542878592,0.48087629617362027,1344.0
gobp,Negative Regulation Of Epithelial Cell Proliferation (GO:0050680),54,6,4.6,1.32,0.3032216193597422,0.4811450489014091,1344.0
gobp,Regulation Of Blood Coagulation (GO:0030193),23,3,1.9,1.55,0.3064877666338624,0.4817772612349837,1344.0
gobp,Regulation Of Heart Rate By Cardiac Conduction (GO:0086091),23,3,1.9,1.55,0.3064877666338624,0.4817772612349837,1344.0
gobp,Regulation Of Myeloid Cell Differentiation (GO:0045637),23,3,1.9,1.55,0.3064877666338624,0.4817772612349837,1344.0
kegg,Mucin type O-glycan biosynthesis,23,3,1.9,1.55,0.3064877666338624,0.4934235675594806,227.0
gobp,Triglyceride Homeostasis (GO:0070328),23,3,1.9,1.55,0.3064877666338624,0.4817772612349837,1344.0
gobp,Positive Regulation Of Fibroblast Proliferation (GO:0048146),23,3,1.9,1.55,0.3064877666338624,0.4817772612349837,1344.0
gobp,Release Of Sequestered Calcium Ion Into Cytosol (GO:0051209),23,3,1.9,1.55,0.3064877666338624,0.4817772612349837,1344.0
kegg,Porphyrin and chlorophyll metabolism,23,3,1.9,1.55,0.3064877666338624,0.4934235675594806,227.0
gobp,Chondrocyte Differentiation (GO:0002062),23,3,1.9,1.55,0.3064877666338624,0.4817772612349837,1344.0
gobp,Negative Regulation Of Osteoblast Differentiation (GO:0045668),23,3,1.9,1.55,0.3064877666338624,0.4817772612349837,1344.0
gobp,Regulation Of Protein Localization To Plasma Membrane (GO:1903076),65,7,5.5,1.28,0.30780788298592343,0.4821605999220059,1344.0
gobp,Negative Regulation Of Protein Modification Process (GO:0031400),65,7,5.5,1.28,0.30780788298592343,0.4821605999220059,1344.0
gobp,Vesicle Fusion (GO:0006906),65,7,5.5,1.28,0.30780788298592343,0.4821605999220059,1344.0
gobp,Positive Regulation Of Proteasomal Protein Catabolic Process (GO:1901800),76,8,6.4,1.25,0.3105766774046512,0.48593137884965215,1344.0
gobp,Protein Maturation (GO:0051604),87,9,7.3,1.23,0.3121513758398966,0.4863754552770253,1344.0
gobp,Positive Regulation Of Cysteine-Type Endopeptidase Activity Involved In Apoptotic Process (GO:0043280),87,9,7.3,1.23,0.3121513758398966,0.4863754552770253,1344.0
kegg,Cortisol synthesis and secretion,44,5,3.7,1.35,0.31266993553523054,0.49983151666547415,227.0
gobp,"Retrograde Vesicle-Mediated Transport, Golgi To Endoplasmic Reticulum (GO:0006890)",44,5,3.7,1.35,0.31266993553523054,0.4863754552770253,1344.0
gobp,Intrinsic Apoptotic Signaling Pathway In Response To DNA Damage (GO:0008630),44,5,3.7,1.35,0.31266993553523054,0.4863754552770253,1344.0
hallmark,Reactive Oxygen Species Pathway,44,5,3.7,1.35,0.31266993553523054,0.732404478707875,44.0
gobp,Endosome Organization (GO:0007032),44,5,3.7,1.35,0.31266993553523054,0.4863754552770253,1344.0
gobp,Negative Regulation Of Wnt Signaling Pathway (GO:0030178),109,11,9.2,1.2,0.31306894524222123,0.48643313572895414,1344.0
hallmark,p53 Pathway,176,17,14.9,1.14,0.3162655703511278,0.732404478707875,44.0
gobp,Positive Regulation Of Phosphorylation (GO:0042327),176,17,14.9,1.14,0.3162655703511278,0.4908324786973623,1344.0
gobp,Negative Regulation Of Kinase Activity (GO:0033673),55,6,4.6,1.29,0.31843985719351803,0.49363687205085144,1344.0
kegg,Serotonergic synapse,55,6,4.6,1.29,0.31843985719351803,0.5036307698941129,227.0
kegg,Inositol phosphate metabolism,66,7,5.6,1.26,0.3217024741614377,0.5036307698941129,227.0
kegg,Gap junction,66,7,5.6,1.26,0.3217024741614377,0.5036307698941129,227.0
gobp,Regulation Of Intracellular Protein Transport (GO:0033157),34,4,2.9,1.39,0.32206321101876567,0.49753213288416215,1344.0
gobp,Regulation Of Cellular Component Biogenesis (GO:0044087),34,4,2.9,1.39,0.32206321101876567,0.49753213288416215,1344.0
gobp,Regulation Of T Cell Differentiation (GO:0045580),34,4,2.9,1.39,0.32206321101876567,0.49753213288416215,1344.0
kegg,Small cell lung cancer,88,9,7.4,1.21,0.3241631317346625,0.5040070609847149,227.0
gobp,Actin Polymerization Or Depolymerization (GO:0008154),45,5,3.8,1.32,0.32978120489640567,0.5057340082896262,1344.0
kegg,Regulation of lipolysis in adipocytes,45,5,3.8,1.32,0.32978120489640567,0.5084931401648739,227.0
gobp,Regulation Of Reactive Oxygen Species Metabolic Process (GO:2000377),45,5,3.8,1.32,0.32978120489640567,0.5057340082896262,1344.0
gobp,Positive Regulation Of Cholesterol Transport (GO:0032376),24,3,2.0,1.48,0.33038278220111,0.5057340082896262,1344.0
gobp,Regulation Of Glucose Metabolic Process (GO:0010906),24,3,2.0,1.48,0.33038278220111,0.5057340082896262,1344.0
gobp,acyl-CoA Metabolic Process (GO:0006637),24,3,2.0,1.48,0.33038278220111,0.5057340082896262,1344.0
gobp,miRNA-mediated Gene Silencing (GO:0035195),24,3,2.0,1.48,0.33038278220111,0.5057340082896262,1344.0
gobp,Positive Regulation Of Release Of Sequestered Calcium Ion Into Cytosol (GO:0051281),24,3,2.0,1.48,0.33038278220111,0.5057340082896262,1344.0
gobp,Artery Morphogenesis (GO:0048844),24,3,2.0,1.48,0.33038278220111,0.5057340082896262,1344.0
kegg,cAMP signaling pathway,133,13,11.2,1.16,0.3317642677116011,0.5084931401648739,227.0
kegg,Melanoma,56,6,4.7,1.27,0.3337686250421419,0.5084931401648739,227.0
gobp,Positive Regulation Of Protein Polymerization (GO:0032273),56,6,4.7,1.27,0.3337686250421419,0.5091771078962981,1344.0
gobp,Cell Junction Assembly (GO:0034329),56,6,4.7,1.27,0.3337686250421419,0.5091771078962981,1344.0
gobp,Peptidyl-Tyrosine Phosphorylation (GO:0018108),56,6,4.7,1.27,0.3337686250421419,0.5091771078962981,1344.0
gobp,Negative Regulation Of Cell Cycle (GO:0045786),67,7,5.7,1.24,0.33569805892239013,0.5096921429566202,1344.0
gobp,Regulation Of Cyclin-Dependent Protein Serine/Threonine Kinase Activity (GO:0000079),67,7,5.7,1.24,0.33569805892239013,0.5096921429566202,1344.0
gobp,Cellular Response To Insulin Stimulus (GO:0032869),89,9,7.5,1.2,0.33626232953057766,0.5096921429566202,1344.0
gobp,Positive Regulation Of Cellular Component Organization (GO:0051130),89,9,7.5,1.2,0.33626232953057766,0.5096921429566202,1344.0
gobp,Regulation Of JNK Cascade (GO:0046328),89,9,7.5,1.2,0.33626232953057766,0.5096921429566202,1344.0
gobp,Positive Regulation Of Supramolecular Fiber Organization (GO:1902905),78,8,6.6,1.22,0.33638164494235284,0.5096921429566202,1344.0
gobp,Phosphate-Containing Compound Metabolic Process (GO:0006796),134,13,11.3,1.15,0.34163776853663674,0.5138778457804674,1344.0
gobp,Collagen Fibril Organization (GO:0030199),35,4,3.0,1.35,0.341820531345043,0.5138778457804674,1344.0
gobp,Regulation Of JUN Kinase Activity (GO:0043506),35,4,3.0,1.35,0.341820531345043,0.5138778457804674,1344.0
gobp,Phosphatidylcholine Metabolic Process (GO:0046470),35,4,3.0,1.35,0.341820531345043,0.5138778457804674,1344.0
gobp,Axonal Transport (GO:0098930),35,4,3.0,1.35,0.341820531345043,0.5138778457804674,1344.0
gobp,Synapse Assembly (GO:0007416),35,4,3.0,1.35,0.341820531345043,0.5138778457804674,1344.0
gobp,Regulation Of Wound Healing (GO:0061041),35,4,3.0,1.35,0.341820531345043,0.5138778457804674,1344.0
hallmark,Wnt-beta Catenin Signaling,35,4,3.0,1.35,0.341820531345043,0.7520051689590945,44.0
gobp,Negative Regulation Of Gene Expression (GO:0010629),259,24,21.9,1.1,0.3461287041811329,0.5197731602451873,1344.0
gobp,Sodium Ion Transmembrane Transport (GO:0035725),46,5,3.9,1.29,0.3469783323541451,0.5198872672062107,1344.0
kegg,Amphetamine addiction,46,5,3.9,1.29,0.3469783323541451,0.5238075353564432,227.0
gobp,Regulation Of Neuron Differentiation (GO:0045664),46,5,3.9,1.29,0.3469783323541451,0.5198872672062107,1344.0
kegg,HIF-1 signaling pathway,90,9,7.6,1.18,0.3484358495102331,0.5238075353564432,227.0
gobp,Positive Regulation Of Cell Motility (GO:2000147),180,17,15.2,1.12,0.3502686374157864,0.5242327936378808,1344.0
gobp,Positive Regulation Of Mononuclear Cell Migration (GO:0071677),25,3,2.1,1.42,0.35425173469694876,0.5243549905646466,1344.0
gobp,Potassium Ion Import Across Plasma Membrane (GO:1990573),25,3,2.1,1.42,0.35425173469694876,0.5243549905646466,1344.0
gobp,Receptor Signaling Pathway Via STAT (GO:0097696),25,3,2.1,1.42,0.35425173469694876,0.5243549905646466,1344.0
gobp,Positive Regulation Of Myeloid Leukocyte Differentiation (GO:0002763),25,3,2.1,1.42,0.35425173469694876,0.5243549905646466,1344.0
gobp,Phosphatidylinositol 3-Kinase Signaling (GO:0014065),25,3,2.1,1.42,0.35425173469694876,0.5243549905646466,1344.0
gobp,Regulation Of Cholesterol Efflux (GO:0010874),25,3,2.1,1.42,0.35425173469694876,0.5243549905646466,1344.0
gobp,Cardiac Ventricle Morphogenesis (GO:0003208),25,3,2.1,1.42,0.35425173469694876,0.5243549905646466,1344.0
gobp,Regulation Of Protein Modification By Small Protein Conjugation Or Removal (GO:1903320),25,3,2.1,1.42,0.35425173469694876,0.5243549905646466,1344.0
gobp,Protein Localization To Golgi Apparatus (GO:0034067),25,3,2.1,1.42,0.35425173469694876,0.5243549905646466,1344.0
gobp,Retinoid Metabolic Process (GO:0001523),25,3,2.1,1.42,0.35425173469694876,0.5243549905646466,1344.0
gobp,Neurogenesis (GO:0022008),36,4,3.0,1.32,0.36160780544463217,0.531729639515958,1344.0
gobp,Regulation Of Cell Development (GO:0060284),36,4,3.0,1.32,0.36160780544463217,0.531729639515958,1344.0
gobp,Regulation Of Cell Death (GO:0010941),36,4,3.0,1.32,0.36160780544463217,0.531729639515958,1344.0
gobp,Cellular Response To Virus (GO:0098586),36,4,3.0,1.32,0.36160780544463217,0.531729639515958,1344.0
gobp,Muscle Organ Development (GO:0007517),36,4,3.0,1.32,0.36160780544463217,0.531729639515958,1344.0
gobp,Inorganic Anion Transmembrane Transport (GO:0098661),36,4,3.0,1.32,0.36160780544463217,0.531729639515958,1344.0
kegg,Choline metabolism in cancer,80,8,6.8,1.18,0.3624964011615086,0.5410182181761465,227.0
gobp,Activation Of GTPase Activity (GO:0090630),80,8,6.8,1.18,0.3624964011615086,0.532453730230675,1344.0
gobp,Selective Autophagy (GO:0061912),47,5,4.0,1.26,0.36422505974554537,0.5344088212860403,1344.0
kegg,Acute myeloid leukemia,58,6,4.9,1.23,0.36465104573105905,0.5410182181761465,227.0
gobp,Positive Regulation Of Multicellular Organismal Process (GO:0051240),285,26,24.1,1.08,0.36810124833287233,0.5395071731290954,1344.0
gobp,Negative Regulation Of Response To External Stimulus (GO:0032102),103,10,8.7,1.15,0.3701587470460168,0.5419317603810965,1344.0
kegg,Signaling pathways regulating pluripotency of stem cells,103,10,8.7,1.15,0.3701587470460168,0.5456236076587391,227.0
kegg,Prostate cancer,92,9,7.8,1.16,0.3729537716251686,0.5461968139284726,227.0
gobp,Positive Regulation Of Cold-Induced Thermogenesis (GO:0120162),81,8,6.8,1.17,0.37563020585215456,0.5437092026144842,1344.0
gobp,Regulation Of G2/M Transition Of Mitotic Cell Cycle (GO:0010389),26,3,2.2,1.37,0.37800811341211615,0.5437092026144842,1344.0
kegg,Ovarian steroidogenesis,26,3,2.2,1.37,0.37800811341211615,0.5500502675932716,227.0
gobp,Vacuolar Acidification (GO:0007035),26,3,2.2,1.37,0.37800811341211615,0.5437092026144842,1344.0
gobp,Positive Regulation Of Monoatomic Ion Transport (GO:0043270),26,3,2.2,1.37,0.37800811341211615,0.5437092026144842,1344.0
gobp,Receptor Signaling Pathway Via JAK-STAT (GO:0007259),26,3,2.2,1.37,0.37800811341211615,0.5437092026144842,1344.0
gobp,Regulation Of Sodium Ion Transmembrane Transporter Activity (GO:2000649),26,3,2.2,1.37,0.37800811341211615,0.5437092026144842,1344.0
hallmark,Hedgehog Signaling,26,3,2.2,1.37,0.37800811341211615,0.7845755886389596,44.0
gobp,Visual System Development (GO:0150063),26,3,2.2,1.37,0.37800811341211615,0.5437092026144842,1344.0
gobp,Amide Transport (GO:0042886),26,3,2.2,1.37,0.37800811341211615,0.5437092026144842,1344.0
gobp,Protein Quality Control For Misfolded Or Incompletely Synthesized Proteins (GO:0006515),26,3,2.2,1.37,0.37800811341211615,0.5437092026144842,1344.0
gobp,Regulation Of Nervous System Development (GO:0051960),26,3,2.2,1.37,0.37800811341211615,0.5437092026144842,1344.0
gobp,Neuron Projection Extension (GO:1990138),26,3,2.2,1.37,0.37800811341211615,0.5437092026144842,1344.0
gobp,Positive Regulation Of Proteolysis Involved In Protein Catabolic Process (GO:1903052),26,3,2.2,1.37,0.37800811341211615,0.5437092026144842,1344.0
gobp,Negative Regulation Of Epithelial Cell Migration (GO:0010633),26,3,2.2,1.37,0.37800811341211615,0.5437092026144842,1344.0
gobp,Epithelial Tube Morphogenesis (GO:0060562),26,3,2.2,1.37,0.37800811341211615,0.5437092026144842,1344.0
gobp,Response To Reactive Oxygen Species (GO:0000302),59,6,5.0,1.2,0.3801528639922233,0.5437092026144842,1344.0
gobp,Regulation Of Cell-Matrix Adhesion (GO:0001952),59,6,5.0,1.2,0.3801528639922233,0.5437092026144842,1344.0
gobp,Cellular Response To Hormone Stimulus (GO:0032870),59,6,5.0,1.2,0.3801528639922233,0.5437092026144842,1344.0
gobp,Regulation Of Insulin Receptor Signaling Pathway (GO:0046626),37,4,3.1,1.28,0.38137347894338175,0.5437092026144842,1344.0
gobp,DNA Integrity Checkpoint Signaling (GO:0031570),37,4,3.1,1.28,0.38137347894338175,0.5437092026144842,1344.0
gobp,Stress-Activated MAPK Cascade (GO:0051403),37,4,3.1,1.28,0.38137347894338175,0.5437092026144842,1344.0
gobp,Regulation Of Cytokine-Mediated Signaling Pathway (GO:0001959),37,4,3.1,1.28,0.38137347894338175,0.5437092026144842,1344.0
gobp,Regulation Of Monoatomic Ion Transmembrane Transporter Activity (GO:0032412),37,4,3.1,1.28,0.38137347894338175,0.5437092026144842,1344.0
gobp,Heart Morphogenesis (GO:0003007),37,4,3.1,1.28,0.38137347894338175,0.5437092026144842,1344.0
gobp,Positive Regulation Of Biosynthetic Process (GO:0009891),37,4,3.1,1.28,0.38137347894338175,0.5437092026144842,1344.0
gobp,Response To Metal Ion (GO:0010038),48,5,4.1,1.23,0.38148644201299,0.5437092026144842,1344.0
hallmark,Cholesterol Homeostasis,71,7,6.0,1.17,0.39228779431947974,0.7845755886389596,44.0
gobp,Regulation Of Phosphorylation (GO:0042325),71,7,6.0,1.17,0.39228779431947974,0.5573306507033623,1344.0
gobp,Regulation Of Epithelial To Mesenchymal Transition (GO:0010717),71,7,6.0,1.17,0.39228779431947974,0.5573306507033623,1344.0
gobp,Positive Regulation Of Plasma Membrane Bounded Cell Projection Assembly (GO:0120034),71,7,6.0,1.17,0.39228779431947974,0.5573306507033623,1344.0
gobp,Wound Healing (GO:0042060),60,6,5.1,1.18,0.39566172730066984,0.5615304767604016,1344.0
kegg,Glutamatergic synapse,60,6,5.1,1.18,0.39566172730066984,0.5720714146321787,227.0
gobp,Canonical Wnt Signaling Pathway (GO:0060070),49,5,4.1,1.21,0.3987289653386788,0.5627624348621441,1344.0
gobp,Positive Regulation Of Synaptic Transmission (GO:0050806),38,4,3.2,1.25,0.40106905710835017,0.5627624348621441,1344.0
gobp,Proton Transmembrane Transport (GO:1902600),38,4,3.2,1.25,0.40106905710835017,0.5627624348621441,1344.0
gobp,Cardiac Conduction (GO:0061337),27,3,2.3,1.32,0.4015734842731715,0.5627624348621441,1344.0
gobp,Positive Regulation Of Myeloid Cell Differentiation (GO:0045639),27,3,2.3,1.32,0.4015734842731715,0.5627624348621441,1344.0
gobp,Negative Regulation Of Endocytosis (GO:0045806),27,3,2.3,1.32,0.4015734842731715,0.5627624348621441,1344.0
gobp,Inositol Lipid-Mediated Signaling (GO:0048017),27,3,2.3,1.32,0.4015734842731715,0.5627624348621441,1344.0
gobp,Cellular Response To Retinoic Acid (GO:0071300),27,3,2.3,1.32,0.4015734842731715,0.5627624348621441,1344.0
gobp,Negative Regulation Of JNK Cascade (GO:0046329),27,3,2.3,1.32,0.4015734842731715,0.5627624348621441,1344.0
gobp,Endodermal Cell Differentiation (GO:0035987),27,3,2.3,1.32,0.4015734842731715,0.5627624348621441,1344.0
gobp,Regulation Of Protein Autophosphorylation (GO:0031952),27,3,2.3,1.32,0.4015734842731715,0.5627624348621441,1344.0
gobp,Regulation Of Synapse Assembly (GO:0051963),27,3,2.3,1.32,0.4015734842731715,0.5627624348621441,1344.0
gobp,Positive Regulation Of Cell Projection Organization (GO:0031346),83,8,7.0,1.14,0.4019731677586743,0.5627624348621441,1344.0
kegg,Pathogenic Escherichia coli infection,163,15,13.8,1.09,0.4024269488971621,0.5781703632889607,227.0
gobp,Positive Regulation Of Protein Localization (GO:1903829),72,7,6.1,1.15,0.40648968177706946,0.568493373890095,1344.0
kegg,Vascular smooth muscle contraction,95,9,8.0,1.12,0.4099661505436222,0.5833242157503704,227.0
gobp,Monoatomic Ion Transport (GO:0006811),61,6,5.1,1.17,0.41115363224695706,0.574418380187017,1344.0
kegg,Mitophagy,61,6,5.1,1.17,0.41115363224695706,0.5833242157503704,227.0
gobp,Positive Regulation Of Cysteine-Type Endopeptidase Activity (GO:2001056),50,5,4.2,1.18,0.41592064460966577,0.5804749183337392,1344.0
gobp,Phospholipid Metabolic Process (GO:0006644),39,4,3.3,1.22,0.42064919830504877,0.5846458350796128,1344.0
gobp,Response To Unfolded Protein (GO:0006986),39,4,3.3,1.22,0.42064919830504877,0.5846458350796128,1344.0
gobp,Regulation Of Secretion By Cell (GO:1903530),39,4,3.3,1.22,0.42064919830504877,0.5846458350796128,1344.0
gobp,Erythrocyte Differentiation (GO:0030218),39,4,3.3,1.22,0.42064919830504877,0.5846458350796128,1344.0
kegg,Melanogenesis,73,7,6.2,1.14,0.42067602703458384,0.5931270691729846,227.0
hallmark,PI3K/AKT/mTOR  Signaling,96,9,8.1,1.11,0.42231662354982413,0.7862748008935417,44.0
gobp,Acylglycerol Metabolic Process (GO:0006639),28,3,2.4,1.27,0.4248773082878223,0.58673626796336,1344.0
gobp,Negative Regulation Of mRNA Catabolic Process (GO:1902373),28,3,2.4,1.27,0.4248773082878223,0.58673626796336,1344.0
gobp,Negative Regulation Of Cell-Matrix Adhesion (GO:0001953),28,3,2.4,1.27,0.4248773082878223,0.58673626796336,1344.0
gobp,Intracellular pH Reduction (GO:0051452),28,3,2.4,1.27,0.4248773082878223,0.58673626796336,1344.0
gobp,Connective Tissue Development (GO:0061448),28,3,2.4,1.27,0.4248773082878223,0.58673626796336,1344.0
gobp,O-glycan Processing (GO:0016266),28,3,2.4,1.27,0.4248773082878223,0.58673626796336,1344.0
gobp,Positive Regulation Of Protein Modification Process (GO:0031401),177,16,14.9,1.07,0.4252091703841612,0.58673626796336,1344.0
gobp,Positive Regulation Of JNK Cascade (GO:0046330),62,6,5.2,1.15,0.4266054701972929,0.5880592327642684,1344.0
hallmark,mTORC1 Signaling,189,17,16.0,1.07,0.42887716412375004,0.7862748008935417,44.0
kegg,Focal adhesion,166,15,14.0,1.07,0.43061191927620024,0.6033883066401078,227.0
gobp,Regulation Of Multicellular Organismal Development (GO:2000026),51,5,4.3,1.16,0.4330311014676445,0.5938712248699125,1344.0
gobp,Positive Regulation Of Apoptotic Signaling Pathway (GO:2001235),51,5,4.3,1.16,0.4330311014676445,0.5938712248699125,1344.0
gobp,Negative Regulation Of Cellular Component Organization (GO:0051129),51,5,4.3,1.16,0.4330311014676445,0.5938712248699125,1344.0
gobp,Positive Regulation Of Neurogenesis (GO:0050769),51,5,4.3,1.16,0.4330311014676445,0.5938712248699125,1344.0
gobp,Regulation Of BMP Signaling Pathway (GO:0030510),51,5,4.3,1.16,0.4330311014676445,0.5938712248699125,1344.0
kegg,Purine metabolism,97,9,8.2,1.1,0.434653557888899,0.6053150775507979,227.0
gobp,Dephosphorylation (GO:0016311),109,10,9.2,1.09,0.44004105740329086,0.602869705555579,1344.0
gobp,Regulation Of Cell Motility (GO:2000145),86,8,7.3,1.1,0.4414528996341898,0.6041880825950623,1344.0
kegg,Renal cell carcinoma,63,6,5.3,1.13,0.44199508360297074,0.6117196329659202,227.0
kegg,Diabetic cardiomyopathy,156,14,13.2,1.06,0.44606015011831407,0.6117196329659202,227.0
gobp,Vesicle Cytoskeletal Trafficking (GO:0099518),29,3,2.4,1.23,0.447856685669136,0.6079993793326453,1344.0
gobp,Positive Regulation Of Axonogenesis (GO:0050772),29,3,2.4,1.23,0.447856685669136,0.6079993793326453,1344.0
gobp,Negative Regulation Of Cell Cycle G1/S Phase Transition (GO:1902807),29,3,2.4,1.23,0.447856685669136,0.6079993793326453,1344.0
kegg,Cocaine addiction,29,3,2.4,1.23,0.447856685669136,0.6117196329659202,227.0
gobp,Regulation Of Release Of Sequestered Calcium Ion Into Cytosol (GO:0051279),29,3,2.4,1.23,0.447856685669136,0.6079993793326453,1344.0
gobp,Signal Transduction By P53 Class Mediator (GO:0072331),29,3,2.4,1.23,0.447856685669136,0.6079993793326453,1344.0
gobp,Skeletal System Morphogenesis (GO:0048705),29,3,2.4,1.23,0.447856685669136,0.6079993793326453,1344.0
gobp,Negative Regulation Of BMP Signaling Pathway (GO:0030514),29,3,2.4,1.23,0.447856685669136,0.6079993793326453,1344.0
gobp,Positive Regulation Of Nervous System Development (GO:0051962),29,3,2.4,1.23,0.447856685669136,0.6079993793326453,1344.0
kegg,Renin secretion,52,5,4.4,1.14,0.4500316242524611,0.6117196329659202,227.0
gobp,Response To Lipid (GO:0033993),87,8,7.3,1.09,0.4545467248285484,0.6164589285263058,1344.0
gobp,Proteolysis Involved In Protein Catabolic Process (GO:0051603),64,6,5.4,1.11,0.45730131292277615,0.6189455836537877,1344.0
gobp,Positive Regulation Of Catabolic Process (GO:0009896),64,6,5.4,1.11,0.45730131292277615,0.6189455836537877,1344.0
gobp,Cellular Response To Calcium Ion (GO:0071277),41,4,3.5,1.16,0.4592978556823633,0.6203983095850214,1344.0
gobp,Autophagy Of Mitochondrion (GO:0000422),41,4,3.5,1.16,0.4592978556823633,0.6203983095850214,1344.0
gobp,Protein-Containing Complex Organization (GO:0043933),111,10,9.4,1.07,0.4632615207739977,0.6251239798396113,1344.0
gobp,Regulation Of Nucleic Acid-Templated Transcription (GO:1903506),299,26,25.2,1.03,0.4667480578630035,0.6275071638249188,1344.0
gobp,Regulation Of Extrinsic Apoptotic Signaling Pathway (GO:2001236),53,5,4.5,1.12,0.46689521117925503,0.6275071638249188,1344.0
gobp,Negative Regulation Of Cellular Response To Growth Factor Stimulus (GO:0090288),53,5,4.5,1.12,0.46689521117925503,0.6275071638249188,1344.0
gobp,Protein Tetramerization (GO:0051262),53,5,4.5,1.12,0.46689521117925503,0.6275071638249188,1344.0
gobp,Macroautophagy (GO:0016236),88,8,7.4,1.08,0.4675850841379373,0.6278065465348529,1344.0
gobp,Negative Regulation Of Protein Kinase B Signaling (GO:0051898),30,3,2.5,1.18,0.47045604343776287,0.6278976389079973,1344.0
gobp,Regulation Of Intracellular Transport (GO:0032386),30,3,2.5,1.18,0.47045604343776287,0.6278976389079973,1344.0
gobp,Vitamin Transport (GO:0051180),30,3,2.5,1.18,0.47045604343776287,0.6278976389079973,1344.0
gobp,Positive Regulation Of Protein Dephosphorylation (GO:0035307),30,3,2.5,1.18,0.47045604343776287,0.6278976389079973,1344.0
gobp,intra-Golgi Vesicle-Mediated Transport (GO:0006891),30,3,2.5,1.18,0.47045604343776287,0.6278976389079973,1344.0
gobp,Negative Regulation Of Ras Protein Signal Transduction (GO:0046580),30,3,2.5,1.18,0.47045604343776287,0.6278976389079973,1344.0
gobp,Negative Regulation Of Cell Growth (GO:0030308),100,9,8.4,1.07,0.47146870046249,0.6286249339499866,1344.0
gobp,Negative Regulation Of Phosphorylation (GO:0042326),65,6,5.5,1.09,0.4725040346112701,0.6287578440767791,1344.0
kegg,RNA degradation,65,6,5.5,1.09,0.4725040346112701,0.6384429515283233,227.0
gobp,Positive Regulation Of Cytoskeleton Organization (GO:0051495),65,6,5.5,1.09,0.4725040346112701,0.6287578440767791,1344.0
kegg,Progesterone-mediated oocyte maturation,77,7,6.5,1.08,0.47692150771225383,0.6405987115424947,227.0
gobp,Vesicle Organization (GO:0016050),77,7,6.5,1.08,0.47692150771225383,0.6333242696211099,1344.0
gobp,Response To Hydrogen Peroxide (GO:0042542),42,4,3.5,1.13,0.47829176612010904,0.6333242696211099,1344.0
gobp,I-kappaB kinase/NF-kappaB Signaling (GO:0007249),42,4,3.5,1.13,0.47829176612010904,0.6333242696211099,1344.0
gobp,Positive Regulation Of Transport (GO:0051050),42,4,3.5,1.13,0.47829176612010904,0.6333242696211099,1344.0
gobp,Regulation Of Exocytosis (GO:0017157),42,4,3.5,1.13,0.47829176612010904,0.6333242696211099,1344.0
kegg,Tight junction,136,12,11.5,1.05,0.48036640608532527,0.6414304363609932,227.0
gobp,Phosphatidylinositol Metabolic Process (GO:0046488),54,5,4.6,1.1,0.4835965980996132,0.6390893095829696,1344.0
gobp,G1/S Transition Of Mitotic Cell Cycle (GO:0000082),54,5,4.6,1.1,0.4835965980996132,0.6390893095829696,1344.0
gobp,Cellular Response To Chemical Stress (GO:0062197),78,7,6.6,1.06,0.49077755052055316,0.6478379592290594,1344.0
gobp,Antiviral Innate Immune Response (GO:0140374),31,3,2.6,1.15,0.49262678149709727,0.6478379592290594,1344.0
gobp,Ephrin Receptor Signaling Pathway (GO:0048013),31,3,2.6,1.15,0.49262678149709727,0.6478379592290594,1344.0
gobp,Protein Destabilization (GO:0031648),31,3,2.6,1.15,0.49262678149709727,0.6478379592290594,1344.0
kegg,Glycosphingolipid biosynthesis,31,3,2.6,1.15,0.49262678149709727,0.6539548502914684,227.0
gobp,Synaptic Vesicle Recycling (GO:0036465),31,3,2.6,1.15,0.49262678149709727,0.6478379592290594,1344.0
gobp,Cholesterol Homeostasis (GO:0042632),55,5,4.6,1.08,0.5001122721902228,0.6563973572496674,1344.0
gobp,Regulation Of Rho Protein Signal Transduction (GO:0035023),55,5,4.6,1.08,0.5001122721902228,0.6563973572496674,1344.0
kegg,Glioma,67,6,5.7,1.06,0.5025238101710594,0.663214563423433,227.0
gobp,Regulation Of Osteoblast Differentiation (GO:0045667),67,6,5.7,1.06,0.5025238101710594,0.6582768039667679,1344.0
gobp,Regulation Of Epithelial Cell Proliferation (GO:0050678),67,6,5.7,1.06,0.5025238101710594,0.6582768039667679,1344.0
hallmark,KRAS Signaling Dn,91,8,7.7,1.04,0.5062424501499003,0.8853373539529541,44.0
gobp,Regulation Of Small GTPase Mediated Signal Transduction (GO:0051056),103,9,8.7,1.04,0.5077643194551056,0.6644939097835072,1344.0
gobp,Protein Phosphorylation (GO:0006468),412,35,34.8,1.01,0.5101910952333052,0.6648171605033755,1344.0
gobp,Protein Targeting To Vacuole (GO:0006623),32,3,2.7,1.11,0.5143268897458748,0.6648171605033755,1344.0
gobp,Lysosome Localization (GO:0032418),32,3,2.7,1.11,0.5143268897458748,0.6648171605033755,1344.0
gobp,Negative Regulation Of Response To Biotic Stimulus (GO:0002832),32,3,2.7,1.11,0.5143268897458748,0.6648171605033755,1344.0
gobp,Organic Hydroxy Compound Biosynthetic Process (GO:1901617),32,3,2.7,1.11,0.5143268897458748,0.6648171605033755,1344.0
gobp,Aortic Valve Development (GO:0003176),32,3,2.7,1.11,0.5143268897458748,0.6648171605033755,1344.0
gobp,Cellular Response To Hydrogen Peroxide (GO:0070301),32,3,2.7,1.11,0.5143268897458748,0.6648171605033755,1344.0
gobp,Secondary Alcohol Metabolic Process (GO:1902652),32,3,2.7,1.11,0.5143268897458748,0.6648171605033755,1344.0
gobp,Nucleosome Assembly (GO:0006334),32,3,2.7,1.11,0.5143268897458748,0.6648171605033755,1344.0
gobp,Positive Regulation Of Epithelial To Mesenchymal Transition (GO:0010718),44,4,3.7,1.08,0.5154560816517404,0.6648171605033755,1344.0
gobp,Post-Translational Protein Modification (GO:0043687),44,4,3.7,1.08,0.5154560816517404,0.6648171605033755,1344.0
gobp,Peptide Metabolic Process (GO:0006518),44,4,3.7,1.08,0.5154560816517404,0.6648171605033755,1344.0
gobp,Regulation Of Mitochondrion Organization (GO:0010821),44,4,3.7,1.08,0.5154560816517404,0.6648171605033755,1344.0
kegg,Hedgehog signaling pathway,44,4,3.7,1.08,0.5154560816517404,0.6731349169836196,227.0
gobp,Calcium Ion Transmembrane Transport (GO:0070588),44,4,3.7,1.08,0.5154560816517404,0.6648171605033755,1344.0
gobp,Sterol Homeostasis (GO:0055092),56,5,4.7,1.06,0.5164204728910149,0.6648171605033755,1344.0
gobp,Positive Regulation Of Macroautophagy (GO:0016239),56,5,4.7,1.06,0.5164204728910149,0.6648171605033755,1344.0
kegg,Prolactin signaling pathway,56,5,4.7,1.06,0.5164204728910149,0.6731349169836196,227.0
gobp,Protein Autoubiquitination (GO:0051865),56,5,4.7,1.06,0.5164204728910149,0.6648171605033755,1344.0
gobp,Cellular Response To Organonitrogen Compound (GO:0071417),80,7,6.8,1.04,0.5181406559236733,0.6663933412070976,1344.0
kegg,Dopaminergic synapse,92,8,7.8,1.03,0.5189366100093984,0.6731349169836196,227.0
gobp,Small GTPase Mediated Signal Transduction (GO:0007264),92,8,7.8,1.03,0.5189366100093984,0.6664863179004393,1344.0
gobp,Regulation Of Macromolecule Metabolic Process (GO:0060255),104,9,8.8,1.03,0.519700640743795,0.6664863179004393,1344.0
gobp,Cellular Response To Oxidative Stress (GO:0034599),104,9,8.8,1.03,0.519700640743795,0.6664863179004393,1344.0
gobp,Protein-Containing Complex Assembly (GO:0065003),271,23,22.9,1.01,0.521019862500085,0.6675411775024921,1344.0
hallmark,Xenobiotic Metabolism,164,14,13.8,1.01,0.5231628737620764,0.8853373539529541,44.0
kegg,Sphingolipid signaling pathway,105,9,8.9,1.02,0.5315404686524693,0.6855663999097189,227.0
gobp,Cellular Response To Reactive Oxygen Species (GO:0034614),69,6,5.8,1.03,0.5319150698015948,0.6783596746016257,1344.0
gobp,Macromolecule Modification (GO:0043412),69,6,5.8,1.03,0.5319150698015948,0.6783596746016257,1344.0
gobp,Cell Cycle G1/S Phase Transition (GO:0044843),45,4,3.8,1.05,0.5335707037742118,0.6783596746016257,1344.0
gobp,protein-DNA Complex Organization (GO:0071824),45,4,3.8,1.05,0.5335707037742118,0.6783596746016257,1344.0
gobp,Phospholipid Transport (GO:0015914),45,4,3.8,1.05,0.5335707037742118,0.6783596746016257,1344.0
gobp,Regulation Of Macromolecule Biosynthetic Process (GO:0010556),45,4,3.8,1.05,0.5335707037742118,0.6783596746016257,1344.0
gobp,Regulation Of Neurogenesis (GO:0050767),45,4,3.8,1.05,0.5335707037742118,0.6783596746016257,1344.0
gobp,mRNA Stabilization (GO:0048255),33,3,2.8,1.08,0.5355205466907179,0.6783596746016257,1344.0
gobp,Negative Regulation Of Transferase Activity (GO:0051348),33,3,2.8,1.08,0.5355205466907179,0.6783596746016257,1344.0
gobp,"DNA Damage Response, Signal Transduction By P53 Class Mediator (GO:0030330)",33,3,2.8,1.08,0.5355205466907179,0.6783596746016257,1344.0
gobp,Regulation Of Telomere Maintenance (GO:0032204),33,3,2.8,1.08,0.5355205466907179,0.6783596746016257,1344.0
gobp,Regulation Of Transport (GO:0051049),33,3,2.8,1.08,0.5355205466907179,0.6783596746016257,1344.0
gobp,Positive Regulation Of Cell Differentiation (GO:0045597),214,18,18.1,1.0,0.5422333748559285,0.6862162484052429,1344.0
gobp,Negative Regulation Of Cell Motility (GO:2000146),106,9,8.9,1.01,0.5432751944711309,0.6864783949097282,1344.0
hallmark,Coagulation,106,9,8.9,1.01,0.5432751944711309,0.8853373539529541,44.0
gobp,Regulation Of Protein Ubiquitination (GO:0031396),94,8,7.9,1.01,0.5439728352521284,0.6864783949097282,1344.0
gobp,Negative Regulation Of Growth (GO:0045926),94,8,7.9,1.01,0.5439728352521284,0.6864783949097282,1344.0
gobp,Negative Regulation Of Protein Binding (GO:0032091),58,5,4.9,1.02,0.5483360998388404,0.6899467871641618,1344.0
gobp,Positive Regulation Of Cell Cycle (GO:0045787),58,5,4.9,1.02,0.5483360998388404,0.6899467871641618,1344.0
gobp,Steroid Metabolic Process (GO:0008202),46,4,3.9,1.03,0.5513414058142186,0.6899467871641618,1344.0
gobp,Regulation Of Epithelial Cell Migration (GO:0010632),46,4,3.9,1.03,0.5513414058142186,0.6899467871641618,1344.0
gobp,Muscle Contraction (GO:0006936),46,4,3.9,1.03,0.5513414058142186,0.6899467871641618,1344.0
gobp,RNA Catabolic Process (GO:0006401),46,4,3.9,1.03,0.5513414058142186,0.6899467871641618,1344.0
gobp,Regulation Of Protein Localization To Nucleus (GO:1900180),46,4,3.9,1.03,0.5513414058142186,0.6899467871641618,1344.0
gobp,Regulation Of Viral Genome Replication (GO:0045069),46,4,3.9,1.03,0.5513414058142186,0.6899467871641618,1344.0
gobp,Glycerophospholipid Metabolic Process (GO:0006650),46,4,3.9,1.03,0.5513414058142186,0.6899467871641618,1344.0
gobp,Negative Regulation Of Cell Migration (GO:0030336),131,11,11.1,0.99,0.5529570680181297,0.6908529018767926,1344.0
gobp,Regulation Of Neuron Projection Development (GO:0010975),119,10,10.0,1.0,0.5538095508243165,0.6908529018767926,1344.0
kegg,Breast cancer,107,9,9.0,1.0,0.5548966342573596,0.7116470959119809,227.0
gobp,Regulation Of Glycolytic Process (GO:0006110),34,3,2.9,1.05,0.5561777082073583,0.6908529018767926,1344.0
gobp,SCF-dependent Proteasomal Ubiquitin-Dependent Protein Catabolic Process (GO:0031146),34,3,2.9,1.05,0.5561777082073583,0.6908529018767926,1344.0
gobp,Negative Regulation Of Mitotic Cell Cycle Phase Transition (GO:1901991),34,3,2.9,1.05,0.5561777082073583,0.6908529018767926,1344.0
gobp,Positive Regulation Of Lipid Biosynthetic Process (GO:0046889),34,3,2.9,1.05,0.5561777082073583,0.6908529018767926,1344.0
gobp,Cellular Response To Ketone (GO:1901655),34,3,2.9,1.05,0.5561777082073583,0.6908529018767926,1344.0
gobp,Positive Regulation Of Viral Process (GO:0048524),34,3,2.9,1.05,0.5561777082073583,0.6908529018767926,1344.0
kegg,Shigellosis,193,16,16.3,0.98,0.568080864878511,0.7209154361302121,227.0
gobp,Regulation Of Anatomical Structure Morphogenesis (GO:0022603),96,8,8.1,0.99,0.5684751676973919,0.7051630481695803,1344.0
kegg,Necroptosis,96,8,8.1,0.99,0.5684751676973919,0.7209154361302121,227.0
gobp,Cell-Cell Junction Organization (GO:0045216),47,4,4.0,1.01,0.5687475775415365,0.7051630481695803,1344.0
gobp,Positive Regulation Of Cell Growth (GO:0030307),84,7,7.1,0.99,0.5711181674145973,0.7074496009264689,1344.0
gobp,Positive Regulation Of Cellular Catabolic Process (GO:0031331),121,10,10.2,0.98,0.5755463126797089,0.7092599305085548,1344.0
gobp,Positive Regulation Of Transferase Activity (GO:0051347),121,10,10.2,0.98,0.5755463126797089,0.7092599305085548,1344.0
gobp,Regulation Of Cold-Induced Thermogenesis (GO:0120161),121,10,10.2,0.98,0.5755463126797089,0.7092599305085548,1344.0
gobp,Regulation Of Cell-Substrate Adhesion (GO:0010810),35,3,3.0,1.02,0.5762736935382008,0.7092599305085548,1344.0
gobp,mRNA Catabolic Process (GO:0006402),35,3,3.0,1.02,0.5762736935382008,0.7092599305085548,1344.0
gobp,Steroid Biosynthetic Process (GO:0006694),35,3,3.0,1.02,0.5762736935382008,0.7092599305085548,1344.0
gobp,Negative Regulation Of Protein Localization (GO:1903828),35,3,3.0,1.02,0.5762736935382008,0.7092599305085548,1344.0
gobp,Negative Regulation Of Supramolecular Fiber Organization (GO:1902904),60,5,5.1,0.99,0.5792037938924741,0.7115629789684509,1344.0
gobp,Plasma Membrane Organization (GO:0007009),60,5,5.1,0.99,0.5792037938924741,0.7115629789684509,1344.0
gobp,Negative Regulation Of Apoptotic Process (GO:0043066),364,30,30.7,0.98,0.5828875124105928,0.7154345357806727,1344.0
gobp,Negative Regulation Of Defense Response (GO:0031348),85,7,7.2,0.98,0.5839336715364591,0.7160646483074827,1344.0
gobp,Cell-Cell Junction Assembly (GO:0007043),48,4,4.1,0.99,0.5857713171350409,0.7170096996625638,1344.0
gobp,Regulation Of Cellular Localization (GO:0060341),48,4,4.1,0.99,0.5857713171350409,0.7170096996625638,1344.0
hallmark,Estrogen Response Early,171,14,14.4,0.97,0.587970059459551,0.9222562413097043,44.0
gobp,Regulation Of Cell Cycle (GO:0051726),244,20,20.6,0.97,0.5887969775640611,0.7200574502694251,1344.0
gobp,Wnt Signaling Pathway (GO:0016055),61,5,5.1,0.97,0.5942082726108235,0.7246516856327864,1344.0
gobp,Exocytosis (GO:0006887),61,5,5.1,0.97,0.5942082726108235,0.7246516856327864,1344.0
gobp,protein-DNA Complex Assembly (GO:0065004),36,3,3.0,0.99,0.5957887742739798,0.7246516856327864,1344.0
gobp,mRNA Destabilization (GO:0061157),36,3,3.0,0.99,0.5957887742739798,0.7246516856327864,1344.0
kegg,Other types of O-glycan biosynthesis,36,3,3.0,0.99,0.5957887742739798,0.7472359999958157,227.0
gobp,mRNA 3'-End Processing (GO:0031124),36,3,3.0,0.99,0.5957887742739798,0.7246516856327864,1344.0
gobp,Cholesterol Transport (GO:0030301),36,3,3.0,0.99,0.5957887742739798,0.7246516856327864,1344.0
gobp,Negative Regulation Of Amide Metabolic Process (GO:0034249),74,6,6.2,0.96,0.6018884002428265,0.7300468679207401,1344.0
kegg,ErbB signaling pathway,74,6,6.2,0.96,0.6018884002428265,0.7472359999958157,227.0
gobp,Organelle Disassembly (GO:1903008),49,4,4.1,0.97,0.6023973039613845,0.7300468679207401,1344.0
gobp,Cholesterol Metabolic Process (GO:0008203),49,4,4.1,0.97,0.6023973039613845,0.7300468679207401,1344.0
kegg,Cardiac muscle contraction,49,4,4.1,0.97,0.6023973039613845,0.7472359999958157,227.0
gobp,Monocarboxylic Acid Biosynthetic Process (GO:0072330),49,4,4.1,0.97,0.6023973039613845,0.7300468679207401,1344.0
kegg,Synaptic vesicle cycle,49,4,4.1,0.97,0.6023973039613845,0.7472359999958157,227.0
gobp,Regulation Of Cell Differentiation (GO:0045595),136,11,11.5,0.96,0.6040621926801617,0.7307660997310158,1344.0
gobp,Regulation Of Protein Catabolic Process (GO:0042176),99,8,8.4,0.96,0.6040782267865763,0.7307660997310158,1344.0
kegg,Protein digestion and absorption,62,5,5.2,0.96,0.6089102728225371,0.7512099561451953,227.0
gobp,Protein K48-linked Ubiquitination (GO:0070936),62,5,5.2,0.96,0.6089102728225371,0.7353776117942921,1344.0
gobp,Neuron Differentiation (GO:0030182),87,7,7.3,0.95,0.6089845847671481,0.7353776117942921,1344.0
gobp,Negative Regulation Of Cysteine-Type Endopeptidase Activity (GO:2000117),37,3,3.1,0.96,0.6147077709207971,0.7396304781714873,1344.0
gobp,Cellular Response To Amino Acid Starvation (GO:0034198),37,3,3.1,0.96,0.6147077709207971,0.7396304781714873,1344.0
gobp,Positive Regulation Of Cell-Matrix Adhesion (GO:0001954),37,3,3.1,0.96,0.6147077709207971,0.7396304781714873,1344.0
gobp,G2/M Transition Of Mitotic Cell Cycle (GO:0000086),37,3,3.1,0.96,0.6147077709207971,0.7396304781714873,1344.0
kegg,Human papillomavirus infection,260,21,21.9,0.96,0.6170423929238402,0.7571276929389824,227.0
gobp,Negative Regulation Of Translation (GO:0017148),88,7,7.4,0.94,0.6212042946980677,0.7467786870073372,1344.0
gobp,ERAD Pathway (GO:0036503),76,6,6.4,0.94,0.6282364794991373,0.7545574874413231,1344.0
gobp,Heart Development (GO:0007507),114,9,9.6,0.94,0.6324779733712018,0.7584986444608441,1344.0
gobp,Cellular Response To Alcohol (GO:0097306),38,3,3.2,0.94,0.6330196606761499,0.7584986444608441,1344.0
gobp,Regulation Of Protein Serine/Threonine Kinase Activity (GO:0071900),89,7,7.5,0.93,0.633210921938294,0.7584986444608441,1344.0
gobp,Regulation Of Focal Adhesion Assembly (GO:0051893),51,4,4.3,0.93,0.634406841318738,0.7587301862674871,1344.0
gobp,Regulation Of Autophagy (GO:0010506),201,16,17.0,0.94,0.6345332807772734,0.7587301862674871,1344.0
gobp,Ubiquitin-Dependent ERAD Pathway (GO:0030433),64,5,5.4,0.93,0.6373671573699333,0.7607650617275226,1344.0
gobp,Glucose Homeostasis (GO:0042593),64,5,5.4,0.93,0.6373671573699333,0.7607650617275226,1344.0
kegg,ECM-receptor interaction,64,5,5.4,0.93,0.6373671573699333,0.7778620684030907,227.0
gobp,Glycerophospholipid Biosynthetic Process (GO:0046474),90,7,7.6,0.92,0.644998415346792,0.7685087502004331,1344.0
hallmark,Androgen Response,90,7,7.6,0.92,0.644998415346792,0.9222562413097043,44.0
gobp,Positive Regulation Of Protein Serine/Threonine Kinase Activity (GO:0071902),90,7,7.6,0.92,0.644998415346792,0.7685087502004331,1344.0
hallmark,UV Response Dn,128,10,10.8,0.93,0.6476550593237271,0.9222562413097043,44.0
hallmark,TGF-beta Signaling,52,4,4.4,0.91,0.649771442740928,0.9222562413097043,44.0
gobp,Autophagosome Organization (GO:1905037),52,4,4.4,0.91,0.649771442740928,0.7705408949200957,1344.0
kegg,Vasopressin-regulated water reabsorption,39,3,3.3,0.91,0.6507171992070748,0.7899080439572512,227.0
gobp,Cell Cycle G2/M Phase Transition (GO:0044839),39,3,3.3,0.91,0.6507171992070748,0.7705408949200957,1344.0
gobp,"Regulation Of Alternative mRNA Splicing, Via Spliceosome (GO:0000381)",39,3,3.3,0.91,0.6507171992070748,0.7705408949200957,1344.0
gobp,Regulation Of Protein Modification Process (GO:0031399),39,3,3.3,0.91,0.6507171992070748,0.7705408949200957,1344.0
gobp,Negative Regulation Of Protein-Containing Complex Assembly (GO:0031333),39,3,3.3,0.91,0.6507171992070748,0.7705408949200957,1344.0
gobp,Protein Monoubiquitination (GO:0006513),39,3,3.3,0.91,0.6507171992070748,0.7705408949200957,1344.0
gobp,Positive Regulation Of TOR Signaling (GO:0032008),39,3,3.3,0.91,0.6507171992070748,0.7705408949200957,1344.0
gobp,Regulation Of Protein-Containing Complex Assembly (GO:0043254),91,7,7.7,0.91,0.6565614124465335,0.7767768823311101,1344.0
gobp,Nitrogen Compound Transport (GO:0071705),129,10,10.9,0.92,0.657387953382929,0.7770707206215098,1344.0
gobp,Protein Localization To Nucleus (GO:0034504),104,8,8.8,0.91,0.6598916336277554,0.7793447764461364,1344.0
gobp,Cellular Response To UV (GO:0034644),66,5,5.6,0.9,0.6645091575132294,0.7795435900206946,1344.0
gobp,Regulation Of Plasma Membrane Bounded Cell Projection Assembly (GO:0120032),66,5,5.6,0.9,0.6645091575132294,0.7795435900206946,1344.0
gobp,Regulation Of Cysteine-Type Endopeptidase Activity Involved In Apoptotic Process (GO:0043281),66,5,5.6,0.9,0.6645091575132294,0.7795435900206946,1344.0
gobp,Regulation Of Stress Fiber Assembly (GO:0051492),66,5,5.6,0.9,0.6645091575132294,0.7795435900206946,1344.0
gobp,Establishment Of Protein Localization To Membrane (GO:0090150),53,4,4.5,0.89,0.6647001147051459,0.7795435900206946,1344.0
gobp,Protein-Containing Complex Disassembly (GO:0032984),53,4,4.5,0.89,0.6647001147051459,0.7795435900206946,1344.0
gobp,Signal Transduction In Response To DNA Damage (GO:0042770),53,4,4.5,0.89,0.6647001147051459,0.7795435900206946,1344.0
gobp,Activation Of Cysteine-Type Endopeptidase Activity Involved In Apoptotic Process (GO:0006919),53,4,4.5,0.89,0.6647001147051459,0.7795435900206946,1344.0
gobp,Positive Regulation Of Binding (GO:0051099),79,6,6.7,0.9,0.6657925846194753,0.779888075834012,1344.0
kegg,Cholesterol metabolism,40,3,3.4,0.89,0.6677965585210939,0.8010439281847348,227.0
gobp,Regulation Of DNA Binding (GO:0051101),40,3,3.4,0.89,0.6677965585210939,0.779888075834012,1344.0
kegg,Long-term depression,40,3,3.4,0.89,0.6677965585210939,0.8010439281847348,227.0
gobp,Regulation Of Signal Transduction By P53 Class Mediator (GO:1901796),40,3,3.4,0.89,0.6677965585210939,0.779888075834012,1344.0
gobp,Positive Regulation Of DNA Metabolic Process (GO:0051054),92,7,7.8,0.9,0.6678952197060624,0.779888075834012,1344.0
gobp,Skeletal System Development (GO:0001501),92,7,7.8,0.9,0.6678952197060624,0.779888075834012,1344.0
kegg,Apelin signaling pathway,105,8,8.9,0.9,0.6704772967185004,0.8010439281847348,227.0
gobp,Golgi Organization (GO:0007030),105,8,8.9,0.9,0.6704772967185004,0.7822235128382505,1344.0
gobp,Axonogenesis (GO:0007409),118,9,10.0,0.9,0.6733470359456362,0.7848902136261362,1344.0
gobp,Regulation Of G1/S Transition Of Mitotic Cell Cycle (GO:2000045),93,7,7.8,0.89,0.6789957914267192,0.7886799174710408,1344.0
gobp,Regulation Of Proteasomal Ubiquitin-Dependent Protein Catabolic Process (GO:0032434),93,7,7.8,0.89,0.6789957914267192,0.7886799174710408,1344.0
gobp,Positive Regulation Of Organelle Assembly (GO:1902117),54,4,4.6,0.88,0.6791883960335885,0.7886799174710408,1344.0
gobp,Organonitrogen Compound Catabolic Process (GO:1901565),54,4,4.6,0.88,0.6791883960335885,0.7886799174710408,1344.0
gobp,Regulation Of Signal Transduction (GO:0009966),144,11,12.2,0.91,0.6795322503210307,0.7886799174710408,1344.0
gobp,Nervous System Development (GO:0007399),257,20,21.7,0.92,0.6818018911059265,0.7900699178566433,1344.0
gobp,Regulation Of Intrinsic Apoptotic Signaling Pathway (GO:2001242),41,3,3.5,0.87,0.6842569824294142,0.7900699178566433,1344.0
gobp,Vacuolar Transport (GO:0007034),41,3,3.5,0.87,0.6842569824294142,0.7900699178566433,1344.0
kegg,Amino sugar and nucleotide sugar metabolism,41,3,3.5,0.87,0.6842569824294142,0.813226884876843,227.0
gobp,Regulation Of Proteolysis (GO:0030162),41,3,3.5,0.87,0.6842569824294142,0.7900699178566433,1344.0
gobp,Dicarboxylic Acid Metabolic Process (GO:0043648),41,3,3.5,0.87,0.6842569824294142,0.7900699178566433,1344.0
gobp,Positive Regulation Of Cell Junction Assembly (GO:1901890),41,3,3.5,0.87,0.6842569824294142,0.7900699178566433,1344.0
gobp,Protein Homooligomerization (GO:0051260),94,7,7.9,0.88,0.6898597074407669,0.7956711142198329,1344.0
gobp,Regulation Of Protein Localization (GO:0032880),68,5,5.7,0.87,0.6902920529615515,0.7956711142198329,1344.0
gobp,Regulation Of Cellular Catabolic Process (GO:0031329),55,4,4.6,0.86,0.6932335822173816,0.7983769790061361,1344.0
kegg,Proteasome,42,3,3.5,0.85,0.7001004606070534,0.8277229404052142,227.0
gobp,Response To Organic Cyclic Compound (GO:0014070),42,3,3.5,0.85,0.7001004606070534,0.802161141565115,1344.0
gobp,Response To Retinoic Acid (GO:0032526),42,3,3.5,0.85,0.7001004606070534,0.802161141565115,1344.0
gobp,Regulation Of Myoblast Differentiation (GO:0045661),42,3,3.5,0.85,0.7001004606070534,0.802161141565115,1344.0
gobp,Chordate Embryonic Development (GO:0043009),42,3,3.5,0.85,0.7001004606070534,0.802161141565115,1344.0
gobp,Regulation Of Lipid Metabolic Process (GO:0019216),42,3,3.5,0.85,0.7001004606070534,0.802161141565115,1344.0
gobp,Sprouting Angiogenesis (GO:0002040),42,3,3.5,0.85,0.7001004606070534,0.802161141565115,1344.0
gobp,Regulation Of Kinase Activity (GO:0043549),69,5,5.8,0.86,0.7026652547709231,0.8037294488613793,1344.0
gobp,Response To Calcium Ion (GO:0051592),69,5,5.8,0.86,0.7026652547709231,0.8037294488613793,1344.0
kegg,Viral carcinogenesis,147,11,12.4,0.89,0.7055260652778437,0.8298156311817124,227.0
gobp,Protein Targeting To Membrane (GO:0006612),56,4,4.7,0.85,0.7068345906271025,0.8078109607166887,1344.0
gobp,Membrane Lipid Biosynthetic Process (GO:0046467),43,3,3.6,0.83,0.7153314218431326,0.8154414172664718,1344.0
gobp,RNA Modification (GO:0009451),43,3,3.6,0.83,0.7153314218431326,0.8154414172664718,1344.0
gobp,Regulation Of Proteasomal Protein Catabolic Process (GO:0061136),43,3,3.6,0.83,0.7153314218431326,0.8154414172664718,1344.0
kegg,Legionellosis,43,3,3.6,0.83,0.7153314218431326,0.8370115090638716,227.0
gobp,Positive Regulation Of Cell-Substrate Adhesion (GO:0010811),57,4,4.8,0.83,0.71999182906075,0.8190482732223441,1344.0
gobp,Positive Regulation Of Mitotic Cell Cycle Phase Transition (GO:1901992),57,4,4.8,0.83,0.71999182906075,0.8190482732223441,1344.0
kegg,Central carbon metabolism in cancer,57,4,4.8,0.83,0.71999182906075,0.8381443343425141,227.0
gobp,Regulation Of DNA Metabolic Process (GO:0051052),110,8,9.3,0.86,0.7203237045750079,0.8190482732223441,1344.0
gobp,Mitotic Cell Cycle Phase Transition (GO:0044772),97,7,8.2,0.86,0.7210062078137984,0.8191313130192266,1344.0
gobp,Establishment Of Protein Localization To Organelle (GO:0072594),71,5,6.0,0.83,0.7263674076768845,0.824525165471058,1344.0
gobp,Positive Regulation Of Actin Filament Bundle Assembly (GO:0032233),44,3,3.7,0.81,0.7299564467351858,0.8278999699680082,1344.0
gobp,Regulation Of Translational Initiation (GO:0006446),58,4,4.9,0.82,0.7327070682623729,0.829619460610471,1344.0
gobp,Positive Regulation Of Response To Stimulus (GO:0048584),58,4,4.9,0.82,0.7327070682623729,0.829619460610471,1344.0
gobp,Phosphorylation (GO:0016310),353,27,29.8,0.91,0.7333827172288514,0.8296854982791046,1344.0
gobp,Positive Regulation Of Canonical Wnt Signaling Pathway (GO:0090263),72,5,6.1,0.82,0.7376961543282567,0.8338634410573399,1344.0
kegg,Hepatitis C,125,9,10.6,0.85,0.7379411916869505,0.8546563801680498,227.0
gobp,Brain Development (GO:0007420),112,8,9.5,0.85,0.738785476945087,0.8343930092556276,1344.0
gobp,Protein Polyubiquitination (GO:0000209),190,14,16.0,0.87,0.7409058848056278,0.8360852302088697,1344.0
gobp,Cellular Response To Ionizing Radiation (GO:0071479),45,3,3.8,0.79,0.7439839998038267,0.8388544427318314,1344.0
gobp,Regulation Of Hydrolase Activity (GO:0051336),59,4,5.0,0.8,0.7449833189231645,0.8392771002789045,1344.0
kegg,Peroxisome,73,5,6.2,0.81,0.7486779999342277,0.8626898780968004,227.0
gobp,Monocarboxylic Acid Metabolic Process (GO:0032787),73,5,6.2,0.81,0.7486779999342277,0.8427330250515929,1344.0
gobp,Positive Regulation Of Autophagy (GO:0010508),87,6,7.3,0.82,0.7536063125233562,0.8468619431700591,1344.0
gobp,Phosphatidylinositol Biosynthetic Process (GO:0006661),87,6,7.3,0.82,0.7536063125233562,0.8468619431700591,1344.0
gobp,Epigenetic Regulation Of Gene Expression (GO:0040029),60,4,5.1,0.79,0.7568247135682138,0.8483150824734274,1344.0
gobp,Endosome To Lysosome Transport (GO:0008333),46,3,3.9,0.77,0.7574241807798459,0.8483150824734274,1344.0
gobp,Renal System Development (GO:0072001),46,3,3.9,0.77,0.7574241807798459,0.8483150824734274,1344.0
gobp,Epidermis Development (GO:0008544),46,3,3.9,0.77,0.7574241807798459,0.8483150824734274,1344.0
gobp,Central Nervous System Development (GO:0007417),180,13,15.2,0.86,0.7608214691441266,0.8514105366608711,1344.0
gobp,Fatty Acid Metabolic Process (GO:0006631),88,6,7.4,0.81,0.7632942650471577,0.8534671316334276,1344.0
gobp,Proteasomal Protein Catabolic Process (GO:0010498),194,14,16.4,0.86,0.76781534061949,0.8570097158875268,1344.0
gobp,Neuron Development (GO:0048666),102,7,8.6,0.81,0.7680283678884047,0.8570097158875268,1344.0
gobp,Intracellular Protein Transport (GO:0006886),284,21,24.0,0.88,0.768951051525339,0.8570097158875268,1344.0
gobp,mRNA Metabolic Process (GO:0016071),75,5,6.3,0.79,0.7696096391060583,0.8570097158875268,1344.0
gobp,Rho Protein Signal Transduction (GO:0007266),47,3,4.0,0.76,0.7702884946370032,0.8570097158875268,1344.0
gobp,Sodium Ion Transport (GO:0006814),47,3,4.0,0.76,0.7702884946370032,0.8570097158875268,1344.0
kegg,Longevity regulating pathway,89,6,7.5,0.8,0.7726978802116539,0.8838994031905344,227.0
gobp,Regulation Of Organelle Organization (GO:0033043),89,6,7.5,0.8,0.7726978802116539,0.8589792812278435,1344.0
gobp,Peptidyl-Serine Phosphorylation (GO:0018105),143,10,12.1,0.83,0.7765171318801931,0.8620019412117707,1344.0
gobp,Positive Regulation Of Macromolecule Biosynthetic Process (GO:0010557),103,7,8.7,0.81,0.7766996657793558,0.8620019412117707,1344.0
gobp,Organic Anion Transport (GO:0015711),62,4,5.2,0.76,0.7792244019673205,0.8633780678022084,1344.0
kegg,Adherens junction,62,4,5.2,0.76,0.7792244019673205,0.8838994031905344,227.0
gobp,Negative Regulation Of Transforming Growth Factor Beta Receptor Signaling Pathway (GO:0030512),62,4,5.2,0.76,0.7792244019673205,0.8633780678022084,1344.0
kegg,Endocytosis,209,15,17.6,0.85,0.7806117649262432,0.8838994031905344,227.0
gobp,Protein Polymerization (GO:0051258),48,3,4.1,0.74,0.7825896398038009,0.8649674966252536,1344.0
gobp,Mitotic DNA Damage Checkpoint Signaling (GO:0044773),48,3,4.1,0.74,0.7825896398038009,0.8649674966252536,1344.0
gobp,Glucose Metabolic Process (GO:0006006),48,3,4.1,0.74,0.7825896398038009,0.8649674966252536,1344.0
gobp,Peptidyl-Serine Modification (GO:0018209),144,10,12.2,0.82,0.7837548096084886,0.8655435202249866,1344.0
gobp,Neuron Projection Guidance (GO:0097485),77,5,6.5,0.77,0.7891864561943828,0.867935617889103,1344.0
gobp,Regulation Of Protein Metabolic Process (GO:0051246),77,5,6.5,0.77,0.7891864561943828,0.867935617889103,1344.0
gobp,Regulation Of RNA Metabolic Process (GO:0051252),77,5,6.5,0.77,0.7891864561943828,0.867935617889103,1344.0
kegg,Alcoholism,77,5,6.5,0.77,0.7891864561943828,0.8838994031905344,227.0
gobp,Protein Import Into Nucleus (GO:0006606),63,4,5.3,0.75,0.7897955808618846,0.867935617889103,1344.0
kegg,Epithelial cell signaling in Helicobacter pylori infection,63,4,5.3,0.75,0.7897955808618846,0.8838994031905344,227.0
gobp,Import Into Nucleus (GO:0051170),63,4,5.3,0.75,0.7897955808618846,0.867935617889103,1344.0
gobp,Positive Regulation Of Growth (GO:0045927),63,4,5.3,0.75,0.7897955808618846,0.867935617889103,1344.0
gobp,Positive Regulation Of Wnt Signaling Pathway (GO:0030177),91,6,7.7,0.78,0.7906610017200342,0.8681767862023905,1344.0
gobp,Gland Development (GO:0048732),49,3,4.1,0.73,0.7943413138804802,0.8707950455590255,1344.0
kegg,Long-term potentiation,49,3,4.1,0.73,0.7943413138804802,0.8838994031905344,227.0
gobp,Regulation Of Notch Signaling Pathway (GO:0008593),49,3,4.1,0.73,0.7943413138804802,0.8707950455590255,1344.0
kegg,Notch signaling pathway,49,3,4.1,0.73,0.7943413138804802,0.8838994031905344,227.0
gobp,Regulation Of TOR Signaling (GO:0032006),64,4,5.4,0.74,0.7999574757613481,0.876237039464753,1344.0
hallmark,Unfolded Protein Response,106,7,8.9,0.78,0.801270059000816,0.9999555353170937,44.0
gobp,Nucleosome Organization (GO:0034728),50,3,4.2,0.71,0.8055580361083314,0.880219512625689,1344.0
gobp,mRNA Transport (GO:0051028),50,3,4.2,0.71,0.8055580361083314,0.880219512625689,1344.0
gobp,Lipid Biosynthetic Process (GO:0008610),50,3,4.2,0.71,0.8055580361083314,0.880219512625689,1344.0
gobp,Regulation Of Transforming Growth Factor Beta Receptor Signaling Pathway (GO:0017015),93,6,7.8,0.76,0.8075177986827644,0.8816441278875999,1344.0
hallmark,Estrogen Response Late,161,11,13.6,0.81,0.8085894718799029,0.9999555353170937,44.0
kegg,Neurotrophin signaling pathway,107,7,9.0,0.78,0.8089861566975677,0.8936878596592146,227.0
kegg,Axon guidance,148,10,12.5,0.8,0.8110118902634282,0.8936878596592146,227.0
gobp,Positive Regulation Of Protein Metabolic Process (GO:0051247),162,11,13.7,0.8,0.814792238798587,0.8888642605075494,1344.0
gobp,Generation Of Neurons (GO:0048699),94,6,7.9,0.76,0.8155399412674459,0.8889583788024714,1344.0
gobp,Negative Regulation Of Cellular Biosynthetic Process (GO:0031327),108,7,9.1,0.77,0.8164695462123125,0.8890797482295149,1344.0
gobp,Negative Regulation Of Nucleic Acid-Templated Transcription (GO:1903507),358,26,30.2,0.86,0.8169743222198295,0.8890797482295149,1344.0
kegg,Protein processing in endoplasmic reticulum,149,10,12.6,0.8,0.8174080066045837,0.8963846256001957,227.0
gobp,Protein Localization (GO:0008104),295,21,24.9,0.84,0.8232219424249154,0.8942843679277267,1344.0
gobp,Regulation Of Protein Binding (GO:0043393),95,6,8.0,0.75,0.8232965114777047,0.8942843679277267,1344.0
gobp,Negative Regulation Of Developmental Process (GO:0051093),81,5,6.8,0.73,0.8244184016833731,0.8942843679277267,1344.0
gobp,Negative Regulation Of Transmembrane Receptor Protein Serine/Threonine Kinase Signaling Pathway (GO:0090101),81,5,6.8,0.73,0.8244184016833731,0.8942843679277267,1344.0
kegg,Lysine degradation,52,3,4.4,0.68,0.8264478557648293,0.9019406887433473,227.0
gobp,Protein Autophosphorylation (GO:0046777),137,9,11.6,0.78,0.8272070768361216,0.8946368344663462,1344.0
gobp,Proteasome-Mediated Ubiquitin-Dependent Protein Catabolic Process (GO:0043161),283,20,23.9,0.84,0.8276707482389536,0.8946368344663462,1344.0
gobp,Macromolecule Catabolic Process (GO:0009057),67,4,5.7,0.71,0.8280715938066479,0.8946368344663462,1344.0
gobp,Response To Insulin (GO:0032868),67,4,5.7,0.71,0.8280715938066479,0.8946368344663462,1344.0
gobp,Positive Regulation Of Protein Localization To Nucleus (GO:1900182),67,4,5.7,0.71,0.8280715938066479,0.8946368344663462,1344.0
gobp,Axon Guidance (GO:0007411),96,6,8.1,0.74,0.8307918203264925,0.8968547843524545,1344.0
gobp,Negative Regulation Of Apoptotic Signaling Pathway (GO:2001234),68,4,5.7,0.7,0.8366828151094665,0.9017656002462895,1344.0
gobp,Regulation Of Vesicle-Mediated Transport (GO:0060627),68,4,5.7,0.7,0.8366828151094665,0.9017656002462895,1344.0
kegg,Spinocerebellar ataxia,111,7,9.4,0.75,0.8375544248569237,0.9060171473983842,227.0
gobp,Circulatory System Development (GO:0072359),97,6,8.2,0.73,0.8380304321405162,0.9024943115359404,1344.0
kegg,Autophagy,125,8,10.6,0.76,0.8381656429676683,0.9060171473983842,227.0
gobp,Regulation Of Cellular Component Organization (GO:0051128),126,8,10.6,0.75,0.8443858180367947,0.908610519969137,1344.0
gobp,Negative Regulation Of Programmed Cell Death (GO:0043069),301,21,25.4,0.83,0.8486368704293801,0.9124543630856695,1344.0
gobp,Peptidyl-Lysine Modification (GO:0018205),70,4,5.9,0.68,0.8528233520404869,0.9140098158097264,1344.0
gobp,Regulation Of Organelle Assembly (GO:1902115),70,4,5.9,0.68,0.8528233520404869,0.9140098158097264,1344.0
gobp,Positive Regulation Of Double-Strand Break Repair (GO:2000781),70,4,5.9,0.68,0.8528233520404869,0.9140098158097264,1344.0
gobp,Negative Regulation Of Extrinsic Apoptotic Signaling Pathway (GO:2001237),55,3,4.6,0.65,0.854163935012661,0.9140098158097264,1344.0
gobp,Telomere Organization (GO:0032200),55,3,4.6,0.65,0.854163935012661,0.9140098158097264,1344.0
gobp,Embryonic Organ Development (GO:0048568),55,3,4.6,0.65,0.854163935012661,0.9140098158097264,1344.0
gobp,Regulation Of Macroautophagy (GO:0016241),86,5,7.3,0.69,0.8615858255552166,0.920734295493345,1344.0
gobp,Kidney Development (GO:0001822),56,3,4.7,0.63,0.8625033318646735,0.920734295493345,1344.0
gobp,Autophagosome Assembly (GO:0000045),56,3,4.7,0.63,0.8625033318646735,0.920734295493345,1344.0
gobp,DNA Damage Response (GO:0006974),318,22,26.8,0.82,0.8634345896985203,0.9209968956784216,1344.0
gobp,Cellular Response To Peptide Hormone Stimulus (GO:0071375),72,4,6.1,0.66,0.8675892433845594,0.9246946416406406,1344.0
kegg,Cell cycle,116,7,9.8,0.71,0.8683606671018589,0.934207921479251,227.0
gobp,Protein Stabilization (GO:0050821),172,11,14.5,0.76,0.8687524383888034,0.9252006950828461,1344.0
gobp,Peptidyl-Threonine Modification (GO:0018210),57,3,4.8,0.62,0.8704206375760026,0.9254421586488525,1344.0
gobp,Positive Regulation Of Cellular Biosynthetic Process (GO:0031328),145,9,12.2,0.74,0.872332479986986,0.9254421586488525,1344.0
gobp,Plasma Membrane Bounded Cell Projection Assembly (GO:0120031),214,14,18.1,0.78,0.8733760077731607,0.9254421586488525,1344.0
gobp,"Regulation Of mRNA Splicing, Via Spliceosome (GO:0048024)",73,4,6.2,0.65,0.8744826488019699,0.9254421586488525,1344.0
gobp,Regulation Of Mitotic Cell Cycle Phase Transition (GO:1901990),73,4,6.2,0.65,0.8744826488019699,0.9254421586488525,1344.0
gobp,Nuclear-Transcribed mRNA Catabolic Process (GO:0000956),73,4,6.2,0.65,0.8744826488019699,0.9254421586488525,1344.0
gobp,Cytoskeleton Organization (GO:0007010),88,5,7.4,0.67,0.8744877540803888,0.9254421586488525,1344.0
gobp,Organonitrogen Compound Biosynthetic Process (GO:1901566),88,5,7.4,0.67,0.8744877540803888,0.9254421586488525,1344.0
gobp,Vesicle-Mediated Transport (GO:0016192),335,23,28.3,0.81,0.8767083872768975,0.9270622128246658,1344.0
gobp,Response To UV (GO:0009411),89,5,7.5,0.67,0.880546675144004,0.9278021504139189,1344.0
gobp,Lipid Transport (GO:0006869),74,4,6.2,0.64,0.8810636614507628,0.9278021504139189,1344.0
gobp,Regulation Of Double-Strand Break Repair (GO:2000779),74,4,6.2,0.64,0.8810636614507628,0.9278021504139189,1344.0
gobp,Negative Regulation Of Macromolecule Biosynthetic Process (GO:0010558),74,4,6.2,0.64,0.8810636614507628,0.9278021504139189,1344.0
gobp,Endomembrane System Organization (GO:0010256),161,10,13.6,0.74,0.881863183321298,0.9278021504139189,1344.0
gobp,Protein Localization To Plasma Membrane (GO:0072659),104,6,8.8,0.68,0.8819370474895305,0.9278021504139189,1344.0
gobp,Modification-Dependent Protein Catabolic Process (GO:0019941),175,11,14.8,0.74,0.8822404376703782,0.9278021504139189,1344.0
kegg,mTOR signaling pathway,133,8,11.2,0.71,0.8827567883806108,0.9432271526724476,227.0
kegg,Drug metabolism,59,3,5.0,0.6,0.8850545529481556,0.9432271526724476,227.0
gobp,Negative Regulation Of Catabolic Process (GO:0009895),60,3,5.1,0.59,0.8918034918628894,0.9357825319863065,1344.0
gobp,Regulation Of Cell Cycle G1/S Phase Transition (GO:1902806),60,3,5.1,0.59,0.8918034918628894,0.9357825319863065,1344.0
gobp,Lysosomal Transport (GO:0007041),91,5,7.7,0.65,0.8919177257994484,0.9357825319863065,1344.0
gobp,Positive Regulation Of Cellular Component Biogenesis (GO:0044089),76,4,6.4,0.62,0.8933303871836554,0.936533572835283,1344.0
hallmark,Glycolysis,178,11,15.0,0.73,0.8945817883733457,0.9999555353170937,44.0
gobp,Regulation Of Programmed Cell Death (GO:0043067),150,9,12.7,0.71,0.8953234711838871,0.9378914616298865,1344.0
gobp,Protein Localization To Organelle (GO:0033365),107,6,9.0,0.66,0.8974295796846931,0.9387044610091326,1344.0
gobp,Response To Ionizing Radiation (GO:0010212),61,3,5.1,0.58,0.8981948934953458,0.9387044610091326,1344.0
gobp,Regulation Of mRNA Stability (GO:0043488),61,3,5.1,0.58,0.8981948934953458,0.9387044610091326,1344.0
gobp,Regulation Of Mitotic Cell Cycle (GO:0007346),109,6,9.2,0.65,0.9067629283145514,0.946922591806338,1344.0
hallmark,Protein Secretion,94,5,7.9,0.63,0.9072195343045184,0.9999555353170937,44.0
gobp,Protein O-linked Glycosylation (GO:0006493),63,3,5.3,0.56,0.9099666735052101,0.9480583016984515,1344.0
gobp,Negative Regulation Of Binding (GO:0051100),63,3,5.3,0.56,0.9099666735052101,0.9480583016984515,1344.0
gobp,Regulation Of Cell Division (GO:0051302),63,3,5.3,0.56,0.9099666735052101,0.9480583016984515,1344.0
kegg,Alzheimer disease,279,18,23.5,0.76,0.9100225012188987,0.9619933812758206,227.0
gobp,Protein Localization To Cell Periphery (GO:1990778),110,6,9.3,0.65,0.9111482688020758,0.9485540459101393,1344.0
kegg,Pathways of neurodegeneration,347,23,29.3,0.79,0.9114851078078197,0.9619933812758206,227.0
gobp,Plasma Membrane Bounded Cell Projection Organization (GO:0120036),95,5,8.0,0.62,0.9118819244615635,0.9485830545482519,1344.0
gobp,Protein Complex Oligomerization (GO:0051259),80,4,6.8,0.59,0.9145717454120609,0.9506453409387547,1344.0
kegg,p53 signaling pathway,64,3,5.4,0.56,0.9153769619188425,0.9619933812758206,227.0
gobp,Regulation Of DNA Replication (GO:0006275),64,3,5.4,0.56,0.9153769619188425,0.9507470145432182,1344.0
gobp,Ubiquitin-Dependent Protein Catabolic Process (GO:0006511),324,21,27.3,0.77,0.921156267307159,0.9560108287728354,1344.0
hallmark,heme Metabolism,157,9,13.3,0.68,0.9216250314726867,0.9999555353170937,44.0
gobp,Regulation Of Cell Growth (GO:0001558),186,11,15.7,0.7,0.9223659503186566,0.9565276521823105,1344.0
gobp,Golgi Vesicle Transport (GO:0048193),173,10,14.6,0.68,0.9264378789976918,0.9600096448518873,1344.0
gobp,Vascular Transport (GO:0010232),67,3,5.7,0.53,0.9298766246037852,0.9619804576106856,1344.0
gobp,Neuron Projection Development (GO:0031175),130,7,11.0,0.64,0.9299372358136457,0.9619804576106856,1344.0
gobp,Positive Regulation Of Intracellular Protein Transport (GO:0090316),115,6,9.7,0.62,0.9304870497722406,0.9619804576106856,1344.0
gobp,Protein Ubiquitination (GO:0016567),329,21,27.8,0.76,0.9323618104041138,0.9631777657057102,1344.0
gobp,Transport Across Blood-Brain Barrier (GO:0150104),69,3,5.8,0.52,0.938234596793215,0.9677569440445748,1344.0
gobp,Activation Of Protein Kinase Activity (GO:0032147),69,3,5.8,0.52,0.938234596793215,0.9677569440445748,1344.0
gobp,Sphingolipid Metabolic Process (GO:0006665),70,3,5.9,0.51,0.9420589808866207,0.9709564956377439,1344.0
gobp,Positive Regulation Of Protein Modification By Small Protein Conjugation Or Removal (GO:1903322),71,3,6.0,0.5,0.9456627758966536,0.9731782318568931,1344.0
gobp,Cellular Response To Nutrient Levels (GO:0031669),71,3,6.0,0.5,0.9456627758966536,0.9731782318568931,1344.0
gobp,Positive Regulation Of Protein Ubiquitination (GO:0031398),73,3,6.2,0.49,0.9522533328177194,0.978551376869757,1344.0
gobp,Membrane Organization (GO:0061024),138,7,11.6,0.6,0.9523401792750313,0.978551376869757,1344.0
gobp,Epithelium Development (GO:0060429),107,5,9.0,0.55,0.9536677345378789,0.979166871824988,1344.0
kegg,Amyotrophic lateral sclerosis,271,16,22.9,0.7,0.9540485540714784,0.9980139252268461,227.0
gobp,Positive Regulation Of DNA Repair (GO:0045739),74,3,6.2,0.48,0.9552613471008302,0.9800543896973403,1344.0
gobp,Cellular Response To Starvation (GO:0009267),108,5,9.1,0.55,0.9561665597778326,0.9802348255845974,1344.0
hallmark,DNA Repair,141,7,11.9,0.59,0.9589265432924319,0.9999555353170937,44.0
gobp,RNA Metabolic Process (GO:0016070),93,4,7.8,0.51,0.9599387118958828,0.9833518512104165,1344.0
hallmark,Bile Acid Metabolism,93,4,7.8,0.51,0.9599387118958828,0.9999555353170937,44.0
gobp,Protein Targeting (GO:0006605),110,5,9.3,0.54,0.9607985660610009,0.9834830714287778,1344.0
gobp,Regulation Of Cell Cycle Process (GO:0010564),112,5,9.5,0.53,0.9649775945019468,0.987009046431215,1344.0
gobp,protein-RNA Complex Assembly (GO:0022618),131,6,11.1,0.54,0.9697501845511495,0.9911363102941025,1344.0
kegg,mRNA surveillance pathway,81,3,6.8,0.44,0.9718367343464074,0.9991608344584577,227.0
gobp,Non-Membrane-Bounded Organelle Assembly (GO:0140694),99,4,8.4,0.48,0.9722024850205507,0.9926040144370083,1344.0
gobp,Negative Regulation Of Cell Differentiation (GO:0045596),149,7,12.6,0.56,0.9726633087898362,0.9926040144370083,1344.0
gobp,Neuron Projection Morphogenesis (GO:0048812),100,4,8.4,0.47,0.9738678797789405,0.9926851404201043,1344.0
gobp,Cilium Assembly (GO:0060271),166,8,14.0,0.57,0.974220015040266,0.9926851404201043,1344.0
gobp,DNA-templated Transcription (GO:0006351),168,8,14.2,0.56,0.9766747871085234,0.9944325105104965,1344.0
kegg,Glucagon signaling pathway,85,3,7.2,0.42,0.9784955714070913,0.9991608344584577,227.0
gobp,Protein Modification By Small Protein Conjugation (GO:0032446),278,15,23.5,0.64,0.9800436879592006,0.9971072798010339,1344.0
hallmark,Pperoxisome,88,3,7.4,0.4,0.9824747696692698,0.9999555353170937,44.0
gobp,Positive Regulation Of Developmental Process (GO:0051094),174,8,14.7,0.54,0.9828087318435648,0.9987574000996006,1344.0
gobp,Cytosolic Transport (GO:0016482),107,4,9.0,0.44,0.9831518157230442,0.9987574000996006,1344.0
kegg,AMPK signaling pathway,108,4,9.1,0.44,0.9841897101824755,0.9991608344584577,227.0
hallmark,Fatty Acid Metabolism,143,6,12.1,0.5,0.9844364254747728,0.9999555353170937,44.0
gobp,Organelle Assembly (GO:0070925),255,13,21.5,0.6,0.9851772791370983,0.999879202703236,1344.0
gobp,RNA Splicing (GO:0008380),91,3,7.7,0.39,0.9857440056412112,0.999879202703236,1344.0
gobp,Cilium Organization (GO:0044782),165,7,13.9,0.5,0.9883858081119106,0.9999976854778678,1344.0
gobp,Mitochondrion Organization (GO:0007005),131,5,11.1,0.45,0.9885456967277066,0.9999976854778678,1344.0
gobp,Mitochondrial Translation (GO:0032543),95,3,8.0,0.37,0.9892038281215588,0.9999976854778678,1344.0
kegg,Insulin resistance,95,3,8.0,0.37,0.9892038281215588,0.9991608344584577,227.0
gobp,DNA Metabolic Process (GO:0006259),251,12,21.2,0.57,0.9912204386892736,0.9999976854778678,1344.0
gobp,Mitochondrial Gene Expression (GO:0140053),99,3,8.4,0.36,0.9918475692428724,0.9999976854778678,1344.0
gobp,Chromatin Organization (GO:0006325),207,9,17.5,0.52,0.9928119509902039,0.9999976854778678,1344.0
kegg,Insulin signaling pathway,121,4,10.2,0.39,0.9932054560907103,0.9991608344584577,227.0
gobp,Chromatin Remodeling (GO:0006338),192,8,16.2,0.49,0.993394432523037,0.9999976854778678,1344.0
kegg,Huntington disease,230,10,19.4,0.52,0.9949116234614791,0.9991608344584577,227.0
gobp,Protein Glycosylation (GO:0006486),108,3,9.1,0.33,0.9957079975668399,0.9999976854778678,1344.0
gobp,Transcription By RNA Polymerase II (GO:0006366),166,6,14.0,0.43,0.995978588769254,0.9999976854778678,1344.0
gobp,Endosomal Transport (GO:0016197),149,5,12.6,0.4,0.9962801540382931,0.9999976854778678,1344.0
gobp,Organelle Organization (GO:0006996),336,16,28.4,0.56,0.9969295342740089,0.9999976854778678,1344.0
gobp,Regulation Of Translation (GO:0006417),171,6,14.4,0.42,0.9970391085334274,0.9999976854778678,1344.0
gobp,Regulation Of DNA Repair (GO:0006282),114,3,9.6,0.31,0.9972201773361143,0.9999976854778678,1344.0
hallmark,Adipogenesis,190,7,16.0,0.44,0.9972263138679189,0.9999555353170937,44.0
kegg,Non-alcoholic fatty liver disease,138,4,11.6,0.34,0.9978442757921233,0.9991608344584577,227.0
gobp,Double-Strand Break Repair (GO:0006302),140,4,11.8,0.34,0.9981219031277279,0.9999976854778678,1344.0
kegg,Thermogenesis,179,6,15.1,0.4,0.9981999225072979,0.9991608344584577,227.0
kegg,Ubiquitin mediated proteolysis,128,3,10.8,0.28,0.9990089956897229,0.9991608344584577,227.0
kegg,Parkinson disease,191,6,16.1,0.37,0.9991608344584577,0.9991608344584577,227.0
hallmark,Mitotic Spindle,195,6,16.5,0.36,0.999352002856998,0.9999555353170937,44.0
gobp,RNA Processing (GO:0006396),160,4,13.5,0.3,0.9995398343914511,0.9999976854778678,1344.0
hallmark,Oxidative Phosphorylation,181,4,15.3,0.26,0.999899675022565,0.9999555353170937,44.0
gobp,DNA Repair (GO:0006281),244,7,20.6,0.34,0.9999065349332359,0.9999976854778678,1344.0
hallmark,Myc Targets V1,192,4,16.2,0.25,0.9999555353170937,0.9999555353170937,44.0
gobp,mRNA Processing (GO:0006397),187,3,15.8,0.19,0.9999894884579521,0.9999976854778678,1344.0
gobp,Gene Expression (GO:0010467),259,6,21.9,0.27,0.9999917397944618,0.9999976854778678,1344.0
gobp,Translation (GO:0006412),206,3,17.4,0.17,0.9999976854778678,0.9999976854778678,1344.0
