gene	feline_cortex_proteome	feline_medulla_proteome	pod_treck_proteome	group	group_a_union_variant	complete_in_16_states
0610005C13RIK	no	no	no	B	no	no
0610006L08RIK	no	no	no	B	no	no
0610007P14RIK	no	no	no	B	no	no
0610009B22RIK	no	no	no	B	no	no
0610009E02RIK	no	no	no	B	no	no
0610009L18RIK	no	no	no	B	no	no
0610009O20RIK	no	no	no	B	no	no
0610010F05RIK	no	no	no	B	no	no
0610010K14RIK	no	no	no	B	no	no
0610011F06RIK	no	no	no	B	no	no
0610012G03RIK	no	no	no	B	no	no
0610025J13RIK	no	no	no	B	no	no
0610031O16RIK	no	no	no	B	no	no
0610033M10RIK	no	no	no	B	no	no
0610037L13RIK	no	no	no	B	no	no
0610038B21RIK	no	no	no	B	no	no
0610040B10RIK	no	no	no	B	no	no
0610040F04RIK	no	no	no	B	no	no
0610040J01RIK	no	no	no	B	no	no
0610043K17RIK	no	no	no	B	no	no
1110001J03RIK	no	no	no	B	no	no
1110002L01RIK	no	no	no	B	no	no
1110004E09RIK	no	no	no	B	no	no
1110006O24RIK	no	no	no	B	no	no
1110007C09RIK	no	no	no	B	no	no
1110008F13RIK	no	no	no	B	no	no
1110008L16RIK	no	no	no	B	no	no
1110008P14RIK	no	no	no	B	no	no
1110012L19RIK	no	no	no	B	no	no
1110018N20RIK	no	no	no	B	no	no
1110019B22RIK	no	no	no	B	no	no
1110019D14RIK	no	no	no	B	no	no
1110020A21RIK	no	no	no	B	no	no
1110025M09RIK	no	no	no	B	no	no
1110032A03RIK	no	no	no	B	no	no
1110034G24RIK	no	no	no	B	no	no
1110037F02RIK	no	no	no	B	no	no
1110038B12RIK	no	no	no	B	no	no
1110051M20RIK	no	no	no	B	no	no
1110054M08RIK	no	no	no	B	no	no
1110057K04RIK	no	no	no	B	no	no
1110058L19RIK	no	no	no	B	no	no
1190002F15RIK	no	no	no	B	no	no
1190002N15RIK	no	no	no	B	no	no
1190007I07RIK	no	no	no	B	no	no
1200014J11RIK	no	no	no	B	no	no
1300002E11RIK	no	no	no	B	no	no
1300014J16RIK	no	no	no	B	no	no
1500011B03RIK	no	no	no	B	no	no
1500011K16RIK	no	no	no	B	no	no
1500012F01RIK	no	no	no	B	no	no
1500015A07RIK	no	no	no	B	no	no
1500015O10RIK	no	no	no	B	no	no
1500026H17RIK	no	no	no	B	no	no
1600002H07RIK	no	no	no	B	no	no
1600002K03RIK	no	no	no	B	no	no
1600020E01RIK	no	no	no	B	no	no
1700001F09RIK	no	no	no	B	no	no
1700001J03RIK	no	no	no	B	no	no
1700001L05RIK	no	no	no	B	no	no
1700007K13RIK	no	no	no	B	no	no
1700007L15RIK	no	no	no	B	no	no
1700008J07RIK	no	no	no	B	no	no
1700009J07RIK	no	no	no	B	no	no
1700009P17RIK	no	no	no	B	no	no
1700011H14RIK	no	no	no	B	no	no
1700016C15RIK	no	no	no	B	no	no
1700016P03RIK	no	no	no	B	no	no
1700018L02RIK	no	no	no	B	no	no
1700019G17RIK	no	no	no	B	no	no
1700019L03RIK	no	no	no	B	no	no
1700020I14RIK	no	no	no	B	no	no
1700021F05RIK	no	no	no	B	no	no
1700021K19RIK	no	no	no	B	no	no
1700022N22RIK	no	no	no	B	no	no
1700023H06RIK	no	no	no	B	no	no
1700024P16RIK	no	no	no	B	no	no
1700028J19RIK	no	no	no	B	no	no
1700029I15RIK	no	no	no	B	no	no
1700029J07RIK	no	no	no	B	no	no
1700030C10RIK	no	no	no	B	no	no
1700034P13RIK	no	no	no	B	no	no
1700037H04RIK	no	no	no	B	no	no
1700040L02RIK	no	no	no	B	no	no
1700048M11RIK	no	no	no	B	no	no
1700049G17RIK	no	no	no	B	no	no
1700052K11RIK	no	no	no	B	no	no
1700052N19RIK	no	no	no	B	no	no
1700055N04RIK	no	no	no	B	no	no
1700058P15RIK	no	no	no	B	no	no
1700084E18RIK	no	no	no	B	no	no
1700086O06RIK	no	no	no	B	no	no
1700094D03RIK	no	no	no	B	no	no
1700096K18RIK	no	no	no	B	no	no
1700101I11RIK	no	no	no	B	no	no
1700102H20RIK	no	no	no	B	no	no
1700109H08RIK	no	no	no	B	no	no
1700112D23RIK	no	no	no	B	no	no
1700112E06RIK	no	no	no	B	no	no
1700113A16RIK	no	no	no	B	no	no
1700119H24RIK	no	no	no	B	no	no
1700120K04RIK	no	no	no	B	no	no
1700123M08RIK	no	no	no	B	no	no
1810011H11RIK	no	no	no	B	no	no
1810011O10RIK	no	no	no	B	no	no
1810012K08RIK	no	no	no	B	no	no
1810013L24RIK	no	no	no	B	no	no
1810014B01RIK	no	no	no	B	no	no
1810017P11RIK	no	no	no	B	no	no
1810019D21RIK	no	no	no	B	no	no
1810021B22RIK	no	no	no	B	no	no
1810022K09RIK	no	no	no	B	no	no
1810024B03RIK	no	no	no	B	no	no
1810026J23RIK	no	no	no	B	no	no
1810032O08RIK	no	no	no	B	no	no
1810034E14RIK	no	no	no	B	no	no
1810037I17RIK	no	no	no	B	no	no
1810041H14RIK	no	no	no	B	no	no
1810043G02RIK	no	no	no	B	no	no
1810043H04RIK	no	no	no	B	no	no
1810044D09RIK	no	no	no	B	no	no
1810058I24RIK	no	no	no	B	no	no
1810059H22RIK	no	no	no	B	no	no
1810062G17RIK	no	no	no	B	no	no
1810062O18RIK	no	no	no	B	no	no
1810063I02RIK	no	no	no	B	no	no
2010001A14RIK	no	no	no	B	no	no
2010012O05RIK	no	no	no	B	no	no
2010016I18RIK	no	no	no	B	no	no
2010107E04RIK	no	no	no	B	no	no
2010107G23RIK	no	no	no	B	no	no
2010109A12RIK	no	no	no	B	no	no
2010111I01RIK	no	no	no	B	no	no
2010203P06RIK	no	no	no	B	no	no
2010204K13RIK	no	no	no	B	no	no
2010315B03RIK	no	no	yes	B	no	no
2010320M18RIK	no	no	no	B	no	no
2200002J24RIK	no	no	no	B	no	no
2210011C24RIK	no	no	no	B	no	no
2210013O21RIK	no	no	no	B	no	no
2210015D19RIK	no	no	no	B	no	no
2210016F16RIK	no	no	no	B	no	no
2210018M11RIK	no	no	no	B	no	no
2210404O09RIK	no	no	no	B	no	no
2210408F21RIK	no	no	no	B	no	no
2210418O10RIK	no	no	no	B	no	no
2310001H17RIK	no	no	no	B	no	no
2310003H01RIK	no	no	no	B	no	no
2310007B03RIK	no	no	no	B	no	no
2310010J17RIK	no	no	no	B	no	no
2310014F06RIK	no	no	no	B	no	no
2310015A10RIK	no	no	no	B	no	no
2310015A16RIK	no	no	no	B	no	no
2310016G11RIK	no	no	no	B	no	no
2310026L22RIK	no	no	no	B	no	no
2310035C23RIK	no	no	no	B	no	no
2310036O22RIK	no	no	no	B	no	no
2310039H08RIK	no	no	no	B	no	no
2310040G07RIK	no	no	no	B	no	no
2310043L19RIK	no	no	no	B	no	no
2310043M15RIK	no	no	no	B	no	no
2310045N01RIK	no	no	no	B	no	no
2310047M10RIK	no	no	no	B	no	no
2310061J03RIK	no	no	no	B	no	no
2310067B10RIK	no	no	no	B	no	no
2410002F23RIK	no	no	yes	B	no	no
2410003L11RIK	no	no	no	B	no	no
2410004N09RIK	no	no	no	B	no	no
2410006H16RIK	no	no	no	B	no	no
2410015M20RIK	no	no	no	B	no	no
2410016O06RIK	no	no	no	B	no	no
2410022M11RIK	no	no	no	B	no	no
2410089E03RIK	no	no	no	B	no	no
2410127L17RIK	no	no	no	B	no	no
2410131K14RIK	no	no	no	B	no	no
2500002B13RIK	no	no	no	B	no	no
2500004C02RIK	no	no	no	B	no	no
2510003E04RIK	no	no	no	B	no	no
2510016D11RIK	no	no	no	B	no	no
2510046G10RIK	no	no	no	B	no	no
2610001J05RIK	no	no	no	B	no	no
2610002J02RIK	no	no	no	B	no	no
2610002M06RIK	no	no	no	B	no	no
2610005L07RIK	no	no	no	B	no	no
2610008E11RIK	no	no	yes	B	no	no
2610015P09RIK	no	no	no	B	no	no
2610016A17RIK	no	no	no	B	no	no
2610020H08RIK	no	no	no	B	no	no
2610021A01RIK	no	no	no	B	no	no
2610027K06RIK	no	no	no	B	no	no
2610034B18RIK	no	no	no	B	no	no
2610035D17RIK	no	no	no	B	no	no
2610037D02RIK	no	no	no	B	no	no
2610044O15RIK8	no	no	no	B	no	no
2610203C20RIK	no	no	no	B	no	no
2610301B20RIK	no	no	no	B	no	no
2610306M01RIK	no	no	no	B	no	no
2610307P16RIK	no	no	no	B	no	no
2610507B11RIK	no	no	no	B	no	no
2610507I01RIK	no	no	no	B	no	no
2610524H06RIK	no	no	no	B	no	no
2700029M09RIK	no	no	no	B	no	no
2700033N17RIK	no	no	no	B	no	no
2700038G22RIK	no	no	no	B	no	no
2700046G09RIK	no	no	no	B	no	no
2700060E02RIK	no	no	no	B	no	no
2700081O15RIK	no	no	no	B	no	no
2700089E24RIK	no	no	no	B	no	no
2700094K13RIK	no	no	no	B	no	no
2700097O09RIK	no	no	yes	B	no	no
2700099C18RIK	no	no	no	B	no	no
2810001G20RIK	no	no	no	B	no	no
2810002D19RIK	no	no	no	B	no	no
2810004N23RIK	no	no	no	B	no	no
2810006K23RIK	no	no	no	B	no	no
2810008D09RIK	no	no	no	B	no	no
2810013P06RIK	no	no	no	B	no	no
2810021J22RIK	no	no	no	B	no	no
2810025M15RIK	no	no	no	B	no	no
2810029C07RIK	no	no	no	B	no	no
2810030D12RIK	no	no	no	B	no	no
2810039B14RIK	no	no	no	B	no	no
2810402E24RIK	no	no	no	B	no	no
2810403A07RIK	no	no	no	B	no	no
2810403D21RIK	no	no	no	B	no	no
2810405F17RIK	no	no	no	B	no	no
2810408A11RIK	no	no	no	B	no	no
2810408I11RIK	no	no	no	B	no	no
2810408M09RIK	no	no	no	B	no	no
2810410L24RIK	no	no	no	B	no	no
2810414N06RIK	no	no	no	B	no	no
2810417H13RIK	no	no	no	B	no	no
2810428I15RIK	no	no	no	B	no	no
2810433D01RIK	no	no	no	B	no	no
2810474O19RIK	no	no	no	B	no	no
2900005J15RIK	no	no	no	B	no	no
2900052L18RIK	no	no	no	B	no	no
2900076A07RIK	no	no	no	B	no	no
2900093K20RIK	no	no	no	B	no	no
3010003L21RIK	no	no	no	B	no	no
3010026O09RIK	no	no	no	B	no	no
3110001I22RIK	no	no	no	B	no	no
3110002H16RIK	no	no	no	B	no	no
3110043O21RIK	no	no	no	B	no	no
3110045C21RIK	no	no	no	B	no	no
3110052M02RIK	no	no	no	B	no	no
3110053B16RIK	no	no	no	B	no	no
3110056K07RIK	no	no	no	B	no	no
3110057O12RIK	no	no	no	B	no	no
3110062M04RIK	no	no	no	B	no	no
3110082I17RIK	no	no	no	B	no	no
3110083C13RIK	no	no	no	B	no	no
3110099E03RIK	no	no	no	B	no	no
3300002I08RIK	no	no	no	B	no	no
3300005D01RIK	no	no	no	B	no	no
3632451O06RIK	no	no	no	B	no	no
3830406C13RIK	no	no	no	B	no	no
4430402I18RIK	no	no	no	B	no	no
4632404H12RIK	no	no	no	B	no	no
4632415L05RIK	no	no	no	B	no	no
4632428C04RIK	no	no	no	B	no	no
4632428N05RIK	no	no	no	B	no	no
4732440D04RIK	no	no	no	B	no	no
4732463B04RIK	no	no	no	B	no	no
4732465J04RIK	no	no	no	B	no	no
4732487G21RIK	no	no	no	B	no	no
4732491K20RIK	no	no	no	B	no	no
4831440E17RIK	no	no	no	B	no	no
4833403J16RIK	no	no	no	B	no	no
4833408A19RIK	no	no	no	B	no	no
4833413G10RIK	no	no	no	B	no	no
4833418N02RIK	no	no	no	B	no	no
4833419F23RIK	no	no	no	B	no	no
4833422C13RIK	no	no	no	B	no	no
4833438C02RIK	no	no	no	B	no	no
4921504A21RIK	no	no	no	B	no	no
4921507P07RIK	no	no	no	B	no	no
4921531C22RIK	no	no	no	B	no	no
4930402H24RIK	no	no	no	B	no	no
4930412C18RIK	no	no	no	B	no	no
4930412M03RIK	no	no	no	B	no	no
4930415O20RIK	no	no	no	B	no	no
4930426D05RIK	no	no	no	B	no	no
4930427A07RIK	no	no	no	B	no	no
4930430F08RIK	no	no	no	B	no	no
4930442L01RIK	no	no	no	B	no	no
4930452B06RIK	no	no	no	B	no	no
4930455G09RIK	no	no	no	B	no	no
4930461G14RIK	no	no	no	B	no	no
4930466K18RIK	no	no	no	B	no	no
4930469K13RIK	no	no	no	B	no	no
4930480K23RIK	no	no	no	B	no	no
4930481A15RIK	no	no	no	B	no	no
4930481B07RIK	no	no	no	B	no	no
4930502E18RIK	no	no	no	B	no	no
4930506C21RIK	no	no	no	B	no	no
4930506M07RIK	no	no	no	B	no	no
4930512B01RIK	no	no	no	B	no	no
4930513N10RIK	no	no	no	B	no	no
4930516B21RIK	no	no	no	B	no	no
4930522L14RIK	no	no	yes	B	no	no
4930524J08RIK	no	no	no	B	no	no
4930533I22RIK	no	no	no	B	no	no
4930539J05RIK	no	no	no	B	no	no
4930556J24RIK	no	no	no	B	no	no
4930556M19RIK	no	no	no	B	no	no
4930564B18RIK	no	no	no	B	no	no
4930565N06RIK	no	no	no	B	no	no
4930577N17RIK	no	no	no	B	no	no
4930579G18RIK	no	no	no	B	no	no
4930579K19RIK	no	no	no	B	no	no
4930581F22RIK	no	no	no	B	no	no
4931403E22RIK	no	no	no	B	no	no
4931406P16RIK	no	no	no	B	no	no
4931422A03RIK	no	no	no	B	no	no
4931428F04RIK	no	no	no	B	no	no
4931440P22RIK	no	no	no	B	no	no
4932438A13RIK	no	no	no	B	no	no
4933404O12RIK	no	no	no	B	no	no
4933406C10RIK	no	no	no	B	no	no
4933412E12RIK	no	no	no	B	no	no
4933416I08RIK	no	no	no	B	no	no
4933417A18RIK	no	no	no	B	no	no
4933421O10RIK	no	no	no	B	no	no
4933426M11RIK	no	no	no	B	no	no
4933427G17RIK	no	no	no	B	no	no
4933431E20RIK	no	no	no	B	no	no
4933439C10RIK	no	no	no	B	no	no
4933440N22RIK	no	no	no	B	no	no
5031414D18RIK	no	no	no	B	no	no
5031420N21RIK	no	no	no	B	no	no
5031425E22RIK	no	no	no	B	no	no
5033430I15RIK	no	no	no	B	no	no
5330426P16RIK	no	no	no	B	no	no
5330438D12RIK	no	no	no	B	no	no
5430402O13RIK	no	no	no	B	no	no
5430403G16RIK	no	no	no	B	no	no
5430416O09RIK	no	no	no	B	no	no
5430435G22RIK	no	no	no	B	no	no
5530601H04RIK	no	no	no	B	no	no
5730437C11RIK	no	no	no	B	no	no
5730508B09RIK	no	no	no	B	no	no
5730559C18RIK	no	no	no	B	no	no
5830415F09RIK	no	no	no	B	no	no
5830417I10RIK	no	no	no	B	no	no
5830428H23RIK	no	no	no	B	no	no
5830444B04RIK	no	no	no	B	no	no
5830448L01RIK	no	no	no	B	no	no
5830454E08RIK	no	no	no	B	no	no
5S_RRNA	no	no	no	B	no	no
6030408B16RIK	no	no	no	B	no	no
6030419C18RIK	no	no	no	B	no	no
6230400D17RIK	no	no	no	B	no	no
6230415J03RIK	no	no	no	B	no	no
6330403L08RIK	no	no	no	B	no	no
6330408A02RIK	no	no	no	B	no	no
6330416G13RIK	no	no	no	B	no	no
6330418K02RIK	no	no	no	B	no	no
6330419J24RIK	no	no	no	B	no	no
6330562C20RIK	no	no	no	B	no	no
6430573F11RIK	no	no	no	B	no	no
6530402F18RIK	no	no	no	B	no	no
6720427I07RIK	no	no	no	B	no	no
6720489N17RIK	no	no	no	B	no	no
6820431F20RIK	no	no	no	B	no	no
7SK	no	no	no	B	no	no
8030462N17RIK	no	no	no	B	no	no
8430408G22RIK	no	no	no	B	no	no
8430419L09RIK	no	no	no	B	no	no
8430422M14RIK	no	no	no	B	no	no
8430429K09RIK	no	no	no	B	no	no
9030025P20RIK	no	no	no	B	no	no
9030407P20RIK	no	no	no	B	no	no
9030617O03RIK	no	no	no	B	no	no
9030619P08RIK	no	no	no	B	no	no
9030624J02RIK	no	no	no	B	no	no
9130011E15RIK	no	no	no	B	no	no
9130016M20RIK	no	no	no	B	no	no
9130019O22RIK	no	no	no	B	no	no
9130023H24RIK	no	no	no	B	no	no
9130024F11RIK	no	no	no	B	no	no
9130204K15RIK	no	no	no	B	no	no
9130221H12RIK	no	no	no	B	no	no
9130230N09RIK	no	no	no	B	no	no
9130409J20RIK	no	no	no	B	no	no
9230102O04RIK	no	no	no	B	no	no
9230110C19RIK	no	no	no	B	no	no
9230111E07RIK	no	no	no	B	no	no
9230112E08RIK	no	no	no	B	no	no
9230114K14RIK	no	no	no	B	no	no
9230116L04RIK	no	no	no	B	no	no
9330020H09RIK	no	no	no	B	no	no
9330151L19RIK	no	no	no	B	no	no
9430008C03RIK	no	no	no	B	no	no
9430016H08RIK	no	no	no	B	no	no
9430020K01RIK	no	no	no	B	no	no
9430085M18RIK	no	no	no	B	no	no
9430091E24RIK	no	no	no	B	no	no
9530026P05RIK	no	no	no	B	no	no
9530034E10RIK	no	no	no	B	no	no
9530077C05RIK	no	no	no	B	no	no
9530082P21RIK	no	no	no	B	no	no
9630013D21RIK	no	no	no	B	no	no
9630033F20RIK	no	no	no	B	no	no
9830144P21RIK	no	no	no	B	no	no
9830147E19RIK	no	no	no	B	no	no
9930004E17RIK	no	no	no	B	no	no
9930014A18RIK	no	no	no	B	no	no
9930021J03RIK	no	no	no	B	no	no
9930104L06RIK	no	no	no	B	no	no
9930111J21RIK1	no	no	yes	B	no	no
9930111J21RIK2	no	no	no	B	no	no
A130006I12RIK	no	no	no	B	no	no
A130014A01RIK	no	no	no	B	no	no
A1CF	no	no	yes	B	no	yes
A230046K03RIK	no	no	no	B	no	no
A230050P20RIK	no	no	no	B	no	no
A230056P14RIK	no	no	no	B	no	no
A230072C01RIK	no	no	no	B	no	no
A230083G16RIK	no	no	no	B	no	no
A2M	yes	yes	yes	A	yes	no
A2ML1	no	no	no	B	no	no
A330009N23RIK	no	no	no	B	no	no
A330023F24RIK	no	no	no	B	no	no
A330033J07RIK	no	no	no	B	no	no
A330035P11RIK	no	no	no	B	no	no
A330040F15RIK	no	no	no	B	no	no
A330069E16RIK	no	no	no	B	no	no
A3GALT2	no	no	no	B	no	no
A430018G15RIK	no	no	no	B	no	no
A430033K04RIK	no	no	no	B	no	no
A430035B10RIK	no	no	no	B	no	no
A430046D13RIK	no	no	no	B	no	no
A430073D23RIK	no	no	no	B	no	no
A430105I19RIK	no	no	no	B	no	no
A4GALT	no	no	yes	B	no	yes
A4GNT	no	no	no	B	no	no
A530017D24RIK	no	no	no	B	no	no
A530020G20RIK	no	no	no	B	no	no
A530032D15RIK	no	no	no	B	no	no
A530040E14RIK	no	no	no	B	no	no
A530054K11RIK	no	no	no	B	no	no
A630001G21RIK	no	no	yes	B	no	no
A630052C17RIK	no	no	no	B	no	no
A630072M18RIK	no	no	no	B	no	no
A630076J17RIK	no	no	no	B	no	no
A730017L22RIK	no	no	no	B	no	no
A730020M07RIK	no	no	no	B	no	no
A730049H05RIK	no	no	no	B	no	no
A730063M14RIK	no	no	no	B	no	no
A830080D01RIK	no	no	no	B	no	no
A930001C03RIK	no	no	no	B	no	no
A930002H24RIK	no	no	no	B	no	no
A930004D18RIK	no	no	no	B	no	no
A930005H10RIK	no	no	no	B	no	no
A930006K02RIK	no	no	no	B	no	no
A930007A09RIK	no	no	yes	B	no	no
A930012O16RIK	no	no	no	B	no	no
A930017K11RIK	no	no	no	B	no	no
A930033H14RIK	no	no	no	B	no	no
AA414768	no	no	no	B	no	no
AA415398	no	no	no	B	no	no
AA465934	no	no	no	B	no	no
AA474331	no	no	no	B	no	no
AA543186	no	no	no	B	no	no
AA987161	no	no	no	B	no	no
AAAS	no	no	yes	B	no	yes
AACS	no	no	yes	B	no	yes
AADAC	no	no	yes	B	no	no
AADAT	yes	yes	yes	A	yes	yes
AAED1	no	no	no	B	no	no
AAGAB	no	no	yes	B	no	yes
AAK1	yes	yes	yes	A	yes	yes
AAMDC	no	no	yes	B	no	yes
AAMP	no	no	yes	B	no	yes
AAR2	no	no	yes	B	no	yes
AARD	no	no	no	B	no	no
AARS	no	no	no	B	no	no
AARS1	yes	yes	yes	A	yes	no
AARS2	yes	no	yes	B	yes	yes
AARSD1	no	no	yes	B	no	no
AASDH	no	no	yes	B	no	no
AASDHPPT	yes	no	yes	B	yes	yes
AASS	yes	yes	yes	A	yes	yes
AATF	no	no	yes	B	no	yes
AATK	no	no	yes	B	no	no
ABAT	yes	yes	yes	A	yes	yes
ABCA1	no	no	yes	B	no	yes
ABCA10	no	no	no	B	no	no
ABCA13	no	no	yes	B	no	no
ABCA2	no	no	yes	B	no	yes
ABCA3	no	no	yes	B	no	yes
ABCA4	no	no	yes	B	no	no
ABCA5	no	no	yes	B	no	yes
ABCA6	no	no	yes	B	no	no
ABCA7	no	no	yes	B	no	no
ABCA8	no	no	yes	B	no	no
ABCA8A	no	no	yes	B	no	no
ABCA9	no	no	yes	B	no	yes
ABCB1	no	no	no	B	no	no
ABCB10	no	no	yes	B	no	yes
ABCB1A	no	no	yes	B	no	no
ABCB1B	no	no	yes	B	no	no
ABCB6	no	no	yes	B	no	no
ABCB7	yes	yes	yes	A	yes	yes
ABCB8	no	no	yes	B	no	yes
ABCB9	no	no	yes	B	no	yes
ABCC1	no	no	yes	B	no	yes
ABCC10	no	no	yes	B	no	yes
ABCC11	no	no	no	B	no	no
ABCC2	no	no	yes	B	no	yes
ABCC3	no	no	yes	B	no	no
ABCC4	no	no	yes	B	no	yes
ABCC5	no	no	yes	B	no	yes
ABCC6	no	no	yes	B	no	yes
ABCC9	no	no	yes	B	no	yes
ABCD1	yes	no	yes	B	yes	yes
ABCD2	no	no	yes	B	no	no
ABCD3	yes	yes	yes	A	yes	yes
ABCD4	no	no	yes	B	no	yes
ABCE1	yes	yes	yes	A	yes	yes
ABCF1	no	yes	yes	B	yes	yes
ABCF2	no	no	yes	B	no	yes
ABCF3	no	no	yes	B	no	yes
ABCG1	no	no	yes	B	no	yes
ABCG2	no	no	yes	B	no	yes
ABCG4	no	no	no	B	no	no
ABHD1	no	no	no	B	no	no
ABHD10	no	no	yes	B	no	yes
ABHD11	yes	yes	yes	A	yes	yes
ABHD11OS	no	no	no	B	no	no
ABHD12	no	no	yes	B	no	yes
ABHD12B	no	no	no	B	no	no
ABHD13	no	no	yes	B	no	yes
ABHD14A	no	no	yes	B	no	no
ABHD14B	yes	yes	yes	A	yes	yes
ABHD15	no	no	yes	B	no	no
ABHD16A	yes	no	yes	B	yes	yes
ABHD17A	no	no	yes	B	no	yes
ABHD17B	no	no	yes	B	no	yes
ABHD17C	no	no	yes	B	no	yes
ABHD18	no	no	yes	B	no	no
ABHD2	no	no	yes	B	no	yes
ABHD3	no	no	yes	B	no	yes
ABHD4	no	no	yes	B	no	yes
ABHD5	yes	yes	yes	A	yes	yes
ABHD6	no	no	yes	B	no	yes
ABHD8	no	no	no	B	no	yes
ABI1	yes	yes	yes	A	yes	yes
ABI2	no	no	yes	B	no	yes
ABI3	no	no	yes	B	no	no
ABI3BP	no	no	yes	B	no	yes
ABITRAM	no	no	yes	B	no	no
ABL1	no	no	yes	B	no	yes
ABL2	no	no	yes	B	no	yes
ABLIM1	yes	yes	yes	A	yes	yes
ABLIM2	no	no	yes	B	no	no
ABLIM3	no	no	yes	B	no	yes
ABR	no	yes	yes	B	yes	yes
ABRACL	yes	yes	yes	A	yes	yes
ABRAXAS1	no	no	yes	B	no	no
ABRAXAS2	no	no	yes	B	no	no
ABT1	no	no	yes	B	no	yes
ABTB1	no	no	yes	B	no	yes
ABTB2	no	no	yes	B	no	yes
AC158361.6	no	no	no	B	no	no
ACAA1	yes	yes	no	B	no	no
ACAA1A	no	no	yes	B	no	no
ACAA1B	no	no	yes	B	no	no
ACAA2	no	no	yes	B	no	yes
ACACA	yes	yes	yes	A	yes	yes
ACACB	yes	yes	yes	A	yes	yes
ACAD10	no	no	yes	B	no	no
ACAD11	no	no	yes	B	no	no
ACAD12	no	no	yes	B	no	no
ACAD8	yes	yes	yes	A	yes	yes
ACAD9	yes	yes	yes	A	yes	yes
ACADL	no	no	yes	B	no	yes
ACADM	yes	yes	yes	A	yes	yes
ACADS	yes	yes	yes	A	yes	yes
ACADSB	yes	yes	yes	A	yes	yes
ACADVL	yes	yes	yes	A	yes	yes
ACAP1	no	no	yes	B	no	no
ACAP2	yes	no	yes	B	yes	yes
ACAP3	no	no	yes	B	no	yes
ACAT1	yes	yes	yes	A	yes	yes
ACAT2	yes	yes	yes	A	yes	yes
ACAT3	no	no	yes	B	no	no
ACBD3	yes	yes	yes	A	yes	yes
ACBD4	no	no	yes	B	no	yes
ACBD5	yes	no	yes	B	yes	yes
ACBD6	no	no	yes	B	no	yes
ACCS	no	no	yes	B	no	no
ACD	no	no	yes	B	no	yes
ACE	yes	yes	yes	A	yes	yes
ACE2	yes	yes	yes	A	yes	yes
ACER2	no	no	yes	B	no	yes
ACER3	no	no	yes	B	no	yes
ACHE	no	no	yes	B	no	yes
ACIN1	yes	yes	yes	A	yes	yes
ACKR1	no	no	no	B	no	no
ACKR2	no	no	no	B	no	no
ACKR3	no	no	yes	B	no	yes
ACKR4	no	no	no	B	no	no
ACKR5	no	no	yes	B	no	no
ACLY	yes	yes	yes	A	yes	yes
ACMSD	yes	yes	yes	A	yes	yes
ACN9	no	no	no	B	no	no
ACNAT1	no	no	yes	B	no	no
ACNAT2	no	no	yes	B	no	no
ACO1	yes	yes	yes	A	yes	yes
ACO2	yes	yes	yes	A	yes	yes
ACOD1	no	no	no	B	no	no
ACOT1	no	no	yes	B	no	no
ACOT11	no	no	yes	B	no	yes
ACOT12	no	no	yes	B	no	no
ACOT13	yes	yes	yes	A	yes	yes
ACOT2	no	no	yes	B	no	no
ACOT3	no	no	yes	B	no	no
ACOT4	yes	yes	yes	A	yes	no
ACOT5	no	no	no	B	no	no
ACOT6	no	no	yes	B	no	no
ACOT7	yes	no	yes	B	yes	yes
ACOT8	no	no	yes	B	no	yes
ACOT9	yes	yes	yes	A	yes	yes
ACOX1	yes	yes	yes	A	yes	yes
ACOX2	yes	yes	yes	A	yes	yes
ACOX3	yes	yes	yes	A	yes	yes
ACP1	yes	yes	yes	A	yes	yes
ACP2	no	no	yes	B	no	yes
ACP3	no	no	yes	B	no	no
ACP5	no	no	yes	B	no	yes
ACP6	no	no	yes	B	no	yes
ACP7	no	no	no	B	no	no
ACPP	no	no	no	B	no	no
ACR	no	no	no	B	no	no
ACRBP	no	no	no	B	no	no
ACSBG1	yes	yes	yes	A	yes	no
ACSF2	yes	yes	yes	A	yes	yes
ACSF3	yes	yes	yes	A	yes	yes
ACSL1	yes	yes	yes	A	yes	yes
ACSL3	yes	yes	yes	A	yes	yes
ACSL4	yes	yes	yes	A	yes	yes
ACSL5	yes	yes	yes	A	yes	yes
ACSM1	yes	yes	yes	A	yes	no
ACSM2	no	no	yes	B	no	no
ACSM3	no	no	yes	B	no	no
ACSM5	yes	yes	yes	A	yes	yes
ACSS1	yes	yes	yes	A	yes	yes
ACSS2	yes	yes	yes	A	yes	yes
ACSS3	yes	yes	yes	A	yes	yes
ACTA1	no	no	yes	B	no	no
ACTA2	no	no	no	B	no	no
ACTB	yes	no	yes	B	yes	yes
ACTC1	no	yes	no	B	no	no
ACTG-PS1	no	no	no	B	no	no
ACTG1	yes	yes	yes	A	yes	yes
ACTG2	yes	no	no	B	no	no
ACTL6A	yes	no	yes	B	yes	yes
ACTL7B	no	no	no	B	no	no
ACTN1	yes	yes	yes	A	yes	yes
ACTN2	no	no	no	B	no	no
ACTN3	no	no	yes	B	no	no
ACTN4	yes	yes	yes	A	yes	yes
ACTR10	yes	yes	yes	A	yes	yes
ACTR1A	yes	yes	yes	A	yes	yes
ACTR1B	yes	no	yes	B	yes	yes
ACTR2	yes	yes	yes	A	yes	yes
ACTR3	yes	yes	yes	A	yes	yes
ACTR3-PS	no	no	no	B	no	no
ACTR3B	no	no	yes	B	no	no
ACTR5	no	no	yes	B	no	yes
ACTR6	no	no	yes	B	no	yes
ACTR8	no	no	yes	B	no	yes
ACVR1	no	no	yes	B	no	yes
ACVR1B	no	no	yes	B	no	yes
ACVR2A	no	no	yes	B	no	yes
ACVR2B	no	no	no	B	no	yes
ACVRL1	no	no	yes	B	no	yes
ACY1	no	no	yes	B	no	no
ACY3	no	no	yes	B	no	no
ACYP1	no	no	yes	B	no	yes
ACYP2	no	yes	yes	B	yes	yes
ADA	yes	yes	yes	A	yes	yes
ADA2	no	no	no	B	no	no
ADAM10	yes	yes	yes	A	yes	yes
ADAM11	no	no	yes	B	no	yes
ADAM12	no	no	yes	B	no	no
ADAM15	no	no	yes	B	no	yes
ADAM17	no	no	yes	B	no	yes
ADAM19	no	no	no	B	no	no
ADAM22	no	no	yes	B	no	no
ADAM23	no	no	no	B	no	no
ADAM28	no	no	no	B	no	no
ADAM33	no	no	no	B	no	no
ADAM8	no	no	yes	B	no	no
ADAM9	no	no	yes	B	no	yes
ADAMDEC1	no	no	yes	B	no	no
ADAMTS1	no	no	yes	B	no	yes
ADAMTS10	no	no	no	B	no	yes
ADAMTS12	no	no	yes	B	no	no
ADAMTS13	no	no	yes	B	no	no
ADAMTS14	no	no	no	B	no	no
ADAMTS15	no	no	yes	B	no	yes
ADAMTS16	no	no	yes	B	no	no
ADAMTS17	no	no	no	B	no	no
ADAMTS18	no	no	no	B	no	no
ADAMTS2	no	no	yes	B	no	yes
ADAMTS3	no	no	no	B	no	no
ADAMTS4	no	no	yes	B	no	yes
ADAMTS5	no	no	yes	B	no	yes
ADAMTS6	no	no	no	B	no	yes
ADAMTS7	no	no	yes	B	no	yes
ADAMTS8	no	no	no	B	no	no
ADAMTS9	no	no	yes	B	no	yes
ADAMTSL1	no	no	yes	B	no	no
ADAMTSL2	no	no	yes	B	no	yes
ADAMTSL3	no	no	no	B	no	no
ADAMTSL4	no	no	yes	B	no	yes
ADAMTSL5	no	no	yes	B	no	no
ADAP1	no	no	yes	B	no	yes
ADAP2	no	no	yes	B	no	yes
ADAP2OS	no	no	no	B	no	no
ADAR	yes	no	yes	B	yes	yes
ADARB1	no	no	yes	B	no	yes
ADAT1	no	no	yes	B	no	no
ADAT2	no	no	yes	B	no	yes
ADAT3	no	no	yes	B	no	no
ADCK1	no	no	yes	B	no	yes
ADCK2	no	no	yes	B	no	yes
ADCK3	no	no	no	B	no	no
ADCK4	no	no	no	B	no	no
ADCK5	no	no	yes	B	no	yes
ADCY1	no	no	no	B	no	yes
ADCY10	no	no	no	B	no	no
ADCY2	no	no	no	B	no	no
ADCY3	no	no	yes	B	no	no
ADCY4	no	no	yes	B	no	yes
ADCY5	no	no	yes	B	no	no
ADCY6	no	no	yes	B	no	yes
ADCY7	no	no	yes	B	no	yes
ADCY9	no	no	yes	B	no	yes
ADCYAP1	no	no	no	B	no	no
ADCYAP1R1	no	no	yes	B	no	no
ADD1	yes	yes	yes	A	yes	yes
ADD2	no	no	yes	B	no	no
ADD3	yes	yes	yes	A	yes	yes
ADGB	yes	yes	no	B	no	no
ADGRA1	no	no	yes	B	no	no
ADGRA2	no	no	yes	B	no	no
ADGRA3	no	no	yes	B	no	no
ADGRB1	no	no	no	B	no	no
ADGRB2	no	no	no	B	no	no
ADGRD1	no	no	no	B	no	no
ADGRD2	no	no	no	B	no	no
ADGRE1	no	no	yes	B	no	no
ADGRE2	no	no	no	B	no	no
ADGRE3	no	no	no	B	no	no
ADGRE5	no	yes	yes	B	yes	no
ADGRF1	no	no	yes	B	no	no
ADGRF5	no	no	yes	B	no	no
ADGRG1	no	no	yes	B	no	no
ADGRG2	no	no	yes	B	no	no
ADGRG3	no	no	yes	B	no	no
ADGRG4	no	no	no	B	no	no
ADGRG5	no	no	no	B	no	no
ADGRG6	no	no	yes	B	no	no
ADGRL1	no	no	yes	B	no	no
ADGRL2	no	no	yes	B	no	no
ADGRL3	no	no	yes	B	no	no
ADGRL4	no	no	yes	B	no	no
ADGRV1	no	no	no	B	no	no
ADH1	no	no	yes	B	no	no
ADH4	no	no	no	B	no	no
ADH5	yes	yes	yes	A	yes	yes
ADH6A	no	no	yes	B	no	no
ADH7	no	no	yes	B	no	no
ADHFE1	yes	no	yes	B	yes	yes
ADI1	yes	no	yes	B	yes	yes
ADIG	no	no	no	B	no	no
ADIPOQ	no	no	yes	B	no	no
ADIPOR1	no	no	yes	B	no	yes
ADIPOR2	no	no	no	B	no	yes
ADIRF	yes	yes	no	B	no	no
ADK	yes	yes	yes	A	yes	yes
ADM	no	no	no	B	no	yes
ADM2	no	no	no	B	no	yes
ADNP	no	no	yes	B	no	yes
ADNP2	no	no	yes	B	no	yes
ADO	no	no	yes	B	no	yes
ADORA1	no	no	no	B	no	yes
ADORA2A	no	no	no	B	no	yes
ADORA2B	no	no	no	B	no	yes
ADORA3	no	no	no	B	no	no
ADPGK	no	no	yes	B	no	yes
ADPRH	no	no	yes	B	no	no
ADPRHL2	no	no	no	B	no	no
ADPRM	no	no	yes	B	no	yes
ADPRS	yes	no	yes	B	yes	no
ADRA1A	no	no	yes	B	no	yes
ADRA1B	no	no	yes	B	no	no
ADRA1D	no	no	no	B	no	no
ADRA2A	no	no	yes	B	no	no
ADRA2B	no	no	yes	B	no	yes
ADRA2C	no	no	no	B	no	no
ADRB1	no	no	no	B	no	no
ADRB2	no	no	yes	B	no	yes
ADRB3	no	no	no	B	no	no
ADRBK1	no	no	no	B	no	no
ADRBK2	no	no	no	B	no	no
ADRM1	no	no	no	B	no	yes
ADSL	yes	yes	yes	A	yes	yes
ADSS	no	no	no	B	no	no
ADSS1	no	no	yes	B	no	no
ADSS2	yes	yes	yes	A	yes	no
ADSSL1	no	no	no	B	no	no
ADTRP	yes	no	yes	B	yes	yes
AEBP1	yes	yes	yes	A	yes	yes
AEBP2	no	no	yes	B	no	yes
AEN	no	no	yes	B	no	yes
AES	no	no	no	B	no	no
AF251705	no	no	no	B	no	no
AF357399	no	no	no	B	no	no
AFAP1	no	no	yes	B	no	yes
AFAP1L1	no	no	yes	B	no	yes
AFAP1L2	yes	yes	yes	A	yes	yes
AFDN	yes	yes	yes	A	yes	no
AFF1	no	no	yes	B	no	yes
AFF2	no	no	no	B	no	no
AFF3	no	no	no	B	no	no
AFF4	no	no	yes	B	no	yes
AFG1L	no	no	yes	B	no	no
AFG2A	no	no	yes	B	no	no
AFG2B	no	no	yes	B	no	no
AFG3L1	no	no	yes	B	no	no
AFG3L2	yes	yes	yes	A	yes	yes
AFM	yes	yes	yes	A	yes	no
AFMID	yes	yes	yes	A	yes	yes
AFP	no	no	yes	B	no	no
AFTPH	no	no	yes	B	no	yes
AGA	no	no	yes	B	no	yes
AGAP1	no	no	yes	B	no	yes
AGAP2	no	no	yes	B	no	no
AGAP3	no	no	yes	B	no	yes
AGBL2	no	no	no	B	no	no
AGBL3	no	no	no	B	no	yes
AGBL5	no	no	no	B	no	yes
AGER	no	no	yes	B	no	no
AGFG1	no	yes	yes	B	yes	yes
AGFG2	no	no	yes	B	no	yes
AGGF1	no	no	yes	B	no	yes
AGK	yes	yes	yes	A	yes	yes
AGL	yes	yes	yes	A	yes	yes
AGMAT	yes	no	yes	B	yes	yes
AGMO	no	no	yes	B	no	no
AGO1	no	no	yes	B	no	yes
AGO2	no	no	yes	B	no	yes
AGO3	no	yes	yes	B	yes	yes
AGO4	no	no	yes	B	no	yes
AGPAT1	yes	no	yes	B	yes	yes
AGPAT2	yes	yes	yes	A	yes	yes
AGPAT3	yes	no	yes	B	yes	yes
AGPAT4	no	no	yes	B	no	yes
AGPAT5	yes	yes	yes	A	yes	yes
AGPAT6	no	no	no	B	no	no
AGPAT9	no	no	no	B	no	no
AGPS	yes	yes	yes	A	yes	yes
AGR2	no	no	no	B	no	no
AGRN	yes	yes	yes	A	yes	yes
AGRP	no	no	no	B	no	no
AGT	yes	yes	yes	A	yes	yes
AGTPBP1	no	no	yes	B	no	yes
AGTR1	no	no	no	B	no	no
AGTR1A	no	no	yes	B	no	no
AGTRAP	no	no	yes	B	no	no
AGXT	yes	yes	no	B	no	no
AGXT2	yes	yes	yes	A	yes	yes
AHCTF1	no	no	yes	B	no	yes
AHCY	yes	yes	yes	A	yes	yes
AHCYL1	yes	yes	yes	A	yes	yes
AHCYL2	yes	yes	yes	A	yes	yes
AHDC1	no	no	yes	B	no	yes
AHI1	no	no	yes	B	no	yes
AHNAK	no	no	yes	B	no	yes
AHNAK2	no	no	yes	B	no	no
AHR	no	no	yes	B	no	yes
AHRR	no	no	no	B	no	no
AHSA1	yes	yes	yes	A	yes	yes
AHSA2	no	no	yes	B	no	no
AI314180	no	no	no	B	no	no
AI314278	no	no	no	B	no	no
AI317395	no	no	no	B	no	no
AI413582	no	no	no	B	no	no
AI464131	no	no	no	B	no	no
AI480526	no	no	no	B	no	no
AI506816	no	no	no	B	no	no
AI606181	no	no	no	B	no	no
AI607873	no	no	no	B	no	no
AI662270	no	no	no	B	no	no
AI838599	no	no	no	B	no	no
AI839979	no	no	no	B	no	no
AI846148	no	no	no	B	no	no
AI854703	no	no	yes	B	no	no
AI987944	no	no	yes	B	no	no
AIDA	no	no	yes	B	no	yes
AIF1	yes	no	yes	B	yes	yes
AIF1L	yes	yes	yes	A	yes	yes
AIFM1	yes	yes	yes	A	yes	yes
AIFM2	no	no	yes	B	no	yes
AIFM3	no	no	yes	B	no	yes
AIG1	no	no	yes	B	no	yes
AIM1	no	no	no	B	no	no
AIM1L	no	no	no	B	no	no
AIM2	no	no	yes	B	no	no
AIMP1	yes	yes	yes	A	yes	yes
AIMP2	yes	yes	yes	A	yes	yes
AIP	yes	yes	yes	A	yes	yes
AIPL1	no	no	no	B	no	no
AIRN	no	no	no	B	no	no
AJAP1	no	no	no	B	no	no
AJM1	no	no	no	B	no	no
AJUBA	no	no	yes	B	no	yes
AK010878	no	no	no	B	no	no
AK1	yes	yes	yes	A	yes	yes
AK129341	no	no	no	B	no	no
AK157302	no	no	no	B	no	no
AK2	yes	yes	yes	A	yes	yes
AK3	yes	yes	yes	A	yes	yes
AK3L2-PS	no	no	no	B	no	no
AK4	yes	yes	yes	A	yes	yes
AK5	no	no	yes	B	no	no
AK6	no	no	yes	B	no	yes
AK7	no	no	no	B	no	no
AK8	no	no	no	B	no	no
AK9	no	no	no	B	no	no
AKAIN1	no	no	no	B	no	no
AKAP1	no	yes	yes	B	yes	yes
AKAP10	no	no	yes	B	no	yes
AKAP11	no	no	yes	B	no	yes
AKAP12	yes	yes	yes	A	yes	yes
AKAP13	no	no	yes	B	no	yes
AKAP17A	no	no	yes	B	no	no
AKAP17B	no	no	yes	B	no	no
AKAP5	no	no	yes	B	no	no
AKAP6	no	no	no	B	no	no
AKAP7	no	no	yes	B	no	yes
AKAP8	no	no	yes	B	no	yes
AKAP8L	no	no	yes	B	no	yes
AKAP9	no	no	yes	B	no	yes
AKIP1	no	no	yes	B	no	yes
AKIRIN1	no	no	yes	B	no	yes
AKIRIN2	no	no	yes	B	no	yes
AKNA	no	no	yes	B	no	yes
AKR1A1	yes	yes	yes	A	yes	yes
AKR1B1	yes	yes	yes	A	yes	no
AKR1B10	no	no	yes	B	no	no
AKR1B3	no	no	no	B	no	no
AKR1B7	no	no	yes	B	no	no
AKR1B8	no	no	yes	B	no	no
AKR1C12	no	no	yes	B	no	no
AKR1C13	no	no	yes	B	no	no
AKR1C14	no	no	yes	B	no	no
AKR1C18	no	no	yes	B	no	no
AKR1C19	no	no	yes	B	no	no
AKR1C20	no	no	yes	B	no	no
AKR1C21	no	no	yes	B	no	no
AKR1C3	yes	yes	no	B	no	no
AKR1CL	no	no	no	B	no	no
AKR1D1	no	no	no	B	no	no
AKR1E2	yes	no	yes	B	yes	yes
AKR7L	yes	yes	no	B	no	no
AKT1	no	no	yes	B	no	yes
AKT1S1	no	no	yes	B	no	yes
AKT2	no	no	yes	B	no	yes
AKT2-PS	no	no	no	B	no	no
AKT3	no	no	yes	B	no	yes
AKTIP	no	no	yes	B	no	yes
AL591003.1	no	no	no	B	no	no
ALAD	yes	yes	yes	A	yes	yes
ALAS1	no	no	yes	B	no	yes
ALAS2	no	no	no	B	no	no
ALB	yes	yes	yes	A	yes	no
ALCAM	yes	no	yes	B	yes	yes
ALDH16A1	yes	yes	yes	A	yes	yes
ALDH18A1	yes	yes	yes	A	yes	yes
ALDH1A1	yes	yes	yes	A	yes	yes
ALDH1A2	yes	yes	yes	A	yes	yes
ALDH1A3	no	no	yes	B	no	no
ALDH1A7	no	no	yes	B	no	no
ALDH1B1	yes	yes	yes	A	yes	yes
ALDH1L1	yes	yes	yes	A	yes	yes
ALDH1L2	no	no	yes	B	no	no
ALDH2	yes	yes	yes	A	yes	yes
ALDH3A1	no	yes	yes	B	yes	no
ALDH3A2	yes	yes	yes	A	yes	yes
ALDH3B1	no	no	yes	B	no	yes
ALDH3B2	no	no	yes	B	no	no
ALDH4A1	yes	yes	yes	A	yes	yes
ALDH5A1	yes	yes	yes	A	yes	yes
ALDH6A1	yes	yes	yes	A	yes	yes
ALDH7A1	yes	yes	yes	A	yes	yes
ALDH8A1	yes	yes	yes	A	yes	yes
ALDH9A1	yes	yes	yes	A	yes	yes
ALDOA	yes	yes	yes	A	yes	yes
ALDOB	yes	yes	yes	A	yes	yes
ALDOC	yes	yes	yes	A	yes	yes
ALG1	no	no	yes	B	no	yes
ALG10	no	no	no	B	no	no
ALG10B	no	no	yes	B	no	no
ALG11	no	no	yes	B	no	yes
ALG12	no	no	yes	B	no	yes
ALG13	no	no	yes	B	no	yes
ALG14	no	no	yes	B	no	yes
ALG2	yes	yes	yes	A	yes	yes
ALG3	no	no	yes	B	no	yes
ALG5	no	no	yes	B	no	yes
ALG6	no	no	yes	B	no	yes
ALG8	no	no	yes	B	no	yes
ALG9	no	no	yes	B	no	yes
ALK	no	no	no	B	no	no
ALKAL2	no	no	no	B	no	no
ALKBH1	no	no	yes	B	no	yes
ALKBH2	no	no	yes	B	no	yes
ALKBH3	no	no	yes	B	no	yes
ALKBH4	no	no	yes	B	no	yes
ALKBH5	no	no	yes	B	no	yes
ALKBH6	no	no	yes	B	no	yes
ALKBH7	no	no	yes	B	no	yes
ALKBH8	no	no	yes	B	no	yes
ALMS1	no	no	yes	B	no	no
ALMS1-PS2	no	no	no	B	no	no
ALOX12	no	no	yes	B	no	no
ALOX12E	no	no	no	B	no	no
ALOX15B	no	no	no	B	no	no
ALOX5	no	no	yes	B	no	no
ALOX5AP	no	no	yes	B	no	yes
ALPK1	no	no	yes	B	no	no
ALPK2	no	no	no	B	no	no
ALPK3	no	no	no	B	no	no
ALPL	yes	yes	yes	A	yes	yes
ALS2	no	no	yes	B	no	yes
ALS2CL	no	no	yes	B	no	yes
ALS2CR12	no	no	no	B	no	no
ALX1	no	no	yes	B	no	no
ALYREF	yes	yes	yes	A	yes	yes
ALYREF2	no	no	yes	B	no	no
AMACR	yes	yes	yes	A	yes	yes
AMBP	no	no	yes	B	no	no
AMBRA1	no	no	yes	B	no	yes
AMD-PS3	no	no	no	B	no	no
AMD-PS4	no	no	no	B	no	no
AMD1	no	no	no	B	no	yes
AMD2	no	no	yes	B	no	no
AMDHD1	yes	yes	yes	A	yes	no
AMDHD2	yes	yes	yes	A	yes	yes
AMER1	no	no	yes	B	no	yes
AMER2	no	no	no	B	no	no
AMFR	no	no	yes	B	no	yes
AMH	no	no	no	B	no	no
AMHR2	no	no	no	B	no	no
AMICA1	no	no	no	B	no	no
AMIGO1	no	no	yes	B	no	yes
AMIGO2	no	no	yes	B	no	yes
AMIGO3	no	no	no	B	no	no
AMMECR1	no	no	yes	B	no	yes
AMMECR1L	no	no	yes	B	no	yes
AMN	yes	yes	yes	A	yes	yes
AMN1	no	no	yes	B	no	no
AMOT	no	no	yes	B	no	yes
AMOTL1	no	no	yes	B	no	yes
AMOTL2	no	no	yes	B	no	yes
AMPD2	no	yes	yes	B	yes	yes
AMPD3	no	no	yes	B	no	yes
AMPH	no	no	yes	B	no	no
AMT	yes	yes	yes	A	yes	yes
AMY1	no	no	yes	B	no	no
AMY2B	yes	yes	no	B	no	no
AMZ1	no	no	no	B	no	no
AMZ2	no	no	yes	B	no	yes
ANAPC1	no	no	yes	B	no	yes
ANAPC10	no	no	yes	B	no	yes
ANAPC11	no	no	yes	B	no	yes
ANAPC13	no	no	yes	B	no	yes
ANAPC15	no	no	yes	B	no	yes
ANAPC16	no	no	yes	B	no	yes
ANAPC2	no	no	yes	B	no	yes
ANAPC4	no	no	yes	B	no	yes
ANAPC5	no	no	yes	B	no	yes
ANAPC7	no	no	yes	B	no	yes
ANG	no	no	yes	B	no	no
ANGEL1	no	no	yes	B	no	yes
ANGEL2	no	no	yes	B	no	yes
ANGPT1	no	no	yes	B	no	yes
ANGPT2	no	no	yes	B	no	yes
ANGPT4	no	no	yes	B	no	no
ANGPTL1	no	no	no	B	no	no
ANGPTL2	no	no	yes	B	no	yes
ANGPTL3	no	no	yes	B	no	no
ANGPTL4	no	no	yes	B	no	yes
ANGPTL6	no	no	yes	B	no	no
ANGPTL7	no	no	yes	B	no	no
ANGPTL8	no	no	yes	B	no	no
ANHX	no	no	no	B	no	no
ANK1	yes	yes	yes	A	yes	no
ANK2	yes	yes	yes	A	yes	no
ANK3	yes	yes	yes	A	yes	yes
ANKDD1B	no	no	no	B	no	no
ANKEF1	no	no	no	B	no	no
ANKFY1	yes	yes	yes	A	yes	yes
ANKH	no	no	yes	B	no	yes
ANKHD1	no	no	yes	B	no	no
ANKIB1	no	no	yes	B	no	yes
ANKK1	no	no	no	B	no	no
ANKLE1	no	no	no	B	no	no
ANKLE2	no	no	yes	B	no	yes
ANKMY1	no	no	no	B	no	no
ANKMY2	yes	no	yes	B	yes	yes
ANKRA2	no	no	no	B	no	yes
ANKRD1	no	no	no	B	no	yes
ANKRD10	no	no	yes	B	no	yes
ANKRD11	no	no	yes	B	no	yes
ANKRD12	no	no	yes	B	no	yes
ANKRD13A	no	no	yes	B	no	yes
ANKRD13B	no	no	no	B	no	yes
ANKRD13C	no	no	yes	B	no	yes
ANKRD13D	no	no	yes	B	no	no
ANKRD16	no	no	yes	B	no	yes
ANKRD17	no	no	yes	B	no	yes
ANKRD22	no	no	no	B	no	no
ANKRD23	no	no	no	B	no	no
ANKRD24	no	no	yes	B	no	yes
ANKRD26	no	no	yes	B	no	no
ANKRD27	no	no	yes	B	no	yes
ANKRD28	no	no	yes	B	no	yes
ANKRD29	no	no	yes	B	no	yes
ANKRD32	no	no	no	B	no	no
ANKRD33	no	no	no	B	no	no
ANKRD33B	no	no	yes	B	no	yes
ANKRD34B	no	no	yes	B	no	no
ANKRD37	no	no	no	B	no	no
ANKRD39	no	no	yes	B	no	yes
ANKRD40	no	no	yes	B	no	yes
ANKRD42	no	no	no	B	no	yes
ANKRD44	no	no	yes	B	no	yes
ANKRD45	no	no	no	B	no	no
ANKRD46	no	no	yes	B	no	yes
ANKRD49	no	no	yes	B	no	yes
ANKRD50	no	no	yes	B	no	yes
ANKRD52	no	no	yes	B	no	yes
ANKRD53	no	no	no	B	no	no
ANKRD54	no	no	yes	B	no	yes
ANKRD6	no	no	yes	B	no	yes
ANKRD65	no	no	no	B	no	yes
ANKRD9	no	no	yes	B	no	yes
ANKS1A	yes	yes	yes	A	yes	yes
ANKS1B	no	no	no	B	no	no
ANKS3	no	no	yes	B	no	yes
ANKS4B	yes	no	yes	B	yes	yes
ANKS6	no	no	yes	B	no	yes
ANKZF1	no	no	yes	B	no	yes
ANLN	no	no	yes	B	no	no
ANO1	no	no	yes	B	no	yes
ANO10	yes	yes	yes	A	yes	yes
ANO3	no	no	no	B	no	no
ANO4	no	no	no	B	no	no
ANO5	no	no	no	B	no	no
ANO6	yes	yes	yes	A	yes	yes
ANO8	no	no	yes	B	no	yes
ANO9	no	no	yes	B	no	yes
ANOS1	no	no	no	B	no	no
ANP32A	yes	yes	yes	A	yes	yes
ANP32B	yes	yes	yes	A	yes	yes
ANP32B-PS1	no	no	no	B	no	no
ANP32E	yes	yes	yes	A	yes	yes
ANPEP	yes	yes	yes	A	yes	yes
ANTKMT	no	no	yes	B	no	no
ANTXR1	no	no	yes	B	no	yes
ANTXR2	no	no	yes	B	no	yes
ANXA1	yes	yes	yes	A	yes	yes
ANXA11	yes	yes	yes	A	yes	yes
ANXA13	yes	yes	yes	A	yes	yes
ANXA2	yes	yes	yes	A	yes	yes
ANXA3	yes	yes	yes	A	yes	yes
ANXA4	yes	yes	yes	A	yes	yes
ANXA5	yes	yes	yes	A	yes	yes
ANXA6	yes	yes	yes	A	yes	yes
ANXA7	no	no	yes	B	no	no
ANXA8	no	no	yes	B	no	no
ANXA9	no	yes	yes	B	yes	no
AOAH	no	no	yes	B	no	yes
AOC1	yes	yes	yes	A	yes	yes
AOC2	no	no	no	B	no	no
AOC3	no	no	yes	B	no	yes
AOPEP	no	no	yes	B	no	no
AOX1	no	no	yes	B	no	no
AOX3	no	no	yes	B	no	no
AP1AR	no	no	yes	B	no	yes
AP1B1	yes	yes	yes	A	yes	yes
AP1G1	yes	yes	yes	A	yes	yes
AP1G2	no	no	yes	B	no	yes
AP1M1	yes	yes	yes	A	yes	yes
AP1M2	no	yes	yes	B	yes	yes
AP1S1	yes	yes	yes	A	yes	yes
AP1S2	no	no	yes	B	no	yes
AP1S3	no	no	yes	B	no	no
AP2A1	yes	yes	yes	A	yes	yes
AP2A2	yes	yes	yes	A	yes	yes
AP2B1	yes	yes	yes	A	yes	yes
AP2M1	yes	yes	yes	A	yes	yes
AP2M1-PS	no	no	no	B	no	no
AP2S1	yes	yes	yes	A	yes	yes
AP3B1	yes	yes	yes	A	yes	yes
AP3B2	no	no	yes	B	no	no
AP3D1	yes	yes	yes	A	yes	yes
AP3M1	yes	yes	yes	A	yes	yes
AP3M2	no	no	yes	B	no	yes
AP3S1	no	no	yes	B	no	yes
AP3S1-PS1	no	no	no	B	no	no
AP3S2	no	no	yes	B	no	yes
AP4B1	no	no	yes	B	no	yes
AP4E1	no	no	yes	B	no	yes
AP4M1	no	no	yes	B	no	yes
AP4S1	no	no	yes	B	no	yes
AP5B1	no	no	yes	B	no	yes
AP5M1	no	no	yes	B	no	yes
AP5S1	no	no	yes	B	no	yes
AP5Z1	no	no	yes	B	no	yes
APAF1	no	no	yes	B	no	yes
APBA1	no	no	yes	B	no	no
APBA2	no	no	no	B	no	no
APBA3	no	no	yes	B	no	yes
APBB1	yes	yes	yes	A	yes	yes
APBB1IP	no	no	yes	B	no	no
APBB2	no	no	yes	B	no	yes
APBB3	no	no	no	B	no	no
APC	no	no	yes	B	no	yes
APCDD1	no	no	yes	B	no	no
APCDD1L	no	no	no	B	no	no
APCS	no	no	yes	B	no	no
APEH	yes	yes	yes	A	yes	yes
APELA	no	no	no	B	no	no
APEX1	yes	yes	yes	A	yes	yes
APEX2	no	no	yes	B	no	yes
APH1A	no	no	yes	B	no	yes
APH1B	no	no	yes	B	no	yes
APH1C	no	no	yes	B	no	no
API5	yes	yes	yes	A	yes	yes
APIP	yes	yes	yes	A	yes	yes
APITD1	no	no	no	B	no	no
APLF	no	no	yes	B	no	yes
APLN	no	no	no	B	no	yes
APLNR	no	no	yes	B	no	yes
APLP1	no	no	yes	B	no	yes
APLP2	yes	no	yes	B	yes	yes
APMAP	yes	yes	yes	A	yes	yes
APOA1	yes	yes	yes	A	yes	no
APOA1BP	yes	yes	no	B	no	no
APOA2	no	no	yes	B	no	yes
APOA4	yes	yes	yes	A	yes	yes
APOB	yes	yes	yes	A	yes	yes
APOBEC1	no	no	yes	B	no	no
APOBEC2	no	no	yes	B	no	no
APOBEC3H	no	no	yes	B	no	no
APOBEC3Z3	no	no	no	B	no	no
APOBR	no	no	yes	B	no	no
APOC1	yes	yes	yes	A	yes	no
APOC2	yes	yes	no	B	no	no
APOC3	yes	yes	yes	A	yes	yes
APOD	no	yes	yes	B	yes	no
APOE	no	no	yes	B	no	yes
APOH	yes	yes	yes	A	yes	yes
APOL10B	no	no	no	B	no	no
APOL6	no	no	no	B	no	no
APOL7C	no	no	no	B	no	no
APOL8	no	no	no	B	no	no
APOL9A	no	no	no	B	no	no
APOL9B	no	no	no	B	no	no
APOLD1	no	no	no	B	no	yes
APOM	no	yes	yes	B	yes	yes
APOO	yes	yes	yes	A	yes	yes
APOO-PS	no	no	no	B	no	no
APOOL	no	yes	yes	B	yes	yes
APOPT1	no	no	no	B	no	no
APP	yes	no	yes	B	yes	yes
APPBP2	no	no	yes	B	no	yes
APPBP2OS	no	no	no	B	no	no
APPL1	yes	yes	yes	A	yes	yes
APPL2	no	no	yes	B	no	yes
APRT	yes	yes	yes	A	yes	yes
APTX	no	no	yes	B	no	yes
AQP1	yes	yes	yes	A	yes	yes
AQP10	no	no	no	B	no	no
AQP11	no	no	yes	B	no	yes
AQP2	no	yes	yes	B	yes	yes
AQP3	no	no	yes	B	no	yes
AQP4	no	no	yes	B	no	no
AQP6	no	no	yes	B	no	yes
AQP7	no	no	yes	B	no	yes
AQP8	no	no	no	B	no	no
AQP9	no	no	no	B	no	no
AQR	no	no	yes	B	no	yes
AR	no	no	yes	B	no	yes
ARAF	no	no	yes	B	no	yes
ARAP1	yes	no	yes	B	yes	yes
ARAP2	no	no	yes	B	no	yes
ARAP3	no	no	yes	B	no	yes
ARB2A	no	no	yes	B	no	no
ARC	no	no	no	B	no	yes
ARCN1	yes	yes	yes	A	yes	yes
AREG	no	no	no	B	no	no
AREL1	no	no	yes	B	no	yes
ARF1	yes	yes	yes	A	yes	yes
ARF2	no	no	yes	B	no	no
ARF3	no	no	yes	B	no	yes
ARF4	no	no	yes	B	no	yes
ARF5	no	no	yes	B	no	yes
ARF6	no	no	yes	B	no	yes
ARFGAP1	no	yes	yes	B	yes	yes
ARFGAP2	no	no	yes	B	no	yes
ARFGAP3	yes	yes	yes	A	yes	yes
ARFGEF1	yes	yes	yes	A	yes	yes
ARFGEF2	yes	yes	yes	A	yes	yes
ARFGEF3	no	no	yes	B	no	no
ARFIP1	yes	yes	yes	A	yes	yes
ARFIP2	no	no	yes	B	no	yes
ARFRP1	no	no	yes	B	no	yes
ARG1	no	no	yes	B	no	no
ARG2	yes	yes	yes	A	yes	yes
ARGLU1	no	no	yes	B	no	yes
ARHGAP1	yes	yes	yes	A	yes	yes
ARHGAP10	no	no	yes	B	no	yes
ARHGAP11A	no	no	yes	B	no	yes
ARHGAP12	no	no	yes	B	no	yes
ARHGAP15	no	no	yes	B	no	yes
ARHGAP17	yes	yes	yes	A	yes	yes
ARHGAP18	no	no	yes	B	no	yes
ARHGAP19	no	no	no	B	no	no
ARHGAP20	no	no	no	B	no	no
ARHGAP21	no	no	yes	B	no	yes
ARHGAP22	no	no	yes	B	no	yes
ARHGAP23	no	no	yes	B	no	yes
ARHGAP24	no	no	yes	B	no	yes
ARHGAP25	no	no	yes	B	no	no
ARHGAP26	no	no	yes	B	no	yes
ARHGAP27	no	no	yes	B	no	yes
ARHGAP27OS2	no	no	no	B	no	no
ARHGAP28	no	no	yes	B	no	no
ARHGAP29	no	no	yes	B	no	yes
ARHGAP30	no	no	yes	B	no	yes
ARHGAP31	no	no	yes	B	no	yes
ARHGAP32	no	no	yes	B	no	yes
ARHGAP33	no	no	no	B	no	no
ARHGAP35	no	no	yes	B	no	yes
ARHGAP36	no	no	yes	B	no	no
ARHGAP39	no	no	yes	B	no	yes
ARHGAP4	no	no	yes	B	no	yes
ARHGAP42	no	no	yes	B	no	yes
ARHGAP44	no	no	yes	B	no	yes
ARHGAP45	no	no	yes	B	no	no
ARHGAP5	no	no	yes	B	no	yes
ARHGAP6	no	no	yes	B	no	yes
ARHGAP8	no	no	yes	B	no	yes
ARHGAP9	no	no	yes	B	no	yes
ARHGDIA	yes	yes	yes	A	yes	yes
ARHGDIB	yes	yes	yes	A	yes	yes
ARHGDIG	no	no	no	B	no	no
ARHGEF1	yes	no	yes	B	yes	yes
ARHGEF10	no	no	yes	B	no	yes
ARHGEF10L	no	no	yes	B	no	yes
ARHGEF11	no	no	yes	B	no	yes
ARHGEF12	no	yes	yes	B	yes	yes
ARHGEF15	no	no	yes	B	no	yes
ARHGEF16	yes	yes	yes	A	yes	yes
ARHGEF17	no	no	yes	B	no	yes
ARHGEF18	no	no	yes	B	no	yes
ARHGEF19	no	no	yes	B	no	yes
ARHGEF2	no	no	yes	B	no	yes
ARHGEF25	no	no	yes	B	no	no
ARHGEF26	no	no	yes	B	no	no
ARHGEF28	no	no	yes	B	no	yes
ARHGEF3	no	no	yes	B	no	yes
ARHGEF37	no	no	yes	B	no	no
ARHGEF38	no	no	yes	B	no	no
ARHGEF39	no	no	yes	B	no	yes
ARHGEF4	no	no	yes	B	no	no
ARHGEF40	no	no	yes	B	no	yes
ARHGEF5	no	no	yes	B	no	yes
ARHGEF6	no	no	yes	B	no	yes
ARHGEF7	yes	no	yes	B	yes	yes
ARHGEF9	no	no	no	B	no	no
ARID1A	no	no	yes	B	no	yes
ARID1B	no	no	yes	B	no	yes
ARID2	no	no	yes	B	no	yes
ARID3A	no	no	yes	B	no	yes
ARID3B	no	no	yes	B	no	no
ARID3C	no	no	no	B	no	no
ARID4A	no	no	yes	B	no	yes
ARID4B	no	no	yes	B	no	yes
ARID5A	no	no	yes	B	no	no
ARID5B	no	no	yes	B	no	yes
ARIH1	no	no	yes	B	no	no
ARIH2	no	no	yes	B	no	yes
ARL1	no	yes	yes	B	yes	yes
ARL10	no	no	yes	B	no	yes
ARL11	no	no	yes	B	no	no
ARL13B	no	no	yes	B	no	yes
ARL14	no	no	no	B	no	no
ARL14EP	no	no	yes	B	no	yes
ARL15	no	yes	yes	B	yes	yes
ARL16	no	no	no	B	no	no
ARL2	no	no	yes	B	no	yes
ARL2BP	no	no	yes	B	no	no
ARL3	yes	yes	yes	A	yes	yes
ARL4A	no	no	yes	B	no	yes
ARL4C	no	no	yes	B	no	yes
ARL4D	no	no	yes	B	no	yes
ARL5A	no	no	yes	B	no	yes
ARL5B	no	no	yes	B	no	yes
ARL5C	no	no	no	B	no	no
ARL6	no	no	yes	B	no	yes
ARL6IP1	yes	no	yes	B	yes	yes
ARL6IP4	no	no	yes	B	no	yes
ARL6IP5	yes	yes	yes	A	yes	yes
ARL6IP6	no	no	yes	B	no	yes
ARL8A	no	no	yes	B	no	yes
ARL8B	yes	yes	yes	A	yes	yes
ARL9	no	no	no	B	no	no
ARMC1	yes	no	yes	B	yes	yes
ARMC10	yes	yes	yes	A	yes	yes
ARMC12	no	no	no	B	no	no
ARMC3	no	no	no	B	no	no
ARMC5	no	no	yes	B	no	no
ARMC6	yes	no	yes	B	yes	yes
ARMC7	no	no	yes	B	no	yes
ARMC8	no	no	yes	B	no	yes
ARMC9	no	no	yes	B	no	yes
ARMCX1	no	no	yes	B	no	yes
ARMCX2	no	no	yes	B	no	yes
ARMCX3	no	no	yes	B	no	yes
ARMCX4	no	no	yes	B	no	no
ARMCX5	no	no	yes	B	no	yes
ARMCX6	no	no	no	B	no	no
ARMH1	no	no	no	B	no	no
ARMH3	no	no	yes	B	no	no
ARMH4	no	no	no	B	no	no
ARNT	no	no	yes	B	no	yes
ARNT2	no	no	yes	B	no	yes
ARNTL	no	no	no	B	no	no
ARNTL2	no	no	no	B	no	no
ARPC1A	yes	yes	yes	A	yes	yes
ARPC1B	no	no	yes	B	no	yes
ARPC2	yes	yes	yes	A	yes	yes
ARPC3	yes	yes	yes	A	yes	yes
ARPC4	yes	yes	yes	A	yes	yes
ARPC5	yes	yes	yes	A	yes	yes
ARPC5L	yes	yes	yes	A	yes	yes
ARPIN	no	no	yes	B	no	no
ARPP19	no	no	yes	B	no	no
ARPP21	no	no	no	B	no	no
ARRB1	yes	yes	yes	A	yes	yes
ARRB2	no	no	yes	B	no	yes
ARRDC1	no	no	yes	B	no	yes
ARRDC2	no	no	no	B	no	yes
ARRDC3	no	no	yes	B	no	yes
ARRDC4	no	no	no	B	no	yes
ARRDC5	no	no	no	B	no	no
ARSA	no	no	yes	B	no	yes
ARSB	no	no	yes	B	no	yes
ARSD	no	no	no	B	no	no
ARSG	no	no	yes	B	no	yes
ARSI	no	no	no	B	no	no
ARSJ	no	no	no	B	no	no
ARSK	no	no	yes	B	no	yes
ARSL	no	no	no	B	no	no
ART3	no	no	yes	B	no	no
ART4	yes	yes	yes	A	yes	yes
ARTN	no	no	no	B	no	no
ARV1	no	no	yes	B	no	no
ARVCF	no	no	yes	B	no	yes
ARXES1	no	no	yes	B	no	no
ARXES2	no	no	no	B	no	no
AS3MT	yes	no	yes	B	yes	yes
ASAH1	yes	yes	yes	A	yes	yes
ASAH2	no	no	yes	B	no	yes
ASAP1	no	no	yes	B	no	yes
ASAP2	no	no	yes	B	no	yes
ASAP3	no	no	yes	B	no	yes
ASB1	no	no	yes	B	no	yes
ASB11	no	no	no	B	no	no
ASB13	no	no	yes	B	no	yes
ASB15	no	no	no	B	no	no
ASB16	no	no	no	B	no	no
ASB2	no	no	no	B	no	yes
ASB3	no	no	yes	B	no	yes
ASB4	no	no	no	B	no	no
ASB5	no	no	no	B	no	no
ASB6	no	no	yes	B	no	yes
ASB7	no	no	yes	B	no	yes
ASB8	no	no	yes	B	no	yes
ASB9	no	no	yes	B	no	yes
ASCC1	no	no	yes	B	no	yes
ASCC2	no	no	yes	B	no	yes
ASCC3	no	no	yes	B	no	yes
ASDURF	no	no	yes	B	no	no
ASF1A	no	no	yes	B	no	yes
ASF1B	no	no	yes	B	no	no
ASGR2	no	no	no	B	no	no
ASH1L	no	no	yes	B	no	yes
ASH2L	no	no	yes	B	no	yes
ASIC1	no	no	no	B	no	no
ASIC2	no	no	no	B	no	no
ASIC4	no	no	no	B	no	no
ASIP	no	no	no	B	no	no
ASL	yes	yes	yes	A	yes	yes
ASMTL	yes	yes	no	B	no	no
ASNA1	no	no	no	B	no	no
ASNS	no	no	yes	B	no	yes
ASNSD1	no	no	yes	B	no	yes
ASPA	yes	yes	yes	A	yes	yes
ASPDH	yes	yes	yes	A	yes	yes
ASPG	no	no	yes	B	no	no
ASPH	yes	yes	yes	A	yes	yes
ASPHD2	no	no	no	B	no	no
ASPM	no	no	no	B	no	no
ASPN	yes	yes	yes	A	yes	yes
ASPRV1	no	no	yes	B	no	no
ASPSCR1	yes	yes	yes	A	yes	yes
ASRGL1	yes	no	yes	B	yes	yes
ASS1	yes	yes	yes	A	yes	yes
ASTE1	no	no	yes	B	no	yes
ASTN1	no	no	no	B	no	no
ASTN2	no	no	no	B	no	no
ASUN	no	no	no	B	no	no
ASXL1	no	no	yes	B	no	yes
ASXL2	no	no	yes	B	no	yes
ASXL3	no	no	no	B	no	no
ATAD1	yes	yes	yes	A	yes	yes
ATAD2	no	no	yes	B	no	yes
ATAD2B	no	no	yes	B	no	yes
ATAD3A	yes	yes	yes	A	yes	no
ATAD5	no	no	yes	B	no	no
ATAT1	no	no	yes	B	no	yes
ATCAY	no	no	no	B	no	no
ATE1	no	no	yes	B	no	yes
ATF1	no	no	yes	B	no	yes
ATF2	no	no	yes	B	no	yes
ATF3	no	no	yes	B	no	yes
ATF4	no	no	no	B	no	yes
ATF5	no	no	no	B	no	yes
ATF6	no	no	yes	B	no	yes
ATF6B	no	no	yes	B	no	yes
ATF7	no	no	yes	B	no	no
ATF7IP	no	no	yes	B	no	yes
ATF7IP2	no	no	no	B	no	no
ATG10	no	no	yes	B	no	yes
ATG101	no	no	yes	B	no	yes
ATG12	no	no	yes	B	no	yes
ATG13	no	no	yes	B	no	yes
ATG14	no	no	yes	B	no	yes
ATG16L1	no	no	yes	B	no	yes
ATG16L2	no	no	yes	B	no	yes
ATG2A	no	no	yes	B	no	yes
ATG2B	no	no	yes	B	no	yes
ATG3	yes	yes	yes	A	yes	yes
ATG4A	no	no	yes	B	no	yes
ATG4A-PS	no	no	no	B	no	no
ATG4B	yes	no	yes	B	yes	yes
ATG4C	no	no	yes	B	no	yes
ATG4D	no	no	yes	B	no	yes
ATG5	no	no	yes	B	no	yes
ATG7	yes	yes	yes	A	yes	yes
ATG9A	no	no	yes	B	no	yes
ATG9B	no	no	no	B	no	no
ATHL1	no	no	no	B	no	no
ATIC	yes	yes	yes	A	yes	yes
ATL1	no	no	yes	B	no	no
ATL2	yes	no	yes	B	yes	yes
ATL3	yes	yes	yes	A	yes	yes
ATM	no	no	yes	B	no	yes
ATMIN	no	no	yes	B	no	yes
ATN1	no	no	yes	B	no	yes
ATOH8	no	no	no	B	no	yes
ATOSA	no	no	no	B	no	no
ATOSB	no	no	yes	B	no	no
ATOX1	yes	yes	yes	A	yes	yes
ATP10A	no	no	yes	B	no	no
ATP10B	no	no	yes	B	no	no
ATP10D	no	no	no	B	no	no
ATP11A	yes	no	yes	B	yes	yes
ATP11B	no	no	yes	B	no	yes
ATP11C	no	yes	yes	B	yes	yes
ATP12A	no	no	yes	B	no	no
ATP13A1	yes	no	yes	B	yes	yes
ATP13A2	no	no	yes	B	no	yes
ATP13A3	no	no	yes	B	no	yes
ATP1A1	yes	yes	yes	A	yes	yes
ATP1A2	no	no	yes	B	no	no
ATP1A3	no	no	yes	B	no	no
ATP1B1	yes	yes	yes	A	yes	yes
ATP1B2	no	no	yes	B	no	yes
ATP1B3	yes	yes	yes	A	yes	yes
ATP23	no	no	yes	B	no	no
ATP2A1	no	no	yes	B	no	no
ATP2A2	yes	yes	yes	A	yes	yes
ATP2A3	no	no	yes	B	no	yes
ATP2B1	yes	yes	yes	A	yes	yes
ATP2B2	no	no	yes	B	no	no
ATP2B4	yes	yes	yes	A	yes	yes
ATP2C1	no	no	yes	B	no	yes
ATP2C2	no	no	no	B	no	no
ATP4A	no	no	yes	B	no	no
ATP5A1	no	no	no	B	no	no
ATP5B	no	no	no	B	no	no
ATP5C1	no	no	no	B	no	no
ATP5D	no	no	no	B	no	no
ATP5E	no	no	no	B	no	no
ATP5F1	no	no	no	B	no	no
ATP5F1A	yes	yes	yes	A	yes	no
ATP5F1B	yes	yes	yes	A	yes	no
ATP5F1C	yes	yes	yes	A	yes	no
ATP5F1D	yes	yes	yes	A	yes	no
ATP5F1E	no	no	yes	B	no	no
ATP5G1	no	no	no	B	no	no
ATP5G2	no	no	no	B	no	no
ATP5G3	no	no	no	B	no	no
ATP5H	no	no	no	B	no	no
ATP5IF1	yes	yes	yes	A	yes	no
ATP5J	no	no	no	B	no	no
ATP5J2	no	no	no	B	no	no
ATP5K	no	no	no	B	no	no
ATP5K-PS2	no	no	no	B	no	no
ATP5L	no	no	no	B	no	no
ATP5L-PS1	no	no	no	B	no	no
ATP5L2-PS	no	no	no	B	no	no
ATP5MC1	no	no	yes	B	no	no
ATP5MC2	no	no	no	B	no	no
ATP5MD	yes	yes	no	B	no	no
ATP5MF	yes	yes	yes	A	yes	no
ATP5MG	yes	yes	yes	A	yes	no
ATP5MJ	no	no	yes	B	no	no
ATP5MK	no	no	yes	B	no	no
ATP5MPL	no	no	no	B	no	no
ATP5O	no	no	no	B	no	no
ATP5PB	yes	yes	yes	A	yes	no
ATP5PB-PS	no	no	no	B	no	no
ATP5PD	yes	yes	yes	A	yes	no
ATP5PF	yes	yes	yes	A	yes	no
ATP5PO	yes	yes	yes	A	yes	no
ATP5S	no	no	no	B	no	no
ATP5SL	no	no	no	B	no	no
ATP6AP1	no	no	yes	B	no	yes
ATP6AP2	no	no	yes	B	no	yes
ATP6V0A1	yes	yes	yes	A	yes	yes
ATP6V0A2	no	no	yes	B	no	yes
ATP6V0A4	yes	yes	yes	A	yes	yes
ATP6V0B	no	no	no	B	no	yes
ATP6V0C	no	no	yes	B	no	yes
ATP6V0C-PS2	no	no	no	B	no	no
ATP6V0D1	yes	yes	yes	A	yes	yes
ATP6V0D2	no	no	yes	B	no	yes
ATP6V0E1	no	no	no	B	no	yes
ATP6V0E2	no	no	no	B	no	yes
ATP6V1A	yes	yes	yes	A	yes	yes
ATP6V1B1	yes	yes	yes	A	yes	yes
ATP6V1B2	yes	yes	yes	A	yes	yes
ATP6V1C1	yes	yes	yes	A	yes	yes
ATP6V1C2	yes	no	yes	B	yes	yes
ATP6V1D	yes	yes	yes	A	yes	yes
ATP6V1E1	yes	yes	yes	A	yes	yes
ATP6V1E2	no	no	no	B	no	no
ATP6V1F	yes	yes	yes	A	yes	yes
ATP6V1G1	yes	no	yes	B	yes	yes
ATP6V1G2	no	no	yes	B	no	no
ATP6V1G3	yes	no	yes	B	yes	yes
ATP6V1H	yes	yes	yes	A	yes	yes
ATP7A	no	no	yes	B	no	yes
ATP7B	no	no	yes	B	no	no
ATP8A1	no	no	yes	B	no	yes
ATP8A2	no	no	no	B	no	no
ATP8B1	no	no	yes	B	no	yes
ATP8B2	no	no	yes	B	no	yes
ATP8B4	no	no	no	B	no	no
ATP9A	no	no	yes	B	no	yes
ATP9B	no	no	yes	B	no	yes
ATPAF1	yes	yes	yes	A	yes	yes
ATPAF2	yes	no	yes	B	yes	yes
ATPIF1	no	no	no	B	no	no
ATPSCKMT	no	no	yes	B	no	no
ATR	no	no	yes	B	no	yes
ATRAID	no	no	yes	B	no	yes
ATRIP	no	no	yes	B	no	yes
ATRN	no	no	yes	B	no	yes
ATRNL1	no	no	yes	B	no	yes
ATRX	no	no	yes	B	no	yes
ATXN1	no	no	yes	B	no	yes
ATXN10	no	no	yes	B	no	yes
ATXN1L	no	no	yes	B	no	yes
ATXN2	yes	no	yes	B	yes	yes
ATXN2L	yes	yes	yes	A	yes	yes
ATXN3	no	no	yes	B	no	yes
ATXN7	no	no	yes	B	no	yes
ATXN7L1	no	no	no	B	no	yes
ATXN7L2	no	no	yes	B	no	yes
ATXN7L3	no	no	yes	B	no	yes
ATXN7L3B	no	no	yes	B	no	yes
AU019823	no	no	no	B	no	no
AU020206	no	no	no	B	no	no
AU041133	no	no	yes	B	no	no
AUH	yes	yes	yes	A	yes	yes
AUNIP	no	no	no	B	no	no
AUP1	yes	yes	yes	A	yes	yes
AURKA	no	no	yes	B	no	yes
AURKAIP1	no	no	yes	B	no	yes
AURKB	no	no	yes	B	no	no
AURKC	no	no	no	B	no	no
AUTS2	no	no	yes	B	no	yes
AV356131	no	no	no	B	no	no
AVEN	no	no	yes	B	no	no
AVIL	no	no	yes	B	no	no
AVL9	no	no	yes	B	no	yes
AVPI1	no	no	yes	B	no	yes
AVPR1A	no	no	yes	B	no	yes
AVPR2	no	no	yes	B	no	no
AW112010	no	no	no	B	no	no
AW146154	no	no	yes	B	no	no
AW549877	no	no	no	B	no	no
AW822252	no	no	no	B	no	no
AXDND1	no	no	no	B	no	no
AXIN1	no	no	yes	B	no	yes
AXIN2	no	no	no	B	no	no
AXL	no	no	yes	B	no	yes
AZGP1	no	no	yes	B	no	yes
AZI2	no	no	yes	B	no	yes
AZIN1	no	no	no	B	no	yes
AZIN2	no	no	no	B	no	yes
B130024G19RIK	no	no	no	B	no	no
B130034C11RIK	no	no	no	B	no	no
B130055M24RIK	no	no	no	B	no	no
B230118H07RIK	no	no	no	B	no	no
B230206H07RIK	no	no	no	B	no	no
B230206L02RIK	no	no	no	B	no	no
B230208H11RIK	no	no	no	B	no	no
B230216N24RIK	no	no	no	B	no	no
B230307C23RIK	no	no	yes	B	no	no
B230322F03RIK	no	no	no	B	no	no
B230354K17RIK	no	no	no	B	no	no
B230369F24RIK	no	no	no	B	no	no
B2M	no	no	yes	B	no	yes
B330016D10RIK	no	no	no	B	no	no
B3GALNT1	no	no	yes	B	no	yes
B3GALNT2	no	no	yes	B	no	yes
B3GALT1	no	no	no	B	no	no
B3GALT4	no	no	yes	B	no	no
B3GALT5	no	no	yes	B	no	no
B3GALT6	no	no	yes	B	no	yes
B3GAT2	no	no	yes	B	no	no
B3GAT3	no	no	yes	B	no	yes
B3GLCT	no	no	yes	B	no	yes
B3GNT1	no	no	no	B	no	no
B3GNT2	no	no	yes	B	no	no
B3GNT3	no	no	yes	B	no	yes
B3GNT4	no	no	no	B	no	no
B3GNT7	no	no	yes	B	no	yes
B3GNT8	no	no	yes	B	no	no
B3GNT9	no	no	yes	B	no	no
B430306N03RIK	no	no	no	B	no	no
B4GALNT1	no	no	yes	B	no	no
B4GALNT3	no	no	yes	B	no	yes
B4GALNT4	no	no	no	B	no	no
B4GALT1	no	no	yes	B	no	yes
B4GALT2	no	no	no	B	no	no
B4GALT3	no	no	yes	B	no	yes
B4GALT4	no	no	yes	B	no	yes
B4GALT5	no	no	yes	B	no	yes
B4GALT6	no	no	yes	B	no	yes
B4GALT7	no	no	yes	B	no	yes
B4GAT1	no	no	yes	B	no	no
B630005N14RIK	no	no	no	B	no	no
B630019K06RIK	no	no	yes	B	no	no
B830017H08RIK	no	no	no	B	no	no
B930041F14RIK	no	no	no	B	no	no
B930094E09RIK	no	no	no	B	no	no
B930095G15RIK	no	no	no	B	no	no
B9D1	no	no	yes	B	no	yes
B9D2	no	no	yes	B	no	yes
BAALC	no	no	no	B	no	no
BAAT	yes	yes	yes	A	yes	no
BABAM1	no	no	yes	B	no	yes
BABAM2	no	no	yes	B	no	no
BACE1	no	no	yes	B	no	yes
BACE2	no	no	yes	B	no	no
BACH1	no	no	yes	B	no	yes
BACH2	no	no	yes	B	no	no
BAD	no	no	yes	B	no	yes
BAG1	no	no	yes	B	no	yes
BAG2	no	no	yes	B	no	yes
BAG3	yes	no	yes	B	yes	yes
BAG4	no	no	yes	B	no	yes
BAG5	yes	no	yes	B	yes	yes
BAG6	yes	no	yes	B	yes	yes
BAHCC1	no	no	yes	B	no	yes
BAHD1	no	no	yes	B	no	yes
BAIAP2	yes	yes	yes	A	yes	yes
BAIAP2L1	no	no	yes	B	no	yes
BAIAP2L2	no	no	yes	B	no	yes
BAIAP3	no	no	yes	B	no	no
BAK1	yes	no	yes	B	yes	yes
BAMBI	no	no	no	B	no	yes
BAMBI-PS1	no	no	no	B	no	no
BANF1	yes	yes	yes	A	yes	yes
BANK1	no	no	no	B	no	no
BANP	no	no	yes	B	no	yes
BAP1	no	no	yes	B	no	yes
BARD1	no	no	no	B	no	no
BARX2	no	no	no	B	no	no
BASP1	yes	no	yes	B	yes	yes
BATF	no	no	no	B	no	no
BATF2	no	no	no	B	no	yes
BATF3	no	no	yes	B	no	yes
BAX	no	no	yes	B	no	no
BAZ1A	no	no	yes	B	no	yes
BAZ1B	no	no	yes	B	no	yes
BAZ2A	no	no	yes	B	no	yes
BAZ2B	no	no	yes	B	no	yes
BB218582	no	no	no	B	no	no
BBC3	no	no	yes	B	no	yes
BBIP1	no	no	yes	B	no	yes
BBLN	no	no	yes	B	no	no
BBOX1	yes	yes	yes	A	yes	no
BBS1	no	no	yes	B	no	yes
BBS10	no	no	no	B	no	yes
BBS12	no	no	no	B	no	no
BBS2	no	no	yes	B	no	yes
BBS4	no	no	yes	B	no	yes
BBS5	no	no	yes	B	no	yes
BBS7	no	no	yes	B	no	yes
BBS9	no	no	yes	B	no	yes
BBX	no	no	yes	B	no	yes
BC002059	no	no	no	B	no	no
BC002163	no	no	no	B	no	no
BC003331	no	no	no	B	no	no
BC003965	no	no	no	B	no	no
BC005561	no	no	no	B	no	no
BC017158	no	no	no	B	no	no
BC017643	no	no	no	B	no	no
BC021614	no	no	no	B	no	no
BC021767	no	no	no	B	no	no
BC021785	no	no	no	B	no	no
BC021891	no	no	no	B	no	no
BC022687	no	no	no	B	no	no
BC023105	no	no	no	B	no	no
BC023829	no	no	no	B	no	no
BC024063	no	no	yes	B	no	no
BC024386	no	no	no	B	no	no
BC024978	no	no	no	B	no	no
BC025446	no	no	no	B	no	no
BC026585	no	no	no	B	no	no
BC027231	no	no	no	B	no	no
BC029214	no	no	no	B	no	no
BC029722	no	no	no	B	no	no
BC030307	no	no	no	B	no	no
BC030336	no	no	no	B	no	no
BC030867	no	no	no	B	no	no
BC035044	no	no	no	B	no	no
BC035947	no	no	yes	B	no	no
BC048403	no	no	no	B	no	no
BC049762	no	no	no	B	no	no
BC049987	no	no	no	B	no	no
BC051226	no	no	no	B	no	no
BC052040	no	no	no	B	no	no
BC055324	no	no	no	B	no	no
BC061237	no	no	no	B	no	no
BC064078	no	no	no	B	no	no
BC067074	no	no	no	B	no	no
BC068281	no	no	no	B	no	no
BC089597	no	no	no	B	no	no
BC1	no	no	no	B	no	no
BC147527	no	no	no	B	no	no
BCAM	yes	yes	yes	A	yes	yes
BCAN	no	no	no	B	no	no
BCAP29	no	no	yes	B	no	yes
BCAP31	yes	yes	yes	A	yes	yes
BCAR1	yes	no	yes	B	yes	yes
BCAR3	no	no	yes	B	no	yes
BCAS2	yes	no	yes	B	yes	yes
BCAS3	no	no	yes	B	no	yes
BCAS4	no	no	no	B	no	no
BCAT1	yes	yes	yes	A	yes	yes
BCAT2	yes	yes	yes	A	yes	yes
BCCIP	no	no	yes	B	no	no
BCDIN3D	no	no	yes	B	no	yes
BCKDHA	yes	yes	yes	A	yes	yes
BCKDHB	yes	yes	yes	A	yes	yes
BCKDK	yes	yes	yes	A	yes	yes
BCL10	no	no	yes	B	no	yes
BCL11A	no	no	no	B	no	no
BCL11B	no	no	no	B	no	no
BCL2	no	no	yes	B	no	yes
BCL2A1	no	no	no	B	no	no
BCL2A1A	no	no	no	B	no	no
BCL2A1B	no	no	no	B	no	no
BCL2A1D	no	no	no	B	no	no
BCL2L1	no	no	yes	B	no	yes
BCL2L11	no	no	yes	B	no	yes
BCL2L12	no	no	yes	B	no	yes
BCL2L13	yes	yes	yes	A	yes	yes
BCL2L14	no	no	yes	B	no	no
BCL2L15	no	no	no	B	no	no
BCL2L2	no	no	yes	B	no	yes
BCL3	no	no	yes	B	no	yes
BCL6	no	no	yes	B	no	yes
BCL6B	no	no	no	B	no	no
BCL7A	no	no	yes	B	no	yes
BCL7B	no	no	yes	B	no	yes
BCL7C	no	no	yes	B	no	yes
BCL9	no	no	yes	B	no	yes
BCL9L	no	no	yes	B	no	yes
BCLAF1	yes	no	yes	B	yes	yes
BCLAF3	no	no	yes	B	no	no
BCO1	no	no	yes	B	no	yes
BCO2	no	no	yes	B	no	yes
BCOR	no	no	yes	B	no	yes
BCORL1	no	no	yes	B	no	yes
BCR	no	no	yes	B	no	yes
BCS1L	yes	yes	yes	A	yes	yes
BDH1	yes	yes	yes	A	yes	yes
BDH2	yes	yes	yes	A	yes	yes
BDKRB2	no	no	no	B	no	no
BDNF	no	no	no	B	no	no
BDP1	no	no	yes	B	no	yes
BE692007	no	no	no	B	no	no
BECN1	no	no	yes	B	no	yes
BEGAIN	no	no	no	B	no	no
BEND3	no	no	yes	B	no	yes
BEND4	no	no	no	B	no	no
BEND5	no	no	yes	B	no	no
BEND6	no	no	no	B	no	no
BEND7	no	no	yes	B	no	yes
BEST1	no	no	no	B	no	no
BET1	no	no	yes	B	no	yes
BET1L	no	no	yes	B	no	yes
BEX1	no	no	no	B	no	no
BEX2	no	no	no	B	no	yes
BEX3	no	no	no	B	no	no
BEX4	no	no	yes	B	no	no
BFAR	no	no	yes	B	no	yes
BFSP1	no	no	no	B	no	no
BGLAP3	no	no	no	B	no	no
BGN	no	no	yes	B	no	yes
BHLHA15	no	no	no	B	no	no
BHLHE22	no	no	no	B	no	no
BHLHE40	no	no	yes	B	no	yes
BHLHE41	no	no	yes	B	no	yes
BHMT	yes	yes	yes	A	yes	no
BHMT2	no	no	no	B	no	yes
BICC1	no	no	yes	B	no	yes
BICD1	no	no	yes	B	no	no
BICD2	no	no	yes	B	no	yes
BICDL1	no	no	yes	B	no	no
BICDL2	no	no	yes	B	no	no
BICRA	no	no	yes	B	no	no
BICRAL	no	no	yes	B	no	no
BID	yes	no	yes	B	yes	yes
BIK	no	no	yes	B	no	yes
BIN1	yes	yes	yes	A	yes	yes
BIN2	no	no	yes	B	no	yes
BIN3	no	no	yes	B	no	yes
BIRC2	no	no	yes	B	no	yes
BIRC3	no	no	yes	B	no	no
BIRC5	no	no	no	B	no	no
BIRC6	no	no	yes	B	no	yes
BIRC7	no	no	no	B	no	no
BIVM	no	no	yes	B	no	no
BLCAP	no	no	no	B	no	yes
BLK	no	no	no	B	no	no
BLM	no	no	no	B	no	no
BLMH	yes	yes	yes	A	yes	yes
BLNK	no	no	yes	B	no	yes
BLOC1S1	no	yes	yes	B	yes	yes
BLOC1S2	no	no	yes	B	no	yes
BLOC1S3	yes	no	yes	B	yes	yes
BLOC1S4	no	no	yes	B	no	yes
BLOC1S5	yes	no	yes	B	yes	yes
BLOC1S6	no	no	yes	B	no	yes
BLTP1	no	no	yes	B	no	no
BLTP2	no	no	yes	B	no	no
BLTP3A	no	no	yes	B	no	no
BLTP3B	no	no	yes	B	no	no
BLVRA	yes	yes	yes	A	yes	yes
BLVRB	yes	yes	yes	A	yes	yes
BLZF1	no	no	yes	B	no	yes
BMAL1	no	no	yes	B	no	no
BMERB1	no	no	no	B	no	no
BMF	no	no	yes	B	no	yes
BMI1	no	no	yes	B	no	yes
BMP1	no	no	yes	B	no	yes
BMP2	no	no	no	B	no	yes
BMP2K	no	no	yes	B	no	yes
BMP3	no	no	yes	B	no	no
BMP4	no	no	yes	B	no	yes
BMP5	no	no	no	B	no	no
BMP6	no	no	yes	B	no	yes
BMP7	no	no	yes	B	no	yes
BMP8A	no	no	no	B	no	no
BMPER	no	no	yes	B	no	no
BMPR1A	no	no	yes	B	no	yes
BMPR1B	no	no	yes	B	no	yes
BMPR2	no	no	yes	B	no	yes
BMS1	no	no	yes	B	no	yes
BMT2	no	no	no	B	no	no
BMX	no	no	yes	B	no	no
BMYC	no	no	no	B	no	no
BNC2	no	no	yes	B	no	yes
BNIP1	no	no	yes	B	no	yes
BNIP2	no	no	yes	B	no	yes
BNIP3	no	no	yes	B	no	yes
BNIP3L	no	no	yes	B	no	yes
BNIP3L-PS	no	no	no	B	no	no
BNIPL	no	no	yes	B	no	no
BOC	no	no	yes	B	no	yes
BOD1	no	no	yes	B	no	yes
BOD1L1	no	no	yes	B	no	yes
BOK	no	no	yes	B	no	yes
BOLA1	no	no	yes	B	no	yes
BOLA2	no	no	yes	B	no	no
BOLA2B	no	no	no	B	no	no
BOLA3	no	no	yes	B	no	yes
BOP1	no	no	yes	B	no	yes
BORA	no	no	no	B	no	no
BORCS5	no	no	yes	B	no	no
BORCS6	no	no	yes	B	no	no
BORCS7	no	no	yes	B	no	no
BORCS8	no	no	yes	B	no	no
BPGM	no	no	yes	B	no	yes
BPHL	yes	yes	yes	A	yes	yes
BPIFC	no	no	no	B	no	no
BPNT1	yes	yes	yes	A	yes	yes
BPNT2	no	no	yes	B	no	no
BPTF	no	no	yes	B	no	yes
BRAF	no	no	yes	B	no	yes
BRAP	no	no	yes	B	no	yes
BRAT1	no	no	yes	B	no	yes
BRCA1	no	no	yes	B	no	no
BRCA2	no	no	no	B	no	no
BRCC3	no	no	yes	B	no	yes
BRD1	no	no	yes	B	no	yes
BRD10	no	no	yes	B	no	no
BRD2	no	no	yes	B	no	yes
BRD3	no	no	yes	B	no	yes
BRD3OS	no	no	yes	B	no	no
BRD4	no	no	yes	B	no	yes
BRD7	no	no	yes	B	no	yes
BRD8	no	no	yes	B	no	yes
BRD9	no	no	yes	B	no	yes
BRDT	no	no	no	B	no	no
BRE	no	no	no	B	no	no
BRF1	no	no	yes	B	no	yes
BRF2	no	no	yes	B	no	yes
BRI3	no	no	yes	B	no	yes
BRI3BP	no	no	yes	B	no	yes
BRINP1	no	no	no	B	no	no
BRINP2	no	no	no	B	no	no
BRIP1	no	no	no	B	no	no
BRIP1OS	no	no	no	B	no	no
BRIX1	no	no	yes	B	no	yes
BRK1	no	yes	yes	B	yes	yes
BRME1	no	no	no	B	no	no
BRMS1	no	no	yes	B	no	yes
BRMS1L	no	no	yes	B	no	yes
BROX	no	yes	yes	B	yes	yes
BRPF1	no	no	yes	B	no	yes
BRPF3	no	no	yes	B	no	yes
BRSK1	no	no	yes	B	no	no
BRWD1	no	no	yes	B	no	yes
BRWD3	no	no	yes	B	no	yes
BSCL2	no	no	yes	B	no	yes
BSDC1	no	no	yes	B	no	yes
BSG	yes	yes	yes	A	yes	yes
BSN	no	no	no	B	no	no
BSND	yes	yes	yes	A	yes	yes
BSPRY	no	no	yes	B	no	yes
BST1	yes	yes	yes	A	yes	yes
BST2	no	no	yes	B	no	yes
BTAF1	no	no	yes	B	no	yes
BTBD1	no	no	yes	B	no	yes
BTBD10	no	no	yes	B	no	yes
BTBD11	no	no	no	B	no	no
BTBD16	no	no	no	B	no	no
BTBD17	no	no	no	B	no	no
BTBD19	no	no	no	B	no	no
BTBD2	no	no	yes	B	no	yes
BTBD3	no	no	yes	B	no	yes
BTBD6	no	no	yes	B	no	yes
BTBD7	no	no	yes	B	no	yes
BTBD8	no	no	yes	B	no	no
BTBD9	no	no	yes	B	no	yes
BTC	no	no	yes	B	no	yes
BTD	yes	yes	yes	A	yes	yes
BTF3	yes	yes	yes	A	yes	yes
BTF3-PS1	no	no	no	B	no	no
BTF3-PS18	no	no	no	B	no	no
BTF3L4	yes	yes	yes	A	yes	yes
BTG1	no	no	yes	B	no	yes
BTG2	no	no	no	B	no	yes
BTG3	no	no	yes	B	no	yes
BTK	no	no	yes	B	no	no
BTLA	no	no	no	B	no	no
BTN1A1	no	no	no	B	no	no
BTNL2	no	no	no	B	no	no
BTNL9	no	no	yes	B	no	yes
BTRC	no	no	yes	B	no	yes
BUB1	no	no	no	B	no	no
BUB1B	no	no	yes	B	no	no
BUB3	yes	yes	yes	A	yes	yes
BUD13	no	no	yes	B	no	yes
BUD23	no	no	yes	B	no	no
BUD31	no	no	yes	B	no	yes
BVHT	no	no	no	B	no	no
BYSL	no	no	yes	B	no	yes
BZW1	yes	yes	yes	A	yes	yes
BZW2	no	no	yes	B	no	yes
C030005K06RIK	no	no	no	B	no	no
C030013C21RIK	no	no	no	B	no	no
C030014I23RIK	no	no	no	B	no	no
C030015A19RIK	no	no	no	B	no	no
C030037D09RIK	no	no	no	B	no	no
C10ORF143	no	no	no	B	no	no
C10ORF62	no	no	no	B	no	no
C10ORF88	no	no	no	B	no	no
C10ORF95	no	no	no	B	no	no
C11ORF24	no	no	no	B	no	no
C11ORF52	no	no	no	B	no	no
C11ORF54	yes	yes	no	B	no	yes
C11ORF58	no	no	no	B	no	no
C11ORF65	no	no	no	B	no	no
C11ORF68	no	no	no	B	no	no
C11ORF71	no	no	no	B	no	no
C11ORF86	no	no	no	B	no	no
C11ORF96	no	no	no	B	no	no
C11ORF98	no	no	no	B	no	no
C12ORF43	no	no	no	B	no	no
C12ORF57	no	no	yes	B	no	no
C12ORF75	no	no	no	B	no	no
C130013H08RIK	no	no	no	B	no	no
C130026I21RIK	no	no	no	B	no	no
C130046K22RIK	no	no	no	B	no	no
C130050O18RIK	no	no	yes	B	no	no
C13ORF42	no	no	no	B	no	no
C14ORF119	no	no	no	B	no	yes
C14ORF132	no	no	no	B	no	no
C14ORF180	no	no	no	B	no	no
C14ORF93	no	no	no	B	no	no
C15ORF39	no	no	no	B	no	no
C15ORF40	no	no	no	B	no	no
C15ORF61	no	no	no	B	no	no
C16ORF46	no	no	no	B	no	no
C16ORF54	no	no	no	B	no	no
C16ORF87	no	no	no	B	no	yes
C16ORF89	no	no	no	B	no	no
C16ORF90	no	no	no	B	no	no
C17ORF50	no	no	no	B	no	no
C17ORF58	no	no	no	B	no	no
C17ORF75	no	no	no	B	no	no
C18ORF32	no	no	no	B	no	no
C18ORF54	no	no	no	B	no	no
C19ORF12	no	no	no	B	no	no
C19ORF25	no	no	no	B	no	no
C19ORF33	no	no	yes	B	no	no
C19ORF38	no	no	no	B	no	no
C19ORF44	no	no	no	B	no	no
C19ORF47	no	no	no	B	no	no
C19ORF53	no	no	yes	B	no	no
C19ORF67	no	no	no	B	no	no
C1D	no	no	yes	B	no	yes
C1GALT1	no	no	yes	B	no	yes
C1GALT1C1	no	no	yes	B	no	yes
C1ORF115	no	no	no	B	no	no
C1ORF116	no	yes	no	B	no	no
C1ORF122	no	no	no	B	no	no
C1ORF159	no	no	no	B	no	no
C1ORF162	no	no	no	B	no	no
C1ORF174	no	no	no	B	no	no
C1ORF198	no	no	no	B	no	no
C1ORF21	no	no	no	B	no	no
C1ORF210	no	no	no	B	no	no
C1ORF216	no	no	no	B	no	no
C1ORF35	no	no	no	B	no	no
C1ORF50	yes	yes	no	B	no	no
C1ORF52	no	no	no	B	no	no
C1ORF53	no	no	yes	B	no	no
C1ORF54	no	no	no	B	no	no
C1ORF56	no	no	no	B	no	no
C1ORF74	no	no	no	B	no	no
C1QA	no	no	yes	B	no	yes
C1QB	no	no	yes	B	no	yes
C1QBP	yes	yes	yes	A	yes	yes
C1QC	yes	yes	yes	A	yes	yes
C1QL1	no	no	no	B	no	no
C1QL3	no	no	yes	B	no	no
C1QL4	no	no	no	B	no	no
C1QTNF1	no	no	yes	B	no	yes
C1QTNF12	no	no	yes	B	no	no
C1QTNF2	no	no	yes	B	no	yes
C1QTNF3	no	no	yes	B	no	yes
C1QTNF4	no	no	no	B	no	yes
C1QTNF5	no	no	yes	B	no	no
C1QTNF6	no	no	yes	B	no	yes
C1QTNF7	no	no	yes	B	no	yes
C1R	no	no	no	B	no	no
C1RA	no	no	yes	B	no	no
C1RB	no	no	no	B	no	no
C1RL	no	no	yes	B	no	yes
C1S	no	yes	no	B	no	no
C1S1	no	no	yes	B	no	no
C1S2	no	no	no	B	no	no
C2	yes	yes	yes	A	yes	no
C20ORF141	no	no	no	B	no	no
C20ORF96	no	no	no	B	no	no
C21ORF91	no	no	no	B	no	no
C22ORF15	no	no	no	B	no	no
C22ORF23	no	no	no	B	no	no
C22ORF39	no	no	no	B	no	no
C230035I16RIK	no	no	no	B	no	no
C230052I12RIK	no	no	no	B	no	no
C2CD2	no	no	yes	B	no	yes
C2CD2L	no	no	yes	B	no	yes
C2CD3	no	no	yes	B	no	yes
C2CD4D	no	no	no	B	no	no
C2CD5	no	no	yes	B	no	yes
C2ORF42	no	no	no	B	no	no
C2ORF49	no	no	no	B	no	no
C2ORF68	no	no	no	B	no	no
C2ORF69	no	no	no	B	no	no
C2ORF72	no	no	no	B	no	no
C2ORF76	no	no	no	B	no	no
C2ORF80	no	no	no	B	no	no
C2ORF81	no	no	no	B	no	no
C3	no	no	yes	B	no	no
C330002G04RIK	no	no	no	B	no	no
C330006A16RIK	no	no	no	B	no	no
C330007P06RIK	no	no	no	B	no	no
C330011M18RIK	no	no	no	B	no	no
C330013E15RIK	no	no	no	B	no	no
C330021F23RIK	no	no	no	B	no	no
C330027C09RIK	no	no	no	B	no	no
C3AR1	no	no	yes	B	no	no
C3ORF18	no	no	no	B	no	no
C3ORF33	no	no	no	B	no	no
C3ORF38	no	no	no	B	no	no
C3ORF52	no	no	no	B	no	no
C3ORF70	no	no	no	B	no	no
C3ORF80	no	no	no	B	no	no
C430049B03RIK	no	no	no	B	no	no
C4A	no	no	yes	B	no	no
C4B	no	no	yes	B	no	no
C4ORF17	no	no	no	B	no	no
C4ORF33	no	no	yes	B	no	no
C4ORF46	no	no	no	B	no	no
C5	yes	yes	yes	A	yes	no
C5AR1	no	no	yes	B	no	no
C5AR2	no	no	no	B	no	no
C5ORF15	no	no	no	B	no	no
C5ORF22	no	no	no	B	no	no
C5ORF24	no	no	no	B	no	no
C5ORF34	yes	yes	no	B	no	no
C5ORF63	no	no	no	B	no	yes
C6	yes	yes	yes	A	yes	no
C630016N16RIK	no	no	no	B	no	no
C630043F03RIK	no	no	no	B	no	no
C6ORF118	no	no	no	B	no	no
C6ORF120	no	no	no	B	no	no
C6ORF132	no	no	no	B	no	no
C6ORF136	no	no	yes	B	no	no
C6ORF141	no	no	no	B	no	no
C6ORF47	no	no	no	B	no	no
C6ORF62	no	no	no	B	no	no
C6ORF89	no	no	no	B	no	no
C7	yes	yes	yes	A	yes	yes
C730027H18RIK	no	no	no	B	no	no
C730036E19RIK	no	no	no	B	no	no
C77080	no	no	no	B	no	no
C78339	no	no	no	B	no	no
C7ORF25	no	no	no	B	no	no
C7ORF57	no	no	yes	B	no	no
C8A	yes	yes	yes	A	yes	no
C8G	no	yes	yes	B	yes	yes
C8ORF33	no	no	no	B	no	no
C8ORF48	no	no	no	B	no	no
C8ORF58	no	no	no	B	no	no
C8ORF76	no	no	no	B	no	no
C8ORF82	yes	yes	no	B	no	no
C8ORF88	no	no	no	B	no	no
C9	yes	yes	yes	A	yes	no
C920006O11RIK	no	no	no	B	no	no
C920021L13RIK	no	no	no	B	no	no
C920025E04RIK	no	no	no	B	no	no
C9ORF152	no	no	yes	B	no	no
C9ORF40	no	no	no	B	no	no
C9ORF72	no	no	yes	B	no	no
C9ORF78	no	no	no	B	no	no
C9ORF85	no	no	no	B	no	no
CA10	no	no	no	B	no	no
CA11	no	no	no	B	no	yes
CA12	yes	yes	yes	A	yes	yes
CA13	no	no	yes	B	no	no
CA14	no	no	yes	B	no	yes
CA15	no	no	yes	B	no	no
CA1H1ORF35	no	no	no	B	no	no
CA1H5ORF15	no	no	no	B	no	no
CA1H5ORF22	no	no	no	B	no	no
CA1H5ORF24	no	no	no	B	no	no
CA1H5ORF34	no	no	no	B	no	no
CA1H5ORF49	no	no	no	B	no	no
CA1H5ORF58	no	no	no	B	no	no
CA2	yes	yes	yes	A	yes	yes
CA2H19ORF25	no	no	no	B	no	no
CA2H19ORF38	no	no	no	B	no	no
CA2H19ORF44	no	no	no	B	no	no
CA2H19ORF53	no	no	no	B	no	no
CA2H19ORF71	no	no	no	B	no	no
CA2H3ORF14	no	no	no	B	no	no
CA2H3ORF18	no	no	no	B	no	no
CA2H3ORF62	no	no	no	B	no	no
CA2H7ORF25	no	no	no	B	no	no
CA2H7ORF57	no	no	no	B	no	no
CA3	yes	yes	yes	A	yes	yes
CA3H20ORF194	no	no	no	B	no	no
CA3H20ORF204	no	no	no	B	no	no
CA3H20ORF27	no	no	no	B	no	no
CA3H20ORF96	no	no	no	B	no	no
CA3H2ORF15	no	no	no	B	no	no
CA3H2ORF42	no	no	no	B	no	no
CA3H2ORF49	no	no	no	B	no	no
CA3H2ORF68	no	no	no	B	no	no
CA3H2ORF73	no	no	no	B	no	no
CA3H2ORF81	no	no	no	B	no	no
CA4	yes	yes	yes	A	yes	yes
CA5A	no	no	yes	B	no	yes
CA5B	yes	yes	yes	A	yes	yes
CA7	no	no	yes	B	no	no
CA8	yes	yes	yes	A	yes	yes
CA9	no	no	yes	B	no	yes
CAAA01116243.1	no	no	no	B	no	no
CAAP1	no	no	yes	B	no	yes
CAB39	yes	yes	yes	A	yes	yes
CAB39L	no	no	yes	B	no	yes
CABCOCO1	no	no	no	B	no	no
CABIN1	no	no	yes	B	no	yes
CABLES1	no	no	yes	B	no	yes
CABLES2	no	no	yes	B	no	yes
CABP1	no	no	no	B	no	no
CACFD1	no	no	yes	B	no	yes
CACHD1	no	no	yes	B	no	yes
CACNA1A	no	no	no	B	no	no
CACNA1B	no	no	no	B	no	no
CACNA1C	no	no	yes	B	no	no
CACNA1D	no	no	no	B	no	no
CACNA1E	no	no	no	B	no	no
CACNA1G	no	no	no	B	no	no
CACNA1H	no	no	no	B	no	no
CACNA1S	no	no	no	B	no	no
CACNA2D1	yes	no	yes	B	yes	no
CACNA2D2	no	no	no	B	no	no
CACNA2D3	no	no	no	B	no	no
CACNB1	no	no	no	B	no	no
CACNB2	no	no	yes	B	no	no
CACNB3	no	no	yes	B	no	yes
CACNB4	no	no	no	B	no	yes
CACNG4	no	no	no	B	no	no
CACNG5	no	no	no	B	no	no
CACNG7	no	no	no	B	no	no
CACTIN	no	no	yes	B	no	yes
CACUL1	no	no	yes	B	no	yes
CACYBP	yes	yes	yes	A	yes	yes
CAD	yes	no	yes	B	yes	yes
CADM1	yes	yes	yes	A	yes	yes
CADM3	no	no	yes	B	no	no
CADM4	no	no	yes	B	no	yes
CADPS2	no	no	yes	B	no	yes
CAGE1	no	no	no	B	no	no
CALB1	yes	yes	yes	A	yes	yes
CALB2	no	no	yes	B	no	no
CALCA	no	no	no	B	no	no
CALCB	no	no	no	B	no	no
CALCOCO1	no	no	yes	B	no	yes
CALCOCO2	no	no	no	B	no	no
CALCR	no	no	yes	B	no	no
CALCRL	no	no	yes	B	no	yes
CALD1	yes	yes	yes	A	yes	yes
CALHM2	no	no	yes	B	no	no
CALHM5	no	no	yes	B	no	no
CALHM6	no	no	yes	B	no	no
CALM1	no	no	yes	B	no	yes
CALM2	yes	yes	no	B	no	yes
CALM3	no	no	no	B	no	yes
CALML3	no	no	yes	B	no	no
CALML4	yes	no	yes	B	yes	yes
CALR	yes	yes	yes	A	yes	yes
CALR3	no	no	no	B	no	no
CALU	yes	yes	yes	A	yes	yes
CALY	no	no	no	B	no	no
CAMK1	no	yes	yes	B	yes	yes
CAMK1D	no	no	yes	B	no	no
CAMK1G	no	no	yes	B	no	no
CAMK2B	no	no	no	B	no	no
CAMK2D	no	no	yes	B	no	yes
CAMK2G	no	no	yes	B	no	yes
CAMK2N1	no	no	yes	B	no	yes
CAMK2N2	no	no	no	B	no	no
CAMK4	no	no	yes	B	no	no
CAMKK1	no	no	yes	B	no	no
CAMKK2	no	no	yes	B	no	yes
CAMKMT	no	no	yes	B	no	yes
CAMLG	no	no	yes	B	no	yes
CAMP	yes	yes	yes	A	yes	no
CAMSAP1	no	no	yes	B	no	yes
CAMSAP2	no	no	yes	B	no	yes
CAMSAP3	no	no	yes	B	no	yes
CAMTA1	no	no	no	B	no	yes
CAMTA2	no	no	yes	B	no	yes
CAND1	yes	yes	yes	A	yes	yes
CAND2	no	no	yes	B	no	no
CANT1	no	no	yes	B	no	yes
CANX	yes	yes	yes	A	yes	yes
CAP1	yes	yes	yes	A	yes	yes
CAP2	yes	yes	yes	A	yes	no
CAPG	yes	yes	yes	A	yes	yes
CAPN1	yes	yes	yes	A	yes	yes
CAPN10	no	no	yes	B	no	yes
CAPN12	no	no	no	B	no	no
CAPN13	no	no	yes	B	no	no
CAPN15	no	no	yes	B	no	yes
CAPN2	yes	yes	yes	A	yes	yes
CAPN3	no	no	no	B	no	no
CAPN5	no	yes	yes	B	yes	yes
CAPN6	no	no	yes	B	no	no
CAPN7	no	no	yes	B	no	yes
CAPNS1	yes	yes	yes	A	yes	yes
CAPRIN1	yes	yes	yes	A	yes	yes
CAPRIN2	no	no	yes	B	no	no
CAPS	no	yes	no	B	no	no
CAPS2	no	no	no	B	no	no
CAPSL	no	no	no	B	no	no
CAPZA1	yes	yes	yes	A	yes	yes
CAPZA1-PS1	no	no	no	B	no	no
CAPZA2	yes	yes	yes	A	yes	yes
CAPZB	yes	yes	yes	A	yes	yes
CAR15	no	no	no	B	no	no
CARD10	no	no	yes	B	no	yes
CARD11	no	no	yes	B	no	no
CARD14	no	no	yes	B	no	yes
CARD18	yes	yes	no	B	no	no
CARD19	no	no	yes	B	no	no
CARD6	no	no	yes	B	no	yes
CARD8	no	no	no	B	no	no
CARD9	no	no	yes	B	no	no
CARF	no	no	no	B	no	no
CARHSP1	yes	yes	yes	A	yes	yes
CARKD	no	no	no	B	no	no
CARM1	no	no	yes	B	no	yes
CARMIL1	yes	no	yes	B	yes	no
CARMIL2	no	no	no	B	no	no
CARMIL3	no	no	no	B	no	no
CARNMT1	no	no	yes	B	no	no
CARNS1	no	no	no	B	no	no
CARS	no	no	no	B	no	no
CARS1	yes	no	yes	B	yes	no
CARS2	yes	yes	yes	A	yes	yes
CARTPT	no	no	no	B	no	no
CASC3	no	no	yes	B	no	yes
CASC4	no	no	no	B	no	no
CASC5	no	no	no	B	no	no
CASD1	no	no	yes	B	no	yes
CASK	yes	yes	yes	A	yes	yes
CASKIN1	no	no	yes	B	no	no
CASKIN2	no	no	yes	B	no	yes
CASP1	no	no	yes	B	no	no
CASP10	no	no	no	B	no	no
CASP12	no	no	yes	B	no	no
CASP2	no	no	yes	B	no	yes
CASP3	no	yes	yes	B	yes	yes
CASP4	yes	yes	yes	A	yes	yes
CASP6	yes	no	yes	B	yes	no
CASP7	no	no	yes	B	no	yes
CASP8	no	no	yes	B	no	yes
CASP8AP2	no	no	yes	B	no	yes
CASP9	no	no	yes	B	no	yes
CASQ1	no	no	no	B	no	no
CASR	no	yes	yes	B	yes	yes
CASS4	no	no	yes	B	no	no
CAST	yes	yes	yes	A	yes	yes
CASTOR1	no	no	yes	B	no	no
CASTOR2	no	no	yes	B	no	no
CASZ1	no	no	yes	B	no	yes
CAT	yes	yes	yes	A	yes	yes
CATSPER2	no	no	no	B	no	no
CATSPER4	no	no	no	B	no	no
CATSPERG	no	no	no	B	no	no
CAV1	yes	yes	yes	A	yes	yes
CAV2	no	no	yes	B	no	no
CAV3	no	no	no	B	no	no
CAVIN1	yes	yes	yes	A	yes	no
CAVIN2	yes	yes	yes	A	yes	no
CAVIN3	yes	yes	yes	A	yes	no
CB1H4ORF19	no	no	no	B	no	no
CB1H4ORF3	no	no	no	B	no	no
CB1H4ORF33	no	no	no	B	no	no
CB1H4ORF36	no	no	no	B	no	no
CB1H4ORF47	no	no	no	B	no	no
CB1H4ORF48	no	no	no	B	no	no
CB1H8ORF48	no	no	no	B	no	no
CB1H8ORF58	no	no	no	B	no	no
CB2H6ORF120	no	no	no	B	no	no
CB2H6ORF132	no	no	no	B	no	no
CB2H6ORF136	no	no	no	B	no	no
CB2H6ORF141	no	no	no	B	no	no
CB2H6ORF226	no	no	no	B	no	no
CB2H6ORF47	no	no	no	B	no	no
CB2H6ORF62	no	no	no	B	no	no
CB2H6ORF89	no	no	no	B	no	no
CB3H14ORF132	no	no	no	B	no	no
CB3H14ORF28	no	no	no	B	no	no
CB3H14ORF93	no	no	no	B	no	no
CB3H15ORF39	no	no	no	B	no	no
CB3H15ORF40	no	no	no	B	no	no
CB3H15ORF41	no	no	no	B	no	no
CB3H15ORF48	no	no	no	B	no	no
CB3H15ORF61	no	no	no	B	no	no
CB3H15ORF62	no	no	no	B	no	no
CB4H10ORF67	no	no	no	B	no	no
CB4H12ORF29	no	no	no	B	no	no
CB4H12ORF4	no	no	no	B	no	no
CB4H12ORF45	no	no	no	B	no	no
CB4H12ORF57	no	yes	no	B	no	no
CB4H12ORF73	no	no	no	B	no	no
CB4H12ORF75	no	no	no	B	no	no
CB4H22ORF23	no	no	no	B	no	no
CBARP	no	no	yes	B	no	no
CBFA2T2	no	no	yes	B	no	yes
CBFA2T3	no	no	yes	B	no	no
CBFB	no	no	yes	B	no	yes
CBL	no	no	yes	B	no	yes
CBLB	no	no	yes	B	no	yes
CBLC	no	no	yes	B	no	yes
CBLL1	no	no	yes	B	no	yes
CBLN2	no	no	no	B	no	no
CBLN3	no	no	no	B	no	no
CBR1	no	no	yes	B	no	no
CBR2	no	no	yes	B	no	no
CBR3	yes	yes	yes	A	yes	yes
CBR4	yes	yes	yes	A	yes	yes
CBS	yes	yes	yes	A	yes	yes
CBWD1	no	no	no	B	no	yes
CBX1	no	no	yes	B	no	no
CBX2	no	no	yes	B	no	yes
CBX3	yes	yes	yes	A	yes	yes
CBX3-PS6	no	no	no	B	no	no
CBX3-PS7	no	no	no	B	no	no
CBX3-PS8	no	no	no	B	no	no
CBX4	no	no	yes	B	no	yes
CBX5	yes	yes	yes	A	yes	yes
CBX6	no	no	yes	B	no	yes
CBX7	no	no	yes	B	no	yes
CBX8	no	no	yes	B	no	yes
CBY1	no	no	yes	B	no	yes
CBY3	no	no	no	B	no	no
CC1H1ORF109	no	no	no	B	no	no
CC1H1ORF122	no	no	no	B	no	no
CC1H1ORF162	no	no	no	B	no	no
CC1H1ORF174	no	no	no	B	no	no
CC1H1ORF210	no	no	no	B	no	no
CC1H1ORF216	no	no	no	B	no	no
CC1H1ORF50	no	no	no	B	no	no
CC1H1ORF52	no	no	no	B	no	no
CC1H1ORF54	no	no	no	B	no	no
CC1H2ORF69	no	no	no	B	no	no
CC1H2ORF72	no	no	no	B	no	no
CC1H2ORF76	no	no	no	B	no	no
CC2D1A	no	no	yes	B	no	yes
CC2D1B	no	no	yes	B	no	yes
CC2D2A	no	no	yes	B	no	yes
CC2H21ORF62	no	no	no	B	no	no
CC2H21ORF91	no	no	no	B	no	no
CC2H3ORF33	no	no	no	B	no	no
CC2H3ORF38	no	no	no	B	no	no
CC2H3ORF52	no	no	no	B	no	no
CC2H3ORF70	no	no	no	B	no	no
CCAR1	no	yes	yes	B	yes	yes
CCAR2	yes	yes	yes	A	yes	yes
CCBE1	no	no	yes	B	no	yes
CCBL1	no	no	no	B	no	no
CCBL2	no	no	no	B	no	no
CCDC101	no	no	no	B	no	no
CCDC102A	no	no	yes	B	no	yes
CCDC102B	no	no	no	B	no	no
CCDC106	no	no	no	B	no	no
CCDC107	no	no	yes	B	no	yes
CCDC108	no	no	no	B	no	no
CCDC109B	no	no	no	B	no	no
CCDC112	no	no	no	B	no	yes
CCDC114	no	no	no	B	no	no
CCDC117	no	no	yes	B	no	yes
CCDC12	no	no	yes	B	no	yes
CCDC120	no	no	yes	B	no	yes
CCDC122	no	no	no	B	no	no
CCDC124	no	yes	yes	B	yes	yes
CCDC125	no	no	yes	B	no	yes
CCDC126	no	no	yes	B	no	yes
CCDC127	no	no	yes	B	no	yes
CCDC13	no	no	no	B	no	no
CCDC130	no	no	no	B	no	no
CCDC132	no	no	no	B	no	no
CCDC134	no	no	yes	B	no	yes
CCDC136	no	no	no	B	no	no
CCDC137	no	no	yes	B	no	yes
CCDC138	no	no	no	B	no	no
CCDC14	no	no	no	B	no	no
CCDC141	no	no	yes	B	no	yes
CCDC142	no	no	yes	B	no	yes
CCDC146	no	no	no	B	no	no
CCDC148	no	no	no	B	no	no
CCDC149	no	no	yes	B	no	yes
CCDC15	no	no	yes	B	no	no
CCDC151	no	no	no	B	no	no
CCDC152	no	no	no	B	no	no
CCDC154	no	no	no	B	no	no
CCDC157	no	no	no	B	no	no
CCDC158	no	no	no	B	no	no
CCDC159	no	no	no	B	no	no
CCDC160	no	no	yes	B	no	yes
CCDC162P	no	no	no	B	no	no
CCDC163	no	no	no	B	no	yes
CCDC166	no	no	no	B	no	yes
CCDC167	no	no	yes	B	no	no
CCDC17	no	no	no	B	no	no
CCDC170	no	no	no	B	no	no
CCDC171	no	no	yes	B	no	no
CCDC173	no	no	no	B	no	no
CCDC174	no	no	yes	B	no	yes
CCDC176	no	no	no	B	no	no
CCDC18	no	no	no	B	no	no
CCDC180	no	no	no	B	no	no
CCDC181	no	no	yes	B	no	yes
CCDC184	no	no	no	B	no	no
CCDC186	no	no	yes	B	no	yes
CCDC187	no	no	no	B	no	no
CCDC189	no	no	no	B	no	no
CCDC191	no	no	yes	B	no	no
CCDC194	no	no	no	B	no	no
CCDC198	no	no	yes	B	no	no
CCDC22	yes	yes	yes	A	yes	no
CCDC23	no	no	no	B	no	no
CCDC24	no	no	no	B	no	no
CCDC25	no	no	yes	B	no	yes
CCDC27	no	no	no	B	no	no
CCDC28A	no	no	yes	B	no	yes
CCDC28B	no	no	yes	B	no	yes
CCDC3	no	no	no	B	no	no
CCDC30	no	no	no	B	no	no
CCDC32	no	no	yes	B	no	yes
CCDC33	no	no	no	B	no	no
CCDC34	no	no	yes	B	no	yes
CCDC40	no	no	no	B	no	no
CCDC42	no	no	no	B	no	no
CCDC43	no	no	yes	B	no	yes
CCDC47	yes	yes	yes	A	yes	yes
CCDC50	no	no	yes	B	no	yes
CCDC51	yes	yes	yes	A	yes	yes
CCDC53	no	no	no	B	no	no
CCDC55	no	no	no	B	no	no
CCDC57	no	no	yes	B	no	yes
CCDC58	no	no	no	B	no	no
CCDC59	no	no	yes	B	no	yes
CCDC6	yes	no	yes	B	yes	yes
CCDC61	no	no	yes	B	no	yes
CCDC62	no	no	no	B	no	no
CCDC64	no	no	no	B	no	no
CCDC64B	no	no	no	B	no	no
CCDC66	no	no	yes	B	no	yes
CCDC68	no	no	yes	B	no	yes
CCDC69	no	no	yes	B	no	no
CCDC71	no	no	yes	B	no	yes
CCDC71L	no	no	yes	B	no	yes
CCDC74A	no	no	no	B	no	no
CCDC77	no	no	yes	B	no	no
CCDC8	no	no	yes	B	no	no
CCDC80	no	no	yes	B	no	yes
CCDC82	no	no	yes	B	no	yes
CCDC84	no	no	no	B	no	no
CCDC85A	no	no	yes	B	no	no
CCDC85B	no	no	yes	B	no	yes
CCDC85C	no	no	yes	B	no	yes
CCDC86	no	no	yes	B	no	yes
CCDC88A	no	no	yes	B	no	no
CCDC88B	no	no	yes	B	no	no
CCDC88C	no	no	yes	B	no	yes
CCDC89	no	no	no	B	no	no
CCDC9	no	no	yes	B	no	yes
CCDC90B	yes	yes	yes	A	yes	yes
CCDC91	no	no	yes	B	no	yes
CCDC92	no	no	yes	B	no	yes
CCDC93	yes	yes	yes	A	yes	yes
CCDC94	no	no	no	B	no	no
CCDC97	no	no	yes	B	no	yes
CCDC9B	no	no	yes	B	no	no
CCER2	no	no	no	B	no	no
CCHCR1	no	no	yes	B	no	yes
CCK	no	no	no	B	no	no
CCKAR	no	no	yes	B	no	no
CCKBR	no	no	no	B	no	no
CCL11	no	no	no	B	no	no
CCL12	no	no	no	B	no	no
CCL14	no	no	no	B	no	no
CCL17	no	no	no	B	no	no
CCL19	no	no	no	B	no	yes
CCL19-PS1	no	no	no	B	no	no
CCL2	no	no	yes	B	no	no
CCL20	no	no	no	B	no	no
CCL21	no	no	no	B	no	no
CCL21A	no	no	yes	B	no	no
CCL21B	no	no	no	B	no	no
CCL21D	no	no	no	B	no	no
CCL22	no	no	no	B	no	no
CCL25	no	no	no	B	no	no
CCL27A	no	no	no	B	no	no
CCL27B	no	no	no	B	no	no
CCL28	no	no	yes	B	no	yes
CCL3	no	no	no	B	no	no
CCL4	no	no	no	B	no	no
CCL5	no	no	no	B	no	yes
CCL6	no	no	yes	B	no	no
CCL7	no	no	no	B	no	no
CCL8	no	no	yes	B	no	yes
CCL9	no	no	yes	B	no	no
CCM2	no	no	yes	B	no	yes
CCM2L	no	no	yes	B	no	yes
CCN1	no	no	yes	B	no	no
CCN2	no	no	yes	B	no	no
CCN3	no	no	yes	B	no	no
CCN4	no	no	yes	B	no	no
CCN5	no	no	no	B	no	no
CCNA1	no	no	no	B	no	no
CCNA2	no	no	yes	B	no	yes
CCNB1	no	no	yes	B	no	yes
CCNB1IP1	no	no	no	B	no	no
CCNB2	no	no	no	B	no	no
CCNB2-PS	no	no	no	B	no	no
CCNC	no	no	yes	B	no	yes
CCND1	no	no	yes	B	no	yes
CCND2	no	no	yes	B	no	yes
CCND3	no	no	yes	B	no	yes
CCNDBP1	no	no	yes	B	no	yes
CCNE1	no	no	yes	B	no	no
CCNE2	no	no	no	B	no	no
CCNF	no	no	no	B	no	no
CCNG1	no	no	no	B	no	yes
CCNG2	no	no	no	B	no	yes
CCNH	no	no	yes	B	no	yes
CCNI	no	no	no	B	no	yes
CCNJ	no	no	yes	B	no	yes
CCNJL	no	no	no	B	no	no
CCNK	no	no	yes	B	no	yes
CCNL1	no	no	yes	B	no	yes
CCNL2	no	no	yes	B	no	yes
CCNO	no	no	no	B	no	no
CCNQ	no	no	yes	B	no	no
CCNT1	no	no	yes	B	no	yes
CCNT2	no	no	yes	B	no	yes
CCNY	no	no	yes	B	no	yes
CCNYL1	no	no	yes	B	no	yes
CCP110	no	no	yes	B	no	yes
CCPG1	no	no	yes	B	no	no
CCPG1OS	no	no	no	B	no	no
CCR1	no	no	yes	B	no	no
CCR10	no	no	no	B	no	no
CCR2	no	no	yes	B	no	yes
CCR3	no	no	no	B	no	no
CCR5	no	no	yes	B	no	yes
CCR6	no	no	no	B	no	no
CCR7	no	no	no	B	no	no
CCRL2	no	no	yes	B	no	yes
CCRN4L	no	no	no	B	no	no
CCS	no	no	yes	B	no	yes
CCSAP	no	no	yes	B	no	no
CCSER1	no	no	yes	B	no	no
CCSER2	no	no	yes	B	no	yes
CCT2	yes	yes	yes	A	yes	yes
CCT3	yes	yes	yes	A	yes	yes
CCT4	yes	yes	yes	A	yes	yes
CCT5	yes	yes	yes	A	yes	yes
CCT6A	yes	yes	yes	A	yes	yes
CCT6B	no	no	yes	B	no	no
CCT7	yes	yes	yes	A	yes	yes
CCT8	yes	yes	yes	A	yes	yes
CCZ1	no	no	yes	B	no	yes
CD109	no	no	yes	B	no	no
CD14	no	no	yes	B	no	yes
CD151	yes	yes	yes	A	yes	yes
CD160	no	no	no	B	no	no
CD163	no	yes	yes	B	yes	no
CD164	no	no	no	B	no	yes
CD164L2	no	no	yes	B	no	no
CD177	no	no	yes	B	no	no
CD180	no	no	yes	B	no	no
CD19	no	no	no	B	no	no
CD1D	no	no	no	B	no	no
CD1D1	no	no	yes	B	no	no
CD1H11ORF1	no	no	no	B	no	no
CD1H11ORF24	no	no	no	B	no	no
CD1H11ORF49	no	no	no	B	no	no
CD1H11ORF52	no	no	no	B	no	no
CD1H11ORF53	no	no	no	B	no	no
CD1H11ORF58	yes	yes	no	B	no	no
CD1H11ORF65	no	no	no	B	no	no
CD1H11ORF68	no	no	no	B	no	no
CD1H11ORF71	no	no	no	B	no	no
CD1H11ORF74	no	no	no	B	no	no
CD1H11ORF80	no	no	no	B	no	no
CD1H11ORF95	no	no	no	B	no	no
CD1H11ORF96	no	no	no	B	no	no
CD2	no	no	no	B	no	no
CD200	no	no	yes	B	no	yes
CD200R1	no	no	no	B	no	no
CD209	no	no	no	B	no	no
CD209A	no	no	yes	B	no	no
CD209F	no	no	no	B	no	no
CD22	no	no	yes	B	no	no
CD226	no	no	yes	B	no	no
CD24	no	no	no	B	no	no
CD244	no	no	yes	B	no	no
CD247	no	no	yes	B	no	no
CD248	no	no	yes	B	no	yes
CD27	no	no	no	B	no	no
CD274	no	no	yes	B	no	yes
CD276	no	no	yes	B	no	no
CD28	no	no	no	B	no	no
CD2AP	yes	yes	yes	A	yes	yes
CD2BP2	no	no	yes	B	no	yes
CD2H10ORF105	no	no	no	B	no	no
CD2H10ORF143	no	no	no	B	no	no
CD2H10ORF99	no	no	no	B	no	no
CD2H1ORF131	no	no	no	B	no	no
CD2H1ORF198	no	no	no	B	no	no
CD300A	no	no	yes	B	no	no
CD300C2	no	no	no	B	no	no
CD300H	no	no	no	B	no	no
CD300LB	no	no	no	B	no	no
CD300LD	no	no	no	B	no	no
CD300LD3	no	no	no	B	no	no
CD300LD4	no	no	no	B	no	no
CD300LD5	no	no	no	B	no	no
CD300LF	no	no	yes	B	no	no
CD300LG	no	no	yes	B	no	yes
CD302	yes	no	yes	B	yes	no
CD320	no	no	yes	B	no	yes
CD33	no	no	yes	B	no	no
CD34	yes	yes	yes	A	yes	yes
CD36	no	no	yes	B	no	yes
CD37	no	no	yes	B	no	no
CD38	yes	yes	yes	A	yes	yes
CD3D	no	no	yes	B	no	no
CD3E	no	no	no	B	no	no
CD3EAP	no	no	no	B	no	no
CD3G	no	no	yes	B	no	no
CD3H12ORF43	no	no	no	B	no	no
CD3H18ORF21	no	no	no	B	no	no
CD3H18ORF25	no	no	no	B	no	no
CD3H18ORF32	no	no	no	B	no	no
CD3H5ORF52	no	no	no	B	no	no
CD4	no	no	yes	B	no	no
CD40	no	no	yes	B	no	no
CD44	yes	yes	yes	A	yes	no
CD46	no	no	no	B	no	no
CD47	yes	no	yes	B	yes	yes
CD48	no	no	yes	B	no	yes
CD4H9ORF116	no	no	no	B	no	no
CD4H9ORF152	no	no	no	B	no	no
CD4H9ORF40	no	no	no	B	no	no
CD4H9ORF43	no	no	no	B	no	no
CD4H9ORF64	yes	yes	no	B	no	no
CD4H9ORF72	no	no	no	B	no	no
CD4H9ORF78	no	no	no	B	no	no
CD4H9ORF85	no	no	no	B	no	no
CD5	no	no	yes	B	no	no
CD52	no	no	no	B	no	yes
CD53	no	no	no	B	no	yes
CD55	no	no	yes	B	no	yes
CD58	no	yes	no	B	no	no
CD59	yes	yes	no	B	no	no
CD59A	no	no	yes	B	no	no
CD59B	no	no	yes	B	no	no
CD5L	no	yes	yes	B	yes	no
CD6	no	no	yes	B	no	no
CD63	yes	yes	yes	A	yes	yes
CD63-PS	no	no	no	B	no	no
CD68	no	no	yes	B	no	yes
CD69	no	no	yes	B	no	no
CD7	no	no	no	B	no	no
CD72	no	no	yes	B	no	yes
CD74	no	no	yes	B	no	yes
CD79A	no	no	no	B	no	no
CD79B	no	no	no	B	no	no
CD80	no	no	yes	B	no	no
CD81	yes	yes	yes	A	yes	yes
CD82	no	no	yes	B	no	yes
CD83	no	no	no	B	no	no
CD84	no	no	yes	B	no	no
CD86	no	no	yes	B	no	yes
CD8A	no	no	no	B	no	no
CD8B	no	no	yes	B	no	no
CD8B1	no	no	no	B	no	no
CD9	yes	yes	yes	A	yes	yes
CD93	yes	yes	yes	A	yes	yes
CD96	no	no	no	B	no	no
CD97	no	no	no	B	no	no
CD99	no	no	no	B	no	no
CD99L2	no	no	yes	B	no	yes
CDA	no	no	yes	B	no	yes
CDADC1	no	no	yes	B	no	yes
CDAN1	no	no	yes	B	no	yes
CDC123	no	no	yes	B	no	yes
CDC14A	no	no	yes	B	no	no
CDC14B	no	no	yes	B	no	yes
CDC16	no	no	yes	B	no	yes
CDC20	no	no	no	B	no	yes
CDC23	no	no	yes	B	no	yes
CDC25A	no	no	no	B	no	yes
CDC25B	no	no	no	B	no	yes
CDC25C	no	no	no	B	no	no
CDC26	no	no	yes	B	no	yes
CDC27	no	no	yes	B	no	yes
CDC34	no	no	yes	B	no	yes
CDC37	yes	yes	yes	A	yes	yes
CDC37L1	no	no	yes	B	no	yes
CDC40	no	no	yes	B	no	yes
CDC42	yes	yes	yes	A	yes	yes
CDC42BPA	no	no	yes	B	no	yes
CDC42BPB	yes	yes	yes	A	yes	yes
CDC42BPG	no	no	yes	B	no	yes
CDC42EP1	no	no	yes	B	no	yes
CDC42EP2	no	no	yes	B	no	yes
CDC42EP3	no	no	yes	B	no	yes
CDC42EP4	no	no	yes	B	no	yes
CDC42EP5	no	no	yes	B	no	yes
CDC42SE1	no	no	yes	B	no	yes
CDC42SE2	no	no	yes	B	no	yes
CDC45	no	no	no	B	no	yes
CDC5L	no	yes	yes	B	yes	yes
CDC6	no	no	no	B	no	no
CDC7	no	no	no	B	no	no
CDC73	no	no	yes	B	no	yes
CDCA2	no	no	no	B	no	no
CDCA3	no	no	yes	B	no	yes
CDCA4	no	no	no	B	no	yes
CDCA5	no	no	yes	B	no	no
CDCA7	no	no	no	B	no	no
CDCA7L	no	no	yes	B	no	yes
CDCA8	no	no	yes	B	no	no
CDCP1	no	no	yes	B	no	yes
CDCP2	no	no	no	B	no	no
CDH1	yes	yes	yes	A	yes	yes
CDH11	no	no	yes	B	no	no
CDH13	yes	yes	yes	A	yes	no
CDH16	yes	yes	yes	A	yes	yes
CDH19	no	no	yes	B	no	no
CDH2	yes	no	yes	B	yes	yes
CDH22	no	no	no	B	no	no
CDH23	no	no	no	B	no	no
CDH24	no	no	no	B	no	no
CDH26	no	no	no	B	no	no
CDH3	no	no	yes	B	no	yes
CDH4	no	no	yes	B	no	no
CDH5	no	no	yes	B	no	yes
CDH6	yes	no	yes	B	yes	yes
CDH7	no	no	no	B	no	no
CDH8	no	no	no	B	no	no
CDHR1	no	no	no	B	no	no
CDHR2	yes	yes	yes	A	yes	yes
CDHR4	no	no	no	B	no	no
CDHR5	no	no	yes	B	no	yes
CDIN1	no	no	yes	B	no	no
CDIP1	no	no	yes	B	no	yes
CDIPT	no	no	yes	B	no	yes
CDK1	no	no	yes	B	no	yes
CDK10	no	no	yes	B	no	yes
CDK11B	no	no	yes	B	no	no
CDK12	no	no	yes	B	no	yes
CDK13	no	no	yes	B	no	yes
CDK14	no	no	yes	B	no	no
CDK16	no	no	yes	B	no	yes
CDK17	no	no	yes	B	no	yes
CDK18	no	no	yes	B	no	yes
CDK19	no	no	yes	B	no	yes
CDK2	no	no	yes	B	no	yes
CDK20	no	no	yes	B	no	no
CDK2AP1	no	no	yes	B	no	yes
CDK2AP2	no	no	no	B	no	yes
CDK3	no	no	no	B	no	no
CDK4	no	no	yes	B	no	yes
CDK5	no	no	yes	B	no	yes
CDK5R1	no	no	no	B	no	no
CDK5RAP1	no	no	yes	B	no	yes
CDK5RAP2	no	no	yes	B	no	yes
CDK5RAP3	yes	yes	yes	A	yes	yes
CDK6	no	no	yes	B	no	yes
CDK7	no	no	yes	B	no	yes
CDK8	no	no	yes	B	no	yes
CDK9	no	no	yes	B	no	yes
CDKAL1	no	no	yes	B	no	yes
CDKL1	no	no	yes	B	no	yes
CDKL2	no	no	yes	B	no	yes
CDKL3	no	no	no	B	no	no
CDKL4	no	no	no	B	no	no
CDKL5	no	no	yes	B	no	no
CDKN1A	no	no	yes	B	no	yes
CDKN1B	no	no	yes	B	no	yes
CDKN1C	no	no	yes	B	no	yes
CDKN2A	no	no	no	B	no	no
CDKN2AIP	no	no	yes	B	no	yes
CDKN2AIPNL	no	no	yes	B	no	yes
CDKN2B	no	no	yes	B	no	yes
CDKN2C	no	no	yes	B	no	yes
CDKN2D	no	no	no	B	no	yes
CDKN3	no	no	no	B	no	no
CDNF	yes	yes	yes	A	yes	no
CDO1	no	no	yes	B	no	yes
CDON	no	no	yes	B	no	yes
CDPF1	no	no	yes	B	no	yes
CDR2	no	no	yes	B	no	yes
CDR2L	no	no	yes	B	no	yes
CDRT1	no	no	no	B	no	no
CDS1	yes	no	yes	B	yes	yes
CDS2	no	no	yes	B	no	yes
CDSN	no	no	yes	B	no	no
CDT1	no	no	yes	B	no	yes
CDV3	yes	yes	yes	A	yes	yes
CDV3-PS	no	no	no	B	no	no
CDYL	no	no	yes	B	no	yes
CDYL2	no	no	yes	B	no	yes
CE1H17ORF49	no	no	no	B	no	no
CE1H17ORF53	no	no	no	B	no	no
CE1H17ORF58	no	no	no	B	no	no
CE1H17ORF75	no	no	no	B	no	no
CE1H17ORF80	no	no	no	B	no	no
CE1H17ORF97	no	no	no	B	no	no
CE1H17ORF98	no	no	no	B	no	no
CE2H16ORF46	no	no	no	B	no	no
CE2H16ORF70	no	no	no	B	no	no
CE2H16ORF74	no	no	no	B	no	no
CE2H16ORF87	no	no	no	B	no	no
CE2H19ORF12	no	no	no	B	no	no
CE2H19ORF33	no	no	no	B	no	no
CE2H19ORF47	no	no	no	B	no	no
CE2H19ORF54	no	no	no	B	no	no
CE2H19ORF84	no	no	no	B	no	no
CE3H16ORF54	no	no	no	B	no	no
CE3H16ORF58	yes	no	no	B	no	no
CE3H16ORF71	no	no	no	B	no	no
CE3H16ORF72	no	no	no	B	no	no
CE3H16ORF89	no	no	no	B	no	no
CE3H16ORF91	no	no	no	B	no	no
CE3H16ORF92	no	no	no	B	no	no
CE3H7ORF26	no	no	no	B	no	no
CE3H7ORF50	no	no	no	B	no	no
CEACAM1	no	no	yes	B	no	yes
CEACAM10	no	no	no	B	no	no
CEACAM16	no	no	no	B	no	no
CEACAM18	no	no	no	B	no	no
CEACAM2	no	no	yes	B	no	no
CEACAM20	no	no	no	B	no	no
CEBPA	no	no	yes	B	no	yes
CEBPB	no	no	yes	B	no	yes
CEBPD	no	no	yes	B	no	yes
CEBPG	no	no	no	B	no	yes
CEBPZ	no	no	yes	B	no	yes
CEBPZOS	no	no	yes	B	no	yes
CECR2	no	no	no	B	no	no
CECR5	no	no	no	B	no	no
CEL	no	no	no	B	no	no
CELA1	no	no	yes	B	no	no
CELF1	no	no	yes	B	no	yes
CELF2	no	no	yes	B	no	no
CELF5	no	no	no	B	no	no
CELSR1	no	no	yes	B	no	yes
CELSR2	no	no	yes	B	no	yes
CELSR3	no	no	no	B	no	no
CEMIP	no	no	no	B	no	no
CEMIP2	no	no	yes	B	no	no
CENATAC	no	no	yes	B	no	no
CEND1	no	no	yes	B	no	no
CENPA	no	no	yes	B	no	yes
CENPB	no	no	yes	B	no	yes
CENPC	no	no	yes	B	no	yes
CENPE	no	no	yes	B	no	no
CENPF	no	no	no	B	no	no
CENPH	yes	yes	yes	A	yes	no
CENPI	no	no	yes	B	no	no
CENPJ	no	no	no	B	no	no
CENPK	no	no	yes	B	no	no
CENPL	no	no	yes	B	no	no
CENPM	no	no	no	B	no	no
CENPN	no	no	yes	B	no	yes
CENPO	no	no	yes	B	no	no
CENPP	no	no	yes	B	no	no
CENPQ	no	no	yes	B	no	yes
CENPS	no	no	yes	B	no	no
CENPT	no	no	yes	B	no	no
CENPU	no	no	yes	B	no	no
CENPV	yes	yes	yes	A	yes	yes
CENPW	no	no	no	B	no	no
CENPX	no	no	no	B	no	no
CEP104	no	no	yes	B	no	yes
CEP112	no	no	yes	B	no	no
CEP120	no	no	yes	B	no	yes
CEP126	no	no	no	B	no	no
CEP128	no	no	yes	B	no	no
CEP131	no	no	yes	B	no	yes
CEP135	no	no	yes	B	no	yes
CEP152	no	no	yes	B	no	no
CEP162	no	no	yes	B	no	yes
CEP164	no	no	yes	B	no	yes
CEP170	no	no	yes	B	no	yes
CEP170B	no	no	yes	B	no	yes
CEP19	no	no	yes	B	no	yes
CEP192	no	no	yes	B	no	yes
CEP20	no	no	yes	B	no	no
CEP250	no	no	yes	B	no	yes
CEP290	no	no	yes	B	no	yes
CEP295	no	no	no	B	no	yes
CEP350	no	no	yes	B	no	yes
CEP41	no	no	yes	B	no	no
CEP43	no	no	yes	B	no	no
CEP44	no	no	yes	B	no	yes
CEP55	no	no	yes	B	no	no
CEP57	no	no	yes	B	no	yes
CEP57L1	no	no	no	B	no	no
CEP63	no	no	yes	B	no	yes
CEP68	no	no	yes	B	no	yes
CEP70	no	no	yes	B	no	yes
CEP72	no	no	no	B	no	no
CEP76	no	no	yes	B	no	yes
CEP78	no	no	yes	B	no	yes
CEP83	no	no	yes	B	no	yes
CEP83OS	no	no	no	B	no	no
CEP85	no	no	yes	B	no	yes
CEP85L	no	no	yes	B	no	yes
CEP89	no	no	yes	B	no	yes
CEP95	no	no	yes	B	no	yes
CEP97	no	no	yes	B	no	yes
CEPT1	no	no	yes	B	no	yes
CERCAM	no	no	yes	B	no	no
CERK	no	no	yes	B	no	yes
CERKL	no	no	no	B	no	no
CERS1	yes	yes	yes	A	yes	no
CERS2	no	no	yes	B	no	yes
CERS3	no	no	no	B	no	no
CERS4	no	no	yes	B	no	yes
CERS5	no	no	yes	B	no	yes
CERS6	no	no	yes	B	no	yes
CERT1	no	no	yes	B	no	no
CES1	no	no	yes	B	no	no
CES1D	no	no	yes	B	no	no
CES1E	no	no	yes	B	no	no
CES1F	no	no	yes	B	no	no
CES1G	no	no	no	B	no	no
CES2	yes	yes	no	B	no	no
CES2B	no	no	yes	B	no	no
CES2C	no	no	yes	B	no	no
CES2D-PS	no	no	no	B	no	no
CES2E	no	no	yes	B	no	no
CES2F	no	no	yes	B	no	no
CES2G	no	no	yes	B	no	no
CES2H	no	no	no	B	no	no
CES3	no	no	no	B	no	no
CES4A	no	no	no	B	no	no
CES5A	yes	yes	no	B	no	no
CETN2	yes	yes	yes	A	yes	yes
CETN3	no	no	yes	B	no	yes
CETN4	no	no	yes	B	no	no
CF1H1ORF105	no	no	no	B	no	no
CF1H1ORF112	no	no	no	B	no	no
CF1H1ORF115	no	no	no	B	no	no
CF1H1ORF21	no	no	no	B	no	no
CF1H1ORF226	no	no	no	B	no	no
CF1H1ORF43	no	no	no	B	no	no
CF1H1ORF53	no	no	no	B	no	no
CF1H1ORF74	no	no	no	B	no	no
CF2H8ORF33	no	no	no	B	no	no
CF2H8ORF34	no	no	no	B	no	no
CF2H8ORF76	no	no	no	B	no	no
CF2H8ORF82	no	no	no	B	no	no
CF2H8ORF89	no	no	no	B	no	no
CFAP119	no	no	no	B	no	no
CFAP126	no	no	no	B	no	no
CFAP157	no	no	no	B	no	no
CFAP20	no	no	yes	B	no	yes
CFAP20DC	no	no	no	B	no	no
CFAP210	no	no	no	B	no	no
CFAP221	no	no	no	B	no	no
CFAP251	no	no	no	B	no	no
CFAP263	no	no	no	B	no	no
CFAP276	no	no	no	B	no	no
CFAP298	no	no	yes	B	no	no
CFAP300	no	no	yes	B	no	no
CFAP36	no	no	yes	B	no	yes
CFAP410	no	no	yes	B	no	no
CFAP418	no	no	yes	B	no	no
CFAP43	no	no	no	B	no	yes
CFAP44	no	no	no	B	no	no
CFAP45	no	no	no	B	no	no
CFAP46	no	no	no	B	no	no
CFAP47	no	no	no	B	no	no
CFAP52	no	no	no	B	no	no
CFAP53	no	no	no	B	no	no
CFAP54	no	no	no	B	no	no
CFAP57	no	no	no	B	no	no
CFAP61	no	no	no	B	no	no
CFAP65	no	no	no	B	no	no
CFAP69	no	no	no	B	no	yes
CFAP70	no	no	no	B	no	no
CFAP73	no	no	no	B	no	no
CFAP74	no	no	no	B	no	no
CFAP77	no	no	no	B	no	no
CFAP91	no	no	no	B	no	no
CFAP92	no	no	no	B	no	no
CFAP97	no	no	yes	B	no	yes
CFAP99	no	no	no	B	no	no
CFB	yes	yes	yes	A	yes	no
CFD	yes	yes	yes	A	yes	yes
CFDP1	yes	yes	yes	A	yes	yes
CFH	no	no	yes	B	no	no
CFHR2	no	no	yes	B	no	no
CFHR4	no	no	yes	B	no	no
CFI	yes	yes	yes	A	yes	yes
CFL1	yes	yes	yes	A	yes	yes
CFL2	yes	yes	yes	A	yes	yes
CFLAR	no	no	yes	B	no	yes
CFP	no	no	yes	B	no	yes
CFTR	no	no	yes	B	no	yes
CGGBP1	no	no	yes	B	no	yes
CGN	no	no	yes	B	no	yes
CGNL1	yes	yes	yes	A	yes	yes
CGREF1	no	no	yes	B	no	yes
CGRRF1	no	no	yes	B	no	yes
CH25H	no	no	no	B	no	yes
CHAC1	no	no	no	B	no	no
CHAC2	no	no	yes	B	no	no
CHADL	no	no	no	B	no	no
CHAF1A	no	no	yes	B	no	yes
CHAF1B	no	no	yes	B	no	yes
CHAMP1	no	no	yes	B	no	yes
CHASERR	no	no	no	B	no	no
CHCHD1	no	no	yes	B	no	yes
CHCHD10	yes	yes	yes	A	yes	yes
CHCHD2	yes	yes	no	B	no	yes
CHCHD2-PS	no	no	no	B	no	no
CHCHD3	yes	yes	yes	A	yes	yes
CHCHD4	yes	no	yes	B	yes	yes
CHCHD5	no	no	yes	B	no	yes
CHCHD6	no	no	yes	B	no	yes
CHCHD7	no	no	yes	B	no	yes
CHD1	no	no	yes	B	no	yes
CHD1L	no	no	yes	B	no	yes
CHD2	no	no	yes	B	no	yes
CHD3	no	no	yes	B	no	yes
CHD3OS	no	no	no	B	no	no
CHD4	no	yes	yes	B	yes	yes
CHD6	no	no	yes	B	no	yes
CHD7	no	no	yes	B	no	yes
CHD8	no	no	yes	B	no	yes
CHD9	no	no	yes	B	no	yes
CHDH	yes	yes	yes	A	yes	yes
CHEK1	no	no	yes	B	no	no
CHEK2	no	no	yes	B	no	yes
CHERP	no	no	yes	B	no	yes
CHFR	no	no	yes	B	no	yes
CHGA	no	no	yes	B	no	no
CHGB	no	no	yes	B	no	no
CHI3L1	no	no	yes	B	no	no
CHIC1	no	no	yes	B	no	yes
CHIC2	no	no	yes	B	no	yes
CHID1	yes	yes	yes	A	yes	yes
CHIL1	no	no	no	B	no	no
CHIL3	no	no	yes	B	no	no
CHIT1	no	no	yes	B	no	no
CHKA	no	no	yes	B	no	yes
CHKB	no	no	yes	B	no	yes
CHL1	no	no	yes	B	no	no
CHM	no	no	yes	B	no	yes
CHML	no	no	yes	B	no	yes
CHMP1A	yes	no	yes	B	yes	yes
CHMP1B	no	no	no	B	no	no
CHMP2A	yes	no	yes	B	yes	yes
CHMP2B	no	no	yes	B	no	yes
CHMP3	no	no	yes	B	no	no
CHMP4A	no	no	no	B	no	no
CHMP4B	yes	no	yes	B	yes	yes
CHMP4C	no	no	yes	B	no	yes
CHMP5	yes	no	yes	B	yes	yes
CHMP6	yes	no	yes	B	yes	yes
CHMP7	no	no	yes	B	no	yes
CHN1	no	no	yes	B	no	yes
CHN2	no	no	yes	B	no	yes
CHORDC1	no	yes	yes	B	yes	yes
CHP1	yes	no	yes	B	yes	yes
CHP2	no	no	no	B	no	no
CHPF	no	no	yes	B	no	yes
CHPF2	no	no	yes	B	no	yes
CHPT1	no	no	yes	B	no	yes
CHRAC1	no	no	yes	B	no	yes
CHRD	no	no	yes	B	no	no
CHRDL1	no	no	no	B	no	yes
CHRM1	no	no	no	B	no	no
CHRM2	no	no	no	B	no	no
CHRM3	no	no	yes	B	no	no
CHRNA1OS	no	no	no	B	no	no
CHRNA2	no	no	no	B	no	no
CHRNA3	no	no	no	B	no	no
CHRNA4	no	no	no	B	no	yes
CHRNA7	no	no	no	B	no	no
CHRNB1	no	no	yes	B	no	yes
CHRNB2	no	no	no	B	no	no
CHRNE	no	no	no	B	no	no
CHST1	no	no	no	B	no	yes
CHST10	no	no	no	B	no	no
CHST11	no	no	yes	B	no	yes
CHST12	no	no	yes	B	no	yes
CHST13	no	no	no	B	no	no
CHST14	no	no	yes	B	no	yes
CHST15	no	no	yes	B	no	yes
CHST2	no	no	yes	B	no	no
CHST3	no	no	yes	B	no	yes
CHST7	no	no	yes	B	no	yes
CHST8	no	no	no	B	no	no
CHST9	no	no	no	B	no	no
CHSY1	no	no	yes	B	no	yes
CHSY3	no	no	yes	B	no	no
CHTF18	no	no	yes	B	no	no
CHTF8	no	no	yes	B	no	no
CHTOP	no	no	yes	B	no	yes
CHUK	no	no	yes	B	no	yes
CHURC1	no	no	yes	B	no	yes
CIAO1	yes	no	yes	B	yes	yes
CIAO2A	no	no	yes	B	no	no
CIAO2B	no	no	yes	B	no	no
CIAO3	yes	no	yes	B	yes	no
CIAPIN1	yes	yes	yes	A	yes	yes
CIART	no	no	no	B	no	yes
CIB1	no	no	yes	B	no	yes
CIB2	no	no	no	B	no	no
CIBAR1	no	no	yes	B	no	no
CIC	no	no	yes	B	no	yes
CIDEA	no	no	no	B	no	no
CIDEB	no	no	yes	B	no	yes
CIDEC	no	no	no	B	no	no
CIITA	no	no	no	B	no	yes
CILK1	no	no	yes	B	no	no
CILP	no	no	no	B	no	no
CILP2	no	no	no	B	no	no
CIMAP2	no	no	no	B	no	no
CIMAP3	no	no	no	B	no	no
CIMIP7	no	no	no	B	no	no
CINP	no	no	yes	B	no	yes
CIP2A	no	no	yes	B	no	no
CIPC	no	no	no	B	no	yes
CIRBP	yes	yes	yes	A	yes	yes
CIRH1A	no	no	no	B	no	no
CIRSR	no	no	yes	B	no	yes
CISD1	yes	yes	yes	A	yes	yes
CISD2	yes	yes	yes	A	yes	yes
CISD3	yes	yes	yes	A	yes	yes
CISH	no	no	yes	B	no	yes
CIST1	no	no	no	B	no	no
CIT	no	no	yes	B	no	no
CITED1	no	no	no	B	no	no
CITED2	no	no	yes	B	no	yes
CITED4	no	no	no	B	no	yes
CIZ1	no	no	yes	B	no	yes
CKAP2	no	no	yes	B	no	no
CKAP2L	no	no	yes	B	no	no
CKAP4	yes	yes	yes	A	yes	yes
CKAP5	yes	no	yes	B	yes	yes
CKB	no	no	yes	B	no	no
CKLF	no	no	no	B	no	no
CKM	yes	yes	yes	A	yes	no
CKMT1	no	no	yes	B	no	no
CKMT1B	no	no	no	B	no	no
CKMT2	no	no	no	B	no	no
CKS1B	no	no	no	B	no	yes
CKS2	no	no	yes	B	no	yes
CLASP1	no	no	yes	B	no	yes
CLASP2	yes	no	yes	B	yes	yes
CLASRP	no	no	yes	B	no	no
CLBA1	no	no	yes	B	no	no
CLCA1	no	no	no	B	no	no
CLCA2	no	no	no	B	no	no
CLCA3A1	no	no	yes	B	no	no
CLCA3A2	no	no	yes	B	no	no
CLCA3B	no	no	no	B	no	no
CLCA4	no	no	no	B	no	no
CLCC1	yes	yes	yes	A	yes	yes
CLCF1	no	no	no	B	no	no
CLCN2	no	no	yes	B	no	yes
CLCN3	no	no	yes	B	no	yes
CLCN4	no	no	yes	B	no	no
CLCN4-2	no	no	no	B	no	no
CLCN5	no	no	yes	B	no	yes
CLCN6	no	no	yes	B	no	yes
CLCN7	no	no	yes	B	no	yes
CLCNKA	no	no	yes	B	no	no
CLCNKB	no	no	yes	B	no	no
CLDN1	no	no	yes	B	no	yes
CLDN10	no	no	yes	B	no	yes
CLDN11	no	no	no	B	no	no
CLDN12	no	no	yes	B	no	yes
CLDN14	no	no	no	B	no	no
CLDN15	no	no	yes	B	no	yes
CLDN16	no	no	yes	B	no	yes
CLDN19	no	no	yes	B	no	yes
CLDN2	no	no	yes	B	no	yes
CLDN23	no	no	yes	B	no	no
CLDN25	no	no	no	B	no	no
CLDN3	no	no	yes	B	no	yes
CLDN34C1	no	no	no	B	no	no
CLDN34C2	no	no	no	B	no	no
CLDN4	no	no	yes	B	no	yes
CLDN5	no	no	yes	B	no	no
CLDN6	no	no	yes	B	no	no
CLDN7	no	no	yes	B	no	yes
CLDN8	no	no	yes	B	no	yes
CLDN9	no	no	no	B	no	no
CLDND1	no	no	yes	B	no	no
CLDND2	no	no	no	B	no	no
CLEC10A	no	no	yes	B	no	no
CLEC11A	yes	no	yes	B	yes	yes
CLEC12A	no	no	yes	B	no	no
CLEC14A	no	no	yes	B	no	yes
CLEC16A	no	no	yes	B	no	yes
CLEC17A	no	no	no	B	no	no
CLEC18A	no	no	no	B	no	no
CLEC1A	no	no	yes	B	no	no
CLEC2B	no	no	no	B	no	no
CLEC2D	no	no	yes	B	no	yes
CLEC2F	no	no	no	B	no	no
CLEC2H	no	no	no	B	no	no
CLEC2L	no	no	no	B	no	no
CLEC3A	no	no	yes	B	no	no
CLEC3B	no	no	yes	B	no	yes
CLEC4A	no	no	yes	B	no	yes
CLEC4A2	no	no	no	B	no	no
CLEC4A3	no	no	yes	B	no	no
CLEC4B1	no	no	yes	B	no	no
CLEC4D	no	no	no	B	no	no
CLEC4E	no	no	no	B	no	no
CLEC5A	no	no	yes	B	no	no
CLEC6A	no	no	yes	B	no	no
CLEC7A	no	no	yes	B	no	no
CLEC9A	no	no	no	B	no	no
CLECL1	no	no	no	B	no	no
CLGN	no	no	yes	B	no	no
CLHC1	no	no	no	B	no	no
CLIC1	yes	yes	yes	A	yes	yes
CLIC2	yes	yes	no	B	no	no
CLIC3	no	no	yes	B	no	yes
CLIC4	yes	yes	yes	A	yes	yes
CLIC5	yes	yes	yes	A	yes	yes
CLIC6	no	yes	yes	B	yes	no
CLINT1	yes	yes	yes	A	yes	yes
CLIP1	yes	no	yes	B	yes	yes
CLIP2	no	no	yes	B	no	yes
CLIP3	no	no	no	B	no	no
CLIP4	no	no	yes	B	no	yes
CLK1	no	no	yes	B	no	yes
CLK2	no	no	yes	B	no	yes
CLK3	no	no	yes	B	no	yes
CLK4	no	no	yes	B	no	yes
CLMN	no	no	yes	B	no	yes
CLMP	no	no	yes	B	no	no
CLN3	no	no	yes	B	no	yes
CLN5	no	no	yes	B	no	yes
CLN6	no	no	yes	B	no	yes
CLN8	no	no	yes	B	no	yes
CLNS1A	yes	no	yes	B	yes	yes
CLOCK	no	no	yes	B	no	yes
CLP1	no	no	yes	B	no	yes
CLPB	yes	yes	yes	A	yes	yes
CLPP	yes	yes	yes	A	yes	yes
CLPSL1	no	no	no	B	no	no
CLPTM1	yes	yes	yes	A	yes	yes
CLPTM1L	no	no	yes	B	no	yes
CLPX	yes	yes	yes	A	yes	yes
CLRN3	yes	no	yes	B	yes	yes
CLSPN	no	no	no	B	no	no
CLSTN1	no	no	yes	B	no	yes
CLSTN2	no	no	no	B	no	no
CLSTN3	no	no	no	B	no	no
CLTA	yes	yes	yes	A	yes	yes
CLTB	yes	no	yes	B	yes	yes
CLTC	yes	yes	yes	A	yes	yes
CLTCL1	no	no	no	B	no	no
CLTRN	no	no	yes	B	no	no
CLU	yes	yes	yes	A	yes	yes
CLUAP1	no	no	yes	B	no	yes
CLUH	yes	yes	yes	A	yes	yes
CLYBL	yes	yes	yes	A	yes	yes
CMAH	no	no	yes	B	no	yes
CMAS	yes	yes	yes	A	yes	yes
CMBL	yes	yes	yes	A	yes	yes
CMC1	yes	no	yes	B	yes	yes
CMC2	no	no	yes	B	no	yes
CMC4	no	no	yes	B	no	no
CMIP	no	no	yes	B	no	yes
CMKLR1	no	no	yes	B	no	yes
CML1	no	no	yes	B	no	no
CML2	no	no	no	B	no	no
CML3	no	no	no	B	no	no
CML5	no	no	no	B	no	no
CMPK1	yes	yes	yes	A	yes	yes
CMPK2	no	no	yes	B	no	yes
CMSS1	no	no	yes	B	no	yes
CMTM3	no	no	yes	B	no	no
CMTM4	no	no	yes	B	no	yes
CMTM5	no	no	no	B	no	no
CMTM6	no	no	yes	B	no	yes
CMTM7	no	no	yes	B	no	yes
CMTM8	no	no	yes	B	no	yes
CMTR1	no	no	yes	B	no	no
CMTR2	no	no	yes	B	no	yes
CMYA5	no	no	no	B	no	no
CNBD2	no	no	no	B	no	no
CNBP	yes	yes	yes	A	yes	yes
CNDP1	yes	yes	yes	A	yes	yes
CNDP2	yes	yes	yes	A	yes	yes
CNEP1R1	no	no	yes	B	no	yes
CNIH1	no	no	no	B	no	yes
CNIH2	no	no	no	B	no	no
CNIH3	no	no	no	B	no	no
CNIH4	no	no	yes	B	no	yes
CNKSR1	no	no	yes	B	no	yes
CNKSR3	no	no	yes	B	no	yes
CNN1	yes	yes	yes	A	yes	yes
CNN2	yes	yes	yes	A	yes	yes
CNN3	yes	yes	yes	A	yes	yes
CNNM1	no	no	no	B	no	no
CNNM2	no	no	yes	B	no	yes
CNNM3	no	no	yes	B	no	yes
CNNM4	no	no	yes	B	no	yes
CNOT1	yes	no	yes	B	yes	yes
CNOT10	no	no	yes	B	no	yes
CNOT11	no	no	yes	B	no	yes
CNOT2	no	no	yes	B	no	yes
CNOT3	no	no	yes	B	no	yes
CNOT4	no	no	yes	B	no	yes
CNOT6	no	no	yes	B	no	yes
CNOT6L	no	no	yes	B	no	yes
CNOT7	no	no	yes	B	no	yes
CNOT8	no	no	yes	B	no	yes
CNOT9	no	no	yes	B	no	no
CNP	yes	yes	yes	A	yes	yes
CNPPD1	no	no	no	B	no	yes
CNPY2	yes	yes	yes	A	yes	yes
CNPY3	yes	yes	yes	A	yes	yes
CNPY4	yes	yes	yes	A	yes	yes
CNR1	no	no	no	B	no	no
CNR2	no	no	no	B	no	no
CNRIP1	yes	yes	yes	A	yes	no
CNST	no	no	yes	B	no	yes
CNTF	no	no	yes	B	no	no
CNTFR	no	no	yes	B	no	yes
CNTLN	no	no	yes	B	no	yes
CNTN1	no	no	yes	B	no	no
CNTN4	no	no	no	B	no	no
CNTNAP1	no	no	no	B	no	no
CNTNAP2	no	no	no	B	no	no
CNTNAP5	no	no	no	B	no	no
CNTRL	no	no	yes	B	no	yes
CNTROB	no	no	yes	B	no	no
COA3	yes	yes	yes	A	yes	yes
COA4	no	no	yes	B	no	yes
COA5	no	no	yes	B	no	yes
COA6	no	no	yes	B	no	no
COA7	yes	no	yes	B	yes	yes
COA8	no	no	yes	B	no	no
COASY	yes	yes	yes	A	yes	yes
COBL	no	no	yes	B	no	yes
COBLL1	yes	yes	yes	A	yes	yes
COCH	no	no	yes	B	no	no
COG1	no	no	yes	B	no	yes
COG2	no	no	yes	B	no	yes
COG3	no	no	yes	B	no	yes
COG4	no	yes	yes	B	yes	yes
COG5	no	no	yes	B	no	yes
COG6	no	no	yes	B	no	yes
COG7	no	no	yes	B	no	yes
COG8	no	no	yes	B	no	yes
COIL	no	no	yes	B	no	no
COL10A1	no	no	no	B	no	no
COL11A1	no	no	yes	B	no	no
COL12A1	yes	yes	yes	A	yes	yes
COL13A1	no	no	yes	B	no	no
COL14A1	yes	yes	yes	A	yes	yes
COL15A1	no	yes	yes	B	yes	yes
COL16A1	no	no	yes	B	no	yes
COL17A1	no	no	no	B	no	no
COL18A1	yes	yes	yes	A	yes	yes
COL1A1	yes	yes	yes	A	yes	yes
COL1A2	no	yes	yes	B	yes	yes
COL20A1	no	no	no	B	no	no
COL21A1	no	no	no	B	no	no
COL22A1	no	no	no	B	no	no
COL23A1	no	no	no	B	no	no
COL24A1	no	no	no	B	no	no
COL26A1	no	no	yes	B	no	no
COL27A1	no	no	no	B	no	yes
COL28A1	no	no	yes	B	no	no
COL2A1	no	no	yes	B	no	no
COL3A1	no	no	yes	B	no	yes
COL4A1	no	no	yes	B	no	yes
COL4A2	yes	yes	yes	A	yes	yes
COL4A3	no	no	yes	B	no	yes
COL4A3BP	no	no	no	B	no	no
COL4A4	no	no	yes	B	no	yes
COL4A5	yes	yes	yes	A	yes	yes
COL4A6	no	no	yes	B	no	no
COL5A1	no	no	yes	B	no	yes
COL5A2	no	no	yes	B	no	yes
COL5A3	no	no	yes	B	no	no
COL6A1	yes	yes	yes	A	yes	yes
COL6A2	yes	yes	yes	A	yes	yes
COL6A3	yes	yes	yes	A	yes	yes
COL6A4	no	no	yes	B	no	no
COL6A5	no	yes	yes	B	yes	no
COL7A1	no	no	yes	B	no	no
COL8A1	no	no	yes	B	no	yes
COL8A2	no	no	no	B	no	no
COL9A1	no	no	no	B	no	no
COL9A2	no	no	no	B	no	no
COL9A3	no	no	no	B	no	no
COLCA2	no	no	no	B	no	no
COLEC11	no	no	yes	B	no	no
COLEC12	no	no	yes	B	no	yes
COLGALT1	no	no	yes	B	no	yes
COLGALT2	no	no	yes	B	no	yes
COLQ	no	no	no	B	no	no
COMMD1	yes	no	yes	B	yes	yes
COMMD10	yes	no	yes	B	yes	yes
COMMD1B	no	no	no	B	no	no
COMMD2	no	no	yes	B	no	yes
COMMD3	yes	yes	yes	A	yes	yes
COMMD4	yes	no	yes	B	yes	yes
COMMD5	yes	no	yes	B	yes	yes
COMMD6	no	no	yes	B	no	yes
COMMD7	yes	no	yes	B	yes	yes
COMMD8	yes	no	yes	B	yes	yes
COMMD9	yes	yes	yes	A	yes	yes
COMT	yes	yes	yes	A	yes	yes
COMTD1	yes	yes	yes	A	yes	no
COP1	no	no	yes	B	no	no
COPA	yes	yes	yes	A	yes	yes
COPB1	yes	yes	yes	A	yes	yes
COPB2	yes	yes	yes	A	yes	yes
COPE	no	no	yes	B	no	yes
COPG1	yes	yes	yes	A	yes	yes
COPG2	yes	yes	yes	A	yes	yes
COPRS	no	no	yes	B	no	yes
COPS2	yes	yes	yes	A	yes	yes
COPS3	yes	yes	yes	A	yes	yes
COPS4	yes	yes	yes	A	yes	yes
COPS5	yes	yes	yes	A	yes	yes
COPS6	yes	yes	yes	A	yes	yes
COPS7A	yes	yes	yes	A	yes	yes
COPS7B	no	no	yes	B	no	yes
COPS8	no	no	yes	B	no	no
COPS9	yes	no	no	B	no	no
COPZ1	yes	yes	yes	A	yes	yes
COPZ2	no	no	yes	B	no	yes
COQ10A	no	no	yes	B	no	yes
COQ10B	no	no	yes	B	no	yes
COQ2	no	no	yes	B	no	yes
COQ3	yes	yes	yes	A	yes	yes
COQ4	yes	yes	yes	A	yes	yes
COQ5	yes	yes	yes	A	yes	yes
COQ6	yes	yes	yes	A	yes	yes
COQ7	yes	yes	yes	A	yes	yes
COQ8A	yes	yes	yes	A	yes	no
COQ8B	no	no	yes	B	no	no
COQ9	yes	yes	yes	A	yes	yes
CORIN	no	no	yes	B	no	no
CORO1A	yes	yes	yes	A	yes	yes
CORO1B	yes	yes	yes	A	yes	yes
CORO1C	yes	yes	yes	A	yes	yes
CORO2A	no	no	yes	B	no	yes
CORO2B	no	no	yes	B	no	no
CORO6	no	no	no	B	no	no
CORO7	no	no	yes	B	no	no
COTL1	yes	yes	yes	A	yes	yes
COX10	no	no	yes	B	no	no
COX11	no	no	yes	B	no	yes
COX14	no	no	yes	B	no	no
COX15	yes	yes	yes	A	yes	yes
COX16	no	no	yes	B	no	yes
COX17	yes	yes	yes	A	yes	yes
COX18	no	no	yes	B	no	yes
COX19	no	no	yes	B	no	yes
COX20	no	no	yes	B	no	no
COX4I1	yes	yes	yes	A	yes	no
COX4I2	no	no	yes	B	no	no
COX5A	yes	yes	yes	A	yes	no
COX5B	yes	yes	yes	A	yes	yes
COX5B-PS	no	no	no	B	no	no
COX6A1	no	no	yes	B	no	no
COX6A2	no	no	no	B	no	no
COX6B1	no	no	yes	B	no	no
COX6B2	no	no	no	B	no	no
COX6C	no	no	yes	B	no	no
COX6C2	no	no	no	B	no	no
COX7A1	yes	yes	yes	A	yes	yes
COX7A2	yes	yes	yes	A	yes	yes
COX7A2L	no	no	yes	B	no	no
COX7B	no	no	yes	B	no	no
COX7C	no	no	yes	B	no	no
COX7C-PS1	no	no	no	B	no	no
COX8A	no	no	no	B	no	yes
COX8C	no	no	no	B	no	no
COXFA4	no	no	yes	B	no	no
COXFA4L2	no	no	yes	B	no	yes
COXFA4L3	no	no	no	B	no	no
CP	yes	yes	yes	A	yes	no
CPA2	no	no	no	B	no	no
CPA6	no	no	no	B	no	no
CPAMD8	no	no	no	B	no	no
CPAP	no	no	yes	B	no	no
CPB1	no	no	yes	B	no	no
CPB2	no	yes	yes	B	yes	no
CPD	yes	yes	yes	A	yes	yes
CPE	no	no	yes	B	no	yes
CPEB1	no	no	yes	B	no	yes
CPEB2	no	no	yes	B	no	yes
CPEB3	no	no	yes	B	no	yes
CPEB4	no	no	yes	B	no	yes
CPED1	no	no	yes	B	no	yes
CPLANE1	no	no	yes	B	no	no
CPLANE2	no	no	no	B	no	no
CPLX1	no	no	no	B	no	no
CPLX2	no	no	yes	B	no	no
CPM	no	no	yes	B	no	yes
CPN1	yes	yes	yes	A	yes	yes
CPN2	yes	yes	yes	A	yes	no
CPNE1	yes	yes	yes	A	yes	no
CPNE2	no	no	yes	B	no	yes
CPNE3	yes	yes	yes	A	yes	yes
CPNE4	no	no	yes	B	no	no
CPNE5	no	no	no	B	no	no
CPNE7	no	no	yes	B	no	no
CPNE8	no	no	yes	B	no	yes
CPNE9	no	no	no	B	no	no
CPOX	yes	yes	yes	A	yes	yes
CPPED1	yes	yes	yes	A	yes	yes
CPQ	no	no	yes	B	no	yes
CPSF1	no	no	yes	B	no	yes
CPSF2	no	no	yes	B	no	yes
CPSF3	no	no	yes	B	no	yes
CPSF3L	no	no	no	B	no	no
CPSF4	no	no	yes	B	no	yes
CPSF4L	no	no	no	B	no	no
CPSF6	no	yes	yes	B	yes	yes
CPSF7	no	no	yes	B	no	yes
CPT1A	yes	yes	yes	A	yes	yes
CPT1B	no	no	yes	B	no	no
CPT1C	no	no	yes	B	no	no
CPT2	no	no	yes	B	no	no
CPTP	no	no	yes	B	no	yes
CPXM1	no	no	yes	B	no	yes
CPXM2	no	no	yes	B	no	no
CPZ	no	no	no	B	no	no
CR1	no	no	yes	B	no	no
CR1L	no	no	no	B	no	no
CR2	no	no	no	B	no	no
CRABP1	yes	yes	no	B	no	no
CRABP2	no	no	yes	B	no	no
CRACD	no	no	yes	B	no	no
CRACDL	no	no	yes	B	no	no
CRACR2A	no	no	yes	B	no	no
CRACR2B	no	no	yes	B	no	yes
CRADD	no	no	yes	B	no	yes
CRAMP1	no	no	yes	B	no	no
CRAMP1L	no	no	no	B	no	no
CRAT	yes	yes	yes	A	yes	yes
CRB2	no	no	yes	B	no	no
CRB3	no	no	yes	B	no	yes
CRBN	no	no	yes	B	no	yes
CRCP	no	no	yes	B	no	yes
CRCT1	no	no	no	B	no	no
CREB1	no	no	yes	B	no	yes
CREB3	no	no	yes	B	no	yes
CREB3L1	no	no	no	B	no	yes
CREB3L2	no	no	yes	B	no	yes
CREB3L3	no	no	yes	B	no	no
CREB3L4	no	no	no	B	no	no
CREB5	no	no	yes	B	no	no
CREBBP	no	no	yes	B	no	yes
CREBL2	no	no	yes	B	no	yes
CREBRF	no	no	yes	B	no	yes
CREBZF	no	no	yes	B	no	yes
CREG1	no	no	yes	B	no	yes
CRELD1	no	no	yes	B	no	yes
CRELD2	no	no	yes	B	no	yes
CREM	no	no	yes	B	no	yes
CRHBP	no	no	no	B	no	no
CRHR1	no	no	no	B	no	no
CRHR2	no	no	no	B	no	no
CRIM1	no	no	yes	B	no	yes
CRIP1	yes	yes	yes	A	yes	yes
CRIP2	yes	yes	yes	A	yes	yes
CRIP3	no	no	no	B	no	no
CRIPT	no	no	yes	B	no	yes
CRISP1	no	no	yes	B	no	no
CRISPLD1	no	no	no	B	no	no
CRISPLD2	no	no	yes	B	no	yes
CRK	yes	yes	yes	A	yes	yes
CRKL	yes	yes	yes	A	yes	yes
CRLF1	no	no	yes	B	no	no
CRLF2	no	no	yes	B	no	yes
CRLF3	no	no	yes	B	no	yes
CRLS1	no	no	yes	B	no	yes
CRNDE	no	no	no	B	no	no
CRNKL1	no	yes	yes	B	yes	yes
CROCC	no	no	yes	B	no	yes
CROCC2	no	no	yes	B	no	no
CROT	no	no	yes	B	no	yes
CRPPA	no	no	yes	B	no	no
CRRY-PS	no	no	no	B	no	no
CRTAC1	no	no	no	B	no	no
CRTAP	no	no	yes	B	no	yes
CRTC1	no	no	yes	B	no	yes
CRTC2	no	no	yes	B	no	yes
CRTC3	no	no	yes	B	no	yes
CRY1	no	no	yes	B	no	yes
CRY2	no	no	yes	B	no	yes
CRYAA	no	no	no	B	no	no
CRYAB	yes	yes	yes	A	yes	yes
CRYBB3	no	no	yes	B	no	no
CRYBG1	no	yes	yes	B	yes	no
CRYBG2	no	no	no	B	no	no
CRYBG3	no	no	yes	B	no	yes
CRYGA	no	no	no	B	no	no
CRYL1	yes	yes	yes	A	yes	yes
CRYM	yes	yes	yes	A	yes	yes
CRYZ	yes	yes	yes	A	yes	yes
CRYZL1	no	no	yes	B	no	yes
CRYZL2	no	no	yes	B	no	no
CS	yes	yes	yes	A	yes	yes
CSAD	yes	yes	yes	A	yes	yes
CSDC2	no	no	yes	B	no	no
CSDE1	yes	yes	yes	A	yes	yes
CSE1L	yes	yes	yes	A	yes	yes
CSF1	no	no	yes	B	no	yes
CSF1R	no	no	yes	B	no	yes
CSF2RA	no	no	yes	B	no	no
CSF2RB	no	no	no	B	no	no
CSF2RB2	no	no	no	B	no	no
CSF3	no	no	no	B	no	no
CSF3R	no	no	no	B	no	no
CSGALNACT1	no	no	yes	B	no	yes
CSGALNACT2	no	no	yes	B	no	yes
CSK	yes	yes	yes	A	yes	yes
CSKMT	no	no	no	B	no	no
CSMD2	no	no	no	B	no	no
CSNK1A1	no	no	yes	B	no	yes
CSNK1D	no	no	yes	B	no	yes
CSNK1E	no	no	yes	B	no	no
CSNK1G1	no	no	yes	B	no	yes
CSNK1G2	no	no	yes	B	no	yes
CSNK1G3	no	no	yes	B	no	yes
CSNK2A1	yes	yes	yes	A	yes	yes
CSNK2A1-PS3	no	no	no	B	no	no
CSNK2A2	yes	no	yes	B	yes	yes
CSNK2B	yes	yes	yes	A	yes	yes
CSPG4	no	yes	yes	B	yes	yes
CSPG4B	no	no	yes	B	no	no
CSPG5	no	no	no	B	no	no
CSPP1	no	no	yes	B	no	yes
CSRNP1	no	no	no	B	no	yes
CSRNP2	no	no	yes	B	no	yes
CSRNP3	no	no	no	B	no	no
CSRP1	yes	yes	yes	A	yes	yes
CSRP2	yes	yes	yes	A	yes	yes
CSRP2BP	no	no	no	B	no	no
CST3	yes	yes	yes	A	yes	yes
CST6	yes	no	yes	B	yes	no
CST7	no	no	no	B	no	no
CSTB	yes	yes	yes	A	yes	yes
CSTDC5	no	no	no	B	no	no
CSTF1	no	no	yes	B	no	yes
CSTF2	yes	no	yes	B	yes	yes
CSTF2T	no	no	yes	B	no	yes
CSTF3	yes	no	yes	B	yes	yes
CTAGE5	no	no	no	B	no	no
CTBP1	yes	yes	yes	A	yes	yes
CTBP2	no	no	yes	B	no	yes
CTBS	no	no	yes	B	no	no
CTC1	yes	yes	yes	A	yes	yes
CTCF	no	no	yes	B	no	yes
CTDNEP1	no	no	yes	B	no	yes
CTDP1	no	no	yes	B	no	yes
CTDSP1	no	no	yes	B	no	yes
CTDSP2	no	no	yes	B	no	yes
CTDSP2-PS	no	no	no	B	no	no
CTDSPL	no	no	yes	B	no	yes
CTDSPL2	no	no	yes	B	no	yes
CTF1	no	no	yes	B	no	no
CTGF	no	no	no	B	no	no
CTH	yes	yes	yes	A	yes	yes
CTHRC1	no	no	yes	B	no	no
CTIF	no	no	yes	B	no	yes
CTLA2A	no	no	yes	B	no	no
CTLA2B	no	no	no	B	no	no
CTLA4	no	no	no	B	no	no
CTNNA1	yes	yes	yes	A	yes	yes
CTNNA2	no	no	no	B	no	no
CTNNA3	no	no	yes	B	no	no
CTNNAL1	no	no	yes	B	no	yes
CTNNB1	yes	yes	yes	A	yes	yes
CTNNBIP1	no	no	yes	B	no	yes
CTNNBL1	yes	no	yes	B	yes	yes
CTNND1	yes	yes	yes	A	yes	yes
CTNND2	no	no	yes	B	no	no
CTNS	no	no	no	B	no	yes
CTPS	no	no	no	B	no	no
CTPS1	no	no	yes	B	no	no
CTPS2	yes	yes	yes	A	yes	yes
CTR9	no	no	yes	B	no	yes
CTSA	no	no	yes	B	no	yes
CTSB	yes	yes	yes	A	yes	yes
CTSC	yes	yes	yes	A	yes	yes
CTSD	yes	yes	yes	A	yes	yes
CTSE	no	no	yes	B	no	no
CTSF	no	no	yes	B	no	yes
CTSH	yes	yes	yes	A	yes	yes
CTSK	no	no	yes	B	no	yes
CTSL	no	no	yes	B	no	no
CTSO	no	no	yes	B	no	yes
CTSS	no	no	yes	B	no	yes
CTSW	no	no	yes	B	no	no
CTSZ	yes	yes	yes	A	yes	yes
CTTN	yes	yes	yes	A	yes	yes
CTTNBP2	no	no	yes	B	no	yes
CTTNBP2NL	no	no	yes	B	no	yes
CTU1	no	no	yes	B	no	no
CTU2	no	no	yes	B	no	yes
CTXN1	no	no	no	B	no	yes
CTXN3	no	no	no	B	no	no
CTXND1	no	no	no	B	no	no
CTXND2	no	no	no	B	no	no
CUBN	yes	yes	yes	A	yes	yes
CUEDC1	no	no	yes	B	no	yes
CUEDC2	no	no	yes	B	no	yes
CUL1	yes	no	yes	B	yes	yes
CUL2	yes	no	yes	B	yes	yes
CUL3	yes	yes	yes	A	yes	yes
CUL4A	no	no	yes	B	no	yes
CUL4B	yes	no	yes	B	yes	yes
CUL5	yes	yes	yes	A	yes	yes
CUL7	no	no	yes	B	no	yes
CUL9	no	no	yes	B	no	yes
CUPIN1	no	no	no	B	no	no
CUTA	yes	yes	yes	A	yes	yes
CUTAL	no	no	yes	B	no	no
CUTC	no	no	yes	B	no	yes
CUX1	no	no	yes	B	no	yes
CUZD1	no	no	no	B	no	no
CWC15	no	no	yes	B	no	yes
CWC22	no	no	yes	B	no	yes
CWC25	no	no	yes	B	no	yes
CWC27	no	no	yes	B	no	yes
CWF19L1	no	no	yes	B	no	yes
CWF19L2	no	no	yes	B	no	yes
CWH43	no	no	yes	B	no	no
CX3CL1	no	no	yes	B	no	yes
CX3CR1	no	no	yes	B	no	yes
CXADR	yes	no	yes	B	yes	yes
CXCL1	no	no	no	B	no	no
CXCL10	no	no	yes	B	no	yes
CXCL12	no	no	yes	B	no	yes
CXCL13	no	no	no	B	no	no
CXCL14	no	no	yes	B	no	yes
CXCL16	no	no	yes	B	no	yes
CXCL17	no	no	yes	B	no	no
CXCL2	no	no	no	B	no	no
CXCL3	no	no	no	B	no	no
CXCL6	no	no	yes	B	no	no
CXCL8	no	no	no	B	no	no
CXCL9	no	no	no	B	no	yes
CXCR2	no	no	no	B	no	no
CXCR3	no	no	no	B	no	no
CXCR4	no	no	yes	B	no	yes
CXCR5	no	no	no	B	no	no
CXCR6	no	no	no	B	no	no
CXHXORF38	no	no	no	B	no	no
CXORF38	no	no	no	B	no	no
CXX1A	no	no	no	B	no	no
CXX1B	no	no	no	B	no	no
CXX1C	no	no	no	B	no	no
CXXC1	no	no	yes	B	no	yes
CXXC4	no	no	no	B	no	no
CXXC5	no	no	yes	B	no	yes
CYB561	no	no	yes	B	no	yes
CYB561A3	no	no	yes	B	no	yes
CYB561D1	no	no	no	B	no	yes
CYB561D2	no	no	yes	B	no	no
CYB5A	yes	yes	yes	A	yes	yes
CYB5B	yes	yes	yes	A	yes	no
CYB5D1	no	no	no	B	no	yes
CYB5D2	no	no	yes	B	no	no
CYB5R1	yes	yes	yes	A	yes	no
CYB5R3	yes	yes	yes	A	yes	yes
CYB5R4	no	no	yes	B	no	yes
CYB5RL	no	no	yes	B	no	no
CYBA	no	no	yes	B	no	yes
CYBB	no	no	yes	B	no	yes
CYBC1	yes	no	yes	B	yes	no
CYBRD1	no	no	no	B	no	no
CYC1	yes	yes	yes	A	yes	yes
CYCS	no	no	yes	B	no	no
CYFIP1	yes	yes	yes	A	yes	yes
CYFIP2	no	no	yes	B	no	yes
CYGB	yes	yes	yes	A	yes	yes
CYHR1	no	no	no	B	no	no
CYLD	no	no	yes	B	no	yes
CYM	no	no	no	B	no	no
CYP11A1	no	no	no	B	no	no
CYP11B1	no	no	no	B	no	no
CYP11B2	no	no	no	B	no	no
CYP1A1	yes	no	no	B	no	no
CYP1B1	no	no	yes	B	no	yes
CYP20A1	yes	yes	yes	A	yes	yes
CYP21A2	no	no	no	B	no	no
CYP21A2-PS	no	no	no	B	no	no
CYP24A1	no	no	yes	B	no	yes
CYP26B1	no	no	yes	B	no	yes
CYP27A1	yes	yes	yes	A	yes	yes
CYP27B1	no	no	yes	B	no	yes
CYP27C1	no	no	no	B	no	no
CYP2A21-PS	no	no	no	B	no	no
CYP2A4	no	no	yes	B	no	no
CYP2A5	no	no	yes	B	no	no
CYP2B10	no	no	no	B	no	no
CYP2C23	no	no	yes	B	no	no
CYP2C41	no	no	no	B	no	no
CYP2C44	no	no	no	B	no	no
CYP2D12	no	no	no	B	no	no
CYP2D22	no	no	yes	B	no	no
CYP2D26	no	no	yes	B	no	no
CYP2D9	no	no	yes	B	no	no
CYP2E1	no	no	yes	B	no	no
CYP2F1	no	no	yes	B	no	no
CYP2J11	no	no	yes	B	no	no
CYP2J13	no	no	yes	B	no	no
CYP2J2	no	no	no	B	no	no
CYP2J5	no	no	yes	B	no	no
CYP2J6	no	no	yes	B	no	no
CYP2J8	no	no	no	B	no	no
CYP2J9	no	no	yes	B	no	no
CYP2R1	no	no	no	B	no	no
CYP2S1	no	no	yes	B	no	yes
CYP2T4	no	no	yes	B	no	no
CYP2U1	no	no	yes	B	no	yes
CYP39A1	yes	yes	yes	A	yes	yes
CYP3A13	no	no	yes	B	no	no
CYP3A131	no	no	no	B	no	no
CYP46A1	no	no	no	B	no	no
CYP4A10	no	no	yes	B	no	no
CYP4A105P	no	no	no	B	no	no
CYP4A106	yes	yes	no	B	no	no
CYP4A12A	no	no	yes	B	no	no
CYP4A12B	no	no	yes	B	no	no
CYP4A14	no	no	yes	B	no	no
CYP4A31	no	no	yes	B	no	no
CYP4A32	no	no	no	B	no	no
CYP4A37	yes	yes	no	B	no	no
CYP4B1	no	no	yes	B	no	yes
CYP4B1-PS1	no	no	no	B	no	no
CYP4B1-PS2	no	no	no	B	no	no
CYP4F13	no	no	yes	B	no	no
CYP4F14	no	no	no	B	no	no
CYP4F140	yes	yes	no	B	no	no
CYP4F16	no	no	yes	B	no	no
CYP4F17	no	no	yes	B	no	no
CYP4F3	no	no	yes	B	no	no
CYP4V2	no	no	yes	B	no	yes
CYP4X1	no	no	no	B	no	no
CYP51A1	no	no	yes	B	no	yes
CYP7B1	yes	no	yes	B	yes	yes
CYP8B1	no	no	no	B	no	no
CYR61	no	no	no	B	no	no
CYREN	no	no	yes	B	no	no
CYRIA	no	no	yes	B	no	no
CYRIB	yes	no	yes	B	yes	no
CYS1	no	no	yes	B	no	yes
CYSLTR1	no	no	no	B	no	no
CYSLTR2	no	no	no	B	no	no
CYSRT1	no	no	no	B	no	no
CYSTM1	no	no	yes	B	no	yes
CYTH1	no	no	yes	B	no	yes
CYTH2	no	no	yes	B	no	yes
CYTH3	no	no	yes	B	no	yes
CYTH4	no	no	yes	B	no	yes
CYTIP	no	no	yes	B	no	yes
CYTL1	no	no	yes	B	no	no
CYYR1	no	no	yes	B	no	yes
CZIB	yes	yes	yes	A	yes	no
D030028A08RIK	no	no	no	B	no	no
D10JHU81E	no	no	no	B	no	no
D10WSU102E	no	no	no	B	no	no
D11WSU47E	no	no	no	B	no	no
D130017N08RIK	no	no	no	B	no	no
D130020L05RIK	no	no	no	B	no	no
D15ERTD621E	no	no	no	B	no	no
D17WSU104E	no	no	no	B	no	no
D17WSU92E	no	no	no	B	no	no
D19BWG1357E	no	no	no	B	no	no
D1ERTD622E	no	no	no	B	no	no
D230017M19RIK	no	no	no	B	no	no
D230025D16RIK	no	no	no	B	no	no
D2HGDH	yes	yes	yes	A	yes	yes
D2WSU81E	no	no	no	B	no	no
D330020A13RIK	no	no	no	B	no	no
D330023K18RIK	no	no	no	B	no	no
D3ERTD254E	no	no	no	B	no	no
D430040D24RIK	no	no	no	B	no	no
D430042O09RIK	no	no	no	B	no	no
D630011A20RIK	no	no	no	B	no	no
D630014O11RIK	no	no	no	B	no	no
D630024D03RIK	no	no	no	B	no	no
D630029K05RIK	no	no	no	B	no	no
D630033A02RIK	no	no	no	B	no	no
D630044L22RIK	no	no	no	B	no	no
D730001G18RIK	no	no	no	B	no	no
D730003I15RIK	no	no	no	B	no	no
D730005E14RIK	no	no	no	B	no	no
D7ERTD715E	no	no	no	B	no	no
D830050J10RIK	no	no	no	B	no	no
D8ERTD82E	no	no	no	B	no	no
D930015E06RIK	no	no	no	B	no	no
D930015M05RIK	no	no	no	B	no	no
D930016D06RIK	no	no	no	B	no	no
D930048N14RIK	no	no	no	B	no	no
DAAM1	no	no	yes	B	no	yes
DAAM2	no	no	yes	B	no	yes
DAB1	yes	no	yes	B	yes	no
DAB2	yes	yes	yes	A	yes	yes
DAB2IP	no	no	yes	B	no	yes
DACH1	no	no	yes	B	no	yes
DACT1	no	no	yes	B	no	yes
DACT2	no	no	no	B	no	no
DACT3	no	no	yes	B	no	yes
DAD1	yes	yes	yes	A	yes	yes
DAG1	yes	yes	yes	A	yes	yes
DAGLA	no	no	yes	B	no	no
DAGLB	no	no	yes	B	no	yes
DAK	no	no	no	B	no	no
DALRD3	no	no	yes	B	no	yes
DANCR	no	no	no	B	no	no
DAND5	no	no	no	B	no	no
DAO	yes	yes	yes	A	yes	yes
DAP	yes	yes	yes	A	yes	no
DAP3	yes	yes	yes	A	yes	yes
DAPK1	no	no	yes	B	no	yes
DAPK2	no	no	yes	B	no	yes
DAPK3	no	no	yes	B	no	yes
DAPL1	no	no	no	B	no	no
DAPP1	no	no	yes	B	no	no
DARS	no	no	no	B	no	no
DARS1	yes	yes	yes	A	yes	no
DARS2	yes	no	yes	B	yes	yes
DAW1	no	no	no	B	no	no
DAXX	no	no	yes	B	no	yes
DAZAP1	yes	yes	yes	A	yes	yes
DAZAP2	no	no	no	B	no	yes
DBF4	no	no	no	B	no	yes
DBF4B	no	no	no	B	no	no
DBI	yes	yes	yes	A	yes	yes
DBN1	yes	yes	yes	A	yes	yes
DBNDD1	no	no	no	B	no	no
DBNDD2	no	no	yes	B	no	no
DBNL	yes	yes	yes	A	yes	yes
DBP	no	no	yes	B	no	no
DBR1	no	no	yes	B	no	yes
DBT	yes	yes	yes	A	yes	yes
DCAF1	no	no	yes	B	no	no
DCAF10	no	no	yes	B	no	yes
DCAF11	no	no	yes	B	no	yes
DCAF12	no	no	yes	B	no	yes
DCAF12L1	no	no	no	B	no	no
DCAF13	no	no	yes	B	no	yes
DCAF15	no	no	yes	B	no	yes
DCAF16	no	no	no	B	no	no
DCAF17	no	no	yes	B	no	yes
DCAF4	no	no	yes	B	no	yes
DCAF5	no	no	yes	B	no	yes
DCAF6	no	no	yes	B	no	yes
DCAF7	no	no	yes	B	no	yes
DCAF8	no	no	yes	B	no	yes
DCAKD	no	yes	yes	B	yes	yes
DCBLD1	no	no	yes	B	no	yes
DCBLD2	no	no	yes	B	no	yes
DCC	no	no	no	B	no	no
DCDC1	no	no	no	B	no	no
DCDC2	no	no	yes	B	no	yes
DCDC2B	no	no	no	B	no	no
DCHS1	no	no	yes	B	no	no
DCK	no	no	yes	B	no	no
DCLK1	no	no	yes	B	no	no
DCLK2	no	no	yes	B	no	no
DCLK3	no	no	yes	B	no	no
DCLRE1A	no	no	yes	B	no	yes
DCLRE1B	no	no	no	B	no	no
DCLRE1C	no	no	no	B	no	no
DCN	yes	yes	yes	A	yes	yes
DCP1A	no	no	yes	B	no	yes
DCP1B	no	no	yes	B	no	yes
DCP2	no	no	yes	B	no	yes
DCPH1	yes	no	yes	B	yes	no
DCPS	no	no	yes	B	no	yes
DCST1	no	no	no	B	no	no
DCST2	no	no	no	B	no	no
DCTD	no	no	no	B	no	no
DCTN1	yes	yes	yes	A	yes	yes
DCTN2	yes	yes	yes	A	yes	yes
DCTN3	yes	yes	yes	A	yes	yes
DCTN4	yes	yes	yes	A	yes	yes
DCTN5	yes	no	yes	B	yes	yes
DCTN6	yes	no	yes	B	yes	yes
DCTPP1	no	no	yes	B	no	yes
DCUN1D1	yes	no	yes	B	yes	yes
DCUN1D2	no	no	yes	B	no	yes
DCUN1D3	no	no	yes	B	no	yes
DCUN1D4	no	no	yes	B	no	yes
DCUN1D5	no	no	yes	B	no	yes
DCXR	yes	yes	yes	A	yes	yes
DDA1	no	no	yes	B	no	yes
DDAH1	yes	yes	yes	A	yes	yes
DDAH2	yes	yes	yes	A	yes	yes
DDB1	yes	yes	yes	A	yes	yes
DDB2	no	no	yes	B	no	yes
DDC	yes	no	yes	B	yes	yes
DDHD1	no	no	yes	B	no	yes
DDHD2	no	no	yes	B	no	yes
DDI2	no	no	no	B	no	no
DDIAS	no	no	no	B	no	no
DDIT3	no	no	no	B	no	yes
DDIT4	no	no	yes	B	no	yes
DDIT4L	no	no	yes	B	no	yes
DDN	no	no	no	B	no	yes
DDO	yes	yes	yes	A	yes	yes
DDOST	yes	yes	yes	A	yes	yes
DDR1	no	no	yes	B	no	yes
DDR2	no	no	yes	B	no	yes
DDRGK1	yes	no	yes	B	yes	yes
DDT	no	no	yes	B	no	yes
DDX1	yes	yes	yes	A	yes	yes
DDX10	no	no	yes	B	no	yes
DDX11	no	no	yes	B	no	no
DDX17	yes	yes	yes	A	yes	yes
DDX18	no	no	yes	B	no	yes
DDX19A	no	no	yes	B	no	no
DDX19B	yes	yes	yes	A	yes	yes
DDX20	no	no	yes	B	no	yes
DDX21	no	no	yes	B	no	yes
DDX23	no	yes	yes	B	yes	yes
DDX24	no	no	yes	B	no	yes
DDX25	no	no	no	B	no	no
DDX26B	no	no	no	B	no	no
DDX27	no	no	yes	B	no	yes
DDX28	no	no	yes	B	no	yes
DDX31	no	no	yes	B	no	yes
DDX39	no	no	no	B	no	no
DDX39A	no	no	yes	B	no	no
DDX39B	yes	yes	yes	A	yes	yes
DDX3X	yes	yes	yes	A	yes	yes
DDX3Y	no	no	yes	B	no	no
DDX41	no	no	yes	B	no	yes
DDX42	yes	yes	yes	A	yes	yes
DDX46	yes	yes	yes	A	yes	yes
DDX47	no	no	yes	B	no	yes
DDX49	no	no	yes	B	no	yes
DDX5	yes	yes	yes	A	yes	yes
DDX50	no	no	yes	B	no	yes
DDX51	no	no	yes	B	no	yes
DDX52	no	no	yes	B	no	no
DDX54	no	no	yes	B	no	yes
DDX55	no	no	yes	B	no	yes
DDX56	no	no	yes	B	no	yes
DDX58	yes	yes	no	B	no	yes
DDX59	no	no	yes	B	no	yes
DDX6	yes	yes	yes	A	yes	yes
DDX60	no	no	yes	B	no	no
DEAF1	no	no	yes	B	no	yes
DEB1	no	no	no	B	no	no
DECR1	yes	yes	yes	A	yes	yes
DECR2	yes	yes	yes	A	yes	yes
DEDD	no	no	yes	B	no	yes
DEDD2	no	no	no	B	no	yes
DEF6	no	no	yes	B	no	yes
DEF8	no	no	yes	B	no	yes
DEFB1	no	no	yes	B	no	yes
DEFB11	no	no	no	B	no	no
DEFB116	no	no	yes	B	no	no
DEFB119	no	no	no	B	no	no
DEFB123	no	no	no	B	no	no
DEFB136	no	no	no	B	no	no
DEFB2	no	no	no	B	no	no
DEGS1	no	no	yes	B	no	yes
DEGS2	no	no	yes	B	no	yes
DEK	yes	yes	yes	A	yes	yes
DELE1	no	no	no	B	no	no
DENN2B	no	no	no	B	no	no
DENND10	yes	yes	yes	A	yes	no
DENND11	no	no	yes	B	no	no
DENND1A	no	yes	yes	B	yes	yes
DENND1B	no	no	yes	B	no	yes
DENND1C	no	no	yes	B	no	no
DENND2A	no	no	yes	B	no	yes
DENND2B	no	no	yes	B	no	no
DENND2C	no	no	no	B	no	no
DENND2D	no	no	yes	B	no	yes
DENND3	no	no	yes	B	no	yes
DENND4A	no	no	yes	B	no	yes
DENND4B	no	no	yes	B	no	yes
DENND4C	no	no	yes	B	no	yes
DENND5A	no	no	yes	B	no	yes
DENND5B	no	no	yes	B	no	yes
DENND6A	yes	yes	yes	A	yes	yes
DENND6B	no	no	no	B	no	no
DENR	yes	yes	yes	A	yes	yes
DEPDC1	no	no	no	B	no	no
DEPDC1B	no	no	no	B	no	no
DEPDC5	no	no	yes	B	no	yes
DEPDC7	no	no	yes	B	no	yes
DEPP1	no	no	no	B	no	no
DEPTOR	no	no	yes	B	no	yes
DERA	yes	yes	yes	A	yes	yes
DERL1	no	no	yes	B	no	yes
DERL2	no	no	yes	B	no	yes
DERL3	no	no	no	B	no	no
DERPC	no	no	yes	B	no	no
DES	yes	yes	yes	A	yes	yes
DESI1	no	no	yes	B	no	yes
DESI2	no	no	yes	B	no	yes
DET1	no	no	yes	B	no	yes
DEUP1	no	no	no	B	no	no
DEXI	no	no	no	B	no	no
DFFA	no	yes	yes	B	yes	yes
DFFB	no	no	yes	B	no	yes
DFNA5	no	no	no	B	no	no
DGAT1	no	no	yes	B	no	yes
DGAT2	no	no	yes	B	no	no
DGCR14	no	no	no	B	no	no
DGCR2	no	no	yes	B	no	no
DGCR6	no	no	yes	B	no	no
DGCR6L	no	no	no	B	no	no
DGCR8	no	no	yes	B	no	yes
DGKA	no	no	yes	B	no	yes
DGKD	no	no	yes	B	no	yes
DGKE	no	no	yes	B	no	no
DGKG	no	no	yes	B	no	no
DGKH	no	no	yes	B	no	yes
DGKQ	no	no	yes	B	no	yes
DGKZ	no	no	yes	B	no	yes
DGLUCY	no	no	yes	B	no	no
DGUOK	no	no	yes	B	no	yes
DHCR24	no	no	yes	B	no	yes
DHCR7	no	no	yes	B	no	yes
DHDDS	no	no	yes	B	no	yes
DHDH	yes	yes	yes	A	yes	yes
DHFR	no	no	yes	B	no	yes
DHH	no	no	no	B	no	no
DHODH	yes	yes	yes	A	yes	yes
DHPS	no	no	yes	B	no	yes
DHRS1	yes	yes	yes	A	yes	yes
DHRS11	no	no	yes	B	no	no
DHRS13	no	no	yes	B	no	yes
DHRS3	no	no	yes	B	no	yes
DHRS4	no	no	yes	B	no	no
DHRS7	yes	yes	yes	A	yes	yes
DHRS7B	no	no	yes	B	no	yes
DHRS9	no	no	no	B	no	no
DHRSX	no	no	yes	B	no	no
DHTKD1	yes	yes	yes	A	yes	yes
DHX15	yes	yes	yes	A	yes	yes
DHX16	no	no	yes	B	no	yes
DHX29	no	no	yes	B	no	yes
DHX30	no	no	yes	B	no	no
DHX32	no	no	yes	B	no	yes
DHX33	no	no	yes	B	no	yes
DHX34	no	no	yes	B	no	yes
DHX35	no	no	yes	B	no	yes
DHX36	no	no	yes	B	no	yes
DHX37	no	no	yes	B	no	yes
DHX38	no	no	yes	B	no	yes
DHX40	no	no	yes	B	no	yes
DHX57	no	no	yes	B	no	yes
DHX58	no	no	yes	B	no	yes
DHX8	no	no	yes	B	no	yes
DHX9	yes	yes	yes	A	yes	yes
DIABLO	yes	yes	yes	A	yes	yes
DIAP1	no	no	no	B	no	no
DIAP2	no	no	no	B	no	no
DIAP3	no	no	no	B	no	no
DIAPH1	yes	yes	yes	A	yes	no
DIAPH2	no	no	yes	B	no	no
DIAPH3	no	no	yes	B	no	no
DICER1	no	no	yes	B	no	yes
DIDO1	no	no	yes	B	no	yes
DIEXF	no	no	no	B	no	no
DIMT1	no	no	yes	B	no	yes
DIO1	yes	no	yes	B	yes	yes
DIO2	no	no	no	B	no	no
DIO3	no	no	no	B	no	no
DIO3OS	no	no	no	B	no	no
DIP2A	no	no	yes	B	no	yes
DIP2B	yes	no	yes	B	yes	yes
DIP2C	no	no	yes	B	no	yes
DIPK1A	no	no	yes	B	no	no
DIPK2A	no	no	yes	B	no	no
DIPK2B	no	no	no	B	no	no
DIRAS1	no	no	no	B	no	no
DIRAS2	no	no	no	B	no	no
DIRC2	no	no	no	B	no	no
DIS3	no	no	yes	B	no	yes
DIS3L	no	no	yes	B	no	yes
DIS3L2	no	no	yes	B	no	yes
DISC1	no	no	yes	B	no	no
DISP1	no	no	yes	B	no	no
DIXDC1	no	no	yes	B	no	yes
DKC1	no	no	yes	B	no	yes
DKK2	no	no	yes	B	no	yes
DKK3	no	no	yes	B	no	yes
DKKL1	no	no	no	B	no	no
DLAT	yes	yes	yes	A	yes	yes
DLC1	no	no	yes	B	no	yes
DLD	yes	yes	yes	A	yes	yes
DLEC1	no	no	no	B	no	yes
DLEU2	no	no	no	B	no	no
DLEU7	no	no	yes	B	no	no
DLG1	yes	yes	yes	A	yes	yes
DLG2	no	no	yes	B	no	no
DLG3	no	no	yes	B	no	yes
DLG4	no	no	yes	B	no	no
DLG5	no	no	yes	B	no	yes
DLGAP1	no	no	no	B	no	no
DLGAP3	no	no	no	B	no	no
DLGAP4	no	no	yes	B	no	yes
DLGAP5	no	no	yes	B	no	no
DLK2	no	no	no	B	no	no
DLL1	no	no	yes	B	no	yes
DLL3	no	no	no	B	no	no
DLL4	no	no	yes	B	no	yes
DLST	yes	yes	yes	A	yes	yes
DLX1AS	no	no	no	B	no	no
DMAC1	no	no	yes	B	no	no
DMAC2	no	no	yes	B	no	no
DMAC2L	no	no	yes	B	no	no
DMAP1	no	no	yes	B	no	yes
DMD	no	no	yes	B	no	no
DMGDH	yes	yes	yes	A	yes	yes
DMKN	no	no	yes	B	no	no
DMPK	no	no	yes	B	no	yes
DMRT2	no	no	yes	B	no	yes
DMRT3	no	no	no	B	no	no
DMTF1	no	no	yes	B	no	yes
DMTN	yes	yes	yes	A	yes	yes
DMWD	no	no	yes	B	no	yes
DMXL1	no	no	yes	B	no	yes
DMXL2	no	no	yes	B	no	yes
DNA2	no	no	yes	B	no	no
DNAAF1	no	no	no	B	no	no
DNAAF10	no	no	yes	B	no	no
DNAAF11	no	no	no	B	no	no
DNAAF19	no	no	yes	B	no	no
DNAAF2	no	no	yes	B	no	yes
DNAAF3	no	no	yes	B	no	no
DNAAF4	no	no	no	B	no	no
DNAAF5	no	no	yes	B	no	no
DNAH1	no	no	no	B	no	no
DNAH10	no	no	no	B	no	no
DNAH11	no	no	no	B	no	no
DNAH12	no	no	no	B	no	no
DNAH14	no	no	no	B	no	no
DNAH17	no	no	no	B	no	no
DNAH2	no	no	no	B	no	no
DNAH5	no	no	no	B	no	no
DNAH6	no	no	no	B	no	no
DNAH9	no	no	no	B	no	no
DNAI3	no	no	no	B	no	no
DNAI4	no	no	no	B	no	no
DNAI7	no	no	no	B	no	no
DNAJA1	yes	yes	yes	A	yes	yes
DNAJA2	yes	yes	yes	A	yes	yes
DNAJA3	yes	yes	yes	A	yes	yes
DNAJA4	yes	yes	yes	A	yes	yes
DNAJB1	yes	no	yes	B	yes	yes
DNAJB11	yes	no	yes	B	yes	yes
DNAJB12	no	no	yes	B	no	yes
DNAJB13	no	no	no	B	no	no
DNAJB14	no	no	yes	B	no	yes
DNAJB2	no	no	yes	B	no	yes
DNAJB3	no	no	yes	B	no	no
DNAJB4	no	yes	yes	B	yes	yes
DNAJB5	no	no	yes	B	no	yes
DNAJB6	no	no	yes	B	no	yes
DNAJB6-PS	no	no	no	B	no	no
DNAJB9	no	no	yes	B	no	yes
DNAJC1	no	no	yes	B	no	yes
DNAJC10	no	no	yes	B	no	yes
DNAJC11	yes	yes	yes	A	yes	yes
DNAJC12	no	no	yes	B	no	yes
DNAJC13	yes	yes	yes	A	yes	yes
DNAJC14	no	no	yes	B	no	yes
DNAJC15	no	no	yes	B	no	yes
DNAJC16	no	no	yes	B	no	yes
DNAJC17	no	no	yes	B	no	yes
DNAJC18	no	no	yes	B	no	yes
DNAJC19	yes	no	yes	B	yes	yes
DNAJC19-PS	no	no	no	B	no	no
DNAJC2	no	no	yes	B	no	yes
DNAJC21	no	no	yes	B	no	yes
DNAJC22	no	no	yes	B	no	yes
DNAJC24	no	no	yes	B	no	yes
DNAJC25	no	no	yes	B	no	no
DNAJC27	no	no	no	B	no	no
DNAJC28	no	no	yes	B	no	yes
DNAJC3	yes	yes	yes	A	yes	yes
DNAJC30	no	no	yes	B	no	yes
DNAJC4	no	no	yes	B	no	yes
DNAJC5	no	no	yes	B	no	no
DNAJC6	no	no	yes	B	no	yes
DNAJC7	no	no	yes	B	no	yes
DNAJC8	yes	yes	yes	A	yes	yes
DNAJC9	no	no	yes	B	no	yes
DNAL1	no	no	yes	B	no	yes
DNAL4	no	no	yes	B	no	yes
DNASE1	no	yes	yes	B	yes	yes
DNASE1L1	no	no	yes	B	no	yes
DNASE1L2	no	no	yes	B	no	yes
DNASE1L3	no	no	yes	B	no	no
DNASE2	yes	yes	yes	A	yes	yes
DND1	no	no	no	B	no	no
DNER	no	no	no	B	no	no
DNHD1	no	no	no	B	no	no
DNLZ	no	no	yes	B	no	yes
DNM1	no	no	yes	B	no	no
DNM1L	no	no	yes	B	no	yes
DNM2	yes	yes	yes	A	yes	yes
DNM3	no	no	yes	B	no	no
DNM3OS	no	no	no	B	no	no
DNMBP	no	no	yes	B	no	no
DNMT1	no	no	yes	B	no	yes
DNMT3A	no	no	yes	B	no	yes
DNMT3B	no	no	yes	B	no	no
DNMT3BOS	no	no	no	B	no	no
DNPEP	yes	yes	yes	A	yes	yes
DNPH1	no	no	yes	B	no	yes
DNTTIP1	no	no	yes	B	no	yes
DNTTIP2	no	no	yes	B	no	yes
DOC2B	no	no	no	B	no	no
DOC2G	no	no	no	B	no	no
DOCK1	no	no	yes	B	no	yes
DOCK10	no	no	yes	B	no	yes
DOCK11	no	no	yes	B	no	no
DOCK2	no	no	yes	B	no	no
DOCK3	no	no	no	B	no	no
DOCK4	no	no	yes	B	no	no
DOCK5	no	no	yes	B	no	yes
DOCK6	no	no	yes	B	no	yes
DOCK7	yes	no	yes	B	yes	yes
DOCK8	no	no	yes	B	no	yes
DOCK9	no	no	yes	B	no	yes
DOHH	no	no	yes	B	no	yes
DOK1	no	no	yes	B	no	yes
DOK2	no	no	yes	B	no	yes
DOK3	no	no	yes	B	no	yes
DOK4	no	no	yes	B	no	yes
DOK5	no	no	no	B	no	no
DOK6	no	no	no	B	no	no
DOK7	no	no	no	B	no	no
DOLK	no	no	yes	B	no	yes
DOLPP1	no	no	yes	B	no	yes
DONSON	no	no	no	B	no	yes
DOP1A	no	no	yes	B	no	no
DOP1B	no	no	yes	B	no	no
DOPEY1	no	no	no	B	no	no
DOPEY2	no	no	no	B	no	no
DORIP1	no	no	no	B	no	no
DOS	no	no	no	B	no	no
DOT1L	no	no	yes	B	no	yes
DPAGT1	yes	no	yes	B	yes	yes
DPCD	no	no	yes	B	no	no
DPEP1	yes	yes	yes	A	yes	yes
DPEP2	no	no	yes	B	no	no
DPF2	no	no	yes	B	no	yes
DPF3	no	no	yes	B	no	no
DPH1	no	no	yes	B	no	yes
DPH2	no	no	yes	B	no	yes
DPH3	no	no	yes	B	no	yes
DPH5	no	no	yes	B	no	yes
DPH6	no	no	yes	B	no	yes
DPH7	no	no	yes	B	no	yes
DPM1	yes	yes	yes	A	yes	yes
DPM2	no	no	no	B	no	yes
DPM3	no	no	yes	B	no	yes
DPP10	no	no	no	B	no	no
DPP3	yes	yes	yes	A	yes	yes
DPP4	yes	yes	yes	A	yes	yes
DPP6	no	no	no	B	no	no
DPP7	yes	yes	yes	A	yes	yes
DPP8	no	no	yes	B	no	yes
DPP9	no	no	yes	B	no	yes
DPT	no	no	yes	B	no	no
DPY19L1	no	no	yes	B	no	yes
DPY19L3	no	no	yes	B	no	yes
DPY19L4	no	no	yes	B	no	yes
DPY30	yes	yes	yes	A	yes	yes
DPYD	yes	yes	yes	A	yes	yes
DPYS	yes	yes	yes	A	yes	yes
DPYSL2	yes	yes	yes	A	yes	no
DPYSL3	yes	yes	yes	A	yes	yes
DPYSL4	no	no	yes	B	no	no
DPYSL5	no	no	yes	B	no	no
DQX1	no	no	yes	B	no	yes
DR1	no	no	yes	B	no	yes
DRAM1	no	no	no	B	no	yes
DRAM2	no	no	yes	B	no	yes
DRAP1	no	no	yes	B	no	yes
DRAXIN	no	no	no	B	no	no
DRC1	no	no	no	B	no	no
DRC10	no	no	no	B	no	yes
DRC12	no	no	no	B	no	no
DRC2	no	no	no	B	no	no
DRC3	no	no	no	B	no	no
DRC4	no	no	yes	B	no	yes
DRC8	no	no	yes	B	no	yes
DRC9	no	no	no	B	no	no
DRD1	no	no	no	B	no	no
DRD5	no	no	no	B	no	no
DRG1	yes	yes	yes	A	yes	yes
DRG2	yes	yes	yes	A	yes	yes
DROSHA	no	no	yes	B	no	yes
DRP2	no	no	no	B	no	no
DSC1	no	no	yes	B	no	no
DSC2	no	no	yes	B	no	no
DSCAML1	no	no	no	B	no	no
DSCC1	no	no	yes	B	no	no
DSCR3	no	no	no	B	no	no
DSE	no	no	yes	B	no	yes
DSEL	no	no	no	B	no	no
DSG2	no	no	yes	B	no	yes
DSG3	no	no	no	B	no	no
DSN1	no	no	yes	B	no	no
DSP	no	no	yes	B	no	yes
DST	no	no	yes	B	no	yes
DSTN	yes	yes	yes	A	yes	yes
DSTYK	no	no	yes	B	no	yes
DTD1	no	no	yes	B	no	yes
DTD2	no	no	yes	B	no	yes
DTL	no	no	no	B	no	no
DTNA	no	no	yes	B	no	no
DTNB	yes	no	yes	B	yes	yes
DTNBP1	no	no	yes	B	no	yes
DTWD1	no	no	yes	B	no	yes
DTWD2	no	no	no	B	no	no
DTX1	no	no	no	B	no	no
DTX2	no	no	yes	B	no	yes
DTX3	no	no	yes	B	no	yes
DTX3L	no	no	yes	B	no	yes
DTX4	no	no	yes	B	no	yes
DTYMK	no	no	yes	B	no	yes
DUBR	no	no	no	B	no	no
DUOX1	no	no	no	B	no	no
DUOX2	no	no	no	B	no	no
DUOXA1	no	no	no	B	no	no
DUOXA2	no	no	no	B	no	no
DUS1L	no	no	yes	B	no	yes
DUS2	no	no	yes	B	no	yes
DUS3L	no	no	yes	B	no	yes
DUS4L	no	no	yes	B	no	yes
DUSP1	no	no	no	B	no	yes
DUSP10	no	no	no	B	no	yes
DUSP11	no	no	yes	B	no	yes
DUSP12	no	no	yes	B	no	yes
DUSP14	no	no	yes	B	no	yes
DUSP15	no	no	yes	B	no	no
DUSP16	no	no	yes	B	no	yes
DUSP18	no	no	no	B	no	yes
DUSP19	no	no	yes	B	no	yes
DUSP2	no	no	no	B	no	yes
DUSP22	no	no	yes	B	no	yes
DUSP23	no	no	yes	B	no	yes
DUSP26	no	no	no	B	no	no
DUSP28	no	no	yes	B	no	yes
DUSP3	yes	no	yes	B	yes	yes
DUSP4	no	no	no	B	no	yes
DUSP5	no	no	no	B	no	yes
DUSP6	no	no	yes	B	no	yes
DUSP7	no	no	yes	B	no	yes
DUSP8	no	no	no	B	no	yes
DUSP9	no	no	yes	B	no	yes
DUT	no	no	yes	B	no	yes
DVL1	no	no	yes	B	no	yes
DVL2	no	no	yes	B	no	yes
DVL3	no	no	yes	B	no	yes
DXO	no	no	yes	B	no	yes
DYM	no	no	yes	B	no	yes
DYNC1H1	yes	yes	yes	A	yes	yes
DYNC1I1	no	no	no	B	no	no
DYNC1I2	yes	yes	yes	A	yes	yes
DYNC1LI1	yes	yes	yes	A	yes	yes
DYNC1LI2	yes	yes	yes	A	yes	yes
DYNC2H1	no	no	yes	B	no	yes
DYNC2I1	no	no	yes	B	no	no
DYNC2I2	no	no	yes	B	no	no
DYNC2LI1	no	no	yes	B	no	yes
DYNLL1	yes	no	yes	B	yes	yes
DYNLL2	yes	yes	yes	A	yes	yes
DYNLRB1	yes	yes	yes	A	yes	yes
DYNLRB2	no	no	no	B	no	no
DYNLT1	no	yes	yes	B	yes	no
DYNLT1-PS1	no	no	no	B	no	no
DYNLT1A	no	no	no	B	no	no
DYNLT1B	no	no	no	B	no	no
DYNLT1C	no	no	no	B	no	no
DYNLT1F	no	no	no	B	no	no
DYNLT2A1	no	no	no	B	no	no
DYNLT2A2	no	no	no	B	no	no
DYNLT2A3	no	no	no	B	no	no
DYNLT2B	no	no	yes	B	no	no
DYNLT3	yes	yes	yes	A	yes	yes
DYNLT5	no	no	no	B	no	no
DYRK1A	no	no	yes	B	no	yes
DYRK1B	no	no	yes	B	no	yes
DYRK2	no	no	yes	B	no	yes
DYRK3	no	no	no	B	no	no
DYSF	yes	yes	yes	A	yes	yes
DZANK1	no	no	yes	B	no	no
DZIP1	no	no	yes	B	no	no
DZIP1L	no	no	yes	B	no	yes
DZIP3	no	no	yes	B	no	yes
E030030I06RIK	no	no	no	B	no	no
E030042O20RIK	no	no	no	B	no	no
E130012A19RIK	no	no	no	B	no	no
E130102H24RIK	no	no	no	B	no	no
E130215H24RIK	no	no	no	B	no	no
E130307A14RIK	no	no	no	B	no	no
E130309D02RIK	no	no	no	B	no	no
E230013L22RIK	no	no	no	B	no	no
E230016K23RIK	no	no	no	B	no	no
E230016M11RIK	no	no	no	B	no	no
E2F1	yes	yes	no	B	no	yes
E2F2	no	no	no	B	no	no
E2F3	no	no	yes	B	no	yes
E2F4	no	no	yes	B	no	yes
E2F5	no	no	yes	B	no	yes
E2F6	no	no	no	B	no	yes
E2F7	no	no	no	B	no	no
E2F8	no	no	no	B	no	no
E330009J07RIK	no	no	no	B	no	no
E430018J23RIK	no	no	no	B	no	no
E430024I08RIK	no	no	no	B	no	no
E430025E21RIK	no	no	no	B	no	no
E4F1	no	no	yes	B	no	yes
EAF1	no	no	yes	B	no	yes
EAF2	no	no	no	B	no	yes
EAPP	no	no	yes	B	no	yes
EAR2	no	no	yes	B	no	no
EARS2	no	no	yes	B	no	yes
EBAG9	no	no	yes	B	no	yes
EBF1	no	no	yes	B	no	yes
EBF3	no	no	no	B	no	no
EBF4	no	no	no	B	no	no
EBI3	no	no	no	B	no	no
EBNA1BP2	no	no	yes	B	no	yes
EBP	no	no	yes	B	no	no
EBPL	no	no	yes	B	no	no
ECD	no	no	yes	B	no	yes
ECE1	no	no	yes	B	no	yes
ECE2	no	no	no	B	no	no
ECH1	yes	yes	yes	A	yes	yes
ECHDC1	yes	yes	yes	A	yes	yes
ECHDC2	yes	yes	yes	A	yes	yes
ECHDC3	yes	yes	yes	A	yes	yes
ECHS1	yes	yes	yes	A	yes	yes
ECI1	yes	yes	yes	A	yes	yes
ECI2	yes	yes	yes	A	yes	yes
ECI3	no	no	yes	B	no	no
ECM1	yes	yes	yes	A	yes	yes
ECM2	no	no	yes	B	no	yes
ECPAS	yes	yes	yes	A	yes	no
ECRG4	no	no	no	B	no	no
ECSCR	no	no	yes	B	no	yes
ECSIT	yes	no	yes	B	yes	yes
ECT2	no	no	yes	B	no	yes
ECT2L	no	no	no	B	no	no
EDA	no	no	no	B	no	no
EDA2R	no	no	yes	B	no	no
EDAR	no	no	no	B	no	no
EDARADD	no	no	yes	B	no	no
EDC3	no	no	yes	B	no	yes
EDC4	no	yes	yes	B	yes	yes
EDDM3B	no	no	no	B	no	no
EDEM1	no	no	yes	B	no	yes
EDEM2	no	no	yes	B	no	yes
EDEM3	no	no	yes	B	no	yes
EDF1	yes	yes	yes	A	yes	yes
EDIL3	no	no	no	B	no	no
EDN1	no	no	no	B	no	yes
EDN2	no	no	no	B	no	no
EDN3	no	no	no	B	no	no
EDNRA	no	no	yes	B	no	no
EDNRB	no	no	yes	B	no	yes
EDRF1	no	no	yes	B	no	yes
EEA1	yes	yes	yes	A	yes	yes
EED	no	no	yes	B	no	yes
EEF1A1	yes	yes	yes	A	yes	yes
EEF1A1-PS1	no	no	no	B	no	no
EEF1A2	no	no	yes	B	no	no
EEF1AKMT1	no	no	yes	B	no	no
EEF1AKMT2	no	no	yes	B	no	no
EEF1AKMT3	no	no	no	B	no	no
EEF1AKMT4	no	no	yes	B	no	no
EEF1AKNMT	no	no	no	B	no	no
EEF1B2	yes	yes	no	B	no	yes
EEF1D	yes	yes	yes	A	yes	yes
EEF1E1	no	no	yes	B	no	yes
EEF1G	yes	yes	yes	A	yes	yes
EEF2	yes	yes	yes	A	yes	yes
EEF2-PS2	no	no	no	B	no	no
EEF2K	no	no	yes	B	no	yes
EEF2KMT	no	no	yes	B	no	no
EEFSEC	no	yes	yes	B	yes	yes
EEIG1	no	no	yes	B	no	no
EEIG2	no	no	yes	B	no	no
EEPD1	no	no	yes	B	no	yes
EFCAB10	no	no	no	B	no	no
EFCAB11	no	no	no	B	no	no
EFCAB12	no	no	no	B	no	no
EFCAB14	no	no	yes	B	no	yes
EFCAB3	no	no	no	B	no	no
EFCAB6	no	no	no	B	no	no
EFCAB7	yes	yes	yes	A	yes	no
EFCAB8	no	no	no	B	no	no
EFCC1	no	no	yes	B	no	no
EFEMP1	yes	yes	yes	A	yes	yes
EFEMP2	yes	yes	yes	A	yes	yes
EFHB	no	no	no	B	no	no
EFHC1	no	no	no	B	no	no
EFHC2	no	no	no	B	no	no
EFHD1	yes	yes	yes	A	yes	yes
EFHD2	yes	yes	yes	A	yes	yes
EFL1	no	no	yes	B	no	no
EFNA1	no	no	yes	B	no	yes
EFNA2	no	no	yes	B	no	no
EFNA3	no	no	no	B	no	no
EFNA4	no	no	no	B	no	yes
EFNA5	no	no	yes	B	no	yes
EFNB1	no	no	yes	B	no	yes
EFNB2	no	no	yes	B	no	yes
EFNB3	no	no	no	B	no	no
EFR3A	no	no	yes	B	no	yes
EFR3B	no	no	yes	B	no	no
EFS	no	no	yes	B	no	no
EFTUD1	no	no	no	B	no	no
EFTUD2	yes	yes	yes	A	yes	yes
EGF	no	no	yes	B	no	yes
EGFEM1	no	no	no	B	no	no
EGFL6	no	no	yes	B	no	no
EGFL7	no	no	yes	B	no	yes
EGFL8	no	no	yes	B	no	no
EGFLAM	no	no	yes	B	no	yes
EGFR	no	no	yes	B	no	yes
EGLN1	yes	no	yes	B	yes	yes
EGLN2	no	no	no	B	no	yes
EGLN3	no	no	no	B	no	yes
EGR1	no	no	yes	B	no	yes
EGR2	no	no	yes	B	no	yes
EGR3	no	no	no	B	no	no
EHBP1	no	no	yes	B	no	yes
EHBP1L1	no	no	yes	B	no	yes
EHD1	yes	yes	yes	A	yes	yes
EHD2	yes	yes	yes	A	yes	yes
EHD3	yes	yes	yes	A	yes	yes
EHD4	yes	yes	yes	A	yes	yes
EHF	no	no	yes	B	no	yes
EHHADH	yes	yes	yes	A	yes	yes
EHMT1	no	no	yes	B	no	yes
EHMT2	yes	no	yes	B	yes	yes
EI24	no	no	yes	B	no	yes
EID1	no	no	no	B	no	yes
EID2	no	no	yes	B	no	no
EID2B	no	no	no	B	no	no
EID3	no	no	no	B	no	no
EIF1	no	yes	yes	B	yes	yes
EIF1-PS1	no	no	no	B	no	no
EIF1A	no	no	no	B	no	no
EIF1AD	no	no	yes	B	no	yes
EIF1AX	no	no	yes	B	no	no
EIF1B	yes	no	yes	B	yes	yes
EIF2A	yes	yes	yes	A	yes	yes
EIF2AK1	no	no	yes	B	no	yes
EIF2AK2	yes	yes	yes	A	yes	yes
EIF2AK3	no	no	yes	B	no	yes
EIF2AK4	no	no	yes	B	no	yes
EIF2B1	yes	no	yes	B	yes	yes
EIF2B2	no	no	yes	B	no	yes
EIF2B3	yes	no	yes	B	yes	yes
EIF2B4	no	no	yes	B	no	yes
EIF2B5	no	yes	yes	B	yes	yes
EIF2D	no	no	yes	B	no	yes
EIF2S1	yes	yes	yes	A	yes	yes
EIF2S2	yes	yes	yes	A	yes	yes
EIF2S3	yes	yes	no	B	no	no
EIF2S3X	no	no	yes	B	no	no
EIF2S3Y	no	no	yes	B	no	no
EIF3A	yes	yes	yes	A	yes	yes
EIF3B	yes	yes	yes	A	yes	yes
EIF3C	no	no	yes	B	no	no
EIF3D	yes	yes	yes	A	yes	yes
EIF3E	yes	yes	yes	A	yes	yes
EIF3F	yes	yes	yes	A	yes	yes
EIF3G	yes	yes	yes	A	yes	yes
EIF3H	yes	yes	yes	A	yes	yes
EIF3I	yes	yes	yes	A	yes	yes
EIF3J	yes	yes	no	B	no	no
EIF3J1	no	no	no	B	no	no
EIF3J2	no	no	yes	B	no	no
EIF3K	yes	yes	yes	A	yes	yes
EIF3L	yes	yes	yes	A	yes	yes
EIF3M	yes	yes	yes	A	yes	yes
EIF3S6-PS1	no	no	no	B	no	no
EIF3S6-PS2	no	no	no	B	no	no
EIF4A-PS4	no	no	no	B	no	no
EIF4A1	yes	yes	yes	A	yes	yes
EIF4A2	yes	yes	yes	A	yes	yes
EIF4A3	yes	yes	yes	A	yes	yes
EIF4B	yes	yes	yes	A	yes	yes
EIF4E	yes	yes	yes	A	yes	yes
EIF4E2	no	no	yes	B	no	yes
EIF4E3	no	no	yes	B	no	yes
EIF4EBP1	no	no	yes	B	no	yes
EIF4EBP2	no	yes	yes	B	yes	yes
EIF4EBP3	no	no	no	B	no	no
EIF4ENIF1	no	no	yes	B	no	yes
EIF4G1	yes	yes	yes	A	yes	yes
EIF4G2	yes	yes	yes	A	yes	yes
EIF4G3	no	no	yes	B	no	yes
EIF4H	yes	yes	yes	A	yes	yes
EIF5	yes	yes	yes	A	yes	yes
EIF5A	yes	yes	yes	A	yes	yes
EIF5A2	no	no	yes	B	no	yes
EIF5AL3-PS	no	no	no	B	no	no
EIF5B	yes	yes	yes	A	yes	yes
EIF6	yes	yes	yes	A	yes	yes
EIPR1	no	no	yes	B	no	no
ELAC1	no	no	yes	B	no	yes
ELAC2	no	no	yes	B	no	yes
ELANE	no	no	yes	B	no	no
ELAPOR2	no	no	no	B	no	no
ELAVL1	yes	yes	yes	A	yes	yes
ELF1	no	no	yes	B	no	yes
ELF2	no	no	yes	B	no	yes
ELF3	no	no	yes	B	no	yes
ELF4	no	no	yes	B	no	yes
ELF5	no	no	no	B	no	no
ELFN1	no	no	yes	B	no	no
ELK1	no	no	no	B	no	yes
ELK3	no	no	yes	B	no	yes
ELK4	no	no	yes	B	no	yes
ELL	no	no	yes	B	no	yes
ELL2	no	no	yes	B	no	yes
ELL3	no	no	yes	B	no	no
ELMO1	yes	yes	yes	A	yes	no
ELMO2	no	no	yes	B	no	yes
ELMO3	no	no	yes	B	no	yes
ELMOD1	no	no	no	B	no	no
ELMOD2	no	no	yes	B	no	yes
ELMOD3	no	no	yes	B	no	yes
ELMSAN1	no	no	no	B	no	no
ELN	no	no	yes	B	no	yes
ELOA	yes	yes	yes	A	yes	no
ELOB	yes	yes	yes	A	yes	no
ELOC	no	no	yes	B	no	no
ELOF1	no	no	yes	B	no	yes
ELOVL1	no	no	yes	B	no	yes
ELOVL2	no	no	yes	B	no	no
ELOVL3	no	no	no	B	no	no
ELOVL5	no	no	yes	B	no	yes
ELOVL6	no	no	yes	B	no	yes
ELOVL7	no	no	yes	B	no	yes
ELP1	no	no	yes	B	no	no
ELP2	no	no	yes	B	no	yes
ELP3	no	no	yes	B	no	yes
ELP4	no	no	yes	B	no	yes
ELP5	no	no	yes	B	no	yes
ELP6	no	no	yes	B	no	yes
ELTD1	no	no	no	B	no	no
EMB	no	no	yes	B	no	yes
EMC1	yes	yes	yes	A	yes	yes
EMC10	yes	no	yes	B	yes	yes
EMC2	yes	no	yes	B	yes	yes
EMC3	yes	no	yes	B	yes	yes
EMC4	no	no	yes	B	no	yes
EMC6	no	no	yes	B	no	yes
EMC7	yes	no	yes	B	yes	yes
EMC8	yes	no	yes	B	yes	yes
EMC9	no	no	yes	B	no	yes
EMCN	no	no	yes	B	no	yes
EMD	yes	yes	yes	A	yes	yes
EME1	no	no	no	B	no	no
EME2	no	no	yes	B	no	yes
EMG1	no	no	yes	B	no	yes
EMID1	no	no	yes	B	no	yes
EMILIN1	yes	yes	yes	A	yes	yes
EMILIN2	no	no	yes	B	no	no
EML1	no	no	yes	B	no	yes
EML2	yes	yes	yes	A	yes	yes
EML3	no	yes	yes	B	yes	yes
EML4	yes	yes	yes	A	yes	yes
EML5	no	no	yes	B	no	yes
EML6	no	no	yes	B	no	no
EMP1	no	no	no	B	no	yes
EMP2	no	no	yes	B	no	yes
EMP3	no	no	yes	B	no	yes
EMR1	no	no	no	B	no	no
EMSY	no	no	yes	B	no	no
EMX1	no	no	yes	B	no	yes
EMX2	no	no	yes	B	no	yes
EMX2OS	no	no	no	B	no	no
ENAH	yes	yes	yes	A	yes	yes
ENC1	no	no	no	B	no	yes
ENDOD1	yes	yes	yes	A	yes	yes
ENDOG	yes	yes	yes	A	yes	yes
ENDOU	no	no	no	B	no	no
ENDOV	no	no	yes	B	no	yes
ENG	yes	yes	yes	A	yes	yes
ENGASE	no	no	yes	B	no	yes
ENHO	no	no	no	B	no	yes
ENKD1	no	no	no	B	no	yes
ENKUR	no	no	no	B	no	no
ENO1	yes	yes	yes	A	yes	yes
ENO1B	no	no	no	B	no	no
ENO2	yes	yes	yes	A	yes	yes
ENO3	yes	yes	yes	A	yes	yes
ENO4	no	no	no	B	no	no
ENOPH1	yes	yes	yes	A	yes	yes
ENOSF1	yes	yes	no	B	no	no
ENOX1	no	no	yes	B	no	no
ENOX2	no	no	yes	B	no	yes
ENPEP	yes	yes	yes	A	yes	yes
ENPP1	yes	no	yes	B	yes	yes
ENPP2	no	no	yes	B	no	yes
ENPP3	yes	yes	yes	A	yes	yes
ENPP4	no	no	yes	B	no	yes
ENPP5	no	no	yes	B	no	yes
ENPP6	yes	yes	yes	A	yes	yes
ENSA	yes	yes	yes	A	yes	yes
ENTHD1	no	no	no	B	no	no
ENTHD2	no	no	no	B	no	no
ENTPD1	yes	yes	yes	A	yes	yes
ENTPD2	no	no	yes	B	no	no
ENTPD3	no	no	no	B	no	no
ENTPD4	no	no	yes	B	no	no
ENTPD4B	no	no	no	B	no	no
ENTPD5	no	no	yes	B	no	yes
ENTPD6	no	no	yes	B	no	yes
ENTPD7	no	no	yes	B	no	yes
ENTPD8	no	no	no	B	no	no
ENTR1	no	no	yes	B	no	no
ENTREP1	no	no	no	B	no	no
ENTREP2	no	no	no	B	no	no
ENTREP3	no	no	no	B	no	no
ENY2	yes	no	yes	B	yes	yes
EOGT	yes	no	yes	B	yes	yes
EOLA1	no	no	yes	B	no	no
EOLA2	no	no	no	B	no	no
EOMES	no	no	no	B	no	no
EP300	no	no	yes	B	no	yes
EP400	no	no	yes	B	no	yes
EPAS1	no	no	yes	B	no	yes
EPB4.1	no	no	no	B	no	no
EPB4.1L1	no	no	no	B	no	no
EPB4.1L2	no	no	no	B	no	no
EPB4.1L3	no	no	no	B	no	no
EPB4.1L4A	no	no	no	B	no	no
EPB4.1L4B	no	no	no	B	no	no
EPB4.1L5	no	no	no	B	no	no
EPB4.2	no	no	no	B	no	no
EPB41	yes	yes	yes	A	yes	no
EPB41L1	yes	yes	yes	A	yes	no
EPB41L2	yes	yes	yes	A	yes	no
EPB41L3	yes	yes	yes	A	yes	no
EPB41L4A	no	no	yes	B	no	no
EPB41L4AOS	no	no	no	B	no	no
EPB41L4B	no	no	yes	B	no	no
EPB41L5	yes	no	yes	B	yes	no
EPB42	no	yes	yes	B	yes	no
EPC1	no	no	yes	B	no	yes
EPC2	no	no	yes	B	no	yes
EPCAM	yes	yes	yes	A	yes	yes
EPDR1	no	no	yes	B	no	yes
EPG5	no	no	yes	B	no	yes
EPHA1	no	no	yes	B	no	yes
EPHA2	no	no	yes	B	no	yes
EPHA3	no	no	yes	B	no	no
EPHA4	no	no	yes	B	no	yes
EPHA5	no	no	no	B	no	no
EPHA7	no	no	yes	B	no	no
EPHB1	no	no	yes	B	no	no
EPHB2	no	no	yes	B	no	yes
EPHB3	no	no	yes	B	no	yes
EPHB4	no	no	yes	B	no	yes
EPHB6	no	no	yes	B	no	no
EPHX1	yes	yes	yes	A	yes	yes
EPHX2	yes	yes	yes	A	yes	yes
EPHX3	no	no	yes	B	no	no
EPM2A	no	no	yes	B	no	yes
EPM2AIP1	no	no	yes	B	no	yes
EPN1	yes	yes	yes	A	yes	yes
EPN2	yes	no	yes	B	yes	yes
EPN3	no	no	yes	B	no	yes
EPO	no	no	no	B	no	no
EPOP	no	no	no	B	no	no
EPOR	no	no	no	B	no	yes
EPPK1	yes	yes	yes	A	yes	no
EPRN	no	no	no	B	no	no
EPRS	no	no	no	B	no	no
EPRS1	yes	yes	yes	A	yes	no
EPS15	yes	yes	yes	A	yes	yes
EPS15L1	yes	no	yes	B	yes	yes
EPS8	yes	no	yes	B	yes	yes
EPS8L1	no	no	yes	B	no	no
EPS8L2	yes	yes	yes	A	yes	yes
EPS8L3	no	no	yes	B	no	no
EPSTI1	no	no	yes	B	no	yes
EPT1	no	no	no	B	no	no
ERAL1	no	no	yes	B	no	no
ERAP1	yes	yes	yes	A	yes	yes
ERBB2	no	no	yes	B	no	yes
ERBB2IP	no	no	no	B	no	no
ERBB3	no	no	yes	B	no	yes
ERBB4	no	no	yes	B	no	yes
ERBIN	no	no	yes	B	no	no
ERC1	no	no	yes	B	no	yes
ERC2	no	no	yes	B	no	no
ERCC1	no	no	yes	B	no	yes
ERCC2	no	no	yes	B	no	yes
ERCC3	no	no	yes	B	no	yes
ERCC4	no	no	yes	B	no	yes
ERCC5	no	no	yes	B	no	no
ERCC6	no	no	yes	B	no	yes
ERCC6L	no	no	yes	B	no	no
ERCC6L2	no	no	yes	B	no	yes
ERCC8	no	no	yes	B	no	no
ERDR1	no	no	no	B	no	no
ERF	no	no	yes	B	no	yes
ERG	no	no	yes	B	no	yes
ERG28	no	no	yes	B	no	no
ERGIC1	yes	yes	yes	A	yes	yes
ERGIC2	no	no	yes	B	no	yes
ERGIC3	no	no	yes	B	no	yes
ERH	yes	yes	yes	A	yes	yes
ERI1	no	no	yes	B	no	yes
ERI2	no	no	no	B	no	yes
ERI3	no	no	yes	B	no	yes
ERICH1	no	no	yes	B	no	yes
ERICH2	no	no	no	B	no	no
ERICH2OS	no	no	no	B	no	no
ERICH3	no	no	no	B	no	no
ERICH4	no	no	yes	B	no	yes
ERLEC1	no	no	yes	B	no	yes
ERLIN1	no	no	yes	B	no	no
ERLIN2	yes	yes	yes	A	yes	yes
ERMARD	no	no	yes	B	no	yes
ERMP1	no	yes	yes	B	yes	yes
ERN1	no	no	yes	B	no	yes
ERO1A	yes	yes	yes	A	yes	no
ERO1B	no	no	yes	B	no	no
ERO1L	no	no	no	B	no	no
ERO1LB	no	no	no	B	no	no
ERP29	yes	yes	yes	A	yes	yes
ERP44	yes	yes	yes	A	yes	yes
ERRFI1	no	no	yes	B	no	yes
ERVMER34-1	no	no	no	B	no	no
ESAM	no	no	yes	B	no	yes
ESCO1	no	no	yes	B	no	yes
ESCO2	no	no	no	B	no	no
ESD	yes	yes	yes	A	yes	yes
ESF1	no	no	yes	B	no	yes
ESM1	no	no	yes	B	no	no
ESPL1	no	no	no	B	no	no
ESPN	yes	no	yes	B	yes	yes
ESPNL	yes	yes	no	B	no	no
ESR1	no	no	yes	B	no	yes
ESRP1	no	no	yes	B	no	yes
ESRP2	no	no	yes	B	no	yes
ESRRA	no	no	yes	B	no	yes
ESRRB	no	no	yes	B	no	yes
ESRRG	no	no	yes	B	no	yes
ESS2	no	no	yes	B	no	no
ESYT1	yes	yes	yes	A	yes	yes
ESYT2	yes	yes	yes	A	yes	yes
ESYT3	no	no	no	B	no	no
ETAA1	no	no	no	B	no	yes
ETAA1OS	no	no	no	B	no	no
ETF1	yes	yes	yes	A	yes	yes
ETFA	yes	yes	yes	A	yes	yes
ETFB	yes	yes	yes	A	yes	yes
ETFBKMT	no	no	no	B	no	no
ETFBL	no	no	no	B	no	no
ETFDH	yes	yes	yes	A	yes	yes
ETFRF1	yes	yes	yes	A	yes	no
ETHE1	yes	yes	yes	A	yes	yes
ETNK1	no	no	yes	B	no	yes
ETNK2	no	no	yes	B	no	yes
ETNPPL	no	no	yes	B	no	yes
ETOHD2	no	no	no	B	no	no
ETOHI1	no	no	no	B	no	no
ETS1	no	no	yes	B	no	yes
ETS2	no	no	yes	B	no	yes
ETV1	no	no	no	B	no	yes
ETV2	no	no	no	B	no	no
ETV3	no	no	yes	B	no	yes
ETV4	no	no	no	B	no	no
ETV5	no	no	no	B	no	yes
ETV6	no	no	yes	B	no	yes
ETV7	no	no	no	B	no	no
EVA1A	no	no	yes	B	no	no
EVA1B	no	no	yes	B	no	yes
EVA1C	no	no	yes	B	no	no
EVC	no	no	yes	B	no	yes
EVC2	no	no	yes	B	no	yes
EVI2	no	no	no	B	no	no
EVI2A	no	no	yes	B	no	no
EVI2B	no	no	yes	B	no	no
EVI5	no	no	yes	B	no	yes
EVI5L	no	no	yes	B	no	yes
EVL	no	no	yes	B	no	yes
EVPL	no	no	yes	B	no	no
EVPLL	no	no	no	B	no	no
EWSR1	yes	yes	yes	A	yes	yes
EXD2	no	no	yes	B	no	yes
EXD3	no	no	no	B	no	no
EXO5	no	no	yes	B	no	yes
EXOC1	no	yes	yes	B	yes	yes
EXOC2	yes	no	yes	B	yes	yes
EXOC3	yes	yes	yes	A	yes	yes
EXOC3L1	no	no	yes	B	no	no
EXOC3L2	no	no	yes	B	no	yes
EXOC3L4	no	no	yes	B	no	yes
EXOC4	yes	yes	yes	A	yes	yes
EXOC5	yes	yes	yes	A	yes	yes
EXOC6	no	no	yes	B	no	yes
EXOC6B	no	no	yes	B	no	yes
EXOC7	yes	yes	yes	A	yes	yes
EXOC8	yes	yes	yes	A	yes	yes
EXOG	no	no	yes	B	no	no
EXOSC1	no	no	yes	B	no	yes
EXOSC10	no	no	yes	B	no	yes
EXOSC2	no	no	yes	B	no	yes
EXOSC3	no	no	yes	B	no	yes
EXOSC4	no	no	yes	B	no	yes
EXOSC5	no	no	yes	B	no	yes
EXOSC6	no	no	yes	B	no	no
EXOSC7	yes	yes	yes	A	yes	yes
EXOSC8	no	no	yes	B	no	yes
EXOSC9	no	no	yes	B	no	yes
EXPH5	no	no	yes	B	no	yes
EXT1	no	no	yes	B	no	yes
EXT2	no	no	yes	B	no	yes
EXTL1	no	no	yes	B	no	no
EXTL2	no	no	yes	B	no	yes
EXTL3	no	no	yes	B	no	yes
EYA2	no	no	no	B	no	no
EYA3	no	no	yes	B	no	yes
EZH1	no	no	yes	B	no	yes
EZH2	no	no	yes	B	no	yes
EZR	yes	yes	yes	A	yes	yes
F10	yes	yes	yes	A	yes	no
F11R	no	yes	yes	B	yes	yes
F13A1	yes	yes	yes	A	yes	no
F13B	no	yes	yes	B	yes	yes
F2	yes	yes	yes	A	yes	no
F2R	no	no	yes	B	no	yes
F2RL1	no	no	yes	B	no	yes
F2RL2	no	no	no	B	no	no
F2RL3	no	no	no	B	no	no
F3	no	no	yes	B	no	yes
F420014N23RIK	no	no	no	B	no	no
F5	no	no	yes	B	no	yes
F630028O10RIK	no	no	no	B	no	no
F7	no	no	yes	B	no	no
F8	no	no	yes	B	no	no
F830016B08RIK	no	no	yes	B	no	no
F8A	no	no	no	B	no	no
FA2H	no	no	yes	B	no	yes
FAAH	yes	yes	yes	A	yes	yes
FAAP100	no	no	yes	B	no	no
FAAP20	no	no	yes	B	no	no
FAAP24	no	no	no	B	no	no
FABP1	yes	yes	yes	A	yes	yes
FABP3	yes	yes	yes	A	yes	yes
FABP3-PS1	no	no	no	B	no	no
FABP4	yes	yes	yes	A	yes	yes
FABP5	yes	yes	yes	A	yes	yes
FABP7	no	no	yes	B	no	no
FADD	no	no	yes	B	no	yes
FADS1	no	no	yes	B	no	yes
FADS2	no	no	yes	B	no	yes
FADS3	no	no	yes	B	no	yes
FADS6	no	no	yes	B	no	yes
FAF1	no	no	yes	B	no	yes
FAF2	yes	yes	yes	A	yes	yes
FAH	yes	no	yes	B	yes	yes
FAHD1	yes	yes	yes	A	yes	yes
FAHD2A	yes	yes	yes	A	yes	yes
FAIM	no	no	yes	B	no	yes
FAIM3	no	no	no	B	no	no
FAM101A	no	no	no	B	no	no
FAM101B	no	no	no	B	no	no
FAM102A	no	no	no	B	no	no
FAM102B	no	no	no	B	no	no
FAM103A1	no	no	no	B	no	no
FAM104A	no	no	no	B	no	no
FAM105A	no	no	no	B	no	no
FAM107A	no	no	yes	B	no	yes
FAM107B	yes	yes	yes	A	yes	yes
FAM109A	no	no	no	B	no	no
FAM110A	no	no	yes	B	no	yes
FAM110B	no	no	yes	B	no	no
FAM110C	no	no	yes	B	no	yes
FAM110D	no	no	yes	B	no	no
FAM111A	no	no	yes	B	no	no
FAM111B	no	no	no	B	no	no
FAM114A1	no	yes	yes	B	yes	yes
FAM114A2	yes	yes	yes	A	yes	yes
FAM115A	no	no	no	B	no	no
FAM115C	no	no	no	B	no	no
FAM117A	no	no	yes	B	no	yes
FAM117B	no	no	yes	B	no	yes
FAM118A	no	no	yes	B	no	yes
FAM118B	no	no	yes	B	no	yes
FAM120A	yes	yes	yes	A	yes	yes
FAM120AOS	no	no	no	B	no	no
FAM120B	no	no	yes	B	no	yes
FAM120C	no	no	yes	B	no	yes
FAM122A	no	no	no	B	no	no
FAM122B	no	no	no	B	no	no
FAM124A	no	no	yes	B	no	yes
FAM126A	no	no	no	B	no	no
FAM126B	no	no	no	B	no	yes
FAM129A	no	no	no	B	no	no
FAM129B	no	no	no	B	no	no
FAM131A	no	no	no	B	no	yes
FAM131C	no	no	no	B	no	yes
FAM132A	no	no	no	B	no	no
FAM133B	no	no	yes	B	no	yes
FAM134A	no	no	no	B	no	no
FAM134B	no	no	no	B	no	no
FAM134C	no	no	no	B	no	no
FAM135A	no	no	yes	B	no	yes
FAM136A	yes	yes	yes	A	yes	yes
FAM13A	no	no	yes	B	no	yes
FAM13B	no	no	yes	B	no	yes
FAM13C	no	no	yes	B	no	no
FAM149A	no	no	no	B	no	yes
FAM149B1	no	no	yes	B	no	yes
FAM151A	yes	yes	yes	A	yes	yes
FAM151B	no	no	yes	B	no	yes
FAM154B	no	no	no	B	no	no
FAM160A1	no	no	no	B	no	no
FAM160A2	no	no	no	B	no	no
FAM160B1	no	no	no	B	no	no
FAM160B2	no	no	no	B	no	no
FAM161A	no	no	no	B	no	no
FAM161B	yes	no	no	B	no	no
FAM162A	yes	yes	yes	A	yes	yes
FAM163A	no	no	no	B	no	yes
FAM166B	no	no	no	B	no	no
FAM167A	no	no	yes	B	no	no
FAM167B	no	no	yes	B	no	yes
FAM168A	no	no	yes	B	no	yes
FAM168B	no	no	no	B	no	yes
FAM169A	yes	no	yes	B	yes	no
FAM169B	no	no	yes	B	no	no
FAM171A1	no	no	yes	B	no	yes
FAM171A2	no	no	yes	B	no	yes
FAM171B	no	no	no	B	no	no
FAM172A	no	no	no	B	no	no
FAM173A	no	no	no	B	no	no
FAM173B	no	no	no	B	no	no
FAM174A	no	no	yes	B	no	yes
FAM174B	no	no	yes	B	no	no
FAM174C	no	no	no	B	no	no
FAM175A	no	no	no	B	no	no
FAM175B	no	no	no	B	no	no
FAM177A	no	no	no	B	no	no
FAM177A1	no	no	yes	B	no	no
FAM177A2	no	no	no	B	no	no
FAM178A	no	no	no	B	no	no
FAM179B	no	no	no	B	no	no
FAM180A	no	no	no	B	no	no
FAM181B	no	no	no	B	no	no
FAM184A	no	no	yes	B	no	yes
FAM184B	no	no	no	B	no	no
FAM185A	yes	no	yes	B	yes	yes
FAM187A	no	no	no	B	no	no
FAM187B	no	no	no	B	no	no
FAM188A	no	no	no	B	no	no
FAM188B	no	no	no	B	no	no
FAM189A2	no	no	no	B	no	no
FAM189B	no	no	no	B	no	no
FAM192A	no	no	no	B	no	no
FAM193A	no	no	yes	B	no	yes
FAM193B	no	no	yes	B	no	yes
FAM195A	no	no	no	B	no	no
FAM195B	no	no	no	B	no	no
FAM198B	no	no	no	B	no	no
FAM199X	no	no	yes	B	no	yes
FAM19A5	no	no	no	B	no	no
FAM200C	no	no	no	B	no	no
FAM204A	no	no	yes	B	no	yes
FAM206A	no	no	no	B	no	no
FAM207A	no	no	no	B	no	no
FAM208A	no	no	no	B	no	no
FAM208B	no	no	no	B	no	no
FAM20A	no	no	yes	B	no	yes
FAM20B	no	no	yes	B	no	yes
FAM20C	no	no	yes	B	no	yes
FAM21	no	no	no	B	no	no
FAM210A	no	no	yes	B	no	yes
FAM210B	no	no	yes	B	no	yes
FAM212A	no	no	no	B	no	no
FAM213A	no	no	no	B	no	no
FAM213B	no	no	no	B	no	no
FAM214A	no	no	no	B	no	no
FAM214B	no	no	no	B	no	no
FAM216A	no	no	no	B	no	yes
FAM217A	no	no	no	B	no	no
FAM217B	no	no	no	B	no	no
FAM219A	no	no	yes	B	no	yes
FAM219B	no	no	yes	B	no	no
FAM220A	no	no	no	B	no	no
FAM221A	no	no	yes	B	no	no
FAM222A	no	no	no	B	no	no
FAM222B	no	no	yes	B	no	yes
FAM227A	no	no	no	B	no	no
FAM228A	no	no	no	B	no	no
FAM228B	no	no	no	B	no	no
FAM229A	no	no	no	B	no	no
FAM229B	no	no	no	B	no	no
FAM234A	no	no	yes	B	no	no
FAM234B	no	no	yes	B	no	no
FAM237B	no	no	no	B	no	no
FAM241A	no	no	yes	B	no	no
FAM241B	no	no	no	B	no	no
FAM24B	no	no	no	B	no	no
FAM25C	no	no	no	B	no	no
FAM26E	no	no	no	B	no	no
FAM26F	no	no	no	B	no	no
FAM32A	no	no	yes	B	no	yes
FAM35A	no	no	no	B	no	no
FAM3A	no	no	yes	B	no	yes
FAM3C	yes	yes	yes	A	yes	yes
FAM43A	no	no	yes	B	no	yes
FAM43B	no	no	no	B	no	no
FAM45A	no	no	no	B	no	no
FAM46A	no	no	no	B	no	no
FAM46B	no	no	no	B	no	no
FAM46C	no	no	no	B	no	no
FAM49A	no	no	no	B	no	no
FAM49B	no	no	no	B	no	no
FAM50A	no	no	yes	B	no	yes
FAM53A	no	no	no	B	no	no
FAM53B	no	no	yes	B	no	yes
FAM53C	no	no	yes	B	no	yes
FAM57A	no	no	no	B	no	no
FAM57B	no	no	no	B	no	no
FAM58B	no	no	no	B	no	no
FAM60A	no	no	no	B	no	no
FAM63A	no	no	no	B	no	no
FAM63B	no	no	no	B	no	no
FAM64A	no	no	no	B	no	no
FAM65A	no	no	no	B	no	no
FAM65B	no	no	no	B	no	no
FAM65C	no	no	no	B	no	no
FAM69A	no	no	no	B	no	no
FAM69B	no	no	no	B	no	no
FAM71E1	no	no	no	B	no	no
FAM72A	no	no	no	B	no	no
FAM73A	no	no	no	B	no	no
FAM73B	no	no	no	B	no	no
FAM76A	no	no	yes	B	no	yes
FAM76B	no	no	yes	B	no	yes
FAM78A	no	no	no	B	no	no
FAM78B	no	no	no	B	no	no
FAM81A	no	no	no	B	no	yes
FAM83B	no	no	yes	B	no	no
FAM83D	no	no	no	B	no	no
FAM83F	no	no	yes	B	no	no
FAM83G	no	no	yes	B	no	yes
FAM83H	no	no	yes	B	no	yes
FAM84A	no	no	no	B	no	no
FAM84B	no	no	no	B	no	no
FAM86	no	no	no	B	no	no
FAM89A	no	no	no	B	no	no
FAM89B	no	no	yes	B	no	no
FAM8A1	no	no	yes	B	no	no
FAM91A1	yes	no	yes	B	yes	no
FAM92A	no	no	no	B	no	no
FAM96A	no	no	no	B	no	no
FAM96B	no	no	no	B	no	no
FAM98A	no	no	yes	B	no	yes
FAM98B	yes	yes	yes	A	yes	yes
FAM98C	no	no	yes	B	no	yes
FAN1	no	no	yes	B	no	yes
FANCA	no	no	yes	B	no	no
FANCB	no	no	yes	B	no	no
FANCC	no	no	yes	B	no	yes
FANCD2	no	no	no	B	no	no
FANCD2OS	no	no	no	B	no	no
FANCE	no	no	yes	B	no	yes
FANCF	no	no	no	B	no	yes
FANCG	no	no	yes	B	no	yes
FANCI	no	no	yes	B	no	no
FANCL	no	no	no	B	no	yes
FANCM	no	no	no	B	no	no
FANK1	no	no	no	B	no	no
FAP	no	no	yes	B	no	no
FAR1	no	no	yes	B	no	yes
FAR1OS	no	no	no	B	no	no
FAR2	no	no	no	B	no	no
FARP1	yes	yes	yes	A	yes	yes
FARP2	no	no	yes	B	no	yes
FARS2	no	no	yes	B	no	yes
FARSA	yes	yes	yes	A	yes	yes
FARSB	yes	yes	yes	A	yes	yes
FAS	no	no	yes	B	no	yes
FASN	yes	yes	yes	A	yes	yes
FASTK	no	no	yes	B	no	yes
FASTKD1	no	no	yes	B	no	yes
FASTKD2	no	no	yes	B	no	yes
FASTKD3	no	no	yes	B	no	yes
FASTKD5	no	no	yes	B	no	yes
FAT1	no	no	yes	B	no	yes
FAT2	no	no	no	B	no	no
FAT3	no	no	no	B	no	no
FAT4	no	no	yes	B	no	no
FAU	no	no	yes	B	no	yes
FAXC	no	no	no	B	no	no
FAXDC2	yes	no	no	B	no	no
FBF1	no	no	yes	B	no	yes
FBH1	no	no	yes	B	no	no
FBL	yes	yes	yes	A	yes	yes
FBL-PS2	no	no	no	B	no	no
FBLIM1	yes	yes	yes	A	yes	yes
FBLN1	yes	yes	yes	A	yes	yes
FBLN2	yes	no	yes	B	yes	yes
FBLN5	yes	yes	yes	A	yes	yes
FBLN7	no	no	yes	B	no	yes
FBN1	no	yes	yes	B	yes	yes
FBN2	no	no	yes	B	no	no
FBN3	no	no	no	B	no	no
FBP1	yes	yes	yes	A	yes	yes
FBP2	yes	yes	yes	A	yes	yes
FBRS	no	no	yes	B	no	yes
FBRSL1	no	no	yes	B	no	yes
FBXL12	no	no	yes	B	no	yes
FBXL14	no	no	yes	B	no	yes
FBXL15	no	no	yes	B	no	yes
FBXL16	no	no	yes	B	no	no
FBXL17	no	no	yes	B	no	yes
FBXL18	no	no	yes	B	no	yes
FBXL19	no	no	yes	B	no	yes
FBXL2	no	no	yes	B	no	yes
FBXL20	no	no	yes	B	no	yes
FBXL21	no	no	no	B	no	no
FBXL3	no	no	yes	B	no	yes
FBXL4	no	no	yes	B	no	yes
FBXL5	no	no	no	B	no	yes
FBXL6	no	no	yes	B	no	yes
FBXL7	no	no	yes	B	no	no
FBXL8	no	no	yes	B	no	yes
FBXO10	no	no	yes	B	no	yes
FBXO11	no	no	yes	B	no	yes
FBXO15	no	no	no	B	no	no
FBXO16	no	no	no	B	no	no
FBXO17	no	no	no	B	no	no
FBXO18	no	no	no	B	no	no
FBXO2	yes	yes	yes	A	yes	no
FBXO21	no	no	yes	B	no	yes
FBXO22	yes	yes	yes	A	yes	yes
FBXO24	no	no	no	B	no	no
FBXO25	no	no	yes	B	no	yes
FBXO27	no	no	no	B	no	no
FBXO28	no	no	yes	B	no	yes
FBXO3	no	no	yes	B	no	yes
FBXO30	no	no	yes	B	no	yes
FBXO31	no	no	yes	B	no	yes
FBXO32	no	no	no	B	no	no
FBXO33	no	no	yes	B	no	yes
FBXO34	no	no	yes	B	no	yes
FBXO36	no	no	yes	B	no	yes
FBXO38	no	no	yes	B	no	yes
FBXO4	yes	yes	yes	A	yes	yes
FBXO40	no	no	yes	B	no	no
FBXO42	no	no	yes	B	no	yes
FBXO44	no	no	yes	B	no	yes
FBXO45	no	no	yes	B	no	yes
FBXO46	no	no	yes	B	no	yes
FBXO48	no	no	no	B	no	no
FBXO5	no	no	no	B	no	no
FBXO6	yes	yes	yes	A	yes	yes
FBXO7	no	no	yes	B	no	yes
FBXO8	no	no	yes	B	no	yes
FBXO9	no	no	yes	B	no	yes
FBXW11	no	no	yes	B	no	yes
FBXW12	no	no	no	B	no	no
FBXW15	no	no	no	B	no	no
FBXW17	no	no	yes	B	no	no
FBXW2	no	no	yes	B	no	yes
FBXW4	no	no	yes	B	no	yes
FBXW5	no	no	yes	B	no	yes
FBXW7	no	no	yes	B	no	yes
FBXW8	no	no	yes	B	no	yes
FBXW9	no	no	yes	B	no	yes
FCAMR	no	no	no	B	no	no
FCAR	no	no	no	B	no	no
FCER1G	no	no	yes	B	no	yes
FCER2	no	no	yes	B	no	no
FCF1	no	no	yes	B	no	yes
FCGBP	no	no	yes	B	no	no
FCGR1A	no	no	yes	B	no	yes
FCGR2B	no	no	no	B	no	yes
FCGR3	no	no	yes	B	no	no
FCGR3A	no	yes	no	B	no	no
FCGR4	no	no	yes	B	no	no
FCGRT	yes	yes	yes	A	yes	yes
FCHO1	no	no	yes	B	no	no
FCHO2	yes	yes	yes	A	yes	yes
FCHSD1	no	no	yes	B	no	yes
FCHSD2	no	no	yes	B	no	yes
FCMR	no	no	no	B	no	no
FCNA	no	no	no	B	no	no
FCOR	no	no	no	B	no	no
FCRL1	no	no	no	B	no	no
FCRL2	no	no	yes	B	no	no
FCRL3	no	no	no	B	no	no
FCRL4	no	no	no	B	no	no
FCRL5	no	no	no	B	no	no
FCRLA	no	no	yes	B	no	no
FCRLB	no	no	no	B	no	no
FCRLS	no	no	no	B	no	no
FCSK	yes	yes	yes	A	yes	no
FDFT1	no	no	yes	B	no	yes
FDPS	yes	yes	yes	A	yes	yes
FDX1	yes	no	yes	B	yes	yes
FDX1L	no	no	no	B	no	no
FDX2	no	no	yes	B	no	no
FDXACB1	no	no	yes	B	no	no
FDXR	yes	yes	yes	A	yes	yes
FECH	no	no	yes	B	no	yes
FEM1A	no	no	no	B	no	yes
FEM1B	no	no	yes	B	no	yes
FEM1C	no	no	yes	B	no	yes
FEN1	no	no	yes	B	no	no
FER	no	no	yes	B	no	yes
FER1L4	no	no	no	B	no	no
FER1L5	no	no	no	B	no	no
FER1L6	no	no	no	B	no	no
FERMT1	no	no	yes	B	no	yes
FERMT2	yes	yes	yes	A	yes	yes
FERMT3	yes	yes	yes	A	yes	yes
FERRY3	no	no	yes	B	no	no
FES	no	no	yes	B	no	yes
FETUB	yes	yes	yes	A	yes	no
FEZ1	no	no	no	B	no	no
FEZ2	no	no	yes	B	no	yes
FFAR2	no	no	no	B	no	no
FFAR4	no	no	no	B	no	no
FGA	yes	yes	yes	A	yes	no
FGB	yes	yes	yes	A	yes	no
FGD1	no	no	yes	B	no	yes
FGD2	no	no	yes	B	no	yes
FGD3	no	no	yes	B	no	yes
FGD4	yes	yes	yes	A	yes	yes
FGD5	no	no	yes	B	no	yes
FGD6	no	no	yes	B	no	yes
FGF1	no	no	yes	B	no	yes
FGF10	no	no	no	B	no	no
FGF11	no	no	no	B	no	yes
FGF12	no	no	no	B	no	no
FGF13	no	no	no	B	no	no
FGF18	no	no	no	B	no	no
FGF2	no	no	yes	B	no	no
FGF22	no	no	no	B	no	no
FGF7	no	no	no	B	no	no
FGF9	no	no	no	B	no	yes
FGFBP1	no	no	yes	B	no	no
FGFBP3	no	no	no	B	no	no
FGFR1	no	no	yes	B	no	yes
FGFR1OP	no	no	no	B	no	no
FGFR1OP2	no	no	yes	B	no	yes
FGFR2	no	no	yes	B	no	yes
FGFR3	no	no	yes	B	no	yes
FGFR4	no	no	yes	B	no	yes
FGFRL1	no	no	yes	B	no	yes
FGG	yes	yes	yes	A	yes	yes
FGGY	no	no	yes	B	no	yes
FGL1	no	no	yes	B	no	no
FGL2	yes	yes	yes	A	yes	yes
FGR	no	no	yes	B	no	no
FH	yes	yes	yes	A	yes	yes
FHAD1	no	no	no	B	no	no
FHDC1	no	no	no	B	no	no
FHIP1A	no	no	yes	B	no	no
FHIP1B	no	no	yes	B	no	no
FHIP2A	no	no	yes	B	no	no
FHIP2B	no	no	yes	B	no	no
FHIT	yes	no	yes	B	yes	yes
FHL1	yes	yes	yes	A	yes	yes
FHL2	yes	yes	yes	A	yes	yes
FHL3	no	yes	yes	B	yes	yes
FHL5	no	no	yes	B	no	no
FHOD1	no	no	yes	B	no	no
FHOD3	no	no	yes	B	no	yes
FIBIN	no	no	no	B	no	yes
FIBP	no	no	yes	B	no	yes
FICD	no	no	yes	B	no	yes
FIG4	no	no	yes	B	no	yes
FIGF	no	no	no	B	no	no
FIGN	no	no	yes	B	no	no
FIGNL1	no	no	no	B	no	no
FIGNL2	no	no	yes	B	no	yes
FILIP1	no	no	yes	B	no	no
FILIP1L	no	no	yes	B	no	yes
FIP1L1	no	no	yes	B	no	yes
FIRRE	no	no	no	B	no	no
FIS1	yes	yes	yes	A	yes	yes
FITM1	no	no	no	B	no	no
FITM2	no	no	yes	B	no	yes
FIZ1	no	no	yes	B	no	yes
FJX1	no	no	no	B	no	yes
FKBP10	no	no	yes	B	no	yes
FKBP11	yes	yes	yes	A	yes	yes
FKBP14	no	no	yes	B	no	yes
FKBP15	yes	no	yes	B	yes	yes
FKBP1A	yes	yes	yes	A	yes	yes
FKBP1B	no	no	yes	B	no	no
FKBP2	yes	yes	yes	A	yes	yes
FKBP3	yes	yes	yes	A	yes	yes
FKBP4	yes	yes	yes	A	yes	yes
FKBP5	yes	yes	yes	A	yes	yes
FKBP7	no	no	yes	B	no	yes
FKBP8	yes	no	yes	B	yes	yes
FKBP9	yes	yes	yes	A	yes	yes
FKBPL	no	no	yes	B	no	yes
FKRP	no	no	yes	B	no	yes
FKTN	no	no	yes	B	no	yes
FLA-I	no	no	no	B	no	no
FLACC1	no	no	no	B	no	no
FLAD1	yes	yes	yes	A	yes	yes
FLAI-K	yes	yes	no	B	no	no
FLCN	no	no	yes	B	no	yes
FLG	no	no	no	B	no	no
FLI1	no	no	yes	B	no	yes
FLII	yes	yes	yes	A	yes	yes
FLNA	yes	yes	yes	A	yes	yes
FLNB	yes	yes	yes	A	yes	yes
FLNC	yes	yes	yes	A	yes	no
FLOT1	yes	yes	yes	A	yes	yes
FLOT2	yes	yes	yes	A	yes	yes
FLRT1	no	no	yes	B	no	yes
FLRT2	no	no	yes	B	no	no
FLRT3	no	no	yes	B	no	no
FLT1	no	no	yes	B	no	yes
FLT3	no	no	no	B	no	no
FLT3LG	no	no	no	B	no	yes
FLT4	no	no	yes	B	no	yes
FLVCR1	no	no	yes	B	no	no
FLVCR2	no	no	yes	B	no	no
FLYWCH1	no	no	yes	B	no	yes
FLYWCH2	no	no	yes	B	no	yes
FMC1	no	no	yes	B	no	no
FMN1	no	no	yes	B	no	yes
FMNL1	no	no	yes	B	no	yes
FMNL2	yes	no	yes	B	yes	yes
FMNL3	no	yes	yes	B	yes	yes
FMO1	yes	yes	yes	A	yes	yes
FMO2	no	no	yes	B	no	yes
FMO4	no	no	yes	B	no	yes
FMO5	yes	no	yes	B	yes	yes
FMOD	yes	yes	yes	A	yes	yes
FMR1	yes	yes	yes	A	yes	yes
FMR1NB	no	no	no	B	no	no
FN1	yes	yes	yes	A	yes	yes
FN3K	no	yes	yes	B	yes	yes
FN3KRP	yes	yes	yes	A	yes	yes
FNBP1	no	no	yes	B	no	yes
FNBP1L	yes	no	yes	B	yes	yes
FNBP4	no	no	yes	B	no	yes
FNDC1	no	no	yes	B	no	no
FNDC10	no	no	no	B	no	no
FNDC3A	yes	no	yes	B	yes	yes
FNDC3B	no	no	yes	B	no	yes
FNDC4	no	no	no	B	no	yes
FNDC5	yes	yes	no	B	no	no
FNDC9	no	no	no	B	no	no
FNIP1	no	no	yes	B	no	yes
FNIP2	no	no	yes	B	no	yes
FNTA	yes	yes	yes	A	yes	yes
FNTB	no	no	yes	B	no	yes
FOCAD	no	no	yes	B	no	no
FOLH1	yes	no	yes	B	yes	no
FOLH1B	no	no	no	B	no	no
FOLR1	yes	no	yes	B	yes	yes
FOLR2	no	no	yes	B	no	no
FOLR4	no	no	no	B	no	no
FOPNL	no	no	no	B	no	no
FOS	no	no	no	B	no	yes
FOSB	no	no	yes	B	no	no
FOSL1	no	no	yes	B	no	yes
FOSL2	no	no	yes	B	no	yes
FOXA1	no	no	no	B	no	no
FOXA3	no	no	no	B	no	no
FOXC1	no	no	yes	B	no	yes
FOXC2	no	no	yes	B	no	yes
FOXD1	no	no	no	B	no	no
FOXD2	no	no	yes	B	no	no
FOXD2OS	no	no	no	B	no	no
FOXE1	no	no	no	B	no	no
FOXF1	no	no	no	B	no	no
FOXF2	no	no	no	B	no	no
FOXI1	no	no	yes	B	no	yes
FOXJ1	no	no	no	B	no	no
FOXJ2	no	no	yes	B	no	yes
FOXJ3	no	no	yes	B	no	yes
FOXK1	no	no	yes	B	no	yes
FOXK2	no	no	yes	B	no	yes
FOXL1	no	no	no	B	no	no
FOXM1	no	no	no	B	no	no
FOXN2	no	no	yes	B	no	yes
FOXN3	no	no	yes	B	no	yes
FOXO1	no	no	yes	B	no	yes
FOXO3	no	no	yes	B	no	yes
FOXO4	no	no	yes	B	no	yes
FOXP1	no	no	yes	B	no	yes
FOXP2	no	no	no	B	no	no
FOXP3	no	no	no	B	no	no
FOXP4	no	no	yes	B	no	yes
FOXQ1	no	no	yes	B	no	yes
FOXRED1	yes	yes	yes	A	yes	yes
FOXRED2	no	no	yes	B	no	yes
FOXS1	no	no	yes	B	no	yes
FPGS	no	no	yes	B	no	yes
FPGT	no	no	yes	B	no	yes
FPR1	no	no	yes	B	no	no
FPR2	no	no	no	B	no	no
FPR3	no	no	no	B	no	no
FRA10AC1	no	no	yes	B	no	yes
FRAS1	no	no	yes	B	no	yes
FRAT1	no	no	yes	B	no	no
FRAT2	no	no	no	B	no	no
FREM1	no	no	yes	B	no	no
FREM2	no	no	yes	B	no	no
FREM3	no	no	no	B	no	no
FRG1	no	no	yes	B	no	yes
FRG2F1	no	no	no	B	no	no
FRK	no	no	yes	B	no	yes
FRMD1	no	no	no	B	no	no
FRMD3	no	no	no	B	no	no
FRMD4A	no	no	yes	B	no	no
FRMD4B	no	no	yes	B	no	yes
FRMD6	no	no	yes	B	no	yes
FRMD7	no	no	no	B	no	no
FRMD8	no	no	yes	B	no	yes
FRMPD2	no	no	no	B	no	no
FRRS1	no	no	yes	B	no	yes
FRRS1L	no	no	no	B	no	no
FRS2	no	no	yes	B	no	yes
FRS3	no	no	no	B	no	yes
FRY	no	no	yes	B	no	no
FRYL	no	no	yes	B	no	yes
FRZB	no	no	yes	B	no	yes
FSCN1	yes	yes	yes	A	yes	yes
FSD1L	no	no	yes	B	no	no
FSD2	no	no	no	B	no	no
FSIP1	no	no	no	B	no	no
FST	no	no	yes	B	no	yes
FSTL1	no	no	yes	B	no	yes
FSTL3	no	no	yes	B	no	yes
FSTL4	no	no	no	B	no	no
FTCD	yes	no	yes	B	yes	no
FTH1	no	no	yes	B	no	yes
FTH1-PS	no	no	no	B	no	no
FTL	no	yes	no	B	no	no
FTL1	no	no	yes	B	no	no
FTL1-PS1	no	no	no	B	no	no
FTL2-PS	no	no	no	B	no	no
FTO	yes	no	yes	B	yes	yes
FTSJ1	no	no	yes	B	no	yes
FTSJ2	no	no	no	B	no	no
FTSJ3	no	no	yes	B	no	yes
FTX	no	no	no	B	no	no
FUBP1	yes	yes	yes	A	yes	yes
FUBP3	yes	yes	yes	A	yes	yes
FUCA1	yes	yes	yes	A	yes	yes
FUCA2	yes	no	yes	B	yes	yes
FUK	no	no	no	B	no	no
FUNDC1	no	no	yes	B	no	yes
FUNDC2	yes	yes	yes	A	yes	yes
FUOM	yes	yes	yes	A	yes	yes
FURIN	no	no	yes	B	no	yes
FUS	yes	yes	yes	A	yes	yes
FUT10	no	no	no	B	no	no
FUT11	no	no	yes	B	no	no
FUT2	no	no	no	B	no	no
FUT4	no	no	yes	B	no	no
FUT8	no	no	yes	B	no	yes
FUT9	no	no	yes	B	no	no
FUZ	no	no	yes	B	no	yes
FV1	no	no	yes	B	no	no
FXN	yes	yes	yes	A	yes	yes
FXR1	yes	no	yes	B	yes	yes
FXR2	no	no	yes	B	no	yes
FXYD1	no	no	yes	B	no	yes
FXYD2	yes	no	yes	B	yes	yes
FXYD3	no	no	no	B	no	no
FXYD4	no	no	yes	B	no	no
FXYD5	no	no	yes	B	no	yes
FXYD6	no	no	yes	B	no	no
FYB	no	no	no	B	no	no
FYB1	no	no	yes	B	no	no
FYB2	no	no	yes	B	no	no
FYCO1	no	yes	yes	B	yes	yes
FYN	no	no	yes	B	no	yes
FYTTD1	no	no	yes	B	no	yes
FZD1	no	no	yes	B	no	yes
FZD2	no	no	yes	B	no	yes
FZD3	no	no	yes	B	no	no
FZD4	no	no	yes	B	no	yes
FZD5	no	no	yes	B	no	yes
FZD6	no	no	yes	B	no	yes
FZD7	no	no	yes	B	no	yes
FZD8	no	no	yes	B	no	yes
FZD9	no	no	no	B	no	no
FZR1	no	no	yes	B	no	yes
G0S2	no	no	no	B	no	yes
G2E3	no	no	no	B	no	yes
G3BP1	yes	yes	yes	A	yes	yes
G3BP2	yes	no	yes	B	yes	yes
G530011O06RIK	no	no	no	B	no	no
G630090E17RIK	no	no	no	B	no	no
G6PC	no	no	no	B	no	no
G6PC1	yes	no	yes	B	yes	no
G6PC3	no	no	yes	B	no	yes
G6PD	yes	yes	no	B	no	no
G6PDX	no	no	yes	B	no	no
G930009F23RIK	no	no	no	B	no	no
GAA	yes	yes	yes	A	yes	yes
GAB1	no	no	yes	B	no	yes
GAB2	no	no	yes	B	no	yes
GAB3	no	no	yes	B	no	no
GABARAP	no	no	yes	B	no	no
GABARAPL1	no	no	yes	B	no	yes
GABARAPL2	no	no	yes	B	no	yes
GABBR1	no	no	no	B	no	yes
GABBR2	no	no	no	B	no	no
GABPA	no	no	yes	B	no	yes
GABPB1	no	no	yes	B	no	yes
GABPB2	no	no	yes	B	no	yes
GABRA3	no	no	yes	B	no	no
GABRA4	no	no	no	B	no	no
GABRB2	no	no	no	B	no	no
GABRB3	no	no	no	B	no	no
GABRD	no	no	no	B	no	no
GABRP	no	no	no	B	no	no
GABRR3	no	no	no	B	no	no
GAD1OS	no	no	no	B	no	no
GADD45A	no	no	yes	B	no	yes
GADD45B	no	no	no	B	no	yes
GADD45G	no	no	no	B	no	yes
GADD45GIP1	yes	yes	yes	A	yes	yes
GAK	no	yes	yes	B	yes	yes
GAL3ST1	no	no	yes	B	no	yes
GAL3ST2	no	no	no	B	no	no
GAL3ST3	no	no	no	B	no	no
GALC	no	no	yes	B	no	yes
GALE	yes	yes	yes	A	yes	yes
GALK1	yes	yes	yes	A	yes	yes
GALK2	yes	yes	yes	A	yes	yes
GALM	yes	yes	yes	A	yes	yes
GALNS	yes	no	yes	B	yes	yes
GALNT1	no	no	yes	B	no	yes
GALNT10	no	no	yes	B	no	yes
GALNT11	no	no	yes	B	no	yes
GALNT12	no	no	yes	B	no	yes
GALNT14	no	no	yes	B	no	no
GALNT15	no	no	yes	B	no	yes
GALNT16	no	no	no	B	no	no
GALNT18	no	no	yes	B	no	yes
GALNT2	yes	no	yes	B	yes	no
GALNT2L	no	no	no	B	no	no
GALNT3	no	no	yes	B	no	yes
GALNT4	no	no	yes	B	no	yes
GALNT6	no	no	yes	B	no	no
GALNT7	no	no	yes	B	no	yes
GALR1	no	no	no	B	no	no
GALT	no	yes	yes	B	yes	yes
GAMT	no	yes	yes	B	yes	yes
GAN	no	no	yes	B	no	no
GANAB	yes	yes	yes	A	yes	yes
GANC	no	no	yes	B	no	yes
GAPDH	yes	yes	yes	A	yes	yes
GAPDH-PS15	no	no	no	B	no	no
GAPDH-PS16	no	no	no	B	no	no
GAPDHS	no	no	yes	B	no	no
GAPVD1	yes	yes	yes	A	yes	yes
GAR1	no	yes	yes	B	yes	yes
GAREM	no	no	no	B	no	no
GAREM1	no	no	yes	B	no	no
GAREM2	no	no	no	B	no	no
GARIN1B	no	no	no	B	no	no
GARIN5A	no	no	no	B	no	no
GARNL3	no	no	yes	B	no	no
GARRE1	no	no	yes	B	no	no
GARS	no	no	no	B	no	no
GARS1	yes	yes	yes	A	yes	no
GART	yes	yes	yes	A	yes	yes
GAS1	no	no	yes	B	no	yes
GAS2	no	no	yes	B	no	no
GAS2L1	no	no	yes	B	no	yes
GAS2L3	no	no	no	B	no	no
GAS5	no	no	no	B	no	no
GAS6	no	no	yes	B	no	yes
GAS7	no	no	yes	B	no	yes
GASK1A	no	no	no	B	no	no
GASK1B	no	no	yes	B	no	no
GATA2	no	no	yes	B	no	yes
GATA3	no	no	yes	B	no	yes
GATA4	no	no	no	B	no	no
GATA5	no	no	no	B	no	no
GATA6	no	no	yes	B	no	no
GATAD1	no	no	yes	B	no	yes
GATAD2A	no	no	yes	B	no	yes
GATAD2B	no	no	yes	B	no	yes
GATB	no	no	yes	B	no	yes
GATC	no	no	yes	B	no	yes
GATD1	no	no	yes	B	no	no
GATD3	no	no	yes	B	no	no
GATM	yes	yes	yes	A	yes	yes
GATSL2	no	no	no	B	no	no
GATSL3	no	no	no	B	no	no
GBA	no	no	no	B	no	no
GBA1	yes	yes	yes	A	yes	no
GBA2	no	no	yes	B	no	yes
GBA3	yes	yes	no	B	no	no
GBAS	no	no	no	B	no	no
GBE1	yes	yes	yes	A	yes	yes
GBF1	no	no	yes	B	no	yes
GBGT1	no	no	yes	B	no	no
GBP10	no	no	no	B	no	no
GBP2	no	no	yes	B	no	no
GBP3	no	no	yes	B	no	no
GBP4	no	no	no	B	no	no
GBP5	no	no	yes	B	no	yes
GBP6	no	no	yes	B	no	no
GBP7	no	no	yes	B	no	no
GBP8	no	no	no	B	no	no
GBP9	no	no	yes	B	no	no
GBX1	no	no	no	B	no	no
GC	yes	yes	yes	A	yes	no
GCA	no	no	yes	B	no	yes
GCAT	yes	yes	yes	A	yes	yes
GCC1	no	no	yes	B	no	yes
GCC2	no	no	yes	B	no	yes
GCDH	yes	yes	yes	A	yes	yes
GCFC2	no	no	yes	B	no	no
GCGR	no	no	yes	B	no	yes
GCH1	no	no	yes	B	no	yes
GCHFR	no	no	yes	B	no	yes
GCLC	yes	yes	yes	A	yes	yes
GCLM	yes	yes	yes	A	yes	yes
GCM1	no	no	no	B	no	no
GCN1	yes	yes	yes	A	yes	no
GCN1L1	no	no	no	B	no	no
GCNT1	no	no	yes	B	no	yes
GCNT2	no	no	yes	B	no	yes
GCNT3	no	no	no	B	no	no
GCNT4	no	no	yes	B	no	yes
GCSAM	no	no	yes	B	no	no
GCSH	yes	yes	yes	A	yes	yes
GDA	yes	no	yes	B	yes	yes
GDAP10	no	no	no	B	no	no
GDAP1L1	no	no	yes	B	no	no
GDAP2	no	no	yes	B	no	yes
GDE1	no	no	yes	B	no	yes
GDF1	no	no	no	B	no	no
GDF10	no	no	yes	B	no	no
GDF11	no	no	no	B	no	yes
GDF15	no	no	yes	B	no	yes
GDF7	no	no	no	B	no	no
GDF9	no	no	no	B	no	no
GDI1	yes	yes	yes	A	yes	yes
GDI2	yes	yes	yes	A	yes	yes
GDPD1	no	no	yes	B	no	no
GDPD2	no	no	no	B	no	no
GDPD3	yes	no	yes	B	yes	yes
GDPD5	no	no	yes	B	no	yes
GDPGP1	no	no	yes	B	no	yes
GEM	no	no	yes	B	no	yes
GEMIN2	no	no	yes	B	no	yes
GEMIN4	no	no	yes	B	no	no
GEMIN5	no	no	yes	B	no	yes
GEMIN6	no	no	yes	B	no	yes
GEMIN7	no	no	yes	B	no	yes
GEMIN8	no	no	yes	B	no	yes
GEN1	no	no	yes	B	no	no
GET1	no	no	yes	B	no	no
GET3	yes	yes	yes	A	yes	no
GET4	no	no	yes	B	no	yes
GFER	yes	no	yes	B	yes	yes
GFI1	no	no	no	B	no	no
GFM1	yes	yes	yes	A	yes	yes
GFM2	no	no	yes	B	no	yes
GFOD1	no	no	yes	B	no	no
GFOD2	no	no	yes	B	no	yes
GFPT1	yes	yes	yes	A	yes	yes
GFPT2	no	no	yes	B	no	no
GFRA1	no	no	yes	B	no	no
GFRA2	no	no	yes	B	no	no
GFRA4	no	no	no	B	no	no
GFUS	yes	yes	yes	A	yes	no
GGA1	yes	no	yes	B	yes	yes
GGA2	no	no	yes	B	no	yes
GGA3	no	no	yes	B	no	yes
GGACT	yes	yes	yes	A	yes	yes
GGCT	yes	no	yes	B	yes	yes
GGCX	no	no	yes	B	no	yes
GGH	yes	yes	yes	A	yes	yes
GGN	no	no	no	B	no	no
GGNBP1	no	no	no	B	no	no
GGNBP2	no	no	yes	B	no	yes
GGPS1	no	no	yes	B	no	yes
GGT1	yes	yes	yes	A	yes	yes
GGT5	no	no	yes	B	no	yes
GGT6	no	no	yes	B	no	yes
GGT7	no	no	yes	B	no	no
GGTA1	no	no	yes	B	no	yes
GHDC	no	no	yes	B	no	yes
GHITM	no	no	yes	B	no	yes
GHR	no	no	yes	B	no	yes
GHRHR	no	no	no	B	no	no
GHRL	no	no	yes	B	no	no
GID4	no	no	yes	B	no	yes
GID8	no	no	yes	B	no	yes
GIGYF1	no	no	yes	B	no	yes
GIGYF2	no	no	yes	B	no	yes
GIMAP1	no	no	yes	B	no	no
GIMAP1OS	no	no	no	B	no	no
GIMAP2	no	no	no	B	no	no
GIMAP3	no	no	no	B	no	no
GIMAP4	no	no	yes	B	no	no
GIMAP5	no	no	yes	B	no	no
GIMAP6	no	no	yes	B	no	yes
GIMAP7	no	no	yes	B	no	no
GIMAP8	no	no	yes	B	no	yes
GIMAP9	no	no	yes	B	no	no
GIN1	no	no	no	B	no	yes
GINM1	no	no	yes	B	no	yes
GINS1	no	no	yes	B	no	yes
GINS2	no	no	yes	B	no	no
GINS3	no	no	yes	B	no	yes
GINS4	no	no	yes	B	no	yes
GIPC1	no	no	yes	B	no	yes
GIPC2	yes	yes	yes	A	yes	yes
GIPC3	no	no	yes	B	no	no
GIT1	no	yes	yes	B	yes	yes
GIT2	no	no	yes	B	no	yes
GJA1	no	no	yes	B	no	yes
GJA4	no	no	yes	B	no	yes
GJA5	no	no	yes	B	no	yes
GJB1	no	no	yes	B	no	yes
GJB2	no	no	yes	B	no	yes
GJB3	no	no	yes	B	no	no
GJB4	no	no	no	B	no	no
GJB5	no	no	no	B	no	no
GJB6	no	no	no	B	no	no
GJC1	no	no	no	B	no	yes
GJC2	no	no	no	B	no	no
GK	yes	yes	yes	A	yes	no
GK5	no	no	yes	B	no	yes
GKAP1	no	no	yes	B	no	yes
GLA	yes	yes	yes	A	yes	yes
GLB1	yes	yes	yes	A	yes	yes
GLB1L	no	no	yes	B	no	yes
GLB1L2	no	no	yes	B	no	no
GLCCI1	no	no	yes	B	no	no
GLCE	no	no	yes	B	no	yes
GLDC	yes	yes	yes	A	yes	yes
GLDN	no	no	no	B	no	no
GLE1	no	no	yes	B	no	yes
GLG1	yes	yes	yes	A	yes	yes
GLI1	no	no	no	B	no	no
GLI2	no	no	no	B	no	no
GLI3	no	no	yes	B	no	no
GLI4	no	no	no	B	no	no
GLIPR1	no	no	yes	B	no	yes
GLIPR2	yes	no	yes	B	yes	yes
GLIS1	no	no	no	B	no	yes
GLIS2	no	no	yes	B	no	yes
GLIS3	no	no	yes	B	no	yes
GLMN	no	no	yes	B	no	yes
GLMP	yes	yes	yes	A	yes	yes
GLNS-PS1	no	no	no	B	no	no
GLO1	yes	yes	yes	A	yes	yes
GLO1-PS	no	no	no	B	no	no
GLOD4	yes	yes	yes	A	yes	yes
GLOD5	no	no	yes	B	no	no
GLP1R	no	no	no	B	no	no
GLRA2	no	no	no	B	no	no
GLRB	no	no	no	B	no	no
GLRX	yes	yes	yes	A	yes	yes
GLRX2	no	no	yes	B	no	yes
GLRX3	yes	yes	yes	A	yes	yes
GLRX5	yes	yes	yes	A	yes	yes
GLS	yes	yes	yes	A	yes	yes
GLS2	no	no	no	B	no	no
GLT1D1	no	no	yes	B	no	yes
GLT28D2	no	no	yes	B	no	no
GLT8D1	no	no	yes	B	no	yes
GLT8D2	no	no	no	B	no	no
GLTP	yes	yes	yes	A	yes	yes
GLTPD2	no	no	yes	B	no	no
GLTSCR1	no	no	no	B	no	no
GLTSCR1L	no	no	no	B	no	no
GLTSCR2	no	no	no	B	no	no
GLUD-PS	no	no	no	B	no	no
GLUD1	yes	yes	yes	A	yes	yes
GLUL	no	no	yes	B	no	yes
GLYAT	yes	yes	yes	A	yes	yes
GLYCTK	yes	yes	yes	A	yes	yes
GLYR1	yes	no	yes	B	yes	yes
GM10015	no	no	no	B	no	no
GM10029	no	no	no	B	no	no
GM10032	no	no	no	B	no	no
GM10033	no	no	yes	B	no	no
GM10036	no	no	no	B	no	no
GM10037	no	no	no	B	no	no
GM10039	no	no	no	B	no	no
GM10045	no	no	no	B	no	no
GM10051	no	no	no	B	no	no
GM10052	no	no	no	B	no	no
GM10053	no	no	no	B	no	no
GM10059	no	no	no	B	no	no
GM10060	no	no	no	B	no	no
GM10073	no	no	no	B	no	no
GM10074	no	no	no	B	no	no
GM10075	no	no	no	B	no	no
GM10076	no	no	no	B	no	no
GM10080	no	no	no	B	no	no
GM10086	no	no	no	B	no	no
GM10094	no	no	no	B	no	no
GM10095	no	no	no	B	no	no
GM10108	no	no	no	B	no	no
GM10109	no	no	no	B	no	no
GM10110	no	no	no	B	no	no
GM10116	no	no	no	B	no	no
GM10123	no	no	no	B	no	no
GM10130	no	no	no	B	no	no
GM10131	no	no	no	B	no	no
GM10132	no	no	no	B	no	no
GM10134	no	no	no	B	no	no
GM10136	no	no	no	B	no	no
GM10138	no	no	no	B	no	no
GM10145	no	no	no	B	no	no
GM10146	no	no	no	B	no	no
GM10154	no	no	no	B	no	no
GM10155	no	no	no	B	no	no
GM10156	no	no	no	B	no	no
GM10157	no	no	no	B	no	no
GM10163	no	no	no	B	no	no
GM10167	no	no	no	B	no	no
GM10169	no	no	no	B	no	no
GM10171	no	no	no	B	no	no
GM10175	no	no	no	B	no	no
GM10177	no	no	no	B	no	no
GM10180	no	no	no	B	no	no
GM10182	no	no	no	B	no	no
GM10184	no	no	no	B	no	no
GM10193	no	no	no	B	no	no
GM10221	no	no	no	B	no	no
GM10222	no	no	no	B	no	no
GM10226	no	no	no	B	no	no
GM10231	no	no	no	B	no	no
GM10232	no	no	no	B	no	no
GM10233	no	no	no	B	no	no
GM10240	no	no	no	B	no	no
GM10241	no	no	no	B	no	no
GM10243	no	no	no	B	no	no
GM10247	no	no	no	B	no	no
GM10250	no	no	no	B	no	no
GM10254	no	no	no	B	no	no
GM10256	no	no	no	B	no	no
GM10257	no	no	no	B	no	no
GM10259	no	no	no	B	no	no
GM10263	no	no	no	B	no	no
GM10268	no	no	no	B	no	no
GM10269	no	no	no	B	no	no
GM10271	no	no	no	B	no	no
GM10273	no	no	no	B	no	no
GM10275	no	no	no	B	no	no
GM10282	no	no	no	B	no	no
GM10284	no	no	no	B	no	no
GM10288	no	no	no	B	no	no
GM10291	no	no	no	B	no	no
GM10293	no	no	no	B	no	no
GM10297	no	no	no	B	no	no
GM10311	no	no	no	B	no	no
GM10320	no	no	no	B	no	no
GM10327	no	no	no	B	no	no
GM10335	no	no	no	B	no	no
GM10352	no	no	no	B	no	no
GM10353	no	no	no	B	no	no
GM10355	no	no	no	B	no	no
GM10356	no	no	no	B	no	no
GM10357	no	no	no	B	no	no
GM10358	no	no	no	B	no	no
GM10359	no	no	no	B	no	no
GM10362	no	no	no	B	no	no
GM10375	no	no	no	B	no	no
GM10382	no	no	no	B	no	no
GM10399	no	no	no	B	no	no
GM10420	no	no	no	B	no	no
GM10443	no	no	no	B	no	no
GM10451	no	no	no	B	no	no
GM10478	no	no	no	B	no	no
GM10479	no	no	no	B	no	no
GM10481	no	no	no	B	no	no
GM10509	no	no	no	B	no	no
GM10516	no	no	no	B	no	no
GM10522	no	no	no	B	no	no
GM10524	no	no	no	B	no	no
GM10549	no	no	no	B	no	no
GM10557	no	no	no	B	no	no
GM10566	no	no	no	B	no	no
GM10570	no	no	no	B	no	no
GM10591	no	no	no	B	no	no
GM10599	no	no	no	B	no	no
GM10600	no	no	no	B	no	no
GM10602	no	no	no	B	no	no
GM10608	no	no	no	B	no	no
GM10615	no	no	no	B	no	no
GM10638	no	no	no	B	no	no
GM10639	no	no	no	B	no	no
GM10643	no	no	no	B	no	no
GM10651	no	no	no	B	no	no
GM10658	no	no	no	B	no	no
GM10681	no	no	no	B	no	no
GM10687	no	no	no	B	no	no
GM10698	no	no	no	B	no	no
GM10705	no	no	no	B	no	no
GM10709	no	no	no	B	no	no
GM10732	no	no	no	B	no	no
GM10734	no	no	no	B	no	no
GM10736	no	no	no	B	no	no
GM10762	no	no	no	B	no	no
GM10767	no	no	no	B	no	no
GM10774	no	no	no	B	no	no
GM10778	no	no	yes	B	no	no
GM10787	no	no	no	B	no	no
GM10800	no	no	no	B	no	no
GM10804	no	no	no	B	no	no
GM10819	no	no	no	B	no	no
GM10845	no	no	no	B	no	no
GM10872	no	no	no	B	no	no
GM10916	no	no	no	B	no	no
GM10925	no	no	no	B	no	no
GM10941	no	no	no	B	no	no
GM10959	no	no	no	B	no	no
GM10972	no	no	no	B	no	no
GM11007	no	no	no	B	no	no
GM11008	no	no	no	B	no	no
GM11042	no	no	no	B	no	no
GM11060	no	no	no	B	no	no
GM11084	no	no	no	B	no	no
GM11096	no	no	no	B	no	no
GM11127	no	no	no	B	no	no
GM11128	no	no	no	B	no	no
GM11175	no	no	no	B	no	no
GM11189	no	no	no	B	no	no
GM11196	no	no	no	B	no	no
GM11221	no	no	no	B	no	no
GM11223	no	no	no	B	no	no
GM11249	no	no	no	B	no	no
GM11263	no	no	no	B	no	no
GM11353	no	no	no	B	no	no
GM11361	no	no	no	B	no	no
GM11398	no	no	no	B	no	no
GM11423	no	no	no	B	no	no
GM11425	no	no	no	B	no	no
GM11427	no	no	no	B	no	no
GM11434	no	no	no	B	no	no
GM11451	no	no	no	B	no	no
GM11465	no	no	no	B	no	no
GM11466	no	no	no	B	no	no
GM11471	no	no	no	B	no	no
GM11478	no	no	no	B	no	no
GM11510	no	no	no	B	no	no
GM11512	no	no	no	B	no	no
GM11517	no	no	no	B	no	no
GM11518	no	no	no	B	no	no
GM11520	no	no	no	B	no	no
GM11536	no	no	no	B	no	no
GM11539	no	no	no	B	no	no
GM11560	no	no	no	B	no	no
GM11578	no	no	no	B	no	no
GM11585	no	no	no	B	no	no
GM11599	no	no	no	B	no	no
GM11605	no	no	no	B	no	no
GM11611	no	no	no	B	no	no
GM11612	no	no	no	B	no	no
GM11613	no	no	no	B	no	no
GM11615	no	no	no	B	no	no
GM11619	no	no	no	B	no	no
GM11620	no	no	no	B	no	no
GM11628	no	no	no	B	no	no
GM11629	no	no	no	B	no	no
GM11632	no	no	no	B	no	no
GM11642	no	no	no	B	no	no
GM11663	no	no	no	B	no	no
GM11687	no	no	no	B	no	no
GM11695	no	no	no	B	no	no
GM11696	no	no	no	B	no	no
GM11702	no	no	no	B	no	no
GM11703	no	no	no	B	no	no
GM11705	no	no	no	B	no	no
GM11707	no	no	no	B	no	no
GM11714	no	no	no	B	no	no
GM11730	no	no	no	B	no	no
GM11734	no	no	no	B	no	no
GM11739	no	no	no	B	no	no
GM11752	no	no	no	B	no	no
GM11754	no	no	no	B	no	no
GM11766	no	no	no	B	no	no
GM11767	no	no	no	B	no	no
GM11771	no	no	no	B	no	no
GM11772	no	no	no	B	no	no
GM11775	no	no	no	B	no	no
GM11788	no	no	no	B	no	no
GM11789	no	no	no	B	no	no
GM11808	no	no	no	B	no	no
GM11826	no	no	no	B	no	no
GM11827	no	no	no	B	no	no
GM11836	no	no	no	B	no	no
GM11844	no	no	no	B	no	no
GM11847	no	no	no	B	no	no
GM11874	no	no	no	B	no	no
GM11878	no	no	no	B	no	no
GM11914	no	no	no	B	no	no
GM11942	no	no	no	B	no	no
GM11944	no	no	no	B	no	no
GM11960	no	no	no	B	no	no
GM11962	no	no	no	B	no	no
GM11963	no	no	no	B	no	no
GM11964	no	no	no	B	no	no
GM11966	no	no	no	B	no	no
GM11974	no	no	no	B	no	no
GM11993	no	no	no	B	no	no
GM12002	no	no	no	B	no	no
GM12009	no	no	no	B	no	no
GM12033	no	no	no	B	no	no
GM12070	no	no	no	B	no	no
GM12091	no	no	no	B	no	no
GM12112	no	no	no	B	no	no
GM12115	no	no	no	B	no	no
GM12121	no	no	no	B	no	no
GM12138	no	no	no	B	no	no
GM12141	no	no	no	B	no	no
GM12164	no	no	no	B	no	no
GM12166	no	no	no	B	no	no
GM12168	no	no	no	B	no	no
GM12174	no	no	no	B	no	no
GM12178	no	no	no	B	no	no
GM12183	no	no	no	B	no	no
GM12184	no	no	no	B	no	no
GM12185	no	no	no	B	no	no
GM12191	no	no	no	B	no	no
GM12195	no	no	no	B	no	no
GM12205	no	no	no	B	no	no
GM12207	no	no	no	B	no	no
GM12208	no	no	no	B	no	no
GM12216	no	no	no	B	no	no
GM12226	no	no	no	B	no	no
GM12231	no	no	no	B	no	no
GM12240	no	no	no	B	no	no
GM12250	no	no	yes	B	no	no
GM12251	no	no	no	B	no	no
GM12254	no	no	no	B	no	no
GM12258	no	no	no	B	no	no
GM12261	no	no	no	B	no	no
GM12263	no	no	no	B	no	no
GM12264	no	no	no	B	no	no
GM12276	no	no	no	B	no	no
GM12279	no	no	no	B	no	no
GM12286	no	no	no	B	no	no
GM12291	no	no	no	B	no	no
GM12319	no	no	no	B	no	no
GM12326	no	no	no	B	no	no
GM12335	no	no	no	B	no	no
GM12337	no	no	no	B	no	no
GM12338	no	no	no	B	no	no
GM12343	no	no	no	B	no	no
GM12346	no	no	no	B	no	no
GM12350	no	no	no	B	no	no
GM12352	no	no	no	B	no	no
GM12353	no	no	no	B	no	no
GM12354	no	no	no	B	no	no
GM12356	no	no	no	B	no	no
GM12366	no	no	no	B	no	no
GM12396	no	no	no	B	no	no
GM12397	no	no	no	B	no	no
GM12400	no	no	no	B	no	no
GM12407	no	no	no	B	no	no
GM12411	no	no	no	B	no	no
GM12416	no	no	no	B	no	no
GM12418	no	no	no	B	no	no
GM12426	no	no	no	B	no	no
GM12428	no	no	no	B	no	no
GM12431	no	no	no	B	no	no
GM12435	no	no	no	B	no	no
GM12454	no	no	no	B	no	no
GM12473	no	no	no	B	no	no
GM12481	no	no	no	B	no	no
GM12499	no	no	no	B	no	no
GM12501	no	no	no	B	no	no
GM12537	no	no	no	B	no	no
GM12543	no	no	no	B	no	no
GM12571	no	no	no	B	no	no
GM12576	no	no	no	B	no	no
GM12603	no	no	no	B	no	no
GM12657	no	no	no	B	no	no
GM12663	no	no	no	B	no	no
GM12669	no	no	no	B	no	no
GM12671	no	no	no	B	no	no
GM12678	no	no	no	B	no	no
GM12693	no	no	no	B	no	no
GM12696	no	no	no	B	no	no
GM12715	no	no	no	B	no	no
GM12749	no	no	no	B	no	no
GM12750	no	no	no	B	no	no
GM12751	no	no	no	B	no	no
GM12762	no	no	no	B	no	no
GM12781	no	no	no	B	no	no
GM12788	no	no	no	B	no	no
GM12795	no	no	no	B	no	no
GM12796	no	no	no	B	no	no
GM12816	no	no	no	B	no	no
GM12840	no	no	no	B	no	no
GM12844	no	no	no	B	no	no
GM12847	no	no	no	B	no	no
GM12854	no	no	no	B	no	no
GM12867	no	no	no	B	no	no
GM12868	no	no	no	B	no	no
GM12902	no	no	no	B	no	no
GM12918	no	no	no	B	no	no
GM12922	no	no	no	B	no	no
GM12927	no	no	no	B	no	no
GM12928	no	no	no	B	no	no
GM12932	no	no	no	B	no	no
GM12940	no	no	no	B	no	no
GM12941	no	no	no	B	no	no
GM12942	no	no	no	B	no	no
GM12946	no	no	no	B	no	no
GM12960	no	no	no	B	no	no
GM12961	no	no	no	B	no	no
GM12962	no	no	no	B	no	no
GM12963	no	no	no	B	no	no
GM12966	no	no	no	B	no	no
GM12978	no	no	no	B	no	no
GM12981	no	no	no	B	no	no
GM12989	no	no	no	B	no	no
GM12993	no	no	no	B	no	no
GM12996	no	no	no	B	no	no
GM12999	no	no	no	B	no	no
GM13019	no	no	no	B	no	no
GM13033	no	no	no	B	no	no
GM13053	no	no	no	B	no	no
GM13056	no	no	no	B	no	no
GM13071	no	no	no	B	no	no
GM13075	no	no	no	B	no	no
GM13091	no	no	no	B	no	no
GM13092	no	no	no	B	no	no
GM13111	no	no	no	B	no	no
GM13123	no	no	no	B	no	no
GM13127	no	no	no	B	no	no
GM13131	no	no	no	B	no	no
GM13135	no	no	no	B	no	no
GM13139	no	no	no	B	no	no
GM13157	no	no	no	B	no	no
GM13166	no	no	no	B	no	no
GM13167	no	no	no	B	no	no
GM13192	no	no	no	B	no	no
GM13193	no	no	no	B	no	no
GM13194	no	no	no	B	no	no
GM13195	no	no	no	B	no	no
GM13205	no	no	no	B	no	no
GM13217	no	no	no	B	no	no
GM13226	no	no	no	B	no	no
GM13232	no	no	no	B	no	no
GM13237	no	no	no	B	no	no
GM13241	no	no	no	B	no	no
GM13245	no	no	no	B	no	no
GM13262	no	no	no	B	no	no
GM13292	no	no	no	B	no	no
GM13301	no	no	no	B	no	no
GM13302	no	no	no	B	no	no
GM13304	no	no	no	B	no	no
GM13306	no	no	no	B	no	no
GM13316	no	no	no	B	no	no
GM13331	no	no	no	B	no	no
GM13339	no	no	no	B	no	no
GM13340	no	no	no	B	no	no
GM13341	no	no	no	B	no	no
GM13342	no	no	no	B	no	no
GM13363	no	no	no	B	no	no
GM13370	no	no	no	B	no	no
GM13375	no	no	no	B	no	no
GM13378	no	no	no	B	no	no
GM13392	no	no	no	B	no	no
GM13394	no	no	no	B	no	no
GM13398	no	no	no	B	no	no
GM13408	no	no	no	B	no	no
GM13412	no	no	no	B	no	no
GM13414	no	no	no	B	no	no
GM13420	no	no	no	B	no	no
GM13421	no	no	no	B	no	no
GM13422	no	no	no	B	no	no
GM13430	no	no	no	B	no	no
GM13431	no	no	no	B	no	no
GM13433	no	no	no	B	no	no
GM13436	no	no	no	B	no	no
GM13443	no	no	no	B	no	no
GM13450	no	no	no	B	no	no
GM13453	no	no	no	B	no	no
GM13456	no	no	no	B	no	no
GM13461	no	no	no	B	no	no
GM13464	no	no	no	B	no	no
GM13470	no	no	no	B	no	no
GM13483	no	no	no	B	no	no
GM13493	no	no	no	B	no	no
GM13509	no	no	no	B	no	no
GM13528	no	no	no	B	no	no
GM13552	no	no	no	B	no	no
GM13563	no	no	no	B	no	no
GM13577	no	no	no	B	no	no
GM13586	no	no	no	B	no	no
GM13594	no	no	no	B	no	no
GM13597	no	no	no	B	no	no
GM13611	no	no	no	B	no	no
GM13625	no	no	no	B	no	no
GM13648	no	no	no	B	no	no
GM13652	no	no	no	B	no	no
GM13653	no	no	no	B	no	no
GM13655	no	no	no	B	no	no
GM13669	no	no	no	B	no	no
GM13680	no	no	no	B	no	no
GM13689	no	no	no	B	no	no
GM13690	no	no	no	B	no	no
GM13710	no	no	no	B	no	no
GM13717	no	no	no	B	no	no
GM13736	no	no	no	B	no	no
GM13767	no	no	no	B	no	no
GM13768	no	no	no	B	no	no
GM13772	no	no	no	B	no	no
GM13778	no	no	no	B	no	no
GM13803	no	no	no	B	no	no
GM13807	no	no	no	B	no	no
GM13835	no	no	no	B	no	no
GM13840	no	no	no	B	no	no
GM13841	no	no	no	B	no	no
GM13855	no	no	no	B	no	no
GM13861	no	no	no	B	no	no
GM13864	no	no	no	B	no	no
GM13868	no	no	no	B	no	no
GM13882	no	no	no	B	no	no
GM13910	no	no	no	B	no	no
GM13936	no	no	no	B	no	no
GM13991	no	no	no	B	no	no
GM14005	no	no	no	B	no	no
GM14017	no	no	no	B	no	no
GM14018	no	no	no	B	no	no
GM14027	no	no	no	B	no	no
GM14036	no	no	no	B	no	no
GM14038	no	no	no	B	no	no
GM14044	no	no	no	B	no	no
GM14048	no	no	no	B	no	no
GM14049	no	no	no	B	no	no
GM14057	no	no	no	B	no	no
GM14117	no	no	no	B	no	no
GM14121	no	no	no	B	no	no
GM14150	no	no	no	B	no	no
GM14161	no	no	no	B	no	no
GM14165	no	no	no	B	no	no
GM14167	no	no	no	B	no	no
GM14173	no	no	no	B	no	no
GM14176	no	no	no	B	no	no
GM14207	no	no	no	B	no	no
GM14230	no	no	no	B	no	no
GM14233	no	no	no	B	no	no
GM14235	no	no	no	B	no	no
GM14253	no	no	no	B	no	no
GM14257	no	no	no	B	no	no
GM14269	no	no	no	B	no	no
GM14270	no	no	no	B	no	no
GM14276	no	no	no	B	no	no
GM14279	no	no	no	B	no	no
GM14284	no	no	no	B	no	no
GM14286	no	no	no	B	no	no
GM14287	no	no	no	B	no	no
GM14288	no	no	no	B	no	no
GM14290	no	no	no	B	no	no
GM14292	no	no	no	B	no	no
GM14295	no	no	no	B	no	no
GM14296	no	no	no	B	no	no
GM14303	no	no	no	B	no	no
GM14305	no	no	no	B	no	no
GM14308	no	no	no	B	no	no
GM14319	no	no	no	B	no	no
GM14320	no	no	no	B	no	no
GM14321	no	no	no	B	no	no
GM14322	no	no	no	B	no	no
GM14325	no	no	yes	B	no	no
GM14326	no	no	no	B	no	no
GM14327	no	no	no	B	no	no
GM14388	no	no	no	B	no	no
GM14391	no	no	no	B	no	no
GM14396	no	no	no	B	no	no
GM14398	no	no	no	B	no	no
GM14399	no	no	yes	B	no	no
GM14401	no	no	yes	B	no	no
GM14403	no	no	yes	B	no	no
GM14410	no	no	no	B	no	no
GM14412	no	no	no	B	no	no
GM14414	no	no	no	B	no	no
GM14416	no	no	no	B	no	no
GM14418	no	no	no	B	no	no
GM14419	no	no	no	B	no	no
GM14420	no	no	no	B	no	no
GM14421	no	no	no	B	no	no
GM14434	no	no	no	B	no	no
GM14438	no	no	no	B	no	no
GM14439	no	no	no	B	no	no
GM14440	no	no	no	B	no	no
GM14446	no	no	no	B	no	no
GM14494	no	no	no	B	no	no
GM14508	no	no	no	B	no	no
GM14536	no	no	no	B	no	no
GM14539	no	no	no	B	no	no
GM14541	no	no	no	B	no	no
GM14548	no	no	no	B	no	no
GM14567	no	no	no	B	no	no
GM14584	no	no	no	B	no	no
GM14586	no	no	no	B	no	no
GM14597	no	no	no	B	no	no
GM14648	no	no	no	B	no	no
GM14681	no	no	no	B	no	no
GM14686	no	no	no	B	no	no
GM14698	no	no	no	B	no	no
GM14719	no	no	no	B	no	no
GM14730	no	no	no	B	no	no
GM14760	no	no	no	B	no	no
GM14794	no	no	no	B	no	no
GM14822	no	no	no	B	no	no
GM14845	no	no	no	B	no	no
GM14957	no	no	no	B	no	no
GM14964	no	no	no	B	no	no
GM14966	no	no	no	B	no	no
GM14967	no	no	no	B	no	no
GM14970	no	no	no	B	no	no
GM15027	no	no	no	B	no	no
GM15050	no	no	no	B	no	no
GM15065	no	no	no	B	no	no
GM15122	no	no	no	B	no	no
GM15133	no	no	no	B	no	no
GM15137	no	no	no	B	no	no
GM15163	no	no	no	B	no	no
GM15190	no	no	no	B	no	no
GM15191	no	no	no	B	no	no
GM15210	no	no	no	B	no	no
GM15217	no	no	no	B	no	no
GM15222	no	no	no	B	no	no
GM15247	no	no	no	B	no	no
GM15265	no	no	no	B	no	no
GM15318	no	no	no	B	no	no
GM15327	no	no	no	B	no	no
GM15343	no	no	no	B	no	no
GM15344	no	no	no	B	no	no
GM15347	no	no	no	B	no	no
GM15348	no	no	no	B	no	no
GM15361	no	no	no	B	no	no
GM15365	no	no	no	B	no	no
GM15372	no	no	no	B	no	no
GM15375	no	no	no	B	no	no
GM15382	no	no	no	B	no	no
GM15387	no	no	no	B	no	no
GM15408	no	no	no	B	no	no
GM15410	no	no	no	B	no	no
GM15417	no	no	no	B	no	no
GM15418	no	no	no	B	no	no
GM15421	no	no	no	B	no	no
GM15427	no	no	no	B	no	no
GM15429	no	no	no	B	no	no
GM15432	no	no	no	B	no	no
GM15440	no	no	no	B	no	no
GM15441	no	no	no	B	no	no
GM15445	no	no	no	B	no	no
GM15446	no	no	yes	B	no	no
GM15448	no	no	no	B	no	no
GM15452	no	no	no	B	no	no
GM15453	no	no	no	B	no	no
GM15454	no	no	no	B	no	no
GM15459	no	no	no	B	no	no
GM15487	no	no	no	B	no	no
GM15500	no	no	no	B	no	no
GM15501	no	no	no	B	no	no
GM15506	no	no	no	B	no	no
GM15510	no	no	no	B	no	no
GM15516	no	no	no	B	no	no
GM15519	no	no	no	B	no	no
GM15523	no	no	no	B	no	no
GM15526	no	no	no	B	no	no
GM15536	no	no	no	B	no	no
GM15538	no	no	no	B	no	no
GM15542	no	no	no	B	no	no
GM15545	no	no	no	B	no	no
GM15547	no	no	no	B	no	no
GM15563	no	no	no	B	no	no
GM15564	no	no	no	B	no	no
GM15583	no	no	no	B	no	no
GM15590	no	no	no	B	no	no
GM15610	no	no	no	B	no	no
GM15611	no	no	no	B	no	no
GM15616	no	no	no	B	no	no
GM15635	no	no	no	B	no	no
GM15638	no	no	no	B	no	no
GM15655	no	no	no	B	no	no
GM15662	no	no	no	B	no	no
GM15682	no	no	no	B	no	no
GM15694	no	no	no	B	no	no
GM15706	no	no	no	B	no	no
GM15708	no	no	no	B	no	no
GM15710	no	no	no	B	no	no
GM15716	no	no	no	B	no	no
GM15717	no	no	no	B	no	no
GM15718	no	no	no	B	no	no
GM15725	no	no	no	B	no	no
GM15726	no	no	no	B	no	no
GM15727	no	no	no	B	no	no
GM15760	no	no	no	B	no	no
GM15772	no	no	no	B	no	no
GM15776	no	no	no	B	no	no
GM15777	no	no	no	B	no	no
GM15788	no	no	no	B	no	no
GM15793	no	no	no	B	no	no
GM15800	no	no	no	B	no	no
GM15801	no	no	no	B	no	no
GM15823	no	no	no	B	no	no
GM15832	no	no	no	B	no	no
GM15835	no	no	no	B	no	no
GM15846	no	no	no	B	no	no
GM15848	no	no	no	B	no	no
GM15860	no	no	no	B	no	no
GM15867	no	no	no	B	no	no
GM15879	no	no	no	B	no	no
GM15883	no	no	no	B	no	no
GM15888	no	no	no	B	no	no
GM15889	no	no	no	B	no	no
GM15890	no	no	no	B	no	no
GM15895	no	no	no	B	no	no
GM15899	no	no	no	B	no	no
GM15920	no	no	no	B	no	no
GM15922	no	no	no	B	no	no
GM15925	no	no	no	B	no	no
GM15931	no	no	no	B	no	no
GM15932	no	no	no	B	no	no
GM15949	no	no	no	B	no	no
GM15952	no	no	no	B	no	no
GM15962	no	no	no	B	no	no
GM15972	no	no	no	B	no	no
GM16001	no	no	no	B	no	no
GM16004	no	no	no	B	no	no
GM16006	no	no	no	B	no	no
GM16008	no	no	no	B	no	no
GM16010	no	no	no	B	no	no
GM16015	no	no	no	B	no	no
GM16035	no	no	no	B	no	no
GM16039	no	no	no	B	no	no
GM1604A	no	no	no	B	no	no
GM16062	no	no	no	B	no	no
GM16071	no	no	no	B	no	no
GM16089	no	no	no	B	no	no
GM16091	no	no	no	B	no	no
GM16093	no	no	no	B	no	no
GM16098	no	no	no	B	no	no
GM16124	no	no	no	B	no	no
GM16136	no	no	no	B	no	no
GM16146	no	no	no	B	no	no
GM16157	no	no	no	B	no	no
GM16161	no	no	no	B	no	no
GM16163	no	no	no	B	no	no
GM16170	no	no	no	B	no	no
GM16174	no	no	no	B	no	no
GM16184	no	no	no	B	no	no
GM16185	no	no	no	B	no	no
GM16199	no	no	no	B	no	no
GM16209	no	no	no	B	no	no
GM16238	no	no	no	B	no	no
GM16276	no	no	no	B	no	no
GM16283	no	no	no	B	no	no
GM16286	no	no	no	B	no	no
GM16310	no	no	no	B	no	no
GM16332	no	no	no	B	no	no
GM16335	no	no	no	B	no	no
GM16340	no	no	no	B	no	no
GM16374	no	no	no	B	no	no
GM16378	no	no	no	B	no	no
GM16385	no	no	no	B	no	no
GM16409	no	no	no	B	no	no
GM16418	no	no	no	B	no	no
GM16433	no	no	no	B	no	no
GM16437	no	no	no	B	no	no
GM16439	no	no	no	B	no	no
GM16470	no	no	no	B	no	no
GM16476	no	no	no	B	no	no
GM16477	no	no	no	B	no	no
GM16505	no	no	no	B	no	no
GM16536	no	no	no	B	no	no
GM16580	no	no	no	B	no	no
GM16586	no	no	no	B	no	no
GM16589	no	no	no	B	no	no
GM166	no	no	no	B	no	no
GM16675	no	no	no	B	no	no
GM16685	no	no	no	B	no	no
GM16710	no	no	no	B	no	no
GM1673	no	no	no	B	no	no
GM16740	no	no	no	B	no	no
GM16755	no	no	no	B	no	no
GM16793	no	no	no	B	no	no
GM16845	no	no	no	B	no	no
GM16861	no	no	no	B	no	no
GM16867	no	no	no	B	no	no
GM16907	no	no	no	B	no	no
GM16973	no	no	no	B	no	no
GM16984	no	no	no	B	no	no
GM16998	no	no	no	B	no	no
GM17018	no	no	no	B	no	no
GM17021	no	no	no	B	no	no
GM17024	no	no	no	B	no	no
GM17025	no	no	no	B	no	no
GM17028	no	no	no	B	no	no
GM17035	no	no	no	B	no	no
GM17040	no	no	no	B	no	no
GM17066	no	no	no	B	no	no
GM17081	no	no	no	B	no	no
GM17082	no	no	no	B	no	no
GM17084	no	no	no	B	no	no
GM17096	no	no	no	B	no	no
GM17108	no	no	no	B	no	no
GM17112	no	no	no	B	no	no
GM17115	no	no	no	B	no	no
GM17119	no	no	no	B	no	no
GM17133	no	no	no	B	no	no
GM17167	no	no	no	B	no	no
GM17168	no	no	no	B	no	no
GM17181	no	no	no	B	no	no
GM17193	no	no	no	B	no	no
GM17195	no	no	no	B	no	no
GM17201	no	no	no	B	no	no
GM17225	no	no	no	B	no	no
GM17241	no	no	no	B	no	no
GM17251	no	no	no	B	no	no
GM17257	no	no	no	B	no	no
GM17275	no	no	no	B	no	no
GM17296	no	no	no	B	no	no
GM17349	no	no	no	B	no	no
GM17354	no	no	no	B	no	no
GM17383	no	no	no	B	no	no
GM17388	no	no	no	B	no	no
GM17391	no	no	no	B	no	no
GM17396	no	no	no	B	no	no
GM17416	no	no	no	B	no	no
GM17491	no	no	no	B	no	no
GM17501	no	no	no	B	no	no
GM17530	no	no	no	B	no	no
GM17538	no	no	no	B	no	no
GM17545	no	no	no	B	no	no
GM17546	no	no	no	B	no	no
GM17567	no	no	no	B	no	no
GM17586	no	no	no	B	no	no
GM17597	no	no	no	B	no	no
GM17622	no	no	no	B	no	no
GM17634	no	no	no	B	no	no
GM17655	no	no	no	B	no	no
GM17661	no	no	no	B	no	no
GM17662	no	no	no	B	no	no
GM17669	no	no	no	B	no	no
GM17690	no	no	no	B	no	no
GM17709	no	no	no	B	no	no
GM17720	no	no	no	B	no	no
GM17748	no	no	no	B	no	no
GM17750	no	no	no	B	no	no
GM17753	no	no	no	B	no	no
GM17767	no	no	no	B	no	no
GM17786	no	no	no	B	no	no
GM17828	no	no	no	B	no	no
GM17971	no	no	no	B	no	no
GM18101	no	no	no	B	no	no
GM18113	no	no	no	B	no	no
GM18159	no	no	no	B	no	no
GM1818	no	no	no	B	no	no
GM18180	no	no	no	B	no	no
GM18190	no	no	no	B	no	no
GM1821	no	no	no	B	no	no
GM18284	no	no	no	B	no	no
GM1840	no	no	no	B	no	no
GM18537	no	no	no	B	no	no
GM18541	no	no	no	B	no	no
GM18562	no	no	no	B	no	no
GM18584	no	no	no	B	no	no
GM18588	no	no	no	B	no	no
GM1866	no	no	no	B	no	no
GM18666	no	no	no	B	no	no
GM18857	no	no	no	B	no	no
GM19196	no	no	no	B	no	no
GM19209	no	no	no	B	no	no
GM19366	no	no	no	B	no	no
GM19412	no	no	no	B	no	no
GM19426	no	no	no	B	no	no
GM1943	no	no	no	B	no	no
GM19503	no	no	no	B	no	no
GM19541	no	no	no	B	no	no
GM19569	no	no	no	B	no	no
GM19605	no	no	no	B	no	no
GM1966	no	no	no	B	no	no
GM19680	no	no	no	B	no	no
GM19696	no	no	no	B	no	no
GM19705	no	no	no	B	no	no
GM1976	no	no	no	B	no	no
GM19774	no	no	no	B	no	no
GM19810	no	no	no	B	no	no
GM19950	no	no	no	B	no	no
GM19951	no	no	no	B	no	no
GM19980	no	no	no	B	no	no
GM2000	no	no	no	B	no	no
GM20008	no	no	no	B	no	no
GM20033	no	no	no	B	no	no
GM20036	no	no	no	B	no	no
GM2004	no	no	no	B	no	no
GM2007	no	no	no	B	no	no
GM20075	no	no	no	B	no	no
GM20186	no	no	no	B	no	no
GM20204	no	no	no	B	no	no
GM20257	no	no	no	B	no	no
GM2026	no	no	no	B	no	no
GM20300	no	no	no	B	no	no
GM20324	no	no	no	B	no	no
GM20369	no	no	no	B	no	no
GM20390	no	no	no	B	no	no
GM20400	no	no	no	B	no	no
GM20405	no	no	no	B	no	no
GM20422	no	no	no	B	no	no
GM20427	no	no	no	B	no	no
GM20430	no	no	no	B	no	no
GM20431	no	no	no	B	no	no
GM20441	no	no	no	B	no	no
GM20457	no	no	no	B	no	no
GM20458	no	no	no	B	no	no
GM20460	no	no	no	B	no	no
GM20479	no	no	no	B	no	no
GM20485	no	no	no	B	no	no
GM20488	no	no	no	B	no	no
GM20489	no	no	no	B	no	no
GM20492	no	no	no	B	no	no
GM20498	no	no	no	B	no	no
GM20503	no	no	no	B	no	no
GM20507	no	no	no	B	no	no
GM20509	no	no	no	B	no	no
GM20517	no	no	no	B	no	no
GM20518	no	no	no	B	no	no
GM20521	no	no	no	B	no	no
GM20522	no	no	no	B	no	no
GM20529	no	no	no	B	no	no
GM20532	no	no	no	B	no	no
GM20537	no	no	no	B	no	no
GM20538	no	no	no	B	no	no
GM20544	no	no	no	B	no	no
GM20547	no	no	no	B	no	no
GM20548	no	no	no	B	no	no
GM20554	no	no	no	B	no	no
GM20559	no	no	no	B	no	no
GM20563	no	no	no	B	no	no
GM20568	no	no	no	B	no	no
GM20570	no	no	no	B	no	no
GM2058	no	no	no	B	no	no
GM20604	no	no	no	B	no	no
GM20605	no	no	no	B	no	no
GM20632	no	no	no	B	no	no
GM20633	no	no	no	B	no	no
GM20634	no	no	no	B	no	no
GM20645	no	no	no	B	no	no
GM20646	no	no	no	B	no	no
GM20656	no	no	no	B	no	no
GM20657	no	no	no	B	no	no
GM20661	no	no	no	B	no	no
GM20662	no	no	no	B	no	no
GM20671	no	no	no	B	no	no
GM20681	no	no	no	B	no	no
GM20683	no	no	no	B	no	no
GM20684	no	no	no	B	no	no
GM20687	no	no	no	B	no	no
GM20689	no	no	no	B	no	no
GM20695	no	no	no	B	no	no
GM20696	no	no	no	B	no	no
GM20703	no	no	no	B	no	no
GM20707	no	no	no	B	no	no
GM20708	no	no	no	B	no	no
GM20712	no	no	no	B	no	no
GM20713	no	no	no	B	no	no
GM20716	no	no	no	B	no	no
GM20721	no	no	no	B	no	no
GM20748	no	no	no	B	no	no
GM20775	no	no	no	B	no	no
GM20784	no	no	no	B	no	no
GM20900	no	no	no	B	no	no
GM20939	no	no	no	B	no	no
GM21028	no	no	no	B	no	no
GM21092	no	no	no	B	no	no
GM21104	no	no	no	B	no	no
GM2115	no	no	no	B	no	no
GM21188	no	no	no	B	no	no
GM21297	no	no	no	B	no	no
GM21321	no	no	no	B	no	no
GM21378	no	no	no	B	no	no
GM21399	no	no	no	B	no	no
GM21451	no	no	no	B	no	no
GM21586	no	no	no	B	no	no
GM21596	no	no	no	B	no	no
GM21677	no	no	no	B	no	no
GM21691	no	no	no	B	no	no
GM21693	no	no	no	B	no	no
GM21704	no	no	no	B	no	no
GM21708	no	no	no	B	no	no
GM21738	no	no	no	B	no	no
GM21742	no	no	no	B	no	no
GM21748	no	no	no	B	no	no
GM21769	no	no	no	B	no	no
GM21781	no	no	no	B	no	no
GM21807	no	no	no	B	no	no
GM21811	no	no	no	B	no	no
GM21814	no	no	no	B	no	no
GM21857	no	no	no	B	no	no
GM21860	no	no	no	B	no	no
GM21887	no	no	no	B	no	no
GM21926	no	no	no	B	no	no
GM21953	no	no	no	B	no	no
GM21967	no	no	no	B	no	no
GM21969	no	no	no	B	no	no
GM21970	no	no	no	B	no	no
GM21972	no	no	no	B	no	no
GM21973	no	no	no	B	no	no
GM21974	no	no	no	B	no	no
GM21980	no	no	no	B	no	no
GM21981	no	no	no	B	no	no
GM21982	no	no	no	B	no	no
GM21983	no	no	no	B	no	no
GM21984	no	no	no	B	no	no
GM21985	no	no	no	B	no	no
GM21987	no	no	no	B	no	no
GM21988	no	no	no	B	no	no
GM21992	no	no	no	B	no	no
GM22	no	no	no	B	no	no
GM22009	no	no	no	B	no	no
GM22027	no	no	no	B	no	no
GM22043	no	no	no	B	no	no
GM22107	no	no	no	B	no	no
GM22121	no	no	no	B	no	no
GM22175	no	no	no	B	no	no
GM22200	no	no	no	B	no	no
GM22204	no	no	no	B	no	no
GM2223	no	no	no	B	no	no
GM2225	no	no	no	B	no	no
GM22270	no	no	no	B	no	no
GM22341	no	no	no	B	no	no
GM22345	no	no	no	B	no	no
GM22355	no	no	no	B	no	no
GM22357	no	no	no	B	no	no
GM22358	no	no	no	B	no	no
GM22362	no	no	no	B	no	no
GM22378	no	no	no	B	no	no
GM22392	no	no	no	B	no	no
GM22394	no	no	no	B	no	no
GM22478	no	no	no	B	no	no
GM22486	no	no	no	B	no	no
GM22489	no	no	no	B	no	no
GM22513	no	no	no	B	no	no
GM22516	no	no	no	B	no	no
GM22518	no	no	no	B	no	no
GM22571	no	no	no	B	no	no
GM22573	no	no	no	B	no	no
GM22574	no	no	no	B	no	no
GM22579	no	no	no	B	no	no
GM22581	no	no	no	B	no	no
GM22596	no	no	no	B	no	no
GM22620	no	no	no	B	no	no
GM22637	no	no	no	B	no	no
GM22655	no	no	no	B	no	no
GM22661	no	no	no	B	no	no
GM22710	no	no	no	B	no	no
GM22716	no	no	no	B	no	no
GM22720	no	no	no	B	no	no
GM22744	no	no	no	B	no	no
GM22748	no	no	no	B	no	no
GM22753	no	no	no	B	no	no
GM22770	no	no	no	B	no	no
GM22771	no	no	no	B	no	no
GM22772	no	no	no	B	no	no
GM22806	no	no	no	B	no	no
GM22871	no	no	no	B	no	no
GM22903	no	no	no	B	no	no
GM22933	no	no	no	B	no	no
GM22965	no	no	no	B	no	no
GM22972	no	no	no	B	no	no
GM23027	no	no	no	B	no	no
GM23084	no	no	no	B	no	no
GM23119	no	no	no	B	no	no
GM23127	no	no	no	B	no	no
GM23136	no	no	no	B	no	no
GM23172	no	no	no	B	no	no
GM23184	no	no	no	B	no	no
GM23201	no	no	no	B	no	no
GM23238	no	no	no	B	no	no
GM23246	no	no	no	B	no	no
GM23264	no	no	no	B	no	no
GM23318	no	no	no	B	no	no
GM23332	no	no	no	B	no	no
GM23341	no	no	no	B	no	no
GM23346	no	no	no	B	no	no
GM23368	no	no	no	B	no	no
GM23374	no	no	no	B	no	no
GM23388	no	no	no	B	no	no
GM23390	no	no	no	B	no	no
GM23455	no	no	no	B	no	no
GM23458	no	no	no	B	no	no
GM23468	no	no	no	B	no	no
GM23493	no	no	no	B	no	no
GM23497	no	no	no	B	no	no
GM23504	no	no	no	B	no	no
GM23543	no	no	no	B	no	no
GM23564	no	no	no	B	no	no
GM23622	no	no	no	B	no	no
GM23628	no	no	no	B	no	no
GM23639	no	no	no	B	no	no
GM23689	no	no	no	B	no	no
GM23726	no	no	no	B	no	no
GM23751	no	no	no	B	no	no
GM23780	no	no	no	B	no	no
GM23802	no	no	no	B	no	no
GM23823	no	no	no	B	no	no
GM23849	no	no	no	B	no	no
GM23851	no	no	no	B	no	no
GM2387	no	no	no	B	no	no
GM23925	no	no	no	B	no	no
GM23935	no	no	no	B	no	no
GM2395	no	no	no	B	no	no
GM23962	no	no	no	B	no	no
GM2399	no	no	no	B	no	no
GM23991	no	no	no	B	no	no
GM24017	no	no	no	B	no	no
GM24022	no	no	no	B	no	no
GM24029	no	no	no	B	no	no
GM24045	no	no	no	B	no	no
GM24060	no	no	no	B	no	no
GM2412	no	no	no	B	no	no
GM24134	no	no	no	B	no	no
GM2415	no	no	no	B	no	no
GM24187	no	no	no	B	no	no
GM24195	no	no	no	B	no	no
GM2423	no	no	no	B	no	no
GM24233	no	no	no	B	no	no
GM24245	no	no	no	B	no	no
GM24261	no	no	no	B	no	no
GM24265	no	no	no	B	no	no
GM2427	no	no	no	B	no	no
GM24270	no	no	no	B	no	no
GM24276	no	no	no	B	no	no
GM24325	no	no	no	B	no	no
GM24328	no	no	no	B	no	no
GM24339	no	no	no	B	no	no
GM24357	no	no	no	B	no	no
GM2436	no	no	no	B	no	no
GM24366	no	no	no	B	no	no
GM24379	no	no	no	B	no	no
GM24399	no	no	no	B	no	no
GM24400	no	no	no	B	no	no
GM24407	no	no	no	B	no	no
GM24430	no	no	no	B	no	no
GM2445	no	no	no	B	no	no
GM2446	no	no	no	B	no	no
GM24500	no	no	no	B	no	no
GM24501	no	no	no	B	no	no
GM2451	no	no	no	B	no	no
GM24515	no	no	no	B	no	no
GM24521	no	no	no	B	no	no
GM24523	no	no	no	B	no	no
GM24561	no	no	no	B	no	no
GM2457	no	no	no	B	no	no
GM24572	no	no	no	B	no	no
GM24574	no	no	no	B	no	no
GM24597	no	no	no	B	no	no
GM24603	no	no	no	B	no	no
GM24606	no	no	no	B	no	no
GM24613	no	no	no	B	no	no
GM24644	no	no	no	B	no	no
GM24694	no	no	no	B	no	no
GM24727	no	no	no	B	no	no
GM24776	no	no	no	B	no	no
GM24846	no	no	no	B	no	no
GM24855	no	no	no	B	no	no
GM24888	no	no	no	B	no	no
GM24898	no	no	no	B	no	no
GM24920	no	no	no	B	no	no
GM24924	no	no	no	B	no	no
GM24967	no	no	no	B	no	no
GM24970	no	no	no	B	no	no
GM24975	no	no	no	B	no	no
GM24991	no	no	no	B	no	no
GM24996	no	no	no	B	no	no
GM25014	no	no	no	B	no	no
GM25026	no	no	no	B	no	no
GM25035	no	no	no	B	no	no
GM25047	no	no	no	B	no	no
GM25048	no	no	no	B	no	no
GM25053	no	no	no	B	no	no
GM25076	no	no	no	B	no	no
GM25082	no	no	no	B	no	no
GM25108	no	no	no	B	no	no
GM25117	no	no	no	B	no	no
GM25135	no	no	no	B	no	no
GM25184	no	no	no	B	no	no
GM25188	no	no	no	B	no	no
GM25206	no	no	no	B	no	no
GM25220	no	no	no	B	no	no
GM25291	no	no	no	B	no	no
GM25296	no	no	no	B	no	no
GM25301	no	no	no	B	no	no
GM25321	no	no	no	B	no	no
GM25361	no	no	no	B	no	no
GM25386	no	no	no	B	no	no
GM2541	no	no	no	B	no	no
GM25432	no	no	no	B	no	no
GM2546	no	no	no	B	no	no
GM25492	no	no	no	B	no	no
GM25493	no	no	no	B	no	no
GM25500	no	no	no	B	no	no
GM25526	no	no	no	B	no	no
GM25535	no	no	no	B	no	no
GM25545	no	no	no	B	no	no
GM25579	no	no	no	B	no	no
GM25596	no	no	no	B	no	no
GM25604	no	no	no	B	no	no
GM25618	no	no	no	B	no	no
GM25632	no	no	no	B	no	no
GM2564	no	no	no	B	no	no
GM25654	no	no	no	B	no	no
GM25682	no	no	no	B	no	no
GM2573	no	no	no	B	no	no
GM2574	no	no	no	B	no	no
GM25747	no	no	no	B	no	no
GM25772	no	no	no	B	no	no
GM25777	no	no	no	B	no	no
GM25788	no	no	no	B	no	no
GM25789	no	no	no	B	no	no
GM25791	no	no	no	B	no	no
GM25809	no	no	no	B	no	no
GM25820	no	no	no	B	no	no
GM25822	no	no	no	B	no	no
GM25864	no	no	no	B	no	no
GM25881	no	no	no	B	no	no
GM25908	no	no	no	B	no	no
GM25911	no	no	no	B	no	no
GM25927	no	no	no	B	no	no
GM25939	no	no	no	B	no	no
GM25945	no	no	no	B	no	no
GM25952	no	no	no	B	no	no
GM25965	no	no	no	B	no	no
GM25966	no	no	no	B	no	no
GM25982	no	no	no	B	no	no
GM25997	no	no	no	B	no	no
GM26003	no	no	no	B	no	no
GM26020	no	no	no	B	no	no
GM2606	no	no	no	B	no	no
GM2614	no	no	no	B	no	no
GM26175	no	no	no	B	no	no
GM2619	no	no	no	B	no	no
GM26202	no	no	no	B	no	no
GM26203	no	no	no	B	no	no
GM26205	no	no	no	B	no	no
GM26236	no	no	no	B	no	no
GM26244	no	no	no	B	no	no
GM26251	no	no	no	B	no	no
GM26254	no	no	no	B	no	no
GM26268	no	no	no	B	no	no
GM26279	no	no	no	B	no	no
GM26280	no	no	no	B	no	no
GM26347	no	no	no	B	no	no
GM26377	no	no	no	B	no	no
GM26384	no	no	no	B	no	no
GM26397	no	no	no	B	no	no
GM26413	no	no	no	B	no	no
GM26440	no	no	no	B	no	no
GM26448	no	no	no	B	no	no
GM26460	no	no	no	B	no	no
GM26484	no	no	no	B	no	no
GM26493	no	no	no	B	no	no
GM26497	no	no	no	B	no	no
GM26532	no	no	no	B	no	no
GM26549	no	no	no	B	no	no
GM26572	no	no	no	B	no	no
GM26578	no	no	no	B	no	no
GM26587	no	no	no	B	no	no
GM266	no	no	no	B	no	no
GM26617	no	no	no	B	no	no
GM26622	no	no	no	B	no	no
GM26641	no	no	no	B	no	no
GM26684	no	no	no	B	no	no
GM26712	no	no	no	B	no	no
GM26740	no	no	no	B	no	no
GM26767	no	no	no	B	no	no
GM26779	no	no	no	B	no	no
GM26782	no	no	no	B	no	no
GM26798	no	no	no	B	no	no
GM26808	no	no	no	B	no	no
GM26809	no	no	no	B	no	no
GM26873	no	no	no	B	no	no
GM26881	no	no	no	B	no	no
GM26910	no	no	no	B	no	no
GM26917	no	no	no	B	no	no
GM26920	no	no	no	B	no	no
GM26935	no	no	no	B	no	no
GM26938	no	no	no	B	no	no
GM26944	no	no	no	B	no	no
GM26965	no	no	no	B	no	no
GM26982	no	no	no	B	no	no
GM27003	no	no	no	B	no	no
GM27007	no	no	no	B	no	no
GM27010	no	no	no	B	no	no
GM27021	no	no	no	B	no	no
GM27027	no	no	no	B	no	no
GM27028	no	no	no	B	no	no
GM27029	no	no	no	B	no	no
GM27030	no	no	no	B	no	no
GM27042	no	no	no	B	no	no
GM2710	no	no	no	B	no	no
GM27176	no	no	no	B	no	no
GM27177	no	no	no	B	no	no
GM27184	no	no	no	B	no	no
GM27202	no	no	no	B	no	no
GM27216	no	no	no	B	no	no
GM27221	no	no	no	B	no	no
GM27222	no	no	no	B	no	no
GM27239	no	no	no	B	no	no
GM27252	no	no	no	B	no	no
GM27326	no	no	no	B	no	no
GM27343	no	no	no	B	no	no
GM27353	no	no	no	B	no	no
GM27402	no	no	no	B	no	no
GM27415	no	no	no	B	no	no
GM27477	no	no	no	B	no	no
GM27514	no	no	no	B	no	no
GM27529	no	no	no	B	no	no
GM27602	no	no	no	B	no	no
GM27616	no	no	no	B	no	no
GM27676	no	no	no	B	no	no
GM27861	no	no	no	B	no	no
GM2792	no	no	no	B	no	no
GM27920	no	no	no	B	no	no
GM27934	no	no	no	B	no	no
GM28023	no	no	no	B	no	no
GM28035	no	no	no	B	no	no
GM28036	no	no	no	B	no	no
GM28037	no	no	no	B	no	no
GM28038	no	no	no	B	no	no
GM28039	no	no	no	B	no	no
GM28041	no	no	no	B	no	no
GM28042	no	no	no	B	no	no
GM28043	no	no	no	B	no	no
GM28044	no	no	no	B	no	no
GM28047	no	no	no	B	no	no
GM28051	no	no	no	B	no	no
GM28052	no	no	no	B	no	no
GM28053	no	no	no	B	no	no
GM2808	no	no	no	B	no	no
GM2810	no	no	no	B	no	no
GM28116	no	no	no	B	no	no
GM28151	no	no	no	B	no	no
GM28177	no	no	no	B	no	no
GM28192	no	no	no	B	no	no
GM28230	no	no	no	B	no	no
GM2830	no	no	no	B	no	no
GM28305	no	no	no	B	no	no
GM28309	no	no	no	B	no	no
GM28370	no	no	no	B	no	no
GM28374	no	no	no	B	no	no
GM28417	no	no	no	B	no	no
GM28424	no	no	no	B	no	no
GM28437	no	no	no	B	no	no
GM28438	no	no	no	B	no	no
GM28439	no	no	no	B	no	no
GM28496	no	no	no	B	no	no
GM28503	no	no	no	B	no	no
GM28529	no	no	no	B	no	no
GM28539	no	no	no	B	no	no
GM28551	no	no	no	B	no	no
GM28557	no	no	no	B	no	no
GM28582	no	no	no	B	no	no
GM28635	no	no	no	B	no	no
GM28661	no	no	no	B	no	no
GM28778	no	no	no	B	no	no
GM28793	no	no	no	B	no	no
GM28809	no	no	no	B	no	no
GM28845	no	no	no	B	no	no
GM28875	no	no	no	B	no	no
GM28900	no	no	no	B	no	no
GM28913	no	no	no	B	no	no
GM28933	no	no	no	B	no	no
GM28967	no	no	no	B	no	no
GM29008	no	no	no	B	no	no
GM29012	no	no	no	B	no	no
GM29093	no	no	no	B	no	no
GM29094	no	no	no	B	no	no
GM29103	no	no	no	B	no	no
GM29107	no	no	no	B	no	no
GM29156	no	no	no	B	no	no
GM29201	no	no	no	B	no	no
GM29216	no	no	no	B	no	no
GM29232	no	no	no	B	no	no
GM29237	no	no	no	B	no	no
GM29247	no	no	no	B	no	no
GM29253	no	no	no	B	no	no
GM29284	no	no	no	B	no	no
GM29289	no	no	no	B	no	no
GM29294	no	no	no	B	no	no
GM29337	no	no	no	B	no	no
GM29394	no	no	no	B	no	no
GM29397	no	no	no	B	no	no
GM29417	no	no	no	B	no	no
GM29427	no	no	no	B	no	no
GM29510	no	no	no	B	no	no
GM29562	no	no	no	B	no	no
GM29609	no	no	no	B	no	no
GM2962	no	no	no	B	no	no
GM29630	no	no	no	B	no	no
GM29642	no	no	no	B	no	no
GM29650	no	no	no	B	no	no
GM29667	no	no	no	B	no	no
GM29668	no	no	no	B	no	no
GM29719	no	no	no	B	no	no
GM29787	no	no	no	B	no	no
GM2981	no	no	no	B	no	no
GM2991	no	no	no	B	no	no
GM2999	no	no	no	B	no	no
GM2A	yes	yes	yes	A	yes	yes
GM30025	no	no	no	B	no	no
GM30097	no	no	no	B	no	no
GM30122	no	no	no	B	no	no
GM3055	no	no	no	B	no	no
GM30571	no	no	no	B	no	no
GM30784	no	no	no	B	no	no
GM3086	no	no	no	B	no	no
GM30970	no	no	no	B	no	no
GM31036	no	no	no	B	no	no
GM31084	no	no	no	B	no	no
GM31105	no	no	no	B	no	no
GM31332	no	no	no	B	no	no
GM3137	no	no	no	B	no	no
GM3141	no	no	no	B	no	no
GM3150	no	no	no	B	no	no
GM31544	no	no	no	B	no	no
GM31641	no	no	no	B	no	no
GM31651	no	no	no	B	no	no
GM31718	no	no	no	B	no	no
GM31774	no	no	no	B	no	no
GM31992	no	no	no	B	no	no
GM3200	no	no	no	B	no	no
GM32031	no	no	no	B	no	no
GM3219	no	no	no	B	no	no
GM3222	no	no	no	B	no	no
GM3226	no	no	no	B	no	no
GM32391	no	no	no	B	no	no
GM3244	no	no	no	B	no	no
GM32461	no	no	no	B	no	no
GM32569	no	no	no	B	no	no
GM32687	no	no	yes	B	no	no
GM32717	no	no	no	B	no	no
GM32802	no	no	no	B	no	no
GM32872	no	no	no	B	no	no
GM32899	no	no	no	B	no	no
GM32950	no	no	no	B	no	no
GM33023	no	no	no	B	no	no
GM33050	no	no	no	B	no	no
GM33051	no	no	no	B	no	no
GM3325	no	no	no	B	no	no
GM336	no	no	no	B	no	no
GM3362	no	no	no	B	no	no
GM3375	no	no	no	B	no	no
GM3376	no	no	no	B	no	no
GM3379	no	no	no	B	no	no
GM33989	no	no	no	B	no	no
GM340	no	no	no	B	no	no
GM34084	no	no	no	B	no	no
GM34150	no	no	no	B	no	no
GM3435	no	no	no	B	no	no
GM34432	no	no	no	B	no	no
GM3454	no	no	no	B	no	no
GM3470	no	no	no	B	no	no
GM3486	no	no	no	B	no	no
GM3511	no	no	no	B	no	no
GM35281	no	no	no	B	no	no
GM3531	no	no	no	B	no	no
GM3534	no	no	no	B	no	no
GM35638	no	no	no	B	no	no
GM3571	no	no	no	B	no	no
GM35857	no	no	no	B	no	no
GM36028	no	no	no	B	no	no
GM3604	no	no	no	B	no	no
GM36161	no	no	no	B	no	no
GM3625	no	no	no	B	no	no
GM36298	no	no	no	B	no	no
GM3650	no	no	no	B	no	no
GM36738	no	no	no	B	no	no
GM36864	no	no	no	B	no	no
GM36958	no	no	no	B	no	no
GM3699	no	no	no	B	no	no
GM36995	no	no	no	B	no	no
GM37013	no	no	no	B	no	no
GM37070	no	no	no	B	no	no
GM37116	no	no	no	B	no	no
GM3716	no	no	no	B	no	no
GM37164	no	no	no	B	no	no
GM37235	no	no	no	B	no	no
GM3724	no	no	no	B	no	no
GM37240	no	no	no	B	no	no
GM37285	no	no	no	B	no	no
GM37305	no	no	no	B	no	no
GM37336	no	no	no	B	no	no
GM37376	no	no	no	B	no	no
GM37388	no	no	no	B	no	no
GM37397	no	no	no	B	no	no
GM37416	no	no	no	B	no	no
GM3744	no	no	no	B	no	no
GM37449	no	no	no	B	no	no
GM37486	no	no	no	B	no	no
GM3756	no	no	no	B	no	no
GM37678	no	no	no	B	no	no
GM3776	no	no	no	B	no	no
GM37811	no	no	no	B	no	no
GM37824	no	no	no	B	no	no
GM3788	no	no	no	B	no	no
GM37917	no	no	no	B	no	no
GM37939	no	no	no	B	no	no
GM37963	no	no	no	B	no	no
GM37988	no	no	no	B	no	no
GM38025	no	no	no	B	no	no
GM3815	no	no	no	B	no	no
GM38166	no	no	no	B	no	no
GM38182	no	no	no	B	no	no
GM38204	no	no	no	B	no	no
GM38303	no	no	no	B	no	no
GM38304	no	no	no	B	no	no
GM38317	no	no	no	B	no	no
GM38329	no	no	no	B	no	no
GM3839	no	no	no	B	no	no
GM38392	no	no	no	B	no	no
GM38393	no	no	no	B	no	no
GM38394	no	no	no	B	no	no
GM38431	no	no	no	B	no	no
GM3851	no	no	no	B	no	no
GM3893	no	no	no	B	no	no
GM39078	no	no	no	B	no	no
GM39469	no	no	no	B	no	no
GM39473	no	no	no	B	no	no
GM40123	no	no	no	B	no	no
GM4013	no	no	no	B	no	no
GM4045	no	no	no	B	no	no
GM40466	no	no	no	B	no	no
GM4064	no	no	no	B	no	no
GM4076	no	no	no	B	no	no
GM41041	no	no	no	B	no	no
GM41231	no	no	no	B	no	no
GM4129	no	no	no	B	no	no
GM4130	no	no	no	B	no	no
GM4149	no	no	no	B	no	no
GM4199	no	no	no	B	no	no
GM4202	no	no	no	B	no	no
GM42031	no	no	no	B	no	no
GM4204	no	no	no	B	no	no
GM42047	no	no	no	B	no	no
GM42067	no	no	no	B	no	no
GM4208	no	no	no	B	no	no
GM4217	no	no	no	B	no	no
GM42397	no	no	no	B	no	no
GM42416	no	no	no	B	no	no
GM42417	no	no	no	B	no	no
GM42420	no	no	no	B	no	no
GM42421	no	no	no	B	no	no
GM42427	no	no	no	B	no	no
GM42428	no	no	no	B	no	no
GM42429	no	no	no	B	no	no
GM42470	no	no	no	B	no	no
GM42547	no	no	no	B	no	no
GM42604	no	no	no	B	no	no
GM42671	no	no	no	B	no	no
GM42674	no	no	no	B	no	no
GM42687	no	no	no	B	no	no
GM42688	no	no	no	B	no	no
GM42715	no	no	no	B	no	no
GM42732	no	no	no	B	no	no
GM42742	no	no	no	B	no	no
GM42778	no	no	no	B	no	no
GM42791	no	no	no	B	no	no
GM42793	no	no	no	B	no	no
GM42820	no	no	no	B	no	no
GM4285	no	no	no	B	no	no
GM42878	no	no	no	B	no	no
GM42890	no	no	no	B	no	no
GM42906	no	no	no	B	no	no
GM42936	no	no	no	B	no	no
GM42937	no	no	no	B	no	no
GM4294	no	no	no	B	no	no
GM42957	no	no	no	B	no	no
GM42977	no	no	no	B	no	no
GM42987	no	no	no	B	no	no
GM43028	no	no	no	B	no	no
GM43042	no	no	no	B	no	no
GM43055	no	no	no	B	no	no
GM43064	no	no	no	B	no	no
GM43079	no	no	no	B	no	no
GM43096	no	no	no	B	no	no
GM43108	no	no	no	B	no	no
GM43110	no	no	no	B	no	no
GM43158	no	no	no	B	no	no
GM4316	no	no	no	B	no	no
GM43190	no	no	no	B	no	no
GM43191	no	no	no	B	no	no
GM43197	no	no	no	B	no	no
GM43302	no	no	no	B	no	no
GM43305	no	no	no	B	no	no
GM4332	no	no	no	B	no	no
GM4335	no	no	no	B	no	no
GM43365	no	no	no	B	no	no
GM43439	no	no	no	B	no	no
GM43442	no	no	no	B	no	no
GM43444	no	no	no	B	no	no
GM43493	no	no	no	B	no	no
GM43511	no	no	no	B	no	no
GM43513	no	no	no	B	no	no
GM43518	no	no	no	B	no	no
GM43549	no	no	no	B	no	no
GM43552	no	no	no	B	no	no
GM43555	no	no	no	B	no	no
GM43587	no	no	no	B	no	no
GM4366	no	no	no	B	no	no
GM43667	no	no	no	B	no	no
GM43672	no	no	no	B	no	no
GM43695	no	no	no	B	no	no
GM43712	no	no	no	B	no	no
GM43737	no	no	no	B	no	no
GM43738	no	no	no	B	no	no
GM43778	no	no	no	B	no	no
GM43802	no	no	no	B	no	no
GM43809	no	no	no	B	no	no
GM43951	no	no	no	B	no	no
GM43966	no	no	no	B	no	no
GM44120	no	no	no	B	no	no
GM44126	no	no	no	B	no	no
GM44135	no	no	no	B	no	no
GM44148	no	no	no	B	no	no
GM44220	no	no	no	B	no	no
GM44243	no	no	no	B	no	no
GM44250	no	no	no	B	no	no
GM4430	no	no	no	B	no	no
GM44386	no	no	no	B	no	no
GM44421	no	no	no	B	no	no
GM44429	no	no	no	B	no	no
GM4450	no	no	no	B	no	no
GM44502	no	no	no	B	no	no
GM44503	no	no	no	B	no	no
GM44505	no	no	no	B	no	no
GM44509	no	no	no	B	no	no
GM44511	no	no	no	B	no	no
GM44574	no	no	no	B	no	no
GM44588	no	no	no	B	no	no
GM4459	no	no	no	B	no	no
GM44596	no	no	no	B	no	no
GM44597	no	no	no	B	no	no
GM44641	no	no	no	B	no	no
GM4468	no	no	no	B	no	no
GM44705	no	no	no	B	no	no
GM44710	no	no	no	B	no	no
GM44764	no	no	no	B	no	no
GM4477	no	no	no	B	no	no
GM44785	no	no	no	B	no	no
GM44790	no	no	no	B	no	no
GM44805	no	no	no	B	no	no
GM4482	no	no	no	B	no	no
GM44950	no	no	no	B	no	no
GM44954	no	no	no	B	no	no
GM44965	no	no	no	B	no	no
GM44973	no	no	no	B	no	no
GM44982	no	no	no	B	no	no
GM45021	no	no	no	B	no	no
GM45027	no	no	no	B	no	no
GM45051	no	no	no	B	no	no
GM45062	no	no	no	B	no	no
GM45140	no	no	no	B	no	no
GM4518	no	no	no	B	no	no
GM45184	no	no	no	B	no	no
GM45193	no	no	no	B	no	no
GM45208	no	no	no	B	no	no
GM45213	no	no	no	B	no	no
GM45216	no	no	no	B	no	no
GM45234	no	no	no	B	no	no
GM4524	no	no	no	B	no	no
GM45246	no	no	no	B	no	no
GM45315	no	no	no	B	no	no
GM45380	no	no	no	B	no	no
GM4540	no	no	no	B	no	no
GM45494	no	no	no	B	no	no
GM45495	no	no	no	B	no	no
GM45552	no	no	no	B	no	no
GM45640	no	no	no	B	no	no
GM45645	no	no	no	B	no	no
GM45660	no	no	no	B	no	no
GM45692	no	no	no	B	no	no
GM45698	no	no	no	B	no	no
GM45713	no	no	no	B	no	no
GM45716	no	no	no	B	no	no
GM45717	no	no	no	B	no	no
GM45733	no	no	no	B	no	no
GM4575	no	no	no	B	no	no
GM45753	no	no	no	B	no	no
GM45769	no	no	no	B	no	no
GM45785	no	no	no	B	no	no
GM45792	no	no	no	B	no	no
GM45799	no	no	no	B	no	no
GM45808	no	no	no	B	no	no
GM45837	no	no	no	B	no	no
GM45842	no	no	no	B	no	no
GM45844	no	no	no	B	no	no
GM45846	no	no	no	B	no	no
GM45855	no	no	no	B	no	no
GM45867	no	no	no	B	no	no
GM45871	no	no	yes	B	no	no
GM45872	no	no	no	B	no	no
GM45883	no	no	no	B	no	no
GM45886	no	no	no	B	no	no
GM45902	no	no	no	B	no	no
GM45928	no	no	no	B	no	no
GM4596	no	no	no	B	no	no
GM4604	no	no	no	B	no	no
GM4609	no	no	no	B	no	no
GM4613	no	no	no	B	no	no
GM4617	no	no	no	B	no	no
GM46209	no	no	no	B	no	no
GM46223	no	no	no	B	no	no
GM4631	no	no	no	B	no	no
GM46349	no	no	no	B	no	no
GM46379	no	no	no	B	no	no
GM46430	no	no	no	B	no	no
GM46522	no	no	no	B	no	no
GM4654	no	no	no	B	no	no
GM46546	no	no	no	B	no	no
GM46610	no	no	no	B	no	no
GM46620	no	no	no	B	no	no
GM4691	no	no	no	B	no	no
GM4705	no	no	no	B	no	no
GM4708	no	no	no	B	no	no
GM47154	no	no	no	B	no	no
GM47204	no	no	no	B	no	no
GM4724	no	no	no	B	no	no
GM47279	no	no	no	B	no	no
GM47283	no	no	no	B	no	no
GM4735	no	no	no	B	no	no
GM4737	no	no	no	B	no	no
GM47385	no	no	no	B	no	no
GM4739	no	no	no	B	no	no
GM47441	no	no	no	B	no	no
GM47467	no	no	no	B	no	no
GM47469	no	no	no	B	no	no
GM4767	no	no	no	B	no	no
GM47681	no	no	no	B	no	no
GM47708	no	no	no	B	no	no
GM47754	no	no	no	B	no	no
GM47761	no	no	no	B	no	no
GM47795	no	no	no	B	no	no
GM47814	no	no	no	B	no	no
GM47842	no	no	no	B	no	no
GM47856	no	no	no	B	no	no
GM4786	no	no	no	B	no	no
GM47889	no	no	no	B	no	no
GM4790	no	no	no	B	no	no
GM47939	no	no	no	B	no	no
GM4799	no	no	no	B	no	no
GM48016	no	no	no	B	no	no
GM48048	no	no	no	B	no	no
GM48088	no	no	no	B	no	no
GM48161	no	no	no	B	no	no
GM48194	no	no	no	B	no	no
GM48217	no	no	no	B	no	no
GM48226	no	no	no	B	no	no
GM4824	no	no	no	B	no	no
GM48275	no	no	no	B	no	no
GM4828	no	no	no	B	no	no
GM48281	no	no	no	B	no	no
GM4833	no	no	no	B	no	no
GM4841	no	no	no	B	no	no
GM48420	no	no	no	B	no	no
GM48496	no	no	no	B	no	no
GM48512	no	no	no	B	no	no
GM4853	no	no	no	B	no	no
GM48551	no	no	no	B	no	no
GM48558	no	no	no	B	no	no
GM48583	no	no	no	B	no	no
GM48604	no	no	no	B	no	no
GM48623	no	no	no	B	no	no
GM48768	no	no	no	B	no	no
GM48778	no	no	no	B	no	no
GM48851	no	no	no	B	no	no
GM48878	no	no	no	B	no	no
GM4890	no	no	no	B	no	no
GM48909	no	no	no	B	no	no
GM48931	no	no	no	B	no	no
GM4898	no	no	no	B	no	no
GM48990	no	no	no	B	no	no
GM49027	no	no	no	B	no	no
GM49037	no	no	no	B	no	no
GM49041	no	no	no	B	no	no
GM49066	no	no	no	B	no	no
GM49098	no	no	no	B	no	no
GM49141	no	no	no	B	no	no
GM49146	no	no	no	B	no	no
GM49195	no	no	no	B	no	no
GM49207	no	no	no	B	no	no
GM49230	no	no	no	B	no	no
GM49282	no	no	no	B	no	no
GM49286	no	no	no	B	no	no
GM49299	no	no	no	B	no	no
GM49318	no	no	no	B	no	no
GM49320	no	no	no	B	no	no
GM49322	no	no	no	B	no	no
GM49323	no	no	no	B	no	no
GM49325	no	no	no	B	no	no
GM49326	no	no	no	B	no	no
GM49327	no	no	no	B	no	no
GM49329	no	no	no	B	no	no
GM49330	no	no	no	B	no	no
GM49331	no	no	no	B	no	no
GM49337	no	no	no	B	no	no
GM49338	no	no	no	B	no	no
GM49339	no	no	no	B	no	no
GM49342	no	no	no	B	no	no
GM49345	no	no	no	B	no	no
GM49354	no	no	no	B	no	no
GM49355	no	no	no	B	no	no
GM49356	no	no	no	B	no	no
GM49358	no	no	no	B	no	no
GM49359	no	no	yes	B	no	no
GM49361	no	no	no	B	no	no
GM49366	no	no	no	B	no	no
GM49368	no	no	no	B	no	no
GM49369	no	no	no	B	no	no
GM49370	no	no	no	B	no	no
GM49373	no	no	no	B	no	no
GM49376	no	no	no	B	no	no
GM49378	no	no	no	B	no	no
GM49380	no	no	no	B	no	no
GM49383	no	no	no	B	no	no
GM49384	no	no	no	B	no	no
GM49387	no	no	no	B	no	no
GM49388	no	no	no	B	no	no
GM49391	no	no	no	B	no	no
GM49393	no	no	no	B	no	no
GM49395	no	no	no	B	no	no
GM49396	no	no	no	B	no	no
GM49405	no	no	no	B	no	no
GM49416	no	no	no	B	no	no
GM4944	no	no	no	B	no	no
GM49450	no	no	no	B	no	no
GM49463	no	no	no	B	no	no
GM49486	no	no	no	B	no	no
GM49491	no	no	no	B	no	no
GM49492	no	no	no	B	no	no
GM49493	no	no	no	B	no	no
GM49496	no	no	no	B	no	no
GM4950	no	no	no	B	no	no
GM4951	no	no	no	B	no	no
GM49510	no	no	no	B	no	no
GM49513	no	no	no	B	no	no
GM4952	no	no	yes	B	no	no
GM49527	no	no	no	B	no	no
GM49539	no	no	no	B	no	no
GM49542	no	no	no	B	no	no
GM4955	no	no	no	B	no	no
GM4956	no	no	no	B	no	no
GM49573	no	no	no	B	no	no
GM49594	no	no	no	B	no	no
GM49600	no	no	no	B	no	no
GM49601	no	no	no	B	no	no
GM49602	no	no	no	B	no	no
GM49628	no	no	no	B	no	no
GM4963	no	no	no	B	no	no
GM49654	no	no	no	B	no	no
GM49673	no	no	no	B	no	no
GM49700	no	no	no	B	no	no
GM49708	no	no	no	B	no	no
GM49711	no	no	no	B	no	no
GM49721	no	no	no	B	no	no
GM49730	no	no	no	B	no	no
GM49739	no	no	no	B	no	no
GM49749	no	no	no	B	no	no
GM49759	no	no	no	B	no	no
GM49768	no	no	no	B	no	no
GM49776	no	no	no	B	no	no
GM49785	no	no	no	B	no	no
GM49797	no	no	no	B	no	no
GM49804	no	no	no	B	no	no
GM49832	no	no	no	B	no	no
GM49867	no	no	no	B	no	no
GM49873	no	no	no	B	no	no
GM49880	no	no	no	B	no	no
GM49909	no	no	no	B	no	no
GM49920	no	no	no	B	no	no
GM49933	no	no	no	B	no	no
GM49948	no	no	no	B	no	no
GM49980	no	no	no	B	no	no
GM49987	no	no	no	B	no	no
GM50010	no	no	no	B	no	no
GM50081	no	no	no	B	no	no
GM50083	no	no	no	B	no	no
GM50096	no	no	no	B	no	no
GM50107	no	no	no	B	no	no
GM50139	no	no	no	B	no	no
GM50251	no	no	no	B	no	no
GM50252	no	no	no	B	no	no
GM50253	no	no	no	B	no	no
GM50318	no	no	no	B	no	no
GM50321	no	no	no	B	no	no
GM50340	no	no	no	B	no	no
GM50364	no	no	no	B	no	no
GM50367	no	no	no	B	no	no
GM50371	no	no	no	B	no	no
GM50387	no	no	no	B	no	no
GM50388	no	no	no	B	no	no
GM50390	no	no	no	B	no	no
GM50431	no	no	no	B	no	no
GM50461	no	no	no	B	no	no
GM50470	no	no	no	B	no	no
GM50471	no	no	no	B	no	no
GM50478	no	no	no	B	no	no
GM5069	no	no	no	B	no	no
GM5093	no	no	no	B	no	no
GM5113	no	no	no	B	no	no
GM5138	no	no	no	B	no	no
GM5141	no	no	no	B	no	no
GM5148	no	no	no	B	no	no
GM5150	no	no	no	B	no	no
GM5160	no	no	no	B	no	no
GM5165	no	no	no	B	no	no
GM5182	no	no	no	B	no	no
GM5219	no	no	no	B	no	no
GM5263	no	no	no	B	no	no
GM53	no	no	no	B	no	no
GM5300	no	no	no	B	no	no
GM53010	no	no	no	B	no	no
GM53012	no	no	no	B	no	no
GM53015	no	no	no	B	no	no
GM53021	no	no	no	B	no	no
GM53055	no	no	no	B	no	no
GM5345	no	no	no	B	no	no
GM5417	no	no	no	B	no	no
GM5421	no	no	no	B	no	no
GM5424	no	no	no	B	no	no
GM5425	no	no	no	B	no	no
GM5428	no	no	no	B	no	no
GM5431	no	no	yes	B	no	no
GM5436	no	no	no	B	no	no
GM5451	no	no	no	B	no	no
GM5454	no	no	no	B	no	no
GM5457	no	no	no	B	no	no
GM5469	no	no	no	B	no	no
GM5483	no	no	no	B	no	no
GM5499	no	no	no	B	no	no
GM5507	no	no	no	B	no	no
GM5510	no	no	no	B	no	no
GM5512	no	no	no	B	no	no
GM5514	no	no	no	B	no	no
GM5518	no	no	no	B	no	no
GM5521	no	no	no	B	no	no
GM5524	no	no	no	B	no	no
GM5526	no	no	no	B	no	no
GM5527	no	no	no	B	no	no
GM5529	no	no	no	B	no	no
GM5537	no	no	no	B	no	no
GM5539	no	no	no	B	no	no
GM5555	no	no	no	B	no	no
GM5559	no	no	no	B	no	no
GM5560	no	no	no	B	no	no
GM5561	no	no	no	B	no	no
GM5564	no	no	no	B	no	no
GM5566	no	no	no	B	no	no
GM5578	no	no	no	B	no	no
GM5582	no	no	no	B	no	no
GM5586	no	no	no	B	no	no
GM5595	no	no	no	B	no	no
GM5597	no	no	no	B	no	no
GM5601	no	no	no	B	no	no
GM561	no	no	no	B	no	no
GM5611	no	no	no	B	no	no
GM5616	no	no	no	B	no	no
GM5619	no	no	no	B	no	no
GM5620	no	no	no	B	no	no
GM5637	no	no	no	B	no	no
GM5641	no	no	no	B	no	no
GM5643	no	no	no	B	no	no
GM5644	no	no	no	B	no	no
GM5717	no	no	no	B	no	no
GM5763	no	no	no	B	no	no
GM5776	no	no	no	B	no	no
GM5781	no	no	no	B	no	no
GM5786	no	no	no	B	no	no
GM5799	no	no	no	B	no	no
GM5805	no	no	no	B	no	no
GM5814	no	no	no	B	no	no
GM5819	no	no	no	B	no	no
GM5835	no	no	no	B	no	no
GM5844	no	no	no	B	no	no
GM5846	no	no	no	B	no	no
GM5853	no	no	no	B	no	no
GM5854	no	no	no	B	no	no
GM5859	no	no	no	B	no	no
GM5869	no	no	no	B	no	no
GM5879	no	no	no	B	no	no
GM5881	no	no	no	B	no	no
GM5884	no	no	no	B	no	no
GM5898	no	no	no	B	no	no
GM5900	no	no	no	B	no	no
GM5905	no	no	no	B	no	no
GM5914	no	no	no	B	no	no
GM5921	no	no	no	B	no	no
GM5931	no	no	no	B	no	no
GM5937	no	no	no	B	no	no
GM5940	no	no	no	B	no	no
GM5945	no	no	no	B	no	no
GM5963	no	no	no	B	no	no
GM6020	no	no	no	B	no	no
GM6030	no	no	no	B	no	no
GM6035	no	no	no	B	no	no
GM6039	no	no	no	B	no	no
GM6055	no	no	no	B	no	no
GM6061	no	no	no	B	no	no
GM6063	no	no	no	B	no	no
GM608	no	no	no	B	no	no
GM6087	no	no	no	B	no	no
GM6091	no	no	no	B	no	no
GM6104	no	no	no	B	no	no
GM6109	no	no	no	B	no	no
GM6123	no	no	no	B	no	no
GM6125	no	no	no	B	no	no
GM6135	no	no	no	B	no	no
GM6136	no	no	no	B	no	no
GM6139	no	no	no	B	no	no
GM6142	no	no	no	B	no	no
GM6158	no	no	no	B	no	no
GM6161	no	no	no	B	no	no
GM6169	no	no	no	B	no	no
GM6170	no	no	no	B	no	no
GM6180	no	no	no	B	no	no
GM6181	no	no	no	B	no	no
GM6204	no	no	no	B	no	no
GM6206	no	no	no	B	no	no
GM6210	no	no	no	B	no	no
GM6252	no	no	no	B	no	no
GM6254	no	no	no	B	no	no
GM6265	no	no	no	B	no	no
GM6274	no	no	no	B	no	no
GM6277	no	no	no	B	no	no
GM6278	no	no	no	B	no	no
GM6285	no	no	no	B	no	no
GM6286	no	no	no	B	no	no
GM6288	no	no	no	B	no	no
GM6300	no	no	no	B	no	no
GM6304	no	no	no	B	no	no
GM6309	no	no	no	B	no	no
GM6311	no	no	no	B	no	no
GM6316	no	no	no	B	no	no
GM6335	no	no	no	B	no	no
GM6344	no	no	no	B	no	no
GM6352	no	no	no	B	no	no
GM6361	no	no	no	B	no	no
GM6363	no	no	no	B	no	no
GM6382	no	no	no	B	no	no
GM6397	no	no	no	B	no	no
GM6402	no	no	no	B	no	no
GM6415	no	no	no	B	no	no
GM6419	no	no	no	B	no	no
GM6421	no	no	no	B	no	no
GM6430	no	no	no	B	no	no
GM6433	no	no	no	B	no	no
GM6444	no	no	no	B	no	no
GM6451	no	no	no	B	no	no
GM6457	no	no	no	B	no	no
GM6467	no	no	no	B	no	no
GM6472	no	no	no	B	no	no
GM6473	no	no	no	B	no	no
GM6475	no	no	no	B	no	no
GM6477	no	no	no	B	no	no
GM6483	no	no	no	B	no	no
GM6484	no	no	no	B	no	no
GM6485	no	no	no	B	no	no
GM6493	no	no	no	B	no	no
GM6505	no	no	no	B	no	no
GM6532	no	no	no	B	no	no
GM6542	no	no	no	B	no	no
GM6545	no	no	no	B	no	no
GM6548	no	no	no	B	no	no
GM6552	no	no	no	B	no	no
GM6560	no	no	no	B	no	no
GM6563	no	no	no	B	no	no
GM6565	no	no	no	B	no	no
GM6576	no	no	no	B	no	no
GM6614	no	no	no	B	no	no
GM6627	no	no	no	B	no	no
GM6644	no	no	no	B	no	no
GM6652	no	no	no	B	no	no
GM6663	no	no	no	B	no	no
GM6665	no	no	no	B	no	no
GM6682	no	no	no	B	no	no
GM6685	no	no	no	B	no	no
GM6710	no	no	no	B	no	no
GM6712	no	no	no	B	no	no
GM6723	no	no	no	B	no	no
GM6736	no	no	no	B	no	no
GM6740	no	no	no	B	no	no
GM6741	no	no	no	B	no	no
GM6745	no	no	no	B	no	no
GM6750	no	no	no	B	no	no
GM6755	no	no	no	B	no	no
GM6767	no	no	no	B	no	no
GM6788	no	no	no	B	no	no
GM6789	no	no	no	B	no	no
GM6793	no	no	no	B	no	no
GM6807	no	no	no	B	no	no
GM6813	no	no	no	B	no	no
GM6829	no	no	no	B	no	no
GM684	no	no	no	B	no	no
GM6851	no	no	no	B	no	no
GM6863	no	no	no	B	no	no
GM6877	no	no	no	B	no	no
GM6900	no	no	no	B	no	no
GM6937	no	no	no	B	no	no
GM6939	no	no	no	B	no	no
GM6969	no	no	no	B	no	no
GM6977	no	no	no	B	no	no
GM6978	no	no	no	B	no	no
GM6981	no	no	no	B	no	no
GM6988	no	no	no	B	no	no
GM6999	no	no	no	B	no	no
GM7019	no	no	no	B	no	no
GM7027	no	no	no	B	no	no
GM7030	no	no	no	B	no	no
GM7049	no	no	no	B	no	no
GM7072	no	no	yes	B	no	no
GM7079	no	no	no	B	no	no
GM7099	no	no	no	B	no	no
GM7120	no	no	no	B	no	no
GM7143	no	no	no	B	no	no
GM7153	no	no	no	B	no	no
GM7160	no	no	no	B	no	no
GM7180	no	no	no	B	no	no
GM7192	no	no	no	B	no	no
GM7204	no	no	no	B	no	no
GM7206	no	no	no	B	no	no
GM7233	no	no	no	B	no	no
GM7236	no	no	no	B	no	no
GM7285	no	no	no	B	no	no
GM7292	no	no	no	B	no	no
GM7308	no	no	no	B	no	no
GM7324	no	no	no	B	no	no
GM7325	no	no	no	B	no	no
GM7327	no	no	no	B	no	no
GM7329	no	no	no	B	no	no
GM7331	no	no	no	B	no	no
GM7332	no	no	no	B	no	no
GM7334	no	no	no	B	no	no
GM7335	no	no	no	B	no	no
GM7336	no	no	no	B	no	no
GM7353	no	no	no	B	no	no
GM7363	no	no	no	B	no	no
GM7367	no	no	no	B	no	no
GM7368	no	no	no	B	no	no
GM7392	no	no	no	B	no	no
GM7399	no	no	no	B	no	no
GM7407	no	no	no	B	no	no
GM7429	no	no	no	B	no	no
GM7432	no	no	no	B	no	no
GM7446	no	no	no	B	no	no
GM7457	no	no	no	B	no	no
GM7467	no	no	no	B	no	no
GM7476	no	no	no	B	no	no
GM7488	no	no	no	B	no	no
GM7536	no	no	no	B	no	no
GM7539	no	no	no	B	no	no
GM7551	no	no	no	B	no	no
GM7591	no	no	no	B	no	no
GM7600	no	no	no	B	no	no
GM7623	no	no	no	B	no	no
GM7652	no	no	no	B	no	no
GM7658	no	no	no	B	no	no
GM7664	no	no	no	B	no	no
GM7665	no	no	no	B	no	no
GM7666	no	no	no	B	no	no
GM7694	no	no	yes	B	no	no
GM7729	no	no	no	B	no	no
GM7730	no	no	no	B	no	no
GM7774	no	no	no	B	no	no
GM7803	no	no	no	B	no	no
GM7804	no	no	no	B	no	no
GM7808	no	no	no	B	no	no
GM7809	no	no	no	B	no	no
GM7816	no	no	no	B	no	no
GM7846	no	no	no	B	no	no
GM7862	no	no	no	B	no	no
GM7879	no	no	no	B	no	no
GM7887	no	no	no	B	no	no
GM7889	no	no	no	B	no	no
GM7893	no	no	no	B	no	no
GM7895	no	no	no	B	no	no
GM7901	no	no	no	B	no	no
GM7902	no	no	no	B	no	no
GM7926	no	no	no	B	no	no
GM7931	no	no	no	B	no	no
GM7932	no	no	no	B	no	no
GM7935	no	no	no	B	no	no
GM7964	no	no	no	B	no	no
GM7984	no	no	no	B	no	no
GM7993	no	no	no	B	no	no
GM8034	no	no	no	B	no	no
GM8054	no	no	no	B	no	no
GM8055	no	no	no	B	no	no
GM8066	no	no	no	B	no	no
GM8069	no	no	no	B	no	no
GM8074	no	no	no	B	no	no
GM8086	no	no	no	B	no	no
GM8112	no	no	no	B	no	no
GM8116	no	no	no	B	no	no
GM8121	no	no	no	B	no	no
GM8126	no	no	no	B	no	no
GM8127	no	no	no	B	no	no
GM8128	no	no	no	B	no	no
GM8129	no	no	no	B	no	no
GM8172	no	no	no	B	no	no
GM8186	no	no	no	B	no	no
GM8203	no	no	no	B	no	no
GM8210	no	no	no	B	no	no
GM8225	no	no	no	B	no	no
GM8226	no	no	no	B	no	no
GM8250	no	no	no	B	no	no
GM826	no	no	no	B	no	no
GM8292	no	no	no	B	no	no
GM8319	no	no	no	B	no	no
GM8325	no	no	no	B	no	no
GM8355	no	no	no	B	no	no
GM8394	no	no	no	B	no	no
GM8399	no	no	no	B	no	no
GM8430	no	no	no	B	no	no
GM8439	no	no	no	B	no	no
GM8451	no	no	no	B	no	no
GM8494	no	no	no	B	no	no
GM8508	no	no	no	B	no	no
GM8520	no	no	no	B	no	no
GM8524	no	no	no	B	no	no
GM853	no	no	no	B	no	no
GM8566	no	no	no	B	no	no
GM8615	no	no	no	B	no	no
GM8623	no	no	no	B	no	no
GM8666	no	no	no	B	no	no
GM8717	no	no	no	B	no	no
GM8719	no	no	no	B	no	no
GM8730	no	no	no	B	no	no
GM8741	no	no	no	B	no	no
GM8773	no	no	no	B	no	no
GM8775	no	no	no	B	no	no
GM8783	no	no	no	B	no	no
GM8797	no	no	no	B	no	no
GM8798	no	no	no	B	no	no
GM8801	no	no	no	B	no	no
GM8806	no	no	no	B	no	no
GM8822	no	no	no	B	no	no
GM8834	no	no	no	B	no	no
GM8893	no	no	no	B	no	no
GM8894	no	no	no	B	no	no
GM8941	no	no	no	B	no	no
GM8942	no	no	no	B	no	no
GM8947	no	no	no	B	no	no
GM8960	no	no	no	B	no	no
GM8971	no	no	no	B	no	no
GM8983	no	no	no	B	no	no
GM8990	no	no	no	B	no	no
GM8991	no	no	no	B	no	no
GM8995	no	no	no	B	no	no
GM9001	no	no	no	B	no	no
GM9027	no	no	no	B	no	no
GM9029	no	no	no	B	no	no
GM9030	no	no	no	B	no	no
GM9040	no	no	no	B	no	no
GM9044	no	no	no	B	no	no
GM9045	no	no	no	B	no	no
GM9046	no	no	no	B	no	no
GM9048	no	no	no	B	no	no
GM9049	no	no	no	B	no	no
GM906	no	no	no	B	no	no
GM9104	no	no	no	B	no	no
GM9108	no	no	no	B	no	no
GM9115	no	no	no	B	no	no
GM9118	no	no	no	B	no	no
GM9157	no	no	no	B	no	no
GM9169	no	no	no	B	no	no
GM9174	no	no	no	B	no	no
GM9234	no	no	no	B	no	no
GM9242	no	no	no	B	no	no
GM9294	no	no	no	B	no	no
GM9299	no	no	no	B	no	no
GM9320	no	no	no	B	no	no
GM9385	no	no	no	B	no	no
GM9392	no	no	no	B	no	no
GM9396	no	no	no	B	no	no
GM9431	no	no	no	B	no	no
GM9442	no	no	no	B	no	no
GM9449	no	no	no	B	no	no
GM9493	no	no	no	B	no	no
GM9512	no	no	no	B	no	no
GM9517	no	no	no	B	no	no
GM9522	no	no	no	B	no	no
GM9531	no	no	no	B	no	no
GM9581	no	no	no	B	no	no
GM9616	no	no	no	B	no	no
GM9625	no	no	no	B	no	no
GM9701	no	no	no	B	no	no
GM9726	no	no	no	B	no	no
GM9727	no	no	no	B	no	no
GM9732	no	no	no	B	no	no
GM9733	no	no	no	B	no	no
GM9752	no	no	no	B	no	no
GM9755	no	no	no	B	no	no
GM9761	no	no	no	B	no	no
GM9762	no	no	no	B	no	no
GM9769	no	no	no	B	no	no
GM9770	no	no	no	B	no	no
GM9774	no	no	no	B	no	no
GM9776	no	no	no	B	no	no
GM9790	no	no	no	B	no	no
GM9791	no	no	no	B	no	no
GM9794	no	no	no	B	no	no
GM9797	no	no	no	B	no	no
GM9800	no	no	no	B	no	no
GM9803	no	no	no	B	no	no
GM9816	no	no	no	B	no	no
GM9824	no	no	no	B	no	no
GM9826	no	no	no	B	no	no
GM9830	no	no	no	B	no	no
GM9833	no	no	no	B	no	no
GM9836	no	no	no	B	no	no
GM9840	no	no	no	B	no	no
GM9843	no	no	no	B	no	no
GM9844	no	no	no	B	no	no
GM9845	no	no	no	B	no	no
GM9847	no	no	no	B	no	no
GM9869	no	no	no	B	no	no
GM9887	no	no	no	B	no	no
GM9892	no	no	no	B	no	no
GM9905	no	no	no	B	no	no
GM9922	no	no	no	B	no	no
GM9923	no	no	no	B	no	no
GM9926	no	no	no	B	no	no
GM9938	no	no	no	B	no	no
GM9949	no	no	no	B	no	no
GM9951	no	no	no	B	no	no
GM9958	no	no	no	B	no	no
GM9992	no	no	no	B	no	no
GMCL1	no	no	yes	B	no	yes
GMDS	yes	yes	yes	A	yes	yes
GMEB1	no	no	yes	B	no	yes
GMEB2	no	no	yes	B	no	yes
GMFB	yes	yes	yes	A	yes	yes
GMFG	yes	no	yes	B	yes	yes
GMIP	no	no	yes	B	no	yes
GMNN	no	no	yes	B	no	yes
GMPPA	yes	yes	yes	A	yes	yes
GMPPB	yes	yes	yes	A	yes	yes
GMPR	yes	yes	yes	A	yes	yes
GMPR2	yes	yes	yes	A	yes	yes
GMPS	yes	yes	yes	A	yes	yes
GNA11	yes	yes	yes	A	yes	yes
GNA12	no	no	yes	B	no	yes
GNA13	yes	yes	yes	A	yes	yes
GNA14	no	no	yes	B	no	yes
GNA15	no	no	yes	B	no	no
GNAI1	no	no	yes	B	no	yes
GNAI2	yes	yes	yes	A	yes	yes
GNAI3	yes	yes	yes	A	yes	yes
GNAL	no	no	no	B	no	no
GNAO1	yes	yes	yes	A	yes	no
GNAQ	yes	yes	yes	A	yes	yes
GNAS	yes	yes	yes	A	yes	no
GNAT1	no	no	no	B	no	no
GNAZ	no	no	yes	B	no	yes
GNB1	yes	yes	yes	A	yes	yes
GNB1L	no	no	yes	B	no	no
GNB2	yes	yes	yes	A	yes	yes
GNB2L1	no	no	no	B	no	no
GNB3	no	no	no	B	no	no
GNB4	yes	yes	yes	A	yes	no
GNB5	no	no	yes	B	no	yes
GNE	no	yes	yes	B	yes	yes
GNG10	no	no	yes	B	no	no
GNG11	no	no	yes	B	no	yes
GNG12	yes	yes	yes	A	yes	yes
GNG14	no	no	no	B	no	no
GNG2	yes	no	yes	B	yes	yes
GNG4	no	no	no	B	no	no
GNG5	no	no	yes	B	no	yes
GNG7	no	no	no	B	no	no
GNG8	no	no	no	B	no	no
GNGT1	no	no	no	B	no	no
GNGT2	no	no	yes	B	no	yes
GNL1	yes	yes	yes	A	yes	yes
GNL2	no	no	yes	B	no	yes
GNL3	no	no	yes	B	no	yes
GNL3L	no	no	yes	B	no	yes
GNMT	yes	yes	yes	A	yes	yes
GNPAT	yes	yes	yes	A	yes	yes
GNPDA1	yes	yes	yes	A	yes	yes
GNPDA2	yes	yes	yes	A	yes	yes
GNPNAT1	no	no	yes	B	no	yes
GNPTAB	no	no	yes	B	no	yes
GNPTG	no	no	yes	B	no	yes
GNRH1	no	no	no	B	no	yes
GNS	yes	yes	yes	A	yes	yes
GOLGA1	no	no	yes	B	no	yes
GOLGA2	yes	no	yes	B	yes	yes
GOLGA3	no	no	yes	B	no	yes
GOLGA4	no	no	yes	B	no	yes
GOLGA5	no	no	yes	B	no	yes
GOLGA7	no	no	yes	B	no	yes
GOLGB1	yes	yes	yes	A	yes	yes
GOLIM4	no	no	yes	B	no	yes
GOLM1	no	no	yes	B	no	yes
GOLM2	no	no	yes	B	no	no
GOLPH3	no	no	yes	B	no	yes
GOLPH3L	no	no	yes	B	no	yes
GOLT1A	no	no	yes	B	no	no
GOLT1B	no	no	yes	B	no	yes
GON4L	no	no	yes	B	no	no
GON7	yes	no	yes	B	yes	no
GOPC	no	yes	yes	B	yes	yes
GORAB	no	no	yes	B	no	yes
GORASP1	no	no	yes	B	no	yes
GORASP2	yes	yes	yes	A	yes	yes
GOSR1	yes	yes	yes	A	yes	yes
GOSR2	yes	yes	yes	A	yes	yes
GOT1	yes	yes	yes	A	yes	yes
GOT2	yes	yes	yes	A	yes	yes
GOT2-PS1	no	no	no	B	no	no
GP1BA	no	no	yes	B	no	no
GP1BB	no	no	yes	B	no	no
GP2	no	no	yes	B	no	yes
GP49A	no	no	no	B	no	no
GPA33	no	no	yes	B	no	no
GPAA1	no	no	yes	B	no	yes
GPALPP1	no	no	yes	B	no	yes
GPAM	no	no	yes	B	no	yes
GPANK1	no	no	yes	B	no	no
GPAT2	no	no	no	B	no	no
GPAT3	no	no	yes	B	no	no
GPAT4	no	no	yes	B	no	no
GPATCH1	no	no	yes	B	no	yes
GPATCH11	no	no	yes	B	no	yes
GPATCH2	no	no	yes	B	no	yes
GPATCH2L	no	no	yes	B	no	yes
GPATCH3	no	no	yes	B	no	yes
GPATCH4	no	no	yes	B	no	yes
GPATCH8	no	no	yes	B	no	yes
GPBAR1	no	no	no	B	no	no
GPBP1	no	no	yes	B	no	yes
GPBP1L1	no	no	yes	B	no	yes
GPC1	no	no	yes	B	no	yes
GPC3	no	no	yes	B	no	yes
GPC4	no	no	yes	B	no	yes
GPC6	no	no	yes	B	no	no
GPCPD1	no	no	yes	B	no	yes
GPD1	yes	yes	yes	A	yes	yes
GPD1L	yes	yes	yes	A	yes	yes
GPD2	yes	yes	yes	A	yes	yes
GPER1	no	no	no	B	no	no
GPHN	yes	yes	yes	A	yes	yes
GPI	yes	yes	yes	A	yes	yes
GPIHBP1	no	no	yes	B	no	yes
GPKOW	no	no	yes	B	no	yes
GPLD1	no	yes	yes	B	yes	yes
GPM6A	no	no	yes	B	no	yes
GPM6B	no	no	yes	B	no	yes
GPN1	no	no	yes	B	no	yes
GPN2	no	no	yes	B	no	yes
GPN3	no	no	yes	B	no	yes
GPNMB	yes	yes	yes	A	yes	no
GPR107	no	no	yes	B	no	yes
GPR108	yes	yes	yes	A	yes	yes
GPR110	no	no	no	B	no	no
GPR116	no	no	no	B	no	no
GPR12	no	no	no	B	no	no
GPR123	no	no	no	B	no	no
GPR124	no	no	no	B	no	no
GPR125	no	no	no	B	no	no
GPR126	no	no	no	B	no	no
GPR132	no	no	no	B	no	no
GPR135	no	no	no	B	no	no
GPR137	no	no	no	B	no	yes
GPR137B	no	no	yes	B	no	yes
GPR137B-PS	no	no	no	B	no	no
GPR143	no	no	yes	B	no	no
GPR146	no	no	yes	B	no	yes
GPR153	no	no	yes	B	no	yes
GPR155	no	no	yes	B	no	yes
GPR157	no	no	no	B	no	no
GPR160	no	no	no	B	no	no
GPR161	no	no	no	B	no	no
GPR162	no	no	no	B	no	no
GPR165	no	no	no	B	no	no
GPR171	no	no	no	B	no	no
GPR173	no	no	no	B	no	no
GPR176	no	no	yes	B	no	no
GPR18	no	no	no	B	no	no
GPR180	no	no	yes	B	no	yes
GPR183	no	no	no	B	no	no
GPR19	no	no	no	B	no	no
GPR25	no	no	no	B	no	no
GPR27	no	no	no	B	no	no
GPR3	no	no	no	B	no	no
GPR34	no	no	no	B	no	no
GPR35	no	no	yes	B	no	no
GPR37	no	no	no	B	no	no
GPR39	no	no	yes	B	no	no
GPR4	no	no	no	B	no	yes
GPR56	no	no	no	B	no	no
GPR62	no	no	no	B	no	no
GPR63	no	no	no	B	no	no
GPR64	no	no	no	B	no	no
GPR65	no	no	no	B	no	yes
GPR68	no	no	no	B	no	no
GPR75	no	no	no	B	no	no
GPR83	no	no	no	B	no	no
GPR84	no	no	no	B	no	no
GPR87	no	no	no	B	no	no
GPR89	no	no	yes	B	no	no
GPR89A	no	no	no	B	no	no
GPR97	no	no	no	B	no	no
GPRASP1	no	no	yes	B	no	no
GPRASP2	no	no	yes	B	no	no
GPRASP3	no	no	yes	B	no	no
GPRC5A	no	no	yes	B	no	yes
GPRC5B	no	no	yes	B	no	yes
GPRC5C	yes	yes	yes	A	yes	yes
GPRC6A	no	no	no	B	no	no
GPRIN1	no	no	no	B	no	no
GPRIN2	no	no	no	B	no	no
GPRIN3	no	no	yes	B	no	no
GPS1	yes	yes	yes	A	yes	yes
GPS2	no	no	yes	B	no	yes
GPSM1	no	no	yes	B	no	yes
GPSM2	no	no	yes	B	no	yes
GPSM3	no	no	yes	B	no	yes
GPT	yes	yes	yes	A	yes	yes
GPT2	yes	yes	yes	A	yes	yes
GPX1	yes	yes	yes	A	yes	yes
GPX3	yes	yes	yes	A	yes	yes
GPX4	yes	yes	yes	A	yes	yes
GPX4-PS2	no	no	no	B	no	no
GPX6	no	no	yes	B	no	no
GPX7	no	no	yes	B	no	yes
GPX8	no	no	yes	B	no	yes
GRAMD1A	no	no	yes	B	no	yes
GRAMD1B	no	no	yes	B	no	yes
GRAMD1C	no	no	yes	B	no	yes
GRAMD2A	no	no	no	B	no	no
GRAMD2B	no	no	yes	B	no	no
GRAMD3	no	no	no	B	no	no
GRAMD4	no	no	yes	B	no	yes
GRAP	no	no	yes	B	no	yes
GRAP2	no	no	yes	B	no	no
GRASP	no	no	no	B	no	no
GRB10	no	no	yes	B	no	yes
GRB14	no	no	yes	B	no	yes
GRB2	yes	yes	yes	A	yes	yes
GRB7	no	no	yes	B	no	yes
GREB1	no	no	no	B	no	no
GREB1L	no	no	no	B	no	yes
GREM1	no	no	yes	B	no	no
GREM2	no	no	yes	B	no	yes
GRHL1	no	no	no	B	no	no
GRHL2	no	no	yes	B	no	yes
GRHL3	no	no	no	B	no	no
GRHPR	yes	yes	yes	A	yes	yes
GRIA3	no	no	no	B	no	no
GRIA4	no	no	yes	B	no	no
GRID1	no	no	no	B	no	no
GRID2IP	no	no	no	B	no	no
GRIK3	no	no	no	B	no	no
GRIK4	no	no	no	B	no	no
GRIK5	no	no	no	B	no	no
GRIN2A	no	no	no	B	no	no
GRIN3A	no	no	no	B	no	no
GRIN3B	no	no	no	B	no	no
GRINA	no	no	no	B	no	yes
GRIP1	no	no	yes	B	no	no
GRIP2	no	no	yes	B	no	no
GRIPAP1	no	no	yes	B	no	yes
GRK2	no	no	yes	B	no	no
GRK3	no	no	yes	B	no	no
GRK4	no	no	no	B	no	no
GRK5	no	no	yes	B	no	yes
GRK6	no	no	yes	B	no	yes
GRM2	no	no	no	B	no	no
GRM3	no	no	no	B	no	no
GRN	yes	yes	yes	A	yes	yes
GRP	no	no	no	B	no	no
GRPEL1	yes	yes	yes	A	yes	yes
GRPEL2	no	no	yes	B	no	yes
GRPR	no	no	no	B	no	no
GRRP1	no	no	no	B	no	no
GRSF1	no	no	yes	B	no	yes
GRTP1	no	no	yes	B	no	yes
GRWD1	no	no	yes	B	no	yes
GSAP	no	no	yes	B	no	yes
GSC2	no	no	no	B	no	no
GSDMA	no	no	no	B	no	no
GSDMC2	no	no	yes	B	no	no
GSDMC3	no	no	yes	B	no	no
GSDMC4	no	no	no	B	no	no
GSDMD	no	no	yes	B	no	yes
GSDME	no	no	yes	B	no	no
GSE1	no	no	yes	B	no	yes
GSG1	no	no	no	B	no	no
GSG2	no	no	no	B	no	no
GSK3A	yes	no	yes	B	yes	yes
GSK3B	no	no	yes	B	no	yes
GSKIP	no	no	yes	B	no	yes
GSN	yes	yes	yes	A	yes	yes
GSPT1	yes	yes	yes	A	yes	yes
GSPT2	no	no	yes	B	no	yes
GSR	yes	yes	yes	A	yes	yes
GSS	yes	yes	yes	A	yes	yes
GSSOS1	no	no	no	B	no	no
GSSOS2	no	no	no	B	no	no
GSTA1	no	no	no	B	no	no
GSTA2	no	no	no	B	no	no
GSTA4	yes	yes	yes	A	yes	yes
GSTA5	no	no	yes	B	no	no
GSTCD	no	no	yes	B	no	yes
GSTK1	yes	yes	yes	A	yes	yes
GSTM1	no	no	yes	B	no	no
GSTM2	no	no	yes	B	no	no
GSTM2-PS1	no	no	no	B	no	no
GSTM3	no	yes	yes	B	yes	yes
GSTM4	no	no	yes	B	no	no
GSTM6	no	no	yes	B	no	no
GSTO1	yes	yes	yes	A	yes	yes
GSTO2	no	no	no	B	no	no
GSTP-PS	no	no	no	B	no	no
GSTP1	yes	yes	yes	A	yes	yes
GSTP2	no	no	yes	B	no	no
GSTP3	no	no	yes	B	no	no
GSTT1	no	no	yes	B	no	no
GSTT2	no	no	yes	B	no	no
GSTT3	no	no	yes	B	no	no
GSTZ1	yes	yes	yes	A	yes	yes
GT(ROSA)26SOR	no	no	no	B	no	no
GTF2A1	no	no	yes	B	no	yes
GTF2A2	no	no	yes	B	no	yes
GTF2B	no	no	yes	B	no	yes
GTF2E1	no	no	yes	B	no	yes
GTF2E2	no	no	yes	B	no	yes
GTF2F1	no	no	yes	B	no	yes
GTF2F2	no	no	yes	B	no	yes
GTF2H1	no	no	yes	B	no	yes
GTF2H2	no	no	yes	B	no	no
GTF2H3	no	no	yes	B	no	yes
GTF2H4	no	no	yes	B	no	yes
GTF2H5	no	no	no	B	no	yes
GTF2I	yes	yes	yes	A	yes	yes
GTF2IRD1	no	no	yes	B	no	yes
GTF2IRD2	no	no	yes	B	no	no
GTF3A	no	no	yes	B	no	yes
GTF3C1	no	no	yes	B	no	yes
GTF3C2	no	no	yes	B	no	yes
GTF3C3	no	no	yes	B	no	yes
GTF3C4	no	no	yes	B	no	yes
GTF3C5	no	no	yes	B	no	yes
GTF3C6	no	no	yes	B	no	yes
GTPBP1	no	no	yes	B	no	yes
GTPBP10	no	no	yes	B	no	yes
GTPBP2	no	no	yes	B	no	yes
GTPBP3	no	no	yes	B	no	no
GTPBP4	no	no	yes	B	no	yes
GTPBP6	no	no	yes	B	no	no
GTPBP8	no	no	yes	B	no	no
GTSE1	no	no	yes	B	no	no
GUCA1A	no	no	no	B	no	no
GUCA2A	no	no	no	B	no	yes
GUCA2B	no	no	yes	B	no	no
GUCD1	no	no	yes	B	no	yes
GUCY1A1	no	no	yes	B	no	no
GUCY1A2	no	no	yes	B	no	no
GUCY1A3	no	no	no	B	no	no
GUCY1B1	yes	yes	yes	A	yes	no
GUCY1B3	no	no	no	B	no	no
GUCY2C	no	no	no	B	no	no
GUF1	no	no	yes	B	no	yes
GUK1	yes	yes	yes	A	yes	yes
GULO	no	no	yes	B	no	no
GULP1	no	no	yes	B	no	yes
GUSB	yes	yes	yes	A	yes	yes
GVIN-PS1	no	no	no	B	no	no
GVIN-PS2	no	no	no	B	no	no
GVIN-PS3	no	no	no	B	no	no
GVIN-PS4	no	no	no	B	no	no
GVIN-PS5	no	no	no	B	no	no
GVIN-PS7	no	no	no	B	no	no
GVIN1	no	no	yes	B	no	no
GVIN2	no	no	no	B	no	no
GVIN3	no	no	no	B	no	no
GVQW3	no	no	no	B	no	no
GXYLT1	no	no	yes	B	no	yes
GXYLT2	no	no	yes	B	no	no
GYG	no	no	no	B	no	no
GYG1	yes	no	yes	B	yes	no
GYG2	no	no	no	B	no	no
GYK	no	no	no	B	no	no
GYLTL1B	no	no	no	B	no	no
GYPC	no	no	no	B	no	yes
GYS1	no	no	yes	B	no	yes
GYS2	no	no	yes	B	no	no
GZF1	no	no	yes	B	no	yes
GZMA	no	no	yes	B	no	no
GZMB	no	no	no	B	no	no
GZMC	no	no	yes	B	no	no
GZMH	no	no	no	B	no	no
GZMK	no	no	no	B	no	no
H1-0	yes	yes	yes	A	yes	yes
H1-10	yes	yes	yes	A	yes	no
H1-2	yes	yes	yes	A	yes	no
H1FX	no	no	no	B	no	no
H2-AA	no	no	yes	B	no	no
H2-AB1	no	no	yes	B	no	no
H2-BL	no	no	no	B	no	no
H2-D1	no	no	no	B	no	no
H2-DMB1	no	no	yes	B	no	no
H2-DMB2	no	no	yes	B	no	no
H2-EB1	no	no	yes	B	no	no
H2-K1	no	no	yes	B	no	no
H2-K2	no	no	no	B	no	no
H2-KE6	no	no	no	B	no	no
H2-M3	no	no	yes	B	no	no
H2-Q1	no	no	no	B	no	no
H2-Q10	no	no	yes	B	no	no
H2-Q2	no	no	no	B	no	no
H2-Q4	no	no	yes	B	no	no
H2-Q5	no	no	no	B	no	no
H2-Q6	no	no	no	B	no	no
H2-Q7	no	no	no	B	no	no
H2-T-PS	no	no	no	B	no	no
H2-T10	no	no	no	B	no	no
H2-T22	no	no	yes	B	no	no
H2-T23	no	no	yes	B	no	no
H2-T24	no	no	yes	B	no	no
H2AC10	no	no	no	B	no	no
H2AC11	no	no	no	B	no	no
H2AC12	no	no	no	B	no	no
H2AC13	no	no	no	B	no	no
H2AC14	no	no	no	B	no	no
H2AC18	no	no	no	B	no	no
H2AC19	no	no	no	B	no	no
H2AC22	no	no	no	B	no	no
H2AC23	no	no	no	B	no	no
H2AC24	no	no	no	B	no	no
H2AC4	no	no	yes	B	no	no
H2AC7	no	no	no	B	no	no
H2AC8	no	no	no	B	no	no
H2AF-PS2	no	no	no	B	no	no
H2AFJ	no	no	no	B	no	no
H2AFV	no	no	no	B	no	no
H2AFX	no	no	no	B	no	no
H2AFY	no	no	no	B	no	no
H2AFY2	no	no	no	B	no	no
H2AFZ	no	no	no	B	no	no
H2AJ	yes	no	no	B	no	no
H2AW	no	no	no	B	no	no
H2AX	yes	yes	yes	A	yes	no
H2AZ1	no	yes	yes	B	yes	no
H2AZ2	yes	no	no	B	no	no
H2BC11	no	no	no	B	no	no
H2BC12	no	no	no	B	no	no
H2BC14	no	no	no	B	no	no
H2BC4	no	no	no	B	no	no
H2BC7	no	no	no	B	no	no
H2BC8	no	no	no	B	no	no
H2BU2	no	no	no	B	no	no
H3-3A	no	no	no	B	no	no
H3C13	no	no	no	B	no	no
H3C14	no	no	yes	B	no	no
H3C15	no	no	no	B	no	no
H3F3A	no	no	no	B	no	no
H3F3A-PS1	no	no	no	B	no	no
H3F3A-PS2	no	no	no	B	no	no
H3F3B	no	no	no	B	no	no
H3F3C	no	no	no	B	no	no
H4C11	no	no	no	B	no	no
H4C2	no	no	no	B	no	no
H4C8	no	no	yes	B	no	no
H4C9	no	no	no	B	no	no
H60C	no	no	no	B	no	no
H6PD	yes	yes	yes	A	yes	yes
HAAO	yes	yes	yes	A	yes	yes
HABP2	no	no	yes	B	no	yes
HABP4	no	no	yes	B	no	yes
HACD1	no	no	no	B	no	no
HACD2	no	no	yes	B	no	no
HACD3	yes	yes	yes	A	yes	no
HACD4	no	no	yes	B	no	no
HACE1	no	no	yes	B	no	no
HACL1	yes	yes	yes	A	yes	yes
HACL2	yes	yes	yes	A	yes	yes
HADH	yes	yes	yes	A	yes	yes
HADHA	yes	yes	yes	A	yes	yes
HADHB	yes	yes	yes	A	yes	yes
HADHB-PS	no	no	no	B	no	no
HAGH	yes	yes	yes	A	yes	yes
HAGHL	no	no	yes	B	no	yes
HALR1	no	no	no	B	no	no
HAO2	yes	yes	yes	A	yes	yes
HAP1	no	no	no	B	no	yes
HAPLN3	no	no	no	B	no	no
HAPLN4	no	no	no	B	no	no
HARBI1	no	no	yes	B	no	yes
HARS	no	no	no	B	no	no
HARS1	yes	yes	yes	A	yes	no
HARS2	no	no	yes	B	no	yes
HAS1	no	no	no	B	no	no
HAS2	no	no	no	B	no	no
HAS3	no	no	no	B	no	no
HASPIN	no	no	yes	B	no	no
HAT1	no	no	yes	B	no	yes
HAUS1	no	no	yes	B	no	yes
HAUS2	no	no	yes	B	no	yes
HAUS3	no	no	yes	B	no	yes
HAUS4	no	no	yes	B	no	yes
HAUS5	no	no	yes	B	no	no
HAUS6	no	no	yes	B	no	yes
HAUS7	no	no	yes	B	no	yes
HAUS8	no	no	yes	B	no	no
HAVCR1	no	no	yes	B	no	yes
HAVCR2	no	no	yes	B	no	no
HAX1	no	no	yes	B	no	yes
HBA-A1	no	no	no	B	no	no
HBA-A2	no	no	no	B	no	no
HBB-BH3	no	no	no	B	no	no
HBB-BS	no	no	yes	B	no	no
HBB-BT	no	no	no	B	no	no
HBEGF	no	no	yes	B	no	yes
HBP1	no	no	yes	B	no	yes
HBS1L	yes	no	yes	B	yes	yes
HCAR1	no	no	yes	B	no	no
HCAR2	no	no	no	B	no	no
HCCS	no	no	yes	B	no	yes
HCFC1	no	yes	yes	B	yes	yes
HCFC1R1	no	no	no	B	no	yes
HCFC2	no	no	yes	B	no	yes
HCK	no	no	yes	B	no	yes
HCLS1	yes	yes	yes	A	yes	yes
HCN2	no	no	no	B	no	no
HCN3	no	no	no	B	no	no
HCRTR1	no	no	no	B	no	no
HCST	no	no	no	B	no	no
HDAC1	no	no	yes	B	no	yes
HDAC1-PS	no	no	no	B	no	no
HDAC10	no	no	yes	B	no	yes
HDAC11	no	no	yes	B	no	yes
HDAC2	yes	yes	yes	A	yes	yes
HDAC3	no	no	yes	B	no	yes
HDAC4	no	no	yes	B	no	yes
HDAC5	no	no	yes	B	no	yes
HDAC6	yes	no	yes	B	yes	yes
HDAC7	no	no	yes	B	no	yes
HDAC8	no	no	yes	B	no	yes
HDAC9	no	no	yes	B	no	no
HDC	no	no	no	B	no	no
HDDC2	no	no	yes	B	no	yes
HDDC3	yes	no	yes	B	yes	yes
HDGF	yes	yes	yes	A	yes	yes
HDGFL2	no	no	yes	B	no	no
HDGFL3	yes	yes	yes	A	yes	no
HDGFRP2	no	no	no	B	no	no
HDGFRP3	no	no	no	B	no	no
HDHD2	yes	yes	yes	A	yes	yes
HDHD3	no	no	yes	B	no	yes
HDHD5	no	yes	yes	B	yes	no
HDLBP	yes	yes	yes	A	yes	yes
HEATR1	no	no	yes	B	no	yes
HEATR2	no	no	no	B	no	no
HEATR3	no	no	yes	B	no	yes
HEATR4	no	no	no	B	no	no
HEATR5A	no	no	yes	B	no	yes
HEATR5B	no	no	yes	B	no	yes
HEATR6	no	no	yes	B	no	yes
HEBP1	yes	yes	yes	A	yes	yes
HEBP2	no	no	yes	B	no	yes
HECA	no	no	yes	B	no	yes
HECTD1	no	no	yes	B	no	yes
HECTD2	no	no	yes	B	no	no
HECTD3	no	no	yes	B	no	yes
HECTD4	no	no	yes	B	no	no
HECW2	no	no	yes	B	no	no
HEG1	no	no	yes	B	no	yes
HELB	no	no	yes	B	no	yes
HELLS	no	no	yes	B	no	no
HELQ	no	no	yes	B	no	yes
HELZ	no	no	yes	B	no	yes
HELZ2	no	no	yes	B	no	yes
HEMK1	no	no	yes	B	no	yes
HEMK2	yes	no	yes	B	yes	yes
HENMT1	no	no	no	B	no	no
HEPACAM2	no	no	yes	B	no	yes
HEPH	no	no	yes	B	no	no
HERC1	no	no	yes	B	no	yes
HERC2	no	no	yes	B	no	yes
HERC3	no	no	yes	B	no	yes
HERC4	yes	no	yes	B	yes	yes
HERC5	no	no	no	B	no	no
HERC6	no	no	yes	B	no	yes
HERPUD1	no	no	yes	B	no	yes
HERPUD2	no	no	yes	B	no	yes
HES1	no	no	yes	B	no	yes
HES2	no	no	no	B	no	no
HES4	no	no	no	B	no	no
HES6	no	no	no	B	no	yes
HESX1	no	no	no	B	no	no
HEXA	yes	yes	yes	A	yes	yes
HEXB	yes	yes	yes	A	yes	yes
HEXD	no	no	yes	B	no	no
HEXDC	no	no	no	B	no	no
HEXIM1	no	no	yes	B	no	yes
HEXIM2	no	no	yes	B	no	yes
HEY1	no	no	no	B	no	no
HEY2	no	no	no	B	no	no
HEYL	no	no	no	B	no	yes
HFE	no	no	yes	B	no	yes
HFM1	no	no	no	B	no	no
HGD	yes	yes	yes	A	yes	yes
HGF	no	no	yes	B	no	yes
HGFAC	no	yes	yes	B	yes	no
HGH1	yes	yes	yes	A	yes	yes
HGS	yes	yes	yes	A	yes	yes
HGSNAT	no	no	yes	B	no	yes
HHAT	no	no	yes	B	no	no
HHATL	no	no	yes	B	no	no
HHEX	no	no	yes	B	no	no
HHIP	no	no	no	B	no	no
HHIPL1	no	no	no	B	no	no
HHIPL2	no	no	no	B	no	no
HIAT1	no	no	no	B	no	no
HIATL1	no	no	no	B	no	no
HIBADH	yes	yes	yes	A	yes	yes
HIBCH	yes	yes	yes	A	yes	yes
HIC1	no	no	yes	B	no	yes
HIC2	no	no	no	B	no	no
HID1	no	no	yes	B	no	no
HIF1A	no	no	yes	B	no	yes
HIF1AN	no	no	yes	B	no	yes
HIF3A	no	no	no	B	no	no
HIGD1A	no	no	yes	B	no	yes
HIGD1B	no	no	yes	B	no	no
HIGD1C	no	no	no	B	no	no
HIGD2A	no	no	yes	B	no	yes
HIKESHI	no	no	yes	B	no	no
HILPDA	no	no	no	B	no	yes
HINFP	no	no	yes	B	no	yes
HINT1	yes	yes	yes	A	yes	yes
HINT2	yes	yes	yes	A	yes	yes
HINT3	yes	yes	yes	A	yes	yes
HIP1	yes	yes	yes	A	yes	yes
HIP1R	yes	no	yes	B	yes	yes
HIPK1	no	no	yes	B	no	yes
HIPK2	no	no	yes	B	no	yes
HIPK3	no	no	yes	B	no	yes
HIRA	no	no	yes	B	no	no
HIRIP3	no	no	yes	B	no	yes
HIST1H1C	no	no	no	B	no	no
HIST1H1E	no	no	no	B	no	no
HIST1H2AC	no	no	no	B	no	no
HIST1H2AH	no	no	no	B	no	no
HIST1H2BB	no	no	no	B	no	no
HIST1H2BC	no	no	no	B	no	no
HIST1H2BE	no	no	no	B	no	no
HIST1H2BK	no	no	no	B	no	no
HIST1H4C	no	no	no	B	no	no
HIST1H4H	no	no	no	B	no	no
HIST1H4I	no	no	no	B	no	no
HIST2H2BE	no	no	no	B	no	no
HIST2H3C2	no	no	no	B	no	no
HIST3H2A	no	no	no	B	no	no
HIST3H2BA	no	no	no	B	no	no
HIVEP1	no	no	yes	B	no	yes
HIVEP2	no	no	yes	B	no	yes
HIVEP3	no	no	yes	B	no	no
HJURP	no	no	yes	B	no	no
HJV	no	no	yes	B	no	no
HK1	yes	yes	yes	A	yes	yes
HK2	no	no	yes	B	no	no
HK3	no	no	yes	B	no	no
HKDC1	no	no	yes	B	no	yes
HLA-DMA	no	no	yes	B	no	no
HLA-DOA	no	no	no	B	no	no
HLA-DOB	no	no	yes	B	no	no
HLA-F	no	no	no	B	no	no
HLCS	no	no	yes	B	no	yes
HLF	no	no	no	B	no	yes
HLTF	no	no	yes	B	no	yes
HLX	no	no	yes	B	no	yes
HM13	yes	yes	yes	A	yes	yes
HMBOX1	no	no	yes	B	no	yes
HMBS	yes	yes	yes	A	yes	yes
HMCES	no	no	yes	B	no	yes
HMCN1	no	no	yes	B	no	no
HMCN2	no	no	no	B	no	no
HMG20A	no	no	yes	B	no	yes
HMG20B	no	no	yes	B	no	yes
HMGA1	yes	no	yes	B	yes	yes
HMGA1-RS1	no	no	no	B	no	no
HMGA1B	no	no	no	B	no	no
HMGA2	no	no	yes	B	no	no
HMGB1	yes	yes	yes	A	yes	yes
HMGB1-PS1	no	no	no	B	no	no
HMGB1-PS2	no	no	no	B	no	no
HMGB1-PS3	no	no	no	B	no	no
HMGB1-PS4	no	no	no	B	no	no
HMGB1-PS5	no	no	no	B	no	no
HMGB1-PS6	no	no	no	B	no	no
HMGB1-PS7	no	no	no	B	no	no
HMGB1-PS8	no	no	no	B	no	no
HMGB1-PS9	no	no	no	B	no	no
HMGB2	yes	yes	yes	A	yes	yes
HMGB3	yes	yes	yes	A	yes	yes
HMGCL	no	no	yes	B	no	yes
HMGCR	no	no	yes	B	no	yes
HMGCS1	no	no	yes	B	no	yes
HMGCS2	no	no	yes	B	no	no
HMGN1	no	no	no	B	no	yes
HMGN2	no	no	yes	B	no	no
HMGN2-PS1	no	no	no	B	no	no
HMGN3	no	no	yes	B	no	yes
HMGN4	no	no	no	B	no	no
HMGN5	no	no	yes	B	no	yes
HMGXB3	no	no	yes	B	no	yes
HMGXB4	no	no	yes	B	no	yes
HMHA1	no	no	no	B	no	no
HMMR	no	no	yes	B	no	no
HMOX1	no	no	yes	B	no	yes
HMOX2	yes	no	yes	B	yes	yes
HMX2	no	no	no	B	no	no
HN1	no	no	no	B	no	no
HN1L	no	no	no	B	no	no
HNF1A	no	no	yes	B	no	yes
HNF1AOS1	no	no	no	B	no	no
HNF1AOS2	no	no	no	B	no	no
HNF1B	no	no	yes	B	no	yes
HNF4A	no	no	yes	B	no	yes
HNF4AOS	no	no	no	B	no	no
HNF4G	no	no	yes	B	no	yes
HNMT	yes	yes	yes	A	yes	yes
HNRNPA0	no	no	yes	B	no	yes
HNRNPA1	yes	yes	yes	A	yes	yes
HNRNPA2B1	yes	yes	yes	A	yes	yes
HNRNPA3	yes	yes	yes	A	yes	yes
HNRNPAB	yes	yes	yes	A	yes	yes
HNRNPC	yes	yes	yes	A	yes	yes
HNRNPD	yes	yes	yes	A	yes	yes
HNRNPDL	yes	yes	yes	A	yes	yes
HNRNPF	yes	yes	yes	A	yes	yes
HNRNPH1	yes	yes	yes	A	yes	yes
HNRNPH2	yes	yes	yes	A	yes	yes
HNRNPH3	yes	yes	yes	A	yes	yes
HNRNPK	yes	yes	yes	A	yes	yes
HNRNPL	yes	yes	yes	A	yes	yes
HNRNPLL	yes	yes	yes	A	yes	yes
HNRNPM	yes	yes	yes	A	yes	yes
HNRNPR	yes	yes	yes	A	yes	yes
HNRNPU	yes	yes	yes	A	yes	yes
HNRNPUL1	yes	yes	yes	A	yes	yes
HNRNPUL2	yes	yes	yes	A	yes	yes
HOGA1	yes	yes	yes	A	yes	yes
HOMER1	no	no	yes	B	no	yes
HOMER2	no	no	no	B	no	no
HOMER3	no	no	yes	B	no	yes
HOMEZ	no	no	yes	B	no	yes
HOOK1	no	no	yes	B	no	yes
HOOK2	no	no	yes	B	no	yes
HOOK3	no	no	yes	B	no	yes
HOPX	no	no	yes	B	no	yes
HORMAD2	no	no	no	B	no	no
HOTAIRM1	no	no	no	B	no	no
HOXA1	no	no	no	B	no	no
HOXA10	no	no	yes	B	no	yes
HOXA11	no	no	yes	B	no	yes
HOXA2	no	no	no	B	no	no
HOXA3	no	no	no	B	no	no
HOXA4	no	no	no	B	no	yes
HOXA5	no	no	yes	B	no	yes
HOXA6	no	no	no	B	no	no
HOXA7	no	no	yes	B	no	yes
HOXA9	no	no	yes	B	no	yes
HOXB2	no	no	no	B	no	no
HOXB3	no	no	no	B	no	yes
HOXB3OS	no	no	no	B	no	no
HOXB4	no	no	yes	B	no	yes
HOXB5	no	no	yes	B	no	yes
HOXB5OS	no	no	no	B	no	no
HOXB6	no	no	yes	B	no	yes
HOXB7	no	no	yes	B	no	yes
HOXB8	no	no	yes	B	no	yes
HOXB9	no	no	yes	B	no	yes
HOXC10	no	no	yes	B	no	yes
HOXC11	no	no	no	B	no	no
HOXC4	no	no	no	B	no	yes
HOXC5	no	no	no	B	no	no
HOXC6	no	no	no	B	no	yes
HOXC8	no	no	yes	B	no	yes
HOXC9	no	no	yes	B	no	yes
HOXD1	no	no	no	B	no	no
HOXD10	no	no	yes	B	no	yes
HOXD11	no	no	no	B	no	no
HOXD3	no	no	no	B	no	no
HOXD3OS1	no	no	no	B	no	no
HOXD4	no	no	yes	B	no	no
HOXD8	no	no	yes	B	no	yes
HOXD9	no	no	yes	B	no	yes
HP	yes	yes	yes	A	yes	yes
HP1BP3	yes	yes	yes	A	yes	yes
HPCAL1	yes	yes	yes	A	yes	yes
HPCAL4	no	no	yes	B	no	no
HPD	yes	yes	yes	A	yes	yes
HPDL	no	no	yes	B	no	no
HPF1	no	no	yes	B	no	no
HPGD	yes	yes	yes	A	yes	yes
HPGDS	no	no	yes	B	no	no
HPN	no	no	yes	B	no	yes
HPRT	no	no	no	B	no	no
HPRT1	yes	yes	yes	A	yes	no
HPS1	no	no	yes	B	no	yes
HPS3	no	no	yes	B	no	yes
HPS4	no	no	yes	B	no	yes
HPS5	no	no	yes	B	no	yes
HPS6	no	no	yes	B	no	yes
HPSE	no	no	yes	B	no	no
HPSE2	no	no	no	B	no	no
HR	no	no	no	B	no	no
HRAS	no	no	yes	B	no	yes
HRC	no	no	yes	B	no	no
HRCT1	no	no	no	B	no	no
HRG	yes	yes	yes	A	yes	yes
HRH1	no	no	no	B	no	no
HRH2	no	no	no	B	no	no
HRK	no	no	no	B	no	no
HRSP12	no	no	no	B	no	no
HS1BP3	yes	yes	yes	A	yes	yes
HS2ST1	no	no	yes	B	no	yes
HS3ST1	no	no	no	B	no	yes
HS3ST2	no	no	no	B	no	no
HS3ST3A1	no	no	no	B	no	no
HS3ST3B1	no	no	no	B	no	no
HS3ST6	no	no	yes	B	no	yes
HS6ST1	no	no	yes	B	no	yes
HS6ST2	no	no	yes	B	no	yes
HS6ST3	no	no	no	B	no	no
HSBP1	yes	yes	yes	A	yes	yes
HSBP1L1	no	no	no	B	no	no
HSCB	yes	yes	yes	A	yes	yes
HSD11B1	yes	yes	yes	A	yes	yes
HSD11B1L	no	no	no	B	no	no
HSD11B2	yes	yes	yes	A	yes	yes
HSD17B1	no	no	no	B	no	no
HSD17B10	yes	yes	yes	A	yes	yes
HSD17B11	yes	yes	yes	A	yes	yes
HSD17B12	yes	yes	yes	A	yes	yes
HSD17B14	no	no	yes	B	no	no
HSD17B2	no	no	yes	B	no	no
HSD17B4	yes	yes	yes	A	yes	yes
HSD17B6	yes	yes	no	B	no	no
HSD17B7	no	no	yes	B	no	yes
HSD17B8	yes	yes	yes	A	yes	no
HSD3B1	no	no	no	B	no	no
HSD3B2	no	no	yes	B	no	yes
HSD3B3	no	no	yes	B	no	no
HSD3B4	no	no	no	B	no	no
HSD3B5	no	no	no	B	no	no
HSD3B6	no	no	no	B	no	no
HSD3B7	no	no	yes	B	no	yes
HSDL1	no	no	yes	B	no	yes
HSDL2	yes	yes	yes	A	yes	yes
HSF1	no	no	yes	B	no	yes
HSF2	no	no	yes	B	no	yes
HSF2BP	no	no	no	B	no	no
HSF4	no	no	no	B	no	no
HSH2D	no	no	no	B	no	no
HSP25-PS1	no	no	no	B	no	no
HSP90AA1	yes	yes	yes	A	yes	yes
HSP90AB1	yes	yes	yes	A	yes	yes
HSP90B1	yes	yes	yes	A	yes	yes
HSPA12A	yes	yes	yes	A	yes	yes
HSPA12B	yes	yes	yes	A	yes	yes
HSPA13	no	no	yes	B	no	yes
HSPA14	no	no	yes	B	no	yes
HSPA1A	no	no	yes	B	no	no
HSPA1B	no	no	yes	B	no	no
HSPA2	yes	yes	yes	A	yes	yes
HSPA4	yes	yes	yes	A	yes	yes
HSPA4L	no	no	yes	B	no	no
HSPA5	yes	yes	yes	A	yes	yes
HSPA8	yes	yes	yes	A	yes	yes
HSPA9	yes	yes	yes	A	yes	yes
HSPB1	yes	yes	yes	A	yes	yes
HSPB11	no	no	no	B	no	yes
HSPB2	no	no	no	B	no	no
HSPB3	no	no	no	B	no	no
HSPB6	yes	yes	yes	A	yes	yes
HSPB7	no	no	yes	B	no	yes
HSPB8	no	no	yes	B	no	yes
HSPB9	no	no	no	B	no	no
HSPBAP1	no	no	yes	B	no	yes
HSPBP1	no	no	yes	B	no	yes
HSPD1	yes	yes	yes	A	yes	yes
HSPD1-PS3	no	no	no	B	no	no
HSPE1	yes	yes	yes	A	yes	no
HSPE1-RS1	no	no	no	B	no	no
HSPG2	yes	yes	yes	A	yes	yes
HSPH1	yes	yes	yes	A	yes	yes
HTATIP2	yes	yes	yes	A	yes	yes
HTATSF1	no	no	yes	B	no	yes
HTD2	no	no	no	B	no	no
HTR1D	no	no	no	B	no	no
HTR1F	no	no	no	B	no	no
HTR2A	no	no	no	B	no	no
HTR2B	no	no	no	B	no	no
HTR3A	no	no	no	B	no	no
HTR4	no	no	no	B	no	no
HTR5A	no	no	no	B	no	no
HTR7	no	no	no	B	no	no
HTRA1	no	yes	yes	B	yes	yes
HTRA2	yes	yes	yes	A	yes	yes
HTRA3	no	no	yes	B	no	no
HTRA4	no	no	yes	B	no	no
HTT	no	no	yes	B	no	yes
HUNK	no	no	yes	B	no	yes
HUS1	no	no	yes	B	no	yes
HUWE1	yes	yes	yes	A	yes	yes
HVCN1	no	no	yes	B	no	yes
HYAL1	no	no	yes	B	no	yes
HYAL2	no	no	yes	B	no	no
HYAL3	no	no	no	B	no	no
HYCC1	no	no	yes	B	no	no
HYDIN	no	no	no	B	no	no
HYI	yes	yes	no	B	no	yes
HYKK	yes	yes	yes	A	yes	yes
HYLS1	no	no	yes	B	no	no
HYOU1	yes	yes	yes	A	yes	yes
HYPK	no	no	yes	B	no	no
I830012O16RIK	no	no	no	B	no	no
IAH1	yes	yes	yes	A	yes	yes
IAPP	no	no	no	B	no	no
IARS	no	no	no	B	no	no
IARS2	yes	yes	yes	A	yes	yes
IBA57	yes	yes	yes	A	yes	yes
IBTK	no	no	yes	B	no	yes
ICA1	no	no	yes	B	no	yes
ICAM1	yes	yes	yes	A	yes	yes
ICAM2	no	no	yes	B	no	yes
ICAM3	no	no	no	B	no	no
ICE1	no	no	yes	B	no	yes
ICE2	no	no	yes	B	no	yes
ICK	no	no	no	B	no	no
ICMT	no	no	yes	B	no	yes
ICOS	no	no	no	B	no	no
ICOSLG	no	no	yes	B	no	yes
ICT1	no	no	no	B	no	no
ID1	no	no	yes	B	no	yes
ID2	no	no	yes	B	no	yes
ID3	no	no	no	B	no	yes
ID4	no	no	no	B	no	yes
IDE	yes	yes	yes	A	yes	yes
IDH1	yes	yes	yes	A	yes	yes
IDH2	yes	yes	yes	A	yes	yes
IDH3A	yes	yes	yes	A	yes	yes
IDH3B	yes	yes	yes	A	yes	yes
IDH3G	yes	yes	yes	A	yes	yes
IDI1	yes	yes	yes	A	yes	no
IDI1-PS1	no	no	no	B	no	no
IDNK	no	no	yes	B	no	yes
IDO1	no	no	no	B	no	no
IDO2	yes	no	yes	B	yes	yes
IDS	no	no	yes	B	no	yes
IDUA	no	no	yes	B	no	yes
IER2	no	no	no	B	no	yes
IER3	no	no	no	B	no	yes
IER3IP1	no	no	yes	B	no	yes
IER5	no	no	yes	B	no	yes
IER5L	no	no	no	B	no	yes
IFFO1	no	no	yes	B	no	yes
IFFO2	no	no	yes	B	no	yes
IFI16	no	no	no	B	no	no
IFI202B	no	no	no	B	no	no
IFI203	no	no	yes	B	no	no
IFI204	no	no	yes	B	no	no
IFI205	no	no	no	B	no	no
IFI206	no	no	no	B	no	no
IFI207	no	no	yes	B	no	no
IFI209	no	no	no	B	no	no
IFI211	no	no	yes	B	no	no
IFI213	no	no	no	B	no	no
IFI27	no	no	no	B	no	no
IFI27L2A	no	no	no	B	no	no
IFI27L2B	no	no	yes	B	no	no
IFI30	yes	yes	yes	A	yes	yes
IFI35	no	no	yes	B	no	yes
IFI44	no	no	yes	B	no	yes
IFI44L	no	no	no	B	no	no
IFI47	no	no	yes	B	no	no
IFI6	no	no	no	B	no	no
IFIH1	no	no	yes	B	no	yes
IFIT1	no	no	yes	B	no	no
IFIT1BL1	no	no	no	B	no	no
IFIT2	no	no	yes	B	no	yes
IFIT3	no	no	yes	B	no	yes
IFIT3B	no	no	yes	B	no	no
IFIT5	yes	yes	no	B	no	no
IFITM1	no	no	no	B	no	no
IFITM10	no	no	no	B	no	no
IFITM2	no	no	yes	B	no	no
IFITM3	no	no	yes	B	no	no
IFITM5	no	no	no	B	no	no
IFITM6	no	no	no	B	no	no
IFNAR1	no	no	yes	B	no	yes
IFNAR2	no	no	yes	B	no	yes
IFNGR1	no	no	yes	B	no	yes
IFNGR2	no	no	yes	B	no	yes
IFNLR1	no	no	no	B	no	yes
IFRD1	no	no	yes	B	no	yes
IFRD2	no	no	yes	B	no	yes
IFT122	no	no	yes	B	no	yes
IFT140	no	no	yes	B	no	yes
IFT172	no	no	yes	B	no	yes
IFT20	no	no	yes	B	no	yes
IFT22	no	no	yes	B	no	yes
IFT27	no	no	yes	B	no	yes
IFT43	no	no	yes	B	no	yes
IFT46	no	no	yes	B	no	yes
IFT52	no	no	yes	B	no	yes
IFT56	no	no	yes	B	no	no
IFT57	no	no	yes	B	no	yes
IFT74	no	no	yes	B	no	yes
IFT80	no	no	yes	B	no	yes
IFT81	no	no	yes	B	no	yes
IFT88	no	no	yes	B	no	yes
IFTAP	no	no	yes	B	no	no
IGBP1	no	yes	yes	B	yes	yes
IGDCC4	no	no	yes	B	no	no
IGF1	no	no	yes	B	no	yes
IGF1R	no	no	yes	B	no	yes
IGF2	no	no	no	B	no	no
IGF2BP1	no	no	yes	B	no	no
IGF2BP2	no	no	yes	B	no	yes
IGF2R	yes	yes	yes	A	yes	yes
IGFALS	yes	yes	yes	A	yes	no
IGFBP1	no	no	yes	B	no	yes
IGFBP2	yes	yes	yes	A	yes	yes
IGFBP3	no	yes	yes	B	yes	yes
IGFBP4	no	yes	yes	B	yes	yes
IGFBP5	no	no	yes	B	no	yes
IGFBP6	no	no	yes	B	no	yes
IGFBP7	yes	yes	yes	A	yes	yes
IGFLR1	no	no	no	B	no	no
IGFN1	no	no	no	B	no	no
IGHA	no	no	yes	B	no	no
IGHD	no	no	no	B	no	no
IGHD5-6	no	no	no	B	no	no
IGHE	no	no	no	B	no	no
IGHG1	no	no	yes	B	no	no
IGHG2B	no	no	yes	B	no	no
IGHG2C	no	no	yes	B	no	no
IGHG3	no	no	yes	B	no	no
IGHJ1	no	no	no	B	no	no
IGHJ2	no	no	no	B	no	no
IGHJ3	no	no	no	B	no	no
IGHJ4	no	no	no	B	no	no
IGHM	no	no	yes	B	no	no
IGHMBP2	no	no	yes	B	no	yes
IGHV1-12	no	no	no	B	no	no
IGHV1-15	no	no	yes	B	no	no
IGHV1-18	no	no	yes	B	no	no
IGHV1-19	no	no	no	B	no	no
IGHV1-2	no	no	no	B	no	no
IGHV1-20	no	no	yes	B	no	no
IGHV1-22	no	no	no	B	no	no
IGHV1-26	no	no	no	B	no	no
IGHV1-31	no	no	no	B	no	no
IGHV1-34	no	no	no	B	no	no
IGHV1-36	no	no	yes	B	no	no
IGHV1-37	no	no	no	B	no	no
IGHV1-39	no	no	yes	B	no	no
IGHV1-4	no	no	no	B	no	no
IGHV1-42	no	no	yes	B	no	no
IGHV1-43	no	no	yes	B	no	no
IGHV1-47	no	no	yes	B	no	no
IGHV1-5	no	no	yes	B	no	no
IGHV1-50	no	no	no	B	no	no
IGHV1-52	no	no	yes	B	no	no
IGHV1-53	no	no	yes	B	no	no
IGHV1-54	no	no	yes	B	no	no
IGHV1-55	no	no	yes	B	no	no
IGHV1-56	no	no	yes	B	no	no
IGHV1-58	no	no	no	B	no	no
IGHV1-59	no	no	yes	B	no	no
IGHV1-61	no	no	yes	B	no	no
IGHV1-62-2	no	no	yes	B	no	no
IGHV1-63	no	no	yes	B	no	no
IGHV1-64	no	no	yes	B	no	no
IGHV1-66	no	no	yes	B	no	no
IGHV1-69	no	no	yes	B	no	no
IGHV1-7	no	no	no	B	no	no
IGHV1-71	no	no	no	B	no	no
IGHV1-72	no	no	no	B	no	no
IGHV1-75	no	no	yes	B	no	no
IGHV1-76	no	no	yes	B	no	no
IGHV1-77	no	no	yes	B	no	no
IGHV1-78	no	no	yes	B	no	no
IGHV1-80	no	no	yes	B	no	no
IGHV1-81	no	no	yes	B	no	no
IGHV1-82	no	no	yes	B	no	no
IGHV1-84	no	no	no	B	no	no
IGHV1-85	no	no	yes	B	no	no
IGHV1-9	no	no	yes	B	no	no
IGHV10-1	no	no	yes	B	no	no
IGHV10-3	no	no	yes	B	no	no
IGHV11-2	no	no	no	B	no	no
IGHV13-1	no	no	no	B	no	no
IGHV14-1	no	no	yes	B	no	no
IGHV14-2	no	no	yes	B	no	no
IGHV14-3	no	no	yes	B	no	no
IGHV14-4	no	no	yes	B	no	no
IGHV2-2	no	no	yes	B	no	no
IGHV2-3	no	no	no	B	no	no
IGHV2-5	no	no	yes	B	no	no
IGHV2-6	no	no	yes	B	no	no
IGHV2-6-8	no	no	no	B	no	no
IGHV2-9	no	no	yes	B	no	no
IGHV2-9-1	no	no	no	B	no	no
IGHV3-1	no	no	yes	B	no	no
IGHV3-5	no	no	no	B	no	no
IGHV3-6	no	no	no	B	no	no
IGHV3-8	no	no	no	B	no	no
IGHV4-1	no	no	yes	B	no	no
IGHV5-12	no	no	yes	B	no	no
IGHV5-15	no	no	no	B	no	no
IGHV5-16	no	no	yes	B	no	no
IGHV5-17	no	no	yes	B	no	no
IGHV5-4	no	no	yes	B	no	no
IGHV5-6	no	no	no	B	no	no
IGHV5-9	no	no	no	B	no	no
IGHV5-9-1	no	no	yes	B	no	no
IGHV6-3	no	no	yes	B	no	no
IGHV6-6	no	no	yes	B	no	no
IGHV7-1	no	no	yes	B	no	no
IGHV7-3	no	no	yes	B	no	no
IGHV8-12	no	no	yes	B	no	no
IGHV8-5	no	no	yes	B	no	no
IGHV8-8	no	no	yes	B	no	no
IGHV9-1	no	no	yes	B	no	no
IGHV9-2	no	no	no	B	no	no
IGHV9-3	no	no	yes	B	no	no
IGHV9-4	no	no	yes	B	no	no
IGIP	no	no	no	B	no	no
IGJ	no	no	no	B	no	no
IGKC	no	no	yes	B	no	no
IGKJ1	no	no	no	B	no	no
IGKJ2	no	no	no	B	no	no
IGKJ3	no	no	no	B	no	no
IGKJ4	no	no	no	B	no	no
IGKJ5	no	no	no	B	no	no
IGKV1-110	no	no	no	B	no	no
IGKV1-117	no	no	no	B	no	no
IGKV1-122	no	no	no	B	no	no
IGKV1-133	no	no	no	B	no	no
IGKV1-135	no	no	yes	B	no	no
IGKV1-88	no	no	no	B	no	no
IGKV1-99	no	no	no	B	no	no
IGKV10-94	no	no	no	B	no	no
IGKV10-95	no	no	no	B	no	no
IGKV10-96	no	no	no	B	no	no
IGKV11-125	no	no	no	B	no	no
IGKV12-38	no	no	yes	B	no	no
IGKV12-41	no	no	yes	B	no	no
IGKV12-44	no	no	yes	B	no	no
IGKV12-46	no	no	yes	B	no	no
IGKV12-89	no	no	yes	B	no	no
IGKV12-98	no	no	yes	B	no	no
IGKV13-84	no	no	yes	B	no	no
IGKV14-100	no	no	yes	B	no	no
IGKV14-111	no	no	no	B	no	no
IGKV14-126	no	no	yes	B	no	no
IGKV14-130	no	no	no	B	no	no
IGKV15-103	no	no	yes	B	no	no
IGKV16-104	no	no	yes	B	no	no
IGKV17-121	no	no	no	B	no	no
IGKV17-127	no	no	yes	B	no	no
IGKV18-36	no	no	no	B	no	no
IGKV19-93	no	no	yes	B	no	no
IGKV2-109	no	no	no	B	no	no
IGKV2-112	no	no	yes	B	no	no
IGKV2-137	no	no	yes	B	no	no
IGKV3-1	no	no	no	B	no	no
IGKV3-10	no	no	no	B	no	no
IGKV3-12	no	no	no	B	no	no
IGKV3-2	no	no	no	B	no	no
IGKV3-3	no	no	no	B	no	no
IGKV3-4	no	no	no	B	no	no
IGKV3-5	no	no	no	B	no	no
IGKV3-7	no	no	no	B	no	no
IGKV4-50	no	no	yes	B	no	no
IGKV4-53	no	no	yes	B	no	no
IGKV4-55	no	no	no	B	no	no
IGKV4-57	no	no	yes	B	no	no
IGKV4-57-1	no	no	yes	B	no	no
IGKV4-58	no	no	no	B	no	no
IGKV4-59	no	no	no	B	no	no
IGKV4-61	no	no	no	B	no	no
IGKV4-62	no	no	no	B	no	no
IGKV4-63	no	no	yes	B	no	no
IGKV4-68	no	no	yes	B	no	no
IGKV4-69	no	no	no	B	no	no
IGKV4-70	no	no	no	B	no	no
IGKV4-72	no	no	no	B	no	no
IGKV4-74	no	no	no	B	no	no
IGKV4-79	no	no	no	B	no	no
IGKV4-80	no	no	yes	B	no	no
IGKV4-86	no	no	no	B	no	no
IGKV4-90	no	no	no	B	no	no
IGKV4-91	no	no	no	B	no	no
IGKV5-37	no	no	no	B	no	no
IGKV5-39	no	no	yes	B	no	no
IGKV5-43	no	no	yes	B	no	no
IGKV5-45	no	no	no	B	no	no
IGKV5-48	no	no	yes	B	no	no
IGKV6-13	no	no	yes	B	no	no
IGKV6-14	no	no	yes	B	no	no
IGKV6-15	no	no	yes	B	no	no
IGKV6-17	no	no	yes	B	no	no
IGKV6-20	no	no	no	B	no	no
IGKV6-23	no	no	yes	B	no	no
IGKV6-25	no	no	yes	B	no	no
IGKV6-32	no	no	yes	B	no	no
IGKV8-19	no	no	yes	B	no	no
IGKV8-21	no	no	yes	B	no	no
IGKV8-24	no	no	yes	B	no	no
IGKV8-27	no	no	yes	B	no	no
IGKV8-28	no	no	yes	B	no	no
IGKV8-30	no	no	yes	B	no	no
IGKV9-120	no	no	yes	B	no	no
IGKV9-123	no	no	yes	B	no	no
IGKV9-124	no	no	yes	B	no	no
IGKV9-129	no	no	no	B	no	no
IGLC1	no	no	no	B	no	no
IGLC2	no	no	yes	B	no	no
IGLC3	no	no	yes	B	no	no
IGLJ1	no	no	no	B	no	no
IGLJ2	no	no	no	B	no	no
IGLJ3	no	no	no	B	no	no
IGLON5	no	no	yes	B	no	no
IGLV1	no	no	no	B	no	no
IGLV2	no	no	no	B	no	no
IGLV4-3	no	no	yes	B	no	no
IGSF10	no	no	yes	B	no	no
IGSF11	no	no	yes	B	no	yes
IGSF23	no	no	no	B	no	no
IGSF3	no	no	yes	B	no	yes
IGSF5	no	no	yes	B	no	yes
IGSF6	no	no	yes	B	no	no
IGSF8	no	no	yes	B	no	yes
IGSF9	no	no	yes	B	no	yes
IGSF9B	no	no	no	B	no	no
IGTP	no	no	yes	B	no	no
IHH	no	no	yes	B	no	yes
IIGP1	no	no	yes	B	no	no
IK	yes	yes	yes	A	yes	yes
IKBIP	yes	no	yes	B	yes	no
IKBKAP	no	no	no	B	no	no
IKBKB	no	no	yes	B	no	yes
IKBKE	no	no	yes	B	no	yes
IKBKG	no	no	yes	B	no	yes
IKZF1	no	no	yes	B	no	no
IKZF2	no	no	yes	B	no	no
IKZF3	no	no	yes	B	no	no
IKZF4	no	no	no	B	no	no
IKZF5	no	no	yes	B	no	yes
IL10RA	no	no	no	B	no	yes
IL10RB	no	no	yes	B	no	yes
IL11	no	no	no	B	no	no
IL11RA	no	no	no	B	no	no
IL11RA1	no	no	no	B	no	no
IL11RA2	no	no	yes	B	no	no
IL12RB1	no	no	no	B	no	no
IL12RB2	no	no	no	B	no	no
IL13RA1	no	no	yes	B	no	yes
IL13RA2	no	no	no	B	no	no
IL15	no	no	no	B	no	yes
IL15RA	no	no	no	B	no	yes
IL16	yes	yes	yes	A	yes	no
IL17C	no	no	no	B	no	no
IL17D	no	no	no	B	no	no
IL17RA	no	no	yes	B	no	yes
IL17RB	no	no	yes	B	no	yes
IL17RC	no	no	yes	B	no	yes
IL17RD	no	no	yes	B	no	yes
IL17RE	no	no	no	B	no	yes
IL18	no	no	yes	B	no	yes
IL18BP	no	no	yes	B	no	yes
IL18R1	no	no	yes	B	no	no
IL18RAP	no	no	no	B	no	no
IL1A	no	no	no	B	no	no
IL1B	no	no	no	B	no	yes
IL1F6	no	no	no	B	no	no
IL1F9	no	no	no	B	no	no
IL1R1	no	no	yes	B	no	yes
IL1R2	no	no	yes	B	no	no
IL1RAP	yes	yes	yes	A	yes	yes
IL1RAPL2	no	no	no	B	no	no
IL1RL1	no	no	no	B	no	no
IL1RL2	no	no	yes	B	no	no
IL1RN	no	no	yes	B	no	no
IL2	no	no	no	B	no	no
IL20RA	no	no	no	B	no	no
IL20RB	no	no	no	B	no	no
IL21R	no	no	no	B	no	no
IL22RA1	no	no	no	B	no	no
IL24	no	no	no	B	no	no
IL27RA	no	no	no	B	no	no
IL2RA	no	no	no	B	no	no
IL2RB	no	no	no	B	no	yes
IL2RG	no	no	yes	B	no	yes
IL31RA	no	no	no	B	no	no
IL32	yes	no	no	B	no	no
IL33	no	no	yes	B	no	yes
IL34	no	no	yes	B	no	yes
IL36B	no	no	no	B	no	no
IL3RA	no	no	yes	B	no	yes
IL4	no	no	no	B	no	no
IL4I1	no	no	yes	B	no	no
IL4R	no	no	yes	B	no	yes
IL5RA	no	no	no	B	no	no
IL6	no	no	no	B	no	no
IL6R	no	no	yes	B	no	yes
IL6ST	no	no	yes	B	no	yes
IL7	no	no	no	B	no	no
IL7R	no	no	no	B	no	no
IL9R	no	no	no	B	no	no
ILDR1	no	no	yes	B	no	yes
ILDR2	no	no	yes	B	no	yes
ILF2	yes	yes	yes	A	yes	yes
ILF3	yes	yes	yes	A	yes	yes
ILK	yes	yes	yes	A	yes	no
ILKAP	no	no	yes	B	no	yes
ILRUN	no	no	yes	B	no	no
IMMP1L	no	no	yes	B	no	yes
IMMP2L	no	no	yes	B	no	yes
IMMT	yes	yes	yes	A	yes	yes
IMP3	no	no	yes	B	no	yes
IMP4	no	no	yes	B	no	yes
IMPA1	yes	yes	yes	A	yes	yes
IMPA2	no	no	yes	B	no	yes
IMPACT	no	no	yes	B	no	yes
IMPAD1	no	no	no	B	no	no
IMPDH1	no	no	yes	B	no	yes
IMPDH2	yes	yes	yes	A	yes	yes
IMPDH2-PS	no	no	no	B	no	no
INADL	no	no	no	B	no	no
INAFM1	no	no	no	B	no	yes
INAFM2	no	no	yes	B	no	yes
INAVA	no	no	yes	B	no	no
INCA1	no	no	no	B	no	no
INCENP	no	no	yes	B	no	yes
INF2	no	no	yes	B	no	yes
ING1	no	no	yes	B	no	yes
ING2	no	no	yes	B	no	yes
ING3	no	no	yes	B	no	yes
ING4	no	no	yes	B	no	yes
ING5	no	no	yes	B	no	yes
INHA	no	no	no	B	no	no
INHBA	no	no	yes	B	no	no
INHBB	no	no	yes	B	no	yes
INHCA	no	no	yes	B	no	no
INIP	no	no	yes	B	no	yes
INKA1	no	no	yes	B	no	no
INMT	no	no	yes	B	no	no
INO80	no	no	yes	B	no	yes
INO80B	no	no	yes	B	no	yes
INO80C	no	no	yes	B	no	yes
INO80D	no	no	yes	B	no	yes
INO80DOS	no	no	no	B	no	no
INO80E	no	no	yes	B	no	yes
INPP1	no	no	yes	B	no	yes
INPP4A	no	no	yes	B	no	yes
INPP4B	no	no	yes	B	no	no
INPP5A	no	no	yes	B	no	yes
INPP5B	no	no	yes	B	no	yes
INPP5D	no	no	yes	B	no	yes
INPP5E	no	no	yes	B	no	yes
INPP5F	no	no	yes	B	no	yes
INPP5J	no	no	yes	B	no	no
INPP5K	no	no	yes	B	no	yes
INPPL1	no	no	yes	B	no	yes
INSC	no	no	no	B	no	no
INSIG1	no	no	no	B	no	yes
INSIG2	no	no	yes	B	no	yes
INSL3	no	no	yes	B	no	no
INSL6	no	no	no	B	no	no
INSR	yes	no	yes	B	yes	yes
INSRR	no	no	yes	B	no	yes
INSYN1	no	no	no	B	no	no
INTS1	no	no	yes	B	no	yes
INTS10	no	no	yes	B	no	yes
INTS11	no	no	yes	B	no	no
INTS12	no	no	yes	B	no	yes
INTS13	no	no	yes	B	no	no
INTS14	no	no	yes	B	no	no
INTS2	no	no	yes	B	no	yes
INTS3	no	no	yes	B	no	yes
INTS4	no	no	yes	B	no	yes
INTS5	no	no	yes	B	no	yes
INTS6	no	no	yes	B	no	yes
INTS6L	no	no	yes	B	no	no
INTS7	no	no	yes	B	no	yes
INTS8	no	no	yes	B	no	yes
INTS9	no	no	yes	B	no	yes
INTU	no	no	yes	B	no	yes
INVS	no	no	yes	B	no	yes
IP6K1	no	no	yes	B	no	yes
IP6K2	no	no	yes	B	no	yes
IPCEF1	no	no	yes	B	no	yes
IPMK	no	no	yes	B	no	yes
IPO11	no	no	yes	B	no	yes
IPO13	no	no	yes	B	no	yes
IPO4	no	no	yes	B	no	yes
IPO5	yes	yes	yes	A	yes	yes
IPO7	yes	yes	yes	A	yes	yes
IPO8	no	no	yes	B	no	yes
IPO9	no	no	yes	B	no	yes
IPP	no	no	yes	B	no	yes
IPPK	no	no	yes	B	no	yes
IQANK1	no	no	no	B	no	no
IQCB1	no	no	yes	B	no	yes
IQCC	no	no	yes	B	no	yes
IQCE	no	no	yes	B	no	yes
IQCG	no	no	no	B	no	no
IQCK	no	no	no	B	no	no
IQGAP1	yes	yes	yes	A	yes	yes
IQGAP2	yes	yes	yes	A	yes	yes
IQGAP3	no	no	yes	B	no	no
IQSCHFP	no	no	no	B	no	no
IQSEC1	no	no	yes	B	no	yes
IQSEC2	no	no	yes	B	no	yes
IQUB	no	no	no	B	no	no
IRAG1	no	no	yes	B	no	no
IRAG2	no	no	yes	B	no	no
IRAK1	no	no	yes	B	no	yes
IRAK1BP1	no	no	yes	B	no	yes
IRAK2	no	no	yes	B	no	yes
IRAK3	no	no	yes	B	no	yes
IRAK4	no	no	yes	B	no	yes
IREB2	no	no	yes	B	no	yes
IRF1	no	no	yes	B	no	yes
IRF2	no	no	yes	B	no	yes
IRF2BP1	no	no	yes	B	no	yes
IRF2BP2	no	no	yes	B	no	yes
IRF2BPL	no	no	yes	B	no	yes
IRF3	yes	no	yes	B	yes	yes
IRF4	no	no	yes	B	no	no
IRF5	no	no	yes	B	no	yes
IRF6	yes	no	yes	B	yes	yes
IRF7	no	no	yes	B	no	yes
IRF8	no	no	yes	B	no	yes
IRF9	no	no	yes	B	no	yes
IRGM1	no	no	yes	B	no	no
IRGM2	no	no	yes	B	no	no
IRGQ	no	no	yes	B	no	yes
IRS1	no	no	yes	B	no	yes
IRS2	no	no	yes	B	no	yes
IRS3	no	no	no	B	no	no
IRS4	no	no	no	B	no	no
IRX1	no	no	yes	B	no	yes
IRX2	no	no	yes	B	no	yes
IRX3	no	no	yes	B	no	yes
IRX5	no	no	yes	B	no	yes
IRX6	no	no	no	B	no	no
ISCA1	no	yes	no	B	no	yes
ISCA2	yes	yes	yes	A	yes	yes
ISCU	yes	yes	yes	A	yes	yes
ISG15	yes	yes	yes	A	yes	yes
ISG20	no	no	yes	B	no	yes
ISG20L2	no	no	yes	B	no	yes
ISLR	no	no	yes	B	no	yes
ISLR2	no	no	yes	B	no	no
ISM1	no	no	no	B	no	no
ISM2	no	no	no	B	no	no
ISOC1	yes	yes	yes	A	yes	yes
ISOC2	yes	yes	no	B	no	no
ISOC2A	no	no	yes	B	no	no
ISOC2B	no	no	yes	B	no	no
ISPD	no	no	no	B	no	no
IST1	yes	yes	yes	A	yes	yes
ISY1	no	no	yes	B	no	yes
ISYNA1	no	yes	yes	B	yes	yes
ITCH	no	no	yes	B	no	yes
ITFG1	no	no	yes	B	no	yes
ITFG2	no	no	yes	B	no	yes
ITFG3	no	no	no	B	no	no
ITGA1	yes	yes	yes	A	yes	yes
ITGA10	no	no	yes	B	no	no
ITGA11	no	no	yes	B	no	no
ITGA2	no	yes	yes	B	yes	no
ITGA2B	no	no	yes	B	no	no
ITGA3	yes	yes	yes	A	yes	yes
ITGA4	no	no	yes	B	no	no
ITGA5	no	no	yes	B	no	yes
ITGA6	yes	yes	yes	A	yes	yes
ITGA7	no	no	yes	B	no	yes
ITGA8	no	no	yes	B	no	yes
ITGA9	no	no	yes	B	no	yes
ITGAE	no	no	yes	B	no	no
ITGAL	no	no	yes	B	no	yes
ITGAM	no	no	yes	B	no	no
ITGAV	yes	yes	yes	A	yes	yes
ITGAX	no	no	yes	B	no	yes
ITGB1	yes	yes	yes	A	yes	yes
ITGB1BP1	no	no	yes	B	no	yes
ITGB1BP2	no	no	no	B	no	no
ITGB2	yes	no	yes	B	yes	yes
ITGB2L	no	no	yes	B	no	no
ITGB3	yes	yes	yes	A	yes	no
ITGB3BP	no	no	yes	B	no	yes
ITGB4	no	no	yes	B	no	yes
ITGB5	yes	yes	yes	A	yes	yes
ITGB6	no	no	yes	B	no	yes
ITGB7	no	no	yes	B	no	yes
ITGB8	no	no	yes	B	no	yes
ITGBL1	no	no	yes	B	no	no
ITIH1	yes	yes	yes	A	yes	no
ITIH2	yes	yes	yes	A	yes	no
ITIH3	yes	yes	yes	A	yes	no
ITIH4	yes	yes	yes	A	yes	no
ITIH5	no	no	yes	B	no	yes
ITK	no	no	no	B	no	no
ITM2A	no	no	no	B	no	no
ITM2B	no	no	yes	B	no	yes
ITM2C	no	no	yes	B	no	yes
ITPA	no	yes	yes	B	yes	yes
ITPA-PS1	no	no	no	B	no	no
ITPK1	no	no	yes	B	no	yes
ITPKA	no	no	no	B	no	no
ITPKB	no	no	yes	B	no	yes
ITPKC	no	no	yes	B	no	yes
ITPR1	no	no	yes	B	no	yes
ITPR2	no	no	yes	B	no	yes
ITPR3	no	no	yes	B	no	yes
ITPRID2	no	no	yes	B	no	no
ITPRIP	no	no	yes	B	no	no
ITPRIPL1	no	no	yes	B	no	yes
ITPRIPL2	no	no	yes	B	no	yes
ITSN1	no	no	yes	B	no	yes
ITSN2	no	no	yes	B	no	yes
IVD	yes	yes	yes	A	yes	yes
IVL	no	no	yes	B	no	no
IVNS1ABP	yes	no	yes	B	yes	no
IWS1	no	no	yes	B	no	yes
IYD	no	no	yes	B	no	no
IZUMO2	no	no	no	B	no	no
IZUMO4	no	no	yes	B	no	yes
JADE1	no	no	yes	B	no	yes
JADE2	no	no	yes	B	no	yes
JADE3	no	no	yes	B	no	yes
JAG1	no	no	yes	B	no	yes
JAG2	no	no	yes	B	no	no
JAGN1	no	no	yes	B	no	yes
JAK1	no	no	yes	B	no	yes
JAK2	no	no	yes	B	no	yes
JAK3	no	no	yes	B	no	yes
JAKMIP1	no	no	no	B	no	no
JAKMIP3	no	no	no	B	no	no
JAM2	no	no	yes	B	no	yes
JAM3	no	no	yes	B	no	yes
JAML	no	no	yes	B	no	no
JARID2	no	no	yes	B	no	yes
JAZF1	no	no	no	B	no	no
JCAD	no	no	yes	B	no	no
JCHAIN	yes	yes	yes	A	yes	no
JDP2	no	no	no	B	no	yes
JHY	no	no	no	B	no	no
JKAMP	no	no	yes	B	no	yes
JMJD1C	no	no	yes	B	no	yes
JMJD4	no	no	yes	B	no	yes
JMJD6	no	no	yes	B	no	yes
JMJD7	no	no	yes	B	no	no
JMJD8	no	no	yes	B	no	yes
JMY	no	no	yes	B	no	yes
JOSD1	no	no	yes	B	no	yes
JOSD2	no	no	yes	B	no	yes
JPH1	no	no	yes	B	no	no
JPH2	no	no	yes	B	no	no
JPH3	no	no	no	B	no	no
JPH4	no	no	no	B	no	no
JPT1	no	no	yes	B	no	no
JPT2	yes	yes	yes	A	yes	no
JRK	no	no	no	B	no	no
JRKL	no	no	yes	B	no	no
JSRP1	no	no	no	B	no	no
JTB	no	no	yes	B	no	yes
JUN	no	no	yes	B	no	yes
JUNB	no	no	yes	B	no	yes
JUND	no	no	yes	B	no	yes
JUNOS	no	no	no	B	no	no
JUP	yes	yes	yes	A	yes	yes
K230010J24RIK	no	no	no	B	no	no
K230015D01RIK	no	no	no	B	no	no
KALRN	no	no	yes	B	no	no
KANK1	no	no	yes	B	no	yes
KANK2	yes	yes	yes	A	yes	yes
KANK3	no	no	yes	B	no	yes
KANK4	no	no	yes	B	no	no
KANSL1	no	no	yes	B	no	yes
KANSL1L	no	no	yes	B	no	yes
KANSL2	no	no	yes	B	no	yes
KANSL2-PS	no	no	no	B	no	no
KANSL3	no	no	yes	B	no	yes
KANTR	no	no	no	B	no	no
KAP	no	no	yes	B	no	no
KARS	no	no	no	B	no	no
KARS1	yes	yes	yes	A	yes	no
KASH5	no	no	no	B	no	no
KAT14	no	no	yes	B	no	no
KAT2A	no	no	yes	B	no	yes
KAT2B	no	no	yes	B	no	yes
KAT5	no	no	yes	B	no	yes
KAT6A	no	no	yes	B	no	yes
KAT6B	no	no	yes	B	no	yes
KAT7	no	no	yes	B	no	yes
KAT8	no	no	yes	B	no	yes
KATNA1	no	no	yes	B	no	yes
KATNAL1	no	no	yes	B	no	yes
KATNB1	no	no	yes	B	no	yes
KATNBL1	no	no	yes	B	no	yes
KATNIP	no	no	yes	B	no	no
KAZALD1	no	no	yes	B	no	no
KAZN	no	no	yes	B	no	yes
KBTBD11	no	no	yes	B	no	yes
KBTBD12	no	no	no	B	no	no
KBTBD2	no	no	yes	B	no	yes
KBTBD3	no	no	no	B	no	yes
KBTBD4	no	no	yes	B	no	yes
KBTBD7	no	no	yes	B	no	yes
KBTBD8	no	no	yes	B	no	no
KCMF1	no	no	yes	B	no	yes
KCNA2	no	no	no	B	no	no
KCNA4	no	no	no	B	no	no
KCNA5	no	no	no	B	no	no
KCNA7	no	no	no	B	no	no
KCNAB1	no	no	yes	B	no	no
KCNAB2	no	no	yes	B	no	no
KCNAB3	no	no	no	B	no	no
KCNB1	no	no	yes	B	no	no
KCNC2	no	no	no	B	no	no
KCNC3	no	no	no	B	no	yes
KCNC4	no	no	no	B	no	no
KCND2	no	no	no	B	no	no
KCND3	no	no	yes	B	no	no
KCNE1	no	no	no	B	no	no
KCNE1L	no	no	no	B	no	no
KCNE2	no	no	no	B	no	no
KCNE3	no	no	no	B	no	no
KCNE4	no	no	yes	B	no	no
KCNG1	no	no	no	B	no	no
KCNG3	yes	yes	no	B	no	no
KCNH1	no	no	no	B	no	no
KCNH2	no	no	no	B	no	no
KCNH3	no	no	no	B	no	no
KCNIP1	no	no	no	B	no	no
KCNIP2	no	no	no	B	no	no
KCNIP3	no	no	no	B	no	no
KCNIP4	no	no	no	B	no	no
KCNJ1	no	no	yes	B	no	yes
KCNJ10	no	no	yes	B	no	yes
KCNJ12	no	no	no	B	no	no
KCNJ13	no	no	no	B	no	no
KCNJ14	no	no	no	B	no	no
KCNJ15	no	no	yes	B	no	yes
KCNJ16	no	no	yes	B	no	yes
KCNJ2	no	no	yes	B	no	no
KCNJ5	no	no	yes	B	no	no
KCNJ8	no	no	yes	B	no	yes
KCNJ9	no	no	no	B	no	no
KCNK1	no	no	yes	B	no	yes
KCNK10	no	no	no	B	no	no
KCNK12	no	no	no	B	no	no
KCNK13	no	no	no	B	no	no
KCNK2	no	no	no	B	no	no
KCNK3	no	no	no	B	no	no
KCNK4	no	no	no	B	no	no
KCNK5	no	no	yes	B	no	yes
KCNK6	no	no	no	B	no	no
KCNK7	no	no	no	B	no	no
KCNK9	no	no	no	B	no	no
KCNMA1	no	no	yes	B	no	no
KCNMB1	no	no	no	B	no	no
KCNMB2	no	no	no	B	no	no
KCNMB4	no	no	no	B	no	no
KCNN1	no	no	no	B	no	yes
KCNN2	no	no	no	B	no	no
KCNN3	no	no	no	B	no	no
KCNN4	no	no	no	B	no	no
KCNQ1	no	no	yes	B	no	yes
KCNQ2	no	no	no	B	no	no
KCNQ4	no	no	no	B	no	no
KCNQ5	no	no	no	B	no	no
KCNS3	no	no	no	B	no	no
KCNT1	no	no	no	B	no	no
KCNT2	no	no	yes	B	no	no
KCP	no	no	yes	B	no	no
KCTD1	no	no	yes	B	no	yes
KCTD10	no	no	yes	B	no	yes
KCTD11	no	no	no	B	no	yes
KCTD12	yes	yes	yes	A	yes	yes
KCTD12B	no	no	yes	B	no	no
KCTD13	no	no	yes	B	no	yes
KCTD14	no	no	yes	B	no	no
KCTD15	no	no	yes	B	no	yes
KCTD17	no	no	yes	B	no	yes
KCTD18	no	no	yes	B	no	no
KCTD2	no	no	yes	B	no	no
KCTD20	no	no	yes	B	no	yes
KCTD21	no	no	yes	B	no	yes
KCTD3	no	no	yes	B	no	yes
KCTD5	no	no	yes	B	no	yes
KCTD6	no	no	yes	B	no	yes
KCTD7	no	no	yes	B	no	no
KCTD9	no	no	yes	B	no	yes
KDELC1	no	no	no	B	no	no
KDELC2	no	no	no	B	no	no
KDELR1	no	no	yes	B	no	yes
KDELR2	no	no	yes	B	no	yes
KDELR3	no	no	yes	B	no	yes
KDF1	no	no	yes	B	no	yes
KDM1A	no	no	yes	B	no	yes
KDM1B	no	no	yes	B	no	yes
KDM2A	no	no	yes	B	no	yes
KDM2B	no	no	yes	B	no	yes
KDM3A	no	no	yes	B	no	yes
KDM3B	no	no	yes	B	no	yes
KDM4A	no	no	yes	B	no	yes
KDM4B	no	no	yes	B	no	no
KDM4C	no	no	yes	B	no	yes
KDM5A	no	no	yes	B	no	yes
KDM5B	no	no	yes	B	no	yes
KDM5C	no	no	yes	B	no	no
KDM5D	no	no	no	B	no	yes
KDM6A	no	no	yes	B	no	yes
KDM6B	no	no	yes	B	no	yes
KDM7A	no	no	yes	B	no	yes
KDM8	no	no	yes	B	no	yes
KDR	no	no	yes	B	no	yes
KDSR	yes	no	yes	B	yes	yes
KEAP1	no	no	yes	B	no	yes
KEF43_P01	no	no	no	B	no	no
KEF43_P02	no	no	no	B	no	no
KEF43_P03	no	no	no	B	no	no
KEF43_P04	no	no	no	B	no	no
KEF43_P05	no	no	no	B	no	no
KEF43_P06	no	no	no	B	no	no
KEF43_P07	no	no	no	B	no	no
KEF43_P08	no	no	no	B	no	no
KEF43_P09	no	no	no	B	no	no
KEF43_P10	no	no	no	B	no	no
KEF43_P11	no	no	no	B	no	no
KEF43_P12	no	no	no	B	no	no
KEF43_P13	no	no	no	B	no	no
KEF43_R01	no	no	no	B	no	no
KEF43_R02	no	no	no	B	no	no
KEF43_T07	no	no	no	B	no	no
KEF43_T12	no	no	no	B	no	no
KEF43_T13	no	no	no	B	no	no
KEF43_T21	no	no	no	B	no	no
KEG1	no	no	yes	B	no	no
KEL	no	no	yes	B	no	no
KGD4	no	no	yes	B	no	no
KHDC4	no	no	yes	B	no	no
KHDRBS1	yes	yes	yes	A	yes	yes
KHDRBS3	no	no	yes	B	no	yes
KHK	yes	yes	yes	A	yes	yes
KHNYN	no	no	yes	B	no	yes
KHSRP	yes	yes	yes	A	yes	yes
KIAA0040	no	no	yes	B	no	yes
KIAA0232	no	no	yes	B	no	yes
KIAA0319	no	no	no	B	no	no
KIAA0319L	no	no	yes	B	no	yes
KIAA0408	no	no	no	B	no	no
KIAA0513	no	no	yes	B	no	yes
KIAA0586	no	no	no	B	no	yes
KIAA0753	no	no	yes	B	no	yes
KIAA0825	no	no	no	B	no	yes
KIAA0895	no	no	no	B	no	no
KIAA0930	no	no	no	B	no	yes
KIAA1143	no	no	no	B	no	yes
KIAA1191	no	no	no	B	no	yes
KIAA1210	no	no	no	B	no	no
KIAA1217	yes	no	no	B	no	yes
KIAA1328	no	no	yes	B	no	yes
KIAA1549	no	no	yes	B	no	yes
KIAA1586	no	no	no	B	no	no
KIAA1614	no	no	yes	B	no	yes
KIAA1671	no	no	yes	B	no	yes
KIAA1755	no	no	no	B	no	no
KIAA1958	no	no	no	B	no	yes
KIAA2012	no	no	no	B	no	no
KIAA2013	no	no	yes	B	no	yes
KICS2	no	no	yes	B	no	no
KIDINS220	no	no	yes	B	no	yes
KIF11	no	no	yes	B	no	no
KIF12	yes	yes	yes	A	yes	yes
KIF13A	no	no	yes	B	no	yes
KIF13B	yes	yes	yes	A	yes	yes
KIF15	no	no	yes	B	no	no
KIF16B	no	no	yes	B	no	yes
KIF18A	no	no	no	B	no	no
KIF18B	no	no	no	B	no	no
KIF1A	no	no	yes	B	no	no
KIF1B	no	no	yes	B	no	yes
KIF1C	no	no	yes	B	no	yes
KIF20A	no	no	yes	B	no	no
KIF20B	no	no	yes	B	no	yes
KIF21A	no	no	yes	B	no	yes
KIF21B	no	no	yes	B	no	no
KIF22	no	no	yes	B	no	yes
KIF23	no	no	yes	B	no	yes
KIF24	no	no	no	B	no	no
KIF26A	no	no	no	B	no	no
KIF26B	no	no	yes	B	no	no
KIF27	no	no	no	B	no	no
KIF28	no	no	no	B	no	no
KIF2A	no	no	yes	B	no	yes
KIF2C	no	no	yes	B	no	no
KIF3A	no	no	yes	B	no	yes
KIF3B	no	no	yes	B	no	yes
KIF3C	no	no	yes	B	no	yes
KIF4A	no	no	yes	B	no	no
KIF5A	no	no	no	B	no	no
KIF5B	yes	yes	yes	A	yes	yes
KIF5C	no	no	yes	B	no	no
KIF6	no	no	no	B	no	no
KIF7	no	no	yes	B	no	no
KIF9	no	no	no	B	no	yes
KIFAP3	no	no	yes	B	no	yes
KIFBP	no	no	yes	B	no	no
KIFC1	no	no	no	B	no	no
KIFC2	no	no	no	B	no	yes
KIFC3	no	no	yes	B	no	yes
KIFC5B	no	no	yes	B	no	no
KIN	no	no	yes	B	no	yes
KIRREL	no	no	no	B	no	no
KIRREL1	no	no	yes	B	no	no
KIRREL2	no	no	no	B	no	no
KIRREL3	no	no	no	B	no	no
KISS1	no	no	no	B	no	no
KISS1R	no	no	no	B	no	no
KIT	no	no	yes	B	no	yes
KITLG	no	no	yes	B	no	yes
KIZ	no	no	yes	B	no	yes
KL	no	no	yes	B	no	yes
KLC1	yes	no	yes	B	yes	yes
KLC2	no	no	yes	B	no	yes
KLC3	no	no	yes	B	no	yes
KLC4	yes	yes	yes	A	yes	yes
KLF1	no	no	no	B	no	no
KLF10	no	no	yes	B	no	yes
KLF11	no	no	no	B	no	yes
KLF12	no	no	yes	B	no	yes
KLF13	no	no	yes	B	no	yes
KLF15	no	no	yes	B	no	yes
KLF16	no	no	yes	B	no	yes
KLF2	no	no	yes	B	no	yes
KLF3	no	no	yes	B	no	yes
KLF4	no	no	yes	B	no	yes
KLF5	no	no	yes	B	no	yes
KLF6	no	no	yes	B	no	yes
KLF7	no	no	yes	B	no	yes
KLF9	no	no	yes	B	no	yes
KLHDC1	no	no	no	B	no	yes
KLHDC10	no	no	yes	B	no	yes
KLHDC2	no	no	yes	B	no	yes
KLHDC3	no	no	yes	B	no	yes
KLHDC4	no	no	yes	B	no	yes
KLHDC7A	no	no	yes	B	no	yes
KLHDC8A	no	no	yes	B	no	yes
KLHDC8B	no	no	yes	B	no	yes
KLHDC9	no	no	yes	B	no	yes
KLHL11	no	no	yes	B	no	yes
KLHL12	no	no	yes	B	no	yes
KLHL13	no	no	yes	B	no	yes
KLHL14	no	no	yes	B	no	yes
KLHL15	no	no	yes	B	no	no
KLHL17	no	no	yes	B	no	yes
KLHL18	no	no	yes	B	no	yes
KLHL2	no	no	yes	B	no	yes
KLHL20	no	no	yes	B	no	yes
KLHL21	no	no	yes	B	no	yes
KLHL22	no	no	yes	B	no	yes
KLHL23	no	no	no	B	no	no
KLHL24	no	no	yes	B	no	yes
KLHL25	no	no	yes	B	no	yes
KLHL26	no	no	yes	B	no	yes
KLHL28	no	no	yes	B	no	yes
KLHL29	no	no	yes	B	no	no
KLHL3	no	no	yes	B	no	yes
KLHL31	no	no	no	B	no	no
KLHL32	no	no	no	B	no	no
KLHL36	no	no	yes	B	no	yes
KLHL42	no	no	yes	B	no	yes
KLHL5	no	no	yes	B	no	yes
KLHL6	no	no	yes	B	no	no
KLHL7	no	no	yes	B	no	yes
KLHL8	no	no	yes	B	no	yes
KLHL9	no	no	yes	B	no	yes
KLK1	no	no	yes	B	no	yes
KLK1B1	no	no	no	B	no	no
KLK1B11	no	no	yes	B	no	no
KLK1B14-PS	no	no	no	B	no	no
KLK1B15-PS	no	no	no	B	no	no
KLK1B16	no	no	no	B	no	no
KLK1B19-PS	no	no	no	B	no	no
KLK1B21	no	no	no	B	no	no
KLK1B22	no	no	no	B	no	no
KLK1B24	no	no	no	B	no	no
KLK1B27	no	no	no	B	no	no
KLK1B3	no	no	yes	B	no	no
KLK1B4	no	no	yes	B	no	no
KLK1B5	no	no	yes	B	no	no
KLK1B8	no	no	no	B	no	no
KLK1B9	no	no	yes	B	no	no
KLK4	no	no	no	B	no	no
KLK8	no	no	no	B	no	no
KLKB1	no	yes	yes	B	yes	no
KLRA2	no	no	yes	B	no	no
KLRB1B	no	no	no	B	no	no
KLRD1	no	no	no	B	no	no
KLRG2	no	no	yes	B	no	yes
KMO	yes	yes	yes	A	yes	yes
KMT2A	no	no	yes	B	no	yes
KMT2B	no	no	yes	B	no	yes
KMT2C	no	no	yes	B	no	yes
KMT2D	no	no	yes	B	no	yes
KMT2E	no	no	yes	B	no	yes
KMT5A	no	no	yes	B	no	no
KMT5B	no	no	yes	B	no	no
KMT5C	no	no	yes	B	no	no
KNG1	yes	yes	yes	A	yes	no
KNG2	no	no	yes	B	no	no
KNL1	no	no	no	B	no	no
KNOP1	no	no	yes	B	no	yes
KNSTRN	no	no	yes	B	no	no
KNTC1	no	no	yes	B	no	no
KPNA1	no	no	yes	B	no	yes
KPNA2	no	no	yes	B	no	yes
KPNA3	yes	yes	yes	A	yes	yes
KPNA4	yes	no	yes	B	yes	yes
KPNA5	no	yes	no	B	no	no
KPNA6	yes	no	yes	B	yes	yes
KPNB1	yes	yes	yes	A	yes	yes
KPTN	no	no	yes	B	no	yes
KRABD2	no	no	no	B	no	no
KRABD3	no	no	no	B	no	yes
KRAS	no	yes	yes	B	yes	yes
KRCC1	no	no	yes	B	no	yes
KREMEN1	no	no	yes	B	no	yes
KRI1	no	no	yes	B	no	yes
KRIT1	no	no	yes	B	no	yes
KRR1	no	no	yes	B	no	yes
KRT10	yes	yes	yes	A	yes	yes
KRT14	no	no	yes	B	no	no
KRT15	yes	yes	yes	A	yes	yes
KRT16	no	no	yes	B	no	no
KRT17	no	no	yes	B	no	no
KRT18	yes	yes	yes	A	yes	yes
KRT19	no	no	yes	B	no	no
KRT20	no	no	yes	B	no	no
KRT222	no	no	no	B	no	no
KRT23	no	no	yes	B	no	yes
KRT35	no	no	no	B	no	no
KRT36	no	no	no	B	no	no
KRT4	no	no	yes	B	no	no
KRT5	no	no	yes	B	no	no
KRT6A	no	no	yes	B	no	no
KRT7	yes	yes	yes	A	yes	yes
KRT8	no	no	yes	B	no	yes
KRT8-PS	no	no	no	B	no	no
KRT80	no	no	yes	B	no	yes
KRT83	no	no	no	B	no	no
KRTCAP2	no	no	yes	B	no	yes
KRTCAP3	no	no	yes	B	no	no
KSR1	no	no	yes	B	no	yes
KSR2	no	no	no	B	no	no
KTI12	no	no	yes	B	no	yes
KTN1	yes	yes	yes	A	yes	yes
KXD1	no	no	yes	B	no	yes
KY	no	no	no	B	no	no
KYAT1	yes	yes	yes	A	yes	no
KYAT3	yes	yes	yes	A	yes	no
KYNU	yes	yes	yes	A	yes	yes
L1CAM	no	no	yes	B	no	yes
L2HGDH	yes	yes	yes	A	yes	yes
L3HYPDH	yes	yes	yes	A	yes	yes
L3MBTL1	no	no	no	B	no	no
L3MBTL2	no	no	yes	B	no	yes
L3MBTL3	no	no	yes	B	no	yes
L3MBTL4	no	no	no	B	no	no
L7RN6	no	no	no	B	no	no
LACC1	no	no	yes	B	no	yes
LACE1	no	no	no	B	no	no
LACTB	yes	no	yes	B	yes	yes
LACTB2	yes	yes	yes	A	yes	yes
LAD1	yes	yes	yes	A	yes	yes
LAG3	no	no	yes	B	no	no
LAGE3	no	no	yes	B	no	yes
LAIR1	no	no	yes	B	no	yes
LAMA1	no	no	yes	B	no	yes
LAMA2	no	no	yes	B	no	yes
LAMA3	no	no	yes	B	no	yes
LAMA4	no	no	yes	B	no	no
LAMA5	yes	no	yes	B	yes	yes
LAMB1	yes	yes	yes	A	yes	yes
LAMB2	yes	yes	yes	A	yes	yes
LAMB3	no	no	yes	B	no	yes
LAMB4	no	no	no	B	no	no
LAMC1	yes	yes	yes	A	yes	yes
LAMC2	no	no	yes	B	no	yes
LAMC3	no	no	yes	B	no	yes
LAMP1	yes	yes	yes	A	yes	yes
LAMP2	yes	yes	yes	A	yes	yes
LAMP3	no	no	no	B	no	no
LAMTOR1	yes	yes	yes	A	yes	yes
LAMTOR2	yes	no	yes	B	yes	yes
LAMTOR3	yes	no	yes	B	yes	yes
LAMTOR4	no	no	yes	B	no	yes
LAMTOR5	yes	yes	yes	A	yes	yes
LANCL1	yes	yes	yes	A	yes	no
LANCL2	no	no	yes	B	no	yes
LANCL3	no	no	yes	B	no	no
LAP3	yes	yes	yes	A	yes	yes
LAPTM4A	no	no	yes	B	no	yes
LAPTM4B	no	no	no	B	no	yes
LAPTM5	no	no	no	B	no	yes
LARGE	no	no	no	B	no	no
LARGE1	no	no	yes	B	no	no
LARGE2	no	no	yes	B	no	no
LARP1	yes	yes	yes	A	yes	yes
LARP1B	no	no	yes	B	no	yes
LARP4	no	no	yes	B	no	yes
LARP4B	no	no	yes	B	no	yes
LARP6	no	no	yes	B	no	no
LARP7	no	no	yes	B	no	yes
LARS	no	no	no	B	no	no
LARS1	yes	yes	yes	A	yes	no
LARS2	yes	no	yes	B	yes	yes
LAS1L	no	no	yes	B	no	yes
LASP1	yes	yes	yes	A	yes	yes
LAT	no	no	yes	B	no	no
LAT2	no	no	yes	B	no	yes
LATS1	no	no	yes	B	no	yes
LATS2	no	no	yes	B	no	yes
LAX1	no	no	no	B	no	no
LAYN	no	no	yes	B	no	no
LBH	no	no	yes	B	no	no
LBHD1	no	no	no	B	no	yes
LBP	yes	yes	yes	A	yes	no
LBR	no	no	yes	B	no	yes
LCA5	no	no	yes	B	no	no
LCAT	no	no	yes	B	no	no
LCK	no	no	yes	B	no	no
LCLAT1	no	no	yes	B	no	yes
LCMT1	yes	no	yes	B	yes	yes
LCMT2	no	no	yes	B	no	yes
LCN2	no	no	yes	B	no	no
LCNL1	no	no	no	B	no	no
LCOR	no	no	yes	B	no	yes
LCORL	no	no	yes	B	no	yes
LCP1	yes	yes	yes	A	yes	yes
LCP2	no	no	yes	B	no	no
LCTL	no	no	no	B	no	no
LDAF1	no	no	yes	B	no	no
LDAH	yes	no	yes	B	yes	no
LDB1	no	no	yes	B	no	yes
LDB2	no	no	yes	B	no	yes
LDB3	no	no	yes	B	no	no
LDC1	no	no	no	B	no	no
LDHA	yes	yes	yes	A	yes	yes
LDHA-PS2	no	no	no	B	no	no
LDHB	yes	yes	yes	A	yes	yes
LDHB-PS	no	no	no	B	no	no
LDHD	yes	yes	yes	A	yes	yes
LDLR	no	no	yes	B	no	yes
LDLRAD3	no	no	yes	B	no	yes
LDLRAD4	no	no	no	B	no	yes
LDLRAP1	no	no	yes	B	no	yes
LDOC1	no	no	no	B	no	no
LDOC1L	no	no	no	B	no	no
LEAP2	no	no	yes	B	no	no
LEF1	no	no	no	B	no	no
LEFTY1	no	no	no	B	no	no
LEKR1	no	no	no	B	no	no
LEMD2	yes	yes	yes	A	yes	yes
LEMD3	no	no	yes	B	no	yes
LENEP	no	no	no	B	no	no
LENG1	no	no	yes	B	no	yes
LENG8	no	no	yes	B	no	yes
LENG9	no	no	yes	B	no	yes
LEO1	no	no	yes	B	no	yes
LEPR	no	no	yes	B	no	yes
LEPRE1	no	no	no	B	no	no
LEPREL1	no	no	no	B	no	no
LEPREL2	no	no	no	B	no	no
LEPREL4	no	no	no	B	no	no
LEPROT	no	no	yes	B	no	yes
LEPROTL1	no	no	yes	B	no	yes
LETM1	yes	yes	yes	A	yes	yes
LETM2	no	no	no	B	no	no
LETMD1	no	no	yes	B	no	yes
LFNG	no	no	yes	B	no	yes
LGALS1	yes	yes	yes	A	yes	yes
LGALS12	no	no	yes	B	no	no
LGALS2	yes	yes	no	B	no	no
LGALS3	yes	yes	yes	A	yes	yes
LGALS3BP	no	no	yes	B	no	no
LGALS4	no	no	yes	B	no	no
LGALS7B	no	no	no	B	no	no
LGALS8	no	no	yes	B	no	yes
LGALS9	yes	yes	yes	A	yes	yes
LGALSL	yes	no	yes	B	yes	yes
LGI2	no	no	no	B	no	no
LGI3	no	no	no	B	no	no
LGI4	no	no	no	B	no	no
LGMN	yes	yes	yes	A	yes	yes
LGR4	no	no	yes	B	no	yes
LHFP	no	no	no	B	no	no
LHFPL2	no	no	yes	B	no	yes
LHFPL3	no	no	no	B	no	no
LHFPL6	no	no	yes	B	no	no
LHPP	yes	yes	yes	A	yes	yes
LHX1	no	no	yes	B	no	yes
LHX1OS	no	no	no	B	no	no
LHX2	no	no	no	B	no	no
LHX4	no	no	no	B	no	no
LHX6	no	no	no	B	no	no
LIAS	yes	no	yes	B	yes	yes
LIF	no	no	yes	B	no	no
LIFR	no	no	yes	B	no	yes
LIG1	no	no	yes	B	no	yes
LIG3	no	no	yes	B	no	yes
LIG4	no	no	yes	B	no	yes
LILR4B	no	no	no	B	no	no
LILRA5	no	no	yes	B	no	no
LILRB4	no	no	no	B	no	no
LILRB4A	no	no	yes	B	no	no
LIMA1	yes	yes	yes	A	yes	yes
LIMCH1	no	yes	yes	B	yes	yes
LIMD1	no	no	yes	B	no	yes
LIMD2	no	no	yes	B	no	yes
LIME1	no	no	no	B	no	no
LIMK1	no	no	yes	B	no	yes
LIMK2	no	no	yes	B	no	yes
LIMS1	yes	yes	yes	A	yes	yes
LIMS2	no	yes	yes	B	yes	yes
LIN37	no	no	yes	B	no	yes
LIN52	no	no	yes	B	no	yes
LIN54	no	no	yes	B	no	yes
LIN7A	no	no	yes	B	no	no
LIN7B	no	no	yes	B	no	no
LIN7C	yes	yes	yes	A	yes	yes
LIN9	no	no	yes	B	no	yes
LINGO1	no	no	no	B	no	no
LINGO3	no	no	no	B	no	no
LINGO4	no	no	no	B	no	no
LINS	no	no	no	B	no	no
LINS1	no	no	yes	B	no	no
LIPA	no	no	yes	B	no	no
LIPC	no	no	yes	B	no	no
LIPE	no	no	yes	B	no	yes
LIPG	no	no	yes	B	no	no
LIPH	no	no	no	B	no	no
LIPN	yes	yes	no	B	no	no
LIPO1	no	no	no	B	no	no
LIPO2	no	no	no	B	no	no
LIPO3	no	no	yes	B	no	no
LIPT1	no	no	yes	B	no	yes
LIPT2	no	no	yes	B	no	yes
LITAF	no	no	yes	B	no	yes
LIX1	no	no	no	B	no	no
LIX1L	no	no	yes	B	no	yes
LLCFC1	no	no	no	B	no	no
LLGL1	no	no	yes	B	no	yes
LLGL2	no	no	yes	B	no	yes
LLPH	no	no	yes	B	no	yes
LLPH-PS1	no	no	no	B	no	no
LLPH-PS2	no	no	no	B	no	no
LMAN1	yes	yes	yes	A	yes	yes
LMAN1L	no	no	no	B	no	no
LMAN2	yes	yes	yes	A	yes	yes
LMAN2L	no	no	yes	B	no	yes
LMBR1	no	no	yes	B	no	yes
LMBR1L	no	no	no	B	no	yes
LMBRD1	no	no	yes	B	no	yes
LMBRD2	no	no	yes	B	no	yes
LMCD1	yes	yes	yes	A	yes	yes
LMF1	no	no	yes	B	no	yes
LMF2	yes	yes	yes	A	yes	yes
LMLN	no	no	yes	B	no	no
LMNA	yes	yes	yes	A	yes	yes
LMNB1	yes	yes	yes	A	yes	yes
LMNB2	yes	yes	yes	A	yes	yes
LMNTD1	no	no	no	B	no	no
LMNTD2	no	no	no	B	no	no
LMO1	no	no	no	B	no	no
LMO2	no	no	yes	B	no	yes
LMO3	no	no	no	B	no	no
LMO4	no	no	yes	B	no	yes
LMO7	yes	yes	yes	A	yes	yes
LMOD1	yes	yes	yes	A	yes	yes
LMOD3	no	no	no	B	no	no
LMTK2	no	no	yes	B	no	yes
LMTK3	no	no	yes	B	no	no
LMX1B	no	no	no	B	no	no
LNP	no	no	no	B	no	no
LNP1	no	no	no	B	no	no
LNPEP	no	no	yes	B	no	yes
LNPK	no	no	yes	B	no	no
LNX1	no	no	yes	B	no	yes
LNX2	no	no	yes	B	no	yes
LOC100169654	no	no	no	B	no	no
LOC100302541	no	no	no	B	no	no
LOC100533977	yes	no	no	B	no	no
LOC101080269	no	no	no	B	no	no
LOC101080285	no	no	no	B	no	no
LOC101080314	no	no	no	B	no	no
LOC101080332	no	no	no	B	no	no
LOC101080351	no	no	no	B	no	no
LOC101080391	no	no	no	B	no	no
LOC101080399	no	no	no	B	no	no
LOC101080491	no	no	no	B	no	no
LOC101080505	no	no	no	B	no	no
LOC101080561	no	no	no	B	no	no
LOC101080710	no	no	no	B	no	no
LOC101080762	no	no	no	B	no	no
LOC101080774	no	no	no	B	no	no
LOC101080845	yes	yes	no	B	no	no
LOC101080856	no	no	no	B	no	no
LOC101080879	no	no	no	B	no	no
LOC101080897	no	no	no	B	no	no
LOC101080927	no	no	no	B	no	no
LOC101080934	no	no	no	B	no	no
LOC101080954	no	no	no	B	no	no
LOC101080962	no	no	no	B	no	no
LOC101081013	no	no	no	B	no	no
LOC101081129	no	no	no	B	no	no
LOC101081158	no	no	no	B	no	no
LOC101081185	no	no	no	B	no	no
LOC101081204	yes	yes	no	B	no	no
LOC101081221	no	no	no	B	no	no
LOC101081378	no	no	no	B	no	no
LOC101081428	no	no	no	B	no	no
LOC101081454	no	no	no	B	no	no
LOC101081501	no	no	no	B	no	no
LOC101081556	no	no	no	B	no	no
LOC101081568	no	no	no	B	no	no
LOC101081589	no	no	no	B	no	no
LOC101081628	no	no	no	B	no	no
LOC101081635	no	no	no	B	no	no
LOC101081641	no	no	no	B	no	no
LOC101081669	no	no	no	B	no	no
LOC101081743	no	no	no	B	no	no
LOC101081808	no	no	no	B	no	no
LOC101081885	no	no	no	B	no	no
LOC101081890	no	no	no	B	no	no
LOC101081984	no	no	no	B	no	no
LOC101081992	no	no	no	B	no	no
LOC101082007	no	no	no	B	no	no
LOC101082108	no	no	no	B	no	no
LOC101082109	no	no	no	B	no	no
LOC101082110	no	no	no	B	no	no
LOC101082144	yes	yes	no	B	no	no
LOC101082222	no	no	no	B	no	no
LOC101082237	no	no	no	B	no	no
LOC101082380	no	no	no	B	no	no
LOC101082424	no	no	no	B	no	no
LOC101082437	no	no	no	B	no	no
LOC101082454	no	no	no	B	no	no
LOC101082513	no	no	no	B	no	no
LOC101082562	no	no	no	B	no	no
LOC101082633	no	no	no	B	no	no
LOC101082667	no	no	no	B	no	no
LOC101082677	no	no	no	B	no	no
LOC101082707	no	no	no	B	no	no
LOC101082722	no	no	no	B	no	no
LOC101082733	no	no	no	B	no	no
LOC101082822	no	no	no	B	no	no
LOC101082866	no	no	no	B	no	no
LOC101082905	no	no	no	B	no	no
LOC101082918	no	no	no	B	no	no
LOC101082948	no	yes	no	B	no	no
LOC101082993	no	no	no	B	no	no
LOC101083114	yes	yes	no	B	no	no
LOC101083128	no	no	no	B	no	no
LOC101083149	no	no	no	B	no	no
LOC101083316	no	no	no	B	no	no
LOC101083342	no	no	no	B	no	no
LOC101083370	yes	yes	no	B	no	no
LOC101083392	no	no	no	B	no	no
LOC101083433	no	no	no	B	no	no
LOC101083444	no	no	no	B	no	no
LOC101083473	no	no	no	B	no	no
LOC101083474	no	no	no	B	no	no
LOC101083586	no	no	no	B	no	no
LOC101083598	no	no	no	B	no	no
LOC101083623	no	no	no	B	no	no
LOC101083636	no	no	no	B	no	no
LOC101083640	no	no	no	B	no	no
LOC101083642	no	no	no	B	no	no
LOC101083645	no	yes	no	B	no	no
LOC101083648	no	no	no	B	no	no
LOC101083729	no	no	no	B	no	no
LOC101083747	no	no	no	B	no	no
LOC101083779	no	no	no	B	no	no
LOC101083968	no	no	no	B	no	no
LOC101083987	no	no	no	B	no	no
LOC101084045	no	no	no	B	no	no
LOC101084154	no	no	no	B	no	no
LOC101084157	no	no	no	B	no	no
LOC101084194	no	no	no	B	no	no
LOC101084234	no	no	no	B	no	no
LOC101084270	no	no	no	B	no	no
LOC101084312	no	no	no	B	no	no
LOC101084354	no	no	no	B	no	no
LOC101084382	no	no	no	B	no	no
LOC101084388	no	no	no	B	no	no
LOC101084409	no	no	no	B	no	no
LOC101084417	no	no	no	B	no	no
LOC101084495	no	no	no	B	no	no
LOC101084518	no	no	no	B	no	no
LOC101084573	no	no	no	B	no	no
LOC101084636	no	no	no	B	no	no
LOC101084776	no	no	no	B	no	no
LOC101084793	no	no	no	B	no	no
LOC101084855	no	no	no	B	no	no
LOC101084978	no	no	no	B	no	no
LOC101085079	no	no	no	B	no	no
LOC101085134	no	no	no	B	no	no
LOC101085183	no	no	no	B	no	no
LOC101085233	no	no	no	B	no	no
LOC101085247	no	no	no	B	no	no
LOC101085272	no	no	no	B	no	no
LOC101085304	no	no	no	B	no	no
LOC101085336	no	no	no	B	no	no
LOC101085341	no	no	no	B	no	no
LOC101085348	no	no	no	B	no	no
LOC101085424	no	no	no	B	no	no
LOC101085439	no	no	no	B	no	no
LOC101085510	no	no	no	B	no	no
LOC101085531	no	no	no	B	no	no
LOC101085539	no	no	no	B	no	no
LOC101085685	no	no	no	B	no	no
LOC101085738	no	no	no	B	no	no
LOC101085781	no	no	no	B	no	no
LOC101085783	no	no	no	B	no	no
LOC101085811	no	no	no	B	no	no
LOC101085837	no	no	no	B	no	no
LOC101085888	no	no	no	B	no	no
LOC101085936	no	no	no	B	no	no
LOC101085952	no	no	no	B	no	no
LOC101085971	no	no	no	B	no	no
LOC101085976	no	no	no	B	no	no
LOC101086041	no	no	no	B	no	no
LOC101086085	no	no	no	B	no	no
LOC101086180	no	no	no	B	no	no
LOC101086240	no	no	no	B	no	no
LOC101086263	no	no	no	B	no	no
LOC101086295	no	no	no	B	no	no
LOC101086361	no	no	no	B	no	no
LOC101086373	no	no	no	B	no	no
LOC101086441	yes	yes	no	B	no	no
LOC101086514	no	no	no	B	no	no
LOC101086516	no	no	no	B	no	no
LOC101086547	no	no	no	B	no	no
LOC101086557	yes	yes	no	B	no	no
LOC101086599	no	no	no	B	no	no
LOC101086605	no	no	no	B	no	no
LOC101086689	no	no	no	B	no	no
LOC101086703	no	no	no	B	no	no
LOC101086846	no	no	no	B	no	no
LOC101086852	no	no	no	B	no	no
LOC101086878	no	no	no	B	no	no
LOC101086921	no	no	no	B	no	no
LOC101086986	no	no	no	B	no	no
LOC101087045	no	no	no	B	no	no
LOC101087132	no	no	no	B	no	no
LOC101087185	no	no	no	B	no	no
LOC101087240	no	no	no	B	no	no
LOC101087322	no	no	no	B	no	no
LOC101087401	no	no	no	B	no	no
LOC101087446	no	no	no	B	no	no
LOC101087471	no	no	no	B	no	no
LOC101087636	no	no	no	B	no	no
LOC101087695	no	no	no	B	no	no
LOC101087696	no	no	no	B	no	no
LOC101087710	no	no	no	B	no	no
LOC101087752	no	no	no	B	no	no
LOC101087791	no	no	no	B	no	no
LOC101087838	no	no	no	B	no	no
LOC101087865	no	no	no	B	no	no
LOC101087880	no	no	no	B	no	no
LOC101087915	no	no	no	B	no	no
LOC101088194	no	no	no	B	no	no
LOC101088254	no	no	no	B	no	no
LOC101088322	no	no	no	B	no	no
LOC101088417	no	no	no	B	no	no
LOC101088423	no	no	no	B	no	no
LOC101088444	no	no	no	B	no	no
LOC101088468	no	no	no	B	no	no
LOC101088492	no	no	no	B	no	no
LOC101088520	no	no	no	B	no	no
LOC101088560	no	no	no	B	no	no
LOC101088734	yes	yes	no	B	no	no
LOC101088746	no	no	no	B	no	no
LOC101088850	no	no	no	B	no	no
LOC101088902	yes	yes	no	B	no	no
LOC101088927	no	no	no	B	no	no
LOC101088996	no	no	no	B	no	no
LOC101089059	no	no	no	B	no	no
LOC101089184	no	no	no	B	no	no
LOC101089223	no	no	no	B	no	no
LOC101089225	no	no	no	B	no	no
LOC101089258	no	no	no	B	no	no
LOC101089263	no	no	no	B	no	no
LOC101089505	yes	yes	no	B	no	no
LOC101089785	no	no	no	B	no	no
LOC101089804	no	no	no	B	no	no
LOC101089914	no	no	no	B	no	no
LOC101089933	no	no	no	B	no	no
LOC101089971	no	no	no	B	no	no
LOC101089975	no	no	no	B	no	no
LOC101090105	no	no	no	B	no	no
LOC101090157	no	no	no	B	no	no
LOC101090165	no	no	no	B	no	no
LOC101090169	no	no	no	B	no	no
LOC101090225	no	no	no	B	no	no
LOC101090324	no	no	no	B	no	no
LOC101090330	no	no	no	B	no	no
LOC101090350	no	no	no	B	no	no
LOC101090352	no	no	no	B	no	no
LOC101090386	no	no	no	B	no	no
LOC101090391	no	no	no	B	no	no
LOC101090473	no	no	no	B	no	no
LOC101090476	no	no	no	B	no	no
LOC101090518	no	no	no	B	no	no
LOC101090534	no	no	no	B	no	no
LOC101090552	yes	yes	no	B	no	no
LOC101090590	yes	yes	no	B	no	no
LOC101090594	no	no	no	B	no	no
LOC101090602	no	no	no	B	no	no
LOC101090615	no	no	no	B	no	no
LOC101090653	no	no	no	B	no	no
LOC101090710	no	no	no	B	no	no
LOC101090727	no	no	no	B	no	no
LOC101090728	no	no	no	B	no	no
LOC101090830	no	no	no	B	no	no
LOC101090873	no	no	no	B	no	no
LOC101090875	no	no	no	B	no	no
LOC101090899	no	no	no	B	no	no
LOC101090949	no	no	no	B	no	no
LOC101090953	no	no	no	B	no	no
LOC101090977	no	no	no	B	no	no
LOC101091022	no	no	no	B	no	no
LOC101091023	no	no	no	B	no	no
LOC101091111	no	no	no	B	no	no
LOC101091113	no	no	no	B	no	no
LOC101091168	no	no	no	B	no	no
LOC101091237	no	no	no	B	no	no
LOC101091264	no	no	no	B	no	no
LOC101091269	no	no	no	B	no	no
LOC101091333	no	no	no	B	no	no
LOC101091352	no	no	no	B	no	no
LOC101091367	no	no	no	B	no	no
LOC101091386	no	no	no	B	no	no
LOC101091395	no	no	no	B	no	no
LOC101091418	yes	yes	no	B	no	no
LOC101091533	no	no	no	B	no	no
LOC101091707	no	no	no	B	no	no
LOC101091721	no	no	no	B	no	no
LOC101091741	no	no	no	B	no	no
LOC101091764	no	no	no	B	no	no
LOC101091772	no	no	no	B	no	no
LOC101091903	no	no	no	B	no	no
LOC101091924	no	no	no	B	no	no
LOC101091978	no	no	no	B	no	no
LOC101092025	no	no	no	B	no	no
LOC101092190	no	no	no	B	no	no
LOC101092254	no	no	no	B	no	no
LOC101092267	no	no	no	B	no	no
LOC101092274	no	no	no	B	no	no
LOC101092281	no	no	no	B	no	no
LOC101092296	no	no	no	B	no	no
LOC101092340	no	no	no	B	no	no
LOC101092421	no	no	no	B	no	no
LOC101092471	no	no	no	B	no	no
LOC101092477	no	no	no	B	no	no
LOC101092510	no	no	no	B	no	no
LOC101092524	no	no	no	B	no	no
LOC101092550	no	yes	no	B	no	no
LOC101092674	no	no	no	B	no	no
LOC101092708	no	no	no	B	no	no
LOC101092714	no	no	no	B	no	no
LOC101092731	no	no	no	B	no	no
LOC101092754	no	no	no	B	no	no
LOC101092762	no	no	no	B	no	no
LOC101092829	no	no	no	B	no	no
LOC101092840	no	no	no	B	no	no
LOC101092842	no	no	no	B	no	no
LOC101092886	no	no	no	B	no	no
LOC101092973	no	no	no	B	no	no
LOC101093001	no	no	no	B	no	no
LOC101093014	no	no	no	B	no	no
LOC101093016	no	no	no	B	no	no
LOC101093140	no	no	no	B	no	no
LOC101093179	no	no	no	B	no	no
LOC101093204	no	no	no	B	no	no
LOC101093223	no	no	no	B	no	no
LOC101093286	no	no	no	B	no	no
LOC101093299	no	no	no	B	no	no
LOC101093312	no	no	no	B	no	no
LOC101093345	no	no	no	B	no	no
LOC101093429	no	yes	no	B	no	no
LOC101093441	no	no	no	B	no	no
LOC101093454	no	no	no	B	no	no
LOC101093497	no	no	no	B	no	no
LOC101093530	no	no	no	B	no	no
LOC101093537	no	no	no	B	no	no
LOC101093554	no	no	no	B	no	no
LOC101093601	no	no	no	B	no	no
LOC101093689	no	no	no	B	no	no
LOC101093700	no	no	no	B	no	no
LOC101093701	no	no	no	B	no	no
LOC101093705	no	no	no	B	no	no
LOC101093719	no	no	no	B	no	no
LOC101093721	no	no	no	B	no	no
LOC101093727	no	no	no	B	no	no
LOC101093728	no	no	no	B	no	no
LOC101093758	no	no	no	B	no	no
LOC101093781	no	no	no	B	no	no
LOC101093782	yes	no	no	B	no	no
LOC101093795	no	no	no	B	no	no
LOC101093854	no	no	no	B	no	no
LOC101093872	no	no	no	B	no	no
LOC101093897	no	no	no	B	no	no
LOC101093912	no	no	no	B	no	no
LOC101093951	yes	yes	no	B	no	no
LOC101093953	no	no	no	B	no	no
LOC101093982	yes	yes	no	B	no	no
LOC101093986	no	yes	no	B	no	no
LOC101094047	no	no	no	B	no	no
LOC101094088	no	no	no	B	no	no
LOC101094096	no	yes	no	B	no	no
LOC101094108	yes	yes	no	B	no	no
LOC101094113	no	no	no	B	no	no
LOC101094135	no	no	no	B	no	no
LOC101094201	no	no	no	B	no	no
LOC101094232	no	no	no	B	no	no
LOC101094311	no	no	no	B	no	no
LOC101094344	no	no	no	B	no	no
LOC101094346	yes	yes	no	B	no	no
LOC101094376	no	no	no	B	no	no
LOC101094418	no	no	no	B	no	no
LOC101094491	no	no	no	B	no	no
LOC101094500	no	no	no	B	no	no
LOC101094519	no	no	no	B	no	no
LOC101094553	no	no	no	B	no	no
LOC101094572	no	no	no	B	no	no
LOC101094593	no	no	no	B	no	no
LOC101094717	no	no	no	B	no	no
LOC101094730	no	no	no	B	no	no
LOC101094804	no	no	no	B	no	no
LOC101094897	no	no	no	B	no	no
LOC101094969	no	no	no	B	no	no
LOC101094981	no	no	no	B	no	no
LOC101094990	no	no	no	B	no	no
LOC101095032	yes	yes	no	B	no	no
LOC101095064	no	no	no	B	no	no
LOC101095121	no	no	no	B	no	no
LOC101095127	no	no	no	B	no	no
LOC101095196	no	no	no	B	no	no
LOC101095239	no	no	no	B	no	no
LOC101095292	no	no	no	B	no	no
LOC101095388	no	no	no	B	no	no
LOC101095392	yes	no	no	B	no	no
LOC101095395	no	no	no	B	no	no
LOC101095404	no	no	no	B	no	no
LOC101095441	no	no	no	B	no	no
LOC101095465	no	no	no	B	no	no
LOC101095540	no	no	no	B	no	no
LOC101095575	no	no	no	B	no	no
LOC101095601	no	no	no	B	no	no
LOC101095625	no	no	no	B	no	no
LOC101095686	no	no	no	B	no	no
LOC101095706	no	no	no	B	no	no
LOC101095709	no	no	no	B	no	no
LOC101095724	no	no	no	B	no	no
LOC101095725	no	no	no	B	no	no
LOC101095773	no	no	no	B	no	no
LOC101095877	no	no	no	B	no	no
LOC101095941	no	no	no	B	no	no
LOC101095962	no	no	no	B	no	no
LOC101095968	no	no	no	B	no	no
LOC101095998	no	no	no	B	no	no
LOC101096045	no	no	no	B	no	no
LOC101096125	no	no	no	B	no	no
LOC101096126	no	no	no	B	no	no
LOC101096188	no	no	no	B	no	no
LOC101096219	no	no	no	B	no	no
LOC101096257	no	no	no	B	no	no
LOC101096317	yes	yes	no	B	no	no
LOC101096402	no	no	no	B	no	no
LOC101096438	no	no	no	B	no	no
LOC101096439	no	no	no	B	no	no
LOC101096492	no	no	no	B	no	no
LOC101096495	no	no	no	B	no	no
LOC101096635	no	yes	no	B	no	no
LOC101096649	no	no	no	B	no	no
LOC101096658	no	no	no	B	no	no
LOC101096707	no	no	no	B	no	no
LOC101096719	no	no	no	B	no	no
LOC101096727	no	no	no	B	no	no
LOC101096741	no	no	no	B	no	no
LOC101096748	no	no	no	B	no	no
LOC101096765	yes	yes	no	B	no	no
LOC101096785	no	no	no	B	no	no
LOC101096798	no	no	no	B	no	no
LOC101096853	no	no	no	B	no	no
LOC101096860	no	no	no	B	no	no
LOC101096876	yes	yes	no	B	no	no
LOC101096920	no	no	no	B	no	no
LOC101096957	no	no	no	B	no	no
LOC101096974	no	no	no	B	no	no
LOC101096984	no	no	no	B	no	no
LOC101097072	no	no	no	B	no	no
LOC101097085	no	no	no	B	no	no
LOC101097117	no	no	no	B	no	no
LOC101097198	yes	yes	no	B	no	no
LOC101097200	no	no	no	B	no	no
LOC101097240	no	no	no	B	no	no
LOC101097381	no	no	no	B	no	no
LOC101097528	no	no	no	B	no	no
LOC101097553	no	no	no	B	no	no
LOC101097564	yes	yes	no	B	no	no
LOC101097571	no	no	no	B	no	no
LOC101097624	no	no	no	B	no	no
LOC101097690	no	no	no	B	no	no
LOC101097853	no	no	no	B	no	no
LOC101098061	no	no	no	B	no	no
LOC101098082	no	no	no	B	no	no
LOC101098145	yes	yes	no	B	no	no
LOC101098159	yes	yes	no	B	no	no
LOC101098213	no	no	no	B	no	no
LOC101098257	no	no	no	B	no	no
LOC101098289	no	no	no	B	no	no
LOC101098301	no	no	no	B	no	no
LOC101098354	no	no	no	B	no	no
LOC101098361	no	no	no	B	no	no
LOC101098416	no	no	no	B	no	no
LOC101098422	no	no	no	B	no	no
LOC101098453	no	no	no	B	no	no
LOC101098487	no	no	no	B	no	no
LOC101098491	no	no	no	B	no	no
LOC101098498	yes	yes	no	B	no	no
LOC101098522	no	no	no	B	no	no
LOC101098592	no	no	no	B	no	no
LOC101098627	no	no	no	B	no	no
LOC101098680	no	no	no	B	no	no
LOC101098728	no	no	no	B	no	no
LOC101098755	no	no	no	B	no	no
LOC101098801	no	no	no	B	no	no
LOC101098920	no	no	no	B	no	no
LOC101098926	no	no	no	B	no	no
LOC101099042	no	no	no	B	no	no
LOC101099044	no	no	no	B	no	no
LOC101099065	no	no	no	B	no	no
LOC101099090	no	no	no	B	no	no
LOC101099091	no	no	no	B	no	no
LOC101099137	no	no	no	B	no	no
LOC101099237	no	no	no	B	no	no
LOC101099268	yes	yes	no	B	no	no
LOC101099280	no	no	no	B	no	no
LOC101099296	no	no	no	B	no	no
LOC101099318	no	no	no	B	no	no
LOC101099332	no	no	no	B	no	no
LOC101099424	no	no	no	B	no	no
LOC101099434	no	no	no	B	no	no
LOC101099449	no	no	no	B	no	no
LOC101099553	no	no	no	B	no	no
LOC101099622	no	no	no	B	no	no
LOC101099651	no	no	no	B	no	no
LOC101099697	no	no	no	B	no	no
LOC101099773	no	no	no	B	no	no
LOC101099779	yes	yes	no	B	no	no
LOC101099784	no	no	no	B	no	no
LOC101099816	no	no	no	B	no	no
LOC101099822	no	no	no	B	no	no
LOC101099826	no	no	no	B	no	no
LOC101099850	no	no	no	B	no	no
LOC101099909	no	no	no	B	no	no
LOC101100018	no	no	no	B	no	no
LOC101100109	no	no	no	B	no	no
LOC101100141	no	no	no	B	no	no
LOC101100156	no	no	no	B	no	no
LOC101100173	no	no	no	B	no	no
LOC101100178	no	no	no	B	no	no
LOC101100212	no	no	no	B	no	no
LOC101100266	yes	yes	no	B	no	no
LOC101100277	no	no	no	B	no	no
LOC101100387	yes	yes	no	B	no	no
LOC101100417	no	no	no	B	no	no
LOC101100421	no	no	no	B	no	no
LOC101100432	no	no	no	B	no	no
LOC101100603	no	no	no	B	no	no
LOC101100621	no	no	no	B	no	no
LOC101100756	no	no	no	B	no	no
LOC101100766	no	no	no	B	no	no
LOC101100802	no	no	no	B	no	no
LOC101100814	no	no	no	B	no	no
LOC101100838	no	no	no	B	no	no
LOC101100850	no	no	no	B	no	no
LOC101100937	no	no	no	B	no	no
LOC101100942	no	no	no	B	no	no
LOC101100947	yes	yes	no	B	no	no
LOC101100989	no	no	no	B	no	no
LOC101101025	no	no	no	B	no	no
LOC101101037	no	no	no	B	no	no
LOC101101103	no	no	no	B	no	no
LOC101101118	yes	yes	no	B	no	no
LOC101101321	no	no	no	B	no	no
LOC101101581	no	no	no	B	no	no
LOC101101602	no	no	no	B	no	no
LOC101101603	no	no	no	B	no	no
LOC101101650	no	no	no	B	no	no
LOC102899052	no	no	no	B	no	no
LOC102899057	no	no	no	B	no	no
LOC102899061	no	no	no	B	no	no
LOC102899063	no	no	no	B	no	no
LOC102899075	no	no	no	B	no	no
LOC102899080	no	no	no	B	no	no
LOC102899090	no	no	no	B	no	no
LOC102899098	no	no	no	B	no	no
LOC102899103	no	no	no	B	no	no
LOC102899105	no	no	no	B	no	no
LOC102899128	no	no	no	B	no	no
LOC102899129	no	no	no	B	no	no
LOC102899130	no	no	no	B	no	no
LOC102899133	no	no	no	B	no	no
LOC102899140	no	no	no	B	no	no
LOC102899152	no	no	no	B	no	no
LOC102899156	no	no	no	B	no	no
LOC102899157	no	no	no	B	no	no
LOC102899165	no	no	no	B	no	no
LOC102899181	no	no	no	B	no	no
LOC102899183	yes	yes	no	B	no	no
LOC102899185	no	no	no	B	no	no
LOC102899189	no	no	no	B	no	no
LOC102899195	no	no	no	B	no	no
LOC102899196	no	no	no	B	no	no
LOC102899204	no	no	no	B	no	no
LOC102899212	no	no	no	B	no	no
LOC102899238	no	no	no	B	no	no
LOC102899243	no	no	no	B	no	no
LOC102899250	no	no	no	B	no	no
LOC102899255	no	no	no	B	no	no
LOC102899266	no	no	no	B	no	no
LOC102899270	no	no	no	B	no	no
LOC102899271	no	no	no	B	no	no
LOC102899273	yes	yes	no	B	no	no
LOC102899281	no	no	no	B	no	no
LOC102899303	no	no	no	B	no	no
LOC102899304	no	no	no	B	no	no
LOC102899307	no	no	no	B	no	no
LOC102899308	no	no	no	B	no	no
LOC102899311	no	no	no	B	no	no
LOC102899315	no	no	no	B	no	no
LOC102899317	no	no	no	B	no	no
LOC102899325	no	no	no	B	no	no
LOC102899347	no	no	no	B	no	no
LOC102899356	no	no	no	B	no	no
LOC102899369	no	no	no	B	no	no
LOC102899378	no	no	no	B	no	no
LOC102899386	no	no	no	B	no	no
LOC102899409	no	no	no	B	no	no
LOC102899426	no	no	no	B	no	no
LOC102899438	no	no	no	B	no	no
LOC102899450	no	no	no	B	no	no
LOC102899458	no	no	no	B	no	no
LOC102899466	no	no	no	B	no	no
LOC102899476	no	no	no	B	no	no
LOC102899491	no	no	no	B	no	no
LOC102899509	no	no	no	B	no	no
LOC102899516	no	no	no	B	no	no
LOC102899539	no	no	no	B	no	no
LOC102899549	no	no	no	B	no	no
LOC102899599	no	no	no	B	no	no
LOC102899619	no	no	no	B	no	no
LOC102899620	no	no	no	B	no	no
LOC102899623	no	no	no	B	no	no
LOC102899635	no	no	no	B	no	no
LOC102899645	no	no	no	B	no	no
LOC102899671	no	no	no	B	no	no
LOC102899672	no	no	no	B	no	no
LOC102899673	yes	yes	no	B	no	no
LOC102899681	no	no	no	B	no	no
LOC102899696	no	no	no	B	no	no
LOC102899712	no	no	no	B	no	no
LOC102899716	no	no	no	B	no	no
LOC102899736	no	no	no	B	no	no
LOC102899751	no	no	no	B	no	no
LOC102899752	no	no	no	B	no	no
LOC102899754	no	no	no	B	no	no
LOC102899756	no	no	no	B	no	no
LOC102899787	no	no	no	B	no	no
LOC102899796	no	no	no	B	no	no
LOC102899803	no	no	no	B	no	no
LOC102899806	no	no	no	B	no	no
LOC102899818	no	no	no	B	no	no
LOC102899826	no	no	no	B	no	no
LOC102899837	no	no	no	B	no	no
LOC102899841	no	no	no	B	no	no
LOC102899852	no	no	no	B	no	no
LOC102899854	no	no	no	B	no	no
LOC102899862	no	no	no	B	no	no
LOC102899865	no	no	no	B	no	no
LOC102899874	no	no	no	B	no	no
LOC102899880	no	no	no	B	no	no
LOC102899897	yes	yes	no	B	no	no
LOC102899918	no	no	no	B	no	no
LOC102899922	no	no	no	B	no	no
LOC102899939	no	no	no	B	no	no
LOC102899947	no	no	no	B	no	no
LOC102899949	no	no	no	B	no	no
LOC102899956	no	no	no	B	no	no
LOC102899974	no	no	no	B	no	no
LOC102899975	no	no	no	B	no	no
LOC102899982	no	no	no	B	no	no
LOC102899994	no	no	no	B	no	no
LOC102900011	no	no	no	B	no	no
LOC102900012	no	no	no	B	no	no
LOC102900013	no	no	no	B	no	no
LOC102900015	no	no	no	B	no	no
LOC102900020	no	no	no	B	no	no
LOC102900045	no	no	no	B	no	no
LOC102900052	no	no	no	B	no	no
LOC102900054	no	no	no	B	no	no
LOC102900068	no	no	no	B	no	no
LOC102900081	no	no	no	B	no	no
LOC102900083	no	no	no	B	no	no
LOC102900091	no	no	no	B	no	no
LOC102900101	no	no	no	B	no	no
LOC102900104	no	no	no	B	no	no
LOC102900112	no	no	no	B	no	no
LOC102900118	no	no	no	B	no	no
LOC102900122	no	no	no	B	no	no
LOC102900126	no	no	no	B	no	no
LOC102900144	no	no	no	B	no	no
LOC102900156	no	no	no	B	no	no
LOC102900166	no	no	no	B	no	no
LOC102900172	no	no	no	B	no	no
LOC102900191	no	no	no	B	no	no
LOC102900202	no	no	no	B	no	no
LOC102900221	no	no	no	B	no	no
LOC102900226	no	no	no	B	no	no
LOC102900242	no	no	no	B	no	no
LOC102900252	no	no	no	B	no	no
LOC102900254	no	no	no	B	no	no
LOC102900272	no	no	no	B	no	no
LOC102900275	no	no	no	B	no	no
LOC102900289	no	no	no	B	no	no
LOC102900319	no	no	no	B	no	no
LOC102900324	no	no	no	B	no	no
LOC102900326	no	no	no	B	no	no
LOC102900349	no	no	no	B	no	no
LOC102900361	no	no	no	B	no	no
LOC102900393	no	no	no	B	no	no
LOC102900401	no	no	no	B	no	no
LOC102900406	no	no	no	B	no	no
LOC102900418	no	no	no	B	no	no
LOC102900440	no	no	no	B	no	no
LOC102900483	no	no	no	B	no	no
LOC102900494	no	no	no	B	no	no
LOC102900501	no	no	no	B	no	no
LOC102900527	no	no	no	B	no	no
LOC102900539	no	no	no	B	no	no
LOC102900561	no	no	no	B	no	no
LOC102900562	no	no	no	B	no	no
LOC102900569	no	no	no	B	no	no
LOC102900592	no	no	no	B	no	no
LOC102900594	no	no	no	B	no	no
LOC102900614	no	no	no	B	no	no
LOC102900615	no	no	no	B	no	no
LOC102900616	no	no	no	B	no	no
LOC102900619	no	no	no	B	no	no
LOC102900644	no	no	no	B	no	no
LOC102900645	no	no	no	B	no	no
LOC102900648	no	no	no	B	no	no
LOC102900654	no	no	no	B	no	no
LOC102900664	no	no	no	B	no	no
LOC102900682	no	no	no	B	no	no
LOC102900690	no	no	no	B	no	no
LOC102900693	no	no	no	B	no	no
LOC102900720	no	no	no	B	no	no
LOC102900736	no	no	no	B	no	no
LOC102900754	no	no	no	B	no	no
LOC102900759	no	no	no	B	no	no
LOC102900764	no	no	no	B	no	no
LOC102900772	no	no	no	B	no	no
LOC102900781	no	no	no	B	no	no
LOC102900785	no	no	no	B	no	no
LOC102900838	no	no	no	B	no	no
LOC102900842	no	no	no	B	no	no
LOC102900852	no	no	no	B	no	no
LOC102900859	no	no	no	B	no	no
LOC102900873	no	no	no	B	no	no
LOC102900919	no	no	no	B	no	no
LOC102900929	no	no	no	B	no	no
LOC102900943	no	no	no	B	no	no
LOC102900951	no	no	no	B	no	no
LOC102900967	no	no	no	B	no	no
LOC102900985	no	no	no	B	no	no
LOC102901005	no	no	no	B	no	no
LOC102901021	no	no	no	B	no	no
LOC102901051	no	no	no	B	no	no
LOC102901054	no	no	no	B	no	no
LOC102901064	no	no	no	B	no	no
LOC102901082	no	no	no	B	no	no
LOC102901092	no	no	no	B	no	no
LOC102901108	no	no	no	B	no	no
LOC102901118	no	no	no	B	no	no
LOC102901123	no	no	no	B	no	no
LOC102901129	no	no	no	B	no	no
LOC102901135	no	no	no	B	no	no
LOC102901138	no	no	no	B	no	no
LOC102901148	no	no	no	B	no	no
LOC102901153	no	no	no	B	no	no
LOC102901165	no	no	no	B	no	no
LOC102901166	no	no	no	B	no	no
LOC102901173	no	no	no	B	no	no
LOC102901174	no	no	no	B	no	no
LOC102901177	no	no	no	B	no	no
LOC102901181	no	no	no	B	no	no
LOC102901183	no	no	no	B	no	no
LOC102901193	no	no	no	B	no	no
LOC102901213	no	no	no	B	no	no
LOC102901238	no	no	no	B	no	no
LOC102901244	no	no	no	B	no	no
LOC102901245	no	no	no	B	no	no
LOC102901250	no	no	no	B	no	no
LOC102901253	no	no	no	B	no	no
LOC102901274	no	no	no	B	no	no
LOC102901275	no	no	no	B	no	no
LOC102901279	no	no	no	B	no	no
LOC102901281	no	no	no	B	no	no
LOC102901284	no	no	no	B	no	no
LOC102901287	no	no	no	B	no	no
LOC102901292	no	no	no	B	no	no
LOC102901304	no	no	no	B	no	no
LOC102901312	no	no	no	B	no	no
LOC102901316	yes	yes	no	B	no	no
LOC102901344	yes	no	no	B	no	no
LOC102901352	no	no	no	B	no	no
LOC102901380	no	no	no	B	no	no
LOC102901381	no	no	no	B	no	no
LOC102901413	no	no	no	B	no	no
LOC102901415	no	no	no	B	no	no
LOC102901416	no	no	no	B	no	no
LOC102901427	no	no	no	B	no	no
LOC102901431	no	no	no	B	no	no
LOC102901432	no	no	no	B	no	no
LOC102901440	no	no	no	B	no	no
LOC102901448	no	no	no	B	no	no
LOC102901452	no	no	no	B	no	no
LOC102901461	no	no	no	B	no	no
LOC102901463	no	no	no	B	no	no
LOC102901467	no	no	no	B	no	no
LOC102901472	no	no	no	B	no	no
LOC102901497	no	no	no	B	no	no
LOC102901514	no	no	no	B	no	no
LOC102901534	no	no	no	B	no	no
LOC102901539	no	no	no	B	no	no
LOC102901542	no	no	no	B	no	no
LOC102901545	no	no	no	B	no	no
LOC102901560	no	no	no	B	no	no
LOC102901595	no	no	no	B	no	no
LOC102901600	no	no	no	B	no	no
LOC102901603	no	no	no	B	no	no
LOC102901615	no	no	no	B	no	no
LOC102901625	no	no	no	B	no	no
LOC102901627	no	no	no	B	no	no
LOC102901635	no	no	no	B	no	no
LOC102901646	no	no	no	B	no	no
LOC102901658	no	no	no	B	no	no
LOC102901662	no	no	no	B	no	no
LOC102901664	no	no	no	B	no	no
LOC102901665	no	no	no	B	no	no
LOC102901687	no	no	no	B	no	no
LOC102901694	no	no	no	B	no	no
LOC102901712	no	no	no	B	no	no
LOC102901725	no	no	no	B	no	no
LOC102901732	no	no	no	B	no	no
LOC102901749	no	no	no	B	no	no
LOC102901759	no	no	no	B	no	no
LOC102901766	no	no	no	B	no	no
LOC102901769	no	no	no	B	no	no
LOC102901789	no	no	no	B	no	no
LOC102901794	no	no	no	B	no	no
LOC102901835	no	no	no	B	no	no
LOC102901866	no	no	no	B	no	no
LOC102901871	no	no	no	B	no	no
LOC102901872	no	no	no	B	no	no
LOC102901878	no	no	no	B	no	no
LOC102901899	no	no	no	B	no	no
LOC102901906	no	no	no	B	no	no
LOC102901922	no	no	no	B	no	no
LOC102901930	no	no	no	B	no	no
LOC102901935	no	no	no	B	no	no
LOC102901940	no	no	no	B	no	no
LOC102901946	no	no	no	B	no	no
LOC102901951	no	no	no	B	no	no
LOC102901978	no	no	no	B	no	no
LOC102901986	no	no	no	B	no	no
LOC102902010	no	no	no	B	no	no
LOC102902028	no	no	no	B	no	no
LOC102902041	no	no	no	B	no	no
LOC102902043	no	no	no	B	no	no
LOC102902050	no	no	no	B	no	no
LOC102902073	no	no	no	B	no	no
LOC102902085	no	no	no	B	no	no
LOC102902091	no	no	no	B	no	no
LOC102902092	no	no	no	B	no	no
LOC102902109	no	no	no	B	no	no
LOC102902115	no	no	no	B	no	no
LOC102902121	no	no	no	B	no	no
LOC102902122	no	no	no	B	no	no
LOC102902155	no	no	no	B	no	no
LOC102902166	no	no	no	B	no	no
LOC102902180	no	no	no	B	no	no
LOC102902186	no	no	no	B	no	no
LOC102902187	no	no	no	B	no	no
LOC102902203	no	no	no	B	no	no
LOC102902205	no	no	no	B	no	no
LOC102902213	no	no	no	B	no	no
LOC102902216	no	no	no	B	no	no
LOC102902218	no	no	no	B	no	no
LOC102902232	no	no	no	B	no	no
LOC102902249	no	no	no	B	no	no
LOC102902266	no	no	no	B	no	no
LOC102902281	no	no	no	B	no	no
LOC102902291	no	no	no	B	no	no
LOC102902301	no	no	no	B	no	no
LOC102902309	no	no	no	B	no	no
LOC102902316	no	no	no	B	no	no
LOC102902320	no	no	no	B	no	no
LOC102902323	no	no	no	B	no	no
LOC102902330	no	no	no	B	no	no
LOC102902334	no	no	no	B	no	no
LOC102902342	no	no	no	B	no	no
LOC102902347	no	no	no	B	no	no
LOC102902350	no	no	no	B	no	no
LOC102902362	no	no	no	B	no	no
LOC102902382	no	no	no	B	no	no
LOC102902403	no	no	no	B	no	no
LOC102902406	no	no	no	B	no	no
LOC102902408	no	no	no	B	no	no
LOC102902421	no	no	no	B	no	no
LOC102902437	no	no	no	B	no	no
LOC102902446	no	no	no	B	no	no
LOC102902448	no	no	no	B	no	no
LOC102902449	no	no	no	B	no	no
LOC102902472	no	no	no	B	no	no
LOC102902475	no	no	no	B	no	no
LOC102902476	no	no	no	B	no	no
LOC102902503	no	no	no	B	no	no
LOC102902511	no	no	no	B	no	no
LOC102902512	no	no	no	B	no	no
LOC102902559	no	no	no	B	no	no
LOC102902565	no	no	no	B	no	no
LOC102902576	no	no	no	B	no	no
LOC102902588	no	no	no	B	no	no
LOC102902597	no	no	no	B	no	no
LOC102902604	no	no	no	B	no	no
LOC102902606	no	no	no	B	no	no
LOC102902613	no	no	no	B	no	no
LOC102902614	no	no	no	B	no	no
LOC102902621	no	no	no	B	no	no
LOC102902632	no	no	no	B	no	no
LOC102902635	no	no	no	B	no	no
LOC102902641	no	no	no	B	no	no
LOC102902645	no	no	no	B	no	no
LOC102902649	no	no	no	B	no	no
LOC102902651	no	no	no	B	no	no
LOC102902653	no	no	no	B	no	no
LOC105259606	no	no	no	B	no	no
LOC105259618	no	no	no	B	no	no
LOC105259628	no	no	no	B	no	no
LOC105259656	no	no	no	B	no	no
LOC105259661	no	no	no	B	no	no
LOC105259662	no	no	no	B	no	no
LOC105259663	no	no	no	B	no	no
LOC105259666	no	no	no	B	no	no
LOC105259679	no	no	no	B	no	no
LOC105259690	no	no	no	B	no	no
LOC105259692	no	no	no	B	no	no
LOC105259694	no	no	no	B	no	no
LOC105259725	no	no	no	B	no	no
LOC105259729	no	no	no	B	no	no
LOC105259864	no	no	no	B	no	no
LOC105259913	no	no	no	B	no	no
LOC105259923	no	no	no	B	no	no
LOC105259932	no	no	no	B	no	no
LOC105260036	no	no	no	B	no	no
LOC105260055	no	no	no	B	no	no
LOC105260059	no	no	no	B	no	no
LOC105260067	no	no	no	B	no	no
LOC105260083	no	no	no	B	no	no
LOC105260155	no	no	no	B	no	no
LOC105260178	no	no	no	B	no	no
LOC105260237	no	no	no	B	no	no
LOC105260271	no	no	no	B	no	no
LOC105260377	no	no	no	B	no	no
LOC105260412	no	no	no	B	no	no
LOC105260414	no	no	no	B	no	no
LOC105260418	no	no	no	B	no	no
LOC105260422	no	no	no	B	no	no
LOC105260484	no	no	no	B	no	no
LOC105260485	no	no	no	B	no	no
LOC105260519	no	no	no	B	no	no
LOC105260537	no	no	no	B	no	no
LOC105260543	no	no	no	B	no	no
LOC105260551	no	no	no	B	no	no
LOC105260570	no	no	no	B	no	no
LOC105260573	no	no	no	B	no	no
LOC105260586	no	no	no	B	no	no
LOC105260590	no	no	no	B	no	no
LOC105260607	no	no	no	B	no	no
LOC105260615	no	no	no	B	no	no
LOC105260622	no	no	no	B	no	no
LOC105260630	no	no	no	B	no	no
LOC105260637	no	no	no	B	no	no
LOC105260644	no	no	no	B	no	no
LOC105260702	no	no	no	B	no	no
LOC105260723	no	no	no	B	no	no
LOC105260774	no	no	no	B	no	no
LOC105260787	no	no	no	B	no	no
LOC105260807	no	no	no	B	no	no
LOC105260819	no	no	no	B	no	no
LOC105260851	no	no	no	B	no	no
LOC105260865	no	no	no	B	no	no
LOC105260899	no	no	no	B	no	no
LOC105260921	no	no	no	B	no	no
LOC105260938	no	no	no	B	no	no
LOC105260944	no	no	no	B	no	no
LOC105260976	no	no	no	B	no	no
LOC105260977	no	no	no	B	no	no
LOC105260979	no	no	no	B	no	no
LOC105261012	no	no	no	B	no	no
LOC105261046	no	no	no	B	no	no
LOC105261065	no	no	no	B	no	no
LOC105261088	no	no	no	B	no	no
LOC105261105	no	no	no	B	no	no
LOC105261141	no	no	no	B	no	no
LOC105261148	no	no	no	B	no	no
LOC105261149	no	no	no	B	no	no
LOC105261153	no	no	no	B	no	no
LOC105261156	no	no	no	B	no	no
LOC105261172	no	no	no	B	no	no
LOC105261186	no	no	no	B	no	no
LOC105261205	no	no	no	B	no	no
LOC105261213	no	no	no	B	no	no
LOC105261220	no	no	no	B	no	no
LOC105261229	no	no	no	B	no	no
LOC105261234	no	no	no	B	no	no
LOC105261244	no	no	no	B	no	no
LOC105261253	no	no	no	B	no	no
LOC105261261	no	no	no	B	no	no
LOC105261264	no	no	no	B	no	no
LOC105261293	no	no	no	B	no	no
LOC105261295	no	no	no	B	no	no
LOC105261300	no	no	no	B	no	no
LOC105261312	no	no	no	B	no	no
LOC105261315	no	no	no	B	no	no
LOC105261320	no	no	no	B	no	no
LOC105261334	no	no	no	B	no	no
LOC105261377	no	no	no	B	no	no
LOC105261391	no	no	no	B	no	no
LOC105261393	no	no	no	B	no	no
LOC105261410	no	no	no	B	no	no
LOC109491352	no	no	no	B	no	no
LOC109491353	no	no	no	B	no	no
LOC109491386	no	no	no	B	no	no
LOC109491390	no	no	no	B	no	no
LOC109491395	no	no	no	B	no	no
LOC109491399	no	no	no	B	no	no
LOC109491410	no	no	no	B	no	no
LOC109491470	no	no	no	B	no	no
LOC109491486	no	no	no	B	no	no
LOC109491494	no	no	no	B	no	no
LOC109491544	no	no	no	B	no	no
LOC109491571	no	no	no	B	no	no
LOC109491595	no	no	no	B	no	no
LOC109491622	no	no	no	B	no	no
LOC109491668	no	no	no	B	no	no
LOC109491752	no	no	no	B	no	no
LOC109491753	no	no	no	B	no	no
LOC109491819	no	no	no	B	no	no
LOC109491826	no	no	no	B	no	no
LOC109491883	no	no	no	B	no	no
LOC109491894	no	no	no	B	no	no
LOC109491920	no	no	no	B	no	no
LOC109491937	no	no	no	B	no	no
LOC109491960	no	no	no	B	no	no
LOC109491995	no	no	no	B	no	no
LOC109492007	no	no	no	B	no	no
LOC109492042	no	no	no	B	no	no
LOC109492065	no	no	no	B	no	no
LOC109492089	no	no	no	B	no	no
LOC109492112	no	no	no	B	no	no
LOC109492121	no	no	no	B	no	no
LOC109492157	no	no	no	B	no	no
LOC109492160	no	no	no	B	no	no
LOC109492199	no	no	no	B	no	no
LOC109492205	no	no	no	B	no	no
LOC109492243	no	no	no	B	no	no
LOC109492247	no	no	no	B	no	no
LOC109492264	no	no	no	B	no	no
LOC109492265	no	no	no	B	no	no
LOC109492277	no	no	no	B	no	no
LOC109492280	no	no	no	B	no	no
LOC109492300	no	no	no	B	no	no
LOC109492345	no	no	no	B	no	no
LOC109492436	no	no	no	B	no	no
LOC109492437	no	no	no	B	no	no
LOC109492504	no	no	no	B	no	no
LOC109492543	no	no	no	B	no	no
LOC109492562	no	no	no	B	no	no
LOC109492620	no	no	no	B	no	no
LOC109492643	no	no	no	B	no	no
LOC109492650	no	no	no	B	no	no
LOC109492656	no	no	no	B	no	no
LOC109492687	no	no	no	B	no	no
LOC109492719	no	no	no	B	no	no
LOC109492727	no	no	no	B	no	no
LOC109492738	no	no	no	B	no	no
LOC109492740	no	no	no	B	no	no
LOC109492771	no	no	no	B	no	no
LOC109492772	no	no	no	B	no	no
LOC109492844	no	no	no	B	no	no
LOC109492846	no	no	no	B	no	no
LOC109492911	no	no	no	B	no	no
LOC109492954	no	no	no	B	no	no
LOC109492984	no	no	no	B	no	no
LOC109492996	no	no	no	B	no	no
LOC109493100	no	no	no	B	no	no
LOC109493120	no	no	no	B	no	no
LOC109493123	no	no	no	B	no	no
LOC109493129	no	no	no	B	no	no
LOC109493139	no	no	no	B	no	no
LOC109493140	no	no	no	B	no	no
LOC109493142	no	no	no	B	no	no
LOC109493170	no	no	no	B	no	no
LOC109493174	no	no	no	B	no	no
LOC109493207	no	no	no	B	no	no
LOC109493240	no	no	no	B	no	no
LOC109493257	no	no	no	B	no	no
LOC109493262	no	no	no	B	no	no
LOC109493267	no	no	no	B	no	no
LOC109493276	no	no	no	B	no	no
LOC109493318	no	no	no	B	no	no
LOC109493406	no	no	no	B	no	no
LOC109493482	no	no	no	B	no	no
LOC109493515	no	no	no	B	no	no
LOC109493540	no	no	no	B	no	no
LOC109493594	no	no	no	B	no	no
LOC109493664	no	no	no	B	no	no
LOC109493669	no	no	no	B	no	no
LOC109493674	no	no	no	B	no	no
LOC109493684	no	no	no	B	no	no
LOC109493706	no	no	no	B	no	no
LOC109493804	no	no	no	B	no	no
LOC109493842	no	no	no	B	no	no
LOC109493846	no	no	no	B	no	no
LOC109493944	no	no	no	B	no	no
LOC109493995	no	no	no	B	no	no
LOC109494001	no	no	no	B	no	no
LOC109494006	no	no	no	B	no	no
LOC109494007	no	no	no	B	no	no
LOC109494032	no	no	no	B	no	no
LOC109494049	no	no	no	B	no	no
LOC109494050	no	no	no	B	no	no
LOC109494063	no	no	no	B	no	no
LOC109494140	no	no	no	B	no	no
LOC109494175	no	no	no	B	no	no
LOC109494193	no	no	no	B	no	no
LOC109494210	no	no	no	B	no	no
LOC109494275	no	no	no	B	no	no
LOC109494285	no	no	no	B	no	no
LOC109494287	no	no	no	B	no	no
LOC109494289	no	no	no	B	no	no
LOC109494334	no	no	no	B	no	no
LOC109494343	no	no	no	B	no	no
LOC109494354	no	no	no	B	no	no
LOC109494425	no	no	no	B	no	no
LOC109494431	no	no	no	B	no	no
LOC109494435	no	no	no	B	no	no
LOC109494440	no	no	no	B	no	no
LOC109494445	no	no	no	B	no	no
LOC109494465	no	no	no	B	no	no
LOC109494482	no	no	no	B	no	no
LOC109494493	no	no	no	B	no	no
LOC109494504	no	no	no	B	no	no
LOC109494515	no	no	no	B	no	no
LOC109494580	no	no	no	B	no	no
LOC109494586	no	no	no	B	no	no
LOC109494588	no	no	no	B	no	no
LOC109494605	no	no	no	B	no	no
LOC109494616	no	no	no	B	no	no
LOC109494643	no	no	no	B	no	no
LOC109494644	no	no	no	B	no	no
LOC109494645	no	no	no	B	no	no
LOC109494666	no	no	no	B	no	no
LOC109494706	no	no	no	B	no	no
LOC109494712	no	no	no	B	no	no
LOC109494736	no	no	no	B	no	no
LOC109494819	no	no	no	B	no	no
LOC109494820	no	no	no	B	no	no
LOC109494848	no	no	no	B	no	no
LOC109494850	no	no	no	B	no	no
LOC109494859	no	no	no	B	no	no
LOC109494860	no	no	no	B	no	no
LOC109494881	no	no	no	B	no	no
LOC109494887	no	no	no	B	no	no
LOC109494889	no	no	no	B	no	no
LOC109494915	no	no	no	B	no	no
LOC109494918	no	no	no	B	no	no
LOC109494972	no	no	no	B	no	no
LOC109495033	no	no	no	B	no	no
LOC109495047	no	no	no	B	no	no
LOC109495067	no	no	no	B	no	no
LOC109495070	no	no	no	B	no	no
LOC109495071	no	no	no	B	no	no
LOC109495094	no	no	no	B	no	no
LOC109495111	no	no	no	B	no	no
LOC109495144	no	no	no	B	no	no
LOC109495145	no	no	no	B	no	no
LOC109495147	no	no	no	B	no	no
LOC109495160	no	no	no	B	no	no
LOC109495166	no	no	no	B	no	no
LOC109495168	no	no	no	B	no	no
LOC109495172	no	no	no	B	no	no
LOC109495198	no	no	no	B	no	no
LOC109495204	no	no	no	B	no	no
LOC109495208	no	no	no	B	no	no
LOC109495254	no	no	no	B	no	no
LOC109495281	no	no	no	B	no	no
LOC109495298	no	no	no	B	no	no
LOC109495300	no	no	no	B	no	no
LOC109495334	no	no	no	B	no	no
LOC109495352	no	no	no	B	no	no
LOC109495357	no	no	no	B	no	no
LOC109495494	no	no	no	B	no	no
LOC109495510	no	no	no	B	no	no
LOC109495552	no	no	no	B	no	no
LOC109495598	no	no	no	B	no	no
LOC109495614	no	no	no	B	no	no
LOC109495616	no	no	no	B	no	no
LOC109495639	no	no	no	B	no	no
LOC109495654	no	no	no	B	no	no
LOC109495671	no	no	no	B	no	no
LOC109495688	no	no	no	B	no	no
LOC109495716	no	no	no	B	no	no
LOC109495821	no	no	no	B	no	no
LOC109495825	no	no	no	B	no	no
LOC109495829	no	no	no	B	no	no
LOC109495842	no	no	no	B	no	no
LOC109495849	no	no	no	B	no	no
LOC109495957	no	no	no	B	no	no
LOC109495967	no	no	no	B	no	no
LOC109496003	no	no	no	B	no	no
LOC109496004	no	no	no	B	no	no
LOC109496027	no	no	no	B	no	no
LOC109496190	no	no	no	B	no	no
LOC109496196	no	no	no	B	no	no
LOC109496197	no	no	no	B	no	no
LOC109496206	no	no	no	B	no	no
LOC109496209	no	no	no	B	no	no
LOC109496236	no	no	no	B	no	no
LOC109496237	no	no	no	B	no	no
LOC109496238	no	no	no	B	no	no
LOC109496281	no	no	no	B	no	no
LOC109496283	no	no	no	B	no	no
LOC109496337	no	no	no	B	no	no
LOC109496406	no	no	no	B	no	no
LOC109496425	no	no	no	B	no	no
LOC109496447	no	no	no	B	no	no
LOC109496448	no	no	no	B	no	no
LOC109496453	no	no	no	B	no	no
LOC109496475	no	no	no	B	no	no
LOC109496483	no	no	no	B	no	no
LOC109496524	no	no	no	B	no	no
LOC109496529	no	no	no	B	no	no
LOC109496543	no	no	no	B	no	no
LOC109496556	no	no	no	B	no	no
LOC109496568	no	no	no	B	no	no
LOC109496586	no	no	no	B	no	no
LOC109496608	no	no	no	B	no	no
LOC109496611	no	no	no	B	no	no
LOC109496651	no	no	no	B	no	no
LOC109496653	no	no	no	B	no	no
LOC109496699	no	no	no	B	no	no
LOC109496736	no	no	no	B	no	no
LOC109496743	no	no	no	B	no	no
LOC109496912	no	no	no	B	no	no
LOC109496940	no	no	no	B	no	no
LOC109496942	no	no	no	B	no	no
LOC109496970	no	no	no	B	no	no
LOC109496991	no	no	no	B	no	no
LOC109497006	no	no	no	B	no	no
LOC109497166	no	no	no	B	no	no
LOC109497182	no	no	no	B	no	no
LOC109497259	no	no	no	B	no	no
LOC109497329	no	no	no	B	no	no
LOC109497339	no	no	no	B	no	no
LOC109497357	no	no	no	B	no	no
LOC109497364	no	no	no	B	no	no
LOC109497366	no	no	no	B	no	no
LOC109497369	no	no	no	B	no	no
LOC109497379	no	no	no	B	no	no
LOC109497390	no	no	no	B	no	no
LOC109497400	no	no	no	B	no	no
LOC109497408	no	no	no	B	no	no
LOC109497441	no	no	no	B	no	no
LOC109497468	no	no	no	B	no	no
LOC109497511	no	no	no	B	no	no
LOC109497596	no	no	no	B	no	no
LOC109497599	no	no	no	B	no	no
LOC109497614	no	no	no	B	no	no
LOC109497680	no	no	no	B	no	no
LOC109497687	no	no	no	B	no	no
LOC109497727	no	no	no	B	no	no
LOC109497854	no	no	no	B	no	no
LOC109497867	no	no	no	B	no	no
LOC109497966	no	no	no	B	no	no
LOC109497987	no	no	no	B	no	no
LOC109498001	no	no	no	B	no	no
LOC109498006	no	no	no	B	no	no
LOC109498057	no	no	no	B	no	no
LOC109498065	no	no	no	B	no	no
LOC109498103	no	no	no	B	no	no
LOC109498113	no	no	no	B	no	no
LOC109498119	no	no	no	B	no	no
LOC109498146	no	no	no	B	no	no
LOC109498158	no	no	no	B	no	no
LOC109498181	no	no	no	B	no	no
LOC109498210	no	no	no	B	no	no
LOC109498222	no	no	no	B	no	no
LOC109498252	no	no	no	B	no	no
LOC109498267	no	no	no	B	no	no
LOC109498338	no	no	no	B	no	no
LOC109498371	no	no	no	B	no	no
LOC109498383	no	no	no	B	no	no
LOC109498393	no	no	no	B	no	no
LOC109498394	no	no	no	B	no	no
LOC109498399	no	no	no	B	no	no
LOC109498411	no	no	no	B	no	no
LOC109498428	no	no	no	B	no	no
LOC109498429	no	no	no	B	no	no
LOC109498431	no	no	no	B	no	no
LOC109498435	no	no	no	B	no	no
LOC109498436	no	no	no	B	no	no
LOC109498438	no	no	no	B	no	no
LOC109498466	no	no	no	B	no	no
LOC109498475	no	no	no	B	no	no
LOC109498488	no	no	no	B	no	no
LOC109498550	no	no	no	B	no	no
LOC109498669	no	no	no	B	no	no
LOC109498674	no	no	no	B	no	no
LOC109498725	no	no	no	B	no	no
LOC109498733	no	no	no	B	no	no
LOC109498746	no	no	no	B	no	no
LOC109498791	no	no	no	B	no	no
LOC109498852	no	no	no	B	no	no
LOC109498886	no	no	no	B	no	no
LOC109499025	no	no	no	B	no	no
LOC109499134	no	no	no	B	no	no
LOC109499163	no	no	no	B	no	no
LOC109499174	no	no	no	B	no	no
LOC109499203	no	no	no	B	no	no
LOC109499247	no	no	no	B	no	no
LOC109499248	no	no	no	B	no	no
LOC109499276	no	no	no	B	no	no
LOC109499284	no	no	no	B	no	no
LOC109499294	no	no	no	B	no	no
LOC109499301	no	no	no	B	no	no
LOC109499313	no	no	no	B	no	no
LOC109499513	no	no	no	B	no	no
LOC109499652	no	no	no	B	no	no
LOC109499722	no	no	no	B	no	no
LOC109499734	no	no	no	B	no	no
LOC109499783	no	no	no	B	no	no
LOC109499808	no	no	no	B	no	no
LOC109499905	no	no	no	B	no	no
LOC109499916	no	no	no	B	no	no
LOC109499958	no	no	no	B	no	no
LOC109500010	no	no	no	B	no	no
LOC109500038	no	no	no	B	no	no
LOC109500052	no	no	no	B	no	no
LOC109500091	no	no	no	B	no	no
LOC109500257	no	no	no	B	no	no
LOC109500442	no	no	no	B	no	no
LOC109500444	no	no	no	B	no	no
LOC109500448	no	no	no	B	no	no
LOC109500458	no	no	no	B	no	no
LOC109500470	no	no	no	B	no	no
LOC109500482	no	no	no	B	no	no
LOC109500487	no	no	no	B	no	no
LOC109500494	no	no	no	B	no	no
LOC109500533	no	no	no	B	no	no
LOC109500536	no	no	no	B	no	no
LOC109500617	no	no	no	B	no	no
LOC109500703	no	no	no	B	no	no
LOC109500879	no	no	no	B	no	no
LOC109500910	no	no	no	B	no	no
LOC109500915	no	no	no	B	no	no
LOC109500927	no	no	no	B	no	no
LOC109500934	no	no	no	B	no	no
LOC109500986	no	no	no	B	no	no
LOC109501009	no	no	no	B	no	no
LOC109501041	no	no	no	B	no	no
LOC109501043	no	no	no	B	no	no
LOC109501118	no	no	no	B	no	no
LOC109501218	no	no	no	B	no	no
LOC109501264	no	no	no	B	no	no
LOC109501308	no	no	no	B	no	no
LOC109501318	no	no	no	B	no	no
LOC109501325	no	no	no	B	no	no
LOC109501349	no	no	no	B	no	no
LOC109501375	no	no	no	B	no	no
LOC109501376	no	no	no	B	no	no
LOC109501381	no	no	no	B	no	no
LOC109501392	no	no	no	B	no	no
LOC109501450	no	no	no	B	no	no
LOC109501514	no	no	no	B	no	no
LOC109501551	no	no	no	B	no	no
LOC109501552	no	no	no	B	no	no
LOC109501563	no	no	no	B	no	no
LOC109501597	no	no	no	B	no	no
LOC109501598	no	no	no	B	no	no
LOC109501602	no	no	no	B	no	no
LOC109501606	no	no	no	B	no	no
LOC109501632	no	no	no	B	no	no
LOC109501642	no	no	no	B	no	no
LOC109501665	no	no	no	B	no	no
LOC109501705	no	no	no	B	no	no
LOC109501707	no	no	no	B	no	no
LOC109501751	no	no	no	B	no	no
LOC109501775	no	no	no	B	no	no
LOC109501804	no	no	no	B	no	no
LOC109501805	no	no	no	B	no	no
LOC109501852	no	no	no	B	no	no
LOC109501853	no	no	no	B	no	no
LOC109501870	no	no	no	B	no	no
LOC109501876	no	no	no	B	no	no
LOC109502030	no	no	no	B	no	no
LOC109502036	no	no	no	B	no	no
LOC109502051	no	no	no	B	no	no
LOC109502062	no	no	no	B	no	no
LOC109502063	no	no	no	B	no	no
LOC109502073	no	no	no	B	no	no
LOC109502123	no	no	no	B	no	no
LOC109502126	no	no	no	B	no	no
LOC109502196	no	no	no	B	no	no
LOC109502202	no	no	no	B	no	no
LOC109502229	no	no	no	B	no	no
LOC109502269	no	no	no	B	no	no
LOC109502285	no	no	no	B	no	no
LOC109502298	no	no	no	B	no	no
LOC109502313	no	no	no	B	no	no
LOC109502318	no	no	no	B	no	no
LOC109502329	no	no	no	B	no	no
LOC109502391	no	no	no	B	no	no
LOC109502393	no	no	no	B	no	no
LOC109502451	no	no	no	B	no	no
LOC109502478	no	no	no	B	no	no
LOC109502516	no	no	no	B	no	no
LOC109502555	no	no	no	B	no	no
LOC109502560	no	no	no	B	no	no
LOC109502579	no	no	no	B	no	no
LOC109502626	no	no	no	B	no	no
LOC109502671	no	no	no	B	no	no
LOC109502672	no	no	no	B	no	no
LOC109502674	no	no	no	B	no	no
LOC109502702	no	no	no	B	no	no
LOC109502720	no	no	no	B	no	no
LOC109502732	no	no	no	B	no	no
LOC109502747	no	no	no	B	no	no
LOC109502817	no	no	no	B	no	no
LOC109502831	no	no	no	B	no	no
LOC109502832	no	no	no	B	no	no
LOC109502867	no	no	no	B	no	no
LOC109502893	no	no	no	B	no	no
LOC109502907	no	no	no	B	no	no
LOC109502909	no	no	no	B	no	no
LOC109502937	no	no	no	B	no	no
LOC109502953	no	no	no	B	no	no
LOC109503040	no	no	no	B	no	no
LOC109503259	no	no	no	B	no	no
LOC109503275	no	no	no	B	no	no
LOC109503277	no	no	no	B	no	no
LOC109503279	no	no	no	B	no	no
LOC109503293	no	no	no	B	no	no
LOC109503332	no	no	no	B	no	no
LOC109503361	no	no	no	B	no	no
LOC109503470	no	no	no	B	no	no
LOC109503483	no	no	no	B	no	no
LOC109503503	no	no	no	B	no	no
LOC109503515	no	no	no	B	no	no
LOC109503528	no	no	no	B	no	no
LOC111556169	no	no	no	B	no	no
LOC111556173	no	no	no	B	no	no
LOC111556180	no	no	no	B	no	no
LOC111556185	no	no	no	B	no	no
LOC111556191	no	no	no	B	no	no
LOC111556198	no	no	no	B	no	no
LOC111556204	no	no	no	B	no	no
LOC111556210	no	no	no	B	no	no
LOC111556217	no	no	no	B	no	no
LOC111556221	no	no	no	B	no	no
LOC111556228	no	no	no	B	no	no
LOC111556234	no	no	no	B	no	no
LOC111556242	no	no	no	B	no	no
LOC111556243	no	no	no	B	no	no
LOC111556259	no	no	no	B	no	no
LOC111556276	no	no	no	B	no	no
LOC111556287	no	no	no	B	no	no
LOC111556295	no	no	no	B	no	no
LOC111556310	no	no	no	B	no	no
LOC111556349	no	no	no	B	no	no
LOC111556665	no	no	no	B	no	no
LOC111556692	no	no	no	B	no	no
LOC111556726	no	no	no	B	no	no
LOC111556761	no	no	no	B	no	no
LOC111556765	no	no	no	B	no	no
LOC111556850	no	no	no	B	no	no
LOC111557010	no	no	no	B	no	no
LOC111557093	no	no	no	B	no	no
LOC111557097	no	no	no	B	no	no
LOC111557113	no	no	no	B	no	no
LOC111557119	no	no	no	B	no	no
LOC111557128	no	no	no	B	no	no
LOC111557235	no	no	no	B	no	no
LOC111557260	no	no	no	B	no	no
LOC111557266	no	no	no	B	no	no
LOC111557296	no	no	no	B	no	no
LOC111557303	no	no	no	B	no	no
LOC111557315	no	no	no	B	no	no
LOC111557327	no	no	no	B	no	no
LOC111557338	no	no	no	B	no	no
LOC111557344	no	no	no	B	no	no
LOC111557348	no	no	no	B	no	no
LOC111557349	no	no	no	B	no	no
LOC111557359	no	no	no	B	no	no
LOC111557360	no	no	no	B	no	no
LOC111557369	no	no	no	B	no	no
LOC111557377	no	no	no	B	no	no
LOC111557442	no	no	no	B	no	no
LOC111557454	no	no	no	B	no	no
LOC111557458	no	no	no	B	no	no
LOC111557469	no	no	no	B	no	no
LOC111557500	no	no	no	B	no	no
LOC111557513	no	no	no	B	no	no
LOC111557525	no	no	no	B	no	no
LOC111557529	no	no	no	B	no	no
LOC111557537	no	no	no	B	no	no
LOC111557538	no	no	no	B	no	no
LOC111557541	no	no	no	B	no	no
LOC111557559	no	no	no	B	no	no
LOC111557568	no	no	no	B	no	no
LOC111557571	no	no	no	B	no	no
LOC111557572	no	no	no	B	no	no
LOC111557592	no	no	no	B	no	no
LOC111557619	no	no	no	B	no	no
LOC111557723	no	no	no	B	no	no
LOC111557751	no	no	no	B	no	no
LOC111557763	no	no	no	B	no	no
LOC111557812	no	no	no	B	no	no
LOC111557813	no	no	no	B	no	no
LOC111557814	no	no	no	B	no	no
LOC111557867	no	no	no	B	no	no
LOC111557902	no	no	no	B	no	no
LOC111557923	no	no	no	B	no	no
LOC111557932	no	no	no	B	no	no
LOC111557946	no	no	no	B	no	no
LOC111557975	no	no	no	B	no	no
LOC111557991	no	no	no	B	no	no
LOC111558002	no	no	no	B	no	no
LOC111558013	no	no	no	B	no	no
LOC111558023	no	no	no	B	no	no
LOC111558024	yes	yes	no	B	no	no
LOC111558048	no	no	no	B	no	no
LOC111558072	no	no	no	B	no	no
LOC111558079	no	no	no	B	no	no
LOC111558082	no	no	no	B	no	no
LOC111558083	no	no	no	B	no	no
LOC111558087	no	no	no	B	no	no
LOC111558093	no	no	no	B	no	no
LOC111558105	no	no	no	B	no	no
LOC111558110	no	no	no	B	no	no
LOC111558113	no	no	no	B	no	no
LOC111558116	no	no	no	B	no	no
LOC111558122	no	no	no	B	no	no
LOC111558123	no	no	no	B	no	no
LOC111558124	no	no	no	B	no	no
LOC111558207	no	no	no	B	no	no
LOC111558218	no	no	no	B	no	no
LOC111558236	no	no	no	B	no	no
LOC111558238	no	no	no	B	no	no
LOC111558248	no	no	no	B	no	no
LOC111558250	no	no	no	B	no	no
LOC111558260	no	no	no	B	no	no
LOC111558276	no	no	no	B	no	no
LOC111558359	no	no	no	B	no	no
LOC111558374	no	no	no	B	no	no
LOC111558384	no	no	no	B	no	no
LOC111558387	no	no	no	B	no	no
LOC111558415	no	no	no	B	no	no
LOC111558450	no	no	no	B	no	no
LOC111558513	no	no	no	B	no	no
LOC111558520	no	no	no	B	no	no
LOC111558528	no	no	no	B	no	no
LOC111558546	no	no	no	B	no	no
LOC111558560	no	no	no	B	no	no
LOC111558580	no	no	no	B	no	no
LOC111558585	no	no	no	B	no	no
LOC111558665	no	no	no	B	no	no
LOC111558727	no	no	no	B	no	no
LOC111558729	no	no	no	B	no	no
LOC111558740	no	no	no	B	no	no
LOC111558772	yes	no	no	B	no	no
LOC111558776	no	no	no	B	no	no
LOC111558779	no	no	no	B	no	no
LOC111558945	no	no	no	B	no	no
LOC111558969	no	yes	no	B	no	no
LOC111559009	no	no	no	B	no	no
LOC111559020	no	no	no	B	no	no
LOC111559047	no	no	no	B	no	no
LOC111559116	no	no	no	B	no	no
LOC111559176	no	no	no	B	no	no
LOC111559192	yes	yes	no	B	no	no
LOC111559207	no	no	no	B	no	no
LOC111559432	no	no	no	B	no	no
LOC111559441	no	no	no	B	no	no
LOC111559447	no	no	no	B	no	no
LOC111559457	no	no	no	B	no	no
LOC111559459	no	no	no	B	no	no
LOC111559464	no	no	no	B	no	no
LOC111559478	no	no	no	B	no	no
LOC111559488	no	no	no	B	no	no
LOC111559498	no	no	no	B	no	no
LOC111559518	no	no	no	B	no	no
LOC111559519	no	no	no	B	no	no
LOC111559523	no	no	no	B	no	no
LOC111559540	no	no	no	B	no	no
LOC111559545	no	no	no	B	no	no
LOC111559559	no	no	no	B	no	no
LOC111559560	no	no	no	B	no	no
LOC111559573	no	no	no	B	no	no
LOC111559716	no	no	no	B	no	no
LOC111559748	no	no	no	B	no	no
LOC111559838	no	no	no	B	no	no
LOC111559847	no	no	no	B	no	no
LOC111559869	no	no	no	B	no	no
LOC111559877	no	no	no	B	no	no
LOC111559887	no	no	no	B	no	no
LOC111559890	no	no	no	B	no	no
LOC111560059	no	no	no	B	no	no
LOC111560064	no	no	no	B	no	no
LOC111560065	no	no	no	B	no	no
LOC111560068	no	no	no	B	no	no
LOC111560087	no	no	no	B	no	no
LOC111560106	no	no	no	B	no	no
LOC111560122	no	no	no	B	no	no
LOC111560135	no	no	no	B	no	no
LOC111560177	no	no	no	B	no	no
LOC111560178	no	no	no	B	no	no
LOC111560188	no	no	no	B	no	no
LOC111560209	no	no	no	B	no	no
LOC111560210	no	no	no	B	no	no
LOC111560215	no	no	no	B	no	no
LOC111560226	no	no	no	B	no	no
LOC111560236	no	no	no	B	no	no
LOC111560393	no	no	no	B	no	no
LOC111560400	no	no	no	B	no	no
LOC111560409	no	no	no	B	no	no
LOC111560427	no	no	no	B	no	no
LOC111560432	no	no	no	B	no	no
LOC111560441	yes	no	no	B	no	no
LOC111560443	no	no	no	B	no	no
LOC111560511	no	no	no	B	no	no
LOC111560515	no	no	no	B	no	no
LOC111560528	no	no	no	B	no	no
LOC111560559	no	no	no	B	no	no
LOC111560574	no	no	no	B	no	no
LOC111560778	no	no	no	B	no	no
LOC111560785	no	no	no	B	no	no
LOC111560789	no	no	no	B	no	no
LOC111560803	no	no	no	B	no	no
LOC111560874	no	no	no	B	no	no
LOC111560882	no	no	no	B	no	no
LOC111560884	no	no	no	B	no	no
LOC111560935	no	no	no	B	no	no
LOC111560938	no	no	no	B	no	no
LOC111560972	no	no	no	B	no	no
LOC111561295	no	no	no	B	no	no
LOC111561335	no	no	no	B	no	no
LOC111561342	no	no	no	B	no	no
LOC111561366	no	no	no	B	no	no
LOC111561382	no	no	no	B	no	no
LOC111561407	no	no	no	B	no	no
LOC111561417	no	no	no	B	no	no
LOC111561430	no	no	no	B	no	no
LOC111561460	no	no	no	B	no	no
LOC111561467	no	no	no	B	no	no
LOC111561663	no	no	no	B	no	no
LOC111561676	no	no	no	B	no	no
LOC111561715	no	no	no	B	no	no
LOC111561722	no	no	no	B	no	no
LOC111561763	no	no	no	B	no	no
LOC111561775	no	no	no	B	no	no
LOC111561795	no	no	no	B	no	no
LOC111561809	no	no	no	B	no	no
LOC111561875	no	no	no	B	no	no
LOC111561917	no	no	no	B	no	no
LOC111561920	no	no	no	B	no	no
LOC111561925	no	no	no	B	no	no
LOC111561928	no	no	no	B	no	no
LOC111561932	no	no	no	B	no	no
LOC111561963	no	no	no	B	no	no
LOC111561976	no	no	no	B	no	no
LOC111562183	no	no	no	B	no	no
LOC111562215	no	no	no	B	no	no
LOC111562301	no	no	no	B	no	no
LOC123378906	no	no	no	B	no	no
LOC123378907	no	no	no	B	no	no
LOC123378912	no	no	no	B	no	no
LOC123378918	no	no	no	B	no	no
LOC123378920	no	no	no	B	no	no
LOC123378922	no	no	no	B	no	no
LOC123378928	no	no	no	B	no	no
LOC123378929	no	no	no	B	no	no
LOC123378930	no	no	no	B	no	no
LOC123378931	no	no	no	B	no	no
LOC123378932	no	no	no	B	no	no
LOC123378934	no	no	no	B	no	no
LOC123378936	no	no	no	B	no	no
LOC123378938	no	no	no	B	no	no
LOC123378942	no	no	no	B	no	no
LOC123378943	no	no	no	B	no	no
LOC123378944	no	no	no	B	no	no
LOC123378947	no	no	no	B	no	no
LOC123378949	no	no	no	B	no	no
LOC123378954	no	no	no	B	no	no
LOC123378957	no	no	no	B	no	no
LOC123378958	no	no	no	B	no	no
LOC123378959	no	no	no	B	no	no
LOC123379027	no	no	no	B	no	no
LOC123379051	no	no	no	B	no	no
LOC123379087	no	no	no	B	no	no
LOC123379105	no	no	no	B	no	no
LOC123379162	no	no	no	B	no	no
LOC123379166	no	no	no	B	no	no
LOC123379173	no	no	no	B	no	no
LOC123379229	no	no	no	B	no	no
LOC123379256	no	no	no	B	no	no
LOC123379326	no	no	no	B	no	no
LOC123379328	no	no	no	B	no	no
LOC123379348	no	no	no	B	no	no
LOC123379350	no	no	no	B	no	no
LOC123379383	no	no	no	B	no	no
LOC123379440	no	no	no	B	no	no
LOC123379441	no	no	no	B	no	no
LOC123379449	no	no	no	B	no	no
LOC123379450	no	no	no	B	no	no
LOC123379471	no	no	no	B	no	no
LOC123379473	no	no	no	B	no	no
LOC123379483	no	no	no	B	no	no
LOC123379511	no	no	no	B	no	no
LOC123379530	no	no	no	B	no	no
LOC123379555	no	no	no	B	no	no
LOC123379577	no	no	no	B	no	no
LOC123379580	no	no	no	B	no	no
LOC123379615	no	no	no	B	no	no
LOC123379757	no	no	no	B	no	no
LOC123379843	no	no	no	B	no	no
LOC123379876	no	no	no	B	no	no
LOC123379888	no	no	no	B	no	no
LOC123379899	no	no	no	B	no	no
LOC123379939	no	no	no	B	no	no
LOC123379940	no	no	no	B	no	no
LOC123379942	no	no	no	B	no	no
LOC123379951	no	no	no	B	no	no
LOC123379955	no	no	no	B	no	no
LOC123379970	no	no	no	B	no	no
LOC123379972	no	no	no	B	no	no
LOC123379987	no	no	no	B	no	no
LOC123379989	no	no	no	B	no	no
LOC123379991	no	no	no	B	no	no
LOC123380071	no	no	no	B	no	no
LOC123380098	no	no	no	B	no	no
LOC123380100	no	no	no	B	no	no
LOC123380118	no	no	no	B	no	no
LOC123380152	no	no	no	B	no	no
LOC123380175	no	no	no	B	no	no
LOC123380176	no	no	no	B	no	no
LOC123380178	no	no	no	B	no	no
LOC123380195	no	no	no	B	no	no
LOC123380205	no	no	no	B	no	no
LOC123380303	no	no	no	B	no	no
LOC123380307	no	no	no	B	no	no
LOC123380371	no	no	no	B	no	no
LOC123380390	no	no	no	B	no	no
LOC123380411	no	no	no	B	no	no
LOC123380412	no	no	no	B	no	no
LOC123380418	no	no	no	B	no	no
LOC123380422	no	no	no	B	no	no
LOC123380425	no	no	no	B	no	no
LOC123380450	no	no	no	B	no	no
LOC123380453	no	no	no	B	no	no
LOC123380461	no	no	no	B	no	no
LOC123380493	no	no	no	B	no	no
LOC123380508	no	no	no	B	no	no
LOC123380546	no	no	no	B	no	no
LOC123380551	no	no	no	B	no	no
LOC123380574	no	no	no	B	no	no
LOC123380584	no	no	no	B	no	no
LOC123380599	no	no	no	B	no	no
LOC123380607	no	no	no	B	no	no
LOC123380638	no	no	no	B	no	no
LOC123380645	no	no	no	B	no	no
LOC123380649	no	no	no	B	no	no
LOC123380658	no	no	no	B	no	no
LOC123380659	no	no	no	B	no	no
LOC123380669	no	no	no	B	no	no
LOC123380712	no	no	no	B	no	no
LOC123380736	no	no	no	B	no	no
LOC123380756	no	no	no	B	no	no
LOC123380767	no	no	no	B	no	no
LOC123380770	no	no	no	B	no	no
LOC123380782	no	no	no	B	no	no
LOC123380783	no	no	no	B	no	no
LOC123380805	no	no	no	B	no	no
LOC123380833	no	no	no	B	no	no
LOC123380840	no	no	no	B	no	no
LOC123380849	no	no	no	B	no	no
LOC123380856	no	no	no	B	no	no
LOC123380866	no	no	no	B	no	no
LOC123380867	no	no	no	B	no	no
LOC123380887	no	no	no	B	no	no
LOC123380964	no	no	no	B	no	no
LOC123380983	no	no	no	B	no	no
LOC123380990	no	no	no	B	no	no
LOC123381008	no	no	no	B	no	no
LOC123381027	no	no	no	B	no	no
LOC123381029	no	no	no	B	no	no
LOC123381087	no	no	no	B	no	no
LOC123381093	no	no	no	B	no	no
LOC123381100	no	no	no	B	no	no
LOC123381108	no	no	no	B	no	no
LOC123381123	no	no	no	B	no	no
LOC123381149	no	no	no	B	no	no
LOC123381160	no	no	no	B	no	no
LOC123381191	no	no	no	B	no	no
LOC123381240	no	no	no	B	no	no
LOC123381268	no	no	no	B	no	no
LOC123381270	no	no	no	B	no	no
LOC123381272	no	no	no	B	no	no
LOC123381274	no	no	no	B	no	no
LOC123381275	no	no	no	B	no	no
LOC123381290	no	no	no	B	no	no
LOC123381316	no	no	no	B	no	no
LOC123381337	no	no	no	B	no	no
LOC123381352	no	no	no	B	no	no
LOC123381354	no	no	no	B	no	no
LOC123381359	no	no	no	B	no	no
LOC123381376	no	no	no	B	no	no
LOC123381382	no	no	no	B	no	no
LOC123381400	no	no	no	B	no	no
LOC123381436	no	no	no	B	no	no
LOC123381472	no	no	no	B	no	no
LOC123381494	no	no	no	B	no	no
LOC123381525	no	no	no	B	no	no
LOC123381529	no	no	no	B	no	no
LOC123381536	no	no	no	B	no	no
LOC123381554	no	no	no	B	no	no
LOC123381560	no	no	no	B	no	no
LOC123381566	no	no	no	B	no	no
LOC123381575	no	no	no	B	no	no
LOC123381589	no	no	no	B	no	no
LOC123381608	no	no	no	B	no	no
LOC123381619	no	no	no	B	no	no
LOC123381620	no	no	no	B	no	no
LOC123381621	no	no	no	B	no	no
LOC123381646	no	no	no	B	no	no
LOC123381669	no	no	no	B	no	no
LOC123381672	no	no	no	B	no	no
LOC123381689	no	no	no	B	no	no
LOC123381700	no	no	no	B	no	no
LOC123381729	no	no	no	B	no	no
LOC123381731	no	no	no	B	no	no
LOC123381767	no	no	no	B	no	no
LOC123381769	no	no	no	B	no	no
LOC123381772	no	no	no	B	no	no
LOC123381787	no	no	no	B	no	no
LOC123381794	no	no	no	B	no	no
LOC123381797	no	no	no	B	no	no
LOC123381825	no	no	no	B	no	no
LOC123381831	no	no	no	B	no	no
LOC123381833	no	no	no	B	no	no
LOC123381842	no	no	no	B	no	no
LOC123381851	no	no	no	B	no	no
LOC123381893	no	no	no	B	no	no
LOC123381895	no	no	no	B	no	no
LOC123381898	no	no	no	B	no	no
LOC123381925	no	no	no	B	no	no
LOC123381941	no	no	no	B	no	no
LOC123382038	no	no	no	B	no	no
LOC123382044	no	no	no	B	no	no
LOC123382045	no	no	no	B	no	no
LOC123382074	no	no	no	B	no	no
LOC123382092	no	no	no	B	no	no
LOC123382100	no	no	no	B	no	no
LOC123382103	no	no	no	B	no	no
LOC123382104	no	no	no	B	no	no
LOC123382109	no	no	no	B	no	no
LOC123382125	no	no	no	B	no	no
LOC123382126	no	no	no	B	no	no
LOC123382128	no	no	no	B	no	no
LOC123382131	no	no	no	B	no	no
LOC123382132	no	no	no	B	no	no
LOC123382139	no	no	no	B	no	no
LOC123382140	no	no	no	B	no	no
LOC123382177	no	no	no	B	no	no
LOC123382182	no	no	no	B	no	no
LOC123382183	no	no	no	B	no	no
LOC123382193	no	no	no	B	no	no
LOC123382199	no	no	no	B	no	no
LOC123382200	no	no	no	B	no	no
LOC123382212	no	no	no	B	no	no
LOC123382215	no	no	no	B	no	no
LOC123382218	no	no	no	B	no	no
LOC123382221	no	no	no	B	no	no
LOC123382230	no	no	no	B	no	no
LOC123382231	no	no	no	B	no	no
LOC123382240	no	no	no	B	no	no
LOC123382241	no	no	no	B	no	no
LOC123382266	no	no	no	B	no	no
LOC123382271	no	no	no	B	no	no
LOC123382279	no	no	no	B	no	no
LOC123382285	no	no	no	B	no	no
LOC123382315	no	no	no	B	no	no
LOC123382327	no	no	no	B	no	no
LOC123382330	no	no	no	B	no	no
LOC123382331	no	no	no	B	no	no
LOC123382405	no	no	no	B	no	no
LOC123382420	no	no	no	B	no	no
LOC123382436	no	no	no	B	no	no
LOC123382437	no	no	no	B	no	no
LOC123382443	no	no	no	B	no	no
LOC123382491	no	no	no	B	no	no
LOC123382511	no	no	no	B	no	no
LOC123382512	no	no	no	B	no	no
LOC123382515	no	no	no	B	no	no
LOC123382550	no	no	no	B	no	no
LOC123382552	no	no	no	B	no	no
LOC123382568	no	no	no	B	no	no
LOC123382593	no	no	no	B	no	no
LOC123382612	no	no	no	B	no	no
LOC123382631	no	no	no	B	no	no
LOC123382643	no	no	no	B	no	no
LOC123382650	no	no	no	B	no	no
LOC123382663	no	no	no	B	no	no
LOC123382672	no	no	no	B	no	no
LOC123382698	no	no	no	B	no	no
LOC123382714	no	no	no	B	no	no
LOC123382726	no	no	no	B	no	no
LOC123382746	no	no	no	B	no	no
LOC123382757	no	no	no	B	no	no
LOC123382762	no	no	no	B	no	no
LOC123382772	no	no	no	B	no	no
LOC123382781	no	no	no	B	no	no
LOC123382786	no	no	no	B	no	no
LOC123382797	no	no	no	B	no	no
LOC123382798	no	no	no	B	no	no
LOC123382810	no	no	no	B	no	no
LOC123382818	no	no	no	B	no	no
LOC123382858	no	no	no	B	no	no
LOC123382888	no	no	no	B	no	no
LOC123382892	no	no	no	B	no	no
LOC123382914	no	no	no	B	no	no
LOC123382923	no	no	no	B	no	no
LOC123383041	no	no	no	B	no	no
LOC123383078	no	no	no	B	no	no
LOC123383217	no	no	no	B	no	no
LOC123383220	no	no	no	B	no	no
LOC123383231	no	no	no	B	no	no
LOC123383235	no	no	no	B	no	no
LOC123383245	no	no	no	B	no	no
LOC123383267	no	no	no	B	no	no
LOC123383286	no	no	no	B	no	no
LOC123383308	no	no	no	B	no	no
LOC123383309	no	no	no	B	no	no
LOC123383311	no	no	no	B	no	no
LOC123383312	no	no	no	B	no	no
LOC123383329	no	no	no	B	no	no
LOC123383342	no	no	no	B	no	no
LOC123383349	no	no	no	B	no	no
LOC123383351	no	no	no	B	no	no
LOC123383422	no	no	no	B	no	no
LOC123383464	no	no	no	B	no	no
LOC123383515	no	no	no	B	no	no
LOC123383738	no	no	no	B	no	no
LOC123383740	no	no	no	B	no	no
LOC123383775	no	no	no	B	no	no
LOC123383807	no	no	no	B	no	no
LOC123383810	no	no	no	B	no	no
LOC123383812	no	no	no	B	no	no
LOC123383814	no	no	no	B	no	no
LOC123383819	no	no	no	B	no	no
LOC123383847	no	no	no	B	no	no
LOC123383865	no	no	no	B	no	no
LOC123383914	no	no	no	B	no	no
LOC123383915	no	no	no	B	no	no
LOC123383918	no	no	no	B	no	no
LOC123383926	no	no	no	B	no	no
LOC123383927	no	no	no	B	no	no
LOC123383933	no	no	no	B	no	no
LOC123383972	no	no	no	B	no	no
LOC123383983	no	no	no	B	no	no
LOC123384011	no	no	no	B	no	no
LOC123384015	no	no	no	B	no	no
LOC123384024	no	no	no	B	no	no
LOC123384025	no	no	no	B	no	no
LOC123384031	no	no	no	B	no	no
LOC123384041	no	no	no	B	no	no
LOC123384042	no	no	no	B	no	no
LOC123384080	no	no	no	B	no	no
LOC123384081	no	no	no	B	no	no
LOC123384082	no	no	no	B	no	no
LOC123384084	no	no	no	B	no	no
LOC123384086	no	no	no	B	no	no
LOC123384088	no	no	no	B	no	no
LOC123384092	no	no	no	B	no	no
LOC123384093	no	no	no	B	no	no
LOC123384094	no	no	no	B	no	no
LOC123384096	no	no	no	B	no	no
LOC123384113	no	no	no	B	no	no
LOC123384118	no	no	no	B	no	no
LOC123384164	no	no	no	B	no	no
LOC123384165	no	no	no	B	no	no
LOC123384182	no	no	no	B	no	no
LOC123384239	no	no	no	B	no	no
LOC123384240	no	no	no	B	no	no
LOC123384241	no	no	no	B	no	no
LOC123384279	no	no	no	B	no	no
LOC123384320	no	no	no	B	no	no
LOC123384327	no	no	no	B	no	no
LOC123384338	no	no	no	B	no	no
LOC123384386	no	no	no	B	no	no
LOC123384418	no	no	no	B	no	no
LOC123384444	no	no	no	B	no	no
LOC123384501	no	no	no	B	no	no
LOC123384518	no	no	no	B	no	no
LOC123384523	no	no	no	B	no	no
LOC123384563	no	no	no	B	no	no
LOC123384578	no	no	no	B	no	no
LOC123384594	no	no	no	B	no	no
LOC123384598	no	no	no	B	no	no
LOC123384627	no	no	no	B	no	no
LOC123384635	no	no	no	B	no	no
LOC123384673	no	no	no	B	no	no
LOC123384732	no	no	no	B	no	no
LOC123384738	no	no	no	B	no	no
LOC123384743	no	no	no	B	no	no
LOC123384753	no	no	no	B	no	no
LOC123384765	no	no	no	B	no	no
LOC123384767	no	no	no	B	no	no
LOC123384768	no	no	no	B	no	no
LOC123384771	no	no	no	B	no	no
LOC123384796	no	no	no	B	no	no
LOC123384816	no	no	no	B	no	no
LOC123384818	no	no	no	B	no	no
LOC123384821	no	no	no	B	no	no
LOC123384827	no	no	no	B	no	no
LOC123384865	no	no	no	B	no	no
LOC123384866	no	no	no	B	no	no
LOC123384902	no	no	no	B	no	no
LOC123384957	no	no	no	B	no	no
LOC123384995	no	no	no	B	no	no
LOC123385015	no	no	no	B	no	no
LOC123385017	no	no	no	B	no	no
LOC123385043	no	no	no	B	no	no
LOC123385051	no	no	no	B	no	no
LOC123385112	no	no	no	B	no	no
LOC123385120	no	no	no	B	no	no
LOC123385132	no	no	no	B	no	no
LOC123385134	no	no	no	B	no	no
LOC123385158	no	no	no	B	no	no
LOC123385164	no	no	no	B	no	no
LOC123385182	no	no	no	B	no	no
LOC123385185	no	no	no	B	no	no
LOC123385203	no	no	no	B	no	no
LOC123385223	no	no	no	B	no	no
LOC123385269	no	no	no	B	no	no
LOC123385271	no	no	no	B	no	no
LOC123385275	no	no	no	B	no	no
LOC123385278	no	no	no	B	no	no
LOC123385280	no	no	no	B	no	no
LOC123385301	no	no	no	B	no	no
LOC123385304	no	no	no	B	no	no
LOC123385326	no	no	no	B	no	no
LOC123385338	no	no	no	B	no	no
LOC123385358	no	no	no	B	no	no
LOC123385425	no	no	no	B	no	no
LOC123385427	no	no	no	B	no	no
LOC123385428	no	no	no	B	no	no
LOC123385454	no	no	no	B	no	no
LOC123385472	no	no	no	B	no	no
LOC123385503	no	no	no	B	no	no
LOC123385511	no	no	no	B	no	no
LOC123385522	no	no	no	B	no	no
LOC123385546	no	no	no	B	no	no
LOC123385573	no	no	no	B	no	no
LOC123385626	no	no	no	B	no	no
LOC123385641	no	no	no	B	no	no
LOC123385653	no	no	no	B	no	no
LOC123385657	no	no	no	B	no	no
LOC123385663	no	no	no	B	no	no
LOC123385779	no	no	no	B	no	no
LOC123385790	no	no	no	B	no	no
LOC123385793	no	no	no	B	no	no
LOC123385797	no	no	no	B	no	no
LOC123385824	no	no	no	B	no	no
LOC123385825	no	no	no	B	no	no
LOC123385826	no	no	no	B	no	no
LOC123385846	no	no	no	B	no	no
LOC123385868	no	no	no	B	no	no
LOC123385878	no	no	no	B	no	no
LOC123385907	no	no	no	B	no	no
LOC123385946	no	no	no	B	no	no
LOC123385954	no	no	no	B	no	no
LOC123385955	no	no	no	B	no	no
LOC123385984	no	no	no	B	no	no
LOC123386043	no	no	no	B	no	no
LOC123386050	no	no	no	B	no	no
LOC123386080	no	no	no	B	no	no
LOC123386091	no	no	no	B	no	no
LOC123386096	no	no	no	B	no	no
LOC123386110	no	no	no	B	no	no
LOC123386139	no	no	no	B	no	no
LOC123386140	no	no	no	B	no	no
LOC123386183	no	no	no	B	no	no
LOC123386224	no	no	no	B	no	no
LOC123386228	no	no	no	B	no	no
LOC123386232	no	no	no	B	no	no
LOC123386251	no	no	no	B	no	no
LOC123386257	no	no	no	B	no	no
LOC123386258	no	no	no	B	no	no
LOC123386262	no	no	no	B	no	no
LOC123386263	no	no	no	B	no	no
LOC123386264	no	no	no	B	no	no
LOC123386266	no	no	no	B	no	no
LOC123386272	no	no	no	B	no	no
LOC123386273	no	no	no	B	no	no
LOC123386275	no	no	no	B	no	no
LOC123386299	no	no	no	B	no	no
LOC123386300	no	no	no	B	no	no
LOC123386301	no	no	no	B	no	no
LOC123386302	no	no	no	B	no	no
LOC123386303	no	no	no	B	no	no
LOC123386305	no	no	no	B	no	no
LOC123386306	no	no	no	B	no	no
LOC123386307	no	no	no	B	no	no
LOC123386308	no	no	no	B	no	no
LOC123386310	no	no	no	B	no	no
LOC123386311	no	no	no	B	no	no
LOC123386312	no	no	no	B	no	no
LOC123386313	no	no	no	B	no	no
LOC123386406	no	no	no	B	no	no
LOC123386447	no	no	no	B	no	no
LOC123386486	no	no	no	B	no	no
LOC123386489	no	no	no	B	no	no
LOC123386566	no	no	no	B	no	no
LOC123386567	no	no	no	B	no	no
LOC123386586	no	no	no	B	no	no
LOC123386601	no	no	no	B	no	no
LOC123386606	no	no	no	B	no	no
LOC123386614	no	no	no	B	no	no
LOC123386621	no	no	no	B	no	no
LOC123386631	no	no	no	B	no	no
LOC123386666	no	no	no	B	no	no
LOC123386739	no	no	no	B	no	no
LOC123386744	no	no	no	B	no	no
LOC123386746	no	no	no	B	no	no
LOC123386770	no	no	no	B	no	no
LOC123386774	no	no	no	B	no	no
LOC123386775	no	no	no	B	no	no
LOC123386784	no	no	no	B	no	no
LOC123386787	no	no	no	B	no	no
LOC123386865	no	no	no	B	no	no
LOC768284	no	no	no	B	no	no
LOH12CR1	no	no	no	B	no	no
LONP1	yes	yes	yes	A	yes	yes
LONP2	yes	yes	yes	A	yes	yes
LONRF1	no	no	no	B	no	yes
LONRF3	no	no	no	B	no	yes
LOR	no	no	no	B	no	no
LOX	no	no	yes	B	no	yes
LOXL1	no	no	yes	B	no	yes
LOXL2	no	no	yes	B	no	yes
LOXL3	no	no	yes	B	no	no
LOXL4	no	no	yes	B	no	yes
LPAR1	no	no	yes	B	no	yes
LPAR2	no	no	yes	B	no	yes
LPAR3	no	no	yes	B	no	no
LPAR5	no	no	no	B	no	no
LPAR6	no	no	yes	B	no	yes
LPCAT1	yes	yes	yes	A	yes	yes
LPCAT2	no	no	yes	B	no	no
LPCAT3	no	no	yes	B	no	yes
LPCAT4	no	no	yes	B	no	yes
LPGAT1	yes	yes	yes	A	yes	yes
LPHN1	no	no	no	B	no	no
LPHN2	no	no	no	B	no	no
LPIN1	no	no	yes	B	no	yes
LPIN2	no	no	yes	B	no	yes
LPIN3	no	no	yes	B	no	yes
LPL	no	no	yes	B	no	yes
LPO	no	no	yes	B	no	no
LPP	yes	yes	yes	A	yes	no
LPPR2	no	no	no	B	no	no
LPPR3	no	no	no	B	no	no
LPXN	no	no	yes	B	no	yes
LRAT	no	no	no	B	no	no
LRATD1	no	no	yes	B	no	no
LRATD2	no	no	yes	B	no	no
LRBA	yes	yes	yes	A	yes	yes
LRCH1	no	no	yes	B	no	yes
LRCH2	no	no	yes	B	no	no
LRCH3	no	no	yes	B	no	yes
LRCH4	no	no	yes	B	no	no
LRFN1	no	no	no	B	no	no
LRFN3	no	no	no	B	no	yes
LRFN4	no	no	no	B	no	yes
LRFN5	no	no	no	B	no	no
LRG1	yes	yes	yes	A	yes	yes
LRGUK	no	no	no	B	no	no
LRIF1	no	no	yes	B	no	yes
LRIG1	no	no	yes	B	no	yes
LRIG2	no	no	yes	B	no	yes
LRIG3	no	no	no	B	no	yes
LRMDA	no	no	yes	B	no	no
LRMP	no	no	no	B	no	no
LRP1	yes	yes	yes	A	yes	yes
LRP10	no	no	yes	B	no	yes
LRP11	no	no	no	B	no	yes
LRP12	no	no	yes	B	no	yes
LRP2	yes	yes	yes	A	yes	yes
LRP2BP	no	no	no	B	no	no
LRP3	no	no	no	B	no	yes
LRP4	no	no	yes	B	no	yes
LRP5	no	no	yes	B	no	yes
LRP6	no	no	yes	B	no	yes
LRP8	no	no	no	B	no	no
LRPAP1	yes	yes	yes	A	yes	yes
LRPPRC	yes	yes	yes	A	yes	yes
LRR1	no	no	no	B	no	no
LRRC1	no	no	yes	B	no	yes
LRRC10B	no	no	no	B	no	no
LRRC14	no	no	yes	B	no	yes
LRRC14B	no	no	no	B	no	no
LRRC16A	no	no	no	B	no	no
LRRC16B	no	no	no	B	no	no
LRRC17	no	no	yes	B	no	no
LRRC19	no	no	yes	B	no	yes
LRRC20	no	no	yes	B	no	no
LRRC23	no	no	no	B	no	no
LRRC24	no	no	no	B	no	yes
LRRC25	no	no	yes	B	no	yes
LRRC26	no	no	no	B	no	no
LRRC27	no	no	no	B	no	no
LRRC28	no	no	yes	B	no	yes
LRRC29	no	no	no	B	no	no
LRRC3	no	no	no	B	no	yes
LRRC31	no	no	yes	B	no	no
LRRC32	no	no	yes	B	no	yes
LRRC38	no	no	no	B	no	no
LRRC3B	no	no	no	B	no	no
LRRC4	no	no	no	B	no	no
LRRC40	no	no	yes	B	no	yes
LRRC41	no	no	yes	B	no	yes
LRRC42	no	no	yes	B	no	yes
LRRC43	no	no	no	B	no	no
LRRC45	no	no	yes	B	no	yes
LRRC46	no	no	yes	B	no	yes
LRRC47	yes	yes	yes	A	yes	yes
LRRC48	no	no	no	B	no	no
LRRC49	no	no	yes	B	no	yes
LRRC4B	no	no	no	B	no	no
LRRC4C	no	no	no	B	no	no
LRRC51	no	no	no	B	no	yes
LRRC52	no	no	no	B	no	no
LRRC56	no	no	no	B	no	no
LRRC57	yes	yes	yes	A	yes	yes
LRRC58	no	no	yes	B	no	yes
LRRC59	yes	yes	yes	A	yes	yes
LRRC61	no	no	no	B	no	yes
LRRC66	no	no	yes	B	no	yes
LRRC70	no	no	no	B	no	no
LRRC71	no	no	no	B	no	no
LRRC73	no	no	no	B	no	no
LRRC74A	no	no	no	B	no	no
LRRC75A	no	no	yes	B	no	yes
LRRC75B	no	no	no	B	no	yes
LRRC8A	no	no	yes	B	no	yes
LRRC8B	no	no	yes	B	no	yes
LRRC8C	no	no	yes	B	no	yes
LRRC8D	no	no	yes	B	no	yes
LRRC8E	no	no	yes	B	no	no
LRRCC1	no	no	yes	B	no	yes
LRRFIP1	yes	yes	yes	A	yes	yes
LRRFIP2	yes	no	yes	B	yes	yes
LRRIQ1	no	no	no	B	no	no
LRRIQ3	no	no	no	B	no	no
LRRK1	no	no	yes	B	no	yes
LRRK2	yes	yes	yes	A	yes	yes
LRRN1	no	no	yes	B	no	yes
LRRN2	no	no	no	B	no	no
LRRN3	no	no	no	B	no	no
LRRN4	no	no	yes	B	no	no
LRRN4CL	no	no	yes	B	no	no
LRRTM1	no	no	no	B	no	no
LRRTM2	no	no	no	B	no	no
LRSAM1	no	no	yes	B	no	yes
LRTM2	no	no	no	B	no	no
LRWD1	no	no	yes	B	no	yes
LSAMP	no	no	yes	B	no	no
LSG1	no	no	yes	B	no	yes
LSM1	no	no	yes	B	no	yes
LSM10	no	no	yes	B	no	yes
LSM11	no	no	yes	B	no	yes
LSM12	no	no	yes	B	no	yes
LSM14A	no	no	yes	B	no	yes
LSM14B	no	no	yes	B	no	yes
LSM2	yes	no	yes	B	yes	yes
LSM3	yes	no	yes	B	yes	yes
LSM4	no	yes	yes	B	yes	yes
LSM5	no	no	no	B	no	yes
LSM6	yes	yes	yes	A	yes	yes
LSM7	yes	yes	yes	A	yes	yes
LSM8	yes	no	yes	B	yes	yes
LSMEM2	no	no	no	B	no	no
LSP1	yes	yes	yes	A	yes	yes
LSR	no	no	yes	B	no	yes
LSS	no	no	yes	B	no	no
LST1	no	no	yes	B	no	no
LTA4H	yes	yes	yes	A	yes	yes
LTAP1	no	no	no	B	no	no
LTB	no	no	no	B	no	no
LTB4R	no	no	no	B	no	no
LTB4R1	no	no	no	B	no	no
LTBP1	no	no	yes	B	no	yes
LTBP2	no	no	yes	B	no	no
LTBP3	no	no	yes	B	no	yes
LTBP4	no	no	yes	B	no	yes
LTBR	no	no	yes	B	no	yes
LTC4S	no	no	yes	B	no	no
LTF	yes	yes	yes	A	yes	no
LTK	no	no	no	B	no	no
LTN1	no	no	yes	B	no	yes
LTO1	no	no	yes	B	no	no
LTV1	no	no	yes	B	no	yes
LUC7L	no	no	yes	B	no	yes
LUC7L2	no	no	yes	B	no	no
LUC7L3	no	no	yes	B	no	yes
LUM	yes	yes	yes	A	yes	no
LURAP1	no	no	yes	B	no	yes
LURAP1L	no	no	yes	B	no	yes
LUZP1	no	no	yes	B	no	yes
LUZP2	no	no	no	B	no	no
LVRN	no	no	no	B	no	no
LXN	yes	yes	yes	A	yes	yes
LY6A	no	no	yes	B	no	no
LY6A2	no	no	no	B	no	no
LY6C1	no	no	yes	B	no	no
LY6C2	no	no	yes	B	no	no
LY6D	no	no	yes	B	no	yes
LY6E	no	no	yes	B	no	yes
LY6F	no	no	no	B	no	no
LY6G2	no	no	yes	B	no	no
LY6G5B	no	no	no	B	no	no
LY6G6D	no	no	no	B	no	no
LY6G6G	no	no	no	B	no	no
LY6I	no	no	no	B	no	no
LY75	no	no	yes	B	no	no
LY86	no	no	yes	B	no	yes
LY9	no	no	yes	B	no	no
LY96	no	no	yes	B	no	yes
LYAR	no	no	yes	B	no	yes
LYL1	no	no	no	B	no	yes
LYN	yes	no	yes	B	yes	yes
LYNX1	no	no	yes	B	no	no
LYPD2	no	no	no	B	no	no
LYPD3	no	no	yes	B	no	no
LYPD6	no	no	yes	B	no	yes
LYPD6B	no	no	yes	B	no	yes
LYPLA1	yes	yes	yes	A	yes	yes
LYPLA2	yes	yes	yes	A	yes	yes
LYPLAL1	yes	yes	yes	A	yes	yes
LYRM1	no	no	yes	B	no	no
LYRM2	no	no	yes	B	no	no
LYRM4	yes	yes	yes	A	yes	yes
LYRM5	no	no	no	B	no	no
LYRM7	no	no	yes	B	no	no
LYRM9	no	no	yes	B	no	yes
LYSMD1	no	no	yes	B	no	yes
LYSMD2	no	no	yes	B	no	no
LYSMD3	no	no	yes	B	no	yes
LYSMD4	no	no	yes	B	no	yes
LYST	no	no	yes	B	no	yes
LYVE1	no	no	yes	B	no	no
LYZ1	no	no	yes	B	no	no
LYZ2	no	no	yes	B	no	no
LYZL6	no	no	no	B	no	no
LZIC	yes	yes	yes	A	yes	yes
LZTFL1	yes	no	yes	B	yes	yes
LZTR1	no	no	yes	B	no	yes
LZTS1	no	no	yes	B	no	no
LZTS2	no	no	yes	B	no	yes
LZTS3	no	no	yes	B	no	yes
M6PR	yes	yes	yes	A	yes	yes
MAB21L3	no	no	yes	B	no	yes
MAB21L4	no	no	yes	B	no	no
MACC1	no	no	yes	B	no	no
MACF1	yes	yes	yes	A	yes	yes
MACIR	no	no	yes	B	no	no
MACO1	no	no	yes	B	no	no
MACROD1	yes	yes	yes	A	yes	yes
MACROD2	no	no	yes	B	no	no
MACROH2A1	yes	yes	yes	A	yes	no
MACROH2A2	no	no	yes	B	no	no
MAD1L1	no	no	yes	B	no	yes
MAD2L1	no	no	yes	B	no	yes
MAD2L1BP	no	no	yes	B	no	no
MAD2L2	no	no	yes	B	no	yes
MADCAM1	no	no	no	B	no	no
MADD	no	no	yes	B	no	yes
MAEA	no	no	yes	B	no	yes
MAF	no	no	yes	B	no	yes
MAF1	no	no	yes	B	no	yes
MAFB	no	no	yes	B	no	yes
MAFF	no	no	yes	B	no	no
MAFG	no	no	yes	B	no	yes
MAFK	no	no	yes	B	no	yes
MAG	no	no	no	B	no	no
MAGEA3	no	no	no	B	no	no
MAGED1	no	no	yes	B	no	yes
MAGED2	no	no	yes	B	no	yes
MAGEE1	no	no	yes	B	no	no
MAGEF1	no	no	no	B	no	no
MAGEH1	no	no	yes	B	no	yes
MAGI1	no	no	yes	B	no	yes
MAGI2	no	no	yes	B	no	no
MAGI3	no	no	yes	B	no	yes
MAGIX	no	no	yes	B	no	yes
MAGOH	no	yes	yes	B	yes	yes
MAGOHB	yes	no	no	B	no	yes
MAGT1	no	no	yes	B	no	yes
MAIP1	no	no	yes	B	no	no
MAK	no	no	no	B	no	no
MAK16	no	no	yes	B	no	yes
MAL	no	no	no	B	no	yes
MAL2	yes	no	yes	B	yes	yes
MALAT1	no	no	no	B	no	no
MALL	no	no	no	B	no	no
MALRD1	no	no	yes	B	no	yes
MALSU1	no	no	yes	B	no	yes
MALT1	no	no	yes	B	no	yes
MAMDC2	no	no	yes	B	no	no
MAMDC4	no	no	no	B	no	no
MAML1	no	no	yes	B	no	yes
MAML2	no	no	yes	B	no	yes
MAML3	no	no	yes	B	no	yes
MAMLD1	no	no	yes	B	no	no
MAMSTR	no	no	no	B	no	no
MAN1A1	no	no	yes	B	no	yes
MAN1A2	no	no	yes	B	no	yes
MAN1B1	no	no	yes	B	no	no
MAN1C1	no	no	yes	B	no	yes
MAN2A1	yes	no	yes	B	yes	yes
MAN2A2	no	no	yes	B	no	yes
MAN2B1	yes	yes	yes	A	yes	yes
MAN2B2	no	no	yes	B	no	no
MAN2C1	yes	yes	yes	A	yes	yes
MANBA	no	no	yes	B	no	yes
MANBAL	no	no	yes	B	no	yes
MANEA	no	no	yes	B	no	yes
MANEAL	no	no	no	B	no	no
MANF	no	no	yes	B	no	no
MANSC1	no	no	yes	B	no	yes
MANSC4	no	no	no	B	no	no
MAOA	yes	yes	yes	A	yes	yes
MAOB	yes	yes	yes	A	yes	yes
MAP10	no	no	no	B	no	yes
MAP11	no	no	no	B	no	no
MAP1A	no	no	yes	B	no	no
MAP1B	no	yes	yes	B	yes	no
MAP1LC3A	no	no	yes	B	no	yes
MAP1LC3B	no	no	yes	B	no	yes
MAP1S	no	no	yes	B	no	yes
MAP2	no	yes	yes	B	yes	no
MAP2K1	yes	yes	yes	A	yes	yes
MAP2K2	yes	no	yes	B	yes	yes
MAP2K3	no	no	yes	B	no	yes
MAP2K3OS	no	no	no	B	no	no
MAP2K4	yes	yes	yes	A	yes	yes
MAP2K5	no	no	yes	B	no	yes
MAP2K6	no	no	yes	B	no	yes
MAP2K7	no	no	yes	B	no	yes
MAP3K1	no	no	yes	B	no	yes
MAP3K10	no	no	no	B	no	yes
MAP3K11	no	no	yes	B	no	yes
MAP3K12	no	no	no	B	no	yes
MAP3K13	no	no	yes	B	no	yes
MAP3K14	no	no	no	B	no	yes
MAP3K15	no	no	yes	B	no	yes
MAP3K19	no	no	no	B	no	no
MAP3K2	no	no	yes	B	no	yes
MAP3K20	no	no	yes	B	no	no
MAP3K21	no	no	yes	B	no	no
MAP3K3	no	no	yes	B	no	yes
MAP3K4	no	no	yes	B	no	yes
MAP3K5	no	no	yes	B	no	yes
MAP3K6	no	no	yes	B	no	yes
MAP3K7	no	no	yes	B	no	yes
MAP3K7CL	no	no	yes	B	no	yes
MAP3K8	no	no	yes	B	no	yes
MAP3K9	no	no	yes	B	no	yes
MAP4	yes	yes	yes	A	yes	yes
MAP4K1	no	no	yes	B	no	no
MAP4K2	no	no	yes	B	no	yes
MAP4K3	no	no	yes	B	no	yes
MAP4K4	no	no	yes	B	no	yes
MAP4K5	no	no	yes	B	no	yes
MAP6	no	no	yes	B	no	no
MAP6D1	no	no	no	B	no	no
MAP7	yes	no	yes	B	yes	yes
MAP7D1	no	no	yes	B	no	yes
MAP7D2	no	no	no	B	no	no
MAP7D3	no	no	no	B	no	no
MAP9	no	no	yes	B	no	yes
MAPDA	no	no	yes	B	no	yes
MAPK1	no	no	yes	B	no	yes
MAPK10	no	no	no	B	no	no
MAPK11	no	no	yes	B	no	yes
MAPK12	no	no	yes	B	no	yes
MAPK13	no	no	yes	B	no	yes
MAPK14	yes	yes	yes	A	yes	yes
MAPK15	no	no	no	B	no	yes
MAPK1IP1	no	no	no	B	no	no
MAPK1IP1L	no	no	no	B	no	yes
MAPK3	yes	yes	yes	A	yes	yes
MAPK4	no	no	yes	B	no	yes
MAPK6	no	no	no	B	no	yes
MAPK7	no	no	yes	B	no	yes
MAPK8	no	no	yes	B	no	yes
MAPK8IP1	no	no	yes	B	no	yes
MAPK8IP2	no	no	no	B	no	no
MAPK8IP3	no	no	yes	B	no	yes
MAPK9	yes	no	yes	B	yes	yes
MAPKAP1	no	no	yes	B	no	yes
MAPKAPK2	yes	no	yes	B	yes	yes
MAPKAPK3	no	yes	yes	B	yes	yes
MAPKAPK5	no	no	yes	B	no	yes
MAPKBP1	no	no	yes	B	no	yes
MAPRE1	yes	yes	yes	A	yes	yes
MAPRE2	yes	yes	yes	A	yes	yes
MAPRE3	no	yes	yes	B	yes	yes
MAPT	yes	yes	yes	A	yes	yes
MARC1	no	no	no	B	no	no
MARC2	no	no	no	B	no	no
MARCH1	no	no	no	B	no	no
MARCH10	no	no	no	B	no	no
MARCH2	no	no	no	B	no	no
MARCH3	no	no	no	B	no	no
MARCH5	no	no	no	B	no	no
MARCH6	no	no	no	B	no	no
MARCH7	no	no	no	B	no	no
MARCH8	no	no	no	B	no	no
MARCH9	no	no	no	B	no	no
MARCHF1	no	no	no	B	no	no
MARCHF11	no	no	no	B	no	no
MARCHF2	no	no	no	B	no	no
MARCHF3	no	no	no	B	no	no
MARCHF5	no	no	yes	B	no	no
MARCHF6	no	no	yes	B	no	no
MARCHF7	no	no	yes	B	no	no
MARCHF8	no	no	yes	B	no	no
MARCHF9	no	no	no	B	no	no
MARCKS	no	yes	yes	B	yes	yes
MARCKSL1	no	no	yes	B	no	yes
MARCKSL1-PS4	no	no	no	B	no	no
MARF1	no	no	yes	B	no	yes
MARK1	no	no	yes	B	no	no
MARK2	no	no	yes	B	no	yes
MARK3	no	no	yes	B	no	yes
MARK4	no	no	yes	B	no	yes
MARS	no	no	no	B	no	no
MARS1	yes	yes	yes	A	yes	no
MARS2	yes	no	yes	B	yes	yes
MARVELD1	no	no	yes	B	no	yes
MARVELD2	no	no	yes	B	no	yes
MARVELD3	no	no	yes	B	no	yes
MASKBP3	no	no	no	B	no	no
MASP1	no	no	yes	B	no	no
MASP2	no	no	yes	B	no	no
MAST1	no	no	no	B	no	no
MAST2	no	no	yes	B	no	yes
MAST3	no	no	yes	B	no	yes
MAST4	no	no	yes	B	no	yes
MASTL	no	no	yes	B	no	no
MAT1A	no	no	no	B	no	no
MAT2A	yes	yes	yes	A	yes	yes
MAT2B	yes	yes	yes	A	yes	yes
MATCAP1	no	no	no	B	no	no
MATK	no	no	yes	B	no	no
MATN1	no	no	no	B	no	no
MATN2	no	yes	yes	B	yes	yes
MATN4	no	no	yes	B	no	no
MATR3	yes	yes	yes	A	yes	yes
MAU2	no	no	yes	B	no	yes
MAVS	yes	yes	yes	A	yes	yes
MAX	no	no	yes	B	no	yes
MAZ	no	no	yes	B	no	yes
MB21D2	no	no	yes	B	no	yes
MBD1	no	no	yes	B	no	yes
MBD2	no	no	yes	B	no	yes
MBD3	no	no	yes	B	no	yes
MBD4	no	no	yes	B	no	no
MBD5	no	no	yes	B	no	no
MBD6	no	no	yes	B	no	yes
MBIP	no	no	yes	B	no	yes
MBL1	no	no	yes	B	no	no
MBL2	yes	no	yes	B	yes	no
MBLAC1	no	no	yes	B	no	yes
MBLAC2	no	no	yes	B	no	yes
MBNL1	yes	no	yes	B	yes	yes
MBNL2	no	yes	yes	B	yes	yes
MBNL3	no	no	yes	B	no	no
MBOAT1	no	no	yes	B	no	yes
MBOAT2	no	no	yes	B	no	yes
MBOAT7	yes	no	yes	B	yes	yes
MBP	no	no	yes	B	no	yes
MBTD1	no	no	yes	B	no	yes
MBTPS1	no	no	yes	B	no	yes
MBTPS2	no	no	yes	B	no	yes
MC2R	no	no	no	B	no	no
MC5R	no	no	no	B	no	no
MCAM	yes	yes	yes	A	yes	yes
MCAT	yes	yes	yes	A	yes	yes
MCC	no	no	yes	B	no	no
MCCC1	yes	yes	yes	A	yes	yes
MCCC2	yes	yes	yes	A	yes	yes
MCCD1	no	no	no	B	no	no
MCEE	yes	yes	yes	A	yes	yes
MCEMP1	no	no	yes	B	no	no
MCF2	no	no	no	B	no	no
MCF2L	no	no	yes	B	no	yes
MCF2L2	no	no	no	B	no	no
MCFD2	yes	yes	yes	A	yes	yes
MCHR1	no	no	no	B	no	no
MCL1	no	no	yes	B	no	yes
MCM10	no	no	no	B	no	no
MCM2	no	no	yes	B	no	yes
MCM3	no	no	yes	B	no	yes
MCM3AP	no	no	yes	B	no	yes
MCM4	no	no	yes	B	no	yes
MCM5	no	no	yes	B	no	yes
MCM6	no	no	yes	B	no	yes
MCM7	no	no	yes	B	no	yes
MCM8	no	no	no	B	no	yes
MCM9	no	no	yes	B	no	yes
MCMBP	no	no	yes	B	no	yes
MCOLN1	no	no	yes	B	no	yes
MCOLN2	no	no	no	B	no	no
MCOLN3	no	no	yes	B	no	yes
MCP-1	no	no	no	B	no	no
MCPH1	no	no	yes	B	no	yes
MCRIP1	no	no	yes	B	no	no
MCRIP2	no	no	yes	B	no	no
MCRS1	no	no	yes	B	no	yes
MCTP1	no	no	no	B	no	no
MCTP2	no	no	yes	B	no	no
MCTS1	no	no	yes	B	no	no
MCTS2	no	no	yes	B	no	yes
MCU	yes	yes	yes	A	yes	yes
MCUB	no	no	yes	B	no	no
MCUR1	no	no	yes	B	no	yes
MDC1	no	no	yes	B	no	yes
MDFI	no	no	no	B	no	no
MDFIC	no	no	yes	B	no	yes
MDGA1	no	no	no	B	no	no
MDGA2	no	no	no	B	no	no
MDH1	yes	yes	yes	A	yes	yes
MDH1B	no	no	no	B	no	no
MDH2	yes	yes	yes	A	yes	yes
MDK	no	no	yes	B	no	yes
MDM1	no	no	yes	B	no	yes
MDM2	no	no	yes	B	no	yes
MDM4	no	no	yes	B	no	yes
MDN1	no	no	yes	B	no	yes
MDP1	no	no	yes	B	no	yes
ME1	yes	yes	yes	A	yes	yes
ME2	yes	yes	yes	A	yes	yes
ME3	yes	yes	yes	A	yes	yes
MEA1	no	no	yes	B	no	yes
MEAF6	no	no	yes	B	no	yes
MEAK7	no	no	yes	B	no	no
MECOM	no	no	yes	B	no	yes
MECP2	yes	yes	yes	A	yes	yes
MECR	yes	yes	yes	A	yes	yes
MED1	no	no	yes	B	no	yes
MED10	no	no	yes	B	no	no
MED11	no	no	yes	B	no	yes
MED12	no	no	yes	B	no	yes
MED12L	no	no	no	B	no	no
MED13	no	no	yes	B	no	yes
MED13L	no	no	yes	B	no	yes
MED14	no	no	yes	B	no	yes
MED15	no	no	yes	B	no	no
MED16	no	no	yes	B	no	yes
MED17	no	no	yes	B	no	yes
MED18	no	no	yes	B	no	no
MED19	no	no	yes	B	no	yes
MED20	no	no	yes	B	no	yes
MED21	no	no	yes	B	no	yes
MED22	no	no	yes	B	no	yes
MED23	no	no	yes	B	no	yes
MED24	no	no	yes	B	no	yes
MED25	no	no	yes	B	no	yes
MED26	no	no	yes	B	no	yes
MED27	no	no	yes	B	no	yes
MED28	no	no	yes	B	no	yes
MED29	no	no	yes	B	no	yes
MED30	no	no	yes	B	no	yes
MED31	no	no	yes	B	no	yes
MED4	no	no	yes	B	no	yes
MED6	no	no	yes	B	no	yes
MED7	no	no	yes	B	no	yes
MED8	no	no	yes	B	no	yes
MED9	no	no	yes	B	no	yes
MED9OS	no	no	no	B	no	no
MEDAG	no	no	no	B	no	no
MEF2A	no	no	yes	B	no	yes
MEF2B	no	no	no	B	no	no
MEF2C	no	no	yes	B	no	yes
MEF2D	no	no	yes	B	no	yes
MEFV	no	no	no	B	no	no
MEGF10	no	no	yes	B	no	no
MEGF11	no	no	no	B	no	no
MEGF6	no	no	yes	B	no	no
MEGF8	no	no	yes	B	no	yes
MEGF9	no	no	yes	B	no	yes
MEIOB	no	no	no	B	no	no
MEIS1	no	no	yes	B	no	no
MEIS2	no	no	yes	B	no	yes
MEIS3	no	no	yes	B	no	no
MELK	no	no	yes	B	no	no
MELTF	no	no	yes	B	no	no
MEMO1	no	yes	yes	B	yes	yes
MEN1	no	no	yes	B	no	yes
MEOX1	no	no	no	B	no	no
MEP1A	no	no	yes	B	no	no
MEP1B	no	no	yes	B	no	no
MEPCE	no	no	yes	B	no	yes
MERTK	no	no	yes	B	no	yes
MESD	yes	yes	yes	A	yes	no
MESDC1	no	no	no	B	no	no
MESDC2	no	no	no	B	no	no
MEST	no	no	yes	B	no	no
MET	no	no	yes	B	no	yes
METAP1	yes	yes	yes	A	yes	yes
METAP1D	no	no	yes	B	no	yes
METAP2	no	yes	yes	B	yes	yes
METAZOA_SRP	no	no	no	B	no	no
METHIG1	no	no	no	B	no	no
METRN	no	no	no	B	no	no
METRNL	no	no	yes	B	no	yes
METTL1	no	no	yes	B	no	yes
METTL10	no	no	no	B	no	no
METTL13	no	no	yes	B	no	no
METTL14	no	no	yes	B	no	yes
METTL15	no	no	yes	B	no	yes
METTL16	no	no	yes	B	no	yes
METTL17	no	no	yes	B	no	yes
METTL18	no	no	yes	B	no	yes
METTL2	no	no	yes	B	no	no
METTL20	no	no	yes	B	no	no
METTL21A	no	no	yes	B	no	yes
METTL21B	no	no	no	B	no	no
METTL22	no	no	yes	B	no	no
METTL23	no	no	yes	B	no	yes
METTL24	no	no	yes	B	no	no
METTL25	no	no	yes	B	no	yes
METTL25B	no	no	yes	B	no	no
METTL26	yes	no	yes	B	yes	no
METTL27	yes	yes	yes	A	yes	no
METTL2A	no	no	no	B	no	no
METTL3	no	no	yes	B	no	yes
METTL4	no	no	yes	B	no	no
METTL5	no	no	yes	B	no	yes
METTL6	no	no	yes	B	no	yes
METTL7A1	no	no	no	B	no	no
METTL7A2	no	no	no	B	no	no
METTL7A3	no	no	no	B	no	no
METTL7B	no	no	no	B	no	no
METTL8	no	no	yes	B	no	yes
METTL9	no	no	yes	B	no	yes
MEX3A	no	no	yes	B	no	no
MEX3B	no	no	yes	B	no	yes
MEX3C	no	no	yes	B	no	yes
MEX3D	no	no	yes	B	no	yes
MFAP1	no	no	no	B	no	no
MFAP1A	no	no	yes	B	no	no
MFAP1B	no	no	no	B	no	no
MFAP2	no	no	yes	B	no	yes
MFAP3	no	no	yes	B	no	yes
MFAP3L	no	no	yes	B	no	yes
MFAP4	no	no	yes	B	no	yes
MFAP5	no	no	yes	B	no	no
MFF	yes	yes	yes	A	yes	yes
MFGE8	yes	yes	yes	A	yes	yes
MFHAS1	no	no	yes	B	no	yes
MFI2	no	no	no	B	no	no
MFN1	no	no	yes	B	no	yes
MFN2	yes	yes	yes	A	yes	yes
MFNG	no	no	no	B	no	no
MFRP	no	no	no	B	no	no
MFSD1	no	no	yes	B	no	yes
MFSD10	no	no	no	B	no	no
MFSD11	no	no	yes	B	no	yes
MFSD12	no	no	yes	B	no	yes
MFSD14A	no	no	no	B	no	no
MFSD2A	no	no	yes	B	no	yes
MFSD2B	no	no	no	B	no	no
MFSD4	no	no	no	B	no	no
MFSD4B1	no	no	yes	B	no	no
MFSD4B3-PS	no	no	no	B	no	no
MFSD4B4	no	no	yes	B	no	no
MFSD4B5	no	no	yes	B	no	no
MFSD5	no	no	no	B	no	no
MFSD6	no	no	yes	B	no	yes
MFSD6L	no	no	no	B	no	no
MFSD7A	no	no	no	B	no	no
MFSD7B	no	no	no	B	no	no
MFSD7C	no	no	no	B	no	no
MFSD8	no	no	yes	B	no	no
MGA	no	no	yes	B	no	yes
MGAM	yes	yes	yes	A	yes	yes
MGARP	yes	yes	yes	A	yes	no
MGAT1	no	no	yes	B	no	yes
MGAT2	no	no	yes	B	no	yes
MGAT3	no	no	yes	B	no	yes
MGAT4A	no	no	yes	B	no	yes
MGAT4B	no	no	yes	B	no	yes
MGAT4D	no	no	no	B	no	no
MGAT5	no	no	yes	B	no	yes
MGAT5B	no	no	no	B	no	no
MGEA5	no	no	no	B	no	no
MGL2	no	no	yes	B	no	no
MGLL	yes	no	yes	B	yes	yes
MGME1	no	no	yes	B	no	yes
MGMT	no	no	yes	B	no	yes
MGP	yes	yes	yes	A	yes	no
MGRN1	no	no	yes	B	no	yes
MGST1	no	no	yes	B	no	yes
MGST2	no	no	no	B	no	no
MGST3	yes	yes	yes	A	yes	yes
MIA2	no	no	yes	B	no	yes
MIA3	yes	no	yes	B	yes	yes
MIB1	no	no	yes	B	no	yes
MIB2	no	no	yes	B	no	yes
MICAL1	no	no	yes	B	no	no
MICAL2	no	no	yes	B	no	yes
MICAL3	no	no	yes	B	no	yes
MICALL1	no	no	yes	B	no	yes
MICALL2	no	yes	yes	B	yes	yes
MICOS10	no	no	yes	B	no	no
MICOS13	yes	yes	yes	A	yes	no
MICU1	no	no	yes	B	no	yes
MICU2	no	no	yes	B	no	yes
MICU3	no	no	yes	B	no	yes
MID1	no	no	yes	B	no	yes
MID1-PS1	no	no	no	B	no	no
MID1IP1	no	no	yes	B	no	yes
MID2	no	no	yes	B	no	yes
MIDEAS	no	no	yes	B	no	no
MIDN	no	no	yes	B	no	yes
MIEF1	no	no	yes	B	no	yes
MIEF2	no	no	yes	B	no	yes
MIEN1	yes	no	yes	B	yes	yes
MIER1	no	no	yes	B	no	yes
MIER2	no	no	yes	B	no	yes
MIER3	no	no	yes	B	no	yes
MIF	yes	yes	yes	A	yes	yes
MIF-PS4	no	no	no	B	no	no
MIF4GD	no	no	yes	B	no	yes
MIGA1	no	no	yes	B	no	no
MIGA2	no	no	yes	B	no	no
MIIP	no	no	no	B	no	yes
MILL2	no	no	yes	B	no	no
MILR1	no	no	yes	B	no	no
MINA	no	no	no	B	no	no
MINAR1	no	no	no	B	no	no
MINDY1	no	no	yes	B	no	no
MINDY2	no	no	yes	B	no	no
MINDY3	no	no	yes	B	no	no
MINDY4	no	no	yes	B	no	no
MINK1	no	no	yes	B	no	yes
MINOS1	no	no	no	B	no	no
MINPP1	no	no	yes	B	no	no
MIOS	no	no	yes	B	no	yes
MIOX	yes	yes	yes	A	yes	yes
MIPEP	yes	no	yes	B	yes	yes
MIPOL1	no	no	yes	B	no	yes
MIR101-1	no	no	no	B	no	no
MIR103A2	no	no	no	B	no	no
MIR10A	no	no	no	B	no	no
MIR10B	no	no	no	B	no	no
MIR1191	no	no	no	B	no	no
MIR1192	no	no	no	B	no	no
MIR1199	no	no	no	B	no	no
MIR124-2HG	no	no	no	B	no	no
MIR1247	no	no	no	B	no	no
MIR1258	no	no	no	B	no	no
MIR125B1	no	no	no	B	no	no
MIR126	no	no	no	B	no	no
MIR1282	no	no	no	B	no	no
MIR1291	no	no	no	B	no	no
MIR1306	no	no	no	B	no	no
MIR132	no	no	no	B	no	no
MIR142	no	no	no	B	no	no
MIR142HG	no	no	no	B	no	no
MIR143	no	no	no	B	no	no
MIR145	no	no	no	B	no	no
MIR146	no	no	no	B	no	no
MIR147B	no	no	no	B	no	no
MIR16-1	no	no	no	B	no	no
MIR1668	no	no	no	B	no	no
MIR17HG	no	no	no	B	no	no
MIR1839	no	no	no	B	no	no
MIR186	no	no	no	B	no	no
MIR1892	no	no	no	B	no	no
MIR1893	no	no	no	B	no	no
MIR1897	no	no	no	B	no	no
MIR1898	no	no	no	B	no	no
MIR1901	no	no	no	B	no	no
MIR1902	no	no	no	B	no	no
MIR1903	no	no	no	B	no	no
MIR1905	no	no	no	B	no	no
MIR1906-1	no	no	no	B	no	no
MIR1907	no	no	no	B	no	no
MIR192	no	no	no	B	no	no
MIR1932	no	no	no	B	no	no
MIR1934	no	no	no	B	no	no
MIR1938	no	no	no	B	no	no
MIR193A	no	no	no	B	no	no
MIR194-1	no	no	no	B	no	no
MIR1943	no	no	no	B	no	no
MIR1945	no	no	no	B	no	no
MIR1950	no	no	no	B	no	no
MIR1954	no	no	no	B	no	no
MIR1956	no	no	no	B	no	no
MIR1957A	no	no	no	B	no	no
MIR1964	no	no	no	B	no	no
MIR1966	no	no	no	B	no	no
MIR1968	no	no	no	B	no	no
MIR196A-1	no	no	no	B	no	no
MIR1981	no	no	no	B	no	no
MIR1982	no	no	no	B	no	no
MIR199A1	no	no	no	B	no	no
MIR200A	no	no	no	B	no	no
MIR207	no	no	no	B	no	no
MIR21	no	no	no	B	no	no
MIR212	no	no	no	B	no	no
MIR2139	no	no	no	B	no	no
MIR22	no	no	no	B	no	no
MIR221	no	no	no	B	no	no
MIR223	no	no	no	B	no	no
MIR22HG	no	no	no	B	no	no
MIR23A	no	no	no	B	no	no
MIR23B	no	no	no	B	no	no
MIR24-1	no	no	no	B	no	no
MIR24-2	no	no	no	B	no	no
MIR26A1	no	no	no	B	no	no
MIR26A2	no	no	no	B	no	no
MIR26B	no	no	no	B	no	no
MIR27A	no	no	no	B	no	no
MIR27B	no	no	no	B	no	no
MIR2861	no	no	no	B	no	no
MIR29B2	no	no	no	B	no	no
MIR29C	no	no	no	B	no	no
MIR301	no	no	no	B	no	no
MIR3057	no	no	no	B	no	no
MIR3058	no	no	no	B	no	no
MIR3060	no	no	no	B	no	no
MIR3061	no	no	no	B	no	no
MIR3062	no	no	no	B	no	no
MIR3063	no	no	no	B	no	no
MIR3064	no	no	no	B	no	no
MIR3074-1	no	no	no	B	no	no
MIR3076	no	no	no	B	no	no
MIR3077	no	no	no	B	no	no
MIR3079	no	no	no	B	no	no
MIR3082	no	no	no	B	no	no
MIR3089	no	no	no	B	no	no
MIR3091	no	no	no	B	no	no
MIR3097	no	no	no	B	no	no
MIR3098	no	no	no	B	no	no
MIR31	no	no	no	B	no	no
MIR3100	no	no	no	B	no	no
MIR3101	no	no	no	B	no	no
MIR3102	no	no	no	B	no	no
MIR3103	no	no	no	B	no	no
MIR3113	no	no	no	B	no	no
MIR330	no	no	no	B	no	no
MIR339	no	no	no	B	no	no
MIR343	no	no	no	B	no	no
MIR344D-1	no	no	no	B	no	no
MIR3473D	no	no	no	B	no	no
MIR3474	no	no	no	B	no	no
MIR351	no	no	no	B	no	no
MIR3572	no	no	no	B	no	no
MIR363	no	no	no	B	no	no
MIR365-2	no	no	no	B	no	no
MIR374B	no	no	no	B	no	no
MIR378A	no	no	no	B	no	no
MIR378B	no	no	no	B	no	no
MIR3960	no	no	no	B	no	no
MIR421	no	no	no	B	no	no
MIR4657	no	no	no	B	no	no
MIR466I	no	no	no	B	no	no
MIR467F	no	no	no	B	no	no
MIR5046	no	no	no	B	no	no
MIR5100	no	no	no	B	no	no
MIR5101	no	no	no	B	no	no
MIR5107	no	no	no	B	no	no
MIR5113	no	no	no	B	no	no
MIR5114	no	no	no	B	no	no
MIR5116	no	no	no	B	no	no
MIR5119	no	no	no	B	no	no
MIR5121	no	no	no	B	no	no
MIR5122	no	no	no	B	no	no
MIR5124A	no	no	no	B	no	no
MIR5125	no	no	no	B	no	no
MIR5129	no	no	no	B	no	no
MIR5130	no	no	no	B	no	no
MIR5131	no	no	no	B	no	no
MIR5132	no	no	no	B	no	no
MIR5133	no	no	no	B	no	no
MIR5134	no	no	no	B	no	no
MIR5136	no	no	no	B	no	no
MIR546	no	no	no	B	no	no
MIR5615-2	no	no	no	B	no	no
MIR5620	no	no	no	B	no	no
MIR5623	no	no	no	B	no	no
MIR5625	no	no	no	B	no	no
MIR568	no	no	no	B	no	no
MIR615	no	no	no	B	no	no
MIR6236	no	no	no	B	no	no
MIR6338	no	no	no	B	no	no
MIR6358	no	no	no	B	no	no
MIR6359	no	no	no	B	no	no
MIR6369	no	no	no	B	no	no
MIR6386	no	no	no	B	no	no
MIR6395	no	no	no	B	no	no
MIR6397	no	no	no	B	no	no
MIR6400	no	no	no	B	no	no
MIR6418	no	no	no	B	no	no
MIR6481	no	no	no	B	no	no
MIR6537	no	no	no	B	no	no
MIR671	no	no	no	B	no	no
MIR674	no	no	no	B	no	no
MIR677	no	no	no	B	no	no
MIR678	no	no	no	B	no	no
MIR681	no	no	no	B	no	no
MIR682	no	no	no	B	no	no
MIR684-1	no	no	no	B	no	no
MIR686	no	no	no	B	no	no
MIR6901	no	no	no	B	no	no
MIR6902	no	no	no	B	no	no
MIR6903	no	no	no	B	no	no
MIR6904	no	no	no	B	no	no
MIR6905	no	no	no	B	no	no
MIR6908	no	no	no	B	no	no
MIR6909	no	no	no	B	no	no
MIR6911	no	no	no	B	no	no
MIR6912	no	no	no	B	no	no
MIR6913	no	no	no	B	no	no
MIR6914	no	no	no	B	no	no
MIR6916	no	no	no	B	no	no
MIR6918	no	no	no	B	no	no
MIR6919	no	no	no	B	no	no
MIR692-1	no	no	no	B	no	no
MIR692-3	no	no	no	B	no	no
MIR6921	no	no	no	B	no	no
MIR6925	no	no	no	B	no	no
MIR6930	no	no	no	B	no	no
MIR6935	no	no	no	B	no	no
MIR6936	no	no	no	B	no	no
MIR6937	no	no	no	B	no	no
MIR6939	no	no	no	B	no	no
MIR6941	no	no	no	B	no	no
MIR6942	no	no	no	B	no	no
MIR6943	no	no	no	B	no	no
MIR6944	no	no	no	B	no	no
MIR6946	no	no	no	B	no	no
MIR6947	no	no	no	B	no	no
MIR6948	no	no	no	B	no	no
MIR6950	no	no	no	B	no	no
MIR6953	no	no	no	B	no	no
MIR6954	no	no	no	B	no	no
MIR6955	no	no	no	B	no	no
MIR6956	no	no	no	B	no	no
MIR6958	no	no	no	B	no	no
MIR6966	no	no	no	B	no	no
MIR697	no	no	no	B	no	no
MIR6971	no	no	no	B	no	no
MIR6972	no	no	no	B	no	no
MIR6973A	no	no	no	B	no	no
MIR6973B	no	no	no	B	no	no
MIR6975	no	no	no	B	no	no
MIR6978	no	no	no	B	no	no
MIR6979	no	no	no	B	no	no
MIR698	no	no	no	B	no	no
MIR6981	no	no	no	B	no	no
MIR6984	no	no	no	B	no	no
MIR6986	no	no	no	B	no	no
MIR6989	no	no	no	B	no	no
MIR6990	no	no	no	B	no	no
MIR6991	no	no	no	B	no	no
MIR6992	no	no	no	B	no	no
MIR6993	no	no	no	B	no	no
MIR6997	no	no	no	B	no	no
MIR6998	no	no	no	B	no	no
MIR7-1	no	no	no	B	no	no
MIR700	no	no	no	B	no	no
MIR7001	no	no	no	B	no	no
MIR7005	no	no	no	B	no	no
MIR7009	no	no	no	B	no	no
MIR7010	no	no	no	B	no	no
MIR7013	no	no	no	B	no	no
MIR7016	no	no	no	B	no	no
MIR7017	no	no	no	B	no	no
MIR7019	no	no	no	B	no	no
MIR702	no	no	no	B	no	no
MIR7020	no	no	no	B	no	no
MIR7024	no	no	no	B	no	no
MIR7025	no	no	no	B	no	no
MIR7026	no	no	no	B	no	no
MIR7027	no	no	no	B	no	no
MIR7028	no	no	no	B	no	no
MIR7029	no	no	no	B	no	no
MIR703	no	no	no	B	no	no
MIR7030	no	no	no	B	no	no
MIR7031	no	no	no	B	no	no
MIR7034	no	no	no	B	no	no
MIR7036	no	no	no	B	no	no
MIR704	no	no	no	B	no	no
MIR7042	no	no	no	B	no	no
MIR7045	no	no	no	B	no	no
MIR7046	no	no	no	B	no	no
MIR7048	no	no	no	B	no	no
MIR7049	no	no	no	B	no	no
MIR705	no	no	no	B	no	no
MIR7050	no	no	no	B	no	no
MIR7051	no	no	no	B	no	no
MIR7052	no	no	no	B	no	no
MIR7058	no	no	no	B	no	no
MIR7059	no	no	no	B	no	no
MIR7061	no	no	no	B	no	no
MIR7062	no	no	no	B	no	no
MIR7065	no	no	no	B	no	no
MIR7067	no	no	no	B	no	no
MIR7068	no	no	no	B	no	no
MIR7069	no	no	no	B	no	no
MIR707	no	no	no	B	no	no
MIR7070	no	no	no	B	no	no
MIR7078	no	no	no	B	no	no
MIR7079	no	no	no	B	no	no
MIR7080	no	no	no	B	no	no
MIR7082	no	no	no	B	no	no
MIR7085	no	no	no	B	no	no
MIR7086	no	no	no	B	no	no
MIR7087	no	no	no	B	no	no
MIR709	no	no	no	B	no	no
MIR7090	no	no	no	B	no	no
MIR7091	no	no	no	B	no	no
MIR7092	no	no	no	B	no	no
MIR711	no	no	no	B	no	no
MIR7115	no	no	no	B	no	no
MIR7116	no	no	no	B	no	no
MIR718	no	no	no	B	no	no
MIR719	no	no	no	B	no	no
MIR7211	no	no	no	B	no	no
MIR7212	no	no	no	B	no	no
MIR7213	no	no	no	B	no	no
MIR7219	no	no	no	B	no	no
MIR7225	no	no	no	B	no	no
MIR7226	no	no	no	B	no	no
MIR7231	no	no	no	B	no	no
MIR7237	no	no	no	B	no	no
MIR7238	no	no	no	B	no	no
MIR7240	no	no	no	B	no	no
MIR7578	no	no	no	B	no	no
MIR760	no	no	no	B	no	no
MIR761	no	no	no	B	no	no
MIR762	no	no	no	B	no	no
MIR7646	no	no	no	B	no	no
MIR7647	no	no	no	B	no	no
MIR7648	no	no	no	B	no	no
MIR7650	no	no	no	B	no	no
MIR7651	no	no	no	B	no	no
MIR7652	no	no	no	B	no	no
MIR7653	no	no	no	B	no	no
MIR7654	no	no	no	B	no	no
MIR7655	no	no	no	B	no	no
MIR7657	no	no	no	B	no	no
MIR7658	no	no	no	B	no	no
MIR7661	no	no	no	B	no	no
MIR7662	no	no	no	B	no	no
MIR7664	no	no	no	B	no	no
MIR7666	no	no	no	B	no	no
MIR7667	no	no	no	B	no	no
MIR7669	no	no	no	B	no	no
MIR7670	no	no	no	B	no	no
MIR7672	no	no	no	B	no	no
MIR7673	no	no	no	B	no	no
MIR7674	no	no	no	B	no	no
MIR7677	no	no	no	B	no	no
MIR7678	no	no	no	B	no	no
MIR7688	no	no	no	B	no	no
MIR8091	no	no	no	B	no	no
MIR8092	no	no	no	B	no	no
MIR8093	no	no	no	B	no	no
MIR8094	no	no	no	B	no	no
MIR8097	no	no	no	B	no	no
MIR8098	no	no	no	B	no	no
MIR8101	no	no	no	B	no	no
MIR8102	no	no	no	B	no	no
MIR8103	no	no	no	B	no	no
MIR8104	no	no	no	B	no	no
MIR8107	no	no	no	B	no	no
MIR8108	no	no	no	B	no	no
MIR8112	no	no	no	B	no	no
MIR8114	no	no	no	B	no	no
MIR8115	no	no	no	B	no	no
MIR8116	no	no	no	B	no	no
MIR8119	no	no	no	B	no	no
MIR8120	no	no	no	B	no	no
MIR874	no	no	no	B	no	no
MIR877	no	no	no	B	no	no
MIR92-1	no	no	no	B	no	no
MIR99A	no	no	no	B	no	no
MIR99AHG	no	no	no	B	no	no
MIR99B	no	no	no	B	no	no
MIRLET7A3	no	no	no	B	no	no
MIRLET7B	no	no	no	B	no	no
MIRLET7D	no	no	no	B	no	no
MIRLET7I	no	no	no	B	no	no
MIRT2	no	no	no	B	no	no
MIS12	no	no	yes	B	no	yes
MIS18A	no	no	no	B	no	no
MIS18BP1	no	no	no	B	no	no
MISP	yes	no	yes	B	yes	yes
MISP3	no	no	yes	B	no	no
MITD1	no	no	yes	B	no	yes
MITF	no	no	yes	B	no	yes
MIX23	yes	yes	yes	A	yes	no
MKI67	no	no	yes	B	no	no
MKKS	no	no	no	B	no	yes
MKL1	no	no	no	B	no	no
MKL2	no	no	no	B	no	no
MKLN1	no	no	yes	B	no	yes
MKLN1OS	no	no	no	B	no	no
MKNK1	no	no	yes	B	no	yes
MKNK2	no	no	yes	B	no	yes
MKRN1	no	no	yes	B	no	yes
MKRN2	no	no	yes	B	no	yes
MKRN2OS	no	no	yes	B	no	no
MKS1	no	no	yes	B	no	yes
MKX	no	no	no	B	no	no
MLEC	yes	yes	yes	A	yes	yes
MLF1	no	no	no	B	no	no
MLF2	no	no	yes	B	no	yes
MLH1	no	no	yes	B	no	yes
MLH3	no	no	yes	B	no	yes
MLIP	no	no	no	B	no	no
MLKL	no	no	yes	B	no	no
MLLT1	no	no	yes	B	no	yes
MLLT10	no	no	yes	B	no	yes
MLLT11	no	no	no	B	no	yes
MLLT3	no	no	yes	B	no	yes
MLLT4	no	no	no	B	no	no
MLLT6	no	no	yes	B	no	no
MLPH	no	no	yes	B	no	yes
MLST8	no	no	yes	B	no	yes
MLX	no	no	yes	B	no	yes
MLXIP	no	no	yes	B	no	yes
MLXIPL	no	no	yes	B	no	yes
MLYCD	yes	yes	yes	A	yes	yes
MMAA	yes	yes	yes	A	yes	yes
MMAB	yes	yes	yes	A	yes	yes
MMACHC	no	no	yes	B	no	yes
MMADHC	no	no	yes	B	no	yes
MMD	no	no	yes	B	no	yes
MMD2	no	no	no	B	no	no
MME	yes	yes	yes	A	yes	yes
MMEL1	no	no	no	B	no	no
MMGT1	no	no	yes	B	no	yes
MMGT2	no	no	no	B	no	no
MMP1	no	no	no	B	no	no
MMP11	no	no	yes	B	no	yes
MMP12	no	no	yes	B	no	no
MMP13	no	no	no	B	no	no
MMP14	no	no	yes	B	no	yes
MMP15	no	no	no	B	no	yes
MMP16	no	no	no	B	no	no
MMP17	no	no	yes	B	no	no
MMP19	no	no	yes	B	no	no
MMP2	no	no	yes	B	no	yes
MMP23	no	no	no	B	no	no
MMP23B	no	no	yes	B	no	no
MMP24	no	no	no	B	no	no
MMP24OS	no	no	no	B	no	no
MMP25	no	no	yes	B	no	no
MMP28	no	no	no	B	no	yes
MMP3	no	no	yes	B	no	no
MMP7	yes	yes	yes	A	yes	no
MMP8	no	no	yes	B	no	no
MMP9	no	no	yes	B	no	no
MMRN1	no	no	yes	B	no	no
MMRN2	no	yes	yes	B	yes	yes
MMS19	no	yes	yes	B	yes	yes
MMS22L	no	no	yes	B	no	no
MMU-MIR-1194	no	no	no	B	no	no
MMU-MIR-692-2	no	no	no	B	no	no
MMU-MIR-6970	no	no	no	B	no	no
MMU-MIR-7649	no	no	no	B	no	no
MMU-MIR-7676-1	no	no	no	B	no	no
MMUT	yes	yes	yes	A	yes	no
MN1	no	no	no	B	no	no
MNAT1	no	no	yes	B	no	yes
MND1	no	no	yes	B	no	no
MNDA	no	no	no	B	no	no
MNDAL	no	no	yes	B	no	no
MNS1	no	no	yes	B	no	no
MNT	no	no	yes	B	no	yes
MOAP1	no	no	no	B	no	no
MOB1A	yes	no	yes	B	yes	yes
MOB1B	no	yes	yes	B	yes	yes
MOB2	yes	no	yes	B	yes	yes
MOB3A	no	no	yes	B	no	yes
MOB3B	no	no	yes	B	no	yes
MOB3C	no	no	yes	B	no	yes
MOB4	no	no	yes	B	no	no
MOCOS	no	no	yes	B	no	yes
MOCS1	yes	no	yes	B	yes	yes
MOCS2	no	no	yes	B	no	yes
MOCS3	no	no	yes	B	no	yes
MOGAT1	no	no	yes	B	no	yes
MOGAT2	no	no	yes	B	no	no
MOGAT3	yes	yes	no	B	no	no
MOGS	yes	yes	yes	A	yes	yes
MOK	no	no	no	B	no	yes
MON1A	no	no	yes	B	no	yes
MON1B	no	no	yes	B	no	yes
MON2	no	no	yes	B	no	yes
MORC2	no	no	no	B	no	no
MORC2A	no	no	yes	B	no	no
MORC3	no	no	yes	B	no	yes
MORC4	no	no	no	B	no	yes
MORF4L1	no	no	yes	B	no	yes
MORF4L1-PS1	no	no	no	B	no	no
MORF4L2	no	no	yes	B	no	yes
MORN1	no	no	yes	B	no	yes
MORN2	no	no	no	B	no	yes
MORN3	no	no	no	B	no	no
MORN4	no	no	no	B	no	yes
MOSMO	no	no	no	B	no	no
MOSPD1	no	no	yes	B	no	yes
MOSPD2	no	no	yes	B	no	yes
MOSPD3	no	no	yes	B	no	yes
MOSPD4	no	no	no	B	no	no
MOV10	no	no	yes	B	no	yes
MOV10L1	no	no	no	B	no	no
MOXD1	no	no	yes	B	no	no
MPC1	no	no	yes	B	no	yes
MPC1-PS	no	no	no	B	no	no
MPC2	no	yes	yes	B	yes	yes
MPDU1	yes	yes	yes	A	yes	yes
MPDZ	no	no	yes	B	no	yes
MPEG1	no	no	yes	B	no	yes
MPG	no	no	yes	B	no	yes
MPHOSPH10	no	no	yes	B	no	yes
MPHOSPH6	no	no	yes	B	no	yes
MPHOSPH8	no	no	yes	B	no	yes
MPHOSPH9	no	no	yes	B	no	yes
MPI	no	yes	yes	B	yes	yes
MPIG6B	no	no	no	B	no	no
MPLKIP	no	no	yes	B	no	yes
MPND	no	no	yes	B	no	yes
MPP1	yes	yes	yes	A	yes	yes
MPP2	yes	yes	yes	A	yes	no
MPP3	no	no	yes	B	no	no
MPP4	no	no	yes	B	no	no
MPP5	no	no	no	B	no	no
MPP6	no	no	no	B	no	no
MPP7	no	no	yes	B	no	yes
MPPE1	no	no	yes	B	no	yes
MPPED1	no	no	no	B	no	no
MPPED2	no	no	yes	B	no	yes
MPRIP	yes	yes	yes	A	yes	yes
MPST	yes	yes	yes	A	yes	yes
MPV17	no	no	yes	B	no	yes
MPV17L	no	no	yes	B	no	yes
MPV17L2	no	no	yes	B	no	yes
MPZL1	no	no	yes	B	no	yes
MPZL2	no	no	yes	B	no	yes
MPZL3	no	no	yes	B	no	yes
MR1	no	no	yes	B	no	no
MRAP	no	no	no	B	no	no
MRAS	no	no	yes	B	no	yes
MRC1	yes	yes	yes	A	yes	yes
MRC2	yes	yes	yes	A	yes	yes
MRE11	no	no	yes	B	no	yes
MREG	no	no	yes	B	no	yes
MRFAP1	no	no	yes	B	no	yes
MRGBP	no	no	yes	B	no	yes
MRGPRE	no	no	no	B	no	no
MRGPRF	no	no	yes	B	no	no
MRI1	yes	no	yes	B	yes	yes
MRIP-PS	no	no	no	B	no	no
MRLN	no	no	no	B	no	no
MRM1	no	no	yes	B	no	yes
MRM2	no	no	yes	B	no	no
MRM3	no	no	yes	B	no	no
MRNIP	no	no	yes	B	no	no
MRO	no	no	no	B	no	no
MROH1	no	yes	yes	B	yes	yes
MROH6	no	no	no	B	no	no
MROH7	no	no	no	B	no	no
MRPL1	yes	yes	yes	A	yes	yes
MRPL10	no	no	yes	B	no	yes
MRPL11	yes	no	yes	B	yes	yes
MRPL12	no	no	yes	B	no	no
MRPL13	no	no	yes	B	no	yes
MRPL14	no	no	yes	B	no	yes
MRPL15	no	yes	yes	B	yes	yes
MRPL16	yes	no	yes	B	yes	yes
MRPL17	no	no	yes	B	no	yes
MRPL18	no	no	yes	B	no	yes
MRPL19	yes	no	yes	B	yes	yes
MRPL2	no	no	yes	B	no	yes
MRPL20	yes	yes	yes	A	yes	yes
MRPL21	no	no	yes	B	no	yes
MRPL22	no	no	yes	B	no	yes
MRPL23	no	yes	yes	B	yes	yes
MRPL23-PS1	no	no	no	B	no	no
MRPL24	no	no	yes	B	no	yes
MRPL27	no	no	yes	B	no	yes
MRPL27-PS	no	no	no	B	no	no
MRPL28	yes	yes	yes	A	yes	yes
MRPL3	yes	no	yes	B	yes	yes
MRPL30	yes	no	yes	B	yes	yes
MRPL32	no	no	yes	B	no	yes
MRPL33	no	no	yes	B	no	yes
MRPL34	no	no	yes	B	no	yes
MRPL35	no	no	yes	B	no	yes
MRPL36	no	no	no	B	no	yes
MRPL37	yes	no	yes	B	yes	yes
MRPL38	yes	yes	yes	A	yes	yes
MRPL39	yes	no	yes	B	yes	yes
MRPL4	no	no	yes	B	no	yes
MRPL40	no	no	yes	B	no	yes
MRPL41	no	no	yes	B	no	yes
MRPL42	no	no	yes	B	no	yes
MRPL43	no	no	yes	B	no	yes
MRPL44	yes	yes	yes	A	yes	yes
MRPL45	yes	yes	yes	A	yes	yes
MRPL46	no	no	yes	B	no	yes
MRPL47	no	yes	yes	B	yes	yes
MRPL48	yes	yes	yes	A	yes	yes
MRPL48-PS	no	no	no	B	no	no
MRPL49	yes	no	yes	B	yes	yes
MRPL50	no	no	yes	B	no	no
MRPL51	no	no	yes	B	no	yes
MRPL52	no	no	yes	B	no	yes
MRPL53	no	no	yes	B	no	no
MRPL54	no	no	yes	B	no	yes
MRPL55	no	no	yes	B	no	yes
MRPL57	no	no	yes	B	no	no
MRPL58	yes	no	yes	B	yes	no
MRPL9	no	yes	yes	B	yes	yes
MRPS10	no	no	yes	B	no	yes
MRPS11	no	no	yes	B	no	yes
MRPS12	no	no	yes	B	no	yes
MRPS14	no	no	yes	B	no	yes
MRPS15	no	no	yes	B	no	yes
MRPS16	no	no	yes	B	no	yes
MRPS17	yes	yes	yes	A	yes	yes
MRPS18A	no	no	yes	B	no	yes
MRPS18B	no	no	yes	B	no	yes
MRPS18C	no	no	yes	B	no	yes
MRPS2	no	no	yes	B	no	yes
MRPS21	no	no	yes	B	no	yes
MRPS22	yes	no	yes	B	yes	yes
MRPS23	yes	no	yes	B	yes	yes
MRPS24	no	no	yes	B	no	yes
MRPS25	no	no	yes	B	no	yes
MRPS26	no	no	yes	B	no	yes
MRPS27	yes	no	yes	B	yes	yes
MRPS28	no	no	yes	B	no	yes
MRPS30	no	no	yes	B	no	yes
MRPS31	no	yes	yes	B	yes	yes
MRPS33	no	no	yes	B	no	yes
MRPS34	yes	yes	yes	A	yes	yes
MRPS35	no	no	yes	B	no	yes
MRPS36	no	no	no	B	no	no
MRPS36-PS1	no	no	no	B	no	no
MRPS36-PS2	no	no	no	B	no	no
MRPS5	no	no	yes	B	no	yes
MRPS6	no	no	yes	B	no	yes
MRPS7	no	no	yes	B	no	yes
MRPS9	no	no	yes	B	no	yes
MRRF	no	no	yes	B	no	yes
MRS2	no	no	yes	B	no	yes
MRTFA	no	no	yes	B	no	no
MRTFB	no	no	yes	B	no	no
MRTO4	no	no	yes	B	no	yes
MRTO4-PS1	no	no	no	B	no	no
MRTO4-PS2	no	no	no	B	no	no
MRVI1	no	no	no	B	no	no
MS4A1	no	no	no	B	no	no
MS4A10	no	no	no	B	no	no
MS4A2	no	no	no	B	no	no
MS4A4A	no	no	yes	B	no	no
MS4A4B	no	no	no	B	no	no
MS4A4C	no	no	no	B	no	no
MS4A4D	no	no	no	B	no	no
MS4A6B	no	no	no	B	no	no
MS4A6C	no	no	no	B	no	no
MS4A6D	no	no	no	B	no	no
MS4A7	no	no	no	B	no	no
MS4A8	no	no	no	B	no	no
MSANTD2	no	no	yes	B	no	yes
MSANTD3	no	no	yes	B	no	yes
MSANTD4	no	no	yes	B	no	yes
MSC	no	no	no	B	no	no
MSH2	no	no	yes	B	no	yes
MSH3	no	no	yes	B	no	yes
MSH5	no	no	no	B	no	no
MSH6	no	no	yes	B	no	yes
MSI1	no	no	yes	B	no	no
MSI2	yes	yes	yes	A	yes	yes
MSL1	no	no	yes	B	no	yes
MSL2	no	no	yes	B	no	yes
MSL3	no	no	yes	B	no	yes
MSL3L2	no	no	no	B	no	no
MSLN	no	no	yes	B	no	no
MSMO1	no	no	yes	B	no	yes
MSMP	no	no	no	B	no	no
MSN	yes	yes	yes	A	yes	yes
MSR1	no	no	yes	B	no	no
MSRA	yes	yes	yes	A	yes	yes
MSRB1	no	no	yes	B	no	yes
MSRB2	no	no	yes	B	no	no
MSRB3	no	no	yes	B	no	yes
MST1	no	no	yes	B	no	no
MST1R	no	no	yes	B	no	no
MSTO1	no	no	yes	B	no	yes
MSX1	no	no	no	B	no	no
MT-ATP6	no	no	no	B	no	no
MT-ATP8	yes	yes	no	B	no	no
MT-CO1	yes	no	no	B	no	no
MT-CO2	yes	yes	no	B	no	no
MT-CO3	no	no	yes	B	no	no
MT-CYB	no	no	yes	B	no	no
MT-ND1	no	no	no	B	no	no
MT-ND2	no	no	yes	B	no	no
MT-ND3	no	no	yes	B	no	no
MT-ND4	yes	yes	no	B	no	no
MT-ND4L	no	no	no	B	no	no
MT-ND5	no	no	no	B	no	no
MT-ND6	no	no	no	B	no	no
MT-RNR1	no	no	no	B	no	no
MT-RNR2	no	no	no	B	no	no
MT-TA	no	no	no	B	no	no
MT-TC	no	no	no	B	no	no
MT-TD	no	no	no	B	no	no
MT-TE	no	no	no	B	no	no
MT-TF	no	no	no	B	no	no
MT-TG	no	no	no	B	no	no
MT-TH	no	no	no	B	no	no
MT-TI	no	no	no	B	no	no
MT-TK	no	no	no	B	no	no
MT-TL1	no	no	no	B	no	no
MT-TL2	no	no	no	B	no	no
MT-TM	no	no	no	B	no	no
MT-TN	no	no	no	B	no	no
MT-TP	no	no	no	B	no	no
MT-TQ	no	no	no	B	no	no
MT-TR	no	no	no	B	no	no
MT-TS1	no	no	no	B	no	no
MT-TS2	no	no	no	B	no	no
MT-TT	no	no	no	B	no	no
MT-TV	no	no	no	B	no	no
MT-TW	no	no	no	B	no	no
MT-TY	no	no	no	B	no	no
MT1B	no	no	yes	B	no	no
MT2	no	no	yes	B	no	no
MT3	no	no	yes	B	no	no
MTA1	no	no	yes	B	no	yes
MTA2	yes	no	yes	B	yes	yes
MTA3	no	no	yes	B	no	yes
MTAP	yes	yes	yes	A	yes	yes
MTARC1	yes	yes	yes	A	yes	no
MTARC2	no	no	yes	B	no	no
MTBP	no	no	no	B	no	no
MTCH1	yes	no	yes	B	yes	yes
MTCH2	yes	yes	yes	A	yes	yes
MTCL1	no	no	yes	B	no	yes
MTCL2	no	no	yes	B	no	no
MTCP1	no	no	yes	B	no	no
MTDH	yes	yes	yes	A	yes	yes
MTERF1	no	no	no	B	no	no
MTERF1A	no	no	yes	B	no	no
MTERF1B	no	no	no	B	no	no
MTERF2	no	no	yes	B	no	yes
MTERF3	no	no	yes	B	no	yes
MTERF4	no	no	yes	B	no	yes
MTF1	no	no	yes	B	no	yes
MTF2	no	no	yes	B	no	yes
MTFMT	no	no	yes	B	no	yes
MTFP1	no	no	yes	B	no	yes
MTFR1	no	no	yes	B	no	yes
MTFR1L	no	yes	yes	B	yes	yes
MTFR2	no	no	no	B	no	no
MTG1	no	no	yes	B	no	yes
MTG2	no	no	yes	B	no	yes
MTHFD1	yes	yes	yes	A	yes	yes
MTHFD1L	no	no	yes	B	no	yes
MTHFD2	no	no	yes	B	no	yes
MTHFD2L	no	no	yes	B	no	yes
MTHFR	no	no	yes	B	no	yes
MTHFS	yes	no	yes	B	yes	no
MTHFSD	no	no	yes	B	no	yes
MTHFSL	no	no	yes	B	no	no
MTIF2	no	no	yes	B	no	yes
MTIF3	no	no	yes	B	no	yes
MTLN	no	no	no	B	no	no
MTM1	yes	no	yes	B	yes	no
MTMR1	no	no	yes	B	no	yes
MTMR10	no	no	yes	B	no	yes
MTMR11	no	no	yes	B	no	yes
MTMR12	yes	yes	yes	A	yes	yes
MTMR14	no	no	yes	B	no	yes
MTMR2	no	no	yes	B	no	yes
MTMR3	no	no	yes	B	no	yes
MTMR4	no	no	yes	B	no	yes
MTMR6	no	no	yes	B	no	yes
MTMR7	no	no	yes	B	no	no
MTMR9	yes	no	yes	B	yes	yes
MTNR1B	no	no	no	B	no	no
MTO1	no	no	yes	B	no	yes
MTOR	yes	yes	yes	A	yes	yes
MTPAP	yes	no	yes	B	yes	no
MTPN	yes	yes	yes	A	yes	yes
MTR	no	no	yes	B	no	yes
MTRES1	yes	no	yes	B	yes	no
MTREX	no	yes	yes	B	yes	no
MTRF1	no	no	yes	B	no	yes
MTRF1L	no	no	yes	B	no	yes
MTRFR	no	no	yes	B	no	no
MTRR	no	no	yes	B	no	yes
MTSS1	no	no	yes	B	no	yes
MTSS1L	no	no	no	B	no	no
MTSS2	no	no	yes	B	no	no
MTTP	no	no	yes	B	no	no
MTURN	no	no	yes	B	no	yes
MTUS1	no	no	yes	B	no	yes
MTUS2	no	no	no	B	no	no
MTX1	yes	yes	yes	A	yes	yes
MTX2	yes	yes	yes	A	yes	yes
MTX3	yes	no	yes	B	yes	yes
MUC1	no	no	yes	B	no	yes
MUC13	no	no	no	B	no	no
MUC2	no	no	no	B	no	no
MUC20	no	no	yes	B	no	yes
MUC4	no	no	yes	B	no	no
MUC5AC	yes	no	no	B	no	no
MUC5B	no	no	no	B	no	no
MUCL1	no	no	no	B	no	no
MUL1	no	no	yes	B	no	yes
MUM1	no	no	no	B	no	no
MUM1L1	no	no	no	B	no	no
MUS81	no	no	yes	B	no	yes
MUSTN1	no	no	yes	B	no	yes
MUT	no	no	no	B	no	no
MUTYH	no	no	no	B	no	no
MVB12A	no	no	yes	B	no	yes
MVB12B	no	no	yes	B	no	yes
MVD	yes	no	yes	B	yes	yes
MVK	no	no	yes	B	no	yes
MVP	yes	yes	yes	A	yes	yes
MX1	yes	yes	no	B	no	no
MX2	no	no	no	B	no	no
MXD1	no	no	no	B	no	yes
MXD3	no	no	no	B	no	no
MXD4	no	no	yes	B	no	yes
MXI1	no	no	yes	B	no	yes
MXRA5	no	no	no	B	no	no
MXRA7	no	no	yes	B	no	yes
MXRA8	no	no	yes	B	no	yes
MYADM	no	yes	yes	B	yes	no
MYBBP1A	yes	yes	yes	A	yes	yes
MYBL1	no	no	no	B	no	no
MYBL2	no	no	no	B	no	no
MYBPC2	no	no	yes	B	no	no
MYBPC3	no	no	no	B	no	no
MYC	no	no	no	B	no	yes
MYCBP	no	no	yes	B	no	no
MYCBP2	no	no	yes	B	no	yes
MYCBPAP	no	no	no	B	no	no
MYCL	no	no	no	B	no	yes
MYCN	no	no	no	B	no	yes
MYCT1	no	no	yes	B	no	yes
MYD88	no	no	yes	B	no	yes
MYDGF	yes	no	yes	B	yes	no
MYEF2	no	yes	yes	B	yes	yes
MYEOV2	no	no	no	B	no	no
MYG1	yes	no	yes	B	yes	yes
MYH10	yes	yes	yes	A	yes	yes
MYH11	yes	yes	yes	A	yes	yes
MYH14	yes	yes	yes	A	yes	yes
MYH3	no	no	no	B	no	no
MYH4	no	no	yes	B	no	no
MYH7B	no	no	no	B	no	no
MYH9	yes	yes	yes	A	yes	yes
MYL10	no	no	no	B	no	no
MYL11	no	no	yes	B	no	no
MYL12A	yes	yes	no	B	no	no
MYL12B	no	no	yes	B	no	no
MYL3	no	no	yes	B	no	no
MYL4	no	no	yes	B	no	no
MYL6	yes	yes	yes	A	yes	yes
MYL6B	no	no	yes	B	no	no
MYL7	no	no	no	B	no	no
MYL9	yes	yes	yes	A	yes	yes
MYLIP	no	no	yes	B	no	yes
MYLK	yes	yes	yes	A	yes	yes
MYLK3	no	no	yes	B	no	no
MYMX	no	no	yes	B	no	no
MYNN	no	no	yes	B	no	yes
MYO10	no	no	yes	B	no	yes
MYO15A	no	no	no	B	no	no
MYO15B	no	no	yes	B	no	yes
MYO16	no	no	no	B	no	no
MYO18A	yes	yes	yes	A	yes	yes
MYO19	no	no	yes	B	no	yes
MYO1A	no	no	no	B	no	no
MYO1B	yes	yes	yes	A	yes	yes
MYO1C	yes	yes	yes	A	yes	yes
MYO1D	yes	yes	yes	A	yes	yes
MYO1E	yes	no	yes	B	yes	yes
MYO1F	no	no	yes	B	no	yes
MYO1G	no	no	yes	B	no	yes
MYO1H	no	no	no	B	no	no
MYO3B	no	no	yes	B	no	no
MYO5A	no	no	yes	B	no	yes
MYO5B	yes	no	yes	B	yes	yes
MYO5C	no	no	yes	B	no	yes
MYO6	yes	yes	yes	A	yes	yes
MYO7A	no	no	yes	B	no	yes
MYO7B	yes	no	yes	B	yes	yes
MYO9A	no	no	yes	B	no	yes
MYO9B	no	no	yes	B	no	yes
MYOC	no	no	yes	B	no	no
MYOCD	no	no	no	B	no	no
MYOF	yes	yes	yes	A	yes	yes
MYOM1	no	no	yes	B	no	no
MYOM2	no	no	yes	B	no	no
MYOM3	no	no	no	B	no	no
MYORG	no	no	yes	B	no	no
MYPOP	no	no	no	B	no	no
MYPOPOS	no	no	no	B	no	no
MYRF	no	no	no	B	no	yes
MYRFL	no	no	no	B	no	no
MYRIP	no	no	yes	B	no	no
MYSM1	no	no	yes	B	no	yes
MYT1L	no	no	no	B	no	no
MZB1	yes	yes	yes	A	yes	no
MZF1	no	no	no	B	no	no
MZT1	no	no	yes	B	no	yes
MZT2	no	no	yes	B	no	no
N-R5S15	no	no	no	B	no	no
N-R5S183	no	no	no	B	no	no
N-R5S185	no	no	no	B	no	no
N-R5S191	no	no	no	B	no	no
N-R5S197	no	no	no	B	no	no
N-R5S67	no	no	no	B	no	no
N4BP1	no	no	yes	B	no	yes
N4BP2	no	no	yes	B	no	yes
N4BP2L1	no	no	yes	B	no	yes
N4BP2L2	no	no	yes	B	no	no
N4BP2OS	no	no	no	B	no	no
N4BP3	no	no	yes	B	no	yes
N6AMT2	no	no	no	B	no	no
NAA10	yes	no	yes	B	yes	yes
NAA15	yes	yes	yes	A	yes	yes
NAA16	no	no	yes	B	no	no
NAA20	no	no	yes	B	no	yes
NAA25	no	no	yes	B	no	yes
NAA30	no	no	yes	B	no	yes
NAA35	no	no	yes	B	no	yes
NAA38	no	no	yes	B	no	yes
NAA40	no	no	yes	B	no	yes
NAA50	no	no	yes	B	no	yes
NAA60	no	no	yes	B	no	yes
NAA80	no	no	yes	B	no	no
NAAA	yes	yes	yes	A	yes	yes
NAALAD2	no	no	yes	B	no	yes
NAALADL1	no	no	no	B	no	no
NAALADL2	no	no	yes	B	no	no
NAB1	no	no	yes	B	no	yes
NAB2	no	no	yes	B	no	yes
NABP1	no	no	yes	B	no	yes
NABP2	no	no	yes	B	no	yes
NACA	yes	no	yes	B	yes	yes
NACAD	no	no	yes	B	no	no
NACC1	no	no	yes	B	no	yes
NACC2	no	no	yes	B	no	yes
NADK	no	no	yes	B	no	yes
NADK2	yes	yes	yes	A	yes	yes
NADSYN1	yes	no	yes	B	yes	yes
NAE1	yes	yes	yes	A	yes	yes
NAF1	no	no	yes	B	no	yes
NAGA	yes	yes	yes	A	yes	yes
NAGK	yes	yes	yes	A	yes	yes
NAGLU	yes	yes	yes	A	yes	yes
NAGPA	no	no	yes	B	no	yes
NAGS	no	no	no	B	no	no
NAIF1	no	no	yes	B	no	yes
NAIP1	no	no	no	B	no	no
NAIP2	no	no	yes	B	no	no
NAIP5	no	no	no	B	no	no
NALCN	no	no	no	B	no	no
NALF2	no	no	no	B	no	no
NAMPT	yes	yes	yes	A	yes	yes
NANP	no	no	yes	B	no	no
NANS	yes	yes	yes	A	yes	yes
NAP1L1	yes	yes	yes	A	yes	yes
NAP1L2	no	no	no	B	no	no
NAP1L3	no	no	no	B	no	no
NAP1L4	yes	yes	yes	A	yes	yes
NAP1L5	no	no	yes	B	no	yes
NAPA	yes	yes	yes	A	yes	yes
NAPB	no	no	yes	B	no	no
NAPEPLD	no	no	yes	B	no	yes
NAPG	yes	yes	yes	A	yes	yes
NAPRT	yes	yes	yes	A	yes	yes
NAPSA	yes	yes	yes	A	yes	yes
NARF	no	no	yes	B	no	yes
NARFL	no	no	no	B	no	no
NARS	no	no	no	B	no	no
NARS1	yes	yes	yes	A	yes	no
NARS2	no	no	yes	B	no	yes
NASP	yes	yes	yes	A	yes	yes
NAT1	no	no	yes	B	no	no
NAT10	no	no	yes	B	no	yes
NAT14	no	no	yes	B	no	yes
NAT16	no	no	no	B	no	no
NAT2	no	no	yes	B	no	no
NAT6	no	no	no	B	no	no
NAT8	no	no	yes	B	no	no
NAT8B-PS	no	no	no	B	no	no
NAT8F1	no	no	no	B	no	no
NAT8F2	no	no	yes	B	no	no
NAT8F3	no	no	yes	B	no	no
NAT8F4	no	no	yes	B	no	no
NAT8F5	no	no	yes	B	no	no
NAT8F6	no	no	no	B	no	no
NAT8F7	no	no	no	B	no	no
NAT8L	no	no	no	B	no	no
NAT9	no	no	yes	B	no	yes
NATD1	no	no	yes	B	no	yes
NAV1	no	no	yes	B	no	yes
NAV2	no	no	yes	B	no	yes
NAV3	no	no	yes	B	no	no
NAXD	yes	yes	yes	A	yes	no
NAXE	no	no	yes	B	no	no
NBAS	no	no	yes	B	no	yes
NBDY	no	no	yes	B	no	no
NBEA	no	no	yes	B	no	no
NBEAL1	no	no	yes	B	no	yes
NBEAL2	no	no	yes	B	no	yes
NBL1	no	no	yes	B	no	yes
NBN	no	no	yes	B	no	yes
NBR1	no	no	yes	B	no	yes
NCALD	yes	yes	yes	A	yes	yes
NCAM1	no	yes	yes	B	yes	no
NCAM2	no	no	yes	B	no	no
NCAPD2	no	no	yes	B	no	yes
NCAPD3	no	no	yes	B	no	yes
NCAPG	no	no	yes	B	no	no
NCAPG2	no	no	yes	B	no	no
NCAPH	no	no	yes	B	no	no
NCAPH2	no	no	yes	B	no	yes
NCBP1	yes	no	yes	B	yes	yes
NCBP2	no	no	yes	B	no	yes
NCBP2AS2	no	no	yes	B	no	no
NCBP3	no	no	yes	B	no	no
NCCRP1	no	no	yes	B	no	yes
NCDN	no	no	yes	B	no	yes
NCEH1	yes	yes	yes	A	yes	yes
NCF1	no	no	yes	B	no	yes
NCF2	no	no	yes	B	no	yes
NCF4	no	no	yes	B	no	no
NCK1	no	no	yes	B	no	yes
NCK2	no	no	yes	B	no	yes
NCKAP1	yes	yes	yes	A	yes	yes
NCKAP1L	no	no	yes	B	no	yes
NCKAP5	no	no	yes	B	no	no
NCKAP5L	no	no	yes	B	no	no
NCKIPSD	no	no	yes	B	no	yes
NCL	yes	yes	yes	A	yes	yes
NCLN	yes	yes	yes	A	yes	yes
NCMAP	no	no	no	B	no	no
NCOA1	no	no	yes	B	no	yes
NCOA2	no	no	yes	B	no	yes
NCOA3	no	no	yes	B	no	no
NCOA4	no	no	yes	B	no	yes
NCOA4-PS	no	no	no	B	no	no
NCOA5	no	no	yes	B	no	yes
NCOA6	no	no	yes	B	no	yes
NCOA7	no	no	yes	B	no	yes
NCOR1	no	no	yes	B	no	yes
NCOR2	no	no	yes	B	no	yes
NCS1	no	no	yes	B	no	yes
NCSTN	no	no	yes	B	no	yes
NDC1	no	no	yes	B	no	yes
NDC80	no	no	yes	B	no	no
NDE1	no	no	yes	B	no	yes
NDEL1	no	no	yes	B	no	yes
NDFIP1	no	no	yes	B	no	yes
NDFIP2	no	no	yes	B	no	yes
NDN	no	no	no	B	no	yes
NDNF	no	no	no	B	no	no
NDNL2	no	no	no	B	no	no
NDOR1	no	no	yes	B	no	yes
NDP	no	no	no	B	no	no
NDRG1	yes	yes	yes	A	yes	yes
NDRG2	yes	yes	yes	A	yes	yes
NDRG3	yes	yes	yes	A	yes	yes
NDRG4	no	no	yes	B	no	no
NDST1	no	no	yes	B	no	yes
NDST2	no	no	yes	B	no	yes
NDUFA1	no	no	yes	B	no	yes
NDUFA10	yes	yes	yes	A	yes	yes
NDUFA11	yes	yes	yes	A	yes	yes
NDUFA12	yes	yes	yes	A	yes	yes
NDUFA12-PS	no	no	no	B	no	no
NDUFA13	yes	yes	yes	A	yes	yes
NDUFA2	yes	yes	yes	A	yes	yes
NDUFA3	no	no	yes	B	no	yes
NDUFA4	yes	yes	no	B	no	no
NDUFA5	yes	yes	yes	A	yes	yes
NDUFA6	yes	yes	yes	A	yes	yes
NDUFA7	yes	yes	yes	A	yes	yes
NDUFA8	yes	yes	yes	A	yes	yes
NDUFA9	yes	yes	yes	A	yes	yes
NDUFAB1	yes	yes	yes	A	yes	yes
NDUFAB1-PS	no	no	no	B	no	no
NDUFAF1	no	no	yes	B	no	yes
NDUFAF2	no	no	yes	B	no	yes
NDUFAF3	no	no	yes	B	no	yes
NDUFAF4	no	no	yes	B	no	yes
NDUFAF5	no	no	yes	B	no	yes
NDUFAF6	no	yes	yes	B	yes	yes
NDUFAF7	yes	no	yes	B	yes	yes
NDUFAF8	no	no	yes	B	no	no
NDUFB1	yes	no	yes	B	yes	no
NDUFB10	yes	yes	yes	A	yes	yes
NDUFB11	yes	no	yes	B	yes	yes
NDUFB2	no	no	yes	B	no	yes
NDUFB3	yes	no	yes	B	yes	yes
NDUFB4	yes	yes	yes	A	yes	yes
NDUFB4C	no	no	no	B	no	no
NDUFB5	yes	yes	yes	A	yes	yes
NDUFB6	yes	yes	yes	A	yes	yes
NDUFB7	yes	yes	yes	A	yes	yes
NDUFB8	yes	yes	yes	A	yes	yes
NDUFB9	yes	yes	yes	A	yes	yes
NDUFC1	no	no	no	B	no	yes
NDUFC2	no	no	yes	B	no	yes
NDUFS1	yes	yes	yes	A	yes	yes
NDUFS2	yes	yes	yes	A	yes	yes
NDUFS3	yes	yes	yes	A	yes	yes
NDUFS4	yes	yes	yes	A	yes	yes
NDUFS5	yes	yes	yes	A	yes	yes
NDUFS5-PS	no	no	no	B	no	no
NDUFS6	yes	yes	yes	A	yes	yes
NDUFS6B	no	no	no	B	no	no
NDUFS7	yes	yes	yes	A	yes	yes
NDUFS8	yes	yes	yes	A	yes	yes
NDUFV1	yes	yes	yes	A	yes	yes
NDUFV2	yes	yes	yes	A	yes	yes
NDUFV3	yes	yes	yes	A	yes	yes
NEAT1	no	no	no	B	no	no
NEB	no	no	yes	B	no	no
NEBL	yes	yes	no	B	no	no
NECAB2	no	no	no	B	no	no
NECAB3	no	no	no	B	no	no
NECAP1	yes	yes	yes	A	yes	yes
NECAP2	no	no	yes	B	no	yes
NECTIN1	no	no	yes	B	no	no
NECTIN2	yes	no	yes	B	yes	no
NECTIN3	no	no	yes	B	no	no
NECTIN4	no	no	yes	B	no	no
NEDD1	no	no	yes	B	no	yes
NEDD4	no	no	yes	B	no	yes
NEDD4L	no	no	yes	B	no	yes
NEDD8	no	no	yes	B	no	yes
NEDD9	no	no	yes	B	no	yes
NEFM	no	no	yes	B	no	no
NEGR1	no	no	yes	B	no	no
NEIL1	no	no	yes	B	no	yes
NEIL2	no	no	yes	B	no	no
NEIL3	no	no	no	B	no	no
NEK1	no	no	yes	B	no	yes
NEK10	no	no	yes	B	no	no
NEK11	no	no	no	B	no	no
NEK2	no	no	no	B	no	yes
NEK3	no	no	yes	B	no	yes
NEK4	no	no	yes	B	no	yes
NEK5	no	no	no	B	no	no
NEK6	no	no	yes	B	no	yes
NEK7	no	no	yes	B	no	yes
NEK8	no	no	yes	B	no	yes
NEK9	no	yes	yes	B	yes	yes
NELFA	no	no	yes	B	no	yes
NELFB	no	no	yes	B	no	yes
NELFCD	no	yes	yes	B	yes	yes
NELFE	no	no	yes	B	no	yes
NELL1	no	no	no	B	no	no
NELL2	no	no	no	B	no	no
NEMF	no	no	yes	B	no	yes
NEMP1	no	no	yes	B	no	no
NEMP2	no	no	yes	B	no	no
NENF	yes	yes	yes	A	yes	yes
NEO1	no	no	yes	B	no	yes
NEPN	no	no	no	B	no	no
NES	yes	yes	yes	A	yes	yes
NET1	no	no	yes	B	no	yes
NETO2	no	no	no	B	no	no
NEU1	no	no	yes	B	no	yes
NEU2	no	no	yes	B	no	no
NEU3	no	no	yes	B	no	yes
NEURL1	no	no	no	B	no	no
NEURL1B	no	no	yes	B	no	yes
NEURL2	no	no	no	B	no	yes
NEURL3	no	no	yes	B	no	yes
NEURL4	no	no	yes	B	no	yes
NEUROG2	no	no	no	B	no	no
NEXN	yes	yes	yes	A	yes	yes
NF1	no	no	yes	B	no	yes
NF2	no	no	yes	B	no	yes
NFAM1	no	no	yes	B	no	no
NFASC	no	no	no	B	no	no
NFAT5	no	no	yes	B	no	yes
NFATC1	no	no	yes	B	no	yes
NFATC2	no	no	yes	B	no	no
NFATC2IP	no	no	yes	B	no	yes
NFATC3	no	no	yes	B	no	yes
NFATC4	no	no	yes	B	no	no
NFE2L1	no	no	yes	B	no	yes
NFE2L2	no	no	yes	B	no	yes
NFE2L3	no	no	no	B	no	no
NFIA	no	no	yes	B	no	yes
NFIB	no	no	yes	B	no	yes
NFIC	no	no	yes	B	no	yes
NFIL3	no	no	yes	B	no	yes
NFIX	no	no	yes	B	no	yes
NFKB1	yes	yes	yes	A	yes	yes
NFKB2	no	no	yes	B	no	yes
NFKBIA	no	no	yes	B	no	yes
NFKBIB	no	no	yes	B	no	yes
NFKBID	no	no	yes	B	no	no
NFKBIE	no	no	yes	B	no	yes
NFKBIL1	no	no	yes	B	no	no
NFKBIZ	no	no	no	B	no	yes
NFRKB	no	no	yes	B	no	yes
NFS1	yes	yes	yes	A	yes	yes
NFU1	yes	yes	yes	A	yes	yes
NFX1	no	no	yes	B	no	yes
NFXL1	no	no	yes	B	no	yes
NFYA	no	no	yes	B	no	yes
NFYB	no	no	yes	B	no	yes
NFYC	no	no	yes	B	no	yes
NGB	no	no	no	B	no	no
NGDN	no	no	yes	B	no	yes
NGEF	no	no	yes	B	no	yes
NGF	no	no	yes	B	no	yes
NGFR	no	yes	yes	B	yes	no
NGFRAP1	no	no	no	B	no	no
NGLY1	no	no	yes	B	no	yes
NGP	no	no	yes	B	no	no
NGRN	no	no	yes	B	no	yes
NHEJ1	no	no	yes	B	no	yes
NHERF1	yes	yes	yes	A	yes	no
NHLRC1	no	no	yes	B	no	no
NHLRC2	yes	yes	yes	A	yes	yes
NHLRC3	no	no	yes	B	no	yes
NHLRC4	no	no	no	B	no	no
NHP2	no	no	yes	B	no	yes
NHP2L1	no	no	no	B	no	no
NHS	no	no	yes	B	no	yes
NHSL1	no	no	yes	B	no	yes
NHSL2	no	no	yes	B	no	no
NHSL3	no	no	yes	B	no	no
NIBAN1	yes	yes	yes	A	yes	no
NIBAN2	yes	yes	yes	A	yes	no
NIBAN3	no	no	no	B	no	no
NICN1	no	no	no	B	no	yes
NID1	yes	yes	yes	A	yes	yes
NID2	no	no	yes	B	no	yes
NIF3L1	yes	yes	yes	A	yes	yes
NIFK	no	no	yes	B	no	yes
NIM1K	no	no	no	B	no	no
NIN	no	no	yes	B	no	yes
NINJ1	no	no	yes	B	no	yes
NINL	no	no	yes	B	no	yes
NIP7	no	no	yes	B	no	yes
NIPA1	no	no	yes	B	no	yes
NIPA2	no	no	yes	B	no	yes
NIPAL1	no	no	no	B	no	no
NIPAL2	no	no	yes	B	no	yes
NIPAL3	no	no	yes	B	no	yes
NIPBL	no	no	yes	B	no	yes
NIPSNAP1	yes	yes	yes	A	yes	yes
NIPSNAP2	yes	yes	yes	A	yes	no
NIPSNAP3A	yes	yes	no	B	no	no
NIPSNAP3B	no	no	yes	B	no	no
NISCH	no	no	yes	B	no	yes
NIT1	yes	yes	yes	A	yes	yes
NIT2	yes	yes	yes	A	yes	yes
NKAIN1	no	no	no	B	no	yes
NKAIN2	no	no	no	B	no	no
NKAP	no	no	yes	B	no	yes
NKAPD1	no	no	yes	B	no	no
NKD1	no	no	yes	B	no	yes
NKD2	no	no	no	B	no	no
NKG7	no	no	no	B	no	no
NKIRAS1	no	no	yes	B	no	yes
NKIRAS2	no	no	yes	B	no	yes
NKPD1	no	no	no	B	no	no
NKRF	no	no	yes	B	no	yes
NKTR	no	no	yes	B	no	yes
NKX3-1	no	no	no	B	no	no
NLE1	no	no	yes	B	no	yes
NLGN1	no	no	no	B	no	no
NLGN2	no	no	yes	B	no	yes
NLGN3	no	no	yes	B	no	no
NLGN4X	no	no	no	B	no	no
NLK	no	no	yes	B	no	yes
NLN	yes	no	yes	B	yes	yes
NLRC3	no	no	yes	B	no	no
NLRC4	no	no	yes	B	no	no
NLRC5	no	no	yes	B	no	yes
NLRP10	no	no	no	B	no	no
NLRP13	no	no	no	B	no	no
NLRP3	no	no	yes	B	no	no
NLRP5	no	no	no	B	no	no
NLRP6	no	no	no	B	no	no
NLRX1	yes	yes	yes	A	yes	yes
NMB	no	no	no	B	no	yes
NMD3	no	no	yes	B	no	yes
NME1	yes	yes	yes	A	yes	yes
NME2	yes	yes	yes	A	yes	no
NME3	yes	yes	yes	A	yes	no
NME4	no	no	yes	B	no	yes
NME5	no	no	no	B	no	no
NME6	no	no	yes	B	no	yes
NME7	no	no	yes	B	no	yes
NMI	no	no	yes	B	no	no
NMNAT1	no	no	yes	B	no	yes
NMNAT3	yes	yes	yes	A	yes	yes
NMRAL1	no	yes	yes	B	yes	yes
NMRK1	no	no	yes	B	no	yes
NMS	no	no	no	B	no	no
NMT1	yes	yes	yes	A	yes	yes
NMT2	no	no	yes	B	no	yes
NNAT	no	no	no	B	no	no
NNMT	no	no	yes	B	no	no
NNT	yes	yes	yes	A	yes	yes
NOA1	no	no	yes	B	no	yes
NOB1	no	no	yes	B	no	yes
NOC2L	no	no	yes	B	no	yes
NOC3L	no	no	yes	B	no	yes
NOC4L	no	no	yes	B	no	yes
NOCT	no	no	yes	B	no	no
NOD1	no	no	yes	B	no	yes
NOD2	no	no	no	B	no	no
NOG	no	no	no	B	no	no
NOL10	no	no	yes	B	no	yes
NOL11	no	no	yes	B	no	yes
NOL12	no	no	yes	B	no	yes
NOL3	no	yes	yes	B	yes	yes
NOL4L	no	no	yes	B	no	yes
NOL6	no	no	yes	B	no	yes
NOL7	no	no	yes	B	no	yes
NOL8	no	no	yes	B	no	yes
NOL9	no	no	yes	B	no	yes
NOLC1	no	no	yes	B	no	yes
NOM1	no	no	yes	B	no	yes
NOMO1	no	no	yes	B	no	no
NONO	yes	yes	yes	A	yes	yes
NOP10	no	no	yes	B	no	yes
NOP14	no	no	yes	B	no	yes
NOP16	no	no	yes	B	no	yes
NOP2	no	no	yes	B	no	yes
NOP53	no	no	yes	B	no	no
NOP56	yes	yes	yes	A	yes	yes
NOP58	no	no	yes	B	no	yes
NOP9	no	no	yes	B	no	yes
NORAD	no	no	no	B	no	no
NOS1AP	no	no	yes	B	no	no
NOS2	no	no	no	B	no	no
NOS3	no	no	yes	B	no	yes
NOSIP	no	no	yes	B	no	yes
NOSTRIN	no	no	yes	B	no	yes
NOTCH1	no	no	yes	B	no	yes
NOTCH2	no	no	yes	B	no	yes
NOTCH3	no	no	yes	B	no	yes
NOTCH4	no	no	yes	B	no	yes
NOTUM	no	no	yes	B	no	yes
NOTUMOS	no	no	no	B	no	no
NOVA1	no	no	yes	B	no	no
NOVA2	no	no	yes	B	no	no
NOX4	no	no	yes	B	no	yes
NOX5	no	no	no	B	no	no
NOXA1	no	no	no	B	no	no
NOXO1	no	no	yes	B	no	no
NOXRED1	no	no	no	B	no	no
NPAS1	no	no	no	B	no	no
NPAS2	no	no	yes	B	no	no
NPAS3	no	no	no	B	no	no
NPAS4	no	no	no	B	no	no
NPAT	no	no	yes	B	no	yes
NPB	no	no	no	B	no	no
NPC1	no	no	yes	B	no	yes
NPC1L1	no	no	yes	B	no	no
NPC2	yes	yes	yes	A	yes	yes
NPCD	no	no	no	B	no	no
NPDC1	no	no	yes	B	no	yes
NPEPL1	yes	yes	yes	A	yes	yes
NPEPPS	yes	yes	yes	A	yes	yes
NPFF	no	no	no	B	no	no
NPFFR1	no	no	no	B	no	no
NPHP1	no	no	yes	B	no	yes
NPHP3	yes	yes	yes	A	yes	yes
NPHP4	no	no	yes	B	no	no
NPHS1	no	no	yes	B	no	yes
NPHS2	no	no	yes	B	no	yes
NPL	yes	yes	yes	A	yes	yes
NPLOC4	yes	yes	yes	A	yes	yes
NPM1	yes	yes	yes	A	yes	yes
NPM2	no	no	no	B	no	no
NPM3	no	no	yes	B	no	yes
NPM3-PS1	no	no	no	B	no	no
NPNT	no	no	yes	B	no	yes
NPPC	no	no	no	B	no	no
NPR1	no	no	yes	B	no	yes
NPR2	no	no	yes	B	no	yes
NPR3	no	no	yes	B	no	yes
NPRL2	no	no	yes	B	no	yes
NPRL3	no	no	yes	B	no	yes
NPTN	yes	yes	yes	A	yes	yes
NPTX1	no	no	no	B	no	no
NPTX2	no	no	no	B	no	no
NPTXR	no	no	yes	B	no	no
NPW	no	no	no	B	no	no
NPY	no	no	no	B	no	no
NPY1R	no	no	yes	B	no	yes
NPY2R	no	no	no	B	no	no
NPY5R	no	no	no	B	no	no
NPY6R	no	no	no	B	no	no
NQO1	yes	yes	yes	A	yes	yes
NQO2	yes	yes	yes	A	yes	yes
NR0B2	no	no	no	B	no	no
NR1D1	no	no	yes	B	no	yes
NR1D2	no	no	yes	B	no	yes
NR1H2	no	no	yes	B	no	yes
NR1H3	no	no	yes	B	no	yes
NR1H4	no	no	yes	B	no	yes
NR1I2	no	no	no	B	no	no
NR1I3	yes	yes	no	B	no	no
NR2C1	no	no	yes	B	no	yes
NR2C2	no	no	yes	B	no	yes
NR2C2AP	no	no	yes	B	no	yes
NR2E1	no	no	no	B	no	no
NR2F1	no	no	yes	B	no	no
NR2F2	no	no	yes	B	no	yes
NR2F6	no	no	yes	B	no	yes
NR3C1	no	no	yes	B	no	yes
NR3C2	no	no	yes	B	no	yes
NR4A1	no	no	yes	B	no	yes
NR4A2	no	no	no	B	no	no
NR4A3	no	no	no	B	no	no
NR5A1	no	no	no	B	no	no
NR5A2	no	no	no	B	no	no
NR6A1	no	no	no	B	no	no
NRADD	no	no	yes	B	no	no
NRARP	no	no	no	B	no	no
NRAS	yes	no	yes	B	yes	yes
NRBF2	no	no	yes	B	no	yes
NRBP1	no	yes	yes	B	yes	yes
NRBP2	no	no	yes	B	no	yes
NRCAM	no	no	yes	B	no	no
NRD1	no	no	no	B	no	no
NRDC	yes	yes	yes	A	yes	no
NRDE2	no	no	yes	B	no	yes
NREP	no	no	no	B	no	no
NRF1	no	no	yes	B	no	yes
NRG1	no	no	yes	B	no	yes
NRG3	no	no	no	B	no	no
NRG4	no	no	no	B	no	no
NRGN	no	no	yes	B	no	no
NRIP1	no	no	yes	B	no	yes
NRIP2	no	no	yes	B	no	yes
NRIP3	no	no	no	B	no	no
NRK	no	no	no	B	no	no
NRL	no	no	no	B	no	no
NRM	no	no	yes	B	no	no
NRN1	no	no	yes	B	no	no
NRN1L	no	no	no	B	no	no
NRP1	no	yes	yes	B	yes	yes
NRP2	no	no	yes	B	no	yes
NRROS	no	no	yes	B	no	yes
NRSN1	no	no	no	B	no	no
NRTN	no	no	no	B	no	yes
NRXN1	no	no	no	B	no	no
NRXN2	no	no	yes	B	no	no
NRXN3	no	no	no	B	no	no
NSA2	no	no	yes	B	no	yes
NSA2-PS1	no	no	no	B	no	no
NSD1	no	no	yes	B	no	yes
NSD2	no	no	yes	B	no	no
NSD3	no	no	yes	B	no	no
NSDHL	no	no	yes	B	no	yes
NSF	yes	yes	yes	A	yes	yes
NSFL1C	yes	yes	yes	A	yes	yes
NSG1	no	no	no	B	no	no
NSG2	no	no	no	B	no	no
NSL1	yes	yes	yes	A	yes	no
NSMAF	no	no	yes	B	no	yes
NSMCE1	no	no	yes	B	no	yes
NSMCE2	no	no	yes	B	no	yes
NSMCE3	no	no	yes	B	no	no
NSMCE4A	no	no	yes	B	no	yes
NSMF	no	no	no	B	no	yes
NSRP1	no	no	yes	B	no	no
NSUN2	no	no	yes	B	no	yes
NSUN3	no	no	yes	B	no	yes
NSUN4	no	no	no	B	no	yes
NSUN5	no	no	yes	B	no	yes
NSUN6	no	no	yes	B	no	yes
NSUN7	no	no	no	B	no	no
NT5C	no	no	yes	B	no	yes
NT5C1A	no	no	yes	B	no	no
NT5C2	yes	yes	yes	A	yes	yes
NT5C3A	yes	yes	yes	A	yes	yes
NT5C3B	yes	yes	yes	A	yes	yes
NT5DC1	yes	no	yes	B	yes	yes
NT5DC2	no	no	yes	B	no	yes
NT5DC3	no	no	yes	B	no	yes
NT5E	no	no	yes	B	no	yes
NT5M	no	no	yes	B	no	no
NTAN1	no	no	yes	B	no	yes
NTAQ1	no	no	yes	B	no	no
NTF3	no	no	no	B	no	no
NTF4	no	no	no	B	no	no
NTHL1	no	no	yes	B	no	yes
NTM	no	no	yes	B	no	no
NTMT1	no	no	yes	B	no	yes
NTN1	no	no	yes	B	no	yes
NTN4	yes	no	yes	B	yes	yes
NTNG1	no	no	no	B	no	no
NTNG2	no	no	yes	B	no	yes
NTPCR	no	yes	yes	B	yes	yes
NTRK1	no	no	no	B	no	no
NTRK2	no	no	yes	B	no	no
NTRK3	no	no	no	B	no	no
NTS	no	no	no	B	no	no
NUAK1	no	no	no	B	no	yes
NUAK2	no	no	yes	B	no	yes
NUB1	no	no	yes	B	no	yes
NUBP1	no	yes	yes	B	yes	yes
NUBP2	no	no	yes	B	no	yes
NUBPL	no	no	yes	B	no	yes
NUCB1	yes	yes	yes	A	yes	yes
NUCB2	yes	yes	yes	A	yes	yes
NUCKS1	yes	yes	yes	A	yes	yes
NUDC	yes	yes	yes	A	yes	yes
NUDC-PS1	no	no	no	B	no	no
NUDCD1	no	no	yes	B	no	yes
NUDCD2	yes	no	yes	B	yes	yes
NUDCD3	no	no	yes	B	no	yes
NUDT1	no	no	yes	B	no	yes
NUDT10	no	no	yes	B	no	no
NUDT11	no	no	no	B	no	no
NUDT12	yes	no	yes	B	yes	yes
NUDT13	yes	yes	yes	A	yes	yes
NUDT14	no	no	yes	B	no	yes
NUDT15	no	no	yes	B	no	no
NUDT16	yes	yes	yes	A	yes	yes
NUDT16L1	no	no	yes	B	no	yes
NUDT17	no	no	yes	B	no	no
NUDT18	no	no	yes	B	no	yes
NUDT19	yes	yes	yes	A	yes	yes
NUDT2	no	yes	yes	B	yes	yes
NUDT21	yes	yes	yes	A	yes	yes
NUDT22	no	no	yes	B	no	yes
NUDT3	no	no	yes	B	no	no
NUDT4	no	no	yes	B	no	yes
NUDT5	yes	yes	yes	A	yes	yes
NUDT6	no	no	yes	B	no	yes
NUDT7	yes	yes	yes	A	yes	yes
NUDT8	no	no	yes	B	no	yes
NUDT9	yes	yes	yes	A	yes	yes
NUF2	no	no	yes	B	no	no
NUFIP1	no	no	yes	B	no	yes
NUFIP2	no	no	yes	B	no	yes
NUGGC	no	no	no	B	no	no
NUMA1	yes	yes	yes	A	yes	yes
NUMB	yes	yes	yes	A	yes	yes
NUMBL	no	no	yes	B	no	no
NUP107	no	no	yes	B	no	yes
NUP133	yes	no	yes	B	yes	yes
NUP153	no	no	yes	B	no	yes
NUP155	yes	yes	yes	A	yes	yes
NUP160	no	no	yes	B	no	yes
NUP188	no	no	yes	B	no	yes
NUP205	no	no	yes	B	no	yes
NUP210	yes	yes	yes	A	yes	yes
NUP214	no	no	yes	B	no	yes
NUP35	no	no	yes	B	no	yes
NUP37	no	no	yes	B	no	yes
NUP42	no	no	yes	B	no	no
NUP43	no	no	yes	B	no	yes
NUP50	no	no	yes	B	no	yes
NUP54	no	no	yes	B	no	yes
NUP58	no	no	yes	B	no	no
NUP62	no	no	yes	B	no	yes
NUP85	no	yes	yes	B	yes	yes
NUP88	no	no	yes	B	no	yes
NUP93	yes	no	yes	B	yes	yes
NUP98	yes	no	yes	B	yes	yes
NUPL1	no	no	no	B	no	no
NUPL2	no	no	no	B	no	no
NUPR1	no	no	yes	B	no	yes
NUPR1L	no	no	no	B	no	no
NUPR2	no	no	no	B	no	no
NUS1	no	no	yes	B	no	yes
NUSAP1	no	no	yes	B	no	yes
NUTF2	yes	yes	yes	A	yes	yes
NUTF2-PS1	no	no	no	B	no	no
NUTF2-PS2	no	no	no	B	no	no
NVL	no	no	yes	B	no	yes
NWD1	no	no	no	B	no	no
NXF1	no	no	yes	B	no	yes
NXN	yes	yes	yes	A	yes	yes
NXNL2	no	no	no	B	no	no
NXPE3	no	no	yes	B	no	yes
NXPE4	no	no	no	B	no	no
NXPE5	no	no	no	B	no	no
NXPH1	no	no	no	B	no	no
NXPH2	no	no	no	B	no	no
NXPH3	no	no	no	B	no	no
NXPH4	no	no	no	B	no	no
NXT1	no	no	yes	B	no	yes
NXT2	no	no	yes	B	no	yes
NYAP1	no	no	no	B	no	no
NYNRIN	no	no	yes	B	no	no
OAF	no	no	yes	B	no	yes
OARD1	no	no	yes	B	no	yes
OAS1	no	no	no	B	no	no
OAS1A	no	no	yes	B	no	no
OAS1B	no	no	no	B	no	no
OAS1C	no	no	no	B	no	no
OAS1G	no	no	no	B	no	no
OAS2	no	yes	yes	B	yes	no
OAS3	no	no	yes	B	no	no
OASL	no	no	yes	B	no	yes
OASL2	no	no	yes	B	no	no
OAT	yes	yes	yes	A	yes	yes
OAZ1	no	no	yes	B	no	yes
OAZ1-PS	no	no	no	B	no	no
OAZ2	no	no	yes	B	no	yes
OAZ2-PS	no	no	no	B	no	no
OAZ3	no	no	no	B	no	no
OBFC1	no	no	no	B	no	no
OBI1	no	no	yes	B	no	no
OBSCN	no	no	no	B	no	no
OBSL1	no	no	yes	B	no	no
OCA2	no	no	no	B	no	no
OCEL1	no	no	no	B	no	yes
OCIAD1	yes	yes	yes	A	yes	yes
OCIAD2	no	no	yes	B	no	yes
OCLN	no	no	yes	B	no	yes
OCRL	no	no	yes	B	no	yes
OCSTAMP	no	no	no	B	no	no
ODAD1	no	no	no	B	no	no
ODAD3	no	no	no	B	no	no
ODAD4	no	no	no	B	no	no
ODAPH	no	no	no	B	no	no
ODC1	no	no	yes	B	no	yes
ODF2	no	no	yes	B	no	yes
ODF2L	no	no	no	B	no	yes
ODF4	no	no	no	B	no	no
ODR4	yes	no	yes	B	yes	no
OFD1	no	no	yes	B	no	yes
OGA	yes	yes	yes	A	yes	no
OGDH	yes	yes	yes	A	yes	yes
OGDHL	yes	yes	yes	A	yes	yes
OGFOD1	no	no	yes	B	no	yes
OGFOD2	no	no	yes	B	no	yes
OGFOD3	no	no	yes	B	no	yes
OGFR	no	no	yes	B	no	yes
OGFRL1	no	no	yes	B	no	yes
OGG1	no	no	yes	B	no	yes
OGN	yes	yes	yes	A	yes	yes
OGT	no	no	yes	B	no	yes
OIP5	no	no	no	B	no	no
OIP5OS1	no	no	no	B	no	no
OIT1	no	no	no	B	no	no
OIT3	no	no	yes	B	no	no
OLA1	yes	yes	yes	A	yes	yes
OLFM1	no	no	yes	B	no	yes
OLFM2	no	no	no	B	no	no
OLFM3	no	no	no	B	no	no
OLFM4	no	no	yes	B	no	yes
OLFML1	yes	yes	yes	A	yes	yes
OLFML2A	no	no	no	B	no	no
OLFML2B	no	no	yes	B	no	yes
OLFML3	yes	yes	yes	A	yes	yes
OLFR1033	no	no	no	B	no	no
OLFR1372-PS1	no	no	no	B	no	no
OLFR1442	no	no	no	B	no	no
OLFR56	no	no	no	B	no	no
OLFR920	no	no	no	B	no	no
OLR1	no	no	no	B	no	no
OMA1	no	no	yes	B	no	yes
OMD	no	no	no	B	no	yes
ONECUT1	no	no	no	B	no	no
OOSP1	no	no	no	B	no	no
OPA1	yes	yes	yes	A	yes	yes
OPA3	yes	no	yes	B	yes	yes
OPCML	no	no	no	B	no	no
OPHN1	no	no	yes	B	no	no
OPLAH	yes	yes	yes	A	yes	yes
OPN3	no	no	no	B	no	yes
OPRL1	no	no	no	B	no	no
OPTN	yes	yes	yes	A	yes	yes
ORAI1	no	no	yes	B	no	yes
ORAI2	no	no	yes	B	no	yes
ORAI3	no	no	yes	B	no	yes
ORAOV1	no	no	no	B	no	no
ORC1	no	no	yes	B	no	no
ORC2	no	no	yes	B	no	yes
ORC3	no	no	yes	B	no	yes
ORC4	no	no	yes	B	no	yes
ORC5	no	no	yes	B	no	yes
ORC6	no	no	yes	B	no	no
ORM1	no	no	yes	B	no	no
ORM2	yes	yes	yes	A	yes	no
ORM3	no	no	yes	B	no	no
ORMDL1	no	no	yes	B	no	yes
ORMDL2	no	no	no	B	no	yes
ORMDL3	no	no	no	B	no	yes
OS9	no	no	yes	B	no	yes
OSBP	yes	yes	yes	A	yes	yes
OSBP2	no	no	yes	B	no	yes
OSBPL10	no	no	yes	B	no	yes
OSBPL11	no	no	yes	B	no	yes
OSBPL1A	yes	yes	yes	A	yes	yes
OSBPL2	yes	no	yes	B	yes	yes
OSBPL3	no	no	yes	B	no	yes
OSBPL5	no	no	yes	B	no	yes
OSBPL6	no	no	yes	B	no	yes
OSBPL7	no	no	yes	B	no	yes
OSBPL8	yes	yes	yes	A	yes	yes
OSBPL9	no	no	yes	B	no	yes
OSCAR	no	no	no	B	no	no
OSCP1	no	no	yes	B	no	yes
OSER1	no	no	yes	B	no	yes
OSGEP	yes	yes	yes	A	yes	yes
OSGEPL1	no	no	yes	B	no	yes
OSGIN1	no	no	yes	B	no	yes
OSGIN2	no	no	no	B	no	yes
OSM	no	no	no	B	no	no
OSMR	no	no	yes	B	no	yes
OSR1	no	no	no	B	no	no
OSR2	no	no	no	B	no	no
OST4	no	no	no	B	no	yes
OSTC	no	no	yes	B	no	yes
OSTF1	yes	yes	yes	A	yes	yes
OSTM1	no	no	yes	B	no	yes
OTOF	no	no	no	B	no	no
OTUB1	yes	yes	yes	A	yes	yes
OTUB2	no	no	yes	B	no	no
OTUD1	no	no	yes	B	no	yes
OTUD3	no	no	yes	B	no	yes
OTUD4	no	no	yes	B	no	yes
OTUD5	no	no	yes	B	no	yes
OTUD6B	no	no	yes	B	no	yes
OTUD7B	no	no	yes	B	no	yes
OTULIN	no	no	yes	B	no	yes
OTULINL	no	no	yes	B	no	no
OVCA2	no	no	yes	B	no	yes
OVCH2	no	no	no	B	no	no
OVOL1	no	no	no	B	no	yes
OVOL2	no	no	no	B	no	no
OXA1L	yes	no	yes	B	yes	yes
OXCT1	yes	yes	yes	A	yes	yes
OXER1	no	no	no	B	no	no
OXGR1	no	no	no	B	no	no
OXLD1	no	no	yes	B	no	yes
OXNAD1	yes	no	yes	B	yes	yes
OXR1	no	no	yes	B	no	yes
OXSM	yes	yes	yes	A	yes	yes
OXSR1	yes	yes	yes	A	yes	yes
OXT	no	no	no	B	no	no
OXTR	no	no	no	B	no	no
P2RX1	no	no	yes	B	no	no
P2RX2	no	no	no	B	no	no
P2RX4	no	no	yes	B	no	yes
P2RX5	no	no	yes	B	no	yes
P2RX7	no	no	yes	B	no	no
P2RY1	no	no	yes	B	no	yes
P2RY10	no	no	no	B	no	no
P2RY12	no	no	yes	B	no	no
P2RY13	no	no	no	B	no	no
P2RY14	no	no	yes	B	no	no
P2RY2	no	no	yes	B	no	yes
P2RY6	no	no	yes	B	no	yes
P2RY8	no	no	no	B	no	no
P3H1	no	no	yes	B	no	no
P3H2	no	no	yes	B	no	no
P3H3	no	no	yes	B	no	no
P3H4	no	no	yes	B	no	no
P4HA1	yes	yes	yes	A	yes	yes
P4HA2	no	no	yes	B	no	yes
P4HA3	no	no	no	B	no	no
P4HB	yes	yes	yes	A	yes	yes
P4HTM	no	no	yes	B	no	no
PA2G4	yes	yes	yes	A	yes	yes
PAAF1	no	no	no	B	no	no
PABIR1	no	no	yes	B	no	no
PABIR2	no	no	no	B	no	no
PABPC1	yes	yes	yes	A	yes	yes
PABPC1L	no	no	no	B	no	no
PABPC4	yes	yes	yes	A	yes	yes
PABPN1	yes	yes	yes	A	yes	yes
PACC1	no	no	yes	B	no	no
PACRG	no	no	no	B	no	no
PACRGL	no	no	yes	B	no	no
PACS1	no	no	yes	B	no	yes
PACS2	no	no	yes	B	no	yes
PACSIN1	no	no	yes	B	no	no
PACSIN2	yes	yes	yes	A	yes	yes
PACSIN3	yes	yes	yes	A	yes	yes
PADI1	no	no	no	B	no	no
PADI2	yes	no	yes	B	yes	no
PAF1	no	no	yes	B	no	yes
PAFAH1B1	yes	yes	yes	A	yes	yes
PAFAH1B2	yes	yes	yes	A	yes	yes
PAFAH1B3	no	yes	yes	B	yes	yes
PAFAH2	yes	no	yes	B	yes	yes
PAG1	no	no	yes	B	no	yes
PAGR1	no	no	no	B	no	no
PAGR1A	no	no	yes	B	no	no
PAGR1B	no	no	no	B	no	no
PAH	yes	yes	yes	A	yes	yes
PAICS	no	no	yes	B	no	yes
PAIP1	no	no	yes	B	no	yes
PAIP2	no	no	yes	B	no	yes
PAIP2B	no	no	yes	B	no	yes
PAK1	no	no	yes	B	no	yes
PAK1IP1	no	no	yes	B	no	yes
PAK2	yes	yes	yes	A	yes	yes
PAK3	no	no	no	B	no	no
PAK4	no	no	yes	B	no	yes
PAK6	no	no	yes	B	no	yes
PALB2	no	no	no	B	no	no
PALD1	no	no	yes	B	no	yes
PALLD	yes	yes	yes	A	yes	yes
PALM	yes	yes	yes	A	yes	yes
PALM2AKAP2	yes	yes	yes	A	yes	no
PALM3	yes	yes	yes	A	yes	yes
PALMD	no	no	yes	B	no	no
PALS1	yes	yes	yes	A	yes	no
PALS2	no	no	yes	B	no	no
PAM	no	no	yes	B	no	yes
PAM16	no	no	yes	B	no	yes
PAMR1	no	no	yes	B	no	yes
PAN2	no	no	yes	B	no	yes
PAN3	no	no	yes	B	no	yes
PANCT2	no	no	no	B	no	no
PANK1	no	no	yes	B	no	yes
PANK2	no	no	yes	B	no	no
PANK3	no	no	yes	B	no	yes
PANK4	no	no	yes	B	no	yes
PANTR1	no	no	no	B	no	no
PANTR2	no	no	no	B	no	no
PANX1	no	no	yes	B	no	no
PANX2	no	no	no	B	no	no
PAOX	yes	yes	yes	A	yes	yes
PAPD4	no	no	no	B	no	no
PAPD5	no	no	no	B	no	no
PAPD7	no	no	no	B	no	no
PAPLN	yes	no	yes	B	yes	no
PAPOLA	no	no	yes	B	no	yes
PAPOLG	no	no	yes	B	no	yes
PAPPA	no	no	yes	B	no	yes
PAPPA2	no	no	yes	B	no	no
PAPSS1	yes	yes	yes	A	yes	yes
PAPSS2	yes	yes	yes	A	yes	yes
PAQR3	no	no	yes	B	no	no
PAQR4	no	no	yes	B	no	yes
PAQR5	no	no	yes	B	no	yes
PAQR6	no	no	no	B	no	no
PAQR7	no	no	yes	B	no	no
PAQR8	no	no	no	B	no	no
PAQR9	no	no	yes	B	no	no
PARD3	no	no	yes	B	no	yes
PARD3B	no	no	yes	B	no	yes
PARD6A	no	no	no	B	no	no
PARD6B	no	no	yes	B	no	yes
PARD6G	no	no	yes	B	no	no
PARG	no	no	yes	B	no	yes
PARK2	no	no	no	B	no	no
PARK7	yes	yes	yes	A	yes	yes
PARL	yes	no	yes	B	yes	yes
PARM1	no	no	yes	B	no	yes
PARN	no	no	yes	B	no	yes
PARP1	yes	yes	yes	A	yes	yes
PARP10	no	no	yes	B	no	no
PARP11	no	no	no	B	no	yes
PARP12	no	no	yes	B	no	yes
PARP14	no	no	yes	B	no	yes
PARP15	no	no	no	B	no	no
PARP16	no	no	yes	B	no	yes
PARP2	no	no	yes	B	no	yes
PARP3	no	no	yes	B	no	yes
PARP4	no	no	yes	B	no	yes
PARP6	no	no	no	B	no	yes
PARP8	no	no	yes	B	no	yes
PARP9	no	no	yes	B	no	yes
PARPBP	no	no	no	B	no	no
PARS2	no	yes	yes	B	yes	yes
PARTICL	no	no	no	B	no	no
PARVA	yes	yes	yes	A	yes	yes
PARVB	no	no	yes	B	no	yes
PARVG	no	no	yes	B	no	yes
PASD1	no	no	no	B	no	no
PASK	no	no	yes	B	no	no
PATJ	yes	yes	yes	A	yes	no
PATL1	no	no	yes	B	no	yes
PATZ1	no	no	yes	B	no	yes
PAWR	yes	yes	yes	A	yes	yes
PAX2	no	no	yes	B	no	yes
PAX5	no	no	no	B	no	no
PAX8	no	no	yes	B	no	yes
PAXBP1	no	no	yes	B	no	yes
PAXIP1	no	no	yes	B	no	yes
PAXX	no	no	yes	B	no	no
PBDC1	yes	no	yes	B	yes	yes
PBK	no	no	yes	B	no	no
PBLD	yes	yes	no	B	no	no
PBLD1	no	no	yes	B	no	no
PBLD2	no	no	yes	B	no	no
PBRM1	no	no	yes	B	no	yes
PBX1	no	no	yes	B	no	yes
PBX2	no	no	yes	B	no	yes
PBX3	no	no	yes	B	no	yes
PBX4	no	no	no	B	no	no
PBXIP1	no	no	yes	B	no	yes
PC	yes	yes	yes	A	yes	yes
PCBD1	yes	yes	yes	A	yes	yes
PCBD2	no	no	yes	B	no	yes
PCBP1	yes	yes	yes	A	yes	yes
PCBP2	yes	yes	yes	A	yes	yes
PCBP3	no	no	yes	B	no	no
PCBP4	no	no	yes	B	no	yes
PCCA	yes	yes	yes	A	yes	yes
PCCB	yes	yes	yes	A	yes	yes
PCDH1	no	yes	yes	B	yes	yes
PCDH11X	no	no	no	B	no	no
PCDH12	no	no	yes	B	no	yes
PCDH15	no	no	no	B	no	no
PCDH17	no	no	yes	B	no	yes
PCDH18	no	no	yes	B	no	yes
PCDH19	no	no	no	B	no	no
PCDH7	no	no	yes	B	no	yes
PCDH8	no	no	yes	B	no	no
PCDH9	no	no	yes	B	no	no
PCDHB14	no	no	yes	B	no	no
PCDHB16	no	no	no	B	no	no
PCDHB2	no	no	no	B	no	no
PCDHB3	no	no	no	B	no	no
PCDHB4	no	no	no	B	no	no
PCDHB5	no	no	no	B	no	no
PCDHB8	no	no	no	B	no	no
PCDHB9	no	no	no	B	no	no
PCDHGA1	no	no	no	B	no	no
PCDHGA10	no	no	yes	B	no	no
PCDHGA11	no	no	no	B	no	no
PCDHGA12	no	no	no	B	no	no
PCDHGA2	no	no	yes	B	no	no
PCDHGA3	no	no	no	B	no	no
PCDHGA4	no	no	no	B	no	no
PCDHGA5	no	no	yes	B	no	no
PCDHGA6	no	no	yes	B	no	no
PCDHGA7	no	no	yes	B	no	no
PCDHGA8	no	no	no	B	no	no
PCDHGA9	no	no	no	B	no	no
PCDHGB1	no	no	no	B	no	no
PCDHGB2	no	no	yes	B	no	no
PCDHGB4	no	no	no	B	no	no
PCDHGB5	no	no	no	B	no	no
PCDHGB6	no	no	yes	B	no	no
PCDHGB7	no	no	yes	B	no	no
PCDHGB8	no	no	no	B	no	no
PCDHGC3	no	no	yes	B	no	no
PCDHGC4	no	no	no	B	no	no
PCDHGC5	no	no	no	B	no	no
PCED1A	no	no	no	B	no	yes
PCED1B	no	no	yes	B	no	yes
PCF11	no	no	yes	B	no	yes
PCGF1	no	no	yes	B	no	yes
PCGF2	no	no	yes	B	no	yes
PCGF3	no	no	yes	B	no	yes
PCGF5	no	no	yes	B	no	yes
PCGF6	no	no	yes	B	no	yes
PCID2	no	no	yes	B	no	yes
PCIF1	no	no	yes	B	no	yes
PCK1	yes	yes	yes	A	yes	yes
PCK2	yes	yes	yes	A	yes	yes
PCLAF	no	no	yes	B	no	no
PCLO	no	no	yes	B	no	no
PCM1	no	no	yes	B	no	yes
PCMT1	yes	yes	yes	A	yes	yes
PCMTD1	no	no	yes	B	no	yes
PCMTD2	no	no	yes	B	no	yes
PCNA	yes	yes	yes	A	yes	yes
PCNA-PS2	no	no	no	B	no	no
PCNP	yes	yes	yes	A	yes	yes
PCNT	no	no	yes	B	no	yes
PCNX	no	no	no	B	no	no
PCNX1	no	no	yes	B	no	no
PCNX2	no	no	no	B	no	no
PCNX3	no	no	yes	B	no	no
PCNX4	no	no	no	B	no	no
PCNXL3	no	no	no	B	no	no
PCNXL4	no	no	no	B	no	no
PCOLCE	yes	yes	yes	A	yes	yes
PCOLCE2	no	no	no	B	no	no
PCP4	no	no	yes	B	no	no
PCP4L1	no	no	yes	B	no	yes
PCSK1N	no	no	yes	B	no	no
PCSK4	no	no	no	B	no	no
PCSK5	no	no	yes	B	no	yes
PCSK6	no	no	yes	B	no	yes
PCSK7	no	no	yes	B	no	yes
PCSK9	no	no	yes	B	no	no
PCTP	no	no	yes	B	no	yes
PCYOX1	no	no	yes	B	no	no
PCYOX1L	no	no	yes	B	no	yes
PCYT1A	no	yes	yes	B	yes	yes
PCYT1B	no	no	no	B	no	no
PCYT2	yes	yes	yes	A	yes	yes
PDAP1	yes	yes	yes	A	yes	yes
PDC	no	no	no	B	no	no
PDCD1	no	no	yes	B	no	no
PDCD10	yes	yes	yes	A	yes	yes
PDCD11	no	no	yes	B	no	yes
PDCD1LG2	no	no	no	B	no	no
PDCD2	no	no	yes	B	no	no
PDCD2L	no	no	yes	B	no	yes
PDCD4	yes	yes	yes	A	yes	yes
PDCD5	yes	yes	yes	A	yes	yes
PDCD5-PS	no	no	no	B	no	no
PDCD6	yes	yes	yes	A	yes	yes
PDCD6IP	yes	yes	yes	A	yes	yes
PDCD7	no	no	yes	B	no	yes
PDCL	no	no	yes	B	no	yes
PDCL3	yes	yes	yes	A	yes	yes
PDDC1	no	no	no	B	no	no
PDE10A	no	no	yes	B	no	no
PDE11A	no	no	no	B	no	no
PDE12	yes	no	yes	B	yes	yes
PDE1A	no	no	yes	B	no	yes
PDE1B	no	no	yes	B	no	no
PDE1C	no	no	yes	B	no	no
PDE2A	no	no	yes	B	no	yes
PDE3A	no	no	yes	B	no	yes
PDE3B	no	no	yes	B	no	yes
PDE4A	no	no	yes	B	no	yes
PDE4B	no	no	yes	B	no	yes
PDE4C	no	no	yes	B	no	yes
PDE4D	no	no	yes	B	no	yes
PDE4DIP	no	no	yes	B	no	no
PDE5A	no	no	yes	B	no	yes
PDE6A	no	no	no	B	no	no
PDE6D	yes	no	yes	B	yes	yes
PDE7A	no	no	yes	B	no	yes
PDE7B	no	no	yes	B	no	no
PDE8A	no	no	yes	B	no	yes
PDE8B	no	no	yes	B	no	yes
PDE9A	no	no	yes	B	no	yes
PDF	no	no	yes	B	no	no
PDGFA	no	no	yes	B	no	yes
PDGFB	no	no	yes	B	no	yes
PDGFC	no	no	yes	B	no	yes
PDGFD	no	no	yes	B	no	yes
PDGFRA	no	no	yes	B	no	yes
PDGFRB	yes	yes	yes	A	yes	yes
PDGFRL	no	no	no	B	no	no
PDHA1	yes	yes	yes	A	yes	yes
PDHB	yes	yes	yes	A	yes	yes
PDHX	yes	yes	yes	A	yes	yes
PDIA3	yes	yes	yes	A	yes	yes
PDIA4	yes	yes	yes	A	yes	yes
PDIA5	yes	yes	yes	A	yes	yes
PDIA6	yes	yes	yes	A	yes	yes
PDIK1L	no	no	yes	B	no	yes
PDILT	no	no	no	B	no	yes
PDK1	yes	no	yes	B	yes	yes
PDK2	no	no	yes	B	no	yes
PDK3	yes	yes	yes	A	yes	yes
PDK4	no	no	yes	B	no	yes
PDLIM1	yes	yes	yes	A	yes	yes
PDLIM2	yes	yes	yes	A	yes	yes
PDLIM3	no	no	yes	B	no	yes
PDLIM4	no	yes	yes	B	yes	yes
PDLIM5	yes	yes	yes	A	yes	yes
PDLIM7	yes	yes	yes	A	yes	yes
PDP1	yes	no	yes	B	yes	yes
PDP2	no	no	yes	B	no	yes
PDPK1	no	no	yes	B	no	yes
PDPN	no	no	yes	B	no	yes
PDPR	yes	yes	yes	A	yes	yes
PDRG1	no	no	yes	B	no	yes
PDS5A	no	no	yes	B	no	yes
PDS5B	no	yes	yes	B	yes	yes
PDSS1	no	no	yes	B	no	yes
PDSS2	no	no	yes	B	no	yes
PDXDC1	yes	yes	yes	A	yes	yes
PDXK	yes	yes	yes	A	yes	yes
PDZD11	no	no	yes	B	no	yes
PDZD2	no	no	yes	B	no	yes
PDZD3	no	no	no	B	no	yes
PDZD4	no	no	no	B	no	no
PDZD7	no	no	no	B	no	no
PDZD8	yes	no	yes	B	yes	yes
PDZK1	yes	yes	yes	A	yes	yes
PDZK1IP1	yes	no	yes	B	yes	yes
PDZRN3	no	no	yes	B	no	yes
PDZRN4	no	no	no	B	no	no
PEA15	yes	yes	yes	A	yes	yes
PEAK1	no	no	yes	B	no	yes
PEAR1	no	no	yes	B	no	yes
PEBP1	yes	yes	yes	A	yes	yes
PEBP4	no	no	no	B	no	no
PECAM1	yes	yes	yes	A	yes	yes
PECR	yes	no	yes	B	yes	yes
PEDS1	no	no	yes	B	no	no
PEF1	no	no	yes	B	no	yes
PEG10	no	no	no	B	no	no
PEG13	no	no	no	B	no	no
PEG3	no	no	yes	B	no	yes
PELI1	no	no	yes	B	no	yes
PELI2	no	no	yes	B	no	yes
PELI3	no	no	no	B	no	no
PELO	no	yes	yes	B	yes	yes
PELP1	no	no	yes	B	no	yes
PEMT	no	no	no	B	no	yes
PENK	no	no	no	B	no	yes
PEO1	no	no	no	B	no	no
PEPD	yes	yes	yes	A	yes	yes
PER1	no	no	yes	B	no	yes
PER2	no	no	yes	B	no	yes
PER3	no	no	yes	B	no	yes
PERM1	no	no	no	B	no	no
PERP	no	no	no	B	no	yes
PES1	no	no	yes	B	no	yes
PET100	no	no	yes	B	no	yes
PET117	no	no	yes	B	no	no
PEX1	no	no	yes	B	no	yes
PEX10	no	no	yes	B	no	yes
PEX11A	no	no	yes	B	no	yes
PEX11B	yes	no	yes	B	yes	yes
PEX11G	yes	yes	yes	A	yes	yes
PEX12	no	no	yes	B	no	yes
PEX13	no	no	yes	B	no	yes
PEX14	yes	yes	yes	A	yes	yes
PEX16	no	no	yes	B	no	yes
PEX19	yes	yes	yes	A	yes	yes
PEX2	no	no	yes	B	no	yes
PEX26	no	no	yes	B	no	yes
PEX3	no	no	yes	B	no	yes
PEX5	yes	yes	yes	A	yes	yes
PEX6	no	no	yes	B	no	yes
PEX7	no	no	yes	B	no	yes
PF4	no	no	yes	B	no	no
PFAS	yes	yes	yes	A	yes	yes
PFDN1	yes	yes	yes	A	yes	yes
PFDN2	yes	yes	yes	A	yes	yes
PFDN4	no	no	yes	B	no	yes
PFDN5	yes	yes	yes	A	yes	yes
PFDN6	no	no	yes	B	no	yes
PFKFB1	no	no	yes	B	no	no
PFKFB2	no	no	yes	B	no	yes
PFKFB3	no	no	yes	B	no	yes
PFKFB4	no	no	yes	B	no	yes
PFKL	yes	yes	yes	A	yes	yes
PFKM	yes	yes	yes	A	yes	yes
PFKP	yes	yes	yes	A	yes	no
PFN1	yes	yes	yes	A	yes	yes
PFN2	yes	yes	yes	A	yes	yes
PFN3	no	no	yes	B	no	no
PGAM1	yes	yes	yes	A	yes	yes
PGAM1-PS2	no	no	no	B	no	no
PGAM2	no	yes	yes	B	yes	yes
PGAM5	yes	yes	yes	A	yes	yes
PGAP1	no	no	yes	B	no	yes
PGAP2	no	no	yes	B	no	yes
PGAP3	no	no	yes	B	no	yes
PGAP4	no	no	yes	B	no	no
PGAP6	no	no	yes	B	no	no
PGBD1	no	no	no	B	no	no
PGBD2	no	no	no	B	no	no
PGBD5	no	no	no	B	no	no
PGD	yes	yes	yes	A	yes	yes
PGF	no	no	no	B	no	no
PGGHG	no	no	yes	B	no	no
PGGT1B	no	no	yes	B	no	yes
PGK1	yes	yes	yes	A	yes	yes
PGK1-RS7	no	no	no	B	no	no
PGLS	yes	yes	yes	A	yes	yes
PGLYRP1	no	no	yes	B	no	no
PGLYRP2	no	yes	yes	B	yes	no
PGLYRP3	no	no	no	B	no	no
PGM1	no	no	yes	B	no	no
PGM2	yes	yes	yes	A	yes	yes
PGM2L1	no	no	yes	B	no	yes
PGM3	yes	yes	yes	A	yes	yes
PGM5	yes	yes	yes	A	yes	yes
PGP	yes	yes	yes	A	yes	yes
PGPEP1	no	yes	yes	B	yes	yes
PGPEP1L	no	no	no	B	no	no
PGR	no	no	yes	B	no	no
PGRMC1	yes	yes	yes	A	yes	yes
PGRMC2	yes	yes	yes	A	yes	yes
PGS1	no	no	yes	B	no	yes
PHACTR1	no	no	yes	B	no	yes
PHACTR2	no	no	yes	B	no	yes
PHACTR4	no	no	yes	B	no	yes
PHAX	no	no	yes	B	no	no
PHB	no	no	no	B	no	no
PHB1	yes	yes	yes	A	yes	no
PHB2	yes	yes	yes	A	yes	yes
PHC1	no	no	yes	B	no	yes
PHC2	no	no	yes	B	no	yes
PHC3	no	no	yes	B	no	yes
PHETA1	no	no	yes	B	no	no
PHETA2	no	no	yes	B	no	no
PHF1	no	no	yes	B	no	yes
PHF10	no	no	yes	B	no	yes
PHF11	no	no	yes	B	no	no
PHF11A	no	no	no	B	no	no
PHF11B	no	no	yes	B	no	no
PHF11C	no	no	no	B	no	no
PHF11D	no	no	no	B	no	no
PHF12	no	no	yes	B	no	yes
PHF13	no	no	no	B	no	yes
PHF14	no	no	yes	B	no	yes
PHF19	no	no	no	B	no	no
PHF2	no	no	yes	B	no	yes
PHF20	no	no	yes	B	no	yes
PHF20L1	no	no	yes	B	no	yes
PHF21A	no	no	yes	B	no	yes
PHF21B	no	no	no	B	no	no
PHF23	no	no	yes	B	no	yes
PHF2OS1	no	no	no	B	no	no
PHF3	no	no	yes	B	no	yes
PHF5A	yes	yes	yes	A	yes	yes
PHF6	no	no	yes	B	no	yes
PHF7	no	no	no	B	no	yes
PHF8	no	no	yes	B	no	yes
PHGDH	no	yes	yes	B	yes	yes
PHIP	no	no	yes	B	no	yes
PHKA1	no	no	yes	B	no	yes
PHKA2	yes	no	yes	B	yes	yes
PHKB	yes	yes	yes	A	yes	yes
PHKG1	no	no	yes	B	no	no
PHKG2	no	no	yes	B	no	yes
PHLDA1	no	no	yes	B	no	yes
PHLDA2	no	no	yes	B	no	yes
PHLDA3	no	no	yes	B	no	yes
PHLDB1	yes	yes	yes	A	yes	yes
PHLDB2	no	no	yes	B	no	yes
PHLDB3	no	no	yes	B	no	yes
PHLPP1	no	no	yes	B	no	yes
PHLPP2	no	no	yes	B	no	yes
PHOSPHO1	no	no	yes	B	no	no
PHOSPHO2	no	no	yes	B	no	yes
PHPT1	yes	yes	yes	A	yes	no
PHRF1	no	no	yes	B	no	yes
PHTF1	no	no	yes	B	no	yes
PHTF2	no	no	no	B	no	yes
PHYH	yes	yes	yes	A	yes	yes
PHYHD1	yes	yes	yes	A	yes	yes
PHYHIP	no	no	yes	B	no	no
PHYHIPL	yes	yes	yes	A	yes	yes
PHYKPL	yes	yes	yes	A	yes	yes
PI15	no	no	no	B	no	no
PI16	no	no	yes	B	no	yes
PI3	yes	no	no	B	no	no
PI4K2A	no	yes	yes	B	yes	yes
PI4K2B	no	no	yes	B	no	yes
PI4KA	yes	no	yes	B	yes	yes
PI4KB	no	no	yes	B	no	yes
PIANP	no	no	no	B	no	no
PIAS1	no	no	yes	B	no	yes
PIAS2	no	no	yes	B	no	yes
PIAS3	no	no	yes	B	no	yes
PIAS4	no	no	yes	B	no	yes
PIBF1	no	no	yes	B	no	no
PICALM	yes	yes	yes	A	yes	yes
PICK1	no	no	yes	B	no	yes
PID1	no	no	yes	B	no	yes
PIDD1	no	no	no	B	no	no
PIEZO1	no	no	yes	B	no	yes
PIEZO2	no	no	yes	B	no	no
PIF1	no	no	no	B	no	no
PIGA	no	no	yes	B	no	yes
PIGB	no	no	yes	B	no	yes
PIGBOS1	no	no	no	B	no	no
PIGC	no	no	yes	B	no	yes
PIGF	no	no	no	B	no	yes
PIGG	no	no	yes	B	no	yes
PIGH	no	no	yes	B	no	yes
PIGK	no	no	yes	B	no	yes
PIGL	no	no	yes	B	no	yes
PIGM	no	no	yes	B	no	yes
PIGN	no	no	yes	B	no	yes
PIGO	no	no	yes	B	no	yes
PIGP	no	no	yes	B	no	no
PIGQ	no	no	yes	B	no	yes
PIGR	yes	yes	yes	A	yes	yes
PIGS	yes	no	yes	B	yes	yes
PIGT	yes	yes	yes	A	yes	yes
PIGU	no	no	yes	B	no	yes
PIGV	no	no	yes	B	no	yes
PIGW	no	no	yes	B	no	yes
PIGX	no	no	yes	B	no	yes
PIGY	no	no	no	B	no	yes
PIGZ	no	no	yes	B	no	no
PIH1D1	no	no	yes	B	no	yes
PIH1D2	no	no	no	B	no	no
PIK3AP1	no	no	yes	B	no	yes
PIK3C2A	no	no	yes	B	no	yes
PIK3C2B	no	no	yes	B	no	no
PIK3C2G	no	no	no	B	no	no
PIK3C3	no	no	yes	B	no	yes
PIK3CA	no	no	yes	B	no	yes
PIK3CB	no	no	yes	B	no	yes
PIK3CD	no	no	yes	B	no	no
PIK3CG	no	no	yes	B	no	no
PIK3IP1	no	no	yes	B	no	yes
PIK3R1	no	no	yes	B	no	yes
PIK3R2	no	no	yes	B	no	yes
PIK3R3	no	no	yes	B	no	no
PIK3R4	no	no	yes	B	no	yes
PIK3R5	no	no	yes	B	no	no
PIK3R6	no	no	yes	B	no	no
PIKFYVE	no	no	yes	B	no	yes
PILRA	no	no	yes	B	no	no
PILRB1	no	no	no	B	no	no
PILRB2	no	no	no	B	no	no
PIM1	no	no	no	B	no	yes
PIM2	no	no	no	B	no	yes
PIM3	no	no	yes	B	no	yes
PIMREG	no	no	no	B	no	no
PIN1	yes	yes	yes	A	yes	yes
PIN4	no	no	yes	B	no	yes
PINK1	no	no	yes	B	no	yes
PINX1	no	no	yes	B	no	yes
PIP4K2A	yes	yes	yes	A	yes	yes
PIP4K2B	no	no	yes	B	no	yes
PIP4K2C	no	no	yes	B	no	yes
PIP4P1	no	yes	yes	B	yes	no
PIP4P2	no	no	yes	B	no	no
PIP5K1A	no	no	yes	B	no	yes
PIP5K1B	no	no	yes	B	no	yes
PIP5K1C	no	no	yes	B	no	yes
PIPOX	yes	yes	yes	A	yes	yes
PIR	no	no	yes	B	no	no
PIRA2	no	no	no	B	no	no
PIRB	no	no	yes	B	no	no
PISD	no	no	yes	B	no	yes
PISD-PS1	no	no	no	B	no	no
PISD-PS2	no	no	no	B	no	no
PITHD1	no	no	yes	B	no	yes
PITPNA	yes	yes	yes	A	yes	yes
PITPNB	yes	yes	yes	A	yes	yes
PITPNC1	no	no	yes	B	no	yes
PITPNM1	no	no	yes	B	no	yes
PITPNM2	no	no	yes	B	no	yes
PITPNM3	no	no	yes	B	no	no
PITRM1	yes	yes	yes	A	yes	yes
PITX2	no	no	yes	B	no	no
PJA1	no	no	yes	B	no	yes
PJA2	no	no	yes	B	no	yes
PKD1	no	no	yes	B	no	yes
PKD1L1	no	no	no	B	no	no
PKD1L2	no	no	no	B	no	no
PKD1L3	no	no	no	B	no	no
PKD2	no	no	yes	B	no	yes
PKD2L1	no	no	no	B	no	no
PKD2L2	no	no	no	B	no	no
PKDCC	no	no	no	B	no	yes
PKHD1	no	no	yes	B	no	yes
PKHD1L1	no	no	no	B	no	no
PKIA	no	no	yes	B	no	no
PKIG	no	no	yes	B	no	yes
PKLR	no	yes	yes	B	yes	yes
PKM	yes	yes	yes	A	yes	yes
PKMYT1	no	no	no	B	no	no
PKN1	no	no	yes	B	no	yes
PKN2	yes	yes	yes	A	yes	yes
PKN3	no	no	yes	B	no	no
PKNOX1	no	no	yes	B	no	yes
PKNOX2	no	no	yes	B	no	no
PKP1	no	no	yes	B	no	no
PKP2	no	no	yes	B	no	yes
PKP3	no	no	yes	B	no	yes
PKP4	no	no	yes	B	no	yes
PLA1A	no	no	yes	B	no	no
PLA2G12A	no	no	yes	B	no	yes
PLA2G12B	no	no	yes	B	no	no
PLA2G15	no	no	yes	B	no	yes
PLA2G16	no	no	no	B	no	no
PLA2G2D	no	no	no	B	no	no
PLA2G2E	no	no	no	B	no	no
PLA2G2F	no	no	no	B	no	no
PLA2G3	no	no	no	B	no	no
PLA2G4A	no	no	yes	B	no	yes
PLA2G5	no	no	no	B	no	yes
PLA2G6	no	no	yes	B	no	yes
PLA2G7	no	no	yes	B	no	yes
PLA2R1	no	no	yes	B	no	no
PLAA	yes	yes	yes	A	yes	yes
PLAAT3	no	no	yes	B	no	no
PLAAT5	no	no	no	B	no	no
PLAC8	no	no	no	B	no	no
PLAC8B	no	no	no	B	no	no
PLAC9	no	no	yes	B	no	no
PLAC9A	no	no	no	B	no	no
PLAG1	no	no	no	B	no	no
PLAGL1	no	no	no	B	no	yes
PLAGL2	no	no	no	B	no	yes
PLAT	no	no	yes	B	no	yes
PLATR25	no	no	no	B	no	no
PLAU	no	no	yes	B	no	yes
PLAUR	no	no	yes	B	no	yes
PLB1	no	no	no	B	no	no
PLBD1	yes	no	yes	B	yes	yes
PLBD2	yes	yes	yes	A	yes	yes
PLCB1	no	yes	yes	B	yes	yes
PLCB2	no	no	yes	B	no	no
PLCB3	no	no	yes	B	no	yes
PLCB4	no	no	yes	B	no	yes
PLCD1	yes	yes	yes	A	yes	yes
PLCD3	no	no	yes	B	no	yes
PLCD4	no	no	yes	B	no	no
PLCE1	no	no	yes	B	no	no
PLCG1	no	no	yes	B	no	yes
PLCG2	yes	no	yes	B	yes	yes
PLCH1	no	no	yes	B	no	no
PLCL1	no	no	yes	B	no	yes
PLCL2	no	no	yes	B	no	yes
PLCXD1	no	no	no	B	no	no
PLCXD2	no	no	no	B	no	yes
PLCXD3	no	no	yes	B	no	no
PLD1	no	no	yes	B	no	yes
PLD2	no	no	yes	B	no	yes
PLD3	no	no	yes	B	no	yes
PLD4	no	no	yes	B	no	yes
PLD5	no	no	no	B	no	no
PLD6	no	no	no	B	no	no
PLEC	yes	yes	yes	A	yes	yes
PLEK	yes	yes	yes	A	yes	yes
PLEK2	no	no	yes	B	no	yes
PLEKHA1	no	no	yes	B	no	yes
PLEKHA2	no	no	yes	B	no	yes
PLEKHA3	no	no	yes	B	no	yes
PLEKHA4	no	no	yes	B	no	no
PLEKHA5	yes	yes	yes	A	yes	yes
PLEKHA6	yes	no	yes	B	yes	yes
PLEKHA7	yes	yes	yes	A	yes	yes
PLEKHA8	no	no	yes	B	no	yes
PLEKHB1	no	no	yes	B	no	yes
PLEKHB2	no	no	yes	B	no	yes
PLEKHD1	no	no	yes	B	no	yes
PLEKHF1	no	no	yes	B	no	yes
PLEKHF2	yes	yes	yes	A	yes	yes
PLEKHG1	no	no	yes	B	no	yes
PLEKHG2	no	no	yes	B	no	yes
PLEKHG3	no	yes	yes	B	yes	yes
PLEKHG4B	no	no	no	B	no	no
PLEKHG5	no	no	yes	B	no	yes
PLEKHG6	no	no	yes	B	no	yes
PLEKHH1	no	no	yes	B	no	yes
PLEKHH2	no	no	yes	B	no	yes
PLEKHH3	no	no	yes	B	no	yes
PLEKHJ1	no	no	yes	B	no	yes
PLEKHM1	no	no	yes	B	no	yes
PLEKHM2	no	no	yes	B	no	yes
PLEKHM3	no	no	yes	B	no	yes
PLEKHN1	no	no	no	B	no	no
PLEKHO1	no	no	yes	B	no	yes
PLEKHO2	no	yes	yes	B	yes	yes
PLEKHS1	no	no	no	B	no	no
PLET1	no	no	yes	B	no	yes
PLET1OS	no	no	no	B	no	no
PLGRKT	no	no	yes	B	no	yes
PLIN1	no	no	yes	B	no	yes
PLIN2	yes	yes	yes	A	yes	yes
PLIN3	yes	yes	yes	A	yes	yes
PLIN4	no	no	yes	B	no	no
PLIN5	no	no	yes	B	no	yes
PLK-PS1	no	no	no	B	no	no
PLK1	no	no	yes	B	no	no
PLK2	no	no	no	B	no	yes
PLK3	no	no	yes	B	no	yes
PLK4	no	no	yes	B	no	no
PLK5	no	no	no	B	no	no
PLLP	no	no	yes	B	no	no
PLN	no	no	no	B	no	no
PLOD1	no	no	yes	B	no	yes
PLOD2	no	no	yes	B	no	yes
PLOD3	no	no	yes	B	no	yes
PLP2	no	no	yes	B	no	yes
PLPBP	yes	yes	yes	A	yes	no
PLPP1	no	yes	yes	B	yes	no
PLPP2	no	no	yes	B	no	no
PLPP3	no	no	yes	B	no	no
PLPP5	yes	yes	no	B	no	no
PLPP6	no	no	yes	B	no	no
PLPP7	no	no	yes	B	no	no
PLPPR1	no	no	no	B	no	no
PLPPR2	no	no	no	B	no	no
PLPPR3	no	no	yes	B	no	no
PLPPR4	no	no	yes	B	no	no
PLRG1	no	no	yes	B	no	yes
PLS1	yes	yes	yes	A	yes	yes
PLS3	yes	yes	yes	A	yes	yes
PLSCR1	no	no	yes	B	no	no
PLSCR2	no	no	yes	B	no	no
PLSCR3	no	no	yes	B	no	yes
PLSCR4	no	no	yes	B	no	yes
PLTP	no	yes	yes	B	yes	no
PLVAP	yes	yes	yes	A	yes	yes
PLXDC1	no	no	yes	B	no	no
PLXDC2	no	no	yes	B	no	yes
PLXNA1	yes	yes	yes	A	yes	yes
PLXNA2	no	no	yes	B	no	yes
PLXNA3	no	no	no	B	no	no
PLXNA4	no	no	yes	B	no	no
PLXNB1	no	no	yes	B	no	yes
PLXNB2	yes	yes	yes	A	yes	yes
PLXNB3	no	no	yes	B	no	no
PLXNC1	no	no	yes	B	no	no
PLXND1	no	no	yes	B	no	yes
PM20D1	yes	yes	yes	A	yes	yes
PM20D2	yes	yes	yes	A	yes	yes
PMAIP1	no	no	no	B	no	yes
PMCH	no	no	no	B	no	no
PMEPA1	no	no	yes	B	no	yes
PMF1	no	no	yes	B	no	no
PML	yes	no	yes	B	yes	yes
PMM1	no	no	yes	B	no	yes
PMM2	yes	yes	yes	A	yes	yes
PMP2	no	no	no	B	no	no
PMP22	no	no	no	B	no	yes
PMPCA	yes	yes	yes	A	yes	yes
PMPCB	yes	yes	yes	A	yes	yes
PMS1	no	no	yes	B	no	no
PMS2	no	no	yes	B	no	no
PMVK	yes	no	yes	B	yes	yes
PNCK	no	no	no	B	no	no
PNISR	no	no	yes	B	no	yes
PNKD	no	no	yes	B	no	yes
PNKP	no	no	yes	B	no	yes
PNLIPRP1	no	no	yes	B	no	no
PNMA1	no	no	no	B	no	no
PNMA3	no	no	no	B	no	no
PNMA8A	no	no	no	B	no	no
PNMAL2	no	no	no	B	no	no
PNMT	no	no	no	B	no	no
PNN	no	no	yes	B	no	yes
PNO1	no	no	yes	B	no	yes
PNP	yes	yes	yes	A	yes	yes
PNP2	no	no	yes	B	no	no
PNPLA2	no	no	yes	B	no	yes
PNPLA3	yes	yes	no	B	no	no
PNPLA4	no	no	no	B	no	no
PNPLA6	no	yes	yes	B	yes	yes
PNPLA7	no	no	yes	B	no	yes
PNPLA8	no	no	yes	B	no	yes
PNPO	yes	yes	yes	A	yes	yes
PNPT1	yes	yes	yes	A	yes	yes
PNRC1	no	no	yes	B	no	yes
PNRC2	no	no	no	B	no	yes
POC1A	no	no	yes	B	no	yes
POC1B	no	no	yes	B	no	yes
POC5	no	no	yes	B	no	yes
PODN	no	no	yes	B	no	yes
PODNL1	no	no	no	B	no	no
PODXL	yes	yes	yes	A	yes	yes
PODXL2	no	no	yes	B	no	no
POF1B	no	no	yes	B	no	no
POFUT1	yes	yes	yes	A	yes	yes
POFUT2	no	no	yes	B	no	yes
POFUT3	no	no	no	B	no	no
POFUT4	no	no	no	B	no	no
POGK	no	no	yes	B	no	yes
POGLUT1	no	no	yes	B	no	yes
POGLUT2	no	no	yes	B	no	no
POGLUT3	yes	no	yes	B	yes	no
POGZ	no	no	yes	B	no	yes
POLA1	no	no	yes	B	no	yes
POLA2	no	no	yes	B	no	yes
POLB	no	no	yes	B	no	yes
POLD1	no	no	yes	B	no	yes
POLD2	no	no	yes	B	no	yes
POLD3	no	no	yes	B	no	yes
POLD4	no	no	yes	B	no	yes
POLDIP2	yes	no	yes	B	yes	yes
POLDIP3	no	no	yes	B	no	yes
POLE	no	no	yes	B	no	no
POLE2	no	no	no	B	no	no
POLE3	no	no	yes	B	no	yes
POLE4	no	no	yes	B	no	yes
POLG	no	no	yes	B	no	yes
POLG2	no	no	yes	B	no	no
POLH	no	no	yes	B	no	yes
POLI	no	no	yes	B	no	yes
POLK	no	no	yes	B	no	yes
POLL	no	no	yes	B	no	yes
POLM	no	no	yes	B	no	yes
POLN	no	no	no	B	no	no
POLR1A	no	no	yes	B	no	yes
POLR1B	no	no	yes	B	no	yes
POLR1C	no	yes	yes	B	yes	yes
POLR1D	no	no	yes	B	no	yes
POLR1E	no	no	yes	B	no	yes
POLR1F	no	no	yes	B	no	no
POLR1G	no	no	yes	B	no	no
POLR1H	no	no	yes	B	no	no
POLR1HAS	no	no	no	B	no	no
POLR2A	no	no	yes	B	no	yes
POLR2B	yes	no	yes	B	yes	yes
POLR2C	no	no	yes	B	no	yes
POLR2D	no	no	yes	B	no	yes
POLR2E	no	no	yes	B	no	yes
POLR2F	no	no	yes	B	no	yes
POLR2G	no	no	yes	B	no	yes
POLR2H	no	no	yes	B	no	yes
POLR2I	no	no	yes	B	no	yes
POLR2J	no	no	yes	B	no	yes
POLR2K	no	no	yes	B	no	yes
POLR2L	no	no	yes	B	no	yes
POLR2M	no	no	yes	B	no	yes
POLR3A	no	no	yes	B	no	yes
POLR3B	no	no	yes	B	no	yes
POLR3C	no	no	yes	B	no	yes
POLR3D	no	no	yes	B	no	yes
POLR3E	no	no	yes	B	no	yes
POLR3F	no	no	yes	B	no	yes
POLR3G	no	no	yes	B	no	no
POLR3GL	no	no	yes	B	no	yes
POLR3H	no	no	yes	B	no	yes
POLR3K	no	no	yes	B	no	yes
POLRMT	no	no	yes	B	no	yes
POM121	no	no	yes	B	no	no
POM121C	no	no	no	B	no	no
POMC	no	no	no	B	no	no
POMGNT1	no	no	yes	B	no	yes
POMGNT2	no	no	yes	B	no	yes
POMK	no	no	yes	B	no	yes
POMP	no	no	yes	B	no	yes
POMT1	no	no	yes	B	no	yes
POMT2	no	no	yes	B	no	yes
PON1	yes	yes	yes	A	yes	no
PON2	no	no	yes	B	no	yes
PON3	no	no	yes	B	no	no
POP1	no	no	yes	B	no	yes
POP4	no	no	yes	B	no	yes
POP5	no	no	yes	B	no	yes
POP7	no	no	yes	B	no	yes
POPDC1	no	no	no	B	no	no
POPDC2	no	no	no	B	no	no
POPDC3	no	no	no	B	no	no
POR	yes	yes	yes	A	yes	yes
PORCN	no	no	yes	B	no	yes
POSTN	no	no	yes	B	no	no
POT1	no	no	yes	B	no	no
POT1A	no	no	no	B	no	no
POT1B	no	no	yes	B	no	no
POU2AF1	no	no	no	B	no	no
POU2AF3	no	no	no	B	no	no
POU2F1	no	no	yes	B	no	yes
POU2F2	no	no	yes	B	no	no
POU3F3	no	no	yes	B	no	yes
POU6F1	no	no	yes	B	no	yes
POU6F2	no	no	no	B	no	no
PPA1	yes	yes	yes	A	yes	yes
PPA2	yes	yes	yes	A	yes	yes
PPAN	no	no	yes	B	no	no
PPAP2A	no	no	no	B	no	no
PPAP2B	no	no	no	B	no	no
PPAP2C	no	no	no	B	no	no
PPAPDC1B	no	no	no	B	no	no
PPAPDC2	no	no	no	B	no	no
PPAPDC3	no	no	no	B	no	no
PPARA	no	no	yes	B	no	yes
PPARD	no	no	yes	B	no	yes
PPARG	no	no	no	B	no	yes
PPARGC1A	no	no	yes	B	no	yes
PPARGC1B	no	no	no	B	no	yes
PPAT	yes	no	yes	B	yes	yes
PPBP	no	no	yes	B	no	no
PPCDC	no	no	yes	B	no	no
PPCS	yes	yes	yes	A	yes	yes
PPDPF	no	no	yes	B	no	yes
PPEF2	no	no	no	B	no	no
PPFIA1	no	no	yes	B	no	yes
PPFIA4	no	no	yes	B	no	no
PPFIBP1	no	yes	yes	B	yes	yes
PPFIBP2	no	no	yes	B	no	yes
PPHLN1	no	no	yes	B	no	yes
PPIA	yes	yes	yes	A	yes	yes
PPIB	yes	yes	yes	A	yes	yes
PPIC	no	no	yes	B	no	yes
PPID	yes	yes	yes	A	yes	yes
PPIE	no	no	yes	B	no	yes
PPIF	yes	yes	yes	A	yes	yes
PPIG	no	no	yes	B	no	yes
PPIH	yes	yes	yes	A	yes	yes
PPIL1	yes	no	yes	B	yes	yes
PPIL2	no	no	yes	B	no	yes
PPIL3	yes	yes	yes	A	yes	yes
PPIL4	no	no	yes	B	no	yes
PPIL6	no	no	yes	B	no	yes
PPIP5K1	no	no	yes	B	no	yes
PPIP5K2	no	no	yes	B	no	yes
PPL	yes	yes	yes	A	yes	yes
PPM1A	yes	yes	yes	A	yes	yes
PPM1B	yes	yes	yes	A	yes	yes
PPM1D	no	no	yes	B	no	yes
PPM1E	no	no	yes	B	no	no
PPM1F	yes	yes	yes	A	yes	yes
PPM1G	yes	yes	yes	A	yes	yes
PPM1H	no	no	yes	B	no	yes
PPM1J	yes	yes	yes	A	yes	yes
PPM1K	yes	yes	yes	A	yes	yes
PPM1L	no	no	yes	B	no	yes
PPM1M	no	no	yes	B	no	yes
PPM1N	no	no	no	B	no	no
PPME1	yes	yes	yes	A	yes	yes
PPOX	no	no	yes	B	no	yes
PPP1CA	no	yes	yes	B	yes	yes
PPP1CB	yes	yes	yes	A	yes	yes
PPP1CC	yes	no	yes	B	yes	yes
PPP1CCB	no	no	no	B	no	no
PPP1R10	no	no	yes	B	no	yes
PPP1R11	no	no	yes	B	no	yes
PPP1R12A	yes	yes	yes	A	yes	yes
PPP1R12B	yes	no	yes	B	yes	yes
PPP1R12C	no	no	yes	B	no	yes
PPP1R13B	no	no	yes	B	no	yes
PPP1R13L	no	no	yes	B	no	yes
PPP1R14A	no	no	yes	B	no	yes
PPP1R14B	yes	yes	yes	A	yes	yes
PPP1R14C	no	no	no	B	no	no
PPP1R14D	no	no	no	B	no	yes
PPP1R15A	no	no	no	B	no	yes
PPP1R15B	no	no	yes	B	no	yes
PPP1R16A	no	no	yes	B	no	yes
PPP1R16B	no	no	yes	B	no	yes
PPP1R18	no	no	yes	B	no	yes
PPP1R1A	yes	yes	yes	A	yes	yes
PPP1R1B	no	no	yes	B	no	yes
PPP1R2	no	yes	yes	B	yes	yes
PPP1R2-PS4	no	no	no	B	no	no
PPP1R21	yes	no	yes	B	yes	yes
PPP1R26	no	no	no	B	no	no
PPP1R35	no	no	yes	B	no	yes
PPP1R36	no	no	no	B	no	no
PPP1R37	no	no	yes	B	no	yes
PPP1R3B	no	no	no	B	no	no
PPP1R3C	no	no	no	B	no	no
PPP1R3D	no	no	yes	B	no	no
PPP1R3E	no	no	no	B	no	yes
PPP1R3F	no	no	yes	B	no	no
PPP1R3G	no	no	no	B	no	no
PPP1R42	no	no	no	B	no	no
PPP1R7	yes	yes	yes	A	yes	yes
PPP1R8	yes	yes	yes	A	yes	yes
PPP1R9A	no	no	yes	B	no	yes
PPP1R9B	no	no	yes	B	no	yes
PPP2CA	yes	yes	yes	A	yes	yes
PPP2CB	no	no	yes	B	no	yes
PPP2R1A	yes	yes	yes	A	yes	yes
PPP2R1B	no	no	yes	B	no	yes
PPP2R2A	yes	yes	yes	A	yes	yes
PPP2R2B	no	no	no	B	no	no
PPP2R2C	no	no	no	B	no	no
PPP2R2D	no	no	yes	B	no	yes
PPP2R3A	no	no	yes	B	no	yes
PPP2R3B	no	no	no	B	no	no
PPP2R3C	no	no	yes	B	no	yes
PPP2R3D	no	no	yes	B	no	no
PPP2R4	no	no	no	B	no	no
PPP2R5A	yes	yes	yes	A	yes	yes
PPP2R5B	no	no	yes	B	no	yes
PPP2R5C	no	no	yes	B	no	yes
PPP2R5D	yes	no	yes	B	yes	yes
PPP2R5E	yes	no	yes	B	yes	yes
PPP3CA	yes	yes	yes	A	yes	yes
PPP3CB	yes	yes	yes	A	yes	yes
PPP3CC	no	no	yes	B	no	yes
PPP3R1	no	no	yes	B	no	yes
PPP4C	no	no	yes	B	no	yes
PPP4R1	no	no	yes	B	no	yes
PPP4R1L-PS	no	no	no	B	no	no
PPP4R2	no	no	yes	B	no	yes
PPP4R3A	no	no	yes	B	no	no
PPP4R3B	no	no	yes	B	no	no
PPP4R4	no	no	yes	B	no	yes
PPP5C	yes	yes	yes	A	yes	yes
PPP6C	yes	yes	yes	A	yes	yes
PPP6R1	no	yes	yes	B	yes	yes
PPP6R2	no	no	yes	B	no	yes
PPP6R3	yes	no	yes	B	yes	yes
PPRC1	no	no	no	B	no	yes
PPT1	yes	yes	yes	A	yes	yes
PPT2	no	no	yes	B	no	no
PPTC7	no	no	yes	B	no	yes
PPWD1	no	no	yes	B	no	yes
PQBP1	no	no	yes	B	no	yes
PQLC1	no	no	no	B	no	no
PQLC2	no	no	no	B	no	no
PQLC3	no	no	no	B	no	no
PRADC1	no	no	yes	B	no	yes
PRAF2	no	no	yes	B	no	yes
PRAG1	no	no	yes	B	no	no
PRAM1	no	no	yes	B	no	no
PRAMEL12	no	no	no	B	no	no
PRAP1	no	no	yes	B	no	no
PRC1	no	no	yes	B	no	no
PRCC	no	no	yes	B	no	yes
PRCD	no	no	no	B	no	no
PRCP	no	no	yes	B	no	yes
PRDM1	no	no	no	B	no	no
PRDM10	no	no	yes	B	no	yes
PRDM11	no	no	yes	B	no	no
PRDM15	no	no	yes	B	no	no
PRDM16	no	no	yes	B	no	yes
PRDM16OS	no	no	no	B	no	no
PRDM2	no	no	yes	B	no	yes
PRDM4	no	no	no	B	no	yes
PRDM5	no	no	yes	B	no	no
PRDM7	no	no	yes	B	no	no
PRDM8	no	no	no	B	no	no
PRDX1	yes	yes	yes	A	yes	yes
PRDX2	yes	yes	yes	A	yes	yes
PRDX3	yes	yes	yes	A	yes	yes
PRDX4	yes	yes	yes	A	yes	yes
PRDX5	yes	yes	yes	A	yes	yes
PRDX6	yes	yes	yes	A	yes	yes
PREB	no	no	yes	B	no	yes
PRELID1	no	no	yes	B	no	yes
PRELID2	no	no	yes	B	no	yes
PRELID3A	no	no	no	B	no	no
PRELID3B	no	no	yes	B	no	no
PRELP	yes	yes	yes	A	yes	yes
PREP	yes	yes	yes	A	yes	yes
PREPL	no	no	yes	B	no	yes
PREX1	no	no	yes	B	no	yes
PREX2	no	no	yes	B	no	yes
PRF1	no	no	no	B	no	no
PRG2	no	no	yes	B	no	no
PRG4	no	no	yes	B	no	no
PRICKLE1	no	no	yes	B	no	yes
PRICKLE2	no	no	yes	B	no	no
PRICKLE3	no	no	yes	B	no	yes
PRICKLE4	no	no	no	B	no	no
PRIM1	no	no	yes	B	no	yes
PRIM2	no	no	yes	B	no	yes
PRIMA1	no	no	no	B	no	yes
PRIMPOL	no	no	yes	B	no	yes
PRKAA1	yes	yes	yes	A	yes	yes
PRKAA2	no	no	yes	B	no	yes
PRKAB1	no	no	yes	B	no	yes
PRKAB2	no	no	yes	B	no	yes
PRKACA	yes	yes	yes	A	yes	yes
PRKACB	no	yes	yes	B	yes	yes
PRKAG1	yes	yes	yes	A	yes	yes
PRKAG2	no	no	yes	B	no	yes
PRKAG3	no	no	no	B	no	no
PRKAR1A	yes	yes	yes	A	yes	yes
PRKAR1B	no	no	yes	B	no	yes
PRKAR2A	yes	yes	yes	A	yes	yes
PRKAR2B	yes	yes	yes	A	yes	yes
PRKCA	yes	yes	yes	A	yes	yes
PRKCB	no	no	yes	B	no	no
PRKCD	no	no	yes	B	no	yes
PRKCDBP	no	no	no	B	no	no
PRKCE	no	no	yes	B	no	yes
PRKCG	no	no	no	B	no	no
PRKCH	no	no	yes	B	no	yes
PRKCI	no	no	yes	B	no	yes
PRKCQ	no	no	yes	B	no	no
PRKCSH	yes	yes	yes	A	yes	yes
PRKCZ	no	no	yes	B	no	yes
PRKCZ2	no	no	no	B	no	no
PRKD1	no	no	yes	B	no	yes
PRKD2	no	no	yes	B	no	yes
PRKD3	no	no	yes	B	no	yes
PRKDC	no	no	yes	B	no	yes
PRKG1	yes	no	yes	B	yes	no
PRKG2	no	no	yes	B	no	no
PRKN	no	no	yes	B	no	no
PRKRA	no	no	yes	B	no	yes
PRKRIP1	no	no	yes	B	no	no
PRKRIR	no	no	no	B	no	no
PRKX	no	no	yes	B	no	yes
PRLR	no	no	yes	B	no	yes
PRM3	no	no	no	B	no	no
PRMT1	yes	yes	yes	A	yes	yes
PRMT10	no	no	no	B	no	no
PRMT2	no	no	yes	B	no	yes
PRMT3	no	no	yes	B	no	yes
PRMT5	yes	yes	yes	A	yes	yes
PRMT6	no	no	yes	B	no	yes
PRMT7	no	no	yes	B	no	yes
PRMT9	no	no	yes	B	no	no
PRN	no	no	no	B	no	no
PRND	no	no	no	B	no	no
PRNP	yes	no	yes	B	yes	yes
PROB1	no	no	yes	B	no	yes
PROC	yes	yes	yes	A	yes	yes
PROCA1	no	no	no	B	no	no
PROCR	no	yes	yes	B	yes	yes
PRODH	no	no	yes	B	no	no
PRODH2	yes	yes	yes	A	yes	yes
PROK1	no	no	no	B	no	no
PROM1	no	no	yes	B	no	yes
PROM2	yes	yes	yes	A	yes	yes
PRORP	no	no	yes	B	no	no
PRORSD1	no	no	yes	B	no	no
PROS1	yes	yes	yes	A	yes	yes
PROSC	no	no	no	B	no	no
PROSCOS	no	no	no	B	no	no
PROSER1	no	no	yes	B	no	yes
PROSER2	no	no	yes	B	no	no
PROSER3	no	no	yes	B	no	no
PROX1	no	no	yes	B	no	no
PROZ	no	no	yes	B	no	no
PRP4K	no	no	yes	B	no	no
PRPF18	no	no	yes	B	no	yes
PRPF19	yes	yes	yes	A	yes	yes
PRPF3	no	no	yes	B	no	yes
PRPF31	yes	yes	yes	A	yes	yes
PRPF38A	no	no	yes	B	no	yes
PRPF38B	no	no	yes	B	no	yes
PRPF39	no	no	yes	B	no	yes
PRPF4	yes	no	yes	B	yes	yes
PRPF40A	no	no	yes	B	no	yes
PRPF40B	no	no	yes	B	no	yes
PRPF4B	no	no	no	B	no	no
PRPF6	no	no	yes	B	no	yes
PRPF8	yes	yes	yes	A	yes	yes
PRPH	no	no	yes	B	no	no
PRPS1	yes	yes	no	B	no	yes
PRPS1L3	no	no	no	B	no	no
PRPS2	yes	yes	yes	A	yes	yes
PRPSAP1	yes	yes	yes	A	yes	yes
PRPSAP2	yes	yes	yes	A	yes	yes
PRR11	no	no	no	B	no	no
PRR12	no	no	yes	B	no	yes
PRR13	no	no	no	B	no	yes
PRR14	no	no	yes	B	no	yes
PRR14L	no	no	yes	B	no	yes
PRR15	no	no	yes	B	no	yes
PRR15L	no	no	yes	B	no	yes
PRR16	no	no	no	B	no	no
PRR18	no	no	no	B	no	no
PRR22	no	no	no	B	no	no
PRR29	no	no	no	B	no	no
PRR3	no	no	yes	B	no	yes
PRR30	no	no	no	B	no	no
PRR35	no	no	yes	B	no	no
PRR36	no	no	no	B	no	no
PRR5	no	no	yes	B	no	no
PRR5L	no	no	yes	B	no	yes
PRR7	no	no	no	B	no	no
PRRC1	yes	yes	yes	A	yes	yes
PRRC2A	no	no	yes	B	no	yes
PRRC2B	no	no	yes	B	no	yes
PRRC2C	yes	no	yes	B	yes	yes
PRRG1	no	no	no	B	no	no
PRRG2	no	no	yes	B	no	yes
PRRG3	no	no	no	B	no	no
PRRG4	no	no	yes	B	no	yes
PRRT1	no	no	no	B	no	no
PRRT1B	no	no	yes	B	no	no
PRRT2	no	no	no	B	no	no
PRRT3	no	no	no	B	no	no
PRRX1	no	no	yes	B	no	no
PRRX2	no	no	no	B	no	no
PRSS12	no	no	no	B	no	no
PRSS16	no	no	no	B	no	no
PRSS22	no	no	yes	B	no	no
PRSS23	no	no	yes	B	no	yes
PRSS27	no	no	no	B	no	no
PRSS30	no	no	yes	B	no	no
PRSS32	no	no	no	B	no	no
PRSS35	no	no	no	B	no	no
PRSS36	no	no	no	B	no	yes
PRSS42P	no	no	no	B	no	no
PRSS53	no	no	no	B	no	no
PRSS57	no	no	no	B	no	no
PRSS8	no	no	yes	B	no	yes
PRTFDC1	yes	no	no	B	no	no
PRTG	no	no	no	B	no	no
PRTN3	no	no	yes	B	no	no
PRUNE	no	no	no	B	no	no
PRUNE1	yes	no	yes	B	yes	no
PRUNE2	no	no	yes	B	no	no
PRX	no	no	yes	B	no	no
PRXL2A	yes	yes	yes	A	yes	no
PRXL2B	no	no	yes	B	no	no
PRXL2C	no	no	yes	B	no	no
PSAP	yes	yes	yes	A	yes	yes
PSAT1	yes	no	yes	B	yes	yes
PSCA	no	no	yes	B	no	no
PSD	no	no	no	B	no	no
PSD2	no	no	no	B	no	no
PSD3	no	no	yes	B	no	yes
PSD4	no	no	yes	B	no	no
PSEN1	no	no	yes	B	no	yes
PSEN2	no	no	yes	B	no	yes
PSENEN	no	no	no	B	no	yes
PSENEN-PS	no	no	no	B	no	no
PSIP1	yes	no	yes	B	yes	yes
PSKH1	no	no	yes	B	no	yes
PSMA1	yes	yes	yes	A	yes	yes
PSMA2	yes	yes	yes	A	yes	yes
PSMA3	yes	yes	yes	A	yes	yes
PSMA4	yes	yes	yes	A	yes	yes
PSMA5	yes	yes	yes	A	yes	yes
PSMA5-PS	no	no	no	B	no	no
PSMA6	yes	yes	yes	A	yes	yes
PSMA7	yes	yes	yes	A	yes	yes
PSMB1	yes	yes	yes	A	yes	yes
PSMB10	no	no	yes	B	no	yes
PSMB2	yes	yes	yes	A	yes	yes
PSMB3	yes	yes	yes	A	yes	yes
PSMB4	yes	yes	yes	A	yes	yes
PSMB5	yes	yes	yes	A	yes	yes
PSMB6	yes	yes	yes	A	yes	yes
PSMB7	yes	no	yes	B	yes	yes
PSMB8	no	no	yes	B	no	yes
PSMB9	no	no	yes	B	no	yes
PSMC1	yes	yes	yes	A	yes	yes
PSMC2	yes	yes	yes	A	yes	yes
PSMC3	no	no	yes	B	no	no
PSMC3IP	no	no	yes	B	no	yes
PSMC4	yes	yes	yes	A	yes	yes
PSMC5	yes	yes	yes	A	yes	yes
PSMC6	yes	yes	yes	A	yes	yes
PSMD1	yes	yes	yes	A	yes	yes
PSMD10	yes	no	yes	B	yes	yes
PSMD11	yes	yes	yes	A	yes	yes
PSMD12	yes	yes	yes	A	yes	yes
PSMD13	yes	yes	yes	A	yes	yes
PSMD14	yes	yes	yes	A	yes	yes
PSMD2	yes	yes	yes	A	yes	yes
PSMD3	yes	yes	yes	A	yes	yes
PSMD4	no	no	yes	B	no	no
PSMD5	yes	yes	yes	A	yes	yes
PSMD6	yes	yes	yes	A	yes	yes
PSMD7	yes	yes	yes	A	yes	yes
PSMD8	yes	yes	yes	A	yes	yes
PSMD9	yes	yes	yes	A	yes	yes
PSME1	yes	yes	yes	A	yes	yes
PSME2	yes	yes	yes	A	yes	yes
PSME2B	no	no	no	B	no	no
PSME3	yes	yes	yes	A	yes	yes
PSME3IP1	no	no	yes	B	no	no
PSME4	no	no	yes	B	no	yes
PSMF1	no	no	yes	B	no	yes
PSMG1	no	no	yes	B	no	yes
PSMG2	no	no	yes	B	no	yes
PSMG3	no	no	yes	B	no	yes
PSMG4	no	no	yes	B	no	yes
PSPC1	yes	yes	yes	A	yes	yes
PSPH	yes	yes	yes	A	yes	yes
PSPN	no	no	no	B	no	no
PSRC1	no	no	no	B	no	no
PSTK	no	no	yes	B	no	yes
PSTPIP1	no	no	yes	B	no	no
PSTPIP2	no	no	yes	B	no	yes
PTAFR	no	no	yes	B	no	no
PTAR1	no	no	yes	B	no	yes
PTBP1	yes	yes	yes	A	yes	yes
PTBP2	no	no	yes	B	no	yes
PTBP3	no	no	yes	B	no	yes
PTCD1	no	no	yes	B	no	no
PTCD2	no	no	yes	B	no	yes
PTCD3	yes	no	yes	B	yes	yes
PTCH1	no	no	no	B	no	yes
PTCH2	no	no	no	B	no	no
PTDSS1	no	no	yes	B	no	yes
PTDSS2	no	no	yes	B	no	yes
PTEN	no	no	yes	B	no	yes
PTER	yes	yes	yes	A	yes	yes
PTGDR2	no	no	no	B	no	no
PTGDS	no	no	yes	B	no	yes
PTGER1	no	no	no	B	no	yes
PTGER2	no	no	no	B	no	no
PTGER3	no	no	yes	B	no	yes
PTGER4	no	no	yes	B	no	yes
PTGES	no	no	yes	B	no	yes
PTGES2	yes	yes	yes	A	yes	yes
PTGES3	yes	yes	yes	A	yes	yes
PTGES3-PS	no	no	no	B	no	no
PTGES3L	no	no	yes	B	no	no
PTGFR	no	no	yes	B	no	yes
PTGFRN	no	no	yes	B	no	yes
PTGIR	no	no	yes	B	no	no
PTGIS	yes	yes	yes	A	yes	yes
PTGR1	yes	yes	yes	A	yes	yes
PTGR2	yes	yes	yes	A	yes	yes
PTGR3	yes	yes	yes	A	yes	no
PTGS1	yes	yes	yes	A	yes	yes
PTGS2	no	no	no	B	no	no
PTH1R	no	no	yes	B	no	yes
PTK2	yes	yes	yes	A	yes	yes
PTK2B	no	no	yes	B	no	yes
PTK6	no	no	no	B	no	no
PTK7	yes	yes	yes	A	yes	yes
PTMA	no	no	yes	B	no	yes
PTMS	yes	no	yes	B	yes	yes
PTN	no	no	yes	B	no	yes
PTOV1	no	no	yes	B	no	yes
PTP4A1	no	no	yes	B	no	yes
PTP4A2	no	no	yes	B	no	yes
PTP4A3	no	no	yes	B	no	yes
PTPA	yes	yes	yes	A	yes	no
PTPDC1	no	no	yes	B	no	yes
PTPLA	no	no	no	B	no	no
PTPLAD1	no	no	no	B	no	no
PTPLAD2	no	no	no	B	no	no
PTPLB	no	no	no	B	no	no
PTPMT1	no	no	yes	B	no	yes
PTPN1	no	no	yes	B	no	yes
PTPN11	yes	yes	yes	A	yes	yes
PTPN12	no	no	yes	B	no	yes
PTPN13	no	no	yes	B	no	yes
PTPN14	no	no	yes	B	no	yes
PTPN18	no	no	yes	B	no	yes
PTPN2	no	no	yes	B	no	yes
PTPN20	no	no	no	B	no	no
PTPN21	no	no	yes	B	no	yes
PTPN22	no	no	yes	B	no	yes
PTPN23	yes	yes	yes	A	yes	yes
PTPN3	no	no	yes	B	no	yes
PTPN4	no	no	yes	B	no	yes
PTPN5	no	no	no	B	no	no
PTPN6	yes	yes	yes	A	yes	yes
PTPN7	no	no	yes	B	no	no
PTPN9	no	no	yes	B	no	yes
PTPRA	no	no	yes	B	no	yes
PTPRB	no	no	yes	B	no	yes
PTPRC	no	no	yes	B	no	yes
PTPRCAP	no	no	yes	B	no	no
PTPRD	no	no	yes	B	no	yes
PTPRE	no	no	yes	B	no	no
PTPRF	no	no	yes	B	no	yes
PTPRG	no	no	yes	B	no	no
PTPRJ	no	no	yes	B	no	yes
PTPRK	no	no	yes	B	no	yes
PTPRM	no	no	yes	B	no	yes
PTPRN	no	no	yes	B	no	no
PTPRN2	no	no	no	B	no	no
PTPRO	no	no	yes	B	no	yes
PTPRQ	no	no	no	B	no	no
PTPRR	no	no	no	B	no	no
PTPRS	no	no	yes	B	no	yes
PTPRT	no	no	no	B	no	no
PTPRU	no	no	yes	B	no	yes
PTRF	no	no	no	B	no	no
PTRH1	no	no	yes	B	no	yes
PTRH2	yes	no	yes	B	yes	yes
PTRHD1	yes	yes	yes	A	yes	yes
PTS	no	no	yes	B	no	yes
PTTG1	no	no	yes	B	no	no
PTTG1IP	no	no	yes	B	no	yes
PTX3	no	no	no	B	no	no
PUF60	yes	yes	yes	A	yes	yes
PUM1	yes	no	yes	B	yes	yes
PUM2	no	no	yes	B	no	yes
PUM3	no	no	yes	B	no	no
PURA	no	no	yes	B	no	yes
PURB	yes	yes	yes	A	yes	yes
PURG	no	no	yes	B	no	yes
PUS1	no	no	yes	B	no	yes
PUS10	no	no	yes	B	no	yes
PUS3	no	no	yes	B	no	no
PUS7	no	no	yes	B	no	yes
PUS7L	no	no	yes	B	no	no
PUSL1	no	no	yes	B	no	yes
PVALB	yes	no	yes	B	yes	no
PVR	no	no	yes	B	no	yes
PVRIG	no	no	no	B	no	no
PVRL1	no	no	no	B	no	no
PVRL2	no	no	no	B	no	no
PVRL3	no	no	no	B	no	no
PVRL4	no	no	no	B	no	no
PWP1	no	no	yes	B	no	yes
PWP2	no	no	yes	B	no	yes
PWWP2A	no	no	yes	B	no	yes
PWWP2B	no	no	yes	B	no	yes
PWWP3A	no	no	yes	B	no	no
PWWP3B	no	no	yes	B	no	no
PXDC1	no	no	yes	B	no	yes
PXDN	no	no	yes	B	no	yes
PXDNL	no	no	no	B	no	no
PXK	no	no	yes	B	no	yes
PXMP2	no	no	yes	B	no	yes
PXMP4	no	no	yes	B	no	yes
PXN	yes	yes	yes	A	yes	yes
PXYLP1	no	no	yes	B	no	yes
PYCARD	yes	yes	yes	A	yes	yes
PYCR1	no	no	yes	B	no	no
PYCR2	no	no	yes	B	no	yes
PYCR3	yes	yes	yes	A	yes	no
PYCRL	no	no	no	B	no	no
PYDC4	no	no	no	B	no	no
PYGB	yes	yes	yes	A	yes	yes
PYGL	no	no	yes	B	no	no
PYGM	yes	no	yes	B	yes	yes
PYGO1	no	no	no	B	no	no
PYGO2	no	no	yes	B	no	yes
PYHIN1	no	no	yes	B	no	no
PYM1	no	no	yes	B	no	no
PYROXD1	no	no	yes	B	no	yes
PYROXD2	yes	yes	yes	A	yes	yes
PYURF	no	no	yes	B	no	yes
PYY	no	no	no	B	no	no
PZP	no	no	yes	B	no	no
QARS	no	no	no	B	no	no
QARS1	yes	yes	yes	A	yes	no
QDPR	yes	yes	yes	A	yes	yes
QK	no	no	no	B	no	no
QKI	no	no	yes	B	no	no
QPCT	no	no	yes	B	no	no
QPCTL	no	no	yes	B	no	yes
QPRT	yes	yes	yes	A	yes	yes
QRFP	no	no	no	B	no	no
QRICH1	no	no	yes	B	no	yes
QRICH2	no	no	no	B	no	no
QRSL1	yes	no	yes	B	yes	yes
QSER1	no	no	yes	B	no	yes
QSOX1	no	no	yes	B	no	yes
QSOX2	no	no	yes	B	no	yes
QTGAL	no	no	yes	B	no	yes
QTMAN	no	no	yes	B	no	yes
QTRT1	no	no	yes	B	no	yes
QTRT2	no	no	yes	B	no	no
QTRTD1	no	no	no	B	no	no
R3HCC1	no	no	yes	B	no	yes
R3HCC1L	no	no	yes	B	no	yes
R3HDM1	no	no	yes	B	no	yes
R3HDM2	no	no	yes	B	no	yes
R3HDM4	no	no	yes	B	no	yes
R3HDML	no	no	no	B	no	no
R74862	no	no	no	B	no	no
RAB1	no	no	no	B	no	no
RAB10	yes	yes	yes	A	yes	yes
RAB10OS	no	no	no	B	no	no
RAB11A	no	no	yes	B	no	yes
RAB11B	yes	yes	yes	A	yes	yes
RAB11B-PS2	no	no	no	B	no	no
RAB11FIP1	yes	no	yes	B	yes	yes
RAB11FIP2	no	no	yes	B	no	yes
RAB11FIP3	no	no	yes	B	no	yes
RAB11FIP4	no	no	yes	B	no	yes
RAB11FIP5	yes	yes	yes	A	yes	yes
RAB12	no	no	yes	B	no	yes
RAB13	no	no	yes	B	no	yes
RAB14	yes	yes	yes	A	yes	yes
RAB15	no	no	yes	B	no	yes
RAB17	no	no	yes	B	no	yes
RAB18	yes	yes	yes	A	yes	yes
RAB19	no	no	yes	B	no	yes
RAB1A	yes	yes	yes	A	yes	no
RAB1B	yes	yes	yes	A	yes	yes
RAB20	no	no	yes	B	no	yes
RAB21	no	no	yes	B	no	no
RAB22A	no	no	yes	B	no	yes
RAB23	no	no	yes	B	no	yes
RAB24	no	no	yes	B	no	yes
RAB25	no	no	yes	B	no	yes
RAB26	no	no	no	B	no	no
RAB26OS	no	no	no	B	no	no
RAB27A	no	no	yes	B	no	yes
RAB27B	no	no	yes	B	no	no
RAB28	no	no	yes	B	no	yes
RAB29	yes	no	yes	B	yes	yes
RAB2A	yes	yes	yes	A	yes	yes
RAB2B	no	no	yes	B	no	yes
RAB30	no	no	yes	B	no	no
RAB31	no	no	yes	B	no	yes
RAB32	no	no	yes	B	no	yes
RAB33B	no	no	yes	B	no	yes
RAB34	no	no	yes	B	no	yes
RAB35	no	no	yes	B	no	no
RAB36	no	no	yes	B	no	no
RAB37	no	no	yes	B	no	no
RAB38	no	no	yes	B	no	yes
RAB39A	no	no	yes	B	no	no
RAB3A	no	yes	yes	B	yes	yes
RAB3B	no	no	yes	B	no	no
RAB3D	no	no	yes	B	no	yes
RAB3GAP1	yes	yes	yes	A	yes	yes
RAB3GAP2	yes	yes	yes	A	yes	yes
RAB3IL1	yes	no	yes	B	yes	yes
RAB3IP	no	no	yes	B	no	no
RAB40B	no	no	no	B	no	no
RAB40C	no	no	yes	B	no	yes
RAB42	no	no	yes	B	no	no
RAB43	no	no	yes	B	no	yes
RAB4A	yes	no	yes	B	yes	yes
RAB4B	no	no	yes	B	no	no
RAB5A	yes	yes	yes	A	yes	yes
RAB5B	yes	yes	yes	A	yes	yes
RAB5C	yes	yes	yes	A	yes	yes
RAB5IF	no	no	yes	B	no	no
RAB6A	yes	yes	yes	A	yes	yes
RAB6B	no	no	yes	B	no	yes
RAB7-PS1	no	no	no	B	no	no
RAB7A	no	no	yes	B	no	no
RAB7B	no	no	yes	B	no	no
RAB8A	no	no	yes	B	no	no
RAB8B	yes	yes	yes	A	yes	yes
RAB9A	yes	no	yes	B	yes	yes
RABAC1	no	no	yes	B	no	yes
RABEP1	no	no	yes	B	no	yes
RABEP2	no	no	yes	B	no	yes
RABEPK	no	no	yes	B	no	yes
RABGAP1	yes	yes	yes	A	yes	yes
RABGAP1L	no	no	yes	B	no	yes
RABGEF1	no	no	yes	B	no	yes
RABGGTA	yes	yes	yes	A	yes	yes
RABGGTB	no	no	yes	B	no	yes
RABIF	no	no	yes	B	no	yes
RABL2	no	no	yes	B	no	no
RABL2B	no	no	no	B	no	no
RABL3	yes	no	yes	B	yes	yes
RABL6	no	no	yes	B	no	yes
RAC1	yes	yes	yes	A	yes	yes
RAC2	yes	no	yes	B	yes	yes
RAC3	no	no	yes	B	no	yes
RACGAP1	no	no	yes	B	no	no
RACK1	yes	yes	yes	A	yes	no
RAD1	no	no	yes	B	no	yes
RAD17	no	no	yes	B	no	yes
RAD18	no	no	yes	B	no	yes
RAD21	yes	no	yes	B	yes	yes
RAD23A	yes	yes	yes	A	yes	yes
RAD23B	yes	yes	yes	A	yes	yes
RAD50	no	no	yes	B	no	yes
RAD51	no	no	no	B	no	no
RAD51AP1	no	no	yes	B	no	no
RAD51B	no	no	yes	B	no	no
RAD51C	no	no	yes	B	no	no
RAD51D	no	no	yes	B	no	yes
RAD52	no	no	yes	B	no	yes
RAD54B	no	no	no	B	no	no
RAD54L	no	no	no	B	no	no
RAD54L2	no	no	yes	B	no	yes
RAD9A	no	no	yes	B	no	yes
RAD9B	no	no	no	B	no	no
RADIL	no	no	yes	B	no	no
RADX	no	no	yes	B	no	no
RAE1	no	no	yes	B	no	yes
RAET1E	no	no	yes	B	no	no
RAF1	no	no	yes	B	no	yes
RAI1	no	no	yes	B	no	yes
RAI14	yes	yes	yes	A	yes	yes
RAI2	no	no	yes	B	no	yes
RALA	yes	yes	yes	A	yes	yes
RALB	yes	yes	yes	A	yes	yes
RALBP1	no	no	yes	B	no	yes
RALGAPA1	no	no	yes	B	no	yes
RALGAPA2	no	no	yes	B	no	yes
RALGAPB	no	no	yes	B	no	yes
RALGDS	no	no	yes	B	no	yes
RALGPS1	no	no	yes	B	no	yes
RALGPS2	no	no	yes	B	no	yes
RALY	yes	yes	yes	A	yes	yes
RALYL	no	no	no	B	no	no
RAMAC	no	no	yes	B	no	no
RAMP1	no	no	no	B	no	no
RAMP2	no	no	yes	B	no	yes
RAMP3	no	no	yes	B	no	yes
RAN	yes	yes	yes	A	yes	yes
RANBP1	yes	yes	yes	A	yes	yes
RANBP10	no	no	yes	B	no	yes
RANBP17	no	no	yes	B	no	no
RANBP2	yes	yes	yes	A	yes	yes
RANBP3	no	no	yes	B	no	yes
RANBP3L	no	no	yes	B	no	yes
RANBP6	no	no	yes	B	no	yes
RANBP9	no	no	yes	B	no	yes
RANGAP1	yes	no	yes	B	yes	yes
RANGRF	no	no	no	B	no	no
RAP1A	yes	yes	yes	A	yes	yes
RAP1B	yes	yes	yes	A	yes	yes
RAP1GAP	no	yes	yes	B	yes	yes
RAP1GAP2	no	no	yes	B	no	yes
RAP1GDS1	yes	yes	yes	A	yes	yes
RAP2A	no	no	yes	B	no	yes
RAP2B	no	no	yes	B	no	no
RAP2C	yes	no	yes	B	yes	yes
RAPGEF1	no	no	yes	B	no	yes
RAPGEF2	no	no	yes	B	no	yes
RAPGEF3	no	no	yes	B	no	yes
RAPGEF3OS2	no	no	no	B	no	no
RAPGEF4	no	no	yes	B	no	yes
RAPGEF5	no	no	yes	B	no	yes
RAPGEF6	no	no	yes	B	no	yes
RAPH1	no	no	yes	B	no	yes
RAPSN	no	no	no	B	no	no
RARA	no	no	yes	B	no	yes
RARB	no	no	yes	B	no	yes
RARG	no	no	yes	B	no	yes
RARRES1	no	no	yes	B	no	no
RARRES2	yes	no	yes	B	yes	yes
RARS	no	no	no	B	no	no
RARS1	yes	yes	yes	A	yes	no
RARS2	no	no	yes	B	no	yes
RASA1	no	no	yes	B	no	yes
RASA2	no	no	yes	B	no	yes
RASA3	no	no	yes	B	no	yes
RASA4	no	no	yes	B	no	no
RASA4B	no	no	no	B	no	no
RASAL1	no	no	yes	B	no	no
RASAL2	no	no	yes	B	no	yes
RASAL3	no	no	yes	B	no	no
RASD1	no	no	no	B	no	yes
RASD2	no	no	no	B	no	yes
RASEF	no	no	yes	B	no	no
RASGEF1A	no	no	no	B	no	no
RASGEF1B	no	no	yes	B	no	no
RASGRF1	no	no	no	B	no	no
RASGRF2	no	no	yes	B	no	no
RASGRP1	no	no	no	B	no	yes
RASGRP2	no	no	yes	B	no	yes
RASGRP3	no	no	yes	B	no	yes
RASGRP4	no	no	no	B	no	no
RASIP1	no	no	yes	B	no	yes
RASL10A	no	no	no	B	no	no
RASL10B	no	no	no	B	no	no
RASL11A	no	no	yes	B	no	yes
RASL11B	no	no	yes	B	no	yes
RASL12	no	no	yes	B	no	yes
RASL2-9	no	no	no	B	no	no
RASSF1	no	no	yes	B	no	yes
RASSF10	no	no	yes	B	no	no
RASSF2	no	no	yes	B	no	yes
RASSF3	no	no	yes	B	no	no
RASSF4	no	no	yes	B	no	yes
RASSF5	no	no	yes	B	no	yes
RASSF6	no	no	yes	B	no	yes
RASSF7	no	no	yes	B	no	yes
RASSF8	no	no	yes	B	no	yes
RASSF9	no	no	yes	B	no	yes
RAVER1	yes	yes	yes	A	yes	yes
RAVER2	no	no	yes	B	no	no
RB1	no	no	yes	B	no	yes
RB1CC1	no	no	yes	B	no	yes
RBAK	no	no	yes	B	no	yes
RBBP4	yes	yes	yes	A	yes	yes
RBBP5	no	no	yes	B	no	yes
RBBP6	no	no	yes	B	no	yes
RBBP7	yes	yes	yes	A	yes	yes
RBBP8	no	no	yes	B	no	yes
RBBP8NL	no	no	no	B	no	no
RBBP9	yes	yes	yes	A	yes	yes
RBCK1	no	no	yes	B	no	yes
RBFA	no	no	yes	B	no	yes
RBFOX1	no	no	no	B	no	no
RBFOX2	no	no	yes	B	no	yes
RBFOX3	no	no	no	B	no	no
RBIS	no	no	yes	B	no	no
RBKS	yes	no	yes	B	yes	yes
RBL1	no	no	yes	B	no	yes
RBL2	no	no	yes	B	no	yes
RBM10	no	no	yes	B	no	yes
RBM11	no	no	yes	B	no	no
RBM12	no	no	yes	B	no	no
RBM12B	no	no	no	B	no	no
RBM12B1	no	no	yes	B	no	no
RBM12B2	no	no	yes	B	no	no
RBM14	yes	yes	yes	A	yes	yes
RBM15	no	no	yes	B	no	yes
RBM15B	no	no	yes	B	no	yes
RBM17	no	no	yes	B	no	yes
RBM18	no	no	yes	B	no	yes
RBM19	no	no	yes	B	no	yes
RBM20	no	no	yes	B	no	yes
RBM22	yes	no	yes	B	yes	yes
RBM23	no	no	no	B	no	no
RBM24	no	no	no	B	no	no
RBM25	yes	yes	yes	A	yes	yes
RBM26	no	no	yes	B	no	yes
RBM27	no	no	yes	B	no	yes
RBM28	no	no	yes	B	no	yes
RBM3	no	yes	yes	B	yes	yes
RBM3-PS	no	no	no	B	no	no
RBM33	no	no	yes	B	no	yes
RBM34	no	no	yes	B	no	yes
RBM38	no	no	yes	B	no	yes
RBM39	yes	yes	yes	A	yes	yes
RBM4	yes	no	yes	B	yes	no
RBM41	no	no	yes	B	no	yes
RBM42	no	no	yes	B	no	no
RBM43	no	no	yes	B	no	yes
RBM45	no	yes	yes	B	yes	yes
RBM47	yes	yes	yes	A	yes	yes
RBM48	no	no	yes	B	no	yes
RBM4B	no	yes	yes	B	yes	yes
RBM5	no	no	yes	B	no	yes
RBM6	no	no	yes	B	no	yes
RBM7	no	no	yes	B	no	yes
RBM8A	yes	yes	yes	A	yes	yes
RBMS1	no	yes	yes	B	yes	yes
RBMS2	no	no	yes	B	no	yes
RBMS3	no	no	yes	B	no	yes
RBMX	yes	yes	yes	A	yes	yes
RBMX2	no	no	yes	B	no	yes
RBMXL1	no	no	no	B	no	no
RBMY	no	no	no	B	no	no
RBP1	yes	yes	yes	A	yes	yes
RBP2	no	no	yes	B	no	no
RBP4	yes	yes	yes	A	yes	yes
RBP5	no	no	no	B	no	no
RBP7	no	no	yes	B	no	no
RBPJ	no	no	yes	B	no	yes
RBPJ-PS3	no	no	no	B	no	no
RBPJL	no	no	no	B	no	no
RBPMS	yes	yes	yes	A	yes	yes
RBPMS2	no	no	yes	B	no	no
RBSN	no	no	yes	B	no	no
RBX1	no	no	yes	B	no	yes
RC3H1	no	no	yes	B	no	yes
RC3H2	no	no	yes	B	no	yes
RCAN1	no	no	yes	B	no	yes
RCAN2	no	no	no	B	no	yes
RCAN3	no	no	yes	B	no	yes
RCBTB1	no	no	yes	B	no	yes
RCBTB2	no	no	yes	B	no	yes
RCC1	yes	yes	yes	A	yes	yes
RCC1L	no	no	yes	B	no	no
RCC2	yes	yes	yes	A	yes	yes
RCCD1	no	no	yes	B	no	no
RCE1	no	no	yes	B	no	yes
RCHY1	no	no	yes	B	no	yes
RCL1	no	no	yes	B	no	yes
RCN1	yes	yes	yes	A	yes	yes
RCN2	yes	yes	yes	A	yes	yes
RCN3	no	yes	yes	B	yes	yes
RCOR1	no	no	yes	B	no	yes
RCOR2	no	no	yes	B	no	no
RCOR3	no	no	yes	B	no	yes
RCSD1	no	yes	yes	B	yes	yes
RDH10	no	no	yes	B	no	yes
RDH11	no	no	yes	B	no	yes
RDH12	no	no	yes	B	no	no
RDH13	no	no	yes	B	no	yes
RDH14	yes	yes	yes	A	yes	yes
RDH16	yes	yes	yes	A	yes	yes
RDH16F1	no	no	no	B	no	no
RDH16F2	no	no	yes	B	no	no
RDH18-PS	no	no	no	B	no	no
RDH5	no	no	no	B	no	yes
RDH9	no	no	no	B	no	no
RDM1	no	no	no	B	no	no
RDX	yes	yes	yes	A	yes	yes
REC114	no	no	no	B	no	no
REC8	no	no	no	B	no	yes
RECK	no	no	yes	B	no	yes
RECQL	no	no	yes	B	no	yes
RECQL4	no	no	no	B	no	no
RECQL5	no	no	yes	B	no	yes
REEP1	no	no	no	B	no	no
REEP2	no	no	yes	B	no	no
REEP3	no	no	yes	B	no	yes
REEP4	no	no	yes	B	no	yes
REEP5	yes	yes	yes	A	yes	yes
REEP6	yes	no	yes	B	yes	yes
REG3G	no	no	yes	B	no	no
REL	no	no	yes	B	no	no
RELA	no	no	yes	B	no	yes
RELB	no	no	yes	B	no	yes
RELCH	yes	no	yes	B	yes	no
RELL1	no	no	yes	B	no	yes
RELL2	no	no	no	B	no	no
RELN	no	no	yes	B	no	no
RELT	no	no	no	B	no	no
REM1	no	no	yes	B	no	yes
REM2	no	no	yes	B	no	no
REN	yes	no	yes	B	yes	yes
RENBP	yes	yes	yes	A	yes	yes
REPIN1	no	no	yes	B	no	yes
REPS1	no	no	yes	B	no	yes
REPS2	no	no	yes	B	no	yes
RER1	yes	no	yes	B	yes	yes
RERE	no	no	yes	B	no	yes
RERG	no	no	yes	B	no	yes
RERGL	no	no	yes	B	no	yes
RESF1	no	no	yes	B	no	no
REST	no	no	yes	B	no	yes
RET	no	no	no	B	no	no
RETN	no	no	yes	B	no	no
RETNLA	no	no	no	B	no	no
RETNLG	no	no	yes	B	no	no
RETREG1	no	no	yes	B	no	no
RETREG2	no	no	yes	B	no	no
RETREG3	no	no	yes	B	no	no
RETSAT	yes	yes	yes	A	yes	yes
REV1	no	no	yes	B	no	yes
REV3L	no	no	yes	B	no	yes
REX1BD	no	no	yes	B	no	no
REXO1	no	no	yes	B	no	yes
REXO2	yes	yes	yes	A	yes	yes
REXO4	no	no	yes	B	no	yes
REXO5	no	no	no	B	no	no
RFC1	no	no	yes	B	no	yes
RFC2	no	no	yes	B	no	yes
RFC3	no	no	yes	B	no	yes
RFC4	no	no	yes	B	no	yes
RFC5	no	no	yes	B	no	yes
RFESD	no	no	yes	B	no	yes
RFFL	no	no	yes	B	no	yes
RFK	no	no	yes	B	no	yes
RFLNB	no	no	yes	B	no	no
RFNG	no	no	yes	B	no	yes
RFT1	no	no	yes	B	no	yes
RFTN1	yes	yes	yes	A	yes	yes
RFTN2	no	no	yes	B	no	no
RFWD2	no	no	no	B	no	no
RFWD3	no	no	yes	B	no	yes
RFX1	no	no	yes	B	no	yes
RFX2	no	no	yes	B	no	no
RFX3	no	no	yes	B	no	no
RFX5	no	no	yes	B	no	yes
RFX7	no	no	yes	B	no	yes
RFXANK	no	no	yes	B	no	yes
RFXAP	no	no	yes	B	no	yes
RGAG4	no	no	no	B	no	no
RGCC	no	no	yes	B	no	yes
RGL1	no	no	yes	B	no	yes
RGL2	no	no	yes	B	no	yes
RGL3	no	no	yes	B	no	yes
RGMA	no	no	yes	B	no	no
RGMB	no	no	yes	B	no	yes
RGN	yes	yes	yes	A	yes	yes
RGP1	no	no	yes	B	no	yes
RGS1	no	no	no	B	no	no
RGS10	no	yes	yes	B	yes	yes
RGS11	no	no	no	B	no	yes
RGS12	no	no	yes	B	no	yes
RGS14	no	no	yes	B	no	no
RGS16	no	no	no	B	no	no
RGS18	no	no	yes	B	no	no
RGS19	no	no	yes	B	no	yes
RGS2	no	no	yes	B	no	yes
RGS22	no	no	no	B	no	no
RGS3	no	no	yes	B	no	yes
RGS4	no	no	no	B	no	yes
RGS5	no	no	no	B	no	yes
RGS6	no	no	yes	B	no	no
RGS7	no	no	no	B	no	no
RGS8	no	no	no	B	no	no
RHBDD1	no	no	yes	B	no	yes
RHBDD2	no	no	yes	B	no	yes
RHBDD3	no	no	yes	B	no	yes
RHBDF1	no	no	yes	B	no	yes
RHBDF2	no	no	yes	B	no	yes
RHBDL1	no	no	no	B	no	no
RHBDL2	no	no	yes	B	no	yes
RHBDL3	no	no	yes	B	no	yes
RHBG	yes	yes	yes	A	yes	yes
RHCG	yes	yes	yes	A	yes	yes
RHEB	yes	yes	yes	A	yes	yes
RHEBL1	no	no	no	B	no	no
RHNO1	no	no	no	B	no	yes
RHOA	yes	yes	yes	A	yes	yes
RHOB	no	no	yes	B	no	yes
RHOBTB1	no	no	yes	B	no	yes
RHOBTB2	no	no	yes	B	no	yes
RHOBTB3	no	no	yes	B	no	yes
RHOC	no	no	yes	B	no	yes
RHOD	no	no	yes	B	no	yes
RHOF	no	no	yes	B	no	no
RHOG	yes	yes	yes	A	yes	yes
RHOG2	no	no	no	B	no	no
RHOH	no	no	yes	B	no	no
RHOJ	no	no	yes	B	no	yes
RHOQ	no	no	yes	B	no	yes
RHOT1	yes	yes	yes	A	yes	yes
RHOT2	no	no	yes	B	no	yes
RHOU	no	no	yes	B	no	yes
RHOV	no	no	no	B	no	no
RHOX6	no	no	no	B	no	no
RHPN1	no	no	yes	B	no	yes
RHPN2	no	no	yes	B	no	yes
RIBC1	no	no	no	B	no	no
RIBC2	no	no	no	B	no	no
RIC1	no	no	yes	B	no	yes
RIC3	no	no	no	B	no	no
RIC8	no	no	no	B	no	no
RIC8A	no	no	yes	B	no	no
RIC8B	no	no	yes	B	no	yes
RICTOR	no	no	yes	B	no	yes
RIDA	yes	yes	yes	A	yes	no
RIF1	no	no	yes	B	no	no
RIIAD1	no	no	no	B	no	no
RILP	no	no	yes	B	no	yes
RILPL1	no	no	yes	B	no	yes
RILPL2	no	no	yes	B	no	yes
RIMBP2	no	no	no	B	no	no
RIMKLA	no	no	yes	B	no	no
RIMKLB	no	no	no	B	no	no
RIMOC1	no	no	yes	B	no	no
RIMS1	no	no	no	B	no	no
RIMS2	no	no	yes	B	no	no
RIMS3	no	no	no	B	no	no
RIMS4	no	no	no	B	no	no
RIN1	no	no	yes	B	no	no
RIN2	no	no	yes	B	no	yes
RIN3	no	no	yes	B	no	yes
RING1	no	no	yes	B	no	yes
RINL	no	no	no	B	no	yes
RINT1	no	no	yes	B	no	yes
RIOK1	no	no	yes	B	no	yes
RIOK2	no	no	yes	B	no	yes
RIOK3	no	no	yes	B	no	yes
RIOX1	no	no	yes	B	no	no
RIOX2	no	no	yes	B	no	no
RIPK1	no	no	yes	B	no	yes
RIPK2	no	no	yes	B	no	yes
RIPK3	no	no	yes	B	no	no
RIPK4	no	no	yes	B	no	yes
RIPOR1	no	no	yes	B	no	no
RIPOR2	no	no	yes	B	no	no
RIPOR3	no	no	yes	B	no	no
RIPPLY3	no	no	yes	B	no	no
RIT1	no	no	yes	B	no	yes
RIT2	no	no	no	B	no	no
RITA1	no	no	yes	B	no	yes
RLF	no	no	yes	B	no	yes
RLIM	no	no	yes	B	no	yes
RLTPR	no	no	no	B	no	no
RMC1	no	no	yes	B	no	no
RMDN1	yes	yes	yes	A	yes	yes
RMDN2	yes	yes	yes	A	yes	yes
RMDN3	yes	yes	yes	A	yes	yes
RMI1	no	no	yes	B	no	yes
RMI2	no	no	no	B	no	no
RMND1	yes	yes	yes	A	yes	yes
RMND5A	no	no	yes	B	no	yes
RMND5B	no	no	yes	B	no	yes
RMP24	no	no	no	B	no	no
RMP64	no	no	yes	B	no	no
RMRP	no	no	no	B	no	no
RN18S	no	no	no	B	no	no
RN7SL5P	no	no	no	B	no	no
RNASE4	yes	yes	yes	A	yes	yes
RNASE6	yes	no	yes	B	yes	no
RNASEH1	no	no	yes	B	no	yes
RNASEH2A	no	no	yes	B	no	yes
RNASEH2B	no	no	yes	B	no	yes
RNASEH2C	no	no	yes	B	no	yes
RNASEK	no	no	yes	B	no	no
RNASEL	no	no	yes	B	no	yes
RNASET2	no	no	no	B	no	no
RNASET2A	no	no	yes	B	no	no
RNASET2B	no	no	no	B	no	no
RND1	no	no	no	B	no	no
RND2	no	no	no	B	no	yes
RND3	no	no	yes	B	no	yes
RNF10	no	no	yes	B	no	yes
RNF103	no	no	no	B	no	no
RNF11	no	no	yes	B	no	yes
RNF111	no	no	yes	B	no	yes
RNF112	no	no	no	B	no	no
RNF113A	no	no	yes	B	no	no
RNF113B	no	no	yes	B	no	no
RNF114	yes	yes	yes	A	yes	yes
RNF115	no	no	yes	B	no	yes
RNF121	no	no	yes	B	no	yes
RNF122	no	no	no	B	no	no
RNF123	no	no	yes	B	no	yes
RNF125	no	no	no	B	no	yes
RNF126	no	no	yes	B	no	yes
RNF128	no	no	yes	B	no	yes
RNF13	no	no	yes	B	no	yes
RNF130	no	no	yes	B	no	yes
RNF135	no	no	yes	B	no	yes
RNF138	no	no	yes	B	no	yes
RNF139	no	no	yes	B	no	yes
RNF14	no	no	yes	B	no	yes
RNF141	no	no	yes	B	no	yes
RNF144A	no	no	no	B	no	yes
RNF144B	no	no	no	B	no	yes
RNF145	no	no	yes	B	no	yes
RNF146	no	no	yes	B	no	yes
RNF149	no	no	yes	B	no	yes
RNF150	no	no	yes	B	no	no
RNF151	no	no	no	B	no	no
RNF152	no	no	no	B	no	yes
RNF157	no	no	no	B	no	no
RNF166	no	no	yes	B	no	yes
RNF167	no	no	yes	B	no	yes
RNF168	no	no	yes	B	no	yes
RNF169	no	no	yes	B	no	yes
RNF170	no	no	yes	B	no	yes
RNF170-PS	no	no	no	B	no	no
RNF180	no	no	yes	B	no	yes
RNF181	no	no	yes	B	no	yes
RNF182	no	no	no	B	no	no
RNF183	no	no	no	B	no	yes
RNF185	no	no	yes	B	no	yes
RNF186	no	no	yes	B	no	no
RNF187	no	no	yes	B	no	yes
RNF19A	no	no	yes	B	no	yes
RNF19B	no	no	yes	B	no	yes
RNF2	no	no	yes	B	no	yes
RNF20	no	no	yes	B	no	yes
RNF207	no	no	no	B	no	no
RNF208	no	no	no	B	no	yes
RNF212B	no	no	no	B	no	no
RNF213	no	no	yes	B	no	yes
RNF214	no	no	yes	B	no	yes
RNF215	no	no	no	B	no	yes
RNF216	no	no	yes	B	no	yes
RNF217	no	no	no	B	no	yes
RNF219	no	no	no	B	no	no
RNF220	no	no	yes	B	no	yes
RNF227	no	no	no	B	no	no
RNF24	no	no	no	B	no	yes
RNF25	no	no	yes	B	no	yes
RNF26	no	no	yes	B	no	yes
RNF31	no	no	yes	B	no	yes
RNF32	no	no	no	B	no	no
RNF34	no	no	yes	B	no	yes
RNF38	no	no	no	B	no	yes
RNF39	no	no	yes	B	no	no
RNF4	no	no	yes	B	no	yes
RNF40	no	no	yes	B	no	yes
RNF41	no	no	yes	B	no	yes
RNF43	no	no	no	B	no	no
RNF44	no	no	no	B	no	yes
RNF5	no	no	yes	B	no	yes
RNF6	no	no	yes	B	no	yes
RNF7	no	no	yes	B	no	yes
RNF8	no	no	yes	B	no	yes
RNFT1	no	no	yes	B	no	yes
RNFT2	no	no	no	B	no	no
RNGTT	no	no	yes	B	no	yes
RNH1	yes	yes	yes	A	yes	yes
RNLS	no	no	no	B	no	yes
RNMT	yes	yes	yes	A	yes	yes
RNMTL1	no	no	no	B	no	no
RNPC3	no	no	yes	B	no	yes
RNPEP	yes	yes	yes	A	yes	yes
RNPEPL1	no	no	yes	B	no	yes
RNPS1	no	no	yes	B	no	yes
RNPS1-PS	no	no	no	B	no	no
RNU1-125P	no	no	no	B	no	no
RNU3A	no	no	no	B	no	no
RNU4-5P	no	no	no	B	no	no
RNU6-1007P	no	no	no	B	no	no
RNU6-1079P	no	no	no	B	no	no
RNU6-1102P	no	no	no	B	no	no
RNU6-1114P	no	no	no	B	no	no
RNU6-142P	no	no	no	B	no	no
RNU6-231P	no	no	no	B	no	no
RNU6-268P	no	no	no	B	no	no
RNU6-415P	no	no	no	B	no	no
RNU6-484P	no	no	no	B	no	no
RNU6-49P	no	no	no	B	no	no
RNU6-524P	no	no	no	B	no	no
RNU6-597P	no	no	no	B	no	no
RNU6-681P	no	no	no	B	no	no
RNU6-724P	no	no	no	B	no	no
RNU6-739P	no	no	no	B	no	no
RNU6-800P	no	no	no	B	no	no
RNU6-805P	no	no	no	B	no	no
RNU6-84P	no	no	no	B	no	no
RNU7	no	no	no	B	no	no
RNU73B	no	no	no	B	no	no
RO60	yes	yes	yes	A	yes	no
ROBO1	no	no	yes	B	no	no
ROBO2	no	no	yes	B	no	yes
ROBO3	no	no	no	B	no	no
ROBO4	no	no	yes	B	no	yes
ROCK1	no	yes	yes	B	yes	yes
ROCK2	yes	yes	yes	A	yes	yes
ROGDI	no	no	yes	B	no	yes
ROM1	no	no	no	B	no	yes
ROMO1	no	no	yes	B	no	yes
ROPN1L	no	no	yes	B	no	yes
ROR1	no	no	yes	B	no	yes
ROR2	no	no	yes	B	no	no
RORA	no	no	yes	B	no	yes
RORC	no	no	yes	B	no	yes
ROS1	no	no	no	B	no	no
RP2	no	no	yes	B	no	no
RP23-101P2.6	no	no	no	B	no	no
RP23-118E21.11	no	no	no	B	no	no
RP23-123L9.5	no	no	no	B	no	no
RP23-13A13.6	no	no	no	B	no	no
RP23-152I6.2	no	no	no	B	no	no
RP23-152I6.3	no	no	no	B	no	no
RP23-152O2.3	no	no	no	B	no	no
RP23-160G19.10	no	no	no	B	no	no
RP23-168E14.10	no	no	no	B	no	no
RP23-16N14.2	no	no	no	B	no	no
RP23-180G16.1	no	no	no	B	no	no
RP23-187F18.1	no	no	no	B	no	no
RP23-201I6.5	no	no	no	B	no	no
RP23-206D14.7	no	no	no	B	no	no
RP23-206J9.6	no	no	no	B	no	no
RP23-226J18.4	no	no	no	B	no	no
RP23-226J18.5	no	no	no	B	no	no
RP23-243J5.2	no	no	no	B	no	no
RP23-274H19.2	no	no	no	B	no	no
RP23-27L18.4	no	no	no	B	no	no
RP23-280F6.5	no	no	no	B	no	no
RP23-293I7.1	no	no	no	B	no	no
RP23-296I6.8	no	no	no	B	no	no
RP23-304O9.1	no	no	no	B	no	no
RP23-306B14.3	no	no	no	B	no	no
RP23-310L8.1	no	no	no	B	no	no
RP23-320I7.3	no	no	no	B	no	no
RP23-32A8.1	no	no	no	B	no	no
RP23-330G24.3	no	no	no	B	no	no
RP23-349M18.1	no	no	no	B	no	no
RP23-34E15.4	no	no	no	B	no	no
RP23-370O17.1	no	no	no	B	no	no
RP23-371A16.2	no	no	no	B	no	no
RP23-372I17.3	no	no	no	B	no	no
RP23-372I17.5	no	no	no	B	no	no
RP23-403H2.3	no	no	no	B	no	no
RP23-410B24.2	no	no	no	B	no	no
RP23-411B11.2	no	no	no	B	no	no
RP23-415C3.6	no	no	no	B	no	no
RP23-436F15.3	no	no	no	B	no	no
RP23-436F15.7	no	no	no	B	no	no
RP23-444I6.3	no	no	no	B	no	no
RP23-445K23.6	no	no	no	B	no	no
RP23-448A11.16	no	no	no	B	no	no
RP23-456B9.23	no	no	no	B	no	no
RP23-461P14.1	no	no	no	B	no	no
RP23-474B13.1	no	no	no	B	no	no
RP23-474B13.2	no	no	no	B	no	no
RP23-58N8.6	no	no	no	B	no	no
RP23-70F22.2	no	no	no	B	no	no
RP23-79K5.4	no	no	no	B	no	no
RP23-89L15.6	no	no	no	B	no	no
RP24-114E18.7	no	no	no	B	no	no
RP24-116C1.9	no	no	no	B	no	no
RP24-117F4.2	no	no	no	B	no	no
RP24-167M10.4	no	no	no	B	no	no
RP24-179O3.1	no	no	no	B	no	no
RP24-180K20.1	no	no	no	B	no	no
RP24-252K15.3	no	no	no	B	no	no
RP24-272N10.3	no	no	no	B	no	no
RP24-272N10.6	no	no	no	B	no	no
RP24-372I24.4	no	no	no	B	no	no
RP24-388D8.6	no	no	no	B	no	no
RP24-393I15.4	no	no	no	B	no	no
RP24-400M20.2	no	no	no	B	no	no
RP24-400M20.4	no	no	no	B	no	no
RP24-422C24.2	no	no	no	B	no	no
RP24-423J19.1	no	no	no	B	no	no
RP24-427N13.6	no	no	no	B	no	no
RP24-428B12.3	no	no	no	B	no	no
RP24-429G21.1	no	no	no	B	no	no
RP24-468O23.2	no	no	no	B	no	no
RP24-492O4.4	no	no	no	B	no	no
RP24-562D16.4	no	no	no	B	no	no
RP24-65D16.3	no	no	no	B	no	no
RP24-65D16.4	no	no	no	B	no	no
RP24-81A22.2	no	no	no	B	no	no
RP24-88F2.3	no	no	no	B	no	no
RP2H	no	no	no	B	no	no
RP9	no	no	yes	B	no	no
RPA1	yes	yes	yes	A	yes	yes
RPA2	yes	yes	yes	A	yes	yes
RPA3	yes	yes	yes	A	yes	yes
RPAIN	no	no	yes	B	no	yes
RPAP1	no	no	yes	B	no	yes
RPAP2	no	no	yes	B	no	yes
RPAP3	no	no	yes	B	no	yes
RPE	no	no	yes	B	no	yes
RPF1	no	no	yes	B	no	yes
RPF2	no	no	yes	B	no	yes
RPGR	no	no	yes	B	no	yes
RPGRIP1L	no	no	yes	B	no	yes
RPH3A	no	no	no	B	no	no
RPH3AL	no	no	yes	B	no	yes
RPIA	no	no	yes	B	no	yes
RPL10	yes	yes	yes	A	yes	yes
RPL10-PS1	no	no	no	B	no	no
RPL10-PS3	no	no	no	B	no	no
RPL10-PS5	no	no	no	B	no	no
RPL10-PS6	no	no	no	B	no	no
RPL10A	yes	yes	yes	A	yes	yes
RPL10A-PS1	no	no	no	B	no	no
RPL11	no	no	yes	B	no	yes
RPL12	yes	yes	yes	A	yes	yes
RPL13	yes	yes	yes	A	yes	yes
RPL13-PS1	no	no	no	B	no	no
RPL13-PS3	no	no	no	B	no	no
RPL13-PS6	no	no	no	B	no	no
RPL13A	yes	yes	yes	A	yes	yes
RPL14	yes	yes	yes	A	yes	yes
RPL14-PS1	no	no	no	B	no	no
RPL15	yes	yes	yes	A	yes	yes
RPL15-PS2	no	no	no	B	no	no
RPL15-PS3	no	no	no	B	no	no
RPL15-PS5	no	no	no	B	no	no
RPL15-PS6	no	no	no	B	no	no
RPL17	yes	yes	yes	A	yes	yes
RPL17-PS10	no	no	no	B	no	no
RPL17-PS3	no	no	no	B	no	no
RPL17-PS4	no	no	no	B	no	no
RPL17-PS5	no	no	no	B	no	no
RPL17-PS8	no	no	no	B	no	no
RPL17-PS9	no	no	no	B	no	no
RPL18	yes	yes	yes	A	yes	yes
RPL18-PS1	no	no	no	B	no	no
RPL18-PS2	no	no	no	B	no	no
RPL18A	yes	yes	yes	A	yes	yes
RPL19	yes	yes	yes	A	yes	yes
RPL19-PS1	no	no	no	B	no	no
RPL19-PS11	no	no	no	B	no	no
RPL19-PS6	no	no	no	B	no	no
RPL19-PS7	no	no	no	B	no	no
RPL21	yes	yes	yes	A	yes	yes
RPL21-PS10	no	no	no	B	no	no
RPL21-PS15	no	no	no	B	no	no
RPL21-PS7	no	no	no	B	no	no
RPL21-PS8	no	no	no	B	no	no
RPL22	yes	yes	yes	A	yes	yes
RPL22-PS1	no	no	no	B	no	no
RPL22L1	no	no	yes	B	no	yes
RPL23	yes	yes	yes	A	yes	yes
RPL23A	yes	yes	yes	A	yes	yes
RPL23A-PS3	no	no	no	B	no	no
RPL24	yes	yes	yes	A	yes	no
RPL26	yes	yes	yes	A	yes	yes
RPL27	yes	yes	yes	A	yes	yes
RPL27-PS1	no	no	no	B	no	no
RPL27-PS2	no	no	no	B	no	no
RPL27-PS3	no	no	no	B	no	no
RPL27A	yes	yes	yes	A	yes	yes
RPL27A-PS4	no	no	no	B	no	no
RPL28	yes	yes	yes	A	yes	yes
RPL28-PS1	no	no	no	B	no	no
RPL28-PS3	no	no	no	B	no	no
RPL29	no	no	yes	B	no	yes
RPL29-PS2	no	no	no	B	no	no
RPL3	yes	yes	yes	A	yes	yes
RPL3-PS1	no	no	no	B	no	no
RPL3-PS2	no	no	no	B	no	no
RPL30	yes	yes	yes	A	yes	yes
RPL30-PS1	no	no	no	B	no	no
RPL30-PS10	no	no	no	B	no	no
RPL30-PS3	no	no	no	B	no	no
RPL30-PS8	no	no	no	B	no	no
RPL30-PS9	no	no	no	B	no	no
RPL31	yes	yes	yes	A	yes	yes
RPL31-PS11	no	no	no	B	no	no
RPL31-PS12	no	no	no	B	no	no
RPL31-PS13	no	no	no	B	no	no
RPL31-PS8	no	no	no	B	no	no
RPL31-PS9	no	no	no	B	no	no
RPL32	yes	yes	yes	A	yes	yes
RPL32L	no	no	no	B	no	no
RPL34	yes	yes	yes	A	yes	yes
RPL34-PS1	no	no	no	B	no	no
RPL35	no	yes	yes	B	yes	yes
RPL35A	yes	yes	yes	A	yes	yes
RPL35A-PS2	no	no	no	B	no	no
RPL35A-PS3	no	no	no	B	no	no
RPL35A-PS4	no	no	no	B	no	no
RPL35A-PS5	no	no	no	B	no	no
RPL35A-PS6	no	no	no	B	no	no
RPL36	yes	yes	yes	A	yes	yes
RPL36-PS12	no	no	no	B	no	no
RPL36-PS2	no	no	no	B	no	no
RPL36-PS3	no	no	no	B	no	no
RPL36A	no	no	yes	B	no	no
RPL36A-PS1	no	no	no	B	no	no
RPL36A-PS2	no	no	no	B	no	no
RPL36A-PS3	no	no	no	B	no	no
RPL36AL	no	no	no	B	no	no
RPL37	no	no	yes	B	no	yes
RPL37A	no	no	yes	B	no	yes
RPL37RT	no	no	no	B	no	no
RPL38	no	no	yes	B	no	yes
RPL38-PS1	no	no	no	B	no	no
RPL38-PS2	no	no	no	B	no	no
RPL39	no	no	yes	B	no	yes
RPL39-PS	no	no	no	B	no	no
RPL3L	no	no	no	B	no	yes
RPL4	yes	yes	yes	A	yes	yes
RPL41	no	no	no	B	no	no
RPL5	yes	yes	yes	A	yes	yes
RPL5-PS1	no	no	no	B	no	no
RPL5-PS2	no	no	no	B	no	no
RPL6	yes	yes	yes	A	yes	yes
RPL6L	no	no	no	B	no	no
RPL7	yes	yes	yes	A	yes	yes
RPL7-PS7	no	no	no	B	no	no
RPL7-PS8	no	no	no	B	no	no
RPL7-PS9	no	no	no	B	no	no
RPL7A	yes	yes	yes	A	yes	yes
RPL7A-PS10	no	no	no	B	no	no
RPL7A-PS11	no	no	no	B	no	no
RPL7A-PS3	no	no	no	B	no	no
RPL7A-PS5	no	no	no	B	no	no
RPL7A-PS7	no	no	no	B	no	no
RPL7L1	no	no	yes	B	no	yes
RPL8	yes	yes	yes	A	yes	yes
RPL9	yes	yes	yes	A	yes	yes
RPL9-PS4	no	no	no	B	no	no
RPL9-PS6	no	no	no	B	no	no
RPL9-PS7	no	no	no	B	no	no
RPLP0	yes	yes	yes	A	yes	yes
RPLP0-PS1	no	no	no	B	no	no
RPLP1	yes	yes	yes	A	yes	yes
RPLP2	yes	yes	yes	A	yes	yes
RPLP2-PS1	no	no	no	B	no	no
RPN1	yes	yes	yes	A	yes	yes
RPN2	yes	yes	yes	A	yes	yes
RPP14	no	no	yes	B	no	yes
RPP21	no	no	yes	B	no	yes
RPP25	no	no	yes	B	no	no
RPP25L	no	no	yes	B	no	yes
RPP30	no	no	yes	B	no	yes
RPP38	no	no	yes	B	no	yes
RPP40	no	no	yes	B	no	yes
RPPH1	no	no	no	B	no	no
RPRD1A	no	no	yes	B	no	yes
RPRD1B	no	yes	yes	B	yes	yes
RPRD2	no	no	yes	B	no	yes
RPRM	no	no	no	B	no	no
RPS10	yes	yes	yes	A	yes	yes
RPS10-PS1	no	no	no	B	no	no
RPS10-PS2	no	no	no	B	no	no
RPS11	yes	yes	yes	A	yes	yes
RPS11-PS1	no	no	no	B	no	no
RPS11-PS2	no	no	no	B	no	no
RPS12	yes	yes	yes	A	yes	yes
RPS12-PS10	no	no	no	B	no	no
RPS12-PS11	no	no	no	B	no	no
RPS12-PS12	no	no	no	B	no	no
RPS12-PS13	no	no	no	B	no	no
RPS12-PS14	no	no	no	B	no	no
RPS12-PS15	no	no	no	B	no	no
RPS12-PS16	no	no	no	B	no	no
RPS12-PS17	no	no	no	B	no	no
RPS12-PS18	no	no	no	B	no	no
RPS12-PS24	no	no	no	B	no	no
RPS12-PS3	no	no	no	B	no	no
RPS12-PS4	no	no	no	B	no	no
RPS12-PS5	no	no	no	B	no	no
RPS12-PS6	no	no	no	B	no	no
RPS12-PS9	no	no	no	B	no	no
RPS12L1	no	no	no	B	no	no
RPS13	yes	yes	yes	A	yes	yes
RPS13-PS1	no	no	no	B	no	no
RPS13-PS2	no	no	no	B	no	no
RPS13-PS4	no	no	no	B	no	no
RPS13-PS5	no	no	no	B	no	no
RPS14	no	no	yes	B	no	yes
RPS15	yes	yes	yes	A	yes	yes
RPS15-PS2	no	no	no	B	no	no
RPS15-PS3	no	no	no	B	no	no
RPS15A	yes	yes	yes	A	yes	yes
RPS15A-PS3	no	no	no	B	no	no
RPS15A-PS4	no	no	no	B	no	no
RPS15A-PS5	no	no	no	B	no	no
RPS15A-PS6	no	no	no	B	no	no
RPS15A-PS7	no	no	no	B	no	no
RPS16	yes	yes	yes	A	yes	yes
RPS16-PS2	no	no	no	B	no	no
RPS17	yes	yes	yes	A	yes	yes
RPS18	yes	yes	yes	A	yes	yes
RPS18-PS3	no	no	no	B	no	no
RPS18-PS5	no	no	no	B	no	no
RPS18-PS6	no	no	no	B	no	no
RPS19	no	no	yes	B	no	yes
RPS19-PS1	no	no	no	B	no	no
RPS19-PS2	no	no	no	B	no	no
RPS19-PS3	no	no	no	B	no	no
RPS19-PS4	no	no	no	B	no	no
RPS19-PS6	no	no	no	B	no	no
RPS19-PS7	no	no	no	B	no	no
RPS19BP1	no	no	yes	B	no	yes
RPS2	yes	yes	yes	A	yes	yes
RPS2-PS10	no	no	no	B	no	no
RPS2-PS13	no	no	no	B	no	no
RPS2-PS6	no	no	no	B	no	no
RPS2-PS8	no	no	no	B	no	no
RPS20	yes	yes	yes	A	yes	yes
RPS21	yes	yes	yes	A	yes	yes
RPS23	yes	yes	yes	A	yes	yes
RPS23-PS1	no	no	no	B	no	no
RPS23-PS2	no	no	no	B	no	no
RPS24	yes	yes	yes	A	yes	yes
RPS24-PS3	no	no	no	B	no	no
RPS25	yes	yes	yes	A	yes	yes
RPS25-PS1	no	no	no	B	no	no
RPS26	yes	yes	yes	A	yes	yes
RPS26-PS1	no	no	no	B	no	no
RPS27	no	no	yes	B	no	yes
RPS27A	yes	yes	yes	A	yes	yes
RPS27A-PS2	no	no	no	B	no	no
RPS27A-PS3	no	no	no	B	no	no
RPS27L	yes	no	yes	B	yes	yes
RPS28	yes	yes	yes	A	yes	yes
RPS29	no	no	yes	B	no	yes
RPS3	yes	yes	yes	A	yes	yes
RPS3A	yes	yes	yes	A	yes	yes
RPS3A2	no	no	no	B	no	no
RPS3A3	no	no	no	B	no	no
RPS4L	no	no	yes	B	no	no
RPS4X	no	no	yes	B	no	yes
RPS5	yes	yes	yes	A	yes	yes
RPS6	yes	yes	yes	A	yes	yes
RPS6-PS1	no	no	no	B	no	no
RPS6-PS3	no	no	no	B	no	no
RPS6-PS4	no	no	no	B	no	no
RPS6KA1	yes	yes	yes	A	yes	yes
RPS6KA2	no	no	yes	B	no	no
RPS6KA3	yes	yes	yes	A	yes	yes
RPS6KA4	no	no	yes	B	no	yes
RPS6KA5	no	no	yes	B	no	no
RPS6KA6	no	no	yes	B	no	no
RPS6KB1	no	no	yes	B	no	yes
RPS6KB2	no	no	yes	B	no	yes
RPS6KC1	no	no	yes	B	no	yes
RPS6KL1	no	no	no	B	no	no
RPS7	yes	yes	yes	A	yes	yes
RPS7-PS3	no	no	no	B	no	no
RPS8	yes	yes	yes	A	yes	yes
RPS8-PS1	no	no	no	B	no	no
RPS8-PS2	no	no	no	B	no	no
RPS8-PS5	no	no	no	B	no	no
RPS9	yes	yes	yes	A	yes	yes
RPSA	yes	yes	yes	A	yes	yes
RPSA-PS1	no	no	no	B	no	no
RPSA-PS10	no	no	no	B	no	no
RPSA-PS12	no	no	no	B	no	no
RPSA-PS2	no	no	no	B	no	no
RPSA-PS4	no	no	no	B	no	no
RPSA-PS7	no	no	no	B	no	no
RPSA-PS9	no	no	no	B	no	no
RPTOR	no	no	yes	B	no	yes
RPUSD1	no	no	yes	B	no	yes
RPUSD2	no	no	yes	B	no	yes
RPUSD3	no	no	yes	B	no	yes
RPUSD4	no	no	yes	B	no	yes
RQCD1	no	no	no	B	no	no
RRAD	no	no	yes	B	no	yes
RRAGA	yes	no	yes	B	yes	yes
RRAGB	no	no	yes	B	no	no
RRAGC	yes	no	yes	B	yes	yes
RRAGD	no	no	yes	B	no	yes
RRAS	yes	yes	yes	A	yes	yes
RRAS2	yes	yes	yes	A	yes	yes
RRBP1	yes	yes	yes	A	yes	yes
RREB1	no	no	yes	B	no	yes
RRH	no	no	no	B	no	no
RRM1	no	no	yes	B	no	yes
RRM2	no	no	yes	B	no	yes
RRM2B	no	no	yes	B	no	yes
RRN3	no	no	yes	B	no	yes
RRNAD1	no	no	no	B	no	no
RRP1	no	no	yes	B	no	yes
RRP12	no	no	yes	B	no	yes
RRP15	no	no	yes	B	no	yes
RRP1B	no	no	yes	B	no	yes
RRP36	no	no	yes	B	no	no
RRP7A	no	no	yes	B	no	yes
RRP8	no	no	yes	B	no	yes
RRP9	no	no	yes	B	no	yes
RRS1	no	no	yes	B	no	yes
RSAD1	no	no	yes	B	no	yes
RSAD2	no	no	yes	B	no	yes
RSBN1	no	no	yes	B	no	no
RSBN1L	no	no	yes	B	no	yes
RSC1A1	no	no	yes	B	no	no
RSF1	no	no	yes	B	no	yes
RSKR	no	no	no	B	no	no
RSL1	no	no	yes	B	no	no
RSL1D1	no	no	yes	B	no	yes
RSL24D1	no	no	yes	B	no	yes
RSPH1	no	no	no	B	no	no
RSPH10B	no	no	no	B	no	no
RSPH3	no	no	no	B	no	no
RSPH3A	no	no	no	B	no	no
RSPH3B	no	no	no	B	no	no
RSPH4A	no	no	no	B	no	no
RSPH9	no	no	yes	B	no	no
RSPO1	no	no	no	B	no	no
RSPO3	no	no	no	B	no	no
RSPRY1	no	no	yes	B	no	yes
RSRC1	no	no	yes	B	no	yes
RSRC2	no	no	yes	B	no	yes
RSRP1	no	no	yes	B	no	yes
RSU1	yes	yes	yes	A	yes	yes
RTCA	yes	yes	yes	A	yes	yes
RTCB	yes	yes	yes	A	yes	yes
RTEL1	no	no	yes	B	no	yes
RTF1	no	no	yes	B	no	yes
RTF2	no	no	yes	B	no	no
RTFDC1	no	no	no	B	no	no
RTKN	no	no	yes	B	no	yes
RTKN2	no	no	no	B	no	no
RTL1	no	no	yes	B	no	no
RTL10	no	no	no	B	no	no
RTL5	yes	yes	no	B	no	no
RTL6	no	no	no	B	no	no
RTL8A	no	no	no	B	no	no
RTL8B	no	no	yes	B	no	no
RTL8C	no	no	yes	B	no	no
RTN1	no	no	yes	B	no	no
RTN2	no	no	yes	B	no	no
RTN3	yes	yes	yes	A	yes	yes
RTN4	yes	yes	yes	A	yes	yes
RTN4IP1	no	no	yes	B	no	yes
RTN4R	no	no	yes	B	no	no
RTN4RL1	no	no	yes	B	no	yes
RTN4RL2	no	no	yes	B	no	yes
RTP1	no	no	no	B	no	no
RTP3	no	no	yes	B	no	no
RTP4	no	no	yes	B	no	yes
RTRAF	yes	yes	yes	A	yes	no
RTRAF-PS	no	no	no	B	no	no
RTTN	no	no	yes	B	no	no
RUBCN	no	no	yes	B	no	no
RUBCNL	no	no	no	B	no	no
RUFY1	yes	no	yes	B	yes	yes
RUFY2	no	no	yes	B	no	yes
RUFY3	yes	no	yes	B	yes	yes
RUFY4	no	no	no	B	no	yes
RUNDC1	no	no	yes	B	no	yes
RUNDC3A	no	no	yes	B	no	yes
RUNX1	no	no	yes	B	no	no
RUNX1T1	no	no	yes	B	no	no
RUNX2	no	no	yes	B	no	no
RUNX3	no	no	yes	B	no	no
RUSC1	no	no	yes	B	no	yes
RUSC2	no	no	yes	B	no	yes
RUSF1	no	no	yes	B	no	no
RUVBL1	yes	yes	yes	A	yes	yes
RUVBL2	yes	yes	yes	A	yes	yes
RWDD1	no	no	yes	B	no	yes
RWDD2A	no	no	yes	B	no	no
RWDD2B	no	no	yes	B	no	yes
RWDD3	no	no	yes	B	no	no
RWDD4	no	no	yes	B	no	yes
RXRA	no	no	yes	B	no	yes
RXRB	no	no	yes	B	no	yes
RXRG	no	no	no	B	no	no
RXYLT1	no	no	yes	B	no	no
RYBP	no	no	yes	B	no	yes
RYBP-PS	no	no	no	B	no	no
RYK	no	no	yes	B	no	yes
RYR1	no	no	no	B	no	no
RYR2	no	no	no	B	no	no
RYR3	no	no	no	B	no	no
S100A1	yes	no	yes	B	yes	yes
S100A10	yes	yes	yes	A	yes	yes
S100A11	no	no	yes	B	no	yes
S100A12	yes	no	no	B	no	no
S100A13	yes	yes	yes	A	yes	yes
S100A14	no	no	yes	B	no	no
S100A16	no	no	yes	B	no	yes
S100A2	no	no	no	B	no	no
S100A3	no	no	no	B	no	no
S100A4	yes	yes	yes	A	yes	yes
S100A6	no	yes	yes	B	yes	yes
S100A7A	no	no	no	B	no	no
S100A8	yes	yes	yes	A	yes	yes
S100A9	no	no	yes	B	no	yes
S100B	no	yes	yes	B	yes	no
S100G	no	no	yes	B	no	no
S100P	yes	yes	no	B	no	no
S100PBP	no	no	yes	B	no	yes
S100Z	no	no	no	B	no	no
S1PR1	no	no	yes	B	no	yes
S1PR2	no	no	yes	B	no	yes
S1PR3	no	no	yes	B	no	yes
S1PR4	no	no	no	B	no	no
SAA1	no	yes	yes	B	yes	no
SAA2	no	no	yes	B	no	no
SAA3	no	no	no	B	no	no
SAAL1	no	no	yes	B	no	yes
SAC3D1	no	no	yes	B	no	no
SACM1L	yes	yes	yes	A	yes	yes
SACS	no	no	yes	B	no	no
SAE1	yes	yes	yes	A	yes	yes
SAFB	yes	yes	yes	A	yes	yes
SAFB2	no	no	yes	B	no	yes
SALL1	no	no	yes	B	no	yes
SALL2	no	no	yes	B	no	yes
SALL3	no	no	yes	B	no	no
SAMD1	no	no	yes	B	no	yes
SAMD10	no	no	yes	B	no	yes
SAMD11	no	no	no	B	no	no
SAMD12	no	no	yes	B	no	no
SAMD14	no	no	yes	B	no	yes
SAMD15	no	no	no	B	no	no
SAMD4A	no	no	yes	B	no	yes
SAMD4B	no	no	yes	B	no	no
SAMD5	no	no	yes	B	no	no
SAMD8	no	no	yes	B	no	yes
SAMD9L	no	yes	yes	B	yes	yes
SAMHD1	yes	yes	yes	A	yes	yes
SAMM50	no	no	yes	B	no	yes
SAMSN1	no	no	yes	B	no	no
SAMTOR	no	no	yes	B	no	no
SANBR	no	no	yes	B	no	no
SAP130	no	no	yes	B	no	yes
SAP18	yes	yes	yes	A	yes	yes
SAP18B	no	no	no	B	no	no
SAP25	no	no	no	B	no	no
SAP30	no	no	yes	B	no	yes
SAP30BP	no	no	yes	B	no	yes
SAP30L	no	no	yes	B	no	yes
SAPCD2	no	no	no	B	no	no
SAR1A	yes	yes	yes	A	yes	yes
SAR1B	yes	yes	yes	A	yes	yes
SARAF	no	no	yes	B	no	yes
SARDH	yes	yes	yes	A	yes	yes
SARM1	no	no	yes	B	no	no
SARNP	yes	yes	yes	A	yes	no
SARS	no	no	no	B	no	no
SARS1	yes	yes	yes	A	yes	no
SARS2	no	no	yes	B	no	yes
SART1	no	no	yes	B	no	yes
SART3	yes	yes	yes	A	yes	yes
SASH1	no	no	yes	B	no	yes
SASH3	no	no	yes	B	no	yes
SASS6	no	no	no	B	no	no
SAT1	no	no	yes	B	no	yes
SAT2	yes	no	yes	B	yes	yes
SATB1	no	no	no	B	no	no
SATB2	no	no	yes	B	no	yes
SAV1	no	no	yes	B	no	yes
SAXO2	no	no	no	B	no	no
SAYSD1	no	no	yes	B	no	yes
SBDS	yes	yes	yes	A	yes	yes
SBF1	no	no	yes	B	no	yes
SBF2	no	no	yes	B	no	yes
SBK1	no	no	no	B	no	yes
SBNO1	no	no	yes	B	no	yes
SBNO2	no	no	yes	B	no	yes
SBSN	no	no	yes	B	no	no
SBSPON	no	no	yes	B	no	no
SC5D	no	no	yes	B	no	yes
SCAF1	no	no	yes	B	no	yes
SCAF11	no	no	yes	B	no	yes
SCAF4	no	no	yes	B	no	yes
SCAF8	no	no	yes	B	no	yes
SCAI	no	no	yes	B	no	yes
SCAMP1	yes	yes	yes	A	yes	yes
SCAMP2	yes	yes	yes	A	yes	yes
SCAMP3	yes	yes	yes	A	yes	yes
SCAMP4	no	no	yes	B	no	no
SCAMP5	yes	no	yes	B	yes	yes
SCAND1	no	no	yes	B	no	yes
SCAND3	no	no	no	B	no	no
SCAP	no	no	yes	B	no	yes
SCAPER	no	no	yes	B	no	yes
SCARA3	no	no	yes	B	no	no
SCARA5	no	no	yes	B	no	no
SCARB1	no	no	yes	B	no	yes
SCARB2	yes	yes	yes	A	yes	yes
SCARF1	no	no	yes	B	no	yes
SCARF2	no	no	yes	B	no	yes
SCARNA10	no	no	no	B	no	no
SCARNA12	no	no	no	B	no	no
SCARNA13	no	no	no	B	no	no
SCARNA15	no	no	no	B	no	no
SCARNA17	no	no	no	B	no	no
SCARNA2	no	no	no	B	no	no
SCARNA21	no	no	no	B	no	no
SCARNA3A	no	no	no	B	no	no
SCARNA9	no	no	no	B	no	no
SCCPDH	yes	no	yes	B	yes	yes
SCD	no	no	no	B	no	no
SCD1	no	no	yes	B	no	no
SCD2	no	no	yes	B	no	no
SCD5	no	no	no	B	no	no
SCEL	no	no	yes	B	no	yes
SCFD1	yes	yes	yes	A	yes	yes
SCFD2	no	no	yes	B	no	yes
SCG2	no	no	yes	B	no	no
SCG3	no	no	yes	B	no	no
SCG5	no	no	yes	B	no	yes
SCHIP1	no	no	no	B	no	no
SCIMP	no	no	yes	B	no	no
SCIN	yes	yes	yes	A	yes	yes
SCLT1	no	no	yes	B	no	yes
SCLY	yes	yes	yes	A	yes	yes
SCMH1	no	no	yes	B	no	yes
SCML1	no	no	no	B	no	no
SCML4	no	no	no	B	no	no
SCN1A	no	no	no	B	no	no
SCN1B	no	no	yes	B	no	yes
SCN2B	no	no	no	B	no	no
SCN4B	no	no	yes	B	no	no
SCN5A	no	no	no	B	no	no
SCN7A	no	no	yes	B	no	no
SCN8A	no	no	no	B	no	no
SCN9A	no	no	no	B	no	no
SCNM1	no	no	yes	B	no	yes
SCNN1A	no	no	yes	B	no	yes
SCNN1B	no	no	yes	B	no	yes
SCNN1D	no	no	no	B	no	no
SCNN1G	no	no	yes	B	no	yes
SCO1	no	no	yes	B	no	yes
SCO2	yes	no	yes	B	yes	no
SCOC	no	no	yes	B	no	yes
SCP2	yes	yes	yes	A	yes	yes
SCP2-PS2	no	no	no	B	no	no
SCPEP1	yes	yes	yes	A	yes	yes
SCPEP1OS	no	no	no	B	no	no
SCRG1	no	no	no	B	no	no
SCRIB	yes	yes	yes	A	yes	yes
SCRN1	yes	yes	yes	A	yes	no
SCRN2	yes	yes	yes	A	yes	yes
SCRN3	yes	no	yes	B	yes	yes
SCT	no	no	no	B	no	no
SCTR	no	no	no	B	no	no
SCUBE1	no	no	yes	B	no	no
SCUBE2	no	no	yes	B	no	no
SCUBE3	no	no	yes	B	no	no
SCX	no	no	no	B	no	yes
SCYL1	no	no	yes	B	no	yes
SCYL2	no	no	yes	B	no	yes
SCYL3	no	no	yes	B	no	yes
SDAD1	no	no	yes	B	no	yes
SDC1	yes	no	yes	B	yes	yes
SDC2	no	no	yes	B	no	yes
SDC3	no	no	yes	B	no	no
SDC4	yes	yes	yes	A	yes	yes
SDCBP	yes	yes	yes	A	yes	yes
SDCBP2	no	no	no	B	no	no
SDCCAG3	no	no	no	B	no	no
SDCCAG8	no	no	yes	B	no	yes
SDE2	no	no	yes	B	no	yes
SDF2	yes	no	yes	B	yes	yes
SDF2L1	yes	no	yes	B	yes	yes
SDF4	yes	yes	yes	A	yes	yes
SDHA	yes	yes	yes	A	yes	yes
SDHAF1	no	no	yes	B	no	yes
SDHAF2	no	no	yes	B	no	yes
SDHAF3	no	no	yes	B	no	no
SDHAF4	yes	no	yes	B	yes	no
SDHB	yes	yes	yes	A	yes	yes
SDHC	yes	yes	yes	A	yes	yes
SDHD	no	no	yes	B	no	yes
SDK1	no	no	yes	B	no	no
SDK2	no	no	yes	B	no	no
SDPR	no	no	no	B	no	no
SDR16C5	no	no	no	B	no	no
SDR39U1	yes	yes	yes	A	yes	yes
SDR42E1	no	no	yes	B	no	yes
SDSL	yes	yes	yes	A	yes	yes
SEC11A	yes	yes	yes	A	yes	yes
SEC11C	no	no	yes	B	no	yes
SEC13	yes	yes	yes	A	yes	yes
SEC14L1	no	no	yes	B	no	yes
SEC14L2	yes	yes	yes	A	yes	yes
SEC14L3	no	no	yes	B	no	no
SEC14L4	no	no	no	B	no	no
SEC14L5	no	no	no	B	no	no
SEC16A	yes	no	yes	B	yes	yes
SEC16B	no	no	yes	B	no	no
SEC22A	no	no	yes	B	no	yes
SEC22B	yes	yes	yes	A	yes	yes
SEC22C	no	no	no	B	no	yes
SEC23A	yes	yes	yes	A	yes	yes
SEC23B	yes	yes	yes	A	yes	yes
SEC23IP	yes	yes	yes	A	yes	yes
SEC24A	no	no	yes	B	no	yes
SEC24B	yes	yes	yes	A	yes	yes
SEC24C	yes	yes	yes	A	yes	yes
SEC24D	yes	no	yes	B	yes	yes
SEC31A	yes	yes	yes	A	yes	yes
SEC31B	no	no	yes	B	no	no
SEC61A1	yes	yes	yes	A	yes	yes
SEC61A2	no	no	yes	B	no	yes
SEC61B	yes	no	yes	B	yes	yes
SEC61G	no	no	yes	B	no	yes
SEC62	yes	no	yes	B	yes	yes
SEC63	yes	no	yes	B	yes	yes
SECISBP2	no	no	yes	B	no	yes
SECISBP2L	no	no	yes	B	no	yes
SECTM1A	no	no	yes	B	no	no
SECTM1B	no	no	no	B	no	no
SEH1L	yes	yes	yes	A	yes	yes
SEL1L	no	no	yes	B	no	yes
SEL1L3	no	no	yes	B	no	yes
SELE	no	no	yes	B	no	no
SELENBP1	yes	yes	yes	A	yes	yes
SELENBP2	no	no	yes	B	no	no
SELENOF	yes	yes	yes	A	yes	no
SELENOH	no	no	yes	B	no	no
SELENOI	no	no	yes	B	no	no
SELENOK	no	no	yes	B	no	no
SELENOK-PS5	no	no	no	B	no	no
SELENOK-PS8	no	no	no	B	no	no
SELENOM	no	no	yes	B	no	no
SELENON	no	no	yes	B	no	no
SELENOO	yes	yes	yes	A	yes	no
SELENOP	no	no	yes	B	no	no
SELENOS	no	no	yes	B	no	no
SELENOT	no	no	yes	B	no	no
SELENOV	no	no	no	B	no	no
SELENOW	no	no	yes	B	no	no
SELK	no	no	no	B	no	no
SELL	no	no	yes	B	no	no
SELM	no	no	no	B	no	no
SELO	no	no	no	B	no	no
SELP	no	no	yes	B	no	no
SELPLG	no	no	yes	B	no	yes
SELT	no	no	no	B	no	no
SEM1	no	no	no	B	no	no
SEMA3A	no	no	no	B	no	no
SEMA3B	no	no	yes	B	no	yes
SEMA3C	no	no	yes	B	no	yes
SEMA3D	no	no	yes	B	no	yes
SEMA3E	no	no	no	B	no	no
SEMA3F	no	no	yes	B	no	yes
SEMA3G	no	no	yes	B	no	yes
SEMA4A	no	no	yes	B	no	yes
SEMA4B	no	no	yes	B	no	yes
SEMA4C	no	no	yes	B	no	yes
SEMA4D	no	yes	yes	B	yes	yes
SEMA4F	no	no	no	B	no	no
SEMA4G	no	no	yes	B	no	yes
SEMA5A	no	no	yes	B	no	yes
SEMA5B	no	no	no	B	no	no
SEMA6A	no	no	yes	B	no	yes
SEMA6B	no	no	yes	B	no	yes
SEMA6C	no	no	no	B	no	no
SEMA6D	no	no	yes	B	no	no
SEMA7A	no	no	yes	B	no	yes
SENP1	no	no	yes	B	no	yes
SENP2	no	no	yes	B	no	yes
SENP3	no	no	yes	B	no	yes
SENP5	no	no	yes	B	no	yes
SENP6	no	no	yes	B	no	yes
SENP7	no	no	yes	B	no	yes
SENP8	no	yes	yes	B	yes	yes
SEP15	no	no	no	B	no	no
SEPHS1	yes	no	yes	B	yes	yes
SEPHS2	yes	no	yes	B	yes	yes
SEPN1	no	no	no	B	no	no
SEPP1	no	no	no	B	no	no
SEPSECS	no	no	yes	B	no	yes
SEPT1	no	no	no	B	no	no
SEPT10	no	no	no	B	no	no
SEPT11	no	no	no	B	no	no
SEPT2	no	no	no	B	no	no
SEPT4	no	no	no	B	no	no
SEPT5	no	no	no	B	no	no
SEPT6	no	no	no	B	no	no
SEPT7	no	no	no	B	no	no
SEPT8	no	no	no	B	no	no
SEPT9	no	no	no	B	no	no
SEPTIN1	no	no	yes	B	no	no
SEPTIN10	yes	yes	yes	A	yes	no
SEPTIN11	yes	yes	yes	A	yes	no
SEPTIN2	yes	yes	yes	A	yes	no
SEPTIN3	no	no	yes	B	no	no
SEPTIN4	no	no	yes	B	no	no
SEPTIN5	no	no	yes	B	no	no
SEPTIN6	yes	yes	yes	A	yes	no
SEPTIN7	yes	yes	yes	A	yes	no
SEPTIN8	yes	yes	yes	A	yes	no
SEPTIN9	yes	yes	yes	A	yes	no
SEPW1	no	no	no	B	no	no
SERAC1	no	no	yes	B	no	yes
SERBP1	yes	yes	yes	A	yes	yes
SERF1A	no	no	yes	B	no	no
SERF2	no	no	yes	B	no	yes
SERGEF	no	no	yes	B	no	yes
SERHL2	yes	no	yes	B	yes	yes
SERINC1	no	no	yes	B	no	yes
SERINC2	no	no	yes	B	no	yes
SERINC3	no	no	yes	B	no	yes
SERINC4	no	no	no	B	no	no
SERINC5	no	no	yes	B	no	yes
SERP1	no	no	no	B	no	yes
SERP2	no	no	no	B	no	no
SERPINA10	no	no	yes	B	no	no
SERPINA11	no	no	yes	B	no	no
SERPINA1A	no	no	yes	B	no	no
SERPINA1B	no	no	yes	B	no	no
SERPINA1C	no	no	yes	B	no	no
SERPINA1D	no	no	yes	B	no	no
SERPINA1E	no	no	yes	B	no	no
SERPINA2	no	no	yes	B	no	no
SERPINA3C	no	no	yes	B	no	no
SERPINA3F	no	no	yes	B	no	no
SERPINA3G	no	no	no	B	no	no
SERPINA3H	no	no	no	B	no	no
SERPINA3I	no	no	no	B	no	no
SERPINA3K	no	no	yes	B	no	no
SERPINA3M	no	no	yes	B	no	no
SERPINA3N	no	no	yes	B	no	no
SERPINA5	no	no	no	B	no	no
SERPINA6	no	no	yes	B	no	no
SERPINA7	no	no	yes	B	no	no
SERPINB1	yes	yes	no	B	no	no
SERPINB10	yes	yes	no	B	no	no
SERPINB11	no	no	no	B	no	no
SERPINB13	no	no	no	B	no	no
SERPINB1A	no	no	yes	B	no	no
SERPINB5	no	no	yes	B	no	no
SERPINB6	yes	yes	yes	A	yes	no
SERPINB6A	no	no	no	B	no	no
SERPINB6B	no	no	yes	B	no	no
SERPINB8	no	no	yes	B	no	yes
SERPINB9	yes	yes	yes	A	yes	yes
SERPINB9B	no	no	yes	B	no	no
SERPIND1	yes	yes	yes	A	yes	no
SERPINE1	no	no	yes	B	no	yes
SERPINE2	no	no	yes	B	no	yes
SERPINF1	yes	yes	yes	A	yes	yes
SERPINF2	yes	yes	yes	A	yes	yes
SERPING1	yes	yes	yes	A	yes	yes
SERPINH1	yes	yes	yes	A	yes	yes
SERPINI1	no	no	yes	B	no	no
SERTAD1	no	no	no	B	no	yes
SERTAD2	no	no	no	B	no	yes
SERTAD3	no	no	no	B	no	yes
SERTAD4	no	no	no	B	no	yes
SESN1	no	no	yes	B	no	yes
SESN2	no	no	yes	B	no	yes
SESN3	no	no	yes	B	no	yes
SESTD1	no	no	yes	B	no	yes
SET	no	yes	yes	B	yes	yes
SETBP1	no	no	yes	B	no	yes
SETD1A	no	no	yes	B	no	yes
SETD1B	no	no	yes	B	no	yes
SETD2	no	no	yes	B	no	yes
SETD3	no	no	yes	B	no	yes
SETD4	no	no	no	B	no	no
SETD5	no	no	yes	B	no	yes
SETD6	no	no	yes	B	no	yes
SETD7	no	no	yes	B	no	yes
SETD8	no	no	no	B	no	no
SETD9	no	no	no	B	no	no
SETDB1	no	no	yes	B	no	yes
SETDB2	no	no	yes	B	no	yes
SETMAR	no	no	yes	B	no	no
SETX	no	no	yes	B	no	yes
SEZ6L	no	no	no	B	no	no
SF1	yes	yes	yes	A	yes	yes
SF3A1	yes	yes	yes	A	yes	yes
SF3A2	no	no	yes	B	no	yes
SF3A3	yes	yes	yes	A	yes	yes
SF3B1	yes	yes	yes	A	yes	yes
SF3B2	yes	yes	yes	A	yes	yes
SF3B3	yes	yes	yes	A	yes	yes
SF3B4	no	no	yes	B	no	yes
SF3B5	no	no	yes	B	no	yes
SF3B6	yes	yes	yes	A	yes	yes
SFI1	no	no	yes	B	no	yes
SFMBT1	no	no	yes	B	no	yes
SFMBT2	no	no	no	B	no	no
SFN	yes	no	yes	B	yes	yes
SFPQ	yes	yes	yes	A	yes	yes
SFR1	no	no	yes	B	no	yes
SFRP1	no	yes	yes	B	yes	yes
SFRP2	no	no	yes	B	no	yes
SFRP4	no	no	no	B	no	no
SFRP5	no	no	yes	B	no	no
SFSWAP	no	no	yes	B	no	yes
SFT2D1	no	no	no	B	no	yes
SFT2D2	no	no	yes	B	no	yes
SFT2D3	no	no	no	B	no	yes
SFTA2	no	no	no	B	no	no
SFTPD	no	no	yes	B	no	no
SFXN1	yes	yes	yes	A	yes	yes
SFXN2	no	no	yes	B	no	yes
SFXN3	yes	yes	yes	A	yes	yes
SFXN4	no	no	yes	B	no	yes
SFXN5	yes	yes	yes	A	yes	yes
SGCA	no	no	no	B	no	no
SGCB	no	no	yes	B	no	yes
SGCD	no	no	yes	B	no	no
SGCE	no	no	yes	B	no	no
SGCG	no	no	no	B	no	no
SGF29	no	no	yes	B	no	no
SGIP1	no	no	yes	B	no	no
SGK1	no	no	yes	B	no	yes
SGK2	yes	no	yes	B	yes	yes
SGK3	no	no	yes	B	no	yes
SGMS1	no	no	yes	B	no	yes
SGMS2	no	no	yes	B	no	yes
SGO1	no	no	no	B	no	no
SGO2	no	no	no	B	no	no
SGOL1	no	no	no	B	no	no
SGPL1	yes	yes	yes	A	yes	yes
SGPP1	yes	no	yes	B	yes	yes
SGPP2	no	no	no	B	no	yes
SGSH	no	no	yes	B	no	yes
SGSM1	no	no	yes	B	no	no
SGSM2	no	no	yes	B	no	yes
SGSM3	no	no	yes	B	no	no
SGTA	yes	yes	yes	A	yes	yes
SGTB	no	no	yes	B	no	yes
SH2B1	no	no	yes	B	no	yes
SH2B2	no	no	yes	B	no	no
SH2B3	no	no	yes	B	no	yes
SH2D1A	no	no	no	B	no	no
SH2D1B	no	no	no	B	no	no
SH2D1B1	no	no	no	B	no	no
SH2D2A	no	no	no	B	no	no
SH2D3A	no	no	no	B	no	no
SH2D3C	no	no	yes	B	no	yes
SH2D4A	no	no	yes	B	no	yes
SH2D4B	no	no	no	B	no	no
SH2D5	no	no	no	B	no	no
SH3BGR	no	no	yes	B	no	no
SH3BGRL	yes	yes	yes	A	yes	yes
SH3BGRL2	yes	no	yes	B	yes	yes
SH3BGRL3	yes	yes	yes	A	yes	yes
SH3BP1	yes	no	yes	B	yes	yes
SH3BP2	no	no	yes	B	no	yes
SH3BP4	no	no	yes	B	no	yes
SH3BP5	no	no	yes	B	no	yes
SH3BP5L	no	no	yes	B	no	yes
SH3D19	no	no	yes	B	no	yes
SH3D21	no	no	yes	B	no	yes
SH3GL1	yes	yes	yes	A	yes	yes
SH3GL2	no	no	yes	B	no	yes
SH3GL3	no	no	no	B	no	no
SH3GLB1	yes	yes	yes	A	yes	yes
SH3GLB2	yes	yes	yes	A	yes	yes
SH3KBP1	no	no	yes	B	no	no
SH3PXD2A	no	no	yes	B	no	yes
SH3PXD2B	no	no	yes	B	no	yes
SH3RF1	no	no	yes	B	no	yes
SH3RF2	no	no	no	B	no	no
SH3RF3	no	no	no	B	no	no
SH3TC1	no	no	yes	B	no	yes
SH3TC2	no	no	yes	B	no	yes
SH3YL1	no	no	yes	B	no	yes
SHANK1	no	no	yes	B	no	no
SHANK2	no	no	yes	B	no	yes
SHANK3	no	no	yes	B	no	yes
SHARPIN	no	no	yes	B	no	yes
SHB	no	no	yes	B	no	yes
SHBG	no	yes	no	B	no	no
SHC1	no	no	yes	B	no	yes
SHC2	no	no	no	B	no	no
SHC4	no	no	no	B	no	no
SHCBP1	no	no	yes	B	no	no
SHD	no	no	yes	B	no	no
SHE	no	no	yes	B	no	yes
SHF	no	no	yes	B	no	yes
SHFL	no	no	yes	B	no	no
SHFM1	no	no	no	B	no	no
SHH	no	no	no	B	no	no
SHISA2	no	no	yes	B	no	no
SHISA3	no	no	yes	B	no	yes
SHISA4	no	no	yes	B	no	yes
SHISA5	no	no	yes	B	no	yes
SHISA6	no	no	no	B	no	no
SHISA7	no	no	no	B	no	no
SHISA8	no	no	no	B	no	no
SHISAL1	no	no	no	B	no	no
SHISAL2B	no	no	no	B	no	no
SHKBP1	no	no	yes	B	no	yes
SHLD1	no	no	no	B	no	no
SHLD2	no	no	yes	B	no	no
SHLD3	no	no	no	B	no	no
SHMT1	yes	yes	yes	A	yes	yes
SHMT2	yes	yes	yes	A	yes	yes
SHOC2	no	no	yes	B	no	yes
SHPK	yes	yes	yes	A	yes	yes
SHPRH	no	no	yes	B	no	yes
SHQ1	no	no	yes	B	no	yes
SHROOM1	no	no	yes	B	no	no
SHROOM2	no	no	yes	B	no	yes
SHROOM3	no	no	yes	B	no	yes
SHROOM4	no	no	yes	B	no	yes
SHTN1	yes	no	yes	B	yes	no
SIAE	no	no	yes	B	no	yes
SIAH1	no	no	no	B	no	no
SIAH1A	no	no	yes	B	no	no
SIAH1B	no	no	no	B	no	no
SIAH2	no	no	yes	B	no	yes
SIAH3	no	no	no	B	no	no
SIDT1	no	no	no	B	no	no
SIDT2	yes	yes	yes	A	yes	yes
SIGIRR	yes	no	yes	B	yes	yes
SIGLEC1	no	no	yes	B	no	no
SIGLEC15	no	no	no	B	no	no
SIGLEC5	no	no	no	B	no	no
SIGLECE	no	no	no	B	no	no
SIGLECG	no	no	no	B	no	no
SIGMAR1	no	no	yes	B	no	yes
SIK1	no	no	yes	B	no	yes
SIK2	no	no	yes	B	no	yes
SIK3	no	no	yes	B	no	yes
SIKE1	no	no	yes	B	no	yes
SIL1	no	no	yes	B	no	yes
SIM1	no	no	yes	B	no	yes
SIM2	no	no	yes	B	no	yes
SIMC1	no	no	yes	B	no	yes
SIN3A	no	no	yes	B	no	yes
SIN3B	no	no	yes	B	no	yes
SINHCAF	no	no	yes	B	no	no
SIPA1	no	no	yes	B	no	yes
SIPA1L1	yes	no	yes	B	yes	yes
SIPA1L2	no	no	yes	B	no	yes
SIPA1L3	no	no	yes	B	no	yes
SIRPA	no	no	yes	B	no	yes
SIRPB1A	no	no	yes	B	no	no
SIRPB1B	no	no	yes	B	no	no
SIRPB1C	no	no	yes	B	no	no
SIRPB2	no	no	no	B	no	no
SIRT1	no	no	yes	B	no	yes
SIRT2	yes	yes	yes	A	yes	yes
SIRT3	yes	no	yes	B	yes	yes
SIRT4	no	no	yes	B	no	yes
SIRT5	yes	yes	yes	A	yes	yes
SIRT6	no	no	yes	B	no	yes
SIRT7	no	no	yes	B	no	yes
SIT1	no	no	yes	B	no	no
SIVA1	no	no	yes	B	no	yes
SIX4	no	no	yes	B	no	no
SIX5	no	no	yes	B	no	yes
SKA1	no	no	no	B	no	no
SKA2	no	no	no	B	no	no
SKA3	no	no	no	B	no	no
SKAP1	no	no	yes	B	no	no
SKAP2	no	no	yes	B	no	yes
SKI	no	no	yes	B	no	yes
SKIC2	yes	no	yes	B	yes	no
SKIC3	yes	no	yes	B	yes	no
SKIC8	yes	yes	yes	A	yes	no
SKIDA1	no	no	no	B	no	yes
SKIL	no	no	yes	B	no	yes
SKIV2L	no	no	no	B	no	no
SKIV2L2	no	no	no	B	no	no
SKP1	yes	yes	yes	A	yes	no
SKP1A	no	no	no	B	no	no
SKP2	no	no	no	B	no	no
SLA	no	no	yes	B	no	yes
SLA2	no	no	no	B	no	no
SLAIN1	no	no	yes	B	no	yes
SLAIN2	no	no	yes	B	no	yes
SLAMF1	no	no	no	B	no	no
SLAMF6	no	no	yes	B	no	no
SLAMF7	no	no	yes	B	no	no
SLAMF8	no	no	no	B	no	yes
SLAMF9	no	no	yes	B	no	no
SLBP	no	no	yes	B	no	yes
SLC10A2	no	no	yes	B	no	yes
SLC10A3	no	no	no	B	no	yes
SLC10A5	no	no	yes	B	no	yes
SLC10A6	no	no	yes	B	no	no
SLC10A7	no	no	yes	B	no	yes
SLC11A1	no	no	yes	B	no	yes
SLC11A2	no	no	yes	B	no	yes
SLC12A1	yes	yes	yes	A	yes	yes
SLC12A2	yes	yes	yes	A	yes	yes
SLC12A3	yes	no	yes	B	yes	yes
SLC12A4	no	no	yes	B	no	yes
SLC12A6	no	no	yes	B	no	yes
SLC12A7	yes	no	yes	B	yes	yes
SLC12A8	no	no	no	B	no	no
SLC12A9	no	no	yes	B	no	yes
SLC13A1	no	no	yes	B	no	yes
SLC13A2	no	no	yes	B	no	yes
SLC13A2OS	no	no	no	B	no	no
SLC13A3	yes	no	yes	B	yes	yes
SLC13A4	no	no	no	B	no	no
SLC13A5	no	no	no	B	no	no
SLC14A1	no	no	yes	B	no	yes
SLC14A2	no	no	yes	B	no	no
SLC15A1	no	no	no	B	no	no
SLC15A2	no	no	yes	B	no	yes
SLC15A3	no	no	yes	B	no	yes
SLC15A4	no	no	yes	B	no	yes
SLC16A1	yes	no	yes	B	yes	no
SLC16A10	no	no	yes	B	no	yes
SLC16A11	no	no	yes	B	no	no
SLC16A12	no	no	yes	B	no	yes
SLC16A13	no	no	yes	B	no	yes
SLC16A14	no	no	yes	B	no	yes
SLC16A2	no	no	yes	B	no	yes
SLC16A3	no	no	yes	B	no	no
SLC16A4	yes	no	yes	B	yes	yes
SLC16A5	no	no	yes	B	no	yes
SLC16A6	no	no	yes	B	no	no
SLC16A7	no	no	yes	B	no	yes
SLC16A9	no	no	yes	B	no	yes
SLC17A1	no	no	yes	B	no	yes
SLC17A2	no	no	no	B	no	no
SLC17A3	no	no	yes	B	no	yes
SLC17A4	no	no	yes	B	no	no
SLC17A5	no	no	yes	B	no	yes
SLC17A9	no	no	no	B	no	no
SLC18A1	no	no	yes	B	no	no
SLC18B1	no	no	no	B	no	yes
SLC19A1	no	no	yes	B	no	yes
SLC19A2	no	no	yes	B	no	yes
SLC19A3	no	no	yes	B	no	yes
SLC1A1	no	no	yes	B	no	yes
SLC1A2	no	no	yes	B	no	no
SLC1A3	no	no	yes	B	no	no
SLC1A4	no	no	yes	B	no	yes
SLC1A5	yes	no	yes	B	yes	yes
SLC1A7	no	no	no	B	no	no
SLC20A1	no	no	yes	B	no	yes
SLC20A2	no	no	yes	B	no	yes
SLC22A1	yes	no	yes	B	yes	yes
SLC22A11	no	no	no	B	no	no
SLC22A12	yes	yes	yes	A	yes	yes
SLC22A13	yes	yes	yes	A	yes	yes
SLC22A13B	no	no	no	B	no	no
SLC22A14	no	no	no	B	no	no
SLC22A15	no	no	yes	B	no	no
SLC22A16	no	no	no	B	no	no
SLC22A17	no	no	no	B	no	yes
SLC22A19	no	no	yes	B	no	no
SLC22A2	yes	yes	yes	A	yes	yes
SLC22A21	no	no	no	B	no	no
SLC22A22	no	no	yes	B	no	no
SLC22A23	no	no	yes	B	no	yes
SLC22A26	no	no	yes	B	no	no
SLC22A28	no	no	no	B	no	no
SLC22A29	no	no	no	B	no	no
SLC22A3	no	no	yes	B	no	no
SLC22A30	no	no	no	B	no	no
SLC22A4	no	no	yes	B	no	no
SLC22A5	no	no	yes	B	no	no
SLC22A6	yes	no	yes	B	yes	yes
SLC22A7	no	no	yes	B	no	no
SLC22A8	no	no	yes	B	no	no
SLC23A1	yes	yes	yes	A	yes	yes
SLC23A2	no	no	yes	B	no	yes
SLC23A3	no	no	yes	B	no	yes
SLC24A2	no	no	no	B	no	no
SLC24A3	no	no	yes	B	no	no
SLC24A4	no	no	no	B	no	no
SLC25A1	yes	yes	yes	A	yes	yes
SLC25A10	yes	yes	yes	A	yes	yes
SLC25A11	yes	yes	yes	A	yes	yes
SLC25A12	yes	yes	yes	A	yes	yes
SLC25A13	yes	yes	yes	A	yes	yes
SLC25A14	no	no	yes	B	no	yes
SLC25A15	no	no	yes	B	no	yes
SLC25A16	no	no	yes	B	no	yes
SLC25A17	no	no	yes	B	no	yes
SLC25A19	no	no	yes	B	no	yes
SLC25A20	yes	yes	yes	A	yes	yes
SLC25A21	yes	no	yes	B	yes	yes
SLC25A22	yes	yes	yes	A	yes	yes
SLC25A23	no	no	yes	B	no	yes
SLC25A24	yes	yes	yes	A	yes	yes
SLC25A25	no	no	yes	B	no	yes
SLC25A26	no	no	yes	B	no	yes
SLC25A27	no	no	no	B	no	no
SLC25A28	no	no	yes	B	no	yes
SLC25A29	no	no	yes	B	no	no
SLC25A3	yes	yes	yes	A	yes	yes
SLC25A30	no	no	yes	B	no	yes
SLC25A32	no	no	yes	B	no	yes
SLC25A33	no	no	yes	B	no	yes
SLC25A34	no	no	yes	B	no	yes
SLC25A35	yes	no	yes	B	yes	yes
SLC25A36	no	no	yes	B	no	yes
SLC25A37	no	no	yes	B	no	yes
SLC25A38	no	no	yes	B	no	yes
SLC25A39	no	no	yes	B	no	yes
SLC25A4	yes	yes	yes	A	yes	yes
SLC25A40	no	no	yes	B	no	yes
SLC25A42	no	no	yes	B	no	yes
SLC25A43	no	no	no	B	no	no
SLC25A44	no	no	yes	B	no	no
SLC25A45	no	no	yes	B	no	yes
SLC25A46	no	no	yes	B	no	yes
SLC25A47	no	no	no	B	no	no
SLC25A48	no	no	yes	B	no	yes
SLC25A5	no	no	yes	B	no	yes
SLC25A51	no	no	yes	B	no	yes
SLC25A53	no	no	no	B	no	no
SLC25A6	yes	yes	no	B	no	no
SLC26A1	no	no	yes	B	no	no
SLC26A10	no	no	no	B	no	no
SLC26A11	no	no	yes	B	no	yes
SLC26A2	no	no	yes	B	no	yes
SLC26A4	no	no	yes	B	no	yes
SLC26A6	yes	no	yes	B	yes	no
SLC26A7	no	no	no	B	no	no
SLC26A9	no	no	no	B	no	no
SLC27A1	no	no	yes	B	no	yes
SLC27A2	no	no	yes	B	no	yes
SLC27A3	no	no	yes	B	no	yes
SLC27A4	yes	no	yes	B	yes	yes
SLC27A5	no	no	no	B	no	no
SLC28A1	no	no	yes	B	no	yes
SLC28A2	no	no	no	B	no	no
SLC29A1	no	no	yes	B	no	yes
SLC29A2	no	no	yes	B	no	yes
SLC29A3	no	no	yes	B	no	yes
SLC2A1	no	no	yes	B	no	yes
SLC2A10	no	no	no	B	no	no
SLC2A11	no	no	no	B	no	no
SLC2A12	no	no	yes	B	no	yes
SLC2A13	no	no	yes	B	no	no
SLC2A2	no	no	yes	B	no	yes
SLC2A3	no	no	yes	B	no	no
SLC2A4	no	no	yes	B	no	no
SLC2A4RG-PS	no	no	no	B	no	no
SLC2A5	no	no	yes	B	no	no
SLC2A6	no	no	yes	B	no	no
SLC2A8	no	no	yes	B	no	yes
SLC2A9	no	no	yes	B	no	yes
SLC30A1	no	no	yes	B	no	yes
SLC30A2	no	no	yes	B	no	yes
SLC30A3	no	no	no	B	no	no
SLC30A4	no	no	yes	B	no	yes
SLC30A5	no	no	yes	B	no	yes
SLC30A6	no	no	yes	B	no	yes
SLC30A7	no	no	yes	B	no	yes
SLC30A9	no	no	yes	B	no	yes
SLC31A1	yes	no	yes	B	yes	yes
SLC31A2	no	no	yes	B	no	yes
SLC33A1	no	no	yes	B	no	yes
SLC33A2	no	no	yes	B	no	yes
SLC34A1	yes	no	yes	B	yes	yes
SLC34A2	yes	no	yes	B	yes	yes
SLC34A3	no	no	no	B	no	yes
SLC35A1	no	no	yes	B	no	yes
SLC35A2	no	no	yes	B	no	yes
SLC35A3	no	no	yes	B	no	yes
SLC35A4	no	no	no	B	no	yes
SLC35A5	no	no	yes	B	no	yes
SLC35B1	no	no	yes	B	no	yes
SLC35B2	no	no	yes	B	no	yes
SLC35B3	no	no	yes	B	no	yes
SLC35B4	no	no	yes	B	no	yes
SLC35C1	no	no	yes	B	no	yes
SLC35D1	no	no	yes	B	no	yes
SLC35D2	no	no	yes	B	no	yes
SLC35D4	no	no	no	B	no	yes
SLC35E1	no	no	yes	B	no	yes
SLC35E2	no	no	no	B	no	no
SLC35E2B	no	no	no	B	no	no
SLC35E3	no	no	no	B	no	yes
SLC35E4	no	no	no	B	no	yes
SLC35F1	no	no	no	B	no	no
SLC35F2	no	no	yes	B	no	yes
SLC35F3	no	no	yes	B	no	no
SLC35F5	no	no	yes	B	no	yes
SLC35F6	no	no	yes	B	no	yes
SLC35G1	no	no	yes	B	no	yes
SLC35G2	no	no	yes	B	no	no
SLC35H1	no	no	yes	B	no	yes
SLC36A1	no	no	yes	B	no	yes
SLC36A2	no	no	yes	B	no	no
SLC36A4	no	no	yes	B	no	yes
SLC37A1	no	no	yes	B	no	no
SLC37A2	no	no	yes	B	no	no
SLC37A3	no	no	no	B	no	yes
SLC37A4	yes	yes	yes	A	yes	yes
SLC38A1	no	no	no	B	no	no
SLC38A10	no	no	yes	B	no	yes
SLC38A12	no	no	yes	B	no	yes
SLC38A2	no	no	yes	B	no	yes
SLC38A3	no	no	yes	B	no	yes
SLC38A4	no	no	no	B	no	no
SLC38A5	no	no	no	B	no	no
SLC38A6	no	no	no	B	no	yes
SLC38A7	no	no	yes	B	no	yes
SLC38A9	no	no	yes	B	no	no
SLC39A1	no	no	yes	B	no	yes
SLC39A1-PS	no	no	no	B	no	no
SLC39A10	no	no	yes	B	no	yes
SLC39A11	yes	no	yes	B	yes	yes
SLC39A13	no	no	yes	B	no	yes
SLC39A14	no	no	yes	B	no	yes
SLC39A2	no	no	no	B	no	no
SLC39A3	no	no	yes	B	no	yes
SLC39A4	no	no	no	B	no	no
SLC39A5	no	no	yes	B	no	yes
SLC39A6	no	no	yes	B	no	yes
SLC39A7	no	no	yes	B	no	no
SLC39A8	no	no	yes	B	no	yes
SLC39A9	no	no	yes	B	no	yes
SLC3A1	yes	yes	yes	A	yes	yes
SLC3A2	yes	yes	yes	A	yes	yes
SLC40A1	no	no	yes	B	no	yes
SLC41A1	no	no	yes	B	no	yes
SLC41A2	no	no	yes	B	no	yes
SLC41A3	no	no	yes	B	no	no
SLC43A1	no	no	yes	B	no	no
SLC43A2	no	no	yes	B	no	yes
SLC43A3	no	no	yes	B	no	yes
SLC44A1	no	yes	yes	B	yes	yes
SLC44A2	yes	yes	yes	A	yes	yes
SLC44A3	no	no	yes	B	no	yes
SLC44A4	no	no	yes	B	no	yes
SLC45A2	no	no	no	B	no	no
SLC45A3	no	no	yes	B	no	yes
SLC45A4	no	no	yes	B	no	yes
SLC46A1	no	no	yes	B	no	yes
SLC46A2	no	no	no	B	no	no
SLC46A3	no	no	yes	B	no	yes
SLC47A1	no	no	yes	B	no	no
SLC48A1	no	no	yes	B	no	yes
SLC49A3	no	no	yes	B	no	no
SLC49A4	no	no	yes	B	no	no
SLC4A1	yes	yes	yes	A	yes	yes
SLC4A11	no	no	yes	B	no	yes
SLC4A1AP	no	no	yes	B	no	yes
SLC4A2	no	no	yes	B	no	yes
SLC4A3	no	no	no	B	no	yes
SLC4A4	yes	yes	yes	A	yes	yes
SLC4A5	no	no	no	B	no	no
SLC4A7	no	no	yes	B	no	yes
SLC4A8	no	no	yes	B	no	no
SLC4A9	no	no	yes	B	no	yes
SLC50A1	no	no	yes	B	no	yes
SLC51A	no	no	yes	B	no	yes
SLC51B	no	no	yes	B	no	no
SLC52A2	no	no	yes	B	no	yes
SLC52A3	no	no	yes	B	no	yes
SLC5A1	no	yes	yes	B	yes	yes
SLC5A10	no	yes	yes	B	yes	yes
SLC5A11	no	no	yes	B	no	yes
SLC5A12	yes	yes	yes	A	yes	yes
SLC5A2	yes	yes	yes	A	yes	yes
SLC5A3	no	no	yes	B	no	yes
SLC5A5	no	no	no	B	no	no
SLC5A6	no	no	yes	B	no	yes
SLC5A8	yes	yes	yes	A	yes	yes
SLC5A9	yes	no	yes	B	yes	yes
SLC60A1	no	no	yes	B	no	no
SLC61A1	no	no	yes	B	no	no
SLC66A1	no	no	no	B	no	no
SLC66A2	no	no	yes	B	no	no
SLC66A3	no	no	yes	B	no	no
SLC67A1	no	no	yes	B	no	yes
SLC67A2	no	no	yes	B	no	yes
SLC68A1	no	no	no	B	no	no
SLC6A1	yes	no	no	B	no	no
SLC6A11	no	no	no	B	no	no
SLC6A12	no	no	no	B	no	no
SLC6A13	no	no	yes	B	no	yes
SLC6A14	no	no	yes	B	no	no
SLC6A15	no	no	yes	B	no	no
SLC6A17	no	no	yes	B	no	yes
SLC6A18	yes	yes	yes	A	yes	yes
SLC6A19	yes	no	yes	B	yes	yes
SLC6A19OS	no	no	no	B	no	no
SLC6A2	no	no	yes	B	no	no
SLC6A20	no	no	no	B	no	no
SLC6A20A	no	no	yes	B	no	no
SLC6A20B	no	no	yes	B	no	no
SLC6A4	no	no	no	B	no	no
SLC6A6	no	no	yes	B	no	yes
SLC6A7	no	no	no	B	no	no
SLC6A8	no	no	yes	B	no	yes
SLC6A9	no	no	yes	B	no	yes
SLC71A1	no	no	yes	B	no	no
SLC71A2	no	no	yes	B	no	no
SLC75A1	no	no	yes	B	no	no
SLC7A1	no	no	yes	B	no	yes
SLC7A11	no	no	no	B	no	no
SLC7A12	no	no	no	B	no	no
SLC7A13	no	no	yes	B	no	no
SLC7A2	no	no	yes	B	no	yes
SLC7A4	no	no	yes	B	no	no
SLC7A5	no	no	yes	B	no	yes
SLC7A6	no	no	yes	B	no	yes
SLC7A6OS	no	no	yes	B	no	yes
SLC7A7	no	no	yes	B	no	yes
SLC7A8	yes	no	yes	B	yes	yes
SLC7A9	no	no	yes	B	no	yes
SLC8A1	no	no	yes	B	no	yes
SLC8A2	no	no	yes	B	no	no
SLC8A3	no	no	yes	B	no	no
SLC8B1	no	no	yes	B	no	yes
SLC9A1	no	no	yes	B	no	yes
SLC9A2	no	no	yes	B	no	yes
SLC9A3	no	no	yes	B	no	yes
SLC9A3R1	no	no	no	B	no	no
SLC9A3R2	yes	yes	no	B	no	yes
SLC9A4	no	no	yes	B	no	no
SLC9A5	no	no	no	B	no	no
SLC9A6	no	no	yes	B	no	yes
SLC9A7	no	no	yes	B	no	yes
SLC9A8	no	no	yes	B	no	yes
SLC9A9	no	no	yes	B	no	no
SLC9B2	no	no	no	B	no	no
SLC9D1	no	no	yes	B	no	yes
SLCO1A1	no	no	yes	B	no	no
SLCO1A2	no	no	no	B	no	no
SLCO1A4	no	no	yes	B	no	no
SLCO1A6	no	no	yes	B	no	no
SLCO1C1	no	no	no	B	no	no
SLCO2A1	no	no	yes	B	no	yes
SLCO2B1	no	no	yes	B	no	yes
SLCO3A1	no	no	yes	B	no	yes
SLCO4A1	no	no	yes	B	no	yes
SLCO4C1	yes	yes	yes	A	yes	yes
SLF1	no	no	no	B	no	no
SLF2	no	no	yes	B	no	no
SLFN1	no	no	yes	B	no	no
SLFN10-PS	no	no	no	B	no	no
SLFN2	no	no	yes	B	no	no
SLFN3	no	no	no	B	no	no
SLFN4	no	no	no	B	no	no
SLFN5	no	no	yes	B	no	no
SLFN8	no	no	no	B	no	no
SLFN9	no	no	yes	B	no	no
SLIRP	yes	no	yes	B	yes	no
SLIT1	no	no	no	B	no	no
SLIT2	no	no	yes	B	no	yes
SLIT3	no	no	yes	B	no	yes
SLITRK1	no	no	no	B	no	no
SLITRK2	no	no	no	B	no	no
SLITRK4	no	no	yes	B	no	no
SLITRK5	no	no	no	B	no	no
SLITRK6	no	no	no	B	no	no
SLK	yes	yes	yes	A	yes	yes
SLMAP	no	yes	yes	B	yes	yes
SLMO2	no	no	no	B	no	no
SLN	no	no	no	B	no	no
SLPI	no	no	yes	B	no	no
SLTM	no	no	yes	B	no	yes
SLU7	no	no	yes	B	no	yes
SLX1A	no	no	no	B	no	no
SLX1B	no	no	yes	B	no	no
SLX4	no	no	yes	B	no	yes
SLX4IP	no	no	yes	B	no	yes
SLX9	no	no	yes	B	no	no
SMAD1	no	no	yes	B	no	yes
SMAD2	no	no	yes	B	no	yes
SMAD3	no	no	yes	B	no	yes
SMAD4	no	no	yes	B	no	yes
SMAD5	no	no	yes	B	no	yes
SMAD6	no	no	yes	B	no	yes
SMAD7	no	no	no	B	no	yes
SMAD9	no	no	no	B	no	no
SMAGP	no	no	yes	B	no	yes
SMAP1	no	no	yes	B	no	yes
SMAP2	no	no	yes	B	no	yes
SMARCA1	no	no	yes	B	no	no
SMARCA2	no	no	yes	B	no	yes
SMARCA4	no	no	yes	B	no	yes
SMARCA5	yes	no	yes	B	yes	yes
SMARCAD1	no	no	yes	B	no	yes
SMARCAL1	no	no	yes	B	no	yes
SMARCB1	no	no	yes	B	no	yes
SMARCC1	no	no	yes	B	no	yes
SMARCC2	yes	yes	yes	A	yes	yes
SMARCD1	no	no	yes	B	no	yes
SMARCD2	no	no	yes	B	no	yes
SMARCD3	no	no	yes	B	no	yes
SMARCE1	no	no	yes	B	no	yes
SMARCE1-PS1	no	no	no	B	no	no
SMC1A	yes	yes	yes	A	yes	yes
SMC2	no	no	yes	B	no	yes
SMC3	yes	yes	yes	A	yes	yes
SMC4	no	no	yes	B	no	yes
SMC5	no	no	yes	B	no	yes
SMC6	no	no	yes	B	no	yes
SMCHD1	no	no	yes	B	no	yes
SMCO3	yes	yes	yes	A	yes	no
SMCO4	no	no	yes	B	no	no
SMCP	no	no	no	B	no	no
SMCR8	no	no	yes	B	no	yes
SMDT1	no	no	yes	B	no	yes
SMEK1	no	no	no	B	no	no
SMEK2	no	no	no	B	no	no
SMG1	no	no	yes	B	no	yes
SMG5	no	no	yes	B	no	yes
SMG6	no	no	yes	B	no	yes
SMG7	no	no	yes	B	no	yes
SMG8	no	no	yes	B	no	no
SMG9	no	no	yes	B	no	yes
SMIM1	no	no	yes	B	no	yes
SMIM10L1	no	no	no	B	no	no
SMIM11	no	no	yes	B	no	yes
SMIM12	no	no	yes	B	no	yes
SMIM13	no	no	no	B	no	yes
SMIM14	no	no	yes	B	no	yes
SMIM15	no	no	no	B	no	yes
SMIM17	no	no	no	B	no	no
SMIM19	no	no	yes	B	no	yes
SMIM20	no	no	yes	B	no	yes
SMIM22	no	no	yes	B	no	yes
SMIM24	no	no	yes	B	no	yes
SMIM26	no	no	yes	B	no	no
SMIM27	no	no	no	B	no	no
SMIM29	no	no	yes	B	no	no
SMIM3	no	no	no	B	no	yes
SMIM30	no	no	no	B	no	no
SMIM38	no	no	no	B	no	no
SMIM4	no	no	no	B	no	yes
SMIM43	no	no	no	B	no	no
SMIM5	no	no	no	B	no	yes
SMIM6	no	no	no	B	no	yes
SMIM7	no	no	no	B	no	yes
SMIM8	no	no	yes	B	no	yes
SMLR1	no	no	no	B	no	no
SMN1	no	no	yes	B	no	no
SMN2	no	no	no	B	no	no
SMNDC1	no	no	yes	B	no	yes
SMO	no	no	yes	B	no	yes
SMOC1	no	no	yes	B	no	no
SMOC2	no	no	yes	B	no	yes
SMOX	no	no	yes	B	no	yes
SMPD1	no	no	yes	B	no	yes
SMPD2	yes	no	yes	B	yes	yes
SMPD4	no	no	yes	B	no	no
SMPD5	no	no	no	B	no	no
SMPDL3A	no	no	yes	B	no	yes
SMPDL3B	no	no	yes	B	no	no
SMPX	no	no	yes	B	no	no
SMS	yes	yes	yes	A	yes	yes
SMS-PS	no	no	no	B	no	no
SMT3H2-PS4	no	no	no	B	no	no
SMTN	no	yes	yes	B	yes	yes
SMTNL2	no	no	yes	B	no	yes
SMU1	yes	no	yes	B	yes	yes
SMUG1	no	no	yes	B	no	yes
SMURF1	no	no	yes	B	no	yes
SMURF2	no	no	yes	B	no	yes
SMYD1	no	no	no	B	no	no
SMYD2	no	no	yes	B	no	yes
SMYD3	no	no	yes	B	no	yes
SMYD4	no	no	yes	B	no	yes
SMYD5	no	no	yes	B	no	yes
SMYHC	no	no	no	B	no	no
SNAI1	no	no	yes	B	no	yes
SNAI2	no	no	no	B	no	yes
SNAI3	no	no	no	B	no	no
SNAP23	yes	no	yes	B	yes	yes
SNAP29	no	no	yes	B	no	yes
SNAP47	no	no	yes	B	no	yes
SNAPC1	no	no	yes	B	no	yes
SNAPC1L	no	no	no	B	no	no
SNAPC2	no	no	yes	B	no	yes
SNAPC3	no	no	yes	B	no	yes
SNAPC4	no	no	yes	B	no	yes
SNAPC5	no	no	yes	B	no	yes
SNAPIN	no	no	yes	B	no	yes
SNCA	yes	yes	yes	A	yes	no
SNCAIP	no	no	no	B	no	no
SNCG	no	no	yes	B	no	no
SND1	yes	yes	yes	A	yes	yes
SNED1	no	no	yes	B	no	yes
SNF8	yes	yes	yes	A	yes	yes
SNHG1	no	no	no	B	no	no
SNHG10	no	no	no	B	no	no
SNHG11	no	no	no	B	no	no
SNHG12	no	no	no	B	no	no
SNHG15	no	no	no	B	no	no
SNHG16	no	no	no	B	no	no
SNHG17	no	no	no	B	no	no
SNHG18	no	no	no	B	no	no
SNHG20	no	no	no	B	no	no
SNHG3	no	no	no	B	no	no
SNHG4	no	no	no	B	no	no
SNHG5	no	no	no	B	no	no
SNHG6	no	no	no	B	no	no
SNHG7	no	no	no	B	no	no
SNHG8	no	no	no	B	no	no
SNHG9	no	no	no	B	no	no
SNIP1	no	no	yes	B	no	yes
SNN	no	no	yes	B	no	yes
SNORA108	no	no	no	B	no	no
SNORA16A	no	no	no	B	no	no
SNORA17	no	no	no	B	no	no
SNORA18	no	no	no	B	no	no
SNORA20	no	no	no	B	no	no
SNORA21	no	no	no	B	no	no
SNORA21B	no	no	no	B	no	no
SNORA22B	no	no	no	B	no	no
SNORA23	no	no	no	B	no	no
SNORA24	no	no	no	B	no	no
SNORA26	no	no	no	B	no	no
SNORA28	no	no	no	B	no	no
SNORA29	no	no	no	B	no	no
SNORA2B	no	no	no	B	no	no
SNORA2C	no	no	no	B	no	no
SNORA3	no	no	no	B	no	no
SNORA30	no	no	no	B	no	no
SNORA31	no	no	no	B	no	no
SNORA33	no	no	no	B	no	no
SNORA4	no	no	no	B	no	no
SNORA41	no	no	no	B	no	no
SNORA43	no	no	no	B	no	no
SNORA44	no	no	no	B	no	no
SNORA47	no	no	no	B	no	no
SNORA50C	no	no	no	B	no	no
SNORA52	no	no	no	B	no	no
SNORA53	no	no	no	B	no	no
SNORA55	no	no	no	B	no	no
SNORA57	no	no	no	B	no	no
SNORA58B	no	no	no	B	no	no
SNORA5C	no	no	no	B	no	no
SNORA6	no	no	no	B	no	no
SNORA60	no	no	no	B	no	no
SNORA61	no	no	no	B	no	no
SNORA62	no	no	no	B	no	no
SNORA63	no	no	no	B	no	no
SNORA63B	no	no	no	B	no	no
SNORA64	no	no	no	B	no	no
SNORA65	no	no	no	B	no	no
SNORA66	no	no	no	B	no	no
SNORA68	no	no	no	B	no	no
SNORA69	no	no	no	B	no	no
SNORA70	no	no	no	B	no	no
SNORA73A	no	no	no	B	no	no
SNORA73B	no	no	no	B	no	no
SNORA75	no	no	no	B	no	no
SNORA78	no	no	no	B	no	no
SNORA7A	no	no	no	B	no	no
SNORA81	no	no	no	B	no	no
SNORA9	no	no	no	B	no	no
SNORD10	no	no	no	B	no	no
SNORD100	no	no	no	B	no	no
SNORD101	no	no	no	B	no	no
SNORD102	no	no	no	B	no	no
SNORD104	no	no	no	B	no	no
SNORD110	no	no	no	B	no	no
SNORD111B	no	no	no	B	no	no
SNORD117	no	no	no	B	no	no
SNORD118	no	no	no	B	no	no
SNORD11B	no	no	no	B	no	no
SNORD12	no	no	no	B	no	no
SNORD121A	no	no	no	B	no	no
SNORD121B	no	no	no	B	no	no
SNORD123	no	no	no	B	no	no
SNORD125	no	no	no	B	no	no
SNORD127	no	no	no	B	no	no
SNORD12C	no	no	no	B	no	no
SNORD14	no	no	no	B	no	no
SNORD14A	no	no	no	B	no	no
SNORD15B	no	no	no	B	no	no
SNORD16	no	no	no	B	no	no
SNORD17	no	no	no	B	no	no
SNORD18A	no	no	no	B	no	no
SNORD18C	no	no	no	B	no	no
SNORD19	no	no	no	B	no	no
SNORD1A	no	no	no	B	no	no
SNORD1B	no	no	no	B	no	no
SNORD2	no	no	no	B	no	no
SNORD20	no	no	no	B	no	no
SNORD21	no	no	no	B	no	no
SNORD22	no	no	no	B	no	no
SNORD24	no	no	no	B	no	no
SNORD25	no	no	no	B	no	no
SNORD26	no	no	no	B	no	no
SNORD27	no	no	no	B	no	no
SNORD30	no	no	no	B	no	no
SNORD32A	no	no	no	B	no	no
SNORD33	no	no	no	B	no	no
SNORD34	no	no	no	B	no	no
SNORD35A	no	no	no	B	no	no
SNORD35B	no	no	no	B	no	no
SNORD36B	no	no	no	B	no	no
SNORD37	no	no	no	B	no	no
SNORD38B	no	no	no	B	no	no
SNORD42B	no	no	no	B	no	no
SNORD44	no	no	no	B	no	no
SNORD45A	no	no	no	B	no	no
SNORD45B	no	no	no	B	no	no
SNORD45C	no	no	no	B	no	no
SNORD47	no	no	no	B	no	no
SNORD48	no	no	no	B	no	no
SNORD49A	no	no	no	B	no	no
SNORD49B	no	no	no	B	no	no
SNORD4A	no	no	no	B	no	no
SNORD5	no	no	no	B	no	no
SNORD51	no	no	no	B	no	no
SNORD52	no	no	no	B	no	no
SNORD53	no	no	no	B	no	no
SNORD53B	no	no	no	B	no	no
SNORD54	no	no	no	B	no	no
SNORD55	no	no	no	B	no	no
SNORD56	no	no	no	B	no	no
SNORD57	no	no	no	B	no	no
SNORD58A	no	no	no	B	no	no
SNORD58B	no	no	no	B	no	no
SNORD59A	no	no	no	B	no	no
SNORD62	no	no	no	B	no	no
SNORD62A	no	no	no	B	no	no
SNORD63	no	no	no	B	no	no
SNORD65	no	no	no	B	no	no
SNORD66	no	no	no	B	no	no
SNORD68	no	no	no	B	no	no
SNORD69	no	no	no	B	no	no
SNORD7	no	no	no	B	no	no
SNORD70	no	no	no	B	no	no
SNORD70B	no	no	no	B	no	no
SNORD71	no	no	no	B	no	no
SNORD72	no	no	no	B	no	no
SNORD73A	no	no	no	B	no	no
SNORD73B	no	no	no	B	no	no
SNORD74	no	no	no	B	no	no
SNORD78	no	no	no	B	no	no
SNORD79	no	no	no	B	no	no
SNORD8	no	no	no	B	no	no
SNORD80	no	no	no	B	no	no
SNORD82	no	no	no	B	no	no
SNORD83A	no	no	no	B	no	no
SNORD83B	no	no	no	B	no	no
SNORD84	no	no	no	B	no	no
SNORD86	no	no	no	B	no	no
SNORD87	no	no	no	B	no	no
SNORD88C	no	no	no	B	no	no
SNORD89	no	no	no	B	no	no
SNORD91A	no	no	no	B	no	no
SNORD95	no	no	no	B	no	no
SNORD96A	no	no	no	B	no	no
SNORD97	no	no	no	B	no	no
SNORD98	no	no	no	B	no	no
SNORD99	no	no	no	B	no	no
SNOZ196	no	no	no	B	no	no
SNPH	no	no	no	B	no	no
SNRK	no	no	yes	B	no	yes
SNRNP200	yes	yes	yes	A	yes	yes
SNRNP25	no	no	no	B	no	yes
SNRNP27	no	no	yes	B	no	yes
SNRNP35	no	no	yes	B	no	yes
SNRNP40	no	no	yes	B	no	yes
SNRNP48	no	no	yes	B	no	yes
SNRNP70	yes	yes	yes	A	yes	yes
SNRPA	yes	yes	yes	A	yes	yes
SNRPA1	yes	yes	yes	A	yes	yes
SNRPB	yes	yes	yes	A	yes	yes
SNRPB2	yes	no	yes	B	yes	yes
SNRPC	yes	yes	yes	A	yes	yes
SNRPD1	yes	yes	yes	A	yes	yes
SNRPD2	yes	yes	yes	A	yes	yes
SNRPD3	yes	yes	yes	A	yes	yes
SNRPE	yes	yes	yes	A	yes	yes
SNRPERT	no	no	no	B	no	no
SNRPF	no	no	yes	B	no	no
SNRPG	no	no	yes	B	no	yes
SNRPN	no	no	no	B	no	yes
SNTA1	no	no	yes	B	no	yes
SNTB1	no	yes	yes	B	yes	yes
SNTB2	yes	yes	yes	A	yes	yes
SNTG1	no	no	no	B	no	no
SNTG2	no	no	yes	B	no	no
SNU13	yes	yes	yes	A	yes	no
SNUPN	no	no	yes	B	no	yes
SNURF	no	no	no	B	no	no
SNW1	yes	no	yes	B	yes	yes
SNX1	yes	yes	yes	A	yes	yes
SNX10	no	no	yes	B	no	yes
SNX11	no	no	yes	B	no	yes
SNX12	yes	yes	yes	A	yes	yes
SNX13	no	no	yes	B	no	yes
SNX14	no	no	yes	B	no	yes
SNX15	no	no	yes	B	no	yes
SNX16	no	no	yes	B	no	yes
SNX17	yes	no	yes	B	yes	yes
SNX18	yes	no	yes	B	yes	yes
SNX19	no	no	yes	B	no	yes
SNX2	yes	yes	yes	A	yes	yes
SNX20	no	no	yes	B	no	yes
SNX21	no	no	yes	B	no	yes
SNX22	no	no	no	B	no	no
SNX24	no	no	yes	B	no	yes
SNX25	no	no	yes	B	no	yes
SNX27	yes	yes	yes	A	yes	yes
SNX29	no	no	yes	B	no	yes
SNX3	yes	yes	yes	A	yes	yes
SNX30	no	no	yes	B	no	yes
SNX31	no	no	no	B	no	yes
SNX32	no	no	yes	B	no	yes
SNX33	no	no	yes	B	no	yes
SNX4	no	no	yes	B	no	yes
SNX5	yes	yes	yes	A	yes	yes
SNX6	yes	yes	yes	A	yes	yes
SNX7	yes	no	yes	B	yes	yes
SNX8	no	no	yes	B	no	yes
SNX9	yes	yes	yes	A	yes	yes
SOAT1	no	no	yes	B	no	yes
SOAT2	no	no	yes	B	no	no
SOBP	no	no	no	B	no	no
SOCS1	no	no	no	B	no	yes
SOCS2	no	no	yes	B	no	yes
SOCS3	no	no	no	B	no	yes
SOCS4	no	no	no	B	no	yes
SOCS5	no	no	no	B	no	yes
SOCS6	no	no	yes	B	no	yes
SOCS7	no	no	yes	B	no	yes
SOD1	yes	yes	yes	A	yes	yes
SOD2	yes	yes	yes	A	yes	yes
SOD3	no	no	yes	B	no	yes
SOGA1	no	no	no	B	no	no
SON	no	no	yes	B	no	yes
SORBS1	yes	yes	yes	A	yes	yes
SORBS2	yes	yes	yes	A	yes	yes
SORBS3	yes	yes	yes	A	yes	yes
SORCS1	no	no	yes	B	no	no
SORCS2	no	no	yes	B	no	no
SORCS3	no	no	no	B	no	no
SORD	yes	yes	yes	A	yes	yes
SORL1	no	no	yes	B	no	yes
SORT1	no	no	yes	B	no	yes
SOS1	no	no	yes	B	no	yes
SOS2	no	no	yes	B	no	yes
SOST	no	no	no	B	no	no
SOSTDC1	no	no	yes	B	no	yes
SOWAHA	no	no	yes	B	no	no
SOWAHB	no	no	yes	B	no	yes
SOWAHC	no	no	yes	B	no	no
SOWAHD	no	no	no	B	no	no
SOX11	no	no	no	B	no	no
SOX12	no	no	no	B	no	yes
SOX13	no	no	yes	B	no	yes
SOX15	no	no	no	B	no	no
SOX17	no	no	yes	B	no	yes
SOX18	no	no	yes	B	no	yes
SOX4	no	no	no	B	no	yes
SOX5	no	no	yes	B	no	no
SOX6	no	no	yes	B	no	yes
SOX6OS	no	no	no	B	no	no
SOX7	no	no	no	B	no	no
SOX8	no	no	no	B	no	no
SOX9	no	no	yes	B	no	yes
SP1	no	no	yes	B	no	yes
SP100	no	no	no	B	no	no
SP110	no	no	yes	B	no	no
SP140	no	no	yes	B	no	no
SP2	no	no	yes	B	no	yes
SP3	no	no	yes	B	no	yes
SP3OS	no	no	no	B	no	no
SP4	no	no	yes	B	no	yes
SP5	no	no	no	B	no	no
SP6	no	no	no	B	no	no
SPA17	no	no	yes	B	no	yes
SPAAR	no	no	no	B	no	no
SPACA6	no	no	no	B	no	yes
SPACA7	no	no	no	B	no	no
SPACA9	no	no	no	B	no	no
SPAG1	no	no	yes	B	no	no
SPAG4	no	no	no	B	no	no
SPAG5	no	no	no	B	no	yes
SPAG6	no	no	no	B	no	no
SPAG7	no	no	yes	B	no	yes
SPAG8	no	no	no	B	no	no
SPAG9	yes	yes	yes	A	yes	yes
SPARC	no	no	yes	B	no	yes
SPARCL1	no	yes	yes	B	yes	yes
SPART	yes	yes	yes	A	yes	no
SPAST	no	no	yes	B	no	yes
SPATA1	no	no	no	B	no	no
SPATA13	no	no	yes	B	no	yes
SPATA16	no	no	no	B	no	no
SPATA17	no	no	no	B	no	no
SPATA2	no	no	yes	B	no	yes
SPATA20	no	no	no	B	no	no
SPATA24	no	no	no	B	no	yes
SPATA25	no	no	no	B	no	no
SPATA2L	no	no	yes	B	no	yes
SPATA33	no	no	no	B	no	no
SPATA5	no	no	no	B	no	no
SPATA5L1	no	no	no	B	no	no
SPATA6	no	no	yes	B	no	yes
SPATA7	no	no	yes	B	no	no
SPATA9	no	no	no	B	no	no
SPATC1	no	no	no	B	no	no
SPATS2	no	no	yes	B	no	yes
SPATS2L	no	no	yes	B	no	yes
SPC24	no	no	yes	B	no	yes
SPC25	no	no	yes	B	no	no
SPCS1	no	no	yes	B	no	yes
SPCS2	yes	yes	yes	A	yes	yes
SPCS3	yes	no	yes	B	yes	yes
SPDL1	no	no	no	B	no	no
SPDYC	no	no	no	B	no	no
SPECC1	no	no	yes	B	no	yes
SPECC1L	yes	yes	yes	A	yes	yes
SPEF1	no	no	no	B	no	yes
SPEF2	no	no	no	B	no	no
SPEG	no	no	yes	B	no	no
SPEN	no	no	yes	B	no	yes
SPG11	no	no	yes	B	no	yes
SPG20	no	no	no	B	no	no
SPG21	no	no	yes	B	no	yes
SPG7	yes	yes	yes	A	yes	yes
SPHK1	no	no	yes	B	no	yes
SPHK2	no	no	yes	B	no	yes
SPI1	no	no	yes	B	no	yes
SPIB	no	no	no	B	no	no
SPICE1	no	no	yes	B	no	yes
SPIDR	no	no	yes	B	no	yes
SPIN1	no	no	yes	B	no	yes
SPIN2C	no	no	no	B	no	no
SPINDOC	no	no	yes	B	no	no
SPINK1	yes	yes	yes	A	yes	no
SPINK12	no	no	yes	B	no	no
SPINK3	no	no	no	B	no	no
SPINK5	no	no	yes	B	no	no
SPINK8	no	no	yes	B	no	no
SPINT1	no	no	yes	B	no	yes
SPINT2	no	no	yes	B	no	yes
SPIRE1	no	no	yes	B	no	yes
SPIRE2	no	no	yes	B	no	yes
SPN	no	no	yes	B	no	yes
SPNS1	yes	yes	yes	A	yes	yes
SPNS2	no	no	yes	B	no	yes
SPNS3	no	no	no	B	no	yes
SPOCD1	no	no	no	B	no	no
SPOCK1	no	no	no	B	no	no
SPOCK2	no	no	yes	B	no	no
SPOCK3	no	no	no	B	no	no
SPON1	yes	yes	yes	A	yes	yes
SPON2	no	no	yes	B	no	no
SPOP	no	no	yes	B	no	yes
SPOPL	no	no	no	B	no	yes
SPOUT1	no	no	yes	B	no	no
SPP1	yes	yes	yes	A	yes	yes
SPP2	yes	yes	yes	A	yes	yes
SPPL2A	no	no	yes	B	no	yes
SPPL2B	no	no	yes	B	no	yes
SPPL3	no	no	yes	B	no	yes
SPR	yes	yes	yes	A	yes	yes
SPRED1	no	no	yes	B	no	yes
SPRED2	no	no	yes	B	no	yes
SPRED3	no	no	yes	B	no	no
SPRING1	no	no	yes	B	no	no
SPRN	no	no	no	B	no	no
SPRR1A	no	no	yes	B	no	no
SPRR2A1	no	no	no	B	no	no
SPRR2A2	no	no	no	B	no	no
SPRR2A3	no	no	no	B	no	no
SPRR2B	no	no	no	B	no	no
SPRR2D	no	no	no	B	no	no
SPRR2E	no	no	no	B	no	no
SPRR2F	no	no	yes	B	no	no
SPRR2G	no	no	no	B	no	no
SPRTN	no	no	yes	B	no	yes
SPRY1	no	no	yes	B	no	yes
SPRY2	no	no	yes	B	no	yes
SPRY4	no	no	yes	B	no	yes
SPRYD3	no	no	yes	B	no	yes
SPRYD4	yes	yes	yes	A	yes	yes
SPRYD7	no	no	yes	B	no	yes
SPSB1	no	no	yes	B	no	yes
SPSB2	no	no	yes	B	no	yes
SPSB3	no	no	no	B	no	yes
SPSB4	no	no	no	B	no	no
SPTA1	yes	yes	yes	A	yes	no
SPTAN1	yes	yes	yes	A	yes	yes
SPTB	yes	yes	yes	A	yes	no
SPTBN1	yes	yes	yes	A	yes	yes
SPTBN2	yes	yes	yes	A	yes	yes
SPTBN4	no	no	no	B	no	no
SPTBN5	no	no	no	B	no	no
SPTLC1	no	no	yes	B	no	yes
SPTLC2	no	no	yes	B	no	yes
SPTLC3	no	no	no	B	no	no
SPTSSA	no	no	no	B	no	yes
SPTSSB	no	no	no	B	no	no
SPTY2D1	no	no	yes	B	no	yes
SPX	no	no	no	B	no	no
SQLE	no	no	yes	B	no	yes
SQOR	yes	yes	yes	A	yes	no
SQRDL	no	no	no	B	no	no
SQSTM1	no	no	yes	B	no	yes
SRA1	no	no	yes	B	no	yes
SRBD1	no	no	yes	B	no	yes
SRC	yes	yes	yes	A	yes	yes
SRCAP	no	no	yes	B	no	no
SRCIN1	no	no	yes	B	no	yes
SRD5A1	no	no	yes	B	no	yes
SRD5A2	no	no	yes	B	no	yes
SRD5A3	no	no	yes	B	no	yes
SREBF1	no	no	yes	B	no	yes
SREBF2	no	no	yes	B	no	yes
SREK1	no	no	yes	B	no	yes
SREK1IP1	no	no	yes	B	no	yes
SRF	no	no	yes	B	no	yes
SRFBP1	no	no	yes	B	no	yes
SRGAP1	no	no	yes	B	no	no
SRGAP2	no	no	yes	B	no	yes
SRGAP3	no	no	yes	B	no	yes
SRGN	no	no	yes	B	no	yes
SRI	yes	yes	yes	A	yes	yes
SRL	no	no	no	B	no	no
SRM	yes	no	yes	B	yes	yes
SRMS	no	no	no	B	no	no
SRP14	yes	no	yes	B	yes	yes
SRP19	yes	no	yes	B	yes	yes
SRP54	yes	yes	yes	A	yes	no
SRP54A	no	no	no	B	no	no
SRP54B	no	no	no	B	no	no
SRP54C	no	no	yes	B	no	no
SRP68	yes	yes	yes	A	yes	yes
SRP72	yes	yes	yes	A	yes	yes
SRP9	no	no	yes	B	no	yes
SRPK1	no	no	yes	B	no	yes
SRPK2	no	no	yes	B	no	yes
SRPK3	no	no	yes	B	no	no
SRPR	no	no	no	B	no	no
SRPRA	no	no	yes	B	no	no
SRPRB	yes	yes	yes	A	yes	yes
SRPX	no	no	yes	B	no	no
SRPX2	no	no	yes	B	no	no
SRR	no	no	yes	B	no	yes
SRRD	no	no	yes	B	no	yes
SRRM1	no	no	yes	B	no	yes
SRRM2	no	yes	yes	B	yes	yes
SRRM3	no	no	no	B	no	no
SRRT	yes	yes	yes	A	yes	yes
SRSF1	yes	yes	yes	A	yes	yes
SRSF10	no	yes	yes	B	yes	yes
SRSF11	no	no	yes	B	no	yes
SRSF12	no	no	no	B	no	no
SRSF2	yes	yes	yes	A	yes	yes
SRSF3	no	no	yes	B	no	no
SRSF3-PS	no	no	no	B	no	no
SRSF4	no	yes	yes	B	yes	yes
SRSF5	no	no	yes	B	no	yes
SRSF6	yes	no	yes	B	yes	yes
SRSF7	yes	yes	yes	A	yes	yes
SRSF9	no	no	yes	B	no	yes
SRXN1	no	no	yes	B	no	yes
SS18	no	no	yes	B	no	yes
SS18L1	no	no	yes	B	no	yes
SS18L2	no	no	no	B	no	no
SSB	yes	yes	yes	A	yes	yes
SSBP1	yes	yes	yes	A	yes	yes
SSBP2	no	no	yes	B	no	yes
SSBP3	no	no	yes	B	no	yes
SSBP4	no	no	yes	B	no	yes
SSC4D	no	no	no	B	no	no
SSC5D	no	no	yes	B	no	no
SSFA2	no	no	no	B	no	no
SSH1	no	no	yes	B	no	yes
SSH2	no	no	yes	B	no	yes
SSH3	no	no	yes	B	no	yes
SSNA1	no	no	yes	B	no	yes
SSPN	no	no	no	B	no	no
SSR1	yes	yes	yes	A	yes	yes
SSR2	no	no	yes	B	no	yes
SSR3	no	no	yes	B	no	yes
SSR4	yes	yes	yes	A	yes	yes
SSRP1	no	no	yes	B	no	yes
SSSCA1	no	no	no	B	no	no
SSTR2	no	no	no	B	no	no
SSU72	no	no	yes	B	no	yes
SSUH2	no	no	no	B	no	no
SSX2IP	no	no	yes	B	no	yes
ST13	yes	yes	yes	A	yes	yes
ST14	no	no	yes	B	no	yes
ST3GAL1	no	no	yes	B	no	yes
ST3GAL2	no	no	yes	B	no	yes
ST3GAL3	no	no	yes	B	no	yes
ST3GAL4	yes	yes	yes	A	yes	yes
ST3GAL5	no	no	yes	B	no	yes
ST3GAL6	no	no	yes	B	no	yes
ST5	no	no	no	B	no	no
ST6GAL1	no	no	yes	B	no	yes
ST6GAL2	no	no	no	B	no	no
ST6GALNAC2	no	no	yes	B	no	yes
ST6GALNAC3	no	no	yes	B	no	no
ST6GALNAC4	no	no	yes	B	no	yes
ST6GALNAC5	no	no	no	B	no	no
ST6GALNAC6	no	no	no	B	no	yes
ST7	no	no	yes	B	no	yes
ST7L	no	no	yes	B	no	yes
ST8SIA1	no	no	yes	B	no	yes
ST8SIA4	no	no	yes	B	no	no
ST8SIA5	no	no	no	B	no	no
ST8SIA6	no	no	yes	B	no	no
STAB1	no	yes	yes	B	yes	yes
STAB2	no	no	no	B	no	no
STAC	no	no	no	B	no	no
STAC2	no	no	no	B	no	no
STAC3	no	no	no	B	no	no
STAG1	no	no	yes	B	no	yes
STAG2	no	yes	yes	B	yes	yes
STAG3	no	no	no	B	no	no
STAM	yes	yes	yes	A	yes	yes
STAM2	no	no	yes	B	no	yes
STAMBP	no	no	yes	B	no	yes
STAMBPL1	no	no	yes	B	no	no
STAMOS	no	no	no	B	no	no
STAP1	no	no	yes	B	no	no
STAP2	no	no	yes	B	no	yes
STAR	no	no	no	B	no	no
STARD10	no	no	yes	B	no	yes
STARD13	no	no	yes	B	no	yes
STARD3	no	no	yes	B	no	yes
STARD3NL	no	no	yes	B	no	yes
STARD4	no	no	yes	B	no	yes
STARD5	no	no	yes	B	no	yes
STARD6	no	no	no	B	no	no
STARD7	no	no	yes	B	no	yes
STARD8	no	no	yes	B	no	yes
STARD9	no	no	yes	B	no	no
STAT1	yes	yes	yes	A	yes	yes
STAT2	no	no	yes	B	no	yes
STAT3	yes	yes	yes	A	yes	yes
STAT4	no	no	yes	B	no	no
STAT5A	no	no	yes	B	no	yes
STAT5B	yes	yes	yes	A	yes	yes
STAT6	yes	no	yes	B	yes	yes
STAU1	yes	no	yes	B	yes	yes
STAU2	no	no	yes	B	no	yes
STBD1	no	no	yes	B	no	yes
STC1	no	no	yes	B	no	yes
STC2	no	no	yes	B	no	yes
STEAP1	no	no	yes	B	no	yes
STEAP2	no	no	yes	B	no	yes
STEAP3	no	no	yes	B	no	yes
STEAP4	no	no	yes	B	no	yes
STEEP1	no	no	yes	B	no	no
STFA1	no	no	no	B	no	no
STFA2L1	no	no	no	B	no	no
STIL	no	no	no	B	no	no
STIM1	no	no	yes	B	no	yes
STIM2	no	no	yes	B	no	yes
STIMATE	no	no	no	B	no	no
STING1	no	no	yes	B	no	no
STIP1	yes	yes	yes	A	yes	yes
STK10	no	no	yes	B	no	yes
STK11	no	no	yes	B	no	yes
STK11IP	no	no	yes	B	no	yes
STK16	no	no	yes	B	no	yes
STK17A	no	no	no	B	no	no
STK17B	no	no	yes	B	no	yes
STK24	yes	yes	yes	A	yes	yes
STK25	no	no	yes	B	no	yes
STK26	no	no	yes	B	no	yes
STK3	no	no	yes	B	no	yes
STK32A	no	no	yes	B	no	yes
STK32B	no	no	yes	B	no	yes
STK32C	no	no	yes	B	no	no
STK33	no	no	no	B	no	no
STK35	no	no	yes	B	no	yes
STK36	no	no	no	B	no	no
STK38	no	no	yes	B	no	yes
STK38L	no	no	yes	B	no	yes
STK39	yes	yes	yes	A	yes	yes
STK4	no	no	yes	B	no	yes
STK40	no	no	yes	B	no	yes
STMN1	no	no	yes	B	no	yes
STMN2	no	no	no	B	no	no
STMN3	no	no	no	B	no	no
STMP1	no	no	no	B	no	no
STN1	no	no	yes	B	no	no
STOM	yes	yes	yes	A	yes	yes
STOML1	no	no	yes	B	no	yes
STOML2	yes	yes	yes	A	yes	yes
STON1	no	no	yes	B	no	yes
STON2	no	no	yes	B	no	yes
STOX1	no	no	no	B	no	no
STOX2	no	no	yes	B	no	no
STPG1	no	no	no	B	no	no
STPG3	no	no	no	B	no	no
STRA13	no	no	no	B	no	no
STRA6	yes	no	yes	B	yes	yes
STRA6L	no	no	yes	B	no	no
STRA8	no	no	no	B	no	no
STRADA	no	no	yes	B	no	yes
STRADB	no	no	yes	B	no	yes
STRAP	yes	yes	yes	A	yes	no
STRBP	no	no	yes	B	no	no
STRC	no	no	no	B	no	no
STRIP1	no	no	yes	B	no	yes
STRIP2	no	no	yes	B	no	no
STRN	yes	no	yes	B	yes	yes
STRN3	yes	yes	yes	A	yes	yes
STRN4	no	no	yes	B	no	yes
STS	no	no	yes	B	no	no
STT3A	yes	yes	yes	A	yes	yes
STT3B	yes	yes	yes	A	yes	yes
STUB1	no	no	yes	B	no	yes
STUM	no	no	no	B	no	no
STX10	no	no	no	B	no	no
STX11	no	no	yes	B	no	no
STX12	yes	yes	yes	A	yes	yes
STX16	no	no	yes	B	no	yes
STX17	no	no	yes	B	no	yes
STX18	no	no	yes	B	no	yes
STX1A	no	no	yes	B	no	no
STX1B	no	no	yes	B	no	no
STX2	no	no	yes	B	no	yes
STX3	yes	no	yes	B	yes	yes
STX4	yes	no	yes	B	yes	yes
STX5	no	no	yes	B	no	yes
STX6	no	no	yes	B	no	yes
STX7	yes	yes	yes	A	yes	yes
STX8	no	no	yes	B	no	yes
STXBP1	no	yes	yes	B	yes	yes
STXBP2	yes	yes	yes	A	yes	yes
STXBP3	yes	yes	yes	A	yes	no
STXBP3-PS	no	no	no	B	no	no
STXBP3A	no	no	no	B	no	no
STXBP4	no	no	yes	B	no	yes
STXBP5	no	no	yes	B	no	yes
STXBP5L	no	no	yes	B	no	yes
STXBP6	no	no	yes	B	no	yes
STYK1	no	no	yes	B	no	no
STYX	no	no	yes	B	no	yes
SUB1	yes	yes	yes	A	yes	yes
SUCLA2	yes	yes	yes	A	yes	yes
SUCLG1	yes	yes	yes	A	yes	yes
SUCLG2	yes	yes	yes	A	yes	yes
SUCNR1	no	no	yes	B	no	yes
SUCO	no	no	yes	B	no	yes
SUDS3	no	no	yes	B	no	yes
SUFU	no	no	yes	B	no	yes
SUGCT	yes	yes	yes	A	yes	yes
SUGP1	no	no	yes	B	no	yes
SUGP2	no	no	yes	B	no	yes
SUGT1	yes	yes	yes	A	yes	yes
SULF1	no	no	yes	B	no	no
SULF2	no	no	yes	B	no	yes
SULT1A1	no	no	yes	B	no	no
SULT1B1	yes	yes	yes	A	yes	yes
SULT1C2	no	no	yes	B	no	yes
SULT1C4	yes	yes	no	B	no	no
SULT1D1	no	no	yes	B	no	no
SULT1E1	no	no	no	B	no	no
SULT2A3	no	no	no	B	no	no
SULT2B1	no	no	yes	B	no	no
SULT4A1	no	no	no	B	no	no
SULT5A1	no	no	yes	B	no	no
SULT6B1	no	no	no	B	no	no
SUMF1	yes	no	yes	B	yes	yes
SUMF2	no	no	yes	B	no	yes
SUMO1	yes	yes	yes	A	yes	yes
SUMO2	yes	yes	yes	A	yes	yes
SUMO3	no	no	yes	B	no	yes
SUN1	no	no	yes	B	no	yes
SUN2	yes	yes	yes	A	yes	yes
SUN3	no	no	no	B	no	no
SUOX	no	no	yes	B	no	yes
SUPT16H	no	no	yes	B	no	yes
SUPT20H	no	no	yes	B	no	yes
SUPT3H	no	no	yes	B	no	yes
SUPT4B	no	no	no	B	no	no
SUPT4H1	no	no	no	B	no	yes
SUPT5H	yes	yes	yes	A	yes	yes
SUPT6H	no	no	yes	B	no	yes
SUPT7L	no	no	yes	B	no	yes
SUPV3L1	yes	no	yes	B	yes	yes
SURF1	yes	no	yes	B	yes	yes
SURF2	no	no	yes	B	no	yes
SURF4	yes	yes	yes	A	yes	yes
SURF6	no	no	yes	B	no	yes
SUSD1	no	no	yes	B	no	yes
SUSD2	yes	yes	yes	A	yes	yes
SUSD3	no	no	yes	B	no	yes
SUSD4	no	no	no	B	no	yes
SUSD5	no	no	yes	B	no	no
SUSD6	no	no	yes	B	no	no
SUV39H1	no	no	yes	B	no	yes
SUV39H2	no	no	yes	B	no	no
SUV420H1	no	no	no	B	no	no
SUV420H2	no	no	no	B	no	no
SUZ12	no	no	yes	B	no	yes
SV2A	no	no	yes	B	no	yes
SV2B	no	no	no	B	no	no
SV2C	no	no	no	B	no	no
SVBP	no	no	yes	B	no	no
SVEP1	no	no	yes	B	no	yes
SVIL	no	no	yes	B	no	yes
SVIP	no	no	yes	B	no	no
SVOP	no	no	no	B	no	no
SVOPL	no	no	no	B	no	yes
SWAP70	yes	yes	yes	A	yes	yes
SWI5	no	no	yes	B	no	yes
SWSAP1	no	no	yes	B	no	yes
SWT1	no	no	yes	B	no	yes
SYAP1	yes	yes	yes	A	yes	yes
SYBU	no	no	no	B	no	no
SYCE1L	no	no	no	B	no	no
SYCE2	no	no	no	B	no	yes
SYCN	no	no	yes	B	no	no
SYCP2	no	no	no	B	no	no
SYCP3	no	no	no	B	no	no
SYDE1	no	no	yes	B	no	yes
SYDE2	no	no	yes	B	no	yes
SYF2	no	no	yes	B	no	yes
SYK	no	no	yes	B	no	no
SYMPK	no	no	yes	B	no	yes
SYN1	no	no	yes	B	no	no
SYN2	no	no	yes	B	no	no
SYN3	no	no	yes	B	no	no
SYNC	no	no	yes	B	no	no
SYNCRIP	yes	yes	yes	A	yes	yes
SYNDIG1	no	no	no	B	no	no
SYNE1	yes	no	yes	B	yes	no
SYNE2	yes	yes	yes	A	yes	yes
SYNE3	no	no	yes	B	no	yes
SYNE4	no	no	yes	B	no	yes
SYNGAP1	no	no	no	B	no	yes
SYNGR1	no	no	yes	B	no	yes
SYNGR2	no	no	yes	B	no	no
SYNGR3	no	no	yes	B	no	no
SYNJ1	no	no	yes	B	no	yes
SYNJ2	no	no	yes	B	no	no
SYNJ2BP	yes	no	yes	B	yes	no
SYNM	no	no	yes	B	no	no
SYNPO	yes	yes	yes	A	yes	yes
SYNPO2	yes	yes	yes	A	yes	no
SYNPO2L	no	no	yes	B	no	no
SYNPR	no	no	no	B	no	no
SYNRG	no	no	yes	B	no	yes
SYP	no	no	yes	B	no	no
SYPL	no	no	no	B	no	no
SYPL1	yes	yes	yes	A	yes	no
SYPL2	no	no	yes	B	no	yes
SYS1	no	no	yes	B	no	yes
SYT1	no	no	yes	B	no	no
SYT10	no	no	no	B	no	no
SYT11	no	no	yes	B	no	yes
SYT12	no	no	yes	B	no	yes
SYT13	no	no	no	B	no	no
SYT14	no	no	yes	B	no	yes
SYT17	no	no	yes	B	no	yes
SYT2	no	no	yes	B	no	no
SYT3	no	no	no	B	no	yes
SYT4	no	no	no	B	no	no
SYT5	no	no	no	B	no	no
SYT6	no	no	no	B	no	no
SYT7	no	no	yes	B	no	no
SYT8	no	no	no	B	no	no
SYT9	no	no	no	B	no	no
SYTL1	no	no	yes	B	no	yes
SYTL2	no	no	yes	B	no	yes
SYTL3	no	no	no	B	no	no
SYTL4	no	no	yes	B	no	yes
SYTL5	no	no	yes	B	no	no
SYVN1	no	no	yes	B	no	yes
SZRD1	yes	yes	yes	A	yes	yes
SZT2	no	no	yes	B	no	yes
TAAR1	no	no	no	B	no	no
TAB1	no	no	yes	B	no	yes
TAB2	no	no	yes	B	no	yes
TAB3	no	no	yes	B	no	yes
TACC1	no	no	yes	B	no	yes
TACC2	no	no	yes	B	no	yes
TACC3	no	no	yes	B	no	yes
TACO1	no	no	yes	B	no	yes
TACO1OS	no	no	no	B	no	no
TACSTD2	no	no	yes	B	no	yes
TADA1	no	no	yes	B	no	yes
TADA2A	no	no	yes	B	no	yes
TADA2B	no	no	yes	B	no	yes
TADA3	no	no	yes	B	no	yes
TAF1	no	no	yes	B	no	yes
TAF10	no	no	yes	B	no	yes
TAF11	no	no	yes	B	no	yes
TAF12	no	no	yes	B	no	yes
TAF13	no	no	yes	B	no	yes
TAF15	yes	yes	yes	A	yes	yes
TAF1A	no	no	yes	B	no	yes
TAF1B	no	no	yes	B	no	yes
TAF1C	no	no	yes	B	no	yes
TAF1D	no	no	no	B	no	yes
TAF2	no	no	yes	B	no	yes
TAF3	no	no	yes	B	no	yes
TAF4	no	no	yes	B	no	no
TAF4A	no	no	no	B	no	no
TAF4B	no	no	yes	B	no	yes
TAF5	no	no	yes	B	no	yes
TAF5L	no	no	yes	B	no	yes
TAF6	no	no	yes	B	no	yes
TAF6L	no	no	yes	B	no	yes
TAF7	no	no	yes	B	no	yes
TAF8	no	no	yes	B	no	yes
TAF9	no	no	yes	B	no	no
TAF9-PS	no	no	no	B	no	no
TAF9B	no	no	yes	B	no	yes
TAFA5	no	no	no	B	no	no
TAFAZZIN	no	no	yes	B	no	no
TAGAP	no	no	yes	B	no	no
TAGAP1	no	no	no	B	no	no
TAGLN	no	no	yes	B	no	yes
TAGLN2	yes	yes	yes	A	yes	yes
TAGLN3	no	no	yes	B	no	no
TAL1	no	no	yes	B	no	no
TALDO1	yes	yes	yes	A	yes	yes
TAMALIN	no	no	yes	B	no	no
TAMM41	no	no	yes	B	no	yes
TANC1	no	no	yes	B	no	yes
TANC2	no	no	yes	B	no	yes
TANGO2	no	no	yes	B	no	yes
TANGO6	no	no	yes	B	no	yes
TANK	no	no	yes	B	no	yes
TAOK1	no	no	yes	B	no	yes
TAOK2	no	no	yes	B	no	yes
TAOK3	no	no	yes	B	no	yes
TAP1	no	no	yes	B	no	yes
TAP2	no	no	yes	B	no	yes
TAPBP	no	yes	yes	B	yes	no
TAPBPL	no	no	yes	B	no	yes
TAPT1	no	no	yes	B	no	yes
TARBP1	no	no	yes	B	no	no
TARBP2	no	no	yes	B	no	yes
TARDBP	yes	yes	yes	A	yes	yes
TARM1	no	no	no	B	no	no
TARP	no	no	no	B	no	no
TARS	no	no	no	B	no	no
TARS1	yes	yes	yes	A	yes	no
TARS2	no	no	yes	B	no	yes
TARS3	no	no	yes	B	no	no
TARSL2	no	no	no	B	no	no
TAS1R3	no	no	no	B	no	no
TASOR	no	no	yes	B	no	no
TASOR2	no	no	yes	B	no	no
TASP1	no	no	yes	B	no	yes
TAT	no	no	no	B	no	no
TATDN1	yes	no	yes	B	yes	yes
TATDN2	no	no	yes	B	no	yes
TATDN3	no	no	yes	B	no	yes
TAX1BP1	no	no	yes	B	no	yes
TAX1BP3	yes	no	yes	B	yes	yes
TAZ	no	no	no	B	no	no
TBC1D1	no	no	yes	B	no	yes
TBC1D10A	yes	yes	yes	A	yes	yes
TBC1D10B	no	no	yes	B	no	yes
TBC1D10C	no	no	yes	B	no	no
TBC1D12	no	no	yes	B	no	yes
TBC1D13	yes	no	yes	B	yes	yes
TBC1D14	no	no	yes	B	no	no
TBC1D15	yes	no	yes	B	yes	yes
TBC1D16	no	no	yes	B	no	yes
TBC1D17	no	no	yes	B	no	yes
TBC1D19	no	no	yes	B	no	yes
TBC1D2	no	no	yes	B	no	yes
TBC1D20	no	no	yes	B	no	yes
TBC1D22A	no	no	yes	B	no	yes
TBC1D22B	no	no	yes	B	no	yes
TBC1D23	yes	no	yes	B	yes	yes
TBC1D24	no	no	yes	B	no	yes
TBC1D25	no	no	yes	B	no	yes
TBC1D2B	no	no	yes	B	no	yes
TBC1D30	no	no	no	B	no	no
TBC1D31	no	no	yes	B	no	yes
TBC1D32	no	no	yes	B	no	yes
TBC1D4	yes	no	yes	B	yes	yes
TBC1D5	yes	yes	yes	A	yes	yes
TBC1D7	no	no	yes	B	no	yes
TBC1D8	no	no	yes	B	no	yes
TBC1D8B	no	no	yes	B	no	yes
TBC1D9	no	no	yes	B	no	yes
TBC1D9B	no	yes	yes	B	yes	yes
TBCA	yes	yes	yes	A	yes	yes
TBCB	yes	no	yes	B	yes	yes
TBCC	yes	no	yes	B	yes	yes
TBCCD1	no	no	no	B	no	yes
TBCD	yes	yes	yes	A	yes	yes
TBCE	no	no	yes	B	no	yes
TBCEL	no	no	yes	B	no	no
TBCK	no	no	yes	B	no	yes
TBK1	no	no	yes	B	no	yes
TBKBP1	no	no	yes	B	no	yes
TBL1X	no	no	yes	B	no	yes
TBL1XR1	yes	no	yes	B	yes	yes
TBL2	yes	yes	yes	A	yes	yes
TBL3	no	no	yes	B	no	yes
TBP	no	no	yes	B	no	yes
TBPL1	no	no	yes	B	no	yes
TBRG1	no	no	yes	B	no	yes
TBRG4	no	yes	yes	B	yes	yes
TBX1	no	no	no	B	no	no
TBX10	no	no	yes	B	no	no
TBX19	no	no	no	B	no	no
TBX2	no	no	yes	B	no	yes
TBX21	no	no	no	B	no	no
TBX3	no	no	yes	B	no	yes
TBX6	no	no	no	B	no	no
TBXA2R	no	no	yes	B	no	yes
TBXAS1	no	no	yes	B	no	yes
TC2N	no	no	no	B	no	yes
TCAF1	no	no	yes	B	no	no
TCAF2	no	no	yes	B	no	no
TCAIM	no	no	yes	B	no	yes
TCAP	no	no	no	B	no	no
TCEA1	yes	yes	yes	A	yes	yes
TCEA1-PS1	no	no	no	B	no	no
TCEA2	no	no	yes	B	no	yes
TCEA3	no	no	yes	B	no	yes
TCEAL1	no	no	yes	B	no	yes
TCEAL2	no	no	no	B	no	no
TCEAL4	no	no	no	B	no	no
TCEAL8	no	no	yes	B	no	yes
TCEAL9	no	no	yes	B	no	no
TCEANC	no	no	yes	B	no	no
TCEANC2	no	no	yes	B	no	yes
TCEB1	yes	yes	no	B	no	no
TCEB2	no	no	no	B	no	no
TCEB3	no	no	no	B	no	no
TCERG1	yes	yes	yes	A	yes	yes
TCERG1L	no	no	no	B	no	no
TCF12	no	no	yes	B	no	yes
TCF15	no	no	no	B	no	no
TCF19	no	no	no	B	no	no
TCF20	no	no	yes	B	no	yes
TCF21	no	no	yes	B	no	yes
TCF23	no	no	no	B	no	no
TCF24	no	no	no	B	no	no
TCF25	no	no	yes	B	no	yes
TCF3	no	no	yes	B	no	yes
TCF4	no	no	yes	B	no	yes
TCF7	no	no	no	B	no	no
TCF7L1	no	no	yes	B	no	yes
TCF7L2	no	no	yes	B	no	yes
TCFL5	no	no	no	B	no	no
TCHH	no	no	yes	B	no	no
TCHHL1	no	no	no	B	no	no
TCHP	no	no	yes	B	no	yes
TCIM	no	no	yes	B	no	no
TCIRG1	no	no	yes	B	no	yes
TCN2	no	no	yes	B	no	yes
TCOF1	no	no	yes	B	no	yes
TCP1	yes	yes	yes	A	yes	yes
TCP11L1	no	no	yes	B	no	yes
TCP11L2	no	no	yes	B	no	yes
TCRG-C1	no	no	no	B	no	no
TCRG-C2	no	no	no	B	no	no
TCTA	no	no	no	B	no	yes
TCTE1	no	no	no	B	no	no
TCTE2	no	no	no	B	no	no
TCTEX1D2	no	no	no	B	no	no
TCTEX1D4	no	no	no	B	no	no
TCTN1	no	no	yes	B	no	yes
TCTN2	no	no	yes	B	no	yes
TCTN3	no	no	yes	B	no	yes
TDG	no	no	yes	B	no	yes
TDG-PS2	no	no	no	B	no	no
TDP1	no	no	yes	B	no	yes
TDP2	no	no	yes	B	no	yes
TDPX-PS1	no	no	no	B	no	no
TDRD1	no	no	no	B	no	no
TDRD12	no	no	no	B	no	no
TDRD3	no	no	yes	B	no	yes
TDRD5	no	no	no	B	no	no
TDRD7	no	no	yes	B	no	yes
TDRD9	no	no	no	B	no	no
TDRKH	yes	yes	yes	A	yes	no
TDRP	no	no	yes	B	no	yes
TEAD1	no	no	yes	B	no	yes
TEAD2	no	no	no	B	no	yes
TEAD3	no	no	yes	B	no	yes
TEAD4	no	no	no	B	no	no
TEC	no	no	yes	B	no	yes
TECPR1	no	no	yes	B	no	yes
TECPR2	no	no	yes	B	no	yes
TECR	yes	yes	yes	A	yes	yes
TECTA	no	no	no	B	no	no
TEDC1	no	no	no	B	no	no
TEDC2	no	no	no	B	no	no
TEF	no	no	yes	B	no	yes
TEFM	no	no	yes	B	no	yes
TEK	no	no	yes	B	no	yes
TELO2	no	no	yes	B	no	yes
TEN1	no	no	yes	B	no	no
TENC1	no	no	no	B	no	no
TENM1	no	no	no	B	no	no
TENM3	no	no	yes	B	no	no
TENM4	no	no	yes	B	no	no
TENT2	no	no	yes	B	no	no
TENT4A	no	no	yes	B	no	no
TENT4B	no	no	yes	B	no	no
TENT5A	no	no	yes	B	no	no
TENT5B	no	no	no	B	no	no
TENT5C	no	no	no	B	no	no
TEP1	no	no	yes	B	no	yes
TEPP	no	no	no	B	no	no
TEPSIN	no	no	yes	B	no	no
TERF1	no	no	yes	B	no	yes
TERF2	no	no	yes	B	no	yes
TERF2IP	no	no	yes	B	no	yes
TERT	no	no	no	B	no	no
TES	yes	yes	yes	A	yes	yes
TES3-PS	no	no	no	B	no	no
TESC	no	no	yes	B	no	yes
TESK1	no	no	yes	B	no	yes
TESK2	no	no	yes	B	no	yes
TESPA1	no	no	no	B	no	no
TET1	no	no	no	B	no	no
TET2	no	no	yes	B	no	yes
TET3	no	no	yes	B	no	yes
TEX10	no	no	yes	B	no	yes
TEX14	no	no	no	B	no	no
TEX2	no	no	yes	B	no	yes
TEX22	no	no	no	B	no	no
TEX261	no	no	yes	B	no	yes
TEX264	yes	no	yes	B	yes	yes
TEX30	no	no	yes	B	no	yes
TEX35	no	no	no	B	no	no
TEX40	no	no	no	B	no	no
TEX9	no	no	yes	B	no	no
TF	yes	yes	yes	A	yes	no
TFAM	yes	yes	yes	A	yes	yes
TFAP2A	no	no	yes	B	no	yes
TFAP2B	no	no	yes	B	no	yes
TFAP4	no	no	yes	B	no	yes
TFB1M	no	no	yes	B	no	yes
TFB2M	no	no	yes	B	no	yes
TFCP2	no	no	yes	B	no	yes
TFCP2L1	no	no	yes	B	no	yes
TFDP1	no	no	yes	B	no	yes
TFDP2	no	no	yes	B	no	yes
TFE3	no	no	yes	B	no	yes
TFEB	no	no	yes	B	no	yes
TFEC	no	no	yes	B	no	yes
TFF2	no	no	yes	B	no	no
TFG	yes	yes	yes	A	yes	yes
TFIP11	no	no	yes	B	no	yes
TFPI	no	no	yes	B	no	yes
TFPI2	no	no	no	B	no	yes
TFPT	no	no	yes	B	no	yes
TFR2	no	no	no	B	no	no
TFRC	no	no	yes	B	no	yes
TG	no	no	no	B	no	no
TGDS	no	no	no	B	no	yes
TGFA	no	no	no	B	no	no
TGFB1	no	no	yes	B	no	yes
TGFB1I1	yes	yes	yes	A	yes	yes
TGFB2	no	no	yes	B	no	no
TGFB3	no	no	yes	B	no	yes
TGFBI	yes	yes	yes	A	yes	yes
TGFBR1	no	no	yes	B	no	yes
TGFBR2	no	no	yes	B	no	yes
TGFBR3	no	no	yes	B	no	yes
TGFBR3L	no	no	no	B	no	no
TGFBRAP1	no	no	yes	B	no	yes
TGIF1	no	no	yes	B	no	yes
TGIF2	no	no	yes	B	no	no
TGM1	no	no	yes	B	no	yes
TGM2	yes	yes	yes	A	yes	yes
TGM3	no	no	no	B	no	no
TGM7	no	no	no	B	no	no
TGOLN2	no	no	yes	B	no	yes
TGS1	no	no	yes	B	no	yes
TGTP1	no	no	no	B	no	no
TGTP2	no	no	yes	B	no	no
THA1	no	no	yes	B	no	no
THADA	no	no	yes	B	no	yes
THAP1	no	no	yes	B	no	yes
THAP10	no	no	no	B	no	no
THAP11	no	no	yes	B	no	yes
THAP12	no	no	yes	B	no	no
THAP2	no	no	no	B	no	yes
THAP3	no	no	yes	B	no	yes
THAP4	no	no	yes	B	no	yes
THAP5	no	no	no	B	no	no
THAP6	no	no	no	B	no	yes
THAP7	no	no	yes	B	no	yes
THAP8	no	no	no	B	no	no
THAP9	no	no	no	B	no	no
THBD	no	no	yes	B	no	yes
THBS1	yes	yes	yes	A	yes	yes
THBS2	no	no	yes	B	no	yes
THBS3	no	no	yes	B	no	no
THBS4	no	no	yes	B	no	no
THEM4	yes	yes	yes	A	yes	yes
THEM6	no	no	yes	B	no	yes
THEM7	no	no	yes	B	no	no
THEMIS2	no	no	yes	B	no	yes
THG1L	no	no	yes	B	no	yes
THNSL1	no	yes	yes	B	yes	yes
THNSL2	yes	no	yes	B	yes	yes
THOC1	no	no	yes	B	no	yes
THOC2	no	no	yes	B	no	yes
THOC2L	no	no	yes	B	no	no
THOC3	no	no	yes	B	no	yes
THOC5	no	no	yes	B	no	yes
THOC6	no	no	yes	B	no	yes
THOC7	no	no	yes	B	no	yes
THOP1	yes	yes	yes	A	yes	yes
THPO	no	no	no	B	no	no
THRA	no	no	yes	B	no	yes
THRAP3	yes	yes	yes	A	yes	yes
THRB	no	no	yes	B	no	yes
THRSP	no	no	yes	B	no	no
THSD1	no	no	yes	B	no	no
THSD4	no	no	yes	B	no	yes
THSD7A	no	yes	yes	B	yes	no
THSD7B	no	no	no	B	no	no
THSD8	no	no	no	B	no	no
THTPA	no	no	yes	B	no	yes
THUMPD1	yes	yes	yes	A	yes	yes
THUMPD2	no	no	yes	B	no	yes
THUMPD3	no	no	yes	B	no	yes
THY1	yes	yes	yes	A	yes	yes
THYN1	yes	yes	yes	A	yes	yes
TIA1	no	no	yes	B	no	yes
TIAL1	yes	no	yes	B	yes	yes
TIAM1	no	no	yes	B	no	yes
TIAM2	no	no	yes	B	no	no
TICAM1	no	no	yes	B	no	yes
TICRR	no	no	no	B	no	no
TIE1	no	no	yes	B	no	yes
TIFA	no	no	yes	B	no	yes
TIFAB	no	no	yes	B	no	no
TIGAR	no	no	yes	B	no	no
TIGD2	no	no	yes	B	no	yes
TIGD4	no	no	no	B	no	no
TIGD5	no	no	no	B	no	no
TIGD6	no	no	no	B	no	no
TIGIT	no	no	no	B	no	no
TIMD2	no	no	yes	B	no	no
TIMD4	no	no	no	B	no	no
TIMELESS	no	no	yes	B	no	yes
TIMM10	yes	yes	yes	A	yes	yes
TIMM10B	no	no	yes	B	no	yes
TIMM13	yes	yes	yes	A	yes	yes
TIMM17A	no	no	yes	B	no	yes
TIMM17B	no	no	yes	B	no	yes
TIMM21	no	no	yes	B	no	yes
TIMM22	yes	no	yes	B	yes	yes
TIMM23	yes	no	yes	B	yes	no
TIMM29	no	no	yes	B	no	no
TIMM44	yes	yes	yes	A	yes	yes
TIMM50	yes	yes	yes	A	yes	yes
TIMM8A	yes	yes	yes	A	yes	yes
TIMM8B	no	no	yes	B	no	yes
TIMM9	yes	yes	yes	A	yes	yes
TIMMDC1	yes	yes	yes	A	yes	yes
TIMP1	no	no	yes	B	no	yes
TIMP2	no	no	yes	B	no	yes
TIMP3	no	no	yes	B	no	yes
TIMP4	no	no	no	B	no	no
TINAG	yes	no	yes	B	yes	yes
TINAGL1	no	yes	yes	B	yes	yes
TINCR	no	no	no	B	no	no
TINF2	no	no	yes	B	no	yes
TIPARP	no	no	no	B	no	yes
TIPIN	no	no	yes	B	no	yes
TIPRL	no	no	yes	B	no	yes
TIRAP	no	no	yes	B	no	yes
TJAP1	no	no	yes	B	no	yes
TJP1	yes	yes	yes	A	yes	yes
TJP2	yes	yes	yes	A	yes	yes
TJP3	no	no	yes	B	no	yes
TK1	no	no	yes	B	no	yes
TK2	yes	yes	yes	A	yes	yes
TKFC	yes	yes	yes	A	yes	no
TKT	yes	yes	yes	A	yes	yes
TLCD1	no	no	yes	B	no	yes
TLCD2	no	no	yes	B	no	yes
TLCD3A	no	no	yes	B	no	no
TLCD4	no	no	yes	B	no	no
TLCD5	no	no	no	B	no	no
TLDC1	no	no	no	B	no	no
TLDC2	no	no	no	B	no	yes
TLE1	no	no	yes	B	no	yes
TLE2	no	no	yes	B	no	yes
TLE3	no	no	yes	B	no	yes
TLE4	no	no	yes	B	no	yes
TLE5	no	no	yes	B	no	no
TLE6	no	no	no	B	no	no
TLK1	no	no	yes	B	no	yes
TLK2	no	no	yes	B	no	yes
TLL1	no	no	no	B	no	no
TLL2	no	no	no	B	no	no
TLN1	yes	yes	yes	A	yes	yes
TLN2	yes	yes	yes	A	yes	yes
TLNRD1	no	no	yes	B	no	no
TLR1	no	no	yes	B	no	no
TLR10	no	no	no	B	no	no
TLR12	no	no	yes	B	no	no
TLR13	no	no	yes	B	no	no
TLR2	no	no	yes	B	no	yes
TLR3	no	no	yes	B	no	yes
TLR4	no	no	yes	B	no	yes
TLR5	no	no	no	B	no	no
TLR6	no	no	no	B	no	no
TLR7	no	no	yes	B	no	yes
TLR8	no	no	yes	B	no	no
TLR9	yes	yes	yes	A	yes	no
TM2D1	no	no	yes	B	no	yes
TM2D2	no	no	yes	B	no	yes
TM2D3	no	no	yes	B	no	yes
TM4SF1	no	no	yes	B	no	yes
TM4SF18	no	no	no	B	no	no
TM4SF19	no	no	no	B	no	no
TM4SF4	no	no	no	B	no	no
TM4SF5	no	no	no	B	no	no
TM6SF1	no	no	yes	B	no	yes
TM6SF2	no	no	yes	B	no	yes
TM7SF2	no	no	yes	B	no	yes
TM7SF3	no	no	yes	B	no	yes
TM9SF1	yes	yes	yes	A	yes	yes
TM9SF2	yes	yes	yes	A	yes	yes
TM9SF3	yes	yes	yes	A	yes	yes
TM9SF4	yes	yes	yes	A	yes	yes
TMA16	no	no	yes	B	no	yes
TMA7	no	no	yes	B	no	no
TMA7-PS	no	no	no	B	no	no
TMBIM1	no	no	yes	B	no	yes
TMBIM4	no	no	no	B	no	yes
TMBIM6	no	no	yes	B	no	yes
TMC4	no	no	yes	B	no	yes
TMC5	no	no	yes	B	no	no
TMC6	no	no	yes	B	no	yes
TMC7	no	no	no	B	no	no
TMC8	no	no	yes	B	no	no
TMCC1	no	no	yes	B	no	yes
TMCC2	no	no	yes	B	no	no
TMCC3	no	no	yes	B	no	yes
TMCO1	no	no	yes	B	no	yes
TMCO4	no	no	yes	B	no	yes
TMCO6	no	no	yes	B	no	yes
TMED1	no	no	yes	B	no	yes
TMED10	yes	yes	yes	A	yes	yes
TMED10-PS	no	no	no	B	no	no
TMED2	yes	yes	yes	A	yes	yes
TMED3	no	no	yes	B	no	yes
TMED4	yes	yes	yes	A	yes	yes
TMED5	yes	yes	yes	A	yes	yes
TMED6	no	no	no	B	no	no
TMED7	yes	yes	yes	A	yes	yes
TMED8	yes	no	yes	B	yes	yes
TMED9	yes	yes	yes	A	yes	yes
TMEFF1	no	no	no	B	no	no
TMEFF2	no	no	no	B	no	no
TMEM100	no	no	yes	B	no	no
TMEM101	no	no	yes	B	no	yes
TMEM102	no	no	yes	B	no	yes
TMEM106A	no	no	yes	B	no	yes
TMEM106B	no	no	yes	B	no	yes
TMEM106C	no	no	yes	B	no	yes
TMEM107	no	no	no	B	no	yes
TMEM108	no	no	no	B	no	no
TMEM109	yes	yes	yes	A	yes	yes
TMEM11	no	no	yes	B	no	yes
TMEM110	no	no	no	B	no	no
TMEM115	no	no	yes	B	no	yes
TMEM116	no	no	yes	B	no	yes
TMEM117	no	no	yes	B	no	yes
TMEM119	no	no	yes	B	no	yes
TMEM120A	no	no	yes	B	no	yes
TMEM120B	yes	no	yes	B	yes	yes
TMEM121	no	no	no	B	no	no
TMEM123	no	no	yes	B	no	yes
TMEM125	no	no	no	B	no	yes
TMEM126A	no	no	yes	B	no	yes
TMEM126B	no	no	yes	B	no	yes
TMEM127	no	no	yes	B	no	yes
TMEM128	no	no	yes	B	no	yes
TMEM129	no	no	yes	B	no	yes
TMEM130	no	no	no	B	no	no
TMEM131	no	no	yes	B	no	yes
TMEM131L	no	no	yes	B	no	no
TMEM132A	no	no	yes	B	no	yes
TMEM132B	no	no	no	B	no	no
TMEM132C	no	no	no	B	no	no
TMEM132E	no	no	no	B	no	no
TMEM134	no	no	yes	B	no	yes
TMEM135	yes	no	yes	B	yes	yes
TMEM136	no	no	no	B	no	no
TMEM138	no	no	yes	B	no	yes
TMEM139	no	no	yes	B	no	yes
TMEM140	no	no	no	B	no	yes
TMEM141	no	no	yes	B	no	yes
TMEM143	no	no	yes	B	no	yes
TMEM144	no	no	yes	B	no	yes
TMEM145	no	no	no	B	no	no
TMEM147	no	no	yes	B	no	yes
TMEM147OS	no	no	no	B	no	no
TMEM14A	no	no	no	B	no	yes
TMEM14C	no	no	yes	B	no	no
TMEM150A	no	no	yes	B	no	yes
TMEM150B	no	no	no	B	no	no
TMEM150C	no	no	yes	B	no	yes
TMEM151A	no	no	no	B	no	no
TMEM151B	no	no	no	B	no	no
TMEM154	no	no	yes	B	no	no
TMEM156	no	no	no	B	no	no
TMEM158	no	no	no	B	no	yes
TMEM159	no	no	no	B	no	no
TMEM160	no	no	yes	B	no	yes
TMEM161A	no	no	yes	B	no	yes
TMEM161B	no	no	yes	B	no	yes
TMEM163	no	no	yes	B	no	no
TMEM164	no	no	yes	B	no	yes
TMEM165	no	no	yes	B	no	yes
TMEM167	no	no	no	B	no	no
TMEM167A	no	no	yes	B	no	no
TMEM167B	no	no	yes	B	no	yes
TMEM168	no	no	yes	B	no	yes
TMEM169	no	no	yes	B	no	no
TMEM17	no	no	no	B	no	yes
TMEM170A	no	no	yes	B	no	yes
TMEM170B	no	no	no	B	no	yes
TMEM171	no	no	yes	B	no	yes
TMEM173	no	no	no	B	no	no
TMEM174	no	no	yes	B	no	yes
TMEM175	no	no	yes	B	no	yes
TMEM176A	no	no	yes	B	no	yes
TMEM176B	no	no	yes	B	no	yes
TMEM177	no	no	yes	B	no	yes
TMEM178A	no	no	yes	B	no	yes
TMEM178B	no	no	no	B	no	no
TMEM179	no	no	no	B	no	no
TMEM179B	no	no	yes	B	no	no
TMEM18	no	no	yes	B	no	yes
TMEM180	no	no	no	B	no	no
TMEM181	no	no	yes	B	no	yes
TMEM181B-PS	no	no	no	B	no	no
TMEM181C-PS	no	no	no	B	no	no
TMEM182	no	no	yes	B	no	no
TMEM183A	no	no	no	B	no	yes
TMEM184A	no	no	yes	B	no	yes
TMEM184B	no	no	yes	B	no	yes
TMEM184C	no	no	no	B	no	yes
TMEM185A	no	no	yes	B	no	no
TMEM185B	no	no	no	B	no	no
TMEM186	no	no	yes	B	no	yes
TMEM187	no	no	no	B	no	no
TMEM189	no	no	no	B	no	no
TMEM19	no	no	yes	B	no	yes
TMEM190	no	no	no	B	no	no
TMEM191C	no	no	no	B	no	no
TMEM192	no	no	yes	B	no	no
TMEM194	no	no	no	B	no	no
TMEM194B	no	no	no	B	no	no
TMEM198B	no	no	no	B	no	no
TMEM199	no	no	no	B	no	no
TMEM2	no	no	no	B	no	no
TMEM200A	no	no	no	B	no	no
TMEM200B	no	no	no	B	no	yes
TMEM200C	no	no	no	B	no	no
TMEM201	no	no	yes	B	no	yes
TMEM203	no	no	no	B	no	yes
TMEM204	no	no	yes	B	no	yes
TMEM205	no	no	yes	B	no	yes
TMEM206	no	no	no	B	no	no
TMEM207	no	no	no	B	no	yes
TMEM208	no	no	yes	B	no	yes
TMEM209	no	no	yes	B	no	yes
TMEM213	no	no	no	B	no	yes
TMEM214	no	no	yes	B	no	yes
TMEM216	no	no	no	B	no	yes
TMEM218	no	no	no	B	no	yes
TMEM219	no	no	yes	B	no	yes
TMEM220	no	no	no	B	no	yes
TMEM221	no	no	no	B	no	yes
TMEM222	no	no	yes	B	no	yes
TMEM223	no	no	yes	B	no	no
TMEM225B	no	no	no	B	no	no
TMEM229A	no	no	yes	B	no	no
TMEM229B	no	no	no	B	no	yes
TMEM230	no	no	yes	B	no	yes
TMEM231	no	no	yes	B	no	yes
TMEM232	no	no	no	B	no	no
TMEM234	no	no	no	B	no	yes
TMEM237	no	no	yes	B	no	no
TMEM238	no	no	yes	B	no	yes
TMEM238L	no	no	no	B	no	no
TMEM240	no	no	no	B	no	no
TMEM242	no	no	yes	B	no	yes
TMEM243	no	no	no	B	no	yes
TMEM245	no	no	yes	B	no	yes
TMEM246	no	no	no	B	no	no
TMEM248	no	no	yes	B	no	yes
TMEM249	no	no	no	B	no	no
TMEM25	no	no	no	B	no	yes
TMEM250	no	no	yes	B	no	no
TMEM250-PS	no	no	no	B	no	no
TMEM251	no	no	no	B	no	yes
TMEM252	no	no	yes	B	no	yes
TMEM253	no	no	no	B	no	no
TMEM254	no	no	yes	B	no	no
TMEM254A	no	no	no	B	no	no
TMEM256	no	no	yes	B	no	yes
TMEM258	no	no	yes	B	no	yes
TMEM259	no	no	yes	B	no	yes
TMEM26	no	no	yes	B	no	yes
TMEM260	no	no	yes	B	no	yes
TMEM261	no	no	no	B	no	no
TMEM263	no	no	yes	B	no	yes
TMEM265	no	no	no	B	no	no
TMEM266	no	no	no	B	no	no
TMEM267	no	no	yes	B	no	no
TMEM268	no	no	yes	B	no	no
TMEM269	no	no	no	B	no	no
TMEM27	no	no	no	B	no	no
TMEM273	no	no	no	B	no	no
TMEM28	no	no	no	B	no	no
TMEM29	no	no	no	B	no	no
TMEM30A	no	no	yes	B	no	yes
TMEM30B	no	no	yes	B	no	yes
TMEM33	yes	no	yes	B	yes	yes
TMEM35	no	no	no	B	no	no
TMEM35A	no	no	yes	B	no	no
TMEM35B	no	no	yes	B	no	no
TMEM37	no	no	yes	B	no	yes
TMEM38A	no	no	yes	B	no	yes
TMEM38B	no	no	yes	B	no	yes
TMEM39A	no	no	yes	B	no	yes
TMEM39B	no	no	yes	B	no	yes
TMEM40	no	no	yes	B	no	no
TMEM41A	no	no	yes	B	no	yes
TMEM41B	no	no	yes	B	no	yes
TMEM42	no	no	no	B	no	yes
TMEM43	yes	yes	yes	A	yes	yes
TMEM44	no	no	no	B	no	no
TMEM45A	no	no	no	B	no	yes
TMEM45B	no	no	yes	B	no	yes
TMEM47	no	no	yes	B	no	yes
TMEM5	no	no	no	B	no	no
TMEM50A	no	no	yes	B	no	yes
TMEM50B	no	no	yes	B	no	yes
TMEM51	yes	no	yes	B	yes	yes
TMEM52	no	no	no	B	no	no
TMEM52B	no	no	yes	B	no	yes
TMEM53	no	no	yes	B	no	yes
TMEM54	no	no	no	B	no	no
TMEM55A	no	no	no	B	no	no
TMEM55B	no	no	no	B	no	no
TMEM56	no	no	no	B	no	no
TMEM57	no	no	no	B	no	no
TMEM59	no	no	yes	B	no	yes
TMEM59L	no	no	no	B	no	no
TMEM60	no	no	no	B	no	yes
TMEM61	no	no	no	B	no	no
TMEM62	no	no	yes	B	no	yes
TMEM63A	no	no	yes	B	no	yes
TMEM63B	no	no	yes	B	no	yes
TMEM63C	no	no	no	B	no	no
TMEM64	no	no	no	B	no	yes
TMEM65	yes	yes	yes	A	yes	yes
TMEM67	no	no	yes	B	no	yes
TMEM68	no	no	yes	B	no	yes
TMEM69	no	no	no	B	no	yes
TMEM70	no	no	yes	B	no	yes
TMEM71	no	no	yes	B	no	no
TMEM72	no	no	yes	B	no	yes
TMEM79	no	no	yes	B	no	yes
TMEM8	no	no	no	B	no	no
TMEM80	no	no	no	B	no	yes
TMEM81	no	no	no	B	no	no
TMEM82	no	no	yes	B	no	yes
TMEM86A	no	no	yes	B	no	yes
TMEM86B	no	no	no	B	no	yes
TMEM87A	no	no	yes	B	no	yes
TMEM87B	no	no	yes	B	no	yes
TMEM88	no	no	no	B	no	yes
TMEM88B	no	no	no	B	no	no
TMEM8B	no	no	no	B	no	yes
TMEM9	no	no	yes	B	no	yes
TMEM94	no	no	yes	B	no	no
TMEM97	no	no	yes	B	no	yes
TMEM98	no	no	yes	B	no	yes
TMEM9B	no	no	yes	B	no	yes
TMF1	no	no	yes	B	no	yes
TMIE	no	no	no	B	no	no
TMIGD1	no	no	yes	B	no	yes
TMLHE	yes	yes	yes	A	yes	no
TMOD1	no	no	yes	B	no	no
TMOD2	no	no	yes	B	no	no
TMOD3	yes	yes	yes	A	yes	yes
TMPO	yes	yes	yes	A	yes	yes
TMPPE	no	no	yes	B	no	no
TMPRSS11G	no	no	no	B	no	no
TMPRSS13	no	no	yes	B	no	no
TMPRSS15	no	no	no	B	no	no
TMPRSS2	no	no	yes	B	no	yes
TMPRSS4	no	no	yes	B	no	no
TMPRSS5	no	no	no	B	no	no
TMPRSS7	no	no	no	B	no	no
TMPRSS9	no	no	no	B	no	no
TMSB10	yes	yes	yes	A	yes	yes
TMSB15B1	no	no	yes	B	no	no
TMSB15B2	no	no	yes	B	no	no
TMSB15L	no	no	no	B	no	no
TMSB4X	no	no	no	B	no	yes
TMT1A	yes	yes	yes	A	yes	no
TMTC1	no	no	yes	B	no	yes
TMTC2	no	no	yes	B	no	no
TMTC3	no	no	yes	B	no	yes
TMTC4	no	no	yes	B	no	yes
TMUB1	no	no	yes	B	no	yes
TMUB2	no	no	yes	B	no	yes
TMX1	yes	yes	yes	A	yes	yes
TMX2	yes	no	yes	B	yes	yes
TMX3	yes	yes	yes	A	yes	yes
TMX4	yes	no	yes	B	yes	yes
TNC	no	yes	yes	B	yes	yes
TNF	no	no	no	B	no	no
TNFAIP1	no	no	yes	B	no	yes
TNFAIP2	no	no	yes	B	no	yes
TNFAIP3	no	no	yes	B	no	yes
TNFAIP8	yes	no	yes	B	yes	yes
TNFAIP8L1	no	no	yes	B	no	no
TNFAIP8L2	no	no	yes	B	no	yes
TNFRSF10B	no	no	yes	B	no	no
TNFRSF11A	no	no	yes	B	no	yes
TNFRSF11B	no	no	no	B	no	no
TNFRSF12A	no	no	no	B	no	yes
TNFRSF13B	no	no	no	B	no	no
TNFRSF13C	no	no	no	B	no	no
TNFRSF14	no	no	yes	B	no	no
TNFRSF17	no	no	no	B	no	no
TNFRSF18	no	no	yes	B	no	no
TNFRSF19	no	no	no	B	no	no
TNFRSF1A	no	no	yes	B	no	yes
TNFRSF1B	no	no	yes	B	no	yes
TNFRSF21	no	no	yes	B	no	yes
TNFRSF22	no	no	no	B	no	no
TNFRSF23	no	no	yes	B	no	no
TNFRSF25	no	no	no	B	no	no
TNFRSF4	no	no	no	B	no	no
TNFRSF6B	no	no	no	B	no	no
TNFRSF8	no	no	no	B	no	no
TNFRSF9	no	no	no	B	no	no
TNFSF10	no	no	yes	B	no	yes
TNFSF12	no	no	yes	B	no	no
TNFSF13	no	no	yes	B	no	no
TNFSF13B	no	no	yes	B	no	yes
TNFSF15	no	no	no	B	no	no
TNFSF18	no	no	no	B	no	no
TNFSF8	no	no	yes	B	no	no
TNFSF9	no	no	no	B	no	no
TNFSFM13	no	no	no	B	no	no
TNIK	no	no	yes	B	no	no
TNIP1	no	no	yes	B	no	yes
TNIP2	no	no	yes	B	no	yes
TNIP3	no	no	no	B	no	no
TNK1	no	no	yes	B	no	yes
TNK2	no	no	yes	B	no	yes
TNKS	no	no	yes	B	no	yes
TNKS1BP1	yes	yes	yes	A	yes	yes
TNKS2	no	no	yes	B	no	yes
TNN	no	no	no	B	no	no
TNNC1	no	no	no	B	no	no
TNNC2	no	no	yes	B	no	no
TNNI2	no	no	yes	B	no	no
TNNI3	no	no	no	B	no	no
TNNT1	no	no	no	B	no	no
TNNT2	no	no	no	B	no	no
TNNT3	no	no	no	B	no	no
TNPO1	yes	yes	yes	A	yes	yes
TNPO2	no	no	yes	B	no	yes
TNPO3	yes	yes	yes	A	yes	yes
TNRC18	no	no	yes	B	no	yes
TNRC6A	no	no	yes	B	no	yes
TNRC6B	no	no	yes	B	no	yes
TNRC6C	no	no	yes	B	no	yes
TNS1	yes	yes	yes	A	yes	yes
TNS2	yes	yes	yes	A	yes	no
TNS3	no	yes	yes	B	yes	yes
TNS4	no	no	no	B	no	no
TNXB	no	no	yes	B	no	no
TOB1	no	no	yes	B	no	yes
TOB2	no	no	yes	B	no	yes
TOE1	no	no	yes	B	no	yes
TOGARAM1	no	no	yes	B	no	no
TOLLIP	yes	yes	yes	A	yes	yes
TOM1	yes	yes	yes	A	yes	yes
TOM1L1	no	no	yes	B	no	yes
TOM1L2	yes	yes	yes	A	yes	yes
TOMM20	no	no	yes	B	no	yes
TOMM22	no	yes	yes	B	yes	yes
TOMM34	no	no	yes	B	no	yes
TOMM40	yes	yes	yes	A	yes	yes
TOMM40L	no	no	yes	B	no	yes
TOMM5	no	no	yes	B	no	yes
TOMM6	no	no	no	B	no	no
TOMM7	no	no	no	B	no	yes
TOMM70	yes	yes	yes	A	yes	yes
TOMT	no	no	yes	B	no	no
TONSL	no	no	yes	B	no	yes
TOP1	no	yes	yes	B	yes	yes
TOP1MT	no	no	yes	B	no	no
TOP2A	no	no	yes	B	no	yes
TOP2B	no	no	yes	B	no	yes
TOP3A	no	no	yes	B	no	yes
TOP3B	no	no	yes	B	no	yes
TOPAZ1	no	no	no	B	no	no
TOPBP1	no	no	yes	B	no	yes
TOPORS	no	no	yes	B	no	yes
TOPORSOS	no	no	no	B	no	no
TOR1A	no	no	yes	B	no	yes
TOR1AIP1	yes	yes	yes	A	yes	yes
TOR1AIP2	no	no	yes	B	no	no
TOR1B	no	no	yes	B	no	yes
TOR2A	no	no	yes	B	no	yes
TOR3A	no	no	yes	B	no	yes
TOR4A	no	no	yes	B	no	yes
TOX	no	no	no	B	no	no
TOX2	no	no	no	B	no	no
TOX3	no	no	yes	B	no	yes
TOX4	no	no	yes	B	no	yes
TP53	no	no	yes	B	no	yes
TP53BP1	no	no	yes	B	no	yes
TP53BP2	no	no	yes	B	no	yes
TP53I11	no	no	yes	B	no	yes
TP53I13	no	no	no	B	no	yes
TP53I3	yes	no	no	B	no	no
TP53INP1	no	no	no	B	no	yes
TP53INP2	no	no	yes	B	no	yes
TP53RK	no	no	no	B	no	no
TP53TG5	no	no	no	B	no	no
TP63	no	no	yes	B	no	no
TP73	no	no	no	B	no	no
TPBG	no	no	yes	B	no	no
TPCN1	no	no	yes	B	no	yes
TPCN2	no	no	yes	B	no	yes
TPD52	yes	yes	yes	A	yes	yes
TPD52-PS	no	no	no	B	no	no
TPD52L1	no	no	yes	B	no	yes
TPD52L2	yes	yes	yes	A	yes	yes
TPGS1	no	no	yes	B	no	yes
TPGS2	no	no	yes	B	no	yes
TPI-RS11	no	no	no	B	no	no
TPI1	yes	yes	yes	A	yes	yes
TPK1	yes	no	yes	B	yes	yes
TPM1	yes	yes	yes	A	yes	yes
TPM2	yes	yes	yes	A	yes	yes
TPM3	yes	yes	yes	A	yes	yes
TPM3-RS7	no	no	yes	B	no	no
TPM4	yes	yes	yes	A	yes	yes
TPMT	no	no	yes	B	no	yes
TPP1	no	no	yes	B	no	yes
TPP2	yes	yes	yes	A	yes	yes
TPPP	no	no	yes	B	no	no
TPPP3	yes	yes	yes	A	yes	yes
TPR	yes	yes	yes	A	yes	yes
TPRA1	no	no	no	B	no	yes
TPRGL	no	no	no	B	no	no
TPRKB	yes	yes	yes	A	yes	yes
TPRN	no	no	yes	B	no	yes
TPST1	no	no	yes	B	no	yes
TPST2	no	no	yes	B	no	yes
TPT1	yes	yes	yes	A	yes	yes
TPT1-PS3	no	no	no	B	no	no
TPT1-PS6	no	no	no	B	no	no
TPX2	no	no	yes	B	no	no
TRA2A	no	no	yes	B	no	yes
TRA2B	yes	yes	yes	A	yes	yes
TRABD	no	no	yes	B	no	yes
TRABD2B	no	no	yes	B	no	yes
TRAC	no	no	yes	B	no	no
TRADD	no	no	yes	B	no	yes
TRAF1	no	no	yes	B	no	no
TRAF2	no	no	yes	B	no	yes
TRAF3	no	no	yes	B	no	yes
TRAF3IP1	no	no	yes	B	no	yes
TRAF3IP2	no	no	yes	B	no	yes
TRAF3IP3	no	no	yes	B	no	no
TRAF4	no	no	yes	B	no	yes
TRAF5	no	no	yes	B	no	yes
TRAF6	no	no	yes	B	no	yes
TRAF7	no	no	yes	B	no	yes
TRAFD1	no	no	yes	B	no	yes
TRAIP	no	no	no	B	no	no
TRAJ12	no	no	no	B	no	no
TRAJ15	no	no	no	B	no	no
TRAJ18	no	no	no	B	no	no
TRAJ23	no	no	no	B	no	no
TRAJ37	no	no	no	B	no	no
TRAK1	no	no	yes	B	no	yes
TRAK2	no	no	yes	B	no	yes
TRAM1	no	no	yes	B	no	yes
TRAM2	no	no	yes	B	no	yes
TRANK1	no	no	no	B	no	no
TRAP1	yes	yes	yes	A	yes	yes
TRAPPC1	no	no	yes	B	no	yes
TRAPPC10	no	no	yes	B	no	yes
TRAPPC11	no	no	yes	B	no	yes
TRAPPC12	no	no	yes	B	no	yes
TRAPPC13	no	yes	yes	B	yes	yes
TRAPPC14	no	no	yes	B	no	no
TRAPPC2	no	no	yes	B	no	yes
TRAPPC2L	no	no	yes	B	no	yes
TRAPPC3	yes	yes	yes	A	yes	yes
TRAPPC4	no	yes	yes	B	yes	yes
TRAPPC5	yes	no	yes	B	yes	yes
TRAPPC6A	no	no	yes	B	no	yes
TRAPPC6B	no	yes	yes	B	yes	yes
TRAPPC8	no	no	yes	B	no	yes
TRAPPC9	no	no	yes	B	no	yes
TRARG1	no	no	yes	B	no	no
TRAT1	no	no	no	B	no	no
TRAV5	no	no	no	B	no	no
TRBC1	no	no	no	B	no	no
TRBC2	no	no	no	B	no	no
TRBD1	no	no	no	B	no	no
TRBD2	no	no	no	B	no	no
TRBJ1-1	no	no	no	B	no	no
TRBJ1-2	no	no	no	B	no	no
TRBJ1-3	no	no	no	B	no	no
TRBJ1-4	no	no	no	B	no	no
TRBJ1-5	no	no	no	B	no	no
TRBJ1-6	no	no	no	B	no	no
TRBJ1-7	no	no	no	B	no	no
TRBJ2-1	no	no	no	B	no	no
TRBJ2-2	no	no	no	B	no	no
TRBJ2-3	no	no	no	B	no	no
TRBJ2-4	no	no	no	B	no	no
TRBJ2-5	no	no	no	B	no	no
TRBJ2-6	no	no	no	B	no	no
TRBJ2-7	no	no	no	B	no	no
TRBV13-2	no	no	no	B	no	no
TRBV16	no	no	no	B	no	no
TRBV2	no	no	no	B	no	no
TRDJ2	no	no	no	B	no	no
TRDMT1	no	no	yes	B	no	yes
TRDN	no	no	no	B	no	no
TREH	no	no	yes	B	no	no
TREM1	no	no	no	B	no	no
TREM2	no	no	yes	B	no	no
TREML1	no	no	yes	B	no	no
TREML2	no	no	no	B	no	no
TRERF1	no	no	yes	B	no	yes
TREX1	no	no	yes	B	no	no
TREX2	no	no	no	B	no	no
TRGJ2	no	no	no	B	no	no
TRHDE	no	no	no	B	no	no
TRIAP1	yes	no	yes	B	yes	yes
TRIB1	no	no	no	B	no	yes
TRIB2	no	no	no	B	no	yes
TRIB3	no	no	no	B	no	no
TRIL	no	no	yes	B	no	yes
TRIM11	no	no	yes	B	no	yes
TRIM12A	no	no	yes	B	no	no
TRIM12C	no	no	yes	B	no	no
TRIM13	no	no	yes	B	no	yes
TRIM14	no	no	yes	B	no	no
TRIM15	no	no	no	B	no	no
TRIM16	no	no	yes	B	no	yes
TRIM17	no	no	no	B	no	no
TRIM2	no	no	yes	B	no	yes
TRIM21	yes	yes	yes	A	yes	yes
TRIM23	no	no	yes	B	no	yes
TRIM24	no	no	yes	B	no	yes
TRIM25	no	no	yes	B	no	yes
TRIM26	no	no	yes	B	no	no
TRIM27	no	no	yes	B	no	yes
TRIM28	yes	yes	yes	A	yes	yes
TRIM29	no	no	no	B	no	no
TRIM3	no	no	yes	B	no	yes
TRIM30A	no	no	yes	B	no	no
TRIM30D	no	no	yes	B	no	no
TRIM32	no	no	yes	B	no	yes
TRIM33	no	no	yes	B	no	yes
TRIM34	no	no	no	B	no	no
TRIM34A	no	no	yes	B	no	no
TRIM34B	no	no	no	B	no	no
TRIM35	no	no	yes	B	no	yes
TRIM36	no	no	yes	B	no	no
TRIM37	no	no	yes	B	no	yes
TRIM38	no	no	no	B	no	no
TRIM39	no	no	yes	B	no	no
TRIM4	no	no	no	B	no	no
TRIM41	no	no	yes	B	no	yes
TRIM44	no	no	yes	B	no	yes
TRIM45	no	no	no	B	no	no
TRIM46	no	no	no	B	no	no
TRIM47	no	no	yes	B	no	yes
TRIM5	no	no	yes	B	no	no
TRIM50	no	no	no	B	no	no
TRIM52	no	no	no	B	no	no
TRIM55	no	no	no	B	no	no
TRIM56	no	no	yes	B	no	yes
TRIM59	no	no	yes	B	no	yes
TRIM6	no	no	no	B	no	no
TRIM61	no	no	no	B	no	no
TRIM62	no	no	yes	B	no	no
TRIM63	no	no	no	B	no	yes
TRIM65	no	no	yes	B	no	yes
TRIM66	no	no	no	B	no	no
TRIM68	no	no	yes	B	no	yes
TRIM7	no	no	yes	B	no	yes
TRIM72	no	no	no	B	no	no
TRIM8	no	no	yes	B	no	yes
TRIO	no	no	yes	B	no	yes
TRIOBP	no	no	yes	B	no	no
TRIP10	no	yes	yes	B	yes	yes
TRIP11	yes	no	yes	B	yes	yes
TRIP12	no	no	yes	B	no	yes
TRIP13	no	no	yes	B	no	no
TRIP4	no	no	yes	B	no	yes
TRIP6	no	yes	yes	B	yes	yes
TRIQK	no	no	yes	B	no	yes
TRIR	no	no	yes	B	no	no
TRIT1	no	no	yes	B	no	yes
TRMO	no	no	yes	B	no	no
TRMT1	no	no	yes	B	no	yes
TRMT10A	no	no	yes	B	no	no
TRMT10B	no	no	no	B	no	yes
TRMT10C	no	no	yes	B	no	yes
TRMT11	no	no	yes	B	no	yes
TRMT112	no	yes	yes	B	yes	yes
TRMT112-PS1	no	no	no	B	no	no
TRMT112-PS2	no	no	no	B	no	no
TRMT13	no	no	yes	B	no	no
TRMT1L	no	no	yes	B	no	yes
TRMT2A	no	no	yes	B	no	yes
TRMT2B	no	no	yes	B	no	no
TRMT44	no	no	yes	B	no	yes
TRMT5	no	no	yes	B	no	yes
TRMT6	no	no	yes	B	no	yes
TRMT61A	no	no	yes	B	no	yes
TRMT61B	no	no	no	B	no	yes
TRMU	no	no	yes	B	no	yes
TRNAU1AP	no	no	yes	B	no	yes
TRNP1	no	no	no	B	no	no
TRNT1	no	yes	yes	B	yes	yes
TROAP	no	no	no	B	no	no
TROVE2	no	no	no	B	no	no
TRP53-PS	no	no	no	B	no	no
TRP53RK	no	no	no	B	no	no
TRP53RKA	no	no	yes	B	no	no
TRPA1	no	no	no	B	no	no
TRPC1	no	no	yes	B	no	yes
TRPC4	no	no	no	B	no	no
TRPC4AP	no	no	yes	B	no	yes
TRPC6	no	no	yes	B	no	no
TRPM2	no	no	no	B	no	no
TRPM3	no	no	no	B	no	no
TRPM4	no	no	yes	B	no	yes
TRPM5	no	no	no	B	no	no
TRPM6	no	no	yes	B	no	yes
TRPM7	no	no	yes	B	no	yes
TRPM8	no	no	no	B	no	no
TRPS1	no	no	yes	B	no	yes
TRPT1	no	no	yes	B	no	yes
TRPV1	no	no	no	B	no	no
TRPV2	no	no	yes	B	no	no
TRPV3	no	no	no	B	no	no
TRPV4	no	no	yes	B	no	yes
TRPV5	no	no	yes	B	no	yes
TRPV6	no	no	no	B	no	no
TRRAP	no	no	yes	B	no	yes
TRUB1	no	no	yes	B	no	yes
TRUB2	no	no	yes	B	no	yes
TSACC	no	no	no	B	no	yes
TSC1	no	no	yes	B	no	yes
TSC2	no	no	yes	B	no	yes
TSC22D1	no	no	yes	B	no	yes
TSC22D2	no	no	yes	B	no	yes
TSC22D3	no	no	yes	B	no	yes
TSC22D4	yes	no	yes	B	yes	yes
TSEN15	no	no	yes	B	no	yes
TSEN2	no	no	yes	B	no	no
TSEN34	no	no	yes	B	no	yes
TSEN54	no	no	yes	B	no	yes
TSFM	yes	yes	yes	A	yes	yes
TSG101	yes	yes	yes	A	yes	yes
TSGA10	no	no	no	B	no	no
TSHR	no	no	yes	B	no	no
TSHZ1	no	no	yes	B	no	yes
TSHZ2	no	no	yes	B	no	no
TSHZ3	no	no	yes	B	no	no
TSKU	no	no	yes	B	no	yes
TSLP	no	no	no	B	no	no
TSN	yes	yes	yes	A	yes	yes
TSNARE1	no	no	no	B	no	no
TSNAX	yes	no	yes	B	yes	yes
TSNAXIP1	no	no	no	B	no	no
TSPAN1	yes	yes	no	B	no	yes
TSPAN10	no	no	no	B	no	no
TSPAN11	no	no	no	B	no	no
TSPAN12	no	no	yes	B	no	yes
TSPAN13	no	no	yes	B	no	yes
TSPAN14	no	no	yes	B	no	yes
TSPAN15	no	no	yes	B	no	yes
TSPAN17	no	no	no	B	no	yes
TSPAN18	no	no	yes	B	no	yes
TSPAN2	no	no	yes	B	no	yes
TSPAN3	no	no	yes	B	no	yes
TSPAN31	no	no	yes	B	no	yes
TSPAN32	no	no	no	B	no	no
TSPAN33	no	no	yes	B	no	yes
TSPAN4	no	no	yes	B	no	yes
TSPAN5	no	no	yes	B	no	yes
TSPAN6	yes	no	yes	B	yes	yes
TSPAN7	no	no	yes	B	no	yes
TSPAN8	yes	yes	yes	A	yes	yes
TSPAN9	no	yes	yes	B	yes	yes
TSPO	no	no	yes	B	no	yes
TSPOAP1	no	no	no	B	no	no
TSPYL1	no	no	yes	B	no	yes
TSPYL2	no	no	no	B	no	yes
TSPYL3	no	no	no	B	no	no
TSPYL4	no	no	yes	B	no	yes
TSPYL5	no	no	yes	B	no	no
TSR1	no	no	yes	B	no	yes
TSR2	no	no	yes	B	no	yes
TSR3	no	no	yes	B	no	yes
TSSC1	no	no	no	B	no	no
TSSC4	no	no	yes	B	no	yes
TSSK4	no	no	no	B	no	no
TSSK6	no	no	no	B	no	no
TST	no	no	yes	B	no	yes
TSTA3	no	no	no	B	no	no
TSTD1	yes	yes	yes	A	yes	yes
TSTD2	no	no	yes	B	no	yes
TSTD3	no	no	yes	B	no	yes
TTBK1	no	no	yes	B	no	no
TTBK2	no	no	yes	B	no	yes
TTC1	no	no	yes	B	no	yes
TTC12	no	no	yes	B	no	yes
TTC13	no	no	yes	B	no	yes
TTC14	no	no	yes	B	no	yes
TTC16	no	no	no	B	no	no
TTC17	no	no	yes	B	no	yes
TTC19	yes	no	yes	B	yes	yes
TTC21A	no	no	no	B	no	no
TTC21B	no	no	yes	B	no	yes
TTC22	no	no	no	B	no	yes
TTC23	no	no	yes	B	no	yes
TTC23L	no	no	no	B	no	no
TTC26	no	no	no	B	no	no
TTC27	no	no	yes	B	no	yes
TTC28	no	no	yes	B	no	yes
TTC3	no	no	yes	B	no	yes
TTC30A1	no	no	no	B	no	no
TTC30A2	no	no	no	B	no	no
TTC30B	no	no	no	B	no	yes
TTC31	no	no	no	B	no	no
TTC32	no	no	yes	B	no	yes
TTC33	no	no	yes	B	no	yes
TTC34	no	no	no	B	no	no
TTC36	yes	no	yes	B	yes	yes
TTC37	no	no	no	B	no	no
TTC38	yes	yes	yes	A	yes	yes
TTC39A	no	no	yes	B	no	no
TTC39B	yes	no	yes	B	yes	yes
TTC39C	no	no	yes	B	no	yes
TTC4	no	no	yes	B	no	yes
TTC5	no	no	yes	B	no	yes
TTC7A	no	no	yes	B	no	yes
TTC7B	no	no	yes	B	no	yes
TTC8	no	no	yes	B	no	yes
TTC9	no	no	yes	B	no	no
TTC9C	no	no	yes	B	no	no
TTF1	no	no	yes	B	no	yes
TTF2	no	no	yes	B	no	yes
TTI1	no	no	yes	B	no	yes
TTI2	no	no	yes	B	no	yes
TTK	no	no	yes	B	no	no
TTL	no	no	yes	B	no	yes
TTLL1	no	no	yes	B	no	yes
TTLL10	no	no	no	B	no	no
TTLL11	no	no	no	B	no	no
TTLL12	yes	yes	yes	A	yes	yes
TTLL3	no	no	no	B	no	no
TTLL4	no	no	yes	B	no	yes
TTLL5	no	no	no	B	no	no
TTLL6	no	no	no	B	no	no
TTLL7	no	no	no	B	no	no
TTPA	no	no	yes	B	no	no
TTPAL	no	no	yes	B	no	yes
TTR	yes	yes	yes	A	yes	yes
TTYH1	no	no	no	B	no	no
TTYH2	no	no	yes	B	no	yes
TTYH3	no	no	yes	B	no	yes
TUB	no	no	no	B	no	no
TUBA1A	no	no	no	B	no	yes
TUBA1B	no	no	no	B	no	no
TUBA1C	yes	yes	yes	A	yes	no
TUBA4A	yes	yes	yes	A	yes	yes
TUBA8	no	no	yes	B	no	no
TUBAL3	no	no	yes	B	no	no
TUBB	yes	yes	yes	A	yes	yes
TUBB2A	no	no	yes	B	no	yes
TUBB2B	yes	yes	yes	A	yes	yes
TUBB3	no	yes	yes	B	yes	no
TUBB4A	yes	no	yes	B	yes	no
TUBB4B	yes	yes	yes	A	yes	yes
TUBB4B-PS1	no	no	no	B	no	no
TUBB6	yes	yes	yes	A	yes	yes
TUBD1	no	no	no	B	no	no
TUBE1	no	no	no	B	no	no
TUBG1	no	no	yes	B	no	no
TUBG2	no	no	no	B	no	no
TUBGCP2	no	no	yes	B	no	yes
TUBGCP3	no	no	yes	B	no	yes
TUBGCP4	no	no	yes	B	no	yes
TUBGCP5	no	no	yes	B	no	yes
TUBGCP6	no	no	yes	B	no	yes
TUFM	yes	yes	yes	A	yes	yes
TUFT1	no	no	yes	B	no	yes
TUG1	no	no	yes	B	no	no
TULP2	no	no	no	B	no	no
TULP3	no	no	yes	B	no	yes
TULP4	no	no	yes	B	no	yes
TUSC1	no	no	yes	B	no	yes
TUSC2	no	no	yes	B	no	yes
TUSC3	no	no	yes	B	no	yes
TUSC5	no	no	no	B	no	no
TUT1	no	no	yes	B	no	yes
TUT4	no	no	yes	B	no	no
TUT7	no	no	yes	B	no	no
TVP23A	no	no	no	B	no	no
TVP23B	no	no	yes	B	no	yes
TWF1	yes	yes	yes	A	yes	yes
TWF2	no	no	yes	B	no	no
TWIST1	no	no	no	B	no	no
TWIST2	no	no	no	B	no	no
TWISTNB	no	no	no	B	no	no
TWNK	no	no	yes	B	no	no
TWSG1	no	no	yes	B	no	yes
TXLNA	yes	no	yes	B	yes	yes
TXLNG	no	no	yes	B	no	yes
TXN	yes	yes	yes	A	yes	yes
TXN-PS1	no	no	no	B	no	no
TXN2	yes	yes	yes	A	yes	yes
TXNDC11	no	no	yes	B	no	yes
TXNDC12	yes	yes	yes	A	yes	yes
TXNDC15	no	no	yes	B	no	yes
TXNDC16	no	no	yes	B	no	yes
TXNDC17	yes	yes	yes	A	yes	yes
TXNDC2	no	no	no	B	no	no
TXNDC5	yes	yes	yes	A	yes	yes
TXNDC9	no	no	yes	B	no	yes
TXNIP	no	no	yes	B	no	yes
TXNL1	yes	yes	yes	A	yes	yes
TXNL4A	no	no	yes	B	no	yes
TXNL4B	no	no	yes	B	no	yes
TXNRD1	yes	yes	yes	A	yes	yes
TXNRD2	yes	yes	yes	A	yes	yes
TXNRD3	yes	no	yes	B	yes	yes
TYK2	no	no	yes	B	no	yes
TYMP	no	no	no	B	no	no
TYMS	no	no	yes	B	no	yes
TYRO3	no	no	yes	B	no	yes
TYROBP	no	no	yes	B	no	yes
TYSND1	no	no	yes	B	no	yes
TYW1	no	no	yes	B	no	no
TYW2	no	no	yes	B	no	no
TYW3	yes	no	yes	B	yes	yes
TYW5	no	no	yes	B	no	yes
U1	no	no	no	B	no	no
U2	no	no	no	B	no	no
U2AF1	yes	yes	yes	A	yes	yes
U2AF1L4	no	no	yes	B	no	yes
U2AF2	no	no	yes	B	no	yes
U2SURP	no	no	yes	B	no	yes
U3	no	no	no	B	no	no
U6	no	no	no	B	no	no
UACA	no	no	yes	B	no	yes
UAP1	no	no	yes	B	no	yes
UAP1L1	yes	yes	yes	A	yes	yes
UBA1	yes	yes	yes	A	yes	yes
UBA2	yes	yes	yes	A	yes	yes
UBA3	yes	yes	yes	A	yes	yes
UBA5	yes	no	yes	B	yes	yes
UBA52	no	no	yes	B	no	yes
UBA52-PS	no	no	no	B	no	no
UBA6	yes	yes	yes	A	yes	yes
UBA7	no	no	yes	B	no	no
UBAC1	no	no	yes	B	no	yes
UBAC2	no	no	yes	B	no	yes
UBALD1	no	no	no	B	no	yes
UBALD2	no	no	no	B	no	yes
UBAP1	no	no	yes	B	no	yes
UBAP2	no	no	yes	B	no	yes
UBAP2L	yes	yes	yes	A	yes	yes
UBASH3A	no	no	yes	B	no	no
UBASH3B	no	no	yes	B	no	yes
UBB	no	no	yes	B	no	yes
UBB-PS	no	no	no	B	no	no
UBC	no	no	no	B	no	yes
UBD	no	no	no	B	no	no
UBE2A	no	no	yes	B	no	yes
UBE2B	no	no	yes	B	no	yes
UBE2C	no	no	yes	B	no	yes
UBE2CBP	no	no	no	B	no	no
UBE2D-PS	no	no	no	B	no	no
UBE2D1	no	no	yes	B	no	yes
UBE2D2	yes	no	yes	B	yes	yes
UBE2D3	no	yes	no	B	no	yes
UBE2E1	no	no	yes	B	no	yes
UBE2E2	no	no	yes	B	no	no
UBE2E3	no	no	yes	B	no	yes
UBE2F	no	no	yes	B	no	yes
UBE2G1	no	no	yes	B	no	yes
UBE2G2	yes	no	yes	B	yes	yes
UBE2H	no	no	yes	B	no	yes
UBE2I	yes	yes	yes	A	yes	yes
UBE2J1	no	no	yes	B	no	yes
UBE2J2	no	no	yes	B	no	yes
UBE2K	yes	no	yes	B	yes	yes
UBE2L3	yes	yes	yes	A	yes	yes
UBE2L6	no	no	yes	B	no	yes
UBE2M	yes	yes	yes	A	yes	yes
UBE2N	yes	yes	yes	A	yes	yes
UBE2N-PS1	no	no	no	B	no	no
UBE2O	no	no	yes	B	no	yes
UBE2Q1	no	no	yes	B	no	yes
UBE2Q2	no	no	yes	B	no	yes
UBE2QL1	no	no	no	B	no	no
UBE2R2	no	no	yes	B	no	yes
UBE2S	no	no	yes	B	no	yes
UBE2T	no	no	yes	B	no	no
UBE2U	no	no	no	B	no	yes
UBE2V1	yes	no	yes	B	yes	no
UBE2V2	yes	yes	yes	A	yes	yes
UBE2W	no	no	yes	B	no	yes
UBE2Z	no	no	yes	B	no	yes
UBE3A	yes	no	yes	B	yes	yes
UBE3B	no	no	yes	B	no	yes
UBE3C	no	no	yes	B	no	yes
UBE3D	no	no	yes	B	no	no
UBE4A	no	yes	yes	B	yes	yes
UBE4B	no	no	yes	B	no	yes
UBFD1	yes	yes	yes	A	yes	yes
UBIAD1	no	no	yes	B	no	no
UBL3	no	no	yes	B	no	yes
UBL4	no	no	no	B	no	no
UBL4A	no	no	yes	B	no	no
UBL5	yes	no	no	B	no	yes
UBL7	no	no	yes	B	no	yes
UBLCP1	no	no	yes	B	no	yes
UBN1	no	no	yes	B	no	yes
UBN2	no	no	yes	B	no	yes
UBOX5	no	no	yes	B	no	yes
UBP1	no	no	yes	B	no	yes
UBQLN1	yes	yes	yes	A	yes	yes
UBQLN2	yes	no	yes	B	yes	yes
UBQLN4	no	no	yes	B	no	yes
UBR1	no	no	yes	B	no	yes
UBR2	no	no	yes	B	no	yes
UBR3	no	no	yes	B	no	yes
UBR4	yes	yes	yes	A	yes	yes
UBR5	no	no	yes	B	no	yes
UBR7	no	no	yes	B	no	yes
UBTD1	no	no	yes	B	no	yes
UBTD2	no	no	yes	B	no	yes
UBTF	no	no	yes	B	no	yes
UBXN1	no	no	yes	B	no	yes
UBXN10	no	no	yes	B	no	yes
UBXN11	no	no	no	B	no	no
UBXN2A	no	no	yes	B	no	yes
UBXN2B	no	no	yes	B	no	yes
UBXN4	yes	yes	yes	A	yes	yes
UBXN6	no	no	yes	B	no	yes
UBXN7	no	no	yes	B	no	yes
UBXN8	no	no	yes	B	no	yes
UCHL1	yes	yes	yes	A	yes	yes
UCHL3	yes	yes	yes	A	yes	yes
UCHL5	yes	yes	yes	A	yes	yes
UCK1	no	no	yes	B	no	yes
UCK2	no	no	yes	B	no	yes
UCKL1	no	no	yes	B	no	yes
UCMA	no	no	no	B	no	no
UCP1	no	no	yes	B	no	no
UCP2	no	no	yes	B	no	yes
UCP3	no	no	no	B	no	no
UEVLD	no	no	yes	B	no	yes
UFC1	no	yes	yes	B	yes	yes
UFD1	yes	yes	yes	A	yes	no
UFD1L	no	no	no	B	no	no
UFL1	yes	yes	yes	A	yes	yes
UFM1	yes	yes	yes	A	yes	yes
UFSP1	no	no	yes	B	no	yes
UFSP2	no	no	yes	B	no	yes
UGCG	no	no	yes	B	no	yes
UGDH	yes	yes	yes	A	yes	yes
UGGT1	yes	yes	yes	A	yes	yes
UGGT2	no	no	yes	B	no	no
UGP2	yes	yes	yes	A	yes	yes
UGT1A1	no	no	yes	B	no	no
UGT1A10	no	no	no	B	no	no
UGT1A2	no	no	yes	B	no	no
UGT1A5	no	no	no	B	no	no
UGT1A6A	no	no	no	B	no	no
UGT1A6B	no	no	yes	B	no	no
UGT1A7C	no	no	no	B	no	no
UGT1A8	no	no	no	B	no	no
UGT1A9	no	no	yes	B	no	no
UGT2A3	no	no	yes	B	no	no
UGT2B34	no	no	yes	B	no	no
UGT2B36	no	no	no	B	no	no
UGT2B37	no	no	yes	B	no	no
UGT2B38	no	no	yes	B	no	no
UGT2B5	no	no	no	B	no	no
UGT3A1	no	no	yes	B	no	no
UGT3A2	no	no	yes	B	no	no
UGT8	no	no	yes	B	no	yes
UHMK1	no	no	yes	B	no	yes
UHRF1	no	no	yes	B	no	no
UHRF1BP1	no	no	no	B	no	no
UHRF1BP1L	no	no	no	B	no	no
UHRF2	no	no	yes	B	no	yes
UIMC1	no	no	yes	B	no	yes
ULBP3	no	no	no	B	no	no
ULK1	no	no	yes	B	no	yes
ULK2	no	no	yes	B	no	yes
ULK3	no	no	yes	B	no	yes
ULK4	no	no	yes	B	no	no
UMAD1	no	no	yes	B	no	no
UMOD	yes	yes	yes	A	yes	yes
UMPS	yes	yes	yes	A	yes	yes
UNC119	no	no	yes	B	no	yes
UNC119B	yes	no	yes	B	yes	yes
UNC13A	no	no	no	B	no	no
UNC13B	no	no	yes	B	no	yes
UNC13D	no	no	yes	B	no	no
UNC45A	yes	no	yes	B	yes	yes
UNC45B	no	no	no	B	no	no
UNC45BOS	no	no	no	B	no	no
UNC50	no	no	no	B	no	yes
UNC5A	no	no	no	B	no	no
UNC5B	no	no	yes	B	no	yes
UNC5C	no	no	yes	B	no	no
UNC5CL	no	no	no	B	no	no
UNC5D	no	no	no	B	no	no
UNC93B1	no	no	yes	B	no	yes
UNCX	no	no	no	B	no	no
UNG	no	no	yes	B	no	no
UNK	no	no	yes	B	no	yes
UNKL	no	no	yes	B	no	yes
UPB1	yes	yes	yes	A	yes	yes
UPF1	yes	yes	yes	A	yes	yes
UPF2	no	no	yes	B	no	yes
UPF3A	no	no	yes	B	no	yes
UPF3B	no	no	yes	B	no	yes
UPK1A	no	no	yes	B	no	no
UPK1B	no	no	yes	B	no	no
UPK2	no	no	yes	B	no	no
UPK3A	no	no	yes	B	no	yes
UPK3B	no	no	no	B	no	yes
UPK3BL	no	no	no	B	no	no
UPK3BL2	no	no	no	B	no	no
UPP1	yes	yes	yes	A	yes	yes
UPP2	no	no	no	B	no	no
UPRT	no	yes	yes	B	yes	yes
UQCC1	no	no	yes	B	no	yes
UQCC2	yes	no	yes	B	yes	yes
UQCC3	no	no	yes	B	no	yes
UQCC6	no	no	yes	B	no	no
UQCR10	no	no	yes	B	no	yes
UQCR11	no	no	yes	B	no	no
UQCRB	no	no	yes	B	no	no
UQCRC1	yes	yes	yes	A	yes	yes
UQCRC2	yes	yes	yes	A	yes	yes
UQCRFS1	yes	yes	yes	A	yes	no
UQCRH	no	no	yes	B	no	no
UQCRQ	yes	yes	yes	A	yes	yes
URAH	no	no	no	B	no	no
URB1	no	no	yes	B	no	yes
URB2	no	no	yes	B	no	yes
URGCP	no	no	yes	B	no	yes
URI1	no	no	yes	B	no	yes
URM1	no	no	yes	B	no	yes
UROC1	no	no	yes	B	no	no
UROD	yes	yes	yes	A	yes	yes
UROS	no	no	yes	B	no	yes
USB1	no	no	yes	B	no	yes
USE1	no	no	yes	B	no	yes
USF1	no	no	yes	B	no	yes
USF2	no	no	yes	B	no	yes
USF2-PS1	no	no	no	B	no	no
USF3	no	no	yes	B	no	no
USH1C	yes	yes	yes	A	yes	yes
USH1G	no	no	no	B	no	no
USHBP1	no	no	yes	B	no	yes
USMG5	no	no	no	B	no	no
USO1	yes	yes	yes	A	yes	yes
USP1	no	no	yes	B	no	yes
USP10	yes	no	yes	B	yes	yes
USP11	no	no	yes	B	no	yes
USP12	no	no	yes	B	no	yes
USP13	no	no	no	B	no	no
USP14	yes	yes	yes	A	yes	yes
USP15	no	no	yes	B	no	yes
USP16	no	no	yes	B	no	yes
USP18	no	no	yes	B	no	yes
USP19	no	no	yes	B	no	yes
USP2	no	no	yes	B	no	yes
USP20	no	no	yes	B	no	yes
USP21	no	no	yes	B	no	yes
USP22	no	no	yes	B	no	yes
USP24	yes	yes	yes	A	yes	yes
USP25	no	no	yes	B	no	yes
USP27X	no	no	yes	B	no	no
USP28	no	no	yes	B	no	yes
USP3	no	no	yes	B	no	yes
USP30	no	no	yes	B	no	yes
USP31	no	no	yes	B	no	yes
USP32	no	no	yes	B	no	yes
USP33	no	no	yes	B	no	yes
USP34	no	no	yes	B	no	yes
USP35	no	no	yes	B	no	no
USP36	no	no	yes	B	no	yes
USP37	no	no	yes	B	no	yes
USP38	no	no	yes	B	no	yes
USP39	no	yes	yes	B	yes	yes
USP4	yes	yes	yes	A	yes	yes
USP40	no	no	yes	B	no	yes
USP42	no	no	yes	B	no	yes
USP43	no	no	yes	B	no	yes
USP45	no	no	yes	B	no	yes
USP46	no	no	yes	B	no	yes
USP47	yes	yes	yes	A	yes	yes
USP48	no	no	yes	B	no	yes
USP49	no	no	no	B	no	no
USP5	yes	yes	yes	A	yes	yes
USP50	no	no	no	B	no	no
USP51	no	no	no	B	no	no
USP53	no	no	yes	B	no	yes
USP54	no	no	yes	B	no	yes
USP6NL	no	no	yes	B	no	yes
USP7	yes	yes	yes	A	yes	yes
USP8	no	no	yes	B	no	yes
USP9X	yes	yes	yes	A	yes	yes
USPL1	no	no	no	B	no	yes
UST	no	no	yes	B	no	no
UTP11	no	no	yes	B	no	no
UTP11L	no	no	no	B	no	no
UTP14A	no	no	yes	B	no	yes
UTP15	no	no	yes	B	no	yes
UTP18	no	no	yes	B	no	yes
UTP20	no	no	yes	B	no	yes
UTP23	no	no	yes	B	no	yes
UTP25	no	no	yes	B	no	no
UTP3	no	no	yes	B	no	yes
UTP4	no	no	yes	B	no	no
UTP6	no	no	yes	B	no	yes
UTRN	yes	yes	yes	A	yes	yes
UTS2R	no	no	no	B	no	no
UTY	no	no	yes	B	no	no
UVRAG	no	no	yes	B	no	yes
UVSSA	no	no	yes	B	no	yes
UXS1	no	no	yes	B	no	yes
UXT	no	no	yes	B	no	yes
VAC14	no	yes	yes	B	yes	yes
VAMP1	no	no	no	B	no	no
VAMP2	no	no	yes	B	no	yes
VAMP3	yes	yes	yes	A	yes	yes
VAMP4	no	no	yes	B	no	yes
VAMP5	no	no	yes	B	no	yes
VAMP7	yes	no	yes	B	yes	no
VAMP8	yes	no	yes	B	yes	yes
VANGL1	no	no	yes	B	no	yes
VANGL2	no	no	yes	B	no	no
VAPA	yes	yes	yes	A	yes	yes
VAPB	yes	yes	yes	A	yes	yes
VARS	no	no	no	B	no	no
VARS1	yes	yes	yes	A	yes	no
VARS2	yes	yes	yes	A	yes	yes
VASH1	no	no	yes	B	no	no
VASH2	no	no	no	B	no	no
VASN	no	no	yes	B	no	yes
VASP	yes	yes	yes	A	yes	yes
VAT1	yes	yes	yes	A	yes	yes
VAT1L	no	no	yes	B	no	no
VAULTRC5	no	no	no	B	no	no
VAV1	no	no	yes	B	no	yes
VAV2	no	no	yes	B	no	yes
VAV3	no	no	yes	B	no	yes
VAX1	no	no	no	B	no	no
VBP1	yes	yes	yes	A	yes	yes
VCAM1	yes	yes	yes	A	yes	yes
VCAN	no	yes	yes	B	yes	no
VCF1	no	no	no	B	no	no
VCL	yes	yes	yes	A	yes	yes
VCP	yes	yes	yes	A	yes	yes
VCP-RS	no	no	no	B	no	no
VCPIP1	no	no	yes	B	no	yes
VCPKMT	no	no	yes	B	no	yes
VDAC1	yes	yes	yes	A	yes	yes
VDAC2	yes	yes	yes	A	yes	yes
VDAC3	yes	yes	yes	A	yes	yes
VDAC3-PS1	no	no	no	B	no	no
VDR	no	no	yes	B	no	yes
VEGFA	no	no	yes	B	no	yes
VEGFB	no	no	no	B	no	yes
VEGFC	no	no	yes	B	no	yes
VEGFD	no	no	yes	B	no	no
VEPH1	no	no	yes	B	no	yes
VEZF1	no	no	yes	B	no	yes
VEZT	no	no	yes	B	no	yes
VGF	no	no	yes	B	no	no
VGLL1	no	no	no	B	no	no
VGLL3	no	no	yes	B	no	no
VGLL4	no	no	yes	B	no	yes
VHL	no	no	no	B	no	no
VHLL	no	no	yes	B	no	no
VIL1	yes	yes	yes	A	yes	yes
VILL	no	no	yes	B	no	yes
VIM	yes	yes	yes	A	yes	yes
VIMP	no	no	no	B	no	no
VIP	no	no	no	B	no	no
VIPAS39	no	no	yes	B	no	yes
VIPR1	no	no	no	B	no	no
VIPR2	no	no	no	B	no	no
VIRMA	no	no	yes	B	no	no
VIT	no	no	no	B	no	no
VKORC1	no	no	yes	B	no	yes
VKORC1L1	no	no	yes	B	no	yes
VLDLR	no	no	yes	B	no	yes
VMA12	no	no	yes	B	no	no
VMA21	no	no	yes	B	no	yes
VMA21-PS	no	no	no	B	no	no
VMA22	no	no	yes	B	no	yes
VMAC	no	no	yes	B	no	yes
VMO1	no	no	yes	B	no	no
VMP1	no	no	yes	B	no	yes
VNN1	yes	yes	yes	A	yes	no
VNN3	no	no	yes	B	no	no
VOPP1	no	no	no	B	no	yes
VPRBP	no	no	no	B	no	no
VPREB1	no	no	no	B	no	no
VPREB3	no	no	no	B	no	no
VPS11	yes	no	yes	B	yes	yes
VPS13A	yes	yes	yes	A	yes	yes
VPS13B	no	no	yes	B	no	yes
VPS13C	yes	no	yes	B	yes	yes
VPS13D	no	no	yes	B	no	yes
VPS16	no	no	yes	B	no	yes
VPS18	no	yes	yes	B	yes	yes
VPS25	yes	yes	yes	A	yes	no
VPS26A	yes	yes	yes	A	yes	yes
VPS26B	yes	no	yes	B	yes	yes
VPS26C	yes	yes	yes	A	yes	no
VPS28	yes	yes	yes	A	yes	no
VPS29	yes	yes	yes	A	yes	yes
VPS33A	no	no	yes	B	no	yes
VPS33B	no	no	yes	B	no	yes
VPS35	yes	yes	yes	A	yes	yes
VPS35L	yes	yes	yes	A	yes	no
VPS36	yes	yes	yes	A	yes	yes
VPS37A	yes	yes	yes	A	yes	yes
VPS37B	no	no	yes	B	no	yes
VPS37C	no	no	yes	B	no	yes
VPS37D	no	no	no	B	no	yes
VPS39	no	no	yes	B	no	yes
VPS41	no	no	yes	B	no	yes
VPS45	yes	no	yes	B	yes	yes
VPS4A	yes	yes	yes	A	yes	yes
VPS4B	yes	yes	yes	A	yes	yes
VPS50	no	no	yes	B	no	no
VPS51	no	no	yes	B	no	yes
VPS52	no	no	yes	B	no	yes
VPS53	no	no	yes	B	no	yes
VPS54	no	no	yes	B	no	yes
VPS72	no	no	yes	B	no	yes
VPS8	no	no	yes	B	no	yes
VPS9D1	no	no	yes	B	no	yes
VRK1	no	no	yes	B	no	yes
VRK2	no	no	yes	B	no	yes
VRK3	no	no	yes	B	no	yes
VSIG10	no	no	yes	B	no	yes
VSIG10L	no	no	no	B	no	no
VSIG2	no	no	no	B	no	yes
VSIG4	no	no	yes	B	no	no
VSIR	no	no	yes	B	no	no
VSTM2A	no	no	yes	B	no	no
VSTM2B	no	no	no	B	no	no
VSTM2L	no	no	no	B	no	no
VSTM4	no	no	yes	B	no	yes
VSTM5	no	no	yes	B	no	yes
VTA1	yes	no	yes	B	yes	yes
VTCN1	no	no	yes	B	no	no
VTI1A	no	no	yes	B	no	yes
VTI1B	yes	no	yes	B	yes	yes
VTN	yes	yes	yes	A	yes	no
VWA1	no	no	yes	B	no	yes
VWA2	no	no	yes	B	no	no
VWA3A	no	no	no	B	no	no
VWA5A	yes	yes	yes	A	yes	yes
VWA5B2	no	no	no	B	no	no
VWA7	no	no	no	B	no	no
VWA8	yes	yes	yes	A	yes	yes
VWA9	no	no	no	B	no	no
VWCE	no	no	yes	B	no	yes
VWDE	no	no	no	B	no	no
VWF	no	yes	yes	B	yes	no
WAC	no	no	yes	B	no	yes
WAPAL	no	no	no	B	no	no
WAPL	no	no	yes	B	no	no
WARS	no	no	no	B	no	no
WARS1	yes	yes	yes	A	yes	no
WARS2	yes	yes	yes	A	yes	yes
WAS	no	no	yes	B	no	yes
WASF1	no	no	yes	B	no	no
WASF2	yes	yes	yes	A	yes	yes
WASF3	no	no	yes	B	no	yes
WASH	no	no	no	B	no	no
WASHC1	yes	yes	yes	A	yes	no
WASHC2	no	no	yes	B	no	no
WASHC3	yes	no	yes	B	yes	no
WASHC4	yes	no	yes	B	yes	no
WASHC5	yes	yes	yes	A	yes	no
WASL	yes	yes	yes	A	yes	yes
WBP1	no	no	no	B	no	yes
WBP11	no	no	yes	B	no	yes
WBP1L	yes	yes	yes	A	yes	yes
WBP2	no	no	yes	B	no	yes
WBP4	no	no	yes	B	no	yes
WBP5	no	no	no	B	no	no
WBSCR16	no	no	no	B	no	no
WBSCR17	no	no	no	B	no	no
WBSCR22	no	no	no	B	no	no
WBSCR27	no	no	no	B	no	no
WDCP	no	no	yes	B	no	no
WDFY1	yes	yes	yes	A	yes	yes
WDFY2	no	no	yes	B	no	yes
WDFY3	no	no	yes	B	no	yes
WDFY4	no	no	yes	B	no	no
WDHD1	no	no	yes	B	no	no
WDPCP	no	no	yes	B	no	yes
WDR1	yes	yes	yes	A	yes	yes
WDR11	no	no	yes	B	no	yes
WDR12	no	no	yes	B	no	yes
WDR13	no	no	yes	B	no	yes
WDR17	no	no	no	B	no	no
WDR18	no	no	yes	B	no	yes
WDR19	no	no	yes	B	no	yes
WDR20	no	no	yes	B	no	yes
WDR24	no	no	yes	B	no	no
WDR25	no	no	yes	B	no	no
WDR26	no	no	yes	B	no	yes
WDR27	no	no	no	B	no	no
WDR3	no	no	yes	B	no	yes
WDR31	no	no	no	B	no	yes
WDR33	no	no	yes	B	no	yes
WDR34	no	no	no	B	no	no
WDR35	no	no	yes	B	no	yes
WDR36	no	no	yes	B	no	yes
WDR37	no	yes	yes	B	yes	yes
WDR38	no	no	no	B	no	no
WDR4	no	no	yes	B	no	yes
WDR41	no	no	yes	B	no	yes
WDR43	no	no	yes	B	no	yes
WDR44	no	no	yes	B	no	yes
WDR45	yes	no	yes	B	yes	yes
WDR45B	no	no	yes	B	no	yes
WDR46	no	no	yes	B	no	yes
WDR47	no	no	yes	B	no	yes
WDR48	no	no	yes	B	no	yes
WDR5	yes	no	yes	B	yes	yes
WDR53	no	no	yes	B	no	yes
WDR54	no	no	yes	B	no	no
WDR55	no	no	yes	B	no	yes
WDR59	no	no	yes	B	no	yes
WDR5B	no	no	yes	B	no	yes
WDR6	no	no	yes	B	no	yes
WDR60	no	no	no	B	no	no
WDR61	no	no	no	B	no	no
WDR62	no	no	yes	B	no	no
WDR66	no	no	no	B	no	no
WDR7	yes	no	yes	B	yes	yes
WDR70	no	no	yes	B	no	yes
WDR72	no	no	yes	B	no	yes
WDR73	no	no	yes	B	no	yes
WDR74	no	no	yes	B	no	yes
WDR75	no	no	yes	B	no	yes
WDR76	no	no	yes	B	no	no
WDR77	yes	no	yes	B	yes	yes
WDR78	no	no	no	B	no	no
WDR81	yes	no	yes	B	yes	yes
WDR82	no	no	yes	B	no	yes
WDR83	no	no	yes	B	no	yes
WDR83OS	no	no	no	B	no	yes
WDR86	no	no	no	B	no	no
WDR87	no	no	no	B	no	no
WDR89	no	no	yes	B	no	no
WDR90	no	no	yes	B	no	yes
WDR91	yes	no	yes	B	yes	yes
WDR92	no	no	no	B	no	no
WDR93	no	no	no	B	no	no
WDR97	no	no	no	B	no	no
WDSUB1	no	no	yes	B	no	no
WDTC1	no	no	yes	B	no	yes
WDYHV1	no	no	no	B	no	no
WEE1	no	no	yes	B	no	yes
WEE2	no	no	no	B	no	no
WFDC1	no	no	yes	B	no	yes
WFDC11	no	no	no	B	no	no
WFDC15B	no	no	yes	B	no	no
WFDC16	no	no	no	B	no	no
WFDC17	no	no	yes	B	no	no
WFDC2	yes	yes	yes	A	yes	yes
WFDC21	no	no	yes	B	no	no
WFIKKN1	no	no	no	B	no	no
WFIKKN2	no	no	yes	B	no	no
WFS1	no	no	yes	B	no	yes
WHAMM	no	no	yes	B	no	yes
WHR1	no	no	yes	B	no	yes
WHRN	no	no	no	B	no	yes
WHSC1	no	no	no	B	no	no
WHSC1L1	no	no	no	B	no	no
WI1-1003N17.1	no	no	no	B	no	no
WIBG	no	no	no	B	no	no
WIF1	no	no	no	B	no	no
WIPF1	no	no	yes	B	no	yes
WIPF2	no	no	yes	B	no	yes
WIPF3	no	no	yes	B	no	no
WIPI1	no	no	yes	B	no	yes
WIPI2	no	no	yes	B	no	yes
WISP1	no	no	no	B	no	no
WISP2	no	no	no	B	no	no
WIZ	no	no	yes	B	no	yes
WLS	no	no	yes	B	no	yes
WNK1	no	no	yes	B	no	yes
WNK2	no	no	yes	B	no	no
WNK3	no	no	no	B	no	no
WNK4	no	no	yes	B	no	yes
WNT10A	no	no	no	B	no	yes
WNT11	no	no	no	B	no	no
WNT2	no	no	no	B	no	no
WNT2B	no	no	yes	B	no	no
WNT4	no	no	no	B	no	no
WNT5A	no	no	yes	B	no	yes
WNT5B	no	no	no	B	no	yes
WNT7A	no	no	no	B	no	no
WNT7B	no	no	no	B	no	yes
WNT9A	no	no	no	B	no	no
WNT9B	no	no	yes	B	no	yes
WRAP53	no	no	yes	B	no	yes
WRAP73	no	no	yes	B	no	yes
WRB	no	no	no	B	no	no
WRN	no	no	yes	B	no	yes
WRNIP1	no	no	yes	B	no	yes
WSB1	no	no	yes	B	no	yes
WSB2	no	no	yes	B	no	yes
WSCD1	no	no	no	B	no	yes
WSCD2	no	no	no	B	no	no
WT1	no	no	yes	B	no	yes
WTAP	no	no	yes	B	no	yes
WTIP	no	no	yes	B	no	no
WWC1	no	no	yes	B	no	yes
WWC2	no	no	yes	B	no	yes
WWC3	no	no	no	B	no	no
WWOX	no	no	yes	B	no	yes
WWP1	no	no	yes	B	no	yes
WWP2	no	no	yes	B	no	yes
WWTR1	no	no	yes	B	no	yes
XAB2	no	no	yes	B	no	yes
XAF1	no	no	yes	B	no	no
XBP1	no	no	yes	B	no	yes
XCR1	no	no	no	B	no	no
XDH	yes	yes	yes	A	yes	yes
XG	no	no	no	B	no	no
XIAP	no	no	yes	B	no	no
XK	no	no	no	B	no	no
XKR6	no	no	no	B	no	no
XKR8	no	no	no	B	no	no
XKRX	no	no	no	B	no	no
XLR3B	no	no	no	B	no	no
XNDC1N	no	no	no	B	no	no
XNTRPC	no	no	no	B	no	no
XPA	no	no	yes	B	no	yes
XPC	no	no	yes	B	no	yes
XPNPEP1	yes	yes	yes	A	yes	yes
XPNPEP2	yes	yes	yes	A	yes	yes
XPNPEP3	yes	no	yes	B	yes	yes
XPO1	yes	yes	yes	A	yes	yes
XPO4	no	no	yes	B	no	yes
XPO5	no	no	yes	B	no	yes
XPO6	no	no	yes	B	no	yes
XPO7	yes	yes	yes	A	yes	yes
XPOT	yes	no	yes	B	yes	yes
XPR1	no	no	yes	B	no	yes
XRCC1	no	no	yes	B	no	yes
XRCC2	no	no	no	B	no	no
XRCC3	no	no	no	B	no	no
XRCC4	no	no	yes	B	no	yes
XRCC5	yes	yes	yes	A	yes	yes
XRCC6	no	no	yes	B	no	yes
XRCC6BP1	no	no	no	B	no	no
XRN1	no	no	yes	B	no	yes
XRN2	no	no	yes	B	no	yes
XRRA1	no	no	no	B	no	no
XXYLT1	no	no	yes	B	no	yes
XYLB	yes	yes	yes	A	yes	yes
XYLT1	no	no	yes	B	no	yes
XYLT2	no	no	yes	B	no	yes
YAE1	no	no	yes	B	no	yes
YAF2	no	no	yes	B	no	yes
YAM1	no	no	no	B	no	no
YAP1	yes	no	yes	B	yes	yes
YARS	no	no	no	B	no	no
YARS1	yes	yes	yes	A	yes	no
YARS2	no	no	yes	B	no	yes
YBEY	no	no	yes	B	no	no
YBX1	yes	yes	yes	A	yes	yes
YBX1-PS2	no	no	no	B	no	no
YBX2	no	no	yes	B	no	yes
YBX3	no	no	yes	B	no	yes
YDJC	no	no	yes	B	no	no
YEATS2	no	no	yes	B	no	yes
YEATS4	no	no	yes	B	no	yes
YES1	no	no	yes	B	no	yes
YIF1A	no	no	yes	B	no	yes
YIF1B	no	no	yes	B	no	yes
YIPF1	no	no	yes	B	no	yes
YIPF2	no	no	yes	B	no	yes
YIPF3	no	no	yes	B	no	yes
YIPF4	no	no	yes	B	no	yes
YIPF5	no	no	yes	B	no	yes
YIPF6	no	no	yes	B	no	yes
YJEFN3	no	no	no	B	no	no
YJU2	no	no	yes	B	no	no
YJU2B	no	no	yes	B	no	no
YKT6	yes	no	yes	B	yes	yes
YLPM1	no	no	yes	B	no	yes
YME1L1	yes	no	yes	B	yes	yes
YOD1	no	no	yes	B	no	yes
YPEL1	no	no	no	B	no	no
YPEL2	no	no	yes	B	no	no
YPEL3	no	no	yes	B	no	yes
YPEL4	no	no	no	B	no	no
YPEL5	no	no	yes	B	no	yes
YRDC	no	no	yes	B	no	yes
YTHDC1	no	no	yes	B	no	yes
YTHDC2	no	no	yes	B	no	yes
YTHDF1	no	no	yes	B	no	yes
YTHDF2	no	no	yes	B	no	yes
YTHDF3	yes	no	yes	B	yes	yes
YWHAB	yes	yes	yes	A	yes	yes
YWHAE	yes	yes	yes	A	yes	yes
YWHAG	yes	yes	yes	A	yes	yes
YWHAH	yes	no	yes	B	yes	yes
YWHAQ	yes	yes	yes	A	yes	yes
YWHAQ-PS3	no	no	no	B	no	no
YWHAZ	yes	yes	yes	A	yes	yes
YY1	no	no	yes	B	no	yes
ZADH2	no	no	no	B	no	no
ZAK	no	no	no	B	no	no
ZAN	no	no	no	B	no	no
ZAP70	no	no	yes	B	no	no
ZBBX	no	no	no	B	no	no
ZBED1	no	no	no	B	no	no
ZBED3	no	no	yes	B	no	yes
ZBED4	no	no	no	B	no	yes
ZBED5	no	no	no	B	no	no
ZBED9	no	no	no	B	no	no
ZBP1	no	no	yes	B	no	yes
ZBTB1	no	no	yes	B	no	yes
ZBTB10	no	no	yes	B	no	yes
ZBTB11	no	no	yes	B	no	yes
ZBTB11OS1	no	no	no	B	no	no
ZBTB12	no	no	yes	B	no	no
ZBTB14	no	no	yes	B	no	yes
ZBTB16	no	no	yes	B	no	yes
ZBTB17	no	no	yes	B	no	yes
ZBTB18	no	no	yes	B	no	yes
ZBTB2	no	no	yes	B	no	yes
ZBTB20	no	no	yes	B	no	yes
ZBTB21	no	no	yes	B	no	yes
ZBTB22	no	no	yes	B	no	no
ZBTB24	no	no	yes	B	no	yes
ZBTB25	no	no	yes	B	no	yes
ZBTB26	no	no	no	B	no	yes
ZBTB3	no	no	yes	B	no	no
ZBTB32	no	no	no	B	no	no
ZBTB33	no	no	yes	B	no	yes
ZBTB34	no	no	yes	B	no	yes
ZBTB37	no	no	yes	B	no	no
ZBTB38	no	no	yes	B	no	yes
ZBTB39	no	no	yes	B	no	yes
ZBTB4	no	no	yes	B	no	yes
ZBTB40	no	no	yes	B	no	yes
ZBTB41	no	no	yes	B	no	yes
ZBTB42	no	no	no	B	no	yes
ZBTB43	no	no	yes	B	no	yes
ZBTB44	no	no	yes	B	no	yes
ZBTB45	no	no	yes	B	no	yes
ZBTB46	no	no	yes	B	no	yes
ZBTB47	no	no	yes	B	no	no
ZBTB48	no	no	yes	B	no	yes
ZBTB49	no	no	yes	B	no	no
ZBTB5	no	no	yes	B	no	yes
ZBTB6	no	no	no	B	no	yes
ZBTB7A	no	no	yes	B	no	yes
ZBTB7B	no	no	yes	B	no	yes
ZBTB7C	no	no	yes	B	no	yes
ZBTB8A	no	no	yes	B	no	no
ZBTB8OS	no	no	yes	B	no	yes
ZBTB9	no	no	yes	B	no	no
ZC2HC1A	no	no	yes	B	no	yes
ZC2HC1B	no	no	no	B	no	no
ZC2HC1C	no	no	yes	B	no	yes
ZC3H10	no	no	yes	B	no	yes
ZC3H11A	no	no	yes	B	no	yes
ZC3H12A	no	no	yes	B	no	yes
ZC3H12C	no	no	yes	B	no	yes
ZC3H12D	no	no	yes	B	no	no
ZC3H13	no	no	yes	B	no	yes
ZC3H14	no	no	yes	B	no	yes
ZC3H15	yes	yes	yes	A	yes	yes
ZC3H18	no	no	yes	B	no	yes
ZC3H3	no	no	yes	B	no	yes
ZC3H4	no	no	yes	B	no	yes
ZC3H6	no	no	yes	B	no	yes
ZC3H7A	no	no	yes	B	no	yes
ZC3H7B	no	no	yes	B	no	yes
ZC3H8	no	no	yes	B	no	yes
ZC3HAV1	no	no	yes	B	no	yes
ZC3HAV1L	no	no	yes	B	no	no
ZC3HC1	no	no	yes	B	no	yes
ZC4H2	no	no	yes	B	no	yes
ZCCHC10	no	no	yes	B	no	yes
ZCCHC11	no	no	no	B	no	no
ZCCHC12	no	no	no	B	no	no
ZCCHC14	no	no	yes	B	no	yes
ZCCHC17	no	no	yes	B	no	yes
ZCCHC18	no	no	no	B	no	no
ZCCHC2	no	no	yes	B	no	yes
ZCCHC24	no	no	yes	B	no	yes
ZCCHC3	no	no	yes	B	no	yes
ZCCHC4	no	no	yes	B	no	yes
ZCCHC6	no	no	no	B	no	no
ZCCHC7	no	no	yes	B	no	yes
ZCCHC8	no	no	yes	B	no	yes
ZCCHC9	no	no	yes	B	no	yes
ZCRB1	no	no	yes	B	no	yes
ZCWPW1	no	no	no	B	no	no
ZCWPW2	no	no	no	B	no	no
ZDBF2	no	no	no	B	no	no
ZDHHC1	no	no	no	B	no	yes
ZDHHC12	no	no	yes	B	no	yes
ZDHHC13	no	no	yes	B	no	yes
ZDHHC14	no	no	yes	B	no	yes
ZDHHC15	no	no	yes	B	no	no
ZDHHC16	no	no	yes	B	no	yes
ZDHHC17	no	no	yes	B	no	yes
ZDHHC18	no	no	yes	B	no	yes
ZDHHC2	no	no	no	B	no	yes
ZDHHC20	no	no	yes	B	no	yes
ZDHHC21	no	no	yes	B	no	yes
ZDHHC23	no	no	yes	B	no	yes
ZDHHC24	no	no	yes	B	no	yes
ZDHHC3	no	no	yes	B	no	yes
ZDHHC4	no	no	yes	B	no	yes
ZDHHC5	no	no	yes	B	no	yes
ZDHHC6	no	no	yes	B	no	yes
ZDHHC7	no	no	yes	B	no	yes
ZDHHC8	no	no	yes	B	no	yes
ZDHHC9	no	no	yes	B	no	yes
ZEB1	no	no	yes	B	no	yes
ZEB2	no	no	yes	B	no	yes
ZEB2OS	no	no	no	B	no	no
ZER1	no	no	yes	B	no	yes
ZFAND1	no	no	yes	B	no	yes
ZFAND2A	no	no	yes	B	no	no
ZFAND2B	no	no	yes	B	no	yes
ZFAND3	no	no	yes	B	no	yes
ZFAND4	no	no	no	B	no	no
ZFAND5	no	no	yes	B	no	yes
ZFAND6	no	no	yes	B	no	yes
ZFAS1	no	no	no	B	no	no
ZFAT	no	no	yes	B	no	no
ZFC3H1	no	no	yes	B	no	yes
ZFHX2	no	no	yes	B	no	no
ZFHX3	no	no	yes	B	no	no
ZFHX4	no	no	no	B	no	no
ZFML	no	no	no	B	no	no
ZFP1	no	no	yes	B	no	yes
ZFP101	no	no	yes	B	no	no
ZFP108	no	no	no	B	no	no
ZFP109	no	no	no	B	no	no
ZFP110	no	no	no	B	no	no
ZFP113	no	no	no	B	no	no
ZFP119A	no	no	no	B	no	no
ZFP119B	no	no	yes	B	no	no
ZFP120	no	no	yes	B	no	no
ZFP125	no	no	no	B	no	no
ZFP14	no	no	no	B	no	no
ZFP157	no	no	no	B	no	no
ZFP160	no	no	yes	B	no	no
ZFP191	no	no	no	B	no	no
ZFP2	no	no	yes	B	no	yes
ZFP229	no	no	no	B	no	no
ZFP235	no	no	yes	B	no	no
ZFP26	no	no	yes	B	no	no
ZFP267	no	no	yes	B	no	no
ZFP268	no	no	no	B	no	no
ZFP27	no	no	no	B	no	no
ZFP273	no	no	no	B	no	no
ZFP28	no	no	no	B	no	no
ZFP3	no	no	yes	B	no	no
ZFP30	no	no	no	B	no	no
ZFP324	no	no	no	B	no	no
ZFP335OS	no	no	no	B	no	no
ZFP35	no	no	no	B	no	no
ZFP36	no	no	yes	B	no	yes
ZFP369	no	no	no	B	no	no
ZFP36L1	no	no	yes	B	no	yes
ZFP36L2	no	no	yes	B	no	yes
ZFP37	no	no	yes	B	no	no
ZFP386	no	no	no	B	no	no
ZFP40	no	no	no	B	no	no
ZFP41	no	no	yes	B	no	no
ZFP418	no	no	no	B	no	no
ZFP42	no	no	no	B	no	no
ZFP422-RS1	no	no	no	B	no	no
ZFP429	no	no	yes	B	no	no
ZFP433	no	no	yes	B	no	no
ZFP442	no	no	no	B	no	no
ZFP455	no	no	yes	B	no	no
ZFP456	no	no	no	B	no	no
ZFP472	no	no	yes	B	no	no
ZFP51	no	no	yes	B	no	no
ZFP52	no	no	no	B	no	no
ZFP53	no	no	yes	B	no	no
ZFP54	no	no	yes	B	no	no
ZFP563	no	no	no	B	no	no
ZFP568	no	no	no	B	no	no
ZFP57	no	no	yes	B	no	no
ZFP58	no	no	no	B	no	no
ZFP59	no	no	yes	B	no	no
ZFP595	no	no	no	B	no	no
ZFP60	no	no	yes	B	no	no
ZFP607	no	no	no	B	no	no
ZFP617	no	no	yes	B	no	no
ZFP62	no	no	yes	B	no	yes
ZFP626	no	no	yes	B	no	no
ZFP64	no	no	yes	B	no	yes
ZFP65	no	no	yes	B	no	no
ZFP651	no	no	no	B	no	no
ZFP658	no	no	no	B	no	no
ZFP677	no	no	no	B	no	no
ZFP68	no	no	yes	B	no	no
ZFP69	no	no	no	B	no	no
ZFP69B	no	no	no	B	no	no
ZFP707	no	no	yes	B	no	no
ZFP708	no	no	no	B	no	no
ZFP709	no	no	no	B	no	no
ZFP710	no	no	no	B	no	no
ZFP715	no	no	yes	B	no	no
ZFP719	no	no	yes	B	no	no
ZFP72	no	no	no	B	no	no
ZFP729A	no	no	yes	B	no	no
ZFP729B	no	no	yes	B	no	no
ZFP738	no	no	no	B	no	no
ZFP747	no	no	yes	B	no	no
ZFP748	no	no	yes	B	no	no
ZFP758	no	no	yes	B	no	no
ZFP759	no	no	no	B	no	no
ZFP760	no	no	no	B	no	no
ZFP763	no	no	yes	B	no	no
ZFP764	no	no	yes	B	no	no
ZFP772	no	no	no	B	no	no
ZFP775	no	no	no	B	no	no
ZFP78	no	no	no	B	no	no
ZFP780B	no	no	yes	B	no	no
ZFP781	no	no	no	B	no	no
ZFP788	no	no	yes	B	no	no
ZFP790	no	no	no	B	no	no
ZFP799	no	no	yes	B	no	no
ZFP808	no	no	yes	B	no	no
ZFP809	no	no	yes	B	no	no
ZFP81	no	no	yes	B	no	no
ZFP810	no	no	no	B	no	no
ZFP820	no	no	no	B	no	no
ZFP825	no	no	yes	B	no	no
ZFP84	no	no	yes	B	no	no
ZFP846	no	no	no	B	no	no
ZFP85	no	no	no	B	no	no
ZFP866	no	no	yes	B	no	no
ZFP868	no	no	yes	B	no	no
ZFP869	no	no	yes	B	no	no
ZFP87	no	no	yes	B	no	no
ZFP870	no	no	no	B	no	no
ZFP871	no	no	yes	B	no	no
ZFP873	no	no	yes	B	no	no
ZFP874A	no	no	no	B	no	no
ZFP874B	no	no	yes	B	no	no
ZFP882	no	no	no	B	no	no
ZFP90	no	no	yes	B	no	no
ZFP91	no	no	yes	B	no	no
ZFP93	no	no	no	B	no	no
ZFP930	no	no	yes	B	no	no
ZFP931	no	no	no	B	no	no
ZFP932	no	no	no	B	no	no
ZFP933	no	no	yes	B	no	no
ZFP934	no	no	no	B	no	no
ZFP935	no	no	no	B	no	no
ZFP937	no	no	no	B	no	no
ZFP938	no	no	no	B	no	no
ZFP939	no	no	no	B	no	no
ZFP941	no	no	no	B	no	no
ZFP942	no	no	no	B	no	no
ZFP943	no	no	yes	B	no	no
ZFP944	no	no	no	B	no	no
ZFP945	no	no	no	B	no	no
ZFP946	no	no	no	B	no	no
ZFP947	no	no	no	B	no	no
ZFP948	no	no	yes	B	no	no
ZFP949	no	no	no	B	no	no
ZFP950	no	no	no	B	no	no
ZFP951	no	no	yes	B	no	no
ZFP952	no	no	yes	B	no	no
ZFP953	no	no	yes	B	no	no
ZFP954	no	no	yes	B	no	no
ZFP955A	no	no	no	B	no	no
ZFP955B	no	no	no	B	no	no
ZFP956	no	no	no	B	no	no
ZFP958	no	no	yes	B	no	no
ZFP959	no	no	no	B	no	no
ZFP960	no	no	no	B	no	no
ZFP963	no	no	yes	B	no	no
ZFP964	no	no	yes	B	no	no
ZFP965	no	no	no	B	no	no
ZFP966	no	no	no	B	no	no
ZFP967	no	no	no	B	no	no
ZFP968	no	no	no	B	no	no
ZFP968-PS	no	no	no	B	no	no
ZFP969	no	no	no	B	no	no
ZFP97	no	no	no	B	no	no
ZFP970	no	no	yes	B	no	no
ZFP971	no	no	yes	B	no	no
ZFP973	no	no	no	B	no	no
ZFP974	no	no	no	B	no	no
ZFP975	no	no	no	B	no	no
ZFP976	no	no	no	B	no	no
ZFP982	no	no	no	B	no	no
ZFP983	no	no	no	B	no	no
ZFP984	no	no	no	B	no	no
ZFP991	no	no	no	B	no	no
ZFP992	no	no	yes	B	no	no
ZFP993	no	no	no	B	no	no
ZFP994	no	no	no	B	no	no
ZFP995	no	no	no	B	no	no
ZFPL1	no	no	yes	B	no	yes
ZFPM1	no	no	yes	B	no	yes
ZFPM2	no	no	no	B	no	no
ZFR	no	no	yes	B	no	yes
ZFR2	no	no	yes	B	no	no
ZFTRAF1	no	no	yes	B	no	no
ZFX	no	no	yes	B	no	yes
ZFYVE1	no	no	yes	B	no	yes
ZFYVE16	no	no	yes	B	no	yes
ZFYVE19	no	no	yes	B	no	yes
ZFYVE20	no	no	no	B	no	no
ZFYVE21	no	no	yes	B	no	yes
ZFYVE26	no	no	yes	B	no	yes
ZFYVE27	no	no	yes	B	no	yes
ZFYVE28	no	no	no	B	no	no
ZFYVE9	no	no	yes	B	no	yes
ZGPAT	no	no	yes	B	no	yes
ZHX1	no	no	yes	B	no	yes
ZHX2	no	no	yes	B	no	yes
ZHX3	no	no	yes	B	no	yes
ZIM1	no	no	yes	B	no	no
ZKSCAN1	yes	yes	yes	A	yes	yes
ZKSCAN2	no	no	no	B	no	no
ZKSCAN3	no	no	yes	B	no	no
ZKSCAN4	no	no	yes	B	no	no
ZKSCAN5	no	no	no	B	no	yes
ZKSCAN7	no	no	yes	B	no	no
ZKSCAN8	no	no	yes	B	no	yes
ZMAT1	no	no	yes	B	no	no
ZMAT2	no	no	yes	B	no	yes
ZMAT3	no	no	yes	B	no	yes
ZMAT4	no	no	no	B	no	no
ZMAT5	no	no	yes	B	no	yes
ZMIZ1	no	no	yes	B	no	yes
ZMIZ2	no	no	yes	B	no	yes
ZMPSTE24	yes	yes	yes	A	yes	yes
ZMYM1	no	no	yes	B	no	yes
ZMYM2	no	no	yes	B	no	yes
ZMYM3	no	no	yes	B	no	yes
ZMYM4	no	no	yes	B	no	yes
ZMYM5	no	no	yes	B	no	yes
ZMYM6	no	no	yes	B	no	yes
ZMYND10	no	no	yes	B	no	yes
ZMYND11	no	no	yes	B	no	yes
ZMYND12	no	no	no	B	no	no
ZMYND15	no	no	no	B	no	yes
ZMYND19	no	no	no	B	no	yes
ZMYND8	no	no	yes	B	no	yes
ZNF10	no	no	no	B	no	no
ZNF106	no	no	yes	B	no	yes
ZNF112	no	no	yes	B	no	yes
ZNF114	no	no	no	B	no	no
ZNF12	no	no	yes	B	no	yes
ZNF121	no	no	no	B	no	no
ZNF131	no	no	yes	B	no	yes
ZNF132	no	no	no	B	no	no
ZNF133	no	no	no	B	no	no
ZNF134	no	no	no	B	no	no
ZNF140	no	no	no	B	no	no
ZNF142	no	no	yes	B	no	yes
ZNF143	no	no	yes	B	no	yes
ZNF146	no	no	yes	B	no	yes
ZNF148	no	no	yes	B	no	yes
ZNF16	no	no	no	B	no	no
ZNF165	no	no	no	B	no	no
ZNF169	no	no	yes	B	no	no
ZNF174	no	no	no	B	no	no
ZNF175	no	no	no	B	no	no
ZNF18	no	no	no	B	no	yes
ZNF180	no	no	yes	B	no	no
ZNF181	no	no	no	B	no	no
ZNF182	no	no	no	B	no	yes
ZNF184	no	no	no	B	no	no
ZNF185	no	yes	yes	B	yes	no
ZNF189	no	no	yes	B	no	yes
ZNF197	no	no	no	B	no	no
ZNF2	no	no	yes	B	no	no
ZNF200	no	no	no	B	no	no
ZNF202	no	no	yes	B	no	no
ZNF205	no	no	no	B	no	yes
ZNF207	yes	no	yes	B	yes	yes
ZNF212	no	no	yes	B	no	yes
ZNF213	no	no	yes	B	no	yes
ZNF214	no	no	no	B	no	no
ZNF217	no	no	yes	B	no	yes
ZNF219	no	no	yes	B	no	yes
ZNF22	no	no	yes	B	no	no
ZNF226	no	no	yes	B	no	no
ZNF227	no	no	no	B	no	no
ZNF23	no	no	no	B	no	no
ZNF235	no	no	no	B	no	no
ZNF236	no	no	yes	B	no	yes
ZNF239	no	no	no	B	no	yes
ZNF24	no	no	yes	B	no	no
ZNF248	no	no	no	B	no	no
ZNF25	no	no	yes	B	no	no
ZNF250	no	no	no	B	no	no
ZNF251	no	no	no	B	no	no
ZNF260	no	no	yes	B	no	yes
ZNF263	no	no	yes	B	no	yes
ZNF266	no	no	yes	B	no	no
ZNF268	no	no	no	B	no	no
ZNF274	no	no	no	B	no	no
ZNF276	no	no	yes	B	no	yes
ZNF277	no	no	yes	B	no	yes
ZNF280B	no	no	yes	B	no	yes
ZNF280C	no	no	yes	B	no	yes
ZNF280D	no	no	yes	B	no	yes
ZNF281	no	no	yes	B	no	yes
ZNF282	no	no	no	B	no	yes
ZNF283	no	no	no	B	no	no
ZNF286A	no	no	no	B	no	no
ZNF287	no	no	no	B	no	no
ZNF292	no	no	yes	B	no	yes
ZNF296	no	no	no	B	no	no
ZNF300	no	no	no	B	no	no
ZNF304	no	no	no	B	no	no
ZNF311	no	no	no	B	no	no
ZNF316	no	no	yes	B	no	yes
ZNF317	no	no	yes	B	no	yes
ZNF318	no	no	yes	B	no	yes
ZNF319	no	no	yes	B	no	yes
ZNF32	no	no	yes	B	no	yes
ZNF322	no	no	no	B	no	yes
ZNF324	no	no	no	B	no	no
ZNF326	no	no	yes	B	no	yes
ZNF329	no	no	yes	B	no	yes
ZNF330	no	no	yes	B	no	yes
ZNF331	no	no	no	B	no	no
ZNF333	no	no	no	B	no	no
ZNF334	no	no	yes	B	no	no
ZNF335	no	no	yes	B	no	yes
ZNF34	no	no	no	B	no	no
ZNF341	no	no	no	B	no	yes
ZNF345	no	no	yes	B	no	no
ZNF346	no	no	yes	B	no	yes
ZNF35	no	no	yes	B	no	yes
ZNF350	no	no	no	B	no	no
ZNF354A	no	no	yes	B	no	no
ZNF354B	no	no	no	B	no	no
ZNF354C	no	no	yes	B	no	no
ZNF358	no	no	yes	B	no	yes
ZNF362	no	no	yes	B	no	yes
ZNF365	no	no	no	B	no	no
ZNF366	no	no	yes	B	no	no
ZNF367	no	no	no	B	no	yes
ZNF382	no	no	no	B	no	no
ZNF383	no	no	yes	B	no	no
ZNF384	no	no	yes	B	no	yes
ZNF385A	no	no	yes	B	no	yes
ZNF385B	no	no	yes	B	no	no
ZNF385D	no	no	no	B	no	no
ZNF391	no	no	no	B	no	no
ZNF394	no	no	yes	B	no	yes
ZNF395	no	no	yes	B	no	yes
ZNF397	no	no	yes	B	no	yes
ZNF398	no	no	yes	B	no	yes
ZNF404	no	no	no	B	no	no
ZNF407	no	no	yes	B	no	no
ZNF408	no	no	no	B	no	yes
ZNF41	no	no	no	B	no	no
ZNF41-PS	no	no	no	B	no	no
ZNF410	no	no	yes	B	no	yes
ZNF414	no	no	yes	B	no	yes
ZNF423	no	no	yes	B	no	no
ZNF425	no	no	no	B	no	no
ZNF426	no	no	no	B	no	no
ZNF428	no	no	yes	B	no	yes
ZNF432	no	no	no	B	no	no
ZNF436	no	no	yes	B	no	yes
ZNF438	no	no	yes	B	no	no
ZNF444	no	no	yes	B	no	yes
ZNF445	no	no	yes	B	no	yes
ZNF446	no	no	yes	B	no	no
ZNF449	no	no	yes	B	no	yes
ZNF45	no	no	no	B	no	yes
ZNF451	no	no	yes	B	no	yes
ZNF454	no	no	no	B	no	no
ZNF461	no	no	no	B	no	no
ZNF462	no	no	yes	B	no	yes
ZNF467	no	no	yes	B	no	yes
ZNF469	no	no	no	B	no	no
ZNF473	no	no	no	B	no	no
ZNF48	no	no	yes	B	no	yes
ZNF483	no	no	no	B	no	no
ZNF484	no	no	no	B	no	no
ZNF485	no	no	no	B	no	no
ZNF496	no	no	yes	B	no	yes
ZNF500	no	no	no	B	no	no
ZNF501	no	no	no	B	no	no
ZNF502	no	no	no	B	no	no
ZNF503	no	no	yes	B	no	yes
ZNF507	no	no	yes	B	no	yes
ZNF511	no	no	yes	B	no	yes
ZNF512	no	no	yes	B	no	yes
ZNF512B	no	no	yes	B	no	yes
ZNF513	no	no	yes	B	no	yes
ZNF514	no	no	no	B	no	no
ZNF516	no	no	yes	B	no	yes
ZNF517	no	no	no	B	no	no
ZNF518A	no	no	yes	B	no	yes
ZNF518B	no	no	yes	B	no	yes
ZNF521	no	no	yes	B	no	no
ZNF524	no	no	yes	B	no	yes
ZNF526	no	no	yes	B	no	yes
ZNF527	no	no	no	B	no	no
ZNF532	no	no	yes	B	no	yes
ZNF544	no	no	no	B	no	no
ZNF550	no	no	no	B	no	no
ZNF551	no	no	no	B	no	no
ZNF555	no	no	no	B	no	no
ZNF565	no	no	no	B	no	no
ZNF566	no	no	no	B	no	no
ZNF567	no	no	no	B	no	no
ZNF569	no	no	yes	B	no	yes
ZNF570	no	no	no	B	no	no
ZNF572	no	no	no	B	no	no
ZNF574	no	no	yes	B	no	yes
ZNF575	no	no	no	B	no	no
ZNF576	no	no	no	B	no	no
ZNF579	no	no	yes	B	no	yes
ZNF580	no	no	yes	B	no	yes
ZNF581	no	no	no	B	no	no
ZNF582	no	no	no	B	no	no
ZNF583	no	no	no	B	no	no
ZNF584	no	no	no	B	no	no
ZNF592	no	no	yes	B	no	yes
ZNF593	no	no	yes	B	no	no
ZNF596	no	no	no	B	no	no
ZNF597	no	no	yes	B	no	yes
ZNF598	no	no	yes	B	no	yes
ZNF599	no	no	no	B	no	no
ZNF605	no	no	no	B	no	yes
ZNF606	no	no	yes	B	no	yes
ZNF608	no	no	yes	B	no	yes
ZNF609	no	no	yes	B	no	yes
ZNF613	no	no	no	B	no	no
ZNF618	no	no	yes	B	no	yes
ZNF619	no	no	no	B	no	no
ZNF620	no	no	no	B	no	no
ZNF621	no	no	no	B	no	no
ZNF622	no	no	yes	B	no	yes
ZNF623	no	no	yes	B	no	yes
ZNF624	no	no	no	B	no	no
ZNF628	no	no	yes	B	no	yes
ZNF629	no	no	yes	B	no	yes
ZNF630	no	no	no	B	no	no
ZNF638	no	no	yes	B	no	no
ZNF639	no	no	yes	B	no	yes
ZNF641	no	no	no	B	no	yes
ZNF644	no	no	yes	B	no	yes
ZNF646	no	no	yes	B	no	yes
ZNF648	no	no	yes	B	no	no
ZNF652	no	no	yes	B	no	yes
ZNF653	no	no	no	B	no	yes
ZNF654	no	no	yes	B	no	yes
ZNF655	no	no	yes	B	no	yes
ZNF658	no	no	no	B	no	no
ZNF662	no	no	no	B	no	no
ZNF664	no	no	yes	B	no	yes
ZNF667	no	no	yes	B	no	no
ZNF668	no	no	yes	B	no	yes
ZNF671	no	no	no	B	no	no
ZNF672	no	no	yes	B	no	yes
ZNF674	no	no	no	B	no	no
ZNF684	no	no	no	B	no	no
ZNF687	no	no	yes	B	no	yes
ZNF688	no	no	yes	B	no	yes
ZNF689	no	no	no	B	no	no
ZNF691	no	no	yes	B	no	yes
ZNF692	no	no	yes	B	no	yes
ZNF697	no	no	yes	B	no	yes
ZNF7	no	no	yes	B	no	yes
ZNF70	no	no	no	B	no	no
ZNF700	no	no	no	B	no	no
ZNF703	no	no	yes	B	no	yes
ZNF704	no	no	yes	B	no	yes
ZNF706	no	no	yes	B	no	yes
ZNF710	no	no	yes	B	no	no
ZNF711	no	no	no	B	no	no
ZNF721	no	no	yes	B	no	no
ZNF74	no	no	no	B	no	no
ZNF740	no	no	yes	B	no	no
ZNF746	no	no	yes	B	no	yes
ZNF750	no	no	yes	B	no	no
ZNF75D	no	no	no	B	no	no
ZNF76	no	no	yes	B	no	yes
ZNF764	no	no	no	B	no	no
ZNF768	no	no	yes	B	no	yes
ZNF770	no	no	no	B	no	yes
ZNF771	no	no	yes	B	no	yes
ZNF772	no	no	no	B	no	no
ZNF774	no	no	no	B	no	no
ZNF775	no	no	no	B	no	yes
ZNF777	no	no	yes	B	no	yes
ZNF783	no	no	no	B	no	no
ZNF784	no	no	yes	B	no	yes
ZNF786	no	no	no	B	no	no
ZNF787	no	no	yes	B	no	yes
ZNF789	no	no	no	B	no	no
ZNF790	no	no	no	B	no	no
ZNF791	no	no	yes	B	no	no
ZNF792	no	no	no	B	no	no
ZNF793	no	no	no	B	no	no
ZNF8	no	no	yes	B	no	no
ZNF800	no	no	yes	B	no	yes
ZNF804B	no	no	no	B	no	no
ZNF81	no	no	no	B	no	no
ZNF821	no	no	yes	B	no	yes
ZNF827	no	no	yes	B	no	yes
ZNF829	no	no	no	B	no	no
ZNF830	no	no	yes	B	no	yes
ZNF831	no	no	no	B	no	no
ZNF835	no	no	no	B	no	no
ZNF839	no	no	yes	B	no	yes
ZNF852	no	no	no	B	no	no
ZNF853	no	no	no	B	no	no
ZNF862	no	no	no	B	no	no
ZNF865	yes	yes	yes	A	yes	yes
ZNF878	no	no	no	B	no	no
ZNF879	no	no	no	B	no	no
ZNF883	no	no	no	B	no	no
ZNF892	no	no	no	B	no	no
ZNFX1	no	no	yes	B	no	yes
ZNHIT1	no	no	yes	B	no	no
ZNHIT2	no	no	yes	B	no	yes
ZNHIT3	no	no	yes	B	no	yes
ZNHIT6	no	no	yes	B	no	yes
ZNRD1	no	no	no	B	no	no
ZNRD2	yes	no	yes	B	yes	no
ZNRF1	no	no	yes	B	no	yes
ZNRF2	yes	no	yes	B	yes	yes
ZNRF3	no	no	no	B	no	yes
ZP1	no	no	no	B	no	no
ZPLD1	no	no	no	B	no	no
ZPR1	no	no	yes	B	no	yes
ZRANB1	no	no	yes	B	no	yes
ZRANB2	no	yes	yes	B	yes	yes
ZRANB3	no	no	yes	B	no	no
ZRSR1	no	no	no	B	no	no
ZRSR2	no	no	yes	B	no	yes
ZSCAN1	no	no	no	B	no	no
ZSCAN12	no	no	no	B	no	yes
ZSCAN16	no	no	no	B	no	no
ZSCAN18	no	no	no	B	no	no
ZSCAN2	no	no	yes	B	no	yes
ZSCAN20	no	no	yes	B	no	no
ZSCAN21	no	no	yes	B	no	no
ZSCAN22	no	no	yes	B	no	yes
ZSCAN23	no	no	no	B	no	no
ZSCAN25	no	no	yes	B	no	yes
ZSCAN26	no	no	yes	B	no	yes
ZSCAN29	no	no	yes	B	no	yes
ZSCAN30	no	no	no	B	no	no
ZSCAN31	no	no	no	B	no	no
ZSCAN9	no	no	no	B	no	no
ZSWIM1	no	no	yes	B	no	yes
ZSWIM3	no	no	yes	B	no	yes
ZSWIM4	no	no	no	B	no	yes
ZSWIM5	no	no	no	B	no	yes
ZSWIM6	no	no	yes	B	no	yes
ZSWIM7	no	no	yes	B	no	yes
ZSWIM8	no	no	yes	B	no	yes
ZSWIM9	no	no	yes	B	no	no
ZUFSP	no	no	no	B	no	no
ZUP1	no	no	yes	B	no	no
ZW10	no	no	yes	B	no	yes
ZWILCH	no	no	yes	B	no	no
ZWINT	no	no	yes	B	no	no
ZXDA	no	no	no	B	no	no
ZXDB	no	no	yes	B	no	no
ZXDC	no	no	yes	B	no	yes
ZYG11B	no	no	yes	B	no	yes
ZYX	yes	yes	yes	A	yes	yes
ZZEF1	no	no	yes	B	no	yes
ZZZ3	no	no	yes	B	no	yes
