	cat_CKD12	cat_CKD34	cat_med_CKD12	cat_med_CKD34	mouse_5D	mouse_2W	mouse_3W	IRI_2h	IRI_4h	IRI_24h	IRI_48h	IRI_72h	IRI_7d	IRI_14d	IRI_28d	IRI_12mo
GO_BP__DNA Damage Response (GO:0006974)	0.11398411775715	-0.0156811360979894	-0.296991713760309	-0.148516255487149	0.206924946070476	-0.434385714651748	-0.100217353570088	0.441301039793963	0.523825019002201	-0.147680996453171	-0.0818121861925912	-0.0782661813516476	-0.205795476151642	-0.0668577886013863	-0.000275813352171872	0.290445493046102
GO_BP__DNA Metabolic Process (GO:0006259)	0.091832652220618	-0.0316601060470147	-0.253190525681769	-0.194720732523214	0.0222468008630085	-0.335627178217584	-0.114192285961287	0.530762515223922	0.409284669657955	-0.301268465024448	-0.203490519174494	-0.121591890519377	-0.136099403166142	0.250021352287519	0.123145643175308	0.264547472887
GO_BP__DNA Repair (GO:0006281)	0.0626132085130705	0.183298067110393	0.246960553891359	0.18212012157498	0.192517649225604	0.199709543472062	0.176374706248973	-0.519841470770047	-0.140589262900875	0.0702746735565448	0.116723691504675	0.112568598738991	-0.0649764159750988	-0.647568763070911	-0.0628962334409706	-0.107288667678749
GO_BP__Golgi Vesicle Transport (GO:0048193)	-0.118311008176831	-0.176200065625646	-0.102093197188905	-0.121657553710265	-0.198425558050667	-0.126501117926576	-0.224141558853554	0.640976439208013	-0.0174626548871988	0.0511670185165585	-0.0969850783798218	-0.117560807083416	0.13841859141715	0.599483790037032	-0.0695143240311779	-0.0611929152646955
GO_BP__RNA Processing (GO:0006396)	-0.0450960434273907	0.10649288767596	0.35653893295858	0.138962321853188	-0.055436141950508	0.283687693232415	0.135842970390166	-0.438111886260095	0.0717918637482547	0.33597618757399	0.104272572071177	-0.0521345205482419	0.130975935824941	-0.451170669075677	-0.304123769970302	-0.318468334096457
GO_BP__RNA Splicing (GO:0008380)	-0.0300617245012286	0.12390052136111	0.390897787045728	0.202654166775618	-0.110807848439002	0.240755413731409	0.107521917195289	-0.381700007902865	0.0882780809157727	0.334321498879994	0.124474966960996	-0.0825739719118906	0.0956748033671345	-0.428566781148555	-0.334086157650054	-0.340682664679456
GO_BP__RNA Splicing, Via Transesterification Reactions With Bulged Adenosine As Nucleophile (GO:0000377)	0.0278733923212299	-0.124464064744891	-0.337957002450794	-0.23836112687264	0.0339345342002313	-0.235036437487054	-0.134230009369513	0.471444523948841	0.0633370934158137	-0.274585219127252	-0.155071295995852	0.0139082952963089	-0.148927573586436	0.489708652515672	0.273638268327029	0.274787969609305
GO_BP__Actin Filament Organization (GO:0007015)	0.222216317735495	-0.00946682785706857	-0.213620475313594	-0.0381057263781448	0.267408108501076	-0.415512470838098	-0.0398398584191462	0.459130721729912	0.391002407908914	-0.280601645455725	-0.223538204488983	-0.155500618396746	-0.184920642557956	-0.116108581505969	0.0336120857723994	0.303845409563635
GO_BP__Aerobic Electron Transport Chain (GO:0019646)	-0.190646060393527	0.0238407520758298	-0.105668653377749	-0.125647843328279	-0.13097221685148	0.580389515595813	0.040099697861956	-0.398678240943072	-0.249148253636568	0.417495861159293	-0.0720095484579524	0.0443493553933798	0.207993154327126	0.127847126201289	0.143540573663279	-0.312785219289338
GO_BP__Aerobic Respiration (GO:0009060)	-0.185622624270754	0.049160817263178	-0.10696314446218	-0.112348164929294	-0.109785175775309	0.574828268891401	0.0269039201572578	-0.42356163585464	-0.254604301251992	0.41467455451678	-0.0818336764655052	0.0530699598144009	0.184504775682255	0.112948086109643	0.167402246507368	-0.308773905932607
GO_BP__Cellular Component Assembly (GO:0022607)	0.207011705890086	0.0122387311338004	-0.112642856170194	0.137569568342706	-0.0769404508471066	-0.495590410962932	-0.198548624095647	0.557481296873053	0.256398875569934	-0.270767829074644	-0.166786536004906	-0.170383009756398	-0.031537563328068	0.246849828085753	-0.120716097355135	0.226363371699696
GO_BP__Cellular Respiration (GO:0045333)	-0.18863833192536	0.0299695549136101	-0.0977138585382445	-0.117085897137735	-0.145617961907041	0.576250221813805	0.0406942451221798	-0.398098211378054	-0.248205872821764	0.416929383133956	-0.0740340812450524	0.0523727731258983	0.214940118862047	0.121487853093743	0.137987905242358	-0.321237840354348
GO_BP__Cellular Response To Cytokine Stimulus (GO:0071345)	0.117497797772129	-0.0950424419890306	-0.211397187136422	-0.0496153239539804	0.316040032331534	-0.479174976377249	-0.125963440984661	0.454151900982426	0.393349067751376	-0.156618180142658	-0.068836847642918	-0.0162368088038736	-0.251479082922962	-0.153765232620684	-0.000414263180843335	0.327504986917817
GO_BP__Cellular Response To Oxygen-Containing Compound (GO:1901701)	0.224250462271644	0.0279667814244726	0.0243349812068129	0.0787725771388341	0.176609143420864	-0.535971187698482	-0.167122897911491	0.476886129642601	0.30875345600247	-0.286726046849077	-0.15292372386247	-0.177772403759826	-0.221196385785993	-0.0435684547600589	-0.0228896261637961	0.290597195683493
GO_BP__Central Nervous System Development (GO:0007417)	-0.349279207887562	-0.182074868266648	-0.134545150565901	-0.27475891875799	-0.103801940011009	0.56280154038307	0.137619006945261	-0.206964654279371	-0.171541223264933	0.365007881601254	0.0298538717830496	0.061242144131513	0.194294141197625	0.271730788489139	0.0779166760547052	-0.277500087552202
GO_BP__Cytoplasmic Translation (GO:0002181)	-0.097899091774531	-0.0359504218854832	-0.0405024093240984	0.382051317772062	-0.220242840373739	0.261916550460167	0.373709855611301	-0.369021699469658	-0.413493549731826	0.092713105277636	0.245866342963744	0.259694832073985	0.146143804793744	-0.147420248473577	-0.252617488020386	-0.184948059899342
GO_BP__Dicarboxylic Acid Metabolic Process (GO:0043648)	-0.207773863705362	-0.0296680035915601	0.0516790977599258	0.00399029121112303	-0.192985386078044	0.578668436493826	0.243094102514529	-0.456020227103468	-0.345263438728399	0.295293737065697	0.0372888679155234	0.0572659271085852	0.219779437871691	-0.0401262570734521	0.0147913833947102	-0.230014105055326
GO_BP__Endocytosis (GO:0006897)	0.159092368748454	-0.11496318232489	-0.101183039122255	-0.043776283210284	0.253359704191077	-0.395320113896469	-0.0879817764710373	0.548787082656886	0.401255635429109	-0.232896337892011	-0.286088490179953	-0.190358378945592	-0.172459652977164	0.050230556937305	-0.0199646895466457	0.23226659660347
GO_BP__Endomembrane System Organization (GO:0010256)	0.181337801801871	0.431695443865013	0.420424867665127	0.403979574430772	-0.0502607901695065	0.163600608506096	0.0663233939858853	-0.410068338606157	-0.260012947291499	-0.0813591544723647	-0.0787653350512602	-0.0539931910391353	-0.0934389228698932	-0.296702026570685	-0.164232766979055	-0.178528217205209
GO_BP__Endoplasmic Reticulum To Golgi Vesicle-Mediated Transport (GO:0006888)	-0.189806195246888	-0.322237418268171	-0.25200159565351	-0.256270075460262	-0.130419953074948	-0.104985828195371	-0.138604425771677	0.533249269634903	0.0130288876703702	0.0995496796639986	-0.030713896124068	-0.0285634721586971	0.180432339782466	0.595126581897617	0.0277402845239168	0.00447581678032077
GO_BP__Endosomal Transport (GO:0016197)	0.00236151725297606	0.122976949058141	0.177551120779501	0.00759405624117439	0.20639380511138	0.403769469128642	0.270330730511595	-0.609415219681652	-0.151108512832674	0.00400500583325552	-0.018942497392876	0.0779530470195783	-0.0443587415435301	-0.508195302961714	0.106789443464305	-0.0477048699881033
GO_BP__Epithelium Development (GO:0060429)	0.300701804030282	0.0963402094562818	0.269958474713469	0.193350437635757	0.0436569028282219	-0.470019144262498	-0.157302783691285	0.39181405858698	0.227599870586202	-0.425547175652405	-0.184822729677633	-0.161947307631615	-0.247488078497891	-0.0317756806930464	-0.0255138925851347	0.180995034854314
GO_BP__Fatty Acid Beta-Oxidation (GO:0006635)	0.236943984117653	-0.0776857976609762	-0.238506085188324	-0.00319099445792009	0.368550037992825	-0.455262615676943	-0.0563364836008079	0.298318864125811	0.286629829506486	-0.328467369713622	-0.000910066086954949	-0.0535676828228552	-0.312088973652241	-0.069215121269359	0.0171496767868513	0.387638797600378
GO_BP__Fatty Acid Catabolic Process (GO:0009062)	0.221474685926028	-0.110187164550814	-0.281171070050741	-0.0317567414616278	0.364640020005063	-0.42027549485874	-0.0244993749645364	0.301461167975574	0.309393825162509	-0.372995071273342	-0.0132696733464486	-0.041719569583838	-0.260735264716725	-0.0643347715981689	0.0403718315244621	0.383602665811346
GO_BP__Fatty Acid Metabolic Process (GO:0006631)	0.29176233753206	0.114179359767095	0.00460860037514864	0.186217760929923	0.1786499164733	-0.549721980135114	-0.224744143231164	0.363642339110738	0.264780917340247	-0.297094416809516	-0.144730057160111	-0.159486558562069	-0.267400285518584	-0.0221545136888173	-0.00951257342835235	0.271003297005216
GO_BP__Gene Expression (GO:0010467)	-0.0976948074538523	-0.0233308854700755	0.00284851074038774	0.35337145432886	-0.212531067057005	0.288738726017603	0.351841682748898	-0.408134660937715	-0.375184399736068	0.133475899113021	0.237523214520375	0.242249009497991	0.162722035608801	-0.187799693828992	-0.257935264720507	-0.210159753371722
GO_BP__Inorganic Cation Transmembrane Transport (GO:0098662)	0.260390353756918	0.183914421444991	0.376860564716845	0.301782708793946	0.0614549239644207	-0.42726800429092	-0.0877756689083651	0.26356463424838	0.121214628464481	-0.444520919313469	-0.189030921433009	-0.206089793746568	-0.271681326021334	-0.0750472594922084	-0.0413252133068876	0.173556871122779
GO_BP__Intracellular Protein Transport (GO:0006886)	-0.00481911637905216	-0.233301963340489	-0.278616716557378	-0.006859331180825	-0.195656522301343	-0.285714947995624	-0.164852782508069	0.589252964446231	0.104478880241728	-0.156412044076349	-0.0608581558068477	-0.108463848869278	0.127155801594069	0.534552975785303	-0.00404521342105135	0.144160020368975
GO_BP__mRNA Processing (GO:0006397)	-0.0352604830330044	0.134096228466974	0.337743845927378	0.23006817731783	-0.0574044692528417	0.228394396952117	0.125670235049074	-0.476526896576422	-0.0655580495683188	0.27995948022243	0.16797339024801	0.0103559069958321	0.15738890395291	-0.4635977132124	-0.272285800816497	-0.301017152673069
GO_BP__mRNA Splicing, Via Spliceosome (GO:0000398)	-0.0265655251029362	0.120867103629343	0.327294413467257	0.220313602497898	-0.014584577874854	0.237995310019072	0.133209381795262	-0.477469511419724	-0.0568918116316155	0.288355229224528	0.14333195398035	-0.00847996883282999	0.149182141336946	-0.506421778623231	-0.254880378355209	-0.275255584110256
GO_BP__Macromolecule Biosynthetic Process (GO:0009059)	-0.101220551443658	-0.049777302654418	-0.046071041338551	0.358873396325069	-0.231114586873337	0.269236588059724	0.36765610244304	-0.37121617990724	-0.41460792595678	0.117456581631477	0.25046272253824	0.263013792854202	0.157845833239621	-0.135931115290086	-0.249332047028199	-0.185274266599102
GO_BP__Membrane Organization (GO:0061024)	0.283869243051093	0.1608455542226	0.148054556382554	0.300524141729476	-0.0670030761153162	-0.454376982043643	-0.183500203665533	0.387213967729625	0.100110275540073	-0.41847538717605	-0.24441351637787	-0.262901507222057	-0.0719115689926231	0.122360974132992	-0.0280537419481121	0.227657270752791
GO_BP__Mitochondrial ATP Synthesis Coupled Electron Transport (GO:0042775)	-0.187429921533253	0.0282773896650216	-0.104886870405184	-0.122738494092793	-0.129812689430626	0.581880966113677	0.0439412092136664	-0.406213464735778	-0.247621940288212	0.411847376896451	-0.0729605840673209	0.0440346911004799	0.206904013943229	0.121718102919149	0.146607503928128	-0.313547289226634
GO_BP__Mitochondrion Organization (GO:0007005)	-0.208217945196762	0.0515256218356409	-0.11402204977689	-0.140833616229395	-0.260056389768166	0.61096460141449	0.175026215478316	-0.377577587147552	-0.272898145918237	0.108910025084982	0.0698118709993104	0.154352038503296	0.251485256640649	0.153421391715551	0.105031463342431	-0.306922750977663
GO_BP__Monocarboxylic Acid Metabolic Process (GO:0032787)	-0.216318821890978	-0.0853298319794627	-0.141258408863752	-0.152470906787848	-0.139614800462437	0.548442646011906	0.265371776696661	-0.426223072439672	-0.288749285865804	0.312474790479298	0.175606317816772	0.162564957427188	0.218598051355121	-0.04263001742499	0.0150669613027975	-0.205530355374799
GO_BP__Negative Regulation Of DNA-templated Transcription (GO:0045892)	0.114091192590962	-0.120394368677539	-0.206463513614309	-0.00185840786070745	0.0428920955576067	-0.516303470496436	-0.218586973930413	0.597167650962266	0.233096116378423	-0.213935570345732	-0.0318538310446961	-0.0641522899619786	-0.10327034506937	0.252934096907777	-0.0385055704771322	0.275143189081281
GO_BP__Negative Regulation Of Apoptotic Process (GO:0043066)	0.244772418866974	0.037763209232593	0.047461674806755	0.107448570651951	0.161912756507291	-0.541627580118288	-0.217807739908664	0.459609874839174	0.324826012914201	-0.222694315286062	-0.148085681867089	-0.194239024537015	-0.24778816057328	-0.0133577838202101	-0.0570558457191268	0.258861614010796
GO_BP__Negative Regulation Of Cell Population Proliferation (GO:0008285)	0.273124164880366	0.157302721288658	0.134052249989895	0.291757519884887	0.10780044612077	-0.520395394135196	-0.185552249273104	0.418875340174976	0.222832280078839	-0.214690437529853	-0.174111970870729	-0.20040326341034	-0.280022533386208	-0.0346857060886186	-0.170280278147717	0.174397110423372
GO_BP__Negative Regulation Of Cellular Biosynthetic Process (GO:0031327)	-0.100716154035401	-0.356507400912856	-0.454513278398911	-0.23371531607249	0.264459282499588	-0.276138971310099	-0.0920306621640696	0.473900817482243	0.325126070027161	-0.0656412153718228	0.0521011062060901	0.048465291974673	0.00508664274654395	0.249099955102883	-0.046354844383308	0.207378676609776
GO_BP__Negative Regulation Of Cellular Process (GO:0048523)	0.26495873482315	0.0851210036777457	0.102241513867053	0.184326812497159	0.160184798416553	-0.531612917241321	-0.13503372588881	0.414088652273595	0.310030061480964	-0.284043265781606	-0.142469117647516	-0.142460855306645	-0.260688545017952	-0.135629995643539	-0.131912268638438	0.242899114129607
GO_BP__Negative Regulation Of Gene Expression (GO:0010629)	0.160277192165776	-0.0870959331297961	-0.225872944812917	-0.000783882616374994	0.0876558248826169	-0.452793893931485	-0.208858661512687	0.529957255285842	0.320723761811757	-0.310196646965315	-0.16004128465723	-0.112004989698451	-0.0689871419325319	0.226383550976417	0.00978983538894328	0.291847958745435
GO_BP__Negative Regulation Of Intracellular Signal Transduction (GO:1902532)	-0.151778888535268	0.150788624744877	0.120363510240174	0.151124461811605	-0.338318652381129	0.415528390425445	0.00247387572285201	-0.329762543269458	-0.506721086652143	0.253109065331151	0.00621154456018531	-0.0345727834478588	0.199395731802534	0.275690214344014	0.0670175503319182	-0.2805490150289
GO_BP__Negative Regulation Of Nucleic Acid-Templated Transcription (GO:1903507)	0.139586563590727	-0.0630455928088739	-0.0586240392759664	0.053476015866943	-0.0026374556051678	-0.472085787266806	-0.170259622956306	0.598672343282746	0.294651260731663	-0.307949211439423	-0.108503828935097	-0.0972511540648629	-0.168831174053861	0.171714719288793	-0.105510674535815	0.296597638181307
GO_BP__Negative Regulation Of Programmed Cell Death (GO:0043069)	0.253266024965301	0.0548015652882651	0.021257362780896	0.131475221878249	0.155731791464541	-0.55714141871088	-0.235593203235296	0.456710023709261	0.313501598887739	-0.208173467738604	-0.121387101303842	-0.179192069193215	-0.241698287921712	-0.0160341898840373	-0.0786180829425656	0.251094231955898
GO_BP__Negative Regulation Of Protein Metabolic Process (GO:0051248)	0.21743879417108	0.140744785841963	0.131365640632397	0.396813725051274	0.0455726362132256	-0.545764326319377	-0.139395744817795	0.28284161627188	0.249267560501762	-0.301663864589019	-0.020778257628802	-0.07288137116153	-0.172482510811434	-0.226300144544994	-0.236182666495976	0.251404127685345
GO_BP__Negative Regulation Of Transcription By RNA Polymerase II (GO:0000122)	0.0369636980947831	-0.182015392763893	-0.3347826119398	-0.109665446886936	0.0248856725823241	-0.389808532953899	-0.224254557717513	0.583783593386395	0.122938177995147	-0.114727606343871	-0.0724442660443807	-0.0824421603097833	0.00897380933274062	0.453250316099318	0.0594217495397801	0.219923557929587
GO_BP__Nervous System Development (GO:0007399)	0.296137232331322	0.127845476154759	0.148221637370802	0.244044876544353	0.124403516046719	-0.581003608452649	-0.179615423049201	0.309084731700238	0.233990214108707	-0.288274167585451	-0.0680704996221392	-0.123571808305626	-0.282258126949655	-0.149595861824407	-0.0729891565433141	0.261650968075542
GO_BP__Organelle Assembly (GO:0070925)	-0.205724719203506	0.00796116466881709	-0.00155384359682326	-0.228950781628037	-0.182422544771714	0.432291970341057	0.0894181985362025	-0.455222308843619	-0.41291316115807	0.316117165798535	0.280568290501073	0.199291867698633	0.149954358310845	0.0442284697924548	0.150756459260668	-0.183800585706518
GO_BP__Organelle Organization (GO:0006996)	0.233227559688512	0.0392874344242362	0.0574801910997062	0.174358592862685	0.121421849500042	-0.54895102276422	-0.22249434581745	0.485045963945976	0.296055779267158	-0.168056820759597	-0.178955642954137	-0.219819247178233	-0.236473264894246	0.0194313217356149	-0.0773382604793656	0.225779912323318
GO_BP__Oxidative Phosphorylation (GO:0006119)	-0.191064879005	0.0407684499058421	-0.113072846469935	-0.125059655956078	-0.114855949156889	0.575889291392836	0.0312419761048762	-0.403487787408846	-0.254562216073041	0.41874063595631	-0.0742749477006856	0.0515795661907285	0.186861744679794	0.131553872862333	0.155880005762186	-0.316137261084432
GO_BP__Peptide Biosynthetic Process (GO:0043043)	-0.102853493467435	-0.0478508007780797	-0.0435384402392345	0.35998921193074	-0.224878860507934	0.277317173950724	0.376327937911072	-0.374438101447981	-0.409651344752081	0.10607349845296	0.244085829054211	0.262125269861816	0.152404859079229	-0.14422927192542	-0.248066419570449	-0.182817047552137
GO_BP__Phosphate-Containing Compound Metabolic Process (GO:0006796)	-0.232688762547696	-0.118563870652858	-0.187529525689738	-0.29340474342027	-0.0148590367415713	0.482553003532448	0.159575805806297	-0.405811241217738	-0.150146801970717	0.449346518180662	0.170003658279237	0.222285278187703	0.205708518643883	-0.0594840731979447	-0.0330692284357247	-0.193915498755971
GO_BP__Phosphorylation (GO:0016310)	0.188771336848837	-0.0775504538947381	-0.0622673531948126	0.167149154841343	0.0198590555970153	-0.49438661710587	-0.241370768509429	0.538659592105076	0.295721808395074	-0.30739902703215	-0.160393426376506	-0.159655438236605	-0.097900078762236	0.176463272777795	-0.0278719020587632	0.242170844605971
GO_BP__Plasma Membrane Bounded Cell Projection Assembly (GO:0120031)	-0.24454805698388	0.0305424852890411	0.0965855048144706	-0.184920642924002	-0.270059112128802	0.514197690661152	0.0436847449405084	-0.411545035743399	-0.263822704986384	0.356651125276414	0.216311687881374	0.140358362853048	0.0683783138427223	0.12908556538082	0.0871600188295971	-0.308059947002681
GO_BP__Positive Regulation Of DNA-binding Transcription Factor Activity (GO:0051091)	-0.0671126841133309	0.269537954464988	0.221147471136991	0.124507304953114	-0.14184721675555	0.39296944532062	0.170225930773181	-0.559746057006725	-0.426376480478795	0.210521328895884	0.0670900334609884	0.0697878490039971	0.096682601146545	-0.150168763182563	-0.00484103095434159	-0.272377686665003
GO_BP__Positive Regulation Of DNA-templated Transcription (GO:0045893)	-0.231257140261185	-0.0450010786252041	0.0097101285551607	-0.150725012400824	-0.0329801597540966	0.475196583670989	0.197490913817019	-0.515139507205426	-0.20489531654744	0.333747117112396	0.243846930474434	0.182348028419601	0.190349170443651	-0.130880893721402	-0.0209278659700036	-0.300881898007668
GO_BP__Positive Regulation Of MAPK Cascade (GO:0043410)	0.0871865305661131	-0.236680601580604	-0.293520985202721	-0.0269198193754866	0.285879318196892	-0.455370921196164	-0.113534264558289	0.467699213274525	0.436591389792582	-0.105177689281028	-0.0857946830070212	-0.0167108817168881	-0.112157169864416	-0.0966672346171255	-0.0440201689030303	0.309197967472661
GO_BP__Positive Regulation Of Apoptotic Process (GO:0043065)	-0.216286240246313	-0.00161092554840838	0.0427206528247413	0.0421679173108102	-0.284041064486109	0.420299367914569	0.118594196328846	-0.291320457681676	-0.5102289113159	0.248625220511735	0.142485037684781	0.162372304671291	0.228267531170061	0.260537000530934	-0.0419740977904559	-0.320607531878907
GO_BP__Positive Regulation Of Cell Differentiation (GO:0045597)	-0.275030080123057	-0.0181860468153707	0.0528269380311935	-0.0978729083776581	-0.269058508002437	0.471062981795943	0.107473374440828	-0.394705003525604	-0.361906497187269	0.238439283458982	0.164429104117359	0.158342081648298	0.262959465341487	0.207819080534649	0.0602016397723702	-0.306794905109714
GO_BP__Positive Regulation Of Cell Migration (GO:0030335)	0.305885324834997	0.0917244503924272	-0.0193703978383689	0.226314916484841	0.0869492537270735	-0.534971407225128	-0.208451407110155	0.420472917929959	0.228893640603865	-0.322104813822276	-0.180785118134121	-0.216674642606819	-0.118249532500524	-0.00327703468490107	-0.0409252304815297	0.28456908043066
GO_BP__Positive Regulation Of Cell Motility (GO:2000147)	0.32196970589041	0.133222381361979	-0.0233296596785892	0.29470437450043	0.0387440352476656	-0.517667104185804	-0.214661022320029	0.372295753206281	0.184221514421583	-0.376101472278506	-0.175327292269918	-0.205232451861555	-0.0691296308729391	0.0217577381183707	-0.0666789881638841	0.281212118884506
GO_BP__Positive Regulation Of Cell Population Proliferation (GO:0008284)	0.312085103641058	0.135013473495291	0.0269749254372697	0.130511280632426	0.189233735651193	-0.500631009851338	-0.20192890279147	0.392213619123933	0.299084120722597	-0.261549692962965	-0.191447168142127	-0.187485066896445	-0.257538033293555	-0.11429497248171	-0.0434240292991727	0.273182617015014
GO_BP__Positive Regulation Of Cellular Biosynthetic Process (GO:0031328)	-0.0939234614931752	0.0812243258907093	0.106890491602792	0.164026769027479	-0.0864658287738036	0.419426146639425	0.264212364848474	-0.572656356415588	-0.42303478214308	0.129350396655639	0.168039780234416	0.158258603049574	0.147681722864515	-0.243322532360615	-0.0357324628247287	-0.183975176802033
GO_BP__Positive Regulation Of Cellular Process (GO:0048522)	0.236219978803462	0.00805163927178313	-0.0687351511371508	0.0604212969775477	0.174801728886025	-0.485217634240854	-0.203519208058723	0.487343465301455	0.385648122285136	-0.23397897768155	-0.178177607598616	-0.189792520370385	-0.200030254986453	-0.0297701088727485	-0.0408260969806683	0.27756132840174
GO_BP__Positive Regulation Of Cytokine Production (GO:0001819)	0.140975033356385	-0.126740204717511	-0.208148836260884	0.0614439332199532	0.271300279160975	-0.489463420519388	-0.160018817516667	0.508446954271264	0.409007682406106	-0.161732408282638	-0.0900124914510018	-0.0762295905829572	-0.184373900818462	-0.0700917903874343	-0.0824315085666186	0.25806908668888
GO_BP__Positive Regulation Of Developmental Process (GO:0051094)	-0.206466404401784	0.0274390335671273	0.167159667463094	-0.0705525674544836	-0.0490444820199082	0.600512642470925	0.195838274545236	-0.484977469389774	-0.342646353094698	0.293960073151687	0.0352524454916705	0.0340748506573021	0.0898751901568088	-0.0504013022199892	0.0239947110940128	-0.264018310017227
GO_BP__Positive Regulation Of Gene Expression (GO:0010628)	0.233558659028461	0.0767530661877378	0.00607754907581134	0.115884288626545	0.0605776630531235	-0.485477433020386	-0.265786938582236	0.471043492231692	0.355659391480682	-0.301620274285114	-0.190884304633859	-0.198763610924717	-0.196234730712625	0.0655666560414795	0.0131944032321698	0.240452123201236
GO_BP__Positive Regulation Of Intracellular Protein Transport (GO:0090316)	0.294903108931357	0.0753071839405242	-0.0750723422235828	-0.0136873620212097	0.219959077997566	-0.451167602423742	-0.0288641538443634	0.243431177511778	0.282359858091445	-0.445187407303667	-0.223900347642088	-0.117299348048458	-0.21322363011877	-0.131621386743961	0.207329510054291	0.37673366384288
GO_BP__Positive Regulation Of Intracellular Signal Transduction (GO:1902533)	-0.0908414080683886	0.18972485067646	0.171970592385962	0.0215730329184283	-0.243192654692596	0.460168091663147	0.132927024899469	-0.491157807840608	-0.477036261640389	0.19961411743192	0.148511142578577	0.123020930047681	0.108248339752756	0.0262420420515805	0.00112545662450924	-0.280897488788506
GO_BP__Positive Regulation Of Macromolecule Metabolic Process (GO:0010604)	0.258460784912794	0.151704311085899	0.0741893776054643	0.26873843482349	0.0427474518941596	-0.471370532699361	-0.24427154626711	0.416160804107637	0.275278879239381	-0.318654520505976	-0.2238467083318	-0.232599827407862	-0.203498855386299	0.00759302868008678	-0.0282039165823461	0.227572834831841
GO_BP__Positive Regulation Of Multicellular Organismal Process (GO:0051240)	0.233914288584837	-0.0473114614557613	-0.0571641034119715	0.0896354903049448	0.116828523673184	-0.50619037749692	-0.188434259257846	0.488126366187455	0.367057476378855	-0.318867985848679	-0.130889194837968	-0.114676067876226	-0.201517890971873	0.00820653536705607	-0.0219846283183245	0.283267288979237
GO_BP__Positive Regulation Of Nucleic Acid-Templated Transcription (GO:1903508)	0.232522156521125	0.0246935370763566	-0.110305278430621	-0.00638261491187057	0.066529012401722	-0.478962835717354	-0.137819698297712	0.547607255090939	0.341270386878903	-0.256913896357079	-0.122572445568786	-0.104626596239039	-0.277383507396698	-0.0269919802243407	0.00225347126670821	0.307083033907746
GO_BP__Positive Regulation Of Programmed Cell Death (GO:0043068)	-0.195924054136253	0.0472481375062288	0.0691777954138614	0.051815262845126	-0.308990439305385	0.416884906844702	0.102812222061294	-0.286016162983014	-0.506925099683458	0.226690738584351	0.132895292985036	0.134329023136916	0.227031316162512	0.280542836422617	-0.055628205961114	-0.335943569893421
GO_BP__Positive Regulation Of Protein Metabolic Process (GO:0051247)	-0.127593664097843	-0.0121162815745838	-0.0281609730376538	-0.150100477210224	0.0774889557798629	0.425289166224367	0.274713293412155	-0.574558938261587	-0.167641607356473	0.290461140336877	0.150187414187846	0.155981446231564	0.111751643127561	-0.423142505395015	0.090617217903006	-0.0931758302698596
GO_BP__Positive Regulation Of Protein Modification Process (GO:0031401)	0.000232265981536166	0.233798298321364	0.443418819135301	0.287420108579729	-0.26753245427849	0.152875041311911	0.0631202580438598	-0.31352311642981	-0.518628120142163	0.178416290092667	0.199243488444048	0.0897557396934212	-0.0175044318204151	-0.0610153500604786	-0.181161357040981	-0.288915479831502
GO_BP__Positive Regulation Of Protein Phosphorylation (GO:0001934)	-0.109280544160615	-0.451733607700064	-0.525928928015722	-0.347717666807667	0.193401008200195	-0.141578512343644	-0.0514143392750887	0.328749256008379	0.329898477470361	0.0411568527764192	0.0398130256062797	0.101766748146464	0.153314295844206	0.115964752766422	0.104605220734317	0.218983960749759
GO_BP__Positive Regulation Of Transcription By RNA Polymerase II (GO:0045944)	-0.191782136403141	0.00416131037987488	0.0205562292745866	-0.207632770880561	0.0433881421151913	0.461599489668654	0.235285996016989	-0.532517092450674	-0.117569140961966	0.321191852254602	0.234348692323824	0.194743959622638	0.0857521357181411	-0.264578417838718	-0.00668642185164381	-0.280261826987796
GO_BP__Positive Regulation Of Translation (GO:0045727)	-0.0494003896335086	0.0434228524433894	0.0962480967902387	0.0970759939988623	0.0702106929820579	0.327501666302432	0.252883014930201	-0.580467256170638	-0.163267315064984	0.216525607374362	0.168357962676134	0.158189999694627	0.0980055427596004	-0.551445122965474	-0.0353344099975083	-0.148506936119791
GO_BP__Proteasomal Protein Catabolic Process (GO:0010498)	-0.0901091063330701	-0.159844877094254	-0.323748889046583	-0.502797996536214	-0.119478384115524	-0.0565522782887004	-0.180173264212268	0.329974575465551	0.0578461825348499	-0.168022185048167	0.02719761862182	0.17378194403603	0.188174165018864	0.503066453182968	0.314403519189508	0.00628252262518993
GO_BP__Proteasome-Mediated Ubiquitin-Dependent Protein Catabolic Process (GO:0043161)	-0.0880724129742968	-0.1680554563044	-0.308855729278561	-0.466725743399264	-0.137956372047326	-0.084064027809897	-0.178691220972405	0.319055326850625	0.0053541339864219	-0.170312022062476	0.0509831098522103	0.164078151422883	0.184274559714573	0.53978924973861	0.326979570862899	0.0122188824204039
GO_BP__Protein Homooligomerization (GO:0051260)	-0.190924168182838	-0.0309044572940696	0.125253870134512	-0.0278282749549198	-0.165124528720707	0.518384900869173	0.207092632140422	-0.463607801793093	-0.391376407043786	0.342099965375829	0.0979670908699971	0.0920704557693119	0.170712343669959	-0.0222870177264507	0.0110118344189901	-0.27254043753233
GO_BP__Protein Localization (GO:0008104)	0.0987526287818934	0.318071967076743	0.484595284582495	0.180243469710251	0.130714397351667	0.212879031826385	0.116137608545559	-0.498334495332473	-0.122943262303903	6.45098976460761e-05	-0.0763275280348658	-0.0109088260419519	-0.173216025696312	-0.467043713268769	-0.0264441496220648	-0.166240897472301
GO_BP__Protein Localization To Cell Periphery (GO:1990778)	0.235059670217284	0.0702641512225307	-0.0636528364973188	0.30897664106942	0.0603663346663698	-0.524542004842329	-0.190489033299453	0.395972142275935	0.134250443760088	-0.397635904207809	-0.203327644175419	-0.208456423256509	-0.0340210989580988	0.166761422037071	-0.0283110885674133	0.278785228555653
GO_BP__Protein Localization To Membrane (GO:0072657)	0.244503348894994	0.0707734864925424	-0.0523578407163638	0.314052044370481	0.0212671277037607	-0.511794050798798	-0.202289885934756	0.401547937062274	0.11987013126076	-0.388812584111374	-0.202437970771668	-0.224107956181341	-0.0283314127184972	0.169094079760028	-0.0187199442991253	0.287743489987083
GO_BP__Protein Localization To Organelle (GO:0033365)	-0.163760354455402	-0.0646928279334906	-0.262845555931721	-0.0710175365102583	-0.308991172901553	0.14207109961812	-0.0695517410151175	0.238198025485032	-0.23498779280507	0.13726379296724	0.0931467802098079	0.00999513549617713	0.106903114496021	0.757502279568254	-0.125093712655534	-0.184139533632507
GO_BP__Protein Modification By Small Protein Conjugation (GO:0032446)	-0.103255449229108	-0.22700121616169	-0.312432453803572	-0.139670556791521	-0.167489643534902	-0.130177873117243	-0.169390246069575	0.40290807000544	-0.115916065935974	-0.124685187010592	0.0743231867483194	0.0619826160946102	0.193772265535947	0.712468316056556	0.0312079485047765	0.0133562887085262
GO_BP__Protein Modification Process (GO:0036211)	0.233692177450209	0.113939981520792	0.146424482166809	0.412991698950537	-0.143537829723663	-0.426096405889895	-0.277303490857196	0.445240321478903	-0.040913728074471	-0.26229362232839	-0.183111895991811	-0.223957805158799	-0.0194110435155089	0.286707527069297	-0.141693057486541	0.079322690389727
GO_BP__Protein Phosphorylation (GO:0006468)	0.286107812470149	0.0889148981109925	0.112799391025943	0.342364241564323	0.0467749985217196	-0.487304297823952	-0.238276668338752	0.378537653470184	0.239477845659837	-0.349548106250297	-0.208784923360574	-0.192251493584209	-0.157363542729255	0.0223381285974703	-0.0975836077281141	0.213797670394535
GO_BP__Protein Stabilization (GO:0050821)	0.102231163366591	-0.116648529479853	-0.151443055478797	-0.139897602679904	0.0464508103467514	-0.360040785517221	-0.215812276141757	0.566488898682397	0.297465178815921	-0.318240785179826	-0.159451619244834	-0.132415133474613	-0.117084390223523	0.297831025347339	0.103320866926886	0.297246233934442
GO_BP__Protein Transport (GO:0015031)	0.15972928765627	0.34219194176286	0.516290556237151	0.284638881073733	0.12848567282548	0.0696174412706103	0.0392873498686246	-0.431453874824909	-0.116553438411606	-0.0582503132309067	-0.0517060738487874	-0.0136874382257386	-0.209771709988162	-0.467103147277128	-0.0824529721109169	-0.109262162776573
GO_BP__Protein Ubiquitination (GO:0016567)	-0.0878907653419267	-0.262436740044418	-0.225933743348835	-0.0161407263820693	-0.203501782293329	-0.187633895971589	-0.184767134666251	0.437740052754467	-0.148526450239793	-0.143147134948311	0.087670081837267	0.051761354294441	0.172846494843389	0.696581053536279	-0.0217165048038032	0.0350958407744809
GO_BP__protein-RNA Complex Assembly (GO:0022618)	-0.0912302952699721	-0.0295271871640211	0.0765110044188333	0.430871970274349	-0.166331385402573	0.294855865347331	0.304403474727763	-0.355439367931394	-0.388473695559426	0.153637260752063	0.130013571388715	0.201594004448202	0.185028353955958	-0.156499668453289	-0.319242168859496	-0.270171736673042
GO_BP__Protein-Containing Complex Assembly (GO:0065003)	-0.254596116129796	-0.0701005141602577	0.0479962547490231	-0.137257306954606	0.00233973745865931	0.484166416179076	0.208618648572318	-0.506118210841773	-0.18707299462692	0.334548660941794	0.214209131045304	0.235877520385131	0.0986553390988971	-0.186615315821877	0.00173922609291695	-0.28639047598789
GO_BP__Proteolysis (GO:0006508)	0.281742930350826	0.19959492924087	0.102900324788304	0.266332629295306	0.121973663458197	-0.506313494602609	-0.269521837093487	0.35586793698398	0.273032975367034	-0.248690717538988	-0.221958508869653	-0.238915055902659	-0.238887116204029	0.00168424713900627	-0.0433368674805728	0.164493961068473
GO_BP__Proton Motive Force-Driven ATP Synthesis (GO:0015986)	-0.188232530821721	0.0400741863684309	-0.126831430187553	-0.140883607329581	-0.1063970743969	0.568472636420314	0.0201670366350998	-0.402604952715521	-0.2351830230534	0.431800016491462	-0.0839816214097977	0.0521769408202087	0.189824427673967	0.134123327033216	0.16128505880433	-0.313809390332554
GO_BP__Proton Motive Force-Driven Mitochondrial ATP Synthesis (GO:0042776)	-0.188232530821721	0.0400741863684309	-0.126831430187553	-0.140883607329581	-0.1063970743969	0.568472636420314	0.0201670366350998	-0.402604952715521	-0.2351830230534	0.431800016491462	-0.0839816214097977	0.0521769408202087	0.189824427673967	0.134123327033216	0.16128505880433	-0.313809390332554
GO_BP__Receptor-Mediated Endocytosis (GO:0006898)	-0.253003352448571	-0.109337342973671	0.0697948985046662	-0.0982895592454308	-0.156426061586942	0.542421819441389	0.209932963840417	-0.46728510622321	-0.246736439882385	0.266864280432062	0.248188398780611	0.173865009941275	0.177988352832012	-0.106818812225981	-0.00344796290261237	-0.24771108628363
GO_BP__Regulation Of DNA-templated Transcription (GO:0006355)	0.188076347979963	0.0133245163713971	-0.039148324811405	0.106333643029394	0.0285270196266349	-0.465848884105424	-0.173543294653102	0.566634594194983	0.279071045971668	-0.349001726158191	-0.168945187807978	-0.141962045473397	-0.195848377135278	0.125959062699259	-0.0516875095930284	0.278059119864504
GO_BP__Regulation Of GTPase Activity (GO:0043087)	0.166624460732924	-0.029189437932519	-0.0247374814805238	0.263664802044808	-0.112224082807176	-0.498983114131006	-0.20339047918766	0.486433139995774	0.170696290525243	-0.323124977517948	-0.143913120060741	-0.207516201468064	-0.0219812064261482	0.30400584776356	-0.0810982673062113	0.25473382725569
GO_BP__Regulation Of I-kappaB kinase/NF-kappaB Signaling (GO:0043122)	-0.118875629285828	-0.0502464643731509	0.107226332731257	-0.0168024754650329	-0.320306651096508	0.361219214856982	0.0725685035258819	-0.358494709873206	-0.539187067318792	0.31582618808164	0.183635541295447	0.0555974327960131	0.254939459712398	0.251092887838834	0.0228460767904848	-0.221038640216421
GO_BP__Regulation Of Angiogenesis (GO:0045765)	0.350397246891687	0.279683790300118	0.293297247405554	0.294557989552595	0.0894151478117984	-0.356487178603524	-0.144954349910778	0.238444161440298	0.0490489249343045	-0.308640946007442	-0.324372589790817	-0.28312917594383	-0.307755309228912	-0.0465374376176276	-0.00548230534928836	0.182514784115865
GO_BP__Regulation Of Apoptotic Process (GO:0042981)	0.257275295716421	0.0528938094063613	0.00424955753105609	0.0731167082715504	0.189129233385682	-0.520521771958551	-0.195773539388697	0.420741084055869	0.371640380310804	-0.248596962580249	-0.14345741518207	-0.178704643160724	-0.255061181857991	-0.0814744416364169	-0.0261253297937433	0.280669216880698
GO_BP__Regulation Of Autophagy (GO:0010506)	0.0914249528606182	0.238808033681742	0.569115753601556	0.348480736875954	0.13583907655011	0.0259089694090831	0.0859229631151423	-0.392357001310349	-0.144862626110546	-0.122137431693039	-0.0652158442910761	-0.012680897249215	-0.194189271541376	-0.476083062788637	-0.0558064678859329	-0.0321678832240353
GO_BP__Regulation Of Cell Migration (GO:0030334)	0.274020988614726	0.00686329209010256	-0.0459264738461759	0.141673661173959	0.205032274011327	-0.538628356315397	-0.14198797716295	0.397263460281494	0.294903280201146	-0.339577515569314	-0.160237430956242	-0.146076441127023	-0.128886173219786	-0.114508133347293	-0.0386444496360674	0.334715994807493
GO_BP__Regulation Of Cell Population Proliferation (GO:0042127)	-0.286906635773176	-0.058667249868114	0.03092688294743	-0.0944821979170726	-0.20479206855492	0.496418703347288	0.189050142784015	-0.439340375476532	-0.345251116076338	0.224261222623593	0.207912069991661	0.190655665283956	0.237219153430742	0.0828815765486432	0.0409315474344203	-0.270817320725595
GO_BP__Regulation Of Cytoskeleton Organization (GO:0051493)	0.257734949578777	0.0348483510298593	-0.0549674825020738	0.193880341469524	0.137841237270881	-0.497285765892384	-0.13441568012255	0.419600850083826	0.319731657993816	-0.335163099016187	-0.227832135809996	-0.218794716325179	-0.151115833606336	-0.0175561210186005	-0.0312364569648056	0.304729903831427
GO_BP__Regulation Of Gene Expression (GO:0010468)	-0.251766940478324	-0.0860988607575766	-0.00833988965017737	-0.165123538783543	-0.0851011697667116	0.486796877686558	0.174411067597715	-0.437000844228386	-0.278780851498785	0.369643623457719	0.207242246921442	0.188955089639241	0.228212334094095	-0.0227814490268264	-0.0198331331059413	-0.300434562100498
GO_BP__Regulation Of Macroautophagy (GO:0016241)	0.189947185023927	-0.00129115913749546	-0.132199788827696	0.00809947863607744	0.239003770036581	-0.529833316812043	-0.167959847973508	0.467121775409594	0.41517934553437	-0.230751794361503	-0.0950456317116837	-0.158797001481786	-0.180844450971948	-0.0711415529248613	-0.00536020256846356	0.253873192130438
GO_BP__Regulation Of Nucleic Acid-Templated Transcription (GO:1903506)	0.0856511194692592	-0.0602690773750779	-0.446794518004728	-0.385823264359559	0.279073180200439	-0.200813285554173	0.0748727110513758	0.0246967003995883	0.370089599937388	-0.173156987399854	0.158786067072384	0.168660182637493	-0.216650713016284	-0.26210532808188	0.223060085898614	0.360723527125014
GO_BP__Regulation Of Organelle Organization (GO:0033043)	0.0395966601783029	-0.249076952297817	-0.363464281313179	-0.226965614021334	0.163983373732531	-0.285725138492208	-0.0464573319062125	0.486441225400068	0.401354398272936	-0.289513696690692	-0.164091298701938	-0.0165577841872011	-0.04354387144758	0.155475154200388	0.144683090085955	0.293862067187981
GO_BP__Regulation Of Programmed Cell Death (GO:0043067)	-0.168760920747943	-0.00277762745911339	0.150970726373493	0.0974415690911852	-0.17756931632326	0.442093199277568	0.14220125234456	-0.418480534303631	-0.496400166762294	0.262486267428925	0.110453774270749	0.111965052021176	0.252584946598343	0.102661877529439	-0.107156497534575	-0.301713601804622
GO_BP__Regulation Of Protein Catabolic Process (GO:0042176)	0.137357326712	0.16425280905287	0.263788536905245	0.541371575565638	-0.139102802776579	-0.393527582375276	-0.202210219571895	0.330619938701939	-0.0410477804907026	-0.376693684630403	-0.189651509679075	-0.154952534474309	-0.0583289639052093	0.189737230871367	-0.139600813545699	0.0679884736400896
GO_BP__Regulation Of Protein Phosphorylation (GO:0001932)	-0.24200823340456	-0.000248459964625493	0.00230173401158676	-0.239638098522582	-0.180285480913913	0.466413005644185	0.0863724768386051	-0.333481363398701	-0.358418985676207	0.349296882063141	0.227431233053617	0.191637189528836	0.233592114777194	0.119533902497872	0.00534624533900293	-0.327844161873451
GO_BP__Regulation Of Translation (GO:0006417)	-0.0234254247257209	-0.13499294049785	-0.160177040674649	-0.103910512770459	-0.139866700177484	-0.225201389398899	-0.186084750337552	0.579264870386652	0.0902181515460929	-0.185481380728404	-0.129285518743296	-0.127292151168796	0.0205873300401374	0.649863690962593	-0.00236636640445462	0.0781501326920901
GO_BP__Supramolecular Fiber Organization (GO:0097435)	0.258606673766895	0.0121321190752171	-0.0578521057837771	0.0328200986259926	0.290658088926921	-0.395114241875439	0.00903402170316952	0.413748583552333	0.395672548069897	-0.247638107359996	-0.302252786511429	-0.186155171655704	-0.256336774144428	-0.205778495384753	-0.0155103686829639	0.253965917678067
GO_BP__Translation (GO:0006412)	-0.11029709383369	-0.0561988395541666	-0.0474259823446528	0.329712120231855	-0.213177885935884	0.291036624612581	0.370907341228932	-0.386617273065324	-0.409895401999364	0.128758130599599	0.25426745174174	0.263512175999936	0.157616473643269	-0.148736617163549	-0.236387224208436	-0.187073999952847
GO_BP__Ubiquitin-Dependent Protein Catabolic Process (GO:0006511)	-0.0860158696235639	-0.182078164714568	-0.314347847488386	-0.466380100761338	-0.1255439003195	-0.059967358175783	-0.186222311654439	0.355557338720578	0.041309615402395	-0.169951510177868	0.0131481617066	0.139310310128276	0.190009364800533	0.542420931005298	0.285731602747877	0.0230197384038884
GO_BP__Vesicle-Mediated Transport (GO:0016192)	-0.311596793057388	-0.30584674477496	-0.37274609583443	-0.391927254796844	-0.0752427910184363	0.343755368415301	0.0895623718360841	-0.094148503396717	-0.15401084710404	0.3338268293405	0.206361053234365	0.201359882845137	0.233958465567876	0.25924315012691	0.151331978391747	-0.113880069775104
KEGG__Alzheimer disease	0.203689014632175	0.0100218748499972	0.0973049952082999	0.194208740746807	0.0863219574840869	-0.580373165585065	-0.0977499485220204	0.429775829426782	0.264514009851322	-0.372776036519942	0.0244241239578079	-0.0649186322170948	-0.199880711461481	-0.102406207694663	-0.172664693517603	0.28050884936059
KEGG__Amyotrophic lateral sclerosis	0.174356462338691	-0.0500093825330431	0.0405980763300459	0.0915674212962336	0.0821646151865602	-0.569700177417692	-0.0952592472690908	0.490133153155325	0.271106803416458	-0.412763099490009	-0.014709217290877	-0.0598064367742597	-0.169945729614087	0.00426895420912638	-0.0860974824560415	0.304095286912659
KEGG__Bacterial invasion of epithelial cells	0.216206096788497	-0.0857259763265785	-0.209782932861964	-0.17229826222509	0.178982570428043	-0.566743432618801	-0.157307209432091	0.439159120665211	0.283982867802787	-0.190545360835893	-0.125112158202519	-0.106633121784507	-0.0663236529644031	0.0937970017509273	0.102787683538266	0.365556766278117
KEGG__Chemical carcinogenesis	-0.139928715624808	0.0646508134249039	0.221029337359455	0.0510541169864647	-0.369481665698977	0.364868039849255	0.0315902613640943	-0.298928158421219	-0.52422883866653	0.157240008660838	0.0985350805718256	0.0373374568464362	0.218386963892542	0.350212820949218	0.0259656447530014	-0.2883031662465
KEGG__Coronavirus disease	0.102303980218708	0.030704710973877	0.0429986447124228	-0.35141714523975	0.225560403755929	-0.278393643540056	-0.358565686001994	0.382957221477788	0.433094707491012	-0.108049599237956	-0.246415809087901	-0.257719559302305	-0.164046021324364	0.124463033080929	0.239462797927944	0.183061964095717
KEGG__Diabetic cardiomyopathy	0.200926175881722	0.00479380035676306	0.114699432933914	0.140666467824595	0.120755119953414	-0.568258857924654	-0.0656124119892092	0.415580678432989	0.273045929027887	-0.395992256494208	0.0329057176434972	-0.0770360359989885	-0.231552604647535	-0.116312184967969	-0.14243795334781	0.293828983315594
KEGG__Endocytosis	-0.0442731595801887	0.172971261481837	0.277751613808964	0.180682286631855	0.0475993710842939	0.386909546412884	0.202061446758814	-0.590422450695065	-0.239146957008443	0.0916234019831409	0.0968864003434458	0.110683129085914	-0.03075989156673	-0.445099560736172	-0.0495423143671519	-0.167924123637398
KEGG__Epstein-Barr virus infection	0.0774634369640528	0.239052940094534	0.364215667726879	0.442632838071635	0.130249567734545	0.142187853490433	0.115258113714542	-0.413493601038003	-0.0186369965300307	0.148146929844095	-0.0707263368572736	-0.121880609593227	-0.156677671660038	-0.45727438169148	-0.316596095995866	-0.103921654274798
KEGG__Focal adhesion	0.290633808279943	-0.0443866721834904	0.00206967237134738	0.186592389771317	0.28331115268996	-0.49502091035493	-0.0272885255700522	0.270429082311793	0.274236505758733	-0.296653487903646	-0.202451714067588	-0.160965474542439	-0.178459697755743	-0.261522519904086	-0.0259244927528233	0.385400883851703
KEGG__Glycolysis / Gluconeogenesis	-0.214784118904885	-0.089175822648613	-0.381159930896285	-0.209330171406366	-0.0846274182673191	0.515943351764752	0.165831144911746	-0.36046105292938	-0.17146410325868	0.372885300542124	0.104677279033743	0.182676801760462	0.264483460440747	0.00862468153988595	0.0854250552032383	-0.189544456885169
KEGG__Human cytomegalovirus infection	0.217013598887045	-0.0760354196187329	-0.264368909368127	0.000460814336295987	0.151146128974963	-0.606118673006266	-0.202219714868376	0.379217111127124	0.319860808294049	-0.147932593025451	-0.0464062626229895	-0.052246615305026	-0.0561774378136578	-0.0584531151795514	0.0355753437841196	0.40668493540458
KEGG__Human immunodeficiency virus 1 infection	-0.213040845454677	0.03075960293376	0.18080290767307	0.0659431965388654	-0.228381115956664	0.457964677936826	0.140859174928811	-0.286738429501646	-0.518796081951508	0.276004362136301	0.161209635329193	0.0749784003539212	0.149763537238534	0.148602780736097	-0.0887038636087355	-0.351227939332147
KEGG__Human papillomavirus infection	0.260672332714586	-0.00515282758663266	0.201498188485285	0.318446263935783	0.266805397450081	-0.403793591051433	0.00997894942494275	0.160246870184908	0.267706000253172	-0.281219991169669	-0.16699555495393	-0.18391432051221	-0.279366687330425	-0.379873167912073	-0.0823661174997423	0.297328255567357
KEGG__Huntington disease	-0.204305263126242	-0.013878721467177	-0.112471323967017	-0.180360190456269	-0.0933102800367268	0.576126990368083	0.0650163868204161	-0.417145757161094	-0.2592206305139	0.391932176625328	0.00346304179910794	0.0882065778643253	0.208869276136368	0.103448343122563	0.144152192746205	-0.300522818753973
KEGG__Insulin signaling pathway	-0.226602111254354	-0.066763528348246	0.232655600780859	-0.0595777073442177	-0.27298688151232	0.405605942385825	0.232870787734522	-0.301040521070926	-0.478985805411686	0.264203912796098	0.182895595022411	0.0984579558656309	0.186192260053194	0.155426758413711	-0.0359142370813138	-0.316438021029187
KEGG__Lipid and atherosclerosis	-0.122425488531568	0.131527585078541	0.28250080117573	0.195928604843619	-0.178428156768571	0.429033469574798	0.11852378886936	-0.472014182612555	-0.509887269392682	0.0775287474717074	0.105712498857538	0.0783680306464335	0.0839967527054982	0.129134147878678	-0.0550672041764455	-0.294432125620081
KEGG__Lysosome	-0.226007997848853	-0.342644406702214	-0.418248415138567	-0.477632827934538	0.00246874574295489	0.215026297213612	0.163619756736433	-0.133892832297294	-0.000206806622055854	0.374105466018418	0.311217286798899	0.217207564992695	0.193909676429508	0.0176353377495613	0.123334224995981	-0.0198910701345403
KEGG__MAPK signaling pathway	-0.260056750378763	-0.0627275216610216	0.125253299522263	-0.103539715739462	-0.263025952804468	0.48243840886684	0.0887861074821254	-0.335247159695081	-0.407174711059047	0.265374890959138	0.153748411451852	0.0668323340635662	0.182092234354546	0.283882742963041	0.0895337352110692	-0.3061703535366
KEGG__Non-alcoholic fatty liver disease	0.192121761366493	-0.0304546724885477	0.0900164278663879	0.120081093864007	0.111076039918096	-0.571291588834402	-0.036223618355035	0.427765530058769	0.255287876339104	-0.416085977527919	0.0505432146965891	-0.0575215406038967	-0.198957284249126	-0.111150628926961	-0.142009333798235	0.316802700674677
KEGG__Oxidative phosphorylation	0.178967411268605	-0.0268893198885739	0.150949807283872	0.161716113089354	0.130014227204156	-0.563456423716002	-0.0434200049191047	0.39315616290691	0.240357785585191	-0.441880450979955	0.0468983194503508	-0.0513006287652454	-0.20732176456591	-0.131977888936514	-0.136681976953635	0.300868631936501
KEGG__PI3K-Akt signaling pathway	0.291683314120305	0.0565840181053784	0.042272628282072	0.170147057261372	0.262618882023861	-0.425846528119265	-0.0557371944863005	0.256690801430469	0.37447116993142	-0.202754536589899	-0.217379709834551	-0.205290654715321	-0.271890655731555	-0.347881999449135	-0.0354699130008112	0.307783320771959
KEGG__Parkinson disease	-0.193318925153924	0.00175481459040273	-0.112106086379756	-0.149239437676166	-0.0946134841292482	0.577884574952463	0.0873045064166596	-0.442573947183024	-0.268956456862985	0.369542942994116	-0.00877677373286723	0.0926149590800828	0.210217999293054	0.0878995690276833	0.144221114671392	-0.301855369907883
KEGG__Pathogenic Escherichia coli infection	0.191150437870287	-0.0676197398268134	-0.24714519635994	-0.0387435467943407	0.205420699326928	-0.534410750575972	-0.122726211916156	0.486132590522162	0.332611987157495	-0.180217288054821	-0.142257473191591	-0.149478929716786	-0.0932375847457371	-0.0120442951515629	0.0231918332662151	0.349373468190633
KEGG__Pathways in cancer	-0.293938095224507	-0.000958288364334809	0.086279384798256	-0.149143949267371	-0.159943965213609	0.561877902533615	0.177286840899266	-0.392733324813669	-0.233636769254111	0.265589024430562	0.192512076039658	0.153882612205794	0.157144951723683	0.0404468755051598	-0.0250185321301906	-0.379646743868202
KEGG__Pathways of neurodegeneration	-0.207156501205749	-0.0116541323112534	-0.0727196564347237	-0.159488020337477	-0.107409125989246	0.5797104707131	0.106187462987413	-0.437935280772801	-0.290838628787583	0.358106754766471	0.0166567160804751	0.0865779025631351	0.203597100919756	0.0945796447557591	0.135424671926053	-0.293639378873328
KEGG__Peroxisome	0.24523104963524	0.185948880941085	0.115375334362143	0.221009204233421	0.099000105118231	-0.535509754061292	-0.22179914153168	0.365266382484462	0.250576101357161	-0.329466659428713	-0.173497349790716	-0.210743925239075	-0.259804814445156	0.0338136565696717	-0.00763957120988531	0.222240501005103
KEGG__Phagosome	0.151748895299477	-0.00674242722023793	0.253598908332712	0.374833429637197	0.0928719824943196	-0.552403896553391	-0.18804141348457	0.392882437736022	0.236993386352582	-0.261348183233273	-0.102831348164704	-0.135912929821203	-0.218096904918216	-0.0754022580003471	-0.155916797098553	0.193767118642185
KEGG__Prion disease	0.192839856275445	-0.0226025740455014	0.0973385057792151	0.160972719128537	0.10499500658295	-0.572743553816585	-0.0702580211509803	0.434485153849534	0.283622030457671	-0.369162453516166	0.024740031966714	-0.0786546852861566	-0.202342021425124	-0.118681497849224	-0.162947280945557	0.298398783995229
KEGG__Propanoate metabolism	-0.274905246162586	-0.0330447706817153	0.0784483156842877	-0.0419567160477218	-0.272968437513665	0.534886061557042	0.162846883004525	-0.30014847909368	-0.329845629555816	0.337024877119692	0.101216080249015	0.0481447115145402	0.27562500760372	0.107949233456882	-0.0582569845700666	-0.335014906564455
KEGG__Proteasome	-0.0822560791590447	-0.156072476147866	-0.2978203679355	-0.563000881384112	-0.0829551580870181	-0.0246598203456677	-0.202147823271741	0.286371457486651	0.0984053333139823	-0.152369112458793	-0.00820696862526844	0.163676652248178	0.184816692175565	0.448118260108774	0.3712659418052	0.0168343502766623
KEGG__Protein processing in endoplasmic reticulum	-0.191869406745589	-0.253168775456547	-0.27229074661647	-0.320084873452044	-0.0478298205070558	0.0044142503560854	0.160092262984369	-0.328865804324992	-0.272126285837098	0.0650351951271996	0.494040300730661	0.388125420124511	0.203620755501866	0.0413502407048622	0.25402825956912	0.0755290278411225
KEGG__Proteoglycans in cancer	0.215924301492268	-0.106629553278263	-0.132357834056423	-0.0249556571362177	0.176498417946252	-0.582519745229347	-0.147034810140126	0.45348153201345	0.340118575357135	-0.211609334648042	-0.105330487746548	-0.103206280300604	-0.101561085880453	-0.068962128227533	0.0416160482733403	0.356528041561111
KEGG__Purine metabolism	0.276352075213995	0.397284685214928	0.24394732868164	0.20653290033791	-0.0199526146346382	-0.384336228886322	-0.149727138267406	0.24133702786102	0.190021190342436	-0.408521224062102	-0.28817738959201	-0.299169978357209	-0.186221558017636	-0.0325641628200258	0.0860724652818343	0.127122621703585
KEGG__Pyruvate metabolism	-0.221652441651875	-0.0490162294132247	-0.114346284160442	-0.11904996815263	-0.232746058120726	0.587445879250115	0.215538754695815	-0.343422341356453	-0.305934098548519	0.32682926878101	0.0624626224630176	0.110530600225977	0.273230127425741	0.0531889841765966	0.00886650458180152	-0.251925320196205
KEGG__RNA transport	0.016483551641305	0.169769383379472	0.273237089014101	0.227058086067097	0.0593559023826723	0.296602184508085	0.174296541512069	-0.530929726481738	-0.0570062050567134	0.268622151903826	0.0219308239635136	0.061770975577698	-0.0364731146388955	-0.517003947783889	-0.190044303741694	-0.23766939224691
KEGG__Rap1 signaling pathway	0.190281653287428	-0.14671629404835	-0.237698068919775	-0.15493104815474	0.224683022181386	-0.508675158522071	-0.131559838469624	0.415013418173762	0.322631278505706	-0.258840707977657	-0.158691832172514	-0.0282127799000803	-0.0776151221820811	0.0721615405483943	0.0970232536630995	0.381146683987116
KEGG__Regulation of actin cytoskeleton	0.264722373529234	0.00587672655176467	-0.105035720850706	0.141364655695954	0.176614201907709	-0.579066093113426	-0.140018470064433	0.385338095726841	0.275920347386572	-0.316140997246594	-0.155313675578817	-0.124293749780623	-0.103918772864296	-0.0713600917117304	-0.0185388256296654	0.363849996042216
KEGG__Retrograde endocannabinoid signaling	0.187226930814842	-0.0348125227761988	0.100194045038887	0.143073837719591	0.115904235246423	-0.57370077659146	-0.0226465579053159	0.399186170485618	0.261967401039796	-0.407189291369526	0.0628098244253266	-0.0580814045212453	-0.193537204798415	-0.14511238817171	-0.159475368992185	0.324193070355573
KEGG__Ribosome	-0.104192539158711	-0.0477777610494098	-0.0512249728325613	0.361748599258297	-0.225567666068698	0.268308036400696	0.370840474718656	-0.367207384580199	-0.416806160739899	0.106610050813524	0.254620558474265	0.263389284186324	0.156488991314883	-0.13872413397689	-0.250195543342175	-0.180309833418102
KEGG__Salmonella infection	0.136240617568429	-0.0675015216948529	-0.168106573476428	-0.0642442108608359	0.110790427303115	-0.516284490349924	-0.19590159755496	0.550478572741369	0.359185477143973	-0.198791363842973	-0.187101117404955	-0.121812130181263	-0.0960630472462806	0.140456267634661	0.0449531854385431	0.273701504782381
KEGG__Shigellosis	0.176774469405684	-0.0640719151994423	-0.207479170876475	-0.179495379441917	0.21001120679698	-0.490419132170811	-0.163546614507227	0.485437546768925	0.322188220353106	-0.21568260086374	-0.210877855376843	-0.0944246850251053	-0.106625761862185	0.101705323931868	0.114149876029168	0.322356472038015
KEGG__Spinocerebellar ataxia	-0.0890332169493331	-0.156559562626481	-0.312971463017536	-0.533090579632381	-0.118420173276865	-0.000304207515882007	-0.194243963054806	0.299163291252783	0.0896477803179537	-0.174117825873087	-0.00275652497154458	0.165170120631488	0.213851300667241	0.466800549452569	0.338867333724738	0.00799714087114411
KEGG__Spliceosome	0.0181129502786374	-0.128775552990327	-0.349626441145335	-0.312265614046653	0.0583933609773831	-0.176997561310231	-0.121916959056844	0.463032941536953	0.0728937170767382	-0.26743731720464	-0.159842673349884	0.013199855734187	-0.153171837920506	0.426762968938991	0.32385773553644	0.29378042694509
KEGG__Thermogenesis	0.196707452608729	-0.0139520857517838	0.130911364027571	0.126365930006136	0.123293205247441	-0.572231003838271	-0.0721270334533575	0.419206111409531	0.250743785266003	-0.41581984276894	0.0255956419927905	-0.0620601783677444	-0.211052030253941	-0.099993540070758	-0.130030055943673	0.304442279890268
KEGG__Tight junction	0.218044014707076	-0.0071320357459426	-0.217177793762893	-0.0895179919005388	0.230275425088527	-0.542709666528146	-0.113297352017166	0.437768384072491	0.271932999368359	-0.256019084063163	-0.187675380144328	-0.111733912351294	-0.109371150309402	0.00985828205015786	0.0973648358441796	0.369390425692083
KEGG__Valine, leucine and isoleucine degradation	-0.242219948853343	0.0641380174810661	0.125803227241045	0.0582326270838991	-0.277353487514558	0.496095526440244	0.158658769209765	-0.353675549635253	-0.372797244469522	0.34080110512581	0.133495398052283	0.0532351336699561	0.204127191822314	0.0268570838027596	-0.0658213140085651	-0.349576535447901
KEGG__Viral carcinogenesis	0.215808863962367	-0.0327694769389184	-0.234132404490073	-0.0549035780137816	0.184285008766258	-0.569794579190593	-0.14089830283842	0.385579377888416	0.31749666210232	-0.196110192617937	-0.103691021908893	-0.0844685820958761	-0.137212847644915	-0.0862364436327376	0.127553052579404	0.409494464073379
KEGG__Yersinia infection	0.183557706103291	-0.0843648433313038	-0.224355306674331	-0.150362040637006	0.225459213069856	-0.524745794689109	-0.157400993679318	0.450969902434993	0.373916796811664	-0.161081044921347	-0.163956287644641	-0.101736417190612	-0.100210585969714	0.0362483134528708	0.0605915486973905	0.337469834167317
Hallmark__Hypoxia	-0.203971264192387	-0.0538870791097438	-0.205012509939201	-0.294457433388858	-0.0626322505029192	0.544445502462284	0.15525694874076	-0.464647374234358	-0.211126592912469	0.293779714341057	0.109621587229897	0.215478601745655	0.203987344770939	0.0238938361621977	0.138363371140751	-0.189092402313605
Hallmark__Mitotic Spindle	0.307766063352911	0.0684206313187812	-0.188823202279249	0.193070516180289	0.0612229715434747	-0.62531755223622	-0.111609774444244	0.343958255442994	0.154041353728255	-0.321771323326817	-0.0236684121504626	-0.123077071714714	-0.0211576814292895	-0.0550996123000764	-0.049408173031755	0.391453011346123
Hallmark__DNA Repair	0.0952396907032171	0.258472794429332	0.455174762453001	0.51459460452552	-0.152308514161819	0.158589162244674	0.0705252759441128	-0.411587580072624	-0.301802367944491	-0.0261734051182036	-0.0781275488550843	-0.0405381254387054	0.0677393421157824	-0.19214918932425	-0.184733102075288	-0.232915799425174
Hallmark__G2-M Checkpoint	0.0930005910170611	-0.101199034761943	-0.171259993152397	-0.0181531975209685	-0.153367526325352	-0.265800578144433	-0.123732673470179	0.495762580625418	0.0487953806978935	-0.400821169486193	-0.202202149956013	-0.0582069574988998	-0.0114295178127432	0.586459560846377	0.0910532315018566	0.191101453440515
Hallmark__Apoptosis	0.316668718571574	0.148537297946603	0.161178062928443	0.257276271349562	0.135522574355158	-0.436810247749148	-0.146351617171012	0.329449872679871	0.202200321802584	-0.399396842073951	-0.290333870418633	-0.220608313939568	-0.210046893295408	-0.0899628414481909	-0.0038386858087504	0.246516192270866
Hallmark__Adipogenesis	-0.233725409019454	-0.0270093479727149	-0.0336885012945897	-0.0972282415136197	-0.238456643937686	0.567353008351086	0.128758272342847	-0.351818078099	-0.305559172752488	0.302635744799565	0.0104090092250858	0.104642545913917	0.287980366571238	0.133420845000306	0.085332649847761	-0.333047047462254
Hallmark__Estrogen Response Late	-0.240567625710011	-0.0803834099817892	0.0971049471574342	-0.0168437660082295	-0.109111135478716	0.546605055898895	0.210185649445313	-0.436835363324735	-0.323947427410631	0.394074674117515	0.167463590086479	0.130395543663365	0.0775289666536971	-0.116026259708955	-0.0769608679963741	-0.222682571403256
Hallmark__Myogenesis	-0.271355931938495	0.0176506810948643	-0.0856812818206462	-0.0570443073772538	-0.353029439196562	0.393742270299351	-0.0160474115645612	-0.313363008388965	-0.324596757151942	0.381767508892394	0.281102687564653	0.166007951022587	0.246781315553253	0.214241201181949	-0.0104611288479291	-0.269714349322698
Hallmark__Protein Secretion	0.00601987544818873	0.197892926888142	0.427731641357655	0.109240860220505	0.14451547392165	0.292897829612343	0.162346518401891	-0.528653131581296	-0.103754315187087	0.0644238895370117	0.0674367688289288	0.0810142012626251	-0.171245891367491	-0.504605621226344	-0.0409146827194793	-0.204346343397243
Hallmark__Apical Junction	0.31127098921542	0.039684636679476	-0.138893457889372	0.0964327576839459	0.29165909994197	-0.492147482519553	-0.023789233591024	0.349557253866908	0.263249431118857	-0.320343918145226	-0.141308366054846	-0.0942729666685828	-0.232786128455373	-0.220903195594182	-0.0311806824490363	0.343771262860617
Hallmark__Complement	0.245060576016513	0.078226615724827	0.0374197748626797	0.052349274660332	0.318805949022333	-0.441429748289263	-0.148594361407831	0.358582998344117	0.383671475492738	-0.130964777860941	-0.168204159411683	-0.210181014854869	-0.360449685415155	-0.251943410983417	0.00913680487481451	0.228513689224804
Hallmark__Unfolded Protein Response	0.121686237533903	0.181085421924618	0.161003675286409	0.180811283626296	0.244870602499271	0.0484632672331869	0.11003447958679	-0.49643329483513	0.162427007202486	0.0524196758263974	0.0580225558657929	0.00708291932558264	-0.0889218238441514	-0.724287206739342	-0.0712159438482237	0.0529511433561132
Hallmark__mTORC1 Signaling	-0.170346566556832	-0.279677174673888	-0.415306106147255	-0.412308241671302	-0.146248773288213	0.101577063966682	-0.0463097170647282	0.257375252310692	0.0349131558743945	-0.067610765655289	0.00476638099260136	0.07771767928396	0.254371125191745	0.556436253226038	0.25299778620154	-0.00234735199014662
Hallmark__E2F Targets	-0.0732986011335241	0.0910395062420172	0.17823670878515	0.104730350202781	0.142019653027073	0.194409304773001	0.0407288570322291	-0.525129719536027	-0.270783953434887	0.411966341376406	0.31309519527858	0.109467243041837	0.068640275250312	-0.420085580348372	-0.121867288261726	-0.24316829229485
Hallmark__Myc Targets V1	-0.0545886812339561	0.0763034814908213	0.175076622666036	0.272111713086414	0.0693342687952097	0.266144569714534	0.203124631731747	-0.517414667166337	-0.202321016873497	0.356945688186537	0.150044712156076	0.0573249390618582	0.0471071704454488	-0.454273445878148	-0.231936044476217	-0.212983941706527
Hallmark__Epithelial Mesenchymal Transition	0.2152793499746	-0.0231760698518892	0.0634791498778695	0.229792935249785	0.314000645413917	-0.306669409470037	0.0614967546263885	0.375952984405505	0.352064786954411	-0.220945354412349	-0.27483883000459	-0.18862431475766	-0.307070475395643	-0.336528540632352	-0.158826832036082	0.204613220058127
Hallmark__Xenobiotic Metabolism	-0.261531411023746	-0.120098559310109	-0.154201179551487	-0.195160754213322	-0.0989350890513642	0.50834639692234	0.230097137890544	-0.384461378814681	-0.266954983911416	0.397823683309244	0.204801139870494	0.126631749390654	0.230558409730888	-0.0153102031725298	0.0112931544780167	-0.212898112543525
Hallmark__Fatty Acid Metabolism	-0.23989482288907	-0.0427475222767082	-0.0222075818697625	-0.0827349573681644	-0.236428448707348	0.545293481422159	0.172269509490794	-0.350488202970179	-0.34415471373197	0.340393761861789	0.128660211866902	0.118947048663488	0.26959256526032	0.0475229891426595	-0.00821177784261307	-0.295811540052296
Hallmark__Oxidative Phosphorylation	0.226051359019762	0.0275239961657535	0.122630689144903	0.114803863324105	0.210974464295768	-0.574759530881293	-0.099025660999078	0.328883377827431	0.271943292606312	-0.346310897407499	0.0360869972780024	-0.0676654557700923	-0.30758901270921	-0.155463179318841	-0.10152310160668	0.313438799030657
Hallmark__Glycolysis	0.224504505157364	0.0939025668319959	0.17517345269828	0.224630065689759	0.150072015415917	-0.536739038474109	-0.212327464310149	0.385921853775662	0.273681055940596	-0.378835798397188	-0.141255477913732	-0.162086608319219	-0.212308846816728	-0.0144026786190291	-0.0702827541740802	0.200353151514659
Hallmark__p53 Pathway	-0.25813442497683	-0.279245993801777	-0.207610789889905	-0.304887938330204	0.0380918669833169	0.54457477603565	0.195255884292906	-0.287356136226601	-0.225010210895843	0.31513063138993	0.211635158147723	0.20652369714304	0.189144314102491	0.026364867939246	-0.000864886789005196	-0.163610815124138
Hallmark__UV Response Up	0.0220282653735326	0.2613849537044	0.476438335081947	0.456715795490259	-0.33567455171325	0.192305490390162	0.0643712505089167	-0.301682175627448	-0.385911563778775	-0.188570083781172	-0.149564113738425	-0.0461613306199708	0.0864794241934338	0.0653075697360406	-0.0520821634450984	-0.165385101774553
Hallmark__heme Metabolism	0.281817944874498	0.182302699244959	0.13619343406075	0.226927378313154	0.0815653371062086	-0.612189823199183	-0.301325951675404	0.37661285025909	0.190559874450281	-0.181036655585345	-0.0774270358748726	-0.131355829022932	-0.25347016982536	-0.0140126152280296	-0.0974229441109449	0.192261506213131
Hallmark__Coagulation	-0.309457090097576	-0.00615866921734418	0.0704185505637951	0.0623269162784953	-0.291335980184777	0.421665542880594	0.121895507921204	-0.407721357328182	-0.373438720449851	0.217486548094846	0.178581721082998	0.174421723763428	0.285842661884266	0.181323829757795	-0.0309480212119151	-0.294903163737777
Hallmark__IL-2/STAT5 Signaling	-0.272166692787433	-0.0636806337548379	-0.170804128550774	-0.151969041101378	-0.13580486524485	0.469831882259962	0.155546270166631	-0.410815436625621	-0.291919440882023	0.350286169171065	0.240105353128259	0.1802320734619	0.23094885083368	0.117550459404995	0.0206499637577596	-0.267990783237334
Hallmark__Bile Acid Metabolism	0.254845689335295	0.207546296505479	0.227208534667743	0.319847385796299	0.0207185621251379	-0.50628529092376	-0.240731777379103	0.33476103380536	0.210378114263589	-0.27809870898076	-0.22186844945973	-0.237920938800288	-0.23613391993199	0.0115506363029825	-0.0302645323100716	0.164447364983818
Hallmark__Pperoxisome	0.255763285684054	0.156264203331915	0.152189290044807	0.236585847890611	0.128817793902559	-0.546945430202275	-0.200846272444666	0.348867849740598	0.231004166812617	-0.350381746355975	-0.141973847949254	-0.181565211527698	-0.284464879226019	0.00475031607949152	-0.014996167692422	0.206930801911657
Reactome__ABC Transporter Disorders	0.0852177381314418	0.159949332208007	0.276947935463805	0.553990013027279	0.08966381714429	0.0201406246201502	0.200698239213577	-0.288713892928143	-0.0547896064356376	0.157997353710551	0.00566719375112691	-0.167775305812208	-0.191551650338208	-0.465403274936896	-0.376833173886792	-0.00520534293234296
Reactome__ABC-family Proteins Mediated Transport	0.085645485451708	0.165272163750019	0.272069505396791	0.533100523657728	0.101698813789635	0.0208201352388984	0.192010794943531	-0.310567512616855	-0.0486582829710824	0.166607014364077	0.0224500924049264	-0.147499540407492	-0.188618217058046	-0.496157622670908	-0.358907802959259	-0.00926555031367051
Reactome__APC C-mediated Degradation of Cell Cycle Proteins	0.0744393179123151	0.136451868419703	0.283740033981416	0.554526511509522	0.0961299454215826	0.0184864819949486	0.208497524011044	-0.290476252370892	-0.0779227121172495	0.169371197331022	0.0217893327119724	-0.156564240983917	-0.192529961935855	-0.467157431701033	-0.367735884942404	-0.0110457292421766
Reactome__APC C Cdc20 Mediated Degradation of Mitotic Proteins	0.0744393179123151	0.136451868419703	0.283740033981416	0.554526511509522	0.0961299454215826	0.0184864819949486	0.208497524011044	-0.290476252370892	-0.0779227121172495	0.169371197331022	0.0217893327119724	-0.156564240983917	-0.192529961935855	-0.467157431701033	-0.367735884942404	-0.0110457292421766
Reactome__APC Cdc20 Mediated Degradation of Cell Cycle Proteins Prior to Satisfation of the Checkpoint	0.0744393179123151	0.136451868419703	0.283740033981416	0.554526511509522	0.0961299454215826	0.0184864819949486	0.208497524011044	-0.290476252370892	-0.0779227121172495	0.169371197331022	0.0217893327119724	-0.156564240983917	-0.192529961935855	-0.467157431701033	-0.367735884942404	-0.0110457292421766
Reactome__AUF1 (hnRNP D0) Binds and Destabilizes mRNA	0.072942748527137	0.129803572450189	0.285365695539466	0.557747333728512	0.0925310289511779	0.0258667780469468	0.210955689923877	-0.302626219539602	-0.0982752776480536	0.156596299833823	0.0322195530961978	-0.14558394312227	-0.18108774641005	-0.466827367968661	-0.364469916495132	-0.00515822891355777
Reactome__Activation of APC C and APC C Cdc20 Mediated Degradation of Mitotic Proteins	0.0744393179123151	0.136451868419703	0.283740033981416	0.554526511509522	0.0961299454215826	0.0184864819949486	0.208497524011044	-0.290476252370892	-0.0779227121172495	0.169371197331022	0.0217893327119724	-0.156564240983917	-0.192529961935855	-0.467157431701033	-0.367735884942404	-0.0110457292421766
Reactome__Activation of NF-kappaB in B Cells	0.0802945398914533	0.135740858985172	0.277992628208373	0.551797909641118	0.101601021065415	0.00791587301130999	0.209502832614831	-0.277734968350022	-0.0646842646000696	0.168237088770918	0.0189080746743869	-0.159601316708522	-0.202394294264509	-0.475254985934326	-0.369862310521833	-0.00245868648369562
Reactome__mRNA Activation Upon Binding of the Cap-Binding Complex and eIFs, and Subsequent Binding to 43S	-0.0972582935390932	-0.0308286790222406	-0.019340017425732	0.399167481300881	-0.213833887513168	0.282849733852389	0.350908060400183	-0.374385287008276	-0.408577777808156	0.0928116074633304	0.201788386925624	0.267834886522075	0.154120506850588	-0.137490146339516	-0.253741024143177	-0.214025550515712
Reactome__Adaptive Immune System	-0.149751201423176	-0.291253688379659	-0.344298322254929	-0.461443782172108	-0.115520109843251	0.00905064700776098	-0.116740559070963	0.315632207525724	-0.0101004971580856	-0.036959452969266	0.0306210447185191	0.116787153360018	0.240936611803459	0.547322956101825	0.246072389598576	0.0196446031555572
Reactome__Aerobic Respiration and Respiratory Electron Transport	-0.215575270507546	-0.01518453011452	-0.108533338042312	-0.101724077268014	-0.177431676742878	0.583786608330182	0.131585907470725	-0.391673793786664	-0.279993416442375	0.363185229645903	-0.000468406804280186	0.0978278923517394	0.25087960959467	0.0896597104536657	0.0761610491464965	-0.302501497284793
Reactome__Antigen processing-Cross Presentation	0.0818363445946077	0.135911423419443	0.278832488549055	0.524852569438218	0.115863473322917	0.0289298328946965	0.192198223018146	-0.299209230653036	-0.0200141725062149	0.177023083134221	0.0124179106949005	-0.136669779576138	-0.192927640180418	-0.505593246239387	-0.370027961075149	-0.0234233188358625
Reactome__Antigen Processing Ubiquitination & Proteasome Degradation	0.087377896948369	0.180428405632952	0.284718750459187	0.46229486313562	0.113874784530547	0.0522179525304572	0.212425462830883	-0.350386629122552	-0.0540274471400735	0.162867742479155	0.0194219200930659	-0.127305484185182	-0.187473272716342	-0.562923265325069	-0.288720079036722	-0.00479160111429629
Reactome__Antiviral Mechanism by IFN-stimulated Genes	-0.0725054134290321	-0.27103018433679	-0.287023624490361	-0.138282211227452	-0.143417907682221	-0.26430895612945	-0.13828866195226	0.572602399348956	0.113392691153783	-0.175148976625167	-0.0202376343534751	-0.0185985038007859	0.0762477867050435	0.554273198409855	0.0708664690321964	0.141459529377162
Reactome__Apoptosis	0.0980431101876887	0.183872657348455	0.330152297459408	0.557522487747989	0.0997997968209083	-0.00697878608157279	0.169769244834383	-0.304133839907516	-0.0760943378037061	0.094865375044136	-0.00753004998248462	-0.139685065070855	-0.179343362337806	-0.482505922195658	-0.325474497994229	-0.0122791080691415
Reactome__Asparagine N-linked Glycosylation	-0.217242252934736	-0.285325588748918	-0.341681017226629	-0.438243402379409	0.0992644235161761	0.308849181638991	0.211462461617865	-0.351610671384633	-0.0542714204015772	0.157238158614586	0.268339109702362	0.308980005593464	0.233104321469342	-0.07885770708116	0.182477827901281	-0.00248342989700505
Reactome__Assembly of the Pre-Replicative Complex	0.0761085517102243	0.135056627432247	0.280181307220426	0.551895729374671	0.099143714416144	0.0197167989056287	0.211046563016083	-0.288957995625012	-0.0700342353559459	0.168877656092147	0.0168039432371385	-0.158709775900488	-0.196070840993294	-0.471156730326633	-0.367770973367167	-0.00613033983616945
Reactome__Asymmetric Localization of PCP Proteins	-0.0796340333544032	-0.138280460411331	-0.280233258007253	-0.552421584842206	-0.0987192119879944	-0.0147416261028033	-0.20718193330864	0.292672431845377	0.0676723790933098	-0.163930027655134	-0.0183607810519012	0.15626193842594	0.196827513376377	0.474011594519955	0.364216113200235	0.00184094626047314
Reactome__Autophagy	-0.187671774400142	-0.0400774793721366	-0.0448494842454624	-0.122427781019755	0.000765677272781093	0.49429483549526	0.292602858704809	-0.528450005337353	-0.366707044087408	0.193669930824264	0.188796093092498	0.223566240761437	0.164640330932953	-0.110582307718787	0.038714469501198	-0.196284560404154
Reactome__Axon Guidance	-0.132428847993158	-0.00802438579234654	0.0549719465917788	0.341809256990563	-0.215137939485145	0.343463585075213	0.307201991994824	-0.414705852131142	-0.400953469213361	0.166224935466233	0.235954285931946	0.189954692171662	0.143054457334295	-0.136903513590387	-0.2397104048883	-0.234770738462676
Reactome__Beta-catenin Independent WNT Signaling	-0.080267280018089	-0.192242740524385	-0.318087526570847	-0.576883632908429	-0.0392526259167545	-0.0341505680408426	-0.162408370599774	0.297737543735746	0.115408526298598	-0.160215745400833	-0.00840194507202778	0.146339808883839	0.169037422580253	0.427508207106876	0.360592066865731	0.0552868595809399
Reactome__Biological Oxidations	-0.253947180603815	-0.182595143232958	-0.266643835477911	-0.292099676496534	-0.0189188077036834	0.46527079876896	0.288799260285897	-0.320375980711927	-0.235307470664191	0.369977849274213	0.257409200865132	0.194373164080317	0.165184088408836	-0.0332814479847208	-0.00304223520673987	-0.134802583600874
Reactome__C-type Lectin Receptors (CLRs)	-0.0903306477781725	-0.152627719292074	-0.294336013099099	-0.554109415322396	-0.0993248915397964	0.00839373939546168	-0.191375262337441	0.260909081813623	0.0775603342891746	-0.15907607639537	-0.0221515281729585	0.17118279385054	0.20788821241532	0.47662752053258	0.358789667669495	0.00198020397111308
Reactome__CLEC7A (Dectin-1) Signaling	-0.0819958790145178	-0.149766522750732	-0.294131240753877	-0.545015568175763	-0.099496887986467	-0.00635838277541007	-0.197793787106014	0.268988553566985	0.0814886887713231	-0.170643301141386	-0.0279602292375231	0.168844182801102	0.20525424947511	0.47775348373554	0.3610415282076	0.00979111238403048
Reactome__COPI-mediated Anterograde Transport	-0.0638880237935416	0.0780060508464766	0.120067375103746	-0.0924245668866759	0.107413922565169	0.456104353444906	0.192997235199867	-0.656341918812402	-0.15962195109683	0.165324795367973	0.153275910145676	0.213290197286772	-0.0470702999203672	-0.353516264234486	0.0523517990913428	-0.165968614307624
Reactome__Cap-dependent Translation Initiation	-0.0971512810497419	-0.0447004751379091	-0.0341294676246061	0.381092933505083	-0.218074597935098	0.279190245586491	0.366469943809588	-0.370578500067155	-0.405039388167592	0.0963537469724192	0.224266068272592	0.267199501641998	0.155183787128506	-0.149976433179397	-0.25768744450361	-0.192418639251568
Reactome__Cargo Recognition for Clathrin-Mediated Endocytosis	0.211647592821196	0.140449899667312	0.0677590016393719	0.173665442136415	-0.106334463817431	-0.548583963356852	-0.336789633491641	0.506006626656986	0.138413255817998	-0.136529715791674	-0.13485509897801	-0.21240472553932	-0.0786018144513523	0.290622354987504	-0.103294705025221	0.12882994672472
Reactome__Cdc20 Phospho-APC C Mediated Degradation of Cyclin A	0.0744393179123151	0.136451868419703	0.283740033981416	0.554526511509522	0.0961299454215826	0.0184864819949486	0.208497524011044	-0.290476252370892	-0.0779227121172495	0.169371197331022	0.0217893327119724	-0.156564240983917	-0.192529961935855	-0.467157431701033	-0.367735884942404	-0.0110457292421766
Reactome__Cell Cycle	-0.0482095474880757	-0.222326304183933	-0.359285739326241	-0.397904979284929	-0.0807244765409984	-0.173831283017165	-0.181078312359997	0.424842777236269	0.106374932020548	-0.180014048844935	-0.0225843414437288	0.0799321416718453	0.153353636358018	0.497621279782199	0.263205491294202	0.140628774126922
Reactome__Cell Cycle Checkpoints	0.0668853583729577	0.186889759829331	0.311293301818695	0.482315148344692	0.110093201919035	0.08277268208777	0.203738369063505	-0.353287973579161	-0.0548076151670603	0.154709108608203	0.0163175139502571	-0.129898743498576	-0.182194593703019	-0.511310163181748	-0.3212179119958	-0.0622974428690826
Reactome__Cell Cycle, Mitotic	-0.0665157786861882	-0.224487672403828	-0.384378972121519	-0.439851778917369	-0.0720921797494042	-0.125588934001875	-0.171448930384039	0.373673539782581	0.058911330477957	-0.153931159246092	0.0131097474527551	0.115287422647169	0.189285388287821	0.495419699493547	0.282903714812504	0.109704562555978
Reactome__Cell-Cell Communication	0.356495754428374	0.0762214127289344	-0.100707022163969	0.188270555822726	0.17317640980035	-0.535946138495228	-0.0950344337943705	0.276042500450505	0.15998988474052	-0.409373770630256	-0.0889902136460797	-0.100123567485643	-0.0806027289097969	-0.185446936562292	-0.0406492973988247	0.406677591115051
Reactome__Cellular Response to Chemical Stress	0.0994276921751358	0.166703357199075	0.316754919505114	0.582661758766865	0.0472661945240753	-0.0587404877887143	0.109148566053695	-0.245796465882354	-0.0941070481404592	0.213303756783519	0.0458547749977949	-0.147575445426389	-0.217971062911963	-0.421584670580254	-0.374946555160646	-0.0203992841144951
Reactome__Cellular Response to Heat Stress	-0.0984490121256767	-0.204356958958797	-0.151861314705391	-0.247982108540577	0.112919666753453	-0.057857313687957	-0.05978498243127	0.385729455345711	0.783269484868793	0.0128680268229463	-0.160353891427023	-0.105815845728622	-0.0527466193120085	-0.198540545545496	-0.0086753531582387	0.0516373118301544
Reactome__Cellular Response to Starvation	-0.102269837806337	-0.0402371072528281	-0.0390363850342954	0.362279753723706	-0.221799258388169	0.27578247149842	0.364996492478156	-0.37948463792374	-0.407032069108446	0.109393892463144	0.249516663969854	0.260870913839072	0.15616202795818	-0.154957042070991	-0.249172551030732	-0.185013327314994
Reactome__Cellular Responses to Stimuli	-0.108024177005695	0.017557130988953	0.0528542710625906	0.317154795495286	-0.15367292501451	0.329798893210007	0.30518612108622	-0.464841235111093	-0.420202498619407	0.17531636962495	0.246175620952332	0.202431159425109	0.106368095033157	-0.186995060869741	-0.214548629558601	-0.204557930699558
Reactome__Cellular Responses to Stress	-0.0918647454578814	0.0162029979643049	0.0439124867478853	0.344261508938581	-0.144504163653472	0.306771380211402	0.316443620099557	-0.469560650103313	-0.415332156864047	0.156686490769731	0.24427180555534	0.203814437591371	0.102650971064789	-0.209474719054944	-0.222656677024564	-0.181622586784739
Reactome__Chaperonin-mediated Protein Folding	-0.124359919098501	-0.0634981520934451	-0.00114969972805532	0.0130459662196268	0.218557972307547	0.331013284431761	0.221184998182687	-0.519162635291366	-0.0396386222045568	0.429802939600294	0.146732894845387	0.177460864964367	0.063670166261325	-0.388764313701496	-0.20113691224817	-0.263758832447405
Reactome__Cilium Assembly	-0.177965749328996	-0.085233176874389	-0.183453023041866	-0.13413794535369	0.214464163985967	0.290094721223077	0.184107882023934	-0.488079777292784	0.0108484709742921	0.33998650054441	0.314186017096069	0.286177560913064	0.109793569624555	-0.394722832842028	-0.111006625286904	-0.175059756364712
Reactome__Class I MHC Mediated Antigen Processing & Presentation	0.105569985893167	0.201054717896863	0.276376972662491	0.433368156473056	0.142115174853652	0.055098668873481	0.18264911413811	-0.374077394866299	-0.0155176299218291	0.127128120461904	0.0135683317492344	-0.0986203427992327	-0.181242599264316	-0.59727164676258	-0.267979381934693	-0.00222024745300658
Reactome__Clathrin-mediated Endocytosis	0.205759204457724	0.063769309408741	-0.180462687108083	-0.0788610767895163	0.124332967826359	-0.5470325258959	-0.245635879974554	0.50895393990527	0.303083882760225	-0.192188141907657	-0.174008300909294	-0.134987801490518	-0.104158313693357	0.137535914808781	0.0464776895157377	0.267421819086041
Reactome__Complex I Biogenesis	-0.187343376176225	0.0579084102896642	-0.119694028136532	-0.144744583037434	-0.113742296722593	0.571567228607333	0.00806417126089552	-0.397381636798384	-0.239045980308217	0.424872813552771	-0.0784626122841177	0.0593559663661744	0.187437005417507	0.137483491919872	0.155054294044019	-0.321328867994731
Reactome__Cross-presentation of Soluble Exogenous Antigens (Endosomes)	0.087114087369306	0.13632914824627	0.279835273471178	0.544784597105875	0.113276291802629	0.000841143096485836	0.203379051714333	-0.266990455737509	-0.0455677390930365	0.171149575459526	0.00798054282373367	-0.16736148192707	-0.212167619861856	-0.477448019774143	-0.375279118627168	0.000124723931446376
Reactome__Cyclin A Cdk2-associated Events at S Phase Entry	-0.0769752292366435	-0.136587046245443	-0.284024417513613	-0.552814155521369	-0.0981928866524011	-0.0199591239386466	-0.21097605177315	0.28714100194651	0.0709931015295078	-0.166139140200819	-0.013604499120198	0.160979861757125	0.196379846076221	0.469361401291151	0.366712430015776	0.00770490758599261
Reactome__Cyclin E Associated Events During G1 S Transition	-0.0769752292366435	-0.136587046245443	-0.284024417513613	-0.552814155521369	-0.0981928866524011	-0.0199591239386466	-0.21097605177315	0.28714100194651	0.0709931015295078	-0.166139140200819	-0.013604499120198	0.160979861757125	0.196379846076221	0.469361401291151	0.366712430015776	0.00770490758599261
Reactome__Cytokine Signaling in Immune System	-0.0675785919594111	-0.231639985112972	-0.320309018870631	-0.353819333355996	-0.0995791168199622	-0.166478980932997	-0.165078255899023	0.478283823484777	0.0929300147288117	-0.166373929394115	-0.0468208240894478	0.0521976029438548	0.12153282210485	0.552945136910897	0.221003140890242	0.0987854953711235
Reactome__DNA Repair	0.237452779195556	0.374413423006976	0.471556923681853	0.402350406157416	0.0300156370462659	-0.00928691253513575	-0.0133011273065117	-0.107647445702805	0.0283536734406326	0.0494805105796648	-0.362722686417877	-0.330437005603452	-0.209283476156045	-0.268788023170327	-0.18905482465414	-0.103101851562072
Reactome__DNA Replication	0.0674485951656502	0.127733495932621	0.276388376167662	0.546537874098396	0.10522291313078	0.0228246559721767	0.209795215240723	-0.299675888190657	-0.0803799624668114	0.179012835957979	0.0388173988465212	-0.145985945237811	-0.19062265838633	-0.47100689602033	-0.372746376083739	-0.0133636341268307
Reactome__DNA Replication Pre-Initiation	0.0722007612190975	0.1310629631965	0.278923728673499	0.550544894266877	0.0994984657340089	0.0214756201296362	0.210189296984226	-0.296017219256165	-0.0769779462542484	0.174502360270456	0.026919640414924	-0.151358622167333	-0.191644254545968	-0.469731482381896	-0.370231037582774	-0.00935716870083934
Reactome__Dectin-1 Mediated Noncanonical NF-kB Signaling	-0.0722082672950558	-0.132474107042876	-0.278601363294406	-0.538304192421642	-0.0974248368311787	-0.0302221014399604	-0.217775547677995	0.287585834702859	0.0730744722584268	-0.172214426380268	-0.0292131863399123	0.155284319057976	0.191231366898567	0.488343649180138	0.366406885825172	0.00651150080015553
Reactome__Defective CFTR Causes Cystic Fibrosis	0.0852177381314418	0.159949332208007	0.276947935463805	0.553990013027279	0.08966381714429	0.0201406246201502	0.200698239213577	-0.288713892928143	-0.0547896064356376	0.157997353710551	0.00566719375112691	-0.167775305812208	-0.191551650338208	-0.465403274936896	-0.376833173886792	-0.00520534293234296
Reactome__Degradation of DVL	-0.0796495162872422	-0.13796203413021	-0.283124295242947	-0.542996702301177	-0.102201560626277	-0.0165331691734262	-0.207279249138259	0.293355228039928	0.054776786803809	-0.166131288758298	-0.0136329153906432	0.153216357604936	0.198635563281266	0.486912419548993	0.359256015701576	0.00335836006797345
Reactome__Degradation of GLI1 by the Proteasome	0.0866049373733486	0.146782469640072	0.266719976277866	0.552015809488675	0.102792511656058	0.0146712616225214	0.203455700637869	-0.297520712264653	-0.0696728166727212	0.164274313617737	0.0193486028459913	-0.157381437355741	-0.194064580466046	-0.476258916821276	-0.364587357569693	0.00282023798999177
Reactome__Degradation of GLI2 by the Proteasome	-0.0757229509906786	-0.134153457163819	-0.278847605751721	-0.550691296247196	-0.101622407341241	-0.0197954328946068	-0.2121140161628	0.290572312969303	0.0685753095487161	-0.168588471183753	-0.0164271838274182	0.157555130685981	0.196677628754044	0.472845351740729	0.366881293541425	0.00485579432303577
Reactome__Degradation of Beta-Catenin by the Destruction Complex	-0.0786087257185588	-0.146033983175887	-0.304410510135096	-0.543670017891638	-0.0989641580806348	-0.0360180532892748	-0.211910057007119	0.283985430600957	0.0630500661416371	-0.156882879520254	0.00656305373213017	0.173011252442536	0.208245222996477	0.464452932524573	0.360095462433264	0.0170949639468876
Reactome__Deubiquitination	-0.0801298690391291	-0.160281147598642	-0.311509453169672	-0.454961698997805	-0.154926128714014	-0.087758265002818	-0.21155186709125	0.34470613982559	0.0605670896030444	-0.191862919169293	0.024451609173708	0.147824759995657	0.213673777610988	0.513653608712644	0.307405297941374	0.0406990659196163
Reactome__Developmental Biology	-0.152292065426716	-0.0099845015365377	0.0580695488709066	0.313168979398891	-0.206991584179011	0.368728184957415	0.296888661700688	-0.430096986776362	-0.388019070680936	0.180060647852981	0.232910082703336	0.18725271379958	0.15310352664037	-0.135932173240186	-0.225162939098253	-0.241703024986165
Reactome__Diseases of Metabolism	-0.265469886397858	-0.110460005992156	-0.0287075275846848	-0.16125655864961	-0.13069275964682	0.489504183482626	0.233986697987759	-0.372683528703975	-0.334480179437	0.428437471142625	0.220183724626	0.12893821060629	0.161881621291733	-0.00800582435593711	-0.0211779271231865	-0.229997711245805
Reactome__Diseases of Signal Transduction by Growth Factor Receptors and Second Messengers	0.0616279295171624	0.188147539323432	0.283727061145303	0.41153558860581	0.115126951112787	0.160837775290298	0.223106020254365	-0.417574777264609	-0.0351192979904361	0.1405758725302	0.0152792000599108	-0.0906144612112081	-0.170334771018522	-0.560768840067993	-0.267094959239782	-0.0584568310467181
Reactome__Disorders of Transmembrane Transporters	-0.0669315174119447	-0.182800116068884	-0.325026016414231	-0.538037357250052	-0.0643682392637597	-0.0759686747004236	-0.180757238018875	0.351679541788535	0.0968401970250082	-0.162946385614553	0.00365008500080817	0.145343514001293	0.162980032919013	0.453099169953036	0.330087082372473	0.0531559216825567
Reactome__Downstream TCR Signaling	0.077260099692445	0.135592605953124	0.279509354845328	0.548775057714183	0.102187889017633	0.0106708932685851	0.208614460388796	-0.278731152852374	-0.0667816065484259	0.173138167037964	0.0228627267564765	-0.160328206509089	-0.200468120073885	-0.476052676995172	-0.370249418992193	-0.0060000727033953
Reactome__Downstream Signaling Events of B Cell Receptor (BCR)	0.0797664013329358	0.145127346043035	0.282948087575428	0.555839584556	0.102972251056522	0.00441846410632761	0.214398817136133	-0.275909140595903	-0.0835002256770083	0.158690226679721	0.0145281661970757	-0.161724593574991	-0.195149880170835	-0.470536315146359	-0.364387056902365	-0.00748213261571772
Reactome__EPH-Ephrin Signaling	0.25155083248637	0.0650709344787395	-0.194021225714532	-0.113115282379402	0.175422939059918	-0.532650685762594	-0.174210402423933	0.400958675217375	0.288663253768573	-0.238212295130496	-0.233477167280172	-0.146192597406698	-0.117562654049991	0.0785501658900331	0.142572996571567	0.346652512675244
Reactome__ER to Golgi Anterograde Transport	0.000122515249520309	-0.172120800214051	-0.211660817630724	0.00595915344423902	-0.0917622523453876	-0.366541124671849	-0.1795451617463	0.665332201737103	0.153917097789333	-0.0990932899420542	-0.147512897090434	-0.188788422669515	0.0474356714228065	0.438962444058867	-0.00304174428216921	0.148337426890615
Reactome__ER-Phagosome Pathway	0.069352419282923	0.13857161868306	0.286720769415172	0.534325972091863	0.0962544698312986	0.0572135143373938	0.198496962719992	-0.32284194717476	-0.046513286213495	0.167770082003605	0.0135806660317124	-0.130806056238651	-0.175698447165336	-0.493926456878292	-0.358488173427225	-0.0340121072992607
Reactome__Eukaryotic Translation Elongation	0.103783550509831	0.0531848196242145	0.0497870600345637	-0.367446736905447	0.228092172111794	-0.263104461930262	-0.364639811170175	0.368049464213787	0.413301889313207	-0.114508678393405	-0.252467850443507	-0.263956465662052	-0.162436043606637	0.138768077180325	0.250297833152106	0.18329518197166
Reactome__Eukaryotic Translation Initiation	-0.0971512810497419	-0.0447004751379091	-0.0341294676246061	0.381092933505083	-0.218074597935098	0.279190245586491	0.366469943809588	-0.370578500067155	-0.405039388167592	0.0963537469724192	0.224266068272592	0.267199501641998	0.155183787128506	-0.149976433179397	-0.25768744450361	-0.192418639251568
Reactome__Eukaryotic Translation Termination	-0.106058339747578	-0.0510692426015005	-0.0518758575625742	0.362175306620214	-0.22384138462683	0.269312433169586	0.371482343628411	-0.367578809486395	-0.414504807189837	0.105437637358964	0.255007281398366	0.265122103847722	0.155524450778991	-0.139041124217381	-0.248768504192451	-0.181323487177708
Reactome__Extracellular Matrix Organization	0.317099674404724	0.0249744573919344	0.116051088148705	0.205483487929892	0.275575329351035	-0.408253873728527	-0.0151017550192338	0.287972268301658	0.316676892510617	-0.225069190222112	-0.199166929704063	-0.220155012294143	-0.285525119014561	-0.32636381152702	-0.133380268285974	0.269182761757068
Reactome__FCERI Mediated NF-kB Activation	0.077260099692445	0.135592605953124	0.279509354845328	0.548775057714183	0.102187889017633	0.0106708932685851	0.208614460388796	-0.278731152852374	-0.0667816065484259	0.173138167037964	0.0228627267564765	-0.160328206509089	-0.200468120073885	-0.476052676995172	-0.370249418992193	-0.0060000727033953
Reactome__Fatty Acid Metabolism	-0.233946091263945	0.0196317013081639	0.126220873453903	-0.0841562629593202	-0.242300850132953	0.492869022880972	0.139749368620246	-0.398019317682216	-0.305171670084414	0.347346210962605	0.130153517335303	0.147989580577503	0.248614405604332	0.000733901331054174	-0.0337319462598745	-0.35598244369136
Reactome__Fc Epsilon Receptor (FCERI) Signaling	-0.0883281672511003	-0.173096428828661	-0.315631118965486	-0.570755914712018	-0.0910028823284305	0.00799438897813018	-0.172778520626611	0.273114329215739	0.0817475809761041	-0.142743579074652	-0.00682669080407159	0.160492513212633	0.214269147500266	0.446107052318592	0.35461927600617	0.0228190143833963
Reactome__Formation of a Pool of Free 40S Subunits	0.0995206816052477	0.0514633267919504	0.0390102270487027	-0.387176172616712	0.224562247790019	-0.2714311622431	-0.371576422121669	0.356585467823308	0.41151688767223	-0.0916015229022202	-0.227531354412589	-0.265975241067977	-0.154410413527794	0.137642294987404	0.261276873961393	0.188124281211806
Reactome__Formation of the Ternary Complex, and Subsequently, the 43S Complex	-0.0946980828328331	-0.0343540727916672	-0.0184224267104608	0.40878276170168	-0.210027745539911	0.270166868759187	0.358974586777133	-0.366884070854696	-0.410480289958083	0.0929169455391599	0.206556457344912	0.262299303776334	0.148323300956243	-0.150481815576087	-0.259350244653044	-0.203321475937868
Reactome__G1 S Transition	0.0670488868764222	0.130320545463962	0.281900624471478	0.546184002287958	0.103042770719541	0.0261547594019285	0.210906331970449	-0.294849463871352	-0.0661896766373761	0.173555716039975	0.0321699277773881	-0.153154569829534	-0.19582936423106	-0.470602064828992	-0.372670933891181	-0.0179874917196063
Reactome__G2 M Checkpoints	-0.075490181884964	-0.155034401383147	-0.28209307944639	-0.537368856838306	-0.102559385665837	-0.0343840803284734	-0.211850890437027	0.310063931806591	0.0874207061918336	-0.156745019784621	-0.0245766573124758	0.140240262868942	0.182621674211599	0.489994438290929	0.350580635298691	0.0191809044126555
Reactome__G2 M Transition	-0.0736379078079087	-0.177313781128646	-0.337328775415183	-0.53194216200047	-0.0869317034849021	-0.039677895736651	-0.191931719902606	0.285473925767162	0.0314072088155742	-0.128991554285041	0.0130275520293022	0.161656380562375	0.21186641161328	0.488844621125854	0.330293102339745	0.0451862975081153
Reactome__GLI3 Is Processed to GLI3R by the Proteasome	-0.0757229509906786	-0.134153457163819	-0.278847605751721	-0.550691296247196	-0.101622407341241	-0.0197954328946068	-0.2121140161628	0.290572312969303	0.0685753095487161	-0.168588471183753	-0.0164271838274182	0.157555130685981	0.196677628754044	0.472845351740729	0.366881293541425	0.00485579432303577
Reactome__GPCR Downstream Signalling	-0.130323844597579	0.169842102828936	0.286789683756196	0.168997455119333	-0.372509252824121	0.424800249306624	0.0432272263062742	-0.250399609831574	-0.474552436633707	0.139645195363813	0.076856330873601	0.0061821228747679	0.10172538506522	0.233941168141792	-0.0479928684929745	-0.376228907256601
Reactome__GTP Hydrolysis and Joining of the 60S Ribosomal Subunit	-0.0948941850707498	-0.044223551147735	-0.032045426244602	0.384967437917369	-0.218134786047535	0.276027684477412	0.369108746607745	-0.3689871366788	-0.406644382508001	0.0899685854059707	0.224764061679663	0.265907148378342	0.153479891645875	-0.152141493546058	-0.257416837555002	-0.189735757313893
Reactome__Gastrulation	0.0720416308843525	0.143602105512678	0.28701786394233	0.552248165150062	0.0980768495407198	0.0274666471692796	0.205685306761256	-0.291758018070777	-0.0697334705815799	0.169027885859098	0.00888288283374026	-0.161376554760308	-0.195544787699219	-0.469143816241647	-0.361836290912619	-0.0146563993873667
Reactome__Gene and Protein Expression by JAK-STAT Signaling After Interleukin-12 Stimulation	-0.199170185146964	-0.00585067833464393	0.0515416419927481	-0.00124839152106923	-0.136603354782316	0.404511453117529	0.0908512954838798	-0.474977034926991	-0.273533094557863	0.394484293792923	0.333244773908291	0.205226596366628	0.1741200338229	-0.112275678087961	-0.142804570296081	-0.307517100831008
Reactome__Gene Expression (Transcription)	0.0829958585803964	0.240824732998439	0.385643705648734	0.430490893558829	0.0715933065965043	0.125929766478171	0.150666943651563	-0.413425178052612	-0.127755951214721	0.167771781485083	-0.000876813295039374	-0.103653511249219	-0.140933660493846	-0.479812858554548	-0.246359119001412	-0.143099897136322
Reactome__Generic Transcription Pathway	-0.0953893554996648	-0.23399982184922	-0.344920109902308	-0.475571988280877	-0.100682818879333	-0.0823185056020369	-0.168576281236012	0.38533152047272	0.129414490359262	-0.134861408087954	-0.00453122823333779	0.109993157292487	0.189768214113858	0.499979994874889	0.236976255277413	0.0893878851801162
Reactome__Glucose Metabolism	0.187621116062155	0.280655898323399	0.560887151599965	0.331387871900842	-0.273146589467801	-0.178950664217936	-0.0746008511269894	0.252681339664323	-0.159058002234791	-0.174739989092625	-0.176509911817486	-0.295035485823373	-0.14229210106118	0.16730940334862	-0.243702631339564	-0.0625065547175573
Reactome__Golgi-to-ER Retrograde Transport	-0.0572570423060624	0.126783429599229	0.204990739205265	-0.0589712419166877	0.104513038924869	0.354737314422495	0.184609565777494	-0.653978129503861	-0.120290754569716	0.156887094458865	0.203177800473836	0.212582556039766	-0.068253027172101	-0.414180648223953	0.011029144036528	-0.186379839245966
Reactome__HIV Infection	-0.0784845373210316	-0.190028711420188	-0.339402355805559	-0.478068083297913	-0.0879568286041126	-0.066993063505006	-0.185911264575919	0.370939401449554	0.102579010598268	-0.174031995233189	-0.0125565867009095	0.10123217492285	0.161279919182101	0.505882420588193	0.302904426424039	0.0686160732988208
Reactome__Hedgehog 'Off' State	0.085079353413081	0.151639273999558	0.293002802597337	0.553721899432602	0.0966246378842629	0.00360664523911014	0.182650093980314	-0.284217559359595	-0.0625177115092884	0.170193732296246	0.0183885065324114	-0.164474909236065	-0.20039699929965	-0.464588494198262	-0.370796259628014	-0.00791501214404802
Reactome__Hedgehog 'On' State	-0.0893300649107227	-0.148680170255431	-0.262511089206557	-0.544268764074529	-0.108928473198842	-0.00950747464998564	-0.200844566988599	0.302448490775056	0.0489026257644716	-0.157787338685919	-0.0176971150650818	0.149365802563819	0.193293492532797	0.495320586581254	0.358223208226725	-0.00799914940845548
Reactome__Hedgehog Ligand Biogenesis	-0.082885784485146	-0.144111321505693	-0.278214749037883	-0.555666092837646	-0.102905149021158	-0.014459250926444	-0.200089121117889	0.275600947024336	0.0542284394174634	-0.1681359231466	-0.00476976246036689	0.175487949333806	0.199876970627784	0.460859711539615	0.380805353199147	0.00437778339667499
Reactome__Hemostasis	0.161368082567678	-0.0955732310808499	-0.141814862706378	0.0302389864709361	0.190674284913098	-0.488926095072751	-0.129326854959401	0.516877128190011	0.391081284780521	-0.249306363959894	-0.199081965813928	-0.129274800168628	-0.157801495780742	0.0133459112773748	-0.00896574183742511	0.296485733180377
Reactome__Hh Mutants Abrogate Ligand Secretion	-0.0798148238825631	-0.142439040032096	-0.278012467170233	-0.551487391911699	-0.102347745102816	-0.0185587416104349	-0.203856476467283	0.283255082828643	0.0566596335474472	-0.171790799278288	-0.0067391272744137	0.172790495840853	0.196526028425416	0.463759059047118	0.378108652184862	0.00394766085548818
Reactome__Hh Mutants Are Degraded by ERAD	-0.0798148238825631	-0.142439040032096	-0.278012467170233	-0.551487391911699	-0.102347745102816	-0.0185587416104349	-0.203856476467283	0.283255082828643	0.0566596335474472	-0.171790799278288	-0.0067391272744137	0.172790495840853	0.196526028425416	0.463759059047118	0.378108652184862	0.00394766085548818
Reactome__Host Interactions of HIV Factors	-0.0639857304375687	-0.166756076320613	-0.300956572180119	-0.507150989334027	-0.0905125649435779	-0.056199428036434	-0.192142901849392	0.339160225183063	0.109931466513362	-0.198504645476106	-0.0517266700417262	0.113462079548809	0.171716765568816	0.491865492544784	0.338456557572353	0.0633429916883762
Reactome__Infectious Disease	0.123954713113027	-0.0145658079791099	-0.0943697104544786	-0.255391632490433	0.125156875723869	-0.366403527655066	-0.292835804172878	0.487259425060197	0.38371962591128	-0.225505308594983	-0.230288627190136	-0.176564605874264	-0.11488160723423	0.21776527003201	0.199768680207898	0.233182041597297
Reactome__Influenza Infection	0.105236469993329	0.0327194078616688	0.041807258925931	-0.342798780540533	0.205551407348486	-0.282119539176938	-0.359788806846165	0.393139654153795	0.415122332967289	-0.134021524894065	-0.252238235603089	-0.257535550995238	-0.153089680753076	0.156493324931265	0.242935895184761	0.188586367442581
Reactome__Influenza Viral RNA Transcription and Replication	-0.10111431537968	-0.0335309751227354	-0.0481898671389727	0.361877085336167	-0.219359754598478	0.271341901777247	0.36440527448352	-0.378291550009119	-0.419594362432339	0.111232554837111	0.25019919663446	0.262561078837818	0.151042313777006	-0.140205063131913	-0.24634229039133	-0.186031227478763
Reactome__Innate Immune System	0.291004000289854	0.287010184203091	0.3426871464992	0.442376658444849	0.0661666365060553	-0.405100879407966	-0.134029957720516	0.151938897967607	0.104914735294433	-0.278736302078943	-0.178913214279768	-0.21117156147021	-0.241133917307816	-0.21636574044912	-0.151388569570907	0.130741883080158
Reactome__Interferon Signaling	-0.102054371044767	-0.333768834543601	-0.382408385104383	-0.194502385798284	-0.0540723798834942	-0.308841371480967	-0.109464220567341	0.575486060636085	0.225264406988016	-0.100182784069471	0.0747313065227715	0.0474353710949739	0.060288970022224	0.390983396446883	0.0543594781648237	0.156745742616531
Reactome__Interleukin-1 Family Signaling	-0.0829049999619959	-0.180103450518408	-0.313141256836812	-0.548513272723126	-0.0889249045211524	-0.0246589353305886	-0.197431130176976	0.315120496914276	0.0962478116571531	-0.132790423797186	-0.0161558118295485	0.147233200588244	0.198203237110622	0.459834553058718	0.338419172304867	0.0295657140619122
Reactome__Interleukin-1 Signaling	-0.0821363031960126	-0.169847871102295	-0.310032248792233	-0.54686002058358	-0.0882200007202059	-0.0151973048715635	-0.195827461421831	0.303331694662271	0.0849850214756697	-0.14619144535633	-0.0219359955716474	0.147585628310399	0.200397550443965	0.470997320386914	0.342494513506602	0.0264569228298769
Reactome__Interleukin-12 Family Signaling	-0.211036309113926	-9.65224198931827e-06	0.0447163209982722	-0.0278503472344483	-0.100601833466487	0.426596443898434	0.116510253062861	-0.510403745653145	-0.259782101146179	0.372929929905626	0.301095670890543	0.205501472607952	0.180393245550773	-0.123601073120933	-0.1255685676349	-0.288889707302453
Reactome__Interleukin-12 Signaling	-0.2095574091485	-0.0190254500831325	0.0358120550042863	-0.0379060096590288	-0.137405751402951	0.406763634732942	0.10088691657697	-0.482900070736098	-0.271576455278427	0.393319963139554	0.327035788660461	0.213968270150493	0.189513957533345	-0.106594986765725	-0.112024130820517	-0.290310321903671
Reactome__Intra-Golgi and Retrograde Golgi-to-ER Traffic	-0.0614527130599483	0.11540486047196	0.209632699836673	-0.0253689113254412	0.0802165302736779	0.372816611184643	0.189965638888159	-0.65315582023235	-0.101269242757559	0.163597630601428	0.190471308956612	0.198211761272378	-0.0664724325860914	-0.417509880349308	0.00205473058718739	-0.197142771762022
Reactome__Intracellular Signaling by Second Messengers	-0.0949283693784893	-0.21960119778487	-0.419385929118634	-0.53017203106714	-0.0477277461842436	-0.00843978687377253	-0.143403257492477	0.266866032771321	0.0566966600576669	-0.110223787726517	0.0269200292663446	0.175020157101506	0.224603922433268	0.425153764473103	0.330255582127758	0.0683659573951771
Reactome__KEAP1-NFE2L2 Pathway	-0.0957692933886811	-0.159912821404255	-0.286263967398336	-0.556403353620488	-0.0791901964999146	0.0357702316526609	-0.151206857946394	0.261776817993865	0.0844147343018308	-0.207856507745376	-0.0565501160860073	0.149951288218616	0.215418000807842	0.453443724584838	0.382968694476038	0.00940962205375921
Reactome__L13a-mediated Translational Silencing of Ceruloplasmin Expression	-0.0979724294696035	-0.0448860736668777	-0.0351407390197358	0.383814487433728	-0.22109800383004	0.277328049681725	0.366280673054385	-0.366598249239039	-0.406768516422237	0.0947977411584022	0.225053312534761	0.267347111797295	0.154030131712494	-0.143701364382719	-0.259177139483415	-0.193308991859123
Reactome__L1CAM Interactions	0.328030465122705	0.066137169639124	-0.0727738250504933	0.124252291926574	0.17535660585103	-0.596857074535618	-0.148475908479287	0.304325704768442	0.241894359052296	-0.280377428306293	-0.120300203957719	-0.130725852755217	-0.16434258926664	-0.102659883532584	-0.0221274759067267	0.398643645430406
Reactome__Leishmania Infection	0.176500030591931	-0.0412961849589445	-0.232541498773874	-0.0525520704302425	0.207589947519531	-0.51175176568097	-0.149370014828684	0.446012303046352	0.398761134075832	-0.245555137467893	-0.181417607256701	-0.105445165617824	-0.0835296432289613	-0.0132253839018169	0.0553649279626893	0.332456128949576
Reactome__M Phase	-0.0679405857047082	-0.208732143038588	-0.361959723227578	-0.456845931676953	-0.0755229953494228	-0.104364859552173	-0.169122208738138	0.369783438112492	0.0362454610558011	-0.159602865736827	0.00184362495487165	0.117234698444684	0.18293241218665	0.510504341704651	0.295772593170821	0.0897747433944177
Reactome__MAPK Family Signaling Cascades	0.0533144768701842	0.15948454663199	0.33043048643222	0.510200494513234	0.0903400885284695	0.0776870109667582	0.211459491726481	-0.307362869375906	-0.0619535832600489	0.143974973142873	0.0185494527490417	-0.121478967389509	-0.204920402419755	-0.492890709491449	-0.34744971806972	-0.0593847715548645
Reactome__MAPK1 MAPK3 Signaling	0.0692158600406462	0.162895727645081	0.313128252979156	0.493301767031426	0.118040498287066	0.0528497953263868	0.220549562577892	-0.288518428438206	-0.0297125090875399	0.147111036887434	0.00251982769609151	-0.13983661953835	-0.226738213543378	-0.514338243204221	-0.345555311814558	-0.0349130028449269
Reactome__MAPK6 MAPK4 Signaling	0.065983294653674	0.132339808088174	0.299201314371374	0.569028186960026	0.0788112278659693	0.0318642268787088	0.195232636495341	-0.300861769320084	-0.0890876885137497	0.152046664895332	0.0308958604952753	-0.137489733430176	-0.178222991344839	-0.459774353206695	-0.366523522933624	-0.0234431619547072
Reactome__MHC Class II Antigen Presentation	-0.273436539342313	-0.204158627786567	-0.155672879130317	-0.159931515496321	-0.0347086780421395	0.486471561873842	0.152530934473869	-0.384710917666955	-0.294330360107153	0.300071579218714	0.251825058498678	0.260040759915172	0.280511121051526	0.010124161128328	-0.0445523600364385	-0.190073298551925
Reactome__Macroautophagy	-0.2179910401049	-0.083559817414492	-0.134743919589353	-0.207987257423018	-0.00173780937165211	0.502306185346986	0.284121356682396	-0.475677724527756	-0.330652059489317	0.188161741688163	0.207151901102961	0.241767591343437	0.191713232225954	-0.040677472182443	0.0669664980117857	-0.18916140629875
Reactome__Major Pathway of rRNA Processing in the Nucleolus and Cytosol	-0.100408282401507	-0.0413854529966201	-0.0411103274571885	0.374698849750144	-0.220481079967782	0.262709712304654	0.360273095270758	-0.378497204916924	-0.411403099019609	0.117448610131395	0.250513080295749	0.256901780416613	0.155378478724739	-0.150316906196577	-0.253034457077069	-0.181286796860774
Reactome__Membrane Trafficking	0.157477827419152	-0.0274012592010947	-0.173978093997137	0.0683561879036374	-0.00926080364069137	-0.538042375801872	-0.241046286976379	0.587119399397175	0.221046636997515	-0.200827797323053	-0.119971445571907	-0.161569688872166	-0.0188121907159525	0.249028689997233	-0.0253909142869013	0.233272114672442
Reactome__Metabolism of RNA	0.0518794757157186	-0.0542009785340296	-0.144677673314376	-0.403654265355071	0.103776642878678	-0.243454928329508	-0.288821060234604	0.468739451720873	0.310067768270345	-0.19846949742114	-0.198254655370197	-0.123911522127323	-0.103455276285598	0.332046740433399	0.295970344283625	0.196419433669208
Reactome__Metabolism of Amino Acids and Derivatives	-0.144452599042886	0.0329046935837514	0.0724615605864278	0.277741679982861	-0.187730873098183	0.392880441661273	0.306824862819646	-0.443405487391567	-0.400461689124869	0.236591896900614	0.184395627086981	0.154678035967583	0.123153006002257	-0.155827057773661	-0.209855016976077	-0.239899081184152
Reactome__Metabolism of Carbohydrates	0.226206404918035	0.167944688679896	0.255763502104666	0.241042224376894	-0.0405228156468603	-0.378878030457408	-0.200052969936803	0.404987394320246	0.161040265344213	-0.472063456928095	-0.29745498889677	-0.230654557544081	-0.121034094071381	0.159156168215428	-0.00734886181149224	0.131869127333511
Reactome__Metabolism of Lipids	0.290153560104781	0.163735601454541	0.0562524809045714	0.202649402140113	0.169324866594144	-0.488508394673945	-0.20780679326107	0.331038962559053	0.292756551321886	-0.330791359775373	-0.202694003031553	-0.206757113791696	-0.262718436053262	-0.0672984425105055	-0.00787706923277944	0.268540187251094
Reactome__Metabolism of Nucleotides	0.0785812333111807	0.394212286784231	0.421433953802627	0.513395251698069	-0.271776792733882	0.138382710519875	-0.0540876450608254	-0.366380310254841	-0.240953930932424	-0.000206126436296456	-0.137824019559331	-0.042543841148469	0.0403146946174855	-0.147532015324925	-0.0850634649622008	-0.239951984320274
Reactome__Metabolism of Polyamines	-0.0844092249912235	-0.156061576068539	-0.29249964124919	-0.538403269994289	-0.093637237805655	-0.00462902315170576	-0.19738154059843	0.281904353176478	0.068169665888656	-0.177191253976186	-0.0236489547138688	0.160061603139661	0.209715180210203	0.47139131464495	0.370700349686367	0.00591925580277302
Reactome__Metabolism of Vitamins and Cofactors	-0.249425207179745	-0.100427436871098	0.0386352719646735	-0.145097731237985	-0.232833033013661	0.477067326180432	0.18978584511115	-0.428415279218589	-0.304071444965684	0.280185728402033	0.262103863606909	0.235930407189097	0.212940848457542	-0.00380385726649927	0.0179948848239868	-0.250570185982562
Reactome__Metabolism of Water-Soluble Vitamins and Cofactors	-0.260852514610886	-0.137781197390832	0.0384347255466611	-0.153183481958424	-0.191092976119348	0.469739790852759	0.225525234655806	-0.411497867783227	-0.289448515793611	0.283744669079848	0.298273028476857	0.257714624368571	0.184587559245424	-0.0469998537507032	-0.0360597650633357	-0.231103459755559
Reactome__Mitochondrial Protein Degradation	-0.244873593756792	-0.0443030294101444	-0.0632408913432403	-0.0799061155533916	-0.272380254701611	0.567106775964639	0.154947961265087	-0.281302886941723	-0.335342807320309	0.299209211705849	0.0431066964170241	0.0642977694131299	0.310672068893097	0.165797260459286	0.0261853854439126	-0.309973550534813
Reactome__Mitochondrial Protein Import	-0.200422242637571	-0.0490251883518308	-0.16160205434392	-0.190427058075514	-0.230489081835113	0.592879746606705	0.154528608153371	-0.275451219306347	-0.289787653931234	0.130558929029512	-0.0709088365421252	0.102317943959738	0.3310784199622	0.247457979626518	0.177338219385409	-0.268046511699797
Reactome__Mitotic Anaphase	0.0336734091668549	0.154342979559211	0.333676415052074	0.464081074232339	0.0839995766718724	0.112826761982456	0.192773075931213	-0.361941709104511	-0.0204114839718133	0.203955334526651	0.0334575191584821	-0.112944245276187	-0.170452112541195	-0.495744904033686	-0.343639156679231	-0.107652534674532
Reactome__Mitotic G1 Phase and G1 S Transition	0.0608289283927306	0.128441967622583	0.282982189587007	0.543191066937352	0.10180712031885	0.0294722727399318	0.209033107547901	-0.294641047785511	-0.0513910763668455	0.178208230870243	0.0339106185552943	-0.151440642593663	-0.194430730990269	-0.472035573970189	-0.378375314217786	-0.0255611166476295
Reactome__Mitotic G2-G2 M Phases	-0.0736379078079087	-0.177313781128646	-0.337328775415183	-0.53194216200047	-0.0869317034849021	-0.039677895736651	-0.191931719902606	0.285473925767162	0.0314072088155742	-0.128991554285041	0.0130275520293022	0.161656380562375	0.21186641161328	0.488844621125854	0.330293102339745	0.0451862975081153
Reactome__Mitotic Metaphase and Anaphase	0.0336734091668549	0.154342979559211	0.333676415052074	0.464081074232339	0.0839995766718724	0.112826761982456	0.192773075931213	-0.361941709104511	-0.0204114839718133	0.203955334526651	0.0334575191584821	-0.112944245276187	-0.170452112541195	-0.495744904033686	-0.343639156679231	-0.107652534674532
Reactome__Mitotic Prometaphase	-0.0304581427965293	0.23324276488986	0.295804363609966	0.031540569674655	-0.09473125876308	0.444192082020684	0.0852304091616924	-0.480736174518587	-0.516332852209735	0.199321950869623	0.0503196923685013	0.0370751012857141	0.0639111923636457	-0.0253781839255119	0.0172579840621805	-0.31025949809308
Reactome__Muscle Contraction	-0.296618358780128	-0.202873680650305	-0.15400683609067	-0.289275928222207	-0.167877414054299	0.419894532518509	0.0562169585807436	-0.348436374458316	-0.220121733578833	0.354236272143623	0.285966129452194	0.192540319486241	0.295344698355299	0.105226040630328	0.131275515003838	-0.161490140336019
Reactome__NIK-->noncanonical NF-kB Signaling	-0.0722082672950558	-0.132474107042876	-0.278601363294406	-0.538304192421642	-0.0974248368311787	-0.0302221014399604	-0.217775547677995	0.287585834702859	0.0730744722584268	-0.172214426380268	-0.0292131863399123	0.155284319057976	0.191231366898567	0.488343649180138	0.366406885825172	0.00651150080015553
Reactome__Neddylation	0.0798659476556097	0.147787075205179	0.311678319765108	0.469083189931778	0.129411984272705	0.0265775198681152	0.200920114217821	-0.314193376269652	-0.0429161648090265	0.182924415473989	0.0122664558276533	-0.136052739580757	-0.187786817930598	-0.552193031040419	-0.322315431210375	-0.00505746137712858
Reactome__Negative Regulation of NOTCH4 Signaling	-0.0764540878330211	-0.143696204031323	-0.284765659969211	-0.555439612981186	-0.0944286817610302	-0.0204576524227987	-0.205734167747377	0.290103778464932	0.0654592286889173	-0.158138030949234	-0.0175021568514245	0.153381210107603	0.19450072330272	0.469142664902964	0.36990536630139	0.0141232827780789
Reactome__Nervous System Development	-0.130553765707241	-0.00617304674771861	0.0565803800327507	0.34534280472069	-0.212512212971213	0.342715611380078	0.306869189627471	-0.417452250150363	-0.400013305677007	0.16479612279764	0.234663534512209	0.187041172317858	0.142984127364505	-0.141859737331763	-0.239475778973727	-0.23295284519417
Reactome__Neuronal System	-0.228249716822114	-0.0291942069792198	0.157595924275395	-0.0767876928359493	-0.202587487894501	0.531876843283805	0.204021456344786	-0.404462197761164	-0.38802042074344	0.241983543786585	0.162883621087619	0.11245350286205	0.172596828054399	0.0614159310137273	0.00887318970678509	-0.324399117378764
Reactome__Neurotransmitter Receptors and Postsynaptic Signal Transmission	-0.167461413951241	0.0499306353067287	0.363844977230904	0.0730404071610714	-0.320410946546028	0.423997924777801	0.0878133260348052	-0.299417742837463	-0.484167619916893	0.131168898606921	0.123228473834265	0.0902945745403888	0.154626715071226	0.174616770974177	-0.0553957012802493	-0.345709279006416
Reactome__Neutrophil Degranulation	-0.2877417122461	-0.316358968652615	-0.363425411126922	-0.409693780813568	-0.0766448398064385	0.384911833434111	0.13109679577914	-0.140009908393114	-0.106777180881498	0.309477207530672	0.199725013447422	0.21109253501536	0.240283298026854	0.215296572946396	0.128116286096697	-0.119347740356398
Reactome__Nonsense Mediated Decay (NMD) Enhanced by the Exon Junction Complex (EJC)	-0.106805725548437	-0.0493687453172482	-0.0466634088441402	0.369557862630041	-0.231325954768552	0.265155415003772	0.363017639407857	-0.366545136064679	-0.408719004515321	0.106576684778819	0.253967843071095	0.266381569408491	0.161543733884114	-0.13851311232997	-0.252759401163452	-0.18550025963239
Reactome__Nonsense Mediated Decay (NMD) Independent of the Exon Junction Complex (EJC)	0.105441106807127	0.0496382031708822	0.0522684251048033	-0.363475684650905	0.227039065129917	-0.26811545908442	-0.369120247219059	0.369815323854365	0.41306190132279	-0.104230056531881	-0.253630068569812	-0.267224102957021	-0.158214237252573	0.139811445703059	0.246553831074125	0.180380554098603
Reactome__Nonsense-Mediated Decay (NMD)	-0.106805725548437	-0.0493687453172482	-0.0466634088441402	0.369557862630041	-0.231325954768552	0.265155415003772	0.363017639407857	-0.366545136064679	-0.408719004515321	0.106576684778819	0.253967843071095	0.266381569408491	0.161543733884114	-0.13851311232997	-0.252759401163452	-0.18550025963239
Reactome__Nuclear Events Mediated by NFE2L2	0.0846329764625769	0.134946718199798	0.254771178989566	0.544844712226613	0.0918481111019071	-0.0405588287417048	0.16985149564375	-0.266709260766795	-0.087852061133907	0.23124228874423	0.0920955904872323	-0.131232825866541	-0.219534429728167	-0.467270277464839	-0.386452050837807	-0.00462333731591236
Reactome__Organelle Biogenesis and Maintenance	-0.246755730993108	-0.125158391029118	-0.171925632123416	-0.127412855395083	0.0276709220118449	0.450953454412706	0.175931769159485	-0.442164591776649	-0.214208582758379	0.381470065270093	0.279582331010617	0.247653150863723	0.194973265443178	-0.109911942519787	-0.0747721616758394	-0.245925069900265
Reactome__PCP CE Pathway	-0.07416398062063	-0.171643237376062	-0.309825363961107	-0.560299229590786	-0.0526684635727743	-0.0395733784190773	-0.177100930763679	0.305390784081518	0.0939873636346674	-0.168524717627639	-0.0206039865024608	0.136914405641571	0.183371604240376	0.448050609415417	0.365619452777199	0.0410690686434662
Reactome__PIP3 Activates AKT Signaling	-0.0862393273126485	-0.189707963460089	-0.370963988254555	-0.538149977782111	-0.0709275678297543	-0.0183623083350806	-0.176123051804564	0.278940028103798	0.0391333340029554	-0.110555163687449	0.0128671314078368	0.162265794775424	0.213232747786509	0.458539408815452	0.340774984895682	0.055275918678595
Reactome__PTEN Regulation	-0.0749599169765155	-0.153875132470168	-0.333117801435736	-0.535906796226011	-0.0863033355615995	-0.0339799598296152	-0.201840043334291	0.303980650278965	0.06601902434212	-0.137065238801917	-0.0164541608473393	0.159567559948634	0.190340243741326	0.47757315773374	0.341167174104113	0.0348545753342946
Reactome__Parasitic Infection Pathways	0.176500030591931	-0.0412961849589445	-0.232541498773874	-0.0525520704302425	0.207589947519531	-0.51175176568097	-0.149370014828684	0.446012303046352	0.398761134075832	-0.245555137467893	-0.181417607256701	-0.105445165617824	-0.0835296432289613	-0.0132253839018169	0.0553649279626893	0.332456128949576
Reactome__Peptide Chain Elongation	0.103572607992056	0.0485641688653207	0.0464178074440527	-0.367660893047764	0.224505238306837	-0.268338643707684	-0.369573313148658	0.37148562766657	0.412682946991319	-0.104347135655563	-0.249629305689924	-0.26418463465053	-0.156334146938239	0.144332560382852	0.247461823823178	0.181045291366177
Reactome__Peroxisomal Protein Import	-0.260453422475448	-0.191459067965136	0.0190310258054863	-0.189467737477607	-0.117985200438625	0.541807451723693	0.266853489189338	-0.366255343351501	-0.272247256750069	0.294383133027357	0.148400415807402	0.189930991841102	0.257822215783545	-0.0533404549470191	-0.027270327829171	-0.239749911943347
Reactome__Platelet Activation, Signaling and Aggregation	0.143644848022105	-0.145640769436883	-0.190862858675593	-0.0610681474395553	0.264429909693633	-0.478013081117522	-0.0967148258836557	0.465411402817079	0.432043337044654	-0.20205458357108	-0.147652591854727	-0.0878159260878724	-0.167156574960102	-0.0842073965802746	0.0393781201418745	0.316279137887919
Reactome__Platelet Degranulation	0.165725296704546	-0.117886722996533	-0.0860642993443597	-0.0103412660555471	0.229494522676231	-0.426678698372583	-0.0931040269537678	0.526024215530126	0.432704844283665	-0.260996073621653	-0.201076233603914	-0.117975116530401	-0.22437432061384	-0.0711309994940713	-0.00107923013585453	0.256758108527956
Reactome__Post-translational Protein Modification	-0.0528516957356692	-0.204555636159845	-0.323638280538054	-0.257224705014277	-0.119341294513036	-0.235004818346069	-0.18798298377445	0.523754332557441	0.121969544621355	-0.156413145180464	-0.0438699605632144	-0.00330853187117116	0.120052381896758	0.562615453134288	0.141847017549705	0.113952321936703
Reactome__Processing of Capped Intron-Containing Pre-mRNA	0.0114356348170051	-0.139574355836528	-0.357480935342212	-0.220290152838335	-0.0028506836451401	-0.216139012265779	-0.14018522474563	0.516582021260515	0.0515335233043935	-0.266096685949859	-0.12748145675873	0.0255124765417214	-0.119743781961127	0.497018882024905	0.23527506863576	0.25248468275904
Reactome__Programmed Cell Death	0.0818822283369801	0.177035717797366	0.348288781463095	0.551676184445831	0.0847846965182778	0.0296022324369875	0.18004624868763	-0.324239447457756	-0.08954243778565	0.0931005468379016	-0.0109326818368065	-0.135059654847692	-0.160430154095243	-0.476500725578948	-0.319256790848581	-0.0304547440733903
Reactome__Proteasome Assembly	-0.0756880883688399	-0.155362545444984	-0.312253000952527	-0.561759938259576	-0.0840887942643212	-0.018431953184469	-0.196393736101084	0.28201517543392	0.102344570200502	-0.162635256960855	-0.00671128604717256	0.169852637085428	0.191439821737968	0.441805612577629	0.365322946946898	0.0205438356014834
Reactome__Protein Folding	-0.126101528754914	-0.0678384416038649	0.000682425684786482	0.0393245826624719	0.217461609048737	0.330083046869951	0.241337874842025	-0.524251189907525	-0.0295712982276936	0.400925827386467	0.146078827234005	0.175365507628554	0.0583549744013039	-0.412440280563891	-0.210285248593167	-0.239126688107244
Reactome__Protein Localization	0.242103693924589	0.126766025399717	0.09101619018737	0.222770105832551	0.149073293801495	-0.593247043421844	-0.234520172747782	0.348540549543015	0.264141447093875	-0.250718241966556	-0.0679068639603195	-0.158795005367449	-0.293951755465757	-0.0426457273466204	-0.053954333536046	0.251327838029761
Reactome__RAF MAP Kinase Cascade	0.0704806538557565	0.162169377756032	0.311209515859946	0.494840894308437	0.117877208370236	0.0505375442554863	0.220064901209285	-0.287612887567779	-0.0294548679000885	0.146633124487408	0.00328719150141649	-0.139480537139395	-0.225837395095384	-0.515544023075515	-0.345963124078682	-0.0332075767471607
Reactome__RHO GTPase Effectors	0.20531183629737	-0.0463292398832699	-0.168298211502084	0.0182614224006542	0.141540935988553	-0.550733981678109	-0.169507058157635	0.468090484887712	0.31999002093035	-0.287100653955566	-0.177946736964761	-0.118281366675267	-0.0836022916861786	0.0577316966028356	0.0563850291954303	0.334488114199966
Reactome__RHO GTPase Cycle	0.310582705049155	0.101596442587922	0.0254646678865412	0.178449638437164	0.158866027293062	-0.545330262193284	-0.105444717259663	0.352448762888604	0.240242285598189	-0.313481267960487	-0.18259268625809	-0.198364963179939	-0.200348740713357	-0.149995681211422	-0.00587823564468062	0.333786024680287
Reactome__RNA Polymerase II Transcription	-0.0924012259023451	-0.239752170473787	-0.377524061247266	-0.478031902318389	-0.0571597822521138	-0.0926274812457753	-0.15217752685961	0.383736631343042	0.122547109318162	-0.141007998938185	-0.00465926882863298	0.120298301980146	0.139372101061551	0.470703247104671	0.272922087863331	0.125761939395201
Reactome__Regulation of APC C Activators Between G1 S and Early Anaphase	0.0744393179123151	0.136451868419703	0.283740033981416	0.554526511509522	0.0961299454215826	0.0184864819949486	0.208497524011044	-0.290476252370892	-0.0779227121172495	0.169371197331022	0.0217893327119724	-0.156564240983917	-0.192529961935855	-0.467157431701033	-0.367735884942404	-0.0110457292421766
Reactome__Regulation of Apoptosis	-0.0876366815724791	-0.141846129497447	-0.284157851835325	-0.558370929253966	-0.104449051383125	0.0043284062139532	-0.197207580118622	0.280246254433098	0.062229817589363	-0.160302324685295	-0.00934944439857932	0.16333654578394	0.207460067292202	0.473984673640938	0.356730760485388	-0.00499653269404257
Reactome__Regulation of PTEN Stability and Activity	-0.0814732396281377	-0.145998772092083	-0.297808594455824	-0.554469662540577	-0.0881327627701932	-0.0162162062223182	-0.202203818853841	0.289009867818069	0.0813504703577024	-0.162349305802906	-0.0140627009708311	0.161015115038624	0.188800686403358	0.464263509630593	0.364701362060076	0.0135740520282888
Reactome__Regulation of RAS by GAPs	-0.0796495162872422	-0.13796203413021	-0.283124295242947	-0.542996702301177	-0.102201560626277	-0.0165331691734262	-0.207279249138259	0.293355228039928	0.054776786803809	-0.166131288758298	-0.0136329153906432	0.153216357604936	0.198635563281266	0.486912419548993	0.359256015701576	0.00335836006797345
Reactome__Regulation of RUNX2 Expression and Activity	-0.0784998092484042	-0.138752322427048	-0.287576890015501	-0.552549436062792	-0.0983192634802849	-0.0236045488824559	-0.209253642082493	0.290451487635491	0.0792061750668557	-0.163350101672134	-0.011504328552573	0.163760830409647	0.193619659847531	0.465660904725407	0.365982755628505	0.00472852911025111
Reactome__Regulation of RUNX3 Expression and Activity	-0.077121671786612	-0.135008221773025	-0.280197817922947	-0.55114151517815	-0.10022213053725	-0.0179450401536686	-0.210618366686615	0.288579050023361	0.0699307722211367	-0.169004588625741	-0.0169716149624253	0.158848099673044	0.196280962842103	0.472371075711097	0.367279305346196	0.00494170180949671
Reactome__Regulation of Activated PAK-2p34 by Proteasome Mediated Degradation	0.0837798618747647	0.138108677110633	0.281934979336888	0.561817212978	0.0965467417813468	0.0063071343576234	0.204367367000787	-0.280619669563457	-0.0680247597956108	0.158133659695047	0.0120135757143209	-0.161748337245371	-0.197607833343102	-0.468863504230722	-0.366175131008821	3.00253376729266e-05
Reactome__Regulation of Expression of SLITs and ROBOs	0.0730228534823958	0.010902989908891	-0.0211145411320145	-0.442493184219692	0.175500216712715	-0.246019707383338	-0.36866750566687	0.389984897924516	0.370548032762472	-0.12293919428053	-0.221269669525384	-0.195021291720003	-0.0963952470169983	0.228786950733906	0.30233742752066	0.162836971899273
Reactome__Regulation of mRNA Stability by Proteins That Bind AU-rich Elements	-0.0874873325328296	-0.147132128133683	-0.30681853974589	-0.551200540496614	-0.10049765177196	-0.0147665144391267	-0.18365090587667	0.322824170203266	0.113075454334666	-0.132787469473414	-0.0353432188248207	0.126760952603292	0.178636378646374	0.482160599371575	0.335187396886323	0.0010393492495103
Reactome__Regulation of Mitotic Cell Cycle	0.0744393179123151	0.136451868419703	0.283740033981416	0.554526511509522	0.0961299454215826	0.0184864819949486	0.208497524011044	-0.290476252370892	-0.0779227121172495	0.169371197331022	0.0217893327119724	-0.156564240983917	-0.192529961935855	-0.467157431701033	-0.367735884942404	-0.0110457292421766
Reactome__Respiratory Electron Transport	-0.198966608008162	0.0230575120566025	-0.107649726855575	-0.121694819608044	-0.156010966526524	0.578742063593122	0.073404076151935	-0.407697345697766	-0.259091538166081	0.398520103774138	-0.0263612859943683	0.0745220605272824	0.219057375983554	0.103398101958153	0.119087013035279	-0.312316016223544
Reactome__Response of EIF2AK4 (GCN2) to Amino Acid Deficiency	-0.10089084879975	-0.0434369925967715	-0.0448224151284155	0.370316754446541	-0.22144933425518	0.26593828900099	0.368998106439601	-0.371782515371983	-0.411940577599133	0.105287379555175	0.25240253694637	0.261455876077992	0.152704726102849	-0.150759221751234	-0.250872956426889	-0.181148806640161
Reactome__Response to Elevated Platelet Cytosolic Ca2+	0.162746270670469	-0.124902044100422	-0.0952905170732323	-0.0138425139557548	0.231118350190077	-0.423178922354351	-0.0878937776854986	0.526523560295259	0.434846618551921	-0.264161136780267	-0.197891791389446	-0.115127885700628	-0.220414189760382	-0.0703409684275528	0.000177063139042786	0.257631884380766
Reactome__Ribosomal Scanning and Start Codon Recognition	-0.0927238387850564	-0.0303817240415269	-0.0151409726217236	0.407537140350071	-0.215123024498828	0.276377543032479	0.35561388823548	-0.369925347135328	-0.413826207512152	0.0786647633354791	0.202147480937907	0.265399293996392	0.151344153073899	-0.138767085593268	-0.252301529223129	-0.208894533550695
Reactome__S Phase	0.0704660329883015	0.137579449072279	0.283306290961145	0.522133234682686	0.110563969958856	0.0348322418149801	0.203685555407044	-0.325325629750629	-0.0796527266164306	0.178919761638607	0.0398578694977581	-0.132934141410799	-0.178129187571158	-0.502095937195629	-0.347512586302437	-0.0156941971745746
Reactome__SARS-CoV Infections	-0.15341305121729	-0.0214124651874862	0.0293440725453168	0.229353993260578	-0.155801750044242	0.344475922761462	0.262789313197006	-0.470690606736536	-0.431067560395718	0.228732899989107	0.269925465495122	0.215088073151393	0.18133030193462	-0.133733896714648	-0.158803785255308	-0.236116926783376
Reactome__SARS-CoV-1 Infection	-0.121938398310415	-0.0265691348152961	0.0198964666532872	0.327693640493536	-0.189290895182891	0.294803664305465	0.32024918259356	-0.430330719312238	-0.433460132881911	0.151553321739436	0.263538190887229	0.235970997124404	0.1502280319046	-0.149219562595043	-0.206348000559233	-0.206776652044488
Reactome__SARS-CoV-1-host Interactions	-0.120316194125805	-0.023383438184822	0.0154172594620197	0.335687169136254	-0.190200980039072	0.292457182830066	0.318483885132072	-0.422783411310527	-0.433326302442314	0.16071242984042	0.260045281303295	0.233043117101909	0.148373333608062	-0.148946257859891	-0.215025166280151	-0.210237908171515
Reactome__SARS-CoV-2 Infection	-0.132170215866813	-0.00373265972145366	0.0253115220128417	0.292203156253797	-0.204755638808932	0.321461901956649	0.297383878536889	-0.415863660350798	-0.463292447658189	0.188609278367293	0.254441947446474	0.206820918003522	0.163981347110728	-0.091596237110063	-0.202540571545368	-0.236262518626578
Reactome__SARS-CoV-2 Modulates Host Translation Machinery	0.107095550231689	0.0219205936381626	0.0194285921019367	-0.398823733358975	0.219506807201537	-0.239050727298488	-0.345993521842685	0.369881125171188	0.428192571509485	-0.11379093707759	-0.263107462340022	-0.237680981110588	-0.153929479903703	0.138492864855503	0.252052432518856	0.195806305703696
Reactome__SARS-CoV-2-host Interactions	-0.10710420842252	0.024702794001584	0.0243483411397893	0.341718776788931	-0.202439475264418	0.28198049400863	0.315093116033674	-0.412132111759009	-0.465145720419471	0.150591329796514	0.254419333561032	0.212960814508322	0.145068007872402	-0.132111968273762	-0.218650276000002	-0.213299247571698
Reactome__SRP-dependent Cotranslational Protein Targeting to Membrane	0.102839712890281	0.0495063098419822	0.0470797138162303	-0.372154109510275	0.23197218519971	-0.266227080130965	-0.361284506325809	0.356224896217549	0.418410080651818	-0.104975287193309	-0.255679372703515	-0.260689543822654	-0.160936759387891	0.129561219869267	0.258015056902308	0.188337483685271
Reactome__Selective Autophagy	-0.203706147954625	-0.0542515085522387	-0.0825090153873787	-0.131448963993666	-0.0124109784941145	0.523693909469587	0.28843812159193	-0.492651407792354	-0.394116213553748	0.143555947308779	0.202153440437964	0.207498401158695	0.175439126588904	-0.0447535733278842	0.0614689800646018	-0.186400117564453
Reactome__Selenoamino Acid Metabolism	-0.120191888659202	-0.0463212350282523	-0.0559010047827052	0.333285691559145	-0.214753099843126	0.292119799052787	0.363825220628832	-0.383015220494331	-0.413535181723622	0.13946902497265	0.250581617534947	0.256965429302645	0.163812619383331	-0.135222078153318	-0.241489011472783	-0.189630682277
Reactome__Selenocysteine Synthesis	-0.103896278412019	-0.0483473065096612	-0.0492403228128928	0.36895665796958	-0.226908662104557	0.26619601155406	0.370464020101893	-0.365473962970439	-0.416326222584974	0.101812551445431	0.252544827023291	0.262938346207119	0.15603637253724	-0.137766976648584	-0.249700932043394	-0.181288122752093
Reactome__Sensory Perception	0.332247975392735	0.169331450881382	-0.173666498085969	0.198036253862744	0.136864172548285	-0.525828479947956	-0.103586016084082	0.355682542656304	0.188392958353746	-0.384962007438	-0.117876656536692	-0.143559075755255	-0.147964966669596	-0.0610627744094598	-0.0567918157073727	0.334742936939187
Reactome__Separation of Sister Chromatids	0.0696653720886792	0.171845517830611	0.315674724869939	0.475798228737337	0.122345917062768	0.0642581762414776	0.185727993457219	-0.350673022417589	-0.0206753522645248	0.167998076535846	0.0144995014804177	-0.134990935187945	-0.187290195673665	-0.526922990056633	-0.317361359359175	-0.049899653344762
Reactome__Signaling by ALK Fusions and Activated Point Mutants	0.243963897537952	0.0401558126315543	-0.0491955232843447	0.0353006295327285	0.155484098496363	-0.508956565698748	-0.0974573353623424	0.465362668586416	0.260346819096379	-0.387959204429151	-0.108161855985661	-0.104364478005042	-0.250929852526174	-0.076245982687689	0.0446072144253442	0.338049657672414
Reactome__Signaling by ALK in Cancer	0.243963897537952	0.0401558126315543	-0.0491955232843447	0.0353006295327285	0.155484098496363	-0.508956565698748	-0.0974573353623424	0.465362668586416	0.260346819096379	-0.387959204429151	-0.108161855985661	-0.104364478005042	-0.250929852526174	-0.076245982687689	0.0446072144253442	0.338049657672414
Reactome__Signaling by GPCR	-0.130323844597579	0.169842102828936	0.286789683756196	0.168997455119333	-0.372509252824121	0.424800249306624	0.0432272263062742	-0.250399609831574	-0.474552436633707	0.139645195363813	0.076856330873601	0.0061821228747679	0.10172538506522	0.233941168141792	-0.0479928684929745	-0.376228907256601
Reactome__Signaling by Hedgehog	-0.0935316155866248	-0.159479239482894	-0.283490480820113	-0.549305937657904	-0.110131116419251	0.00713208998082696	-0.171714665047232	0.276245022463158	0.0248598233102474	-0.162360263752332	-0.00504342928051652	0.171974645759516	0.204359113013675	0.474980543995028	0.376546870067427	-0.00104136054301051
Reactome__Signaling by Interleukins	-0.0494203153097205	-0.193754521825842	-0.316676184523111	-0.447159860808421	-0.0884147073541654	-0.13821580605653	-0.190375463882812	0.42380060423674	0.106965150272143	-0.155987209914333	-0.0611719751824308	0.0816027151367168	0.136485283272896	0.503446844254536	0.301994570865549	0.0868808768187864
Reactome__Signaling by NOTCH	0.0986920346433889	0.166882091875614	0.264294902781545	0.550572332926981	0.0988043882437755	0.0325130326347779	0.19543810255425	-0.333195578167411	-0.0822889385034451	0.127834647336722	0.0265988619371622	-0.142029689557164	-0.17206682062552	-0.486351540787544	-0.345334284192262	-0.00036354310087116
Reactome__Signaling by NOTCH4	0.0751106720212436	0.143085952088094	0.28425604805456	0.553626339463199	0.0949376060081712	0.0244306335422322	0.207657052686685	-0.292984044271948	-0.0674433316919597	0.158822640676167	0.01832102746673	-0.152250550438774	-0.193971875589546	-0.470096757089998	-0.368623860588329	-0.0148775523365276
Reactome__Signaling by Nuclear Receptors	0.228174809091291	0.0639768923515958	-0.110408972597089	-0.0261366677696365	0.261800143509293	-0.499052990979455	-0.169600999882253	0.359984776441339	0.437593805531253	-0.247312079473431	-0.126584488645796	-0.131796924291993	-0.26711397934923	-0.10427286564967	0.0387706590088204	0.291978882704961
Reactome__Signaling by ROBO Receptors	0.0876380503422535	-0.000372068549486927	-0.037366104431881	-0.436744030410446	0.186996158944033	-0.268781212769313	-0.349182274090376	0.392828670227653	0.375338450914773	-0.1382927607339	-0.218403306013141	-0.184592587947741	-0.0981786151121014	0.20461540840454	0.297344677322698	0.187151543902437
Reactome__Signaling by Receptor Tyrosine Kinases	0.307874479995077	0.0478452240762517	0.0395589936131205	0.156547295041075	0.18312136391753	-0.545926630135318	-0.121918417665005	0.324422353918323	0.290319347277794	-0.302503619836084	-0.184686088371183	-0.180313984442007	-0.219129906425492	-0.144915223719478	0.0126982016682064	0.33700661108719
Reactome__Signaling by Rho GTPases	0.271414584767735	0.0569174881140974	-0.0390087473874604	0.106136866335282	0.159754361865396	-0.546170903947947	-0.130054452244273	0.402802969287187	0.291905390446925	-0.318146853729347	-0.202200777892531	-0.165363469181877	-0.177833513998599	-0.0787518856756395	0.0311595304284491	0.337439412812601
Reactome__Signaling by Rho GTPases, Miro GTPases and RHOBTB3	0.272415838841854	0.0612650828000193	-0.0326024452554903	0.102744087098329	0.161898993164758	-0.545124162731106	-0.130304531628896	0.399847216192822	0.296018220943669	-0.313995296250239	-0.200457968036241	-0.166620946324375	-0.186042116487119	-0.0843954282009213	0.0284907553295053	0.336862700543432
Reactome__Signaling by WNT	-0.094723382454218	-0.233247690514451	-0.355434400280177	-0.543876233366796	-0.0557192636900837	-0.0542717282565898	-0.148687252430696	0.327212288530378	0.125077839080837	-0.123682959690589	0.0235641565303879	0.12949030049031	0.173388089075939	0.444973963787648	0.312254721805994	0.073681551382105
Reactome__Signaling by the B Cell Receptor (BCR)	-0.0929760019807631	-0.164129771627909	-0.298368667229648	-0.559537714242879	-0.100426695531432	0.00826079686318641	-0.1987717431804	0.268410597154314	0.0857924145431553	-0.144798645185638	-0.00449984562418333	0.17187844564821	0.205142265746727	0.462473341934868	0.355973114386729	0.00557810832566236
Reactome__Synthesis of DNA	0.0679262827556257	0.128126570673467	0.27656678983693	0.546920406288774	0.105010481602752	0.022160271638427	0.209625154583656	-0.299059848317895	-0.0797023869132876	0.178243184729874	0.0381390316504033	-0.146381851134421	-0.190815588661373	-0.471104058049285	-0.372745358798889	-0.0129090818847596
Reactome__TCF Dependent Signaling in Response to WNT	-0.0877197096192479	-0.179851766337942	-0.329125577822468	-0.54111405829593	-0.0823893059652133	-0.041791065305548	-0.186591987151483	0.304517246992185	0.0812777508411494	-0.149566483613889	0.019272109541244	0.163642439480594	0.184202034116928	0.460054057665864	0.345658546219868	0.0395257692538877
Reactome__TCR Signaling	-0.08682647317208	-0.138776250770383	-0.280693353021721	-0.559227996299359	-0.101576208244373	0.00511734944594499	-0.201718965209909	0.268445121956652	0.0633633508530056	-0.159730975860393	-0.0158024248771369	0.163494861116204	0.204038020068586	0.474541471294939	0.367755741345136	-0.00240326862511093
Reactome__TNFR2 Non-Canonical NF-kB Pathway	-0.0722082672950558	-0.132474107042876	-0.278601363294406	-0.538304192421642	-0.0974248368311787	-0.0302221014399604	-0.217775547677995	0.287585834702859	0.0730744722584268	-0.172214426380268	-0.0292131863399123	0.155284319057976	0.191231366898567	0.488343649180138	0.366406885825172	0.00651150080015553
Reactome__The Role of GTSE1 in G2 M Progression After G2 Checkpoint	0.0655068461608824	0.131176149668148	0.288055566856271	0.548559938522195	0.108454203790171	0.0153860743130456	0.196569161935544	-0.29121807594443	-0.0510101895940901	0.175037925919153	0.0282782818348667	-0.157192888498258	-0.194759096051167	-0.478347901751656	-0.365084944053454	-0.0194110531072217
Reactome__Transcriptional Regulation by TP53	-0.222302742891199	-0.207510180375805	-0.204540542657024	-0.226384499100757	0.094793427113843	0.359458795904654	0.186380478945455	-0.410054270198233	-0.25530330467294	0.387050743631445	0.373760509810585	0.236775073606593	0.165302999279072	-0.10075505939771	-0.0193242548414626	-0.157347174156516
Reactome__Transcriptional Regulation by RUNX1	-0.0933326094197715	-0.14576922177333	-0.289763097803026	-0.555983614649662	-0.0975160281555978	-0.0126457436589803	-0.203234849883926	0.283646993503585	0.105021559729613	-0.148484989552095	-0.023367208518199	0.15801665203434	0.180309081288405	0.473666149099099	0.360538254299168	0.00889867346037781
Reactome__Transcriptional Regulation by RUNX2	0.0827896735794423	0.138100231136307	0.285121043309205	0.553702470753086	0.108858634067614	0.0170338439718696	0.208019519936295	-0.288636050611463	-0.0699284245632707	0.153916953247389	0.00652100825653045	-0.164276993061731	-0.198906720398025	-0.471334067576041	-0.360750480643611	-0.000230641403596145
Reactome__Transcriptional Regulation by RUNX3	0.07040263265919	0.141206513225605	0.278406599820175	0.54400322507244	0.104368609741727	0.0391751138186648	0.214529846915305	-0.308309585479971	-0.084345179199822	0.174729970160096	0.0156615219968141	-0.156690730178189	-0.186542705378442	-0.472385179582425	-0.357023555504558	-0.0171870980866089
Reactome__Translation	0.109536034731763	0.0520190309989216	0.0449577614817214	-0.328844109909789	0.2104469120411	-0.306653846051008	-0.354258878534493	0.388431370694275	0.40307282819127	-0.135805368955317	-0.237776473121042	-0.270397628005912	-0.167535258955186	0.146752140901466	0.24281572830407	0.203239756188161
Reactome__Translation Initiation Complex Formation	-0.0972582935390932	-0.0308286790222406	-0.019340017425732	0.399167481300881	-0.213833887513168	0.282849733852389	0.350908060400183	-0.374385287008276	-0.408577777808156	0.0928116074633304	0.201788386925624	0.267834886522075	0.154120506850588	-0.137490146339516	-0.253741024143177	-0.214025550515712
Reactome__Transmission Across Chemical Synapses	-0.208386119553982	-0.00143432934387171	0.17634015162959	-0.044711157484393	-0.209624048213726	0.538431192143451	0.204293418098083	-0.412633733049187	-0.400310888348404	0.208072463645186	0.17671477191743	0.122814528285367	0.157218650750302	0.0266493368807134	-0.0138219265445236	-0.319612310812037
Reactome__Transport of Small Molecules	0.0985800315816119	0.233945080813617	0.4732015805949	0.532485280374075	-0.0247269440333848	0.0348601545291982	0.107143592680393	-0.333284695717674	-0.146767736178901	0.0587013095656398	-0.00450852766653954	-0.109602025440638	-0.154678997673758	-0.389786064114947	-0.288539501037555	-0.0870225382760366
Reactome__Transport to the Golgi and Subsequent Modification	-0.0563259112076888	0.0798280336248331	0.1008760602398	-0.124942930545744	0.072658080803367	0.42783605771851	0.192590644419244	-0.665364510570557	-0.159437904393638	0.145395210491943	0.185130995469636	0.234750556436213	0.0485421942111555	-0.363716203073283	0.0385988411731268	-0.156419214796917
Reactome__UCH Proteinases	-0.0597832892415823	-0.118568032254499	-0.2853563638367	-0.52867591215463	-0.108716424780258	-0.0311481341560227	-0.208110893379362	0.319012761738843	0.0909263899787478	-0.200450875307083	-0.0384776880186693	0.131059148189931	0.171717887314478	0.482524296865746	0.365811264098162	0.0182358649428996
Reactome__Ub-specific Processing Proteases	-0.0954736043463352	-0.166956990550995	-0.302263196458688	-0.48909617152663	-0.13467740399024	-0.0585420660412815	-0.211462144097958	0.335079325355512	0.057849940639426	-0.168102585107232	0.0289659675415243	0.156791281300748	0.211567059125345	0.512968844450765	0.297080858933384	0.0262708847726552
Reactome__Vesicle-mediated Transport	0.181066647163489	0.00549072379221902	-0.101214724461593	0.107010673369218	0.000445561790496318	-0.54061818201646	-0.241210880827119	0.580257040645013	0.237259597939111	-0.21474044885454	-0.151746783870229	-0.191044544574251	-0.0563610842419157	0.209013113362392	-0.042166013311684	0.218559304095853
Reactome__Vif-mediated Degradation of APOBEC3G	-0.0766438142875128	-0.139639946044229	-0.282429102682237	-0.537212066680486	-0.103726984525287	-0.0202569909629588	-0.210959632792964	0.295460803559363	0.0626418162790103	-0.174120518881676	-0.0175301033680857	0.157600692092418	0.195045945443544	0.489067308620145	0.355849360745466	0.00685323348548972
Reactome__Viral Infection Pathways	-0.102256695426828	0.0112322211281403	0.0764976925611686	0.316798236759865	-0.118544579366671	0.311113431117394	0.307963937423561	-0.475987543900901	-0.375594825646028	0.204087989822745	0.241005390609617	0.186900557879826	0.112484739515291	-0.25355871590412	-0.23728409667581	-0.20485773989725
Reactome__Viral mRNA Translation	-0.104178014714962	-0.0487563580241949	-0.0493457904281961	0.368762683183671	-0.227102891276964	0.266174755462734	0.370449660702938	-0.365234584654229	-0.416411691472331	0.101909170349382	0.25268014271423	0.263017862055626	0.15628410993456	-0.137213958781618	-0.249700968084313	-0.181334126966335
Reactome__mRNA Splicing	0.0175866795002027	-0.121712845173105	-0.371337922986921	-0.249110829921574	0.0193493870948122	-0.199106059237907	-0.129491172606839	0.501478572632667	0.05547791442329	-0.25481899176781	-0.147169872769909	0.02420476659967	-0.14394222762293	0.481834179601862	0.257009090645012	0.259749331589476
Reactome__mRNA Splicing - Major Pathway	0.0175866795002027	-0.121712845173105	-0.371337922986921	-0.249110829921574	0.0193493870948122	-0.199106059237907	-0.129491172606839	0.501478572632667	0.05547791442329	-0.25481899176781	-0.147169872769909	0.02420476659967	-0.14394222762293	0.481834179601862	0.257009090645012	0.259749331589476
Reactome__rRNA Processing	-0.102048041779361	-0.0427990673677061	-0.0425751036096829	0.371586326197105	-0.219199119888078	0.264945654991394	0.361308983178117	-0.379556778327997	-0.410578889423885	0.118597898621319	0.250500446119421	0.257383567090141	0.156158997108555	-0.150532669860218	-0.251970503303726	-0.181221699745398
Reactome__rRNA Processing in the Nucleus and Cytosol	-0.101248026920461	-0.0422164198186254	-0.0419550983304284	0.372999601201886	-0.219732311551387	0.263791398952098	0.360874350938198	-0.37909525616813	-0.410579379965417	0.117917517503763	0.250671395723787	0.257420655368147	0.155814861752021	-0.150865620079941	-0.252644820893235	-0.181152847712276
Reactome__trans-Golgi Network Vesicle Budding	0.198928182407787	0.214084217729499	0.425763261679661	0.365796581163813	-0.0899312405179603	-0.404147147051867	-0.264194906467655	0.340248209419829	0.0558593283237499	-0.221714737271683	-0.178450927684753	-0.213494030893253	-0.201506719638383	0.178518318490256	-0.200806630747785	-0.00495175894125439
